Seed,RecordID,MeasurementUnitID,RowID,CowKey,Source,FoldID,Actual,SourceMemoryPredicted,BatchSessionPredicted,HierarchicalResidualPredicted,Predicted,Residual
20260523,MEAS_R000004,MEAS_UNIT_000004,4,C021,S01,1,38.4,38.1097545724289,38.2111293235618,38.2491838348983,38.23129467136931,0.1687053286306863
20260523,MEAS_R000005,MEAS_UNIT_000005,5,C021,S01,1,38.1,38.2255077271309,38.2149707310054,38.2502370728134,38.23929410248645,-0.1392941024864527
20260523,MEAS_R000009,MEAS_UNIT_000009,9,C021,S01,1,38.0,38.2483561762558,38.3029214198989,38.3063711650013,38.30560490361327,-0.3056049036132648
20260523,MEAS_R000010,MEAS_UNIT_000010,10,C003,S01,1,39.0,38.131799237625,38.6106233764792,38.6019455380804,38.58292610011341,0.4170738998865957
20260523,MEAS_R000017,MEAS_UNIT_000017,17,C003,S01,1,38.3,38.5619075104022,38.4858661387576,38.5130213824843,38.507387714764256,-0.2073877147642591
20260523,MEAS_R000018,MEAS_UNIT_000018,18,C003,S01,1,38.5,38.6645319182859,38.4975258980091,38.5123030749892,38.51672752346851,-0.0167275234685106
20260523,MEAS_R000021,MEAS_UNIT_000021,21,C003,S01,1,38.0,38.774109045564,38.7134734176137,38.6078944352221,38.65869163672343,-0.6586916367234323
20260523,MEAS_R000023,MEAS_UNIT_000023,23,C002,S01,1,39.5,39.1939739698683,39.1143880761655,39.0362822310181,39.073511974491176,0.4264880255088243
20260523,MEAS_R000028,MEAS_UNIT_000028,28,C002,S01,1,38.8,38.9560394001515,38.9449997650344,38.9775410331631,38.96343423589258,-0.1634342358925806
20260523,MEAS_R000031,MEAS_UNIT_000031,31,C002,S01,1,40.0,39.3102165716927,39.2898176724734,39.3311605980552,39.31157385683492,0.6884261431650813
20260523,MEAS_R000037,MEAS_UNIT_000037,37,C029,S01,1,38.0,38.1612415022398,38.2612882690549,38.3212855110447,38.29347688628634,-0.2934768862863421
20260523,MEAS_R000041,MEAS_UNIT_000041,41,C029,S01,1,38.5,38.1580310777916,38.276163082305,38.3295841915932,38.30366147362218,0.1963385263778221
20260523,MEAS_R000052,MEAS_UNIT_000052,52,C001,S01,1,38.0,38.0682002430293,38.1717958045285,38.1749922577639,38.172612603332055,-0.1726126033320554
20260523,MEAS_R000055,MEAS_UNIT_000055,55,C001,S01,1,38.4,38.1407559307676,38.1758770529888,38.1789199616214,38.180094739684506,0.2199052603154925
20260523,MEAS_R000072,MEAS_UNIT_000072,72,C027,S01,1,38.2,39.1542073337812,39.1179992852559,38.8753527210681,38.98296646937165,-0.7829664693716509
20260523,MEAS_R000073,MEAS_UNIT_000073,73,C026,S01,1,38.3,38.4111261857032,38.6757857832158,38.6269071230184,38.63622255658205,-0.3362225565820509
20260523,MEAS_R000078,MEAS_UNIT_000078,78,C026,S01,1,38.9,38.7433119773499,38.7812821773111,38.666094305445,38.71566869791273,0.1843313020872656
20260523,MEAS_R000083,MEAS_UNIT_000083,83,C016,S01,1,38.1,38.5103657521482,38.5848729610064,38.4432789631865,38.50381753607084,-0.4038175360708393
20260523,MEAS_R000091,MEAS_UNIT_000091,91,C022,S01,1,38.1,38.641127025562,38.632356631013,38.4533855951883,38.53440737872065,-0.4344073787206497
20260523,MEAS_R000094,MEAS_UNIT_000094,94,C022,S01,1,38.2,38.7556234352401,38.6617338100687,38.7221117121311,38.70167025189206,-0.5016702518920582
20260523,MEAS_R000098,MEAS_UNIT_000098,98,C022,S01,1,38.0,38.9892639998302,38.648431381079,38.7301660944553,38.71304021745307,-0.7130402174530701
20260523,MEAS_R000101,MEAS_UNIT_000101,101,C022,S01,1,38.2,38.2248777268507,38.4783226469105,38.4996712971743,38.47975080764999,-0.2797508076499895
20260523,MEAS_R000109,MEAS_UNIT_000109,109,C014,S01,1,38.1,38.2525130908337,38.2021062252739,38.066776493004,38.13325831082927,-0.0332583108292681
20260523,MEAS_R000110,MEAS_UNIT_000110,110,C014,S01,1,38.0,38.2894153009136,38.3135999116409,38.0762650920493,38.18327733513486,-0.1832773351348606
20260523,MEAS_R000111,MEAS_UNIT_000111,111,C014,S01,1,38.0,38.5369092265253,38.4002613334091,38.0769235087973,38.22962410026031,-0.2296241002603096
20260523,MEAS_R000115,MEAS_UNIT_000115,115,C014,S01,1,38.4,38.6444411204323,38.7237930880615,38.6193757254701,38.66241983999719,-0.2624198399971931
20260523,MEAS_R000117,MEAS_UNIT_000117,117,C023,S01,1,38.3,39.5067037096369,39.1219549368132,39.174504176401,39.16966388038293,-0.8696638803829302
20260523,MEAS_R000120,MEAS_UNIT_000120,120,C023,S01,1,39.0,39.0465556845442,38.9851336474638,38.9297322608548,38.95678631526064,0.0432136847393636
20260523,MEAS_R000129,MEAS_UNIT_000129,129,C023,S01,1,39.3,39.2953265447031,39.37452137827,39.1647557421457,39.25039444223087,0.0496055577691265
20260523,MEAS_R000133,MEAS_UNIT_000133,133,C011,S01,1,38.1,38.0429213448421,38.0871348965018,38.100030126341,38.096923693091,0.0030763069090014
20260523,MEAS_R000140,MEAS_UNIT_000140,140,C004,S01,1,37.6,38.2814406305811,37.5382720530647,37.5913037551129,37.61415823078586,-0.0141582307858598
20260523,MEAS_R000144,MEAS_UNIT_000144,144,C004,S01,1,37.5,37.5164223018954,37.5434050283788,37.5972032206428,37.580196878709,-0.0801968787089961
20260523,MEAS_R000151,MEAS_UNIT_000151,151,C028,S01,1,40.3,40.273314477303,40.2712195157865,40.28538713551,40.27095233208143,0.0290476679185687
20260523,MEAS_R000155,MEAS_UNIT_000155,155,C028,S01,1,39.8,40.1591016568037,39.9480169100867,39.771933833481,39.85413892185714,-0.0541389218571453
20260523,MEAS_R000169,MEAS_UNIT_000169,169,C008,S01,1,38.1,38.1525626188824,38.1406475045967,38.1473487904651,38.14953260292553,-0.0495326029255309
20260523,MEAS_R000170,MEAS_UNIT_000170,170,C008,S01,1,38.1,38.2288876350684,38.1215587591693,38.1483176668863,38.1466552820554,-0.0466552820553971
20260523,MEAS_R000173,MEAS_UNIT_000173,173,C008,S01,1,38.2,38.4291362888433,38.2272014778502,38.2433761221595,38.250601284467805,-0.0506012844678025
20260523,MEAS_R000174,MEAS_UNIT_000174,174,C008,S01,1,38.3,38.2851260218173,38.3198527126854,38.3340472295665,38.32945351239316,-0.0294535123931609
20260523,MEAS_R000177,MEAS_UNIT_000177,177,C030,S01,1,40.2,39.7346933037702,40.255271153005,40.0360527247694,40.0979315357637,0.1020684642363036
20260523,MEAS_R000179,MEAS_UNIT_000179,179,C030,S01,1,40.3,40.2776649901638,40.3022043887815,40.2147240006592,40.24360554468014,0.0563944553198538
20260523,MEAS_R000185,MEAS_UNIT_000185,185,C030,S01,1,40.2,40.1970200216314,40.2670006678906,39.976421200195,40.09283456282336,0.107165437176647
20260523,MEAS_R000190,MEAS_UNIT_000190,190,C018,S01,1,38.8,38.6734677504133,38.8488359892791,38.7927031020688,38.80875806843834,-0.0087580684383397
20260523,MEAS_R000198,MEAS_UNIT_000198,198,C018,S01,1,38.8,38.628140538347,38.7958274638719,38.7875493552862,38.78319353051002,0.0168064694899783
20260523,MEAS_R000200,MEAS_UNIT_000200,200,C018,S01,1,38.8,38.4783221306859,38.7462237967827,38.7817468315931,38.75321638478604,0.046783615213954
20260523,MEAS_R000210,MEAS_UNIT_000210,210,C025,S01,1,39.4,38.9058926200143,39.4608437413739,39.4258532112378,39.40942921027592,-0.0094292102759254
20260523,MEAS_R000211,MEAS_UNIT_000211,211,C010,S01,1,38.7,38.7417629150727,38.7148274199697,38.7314755826359,38.72658419037585,-0.0265841903758499
20260523,MEAS_R000215,MEAS_UNIT_000215,215,C010,S01,1,38.7,38.8008140369083,38.6983207569565,38.6802194718383,38.694640609398135,0.0053593906018676
20260523,MEAS_R000226,MEAS_UNIT_000226,226,C019,S01,1,39.5,39.3463466216882,39.4632711385974,39.3977529108721,39.41725056161663,0.0827494383833737
20260523,MEAS_R000230,MEAS_UNIT_000230,230,C019,S01,1,39.5,39.5927077860996,39.5046441297449,39.4815341344949,39.492574722751606,0.0074252772483944
20260523,MEAS_R000233,MEAS_UNIT_000233,233,C019,S01,1,39.5,39.6488794675938,39.5499975571475,39.5526271215554,39.552587840687686,-0.0525878406876856
20260523,MEAS_R000243,MEAS_UNIT_000243,243,C005,S01,1,37.8,37.8986306594543,37.7405677991629,37.7900535055764,37.78325315602556,0.0167468439744382
20260523,MEAS_R000245,MEAS_UNIT_000245,245,C005,S01,1,38.0,38.0813641613309,37.9186862802629,37.9751281300751,37.96442219855848,0.0355778014415193
20260523,MEAS_R000247,MEAS_UNIT_000247,247,C005,S01,1,38.2,38.2019303708246,38.1526026262009,38.1331198981014,38.14870811881373,0.0512918811862732
20260523,MEAS_R000254,MEAS_UNIT_000254,254,C017,S01,1,39.4,39.2283836375891,39.1225490291705,39.1886054808233,39.16349730103806,0.2365026989619352
20260523,MEAS_R000255,MEAS_UNIT_000255,255,C017,S01,1,39.2,38.8465691644841,39.1448167795205,39.0601636124387,39.080725891864006,0.1192741081359969
20260523,MEAS_R000263,MEAS_UNIT_000263,263,C017,S01,1,39.4,39.3180599881355,39.3590464194431,39.372447795949,39.361630517602144,0.0383694823978544
20260523,MEAS_R000272,MEAS_UNIT_000272,272,C020,S01,1,39.1,39.0705513212764,39.1392231692528,39.1935486874274,39.164570050764205,-0.0645700507642033
20260523,MEAS_R000275,MEAS_UNIT_000275,275,C020,S01,1,40.2,40.06366699183,40.1608396500329,39.912084355096,40.00928048758544,0.1907195124145602
20260523,MEAS_R000279,MEAS_UNIT_000279,279,C020,S01,1,40.4,40.1448362631423,40.1771284766998,39.9677095076839,40.05077107450011,0.3492289254998866
20260523,MEAS_R000285,MEAS_UNIT_000285,285,C009,S01,1,39.3,39.8368773166774,39.5559702771021,39.6335068817972,39.60970071976953,-0.3097007197695305
20260523,MEAS_R000287,MEAS_UNIT_000287,287,C009,S01,1,39.5,39.8947770667748,39.5116160215577,39.69264079293,39.62866406144987,-0.1286640614498679
20260523,MEAS_R000288,MEAS_UNIT_000288,288,C009,S01,1,39.5,39.8842004448299,39.6518276694141,39.7257195862451,39.700456742873534,-0.2004567428735342
20260523,MEAS_R000291,MEAS_UNIT_000291,291,C009,S01,1,40.8,40.4090861175659,40.4737006074613,40.3578968247955,40.39619379425756,0.4038062057424341
20260523,MEAS_R000296,MEAS_UNIT_000296,296,C012,S01,1,39.0,39.0864186508244,39.1249037066632,39.2164237716333,39.172661128232654,-0.1726611282326544
20260523,MEAS_R000297,MEAS_UNIT_000297,297,C012,S01,1,39.7,39.7571341557722,39.4694142458889,39.5518554258658,39.52675447475752,0.1732455252424856
20260523,MEAS_R000307,MEAS_UNIT_000307,307,C006,S01,1,38.5,39.4057775959454,39.2771729576565,39.3567127196059,39.32589010653198,-0.825890106531979
20260523,MEAS_R000310,MEAS_UNIT_000310,310,C006,S01,1,38.5,38.7560677256633,39.1426182868748,38.7987790154574,38.92923409422977,-0.4292340942297699
20260523,MEAS_R000321,MEAS_UNIT_000321,321,C015,S01,1,38.2,38.3790537229026,38.9447075861401,38.3655187779903,38.59186647519724,-0.39186647519724
20260523,MEAS_R000323,MEAS_UNIT_000323,323,C015,S01,1,38.2,38.3772736899965,38.9375922282927,38.3740926915645,38.59383137032405,-0.393831370324051
20260523,MEAS_R000324,MEAS_UNIT_000324,324,C015,S01,1,38.5,38.7638384141798,39.0978972032902,38.6705202505092,38.84081050176806,-0.3408105017680611
20260523,MEAS_R000335,MEAS_UNIT_000335,335,C015,S01,1,38.4,38.6475037431356,38.8271290875984,38.6939118253585,38.74390497960122,-0.3439049796012199
20260523,MEAS_R000340,MEAS_UNIT_000340,340,C007,S01,1,39.8,39.7250496276722,39.2704429097729,39.5842816970483,39.46679409920695,0.3332059007930468
20260523,MEAS_R000342,MEAS_UNIT_000342,342,C007,S01,1,40.0,39.638120490518,39.3470094655535,39.5936978957788,39.49700681569838,0.5029931843016229
20260523,MEAS_R000350,MEAS_UNIT_000350,350,C007,S01,1,39.3,39.4913557012975,39.5086262573959,39.5203829513353,39.51060774939324,-0.2106077493932403
20260523,MEAS_R000354,MEAS_UNIT_000354,354,C007,S01,1,40.6,40.4747158764041,40.3562967200144,40.2857405826244,40.31415670152776,0.285843298472237
20260523,MEAS_R000362,MEAS_UNIT_000362,362,C013,S01,1,39.2,39.0937089833467,39.1181048070222,39.0903886430005,39.100021529772256,0.0999784702277466
20260523,MEAS_R000365,MEAS_UNIT_000365,365,C013,S01,1,39.1,39.1372094433605,39.1293374588562,39.1151708237866,39.120409836339874,-0.0204098363398728
20260523,MEAS_R000368,MEAS_UNIT_000368,368,C024,S01,1,38.0,38.2894489284569,38.241868865118,38.3463131264525,38.30657191724575,-0.3065719172457477
20260523,MEAS_R000369,MEAS_UNIT_000369,369,C024,S01,1,38.6,38.3362267790514,38.3277624162999,38.3632380754557,38.35141777920175,0.248582220798248
20260523,MEAS_R000376,MEAS_UNIT_000376,376,C024,S01,1,38.9,38.9221217942153,38.9321681666467,38.9410325360761,38.936372941125285,-0.0363729411252862
20260523,MEAS_R000382,MEAS_UNIT_000382,382,C024,S01,1,40.5,40.3632386727429,40.5036434097886,40.1707668504129,40.30081557489404,0.1991844251059618
20260523,MEAS_R000386,MEAS_UNIT_000386,386,C001,S01,1,38.3,38.2525530933833,38.1841741449907,38.3442386086544,38.2813597016563,0.0186402983436977
20260523,MEAS_R000390,MEAS_UNIT_000390,390,C002,S01,1,39.0,38.8833800600132,38.9524822155908,38.980074609771,38.96399779046877,0.0360022095312331
20260523,MEAS_R000396,MEAS_UNIT_000396,396,C003,S01,1,38.6,38.5342117699939,38.5094001844832,38.6136434548684,38.57121375293536,0.0287862470646373
20260523,MEAS_R000398,MEAS_UNIT_000398,398,C004,S01,1,37.7,38.0134484059454,37.6915707280144,37.811487095537,37.78229274902599,-0.0822927490259886
20260523,MEAS_R000399,MEAS_UNIT_000399,399,C004,S01,1,37.7,37.7030944161736,37.6998095146329,37.7545165559352,37.7377200299681,-0.0377200299680993
20260523,MEAS_R000404,MEAS_UNIT_000404,404,C005,S01,1,37.9,37.9528860900193,37.8229466159138,37.8969398682098,37.87738385916916,0.0226161408308414
20260523,MEAS_R000408,MEAS_UNIT_000408,408,C006,S01,1,39.4,39.5072592168385,39.3047291038142,39.4011409727798,39.36649575737962,0.0335042426203813
20260523,MEAS_R000416,MEAS_UNIT_000416,416,C009,S01,1,40.4,40.3387554000198,40.4872000025196,40.3380813798492,40.38670403911948,0.0132959608805194
20260523,MEAS_R000419,MEAS_UNIT_000419,419,C009,S01,1,39.6,39.9289997937965,39.6016571271069,39.6903084870218,39.66370237363487,-0.063702373634868
20260523,MEAS_R000421,MEAS_UNIT_000421,421,C009,S01,1,39.5,39.9105306589342,39.5434982279958,39.7445328827737,39.67070470375084,-0.1707047037508431
20260523,MEAS_R000422,MEAS_UNIT_000422,422,C009,S01,1,39.7,39.9109404060305,39.501551758609,39.6943879517236,39.6266029777973,0.0733970222027053
20260523,MEAS_R000424,MEAS_UNIT_000424,424,C010,S01,1,38.6,38.6378954459499,38.6197487742491,38.6363984535925,38.63162779542884,-0.0316277954288395
20260523,MEAS_R000425,MEAS_UNIT_000425,425,C010,S01,1,38.8,38.7623295557386,38.699011337859,38.7312396161125,38.721431778456974,0.0785682215430227
20260523,MEAS_R000433,MEAS_UNIT_000433,433,C011,S01,1,38.1,38.3190924686912,38.0644655810887,38.1001693627912,38.10245524025015,-0.0024552402501498
20260523,MEAS_R000440,MEAS_UNIT_000440,440,C013,S01,1,39.1,39.2028915823276,39.131215086775,39.0985768906812,39.11522990154864,-0.0152299015486363
20260523,MEAS_R000443,MEAS_UNIT_000443,443,C013,S01,1,39.1,39.1926193054292,39.1066627976881,39.0925138108472,39.10188545904186,-0.0018854590418584
20260523,MEAS_R000457,MEAS_UNIT_000457,457,C016,S01,1,38.6,38.5775702589237,38.6462483754479,38.4356733567316,38.52659051248591,0.0734094875140911
20260523,MEAS_R000458,MEAS_UNIT_000458,458,C017,S01,1,39.0,38.8841664191675,39.1288657639297,39.0278958512082,39.05850232596688,-0.0585023259668844
20260523,MEAS_R000464,MEAS_UNIT_000464,464,C018,S01,1,38.8,38.7266514654185,38.7628123044962,38.7773874160085,38.76988693725978,0.0301130627402201
20260523,MEAS_R000468,MEAS_UNIT_000468,468,C019,S01,1,39.5,39.4967981054789,39.5190514982769,39.521824204075,39.5156963958658,-0.0156963958657954
20260523,MEAS_R000473,MEAS_UNIT_000473,473,C021,S01,1,38.3,38.6881196653319,38.2542638064762,38.3450643918305,38.33107840863763,-0.031078408637633
20260523,MEAS_R000477,MEAS_UNIT_000477,477,C021,S01,1,38.2,38.5259723097452,38.2023716229903,38.2465042536795,38.24777660425548,-0.0477766042554748
20260523,MEAS_R000478,MEAS_UNIT_000478,478,C021,S01,1,38.2,38.1608125599211,38.2186134114683,38.2476536189139,38.23593280560741,-0.035932805607409
20260523,MEAS_R000479,MEAS_UNIT_000479,479,C022,S01,1,38.4,38.5116360421447,38.5012744233165,38.4042427675073,38.44996592101703,-0.0499659210170264
20260523,MEAS_R000485,MEAS_UNIT_000485,485,C024,S01,1,39.0,38.9705323314693,39.0234600270049,38.9989259076581,39.00626062029024,-0.0062606202902415
20260523,MEAS_R000487,MEAS_UNIT_000487,487,C025,S01,1,39.4,39.4279489753618,39.3796755380339,39.3676249224425,39.372495347533786,0.027504652466213
20260523,MEAS_R000488,MEAS_UNIT_000488,488,C025,S01,1,39.4,39.2789286553216,39.3875392197046,39.3525539763247,39.35945602653234,0.0405439734676562
20260523,MEAS_R000489,MEAS_UNIT_000489,489,C025,S01,1,39.4,39.1213628296749,39.4170853458485,39.3740473622364,39.374731531548974,0.0252684684510242
20260523,MEAS_R000495,MEAS_UNIT_000495,495,C026,S01,1,38.7,38.6728378609406,38.7106704293278,38.6695488952888,38.68686152471382,0.0131384752861833
20260523,MEAS_R000500,MEAS_UNIT_000500,500,C026,S01,1,38.6,38.3419420499061,38.6713935449606,38.6293138155233,38.63233217489857,-0.0323321748985705
20260523,MEAS_R000502,MEAS_UNIT_000502,502,C026,S01,1,38.7,38.7948769371438,38.7344777266002,38.6370622286092,38.68411747717046,0.0158825228295427
20260523,MEAS_R000504,MEAS_UNIT_000504,504,C027,S01,1,39.0,39.1032734854086,39.0364854457283,38.9508935075942,38.991240177406986,0.0087598225930136
20260523,MEAS_R000509,MEAS_UNIT_000509,509,C028,S01,1,40.3,40.2180983822989,40.2714004049092,40.3276822099729,40.29181603158128,0.0081839684187201
20260523,MEAS_R000512,MEAS_UNIT_000512,512,C028,S01,1,40.2,40.124655148413,40.2082312785412,40.1070714756908,40.13952941504468,0.0604705849553255
20260523,MEAS_R000516,MEAS_UNIT_000516,516,C029,S01,1,38.3,38.2550230207733,38.2969293631445,38.3283676846352,38.31593213631282,-0.0159321363128199
20260523,MEAS_R000519,MEAS_UNIT_000519,519,C030,S01,1,40.2,39.8740066876706,40.2475892123459,40.0270044793995,40.09707019696546,0.1029298030345415
20260523,MEAS_R000007,MEAS_UNIT_000007,7,C021,S01,2,38.3,38.3109845379784,38.285262180372,38.2100289132717,38.20433290596486,0.0956670940351358
20260523,MEAS_R000011,MEAS_UNIT_000011,11,C003,S01,2,38.8,38.5131854964705,38.524787173646,38.5610848807873,38.5156461247023,0.2843538752976968
20260523,MEAS_R000019,MEAS_UNIT_000019,19,C003,S01,2,39.0,38.5480631930193,38.5765861362229,38.5807701001903,38.54765214395943,0.4523478560405749
20260523,MEAS_R000024,MEAS_UNIT_000024,24,C002,S01,2,39.1,39.0436596776262,38.9953968202658,39.1946793583791,39.09746256932901,0.0025374306709906
20260523,MEAS_R000027,MEAS_UNIT_000027,27,C002,S01,2,39.2,39.0648014527393,39.0017994714239,39.0053279562085,38.98276202561772,0.2172379743822858
20260523,MEAS_R000034,MEAS_UNIT_000034,34,C002,S01,2,39.2,39.4230853634293,39.294238484273,39.2346502853106,39.24313682516733,-0.0431368251673305
20260523,MEAS_R000038,MEAS_UNIT_000038,38,C029,S01,2,38.2,38.0547150240549,38.2419952042624,38.3135477733693,38.24354742160877,-0.0435474216087712
20260523,MEAS_R000040,MEAS_UNIT_000040,40,C029,S01,2,38.5,38.3084561341924,38.2744358010351,38.3107355785451,38.26302899294267,0.2369710070573276
20260523,MEAS_R000044,MEAS_UNIT_000044,44,C029,S01,2,38.4,38.3160202222069,38.4446491317897,38.4540500304822,38.41302490879323,-0.0130249087932341
20260523,MEAS_R000047,MEAS_UNIT_000047,47,C001,S01,2,38.0,38.4085290089037,38.2545891305913,38.3737036747511,38.29895847189211,-0.2989584718921065
20260523,MEAS_R000053,MEAS_UNIT_000053,53,C001,S01,2,38.2,38.2258439202973,38.3581514070526,38.2250058232656,38.23633069180352,-0.0363306918035206
20260523,MEAS_R000058,MEAS_UNIT_000058,58,C001,S01,2,38.3,37.9452629605873,38.3194501145658,38.3361760429955,38.28100076554769,0.0189992344523091
20260523,MEAS_R000059,MEAS_UNIT_000059,59,C001,S01,2,38.1,38.1943658367359,38.3218672575278,38.2735488816005,38.25241565769213,-0.1524156576921314
20260523,MEAS_R000062,MEAS_UNIT_000062,62,C027,S01,2,41.5,38.7481074252678,38.7869459399872,38.9752943623005,38.87554600714214,2.624453992857859
20260523,MEAS_R000067,MEAS_UNIT_000067,67,C027,S01,2,38.6,38.4678632346468,38.6772190396029,38.6775220911241,38.64057731733299,-0.040577317332989
20260523,MEAS_R000069,MEAS_UNIT_000069,69,C027,S01,2,38.5,38.5653518672456,38.6871023370914,38.678105358336,38.64817904889155,-0.1481790488915493
20260523,MEAS_R000070,MEAS_UNIT_000070,70,C027,S01,2,39.1,39.1775337556122,38.905950448183,38.9079340336875,38.89238180551238,0.2076181944876225
20260523,MEAS_R000074,MEAS_UNIT_000074,74,C026,S01,2,38.5,38.5548538419464,38.6066404647002,38.6275147754247,38.58768164121354,-0.0876816412135426
20260523,MEAS_R000076,MEAS_UNIT_000076,76,C026,S01,2,39.0,39.1816727692728,38.7893888477565,38.8266909332928,38.80053239483296,0.1994676051670438
20260523,MEAS_R000080,MEAS_UNIT_000080,80,C016,S01,2,38.9,38.4832271664405,38.6296385833155,38.6566462115878,38.61125000060562,0.2887499993943763
20260523,MEAS_R000085,MEAS_UNIT_000085,85,C016,S01,2,38.7,38.4750914171338,38.5146943037515,38.4520423095159,38.44277086512827,0.2572291348717357
20260523,MEAS_R000088,MEAS_UNIT_000088,88,C016,S01,2,38.8,38.427818956751,38.6676674801747,38.6331450976113,38.60804531175472,0.1919546882452749
20260523,MEAS_R000093,MEAS_UNIT_000093,93,C022,S01,2,38.7,38.0662072030925,38.1850339059132,38.3017299140958,38.216369273187,0.4836307268130042
20260523,MEAS_R000095,MEAS_UNIT_000095,95,C022,S01,2,38.7,38.0185375640356,38.2251164311149,38.3015143837003,38.22867548974611,0.4713245102538934
20260523,MEAS_R000097,MEAS_UNIT_000097,97,C022,S01,2,39.5,38.2216443960246,38.2617866000231,38.3033835853605,38.25064043122265,1.2493595687773509
20260523,MEAS_R000102,MEAS_UNIT_000102,102,C022,S01,2,38.5,38.2540799838037,38.3055606372973,38.313551377952,38.27377778656785,0.2262222134321518
20260523,MEAS_R000105,MEAS_UNIT_000105,105,C014,S01,2,38.0,38.3278306879293,38.2736487354562,38.3349517130215,38.2785524071048,-0.2785524071047973
20260523,MEAS_R000108,MEAS_UNIT_000108,108,C014,S01,2,37.5,38.1628600874632,38.1811537685645,38.17104747242,38.137388678050456,-0.6373886780504563
20260523,MEAS_R000112,MEAS_UNIT_000112,112,C014,S01,2,39.0,38.6223582707703,38.4284853743121,38.4071451989294,38.38979468101156,0.6102053189884415
20260523,MEAS_R000113,MEAS_UNIT_000113,113,C014,S01,2,39.2,38.5947311403803,38.4259621503728,38.4086428490758,38.38877362978383,0.8112263702161755
20260523,MEAS_R000122,MEAS_UNIT_000122,122,C023,S01,2,38.9,38.8489216131235,38.8755383212042,38.9268245472723,38.880764448867694,0.0192355511323043
20260523,MEAS_R000127,MEAS_UNIT_000127,127,C023,S01,2,39.9,39.4266024697921,39.1253168881868,39.0162303642613,39.04730436558757,0.8526956344124272
20260523,MEAS_R000132,MEAS_UNIT_000132,132,C011,S01,2,37.9,38.0452965514444,38.1468237885191,38.1784848604386,38.125311975106186,-0.2253119751061874
20260523,MEAS_R000134,MEAS_UNIT_000134,134,C011,S01,2,38.1,38.0870704683411,38.1666280469974,38.1804643068498,38.135184396877925,-0.0351843968779235
20260523,MEAS_R000141,MEAS_UNIT_000141,141,C004,S01,2,37.5,37.7573135232741,37.6189129719921,37.6047421708846,37.569599229375655,-0.0695992293756546
20260523,MEAS_R000148,MEAS_UNIT_000148,148,C004,S01,2,37.7,37.8950919842346,37.6062666021614,37.8605256899332,37.7294708038184,-0.0294708038183983
20260523,MEAS_R000150,MEAS_UNIT_000150,150,C004,S01,2,37.6,37.6210626150471,37.7098248326405,37.7809994489105,37.7063816846527,-0.1063816846526961
20260523,MEAS_R000156,MEAS_UNIT_000156,156,C028,S01,2,40.3,40.1576006657496,40.275488415982,40.2177959646649,40.23185814668927,0.0681418533107276
20260523,MEAS_R000159,MEAS_UNIT_000159,159,C028,S01,2,40.1,39.9960656389333,40.0270910128699,40.0456621063401,40.030239397341184,0.0697606026588175
20260523,MEAS_R000162,MEAS_UNIT_000162,162,C028,S01,2,40.3,40.271316162626,40.2493561428968,40.2476345330671,40.24546410246548,0.0545358975345138
20260523,MEAS_R000163,MEAS_UNIT_000163,163,C028,S01,2,40.3,40.2629204344964,40.2245093294289,40.2597355157331,40.243830907161104,0.0561690928388927
20260523,MEAS_R000167,MEAS_UNIT_000167,167,C008,S01,2,38.1,38.0374540021223,38.1275586705779,38.1572377868078,38.10494164592907,-0.0049416459290654
20260523,MEAS_R000171,MEAS_UNIT_000171,171,C008,S01,2,38.2,38.254392149532,38.1610563390066,38.2385982963433,38.17575348820145,0.0242465117985517
20260523,MEAS_R000172,MEAS_UNIT_000172,172,C008,S01,2,38.2,38.2239478113697,38.1580492398537,38.2393036338677,38.173959850944335,0.0260401490556674
20260523,MEAS_R000176,MEAS_UNIT_000176,176,C030,S01,2,40.1,39.0457387688765,40.2870345415871,40.0505428425305,40.089469696709536,0.0105303032904657
20260523,MEAS_R000178,MEAS_UNIT_000178,178,C030,S01,2,40.3,40.2952114789794,40.2998266801191,40.216635811281,40.24505025197847,0.0549497480215279
20260523,MEAS_R000182,MEAS_UNIT_000182,182,C030,S01,2,40.2,40.3154180068525,40.2168081986221,40.125698869859,40.15971831759683,0.0402816824031759
20260523,MEAS_R000183,MEAS_UNIT_000183,183,C030,S01,2,40.2,39.8316813651972,40.2369013779994,40.0648721468686,40.11055827327088,0.0894417267291274
20260523,MEAS_R000191,MEAS_UNIT_000191,191,C018,S01,2,38.8,38.7651749468978,38.8109978570355,38.7974484322089,38.77412610808983,0.0258738919101659
20260523,MEAS_R000196,MEAS_UNIT_000196,196,C018,S01,2,38.8,38.6693987920238,38.7802512504078,38.7944279549139,38.75765095428644,0.0423490457135571
20260523,MEAS_R000202,MEAS_UNIT_000202,202,C025,S01,2,39.4,39.2918163907004,39.4007971627062,39.3854174707818,39.36982026591805,0.0301797340819547
20260523,MEAS_R000207,MEAS_UNIT_000207,207,C025,S01,2,39.4,39.0761731702964,39.4543588344063,39.3489566130581,39.35796162027185,0.0420383797281473
20260523,MEAS_R000213,MEAS_UNIT_000213,213,C010,S01,2,38.7,38.7475385187165,38.6134069353489,38.6674458240486,38.62228578927549,0.0777142107245083
20260523,MEAS_R000220,MEAS_UNIT_000220,220,C010,S01,2,38.6,38.6099447718769,38.6411353439194,38.6415009418226,38.61075797143451,-0.0107579714345078
20260523,MEAS_R000223,MEAS_UNIT_000223,223,C010,S01,2,38.7,38.7975549803882,38.7060008558659,38.7242068315158,38.69244686502952,0.007553134970486
20260523,MEAS_R000224,MEAS_UNIT_000224,224,C010,S01,2,38.7,38.8523401202799,38.8363027659677,38.8217947139384,38.8016020892489,-0.1016020892488995
20260523,MEAS_R000234,MEAS_UNIT_000234,234,C019,S01,2,39.5,39.4751950050224,39.540206593336,39.5474311568315,39.52720212625098,-0.0272021262509838
20260523,MEAS_R000236,MEAS_UNIT_000236,236,C019,S01,2,39.4,39.4024757981533,39.3857340578416,39.3667331089255,39.357064090695374,0.0429359093046244
20260523,MEAS_R000242,MEAS_UNIT_000242,242,C005,S01,2,37.9,37.9762703805841,37.9608031499629,37.9100219181005,37.88949673741956,0.0105032625804355
20260523,MEAS_R000248,MEAS_UNIT_000248,248,C005,S01,2,37.8,37.8792040411454,37.833256691057,37.8560183045223,37.80681886428551,-0.0068188642855133
20260523,MEAS_R000249,MEAS_UNIT_000249,249,C005,S01,2,38.0,38.195825087884,38.0060783497929,38.0104052971149,37.97643185546335,0.0235681445366466
20260523,MEAS_R000252,MEAS_UNIT_000252,252,C017,S01,2,40.1,39.9101141694843,39.7711586249069,39.8102761133738,39.7894801242316,0.3105198757684064
20260523,MEAS_R000253,MEAS_UNIT_000253,253,C017,S01,2,38.9,38.9519089261698,39.0529184901514,39.1097587934502,39.06159938488245,-0.1615993848824501
20260523,MEAS_R000259,MEAS_UNIT_000259,259,C017,S01,2,39.6,39.3117187963101,39.3179224150273,39.3141437426622,39.29675933147359,0.3032406685264135
20260523,MEAS_R000261,MEAS_UNIT_000261,261,C017,S01,2,39.9,39.8343855219285,39.7652536850924,39.7996407373973,39.77787182354234,0.1221281764576573
20260523,MEAS_R000271,MEAS_UNIT_000271,271,C020,S01,2,38.8,38.6568191479377,38.9133550104792,38.7739302388283,38.79177569098229,0.0082243090177058
20260523,MEAS_R000274,MEAS_UNIT_000274,274,C020,S01,2,39.5,39.1385149751865,39.1941089383348,39.1347552121875,39.13450673011752,0.3654932698824851
20260523,MEAS_R000282,MEAS_UNIT_000282,282,C020,S01,2,39.5,39.5895368324464,39.5411577414385,39.6270369145051,39.58142535413806,-0.0814253541380622
20260523,MEAS_R000284,MEAS_UNIT_000284,284,C009,S01,2,40.4,40.3331320376129,40.4710415649721,40.4283237901795,40.43909333121791,-0.0390933312179129
20260523,MEAS_R000298,MEAS_UNIT_000298,298,C012,S01,2,39.5,39.7953293955291,39.6173681399614,39.6881803817697,39.654431955185984,-0.1544319551859843
20260523,MEAS_R000300,MEAS_UNIT_000300,300,C012,S01,2,39.5,39.8214733988991,39.6231089160142,39.6978239364572,39.663471485276965,-0.1634714852769647
20260523,MEAS_R000301,MEAS_UNIT_000301,301,C012,S01,2,39.8,39.7501837563128,39.7159372299614,39.7914202257262,39.75199718386023,0.048002816139764
20260523,MEAS_R000303,MEAS_UNIT_000303,303,C012,S01,2,39.4,39.80338461276,39.6645014317249,39.7185491867014,39.69039950775877,-0.2903995077587709
20260523,MEAS_R000308,MEAS_UNIT_000308,308,C006,S01,2,38.6,38.5639664005146,38.7772447865186,38.6530580402641,38.66461638470103,-0.0646163847010257
20260523,MEAS_R000314,MEAS_UNIT_000314,314,C006,S01,2,39.4,39.6193950262626,39.6457723301471,39.644704381409,39.63077531139514,-0.230775311395142
20260523,MEAS_R000316,MEAS_UNIT_000316,316,C006,S01,2,39.4,39.6565411708957,39.7367715205839,39.6767829336551,39.68452386934459,-0.2845238693445893
20260523,MEAS_R000318,MEAS_UNIT_000318,318,C006,S01,2,39.6,39.7761321564959,39.7511599971772,39.6886382498172,39.70158420130021,-0.1015842013002057
20260523,MEAS_R000326,MEAS_UNIT_000326,326,C015,S01,2,38.2,38.273391432787,38.3799814337733,38.2948884376331,38.289383381944006,-0.0893833819440033
20260523,MEAS_R000327,MEAS_UNIT_000327,327,C015,S01,2,38.2,38.3368681059453,38.3818732783358,38.2730119117542,38.278872073472535,-0.0788720734725316
20260523,MEAS_R000333,MEAS_UNIT_000333,333,C015,S01,2,40.0,39.2104396350554,39.201985827091,39.2027031160292,39.18232253530702,0.8176774646929772
20260523,MEAS_R000337,MEAS_UNIT_000337,337,C015,S01,2,39.1,38.9449970352031,38.8194398662166,38.882329125228,38.83679608358002,0.2632039164199824
20260523,MEAS_R000344,MEAS_UNIT_000344,344,C007,S01,2,39.9,39.6645050790515,39.8152614545811,39.7517372025051,39.75937833255617,0.1406216674438312
20260523,MEAS_R000349,MEAS_UNIT_000349,349,C007,S01,2,39.6,39.5709039481452,39.5828485988969,39.6173006261598,39.58949018517507,0.0105098148249282
20260523,MEAS_R000352,MEAS_UNIT_000352,352,C007,S01,2,39.2,39.5246313233705,39.540860786762,39.5659944299283,39.54086987367588,-0.3408698736758779
20260523,MEAS_R000353,MEAS_UNIT_000353,353,C007,S01,2,39.4,39.6239581564717,39.5674435427779,39.6739885534059,39.62129791080218,-0.2212979108021855
20260523,MEAS_R000363,MEAS_UNIT_000363,363,C013,S01,2,38.5,38.7315102604112,38.8101049015513,38.7272674613582,38.728866938761456,-0.2288669387614561
20260523,MEAS_R000364,MEAS_UNIT_000364,364,C013,S01,2,39.1,39.1577009592387,39.1774644479641,39.1418658443386,39.13374073271113,-0.0337407327111307
20260523,MEAS_R000372,MEAS_UNIT_000372,372,C024,S01,2,38.2,38.4915722859818,38.5701733380625,38.5079764374205,38.497932277388266,-0.2979322773882629
20260523,MEAS_R000375,MEAS_UNIT_000375,375,C024,S01,2,38.2,38.5200798435963,38.75958210766,38.5927825604353,38.61916225371512,-0.4191622537151147
20260523,MEAS_R000379,MEAS_UNIT_000379,379,C024,S01,2,39.2,38.9295584177387,38.8987820324592,38.9425853271534,38.90191720949127,0.2980827905087366
20260523,MEAS_R000381,MEAS_UNIT_000381,381,C024,S01,2,38.5,38.6051127840005,38.8078524499296,38.6492622052107,38.67471597449951,-0.174715974499513
20260523,MEAS_R000384,MEAS_UNIT_000384,384,C001,S01,2,38.2,38.2251928212404,38.2094193295667,38.2252129613271,38.183518764359945,0.0164812356400574
20260523,MEAS_R000389,MEAS_UNIT_000389,389,C002,S01,2,39.0,39.0102039909269,38.9428498486189,39.0050216360181,38.95951355710191,0.0404864428980928
20260523,MEAS_R000397,MEAS_UNIT_000397,397,C004,S01,2,37.6,37.6656901794595,37.6994340995361,37.7259195812912,37.67012662701079,-0.0701266270107865
20260523,MEAS_R000405,MEAS_UNIT_000405,405,C005,S01,2,37.7,37.8671498466256,37.8056906162403,37.8234289332004,37.77627893594909,-0.0762789359490838
20260523,MEAS_R000409,MEAS_UNIT_000409,409,C006,S01,2,38.7,38.5827618545577,38.7931374918626,38.6605295063285,38.67563601814188,0.0243639818581229
20260523,MEAS_R000412,MEAS_UNIT_000412,412,C008,S01,2,38.1,38.2326364461583,38.1626118942594,38.158275384464,38.12551141736771,-0.02551141736771
20260523,MEAS_R000418,MEAS_UNIT_000418,418,C009,S01,2,40.5,40.4505673916705,40.5075137451992,40.4552006212342,40.47327240537821,0.0267275946217893
20260523,MEAS_R000432,MEAS_UNIT_000432,432,C011,S01,2,38.2,38.4316055542228,38.2091681195561,38.2472563100667,38.20502335125892,-0.005023351258913
20260523,MEAS_R000434,MEAS_UNIT_000434,434,C011,S01,2,38.1,38.1481490625693,38.16787270495,38.1799569521134,38.13764392504575,-0.0376439250457494
20260523,MEAS_R000435,MEAS_UNIT_000435,435,C012,S01,2,39.5,39.9044197623466,39.644559939034,39.7152548141428,39.68511351630739,-0.1851135163073891
20260523,MEAS_R000441,MEAS_UNIT_000441,441,C013,S01,2,38.7,38.7584209887052,38.7995411581948,38.7551742606746,38.74349554940602,-0.0434955494060176
20260523,MEAS_R000442,MEAS_UNIT_000442,442,C013,S01,2,39.1,39.1251521429587,39.1207295926515,39.1095942684109,39.09223822383601,0.0077617761639885
20260523,MEAS_R000447,MEAS_UNIT_000447,447,C014,S01,2,38.3,38.3350846801888,38.3225913537652,38.3340541147549,38.295683863169785,0.0043161368302122
20260523,MEAS_R000450,MEAS_UNIT_000450,450,C016,S01,2,38.6,38.5846002298548,38.5914625729241,38.6692502978949,38.60937904863986,-0.0093790486398575
20260523,MEAS_R000453,MEAS_UNIT_000453,453,C016,S01,2,38.8,38.4964160009816,38.7096758494109,38.8090487859256,38.73503110295537,0.0649688970446291
20260523,MEAS_R000454,MEAS_UNIT_000454,454,C016,S01,2,38.7,38.4760505379301,38.6642658870786,38.6349887407998,38.609823664562384,0.0901763354376186
20260523,MEAS_R000461,MEAS_UNIT_000461,461,C018,S01,2,38.8,38.8026327118776,38.8225849556711,38.796334922077,38.778986244929214,0.0210137550707827
20260523,MEAS_R000463,MEAS_UNIT_000463,463,C018,S01,2,38.8,38.7527609901294,38.7819504624788,38.7780483368902,38.75124978936829,0.0487502106317094
20260523,MEAS_R000465,MEAS_UNIT_000465,465,C019,S01,2,39.4,39.3502849122513,39.4355890529635,39.4255252932785,39.40938018194648,-0.0093801819464829
20260523,MEAS_R000467,MEAS_UNIT_000467,467,C019,S01,2,39.5,39.6476530884199,39.5858118782925,39.6317842478608,39.602484665449495,-0.102484665449495
20260523,MEAS_R000470,MEAS_UNIT_000470,470,C020,S01,2,39.6,39.4773122654618,39.5408118608222,39.5968611332551,39.55824616667774,0.0417538333222609
20260523,MEAS_R000471,MEAS_UNIT_000471,471,C021,S01,2,38.3,38.8339082168044,38.2544050398213,38.2961523660127,38.26689551140522,0.0331044885947804
20260523,MEAS_R000480,MEAS_UNIT_000480,480,C022,S01,2,38.4,38.1995902524732,38.3320440639526,38.3262177895242,38.28899848185186,0.1110015181481358
20260523,MEAS_R000490,MEAS_UNIT_000490,490,C025,S01,2,39.3,39.1502313566125,39.4022173717409,39.2703716037978,39.29335495821761,0.0066450417823844
20260523,MEAS_R000491,MEAS_UNIT_000491,491,C025,S01,2,39.5,39.5546339922231,39.4820617505637,39.4028902201726,39.41963725270258,0.0803627472974213
20260523,MEAS_R000496,MEAS_UNIT_000496,496,C026,S01,2,38.7,38.7141020175159,38.6431248101803,38.6878258730921,38.64425941806231,0.0557405819376981
20260523,MEAS_R000498,MEAS_UNIT_000498,498,C026,S01,2,38.7,39.1768992025986,38.7151645369135,38.6878723720087,38.68759068265531,0.0124093173446908
20260523,MEAS_R000503,MEAS_UNIT_000503,503,C026,S01,2,38.6,38.495354967647,38.613980012987,38.6279687243993,38.58830330395094,0.0116966960490643
20260523,MEAS_R000506,MEAS_UNIT_000506,506,C027,S01,2,38.6,38.607054408312,38.7413265722944,38.677963070128,38.668974866132025,-0.0689748661320237
20260523,MEAS_R000513,MEAS_UNIT_000513,513,C029,S01,2,38.3,38.248647320761,38.3540371085383,38.3157164287648,38.29216407007474,0.0078359299252568
20260523,MEAS_R000515,MEAS_UNIT_000515,515,C029,S01,2,38.3,38.3518174927371,38.2859355644862,38.3081424973043,38.26716312279629,0.0328368772037066
20260523,MEAS_R000003,MEAS_UNIT_000003,3,C021,S01,3,38.2,38.1956577760831,38.1676128201549,38.2341297158181,38.20694050834256,-0.0069405083425522
20260523,MEAS_R000008,MEAS_UNIT_000008,8,C021,S01,3,38.2,38.1405223264988,38.2615748745118,38.235902560164,38.21886090110894,-0.0188609011089369
20260523,MEAS_R000013,MEAS_UNIT_000013,13,C003,S01,3,38.4,38.6075156035694,38.5244838553006,38.5092367239997,38.50414862677029,-0.1041486267702893
20260523,MEAS_R000029,MEAS_UNIT_000029,29,C002,S01,3,39.0,38.9104420527098,39.0193663205741,38.9652719611637,38.96765243156107,0.0323475684389293
20260523,MEAS_R000032,MEAS_UNIT_000032,32,C002,S01,3,39.7,39.7355147978677,39.3065465195375,39.4428004991126,39.44308144751518,0.2569185524848194
20260523,MEAS_R000035,MEAS_UNIT_000035,35,C029,S01,3,38.1,38.3634227959876,38.3063641197236,38.3844334742617,38.35926735417609,-0.2592673541760888
20260523,MEAS_R000042,MEAS_UNIT_000042,42,C029,S01,3,38.5,38.2387205263858,38.2841683040493,38.2896972383393,38.27131593257995,0.2286840674200476
20260523,MEAS_R000046,MEAS_UNIT_000046,46,C029,S01,3,38.9,38.3194986395888,38.3751566277346,38.3918179797035,38.37296306304822,0.5270369369517809
20260523,MEAS_R000050,MEAS_UNIT_000050,50,C001,S01,3,38.3,38.2243573094823,38.1910620559198,38.1996748330865,38.1823605059202,0.1176394940797962
20260523,MEAS_R000054,MEAS_UNIT_000054,54,C001,S01,3,38.0,38.1863649501803,38.269502654541,38.2095380473924,38.19970126226653,-0.1997012622665295
20260523,MEAS_R000057,MEAS_UNIT_000057,57,C001,S01,3,38.2,38.846603506382,38.2747589142171,38.3781165090979,38.370069073889056,-0.1700690738890529
20260523,MEAS_R000063,MEAS_UNIT_000063,63,C027,S01,3,38.7,39.1960515871844,39.235876373731,39.9658277599076,39.85055968651551,-1.150559686515507
20260523,MEAS_R000066,MEAS_UNIT_000066,66,C027,S01,3,38.5,38.6872721202429,38.7542395990895,38.6671304424964,38.67149809482635,-0.1714980948263473
20260523,MEAS_R000079,MEAS_UNIT_000079,79,C026,S01,3,38.6,38.6623146623922,38.7654316474932,38.7358578577888,38.72976217911725,-0.1297621791172503
20260523,MEAS_R000082,MEAS_UNIT_000082,82,C016,S01,3,38.0,38.653501051296,38.6843771706818,38.5559219468065,38.56706193054092,-0.5670619305409232
20260523,MEAS_R000084,MEAS_UNIT_000084,84,C016,S01,3,38.3,38.5606286891692,38.6638520008491,38.5605914988266,38.56427994485438,-0.2642799448543798
20260523,MEAS_R000100,MEAS_UNIT_000100,100,C022,S01,3,38.2,38.5094090455119,38.5015945891031,38.4463014207251,38.4439702058008,-0.2439702058007924
20260523,MEAS_R000107,MEAS_UNIT_000107,107,C014,S01,3,38.2,38.1138743062679,38.1986200787229,38.0779335601526,38.07633875932123,0.1236612406787713
20260523,MEAS_R000118,MEAS_UNIT_000118,118,C023,S01,3,39.4,38.9392993519585,39.038662643115,38.6818019904596,38.733098270247154,0.6669017297528441
20260523,MEAS_R000123,MEAS_UNIT_000123,123,C023,S01,3,38.6,38.9225479543427,38.9874159958745,38.951881007544,38.95256401502939,-0.3525640150293867
20260523,MEAS_R000124,MEAS_UNIT_000124,124,C023,S01,3,39.1,38.6116873523083,38.9539984805453,38.954063735471,38.93673420306828,0.163265796931725
20260523,MEAS_R000130,MEAS_UNIT_000130,130,C011,S01,3,38.1,38.596237766623,38.2068785259109,38.2572439795841,38.24862764326663,-0.1486276432666287
20260523,MEAS_R000146,MEAS_UNIT_000146,146,C004,S01,3,37.5,37.9594921633806,37.5892105033365,37.621087760013,37.60287634830955,-0.1028763483095502
20260523,MEAS_R000147,MEAS_UNIT_000147,147,C004,S01,3,37.5,37.522,37.5668611110281,37.6223711429091,37.58244516592115,-0.0824451659211504
20260523,MEAS_R000149,MEAS_UNIT_000149,149,C004,S01,3,37.7,38.5589472394635,37.7068574725858,37.7534963720572,37.75551913786274,-0.0555191378627384
20260523,MEAS_R000153,MEAS_UNIT_000153,153,C028,S01,3,40.2,40.0725699884411,40.1767435670735,40.1508083303196,40.17088992511788,0.0291100748821264
20260523,MEAS_R000158,MEAS_UNIT_000158,158,C028,S01,3,40.3,40.2660688976805,40.2769933296516,40.1791339338576,40.216494608642655,0.0835053913573418
20260523,MEAS_R000160,MEAS_UNIT_000160,160,C028,S01,3,40.1,40.1291076127663,40.1616532482224,40.0436939288293,40.081147496455024,0.0188525035449771
20260523,MEAS_R000164,MEAS_UNIT_000164,164,C008,S01,3,38.3,38.4141034965513,38.2616706643296,38.3878323204869,38.35819768255289,-0.058197682552894
20260523,MEAS_R000166,MEAS_UNIT_000166,166,C008,S01,3,38.1,38.228592325751,38.1535019329327,38.1566822418766,38.14128359296226,-0.0412835929622588
20260523,MEAS_R000168,MEAS_UNIT_000168,168,C008,S01,3,38.1,38.2059498611583,38.1564964983635,38.15090866622,38.13587849495269,-0.0358784949526906
20260523,MEAS_R000181,MEAS_UNIT_000181,181,C030,S01,3,40.3,39.8735527533079,40.2783205597126,40.2034746969812,40.22056839655188,0.0794316034481141
20260523,MEAS_R000188,MEAS_UNIT_000188,188,C030,S01,3,40.1,39.1703944534271,40.2634070189647,39.971347909561,39.99363384821096,0.1063661517890395
20260523,MEAS_R000189,MEAS_UNIT_000189,189,C030,S01,3,40.2,39.2166660481668,40.3025250155602,40.0904512989999,40.10106298699491,0.0989370130050915
20260523,MEAS_R000195,MEAS_UNIT_000195,195,C018,S01,3,38.8,38.8412393514686,38.776918269553,38.7964427370431,38.78982878715553,0.0101712128444688
20260523,MEAS_R000203,MEAS_UNIT_000203,203,C025,S01,3,39.5,39.1426866991348,39.4214489223247,39.3554479421561,39.360184740985765,0.1398152590142345
20260523,MEAS_R000204,MEAS_UNIT_000204,204,C025,S01,3,39.5,39.3434582894876,39.3933490533656,39.3534358313928,39.36315615092318,0.1368438490768184
20260523,MEAS_R000212,MEAS_UNIT_000212,212,C010,S01,3,38.6,38.6277217860529,38.5628063975335,38.6216709583274,38.6047603473753,-0.0047603473752957
20260523,MEAS_R000216,MEAS_UNIT_000216,216,C010,S01,3,38.6,38.6323022527819,38.5772384686398,38.6214259450828,38.60670728376768,-0.0067072837676747
20260523,MEAS_R000217,MEAS_UNIT_000217,217,C010,S01,3,38.7,38.6733564339685,38.6609785267544,38.7236757640929,38.70580121547667,-0.0058012154766657
20260523,MEAS_R000219,MEAS_UNIT_000219,219,C010,S01,3,38.7,38.6921268345041,38.7019216973794,38.7254345137432,38.71363214636845,-0.013632146368451
20260523,MEAS_R000229,MEAS_UNIT_000229,229,C019,S01,3,39.4,39.4022211966093,39.3838384492087,39.3892922848804,39.39450106622145,0.0054989337785471
20260523,MEAS_R000231,MEAS_UNIT_000231,231,C019,S01,3,39.6,39.4785573247786,39.4332793526835,39.4780469262645,39.47907877189032,0.1209212281096796
20260523,MEAS_R000238,MEAS_UNIT_000238,238,C005,S01,3,37.8,37.7622775038663,37.8385715299191,37.9070715779817,37.8689122020367,-0.0689122020366994
20260523,MEAS_R000244,MEAS_UNIT_000244,244,C005,S01,3,38.2,38.2354114854963,38.1570891092298,38.2742750701341,38.24095196410684,-0.0409519641068385
20260523,MEAS_R000246,MEAS_UNIT_000246,246,C005,S01,3,37.8,37.9742734335798,37.8661500695218,37.9039814172327,37.8790108781637,-0.0790108781637073
20260523,MEAS_R000251,MEAS_UNIT_000251,251,C005,S01,3,37.8,37.9473440892833,37.8315301435187,37.9097713770455,37.87804225721428,-0.0780422572142782
20260523,MEAS_R000260,MEAS_UNIT_000260,260,C017,S01,3,39.4,39.3861073157568,39.3938832113948,39.3915097933173,39.39704928646441,0.0029507135355899
20260523,MEAS_R000265,MEAS_UNIT_000265,265,C017,S01,3,39.5,39.4097049502147,39.3334327359596,39.2991256366239,39.31214472816798,0.1878552718320207
20260523,MEAS_R000266,MEAS_UNIT_000266,266,C017,S01,3,39.8,40.0088113933998,40.0517928350115,39.9560386254618,39.98743421409492,-0.187434214094921
20260523,MEAS_R000269,MEAS_UNIT_000269,269,C020,S01,3,38.6,38.829206951278,38.9657842323186,38.877081794231,38.88278026828253,-0.2827802682825222
20260523,MEAS_R000276,MEAS_UNIT_000276,276,C020,S01,3,39.5,39.1733509779664,39.3048741844181,39.0902668086532,39.12263924636501,0.3773607536349885
20260523,MEAS_R000280,MEAS_UNIT_000280,280,C020,S01,3,39.5,39.5526839521359,39.6123506809606,39.5757145694285,39.58865970392274,-0.0886597039227439
20260523,MEAS_R000283,MEAS_UNIT_000283,283,C020,S01,3,40.2,40.1812773305605,40.2475400966249,40.1794361245581,40.2091687906316,-0.0091687906315982
20260523,MEAS_R000289,MEAS_UNIT_000289,289,C009,S01,3,40.5,40.334856943772,40.3957474412843,40.4590709810981,40.470945474485646,0.0290545255143541
20260523,MEAS_R000302,MEAS_UNIT_000302,302,C012,S01,3,40.0,39.6214696461681,39.6063358878575,39.6265605327665,39.63350844075694,0.3664915592430589
20260523,MEAS_R000306,MEAS_UNIT_000306,306,C006,S01,3,39.8,39.3949450474497,39.608547214784,39.5747573588002,39.580676735864415,0.219323264135582
20260523,MEAS_R000311,MEAS_UNIT_000311,311,C006,S01,3,39.7,39.0193012967347,39.043878380769,39.0543240574221,39.050469018903605,0.6495309810963974
20260523,MEAS_R000313,MEAS_UNIT_000313,313,C006,S01,3,38.9,39.7969970322242,39.3679426415356,39.7659721152353,39.72579531351439,-0.8257953135143907
20260523,MEAS_R000320,MEAS_UNIT_000320,320,C015,S01,3,38.9,39.0987741141562,39.0707658022815,39.1229007059477,39.1151476322169,-0.2151476322169045
20260523,MEAS_R000325,MEAS_UNIT_000325,325,C015,S01,3,38.3,38.7566113781141,38.5479095272959,38.7447978425761,38.71172825518932,-0.411728255189324
20260523,MEAS_R000334,MEAS_UNIT_000334,334,C015,S01,3,38.5,38.5865091778454,38.5759524228008,38.522300615966,38.52123624309925,-0.0212362430992527
20260523,MEAS_R000336,MEAS_UNIT_000336,336,C015,S01,3,38.8,39.1634546384228,39.1573565896516,39.1185697639763,39.12599401207302,-0.3259940120730249
20260523,MEAS_R000339,MEAS_UNIT_000339,339,C007,S01,3,38.4,38.9293901633998,38.9622160023362,38.9402616166963,38.93965969742846,-0.539659697428462
20260523,MEAS_R000345,MEAS_UNIT_000345,345,C007,S01,3,39.7,38.9607556528072,39.0996356288746,38.9357478794679,38.95584681034523,0.7441531896547744
20260523,MEAS_R000351,MEAS_UNIT_000351,351,C007,S01,3,40.7,40.4202916308347,40.1928652447548,40.3772378591904,40.37818660830487,0.3218133916951302
20260523,MEAS_R000355,MEAS_UNIT_000355,355,C007,S01,3,38.3,39.8236056570832,39.7644701515072,39.6962514801055,39.7221247513858,-1.4221247513858015
20260523,MEAS_R000357,MEAS_UNIT_000357,357,C013,S01,3,39.3,38.8859206409664,39.0237412873078,39.1208071125792,39.09801297972726,0.2019870202727389
20260523,MEAS_R000373,MEAS_UNIT_000373,373,C024,S01,3,38.4,38.2291657911509,38.231074397903,38.1717951738235,38.16455008100219,0.2354499189978085
20260523,MEAS_R000374,MEAS_UNIT_000374,374,C024,S01,3,38.7,39.0593664517829,39.0379926177582,39.0417537882067,39.040790519434736,-0.3407905194347336
20260523,MEAS_R000383,MEAS_UNIT_000383,383,C024,S01,3,40.2,40.4343466601485,40.4493408347864,40.5699044340207,40.57563266480691,-0.3756326648069077
20260523,MEAS_R000385,MEAS_UNIT_000385,385,C001,S01,3,38.3,38.3848922981897,38.2452427501788,38.3481990379918,38.32140267582233,-0.0214026758223297
20260523,MEAS_R000391,MEAS_UNIT_000391,391,C002,S01,3,39.0,38.9136262211548,38.9232941458549,38.9686486444216,38.95758220743542,0.0424177925645778
20260523,MEAS_R000392,MEAS_UNIT_000392,392,C003,S01,3,38.5,38.5103801516347,38.5126316198995,38.5113581663984,38.50022128059817,-0.0002212805981685
20260523,MEAS_R000407,MEAS_UNIT_000407,407,C006,S01,3,39.6,39.28351792505,39.6152319146273,39.5681477204854,39.571320053979086,0.0286799460209152
20260523,MEAS_R000430,MEAS_UNIT_000430,430,C011,S01,3,38.1,38.54487433361,38.1841814438147,38.1163847103575,38.12491677552956,-0.0249167755295545
20260523,MEAS_R000445,MEAS_UNIT_000445,445,C013,S01,3,39.1,38.8952168823178,39.0561362838567,39.1141974742643,39.097245499625295,0.0027545003747064
20260523,MEAS_R000449,MEAS_UNIT_000449,449,C014,S01,3,38.3,38.3291845690605,38.2897758331154,38.3207865599453,38.302043266263496,-0.0020432662634988
20260523,MEAS_R000456,MEAS_UNIT_000456,456,C016,S01,3,38.8,38.7805908971923,38.8041409503548,38.8449120671988,38.831725520041886,-0.0317255200418884
20260523,MEAS_R000460,MEAS_UNIT_000460,460,C018,S01,3,38.8,38.8464519027856,38.8232013019478,38.7992690996352,38.7987100242847,0.001289975715295
20260523,MEAS_R000462,MEAS_UNIT_000462,462,C018,S01,3,38.8,38.7358692262136,38.7492015461163,38.768734889886,38.75831377596617,0.0416862240338247
20260523,MEAS_R000466,MEAS_UNIT_000466,466,C019,S01,3,39.5,39.5410919837808,39.5800858739216,39.5046958502105,39.52406393746455,-0.0240639374645468
20260523,MEAS_R000472,MEAS_UNIT_000472,472,C021,S01,3,38.3,39.0397266640277,38.3256922331867,38.3627789960066,38.37224198404452,-0.072241984044524
20260523,MEAS_R000476,MEAS_UNIT_000476,476,C021,S01,3,38.3,38.5633994281366,38.2194731912149,38.3291688182191,38.30943832204046,-0.0094383220404594
20260523,MEAS_R000482,MEAS_UNIT_000482,482,C023,S01,3,38.9,38.5086108165053,39.0125183252712,38.9404507533439,38.92887853713573,-0.028878537135732
20260523,MEAS_R000493,MEAS_UNIT_000493,493,C025,S01,3,39.4,39.4753440060981,39.4844765791857,39.3675756010667,39.39299020882535,0.0070097911746458
20260523,MEAS_R000494,MEAS_UNIT_000494,494,C026,S01,3,38.6,38.8999515469897,38.7143330012675,38.6075814731431,38.62498190118136,-0.0249819011813627
20260523,MEAS_R000501,MEAS_UNIT_000501,501,C026,S01,3,38.6,38.7138810232591,38.6630161047817,38.6320426471543,38.63072757828581,-0.0307275782858127
20260523,MEAS_R000507,MEAS_UNIT_000507,507,C027,S01,3,39.8,39.0423997780666,39.0310028963532,39.8960603749203,39.75758052767522,0.0424194723247737
20260523,MEAS_R000517,MEAS_UNIT_000517,517,C029,S01,3,38.3,38.4077700775082,38.3293614680463,38.2857428119458,38.281265755076106,0.0187342449238911
20260523,MEAS_R000001,MEAS_UNIT_000001,1,C021,S01,4,38.3,38.354654775683,38.243611233134,38.3229953831653,38.28416427221576,0.0158357277842355
20260523,MEAS_R000002,MEAS_UNIT_000002,2,C021,S01,4,38.3,38.2850162295694,38.2030945330508,38.2388782369906,38.21093954959255,0.0890604504074517
20260523,MEAS_R000012,MEAS_UNIT_000012,12,C003,S01,4,38.7,38.6021186038082,38.5298350038835,38.4928459292541,38.48979091960168,0.2102090803983216
20260523,MEAS_R000015,MEAS_UNIT_000015,15,C003,S01,4,38.4,38.5105749081073,38.4818992423649,38.4928459292541,38.4743731156197,-0.0743731156197
20260523,MEAS_R000020,MEAS_UNIT_000020,20,C003,S01,4,38.6,38.7393492713508,38.6918176534298,38.7601881272879,38.72904687798025,-0.1290468779802509
20260523,MEAS_R000025,MEAS_UNIT_000025,25,C002,S01,4,38.5,39.1284167153291,39.043404988539,39.0608858662047,39.05013981223831,-0.5501398122383065
20260523,MEAS_R000030,MEAS_UNIT_000030,30,C002,S01,4,38.9,39.0079295768782,39.0929365079277,39.0608858662047,39.060020492498175,-0.1600204924981767
20260523,MEAS_R000033,MEAS_UNIT_000033,33,C002,S01,4,39.6,39.4098215321826,39.2616402045962,39.0913827318984,39.13842601419907,0.461573985800932
20260523,MEAS_R000036,MEAS_UNIT_000036,36,C029,S01,4,38.1,38.3704944668964,38.3655902435368,38.3789378782758,38.357466023750014,-0.2574660237500126
20260523,MEAS_R000045,MEAS_UNIT_000045,45,C029,S01,4,38.4,38.7373974756679,38.4886492996005,38.5860504442261,38.549499402050174,-0.1494994020501749
20260523,MEAS_R000049,MEAS_UNIT_000049,49,C001,S01,4,39.2,38.3305920145436,38.1647525593576,38.5511069872902,38.42618408880692,0.7738159111930827
20260523,MEAS_R000056,MEAS_UNIT_000056,56,C001,S01,4,38.1,38.1620991927502,38.2150310229683,38.19254822099,38.17740666229396,-0.0774066622939599
20260523,MEAS_R000060,MEAS_UNIT_000060,60,C001,S01,4,38.1,38.0860535903824,38.2337176233173,38.2137751087961,38.19551840281464,-0.0955184028146334
20260523,MEAS_R000061,MEAS_UNIT_000061,61,C027,S01,4,38.9,38.7119409604856,38.9467698184437,38.9540543436169,38.93581047896491,-0.0358104789649118
20260523,MEAS_R000065,MEAS_UNIT_000065,65,C027,S01,4,38.6,38.6743420152264,39.0126712583388,38.7252228732261,38.7880676614276,-0.1880676614276026
20260523,MEAS_R000068,MEAS_UNIT_000068,68,C027,S01,4,38.5,38.7365133668115,39.0255562844431,38.7252228732261,38.79326866424614,-0.2932686642461419
20260523,MEAS_R000077,MEAS_UNIT_000077,77,C026,S01,4,39.1,38.9449519132214,38.7321285822341,38.8090668910402,38.7807339741418,0.3192660258581981
20260523,MEAS_R000081,MEAS_UNIT_000081,81,C016,S01,4,39.2,38.23248355758,38.5051095528987,38.7179251267064,38.6344145942498,0.5655854057502054
20260523,MEAS_R000090,MEAS_UNIT_000090,90,C022,S01,4,38.3,38.9246872312879,38.2784802211782,38.3278532678441,38.31303051914327,-0.0130305191432711
20260523,MEAS_R000092,MEAS_UNIT_000092,92,C022,S01,4,38.1,38.5316259516491,38.3067352482328,38.5406971497622,38.46240222470673,-0.3624022247067273
20260523,MEAS_R000096,MEAS_UNIT_000096,96,C022,S01,4,39.0,38.3560861641082,38.4531937801248,38.5406971497622,38.4967021655775,0.5032978344224972
20260523,MEAS_R000106,MEAS_UNIT_000106,106,C014,S01,4,38.1,38.1245928900377,38.1484066913572,38.1088592459795,38.09839879633854,0.0016012036614583
20260523,MEAS_R000119,MEAS_UNIT_000119,119,C023,S01,4,39.2,38.8252483448766,38.9680478387803,38.9288968176638,38.926631084276366,0.273368915723637
20260523,MEAS_R000121,MEAS_UNIT_000121,121,C023,S01,4,38.8,38.7716540253102,38.9492283951277,38.9288968176638,38.92008145819941,-0.1200814581994151
20260523,MEAS_R000128,MEAS_UNIT_000128,128,C023,S01,4,39.4,39.3939962467241,39.2284755418639,39.0529571161222,39.10149930961575,0.2985006903842517
20260523,MEAS_R000135,MEAS_UNIT_000135,135,C011,S01,4,38.4,38.7497087716958,38.3755468398584,38.3137953941195,38.32401753785025,0.0759824621497458
20260523,MEAS_R000138,MEAS_UNIT_000138,138,C011,S01,4,38.1,38.0136703164682,38.3845117041027,38.4499332725814,38.40348456843965,-0.303484568439643
20260523,MEAS_R000139,MEAS_UNIT_000139,139,C004,S01,4,37.8,38.4534045621574,37.6202552446264,37.880082714158,37.80184880923592,-0.0018488092359234
20260523,MEAS_R000143,MEAS_UNIT_000143,143,C004,S01,4,37.6,37.512,37.6183014298928,37.6649581644166,37.62034570034517,-0.0203457003451674
20260523,MEAS_R000157,MEAS_UNIT_000157,157,C028,S01,4,40.1,40.0927261616818,40.1073046773994,40.0627306895887,40.08179818968688,0.0182018103131227
20260523,MEAS_R000161,MEAS_UNIT_000161,161,C028,S01,4,40.2,40.2096633245064,40.1747039395915,40.2444103007415,40.23362252041602,-0.0336225204160172
20260523,MEAS_R000165,MEAS_UNIT_000165,165,C008,S01,4,38.2,37.9718533071798,38.1508771273239,38.2651031135633,38.20697429992499,-0.0069742999249839
20260523,MEAS_R000175,MEAS_UNIT_000175,175,C008,S01,4,38.2,38.2030221899636,38.1635354118867,38.2193528541019,38.18401196052071,0.0159880394792963
20260523,MEAS_R000186,MEAS_UNIT_000186,186,C030,S01,4,40.2,39.7756728320377,40.3045844299835,40.1006545054951,40.15296876186318,0.0470312381368245
20260523,MEAS_R000193,MEAS_UNIT_000193,193,C018,S01,4,38.8,38.7935517807703,38.8058006366335,38.7978607862358,38.78816464952538,0.0118353504746195
20260523,MEAS_R000199,MEAS_UNIT_000199,199,C018,S01,4,38.8,38.7943458130336,38.8364229425563,38.792198724964,38.79232473380617,0.0076752661938286
20260523,MEAS_R000201,MEAS_UNIT_000201,201,C018,S01,4,38.8,38.4047578948762,38.7675557860259,38.79139903291,38.762340538286495,0.0376594617135026
20260523,MEAS_R000205,MEAS_UNIT_000205,205,C025,S01,4,39.4,39.068273015531,39.3928637552429,39.3851066840735,39.37491937785762,0.0250806221423758
20260523,MEAS_R000209,MEAS_UNIT_000209,209,C025,S01,4,39.5,39.3352366655165,39.4300156261105,39.3175325503999,39.34385276730011,0.1561472326998867
20260523,MEAS_R000214,MEAS_UNIT_000214,214,C010,S01,4,38.6,38.5616142508412,38.5735515228291,38.6104415213168,38.58481784658938,0.0151821534106204
20260523,MEAS_R000221,MEAS_UNIT_000221,221,C010,S01,4,38.6,38.5945392662252,38.6239847632465,38.6303172470148,38.61352999185327,-0.013529991853268
20260523,MEAS_R000225,MEAS_UNIT_000225,225,C019,S01,4,39.5,39.5512214959506,39.5339104629978,39.5007829840323,39.50936915328578,-0.0093691532857818
20260523,MEAS_R000228,MEAS_UNIT_000228,228,C019,S01,4,39.5,39.4858778470772,39.5292691093372,39.489937183575,39.49849831491226,0.0015016850877387
20260523,MEAS_R000232,MEAS_UNIT_000232,232,C019,S01,4,39.5,39.5373783597021,39.4553106094376,39.4886015306903,39.47917344650761,0.020826553492391
20260523,MEAS_R000240,MEAS_UNIT_000240,240,C005,S01,4,37.9,37.8817279229057,37.8594870475316,37.9592044260852,37.9066833179771,-0.0066833179770995
20260523,MEAS_R000241,MEAS_UNIT_000241,241,C005,S01,4,37.8,37.7593957868926,37.7678516968005,37.7806062377672,37.75042707177471,0.0495729282252881
20260523,MEAS_R000250,MEAS_UNIT_000250,250,C005,S01,4,37.8,37.8837884143933,37.7721119410895,37.8316936143117,37.79175739008574,0.0082426099142551
20260523,MEAS_R000257,MEAS_UNIT_000257,257,C017,S01,4,39.3,39.4378885770827,39.4462202497169,39.4271363080747,39.429796518495806,-0.1297965184958087
20260523,MEAS_R000258,MEAS_UNIT_000258,258,C017,S01,4,39.1,39.4421164107233,39.4411152435005,39.4273919042643,39.42873132003534,-0.3287313200353381
20260523,MEAS_R000264,MEAS_UNIT_000264,264,C017,S01,4,40.0,39.849059250021,39.8986478890095,39.8994195154086,39.90175592033354,0.0982440796664576
20260523,MEAS_R000270,MEAS_UNIT_000270,270,C020,S01,4,39.2,39.0763096746018,39.0992000191368,39.1379207376846,39.1189466502948,0.0810533497052006
20260523,MEAS_R000273,MEAS_UNIT_000273,273,C020,S01,4,39.1,39.084927603265,39.1621806373412,39.1361308852244,39.13477694376816,-0.0347769437681577
20260523,MEAS_R000277,MEAS_UNIT_000277,277,C020,S01,4,39.6,39.5557393651813,39.5455516353411,39.5436175612683,39.54337776235703,0.0566222376429692
20260523,MEAS_R000286,MEAS_UNIT_000286,286,C009,S01,4,39.4,39.7468472944818,39.5206456779893,39.5878970559762,39.57388161678675,-0.1738816167867511
20260523,MEAS_R000294,MEAS_UNIT_000294,294,C012,S01,4,39.1,39.0645280179794,39.1950585712686,39.0682872711318,39.09428793299073,0.00571206700927
20260523,MEAS_R000295,MEAS_UNIT_000295,295,C012,S01,4,39.0,39.0438961302136,39.1795618369247,39.0692718653973,39.090262879823584,-0.0902628798235838
20260523,MEAS_R000304,MEAS_UNIT_000304,304,C012,S01,4,40.6,40.344819130732,40.3224842466041,40.3293619285782,40.33802686542325,0.2619731345767491
20260523,MEAS_R000312,MEAS_UNIT_000312,312,C006,S01,4,38.4,39.2465373218712,39.2064243691141,39.2840252752577,39.25739062078396,-0.8573906207839599
20260523,MEAS_R000315,MEAS_UNIT_000315,315,C006,S01,4,38.5,39.237484539595,39.1979141324618,39.286738934499,39.25680483964722,-0.7568048396472165
20260523,MEAS_R000317,MEAS_UNIT_000317,317,C006,S01,4,39.9,38.9806122025536,39.1318211827937,38.9558192892041,38.99421357371559,0.9057864262844078
20260523,MEAS_R000328,MEAS_UNIT_000328,328,C015,S01,4,38.0,38.7875925568537,38.6976361318242,38.8377955412277,38.78769852198674,-0.7876985219867407
20260523,MEAS_R000329,MEAS_UNIT_000329,329,C015,S01,4,39.2,39.4723564491522,39.4537820008511,39.5325125292728,39.50847054028439,-0.3084705402843894
20260523,MEAS_R000330,MEAS_UNIT_000330,330,C015,S01,4,38.5,38.56075081562,38.6577554056139,38.5063267119617,38.53258021761936,-0.0325802176193548
20260523,MEAS_R000338,MEAS_UNIT_000338,338,C007,S01,4,40.1,39.0555005927454,38.9802055183318,38.9747481834545,38.96929479467997,1.1307052053200335
20260523,MEAS_R000341,MEAS_UNIT_000341,341,C007,S01,4,38.5,39.1319185882758,39.0639790383214,39.1354225321018,39.10928070149038,-0.6092807014903769
20260523,MEAS_R000348,MEAS_UNIT_000348,348,C007,S01,4,39.7,39.5410579108935,39.5336552872175,39.4896189241352,39.50099713290357,0.1990028670964392
20260523,MEAS_R000356,MEAS_UNIT_000356,356,C007,S01,4,40.2,38.9458909598158,38.965126988614,38.9784137233605,38.96480413442939,1.23519586557061
20260523,MEAS_R000358,MEAS_UNIT_000358,358,C013,S01,4,38.7,38.9376086081149,38.9230664536161,39.0710583777557,39.01983763531557,-0.3198376353155652
20260523,MEAS_R000359,MEAS_UNIT_000359,359,C013,S01,4,38.6,38.9278750453558,38.9085267794851,39.0734200006935,39.01736451853908,-0.4173645185390811
20260523,MEAS_R000367,MEAS_UNIT_000367,367,C024,S01,4,38.0,38.2892327942788,38.2755181027833,38.2816415953752,38.26117289313049,-0.2611728931304924
20260523,MEAS_R000377,MEAS_UNIT_000377,377,C024,S01,4,40.4,40.435498130513,40.4446098334419,40.5324722417916,40.51916537220869,-0.1191653722086911
20260523,MEAS_R000378,MEAS_UNIT_000378,378,C024,S01,4,38.4,38.440689456368,38.5328237136385,38.4250586933756,38.43736739670026,-0.0373673967002616
20260523,MEAS_R000387,MEAS_UNIT_000387,387,C001,S01,4,38.2,38.6182245858877,38.1889982490652,38.19254822099,38.18326343921559,0.0167365607844161
20260523,MEAS_R000394,MEAS_UNIT_000394,394,C003,S01,4,38.5,38.5172684268481,38.496541859919,38.4928459292541,38.47848435006681,0.0215156499331925
20260523,MEAS_R000400,MEAS_UNIT_000400,400,C004,S01,4,37.5,37.7997211152017,37.6080088783335,37.5870703353972,37.569745036362896,-0.0697450363628959
20260523,MEAS_R000414,MEAS_UNIT_000414,414,C008,S01,4,38.2,38.1454149432163,38.1370558054217,38.2651031135633,38.20815386503023,-0.0081538650302306
20260523,MEAS_R000420,MEAS_UNIT_000420,420,C009,S01,4,39.6,39.8206084320445,39.5534276518604,39.5903175274842,39.586477612330114,0.0135223876698873
20260523,MEAS_R000423,MEAS_UNIT_000423,423,C010,S01,4,38.7,38.7365827105076,38.7428860746733,38.7186065288645,38.71278807029698,-0.0127880702969775
20260523,MEAS_R000429,MEAS_UNIT_000429,429,C011,S01,4,38.4,38.1880377156913,38.3966378997499,38.4499332725814,38.41163846223206,-0.0116384622320637
20260523,MEAS_R000436,MEAS_UNIT_000436,436,C012,S01,4,40.2,40.2475479078109,40.3460830446575,40.3289457102681,40.34131401840736,-0.1413140184073569
20260523,MEAS_R000448,MEAS_UNIT_000448,448,C014,S01,4,38.3,39.074421762719,38.3086769066573,38.3127421547865,38.31448035667713,-0.0144803566771329
20260523,MEAS_R000455,MEAS_UNIT_000455,455,C016,S01,4,38.7,38.7551345019969,38.6515010103263,38.7179251267064,38.68833739370905,0.0116626062909546
20260523,MEAS_R000474,MEAS_UNIT_000474,474,C021,S01,4,38.2,38.371539862324,38.1944656392391,38.2388782369906,38.2110617613656,-0.0110617613655961
20260523,MEAS_R000475,MEAS_UNIT_000475,475,C021,S01,4,38.2,38.4912513274248,38.2009264655432,38.2388782369906,38.21616030439855,-0.0161603043985465
20260523,MEAS_R000492,MEAS_UNIT_000492,492,C025,S01,4,39.5,39.6005397579515,39.4625898920849,39.3871183338955,39.4100178052061,0.0899821947938974
20260523,MEAS_R000499,MEAS_UNIT_000499,499,C026,S01,4,38.7,38.8503992488206,38.6780484092942,38.6902541975793,38.67825711067614,0.0217428893238604
20260523,MEAS_R000505,MEAS_UNIT_000505,505,C027,S01,4,39.0,38.8502498837846,38.996984869716,38.9540543436169,38.95315448724272,0.0468455127572795
20260523,MEAS_R000511,MEAS_UNIT_000511,511,C028,S01,4,40.2,40.1828718046678,40.2164759950589,40.16577374751,40.18758532938326,0.0124146706167422
20260523,MEAS_R000518,MEAS_UNIT_000518,518,C030,S01,4,40.3,40.3421811511352,40.2974029426357,40.1979123761471,40.2368293436648,0.0631706563352025
20260523,MEAS_R000520,MEAS_UNIT_000520,520,C030,S01,4,40.3,40.2289750616543,40.2530598688436,40.1979123761471,40.22176467969773,0.0782353203022694
20260523,MEAS_R000006,MEAS_UNIT_000006,6,C021,S01,5,38.3,38.7023042938202,38.2301279229795,38.3290274854061,38.27724646489007,0.0227535351099277
20260523,MEAS_R000014,MEAS_UNIT_000014,14,C003,S01,5,38.5,38.3343127279039,38.4668774812445,38.5074695466971,38.46813750456423,0.0318624954357744
20260523,MEAS_R000016,MEAS_UNIT_000016,16,C003,S01,5,38.5,38.3562144733155,38.4461335191904,38.5074695466971,38.46088448809713,0.0391155119028709
20260523,MEAS_R000022,MEAS_UNIT_000022,22,C002,S01,5,38.2,38.7845833705789,39.3754761014823,39.0734753724212,39.170436211336025,-0.970436211336022
20260523,MEAS_R000026,MEAS_UNIT_000026,26,C002,S01,5,39.3,38.9533381783314,39.0210804753492,39.0129917151519,39.0041435040158,0.2958564959841965
20260523,MEAS_R000039,MEAS_UNIT_000039,39,C029,S01,5,38.1,38.4012541490536,38.2535232894782,38.3360621369644,38.28333990987672,-0.1833399098767216
20260523,MEAS_R000043,MEAS_UNIT_000043,43,C029,S01,5,38.5,39.1334298695638,38.4529057640948,38.421328876782,38.42805913028835,0.0719408697116534
20260523,MEAS_R000048,MEAS_UNIT_000048,48,C001,S01,5,38.9,37.8806591642695,38.2271972751282,38.651709805006,38.45744118965826,0.4425588103417368
20260523,MEAS_R000051,MEAS_UNIT_000051,51,C001,S01,5,38.0,38.3759563841993,38.2348489827075,38.2090394548735,38.19683613668098,-0.1968361366809787
20260523,MEAS_R000064,MEAS_UNIT_000064,64,C027,S01,5,38.5,39.0991946655703,39.0539931891286,38.712857935519,38.833390420241,-0.3333904202409954
20260523,MEAS_R000071,MEAS_UNIT_000071,71,C027,S01,5,39.1,39.0390178891844,38.8579316182216,39.0022918906351,38.93842829220083,0.1615717077991689
20260523,MEAS_R000075,MEAS_UNIT_000075,75,C026,S01,5,38.6,38.4473811687014,38.601605512003,38.6099022346889,38.58485454538234,0.0151454546176594
20260523,MEAS_R000086,MEAS_UNIT_000086,86,C016,S01,5,39.4,39.03589450745,38.6641307660625,38.7178371627542,38.68907333177586,0.7109266682241397
20260523,MEAS_R000087,MEAS_UNIT_000087,87,C016,S01,5,38.6,38.9216115221506,38.7722093526154,38.7178371627542,38.726858413235576,-0.1268584132355741
20260523,MEAS_R000089,MEAS_UNIT_000089,89,C022,S01,5,38.1,38.6695796945776,38.3348564444029,38.5257240765233,38.43789613056886,-0.3378961305688577
20260523,MEAS_R000099,MEAS_UNIT_000099,99,C022,S01,5,38.3,38.9088138807317,38.4853662864518,38.411993670077,38.42916081458157,-0.1291608145815743
20260523,MEAS_R000103,MEAS_UNIT_000103,103,C014,S01,5,38.5,38.1822274450859,38.4115696594184,38.3847184502913,38.36761263668617,0.1323873633138319
20260523,MEAS_R000104,MEAS_UNIT_000104,104,C014,S01,5,38.5,37.9307430869253,38.1804540527579,38.2650496611755,38.20087259439819,0.2991274056018085
20260523,MEAS_R000114,MEAS_UNIT_000114,114,C014,S01,5,38.8,38.6689734630371,38.5655676741481,38.340310341606,38.40903837523655,0.3909616247634488
20260523,MEAS_R000116,MEAS_UNIT_000116,116,C023,S01,5,38.3,38.698316270015,39.2134913977389,38.9877252215501,39.05450813340512,-0.7545081334051247
20260523,MEAS_R000125,MEAS_UNIT_000125,125,C023,S01,5,39.0,38.6565446129243,38.900467797215,38.9730451857709,38.92724126909148,0.072758730908518
20260523,MEAS_R000126,MEAS_UNIT_000126,126,C023,S01,5,39.1,39.408124063737,39.223087451705,39.3444850376277,39.29635044917148,-0.1963504491714758
20260523,MEAS_R000131,MEAS_UNIT_000131,131,C011,S01,5,38.0,38.009470892199,38.0595157287371,38.1114819044875,38.06202738352256,-0.0620273835225617
20260523,MEAS_R000136,MEAS_UNIT_000136,136,C011,S01,5,39.1,38.3051283554178,38.2500343547717,38.2217237549728,38.20874631756054,0.8912536824394621
20260523,MEAS_R000137,MEAS_UNIT_000137,137,C011,S01,5,38.2,38.2508647939896,38.2380152485959,38.2217237549728,38.20297940126276,-0.0029794012627561
20260523,MEAS_R000142,MEAS_UNIT_000142,142,C004,S01,5,37.6,37.9084310797419,37.5897495901943,37.7382720567507,37.65194033105964,-0.0519403310596402
20260523,MEAS_R000145,MEAS_UNIT_000145,145,C004,S01,5,37.6,37.819863303986,37.6287292827867,37.7382720567507,37.66446148797612,-0.0644614879761178
20260523,MEAS_R000152,MEAS_UNIT_000152,152,C028,S01,5,40.2,40.1519936049288,40.172896410148,40.1421946888536,40.16489906790218,0.0351009320978192
20260523,MEAS_R000154,MEAS_UNIT_000154,154,C028,S01,5,40.2,40.1839110620488,40.1675985969039,40.1464377766221,40.16629816905835,0.0337018309416521
20260523,MEAS_R000180,MEAS_UNIT_000180,180,C030,S01,5,40.3,40.4205542136304,40.2888053929239,40.2161569019453,40.26051576087279,0.039484239127205
20260523,MEAS_R000184,MEAS_UNIT_000184,184,C030,S01,5,40.2,39.888789896518,40.1898784558345,40.119383718087,40.15093238678946,0.0490676132105392
20260523,MEAS_R000187,MEAS_UNIT_000187,187,C030,S01,5,40.2,39.9456999314437,40.2399555710551,40.1144067185514,40.16791451742757,0.0320854825724339
20260523,MEAS_R000192,MEAS_UNIT_000192,192,C018,S01,5,38.8,38.5989698075811,38.8338522744243,38.8003978246351,38.79369030289951,0.006309697100491
20260523,MEAS_R000194,MEAS_UNIT_000194,194,C018,S01,5,38.8,38.7443445042023,38.7607040613562,38.7841704967123,38.75962426432223,0.0403757356777703
20260523,MEAS_R000197,MEAS_UNIT_000197,197,C018,S01,5,38.8,38.2385560146978,38.7663711061814,38.7939910255853,38.75602854433555,0.0439714556644474
20260523,MEAS_R000206,MEAS_UNIT_000206,206,C025,S01,5,39.4,38.8201192726256,39.3960759325435,39.3913763063272,39.37649767998922,0.0235023200107775
20260523,MEAS_R000208,MEAS_UNIT_000208,208,C025,S01,5,39.4,39.2066993220562,39.4525743903369,39.3174257744264,39.36073172649691,0.0392682735030902
20260523,MEAS_R000218,MEAS_UNIT_000218,218,C010,S01,5,38.6,38.5747563095366,38.5603646640027,38.6022070888232,38.56761261460678,0.0323873853932212
20260523,MEAS_R000222,MEAS_UNIT_000222,222,C010,S01,5,38.6,38.6035646170466,38.5837900089607,38.6162437036665,38.5857755750245,0.0142244249755023
20260523,MEAS_R000227,MEAS_UNIT_000227,227,C019,S01,5,39.4,39.4291793927624,39.4145281177487,39.3783374767791,39.389535138557896,0.0104648614421023
20260523,MEAS_R000235,MEAS_UNIT_000235,235,C019,S01,5,39.5,39.4906151834639,39.4780849182672,39.4764507080774,39.4757213695417,0.0242786304582978
20260523,MEAS_R000237,MEAS_UNIT_000237,237,C019,S01,5,39.5,39.508194403791,39.4883551534075,39.484302880929,39.48485521690173,0.0151447830982718
20260523,MEAS_R000239,MEAS_UNIT_000239,239,C005,S01,5,37.8,37.8753309885456,37.8204228390952,37.7858446689565,37.76706965675713,0.0329303432428673
20260523,MEAS_R000256,MEAS_UNIT_000256,256,C017,S01,5,39.0,39.3584022916587,39.4174162751324,39.3819186362876,39.3911874451227,-0.3911874451227035
20260523,MEAS_R000262,MEAS_UNIT_000262,262,C017,S01,5,39.3,39.4147286854268,39.4841544685301,39.4625864245462,39.46760581555915,-0.1676058155591562
20260523,MEAS_R000267,MEAS_UNIT_000267,267,C017,S01,5,39.4,39.3649828186553,39.4115371470291,39.3646512235001,39.37841186089983,0.0215881391001673
20260523,MEAS_R000268,MEAS_UNIT_000268,268,C020,S01,5,39.6,39.5810885053519,39.5790337031946,39.5698727531138,39.57366777340908,0.0263322265909238
20260523,MEAS_R000278,MEAS_UNIT_000278,278,C020,S01,5,38.6,39.5183786472006,39.5821113357173,39.5264138067056,39.54635224831982,-0.946352248319819
20260523,MEAS_R000281,MEAS_UNIT_000281,281,C020,S01,5,40.2,40.2265804532756,40.2569332735177,40.1968203088344,40.23203860784987,-0.03203860784987
20260523,MEAS_R000290,MEAS_UNIT_000290,290,C009,S01,5,38.7,39.8869471075435,39.7036123256682,39.7040598028802,39.71082047469985,-1.010820474699848
20260523,MEAS_R000292,MEAS_UNIT_000292,292,C009,S01,5,40.6,40.5067811551569,40.4289923641113,40.4600731311726,40.46655643213742,0.133443567862578
20260523,MEAS_R000293,MEAS_UNIT_000293,293,C012,S01,5,40.3,40.2936861515737,40.3061880496735,40.3037468203117,40.31847977712556,-0.0184797771255631
20260523,MEAS_R000299,MEAS_UNIT_000299,299,C012,S01,5,39.5,39.881669981968,39.8246193907209,39.8545776089748,39.84951272048889,-0.3495127204888888
20260523,MEAS_R000305,MEAS_UNIT_000305,305,C012,S01,5,40.5,40.343545790282,40.2888482437726,40.3088032015373,40.316295944604185,0.1837040553958147
20260523,MEAS_R000309,MEAS_UNIT_000309,309,C006,S01,5,39.3,39.1499968407952,39.0638823525547,39.1703254049814,39.12251582311919,0.1774841768808102
20260523,MEAS_R000319,MEAS_UNIT_000319,319,C006,S01,5,40.0,39.5462134375984,39.6030358466653,39.5396086090619,39.563033318444,0.4369666815560009
20260523,MEAS_R000322,MEAS_UNIT_000322,322,C015,S01,5,39.7,38.2662603664806,38.2793384459522,38.2919609153338,38.26244728214928,1.4375527178507213
20260523,MEAS_R000331,MEAS_UNIT_000331,331,C015,S01,5,39.0,39.5159067082284,39.3368875878765,39.4624665601952,39.41477123671061,-0.4147712367106066
20260523,MEAS_R000332,MEAS_UNIT_000332,332,C015,S01,5,39.7,39.5736057571291,39.3599297981407,39.4690339430077,39.42882504107754,0.2711749589224652
20260523,MEAS_R000343,MEAS_UNIT_000343,343,C007,S01,5,39.3,38.9082086084351,38.9212344603938,38.9310031619522,38.91477336094904,0.3852266390509555
20260523,MEAS_R000346,MEAS_UNIT_000346,346,C007,S01,5,39.7,39.813550922966,39.8908001097873,39.8447490898419,39.866586757985495,-0.1665867579854918
20260523,MEAS_R000347,MEAS_UNIT_000347,347,C007,S01,5,39.5,39.5730705684273,39.5617724403401,39.577320803328,39.57164692505197,-0.0716469250519722
20260523,MEAS_R000360,MEAS_UNIT_000360,360,C013,S01,5,38.6,38.5964537333879,38.6791899325542,38.6528245698599,38.64404777801552,-0.0440477780155177
20260523,MEAS_R000361,MEAS_UNIT_000361,361,C013,S01,5,39.3,38.9989008776329,38.9854642927794,39.0535717411141,39.01708990789916,0.2829100921008418
20260523,MEAS_R000366,MEAS_UNIT_000366,366,C013,S01,5,39.0,39.1367250797682,39.1456704007341,39.1211133892549,39.122243537529656,-0.1222435375296555
20260523,MEAS_R000370,MEAS_UNIT_000370,370,C024,S01,5,38.3,38.1791672483497,38.2445183299784,38.2012505512689,38.19101771100073,0.1089822889992646
20260523,MEAS_R000371,MEAS_UNIT_000371,371,C024,S01,5,38.3,38.4326838470466,38.5099272652688,38.4435082659058,38.44680951903101,-0.1468095190310165
20260523,MEAS_R000380,MEAS_UNIT_000380,380,C024,S01,5,41.2,40.2946962688789,40.224541671088,40.2021442792227,40.22481350097716,0.9751864990228468
20260523,MEAS_R000388,MEAS_UNIT_000388,388,C002,S01,5,39.0,39.1942652590068,39.0812011213218,39.0129917151519,39.03227734761551,-0.0322773476155049
20260523,MEAS_R000393,MEAS_UNIT_000393,393,C003,S01,5,38.6,38.3720699535208,38.5001247364485,38.6757065492107,38.585994850464246,0.0140051495357553
20260523,MEAS_R000395,MEAS_UNIT_000395,395,C003,S01,5,38.5,38.5326238558451,38.5537937599646,38.5074695466971,38.50530557281464,-0.0053055728146347
20260523,MEAS_R000401,MEAS_UNIT_000401,401,C004,S01,5,37.6,38.2050426832469,37.6086140150243,37.7382720567507,37.665932495406864,-0.0659324954068623
20260523,MEAS_R000402,MEAS_UNIT_000402,402,C005,S01,5,37.8,37.9225656658452,37.7955716215089,37.8301372124099,37.78639131195611,0.0136086880438881
20260523,MEAS_R000403,MEAS_UNIT_000403,403,C005,S01,5,37.7,37.7744726116812,37.8189546785469,37.7998270603139,37.7728509770419,-0.0728509770418952
20260523,MEAS_R000406,MEAS_UNIT_000406,406,C006,S01,5,39.5,39.5543185737877,39.5678916754653,39.5251665466839,39.54109445534944,-0.0410944553494374
20260523,MEAS_R000410,MEAS_UNIT_000410,410,C008,S01,5,38.2,38.2051052579741,38.2275785787942,38.2463524526068,38.21330599051918,-0.0133059905191785
20260523,MEAS_R000411,MEAS_UNIT_000411,411,C008,S01,5,38.2,38.2316195822518,38.1998475929583,38.2463524526068,38.20354540229211,-0.0035454022921044
20260523,MEAS_R000413,MEAS_UNIT_000413,413,C008,S01,5,38.1,38.1113269580788,38.1265227044024,38.149605272882,38.11317627994192,-0.0131762799419163
20260523,MEAS_R000415,MEAS_UNIT_000415,415,C009,S01,5,39.7,39.8563039386773,39.5653414774978,39.686790286889,39.6476174607115,0.0523825392885015
20260523,MEAS_R000417,MEAS_UNIT_000417,417,C009,S01,5,40.4,40.4424496221475,40.4200383140839,40.4637512622761,40.46398687718708,-0.0639868771870837
20260523,MEAS_R000426,MEAS_UNIT_000426,426,C010,S01,5,38.7,38.7317968642203,38.717692141537,38.7215633239635,38.70433152852123,-0.0043315285212273
20260523,MEAS_R000427,MEAS_UNIT_000427,427,C011,S01,5,38.3,39.0737141635978,38.2629912061346,38.2999355590894,38.28015084836559,0.0198491516344105
20260523,MEAS_R000428,MEAS_UNIT_000428,428,C011,S01,5,38.3,38.3109903921646,38.2379689564118,38.3185786522046,38.26454553547802,0.035454464521976
20260523,MEAS_R000431,MEAS_UNIT_000431,431,C011,S01,5,38.2,38.1307323215605,38.1145445007137,38.19636066454,38.13819645449635,0.0618035455036505
20260523,MEAS_R000437,MEAS_UNIT_000437,437,C012,S01,5,40.3,40.2950597135449,40.2166483325913,40.2852714785149,40.273516519762765,0.026483480237232
20260523,MEAS_R000438,MEAS_UNIT_000438,438,C012,S01,5,40.4,40.3237605893875,40.274408663605,40.3150566347649,40.31431408447085,0.0856859155291474
20260523,MEAS_R000439,MEAS_UNIT_000439,439,C013,S01,5,39.0,38.9361391430212,38.9739520388391,39.0546062870125,39.01195692869024,-0.011956928690239
20260523,MEAS_R000444,MEAS_UNIT_000444,444,C013,S01,5,39.1,39.1560338072462,39.1424465170417,39.1298726971162,39.12693036271354,-0.0269303627135428
20260523,MEAS_R000446,MEAS_UNIT_000446,446,C014,S01,5,38.0,37.5590397642356,38.0347290316589,38.1093113293318,38.04087548852159,-0.0408754885215856
20260523,MEAS_R000451,MEAS_UNIT_000451,451,C016,S01,5,38.7,39.1226286623872,38.6150337817583,38.6291427723824,38.61761409519989,0.0823859048001125
20260523,MEAS_R000452,MEAS_UNIT_000452,452,C016,S01,5,38.7,39.1928875747812,38.7219138128103,38.74172793014,38.72921485802958,-0.0292148580295759
20260523,MEAS_R000459,MEAS_UNIT_000459,459,C017,S01,5,39.4,39.4154160495019,39.4416656659271,39.4018645438804,39.41398953446268,-0.0139895344626808
20260523,MEAS_R000469,MEAS_UNIT_000469,469,C020,S01,5,40.2,40.2039227839579,40.2306510265381,40.2022470971645,40.225043112702025,-0.025043112702022
20260523,MEAS_R000481,MEAS_UNIT_000481,481,C022,S01,5,38.4,39.040348042654,38.3983041914748,38.4084991748099,38.3974744240924,0.0025255759076046
20260523,MEAS_R000483,MEAS_UNIT_000483,483,C023,S01,5,38.9,38.8742269647279,38.8581302310647,38.9730451857709,38.91648022193691,-0.0164802219369093
20260523,MEAS_R000484,MEAS_UNIT_000484,484,C023,S01,5,39.1,38.8982171391276,39.2183282215579,39.3444850376277,39.28265401959886,-0.182654019598857
20260523,MEAS_R000486,MEAS_UNIT_000486,486,C025,S01,5,39.4,39.1387563329216,39.4695865839001,39.394531316172,39.41341975175352,-0.013419751753517
20260523,MEAS_R000497,MEAS_UNIT_000497,497,C026,S01,5,38.7,38.7547585800092,38.6674683920157,38.6947894507129,38.66943321313032,0.0305667868696843
20260523,MEAS_R000508,MEAS_UNIT_000508,508,C027,S01,5,38.8,38.9259148961679,39.0764097388453,38.712857935519,38.837732268653625,-0.0377322686536274
20260523,MEAS_R000510,MEAS_UNIT_000510,510,C028,S01,5,40.2,40.109791108704,40.1830847292236,40.152092302379,40.17387622224507,0.0261237777549325
20260523,MEAS_R000514,MEAS_UNIT_000514,514,C029,S01,5,38.4,38.6354355089194,38.3371275891759,38.4356058104071,38.38195554764833,0.0180444523516669
20260607,MEAS_R000008,MEAS_UNIT_000008,8,C021,S01,1,38.2,38.1243017634203,38.316770778168,38.3053788972772,38.28756239283005,-0.0875623928300513
20260607,MEAS_R000009,MEAS_UNIT_000009,9,C021,S01,1,38.0,38.0966070911337,38.3389756603063,38.3053788972772,38.29684039075008,-0.2968403907500772
20260607,MEAS_R000015,MEAS_UNIT_000015,15,C003,S01,1,38.4,38.5388200506572,38.4996374006986,38.5515304881008,38.5106729292723,-0.1106729292723045
20260607,MEAS_R000016,MEAS_UNIT_000016,16,C003,S01,1,38.5,38.5309887020463,38.5196725502038,38.5515304881008,38.519022417962894,-0.0190224179628941
20260607,MEAS_R000017,MEAS_UNIT_000017,17,C003,S01,1,38.3,38.5492946287731,38.5173589073875,38.5515304881008,38.51803599662404,-0.2180359966240388
20260607,MEAS_R000026,MEAS_UNIT_000026,26,C002,S01,1,39.3,38.7999716382639,38.9813214935391,38.9761101611247,38.96529518683679,0.3347048131632064
20260607,MEAS_R000028,MEAS_UNIT_000028,28,C002,S01,1,38.8,38.9600641731073,38.94812475959,38.9761101611247,38.95127278281427,-0.1512727828142743
20260607,MEAS_R000031,MEAS_UNIT_000031,31,C002,S01,1,40.0,39.1376135269194,39.1804820557535,39.2667020976325,39.221920073099845,0.7780799269001548
20260607,MEAS_R000036,MEAS_UNIT_000036,36,C029,S01,1,38.1,38.3478193085097,38.41682733265,38.4746963160342,38.43039970563887,-0.3303997056388681
20260607,MEAS_R000040,MEAS_UNIT_000040,40,C029,S01,1,38.5,38.2642862033469,38.2790460957297,38.3076797125407,38.27305987053797,0.2269401294620294
20260607,MEAS_R000045,MEAS_UNIT_000045,45,C029,S01,1,38.4,38.7416641231184,38.4954284884202,38.570717329226,38.52016090779433,-0.1201609077943288
20260607,MEAS_R000053,MEAS_UNIT_000053,53,C001,S01,1,38.2,38.3597440851279,38.2847177161695,38.1796212806681,38.19855093859638,0.0014490614036262
20260607,MEAS_R000055,MEAS_UNIT_000055,55,C001,S01,1,38.4,38.1124280638394,38.2123093112743,38.1796212806681,38.16872739561092,0.2312726043890833
20260607,MEAS_R000056,MEAS_UNIT_000056,56,C001,S01,1,38.1,38.1419798420589,38.2405458229241,38.1796212806681,38.18044288738557,-0.0804428873855656
20260607,MEAS_R000066,MEAS_UNIT_000066,66,C027,S01,1,38.5,38.6624873609434,38.8756652701708,38.7480160379914,38.784791196969785,-0.2847911969697847
20260607,MEAS_R000070,MEAS_UNIT_000070,70,C027,S01,1,39.1,38.8801668510994,39.0852080838042,39.0149605617919,39.031718534946144,0.0682814650538574
20260607,MEAS_R000072,MEAS_UNIT_000072,72,C027,S01,1,38.2,38.9870046521395,39.1407836317067,38.8972448591049,38.98416579854637,-0.7841657985463684
20260607,MEAS_R000073,MEAS_UNIT_000073,73,C026,S01,1,38.3,38.4924204900281,38.6302438049656,38.6374120956293,38.61656658319641,-0.3165665831964119
20260607,MEAS_R000077,MEAS_UNIT_000077,77,C026,S01,1,39.1,38.8000194281525,38.749750933658,38.8034070401054,38.76540142842957,0.3345985715704316
20260607,MEAS_R000084,MEAS_UNIT_000084,84,C016,S01,1,38.3,38.5208335935575,38.551710043488,38.483885120857,38.49182965614297,-0.1918296561429713
20260607,MEAS_R000086,MEAS_UNIT_000086,86,C016,S01,1,39.4,38.67037898576,38.6707567852524,38.6854376022169,38.66198505262243,0.7380149473775717
20260607,MEAS_R000089,MEAS_UNIT_000089,89,C022,S01,1,38.1,38.7418645612896,38.2484181882395,38.4558282045337,38.34848926154461,-0.2484892615446128
20260607,MEAS_R000094,MEAS_UNIT_000094,94,C022,S01,1,38.2,38.2444634448316,38.3703452566355,38.4500728743425,38.396426630498496,-0.1964266304984931
20260607,MEAS_R000097,MEAS_UNIT_000097,97,C022,S01,1,39.5,38.4520086019359,38.3193700680152,38.4500728743425,38.374943457431065,1.1250565425689345
20260607,MEAS_R000103,MEAS_UNIT_000103,103,C014,S01,1,38.5,38.4110776020065,38.2691524096404,38.4212108273699,38.33679545673239,0.1632045432676108
20260607,MEAS_R000106,MEAS_UNIT_000106,106,C014,S01,1,38.1,38.1435246681613,38.2032489701688,38.1288233335071,38.1344722315932,-0.0344722315931989
20260607,MEAS_R000111,MEAS_UNIT_000111,111,C014,S01,1,38.0,38.2078588822521,38.235545650456,38.1288233335071,38.147833307061454,-0.1478333070614539
20260607,MEAS_R000118,MEAS_UNIT_000118,118,C023,S01,1,39.4,38.8820028380492,39.0127840796141,38.7437031026028,38.83900066545051,0.5609993345494857
20260607,MEAS_R000123,MEAS_UNIT_000123,123,C023,S01,1,38.6,38.9833030316902,38.9766080144661,38.9915319632799,38.97234161227036,-0.372341612270354
20260607,MEAS_R000125,MEAS_UNIT_000125,125,C023,S01,1,39.0,38.9922523300323,38.9523585176106,38.9915319632799,38.96223650416061,0.0377634958393855
20260607,MEAS_R000130,MEAS_UNIT_000130,130,C011,S01,1,38.1,38.5394193910592,38.2252259798864,38.2571560470039,38.22002642114465,-0.1200264211446509
20260607,MEAS_R000135,MEAS_UNIT_000135,135,C011,S01,1,38.4,38.6695772053896,38.3008077790779,38.3111311377944,38.28366878687579,0.1163312131242051
20260607,MEAS_R000140,MEAS_UNIT_000140,140,C004,S01,1,37.6,38.1581459493885,37.6389841182605,37.5902054710343,37.57677888276781,0.0232211172321896
20260607,MEAS_R000141,MEAS_UNIT_000141,141,C004,S01,1,37.5,37.8933480839871,37.6550653923727,37.5902054710343,37.583810854504094,-0.0838108545040938
20260607,MEAS_R000142,MEAS_UNIT_000142,142,C004,S01,1,37.6,37.7481279842977,37.6461288913447,37.6978503499866,37.64479015514623,-0.0447901551462237
20260607,MEAS_R000143,MEAS_UNIT_000143,143,C004,S01,1,37.6,37.6677325880424,37.7123582345515,37.6978503499866,37.67246033475361,-0.0724603347536074
20260607,MEAS_R000152,MEAS_UNIT_000152,152,C028,S01,1,40.2,40.0485241643538,40.1516692474135,40.1108104189712,40.13089560489442,0.0691043951055832
20260607,MEAS_R000153,MEAS_UNIT_000153,153,C028,S01,1,40.2,40.0450145032828,40.1633662506924,40.0955960711319,40.12665064327621,0.0733493567237957
20260607,MEAS_R000155,MEAS_UNIT_000155,155,C028,S01,1,39.8,40.1205762381158,39.8873102791027,39.7510093538153,39.80513070789642,-0.0051307078964271
20260607,MEAS_R000159,MEAS_UNIT_000159,159,C028,S01,1,40.1,40.0578794664879,40.1032118938705,40.0434967407122,40.07037131483925,0.0296286851607519
20260607,MEAS_R000164,MEAS_UNIT_000164,164,C008,S01,1,38.3,38.4217461406695,38.3129527034027,38.3205775653962,38.29470202496149,0.0052979750385091
20260607,MEAS_R000166,MEAS_UNIT_000166,166,C008,S01,1,38.1,37.9946378183462,38.1228498973498,38.1546577722279,38.11667994782451,-0.0166799478245067
20260607,MEAS_R000173,MEAS_UNIT_000173,173,C008,S01,1,38.2,38.3280394494157,38.200062583861,38.2233130363346,38.189539626876034,0.0104603731239691
20260607,MEAS_R000182,MEAS_UNIT_000182,182,C030,S01,1,40.2,40.2632540101251,40.2134094834046,40.091240898967,40.144591855168045,0.0554081448319578
20260607,MEAS_R000186,MEAS_UNIT_000186,186,C030,S01,1,40.2,39.7653655404649,40.3789149069155,40.0570836740021,40.1936472434526,0.0063527565474004
20260607,MEAS_R000187,MEAS_UNIT_000187,187,C030,S01,1,40.2,40.0063276616295,40.2910208767579,40.0570836740021,40.15675418447479,0.0432458155252106
20260607,MEAS_R000195,MEAS_UNIT_000195,195,C018,S01,1,38.8,38.8051756006023,38.7550383362058,38.8019647153696,38.76673127291974,0.0332687270802551
20260607,MEAS_R000197,MEAS_UNIT_000197,197,C018,S01,1,38.8,38.269775371937,38.8043988249786,38.7912531212005,38.78154149394219,0.0184585060578044
20260607,MEAS_R000198,MEAS_UNIT_000198,198,C018,S01,1,38.8,38.5970983703551,38.8193787621649,38.7912531212005,38.78735865368597,0.0126413463140266
20260607,MEAS_R000202,MEAS_UNIT_000202,202,C025,S01,1,39.4,39.2989140349165,39.3878678488133,39.3911216518661,39.382603763414345,0.0173962365856539
20260607,MEAS_R000206,MEAS_UNIT_000206,206,C025,S01,1,39.4,38.9574059250338,39.3753247744517,39.3911216518661,39.377819050416285,0.0221809495837135
20260607,MEAS_R000207,MEAS_UNIT_000207,207,C025,S01,1,39.4,39.1727083748387,39.495581446902,39.3272221072865,39.38930381356096,0.0106961864390342
20260607,MEAS_R000212,MEAS_UNIT_000212,212,C010,S01,1,38.6,38.6185568921535,38.5478608682005,38.5906400938516,38.554082840689965,0.0459171593100364
20260607,MEAS_R000217,MEAS_UNIT_000217,217,C010,S01,1,38.7,38.7324682354914,38.6487837814828,38.6769874596169,38.64769531082111,0.0523046891788965
20260607,MEAS_R000222,MEAS_UNIT_000222,222,C010,S01,1,38.6,38.6038471598992,38.6043787872957,38.6302481043624,38.60136460832236,-0.0013646083223619
20260607,MEAS_R000226,MEAS_UNIT_000226,226,C019,S01,1,39.5,39.3405499952732,39.4124357530815,39.4325403175185,39.417599752086446,0.0824002479135543
20260607,MEAS_R000232,MEAS_UNIT_000232,232,C019,S01,1,39.5,39.4729701172955,39.4556046763534,39.5018067671446,39.4769119961469,0.0230880038530969
20260607,MEAS_R000235,MEAS_UNIT_000235,235,C019,S01,1,39.5,39.469005556164,39.4073633751254,39.4531505546401,39.4276764121613,0.0723235878386958
20260607,MEAS_R000241,MEAS_UNIT_000241,241,C005,S01,1,37.8,37.8373761685969,37.7458800435327,37.7755564258622,37.732767510328046,0.0672324896719516
20260607,MEAS_R000242,MEAS_UNIT_000242,242,C005,S01,1,37.9,37.9744399958657,37.9243900994213,37.9367784000943,37.90351921030811,-0.0035192103081129
20260607,MEAS_R000245,MEAS_UNIT_000245,245,C005,S01,1,38.0,38.0500065281147,38.0424191531582,38.039454634714,38.014087159101855,-0.0140871591018552
20260607,MEAS_R000247,MEAS_UNIT_000247,247,C005,S01,1,38.2,38.2345053895774,38.1630830463502,38.2058111332552,38.16377743589708,0.0362225641029212
20260607,MEAS_R000254,MEAS_UNIT_000254,254,C017,S01,1,39.4,39.1752920703008,39.1807049810782,39.1937022509084,39.17821458821589,0.2217854117841113
20260607,MEAS_R000258,MEAS_UNIT_000258,258,C017,S01,1,39.1,39.4348929619098,39.4352776003774,39.4397965042005,39.431335753986886,-0.3313357539868846
20260607,MEAS_R000260,MEAS_UNIT_000260,260,C017,S01,1,39.4,39.3957748483938,39.4146234770591,39.4013433521557,39.39974291830784,0.0002570816921618
20260607,MEAS_R000267,MEAS_UNIT_000267,267,C017,S01,1,39.4,39.5826382764957,39.4430217644233,39.4788752166639,39.45779106032168,-0.0577910603216764
20260607,MEAS_R000270,MEAS_UNIT_000270,270,C020,S01,1,39.2,39.061187757414,39.129236687169,39.1121141313577,39.1080397923249,0.0919602076751004
20260607,MEAS_R000274,MEAS_UNIT_000274,274,C020,S01,1,39.5,39.180018293429,39.1265538635798,39.1162443566854,39.10924660943082,0.3907533905691807
20260607,MEAS_R000275,MEAS_UNIT_000275,275,C020,S01,1,40.2,40.1592066410716,40.1795832786087,40.0939072639055,40.13224285808491,0.067757141915095
20260607,MEAS_R000280,MEAS_UNIT_000280,280,C020,S01,1,39.5,39.5453509458282,39.5868579362292,39.6046533840064,39.59309060691188,-0.093090606911879
20260607,MEAS_R000285,MEAS_UNIT_000285,285,C009,S01,1,39.3,39.4088110542817,39.4433840755391,39.498924778331,39.47017998983172,-0.1701799898317233
20260607,MEAS_R000292,MEAS_UNIT_000292,292,C009,S01,1,40.6,40.481090197799,40.4999318429687,40.4326555541587,40.46819248013172,0.1318075198682819
20260607,MEAS_R000293,MEAS_UNIT_000293,293,C012,S01,1,40.3,40.2408392671381,40.3201507097229,40.3111075164683,40.32082083346493,-0.0208208334649313
20260607,MEAS_R000294,MEAS_UNIT_000294,294,C012,S01,1,39.1,38.9986830184349,39.0700444837418,39.0696405354285,39.05802611106432,0.0419738889356793
20260607,MEAS_R000301,MEAS_UNIT_000301,301,C012,S01,1,39.8,39.7278131325397,39.6791352696214,39.7360835555925,39.710035799954,0.0899642000459977
20260607,MEAS_R000307,MEAS_UNIT_000307,307,C006,S01,1,38.5,39.3959668581473,39.31400375094,39.4185617929221,39.36817977319263,-0.8681797731926295
20260607,MEAS_R000312,MEAS_UNIT_000312,312,C006,S01,1,38.4,39.2997815060652,39.2762841630576,39.3503854219613,39.31174279220232,-0.9117427922023252
20260607,MEAS_R000315,MEAS_UNIT_000315,315,C006,S01,1,38.5,39.3259396369637,39.2682237482692,39.3735162203011,39.32221699927757,-0.8222169992775719
20260607,MEAS_R000320,MEAS_UNIT_000320,320,C015,S01,1,38.9,38.9527680410095,38.862396947192,38.949418211424,38.89960155276771,0.0003984472322855
20260607,MEAS_R000323,MEAS_UNIT_000323,323,C015,S01,1,38.2,38.28285186139,38.2972339563097,38.2913876414113,38.27084258208893,-0.0708425820889289
20260607,MEAS_R000330,MEAS_UNIT_000330,330,C015,S01,1,38.5,38.6208961708645,38.5929454465411,38.5431920680103,38.54440950862738,-0.0444095086273819
20260607,MEAS_R000333,MEAS_UNIT_000333,333,C015,S01,1,40.0,39.196392279184,39.2274742144246,39.2250682212164,39.216453186557786,0.7835468134422143
20260607,MEAS_R000340,MEAS_UNIT_000340,340,C007,S01,1,39.8,39.7341504048299,39.7781934430383,39.7540480698904,39.76202640854401,0.0379735914559873
20260607,MEAS_R000349,MEAS_UNIT_000349,349,C007,S01,1,39.6,39.5865448389981,39.5158423038491,39.5356123511664,39.522100691383024,0.0778993086169776
20260607,MEAS_R000350,MEAS_UNIT_000350,350,C007,S01,1,39.3,39.5227758063024,39.5262177791025,39.4979850536554,39.50395013901141,-0.2039501390114111
20260607,MEAS_R000354,MEAS_UNIT_000354,354,C007,S01,1,40.6,40.5159061536382,40.1577154462637,40.4014200584836,40.30698292371279,0.2930170762872137
20260607,MEAS_R000357,MEAS_UNIT_000357,357,C013,S01,1,39.3,38.9150774516773,39.0487118564017,39.0804387247035,39.05572491277927,0.2442750872207284
20260607,MEAS_R000358,MEAS_UNIT_000358,358,C013,S01,1,38.7,38.6305000556575,38.6841441949694,38.6843491005442,38.66695604747044,0.0330439525295602
20260607,MEAS_R000367,MEAS_UNIT_000367,367,C024,S01,1,38.0,38.3338546078377,38.3026923862285,38.3339593002503,38.29856343611914,-0.2985634361191387
20260607,MEAS_R000375,MEAS_UNIT_000375,375,C024,S01,1,38.2,38.5883641227912,38.7645143616995,38.6006902891344,38.650325110992114,-0.4503251109921109
20260607,MEAS_R000379,MEAS_UNIT_000379,379,C024,S01,1,39.2,38.9107400764384,38.8473212965907,38.9360517569336,38.88536934984072,0.3146306501592875
20260607,MEAS_R000381,MEAS_UNIT_000381,381,C024,S01,1,38.5,38.6853382482078,38.7751132228575,38.6386909681505,38.67738743524541,-0.1773874352454072
20260607,MEAS_R000384,MEAS_UNIT_000384,384,C001,S01,1,38.2,38.2652522658792,38.2266462899647,38.1796212806681,38.17449983726858,0.0255001627314186
20260607,MEAS_R000386,MEAS_UNIT_000386,386,C001,S01,1,38.3,38.1836537380522,38.2323247773218,38.3386351238663,38.2722676091758,0.0277323908241982
20260607,MEAS_R000387,MEAS_UNIT_000387,387,C001,S01,1,38.2,38.4977980641644,38.347175078389,38.1796212806681,38.22437200649366,-0.0243720064936567
20260607,MEAS_R000388,MEAS_UNIT_000388,388,C002,S01,1,39.0,38.936234332044,39.0590734971246,38.9761101611247,38.9974848257986,0.0025151742013989
20260607,MEAS_R000390,MEAS_UNIT_000390,390,C002,S01,1,39.0,38.7973618508196,38.9487045770257,38.9761101611247,38.951721967203085,0.0482780327969152
20260607,MEAS_R000394,MEAS_UNIT_000394,394,C003,S01,1,38.5,38.5483487599369,38.5244705857843,38.5515304881008,38.52099738912429,-0.0209973891242896
20260607,MEAS_R000395,MEAS_UNIT_000395,395,C003,S01,1,38.5,38.5498767831929,38.5493923558344,38.5515304881008,38.531368942077776,-0.0313689420777762
20260607,MEAS_R000396,MEAS_UNIT_000396,396,C003,S01,1,38.6,38.5417306641537,38.5785785688588,38.63072546978,38.59099089855325,0.0090091014467574
20260607,MEAS_R000408,MEAS_UNIT_000408,408,C006,S01,1,39.4,39.4392718888589,39.3981218778882,39.434983492446,39.41297983589907,-0.012979835899074
20260607,MEAS_R000413,MEAS_UNIT_000413,413,C008,S01,1,38.1,38.0096374207481,38.1205447447201,38.1546577722279,38.11570128403706,-0.0157012840370569
20260607,MEAS_R000417,MEAS_UNIT_000417,417,C009,S01,1,40.4,40.3448506950482,40.4236772895372,40.4230882934165,40.43089227973773,-0.0308922797377348
20260607,MEAS_R000419,MEAS_UNIT_000419,419,C009,S01,1,39.6,39.4822681881687,39.4447832524186,39.5321343883163,39.49057167840835,0.1094283215916505
20260607,MEAS_R000425,MEAS_UNIT_000425,425,C010,S01,1,38.8,38.8010617932296,38.6993364813818,38.7385603687246,38.70555165182829,0.0944483481717028
20260607,MEAS_R000430,MEAS_UNIT_000430,430,C011,S01,1,38.1,38.4508888698563,38.1796389655149,38.1312933627787,38.12573243928192,-0.0257324392819171
20260607,MEAS_R000438,MEAS_UNIT_000438,438,C012,S01,1,40.4,40.2799282859254,40.3334460191918,40.309099078358,40.32510128207162,0.0748987179283773
20260607,MEAS_R000445,MEAS_UNIT_000445,445,C013,S01,1,39.1,38.9046812917631,39.1011360674776,39.0817874109217,39.07836768063587,0.0216323193641301
20260607,MEAS_R000448,MEAS_UNIT_000448,448,C014,S01,1,38.3,39.1856905808271,38.4057732015941,38.3228770326573,38.33374011283751,-0.0337401128375134
20260607,MEAS_R000451,MEAS_UNIT_000451,451,C016,S01,1,38.7,39.1617567772246,38.6659329940046,38.6437087254164,38.63434060788862,0.0656593921113852
20260607,MEAS_R000462,MEAS_UNIT_000462,462,C018,S01,1,38.8,38.8021389007021,38.758486988636,38.7836747247068,38.75720910224448,0.0427908977555233
20260607,MEAS_R000467,MEAS_UNIT_000467,467,C019,S01,1,39.5,39.5931013777224,39.5707303643407,39.5793314427235,39.5711407223838,-0.0711407223838023
20260607,MEAS_R000472,MEAS_UNIT_000472,472,C021,S01,1,38.3,38.789339052509,38.3182146507955,38.3285855897658,38.30122205629069,-0.0012220562906932
20260607,MEAS_R000473,MEAS_UNIT_000473,473,C021,S01,1,38.3,38.6009510561727,38.282378682234,38.3194622306105,38.28107845085065,0.018921549149347
20260607,MEAS_R000481,MEAS_UNIT_000481,481,C022,S01,1,38.4,38.9512333871853,38.45993126655,38.3780985499732,38.3896777792226,0.0103222207774038
20260607,MEAS_R000483,MEAS_UNIT_000483,483,C023,S01,1,38.9,38.9784276766345,38.9608882665331,38.9915319632799,38.96580460981664,-0.0658046098166451
20260607,MEAS_R000490,MEAS_UNIT_000490,490,C025,S01,1,39.3,39.2355863531057,39.3871938026225,39.2593645078091,39.30343962438867,-0.003439624388676
20260607,MEAS_R000495,MEAS_UNIT_000495,495,C026,S01,1,38.7,38.828127308903,38.7314697674175,38.7019958194824,38.69697851978273,0.0030214802172707
20260607,MEAS_R000499,MEAS_UNIT_000499,499,C026,S01,1,38.7,38.7370467413845,38.7254071718159,38.7019958194824,38.69457135698266,0.0054286430173391
20260607,MEAS_R000502,MEAS_UNIT_000502,502,C026,S01,1,38.7,38.5591423891338,38.7319870775126,38.6374120956293,38.658831245734746,0.0411687542652572
20260607,MEAS_R000504,MEAS_UNIT_000504,504,C027,S01,1,39.0,39.0382060094103,39.0540205376744,38.9581671579314,38.98449773710446,0.0155022628955379
20260607,MEAS_R000515,MEAS_UNIT_000515,515,C029,S01,1,38.3,38.4276294527853,38.3810726826282,38.4746963160342,38.415415142255725,-0.1154151422557276
20260607,MEAS_R000519,MEAS_UNIT_000519,519,C030,S01,1,40.2,40.0691458871199,40.2281927279782,40.091240898967,40.15099323091292,0.0490067690870859
20260607,MEAS_R000002,MEAS_UNIT_000002,2,C021,S01,2,38.3,38.1858277726632,38.1791958547926,38.2245605297956,38.16458308911216,0.1354169108878409
20260607,MEAS_R000006,MEAS_UNIT_000006,6,C021,S01,2,38.3,38.5822766076561,38.2745424442067,38.3535198597649,38.332940183822224,-0.0329401838222267
20260607,MEAS_R000010,MEAS_UNIT_000010,10,C003,S01,2,39.0,38.145180325657,38.4886637547336,38.4985637907825,38.39316832752981,0.6068316724701859
20260607,MEAS_R000012,MEAS_UNIT_000012,12,C003,S01,2,38.7,38.4977938139952,38.4485721923065,38.46341066974,38.43088549633913,0.2691145036608731
20260607,MEAS_R000019,MEAS_UNIT_000019,19,C003,S01,2,39.0,39.0620062002755,38.6153052414707,38.5965317270802,38.66127788983107,0.3387221101689306
20260607,MEAS_R000025,MEAS_UNIT_000025,25,C002,S01,2,38.5,39.1767065787387,39.0356164252535,39.0483485709392,39.038276022311,-0.5382760223109955
20260607,MEAS_R000029,MEAS_UNIT_000029,29,C002,S01,2,39.0,38.9913988551339,39.0751102432524,39.0462131034099,39.01692560809998,-0.0169256080999815
20260607,MEAS_R000033,MEAS_UNIT_000033,33,C002,S01,2,39.6,39.359457874953,39.3079345173099,39.1014185539627,39.20220716095444,0.3977928390455645
20260607,MEAS_R000035,MEAS_UNIT_000035,35,C029,S01,2,38.1,38.10670686699,38.4050503776622,38.3963949683211,38.30994927052285,-0.2099492705228485
20260607,MEAS_R000043,MEAS_UNIT_000043,43,C029,S01,2,38.5,39.0620406948253,38.414896217411,38.5213211225704,38.551374028496205,-0.0513740284962054
20260607,MEAS_R000044,MEAS_UNIT_000044,44,C029,S01,2,38.4,38.6527407193255,38.5065263721345,38.5233364271358,38.50877591031508,-0.1087759103150816
20260607,MEAS_R000048,MEAS_UNIT_000048,48,C001,S01,2,38.9,38.1733421681209,38.1961095669425,38.6315612307899,38.34079076822265,0.559209231777352
20260607,MEAS_R000057,MEAS_UNIT_000057,57,C001,S01,2,38.2,38.7062198501737,38.2519082791451,38.3539439420965,38.34826994570253,-0.1482699457025305
20260607,MEAS_R000060,MEAS_UNIT_000060,60,C001,S01,2,38.1,38.0192795882774,38.2449885215146,38.2145806408977,38.1537970153272,-0.0537970153271984
20260607,MEAS_R000062,MEAS_UNIT_000062,62,C027,S01,2,41.5,38.641537712331,38.7974340879885,39.0057065973846,38.82389327425738,2.6761067257426205
20260607,MEAS_R000064,MEAS_UNIT_000064,64,C027,S01,2,38.5,38.5834605011422,38.7478496488816,38.6299998241556,38.63452906722226,-0.1345290672222603
20260607,MEAS_R000065,MEAS_UNIT_000065,65,C027,S01,2,38.6,38.5244287001913,38.6842280768717,38.6326102214945,38.59941420218332,0.0005857978166829
20260607,MEAS_R000076,MEAS_UNIT_000076,76,C026,S01,2,39.0,39.0634737287101,38.7955365249384,38.8492780883651,38.838647037467965,0.1613529625320353
20260607,MEAS_R000078,MEAS_UNIT_000078,78,C026,S01,2,38.9,38.677439440236,38.7171835389751,38.6455854359055,38.64734056157239,0.2526594384276066
20260607,MEAS_R000087,MEAS_UNIT_000087,87,C016,S01,2,38.6,39.1362056462368,38.975650459461,38.9774929425026,38.97711807417618,-0.377118074176181
20260607,MEAS_R000088,MEAS_UNIT_000088,88,C016,S01,2,38.8,38.7451128771464,38.9259418167326,38.6668781323791,38.75080545402031,0.049194545979688
20260607,MEAS_R000093,MEAS_UNIT_000093,93,C022,S01,2,38.7,38.2578628917348,38.3605426299836,38.4428602059739,38.34147664938836,0.3585233506116481
20260607,MEAS_R000096,MEAS_UNIT_000096,96,C022,S01,2,39.0,38.4177609182365,38.3308970857369,38.440735419597,38.35995046056308,0.640049539436923
20260607,MEAS_R000101,MEAS_UNIT_000101,101,C022,S01,2,38.2,38.3221956120939,38.4127324753951,38.4159837032409,38.36290395909254,-0.1629039590925387
20260607,MEAS_R000107,MEAS_UNIT_000107,107,C014,S01,2,38.2,38.063682619847,38.2155590220047,38.1073019080385,38.10556957045651,0.0944304295434932
20260607,MEAS_R000110,MEAS_UNIT_000110,110,C014,S01,2,38.0,38.2126192240252,38.214945547224,38.1148172431215,38.13731473928602,-0.137314739286019
20260607,MEAS_R000115,MEAS_UNIT_000115,115,C014,S01,2,38.4,38.5884517240256,38.5564116100711,38.5246537470379,38.51634334707188,-0.1163433470718828
20260607,MEAS_R000119,MEAS_UNIT_000119,119,C023,S01,2,39.2,38.7654959869084,38.9722888773929,38.9019475331884,38.872172704461846,0.3278272955381567
20260607,MEAS_R000126,MEAS_UNIT_000126,126,C023,S01,2,39.1,39.6575754136133,39.1112267345182,39.3230835078338,39.27688445673823,-0.1768844567382288
20260607,MEAS_R000129,MEAS_UNIT_000129,129,C023,S01,2,39.3,39.1762459660256,39.238514860907,39.0817402515975,39.13139197864812,0.1686080213518792
20260607,MEAS_R000131,MEAS_UNIT_000131,131,C011,S01,2,38.0,38.0847780070991,38.0643985682717,38.1098416173597,38.05180001656377,-0.0518000165637673
20260607,MEAS_R000136,MEAS_UNIT_000136,136,C011,S01,2,39.1,38.2537242189796,38.2354535778621,38.2215122792335,38.19835703158087,0.9016429684191324
20260607,MEAS_R000145,MEAS_UNIT_000145,145,C004,S01,2,37.6,37.7991874907889,37.6447879947368,37.7102215538316,37.66408326865474,-0.0640832686547412
20260607,MEAS_R000147,MEAS_UNIT_000147,147,C004,S01,2,37.5,37.5136171374416,37.5608999544647,37.6037335785912,37.53113734317837,-0.0311373431783721
20260607,MEAS_R000150,MEAS_UNIT_000150,150,C004,S01,2,37.6,37.6841902448284,37.7000137666109,37.8229647734391,37.7110214455797,-0.111021445579702
20260607,MEAS_R000156,MEAS_UNIT_000156,156,C028,S01,2,40.3,40.1400757529698,40.2234685668453,40.1908318544351,40.17054718187582,0.1294528181241787
20260607,MEAS_R000168,MEAS_UNIT_000168,168,C008,S01,2,38.1,38.3537473007132,38.1548590159745,38.1467477970159,38.1546863006329,-0.0546863006329019
20260607,MEAS_R000172,MEAS_UNIT_000172,172,C008,S01,2,38.2,38.1565845083809,38.1554025539581,38.2302365809979,38.15205111658456,0.0479488834154437
20260607,MEAS_R000175,MEAS_UNIT_000175,175,C008,S01,2,38.2,38.2177489584095,38.1864185882113,38.2313124555667,38.17642672741293,0.0235732725870789
20260607,MEAS_R000176,MEAS_UNIT_000176,176,C030,S01,2,40.1,38.9437093686908,40.2774055948718,39.8253071096192,39.80566884447738,0.2943311555226202
20260607,MEAS_R000179,MEAS_UNIT_000179,179,C030,S01,2,40.3,40.1985851214827,40.3003408021596,40.205447012015,40.21800703009566,0.0819929699043342
20260607,MEAS_R000180,MEAS_UNIT_000180,180,C030,S01,2,40.3,40.3002878285252,40.2894786513745,40.1997734127718,40.2310464269987,0.0689535730012949
20260607,MEAS_R000188,MEAS_UNIT_000188,188,C030,S01,2,40.1,39.2084992163198,40.2363237074671,39.8090900686036,39.8340167090285,0.2659832909715049
20260607,MEAS_R000191,MEAS_UNIT_000191,191,C018,S01,2,38.8,38.8558715618709,38.8220975676394,38.7980936924357,38.78721125879037,0.0127887412096328
20260607,MEAS_R000199,MEAS_UNIT_000199,199,C018,S01,2,38.8,39.0939381772331,38.8239484264618,38.793228703369,38.83192395578703,-0.0319239557870361
20260607,MEAS_R000208,MEAS_UNIT_000208,208,C025,S01,2,39.4,39.1625632271003,39.4600741354685,39.3159294275099,39.31409696128829,0.0859030387117059
20260607,MEAS_R000209,MEAS_UNIT_000209,209,C025,S01,2,39.5,39.519623773894,39.4395808530297,39.3320841244819,39.38200043947195,0.1179995605280481
20260607,MEAS_R000216,MEAS_UNIT_000216,216,C010,S01,2,38.6,38.6580701314434,38.5931845669315,38.6029923904401,38.57725538511573,0.0227446148842673
20260607,MEAS_R000218,MEAS_UNIT_000218,218,C010,S01,2,38.6,38.6200063576204,38.6198009947434,38.6119569290143,38.584057340945485,0.0159426590545166
20260607,MEAS_R000220,MEAS_UNIT_000220,220,C010,S01,2,38.6,38.6237856468161,38.6379973412411,38.6576970484292,38.61121467040434,-0.0112146704043425
20260607,MEAS_R000229,MEAS_UNIT_000229,229,C019,S01,2,39.4,39.4099463337741,39.3691265477591,39.3854009410601,39.35585851067752,0.0441414893224845
20260607,MEAS_R000236,MEAS_UNIT_000236,236,C019,S01,2,39.4,39.4085086063979,39.4081826900003,39.3564639708926,39.35857379267951,0.0414262073204909
20260607,MEAS_R000239,MEAS_UNIT_000239,239,C005,S01,2,37.8,37.9867067664505,37.7760087758193,37.7795054515894,37.78078920371752,0.0192107962824792
20260607,MEAS_R000243,MEAS_UNIT_000243,243,C005,S01,2,37.8,37.9595634529349,37.7571059364833,37.7800021251734,37.76838054367636,0.0316194563236393
20260607,MEAS_R000246,MEAS_UNIT_000246,246,C005,S01,2,37.8,37.9664494524565,37.8479230662495,37.8639771833421,37.84060785850736,-0.0406078585073643
20260607,MEAS_R000250,MEAS_UNIT_000250,250,C005,S01,2,37.8,38.0214891950953,37.805055116074,37.8451165571214,37.82657164830341,-0.0265716483034168
20260607,MEAS_R000255,MEAS_UNIT_000255,255,C017,S01,2,39.2,38.8398260324076,39.1297361923329,39.0118046530318,38.99435787360461,0.2056421263953893
20260607,MEAS_R000263,MEAS_UNIT_000263,263,C017,S01,2,39.4,39.218225678094,39.2629528515606,39.3016846784451,39.24200323399981,0.1579967660001884
20260607,MEAS_R000265,MEAS_UNIT_000265,265,C017,S01,2,39.5,39.3191186632256,39.2949407023774,39.3035126813748,39.27475998099683,0.2252400190031664
20260607,MEAS_R000271,MEAS_UNIT_000271,271,C020,S01,2,38.8,38.6382897799189,38.8794712702276,38.7999195019909,38.76826234006232,0.0317376599376828
20260607,MEAS_R000273,MEAS_UNIT_000273,273,C020,S01,2,39.1,39.1774446662947,39.1805367560723,39.2146442713785,39.16519897634563,-0.0651989763456271
20260607,MEAS_R000277,MEAS_UNIT_000277,277,C020,S01,2,39.6,39.473470293427,39.5548720953922,39.5759288011311,39.521081996806,0.0789180031939977
20260607,MEAS_R000289,MEAS_UNIT_000289,289,C009,S01,2,40.5,40.3169013275332,40.392021821956,40.391303371679,40.35518707373028,0.1448129262697222
20260607,MEAS_R000290,MEAS_UNIT_000290,290,C009,S01,2,38.7,39.8392918021394,39.6485914168747,39.7365750078647,39.69627404104442,-0.9962740410444156
20260607,MEAS_R000296,MEAS_UNIT_000296,296,C012,S01,2,39.0,39.0593314007402,39.1872923035811,39.175596848121,39.12848209798819,-0.12848209798819
20260607,MEAS_R000297,MEAS_UNIT_000297,297,C012,S01,2,39.7,39.6891434017484,39.4793229700083,39.5351327112214,39.51610501355942,0.1838949864405847
20260607,MEAS_R000302,MEAS_UNIT_000302,302,C012,S01,2,40.0,39.6213597149492,39.61963216985,39.6829414952973,39.62016285344146,0.3798371465585362
20260607,MEAS_R000308,MEAS_UNIT_000308,308,C006,S01,2,38.6,38.5503792864349,38.7187063591545,38.6680726938552,38.63286265708628,-0.0328626570862766
20260607,MEAS_R000309,MEAS_UNIT_000309,309,C006,S01,2,39.3,39.1150897122565,38.9573633763912,39.1834926145834,39.05297654661141,0.2470234533885928
20260607,MEAS_R000316,MEAS_UNIT_000316,316,C006,S01,2,39.4,39.5655307294485,39.6184999249427,39.5919197225958,39.57045013455721,-0.170450134557214
20260607,MEAS_R000324,MEAS_UNIT_000324,324,C015,S01,2,38.5,38.6237180548906,38.9014134565846,38.647819071189,38.70970777957372,-0.2097077795737192
20260607,MEAS_R000327,MEAS_UNIT_000327,327,C015,S01,2,38.2,38.2872920725135,38.2704468954744,38.2861241597894,38.24580037239864,-0.0458003723986308
20260607,MEAS_R000329,MEAS_UNIT_000329,329,C015,S01,2,39.2,39.4181875702944,39.3496438019657,39.351139904293,39.335376716766746,-0.1353767167667428
20260607,MEAS_R000337,MEAS_UNIT_000337,337,C015,S01,2,39.1,38.9371692800269,38.8187841288397,38.8929007926164,38.84171722522209,0.2582827747779106
20260607,MEAS_R000347,MEAS_UNIT_000347,347,C007,S01,2,39.5,39.501764448916,39.5069948800789,39.5487010511917,39.4963833463149,0.0036166536850998
20260607,MEAS_R000348,MEAS_UNIT_000348,348,C007,S01,2,39.7,39.5447267427589,39.5208027907639,39.5595332655471,39.514654175936855,0.1853458240631482
20260607,MEAS_R000351,MEAS_UNIT_000351,351,C007,S01,2,40.7,40.3750215281353,40.1844277246283,40.2923736550346,40.24369201890955,0.456307981090454
20260607,MEAS_R000353,MEAS_UNIT_000353,353,C007,S01,2,39.4,39.5899410065642,39.3810340262806,39.6233081373733,39.49587298190679,-0.095872981906794
20260607,MEAS_R000361,MEAS_UNIT_000361,361,C013,S01,2,39.3,38.9118772288649,38.8822712959599,39.0059582586929,38.90935961332735,0.3906403866726506
20260607,MEAS_R000362,MEAS_UNIT_000362,362,C013,S01,2,39.2,39.1187018882083,39.1229078716718,39.0930850645276,39.07999244009712,0.1200075599028878
20260607,MEAS_R000369,MEAS_UNIT_000369,369,C024,S01,2,38.6,38.8395238814286,38.672778213354,38.9084287821083,38.77247959725066,-0.1724795972506569
20260607,MEAS_R000371,MEAS_UNIT_000371,371,C024,S01,2,38.3,38.8910674531044,38.7460286380324,38.9270345865516,38.81886704706736,-0.5188670470673671
20260607,MEAS_R000372,MEAS_UNIT_000372,372,C024,S01,2,38.2,38.8438441128846,38.8218524643766,38.9301099954872,38.84058951116506,-0.6405895111650608
20260607,MEAS_R000380,MEAS_UNIT_000380,380,C024,S01,2,41.2,40.1752193552064,40.2372933441389,40.0526710092062,40.12433641799729,1.0756635820027114
20260607,MEAS_R000391,MEAS_UNIT_000391,391,C002,S01,2,39.0,39.0708351072787,39.0144137186566,39.0531920920574,39.01158033964582,-0.0115803396458176
20260607,MEAS_R000401,MEAS_UNIT_000401,401,C004,S01,2,37.6,38.0031756916255,37.6633615472131,37.7074570427232,37.7096108605963,-0.1096108605962982
20260607,MEAS_R000409,MEAS_UNIT_000409,409,C006,S01,2,38.7,38.5163275351144,38.7359653418121,38.7110734873122,38.65117935761053,0.0488206423894723
20260607,MEAS_R000410,MEAS_UNIT_000410,410,C008,S01,2,38.2,38.1250092393633,38.2114142848008,38.2362528699955,38.17032042882459,0.0296795711754143
20260607,MEAS_R000415,MEAS_UNIT_000415,415,C009,S01,2,39.7,39.8148568326706,39.6127587228537,39.6989414934604,39.66167313405016,0.0383268659498412
20260607,MEAS_R000426,MEAS_UNIT_000426,426,C010,S01,2,38.7,38.7987834927388,38.7262716181619,38.7431124072207,38.7155762266996,-0.0155762266995935
20260607,MEAS_R000427,MEAS_UNIT_000427,427,C011,S01,2,38.3,39.0418446582208,38.1947404700816,38.2685416533621,38.354805540303815,-0.0548055403038176
20260607,MEAS_R000431,MEAS_UNIT_000431,431,C011,S01,2,38.2,38.1242519781208,38.1381916131714,38.1968821844774,38.1249902072049,0.0750097927951003
20260607,MEAS_R000439,MEAS_UNIT_000439,439,C013,S01,2,39.0,38.8738283597907,38.8619936316891,39.0056805487319,38.89397833939979,0.1060216606002129
20260607,MEAS_R000440,MEAS_UNIT_000440,440,C013,S01,2,39.1,39.0906577875552,39.1367979079415,39.0858028074475,39.076904459748576,0.0230955402514254
20260607,MEAS_R000449,MEAS_UNIT_000449,449,C014,S01,2,38.3,38.2843095107504,38.3227003182051,38.3176134789613,38.278902004749256,0.0210979952507415
20260607,MEAS_R000452,MEAS_UNIT_000452,452,C016,S01,2,38.7,38.8838888082018,38.7199806425364,38.744781037291,38.73029056997083,-0.0302905699708304
20260607,MEAS_R000453,MEAS_UNIT_000453,453,C016,S01,2,38.8,38.7484311180246,38.9533422283391,38.9853008648659,38.89671792538137,-0.0967179253813697
20260607,MEAS_R000458,MEAS_UNIT_000458,458,C017,S01,2,39.0,38.9352774906671,39.1283267692885,39.0155438192916,39.01385142668233,-0.0138514266823293
20260607,MEAS_R000460,MEAS_UNIT_000460,460,C018,S01,2,38.8,38.8570810954602,38.8292005112207,38.7932102913423,38.7881498868783,0.0118501131216959
20260607,MEAS_R000461,MEAS_UNIT_000461,461,C018,S01,2,38.8,38.8860348112681,38.8169215132123,38.7934286991496,38.78905607859005,0.0109439214099467
20260607,MEAS_R000466,MEAS_UNIT_000466,466,C019,S01,2,39.5,39.5250370644709,39.5555431161906,39.52896091501,39.51146554148069,-0.011465541480689
20260607,MEAS_R000468,MEAS_UNIT_000468,468,C019,S01,2,39.5,39.4766214412817,39.530859164499,39.5257497028518,39.49112157720801,0.0088784227919873
20260607,MEAS_R000475,MEAS_UNIT_000475,475,C021,S01,2,38.2,38.3267858918959,38.1832709207551,38.2292316265974,38.19541046841541,0.0045895315845925
20260607,MEAS_R000479,MEAS_UNIT_000479,479,C022,S01,2,38.4,38.5484632039505,38.4054186341343,38.3748460999972,38.38643041406567,0.0135695859343272
20260607,MEAS_R000484,MEAS_UNIT_000484,484,C023,S01,2,39.1,39.2495329116671,39.2295632437314,39.3159504054168,39.241073063127,-0.1410730631269956
20260607,MEAS_R000486,MEAS_UNIT_000486,486,C025,S01,2,39.4,39.0202456669158,39.4476748739692,39.3869700339219,39.31176335988833,0.0882366401116669
20260607,MEAS_R000491,MEAS_UNIT_000491,491,C025,S01,2,39.5,39.5259203015251,39.4844589741978,39.4076752409986,39.43266270830609,0.0673372916939101
20260607,MEAS_R000498,MEAS_UNIT_000498,498,C026,S01,2,38.7,39.1914397213965,38.7275155307366,38.6790919746095,38.76494989228367,-0.0649498922836642
20260607,MEAS_R000500,MEAS_UNIT_000500,500,C026,S01,2,38.6,38.5363809616174,38.6304647582014,38.5885083016763,38.56212789862092,0.0378721013790865
20260607,MEAS_R000506,MEAS_UNIT_000506,506,C027,S01,2,38.6,38.3943104631711,38.6850337052246,38.630335517515,38.573598930557786,0.0264010694422154
20260607,MEAS_R000508,MEAS_UNIT_000508,508,C027,S01,2,38.8,38.5751010514342,38.6931093659921,38.638689323057,38.61524687458052,0.1847531254194763
20260607,MEAS_R000509,MEAS_UNIT_000509,509,C028,S01,2,40.3,40.2347608762129,40.2882733584819,40.2830296498199,40.253092631216006,0.0469073687839909
20260607,MEAS_R000511,MEAS_UNIT_000511,511,C028,S01,2,40.2,40.1348501731035,40.1926419711211,40.1238496800235,40.12920823476591,0.0707917652340981
20260607,MEAS_R000512,MEAS_UNIT_000512,512,C028,S01,2,40.2,40.0825047509695,40.2086020345878,40.1279123326114,40.12702195865246,0.0729780413475396
20260607,MEAS_R000004,MEAS_UNIT_000004,4,C021,S01,3,38.4,38.477940048183,38.1779474444591,38.2439389333593,38.1890721012592,0.2109278987407989
20260607,MEAS_R000005,MEAS_UNIT_000005,5,C021,S01,3,38.1,38.7088484582943,38.1768265574286,38.2439389333593,38.17709331970099,-0.0770933197009853
20260607,MEAS_R000013,MEAS_UNIT_000013,13,C003,S01,3,38.4,38.5751605551056,38.5237721999607,38.5167184547963,38.50923317470524,-0.1092331747052384
20260607,MEAS_R000014,MEAS_UNIT_000014,14,C003,S01,3,38.5,38.3344710566486,38.485662329922,38.516261263329,38.504618971424335,-0.0046189714243354
20260607,MEAS_R000022,MEAS_UNIT_000022,22,C002,S01,3,38.2,38.6392651838045,39.4082336873364,39.062907376951,39.2389419158646,-1.0389419158645978
20260607,MEAS_R000024,MEAS_UNIT_000024,24,C002,S01,3,39.1,39.0930414595146,39.0911813622012,39.2512336935814,39.20294397773623,-0.1029439777362242
20260607,MEAS_R000034,MEAS_UNIT_000034,34,C002,S01,3,39.2,39.3469664214331,39.4198080154793,39.2748937040568,39.34624563126861,-0.1462456312686058
20260607,MEAS_R000042,MEAS_UNIT_000042,42,C029,S01,3,38.5,38.2215423133165,38.298834669607,38.285197961207,38.280337880858205,0.2196621191417946
20260607,MEAS_R000046,MEAS_UNIT_000046,46,C029,S01,3,38.9,38.3724647477336,38.3414451766309,38.3688792116837,38.345366817083736,0.5546331829162625
20260607,MEAS_R000047,MEAS_UNIT_000047,47,C001,S01,3,38.0,38.5043610816749,38.2448469913596,38.393138440178,38.313218782452026,-0.3132187824520258
20260607,MEAS_R000050,MEAS_UNIT_000050,50,C001,S01,3,38.3,38.3550058563754,38.2436535942156,38.2191049867028,38.20718484576703,0.0928151542329658
20260607,MEAS_R000051,MEAS_UNIT_000051,51,C001,S01,3,38.0,38.4396187308124,38.2953357341509,38.2197574906701,38.22550480833301,-0.2255048083330066
20260607,MEAS_R000068,MEAS_UNIT_000068,68,C027,S01,3,38.5,38.8959605634242,38.9508328829199,38.7492949250764,38.826918641985735,-0.3269186419857348
20260607,MEAS_R000069,MEAS_UNIT_000069,69,C027,S01,3,38.5,38.7734255892613,38.7830735786514,38.7465328935212,38.75945892197237,-0.2594589219723744
20260607,MEAS_R000075,MEAS_UNIT_000075,75,C026,S01,3,38.6,38.4151184909838,38.6140448674372,38.6091219798193,38.6157999743284,-0.0157999743284023
20260607,MEAS_R000080,MEAS_UNIT_000080,80,C016,S01,3,38.9,38.5413100694204,38.6428207888433,38.6789752574701,38.66716649431235,0.2328335056876511
20260607,MEAS_R000085,MEAS_UNIT_000085,85,C016,S01,3,38.7,38.4359892767601,38.5070873863727,38.4312138014993,38.453526783941165,0.2464732160588383
20260607,MEAS_R000091,MEAS_UNIT_000091,91,C022,S01,3,38.1,38.7944815105248,38.5698163947787,38.4471421739071,38.47284873307486,-0.3728487330748606
20260607,MEAS_R000092,MEAS_UNIT_000092,92,C022,S01,3,38.1,38.7076439280432,38.4750103226623,38.5939996065338,38.53193614635141,-0.4319361463514113
20260607,MEAS_R000100,MEAS_UNIT_000100,100,C022,S01,3,38.2,38.5223143013707,38.515469293459,38.4492156874958,38.46449828848451,-0.2644982884845106
20260607,MEAS_R000108,MEAS_UNIT_000108,108,C014,S01,3,37.5,38.1432268963866,38.1894160856119,38.1838832123831,38.17166639568383,-0.6716663956838289
20260607,MEAS_R000109,MEAS_UNIT_000109,109,C014,S01,3,38.1,37.9686118904577,38.1489210915107,38.1807046158865,38.16097489289032,-0.0609748928903144
20260607,MEAS_R000112,MEAS_UNIT_000112,112,C014,S01,3,39.0,38.8489810767443,38.5309945118591,38.708925285694,38.62344390427788,0.3765560957221225
20260607,MEAS_R000116,MEAS_UNIT_000116,116,C023,S01,3,38.3,38.820173151476,39.0604371816123,38.9288692001778,38.994140447269245,-0.6941404472692483
20260607,MEAS_R000122,MEAS_UNIT_000122,122,C023,S01,3,38.9,38.8463952523722,38.9393457435157,38.9503202369492,38.95495378966301,-0.0549537896630099
20260607,MEAS_R000127,MEAS_UNIT_000127,127,C023,S01,3,39.9,39.4426118142778,39.1402721682465,39.0446848895423,39.07247062579291,0.8275293742070886
20260607,MEAS_R000137,MEAS_UNIT_000137,137,C011,S01,3,38.2,39.067837945343,38.456630621722,38.5737575950677,38.492996785979805,-0.2929967859798026
20260607,MEAS_R000138,MEAS_UNIT_000138,138,C011,S01,3,38.1,38.8993447132626,38.4465378634851,38.5755312385614,38.49822120503053,-0.3982212050305307
20260607,MEAS_R000149,MEAS_UNIT_000149,149,C004,S01,3,37.7,38.257405776231,37.6728560664565,37.7063011185142,37.6350024281061,0.0649975718939046
20260607,MEAS_R000157,MEAS_UNIT_000157,157,C028,S01,3,40.1,40.0858359638157,40.0182295909494,40.083907855336,40.09057422856595,0.0094257714340528
20260607,MEAS_R000160,MEAS_UNIT_000160,160,C028,S01,3,40.1,40.1352996162556,40.0843845541051,40.1264685291557,40.14403792266262,-0.0440379226626177
20260607,MEAS_R000163,MEAS_UNIT_000163,163,C028,S01,3,40.3,40.2944718409509,40.2691629191031,40.2969525742207,40.32581871055133,-0.0258187105513343
20260607,MEAS_R000169,MEAS_UNIT_000169,169,C008,S01,3,38.1,38.1516642561444,38.1352808697215,38.1491519763533,38.12554331764757,-0.0255433176475676
20260607,MEAS_R000171,MEAS_UNIT_000171,171,C008,S01,3,38.2,38.1622193704803,38.1420765878543,38.218357126428,38.172844493633214,0.0271555063667889
20260607,MEAS_R000177,MEAS_UNIT_000177,177,C030,S01,3,40.2,39.6386165170043,40.237929550244,40.1176960995713,40.22876694841372,-0.0287669484137182
20260607,MEAS_R000185,MEAS_UNIT_000185,185,C030,S01,3,40.2,40.1938886666388,40.2607991756662,40.0407105636351,40.160928605537975,0.0390713944620273
20260607,MEAS_R000189,MEAS_UNIT_000189,189,C030,S01,3,40.2,39.2793363482428,40.254840560944,40.1152456687954,40.25230331249031,-0.0523033124903093
20260607,MEAS_R000194,MEAS_UNIT_000194,194,C018,S01,3,38.8,38.7087855196838,38.7637934499538,38.7802688637357,38.776327036477056,0.0236729635229409
20260607,MEAS_R000200,MEAS_UNIT_000200,200,C018,S01,3,38.8,38.6243650830876,38.7712147796871,38.7938424212387,38.79251640064194,0.0074835993580535
20260607,MEAS_R000201,MEAS_UNIT_000201,201,C018,S01,3,38.8,38.5259875325329,38.7853332553502,38.7937235934189,38.80337851320314,-0.0033785132031454
20260607,MEAS_R000214,MEAS_UNIT_000214,214,C010,S01,3,38.6,38.5970144255844,38.6229106998807,38.6124591980232,38.61270055600818,-0.0127005560081769
20260607,MEAS_R000219,MEAS_UNIT_000219,219,C010,S01,3,38.7,38.6784522457814,38.7251265627228,38.6920206067336,38.70401553048955,-0.0040155304895463
20260607,MEAS_R000224,MEAS_UNIT_000224,224,C010,S01,3,38.7,38.8582530799414,38.7455229144133,38.8103931276259,38.78062021207065,-0.0806202120706487
20260607,MEAS_R000228,MEAS_UNIT_000228,228,C019,S01,3,39.5,39.4817186162512,39.4481838266256,39.4336377897225,39.45471173008951,0.0452882699104932
20260607,MEAS_R000231,MEAS_UNIT_000231,231,C019,S01,3,39.6,39.4697245203452,39.4063782704958,39.4971979111721,39.47867965762515,0.121320342374851
20260607,MEAS_R000237,MEAS_UNIT_000237,237,C019,S01,3,39.5,39.4185967752187,39.4272649572792,39.4469880212666,39.45757123136229,0.0424287686377127
20260607,MEAS_R000238,MEAS_UNIT_000238,238,C005,S01,3,37.8,37.9014153340032,37.8182244574463,37.8690186600818,37.8205372829608,-0.0205372829608023
20260607,MEAS_R000249,MEAS_UNIT_000249,249,C005,S01,3,38.0,38.190666664751,38.0390644229561,38.0368088113061,38.00951910761363,-0.0095191076136273
20260607,MEAS_R000253,MEAS_UNIT_000253,253,C017,S01,3,38.9,39.013993239946,39.1004493376796,39.1469791086511,39.143176162461,-0.2431761624610047
20260607,MEAS_R000262,MEAS_UNIT_000262,262,C017,S01,3,39.3,39.4551233466793,39.4925511452194,39.4468883344003,39.48361761941557,-0.1836176194155712
20260607,MEAS_R000264,MEAS_UNIT_000264,264,C017,S01,3,40.0,39.7811930513826,39.8886932861814,39.8694725942853,39.91114325727593,0.0888567427240687
20260607,MEAS_R000278,MEAS_UNIT_000278,278,C020,S01,3,38.6,39.5465680774465,39.5156220897225,39.5034186441492,39.52562623997917,-0.9256262399791666
20260607,MEAS_R000281,MEAS_UNIT_000281,281,C020,S01,3,40.2,40.1974972766112,40.2756860883529,40.1528432045366,40.2399005067573,-0.0399005067572986
20260607,MEAS_R000282,MEAS_UNIT_000282,282,C020,S01,3,39.5,39.5422995839744,39.5857951048093,39.5984282413539,39.61752820668363,-0.1175282066836302
20260607,MEAS_R000287,MEAS_UNIT_000287,287,C009,S01,3,39.5,39.3559983539177,39.4109956320842,39.4577455668463,39.46071093475285,0.0392890652471464
20260607,MEAS_R000291,MEAS_UNIT_000291,291,C009,S01,3,40.8,40.4788639990228,40.4596925568289,40.4174961343816,40.47638872811111,0.3236112718888861
20260607,MEAS_R000295,MEAS_UNIT_000295,295,C012,S01,3,39.0,39.0736321670013,39.1405054205265,39.1656913868268,39.16948828214629,-0.1694882821462897
20260607,MEAS_R000298,MEAS_UNIT_000298,298,C012,S01,3,39.5,39.4671479637962,39.4670086741616,39.4994418196732,39.50620276679564,-0.0062027667956385
20260607,MEAS_R000300,MEAS_UNIT_000300,300,C012,S01,3,39.5,39.5008912956457,39.5069108743168,39.5199614207931,39.534911749816125,-0.0349117498161248
20260607,MEAS_R000311,MEAS_UNIT_000311,311,C006,S01,3,39.7,38.8918760374954,38.9956327852508,39.0314811455173,39.02944879404461,0.6705512059553911
20260607,MEAS_R000314,MEAS_UNIT_000314,314,C006,S01,3,39.4,39.5278975189925,39.616946254931,39.5732338944431,39.61521912360188,-0.2152191236018765
20260607,MEAS_R000318,MEAS_UNIT_000318,318,C006,S01,3,39.6,39.6788707358467,39.7115846094232,39.6120411121727,39.67337684334217,-0.0733768433421673
20260607,MEAS_R000321,MEAS_UNIT_000321,321,C015,S01,3,38.2,38.3056574630618,38.4069866681337,38.3129970087172,38.34046125465436,-0.1404612546543546
20260607,MEAS_R000326,MEAS_UNIT_000326,326,C015,S01,3,38.2,38.2544262320765,38.3247744736781,38.290570944675,38.293285066149465,-0.0932850661494626
20260607,MEAS_R000331,MEAS_UNIT_000331,331,C015,S01,3,39.0,39.6482086519358,39.5115376425012,39.5062013718382,39.52062337042636,-0.5206233704263568
20260607,MEAS_R000334,MEAS_UNIT_000334,334,C015,S01,3,38.5,38.582928524966,38.5757748126099,38.5427504398555,38.547990383551465,-0.0479903835514647
20260607,MEAS_R000339,MEAS_UNIT_000339,339,C007,S01,3,38.4,39.4707325939527,39.4945257751321,39.526428895635,39.53531307515292,-1.135313075152922
20260607,MEAS_R000341,MEAS_UNIT_000341,341,C007,S01,3,38.5,39.4773603351853,39.468480409564,39.5230001939569,39.521615036798806,-1.0216150367988064
20260607,MEAS_R000355,MEAS_UNIT_000355,355,C007,S01,3,38.3,39.3724864264983,39.5896873462666,39.6229898585828,39.64359246098992,-1.3435924609899177
20260607,MEAS_R000356,MEAS_UNIT_000356,356,C007,S01,3,40.2,39.4135498011097,39.5905479885407,39.63128722173,39.647301330033,0.5526986699670005
20260607,MEAS_R000363,MEAS_UNIT_000363,363,C013,S01,3,38.5,38.7375147675425,38.7944081016898,38.6951273252762,38.73273008719494,-0.2327300871949376
20260607,MEAS_R000365,MEAS_UNIT_000365,365,C013,S01,3,39.1,39.0993826975975,39.1792583350277,39.1477477974402,39.17313801924539,-0.0731380192453912
20260607,MEAS_R000374,MEAS_UNIT_000374,374,C024,S01,3,38.7,39.0018548723919,39.0172103674251,39.001614416008,39.01381711985557,-0.313817119855571
20260607,MEAS_R000377,MEAS_UNIT_000377,377,C024,S01,3,40.4,40.5153470189743,40.4072976217958,40.4873121478533,40.49747280628085,-0.0974728062808552
20260607,MEAS_R000383,MEAS_UNIT_000383,383,C024,S01,3,40.2,40.6634253863816,40.4690287173607,40.5301909770998,40.544339411546034,-0.3443394115460307
20260607,MEAS_R000392,MEAS_UNIT_000392,392,C003,S01,3,38.5,38.5258729697781,38.5319899802896,38.5179935173574,38.51603096774941,-0.0160309677494083
20260607,MEAS_R000393,MEAS_UNIT_000393,393,C003,S01,3,38.6,38.3440176905588,38.5423572955512,38.6751964831808,38.63155960889904,-0.0315596088990375
20260607,MEAS_R000398,MEAS_UNIT_000398,398,C004,S01,3,37.7,37.9924345397486,37.7079171365139,37.7527538260196,37.693348939524185,0.0066510604758178
20260607,MEAS_R000400,MEAS_UNIT_000400,400,C004,S01,3,37.5,37.7601954261842,37.593878736939,37.5919182747915,37.55173281456984,-0.0517328145698385
20260607,MEAS_R000402,MEAS_UNIT_000402,402,C005,S01,3,37.8,38.0114979446011,37.8303822434496,37.8720629334544,37.82223236131484,-0.0222323613148418
20260607,MEAS_R000403,MEAS_UNIT_000403,403,C005,S01,3,37.7,37.8385193583291,37.8158343134507,37.8081540293817,37.78314108414328,-0.0831410841432784
20260607,MEAS_R000411,MEAS_UNIT_000411,411,C008,S01,3,38.2,38.1985474716374,38.1823507022102,38.2248526805545,38.1924811631513,0.0075188368487033
20260607,MEAS_R000416,MEAS_UNIT_000416,416,C009,S01,3,40.4,40.4582407521276,40.4587544884733,40.3954115227759,40.46267981574279,-0.0626798157427899
20260607,MEAS_R000421,MEAS_UNIT_000421,421,C009,S01,3,39.5,39.5543259268393,39.4804914181492,39.4806308862203,39.49541959477274,0.0045804052272586
20260607,MEAS_R000424,MEAS_UNIT_000424,424,C010,S01,3,38.6,38.6188440233636,38.6549986113365,38.6356168910732,38.64037213631677,-0.040372136316769
20260607,MEAS_R000428,MEAS_UNIT_000428,428,C011,S01,3,38.3,38.5699011252983,38.4049194222287,38.3559343649919,38.35428720713067,-0.0542872071306703
20260607,MEAS_R000429,MEAS_UNIT_000429,429,C011,S01,3,38.4,39.1782641302793,38.5088139714038,38.5749142112786,38.51057287493448,-0.1105728749344763
20260607,MEAS_R000441,MEAS_UNIT_000441,441,C013,S01,3,38.7,38.7249131004139,38.766792639045,38.7090690779912,38.73059275072066,-0.0305927507206575
20260607,MEAS_R000443,MEAS_UNIT_000443,443,C013,S01,3,39.1,39.1988662864716,39.1189184780704,39.1172556873696,39.122577945626816,-0.0225779456268142
20260607,MEAS_R000450,MEAS_UNIT_000450,450,C016,S01,3,38.6,38.64009900756,38.5660718066605,38.677080099943,38.62818267115412,-0.0281826711541199
20260607,MEAS_R000454,MEAS_UNIT_000454,454,C016,S01,3,38.7,38.6234085991122,38.6766684840044,38.7101635729225,38.697802032237455,0.0021979677625481
20260607,MEAS_R000469,MEAS_UNIT_000469,469,C020,S01,3,40.2,40.1958493491448,40.2384493124061,40.1402753894647,40.215894796505424,-0.015894796505421
20260607,MEAS_R000470,MEAS_UNIT_000470,470,C020,S01,3,39.6,39.605638592672,39.556940193525,39.5737685875755,39.58602344587463,0.0139765541253709
20260607,MEAS_R000477,MEAS_UNIT_000477,477,C021,S01,3,38.2,38.8982982750119,38.1797150723202,38.2434342489111,38.16856686362893,0.0314331363710707
20260607,MEAS_R000478,MEAS_UNIT_000478,478,C021,S01,3,38.2,38.2336186085305,38.1923649787654,38.2439389333593,38.20740729823351,-0.0074072982335096
20260607,MEAS_R000488,MEAS_UNIT_000488,488,C025,S01,3,39.4,39.2314576530046,39.370156982729,39.3847910240254,39.40208867593564,-0.0020886759356386
20260607,MEAS_R000489,MEAS_UNIT_000489,489,C025,S01,3,39.4,39.1715022359568,39.3968171785335,39.3917743790193,39.42101271429216,-0.021012714292155
20260607,MEAS_R000493,MEAS_UNIT_000493,493,C025,S01,3,39.4,39.4941626204376,39.4883183337507,39.3802308070224,39.4365966839162,-0.0365966839162013
20260607,MEAS_R000497,MEAS_UNIT_000497,497,C026,S01,3,38.7,38.7472907543109,38.6862653594863,38.689756238963,38.68249238506602,0.017507614933983
20260607,MEAS_R000517,MEAS_UNIT_000517,517,C029,S01,3,38.3,38.3960213000456,38.2991140837259,38.2837146161752,38.27080554528009,0.0291944547199065
20260607,MEAS_R000003,MEAS_UNIT_000003,3,C021,S01,4,38.2,38.1970156190137,38.1774621998398,38.2393436291985,38.19038552558712,0.0096144744128849
20260607,MEAS_R000007,MEAS_UNIT_000007,7,C021,S01,4,38.3,38.3430194348614,38.2367433031907,38.1949345357081,38.21965696754368,0.0803430324563194
20260607,MEAS_R000011,MEAS_UNIT_000011,11,C003,S01,4,38.8,38.4976066073872,38.5513261796933,38.6027792721872,38.55009650129709,0.2499034987029063
20260607,MEAS_R000021,MEAS_UNIT_000021,21,C003,S01,4,38.0,38.65422851884,38.6383011274146,38.5933831577067,38.60761751788333,-0.6076175178833338
20260607,MEAS_R000027,MEAS_UNIT_000027,27,C002,S01,4,39.2,39.1378567962399,39.0505530273791,38.9888107665148,39.0256454727418,0.1743545272582025
20260607,MEAS_R000030,MEAS_UNIT_000030,30,C002,S01,4,38.9,39.0240323882031,39.0674759513224,38.9888107665148,39.01520296911308,-0.1152029691130778
20260607,MEAS_R000037,MEAS_UNIT_000037,37,C029,S01,4,38.0,38.3663886152062,38.3133024735991,38.3770045744149,38.33278992163353,-0.3327899216335268
20260607,MEAS_R000038,MEAS_UNIT_000038,38,C029,S01,4,38.2,38.3416969029467,38.2881191155897,38.3770045744149,38.3181949876491,-0.1181949876490975
20260607,MEAS_R000049,MEAS_UNIT_000049,49,C001,S01,4,39.2,38.1217031869259,38.1666214929496,38.5739348846715,38.315177106650765,0.8848228933492379
20260607,MEAS_R000052,MEAS_UNIT_000052,52,C001,S01,4,38.0,38.2038704696144,38.1815228734569,38.2214680779394,38.18564581865171,-0.1856458186517073
20260607,MEAS_R000054,MEAS_UNIT_000054,54,C001,S01,4,38.0,38.2520703361832,38.2567096576711,38.2214680779394,38.22525767407332,-0.2252576740733189
20260607,MEAS_R000061,MEAS_UNIT_000061,61,C027,S01,4,38.9,38.7983763549013,38.9056018299021,38.9361059888816,38.888766230163206,0.0112337698367923
20260607,MEAS_R000067,MEAS_UNIT_000067,67,C027,S01,4,38.6,38.6203971887426,38.7597856783392,38.6857665822737,38.69323931396333,-0.0932393139633305
20260607,MEAS_R000079,MEAS_UNIT_000079,79,C026,S01,4,38.6,38.7249156872797,38.8098838059049,38.7360840284653,38.75209733413249,-0.1520973341324918
20260607,MEAS_R000082,MEAS_UNIT_000082,82,C016,S01,4,38.0,38.7893559353538,38.7968219663676,38.6108598056764,38.70370692109023,-0.7037069210902303
20260607,MEAS_R000083,MEAS_UNIT_000083,83,C016,S01,4,38.1,38.5908990467047,38.7230764109231,38.6108598056764,38.64138016975845,-0.5413801697584475
20260607,MEAS_R000090,MEAS_UNIT_000090,90,C022,S01,4,38.3,38.7814904793268,38.2981358951608,38.3402401894673,38.37525712870182,-0.0752571287018213
20260607,MEAS_R000098,MEAS_UNIT_000098,98,C022,S01,4,38.0,38.5036523565349,38.6666045514351,38.6205418165559,38.60778592700649,-0.6077859270064891
20260607,MEAS_R000102,MEAS_UNIT_000102,102,C022,S01,4,38.5,38.3291853120323,38.3879019260697,38.3871863039511,38.36318433144928,0.1368156685507244
20260607,MEAS_R000104,MEAS_UNIT_000104,104,C014,S01,4,38.5,38.1944890524381,38.2487710625834,38.2568869235691,38.22786300771914,0.2721369922808634
20260607,MEAS_R000113,MEAS_UNIT_000113,113,C014,S01,4,39.2,38.6840696651847,38.4785646352394,38.638206810336,38.562899580356415,0.6371004196435877
20260607,MEAS_R000117,MEAS_UNIT_000117,117,C023,S01,4,38.3,39.352183092126,39.1562660264646,39.1688828563251,39.18004370611244,-0.8800437061124384
20260607,MEAS_R000121,MEAS_UNIT_000121,121,C023,S01,4,38.8,38.7094044628577,38.983839231669,38.96655825217,38.921226270008844,-0.1212262700088473
20260607,MEAS_R000124,MEAS_UNIT_000124,124,C023,S01,4,39.1,38.6172283404651,38.9887958695629,38.96655825217,38.90903187934791,0.1909681206520943
20260607,MEAS_R000132,MEAS_UNIT_000132,132,C011,S01,4,37.9,38.0110647852934,38.1161523908689,38.1596141668304,38.10168764387545,-0.2016876438754522
20260607,MEAS_R000134,MEAS_UNIT_000134,134,C011,S01,4,38.1,38.0022088807388,38.1685875651547,38.1596141668304,38.12271842629136,-0.0227184262913553
20260607,MEAS_R000146,MEAS_UNIT_000146,146,C004,S01,4,37.5,37.8685504213104,37.5849965102364,37.589003385945,37.61193126489944,-0.1119312648994395
20260607,MEAS_R000151,MEAS_UNIT_000151,151,C028,S01,4,40.3,40.2939906650445,40.2932870662053,40.2368766511752,40.26257501351625,0.0374249864837494
20260607,MEAS_R000154,MEAS_UNIT_000154,154,C028,S01,4,40.2,40.1415980806723,40.209002378176,40.1373496432804,40.16092064646452,0.0390793535354845
20260607,MEAS_R000158,MEAS_UNIT_000158,158,C028,S01,4,40.3,40.2694326091589,40.190258418697,40.1493582195395,40.17782515204759,0.122174847952408
20260607,MEAS_R000165,MEAS_UNIT_000165,165,C008,S01,4,38.2,38.1797812186727,38.1645495446814,38.2728205703052,38.19631114314778,0.0036888568522215
20260607,MEAS_R000174,MEAS_UNIT_000174,174,C008,S01,4,38.3,38.2419867738927,38.3272630937657,38.2963774498436,38.28543378610041,0.0145662138995845
20260607,MEAS_R000181,MEAS_UNIT_000181,181,C030,S01,4,40.3,39.9959766794864,40.2687161172802,40.1957497248063,40.18845664313511,0.1115433568648853
20260607,MEAS_R000184,MEAS_UNIT_000184,184,C030,S01,4,40.2,40.0729932987621,40.1860248020476,40.1055807149047,40.12705085606956,0.0729491439304439
20260607,MEAS_R000190,MEAS_UNIT_000190,190,C018,S01,4,38.8,38.6517714102453,38.8810017878047,38.7910197564748,38.79429898287021,0.0057010171297875
20260607,MEAS_R000192,MEAS_UNIT_000192,192,C018,S01,4,38.8,38.859761358137,38.8418666896472,38.7966908035625,38.812263217246326,-0.0122632172463283
20260607,MEAS_R000203,MEAS_UNIT_000203,203,C025,S01,4,39.5,39.3031084371482,39.4048503633016,39.3494055637833,39.354782905253664,0.1452170947463358
20260607,MEAS_R000210,MEAS_UNIT_000210,210,C025,S01,4,39.4,38.880162013183,39.4825960436609,39.3773247438506,39.33410750482263,0.0658924951773727
20260607,MEAS_R000211,MEAS_UNIT_000211,211,C010,S01,4,38.7,38.8063179765057,38.7696595183851,38.7974591510565,38.77343445535392,-0.0734344553539187
20260607,MEAS_R000223,MEAS_UNIT_000223,223,C010,S01,4,38.7,38.7912679694663,38.7393851614513,38.7950015110155,38.75712465789558,-0.0571246578955779
20260607,MEAS_R000227,MEAS_UNIT_000227,227,C019,S01,4,39.4,39.4015439131999,39.357992487554,39.3437205245402,39.34764682193298,0.0523531780670154
20260607,MEAS_R000233,MEAS_UNIT_000233,233,C019,S01,4,39.5,39.5730983447542,39.5674531090875,39.5013005959283,39.53024946825205,-0.0302494682520517
20260607,MEAS_R000244,MEAS_UNIT_000244,244,C005,S01,4,38.2,38.2571901891224,38.1663237572062,38.3045904347861,38.22248805227976,-0.0224880522797548
20260607,MEAS_R000248,MEAS_UNIT_000248,248,C005,S01,4,37.8,37.8967935116215,37.8285157147725,37.8937631081944,37.84890982716605,-0.0489098271660566
20260607,MEAS_R000259,MEAS_UNIT_000259,259,C017,S01,4,39.6,39.2958798596195,39.3313835233435,39.3238035689827,39.311469751947584,0.2885302480524174
20260607,MEAS_R000261,MEAS_UNIT_000261,261,C017,S01,4,39.9,39.9932220211703,39.9622187214928,39.9529363419143,39.95465137384099,-0.0546513738409899
20260607,MEAS_R000266,MEAS_UNIT_000266,266,C017,S01,4,39.8,39.9968523312829,40.0138908235769,39.9554047933078,39.97833595177468,-0.1783359517746845
20260607,MEAS_R000269,MEAS_UNIT_000269,269,C020,S01,4,38.6,38.7815416666034,38.9751849173489,38.8889864673067,38.89601231941569,-0.2960123194156878
20260607,MEAS_R000276,MEAS_UNIT_000276,276,C020,S01,4,39.5,39.1257351377925,39.2903629424342,39.0944261518484,39.1707800372686,0.3292199627314005
20260607,MEAS_R000283,MEAS_UNIT_000283,283,C020,S01,4,40.2,40.1551724292937,40.2449002886185,40.1672095078943,40.190961503989215,0.0090384960107883
20260607,MEAS_R000286,MEAS_UNIT_000286,286,C009,S01,4,39.4,39.8709495364643,39.5390275917555,39.5302033713052,39.57654117970543,-0.1765411797054312
20260607,MEAS_R000288,MEAS_UNIT_000288,288,C009,S01,4,39.5,39.9024558121888,39.6536886900065,39.6749567027378,39.69148001520844,-0.191480015208441
20260607,MEAS_R000303,MEAS_UNIT_000303,303,C012,S01,4,39.4,39.4891834635187,39.5076167369238,39.4880990839681,39.4860834912202,-0.0860834912202008
20260607,MEAS_R000304,MEAS_UNIT_000304,304,C012,S01,4,40.6,40.2824158008449,40.3188906929746,40.2989638058404,40.297904328562055,0.3020956714379466
20260607,MEAS_R000306,MEAS_UNIT_000306,306,C006,S01,4,39.8,39.4458303634609,39.6246951208236,39.5628326828661,39.56090001775239,0.2390999822476089
20260607,MEAS_R000310,MEAS_UNIT_000310,310,C006,S01,4,38.5,38.6523521197784,38.9066571814813,38.7169553577782,38.77411431804072,-0.2741143180407164
20260607,MEAS_R000317,MEAS_UNIT_000317,317,C006,S01,4,39.9,38.931113259881,38.9572440057133,38.9640713970145,38.94323833023007,0.956761669769925
20260607,MEAS_R000332,MEAS_UNIT_000332,332,C015,S01,4,39.7,39.3518283348002,39.2708422239241,39.3502950150374,39.30546042234258,0.3945395776574258
20260607,MEAS_R000335,MEAS_UNIT_000335,335,C015,S01,4,38.4,38.5758620761473,38.6571303524226,38.584890799559,38.59991347273058,-0.1999134727305858
20260607,MEAS_R000336,MEAS_UNIT_000336,336,C015,S01,4,38.8,39.0079251367674,39.0302615378112,39.0275375658726,39.01313350693029,-0.2131335069302906
20260607,MEAS_R000343,MEAS_UNIT_000343,343,C007,S01,4,39.3,38.8554879899101,38.8844545317467,38.9001671889045,38.87344010298142,0.4265598970185777
20260607,MEAS_R000344,MEAS_UNIT_000344,344,C007,S01,4,39.9,39.7731326817769,39.7881683403269,39.8052525604312,39.78381748556095,0.1161825144390533
20260607,MEAS_R000346,MEAS_UNIT_000346,346,C007,S01,4,39.7,39.7786680979386,39.785111610067,39.8058861190868,39.783638033933926,-0.0836380339339228
20260607,MEAS_R000352,MEAS_UNIT_000352,352,C007,S01,4,39.2,39.5197337208767,39.34647856792,39.4836086767464,39.420077927938,-0.220077927938
20260607,MEAS_R000359,MEAS_UNIT_000359,359,C013,S01,4,38.6,38.689356630274,38.7451239770424,38.7848837077181,38.73948558478938,-0.1394855847893765
20260607,MEAS_R000366,MEAS_UNIT_000366,366,C013,S01,4,39.0,39.1772321188339,39.1789653363523,39.158174976834,39.158062054223016,-0.1580620542230164
20260607,MEAS_R000370,MEAS_UNIT_000370,370,C024,S01,4,38.3,38.0772129253232,38.2070219601532,38.1388055620274,38.14201143942365,0.1579885605763493
20260607,MEAS_R000373,MEAS_UNIT_000373,373,C024,S01,4,38.4,38.1122736283921,38.286004833729,38.1409931663735,38.18212788699556,0.2178721130044394
20260607,MEAS_R000382,MEAS_UNIT_000382,382,C024,S01,4,40.5,40.5003928280247,40.4117083229977,40.4405190109636,40.43111420173955,0.0688857982604531
20260607,MEAS_R000385,MEAS_UNIT_000385,385,C001,S01,4,38.3,38.1506824931397,38.2226623181579,38.32388699192,38.23816271481349,0.0618372851865132
20260607,MEAS_R000389,MEAS_UNIT_000389,389,C002,S01,4,39.0,38.989647396649,38.9305119786167,38.9888107665148,38.95133842401267,0.0486615759873316
20260607,MEAS_R000397,MEAS_UNIT_000397,397,C004,S01,4,37.6,37.7590173178232,37.7007645752028,37.7779803601492,37.72409545904027,-0.1240954590402694
20260607,MEAS_R000399,MEAS_UNIT_000399,399,C004,S01,4,37.7,37.8566995450324,37.7146134431468,37.7779803601492,37.74518049807402,-0.0451804980740178
20260607,MEAS_R000405,MEAS_UNIT_000405,405,C005,S01,4,37.7,37.8333638474357,37.7937686320585,37.8460885087253,37.80410600506205,-0.1041060050620501
20260607,MEAS_R000407,MEAS_UNIT_000407,407,C006,S01,4,39.6,39.4047177944352,39.6478113347885,39.558910974073,39.5627400451377,0.0372599548623
20260607,MEAS_R000414,MEAS_UNIT_000414,414,C008,S01,4,38.2,38.1767116704976,38.1456601630849,38.2728205703052,38.187762983729705,0.0122370162702978
20260607,MEAS_R000420,MEAS_UNIT_000420,420,C009,S01,4,39.6,39.9183022850455,39.5807569070399,39.5323880539612,39.60264634364791,-0.0026463436479033
20260607,MEAS_R000422,MEAS_UNIT_000422,422,C009,S01,4,39.7,39.8814685258733,39.6195851913314,39.6799317257792,39.67574692172576,0.0242530782742491
20260607,MEAS_R000423,MEAS_UNIT_000423,423,C010,S01,4,38.7,38.7437169950951,38.7941666951931,38.7831203205433,38.7681387519186,-0.068138751918596
20260607,MEAS_R000432,MEAS_UNIT_000432,432,C011,S01,4,38.2,38.2857070860546,38.2253930541039,38.239499674883,38.22470379664837,-0.0247037966483674
20260607,MEAS_R000434,MEAS_UNIT_000434,434,C011,S01,4,38.1,38.0094152261471,38.1613548125371,38.1596141668304,38.120746773809216,-0.0207467738092148
20260607,MEAS_R000435,MEAS_UNIT_000435,435,C012,S01,4,39.5,39.5418063059909,39.5087982960652,39.4858319086372,39.49380303605232,0.0061969639476799
20260607,MEAS_R000436,MEAS_UNIT_000436,436,C012,S01,4,40.2,40.2734152208927,40.331125462645,40.2955756194605,40.300305770011136,-0.1003057700111327
20260607,MEAS_R000444,MEAS_UNIT_000444,444,C013,S01,4,39.1,39.1603150704593,39.151184578863,39.1439520950293,39.13756575737306,-0.0375657573730592
20260607,MEAS_R000446,MEAS_UNIT_000446,446,C014,S01,4,38.0,37.6624542422852,37.9982517887711,38.0842353012757,37.96538656469794,0.034613435302063
20260607,MEAS_R000456,MEAS_UNIT_000456,456,C016,S01,4,38.8,38.8186379679585,38.8041011569701,38.8647020359962,38.81842500216143,-0.018425002161436
20260607,MEAS_R000457,MEAS_UNIT_000457,457,C016,S01,4,38.6,38.8181583425716,38.8404544565302,38.6108598056764,38.72682355448893,-0.1268235544889293
20260607,MEAS_R000464,MEAS_UNIT_000464,464,C018,S01,4,38.8,38.7441423708724,38.7601099758926,38.7855823080081,38.754690536736746,0.0453094632632513
20260607,MEAS_R000465,MEAS_UNIT_000465,465,C019,S01,4,39.4,39.3804144744927,39.4093990277298,39.3942295947172,39.387635119984296,0.0123648800157027
20260607,MEAS_R000471,MEAS_UNIT_000471,471,C021,S01,4,38.3,38.7540633837979,38.2173392451813,38.3136953768033,38.3252779911731,-0.0252779911731053
20260607,MEAS_R000476,MEAS_UNIT_000476,476,C021,S01,4,38.3,38.4141196819089,38.1959430837525,38.3220820105379,38.26688863383689,0.033111366163105
20260607,MEAS_R000480,MEAS_UNIT_000480,480,C022,S01,4,38.4,38.3992511260344,38.4385340546341,38.3864744894067,38.39539879611927,0.0046012038807319
20260607,MEAS_R000482,MEAS_UNIT_000482,482,C023,S01,4,38.9,38.7074286365562,38.942809362092,38.9787873634739,38.90854494637286,-0.0085449463728579
20260607,MEAS_R000492,MEAS_UNIT_000492,492,C025,S01,4,39.5,39.525328203496,39.469587645055,39.3773247438506,39.42872532644621,0.0712746735537876
20260607,MEAS_R000494,MEAS_UNIT_000494,494,C026,S01,4,38.6,39.052645508224,38.7254347095086,38.5984042391344,38.70883100086705,-0.108831000867049
20260607,MEAS_R000501,MEAS_UNIT_000501,501,C026,S01,4,38.6,38.6906409037434,38.6916549882617,38.5984042391344,38.63818746858523,-0.0381874685852281
20260607,MEAS_R000505,MEAS_UNIT_000505,505,C027,S01,4,39.0,38.998761609728,38.9865250075103,38.9361059888816,38.95445944336004,0.0455405566399633
20260607,MEAS_R000513,MEAS_UNIT_000513,513,C029,S01,4,38.3,38.18106557053,38.3581736752715,38.3770045744149,38.32318812939887,-0.0231881293988749
20260607,MEAS_R000520,MEAS_UNIT_000520,520,C030,S01,4,40.3,40.2833790573277,40.2796067422382,40.1957497248063,40.23773587657366,0.0622641234263383
20260607,MEAS_R000001,MEAS_UNIT_000001,1,C021,S01,5,38.3,38.2331688351432,38.2434327462907,38.3380691110062,38.286827937206205,0.0131720627937923
20260607,MEAS_R000018,MEAS_UNIT_000018,18,C003,S01,5,38.5,38.517267585669,38.5296356018364,38.486727033547,38.46453045105828,0.0354695489417196
20260607,MEAS_R000020,MEAS_UNIT_000020,20,C003,S01,5,38.6,38.7239663222137,38.7322133705207,38.8101414844823,38.77390602918915,-0.1739060291891476
20260607,MEAS_R000023,MEAS_UNIT_000023,23,C002,S01,5,39.5,39.0610658006855,39.0844071208425,39.0344815390208,39.02775651346087,0.4722434865391349
20260607,MEAS_R000032,MEAS_UNIT_000032,32,C002,S01,5,39.7,39.6829821361743,39.278492231113,39.4738718586027,39.422798543519846,0.2772014564801566
20260607,MEAS_R000039,MEAS_UNIT_000039,39,C029,S01,5,38.1,38.3105646826415,38.2225808062592,38.3131040895465,38.25956279830229,-0.1595627983022893
20260607,MEAS_R000041,MEAS_UNIT_000041,41,C029,S01,5,38.5,38.3062377903006,38.3117310971884,38.315160743119,38.279941195604174,0.2200588043958262
20260607,MEAS_R000058,MEAS_UNIT_000058,58,C001,S01,5,38.3,38.1329422063155,38.305691839462,38.3368140154161,38.301187371070405,-0.001187371070408
20260607,MEAS_R000059,MEAS_UNIT_000059,59,C001,S01,5,38.1,38.3085503266678,38.2756065036494,38.2388865948775,38.208143351051845,-0.1081433510518437
20260607,MEAS_R000063,MEAS_UNIT_000063,63,C027,S01,5,38.7,39.2533941750508,39.2205080713179,40.0654000994729,39.919430514499815,-1.2194305144998123
20260607,MEAS_R000071,MEAS_UNIT_000071,71,C027,S01,5,39.1,38.9488433180156,38.8155033174945,38.9920113424033,38.93883569177351,0.161164308226489
20260607,MEAS_R000074,MEAS_UNIT_000074,74,C026,S01,5,38.5,38.6300967803837,38.6288803814527,38.622152432341,38.59642845814896,-0.0964284581489565
20260607,MEAS_R000081,MEAS_UNIT_000081,81,C016,S01,5,39.2,38.3426836347731,38.5201052576688,38.7303520213123,38.67199844263386,0.5280015573661387
20260607,MEAS_R000095,MEAS_UNIT_000095,95,C022,S01,5,38.7,38.4306683481352,38.4759637501484,38.5230041293197,38.48604966164369,0.2139503383563124
20260607,MEAS_R000099,MEAS_UNIT_000099,99,C022,S01,5,38.3,38.7825766378419,38.4338168698358,38.3989757965034,38.36417592850887,-0.0641759285088738
20260607,MEAS_R000105,MEAS_UNIT_000105,105,C014,S01,5,38.0,38.3991189522997,38.2955364187008,38.3777338757138,38.32697657232883,-0.3269765723288316
20260607,MEAS_R000114,MEAS_UNIT_000114,114,C014,S01,5,38.8,38.6579892779408,38.5193026367089,38.3859884210896,38.374086271061294,0.4259137289387027
20260607,MEAS_R000120,MEAS_UNIT_000120,120,C023,S01,5,39.0,39.0800087005461,38.9641571673794,38.9138384771058,38.90069226361028,0.0993077363897185
20260607,MEAS_R000128,MEAS_UNIT_000128,128,C023,S01,5,39.4,39.4055132779029,39.2364030261416,39.0742802175091,39.084395173839376,0.315604826160623
20260607,MEAS_R000133,MEAS_UNIT_000133,133,C011,S01,5,38.1,38.1224808508933,38.1262620793828,38.104160525748,38.068219362295466,0.0317806377045357
20260607,MEAS_R000139,MEAS_UNIT_000139,139,C004,S01,5,37.8,38.5590920251727,37.6030352685107,37.9466329452956,37.81600364140706,-0.0160036414070603
20260607,MEAS_R000144,MEAS_UNIT_000144,144,C004,S01,5,37.5,37.5176833474424,37.5373888557925,37.5966460640097,37.53328890286944,-0.0332889028694438
20260607,MEAS_R000148,MEAS_UNIT_000148,148,C004,S01,5,37.7,38.0323944832827,37.588588988779,37.9537155260448,37.83193667971708,-0.1319366797170786
20260607,MEAS_R000161,MEAS_UNIT_000161,161,C028,S01,5,40.2,40.206065950744,40.1455869580557,40.2795420915615,40.26867006459559,-0.0686700645955866
20260607,MEAS_R000162,MEAS_UNIT_000162,162,C028,S01,5,40.3,40.2630551408356,40.3209207077196,40.2874178862195,40.31036127438561,-0.010361274385616
20260607,MEAS_R000167,MEAS_UNIT_000167,167,C008,S01,5,38.1,38.0560687515174,38.1497799117521,38.1559224446938,38.11833327239468,-0.0183332723946776
20260607,MEAS_R000170,MEAS_UNIT_000170,170,C008,S01,5,38.1,38.2670632153361,38.1196913784408,38.157593250257,38.1082858199282,-0.0082858199281972
20260607,MEAS_R000178,MEAS_UNIT_000178,178,C030,S01,5,40.3,40.1687720489862,40.2969997230185,40.1860915294832,40.2223848585785,0.0776151414214965
20260607,MEAS_R000183,MEAS_UNIT_000183,183,C030,S01,5,40.2,39.846121646835,40.3011151335693,39.9874689355426,40.06393357411818,0.1360664258818218
20260607,MEAS_R000193,MEAS_UNIT_000193,193,C018,S01,5,38.8,38.8350446682589,38.7811779614735,38.7973646316246,38.770593817146185,0.0294061828538119
20260607,MEAS_R000196,MEAS_UNIT_000196,196,C018,S01,5,38.8,38.6658833027699,38.7721207381584,38.7949491690815,38.77084293524886,0.0291570647511392
20260607,MEAS_R000204,MEAS_UNIT_000204,204,C025,S01,5,39.5,39.2485095378689,39.3863016318941,39.3323530143557,39.33675156898562,0.1632484310143809
20260607,MEAS_R000205,MEAS_UNIT_000205,205,C025,S01,5,39.4,39.0490202418283,39.3737533969286,39.337407116841,39.34331161377239,0.0566883862276128
20260607,MEAS_R000213,MEAS_UNIT_000213,213,C010,S01,5,38.7,38.6918348474735,38.6407106804006,38.7061024354546,38.66805995105924,0.0319400489407613
20260607,MEAS_R000215,MEAS_UNIT_000215,215,C010,S01,5,38.7,38.6921853115444,38.675047027725,38.7061024354546,38.675192011612125,0.0248079883878773
20260607,MEAS_R000221,MEAS_UNIT_000221,221,C010,S01,5,38.6,38.6004687574551,38.6192503975277,38.6084122267207,38.58358531793159,0.0164146820684081
20260607,MEAS_R000225,MEAS_UNIT_000225,225,C019,S01,5,39.5,39.5162434471016,39.5697299681661,39.4986359053625,39.508325351815856,-0.0083253518158556
20260607,MEAS_R000230,MEAS_UNIT_000230,230,C019,S01,5,39.5,39.5120491052423,39.5521823458379,39.4986359053625,39.50477940646744,-0.0047794064674349
20260607,MEAS_R000234,MEAS_UNIT_000234,234,C019,S01,5,39.5,39.4965328543288,39.557424631954,39.4986359053625,39.506251795266586,-0.0062517952665857
20260607,MEAS_R000240,MEAS_UNIT_000240,240,C005,S01,5,37.9,37.8934843198351,37.898043257024,37.9367006091001,37.88538551617404,0.0146144838259587
20260607,MEAS_R000251,MEAS_UNIT_000251,251,C005,S01,5,37.8,37.8086575975509,37.7885481047034,37.8112922575277,37.75910114211312,0.0408988578868729
20260607,MEAS_R000252,MEAS_UNIT_000252,252,C017,S01,5,40.1,39.8778354726426,39.8524655990237,39.8840782277755,39.8827874853818,0.217212514618204
20260607,MEAS_R000256,MEAS_UNIT_000256,256,C017,S01,5,39.0,39.3914463637441,39.3882898339719,39.3940206024755,39.3855728400228,-0.385572840022796
20260607,MEAS_R000257,MEAS_UNIT_000257,257,C017,S01,5,39.3,39.4396684277145,39.4496652353149,39.4311888551944,39.42844721561707,-0.1284472156170721
20260607,MEAS_R000268,MEAS_UNIT_000268,268,C020,S01,5,39.6,39.5328428101102,39.5156143570234,39.5475966021821,39.53789085368337,0.0621091463166294
20260607,MEAS_R000272,MEAS_UNIT_000272,272,C020,S01,5,39.1,39.1411767438321,39.2003267178122,39.1609172502694,39.15635820157961,-0.0563582015796058
20260607,MEAS_R000279,MEAS_UNIT_000279,279,C020,S01,5,40.4,40.1592848427062,40.1664259253751,40.1808316042947,40.191034776759146,0.2089652232408525
20260607,MEAS_R000284,MEAS_UNIT_000284,284,C009,S01,5,40.4,40.4111237901691,40.4569405415658,40.5229262444558,40.53331616629039,-0.1333161662903919
20260607,MEAS_R000299,MEAS_UNIT_000299,299,C012,S01,5,39.5,39.861899532224,39.8675558529212,39.8839048249584,39.88617220794381,-0.3861722079438081
20260607,MEAS_R000305,MEAS_UNIT_000305,305,C012,S01,5,40.5,40.3908941891503,40.3466821341869,40.3560821033539,40.37039004113304,0.1296099588669648
20260607,MEAS_R000313,MEAS_UNIT_000313,313,C006,S01,5,38.9,39.7965821756418,39.5178123951212,39.835424356112,39.774223303330686,-0.8742233033306874
20260607,MEAS_R000319,MEAS_UNIT_000319,319,C006,S01,5,40.0,39.5734928393044,39.5970514712616,39.5535144797499,39.55880877842709,0.4411912215729074
20260607,MEAS_R000322,MEAS_UNIT_000322,322,C015,S01,5,39.7,38.4836063810576,38.5602470193931,38.5296369019377,38.50785880390677,1.1921411960932318
20260607,MEAS_R000325,MEAS_UNIT_000325,325,C015,S01,5,38.3,38.4909238300661,38.5879695844356,38.5296369019377,38.51344383534816,-0.2134438353481584
20260607,MEAS_R000328,MEAS_UNIT_000328,328,C015,S01,5,38.0,38.497022297315,38.5908713924227,38.5296369019377,38.51389709060886,-0.5138970906088574
20260607,MEAS_R000338,MEAS_UNIT_000338,338,C007,S01,5,40.1,39.2695589113887,39.246665820039,39.2552803065252,39.242293252683375,0.8577067473166267
20260607,MEAS_R000342,MEAS_UNIT_000342,342,C007,S01,5,40.0,39.7431953613951,39.7429136649914,39.786912713991,39.78150076996352,0.2184992300364783
20260607,MEAS_R000345,MEAS_UNIT_000345,345,C007,S01,5,39.7,38.813974159537,38.9049020167871,38.7524349110911,38.75900880413596,0.9409911958640436
20260607,MEAS_R000360,MEAS_UNIT_000360,360,C013,S01,5,38.6,38.6577358548236,38.6866971688192,38.6229524440061,38.60844509450302,-0.008445094503017
20260607,MEAS_R000364,MEAS_UNIT_000364,364,C013,S01,5,39.1,39.1174751873662,39.193725509032,39.1249304473767,39.12526572782104,-0.0252657278210364
20260607,MEAS_R000368,MEAS_UNIT_000368,368,C024,S01,5,38.0,38.2581828963403,38.3058994535003,38.258732543709,38.23239549800098,-0.232395498000983
20260607,MEAS_R000376,MEAS_UNIT_000376,376,C024,S01,5,38.9,38.9473595894303,38.9467588942389,38.9581975537464,38.93769491931676,-0.0376949193167561
20260607,MEAS_R000378,MEAS_UNIT_000378,378,C024,S01,5,38.4,38.4710466893599,38.5402472611424,38.3868740126335,38.38379236658382,0.0162076334161795
20260607,MEAS_R000404,MEAS_UNIT_000404,404,C005,S01,5,37.9,37.9017254087635,37.9424659711225,37.9367006091001,37.8944208117239,0.0055791882761013
20260607,MEAS_R000406,MEAS_UNIT_000406,406,C006,S01,5,39.5,39.5576647353434,39.5898472256715,39.5535144797499,39.55770042937673,-0.0577004293767302
20260607,MEAS_R000412,MEAS_UNIT_000412,412,C008,S01,5,38.1,38.176468118059,38.1503220721905,38.1576245307746,38.11691369698181,-0.0169136969818026
20260607,MEAS_R000418,MEAS_UNIT_000418,418,C009,S01,5,40.5,40.4789088905808,40.5371606051213,40.5229262444558,40.54832933779159,-0.0483293377915856
20260607,MEAS_R000433,MEAS_UNIT_000433,433,C011,S01,5,38.1,38.1998607308209,38.0961660610776,38.1064474367587,38.06198027059468,0.0380197294053203
20260607,MEAS_R000437,MEAS_UNIT_000437,437,C012,S01,5,40.3,40.304435129779,40.3155670479363,40.3560821033539,40.3660488580545,-0.0660488580545006
20260607,MEAS_R000442,MEAS_UNIT_000442,442,C013,S01,5,39.1,39.1097247144413,39.1056420846941,39.1249304473767,39.10713853140445,-0.0071385314044505
20260607,MEAS_R000447,MEAS_UNIT_000447,447,C014,S01,5,38.3,38.2415588476239,38.3074846181033,38.3703801773003,38.32714993930454,-0.0271499393045431
20260607,MEAS_R000455,MEAS_UNIT_000455,455,C016,S01,5,38.7,38.782002933537,38.7383493400679,38.7337833604614,38.70945354718547,-0.0094535471854655
20260607,MEAS_R000459,MEAS_UNIT_000459,459,C017,S01,5,39.4,39.4117910212565,39.402982092889,39.3940206024755,39.38812717050549,0.0118728294945071
20260607,MEAS_R000463,MEAS_UNIT_000463,463,C018,S01,5,38.8,38.7467504163926,38.7629192959628,38.7694242079173,38.74544365842894,0.0545563415710574
20260607,MEAS_R000474,MEAS_UNIT_000474,474,C021,S01,5,38.2,38.1157265534342,38.1861479845274,38.2345975036253,38.19067707524823,0.0093229247517712
20260607,MEAS_R000485,MEAS_UNIT_000485,485,C024,S01,5,39.0,38.9791992011184,38.9695786191451,38.9581975537464,38.94165632610444,0.058343673895564
20260607,MEAS_R000487,MEAS_UNIT_000487,487,C025,S01,5,39.4,39.3191183716022,39.392701841067,39.3373186158644,39.34052477531428,0.0594752246857197
20260607,MEAS_R000496,MEAS_UNIT_000496,496,C026,S01,5,38.7,38.7867431548622,38.6288676490674,38.7048528366915,38.66220706272396,0.0377929372760448
20260607,MEAS_R000503,MEAS_UNIT_000503,503,C026,S01,5,38.6,38.4918058064744,38.6539518068992,38.6172604645676,38.60092930008969,-0.0009293000896875
20260607,MEAS_R000507,MEAS_UNIT_000507,507,C027,S01,5,39.8,39.108740884217,38.9982438413986,40.0207998260198,39.83921414107169,-0.0392141410716959
20260607,MEAS_R000510,MEAS_UNIT_000510,510,C028,S01,5,40.2,40.159856346516,40.208086751236,40.1928971772352,40.209844691476015,-0.0098446914760117
20260607,MEAS_R000514,MEAS_UNIT_000514,514,C029,S01,5,38.4,38.4676268292935,38.34693273812,38.4500264510024,38.396853197382256,0.0031468026177421
20260607,MEAS_R000516,MEAS_UNIT_000516,516,C029,S01,5,38.3,38.2746981276401,38.2767507635823,38.3166731203083,38.274716972891646,0.025283027108351
20260607,MEAS_R000518,MEAS_UNIT_000518,518,C030,S01,5,40.3,40.2657137517496,40.3129146610207,40.1943851325968,40.23029057822883,0.0697094217711651
20260701,MEAS_R000001,MEAS_UNIT_000001,1,C021,S01,1,38.3,38.357680853787,38.2455124159928,38.3170638247501,38.26395093009094,0.0360490699090547
20260701,MEAS_R000006,MEAS_UNIT_000006,6,C021,S01,1,38.3,38.5633568745133,38.237911544172,38.3245206756476,38.28975105583335,0.0102489441666477
20260701,MEAS_R000012,MEAS_UNIT_000012,12,C003,S01,1,38.7,38.5940157234262,38.5828858767465,38.5078314678647,38.514112632758525,0.1858873672414773
20260701,MEAS_R000014,MEAS_UNIT_000014,14,C003,S01,1,38.5,38.3051693543006,38.507107725408,38.508118910598,38.45699222972887,0.0430077702711315
20260701,MEAS_R000021,MEAS_UNIT_000021,21,C003,S01,1,38.0,38.9986938403522,38.6612929703961,38.5696658339105,38.62315311800618,-0.6231531180061793
20260701,MEAS_R000022,MEAS_UNIT_000022,22,C002,S01,1,38.2,38.75313006035,39.3133517858388,39.1114549771761,39.13096977848674,-0.930969778486741
20260701,MEAS_R000028,MEAS_UNIT_000028,28,C002,S01,1,38.8,38.8714431584147,39.0803417535076,39.0891832612223,39.05713862680247,-0.2571386268024724
20260701,MEAS_R000030,MEAS_UNIT_000030,30,C002,S01,1,38.9,39.1336342954549,39.16269984736,39.0888746102057,39.11326463996642,-0.2132646399664253
20260701,MEAS_R000037,MEAS_UNIT_000037,37,C029,S01,1,38.0,38.2816016501367,38.3458742565115,38.3378276039459,38.29964766475658,-0.2996476647565771
20260701,MEAS_R000042,MEAS_UNIT_000042,42,C029,S01,1,38.5,38.1852110879552,38.3501744653371,38.3393092793348,38.2908145242081,0.209185475791898
20260701,MEAS_R000044,MEAS_UNIT_000044,44,C029,S01,1,38.4,38.3053011785729,38.5202180675979,38.4574987465968,38.430405680117055,-0.030405680117056
20260701,MEAS_R000052,MEAS_UNIT_000052,52,C001,S01,1,38.0,37.9791605863426,38.1964626118478,38.2077625107156,38.13839057186083,-0.1383905718608318
20260701,MEAS_R000053,MEAS_UNIT_000053,53,C001,S01,1,38.2,38.225205808581,38.309437885301,38.2077625107156,38.2025580481124,-0.002558048112391
20260701,MEAS_R000055,MEAS_UNIT_000055,55,C001,S01,1,38.4,38.239099469686,38.2327854340993,38.2059800540766,38.17875770373334,0.2212422962666593
20260701,MEAS_R000065,MEAS_UNIT_000065,65,C027,S01,1,38.6,38.7147895564592,38.9486262845365,38.7511637387271,38.791910851797184,-0.1919108517971821
20260701,MEAS_R000068,MEAS_UNIT_000068,68,C027,S01,1,38.5,38.8107175780294,38.9618029801515,38.7514964276039,38.80733756477122,-0.3073375647712169
20260701,MEAS_R000071,MEAS_UNIT_000071,71,C027,S01,1,39.1,39.0956684705241,38.9436772116737,39.0082986771022,38.99044776009627,0.1095522399037349
20260701,MEAS_R000076,MEAS_UNIT_000076,76,C026,S01,1,39.0,38.758900731924,38.6570064088366,38.6825297726969,38.662770241484026,0.3372297585159742
20260701,MEAS_R000077,MEAS_UNIT_000077,77,C026,S01,1,39.1,38.828979445637,38.6613818844233,38.6825297726969,38.67222663823425,0.4277733617657517
20260701,MEAS_R000086,MEAS_UNIT_000086,86,C016,S01,1,39.4,38.9204194716562,38.679379227084,38.7128427983116,38.70688431412133,0.6931156858786665
20260701,MEAS_R000087,MEAS_UNIT_000087,87,C016,S01,1,38.6,38.8895994984522,38.7593110144993,38.7128427983116,38.728693046052015,-0.1286930460520139
20260701,MEAS_R000093,MEAS_UNIT_000093,93,C022,S01,1,38.7,38.271387384099,38.3716576256032,38.5452597621177,38.43270307893928,0.2672969210607192
20260701,MEAS_R000094,MEAS_UNIT_000094,94,C022,S01,1,38.2,38.4951718389378,38.4853156211314,38.5505097621177,38.4977145093642,-0.2977145093641979
20260701,MEAS_R000099,MEAS_UNIT_000099,99,C022,S01,1,38.3,38.8088993855093,38.4378234685512,38.4026044962857,38.428889802633776,-0.128889802633779
20260701,MEAS_R000106,MEAS_UNIT_000106,106,C014,S01,1,38.1,38.1682853065453,38.161478775191,38.1342322653789,38.1043841766802,-0.0043841766801975
20260701,MEAS_R000111,MEAS_UNIT_000111,111,C014,S01,1,38.0,38.0767507216267,38.2175663788474,38.1353311282678,38.11230623582649,-0.1123062358264874
20260701,MEAS_R000114,MEAS_UNIT_000114,114,C014,S01,1,38.8,38.6680861850755,38.4954150457276,38.3612171672631,38.40579745834569,0.3942025416543089
20260701,MEAS_R000126,MEAS_UNIT_000126,126,C023,S01,1,39.1,39.1940641046967,39.020810758988,39.2564290794313,39.17702920344674,-0.0770292034467416
20260701,MEAS_R000128,MEAS_UNIT_000128,128,C023,S01,1,39.4,39.5959298229499,39.1837434064533,38.8468192378904,39.026073857143714,0.3739261428562841
20260701,MEAS_R000129,MEAS_UNIT_000129,129,C023,S01,1,39.3,39.2862609311652,39.2113065473009,38.8468192378904,38.99916484703847,0.3008351529615254
20260701,MEAS_R000130,MEAS_UNIT_000130,130,C011,S01,1,38.1,38.5744935986531,38.1820351616446,38.2223417672671,38.21121543007361,-0.1112154300736065
20260701,MEAS_R000136,MEAS_UNIT_000136,136,C011,S01,1,39.1,38.314601551469,38.1979623745181,38.2145532484004,38.18161312640856,0.9183868735914444
20260701,MEAS_R000143,MEAS_UNIT_000143,143,C004,S01,1,37.6,37.5982005082503,37.6707154280174,37.6830734866902,37.60890235698305,-0.0089023569830501
20260701,MEAS_R000145,MEAS_UNIT_000145,145,C004,S01,1,37.6,37.8060240478247,37.6508311645714,37.6830734866902,37.62652165027295,-0.0265216502729472
20260701,MEAS_R000153,MEAS_UNIT_000153,153,C028,S01,1,40.2,40.0128804007508,40.1483363929804,40.0889400274054,40.13489052375526,0.0651094762447428
20260701,MEAS_R000156,MEAS_UNIT_000156,156,C028,S01,1,40.3,40.1224588668127,40.2140957136841,40.2247903974157,40.25092103182456,0.0490789681754364
20260701,MEAS_R000159,MEAS_UNIT_000159,159,C028,S01,1,40.1,40.0100550045088,40.0261322547375,40.0291794108204,40.05948263273777,0.0405173672622325
20260701,MEAS_R000164,MEAS_UNIT_000164,164,C008,S01,1,38.3,38.9966182703501,38.2571920289805,38.3287169165524,38.34829996971686,-0.0482999697168651
20260701,MEAS_R000169,MEAS_UNIT_000169,169,C008,S01,1,38.1,38.2107986654627,38.1444891442664,38.1469602376461,38.111623668070685,-0.0116236680706833
20260701,MEAS_R000173,MEAS_UNIT_000173,173,C008,S01,1,38.2,38.504999500457,38.2033799754954,38.2166428768734,38.20652261082058,-0.0065226108205749
20260701,MEAS_R000178,MEAS_UNIT_000178,178,C030,S01,1,40.3,40.0702671373238,40.2969980494903,40.2124410872369,40.26370712920548,0.0362928707945187
20260701,MEAS_R000182,MEAS_UNIT_000182,182,C030,S01,1,40.2,39.8154506135638,40.213976479664,40.0948084052037,40.13654929957802,0.0634507004219813
20260701,MEAS_R000184,MEAS_UNIT_000184,184,C030,S01,1,40.2,39.5140499358845,40.2010834559723,40.0953228235648,40.09807074272166,0.1019292572783427
20260701,MEAS_R000189,MEAS_UNIT_000189,189,C030,S01,1,40.2,39.4043332274073,40.3402696098208,40.1200112535592,40.14459603841316,0.0554039615868475
20260701,MEAS_R000193,MEAS_UNIT_000193,193,C018,S01,1,38.8,38.8066679826912,38.7903758377007,38.7999231828988,38.78191662254719,0.018083377452811
20260701,MEAS_R000195,MEAS_UNIT_000195,195,C018,S01,1,38.8,38.7036435294999,38.7356493626937,38.7998553791211,38.75265282279813,0.0473471772018641
20260701,MEAS_R000204,MEAS_UNIT_000204,204,C025,S01,1,39.5,39.2496327057745,39.3788360340458,39.3828886282916,39.3738516424588,0.1261483575412043
20260701,MEAS_R000210,MEAS_UNIT_000210,210,C025,S01,1,39.4,38.918395777054,39.463243947859,39.4215894267845,39.386010206039295,0.0139897939607038
20260701,MEAS_R000213,MEAS_UNIT_000213,213,C010,S01,1,38.7,38.6768159692206,38.6314476442171,38.6754660199691,38.64091899835819,0.0590810016418146
20260701,MEAS_R000222,MEAS_UNIT_000222,222,C010,S01,1,38.6,38.6022639675988,38.6076263090055,38.6078577781104,38.58369461740521,0.016305382594794
20260701,MEAS_R000226,MEAS_UNIT_000226,226,C019,S01,1,39.5,39.3459109797749,39.4183454975002,39.4390821991349,39.43161779171739,0.0683822082826068
20260701,MEAS_R000229,MEAS_UNIT_000229,229,C019,S01,1,39.4,39.4139869004561,39.3592324154962,39.3828918335211,39.38655717460137,0.0134428253986271
20260701,MEAS_R000233,MEAS_UNIT_000233,233,C019,S01,1,39.5,39.597943058381,39.597250525202,39.5424152527085,39.58018300107127,-0.0801830010712691
20260701,MEAS_R000241,MEAS_UNIT_000241,241,C005,S01,1,37.8,37.8491215498645,37.7901471026442,37.7746142069268,37.73130670789712,0.0686932921028784
20260701,MEAS_R000246,MEAS_UNIT_000246,246,C005,S01,1,37.8,37.8677210832846,37.860702633045,37.8528405494771,37.80336722160175,-0.0033672216017492
20260701,MEAS_R000248,MEAS_UNIT_000248,248,C005,S01,1,37.8,37.9143384504077,37.8575330735199,37.8720673866353,37.8194126404395,-0.0194126404395049
20260701,MEAS_R000249,MEAS_UNIT_000249,249,C005,S01,1,38.0,38.2076176051173,38.1132733777579,38.0257886676867,38.02772136544016,-0.0277213654401577
20260701,MEAS_R000255,MEAS_UNIT_000255,255,C017,S01,1,39.2,38.8846554480602,39.0585024319658,39.0127013925398,39.0052552296256,0.1947447703743989
20260701,MEAS_R000259,MEAS_UNIT_000259,259,C017,S01,1,39.6,39.2798310927016,39.3303881420375,39.3179588550128,39.32250270257312,0.2774972974268834
20260701,MEAS_R000263,MEAS_UNIT_000263,263,C017,S01,1,39.4,39.2449958977726,39.32004137377,39.3525008088742,39.33620008278477,0.0637999172152277
20260701,MEAS_R000267,MEAS_UNIT_000267,267,C017,S01,1,39.4,39.5062504006375,39.3517129894357,39.3645850068723,39.38366962859029,0.0163303714097082
20260701,MEAS_R000270,MEAS_UNIT_000270,270,C020,S01,1,39.2,39.0512141280579,39.1013444839431,39.1103174682061,39.09734171768107,0.1026582823189343
20260701,MEAS_R000271,MEAS_UNIT_000271,271,C020,S01,1,38.8,38.6985257670189,38.9069483745104,38.7524117591471,38.77757508581498,0.0224249141850165
20260701,MEAS_R000281,MEAS_UNIT_000281,281,C020,S01,1,40.2,40.1727240804876,40.2738416354932,40.1556962524728,40.23367464348929,-0.0336746434892845
20260701,MEAS_R000282,MEAS_UNIT_000282,282,C020,S01,1,39.5,39.5476976796783,39.5177417375127,39.6044999805684,39.58690274017714,-0.0869027401771376
20260701,MEAS_R000287,MEAS_UNIT_000287,287,C009,S01,1,39.5,39.433050610389,39.4995105969497,39.5304781792615,39.52293813033984,-0.0229381303398383
20260701,MEAS_R000290,MEAS_UNIT_000290,290,C009,S01,1,38.7,39.8957998358959,39.5755397040294,39.821089800808,39.77693310528528,-1.0769331052852775
20260701,MEAS_R000295,MEAS_UNIT_000295,295,C012,S01,1,39.0,39.137977868038,39.1011125478048,39.1490336587653,39.13078446709811,-0.1307844670981097
20260701,MEAS_R000301,MEAS_UNIT_000301,301,C012,S01,1,39.8,39.7181167449185,39.6486460255658,39.7359080267174,39.727904708353634,0.072095291646363
20260701,MEAS_R000305,MEAS_UNIT_000305,305,C012,S01,1,40.5,40.2600273861168,40.3402867064235,40.2969827873702,40.35066153763437,0.1493384623656268
20260701,MEAS_R000308,MEAS_UNIT_000308,308,C006,S01,1,38.6,38.5685372996243,38.7482127450911,38.636126818678,38.6415889221405,-0.0415889221404981
20260701,MEAS_R000317,MEAS_UNIT_000317,317,C006,S01,1,39.9,38.9773632847491,38.9854578172723,39.0041911637542,38.98758517532643,0.9124148246735686
20260701,MEAS_R000319,MEAS_UNIT_000319,319,C006,S01,1,40.0,39.5990468977214,39.592920723681,39.5197471571011,39.56516161532856,0.434838384671437
20260701,MEAS_R000325,MEAS_UNIT_000325,325,C015,S01,1,38.3,38.8021544668232,38.7090346874322,38.6935189769423,38.69093322049748,-0.3909332204974802
20260701,MEAS_R000329,MEAS_UNIT_000329,329,C015,S01,1,39.2,39.3653551295953,39.3234754785298,39.2865294785047,39.31105742078179,-0.1110574207817904
20260701,MEAS_R000332,MEAS_UNIT_000332,332,C015,S01,1,39.7,39.4034156972121,39.3226425098447,39.3066809982801,39.32742082967884,0.3725791703211669
20260701,MEAS_R000337,MEAS_UNIT_000337,337,C015,S01,1,39.1,38.9150558517722,38.8281797647386,38.8575914327421,38.84143205673651,0.2585679432634933
20260701,MEAS_R000342,MEAS_UNIT_000342,342,C007,S01,1,40.0,39.6712337235782,39.7005130170647,39.6995716942688,39.71688013637098,0.2831198636290182
20260701,MEAS_R000348,MEAS_UNIT_000348,348,C007,S01,1,39.7,39.4492466511562,39.5113833921804,39.5012305776937,39.51079614736948,0.189203852630527
20260701,MEAS_R000350,MEAS_UNIT_000350,350,C007,S01,1,39.3,39.5656314916147,39.5998472109675,39.5931553513177,39.608120304844725,-0.3081203048447278
20260701,MEAS_R000352,MEAS_UNIT_000352,352,C007,S01,1,39.2,39.4724655328838,39.5627029123552,39.5998882919916,39.58970187651812,-0.3897018765181173
20260701,MEAS_R000361,MEAS_UNIT_000361,361,C013,S01,1,39.3,38.921597759193,39.0847322622363,39.0141191282006,39.01869102715554,0.2813089728444566
20260701,MEAS_R000366,MEAS_UNIT_000366,366,C013,S01,1,39.0,39.1747397083822,39.1476551537768,39.1133400438241,39.12809163340041,-0.1280916334004089
20260701,MEAS_R000373,MEAS_UNIT_000373,373,C024,S01,1,38.4,38.243180165432,38.280969909319,38.2280377068598,38.20791725851323,0.1920827414867716
20260701,MEAS_R000377,MEAS_UNIT_000377,377,C024,S01,1,40.4,40.4674836847388,40.3502129216062,40.4199321266246,40.45240911460617,-0.0524091146061707
20260701,MEAS_R000379,MEAS_UNIT_000379,379,C024,S01,1,39.2,38.8714284891679,38.8696060231603,38.8872096488554,38.86754930995655,0.3324506900434514
20260701,MEAS_R000383,MEAS_UNIT_000383,383,C024,S01,1,40.2,40.4351235359219,40.4228903206173,40.4480464454723,40.48882364381697,-0.2888236438169684
20260701,MEAS_R000384,MEAS_UNIT_000384,384,C001,S01,1,38.2,38.2566517964709,38.2354817618301,38.2056105800933,38.18140939559403,0.018590604405972
20260701,MEAS_R000386,MEAS_UNIT_000386,386,C001,S01,1,38.3,38.2016205861404,38.2130242096718,38.3358506392382,38.24709326711402,0.0529067328859795
20260701,MEAS_R000390,MEAS_UNIT_000390,390,C002,S01,1,39.0,38.8338075255788,39.1090860305119,39.0858890285668,39.05992237886976,-0.0599223788697571
20260701,MEAS_R000393,MEAS_UNIT_000393,393,C003,S01,1,38.6,38.2881297124501,38.5507613751318,38.6813495342394,38.57414735616872,0.0258526438312785
20260701,MEAS_R000397,MEAS_UNIT_000397,397,C004,S01,1,37.6,37.840495542135,37.7215194549446,37.7072975241569,37.6676356273418,-0.0676356273418008
20260701,MEAS_R000398,MEAS_UNIT_000398,398,C004,S01,1,37.7,37.9810483366395,37.732236552582,37.7346177169285,37.70381956018333,-0.0038195601833308
20260701,MEAS_R000406,MEAS_UNIT_000406,406,C006,S01,1,39.5,39.5938245847012,39.5835007307737,39.5100006055875,39.55564924204278,-0.0556492420427829
20260701,MEAS_R000409,MEAS_UNIT_000409,409,C006,S01,1,38.7,38.5650787128591,38.817326479854,38.6549752378674,38.67456975974314,0.0254302402568598
20260701,MEAS_R000410,MEAS_UNIT_000410,410,C008,S01,1,38.2,38.119156818339,38.2181238094194,38.2147862888983,38.16564857941299,0.034351420587015
20260701,MEAS_R000415,MEAS_UNIT_000415,415,C009,S01,1,39.7,39.8343104085649,39.5790099293455,39.7759985532494,39.74355356602793,-0.0435535660279242
20260701,MEAS_R000421,MEAS_UNIT_000421,421,C009,S01,1,39.5,39.5294489643638,39.5466482292967,39.5605440972302,39.56726081299396,-0.0672608129939575
20260701,MEAS_R000423,MEAS_UNIT_000423,423,C010,S01,1,38.7,38.7963600693699,38.7472390717977,38.7469472094034,38.73485302433805,-0.034853024338048
20260701,MEAS_R000426,MEAS_UNIT_000426,426,C010,S01,1,38.7,38.785548028291,38.6950793172019,38.7331418199991,38.70867209866573,-0.0086720986657269
20260701,MEAS_R000427,MEAS_UNIT_000427,427,C011,S01,1,38.3,39.0803453742573,38.2323632265445,38.2858916461723,38.32403914776832,-0.0240391477683203
20260701,MEAS_R000430,MEAS_UNIT_000430,430,C011,S01,1,38.1,38.5116250194074,38.1272283552604,38.1118796715752,38.11946517318975,-0.0194651731897508
20260701,MEAS_R000437,MEAS_UNIT_000437,437,C012,S01,1,40.3,40.1853297010836,40.2774299124769,40.2643053276534,40.30226367274688,-0.0022636727468778
20260701,MEAS_R000439,MEAS_UNIT_000439,439,C013,S01,1,39.0,38.9142089878446,39.051885531362,39.009262255642,39.00446880790816,-0.0044688079081538
20260701,MEAS_R000444,MEAS_UNIT_000444,444,C013,S01,1,39.1,39.1742080968731,39.133398076092,39.1088844774179,39.12080004016449,-0.0208000401644881
20260701,MEAS_R000448,MEAS_UNIT_000448,448,C014,S01,1,38.3,39.1078051235566,38.3283941275407,38.3115130978252,38.37323457162373,-0.0732345716237361
20260701,MEAS_R000451,MEAS_UNIT_000451,451,C016,S01,1,38.7,39.1318551499171,38.6327414382503,38.6300307038818,38.666109223801605,0.0338907761983975
20260701,MEAS_R000452,MEAS_UNIT_000452,452,C016,S01,1,38.7,39.1409337463477,38.6360784938287,38.7294891277537,38.728651828571046,-0.0286518285710428
20260701,MEAS_R000458,MEAS_UNIT_000458,458,C017,S01,1,39.0,38.9012190352549,39.1189665975599,39.0119796518172,39.02590496817541,-0.0259049681754106
20260701,MEAS_R000462,MEAS_UNIT_000462,462,C018,S01,1,38.8,38.3517423803875,38.7501140729804,38.7801203415482,38.70473367385124,0.09526632614876
20260701,MEAS_R000463,MEAS_UNIT_000463,463,C018,S01,1,38.8,38.5560455839399,38.7373108712174,38.7802288275926,38.72425994293364,0.075740057066362
20260701,MEAS_R000468,MEAS_UNIT_000468,468,C019,S01,1,39.5,39.5109230477976,39.5143749658257,39.5090282593003,39.52358462454912,-0.023584624549116
20260701,MEAS_R000469,MEAS_UNIT_000469,469,C020,S01,1,40.2,40.0494991347043,40.1729169107026,40.1226251159982,40.167374020822464,0.0326259791775385
20260701,MEAS_R000470,MEAS_UNIT_000470,470,C020,S01,1,39.6,39.4711115035582,39.5655661668746,39.6085572925801,39.59572227071705,0.0042777292829541
20260701,MEAS_R000474,MEAS_UNIT_000474,474,C021,S01,1,38.2,38.1128988768315,38.1631946699638,38.2394031140817,38.162461783742295,0.0375382162577082
20260701,MEAS_R000484,MEAS_UNIT_000484,484,C023,S01,1,39.1,38.7923311653803,38.9971512955726,39.2564290794313,39.12327104506556,-0.0232710450655559
20260701,MEAS_R000489,MEAS_UNIT_000489,489,C025,S01,1,39.4,39.0941470101434,39.4501427064269,39.3953671654933,39.38615403807055,0.0138459619294479
20260701,MEAS_R000490,MEAS_UNIT_000490,490,C025,S01,1,39.3,39.1710948380853,39.389047951315,39.2653750584826,39.29663848961312,0.0033615103868811
20260701,MEAS_R000498,MEAS_UNIT_000498,498,C026,S01,1,38.7,38.9636579524606,38.6367069284379,38.6590489246675,38.66563597678989,0.0343640232101094
20260701,MEAS_R000499,MEAS_UNIT_000499,499,C026,S01,1,38.7,38.6883319291139,38.6137021330137,38.6727980446911,38.63499410267325,0.0650058973267491
20260701,MEAS_R000512,MEAS_UNIT_000512,512,C028,S01,1,40.2,40.0602436656328,40.2032857651252,40.1229495794074,40.17844228265501,0.0215577173449901
20260701,MEAS_R000517,MEAS_UNIT_000517,517,C029,S01,1,38.3,38.4582319623824,38.3332103975066,38.3397385987125,38.31712743153436,-0.0171274315343623
20260701,MEAS_R000002,MEAS_UNIT_000002,2,C021,S01,2,38.3,38.3258788072581,38.1823842934755,38.2383252255763,38.211330019703055,0.0886699802969417
20260701,MEAS_R000003,MEAS_UNIT_000003,3,C021,S01,2,38.2,38.2008220353997,38.1667976721509,38.2383252255763,38.18360744311498,0.0163925568850231
20260701,MEAS_R000013,MEAS_UNIT_000013,13,C003,S01,2,38.4,38.5868326688559,38.5090475177152,38.5189752925436,38.51346502883732,-0.113465028837318
20260701,MEAS_R000016,MEAS_UNIT_000016,16,C003,S01,2,38.5,38.3700589826176,38.4630711832909,38.5189752925436,38.45814474426162,0.0418552557383833
20260701,MEAS_R000018,MEAS_UNIT_000018,18,C003,S01,2,38.5,38.6778218959762,38.5495400707621,38.5189752925436,38.54480814034188,-0.0448081403418783
20260701,MEAS_R000029,MEAS_UNIT_000029,29,C002,S01,2,39.0,38.9075076141235,38.987257477488,38.9721367458114,38.96493319853481,0.0350668014651915
20260701,MEAS_R000031,MEAS_UNIT_000031,31,C002,S01,2,40.0,39.078224971874,39.232073649165,38.9761623897861,39.0903369957727,0.9096630042272976
20260701,MEAS_R000032,MEAS_UNIT_000032,32,C002,S01,2,39.7,39.3943028859551,39.2620794965208,38.9761623897861,39.156806768291794,0.5431932317082087
20260701,MEAS_R000035,MEAS_UNIT_000035,35,C029,S01,2,38.1,38.3545584397413,38.4347960458052,38.45997147684,38.41695396738875,-0.3169539673887485
20260701,MEAS_R000038,MEAS_UNIT_000038,38,C029,S01,2,38.2,38.0992598701503,38.2614787180472,38.3704995066598,38.26418909471823,-0.0641890947182304
20260701,MEAS_R000039,MEAS_UNIT_000039,39,C029,S01,2,38.1,38.4028569465738,38.2867647770791,38.3704995066598,38.32667941409684,-0.2266794140968357
20260701,MEAS_R000047,MEAS_UNIT_000047,47,C001,S01,2,38.0,38.6597263175867,38.2709423543461,38.3969456565029,38.37768502224107,-0.3776850222410672
20260701,MEAS_R000054,MEAS_UNIT_000054,54,C001,S01,2,38.0,38.1799916250934,38.2428955904676,38.228605396639,38.20459339238616,-0.2045933923861582
20260701,MEAS_R000057,MEAS_UNIT_000057,57,C001,S01,2,38.2,38.8543382136243,38.2898695193612,38.3689500270365,38.40566122686758,-0.2056612268675763
20260701,MEAS_R000062,MEAS_UNIT_000062,62,C027,S01,2,41.5,38.7751323643419,38.8102488035983,39.0379808018573,38.904937023770565,2.5950629762294355
20260701,MEAS_R000069,MEAS_UNIT_000069,69,C027,S01,2,38.5,38.7299555652365,38.7464563305783,38.6719640695584,38.70105845702381,-0.2010584570238123
20260701,MEAS_R000072,MEAS_UNIT_000072,72,C027,S01,2,38.2,38.8998147400139,38.9886897253728,38.7749393651829,38.871706516069445,-0.6717065160694418
20260701,MEAS_R000074,MEAS_UNIT_000074,74,C026,S01,2,38.5,38.5957862850849,38.6601439778913,38.6595259608747,38.6388147024368,-0.1388147024368038
20260701,MEAS_R000075,MEAS_UNIT_000075,75,C026,S01,2,38.6,38.294204102744,38.6535250745364,38.6595259608747,38.58382906707652,0.0161709329234795
20260701,MEAS_R000084,MEAS_UNIT_000084,84,C016,S01,2,38.3,38.3960074847286,38.6137894875997,38.4854252540893,38.50469413472642,-0.2046941347264237
20260701,MEAS_R000088,MEAS_UNIT_000088,88,C016,S01,2,38.8,38.5145098953002,38.7193329402157,38.6839700564727,38.658822497991,0.1411775020090004
20260701,MEAS_R000089,MEAS_UNIT_000089,89,C022,S01,2,38.1,38.4449302048769,38.3204689729841,38.45997147684,38.38885439835792,-0.2888543983579126
20260701,MEAS_R000096,MEAS_UNIT_000096,96,C022,S01,2,39.0,38.3233264426238,38.339206658735,38.4837348007775,38.38602651499889,0.6139734850011109
20260701,MEAS_R000102,MEAS_UNIT_000102,102,C022,S01,2,38.5,38.3627156171937,38.3798175409567,38.3418426997639,38.34192812499258,0.1580718750074226
20260701,MEAS_R000105,MEAS_UNIT_000105,105,C014,S01,2,38.0,38.3022619406369,38.2810508146642,38.3801338696651,38.31151096190177,-0.3115109619017673
20260701,MEAS_R000110,MEAS_UNIT_000110,110,C014,S01,2,38.0,38.1837877196792,38.2341697838579,38.1280097732921,38.15475444500058,-0.1547544450005773
20260701,MEAS_R000115,MEAS_UNIT_000115,115,C014,S01,2,38.4,38.5843692842047,38.5671147747465,38.5525518303873,38.55103039176666,-0.1510303917666604
20260701,MEAS_R000117,MEAS_UNIT_000117,117,C023,S01,2,38.3,39.3402009328074,39.1299920676747,38.9680619700958,39.0929775488265,-0.7929775488265065
20260701,MEAS_R000118,MEAS_UNIT_000118,118,C023,S01,2,39.4,39.1446055465226,39.0516948651053,38.9680619700958,39.02895332183674,0.3710466781632604
20260701,MEAS_R000121,MEAS_UNIT_000121,121,C023,S01,2,38.8,38.9551752923465,38.9446225427009,38.9770661988967,38.95919389627933,-0.1591938962793264
20260701,MEAS_R000131,MEAS_UNIT_000131,131,C011,S01,2,38.0,38.3106124612214,38.1346085242097,38.1741905148111,38.1603011260027,-0.1603011260027003
20260701,MEAS_R000132,MEAS_UNIT_000132,132,C011,S01,2,37.9,38.1843673492862,38.1289961981846,38.1741905148111,38.13619457435139,-0.2361945743513942
20260701,MEAS_R000142,MEAS_UNIT_000142,142,C004,S01,2,37.6,37.9235679342494,37.5827380187991,37.6851622992578,37.65224692478084,-0.0522469247808388
20260701,MEAS_R000149,MEAS_UNIT_000149,149,C004,S01,2,37.7,38.5165952198485,37.6499838742138,37.7156564635012,37.7954484126461,-0.0954484126460997
20260701,MEAS_R000154,MEAS_UNIT_000154,154,C028,S01,2,40.2,40.1601591725335,40.1768959870264,40.1438964780049,40.187990029465695,0.0120099705343079
20260701,MEAS_R000155,MEAS_UNIT_000155,155,C028,S01,2,39.8,40.1727566713892,39.8347881236347,39.7238074027043,39.86214674416828,-0.062146744168281
20260701,MEAS_R000158,MEAS_UNIT_000158,158,C028,S01,2,40.3,40.2975877689997,40.1060926350416,40.210894998964,40.21616093279687,0.0838390672031295
20260701,MEAS_R000161,MEAS_UNIT_000161,161,C028,S01,2,40.2,40.0994285405653,40.0104307163687,40.2078800368584,40.14362243301734,0.0563775669826611
20260701,MEAS_R000167,MEAS_UNIT_000167,167,C008,S01,2,38.1,38.0000298438778,38.1167245398964,38.1449572588022,38.085729509103146,0.0142704908968553
20260701,MEAS_R000171,MEAS_UNIT_000171,171,C008,S01,2,38.2,38.0925192328389,38.1402823744983,38.2574648734535,38.163581977987846,0.0364180220121568
20260701,MEAS_R000172,MEAS_UNIT_000172,172,C008,S01,2,38.2,38.1889928702649,38.1395500540186,38.2574648734535,38.18007928460969,0.0199207153903131
20260701,MEAS_R000176,MEAS_UNIT_000176,176,C030,S01,2,40.1,38.9280921213811,40.2772803809243,39.9856760894956,39.93802396130419,0.161976038695812
20260701,MEAS_R000179,MEAS_UNIT_000179,179,C030,S01,2,40.3,40.2792014026566,40.3048394035962,40.2005308920985,40.28427562813491,0.0157243718650903
20260701,MEAS_R000196,MEAS_UNIT_000196,196,C018,S01,2,38.8,38.768939584651,38.7511802533743,38.7977693114284,38.76862085423866,0.0313791457613348
20260701,MEAS_R000197,MEAS_UNIT_000197,197,C018,S01,2,38.8,38.3099988469972,38.806230952132,38.8003319976068,38.71110502040469,0.0888949795953095
20260701,MEAS_R000207,MEAS_UNIT_000207,207,C025,S01,2,39.4,39.0942058811004,39.451684860765,39.318561150771,39.33778514640048,0.0622148535995208
20260701,MEAS_R000211,MEAS_UNIT_000211,211,C010,S01,2,38.7,38.8340604340132,38.761735683726,38.7467954811357,38.76009724393565,-0.060097243935651
20260701,MEAS_R000214,MEAS_UNIT_000214,214,C010,S01,2,38.6,38.5838470577773,38.5855785718629,38.6099346955054,38.58491453738793,0.0150854626120704
20260701,MEAS_R000217,MEAS_UNIT_000217,217,C010,S01,2,38.7,38.7736624302204,38.6569058710386,38.7113760340004,38.692813669301,0.0071863306990067
20260701,MEAS_R000220,MEAS_UNIT_000220,220,C010,S01,2,38.6,38.6486862956057,38.6171193029375,38.6434352647675,38.62398265028803,-0.0239826502880262
20260701,MEAS_R000228,MEAS_UNIT_000228,228,C019,S01,2,39.5,39.4415953446562,39.5064593645865,39.4865188274509,39.49792447052771,0.0020755294722931
20260701,MEAS_R000236,MEAS_UNIT_000236,236,C019,S01,2,39.4,39.3511865942494,39.3668783311844,39.3716087066995,39.37484126197481,0.0251587380251905
20260701,MEAS_R000238,MEAS_UNIT_000238,238,C005,S01,2,37.8,37.8725447108848,37.8682818402512,37.8990607153465,37.85307570500219,-0.0530757050021932
20260701,MEAS_R000239,MEAS_UNIT_000239,239,C005,S01,2,37.8,38.0250352032184,37.8816205756484,37.8396954284705,37.856879925180905,-0.0568799251809082
20260701,MEAS_R000251,MEAS_UNIT_000251,251,C005,S01,2,37.8,37.9485137452829,37.8865962148217,37.905668584487,37.87640422054452,-0.076404220544525
20260701,MEAS_R000256,MEAS_UNIT_000256,256,C017,S01,2,39.0,39.3655726528053,39.3568082142051,39.3723126720174,39.373813750077886,-0.3738137500778862
20260701,MEAS_R000264,MEAS_UNIT_000264,264,C017,S01,2,40.0,39.81871730681,39.9047676660399,39.8959222069621,39.90807490716908,0.0919250928309196
20260701,MEAS_R000265,MEAS_UNIT_000265,265,C017,S01,2,39.5,39.3518303441098,39.3172321031302,39.2937439546184,39.31942641434682,0.1805735856531782
20260701,MEAS_R000272,MEAS_UNIT_000272,272,C020,S01,2,39.1,39.1544887518875,39.2038299913848,39.1577444734027,39.17789364198008,-0.0778936419800757
20260701,MEAS_R000276,MEAS_UNIT_000276,276,C020,S01,2,39.5,39.2057520296812,39.1271495765099,39.0850683904826,39.12335341972292,0.3766465802770824
20260701,MEAS_R000279,MEAS_UNIT_000279,279,C020,S01,2,40.4,40.1445060865054,40.1779749885412,40.1643228453246,40.19525630283808,0.2047436971619234
20260701,MEAS_R000288,MEAS_UNIT_000288,288,C009,S01,2,39.5,39.7407375636662,39.6483477788447,39.6360821482765,39.67443729289839,-0.1744372928983892
20260701,MEAS_R000289,MEAS_UNIT_000289,289,C009,S01,2,40.5,40.2064778473447,40.3904846695203,40.4517640477767,40.42221938849645,0.0777806115035559
20260701,MEAS_R000299,MEAS_UNIT_000299,299,C012,S01,2,39.5,39.848675454448,39.8635228485902,39.8411628013362,39.871808876719925,-0.3718088767199248
20260701,MEAS_R000300,MEAS_UNIT_000300,300,C012,S01,2,39.5,39.5016525825269,39.4682102199239,39.4603068186407,39.4814229533198,0.0185770466801997
20260701,MEAS_R000304,MEAS_UNIT_000304,304,C012,S01,2,40.6,40.2735348975602,40.2622709255592,40.3175360866715,40.32182263588483,0.278177364115173
20260701,MEAS_R000306,MEAS_UNIT_000306,306,C006,S01,2,39.8,39.4432859748141,39.5520603309813,39.6274431881336,39.58175458342037,0.2182454165796272
20260701,MEAS_R000316,MEAS_UNIT_000316,316,C006,S01,2,39.4,39.5594864680536,39.5813775428881,39.6121361324305,39.606023957077895,-0.2060239570778961
20260701,MEAS_R000318,MEAS_UNIT_000318,318,C006,S01,2,39.6,39.703249110497,39.6289942361646,39.6123730527023,39.64938644115579,-0.0493864411557893
20260701,MEAS_R000320,MEAS_UNIT_000320,320,C015,S01,2,38.9,39.0117555345732,38.9606917767836,38.995344922688,38.98376079685174,-0.0837607968517417
20260701,MEAS_R000323,MEAS_UNIT_000323,323,C015,S01,2,38.2,38.3016709288042,38.2865934753525,38.269113970634,38.261491038852384,-0.061491038852381
20260701,MEAS_R000324,MEAS_UNIT_000324,324,C015,S01,2,38.5,38.6654271588153,38.6156671804873,38.6737599314972,38.640552472182165,-0.1405524721821649
20260701,MEAS_R000334,MEAS_UNIT_000334,334,C015,S01,2,38.5,38.6403957842815,38.5639474407223,38.5195804457807,38.544104628932686,-0.0441046289326862
20260701,MEAS_R000339,MEAS_UNIT_000339,339,C007,S01,2,38.4,39.1262853034134,39.1882136061558,39.1592689560719,39.167718274389614,-0.7677182743896154
20260701,MEAS_R000346,MEAS_UNIT_000346,346,C007,S01,2,39.7,39.7221567532942,39.812224925263,39.8422738796365,39.83066636631947,-0.1306663663194669
20260701,MEAS_R000349,MEAS_UNIT_000349,349,C007,S01,2,39.6,39.5316095033494,39.4789621241851,39.5240246608176,39.52062175386198,0.0793782461380203
20260701,MEAS_R000354,MEAS_UNIT_000354,354,C007,S01,2,40.6,40.4321901729236,40.1734287319363,40.495365627309,40.398724508379146,0.201275491620855
20260701,MEAS_R000357,MEAS_UNIT_000357,357,C013,S01,2,39.3,38.9252660102436,39.0573557569679,39.1331016479796,39.07034054879736,0.229659451202643
20260701,MEAS_R000363,MEAS_UNIT_000363,363,C013,S01,2,38.5,38.7650745169012,38.8524728153505,38.6870158283048,38.75485298319355,-0.2548529831935511
20260701,MEAS_R000374,MEAS_UNIT_000374,374,C024,S01,2,38.7,39.1676640508252,39.2037058872532,39.1814610974229,39.19125476825268,-0.4912547682526806
20260701,MEAS_R000376,MEAS_UNIT_000376,376,C024,S01,2,38.9,39.2020904710392,39.1790760108327,39.187889582288,39.19081584484158,-0.2908158448415818
20260701,MEAS_R000378,MEAS_UNIT_000378,378,C024,S01,2,38.4,38.5527762403717,38.4890519770401,38.4329558923797,38.45955659073441,-0.0595565907344095
20260701,MEAS_R000382,MEAS_UNIT_000382,382,C024,S01,2,40.5,40.3936327774521,40.2749797193466,40.4997336821102,40.43298631121702,0.0670136887829784
20260701,MEAS_R000385,MEAS_UNIT_000385,385,C001,S01,2,38.3,38.3771443145642,38.2583945833009,38.3637793205556,38.30818452930068,-0.0081845293006779
20260701,MEAS_R000391,MEAS_UNIT_000391,391,C002,S01,2,39.0,38.8727795887533,38.8798698284498,38.9721367458114,38.91773677637076,0.0822632236292406
20260701,MEAS_R000392,MEAS_UNIT_000392,392,C003,S01,2,38.5,38.522652445752,38.547804566853,38.5189752925436,38.51715709362525,-0.0171570936252436
20260701,MEAS_R000395,MEAS_UNIT_000395,395,C003,S01,2,38.5,38.5398126335406,38.5600894745835,38.5189752925436,38.52484970922801,-0.0248497092280075
20260701,MEAS_R000399,MEAS_UNIT_000399,399,C004,S01,2,37.7,37.5320807070864,37.6726771021101,37.7156564635012,37.63292630920245,0.0670736907975495
20260701,MEAS_R000401,MEAS_UNIT_000401,401,C004,S01,2,37.6,38.032958462457,37.6629016107743,37.6851622992578,37.70199435111227,-0.1019943511122676
20260701,MEAS_R000403,MEAS_UNIT_000403,403,C005,S01,2,37.7,37.8466899364925,37.8377592897409,37.8068517623034,37.79365771662938,-0.0936577166293801
20260701,MEAS_R000407,MEAS_UNIT_000407,407,C006,S01,2,39.6,39.4906006292735,39.5840645443264,39.6120490236806,39.59503282066812,0.0049671793318779
20260701,MEAS_R000411,MEAS_UNIT_000411,411,C008,S01,2,38.2,38.2074156204161,38.1915181085685,38.221336809304,38.186264920888576,0.0137350791114272
20260701,MEAS_R000422,MEAS_UNIT_000422,422,C009,S01,2,39.7,39.739622418579,39.6324351531221,39.6476210504819,39.673553716670696,0.0264462833293066
20260701,MEAS_R000431,MEAS_UNIT_000431,431,C011,S01,2,38.2,38.4749880448968,38.1849498968197,38.2564007887375,38.24671831100636,-0.0467183110063587
20260701,MEAS_R000432,MEAS_UNIT_000432,432,C011,S01,2,38.2,38.5739150845631,38.2422943633844,38.2564007887375,38.285900476630125,-0.0859004766301225
20260701,MEAS_R000436,MEAS_UNIT_000436,436,C012,S01,2,40.2,40.2056139978032,40.3095972065094,40.3169019399008,40.32785108474197,-0.1278510847419696
20260701,MEAS_R000441,MEAS_UNIT_000441,441,C013,S01,2,38.7,38.7378280285729,38.7999984007808,38.6759227442524,38.72480346615156,-0.0248034661515603
20260701,MEAS_R000445,MEAS_UNIT_000445,445,C013,S01,2,39.1,38.9434090820598,39.0909533085545,39.1177074835266,39.07915613695136,0.0208438630486469
20260701,MEAS_R000447,MEAS_UNIT_000447,447,C014,S01,2,38.3,38.4185001734006,38.3851948567626,38.3801338696651,38.371639901658405,-0.0716399016584077
20260701,MEAS_R000453,MEAS_UNIT_000453,453,C016,S01,2,38.8,38.6662174042206,38.764065646627,38.8584030544185,38.78411707531313,0.0158829246868705
20260701,MEAS_R000459,MEAS_UNIT_000459,459,C017,S01,2,39.4,39.4383005901874,39.3899059537484,39.3831680367174,39.40423543189708,-0.0042354318970794
20260701,MEAS_R000460,MEAS_UNIT_000460,460,C018,S01,2,38.8,38.710564232311,38.8289494794732,38.7910423889405,38.78512075143416,0.0148792485658333
20260701,MEAS_R000464,MEAS_UNIT_000464,464,C018,S01,2,38.8,38.7272513803837,38.7663429231072,38.7844670175847,38.76094636630229,0.0390536336977049
20260701,MEAS_R000466,MEAS_UNIT_000466,466,C019,S01,2,39.5,39.5246021080681,39.5749426698198,39.5008929732292,39.54534489522543,-0.0453448952254333
20260701,MEAS_R000467,MEAS_UNIT_000467,467,C019,S01,2,39.5,39.5778614875439,39.6053340984725,39.5610357187078,39.59444736528517,-0.0944473652851698
20260701,MEAS_R000475,MEAS_UNIT_000475,475,C021,S01,2,38.2,38.3383267257989,38.1751189193038,38.2383252255763,38.21071038205072,-0.0107103820507177
20260701,MEAS_R000476,MEAS_UNIT_000476,476,C021,S01,2,38.3,38.4515310396389,38.212637740545,38.3228450348759,38.28439655637338,0.0156034436266168
20260701,MEAS_R000480,MEAS_UNIT_000480,480,C022,S01,2,38.4,38.3361983352793,38.4326285354423,38.3671944658874,38.36944030720609,0.0305596927939078
20260701,MEAS_R000481,MEAS_UNIT_000481,481,C022,S01,2,38.4,38.778297384989,38.3829872990092,38.3418426997639,38.41541781349089,-0.0154178134908917
20260701,MEAS_R000485,MEAS_UNIT_000485,485,C024,S01,2,39.0,39.2143169229077,39.1922033573486,39.1845186519084,39.19639314221626,-0.1963931422162588
20260701,MEAS_R000486,MEAS_UNIT_000486,486,C025,S01,2,39.4,38.9266309619682,39.4857142528281,39.3870527716084,39.35378963267736,0.0462103673226437
20260701,MEAS_R000488,MEAS_UNIT_000488,488,C025,S01,2,39.4,39.3489131173524,39.3835552577774,39.3902157440844,39.38955956521227,0.010440434787732
20260701,MEAS_R000493,MEAS_UNIT_000493,493,C025,S01,2,39.4,39.5067559165389,39.4680345558341,39.3632248365439,39.436735275555705,-0.0367352755557064
20260701,MEAS_R000496,MEAS_UNIT_000496,496,C026,S01,2,38.7,38.8157288133198,38.6897870698107,38.7174274741381,38.71556805863044,-0.0155680586304356
20260701,MEAS_R000497,MEAS_UNIT_000497,497,C026,S01,2,38.7,38.5673355787044,38.6617883450547,38.7166169041494,38.6612587759328,0.0387412240672091
20260701,MEAS_R000503,MEAS_UNIT_000503,503,C026,S01,2,38.6,38.4960400414012,38.677257001822,38.6595259608747,38.62802622464328,-0.0280262246432769
20260701,MEAS_R000504,MEAS_UNIT_000504,504,C027,S01,2,39.0,38.7491321095681,38.8935728208175,38.8803612306219,38.8584642232142,0.1415357767858012
20260701,MEAS_R000506,MEAS_UNIT_000506,506,C027,S01,2,38.6,38.5332409613607,38.7471910009651,38.6719640695584,38.66712889376223,-0.0671288937622307
20260701,MEAS_R000513,MEAS_UNIT_000513,513,C029,S01,2,38.3,38.2140565926034,38.3811801385384,38.3704995066598,38.3300297708644,-0.0300297708644023
20260701,MEAS_R000514,MEAS_UNIT_000514,514,C029,S01,2,38.4,38.4830239776519,38.3828964129912,38.5035359515289,38.439826135380045,-0.0398261353800464
20260701,MEAS_R000518,MEAS_UNIT_000518,518,C030,S01,2,40.3,40.2850880325998,40.2962749553866,40.2005308920985,40.28201702458274,0.0179829754172544
20260701,MEAS_R000519,MEAS_UNIT_000519,519,C030,S01,2,40.2,40.1432041761176,40.221850555665,40.1133056748127,40.18793071576745,0.0120692842325524
20260701,MEAS_R000007,MEAS_UNIT_000007,7,C021,S01,3,38.3,38.3095064274797,38.303709450136,38.2638046553777,38.24914544627973,0.0508545537202635
20260701,MEAS_R000009,MEAS_UNIT_000009,9,C021,S01,3,38.0,38.201119341211,38.303059643079,38.2638046553777,38.23804383614534,-0.2380438361453372
20260701,MEAS_R000010,MEAS_UNIT_000010,10,C003,S01,3,39.0,38.078200621059,38.5297547043273,38.5502196207853,38.46367042976864,0.5363295702313593
20260701,MEAS_R000020,MEAS_UNIT_000020,20,C003,S01,3,38.6,38.662241604899,38.61343062315,38.7269851941434,38.64333385932701,-0.0433338593270065
20260701,MEAS_R000024,MEAS_UNIT_000024,24,C002,S01,3,39.1,39.2546606119176,39.0743441993901,39.2217427439471,39.1446313610854,-0.0446313610854005
20260701,MEAS_R000025,MEAS_UNIT_000025,25,C002,S01,3,38.5,39.1878960449594,39.0487366987301,39.0525721586626,39.046362910033466,-0.5463629100334657
20260701,MEAS_R000033,MEAS_UNIT_000033,33,C002,S01,3,39.6,39.3171229804279,39.2240632629856,39.0906076691783,39.156410507074185,0.4435894929258168
20260701,MEAS_R000041,MEAS_UNIT_000041,41,C029,S01,3,38.5,38.1391202623371,38.2708887703059,38.2866480846066,38.22814466227969,0.2718553377203108
20260701,MEAS_R000046,MEAS_UNIT_000046,46,C029,S01,3,38.9,38.375057615865,38.3401681479462,38.3603662214295,38.31783516192479,0.582164838075208
20260701,MEAS_R000049,MEAS_UNIT_000049,49,C001,S01,3,39.2,38.3513494311403,38.1855772818966,38.5297733215851,38.32583044181863,0.8741695581813715
20260701,MEAS_R000056,MEAS_UNIT_000056,56,C001,S01,3,38.1,38.1611707563022,38.2135044091823,38.1948809440962,38.16101073228795,-0.0610107322879471
20260701,MEAS_R000060,MEAS_UNIT_000060,60,C001,S01,3,38.1,38.0511244055768,38.2391230923454,38.2180826912608,38.17258307439619,-0.072583074396185
20260701,MEAS_R000067,MEAS_UNIT_000067,67,C027,S01,3,38.6,38.6459701489559,38.7651978466673,38.7169987051029,38.70551188933945,-0.1055118893394464
20260701,MEAS_R000070,MEAS_UNIT_000070,70,C027,S01,3,39.1,39.0167959637848,38.9421131869439,38.9887318637171,38.95095026443894,0.1490497355610642
20260701,MEAS_R000078,MEAS_UNIT_000078,78,C026,S01,3,38.9,38.7811474683671,38.7213453955356,38.6635962471283,38.67392221962339,0.226077780376606
20260701,MEAS_R000081,MEAS_UNIT_000081,81,C016,S01,3,39.2,38.308938847622,38.5529247025254,38.714184046369,38.57472606183965,0.6252739381603547
20260701,MEAS_R000085,MEAS_UNIT_000085,85,C016,S01,3,38.7,38.4401300963218,38.5441942302275,38.4267449630343,38.44785529455858,0.2521447054414238
20260701,MEAS_R000091,MEAS_UNIT_000091,91,C022,S01,3,38.1,38.6692497654555,38.4238545771565,38.3998682690533,38.40364939262014,-0.3036493926201373
20260701,MEAS_R000097,MEAS_UNIT_000097,97,C022,S01,3,39.5,38.4376207051563,38.404889742907,38.4801719461518,38.40998690439178,1.0900130956082208
20260701,MEAS_R000098,MEAS_UNIT_000098,98,C022,S01,3,38.0,38.3744497840354,38.396100472692,38.4801719461518,38.39971905205646,-0.3997190520564615
20260701,MEAS_R000103,MEAS_UNIT_000103,103,C014,S01,3,38.5,38.0619688416061,38.1842117065154,38.2937035474554,38.1846532707937,0.315346729206297
20260701,MEAS_R000112,MEAS_UNIT_000112,112,C014,S01,3,39.0,38.3761640214991,38.315775990243,38.339089577496,38.29686420621182,0.7031357937881779
20260701,MEAS_R000113,MEAS_UNIT_000113,113,C014,S01,3,39.2,38.5612594733871,38.3675421929258,38.339089577496,38.33869517153957,0.8613048284604332
20260701,MEAS_R000119,MEAS_UNIT_000119,119,C023,S01,3,39.2,38.8774958598158,38.9269170215752,38.9431596823347,38.90863413744387,0.2913658625561339
20260701,MEAS_R000123,MEAS_UNIT_000123,123,C023,S01,3,38.6,38.9192346583097,38.9709886671061,38.9431596823347,38.93269552665875,-0.3326955266587461
20260701,MEAS_R000127,MEAS_UNIT_000127,127,C023,S01,3,39.9,39.493949322909,39.0665365332476,39.0172441854237,39.06820254747655,0.8317974525234462
20260701,MEAS_R000134,MEAS_UNIT_000134,134,C011,S01,3,38.1,38.182920015651,38.1576059486273,38.1345333267255,38.10938482967576,-0.0093848296757599
20260701,MEAS_R000138,MEAS_UNIT_000138,138,C011,S01,3,38.1,38.1023663796449,38.3928623057159,38.4487122039078,38.35623899357503,-0.2562389935750317
20260701,MEAS_R000141,MEAS_UNIT_000141,141,C004,S01,3,37.5,37.7323583514682,37.6112138132623,37.6074849774715,37.56835839266144,-0.0683583926614375
20260701,MEAS_R000144,MEAS_UNIT_000144,144,C004,S01,3,37.5,37.5,37.5634876767355,37.6074849774715,37.5236386099637,-0.0236386099637044
20260701,MEAS_R000150,MEAS_UNIT_000150,150,C004,S01,3,37.6,37.5489215630924,37.7132090385539,37.7830750901786,37.67920534747896,-0.079205347478954
20260701,MEAS_R000151,MEAS_UNIT_000151,151,C028,S01,3,40.3,40.244511991321,40.1605993519236,40.2122257999274,40.20248321351201,0.0975167864879864
20260701,MEAS_R000163,MEAS_UNIT_000163,163,C028,S01,3,40.3,40.2702304737951,40.1225031051194,40.2098022598128,40.18669981014101,0.1133001898589896
20260701,MEAS_R000165,MEAS_UNIT_000165,165,C008,S01,3,38.2,38.1757952200134,38.1752840338229,38.2252642945698,38.15958863090788,0.0404113690921263
20260701,MEAS_R000168,MEAS_UNIT_000168,168,C008,S01,3,38.1,38.3489165036732,38.1767105258312,38.1547599977776,38.1441347730041,-0.0441347730040959
20260701,MEAS_R000170,MEAS_UNIT_000170,170,C008,S01,3,38.1,38.2631944987717,38.1426004996758,38.1547599977776,38.1201853159281,-0.0201853159280958
20260701,MEAS_R000177,MEAS_UNIT_000177,177,C030,S01,3,40.2,39.9574701540674,40.2532885121693,40.1240836614479,40.17400359537495,0.0259964046250544
20260701,MEAS_R000183,MEAS_UNIT_000183,183,C030,S01,3,40.2,39.9663228665328,40.2617412478797,40.0397672315536,40.13880594636076,0.061194053639241
20260701,MEAS_R000187,MEAS_UNIT_000187,187,C030,S01,3,40.2,40.1194362895441,40.2205802045373,40.1148392763453,40.17101188228995,0.0289881177100497
20260701,MEAS_R000198,MEAS_UNIT_000198,198,C018,S01,3,38.8,39.0052253676719,38.8023350543315,38.7797628574341,38.787803395573135,0.0121966044268617
20260701,MEAS_R000199,MEAS_UNIT_000199,199,C018,S01,3,38.8,38.7371673990022,38.839779417653,38.7797628574341,38.77797992955203,0.0220200704479651
20260701,MEAS_R000201,MEAS_UNIT_000201,201,C018,S01,3,38.8,38.572486557185,38.7464376070864,38.7916587921218,38.72504138009562,0.074958619904379
20260701,MEAS_R000202,MEAS_UNIT_000202,202,C025,S01,3,39.4,39.3212398718711,39.4192409012847,39.3866401308001,39.38502497536957,0.0149750246304307
20260701,MEAS_R000203,MEAS_UNIT_000203,203,C025,S01,3,39.5,39.3127476778602,39.4069216162173,39.3607423458091,39.36636137047732,0.1336386295226788
20260701,MEAS_R000209,MEAS_UNIT_000209,209,C025,S01,3,39.5,39.2127261681169,39.4394446052364,39.3236256774584,39.35350922603363,0.1464907739663701
20260701,MEAS_R000216,MEAS_UNIT_000216,216,C010,S01,3,38.6,38.6497578328902,38.5998402949881,38.620872839606,38.5857422308636,0.0142577691363996
20260701,MEAS_R000218,MEAS_UNIT_000218,218,C010,S01,3,38.6,38.5868456712298,38.6232507563851,38.620872839606,38.59003902283588,0.0099609771641198
20260701,MEAS_R000221,MEAS_UNIT_000221,221,C010,S01,3,38.6,38.6263818161396,38.6242102706406,38.6363329557079,38.60173020038899,-0.0017302003889909
20260701,MEAS_R000224,MEAS_UNIT_000224,224,C010,S01,3,38.7,38.8271020786789,38.7980859514118,38.8382146436593,38.79578096308249,-0.0957809630824897
20260701,MEAS_R000225,MEAS_UNIT_000225,225,C019,S01,3,39.5,39.4644554740843,39.5709749595089,39.4984509141427,39.52072412881933,-0.0207241288193316
20260701,MEAS_R000237,MEAS_UNIT_000237,237,C019,S01,3,39.5,39.4340522479168,39.513010988086,39.4891761581884,39.48713178897958,0.0128682110204181
20260701,MEAS_R000240,MEAS_UNIT_000240,240,C005,S01,3,37.9,37.9534910131883,37.8956750325893,38.0023654869119,37.90569985649121,-0.005699856491212
20260701,MEAS_R000242,MEAS_UNIT_000242,242,C005,S01,3,37.9,37.9491633568742,37.9798271849521,38.0055306719648,37.94476244491288,-0.0447624449128838
20260701,MEAS_R000244,MEAS_UNIT_000244,244,C005,S01,3,38.2,37.9136402400062,38.201144514962,38.4103926138952,38.23272282175874,-0.0327228217587389
20260701,MEAS_R000247,MEAS_UNIT_000247,247,C005,S01,3,38.2,37.9390642003279,38.1856213495719,38.4168441955882,38.23130180713273,-0.0313018071327277
20260701,MEAS_R000254,MEAS_UNIT_000254,254,C017,S01,3,39.4,39.2059876800175,39.145577738225,39.2078198398182,39.1653531053515,0.2346468946484989
20260701,MEAS_R000262,MEAS_UNIT_000262,262,C017,S01,3,39.3,39.3961602524257,39.4741174485492,39.4246362636342,39.43525290544012,-0.1352529054401259
20260701,MEAS_R000266,MEAS_UNIT_000266,266,C017,S01,3,39.8,39.9451866453404,40.0099602702269,39.9535085237463,39.98219791727493,-0.1821979172749266
20260701,MEAS_R000273,MEAS_UNIT_000273,273,C020,S01,3,39.1,39.1588899061959,39.2055429088147,39.1747672095436,39.17209218089946,-0.0720921808994603
20260701,MEAS_R000277,MEAS_UNIT_000277,277,C020,S01,3,39.6,39.5201435564869,39.5509448755395,39.5428852548655,39.53825879993371,0.0617412000662938
20260701,MEAS_R000278,MEAS_UNIT_000278,278,C020,S01,3,38.6,39.4753866425959,39.5965260763252,39.4910494069152,39.52984876484625,-0.9298487648462485
20260701,MEAS_R000291,MEAS_UNIT_000291,291,C009,S01,3,40.8,40.3817479826336,40.3738546381926,40.4043049468538,40.40334572972773,0.3966542702722648
20260701,MEAS_R000292,MEAS_UNIT_000292,292,C009,S01,3,40.6,40.3894147060574,40.3266310230008,40.3913487397406,40.37665716760715,0.2233428323928521
20260701,MEAS_R000296,MEAS_UNIT_000296,296,C012,S01,3,39.0,39.0406466565474,39.2188052755595,39.09744188494,39.1297004122511,-0.1297004122510969
20260701,MEAS_R000302,MEAS_UNIT_000302,302,C012,S01,3,40.0,39.6268848079003,39.6942040357683,39.6390510865577,39.65909128246595,0.3409087175340488
20260701,MEAS_R000303,MEAS_UNIT_000303,303,C012,S01,3,39.4,39.4742524497664,39.532521915605,39.5029577132639,39.50647126526783,-0.1064712652678281
20260701,MEAS_R000309,MEAS_UNIT_000309,309,C006,S01,3,39.3,39.1775030745563,39.0655524270009,39.186314029864,39.11620342491376,0.1837965750862409
20260701,MEAS_R000310,MEAS_UNIT_000310,310,C006,S01,3,38.5,38.6964062108488,38.9856697723219,38.7060058564298,38.804887294935085,-0.3048872949350851
20260701,MEAS_R000312,MEAS_UNIT_000312,312,C006,S01,3,38.4,38.6213399117528,38.8447283377924,38.6419719486539,38.70346414183898,-0.3034641418389796
20260701,MEAS_R000327,MEAS_UNIT_000327,327,C015,S01,3,38.2,38.2697983347052,38.3107687118144,38.2683285194039,38.25051382340458,-0.0505138234045787
20260701,MEAS_R000328,MEAS_UNIT_000328,328,C015,S01,3,38.0,38.8260132423461,38.6969919222666,38.8348012184097,38.74841118093251,-0.7484111809325071
20260701,MEAS_R000330,MEAS_UNIT_000330,330,C015,S01,3,38.5,38.5587202873451,38.6551667510827,38.5231115427914,38.55538624534616,-0.0553862453461562
20260701,MEAS_R000333,MEAS_UNIT_000333,333,C015,S01,3,40.0,39.2213469553913,39.202243773271,39.2805690115771,39.22689418665419,0.7731058133458077
20260701,MEAS_R000338,MEAS_UNIT_000338,338,C007,S01,3,40.1,39.2993581501258,39.2363447138449,39.2633954310602,39.241944401768,0.8580555982320064
20260701,MEAS_R000343,MEAS_UNIT_000343,343,C007,S01,3,39.3,38.9166347750152,38.9313204343962,38.8871260197514,38.888011128838045,0.4119888711619524
20260701,MEAS_R000351,MEAS_UNIT_000351,351,C007,S01,3,40.7,40.4650808133155,40.121353965693,40.400448258375,40.29582140022792,0.4041785997720808
20260701,MEAS_R000353,MEAS_UNIT_000353,353,C007,S01,3,39.4,39.58685447492,39.4820033436959,39.5871236203399,39.534715396082376,-0.1347153960823774
20260701,MEAS_R000360,MEAS_UNIT_000360,360,C013,S01,3,38.6,38.7078842082844,38.7046764335046,38.6673255504669,38.66085476944615,-0.0608547694461449
20260701,MEAS_R000364,MEAS_UNIT_000364,364,C013,S01,3,39.1,39.1700432958566,39.1526057683501,39.1267225508257,39.12656830792939,-0.0265683079293879
20260701,MEAS_R000370,MEAS_UNIT_000370,370,C024,S01,3,38.3,38.2037559891687,38.204572303553,38.1939320956602,38.16077526485495,0.1392247351450493
20260701,MEAS_R000375,MEAS_UNIT_000375,375,C024,S01,3,38.2,38.558202730109,38.5615994743045,38.5314195086612,38.517018264642,-0.3170182646419945
20260701,MEAS_R000380,MEAS_UNIT_000380,380,C024,S01,3,41.2,40.2579450370481,40.1252577195319,40.2687532913048,40.21461305298045,0.9853869470195492
20260701,MEAS_R000387,MEAS_UNIT_000387,387,C001,S01,3,38.2,38.4753903565532,38.1897542146872,38.1948809440962,38.18162057066219,0.0183794293378127
20260701,MEAS_R000416,MEAS_UNIT_000416,416,C009,S01,3,40.4,40.3649638786836,40.328771918433,40.3870548057732,40.37315381150097,0.0268461884990287
20260701,MEAS_R000417,MEAS_UNIT_000417,417,C009,S01,3,40.4,40.387462183706,40.2900644946661,40.3840570730739,40.356501639990654,0.0434983600093445
20260701,MEAS_R000429,MEAS_UNIT_000429,429,C011,S01,3,38.4,38.2786498152565,38.3875189716087,38.4487122039078,38.371405106334194,0.0285948936658044
20260701,MEAS_R000434,MEAS_UNIT_000434,434,C011,S01,3,38.1,38.2643224466139,38.1545816624182,38.1345333267255,38.11613663898056,-0.0161366389805621
20260701,MEAS_R000435,MEAS_UNIT_000435,435,C012,S01,3,39.5,39.5328948814254,39.5443048829285,39.5027864024227,39.51755819758436,-0.017558197584357
20260701,MEAS_R000442,MEAS_UNIT_000442,442,C013,S01,3,39.1,39.1301079098488,39.0514430548683,39.1297502727474,39.07834162431845,0.0216583756815538
20260701,MEAS_R000450,MEAS_UNIT_000450,450,C016,S01,3,38.6,38.5964795761236,38.5927243905208,38.6623940547923,38.59686351005945,0.0031364899405517
20260701,MEAS_R000455,MEAS_UNIT_000455,455,C016,S01,3,38.7,38.7779206283768,38.6821814522276,38.714184046369,38.67985435140842,0.0201456485915798
20260701,MEAS_R000465,MEAS_UNIT_000465,465,C019,S01,3,39.4,39.3654476769762,39.4488455152588,39.3999975732517,39.409120908880055,-0.0091209088800567
20260701,MEAS_R000471,MEAS_UNIT_000471,471,C021,S01,3,38.3,39.0895216167457,38.2291395346672,38.3452020875582,38.33177341706413,-0.0317734170641301
20260701,MEAS_R000473,MEAS_UNIT_000473,473,C021,S01,3,38.3,38.8675810299937,38.2433564079719,38.3452020875582,38.31606102243042,-0.0160610224304207
20260701,MEAS_R000500,MEAS_UNIT_000500,500,C026,S01,3,38.6,38.5745670503143,38.6063670388512,38.6052361677729,38.573792279181376,0.0262077208186255
20260701,MEAS_R000509,MEAS_UNIT_000509,509,C028,S01,3,40.3,40.2365403770366,40.1486104273452,40.1987142430989,40.18988162432375,0.1101183756762438
20260701,MEAS_R000516,MEAS_UNIT_000516,516,C029,S01,3,38.3,38.2394099383539,38.2524037204132,38.2866480846066,38.229799028452376,0.0702009715476208
20260701,MEAS_R000005,MEAS_UNIT_000005,5,C021,S01,4,38.1,38.2682701267272,38.2379626562384,38.2615460053749,38.24015454727558,-0.1401545472755785
20260701,MEAS_R000008,MEAS_UNIT_000008,8,C021,S01,4,38.2,38.0805527423337,38.2552198830031,38.22476035644,38.20160602854169,-0.001606028541687
20260701,MEAS_R000017,MEAS_UNIT_000017,17,C003,S01,4,38.3,38.4171314986623,38.465138195037,38.5134214460849,38.48160220996563,-0.1816022099656322
20260701,MEAS_R000019,MEAS_UNIT_000019,19,C003,S01,4,39.0,38.7263606451974,38.5986556072592,38.609065397185,38.61631449968167,0.3836855003183288
20260701,MEAS_R000023,MEAS_UNIT_000023,23,C002,S01,4,39.5,38.9461514082183,39.1070559144799,39.0477187538929,39.06691837786867,0.4330816221313327
20260701,MEAS_R000026,MEAS_UNIT_000026,26,C002,S01,4,39.3,38.8455505111748,38.9955360138373,38.9704560088171,38.97382488358415,0.3261751164158468
20260701,MEAS_R000043,MEAS_UNIT_000043,43,C029,S01,4,38.5,38.8400507727797,38.4358959498269,38.4281838726094,38.467955144463474,0.032044855536526
20260701,MEAS_R000045,MEAS_UNIT_000045,45,C029,S01,4,38.4,38.7691254117278,38.4752138104155,38.5756907601717,38.56276610811963,-0.1627661081196336
20260701,MEAS_R000048,MEAS_UNIT_000048,48,C001,S01,4,38.9,38.0703349889422,38.1808048230419,38.6701973012054,38.45174116339554,0.4482588366044595
20260701,MEAS_R000051,MEAS_UNIT_000051,51,C001,S01,4,38.0,38.3921013149091,38.2427597396638,38.2066573368059,38.2218358149778,-0.2218358149778012
20260701,MEAS_R000058,MEAS_UNIT_000058,58,C001,S01,4,38.3,37.9998889150626,38.2507738540648,38.3077002663811,38.24216954926608,0.0578304507339169
20260701,MEAS_R000064,MEAS_UNIT_000064,64,C027,S01,4,38.5,39.0445035369485,39.0855400222777,38.7207169325179,38.870209584498085,-0.3702095844980846
20260701,MEAS_R000066,MEAS_UNIT_000066,66,C027,S01,4,38.5,38.6233627750577,38.843800240276,38.7207169325179,38.74853594305888,-0.2485359430588829
20260701,MEAS_R000079,MEAS_UNIT_000079,79,C026,S01,4,38.6,38.7303353700658,38.7980716274951,38.7282270340243,38.7512215737245,-0.1512215737244986
20260701,MEAS_R000080,MEAS_UNIT_000080,80,C016,S01,4,38.9,38.5129497394831,38.635996555875,38.693654179001,38.6557088664675,0.2442911335324993
20260701,MEAS_R000082,MEAS_UNIT_000082,82,C016,S01,4,38.0,38.6108951492387,38.6255196260221,38.5362775991386,38.56671771838565,-0.5667177183856538
20260701,MEAS_R000092,MEAS_UNIT_000092,92,C022,S01,4,38.1,38.4454413054813,38.4453818726508,38.6072702442823,38.53649365696457,-0.4364936569645721
20260701,MEAS_R000100,MEAS_UNIT_000100,100,C022,S01,4,38.2,38.6790759326402,38.61370907925,38.4492015449121,38.51721555231136,-0.3172155523113602
20260701,MEAS_R000101,MEAS_UNIT_000101,101,C022,S01,4,38.2,38.4150245679004,38.5533063918582,38.4690274012022,38.48107439559611,-0.2810743955961072
20260701,MEAS_R000108,MEAS_UNIT_000108,108,C014,S01,4,37.5,38.1121185638616,38.2393785851901,38.1913208472186,38.17973804268654,-0.6797380426865374
20260701,MEAS_R000109,MEAS_UNIT_000109,109,C014,S01,4,38.1,37.9747042273719,38.2120002445472,38.1913208472186,38.155824259123456,-0.0558242591234545
20260701,MEAS_R000116,MEAS_UNIT_000116,116,C023,S01,4,38.3,38.6858544628133,39.0633724422841,38.9471780968856,38.96225859718625,-0.662258597186252
20260701,MEAS_R000120,MEAS_UNIT_000120,120,C023,S01,4,39.0,39.1260201597632,39.0112015101917,38.9484021483998,38.9967351520005,0.0032648479995032
20260701,MEAS_R000124,MEAS_UNIT_000124,124,C023,S01,4,39.1,38.5787603042458,39.00247626932,38.9484021483998,38.93224769916871,0.167752300831296
20260701,MEAS_R000133,MEAS_UNIT_000133,133,C011,S01,4,38.1,38.0295850703601,38.125682753265,38.1247848184427,38.094618940946845,0.0053810590531568
20260701,MEAS_R000135,MEAS_UNIT_000135,135,C011,S01,4,38.4,38.734226487983,38.3330815486713,38.337769721188,38.36884759749982,0.0311524025001759
20260701,MEAS_R000146,MEAS_UNIT_000146,146,C004,S01,4,37.5,37.8405879371834,37.5953827010212,37.6050441602005,37.5908823678578,-0.0908823678578016
20260701,MEAS_R000148,MEAS_UNIT_000148,148,C004,S01,4,37.7,37.9100242107405,37.6314570268518,37.9185283071279,37.80268754600943,-0.1026875460094274
20260701,MEAS_R000152,MEAS_UNIT_000152,152,C028,S01,4,40.2,40.1155381369786,40.17966246938,40.1605966507657,40.21262436124029,-0.0126243612402916
20260701,MEAS_R000160,MEAS_UNIT_000160,160,C028,S01,4,40.1,40.1323794021934,40.1356644032593,40.0626460076282,40.14076452743468,-0.0407645274346819
20260701,MEAS_R000166,MEAS_UNIT_000166,166,C008,S01,4,38.1,38.1332763928859,38.1868754795124,38.1597969776216,38.14663449429588,-0.0466344942958798
20260701,MEAS_R000180,MEAS_UNIT_000180,180,C030,S01,4,40.3,40.4638941416624,40.2742163023489,40.1994935013739,40.3048920609526,-0.0048920609525993
20260701,MEAS_R000188,MEAS_UNIT_000188,188,C030,S01,4,40.1,39.2552345145182,40.2807567503628,39.9829017892858,40.03709904058294,0.0629009594170639
20260701,MEAS_R000191,MEAS_UNIT_000191,191,C018,S01,4,38.8,38.7966575270444,38.8357591175164,38.7963662210462,38.81219554947841,-0.0121955494784131
20260701,MEAS_R000192,MEAS_UNIT_000192,192,C018,S01,4,38.8,38.6429384670911,38.8626323473019,38.7963662210462,38.80307112984672,-0.0030711298467238
20260701,MEAS_R000200,MEAS_UNIT_000200,200,C018,S01,4,38.8,38.5530185626338,38.7484684081803,38.7895258177927,38.75370817500504,0.0462918249949595
20260701,MEAS_R000208,MEAS_UNIT_000208,208,C025,S01,4,39.4,39.5821409523673,39.4410877069459,39.3090116140721,39.40193904012503,-0.0019390401250305
20260701,MEAS_R000212,MEAS_UNIT_000212,212,C010,S01,4,38.6,38.6348773216395,38.5746510478178,38.6090360918171,38.59860480831958,0.0013951916804231
20260701,MEAS_R000215,MEAS_UNIT_000215,215,C010,S01,4,38.7,38.6918350273572,38.6942872264013,38.7237244895792,38.71228691822048,-0.0122869182204752
20260701,MEAS_R000219,MEAS_UNIT_000219,219,C010,S01,4,38.7,38.6898731050894,38.6960773290702,38.7193474036612,38.70992062422677,-0.0099206242267655
20260701,MEAS_R000227,MEAS_UNIT_000227,227,C019,S01,4,39.4,39.407973439352,39.4033106487703,39.3601924637217,39.40218058543834,-0.0021805854383458
20260701,MEAS_R000231,MEAS_UNIT_000231,231,C019,S01,4,39.6,39.5303992493897,39.4447422590694,39.4862492818845,39.50627905107912,0.0937209489208825
20260701,MEAS_R000232,MEAS_UNIT_000232,232,C019,S01,4,39.5,39.4785883005517,39.4895508819568,39.4891375294096,39.51594053797222,-0.0159405379722201
20260701,MEAS_R000243,MEAS_UNIT_000243,243,C005,S01,4,37.8,37.8487433503628,37.7436567803412,37.7923470506165,37.75251492855743,0.0474850714425656
20260701,MEAS_R000250,MEAS_UNIT_000250,250,C005,S01,4,37.8,37.9217837085919,37.8032739822307,37.8318938258012,37.80337588431345,-0.0033758843134563
20260701,MEAS_R000258,MEAS_UNIT_000258,258,C017,S01,4,39.1,39.4105997118627,39.4416309801457,39.4222004645686,39.45238129524293,-0.3523812952429281
20260701,MEAS_R000260,MEAS_UNIT_000260,260,C017,S01,4,39.4,39.3965272624855,39.4081774122862,39.3952159965683,39.42393153467011,-0.0239315346701118
20260701,MEAS_R000261,MEAS_UNIT_000261,261,C017,S01,4,39.9,39.9043839405671,39.9621671972071,39.9267388347711,39.97819548711959,-0.0781954871195864
20260701,MEAS_R000268,MEAS_UNIT_000268,268,C020,S01,4,39.6,39.5020211511787,39.5677932541629,39.5463830539357,39.577798946517774,0.0222010534822274
20260701,MEAS_R000269,MEAS_UNIT_000269,269,C020,S01,4,38.6,38.7940345310156,38.9551941728948,38.8565599230648,38.885552871318026,-0.2855528713180248
20260701,MEAS_R000283,MEAS_UNIT_000283,283,C020,S01,4,40.2,40.2021356205664,40.2406125244823,40.1992280743644,40.26486191174989,-0.0648619117498867
20260701,MEAS_R000284,MEAS_UNIT_000284,284,C009,S01,4,40.4,40.2847357160842,40.5660539147319,40.4919029006966,40.5540551382424,-0.1540551382424055
20260701,MEAS_R000286,MEAS_UNIT_000286,286,C009,S01,4,39.4,39.6357879934943,39.5196092168853,39.4990441492573,39.54900670419414,-0.1490067041941429
20260701,MEAS_R000293,MEAS_UNIT_000293,293,C012,S01,4,40.3,40.3078972098096,40.3700516142863,40.3504311565889,40.409530958851306,-0.1095309588513089
20260701,MEAS_R000297,MEAS_UNIT_000297,297,C012,S01,4,39.7,39.3664861439981,39.3455489866156,39.4024166041396,39.4057704061841,0.2942295938159063
20260701,MEAS_R000311,MEAS_UNIT_000311,311,C006,S01,4,39.7,38.9610705078698,39.121655052384,39.0558063835297,39.078055644148606,0.6219443558513973
20260701,MEAS_R000313,MEAS_UNIT_000313,313,C006,S01,4,38.9,39.781280448378,39.2980131370384,39.8011348165893,39.683401766793,-0.7834017667929984
20260701,MEAS_R000314,MEAS_UNIT_000314,314,C006,S01,4,39.4,39.5638349015401,39.5785640588244,39.6339139761896,39.641945093947946,-0.2419450939479475
20260701,MEAS_R000321,MEAS_UNIT_000321,321,C015,S01,4,38.2,38.2858466690367,38.4202919015098,38.2718506629683,38.30437436993358,-0.1043743699335806
20260701,MEAS_R000326,MEAS_UNIT_000326,326,C015,S01,4,38.2,38.2272249082304,38.322977612859,38.2800587976428,38.27297200885552,-0.0729720088555154
20260701,MEAS_R000335,MEAS_UNIT_000335,335,C015,S01,4,38.4,38.5886977164925,38.7586173179252,38.553547551514,38.615639140425415,-0.2156391404254165
20260701,MEAS_R000344,MEAS_UNIT_000344,344,C007,S01,4,39.9,39.7850631220651,39.7727032109223,39.8040982246003,39.83117015853505,0.0688298414649466
20260701,MEAS_R000347,MEAS_UNIT_000347,347,C007,S01,4,39.5,39.5619804700893,39.5890075212423,39.5543390150015,39.59597034520115,-0.0959703452011524
20260701,MEAS_R000355,MEAS_UNIT_000355,355,C007,S01,4,38.3,39.4430358007052,39.5125386255211,39.5380277965226,39.54905667854336,-1.2490566785433614
20260701,MEAS_R000356,MEAS_UNIT_000356,356,C007,S01,4,40.2,39.4740602803948,39.5299690446413,39.5378179162787,39.55777507084511,0.6422249291548923
20260701,MEAS_R000359,MEAS_UNIT_000359,359,C013,S01,4,38.6,38.7086291589659,38.6857178584944,38.7572501813761,38.73218700827266,-0.132187008272659
20260701,MEAS_R000365,MEAS_UNIT_000365,365,C013,S01,4,39.1,39.1140847826995,39.1465578728157,39.1386838838787,39.15397154989684,-0.0539715498968362
20260701,MEAS_R000369,MEAS_UNIT_000369,369,C024,S01,4,38.6,38.6662379781958,38.7867219181534,39.1160027140471,38.97912180986184,-0.3791218098618358
20260701,MEAS_R000371,MEAS_UNIT_000371,371,C024,S01,4,38.3,38.6668120665022,38.8386286685798,39.1194122383937,38.99719687941271,-0.6971968794127079
20260701,MEAS_R000372,MEAS_UNIT_000372,372,C024,S01,4,38.2,38.6450915694008,38.8846085553445,39.1128368808077,39.00479265429926,-0.8047926542992556
20260701,MEAS_R000388,MEAS_UNIT_000388,388,C002,S01,4,39.0,38.9151630015263,39.0319049391519,38.9704560088171,38.99283657458808,0.0071634254119175
20260701,MEAS_R000396,MEAS_UNIT_000396,396,C003,S01,4,38.6,38.5201641705455,38.486946468887,38.5938529998273,38.5494189557014,0.0505810442986032
20260701,MEAS_R000400,MEAS_UNIT_000400,400,C004,S01,4,37.5,37.7873375797132,37.577803594309,37.6050441602005,37.57947884341691,-0.0794788434169078
20260701,MEAS_R000404,MEAS_UNIT_000404,404,C005,S01,4,37.9,37.9309938759151,37.8949472587047,37.9700173690714,37.91751373695568,-0.0175137369556779
20260701,MEAS_R000412,MEAS_UNIT_000412,412,C008,S01,4,38.1,37.9337404250407,38.1604001539273,38.1597969776216,38.115980927836056,-0.015980927836054
20260701,MEAS_R000413,MEAS_UNIT_000413,413,C008,S01,4,38.1,38.1068926684446,38.1308381544493,38.1597969776216,38.12647606503357,-0.0264760650335702
20260701,MEAS_R000418,MEAS_UNIT_000418,418,C009,S01,4,40.5,40.4675065078095,40.591438768155,40.5152678914315,40.59685853857224,-0.0968585385722349
20260701,MEAS_R000420,MEAS_UNIT_000420,420,C009,S01,4,39.6,39.6742196213796,39.5898461789208,39.4978148924754,39.57412244887339,0.0258775511266122
20260701,MEAS_R000433,MEAS_UNIT_000433,433,C011,S01,4,38.1,38.1680192666673,38.1139761577504,38.1247848184427,38.10666631847116,-0.0066663184711543
20260701,MEAS_R000438,MEAS_UNIT_000438,438,C012,S01,4,40.4,40.3685707344939,40.3963359661299,40.3682704103667,40.43541899862439,-0.0354189986243937
20260701,MEAS_R000443,MEAS_UNIT_000443,443,C013,S01,4,39.1,39.1421423909473,39.1114205126088,39.1338073369681,39.14336838132474,-0.0433683813247398
20260701,MEAS_R000454,MEAS_UNIT_000454,454,C016,S01,4,38.7,38.5198651031815,38.6975069777229,38.7244762295574,38.69431261818576,0.0056873818142477
20260701,MEAS_R000456,MEAS_UNIT_000456,456,C016,S01,4,38.8,38.8153526451988,38.7938915302034,38.8297529855261,38.82201720133478,-0.0220172013347834
20260701,MEAS_R000472,MEAS_UNIT_000472,472,C021,S01,4,38.3,38.8033927801418,38.3010761219949,38.3540765530874,38.37688301109858,-0.0768830110985803
20260701,MEAS_R000478,MEAS_UNIT_000478,478,C021,S01,4,38.2,38.2535215841964,38.2434786848645,38.2615460053749,38.24017966166346,-0.0401796616634584
20260701,MEAS_R000479,MEAS_UNIT_000479,479,C022,S01,4,38.4,38.8519280077084,38.5109535958514,38.4492015449121,38.50523911440341,-0.1052391144034103
20260701,MEAS_R000482,MEAS_UNIT_000482,482,C023,S01,4,38.9,38.6587861541145,39.0063799103147,38.9840979822863,38.96444881958777,-0.0644488195877741
20260701,MEAS_R000487,MEAS_UNIT_000487,487,C025,S01,4,39.4,39.5126560264184,39.3930443218025,39.3884466553625,39.4282435831408,-0.0282435831407994
20260701,MEAS_R000492,MEAS_UNIT_000492,492,C025,S01,4,39.5,39.5199201843194,39.4901306862797,39.3987799203193,39.46518478296617,0.0348152170338309
20260701,MEAS_R000494,MEAS_UNIT_000494,494,C026,S01,4,38.6,38.8017448290777,38.7376736128599,38.6031007995502,38.66377513010519,-0.0637751301051849
20260701,MEAS_R000501,MEAS_UNIT_000501,501,C026,S01,4,38.6,38.660559483433,38.7026339006186,38.6031007995502,38.637086797778245,-0.0370867977782438
20260701,MEAS_R000508,MEAS_UNIT_000508,508,C027,S01,4,38.8,38.9940065541274,39.024847732132,38.7207169325179,38.8459005828916,-0.0459005828915977
20260701,MEAS_R000510,MEAS_UNIT_000510,510,C028,S01,4,40.2,40.1378294197332,40.211287891538,40.1639249882343,40.226885118494494,-0.0268851184944907
20260701,MEAS_R000520,MEAS_UNIT_000520,520,C030,S01,4,40.3,40.2900099893866,40.2697277400401,40.1994935013739,40.283875958210245,0.0161240417897516
20260701,MEAS_R000004,MEAS_UNIT_000004,4,C021,S01,5,38.4,38.119944928624,38.1439071119688,38.21418070186,38.14349494952258,0.256505050477422
20260701,MEAS_R000011,MEAS_UNIT_000011,11,C003,S01,5,38.8,38.5665270930242,38.5441347080735,38.5998281018937,38.55884951596989,0.2411504840301077
20260701,MEAS_R000015,MEAS_UNIT_000015,15,C003,S01,5,38.4,38.4035522164964,38.4760871910701,38.4850388016319,38.44703706942725,-0.0470370694272546
20260701,MEAS_R000027,MEAS_UNIT_000027,27,C002,S01,5,39.2,39.0578189119292,39.0525363336897,38.9648925430575,39.012800075942096,0.1871999240579072
20260701,MEAS_R000034,MEAS_UNIT_000034,34,C002,S01,5,39.2,39.2995724197768,39.320209597465,39.2938188518464,39.31119063570729,-0.1111906357072882
20260701,MEAS_R000036,MEAS_UNIT_000036,36,C029,S01,5,38.1,38.694271675867,38.3478850317937,38.4690282511898,38.455802299537474,-0.3558022995374728
20260701,MEAS_R000040,MEAS_UNIT_000040,40,C029,S01,5,38.5,38.4849707991919,38.2795966361136,38.2859017359109,38.302567291701465,0.1974327082985354
20260701,MEAS_R000050,MEAS_UNIT_000050,50,C001,S01,5,38.3,38.1501715333558,38.1762831919923,38.1754331693852,38.14361815801545,0.1563818419845475
20260701,MEAS_R000059,MEAS_UNIT_000059,59,C001,S01,5,38.1,38.2700972994665,38.2926922762184,38.2532247482959,38.24647036815716,-0.1464703681571535
20260701,MEAS_R000061,MEAS_UNIT_000061,61,C027,S01,5,38.9,38.6199837605487,38.870917484375,38.8968136911063,38.82354125589571,0.0764587441042863
20260701,MEAS_R000063,MEAS_UNIT_000063,63,C027,S01,5,38.7,39.1815125658231,39.2388379499222,39.9834042482281,39.57473852296221,-0.874738522962204
20260701,MEAS_R000073,MEAS_UNIT_000073,73,C026,S01,5,38.3,38.3731784742906,38.6604860961124,38.620845675706,38.56888057016364,-0.2688805701636454
20260701,MEAS_R000083,MEAS_UNIT_000083,83,C016,S01,5,38.1,38.4791917296292,38.5307813591739,38.4532411131881,38.46797997551572,-0.3679799755157162
20260701,MEAS_R000090,MEAS_UNIT_000090,90,C022,S01,5,38.3,38.885811154268,38.270953236095,38.3128926512828,38.39719482673998,-0.0971948267399795
20260701,MEAS_R000095,MEAS_UNIT_000095,95,C022,S01,5,38.7,38.3600051468484,38.4903826722069,38.5091939370053,38.45399716818749,0.2460028318125111
20260701,MEAS_R000104,MEAS_UNIT_000104,104,C014,S01,5,38.5,38.2621676209363,38.2774698366701,38.2759938197794,38.249845404246926,0.2501545957530737
20260701,MEAS_R000107,MEAS_UNIT_000107,107,C014,S01,5,38.2,38.0818452875634,38.1772739139026,38.0592485733896,38.07591224305584,0.1240877569441636
20260701,MEAS_R000122,MEAS_UNIT_000122,122,C023,S01,5,38.9,38.812839410377,38.9068126398705,38.9142869223535,38.88541642041061,0.0145835795893916
20260701,MEAS_R000125,MEAS_UNIT_000125,125,C023,S01,5,39.0,38.6780470673369,38.8639722128235,38.9195288046778,38.843881826536254,0.1561181734637458
20260701,MEAS_R000137,MEAS_UNIT_000137,137,C011,S01,5,38.2,38.7369883542759,38.4524817752492,38.439067270377,38.48837870088074,-0.2883787008807346
20260701,MEAS_R000139,MEAS_UNIT_000139,139,C004,S01,5,37.8,38.4647296424052,37.6034433225834,37.9481665769298,37.90161103107274,-0.1016110310727427
20260701,MEAS_R000140,MEAS_UNIT_000140,140,C004,S01,5,37.6,38.0866334783049,37.5482656221296,37.6009884589008,37.64156615786215,-0.0415661578621495
20260701,MEAS_R000147,MEAS_UNIT_000147,147,C004,S01,5,37.5,37.544,37.5320083211035,37.5998723764889,37.51981568371993,-0.0198156837199334
20260701,MEAS_R000157,MEAS_UNIT_000157,157,C028,S01,5,40.1,40.0844513614573,40.0918487731211,40.0507119936631,40.10195501164458,-0.0019550116445756
20260701,MEAS_R000162,MEAS_UNIT_000162,162,C028,S01,5,40.3,40.2440975528236,40.314642930128,40.2540678575302,40.30903040315069,-0.009030403150696
20260701,MEAS_R000174,MEAS_UNIT_000174,174,C008,S01,5,38.3,38.1565798641809,38.2911106090574,38.3062380658318,38.24617860716599,0.0538213928340098
20260701,MEAS_R000175,MEAS_UNIT_000175,175,C008,S01,5,38.2,38.2149624269054,38.1646118434161,38.2379811337278,38.18205501136064,0.0179449886393641
20260701,MEAS_R000181,MEAS_UNIT_000181,181,C030,S01,5,40.3,39.9623633689327,40.2845559551761,40.2123267424595,40.21913829357634,0.0808617064236543
20260701,MEAS_R000185,MEAS_UNIT_000185,185,C030,S01,5,40.2,40.286496926614,40.2952283909054,39.9862387769088,40.187746551456776,0.0122534485432268
20260701,MEAS_R000186,MEAS_UNIT_000186,186,C030,S01,5,40.2,39.8474242789529,40.3306528932185,40.0776247655338,40.14906681830649,0.0509331816935159
20260701,MEAS_R000190,MEAS_UNIT_000190,190,C018,S01,5,38.8,38.7219003166902,38.8669629088308,38.8225528282562,38.80960302585386,-0.0096030258538633
20260701,MEAS_R000194,MEAS_UNIT_000194,194,C018,S01,5,38.8,38.7500105913154,38.7664113829102,38.7556652733905,38.74892089804746,0.0510791019525385
20260701,MEAS_R000205,MEAS_UNIT_000205,205,C025,S01,5,39.4,38.8272210844472,39.3572576943516,39.3691542085208,39.25861589207111,0.1413841079288929
20260701,MEAS_R000206,MEAS_UNIT_000206,206,C025,S01,5,39.4,38.9151291551578,39.3483949052348,39.3546433413901,39.26747293611696,0.1325270638830389
20260701,MEAS_R000223,MEAS_UNIT_000223,223,C010,S01,5,38.7,38.7048747543376,38.7039969420066,38.7375284645816,38.70871133157266,-0.0087113315726554
20260701,MEAS_R000230,MEAS_UNIT_000230,230,C019,S01,5,39.5,39.525691625477,39.5147891379223,39.4990374078601,39.52320649006784,-0.0232064900678352
20260701,MEAS_R000234,MEAS_UNIT_000234,234,C019,S01,5,39.5,39.5326579685609,39.5611656846033,39.4990374078601,39.54122280249428,-0.041222802494282
20260701,MEAS_R000235,MEAS_UNIT_000235,235,C019,S01,5,39.5,39.4941681667526,39.4407507338606,39.4792410086781,39.48098409271319,0.0190159072868141
20260701,MEAS_R000245,MEAS_UNIT_000245,245,C005,S01,5,38.0,38.0119855052852,38.1358155724807,38.1215002203803,38.07494717443987,-0.0749471744398704
20260701,MEAS_R000252,MEAS_UNIT_000252,252,C017,S01,5,40.1,39.9205949787484,39.8741437807434,39.8580407533681,39.90072048392774,0.1992795160722593
20260701,MEAS_R000253,MEAS_UNIT_000253,253,C017,S01,5,38.9,39.0057259424592,39.0561186440161,39.1102003688487,39.06993466015781,-0.1699346601578142
20260701,MEAS_R000257,MEAS_UNIT_000257,257,C017,S01,5,39.3,39.4091845623819,39.4067504258369,39.4263819697237,39.42643189659504,-0.1264318965950366
20260701,MEAS_R000274,MEAS_UNIT_000274,274,C020,S01,5,39.5,39.1258251290284,39.115873991264,39.0936371859466,39.10915853134794,0.3908414686520629
20260701,MEAS_R000275,MEAS_UNIT_000275,275,C020,S01,5,40.2,40.1421214386871,40.206711305134,40.1839318330626,40.21654594420376,-0.0165459442037558
20260701,MEAS_R000280,MEAS_UNIT_000280,280,C020,S01,5,39.5,39.5668598948657,39.6147834400236,39.5683028450724,39.59952375239161,-0.0995237523916117
20260701,MEAS_R000285,MEAS_UNIT_000285,285,C009,S01,5,39.3,39.4594023259419,39.3946255918941,39.5016547367073,39.46746877461193,-0.1674687746119332
20260701,MEAS_R000294,MEAS_UNIT_000294,294,C012,S01,5,39.1,39.0190822913345,39.098542984891,39.0601387396835,39.06483918761725,0.0351608123827489
20260701,MEAS_R000298,MEAS_UNIT_000298,298,C012,S01,5,39.5,39.4608692608998,39.4707224906924,39.4756770926115,39.48294386165684,0.0170561383431575
20260701,MEAS_R000307,MEAS_UNIT_000307,307,C006,S01,5,38.5,39.4062823990313,39.3473679352919,39.4496672587297,39.415370241510544,-0.9153702415105442
20260701,MEAS_R000315,MEAS_UNIT_000315,315,C006,S01,5,38.5,38.586367967345,38.7851357876496,38.5817765168995,38.64067689603379,-0.1406768960337885
20260701,MEAS_R000322,MEAS_UNIT_000322,322,C015,S01,5,39.7,38.2792961924484,38.2878981921241,38.3186285634068,38.2768480600631,1.4231519399369006
20260701,MEAS_R000331,MEAS_UNIT_000331,331,C015,S01,5,39.0,39.4927089053437,39.5142286205566,39.5723026686484,39.5497413709284,-0.5497413709283947
20260701,MEAS_R000336,MEAS_UNIT_000336,336,C015,S01,5,38.8,39.0232240076944,38.9516246359641,39.011709384042,38.99103038459769,-0.1910303845976955
20260701,MEAS_R000340,MEAS_UNIT_000340,340,C007,S01,5,39.8,39.7429984801555,39.8258951171148,39.8176167657583,39.827114413800366,-0.0271144138003691
20260701,MEAS_R000341,MEAS_UNIT_000341,341,C007,S01,5,38.5,38.850760910119,38.9671231706541,38.9048757453915,38.91065043969395,-0.4106504396939527
20260701,MEAS_R000345,MEAS_UNIT_000345,345,C007,S01,5,39.7,38.9247301993066,38.9855380907741,38.9048757453915,38.93295205369956,0.767047946300444
20260701,MEAS_R000358,MEAS_UNIT_000358,358,C013,S01,5,38.7,38.5909799488266,38.717459406523,38.6905811548842,38.66765348477578,0.0323465152242192
20260701,MEAS_R000362,MEAS_UNIT_000362,362,C013,S01,5,39.2,39.0544626374262,39.1148046717577,39.1182992544362,39.10495679029077,0.0950432097092317
20260701,MEAS_R000367,MEAS_UNIT_000367,367,C024,S01,5,38.0,38.391219076209,38.4990883370142,38.4368879928567,38.43043185614004,-0.4304318561400393
20260701,MEAS_R000368,MEAS_UNIT_000368,368,C024,S01,5,38.0,38.3827358504494,38.5003947413884,38.4368879928567,38.42909289143872,-0.4290928914387137
20260701,MEAS_R000381,MEAS_UNIT_000381,381,C024,S01,5,38.5,38.5229355447112,38.5380350715479,38.4163559452392,38.46288009767405,0.0371199023259478
20260701,MEAS_R000389,MEAS_UNIT_000389,389,C002,S01,5,39.0,38.9914003819112,38.910277374388,38.959250573457,38.94535249982505,0.0546475001749513
20260701,MEAS_R000394,MEAS_UNIT_000394,394,C003,S01,5,38.5,38.4574528381276,38.5061140554998,38.4856227338205,38.46947818480555,0.0305218151944473
20260701,MEAS_R000402,MEAS_UNIT_000402,402,C005,S01,5,37.8,37.960241041805,37.75800827879,37.8588166573382,37.80823038668515,-0.008230386685156
20260701,MEAS_R000405,MEAS_UNIT_000405,405,C005,S01,5,37.7,37.8326519207327,37.8166353314945,37.8256281885139,37.78669975476072,-0.0866997547607155
20260701,MEAS_R000408,MEAS_UNIT_000408,408,C006,S01,5,39.4,39.367895082728,39.4029708625487,39.4496672587297,39.427027397921705,-0.0270273979217066
20260701,MEAS_R000414,MEAS_UNIT_000414,414,C008,S01,5,38.2,38.1724531013765,38.1394301830825,38.2202165678928,38.155850022163904,0.0441499778360992
20260701,MEAS_R000419,MEAS_UNIT_000419,419,C009,S01,5,39.6,39.5335187408982,39.4189205179201,39.5016547367073,39.4918980433399,0.1081019566601
20260701,MEAS_R000424,MEAS_UNIT_000424,424,C010,S01,5,38.6,38.6231383175147,38.5878271817692,38.6374749036715,38.603813328673866,-0.0038133286738641
20260701,MEAS_R000425,MEAS_UNIT_000425,425,C010,S01,5,38.8,38.7385434278979,38.6633871523687,38.756000001748,38.70990509858388,0.0900949014161156
20260701,MEAS_R000428,MEAS_UNIT_000428,428,C011,S01,5,38.3,38.4797748884309,38.3459586976319,38.3965359758674,38.37608793083295,-0.0760879308329549
20260701,MEAS_R000440,MEAS_UNIT_000440,440,C013,S01,5,39.1,39.0585749986654,39.1521371905736,39.1182992544362,39.11914154414898,-0.0191415441489795
20260701,MEAS_R000446,MEAS_UNIT_000446,446,C014,S01,5,38.0,37.7843067764409,38.0382866624827,38.0607138674216,37.96373661744963,0.0362633825503735
20260701,MEAS_R000449,MEAS_UNIT_000449,449,C014,S01,5,38.3,38.3500172496284,38.2966610203136,38.2869806361856,38.28043804022599,0.019561959774009
20260701,MEAS_R000457,MEAS_UNIT_000457,457,C016,S01,5,38.6,38.4898400985906,38.6796316436204,38.4588363275505,38.52589138590768,0.0741086140923172
20260701,MEAS_R000461,MEAS_UNIT_000461,461,C018,S01,5,38.8,38.7613496397404,38.8191746353404,38.7883836671513,38.7852170188762,0.0147829811238011
20260701,MEAS_R000477,MEAS_UNIT_000477,477,C021,S01,5,38.2,38.6847364788251,38.1546237703724,38.2079017445199,38.26457727199379,-0.0645772719937838
20260701,MEAS_R000483,MEAS_UNIT_000483,483,C023,S01,5,38.9,38.9937716823936,38.8345720899817,38.9116791953028,38.89695137419577,0.0030486258042259
20260701,MEAS_R000491,MEAS_UNIT_000491,491,C025,S01,5,39.5,39.5783678610213,39.4670200531078,39.4004172225447,39.47195024167869,0.0280497583213161
20260701,MEAS_R000495,MEAS_UNIT_000495,495,C026,S01,5,38.7,38.6902387368606,38.7302408982464,38.7392737703075,38.71575823782601,-0.0157582378260059
20260701,MEAS_R000502,MEAS_UNIT_000502,502,C026,S01,5,38.7,38.9088993165127,38.7768464815022,38.6577621183576,38.74134179501026,-0.0413417950102541
20260701,MEAS_R000505,MEAS_UNIT_000505,505,C027,S01,5,39.0,38.8085924658837,38.9600245350933,38.9372670297293,38.91407053091915,0.0859294690808525
20260701,MEAS_R000507,MEAS_UNIT_000507,507,C027,S01,5,39.8,38.9551178807837,39.0101653368858,39.9629163761762,39.43560994712405,0.3643900528759474
20260701,MEAS_R000511,MEAS_UNIT_000511,511,C028,S01,5,40.2,40.1678094328616,40.2104364497615,40.1629346818924,40.21366605865831,-0.0136660586583019
20260701,MEAS_R000515,MEAS_UNIT_000515,515,C029,S01,5,38.3,38.8803538894032,38.3296220043976,38.4653295207211,38.48717446481574,-0.1871744648157403
20260811,MEAS_R000005,MEAS_UNIT_000005,5,C021,S01,1,38.1,38.3453156089802,38.233995052482,38.2559455600811,38.21959214118121,-0.1195921411812079
20260811,MEAS_R000008,MEAS_UNIT_000008,8,C021,S01,1,38.2,38.2070092416235,38.2430966811178,38.2304210776965,38.20378301792219,-0.0037830179221884
20260811,MEAS_R000010,MEAS_UNIT_000010,10,C003,S01,1,39.0,38.1668379767045,38.5128366935101,38.554635343319,38.53230713981594,0.4676928601840586
20260811,MEAS_R000017,MEAS_UNIT_000017,17,C003,S01,1,38.3,38.4671132395003,38.4817902077764,38.4939943336713,38.46451284739276,-0.1645128473927641
20260811,MEAS_R000018,MEAS_UNIT_000018,18,C003,S01,1,38.5,38.5265622376689,38.4780965159563,38.4912141823041,38.45948211304759,0.0405178869524078
20260811,MEAS_R000029,MEAS_UNIT_000029,29,C002,S01,1,39.0,38.8717849055988,38.9980298006095,38.9461964700268,38.93200016323604,0.0679998367639598
20260811,MEAS_R000031,MEAS_UNIT_000031,31,C002,S01,1,40.0,38.9868322205962,39.2618781429106,38.9889947026717,39.01151214006176,0.988487859938239
20260811,MEAS_R000032,MEAS_UNIT_000032,32,C002,S01,1,39.7,39.3364888450233,39.2144784615308,38.9865944951521,38.98944309222348,0.710556907776521
20260811,MEAS_R000038,MEAS_UNIT_000038,38,C029,S01,1,38.2,38.0783920221719,38.2318963392951,38.3020233801409,38.26787787227097,-0.0678778722709694
20260811,MEAS_R000043,MEAS_UNIT_000043,43,C029,S01,1,38.5,38.4493043690188,38.3642719857889,38.4515922392224,38.40784634839248,0.0921536516075178
20260811,MEAS_R000046,MEAS_UNIT_000046,46,C029,S01,1,38.9,38.382483027769,38.3184084227383,38.3866795623786,38.345999580330215,0.5540004196697836
20260811,MEAS_R000054,MEAS_UNIT_000054,54,C001,S01,1,38.0,38.2181292891263,38.2335747491325,38.1833653875618,38.16113821015091,-0.1611382101509093
20260811,MEAS_R000055,MEAS_UNIT_000055,55,C001,S01,1,38.4,38.3959949482626,38.2144866302977,38.1868512579232,38.15485678195662,0.2451432180433812
20260811,MEAS_R000057,MEAS_UNIT_000057,57,C001,S01,1,38.2,38.8033833364707,38.2583561546086,38.3828272553208,38.318076084473816,-0.1180760844738131
20260811,MEAS_R000063,MEAS_UNIT_000063,63,C027,S01,1,38.7,39.4622155691857,39.4750665019925,40.0626015041228,39.9594572380828,-1.2594572380827955
20260811,MEAS_R000064,MEAS_UNIT_000064,64,C027,S01,1,38.5,39.0878402899866,39.0459040935767,38.6369187971031,38.66638088017872,-0.1663808801787141
20260811,MEAS_R000066,MEAS_UNIT_000066,66,C027,S01,1,38.5,38.6749519816668,38.8060777458908,38.6356706281578,38.636874827516216,-0.1368748275162161
20260811,MEAS_R000073,MEAS_UNIT_000073,73,C026,S01,1,38.3,38.490461636992,38.677165117897,38.6506070754701,38.63323171753824,-0.3332317175382471
20260811,MEAS_R000079,MEAS_UNIT_000079,79,C026,S01,1,38.6,38.7659059922712,38.8051892168318,38.7520269859456,38.734075779691146,-0.1340757796911447
20260811,MEAS_R000080,MEAS_UNIT_000080,80,C016,S01,1,38.9,38.5956863945836,38.5975170045968,38.6644666748151,38.62766741980901,0.2723325801909908
20260811,MEAS_R000085,MEAS_UNIT_000085,85,C016,S01,1,38.7,38.4221280085856,38.5595289870303,38.3623354093121,38.36609775529711,0.333902244702891
20260811,MEAS_R000089,MEAS_UNIT_000089,89,C022,S01,1,38.1,38.6776251253421,38.2908970300431,38.491809132989,38.422021963000645,-0.322021963000644
20260811,MEAS_R000093,MEAS_UNIT_000093,93,C022,S01,1,38.7,38.4029333678435,38.380316382969,38.571684576934,38.51582866739304,0.1841713326069651
20260811,MEAS_R000094,MEAS_UNIT_000094,94,C022,S01,1,38.2,38.4753566271634,38.5742843135681,38.5754481572562,38.55078849618292,-0.3507884961829148
20260811,MEAS_R000103,MEAS_UNIT_000103,103,C014,S01,1,38.5,38.4003197529883,38.2278961903706,38.3754519388639,38.31979280930354,0.180207190696457
20260811,MEAS_R000107,MEAS_UNIT_000107,107,C014,S01,1,38.2,38.1052539296009,38.1605475196905,38.0319542838995,38.02141861390994,0.178581386090066
20260811,MEAS_R000114,MEAS_UNIT_000114,114,C014,S01,1,38.8,38.6833893295965,38.4482570359949,38.3702989757833,38.34467976927616,0.4553202307238351
20260811,MEAS_R000122,MEAS_UNIT_000122,122,C023,S01,1,38.9,38.8932510690106,38.9292710428146,38.9541195152891,38.92602258249424,-0.0260225824942352
20260811,MEAS_R000123,MEAS_UNIT_000123,123,C023,S01,1,38.6,38.9179535494932,38.9953441032614,38.9729099510801,38.953036099359295,-0.3530360993592936
20260811,MEAS_R000127,MEAS_UNIT_000127,127,C023,S01,1,39.9,39.4232548240069,39.117944597805,39.0400950059585,39.015724701836426,0.8842752981635726
20260811,MEAS_R000132,MEAS_UNIT_000132,132,C011,S01,1,37.9,37.9498747782307,38.1184294964633,38.1247084289653,38.09921539361319,-0.199215393613187
20260811,MEAS_R000137,MEAS_UNIT_000137,137,C011,S01,1,38.2,38.6964063150059,38.4215835275103,38.4539874309561,38.4117574320878,-0.2117574320877935
20260811,MEAS_R000141,MEAS_UNIT_000141,141,C004,S01,1,37.5,37.6980591882283,37.6173813550519,37.6230455030273,37.586630499607246,-0.0866304996072457
20260811,MEAS_R000144,MEAS_UNIT_000144,144,C004,S01,1,37.5,37.524,37.5582508801198,37.6297303785156,37.58779804022556,-0.0877980402255573
20260811,MEAS_R000145,MEAS_UNIT_000145,145,C004,S01,1,37.6,37.7072578999983,37.6380262420499,37.7061051726651,37.66161835430108,-0.0616183543010819
20260811,MEAS_R000151,MEAS_UNIT_000151,151,C028,S01,1,40.3,40.2592270235277,40.2799842550438,40.2011702909654,40.1940574496086,0.1059425503913971
20260811,MEAS_R000162,MEAS_UNIT_000162,162,C028,S01,1,40.3,40.2537703590567,40.2716235796503,40.1949189558214,40.18737485280468,0.1126251471953168
20260811,MEAS_R000165,MEAS_UNIT_000165,165,C008,S01,1,38.2,38.1359412402882,38.1666022547269,38.2867429764881,38.2412872997256,-0.0412872997255959
20260811,MEAS_R000167,MEAS_UNIT_000167,167,C008,S01,1,38.1,37.9817281179608,38.1425927870271,38.1411335090524,38.11657593059765,-0.0165759305976465
20260811,MEAS_R000172,MEAS_UNIT_000172,172,C008,S01,1,38.2,38.1767422762781,38.135579720045,38.2376221970588,38.192088228379376,0.0079117716206269
20260811,MEAS_R000180,MEAS_UNIT_000180,180,C030,S01,1,40.3,40.3952633061669,40.2566706327597,40.1833573846304,40.17005111717237,0.1299488828276267
20260811,MEAS_R000185,MEAS_UNIT_000185,185,C030,S01,1,40.2,40.2455671864807,40.296511248668,39.9739625271857,40.00139041292978,0.1986095870702229
20260811,MEAS_R000187,MEAS_UNIT_000187,187,C030,S01,1,40.2,40.0688298495729,40.2281083559556,40.0827374416728,40.08909706992736,0.1109029300726405
20260811,MEAS_R000190,MEAS_UNIT_000190,190,C018,S01,1,38.8,38.6524681603916,38.8862689965886,38.8244309088279,38.81459225956865,-0.0145922595686514
20260811,MEAS_R000198,MEAS_UNIT_000198,198,C018,S01,1,38.8,38.6493233616846,38.7615765863175,38.7818749032823,38.7560417739883,0.0439582260116964
20260811,MEAS_R000200,MEAS_UNIT_000200,200,C018,S01,1,38.8,38.3819898965231,38.7381181584085,38.7730118414451,38.75318116499024,0.0468188350097591
20260811,MEAS_R000206,MEAS_UNIT_000206,206,C025,S01,1,39.4,38.8822448101768,39.4027137731037,39.3667548782832,39.36570247217144,0.0342975278285564
20260811,MEAS_R000207,MEAS_UNIT_000207,207,C025,S01,1,39.4,38.9242223877757,39.5007022518936,39.3113271996336,39.33372140790762,0.0662785920923809
20260811,MEAS_R000210,MEAS_UNIT_000210,210,C025,S01,1,39.4,39.0577089170521,39.5284092558382,39.4377974470993,39.44326148109152,-0.0432614810915197
20260811,MEAS_R000211,MEAS_UNIT_000211,211,C010,S01,1,38.7,38.7513614237145,38.717390988337,38.7525082285332,38.719528377946766,-0.0195283779467629
20260811,MEAS_R000212,MEAS_UNIT_000212,212,C010,S01,1,38.6,38.670756816502,38.5739977155999,38.6172523655211,38.580290727853615,0.019709272146386
20260811,MEAS_R000221,MEAS_UNIT_000221,221,C010,S01,1,38.6,38.6502278597457,38.6162336753572,38.678722211302,38.64144133397484,-0.0414413339748378
20260811,MEAS_R000225,MEAS_UNIT_000225,225,C019,S01,1,39.5,39.4644193684674,39.5829045720224,39.5348198062572,39.52299771014757,-0.022997710147564
20260811,MEAS_R000229,MEAS_UNIT_000229,229,C019,S01,1,39.4,39.4000759272434,39.3927695963719,39.3637761223972,39.34411693346819,0.0558830665318055
20260811,MEAS_R000231,MEAS_UNIT_000231,231,C019,S01,1,39.6,39.496834094052,39.4214481009749,39.4993978948481,39.462948313495765,0.1370516865042361
20260811,MEAS_R000242,MEAS_UNIT_000242,242,C005,S01,1,37.9,37.9574525065689,38.0048464667013,38.0401401597165,38.00601467609207,-0.106014676092073
20260811,MEAS_R000244,MEAS_UNIT_000244,244,C005,S01,1,38.2,37.9153787288863,38.202232501622,38.3496639284663,38.30919732385451,-0.1091973238545094
20260811,MEAS_R000247,MEAS_UNIT_000247,247,C005,S01,1,38.2,37.9083535344958,38.1697386580382,38.3455564531855,38.30017062148648,-0.1001706214864768
20260811,MEAS_R000254,MEAS_UNIT_000254,254,C017,S01,1,39.4,39.0864447988771,39.2598653246516,39.3373156977265,39.30836103244014,0.0916389675598594
20260811,MEAS_R000256,MEAS_UNIT_000256,256,C017,S01,1,39.0,39.0687214578715,39.311919182235,39.346564431247,39.32609015916888,-0.3260901591688778
20260811,MEAS_R000263,MEAS_UNIT_000263,263,C017,S01,1,39.4,39.1255557778891,39.3888054082282,39.3627531250766,39.35169009205994,0.0483099079400588
20260811,MEAS_R000267,MEAS_UNIT_000267,267,C017,S01,1,39.4,39.5266633204124,39.4061227844505,39.3706733902744,39.34819639949488,0.0518036005051172
20260811,MEAS_R000274,MEAS_UNIT_000274,274,C020,S01,1,39.5,40.0503927542113,39.5452008607532,39.4366476681597,39.412125052634366,0.0878749473656341
20260811,MEAS_R000276,MEAS_UNIT_000276,276,C020,S01,1,39.5,40.0384891410163,39.5713642666767,39.49201132325,39.464891898813605,0.0351081011863954
20260811,MEAS_R000278,MEAS_UNIT_000278,278,C020,S01,1,38.6,39.9595674919782,39.5806531370843,39.5125830319292,39.48690654241964,-0.8869065424196378
20260811,MEAS_R000282,MEAS_UNIT_000282,282,C020,S01,1,39.5,39.4889579650813,39.5361404045614,39.5868894741433,39.55887632396822,-0.0588763239682208
20260811,MEAS_R000284,MEAS_UNIT_000284,284,C009,S01,1,40.4,40.2646550129227,40.467713526669,40.3676345111088,40.37052829036197,0.029471709638031
20260811,MEAS_R000287,MEAS_UNIT_000287,287,C009,S01,1,39.5,39.3372901676354,39.4922291325448,39.5047465253741,39.485336129073794,0.0146638709262063
20260811,MEAS_R000300,MEAS_UNIT_000300,300,C012,S01,1,39.5,39.5000649052937,39.5248297893981,39.5687315092303,39.54084962501322,-0.040849625013223
20260811,MEAS_R000303,MEAS_UNIT_000303,303,C012,S01,1,39.4,39.5077326988026,39.5551586598944,39.6129486189105,39.5840797783582,-0.1840797783582033
20260811,MEAS_R000304,MEAS_UNIT_000304,304,C012,S01,1,40.6,40.3192410490032,40.2902480054423,40.1715816055369,40.16833373539973,0.431666264600274
20260811,MEAS_R000308,MEAS_UNIT_000308,308,C006,S01,1,38.6,38.5973424839159,38.8295315877205,38.7568723490566,38.74815952404445,-0.1481595240444519
20260811,MEAS_R000316,MEAS_UNIT_000316,316,C006,S01,1,39.4,39.5565693408211,39.5735311927713,39.4952299270407,39.48411863173093,-0.0841186317309308
20260811,MEAS_R000319,MEAS_UNIT_000319,319,C006,S01,1,40.0,39.5972133544977,39.6304447077992,39.5048925552145,39.5011137578952,0.4988862421048026
20260811,MEAS_R000322,MEAS_UNIT_000322,322,C015,S01,1,39.7,38.3009850318328,38.3373917311968,38.3585182817198,38.32775995468516,1.372240045314847
20260811,MEAS_R000326,MEAS_UNIT_000326,326,C015,S01,1,38.2,38.2290734894777,38.2734385456904,38.340718885566,38.3035485457623,-0.103548545762294
20260811,MEAS_R000333,MEAS_UNIT_000333,333,C015,S01,1,40.0,39.2447830618803,39.2927276716441,39.1279014172521,39.12818507493233,0.8718149250676674
20260811,MEAS_R000337,MEAS_UNIT_000337,337,C015,S01,1,39.1,38.8178013635563,38.7889397339433,38.8446132079491,38.809367989686095,0.2906320103139066
20260811,MEAS_R000338,MEAS_UNIT_000338,338,C007,S01,1,40.1,39.3423875253257,39.2641796255943,39.3516927861036,39.31299053915547,0.7870094608445299
20260811,MEAS_R000348,MEAS_UNIT_000348,348,C007,S01,1,39.7,39.565171612338,39.5116579146503,39.5079673691181,39.483935192032106,0.2160648079678964
20260811,MEAS_R000350,MEAS_UNIT_000350,350,C007,S01,1,39.3,39.2934789471005,39.2554788152229,39.3398300312818,39.30285548296562,-0.0028554829656215
20260811,MEAS_R000354,MEAS_UNIT_000354,354,C007,S01,1,40.6,40.5250887868251,40.2451049530861,40.2017298408415,40.17953885645204,0.4204611435479606
20260811,MEAS_R000360,MEAS_UNIT_000360,360,C013,S01,1,38.6,38.580999326288,38.6738954429278,38.7763759039161,38.73814849441866,-0.1381484944186581
20260811,MEAS_R000365,MEAS_UNIT_000365,365,C013,S01,1,39.1,39.1049716809171,39.1913746621975,39.1236326317152,39.11133130187476,-0.0113313018747618
20260811,MEAS_R000376,MEAS_UNIT_000376,376,C024,S01,1,38.9,38.9151582739181,38.8597146846049,38.907874243201,38.8731546218029,0.0268453781970947
20260811,MEAS_R000380,MEAS_UNIT_000380,380,C024,S01,1,41.2,40.181462399869,39.7758616781459,39.6929519324675,39.66947239442336,1.530527605576644
20260811,MEAS_R000382,MEAS_UNIT_000382,382,C024,S01,1,40.5,40.1988069396359,39.8724720472853,39.6779935508147,39.6729862937579,0.8270137062420986
20260811,MEAS_R000383,MEAS_UNIT_000383,383,C024,S01,1,40.2,40.1355673702414,39.935144499335,39.6927373557463,39.69884237128821,0.5011576287117947
20260811,MEAS_R000385,MEAS_UNIT_000385,385,C001,S01,1,38.3,38.4628167301395,38.2032918985723,38.4001964301779,38.33472906568443,-0.0347290656844307
20260811,MEAS_R000386,MEAS_UNIT_000386,386,C001,S01,1,38.3,38.3854331356543,38.1881855330998,38.4006625861837,38.335053564052544,-0.0350535640525464
20260811,MEAS_R000391,MEAS_UNIT_000391,391,C002,S01,1,39.0,38.8673283975773,38.8854211411379,38.9424756143139,38.909125667093406,0.0908743329065941
20260811,MEAS_R000396,MEAS_UNIT_000396,396,C003,S01,1,38.6,38.4349028217774,38.537274502407,38.5716423878739,38.5423421442306,0.0576578557693991
20260811,MEAS_R000398,MEAS_UNIT_000398,398,C004,S01,1,37.7,38.1649988041759,37.7240519865799,37.8297211839211,37.76814514651681,-0.0681451465168052
20260811,MEAS_R000404,MEAS_UNIT_000404,404,C005,S01,1,37.9,37.9775372524672,37.9668288371823,38.0251064377927,37.98568523020051,-0.0856852302005108
20260811,MEAS_R000406,MEAS_UNIT_000406,406,C006,S01,1,39.5,39.6176995032174,39.616826733895,39.4971124801412,39.49132220058058,0.0086777994194164
20260811,MEAS_R000409,MEAS_UNIT_000409,409,C006,S01,1,38.7,38.5722509074577,38.9045216741399,38.7934991648525,38.79379108000286,-0.0937910800028589
20260811,MEAS_R000414,MEAS_UNIT_000414,414,C008,S01,1,38.2,38.2484890831599,38.1535351618448,38.291628840746,38.23945099637494,-0.0394509963749385
20260811,MEAS_R000418,MEAS_UNIT_000418,418,C009,S01,1,40.5,40.4967548904719,40.5448732559187,40.3518168688968,40.36271808291736,0.137281917082646
20260811,MEAS_R000421,MEAS_UNIT_000421,421,C009,S01,1,39.5,39.6239143841203,39.5328330247439,39.5718480039507,39.54081711347908,-0.0408171134790791
20260811,MEAS_R000425,MEAS_UNIT_000425,425,C010,S01,1,38.8,38.7813190848989,38.6988428100891,38.7718606887648,38.73196298409166,0.0680370159083381
20260811,MEAS_R000428,MEAS_UNIT_000428,428,C011,S01,1,38.3,38.4679197213959,38.3457600394593,38.4076287840684,38.36603780680387,-0.0660378068038696
20260811,MEAS_R000432,MEAS_UNIT_000432,432,C011,S01,1,38.2,38.4474138066082,38.2087325723567,38.2295878117906,38.18900218909873,0.0109978109012729
20260811,MEAS_R000435,MEAS_UNIT_000435,435,C012,S01,1,39.5,39.5554375129821,39.5875068804634,39.6018745527484,39.57862615859806,-0.0786261585980625
20260811,MEAS_R000436,MEAS_UNIT_000436,436,C012,S01,1,40.2,40.1745745772019,40.264324906609,40.1525634323191,40.15218780129943,0.0478121987005764
20260811,MEAS_R000443,MEAS_UNIT_000443,443,C013,S01,1,39.1,39.2462861662057,39.1266077447919,39.1313507179579,39.10188315472005,-0.0018831547200477
20260811,MEAS_R000449,MEAS_UNIT_000449,449,C014,S01,1,38.3,38.4086069661493,38.2441667428286,38.3005298128344,38.25773788280621,0.0422621171937862
20260811,MEAS_R000450,MEAS_UNIT_000450,450,C016,S01,1,38.6,38.5457815669498,38.6248073749275,38.671949660736,38.64058912897082,-0.0405891289708222
20260811,MEAS_R000454,MEAS_UNIT_000454,454,C016,S01,1,38.7,38.7191062392097,38.6780004490539,38.720060886022,38.685678410053605,0.0143215899463982
20260811,MEAS_R000459,MEAS_UNIT_000459,459,C017,S01,1,39.4,39.3669579417583,39.3514034242759,39.3666631174653,39.340433893344766,0.0595661066552324
20260811,MEAS_R000461,MEAS_UNIT_000461,461,C018,S01,1,38.8,38.7290277794895,38.8214161675017,38.8015622932411,38.78089850672925,0.019101493270746
20260811,MEAS_R000468,MEAS_UNIT_000468,468,C019,S01,1,39.5,39.5036494407393,39.5275043795782,39.5237428790721,39.5023853937801,-0.0023853937801021
20260811,MEAS_R000470,MEAS_UNIT_000470,470,C020,S01,1,39.6,39.5111290324479,39.6078857916077,39.609834878196,39.59055708000686,0.0094429199931411
20260811,MEAS_R000472,MEAS_UNIT_000472,472,C021,S01,1,38.3,38.6306392798333,38.3210626342503,38.3733550435003,38.32669623380111,-0.0266962338011111
20260811,MEAS_R000478,MEAS_UNIT_000478,478,C021,S01,1,38.2,38.207114415566,38.2032027712532,38.2472594944072,38.21128826981373,-0.0112882698137255
20260811,MEAS_R000481,MEAS_UNIT_000481,481,C022,S01,1,38.4,38.8154878183148,38.4463315365063,38.4079604703512,38.37243004801241,0.0275699519875871
20260811,MEAS_R000485,MEAS_UNIT_000485,485,C024,S01,1,39.0,38.9897739130198,38.928577448596,38.9211102890384,38.89420251174107,0.1057974882589292
20260811,MEAS_R000490,MEAS_UNIT_000490,490,C025,S01,1,39.3,39.3469774056464,39.3852205081483,39.1881044344085,39.19299314671932,0.10700685328068
20260811,MEAS_R000494,MEAS_UNIT_000494,494,C026,S01,1,38.6,38.9671639142524,38.7279537214665,38.6833463332826,38.65451987861657,-0.054519878616567
20260811,MEAS_R000495,MEAS_UNIT_000495,495,C026,S01,1,38.7,38.6280094388511,38.7610009434092,38.7754347313069,38.75109470613808,-0.0510947061380804
20260811,MEAS_R000501,MEAS_UNIT_000501,501,C026,S01,1,38.6,38.5898367006188,38.7070752165257,38.7128698013002,38.6888998154198,-0.0888998154197935
20260811,MEAS_R000502,MEAS_UNIT_000502,502,C026,S01,1,38.7,38.6240216587958,38.8511002308026,38.6992849013979,38.70137953989292,-0.0013795398929161
20260811,MEAS_R000507,MEAS_UNIT_000507,507,C027,S01,1,39.8,39.1024316214824,39.6135258007889,40.0638443324919,39.99688678065811,-0.1968867806581116
20260811,MEAS_R000508,MEAS_UNIT_000508,508,C027,S01,1,38.8,39.0371848455024,38.9849690260844,38.6514558454429,38.6698909920872,0.1301090079128002
20260811,MEAS_R000511,MEAS_UNIT_000511,511,C028,S01,1,40.2,40.1569567709635,40.1863201976638,40.0848156266548,40.08059932085538,0.1194006791446185
20260811,MEAS_R000512,MEAS_UNIT_000512,512,C028,S01,1,40.2,40.1017762162801,40.1830313149014,40.0695730500557,40.06870954262866,0.1312904573713424
20260811,MEAS_R000513,MEAS_UNIT_000513,513,C029,S01,1,38.3,38.2373640719228,38.3028237260638,38.3070275000139,38.279374004653945,0.0206259953460516
20260811,MEAS_R000518,MEAS_UNIT_000518,518,C030,S01,1,40.3,40.2439980991015,40.2896338264553,40.2003442315542,40.19555029955838,0.10444970044162
20260811,MEAS_R000003,MEAS_UNIT_000003,3,C021,S01,2,38.2,38.1299627959385,38.189991199087,38.2094295627245,38.16754512947777,0.0324548705222298
20260811,MEAS_R000004,MEAS_UNIT_000004,4,C021,S01,2,38.4,37.9994606837342,38.1486196110331,38.2154232150683,38.130086418324495,0.2699135816755031
20260811,MEAS_R000014,MEAS_UNIT_000014,14,C003,S01,2,38.5,38.3673801611491,38.4944631760454,38.4897080525279,38.4578211220044,0.042178877995596
20260811,MEAS_R000016,MEAS_UNIT_000016,16,C003,S01,2,38.5,38.3218017076011,38.4818498818946,38.4968308552623,38.44755512136369,0.052444878636308
20260811,MEAS_R000021,MEAS_UNIT_000021,21,C003,S01,2,38.0,38.9006917915779,38.6942098842433,38.6027591460509,38.67854384978381,-0.6785438497838143
20260811,MEAS_R000027,MEAS_UNIT_000027,27,C002,S01,2,39.2,39.2423782503503,39.0568644532104,38.9653773326058,39.044334212574086,0.1556657874259173
20260811,MEAS_R000028,MEAS_UNIT_000028,28,C002,S01,2,38.8,38.9913146691467,38.9463549845691,38.952653791346,38.94808548981188,-0.1480854898118835
20260811,MEAS_R000034,MEAS_UNIT_000034,34,C002,S01,2,39.2,39.5212625982774,39.3582510932146,39.2885093940942,39.35592881467409,-0.155928814674084
20260811,MEAS_R000036,MEAS_UNIT_000036,36,C029,S01,2,38.1,38.3440086844614,38.3844572064443,38.3872938405775,38.36201141642152,-0.2620114164215223
20260811,MEAS_R000039,MEAS_UNIT_000039,39,C029,S01,2,38.1,38.3829958612628,38.2718716969694,38.3247321826059,38.28979243966296,-0.1897924396629591
20260811,MEAS_R000044,MEAS_UNIT_000044,44,C029,S01,2,38.4,38.2652754855314,38.5208533636257,38.5210186294682,38.46698620108063,-0.0669862010806312
20260811,MEAS_R000051,MEAS_UNIT_000051,51,C001,S01,2,38.0,38.3325571146043,38.2146591737484,38.2174899236277,38.21336837808966,-0.2133683780896618
20260811,MEAS_R000056,MEAS_UNIT_000056,56,C001,S01,2,38.1,38.1189269192462,38.2728522136468,38.2233866826609,38.211046129021824,-0.1110461290218225
20260811,MEAS_R000058,MEAS_UNIT_000058,58,C001,S01,2,38.3,38.0334102986749,38.2551526555906,38.3391944607974,38.2340537057401,0.0659462942598949
20260811,MEAS_R000062,MEAS_UNIT_000062,62,C027,S01,2,41.5,38.616667941373,38.7440913782205,39.0407127748663,38.82768201356766,2.67231798643234
20260811,MEAS_R000068,MEAS_UNIT_000068,68,C027,S01,2,38.5,38.6628679856253,38.7108883085329,38.6266456638173,38.65950687041611,-0.1595068704161093
20260811,MEAS_R000070,MEAS_UNIT_000070,70,C027,S01,2,39.1,39.048420429871,38.8886614651873,38.9497737014323,38.92795773181913,0.1720422681808742
20260811,MEAS_R000074,MEAS_UNIT_000074,74,C026,S01,2,38.5,38.727054284143,38.6867615997729,38.6476423013601,38.66577030191028,-0.1657703019102783
20260811,MEAS_R000075,MEAS_UNIT_000075,75,C026,S01,2,38.6,38.4157638844805,38.6854315800696,38.6537008035574,38.620028809849615,-0.020028809849613
20260811,MEAS_R000082,MEAS_UNIT_000082,82,C016,S01,2,38.0,38.6950247144446,38.809959445626,38.5697656304409,38.69013239802054,-0.6901323980205376
20260811,MEAS_R000083,MEAS_UNIT_000083,83,C016,S01,2,38.1,38.5319901739471,38.7801440114632,38.580083623605,38.65493250757172,-0.5549325075717135
20260811,MEAS_R000095,MEAS_UNIT_000095,95,C022,S01,2,38.7,38.5087598067743,38.5489196866309,38.6165073167771,38.55430012640456,0.1456998735954471
20260811,MEAS_R000098,MEAS_UNIT_000098,98,C022,S01,2,38.0,38.5202343495225,38.6114589173982,38.6216052782029,38.588059157024816,-0.5880591570248157
20260811,MEAS_R000100,MEAS_UNIT_000100,100,C022,S01,2,38.2,38.5012900194774,38.4249830121644,38.4505135368884,38.42976544675301,-0.2297654467530065
20260811,MEAS_R000104,MEAS_UNIT_000104,104,C014,S01,2,38.5,38.1287294373795,38.158424805373,38.2655399837943,38.173771219359416,0.3262287806405837
20260811,MEAS_R000106,MEAS_UNIT_000106,106,C014,S01,2,38.1,38.0784588089115,38.1554070848398,38.0673742691585,38.08844159853294,0.0115584014670631
20260811,MEAS_R000115,MEAS_UNIT_000115,115,C014,S01,2,38.4,38.5350385965445,38.663222031415,38.5784510909992,38.59858865177002,-0.1985886517700237
20260811,MEAS_R000118,MEAS_UNIT_000118,118,C023,S01,2,39.4,38.8992301595266,38.9471754684058,38.6192831017776,38.80622540911842,0.5937745908815799
20260811,MEAS_R000126,MEAS_UNIT_000126,126,C023,S01,2,39.1,39.2731227380036,39.0935779520905,39.3825795086425,39.22712630221216,-0.1271263022121544
20260811,MEAS_R000128,MEAS_UNIT_000128,128,C023,S01,2,39.4,39.5253879670627,39.2778879836713,39.0618992840908,39.23078321568798,0.1692167843120202
20260811,MEAS_R000131,MEAS_UNIT_000131,131,C011,S01,2,38.0,38.1618159979757,38.1087986535548,38.1210903719098,38.09940857770664,-0.0994085777066402
20260811,MEAS_R000133,MEAS_UNIT_000133,133,C011,S01,2,38.1,38.0117410899202,38.1149805435455,38.124269540611,38.08073416569751,0.0192658343024945
20260811,MEAS_R000139,MEAS_UNIT_000139,139,C004,S01,2,37.8,38.3892747848361,37.6141788694222,37.966884107944,37.83709334506999,-0.0370933450699908
20260811,MEAS_R000142,MEAS_UNIT_000142,142,C004,S01,2,37.6,37.5990071734913,37.5443097150722,37.7037676178328,37.58190360560464,0.0180963943953642
20260811,MEAS_R000148,MEAS_UNIT_000148,148,C004,S01,2,37.7,37.9690122688991,37.6027339141835,37.9919543824752,37.77719953719529,-0.077199537195284
20260811,MEAS_R000153,MEAS_UNIT_000153,153,C028,S01,2,40.2,40.0861647511665,40.1926549483239,40.1652883543425,40.18016431544925,0.0198356845507561
20260811,MEAS_R000156,MEAS_UNIT_000156,156,C028,S01,2,40.3,40.1199787256658,40.2239162358056,40.2081111903755,40.216808366993526,0.0831916330064714
20260811,MEAS_R000168,MEAS_UNIT_000168,168,C008,S01,2,38.1,38.2510645730064,38.1606126169992,38.1467600785274,38.14777736515347,-0.0477773651534718
20260811,MEAS_R000175,MEAS_UNIT_000175,175,C008,S01,2,38.2,38.4185331503388,38.1811015022702,38.2654183736745,38.22877914794124,-0.0287791479412362
20260811,MEAS_R000178,MEAS_UNIT_000178,178,C030,S01,2,40.3,40.2711497706157,40.302867681969,40.2110579360591,40.278912141611386,0.0210878583886113
20260811,MEAS_R000186,MEAS_UNIT_000186,186,C030,S01,2,40.2,39.9482212195466,40.2968549124498,40.0351937762996,40.15917508854382,0.040824911456184
20260811,MEAS_R000189,MEAS_UNIT_000189,189,C030,S01,2,40.2,39.307410706258,40.2264743185339,40.0210099689265,40.02225899266636,0.177741007333644
20260811,MEAS_R000197,MEAS_UNIT_000197,197,C018,S01,2,38.8,38.4803922845758,38.8214613039177,38.8034172289496,38.75282295696556,0.0471770430344378
20260811,MEAS_R000201,MEAS_UNIT_000201,201,C018,S01,2,38.8,38.4389308256689,38.804801572418,38.8020757969774,38.73798442350947,0.0620155764905305
20260811,MEAS_R000202,MEAS_UNIT_000202,202,C025,S01,2,39.4,38.9425819534394,39.4379603585073,39.3619406415343,39.33429618524559,0.0657038147544071
20260811,MEAS_R000214,MEAS_UNIT_000214,214,C010,S01,2,38.6,38.6092863960803,38.5967303367744,38.6116495961944,38.59072218271349,0.0092778172865095
20260811,MEAS_R000218,MEAS_UNIT_000218,218,C010,S01,2,38.6,38.6257588878744,38.6016017651991,38.6105867319119,38.5951640609478,0.0048359390522065
20260811,MEAS_R000220,MEAS_UNIT_000220,220,C010,S01,2,38.6,38.6196160490577,38.598089175025,38.6267478897746,38.59875626698851,0.001243733011492
20260811,MEAS_R000234,MEAS_UNIT_000234,234,C019,S01,2,39.5,39.5067697314621,39.5554999010235,39.5014759401681,39.53041001439894,-0.0304100143989387
20260811,MEAS_R000235,MEAS_UNIT_000235,235,C019,S01,2,39.5,39.5021340688472,39.4760860011476,39.4933104418061,39.488405003278174,0.0115949967218256
20260811,MEAS_R000236,MEAS_UNIT_000236,236,C019,S01,2,39.4,39.3347430285632,39.3952391247028,39.379595083119,39.380314495179945,0.0196855048200532
20260811,MEAS_R000239,MEAS_UNIT_000239,239,C005,S01,2,37.8,37.9812939863449,37.845825822228,37.8024242255123,37.82297723027162,-0.0229772302716213
20260811,MEAS_R000243,MEAS_UNIT_000243,243,C005,S01,2,37.8,37.9653567917481,37.8557761266775,37.802194000611,37.82524133262052,-0.0252413326205243
20260811,MEAS_R000249,MEAS_UNIT_000249,249,C005,S01,2,38.0,38.2777260450526,37.9585649829345,38.0670809335786,38.02411032214519,-0.0241103221451908
20260811,MEAS_R000253,MEAS_UNIT_000253,253,C017,S01,2,38.9,39.0689375210433,39.0690110612635,39.1039077879285,39.07702507568536,-0.177025075685357
20260811,MEAS_R000258,MEAS_UNIT_000258,258,C017,S01,2,39.1,39.4097128282731,39.4214146109266,39.4216489394207,39.42049016767698,-0.3204901676769793
20260811,MEAS_R000259,MEAS_UNIT_000259,259,C017,S01,2,39.6,39.2892786508956,39.3327681828341,39.334320801857,39.32595624418915,0.274043755810851
20260811,MEAS_R000272,MEAS_UNIT_000272,272,C020,S01,2,39.1,39.0930465563818,39.1389591078242,39.1584431252214,39.13528407408656,-0.0352840740865545
20260811,MEAS_R000275,MEAS_UNIT_000275,275,C020,S01,2,40.2,40.1534857561931,40.0726356595512,40.2198107912294,40.15372436792104,0.0462756320789594
20260811,MEAS_R000281,MEAS_UNIT_000281,281,C020,S01,2,40.2,40.2737727956666,40.1478796077601,40.2225876320211,40.20927542686511,-0.009275426865102
20260811,MEAS_R000286,MEAS_UNIT_000286,286,C009,S01,2,39.4,39.8626496698133,39.5783712320972,39.6638359210865,39.65807441460655,-0.258074414606547
20260811,MEAS_R000290,MEAS_UNIT_000290,290,C009,S01,2,38.7,39.9278383443751,39.9120247658372,39.7701729991346,39.86922639284731,-1.1692263928473068
20260811,MEAS_R000296,MEAS_UNIT_000296,296,C012,S01,2,39.0,39.0761227264778,39.2854332950009,39.082051582176,39.17370328537635,-0.173703285376348
20260811,MEAS_R000301,MEAS_UNIT_000301,301,C012,S01,2,39.8,39.5098217003132,39.4798715059692,39.5021107236953,39.49478013428568,0.3052198657143208
20260811,MEAS_R000302,MEAS_UNIT_000302,302,C012,S01,2,40.0,39.4846146742679,39.5553947093454,39.4984918962028,39.52583586668334,0.4741641333166626
20260811,MEAS_R000306,MEAS_UNIT_000306,306,C006,S01,2,39.8,39.4065787681969,39.7237540753562,39.6142549324979,39.639366512216384,0.1606334877836133
20260811,MEAS_R000307,MEAS_UNIT_000307,307,C006,S01,2,38.5,39.3694676925444,39.3177656050966,39.464309064208,39.3809631853851,-0.8809631853850988
20260811,MEAS_R000314,MEAS_UNIT_000314,314,C006,S01,2,39.4,39.5065155585182,39.5385551939706,39.611151390872,39.5644134538204,-0.1644134538204014
20260811,MEAS_R000321,MEAS_UNIT_000321,321,C015,S01,2,38.2,38.3281208939825,38.3956931146032,38.2571631107242,38.31493767523629,-0.1149376752362911
20260811,MEAS_R000324,MEAS_UNIT_000324,324,C015,S01,2,38.5,38.6484565041232,39.0074729257498,38.6788192598957,38.8198857126004,-0.3198857126003958
20260811,MEAS_R000327,MEAS_UNIT_000327,327,C015,S01,2,38.2,38.3626031977357,38.254313323927,38.2622360956195,38.25421079406699,-0.0542107940669893
20260811,MEAS_R000330,MEAS_UNIT_000330,330,C015,S01,2,38.5,38.5641108910721,38.6704309609761,38.4893144559519,38.57219812225729,-0.0721981222572907
20260811,MEAS_R000343,MEAS_UNIT_000343,343,C007,S01,2,39.3,38.8767540123143,38.8069311219294,38.8841664645724,38.83729489360582,0.4627051063941749
20260811,MEAS_R000344,MEAS_UNIT_000344,344,C007,S01,2,39.9,39.7438060010915,39.7731795421035,39.8024939693592,39.786901606152256,0.1130983938477427
20260811,MEAS_R000351,MEAS_UNIT_000351,351,C007,S01,2,40.7,40.3934376277135,40.2137308308755,40.4456378075347,40.34494134678594,0.3550586532140585
20260811,MEAS_R000352,MEAS_UNIT_000352,352,C007,S01,2,39.2,39.4848379488402,39.2761888913896,39.4802861117236,39.38471043374386,-0.1847104337438594
20260811,MEAS_R000358,MEAS_UNIT_000358,358,C013,S01,2,38.7,38.6606901901315,38.6700590088475,38.6521929379991,38.64938289333988,0.0506171066601197
20260811,MEAS_R000364,MEAS_UNIT_000364,364,C013,S01,2,39.1,39.1540535559685,39.1651784257274,39.1274922195233,39.14527371269841,-0.0452737126984104
20260811,MEAS_R000370,MEAS_UNIT_000370,370,C024,S01,2,38.3,38.2259255575835,38.1485667598378,38.1814391246667,38.15149730663107,0.1485026933689255
20260811,MEAS_R000372,MEAS_UNIT_000372,372,C024,S01,2,38.2,38.489995234975,38.5296767686322,38.4999569805524,38.49736648069747,-0.2973664806974696
20260811,MEAS_R000374,MEAS_UNIT_000374,374,C024,S01,2,38.7,39.0002764093647,38.9238075311951,38.9658989456729,38.94371151698773,-0.2437115169877302
20260811,MEAS_R000379,MEAS_UNIT_000379,379,C024,S01,2,39.2,38.9705136884059,38.9500519244533,38.963184582942,38.95074273008802,0.2492572699119861
20260811,MEAS_R000387,MEAS_UNIT_000387,387,C001,S01,2,38.2,38.2882285462825,38.2386385186885,38.2175822393015,38.21817130574897,-0.0181713057489645
20260811,MEAS_R000389,MEAS_UNIT_000389,389,C002,S01,2,39.0,39.1522172283857,38.9507064400586,38.9607745188851,38.97781721241286,0.0221827875871412
20260811,MEAS_R000390,MEAS_UNIT_000390,390,C002,S01,2,39.0,38.7407355612801,38.9322083264858,38.9557307261605,38.90428972259684,0.0957102774031568
20260811,MEAS_R000393,MEAS_UNIT_000393,393,C003,S01,2,38.6,38.3428425235756,38.5109262990391,38.7041002849421,38.54445346927415,0.0555465307258558
20260811,MEAS_R000395,MEAS_UNIT_000395,395,C003,S01,2,38.5,38.5258647935383,38.589368187285,38.4925568684459,38.52866724409152,-0.0286672440915154
20260811,MEAS_R000400,MEAS_UNIT_000400,400,C004,S01,2,37.5,37.5208103111423,37.5732115523345,37.6020679875163,37.54475928849167,-0.0447592884916687
20260811,MEAS_R000405,MEAS_UNIT_000405,405,C005,S01,2,37.7,37.8652498230391,37.8489138974578,37.805517446395,37.80796861110247,-0.1079686111024642
20260811,MEAS_R000407,MEAS_UNIT_000407,407,C006,S01,2,39.6,39.3283342412343,39.7419249458009,39.6102438224735,39.6346322892571,-0.0346322892570967
20260811,MEAS_R000408,MEAS_UNIT_000408,408,C006,S01,2,39.4,39.4541236939238,39.2914159545829,39.4654142891093,39.38162681004452,0.0183731899554757
20260811,MEAS_R000411,MEAS_UNIT_000411,411,C008,S01,2,38.2,38.4161295912259,38.1805734866383,38.2654183736745,38.22815919817342,-0.0281591981734194
20260811,MEAS_R000413,MEAS_UNIT_000413,413,C008,S01,2,38.1,38.0577910855127,38.1164472391438,38.147564216711,38.09741548082541,0.0025845191745972
20260811,MEAS_R000415,MEAS_UNIT_000415,415,C009,S01,2,39.7,39.9125743882803,39.6552873612074,39.769138661192,39.74314164911339,-0.0431416491133873
20260811,MEAS_R000420,MEAS_UNIT_000420,420,C009,S01,2,39.6,39.9178145618563,39.6857451091666,39.6640661459878,39.71816130707455,-0.1181613070745513
20260811,MEAS_R000423,MEAS_UNIT_000423,423,C010,S01,2,38.7,38.7350788719826,38.7263195554697,38.7147823944837,38.71182426719446,-0.0118242671944557
20260811,MEAS_R000431,MEAS_UNIT_000431,431,C011,S01,2,38.2,38.2267086682224,38.1696247052827,38.2322588380005,38.18128145068849,0.0187185493115151
20260811,MEAS_R000433,MEAS_UNIT_000433,433,C011,S01,2,38.1,38.2550774980189,38.0713946922376,38.1312855318219,38.09956814164461,0.000431858355391
20260811,MEAS_R000442,MEAS_UNIT_000442,442,C013,S01,2,39.1,39.1341422946984,39.1061948954971,39.1299917001112,39.114859812089705,-0.0148598120897034
20260811,MEAS_R000446,MEAS_UNIT_000446,446,C014,S01,2,38.0,37.8035115484809,38.0342852032983,38.0616293350765,37.98613855523151,0.0138614447684943
20260811,MEAS_R000448,MEAS_UNIT_000448,448,C014,S01,2,38.3,39.1856433126849,38.2936494947097,38.2761654415579,38.40387944521885,-0.1038794452188511
20260811,MEAS_R000456,MEAS_UNIT_000456,456,C016,S01,2,38.8,38.7873991177215,38.7961661414319,38.8595669023453,38.80904534776653,-0.0090453477665306
20260811,MEAS_R000457,MEAS_UNIT_000457,457,C016,S01,2,38.6,38.5150518262485,38.8289359088133,38.5769296319058,38.6745826999792,-0.0745826999792029
20260811,MEAS_R000462,MEAS_UNIT_000462,462,C018,S01,2,38.8,38.5962540669287,38.7776213415513,38.7662254691607,38.73510752130568,0.0648924786943183
20260811,MEAS_R000463,MEAS_UNIT_000463,463,C018,S01,2,38.8,38.575709222152,38.7927792718109,38.7764503837115,38.74319309206472,0.0568069079352824
20260811,MEAS_R000466,MEAS_UNIT_000466,466,C019,S01,2,39.5,39.544799576885,39.5412000418029,39.5034961123587,39.53011078612152,-0.0301107861215186
20260811,MEAS_R000469,MEAS_UNIT_000469,469,C020,S01,2,40.2,40.0918247227705,40.2164853843065,40.2429828606863,40.22236047766026,-0.022360477660257
20260811,MEAS_R000476,MEAS_UNIT_000476,476,C021,S01,2,38.3,38.6622896302389,38.1894586016917,38.3278063032973,38.293932948655765,0.0060670513442318
20260811,MEAS_R000477,MEAS_UNIT_000477,477,C021,S01,2,38.2,38.4370441660681,38.1571530196498,38.2121364719042,38.199599023891565,0.0004009761084375
20260811,MEAS_R000484,MEAS_UNIT_000484,484,C023,S01,2,39.1,38.8855574025537,39.0133631371753,39.372619334082,39.12569750583536,-0.0256975058353603
20260811,MEAS_R000487,MEAS_UNIT_000487,487,C025,S01,2,39.4,39.0818069787245,39.4391499091413,39.3674788190245,39.35821221157259,0.0417877884274062
20260811,MEAS_R000489,MEAS_UNIT_000489,489,C025,S01,2,39.4,39.1537337026227,39.3880923427878,39.3498500621071,39.33785861256186,0.0621413874381389
20260811,MEAS_R000492,MEAS_UNIT_000492,492,C025,S01,2,39.5,39.4481942535013,39.4748328743605,39.377822190711,39.43516406439112,0.0648359356088832
20260811,MEAS_R000496,MEAS_UNIT_000496,496,C026,S01,2,38.7,38.8428518281485,38.6798562109583,38.7171732697489,38.70684028568878,-0.0068402856887743
20260811,MEAS_R000497,MEAS_UNIT_000497,497,C026,S01,2,38.7,38.738245619938,38.6972070001205,38.720891540224,38.70066809277041,-0.0006680927704039
20260811,MEAS_R000503,MEAS_UNIT_000503,503,C026,S01,2,38.6,38.4645689135404,38.6751671786895,38.6459859598074,38.6195661221405,-0.0195661221404961
20260811,MEAS_R000506,MEAS_UNIT_000506,506,C027,S01,2,38.6,38.4654882013683,38.7281596342899,38.6166069064931,38.6338688707066,-0.0338688707065983
20260811,MEAS_R000509,MEAS_UNIT_000509,509,C028,S01,2,40.3,40.1985399886695,40.2794280559469,40.2597491812327,40.2753135586174,0.0246864413825989
20260811,MEAS_R000510,MEAS_UNIT_000510,510,C028,S01,2,40.2,40.0493782083339,40.1858407511345,40.1649112093243,40.171139740522335,0.0288602594776676
20260811,MEAS_R000514,MEAS_UNIT_000514,514,C029,S01,2,38.4,38.4869526330847,38.3847579988779,38.4940052582581,38.42498091529306,-0.0249809152930637
20260811,MEAS_R000519,MEAS_UNIT_000519,519,C030,S01,2,40.2,40.1355868618785,40.2546093725337,40.0798228758578,40.184591542411695,0.0154084575883075
20260811,MEAS_R000007,MEAS_UNIT_000007,7,C021,S01,3,38.3,38.2932689798458,38.2882764044023,38.2710458805337,38.2737127712992,0.0262872287007951
20260811,MEAS_R000009,MEAS_UNIT_000009,9,C021,S01,3,38.0,38.1792420814473,38.2788311446095,38.2723173191323,38.24756507879125,-0.2475650787912471
20260811,MEAS_R000012,MEAS_UNIT_000012,12,C003,S01,3,38.7,38.6468385259704,38.5165055551796,38.4734280086078,38.52025303353757,0.1797469664624387
20260811,MEAS_R000019,MEAS_UNIT_000019,19,C003,S01,3,39.0,38.5510880050963,38.5733795441849,38.5947752808759,38.574467859589305,0.4255321404106951
20260811,MEAS_R000022,MEAS_UNIT_000022,22,C002,S01,3,38.2,38.6631323266529,39.3143359505754,39.0264126762755,39.07191541983746,-0.8719154198374568
20260811,MEAS_R000030,MEAS_UNIT_000030,30,C002,S01,3,38.9,39.0244843965982,39.0774843821941,39.0234458961209,39.04945387510666,-0.1494538751066585
20260811,MEAS_R000033,MEAS_UNIT_000033,33,C002,S01,3,39.6,39.4563244627096,39.3599022654625,39.1096344528199,39.28445826199346,0.3155417380065444
20260811,MEAS_R000037,MEAS_UNIT_000037,37,C029,S01,3,38.0,38.2795369899814,38.3193481633081,38.3467580935269,38.31504406736222,-0.3150440673622228
20260811,MEAS_R000045,MEAS_UNIT_000045,45,C029,S01,3,38.4,38.7297303913632,38.4863256412323,38.5942983511658,38.57568817188814,-0.1756881718881402
20260811,MEAS_R000047,MEAS_UNIT_000047,47,C001,S01,3,38.0,38.4318749510483,38.237196739906,38.3598679430456,38.3186189388211,-0.3186189388211033
20260811,MEAS_R000048,MEAS_UNIT_000048,48,C001,S01,3,38.9,38.4022565847181,38.2805817010719,38.692066887176,38.4692781261559,0.4307218738440994
20260811,MEAS_R000052,MEAS_UNIT_000052,52,C001,S01,3,38.0,37.9617540742246,38.1965799857858,38.2098518877713,38.14499238139913,-0.1449923813991276
20260811,MEAS_R000061,MEAS_UNIT_000061,61,C027,S01,3,38.9,38.9440316225536,39.0255051903831,38.8893270049171,38.95637626130522,-0.0563762613052247
20260811,MEAS_R000072,MEAS_UNIT_000072,72,C027,S01,3,38.2,39.0808936318682,39.106160390771,38.8667398765857,39.00640358842364,-0.8064035884236347
20260811,MEAS_R000078,MEAS_UNIT_000078,78,C026,S01,3,38.9,38.7771740507116,38.7532640489241,38.6622442852843,38.71957787987874,0.180422120121257
20260811,MEAS_R000081,MEAS_UNIT_000081,81,C016,S01,3,39.2,38.3277615190495,38.5363101503888,38.7160258570981,38.56573509873223,0.6342649012677768
20260811,MEAS_R000088,MEAS_UNIT_000088,88,C016,S01,3,38.8,38.5797320270916,38.720397423635,38.6431890691788,38.65883484320667,0.1411651567933276
20260811,MEAS_R000091,MEAS_UNIT_000091,91,C022,S01,3,38.1,38.72543231766,38.5630280082872,38.4458209884936,38.54292058308803,-0.442920583088032
20260811,MEAS_R000092,MEAS_UNIT_000092,92,C022,S01,3,38.1,38.6676236636258,38.4747663994759,38.5998174213837,38.56092878326066,-0.4609287832606625
20260811,MEAS_R000099,MEAS_UNIT_000099,99,C022,S01,3,38.3,38.7264684402711,38.4923929732461,38.4213746102783,38.50486528018671,-0.2048652801867092
20260811,MEAS_R000108,MEAS_UNIT_000108,108,C014,S01,3,37.5,38.1875432411378,38.140558737809,38.145764155516,38.14130355305032,-0.6413035530503208
20260811,MEAS_R000112,MEAS_UNIT_000112,112,C014,S01,3,39.0,38.6731462403071,38.3478328373622,38.4270433043653,38.43920586951219,0.5607941304878068
20260811,MEAS_R000113,MEAS_UNIT_000113,113,C014,S01,3,39.2,38.581482489537,38.4320258936082,38.4264430617505,38.45389509373629,0.7461049062637102
20260811,MEAS_R000117,MEAS_UNIT_000117,117,C023,S01,3,38.3,39.426186088522,39.1420261740484,39.1654455450376,39.21543892873586,-0.9154389287358669
20260811,MEAS_R000119,MEAS_UNIT_000119,119,C023,S01,3,39.2,39.0679931617346,39.0516174314388,38.9526910490573,39.018256205339206,0.1817437946607967
20260811,MEAS_R000121,MEAS_UNIT_000121,121,C023,S01,3,38.8,38.8274249432102,38.9910045625899,38.9505565352024,38.94493920328135,-0.1449392032813534
20260811,MEAS_R000134,MEAS_UNIT_000134,134,C011,S01,3,38.1,38.1953418549551,38.1337115038421,38.1261569698014,38.1319288845008,-0.0319288845007932
20260811,MEAS_R000138,MEAS_UNIT_000138,138,C011,S01,3,38.1,38.0817304228598,38.3803147398536,38.468855344068,38.35066754686058,-0.2506675468605763
20260811,MEAS_R000140,MEAS_UNIT_000140,140,C004,S01,3,37.6,38.3514250023164,37.5391397840647,37.5832876792276,37.69976983705584,-0.0997698370558382
20260811,MEAS_R000143,MEAS_UNIT_000143,143,C004,S01,3,37.6,37.5389916028327,37.638803733341,37.7061882613938,37.627439844578575,-0.0274398445785735
20260811,MEAS_R000155,MEAS_UNIT_000155,155,C028,S01,3,39.8,40.1901566047267,39.8522978902179,39.7848232727942,39.910647029300605,-0.1106470293006083
20260811,MEAS_R000157,MEAS_UNIT_000157,157,C028,S01,3,40.1,40.0688488513224,40.0946503386365,40.0911523522455,40.11088891668564,-0.0108889166856371
20260811,MEAS_R000158,MEAS_UNIT_000158,158,C028,S01,3,40.3,40.2608770758543,40.2134078982141,40.2280522520773,40.2540522450964,0.0459477549035938
20260811,MEAS_R000164,MEAS_UNIT_000164,164,C008,S01,3,38.3,38.3255862386896,38.2485913663325,38.3690502951856,38.30561004900157,-0.0056100490015751
20260811,MEAS_R000169,MEAS_UNIT_000169,169,C008,S01,3,38.1,38.1173786526169,38.1463895693331,38.1532206397427,38.13263091588776,-0.0326309158877577
20260811,MEAS_R000170,MEAS_UNIT_000170,170,C008,S01,3,38.1,38.2782744925002,38.1338903578013,38.1520151954067,38.1595338743191,-0.0595338743191007
20260811,MEAS_R000176,MEAS_UNIT_000176,176,C030,S01,3,40.1,39.1611110126669,40.3026622288132,39.9940484686544,39.97001328885465,0.1299867111453494
20260811,MEAS_R000184,MEAS_UNIT_000184,184,C030,S01,3,40.2,39.9470024455972,40.2062203348308,40.1090041337233,40.13810469989152,0.0618953001084889
20260811,MEAS_R000193,MEAS_UNIT_000193,193,C018,S01,3,38.8,38.8337331973785,38.8148516001385,38.8036261587411,38.81470673450576,-0.0147067345057578
20260811,MEAS_R000199,MEAS_UNIT_000199,199,C018,S01,3,38.8,38.8821989057126,38.7914172195565,38.7905592758812,38.80968092458559,-0.0096809245855951
20260811,MEAS_R000208,MEAS_UNIT_000208,208,C025,S01,3,39.4,39.4117256064509,39.4511890926246,39.3149371503603,39.39783988399349,0.0021601160065145
20260811,MEAS_R000215,MEAS_UNIT_000215,215,C010,S01,3,38.7,38.7043743620023,38.7464975742196,38.6967534821456,38.71673425099328,-0.0167342509932737
20260811,MEAS_R000217,MEAS_UNIT_000217,217,C010,S01,3,38.7,38.7001043224698,38.670833104415,38.6703519623702,38.67479709955116,0.0252029004488463
20260811,MEAS_R000219,MEAS_UNIT_000219,219,C010,S01,3,38.7,38.6890175016063,38.7353709701548,38.6830486100143,38.7034823010917,-0.0034823010917008
20260811,MEAS_R000224,MEAS_UNIT_000224,224,C010,S01,3,38.7,38.8315631887295,38.7483990018705,38.8081173001266,38.78980912198909,-0.0898091219890844
20260811,MEAS_R000230,MEAS_UNIT_000230,230,C019,S01,3,39.5,39.5164708516758,39.5431142579623,39.486683247909,39.52743231111516,-0.0274323111151559
20260811,MEAS_R000240,MEAS_UNIT_000240,240,C005,S01,3,37.9,37.9324779402315,37.9152165424604,37.910840617781,37.9020651642656,-0.0020651642656019
20260811,MEAS_R000241,MEAS_UNIT_000241,241,C005,S01,3,37.8,37.7687279618495,37.7800196204837,37.7741038913283,37.75814092077928,0.041859079220714
20260811,MEAS_R000251,MEAS_UNIT_000251,251,C005,S01,3,37.8,37.9006776401692,37.8049730978808,37.842532908717,37.82329393478403,-0.0232939347840357
20260811,MEAS_R000260,MEAS_UNIT_000260,260,C017,S01,3,39.4,39.4678033453568,39.4198500408251,39.4418144809229,39.44994278400484,-0.0499427840048412
20260811,MEAS_R000261,MEAS_UNIT_000261,261,C017,S01,3,39.9,39.9350761685365,39.9278856600192,39.8857388738594,39.931657113692296,-0.0316571136922974
20260811,MEAS_R000262,MEAS_UNIT_000262,262,C017,S01,3,39.3,39.4721737663562,39.4365202812563,39.4549625979883,39.46294898798658,-0.1629489879865815
20260811,MEAS_R000268,MEAS_UNIT_000268,268,C020,S01,3,39.6,39.5241373403352,39.5748760273436,39.5690507918652,39.57613458377066,0.0238654162293414
20260811,MEAS_R000277,MEAS_UNIT_000277,277,C020,S01,3,39.6,39.4873675741835,39.5311604245239,39.5296739608105,39.53488115913329,0.0651188408667096
20260811,MEAS_R000279,MEAS_UNIT_000279,279,C020,S01,3,40.4,40.172376984551,40.1831780668341,40.0820389760926,40.162986900548496,0.2370130994515022
20260811,MEAS_R000285,MEAS_UNIT_000285,285,C009,S01,3,39.3,39.4585452946167,39.4579878581753,39.5526812214551,39.50972900835793,-0.2097290083579324
20260811,MEAS_R000288,MEAS_UNIT_000288,288,C009,S01,3,39.5,39.9040006115921,39.7036386253005,39.7764696585406,39.7906429244303,-0.2906429244303012
20260811,MEAS_R000294,MEAS_UNIT_000294,294,C012,S01,3,39.1,38.9868186877017,39.1098695693035,39.091949951001,39.08346650760368,0.01653349239632
20260811,MEAS_R000297,MEAS_UNIT_000297,297,C012,S01,3,39.7,39.7132141990079,39.421898478711,39.5373059693274,39.5401951296547,0.1598048703453045
20260811,MEAS_R000299,MEAS_UNIT_000299,299,C012,S01,3,39.5,39.886145560431,39.8856863497892,39.8689664406128,39.89804523788648,-0.3980452378864783
20260811,MEAS_R000311,MEAS_UNIT_000311,311,C006,S01,3,39.7,39.0373403946014,39.0613035852299,39.042432659286,39.053593112870026,0.6464068871299773
20260811,MEAS_R000313,MEAS_UNIT_000313,313,C006,S01,3,38.9,39.8663957362869,39.4520280675985,39.7130733965191,39.65671860423559,-0.7567186042355871
20260811,MEAS_R000318,MEAS_UNIT_000318,318,C006,S01,3,39.6,39.6454822088783,39.6848707273294,39.5897200185944,39.65282635145154,-0.052826351451543
20260811,MEAS_R000329,MEAS_UNIT_000329,329,C015,S01,3,39.2,39.8018508641659,39.6005261460934,39.6224194090597,39.66456378688832,-0.4645637868883128
20260811,MEAS_R000331,MEAS_UNIT_000331,331,C015,S01,3,39.0,39.7575749225659,39.6102028917929,39.6323030989401,39.66364207437263,-0.6636420743726319
20260811,MEAS_R000335,MEAS_UNIT_000335,335,C015,S01,3,38.4,38.5639733359201,38.653039535769,38.6082735244693,38.61430684131783,-0.2143068413178284
20260811,MEAS_R000336,MEAS_UNIT_000336,336,C015,S01,3,38.8,39.0442712114902,39.0431981805463,39.0112320556151,39.03471494940133,-0.2347149494013365
20260811,MEAS_R000339,MEAS_UNIT_000339,339,C007,S01,3,38.4,39.270379106593,39.397563261143,39.3460206762375,39.36119236937378,-0.9611923693737836
20260811,MEAS_R000341,MEAS_UNIT_000341,341,C007,S01,3,38.5,39.2863228685312,39.3469417345769,39.346272446257,39.34443560852299,-0.8444356085229927
20260811,MEAS_R000345,MEAS_UNIT_000345,345,C007,S01,3,39.7,39.2683971425043,39.3683552198221,39.3161784902633,39.33668971459885,0.3633102854011554
20260811,MEAS_R000347,MEAS_UNIT_000347,347,C007,S01,3,39.5,39.5501304659349,39.5893642270536,39.5746496070842,39.58945684198033,-0.0894568419803292
20260811,MEAS_R000357,MEAS_UNIT_000357,357,C013,S01,3,39.3,39.0174730774817,39.0466746060724,39.0711713887906,39.05585794939279,0.2441420506072091
20260811,MEAS_R000362,MEAS_UNIT_000362,362,C013,S01,3,39.2,39.0631715820563,39.1066018741507,39.0677381612516,39.08736828804118,0.1126317119588193
20260811,MEAS_R000369,MEAS_UNIT_000369,369,C024,S01,3,38.6,38.2708311753523,38.4394187014222,38.3418953412239,38.35885553061499,0.2411444693850128
20260811,MEAS_R000375,MEAS_UNIT_000375,375,C024,S01,3,38.2,38.5716415270017,38.7397685728922,38.628695291219,38.65880464829112,-0.458804648291121
20260811,MEAS_R000378,MEAS_UNIT_000378,378,C024,S01,3,38.4,38.5501768465828,38.72831389002,38.6329925476887,38.65174912447252,-0.2517491244725178
20260811,MEAS_R000401,MEAS_UNIT_000401,401,C004,S01,3,37.6,37.8682548186465,37.6195026404349,37.7052244781297,37.68561476051828,-0.0856147605182755
20260811,MEAS_R000402,MEAS_UNIT_000402,402,C005,S01,3,37.8,37.8410164073326,37.7994357237076,37.8318584320934,37.804617833930855,-0.0046178339308582
20260811,MEAS_R000419,MEAS_UNIT_000419,419,C009,S01,3,39.6,39.5138656068008,39.4541704798143,39.5574814457593,39.52135783174498,0.0786421682550226
20260811,MEAS_R000422,MEAS_UNIT_000422,422,C009,S01,3,39.7,39.8875095300342,39.6715591287702,39.7618034826983,39.76845235711125,-0.0684523571112407
20260811,MEAS_R000429,MEAS_UNIT_000429,429,C011,S01,3,38.4,38.2908930049892,38.400670923224,38.4666208851447,38.39987346611426,0.0001265338857407
20260811,MEAS_R000434,MEAS_UNIT_000434,434,C011,S01,3,38.1,38.2918705281742,38.1289294232883,38.1236903865495,38.1484146171872,-0.0484146171871984
20260811,MEAS_R000440,MEAS_UNIT_000440,440,C013,S01,3,39.1,39.1032018630303,39.1216495117923,39.0710723973966,39.10278553377986,-0.002785533779857
20260811,MEAS_R000445,MEAS_UNIT_000445,445,C013,S01,3,39.1,39.0328017576166,39.0805023723129,39.0704990483976,39.07207059042344,0.0279294095765649
20260811,MEAS_R000453,MEAS_UNIT_000453,453,C016,S01,3,38.8,38.5142052319114,38.7284893884763,38.8351401724054,38.72941980938958,0.0705801906104142
20260811,MEAS_R000455,MEAS_UNIT_000455,455,C016,S01,3,38.7,38.7878066694746,38.7042865145017,38.7185513774228,38.72592972076089,-0.0259297207608852
20260811,MEAS_R000460,MEAS_UNIT_000460,460,C018,S01,3,38.8,38.7156818015345,38.8478650151755,38.7960576692938,38.800872852379314,-0.0008728523793166
20260811,MEAS_R000465,MEAS_UNIT_000465,465,C019,S01,3,39.4,39.3803533463994,39.4188089093919,39.4172415850442,39.421626687087176,-0.0216266870871777
20260811,MEAS_R000467,MEAS_UNIT_000467,467,C019,S01,3,39.5,39.6310444066737,39.5882641076209,39.6019527931003,39.61675512222856,-0.1167551222285538
20260811,MEAS_R000471,MEAS_UNIT_000471,471,C021,S01,3,38.3,38.9195282918651,38.2682855974043,38.3564772208218,38.42761332985408,-0.1276133298540855
20260811,MEAS_R000473,MEAS_UNIT_000473,473,C021,S01,3,38.3,38.9412558735692,38.2630828035219,38.3564798911099,38.42992225900211,-0.1299222590021145
20260811,MEAS_R000486,MEAS_UNIT_000486,486,C025,S01,3,39.4,39.1400109846836,39.4777352163167,39.3936436365818,39.38674016170648,0.0132598382935142
20260811,MEAS_R000488,MEAS_UNIT_000488,488,C025,S01,3,39.4,39.2873910611823,39.3645664591872,39.3844958296269,39.367679510535744,0.0323204894642543
20260811,MEAS_R000500,MEAS_UNIT_000500,500,C026,S01,3,38.6,38.7589666368255,38.6734787785376,38.5991178880751,38.65779086574504,-0.0577908657450407
20260811,MEAS_R000504,MEAS_UNIT_000504,504,C027,S01,3,39.0,38.9479672887708,39.1545552852072,38.8972999129371,39.01167746190941,-0.0116774619094073
20260811,MEAS_R000505,MEAS_UNIT_000505,505,C027,S01,3,39.0,39.1328894117998,39.1452987636424,38.8960086379127,39.04466290848456,-0.044662908484554
20260811,MEAS_R000520,MEAS_UNIT_000520,520,C030,S01,3,40.3,40.2130224177407,40.2893514491747,40.2162624871716,40.26958709314721,0.0304129068527885
20260811,MEAS_R000001,MEAS_UNIT_000001,1,C021,S01,4,38.3,38.4259844144651,38.1916954331405,38.3234118964269,38.26825728170504,0.0317427182949572
20260811,MEAS_R000006,MEAS_UNIT_000006,6,C021,S01,4,38.3,38.6019580666254,38.3188969887435,38.3679607968587,38.35778924546292,-0.0577892454629207
20260811,MEAS_R000011,MEAS_UNIT_000011,11,C003,S01,4,38.8,38.5621614645378,38.5846431544815,38.5914359937515,38.57762626025112,0.2223737397488747
20260811,MEAS_R000020,MEAS_UNIT_000020,20,C003,S01,4,38.6,38.6449932310123,38.7029882826366,38.8002481667851,38.74459719497534,-0.1445971949753399
20260811,MEAS_R000025,MEAS_UNIT_000025,25,C002,S01,4,38.5,39.0856491512988,39.1261254839657,39.0043603960556,39.05930882321135,-0.559308823211353
20260811,MEAS_R000026,MEAS_UNIT_000026,26,C002,S01,4,39.3,38.9180437895336,39.0422064437175,38.9848882738632,39.000804663275744,0.299195336724253
20260811,MEAS_R000035,MEAS_UNIT_000035,35,C029,S01,4,38.1,38.4859982615435,38.359030251746,38.4368321831223,38.39980015193501,-0.2998001519350026
20260811,MEAS_R000041,MEAS_UNIT_000041,41,C029,S01,4,38.5,38.1774360888134,38.3058625115767,38.2907041904415,38.27072096624463,0.2292790337553754
20260811,MEAS_R000050,MEAS_UNIT_000050,50,C001,S01,4,38.3,38.2095344509325,38.1805620270955,38.1762745794663,38.16337994336986,0.1366200566301358
20260811,MEAS_R000059,MEAS_UNIT_000059,59,C001,S01,4,38.1,38.2856322935457,38.3834444919825,38.3941009721992,38.36698413843342,-0.2669841384334219
20260811,MEAS_R000060,MEAS_UNIT_000060,60,C001,S01,4,38.1,38.1974389783144,38.3823654104402,38.3970432482001,38.35987784887381,-0.2598778488738062
20260811,MEAS_R000065,MEAS_UNIT_000065,65,C027,S01,4,38.6,38.6893096477109,38.7751793585608,38.6597835236894,38.69978099644637,-0.0997809964463627
20260811,MEAS_R000071,MEAS_UNIT_000071,71,C027,S01,4,39.1,39.1343161869097,39.0604979163978,39.0278678631172,39.05159520733872,0.0484047926612802
20260811,MEAS_R000076,MEAS_UNIT_000076,76,C026,S01,4,39.0,38.8379438006459,38.6311813983037,38.8447556852832,38.7595483230013,0.2404516769987026
20260811,MEAS_R000084,MEAS_UNIT_000084,84,C016,S01,4,38.3,38.4467335913131,38.5806290328968,38.4408193371309,38.48308078560184,-0.1830807856018452
20260811,MEAS_R000086,MEAS_UNIT_000086,86,C016,S01,4,39.4,38.848011005379,38.6987068325417,38.7011838116704,38.70802945360221,0.6919705463977905
20260811,MEAS_R000096,MEAS_UNIT_000096,96,C022,S01,4,39.0,38.3203963703182,38.3004300001247,38.4567201557867,38.37264100492538,0.6273589950746157
20260811,MEAS_R000101,MEAS_UNIT_000101,101,C022,S01,4,38.2,38.1134735421747,38.5248165904231,38.4845980932776,38.45424391259132,-0.2542439125913205
20260811,MEAS_R000102,MEAS_UNIT_000102,102,C022,S01,4,38.5,38.1201677560209,38.4677560175029,38.4668307293719,38.42334749034718,0.076652509652817
20260811,MEAS_R000105,MEAS_UNIT_000105,105,C014,S01,4,38.0,38.3627615694509,38.5764045748055,38.4021784943391,38.45248791688961,-0.4524879168896092
20260811,MEAS_R000110,MEAS_UNIT_000110,110,C014,S01,4,38.0,38.1939227433748,38.2782447612023,38.1202428370049,38.16873119618747,-0.1687311961874726
20260811,MEAS_R000116,MEAS_UNIT_000116,116,C023,S01,4,38.3,38.7526060690105,39.0372193348901,38.9576088678572,38.96845154320782,-0.6684515432078229
20260811,MEAS_R000120,MEAS_UNIT_000120,120,C023,S01,4,39.0,39.0892136588793,38.9397130871992,38.914407036745,38.93924676698183,0.0607532330181754
20260811,MEAS_R000129,MEAS_UNIT_000129,129,C023,S01,4,39.3,39.0389883868592,39.1623687215159,39.181191878674,39.16523464118379,0.1347653588162103
20260811,MEAS_R000130,MEAS_UNIT_000130,130,C011,S01,4,38.1,38.5920013312263,38.1871133549049,38.2360950956659,38.23450038897976,-0.1345003889797595
20260811,MEAS_R000136,MEAS_UNIT_000136,136,C011,S01,4,39.1,38.2963072779203,38.2162257228671,38.2531894353285,38.2271426247821,0.8728573752179045
20260811,MEAS_R000147,MEAS_UNIT_000147,147,C004,S01,4,37.5,37.5,37.5625779662263,37.616212386777,37.55466557646991,-0.0546655764699082
20260811,MEAS_R000154,MEAS_UNIT_000154,154,C028,S01,4,40.2,40.1040604377384,40.2032788936648,40.1576151625789,40.19633501625962,0.0036649837403857
20260811,MEAS_R000160,MEAS_UNIT_000160,160,C028,S01,4,40.1,40.1489340005108,40.1633997763061,40.0560185456822,40.12988398658676,-0.0298839865867535
20260811,MEAS_R000161,MEAS_UNIT_000161,161,C028,S01,4,40.2,40.1716527237902,40.2343065952941,40.2341149888474,40.25629255445597,-0.0562925544559647
20260811,MEAS_R000171,MEAS_UNIT_000171,171,C008,S01,4,38.2,38.2099587797155,38.1788742829951,38.2419126326431,38.19857406210089,0.0014259378991141
20260811,MEAS_R000173,MEAS_UNIT_000173,173,C008,S01,4,38.2,38.4691881591382,38.2905080914802,38.2603296165146,38.275729402766686,-0.075729402766683
20260811,MEAS_R000174,MEAS_UNIT_000174,174,C008,S01,4,38.3,38.0984313919076,38.3606336252406,38.3383130921421,38.31021362495869,-0.0102136249586948
20260811,MEAS_R000177,MEAS_UNIT_000177,177,C030,S01,4,40.2,39.7079032911791,40.1495128528145,40.0408801293236,40.074816450863146,0.1251835491368567
20260811,MEAS_R000179,MEAS_UNIT_000179,179,C030,S01,4,40.3,40.3248546016082,40.1581105008029,40.2150511739143,40.23115125278594,0.0688487472140551
20260811,MEAS_R000182,MEAS_UNIT_000182,182,C030,S01,4,40.2,40.3348926414748,40.0382538285752,40.0288489556175,40.08467184879432,0.1153281512056878
20260811,MEAS_R000191,MEAS_UNIT_000191,191,C018,S01,4,38.8,38.7816470243804,38.8674797303543,38.8440822835388,38.84430961802431,-0.0443096180243145
20260811,MEAS_R000192,MEAS_UNIT_000192,192,C018,S01,4,38.8,38.9346424485815,38.9223682963985,38.8131992574157,38.86286537162041,-0.0628653716204112
20260811,MEAS_R000195,MEAS_UNIT_000195,195,C018,S01,4,38.8,38.7479852313916,38.7148781504234,38.8150486862825,38.7669101220045,0.0330898779954935
20260811,MEAS_R000203,MEAS_UNIT_000203,203,C025,S01,4,39.5,39.1928355296773,39.3188817443389,39.3656707336727,39.34022154746167,0.1597784525383332
20260811,MEAS_R000204,MEAS_UNIT_000204,204,C025,S01,4,39.5,39.3093150503349,39.2768685574268,39.3305141392839,39.315928731179454,0.1840712688205457
20260811,MEAS_R000209,MEAS_UNIT_000209,209,C025,S01,4,39.5,39.527901762999,39.4054178104741,39.3802515084313,39.41281576637414,0.0871842336258623
20260811,MEAS_R000213,MEAS_UNIT_000213,213,C010,S01,4,38.7,38.6832693830439,38.6370597832956,38.7188087071438,38.67855099624913,0.0214490037508738
20260811,MEAS_R000223,MEAS_UNIT_000223,223,C010,S01,4,38.7,38.7504150676493,38.6491090955786,38.7484506190377,38.705646890433954,-0.005646890433951
20260811,MEAS_R000226,MEAS_UNIT_000226,226,C019,S01,4,39.5,39.3551982931739,39.4465909128986,39.464667172561,39.45836367719296,0.0416363228070366
20260811,MEAS_R000228,MEAS_UNIT_000228,228,C019,S01,4,39.5,39.4289862745295,39.4840214006262,39.464667172561,39.47963011960234,0.0203698803976593
20260811,MEAS_R000237,MEAS_UNIT_000237,237,C019,S01,4,39.5,39.409322141583,39.4772078874653,39.4726080689605,39.47950364897091,0.020496351029088
20260811,MEAS_R000245,MEAS_UNIT_000245,245,C005,S01,4,38.0,37.9869334175961,37.9885257995807,38.0939991768676,38.02407353241274,-0.0240735324127427
20260811,MEAS_R000246,MEAS_UNIT_000246,246,C005,S01,4,37.8,37.9025658854579,37.8385952239635,37.8771179615008,37.84047013943663,-0.0404701394366284
20260811,MEAS_R000250,MEAS_UNIT_000250,250,C005,S01,4,37.8,37.9657318573567,37.8103891826765,37.8493122270369,37.820453978658335,-0.0204539786583382
20260811,MEAS_R000255,MEAS_UNIT_000255,255,C017,S01,4,39.2,38.902141594609,39.1554969319017,38.9451562092632,39.02099139381168,0.1790086061883187
20260811,MEAS_R000264,MEAS_UNIT_000264,264,C017,S01,4,40.0,39.8751515897179,39.8981131138125,39.8959728994098,39.91531363569552,0.0846863643044812
20260811,MEAS_R000265,MEAS_UNIT_000265,265,C017,S01,4,39.5,39.3722573000471,39.3238051510307,39.3036419229209,39.32515591048197,0.1748440895180323
20260811,MEAS_R000269,MEAS_UNIT_000269,269,C020,S01,4,38.6,39.5090254755218,39.249615621996,39.3608079104217,39.34081318588548,-0.7408131858854787
20260811,MEAS_R000271,MEAS_UNIT_000271,271,C020,S01,4,38.8,39.4633732676834,39.2433490210983,39.3606641766151,39.3340412974017,-0.534041297401707
20260811,MEAS_R000283,MEAS_UNIT_000283,283,C020,S01,4,40.2,40.1902902993645,40.2355748295206,40.1924876323389,40.23582725659509,-0.0358272565950841
20260811,MEAS_R000289,MEAS_UNIT_000289,289,C009,S01,4,40.5,40.2912885478578,40.3929600500532,40.4571097101144,40.449886779422,0.0501132205780052
20260811,MEAS_R000292,MEAS_UNIT_000292,292,C009,S01,4,40.6,40.4212128129038,40.4808271102811,40.4646617323412,40.49985491720317,0.1001450827968284
20260811,MEAS_R000295,MEAS_UNIT_000295,295,C012,S01,4,39.0,39.0970337285759,39.1212048980681,39.086237455324,39.10315407930406,-0.1031540793040619
20260811,MEAS_R000305,MEAS_UNIT_000305,305,C012,S01,4,40.5,40.3386390957714,40.3725990387417,40.335349454812,40.38014033436858,0.1198596656314165
20260811,MEAS_R000309,MEAS_UNIT_000309,309,C006,S01,4,39.3,39.1258679193321,38.9474441390394,39.1879991347869,39.09487559039079,0.2051244096092119
20260811,MEAS_R000310,MEAS_UNIT_000310,310,C006,S01,4,38.5,38.736662003899,39.095575072581,38.7014368159192,38.84956230308842,-0.3495623030884189
20260811,MEAS_R000312,MEAS_UNIT_000312,312,C006,S01,4,38.4,38.666481325569,38.7815403809862,38.6298656821701,38.68374961145476,-0.2837496114547591
20260811,MEAS_R000325,MEAS_UNIT_000325,325,C015,S01,4,38.3,38.9669657130759,38.7354673523218,39.0720124770196,38.9355451851818,-0.6355451851817975
20260811,MEAS_R000328,MEAS_UNIT_000328,328,C015,S01,4,38.0,38.974077738111,38.7415257668554,39.0741999770196,38.93972585987047,-0.939725859870471
20260811,MEAS_R000332,MEAS_UNIT_000332,332,C015,S01,4,39.7,39.2802039642806,39.2488519299507,39.3705317725358,39.32429465574798,0.3757053442520259
20260811,MEAS_R000340,MEAS_UNIT_000340,340,C007,S01,4,39.8,39.7930962834509,39.8180441852875,39.876061513238,39.86609264882414,-0.0660926488241457
20260811,MEAS_R000346,MEAS_UNIT_000346,346,C007,S01,4,39.7,39.7569443547641,39.8639786006144,39.883014242077,39.8840612097468,-0.1840612097467939
20260811,MEAS_R000349,MEAS_UNIT_000349,349,C007,S01,4,39.6,39.5062685698582,39.5430008131033,39.52243043293,39.540976597487685,0.0590234025123166
20260811,MEAS_R000355,MEAS_UNIT_000355,355,C007,S01,4,38.3,39.7957353646291,39.7496712961011,39.6944630527026,39.741129614677625,-1.441129614677628
20260811,MEAS_R000361,MEAS_UNIT_000361,361,C013,S01,4,39.3,38.9378514700759,38.9648075377033,39.1066795188989,39.03947662310245,0.2605233768975452
20260811,MEAS_R000363,MEAS_UNIT_000363,363,C013,S01,4,38.5,38.7842423414104,38.8293436828309,38.6931692592931,38.74764969146517,-0.2476496914651704
20260811,MEAS_R000367,MEAS_UNIT_000367,367,C024,S01,4,38.0,38.4902361441302,38.4357541921595,38.4218350391812,38.42137957169963,-0.4213795716996316
20260811,MEAS_R000368,MEAS_UNIT_000368,368,C024,S01,4,38.0,38.4537935489277,38.4184012817754,38.4216913053747,38.41123175904396,-0.4112317590439573
20260811,MEAS_R000371,MEAS_UNIT_000371,371,C024,S01,4,38.3,38.4646693270651,38.5031283679868,38.4763241542748,38.4744756654698,-0.1744756654697994
20260811,MEAS_R000388,MEAS_UNIT_000388,388,C002,S01,4,39.0,39.1334868872827,39.1290784877597,38.9897248654871,39.05695746738763,-0.0569574673876331
20260811,MEAS_R000397,MEAS_UNIT_000397,397,C004,S01,4,37.6,37.7662814707533,37.7925647699593,37.8434467652372,37.79166759437093,-0.1916675943709265
20260811,MEAS_R000399,MEAS_UNIT_000399,399,C004,S01,4,37.7,37.7943157050343,37.8166975596463,37.8433815339139,37.80350478340155,-0.1035047834015472
20260811,MEAS_R000417,MEAS_UNIT_000417,417,C009,S01,4,40.4,40.3412301034385,40.4137888263777,40.4573700656745,40.462698445992885,-0.0626984459928863
20260811,MEAS_R000426,MEAS_UNIT_000426,426,C010,S01,4,38.7,38.7591545606259,38.6918104781019,38.7323627285209,38.714035362000764,-0.0140353620007616
20260811,MEAS_R000427,MEAS_UNIT_000427,427,C011,S01,4,38.3,39.0768033721846,38.2172432870665,38.3173250095924,38.33594953956204,-0.0359495395620399
20260811,MEAS_R000430,MEAS_UNIT_000430,430,C011,S01,4,38.1,38.6363239326286,38.0914639627316,38.0902539254315,38.12252391752634,-0.0225239175263354
20260811,MEAS_R000437,MEAS_UNIT_000437,437,C012,S01,4,40.3,40.2337896836419,40.3035383752407,40.3243541782284,40.33785022968985,-0.0378502296898517
20260811,MEAS_R000439,MEAS_UNIT_000439,439,C013,S01,4,39.0,38.9800064467862,38.9432661198121,39.1082226738758,39.036041280272194,-0.0360412802721938
20260811,MEAS_R000441,MEAS_UNIT_000441,441,C013,S01,4,38.7,38.7509565947754,38.8413021552749,38.6926487508422,38.74881015175458,-0.04881015175458
20260811,MEAS_R000447,MEAS_UNIT_000447,447,C014,S01,4,38.3,38.3090029466721,38.3050138900505,38.3781565766695,38.330473296683856,-0.0304732966838585
20260811,MEAS_R000451,MEAS_UNIT_000451,451,C016,S01,4,38.7,39.2705307928152,38.7065319731535,38.6427163291589,38.71888975716308,-0.0188897571630732
20260811,MEAS_R000458,MEAS_UNIT_000458,458,C017,S01,4,39.0,38.8921103562875,39.1538558323272,38.9473437092632,39.02061264314517,-0.0206126431451636
20260811,MEAS_R000474,MEAS_UNIT_000474,474,C021,S01,4,38.2,38.2076629651381,38.1299820418831,38.2209096107967,38.16819280661925,0.0318071933807502
20260811,MEAS_R000479,MEAS_UNIT_000479,479,C022,S01,4,38.4,38.3786545473899,38.5065106947606,38.4019457665445,38.42710968982385,-0.0271096898238525
20260811,MEAS_R000480,MEAS_UNIT_000480,480,C022,S01,4,38.4,38.177101318775,38.5253713059264,38.4076735344888,38.41848703768477,-0.0184870376847712
20260811,MEAS_R000498,MEAS_UNIT_000498,498,C026,S01,4,38.7,39.0433383464977,38.6817658398607,38.6782949229571,38.70744095040553,-0.0074409504055239
20260811,MEAS_R000516,MEAS_UNIT_000516,516,C029,S01,4,38.3,38.2457291575593,38.3226581178879,38.2895780918087,38.28295973900849,0.0170402609915072
20260811,MEAS_R000002,MEAS_UNIT_000002,2,C021,S01,5,38.3,38.1913551287563,38.202324483441,38.232809230137,38.1763323409005,0.123667659099496
20260811,MEAS_R000013,MEAS_UNIT_000013,13,C003,S01,5,38.4,38.6696203509809,38.513107101223,38.5291159593891,38.50513117684457,-0.1051311768445728
20260811,MEAS_R000015,MEAS_UNIT_000015,15,C003,S01,5,38.4,38.6031320112279,38.5016318397176,38.530359169228,38.4940389831613,-0.0940389831613046
20260811,MEAS_R000023,MEAS_UNIT_000023,23,C002,S01,5,39.5,38.9064197795711,39.0963320327297,39.0078868004263,39.01229075272259,0.487709247277408
20260811,MEAS_R000024,MEAS_UNIT_000024,24,C002,S01,5,39.1,38.8391640425991,38.9810816951504,39.0046954246939,38.956730020374096,0.1432699796259058
20260811,MEAS_R000040,MEAS_UNIT_000040,40,C029,S01,5,38.5,38.4150812185784,38.2289405294317,38.2736889476715,38.23187415622512,0.2681258437748823
20260811,MEAS_R000042,MEAS_UNIT_000042,42,C029,S01,5,38.5,38.2028663180263,38.3216871456616,38.2751110668121,38.24766957446581,0.2523304255341898
20260811,MEAS_R000049,MEAS_UNIT_000049,49,C001,S01,5,39.2,38.3612568445969,38.1411575445671,38.5198077428472,38.31661482608354,0.8833851739164587
20260811,MEAS_R000053,MEAS_UNIT_000053,53,C001,S01,5,38.2,38.1602053636566,38.1291738024208,38.1772311484421,38.11485878127011,0.0851412187298947
20260811,MEAS_R000067,MEAS_UNIT_000067,67,C027,S01,5,38.6,38.6583646451024,38.8080219461915,38.7343662543799,38.72877223422047,-0.1287722342204702
20260811,MEAS_R000069,MEAS_UNIT_000069,69,C027,S01,5,38.5,38.6574720328793,38.827286012791,38.7367971702124,38.73774061794429,-0.23774061794429
20260811,MEAS_R000077,MEAS_UNIT_000077,77,C026,S01,5,39.1,38.9575847562148,38.7235730200744,38.8070033644156,38.763540433481225,0.3364595665187764
20260811,MEAS_R000087,MEAS_UNIT_000087,87,C016,S01,5,38.6,39.1339319615697,38.8676156650446,38.8966563348214,38.88668527246543,-0.2866852724654265
20260811,MEAS_R000090,MEAS_UNIT_000090,90,C022,S01,5,38.3,38.6309206166896,38.2321354368987,38.3022541162074,38.27076315643568,0.0292368435643197
20260811,MEAS_R000097,MEAS_UNIT_000097,97,C022,S01,5,39.5,38.3306244968851,38.3692625339699,38.4106322389643,38.349995945455774,1.150004054544226
20260811,MEAS_R000109,MEAS_UNIT_000109,109,C014,S01,5,38.1,37.9928505640579,38.172412158098,38.1272059982452,38.08897659535866,0.0110234046413424
20260811,MEAS_R000111,MEAS_UNIT_000111,111,C014,S01,5,38.0,37.975915283791,38.238559244267,38.1286809509429,38.1147753458541,-0.1147753458540989
20260811,MEAS_R000124,MEAS_UNIT_000124,124,C023,S01,5,39.1,38.5799325900613,38.9631793569666,38.9329017210549,38.88511017442976,0.2148898255702462
20260811,MEAS_R000125,MEAS_UNIT_000125,125,C023,S01,5,39.0,38.6369356532999,38.8977913087257,38.9326098967141,38.864487456189416,0.1355125438105844
20260811,MEAS_R000135,MEAS_UNIT_000135,135,C011,S01,5,38.4,38.7351794555237,38.3372553532042,38.3219522605265,38.33460522976468,0.0653947702353221
20260811,MEAS_R000146,MEAS_UNIT_000146,146,C004,S01,5,37.5,37.9480959637622,37.5836444955884,37.5955030854764,37.5728767158181,-0.0728767158180971
20260811,MEAS_R000149,MEAS_UNIT_000149,149,C004,S01,5,37.7,38.2869592940848,37.7062070648587,37.713387608741,37.719054006873,-0.0190540068729987
20260811,MEAS_R000150,MEAS_UNIT_000150,150,C004,S01,5,37.6,37.7119084997086,37.7146243139467,37.7980274432599,37.70466641007385,-0.1046664100738468
20260811,MEAS_R000152,MEAS_UNIT_000152,152,C028,S01,5,40.2,40.0372149372478,40.1888182400868,40.1928306508799,40.18299856906323,0.0170014309367729
20260811,MEAS_R000159,MEAS_UNIT_000159,159,C028,S01,5,40.1,39.9863437264007,40.0538536574857,40.089775801937,40.070018273812494,0.0299817261875077
20260811,MEAS_R000163,MEAS_UNIT_000163,163,C028,S01,5,40.3,40.3095140668372,40.3025978650399,40.2877487271862,40.306765214885054,-0.0067652148850569
20260811,MEAS_R000166,MEAS_UNIT_000166,166,C008,S01,5,38.1,38.1260778582675,38.1290414084244,38.1557756753931,38.10018304918474,-0.0001830491847414
20260811,MEAS_R000181,MEAS_UNIT_000181,181,C030,S01,5,40.3,39.872170733295,40.2736580893596,40.2159816046444,40.21173459127228,0.0882654087277217
20260811,MEAS_R000183,MEAS_UNIT_000183,183,C030,S01,5,40.2,39.7445809940878,40.2807197452063,40.0379069486863,40.109798620563296,0.0902013794367064
20260811,MEAS_R000188,MEAS_UNIT_000188,188,C030,S01,5,40.1,39.22810650655,40.2690341355751,39.9997110489185,40.03055246095472,0.0694475390452851
20260811,MEAS_R000194,MEAS_UNIT_000194,194,C018,S01,5,38.8,38.6863783199644,38.76159729852,38.7731323029432,38.73277192586231,0.067228074137688
20260811,MEAS_R000196,MEAS_UNIT_000196,196,C018,S01,5,38.8,38.8305631237538,38.7702043939281,38.7950999379101,38.762855703833736,0.0371442961662609
20260811,MEAS_R000205,MEAS_UNIT_000205,205,C025,S01,5,39.4,39.0266294974621,39.3867271330754,39.3879661475948,39.33764882931323,0.0623511706867674
20260811,MEAS_R000216,MEAS_UNIT_000216,216,C010,S01,5,38.6,38.6319503690058,38.566833190749,38.6055929499888,38.56210842349922,0.0378915765007832
20260811,MEAS_R000222,MEAS_UNIT_000222,222,C010,S01,5,38.6,38.6171492495295,38.6162280762341,38.6127512203479,38.58424729371655,0.0157527062834503
20260811,MEAS_R000227,MEAS_UNIT_000227,227,C019,S01,5,39.4,39.2811193899488,39.3870658332102,39.3920853545001,39.36696573295467,0.0330342670453305
20260811,MEAS_R000232,MEAS_UNIT_000232,232,C019,S01,5,39.5,39.4433530601076,39.4890939768786,39.4991044743104,39.48045560262915,0.0195443973708506
20260811,MEAS_R000233,MEAS_UNIT_000233,233,C019,S01,5,39.5,39.5931951614,39.5678899120434,39.4991044743104,39.52837145766135,-0.0283714576613505
20260811,MEAS_R000238,MEAS_UNIT_000238,238,C005,S01,5,37.8,37.9950246975659,37.8131970410164,37.8145066034142,37.783226671325096,0.0167733286749012
20260811,MEAS_R000248,MEAS_UNIT_000248,248,C005,S01,5,37.8,37.9413172886995,37.8467184212346,37.8145066034142,37.79111799059192,0.008882009408083
20260811,MEAS_R000252,MEAS_UNIT_000252,252,C017,S01,5,40.1,40.0024380673183,39.8506404279726,39.9227139505812,39.903671684398695,0.1963283156013062
20260811,MEAS_R000257,MEAS_UNIT_000257,257,C017,S01,5,39.3,39.4219175102284,39.4458239791826,39.42999993063,39.42521194537788,-0.1252119453778775
20260811,MEAS_R000266,MEAS_UNIT_000266,266,C017,S01,5,39.8,39.9097932392735,39.8547792449109,39.9227139505812,39.89549706473056,-0.0954970647305657
20260811,MEAS_R000270,MEAS_UNIT_000270,270,C020,S01,5,39.2,39.0425515797901,39.0762677543297,39.1299021265533,39.0811383448585,0.1188616551415009
20260811,MEAS_R000273,MEAS_UNIT_000273,273,C020,S01,5,39.1,39.0465361541216,39.1728249662403,39.1299021265533,39.12074794802263,-0.020747948022624
20260811,MEAS_R000280,MEAS_UNIT_000280,280,C020,S01,5,39.5,39.5254353745254,39.5912619405625,39.5735309936581,39.56877909944009,-0.0687790994400927
20260811,MEAS_R000291,MEAS_UNIT_000291,291,C009,S01,5,40.8,40.3752343221054,40.4127148546969,40.4639497530716,40.44871504336906,0.3512849566309342
20260811,MEAS_R000293,MEAS_UNIT_000293,293,C012,S01,5,40.3,40.2497181392987,40.3705222142141,40.3807224953044,40.37560265442457,-0.0756026544245713
20260811,MEAS_R000298,MEAS_UNIT_000298,298,C012,S01,5,39.5,39.4147798964537,39.5089040735863,39.4697621675743,39.47042336412433,0.0295766358756708
20260811,MEAS_R000315,MEAS_UNIT_000315,315,C006,S01,5,38.5,38.5164595691332,38.6805559536424,38.4759077132652,38.52953630389722,-0.0295363038972169
20260811,MEAS_R000317,MEAS_UNIT_000317,317,C006,S01,5,39.9,38.9298080092955,39.0671799305601,38.9293553123033,38.96271471079504,0.937285289204958
20260811,MEAS_R000320,MEAS_UNIT_000320,320,C015,S01,5,38.9,39.0146026497299,38.90212130887,38.9519202997876,38.91630872203889,-0.0163087220388931
20260811,MEAS_R000323,MEAS_UNIT_000323,323,C015,S01,5,38.2,38.2812104380989,38.2136727062872,38.2227251273433,38.18532909866795,0.0146709013320531
20260811,MEAS_R000334,MEAS_UNIT_000334,334,C015,S01,5,38.5,38.5602542299113,38.5654672922502,38.4740670282592,38.48654516957167,0.0134548304283299
20260811,MEAS_R000342,MEAS_UNIT_000342,342,C007,S01,5,40.0,39.7243143582141,39.7193249239534,39.7869220166421,39.75122857249191,0.248771427508089
20260811,MEAS_R000353,MEAS_UNIT_000353,353,C007,S01,5,39.4,39.6108629318651,39.5929171672824,39.5946269274557,39.58934523369181,-0.1893452336918102
20260811,MEAS_R000356,MEAS_UNIT_000356,356,C007,S01,5,40.2,39.2299773743151,39.1392794646022,39.2312299966781,39.17855805790191,1.0214419420980931
20260811,MEAS_R000359,MEAS_UNIT_000359,359,C013,S01,5,38.6,38.707606987972,38.704726571568,38.7312522690529,38.69049428165854,-0.0904942816585361
20260811,MEAS_R000366,MEAS_UNIT_000366,366,C013,S01,5,39.0,39.1687678945444,39.1486725370738,39.1374027445368,39.1277901863798,-0.1277901863797979
20260811,MEAS_R000373,MEAS_UNIT_000373,373,C024,S01,5,38.4,38.2158118205873,38.2334179120119,38.1268832725694,38.13728473325349,0.2627152667465111
20260811,MEAS_R000377,MEAS_UNIT_000377,377,C024,S01,5,40.4,40.5006139334015,40.4793063066542,40.5830571206446,40.550096636119605,-0.1500966361196063
20260811,MEAS_R000381,MEAS_UNIT_000381,381,C024,S01,5,38.5,38.521204604973,38.504870016087,38.3352310494232,38.38667148847222,0.1133285115277829
20260811,MEAS_R000384,MEAS_UNIT_000384,384,C001,S01,5,38.2,38.1943811655573,38.1424726217458,38.1770907675827,38.123819065711714,0.0761809342882884
20260811,MEAS_R000392,MEAS_UNIT_000392,392,C003,S01,5,38.5,38.638677255992,38.5199807362435,38.5324374162983,38.50633104054228,-0.0063310405422782
20260811,MEAS_R000394,MEAS_UNIT_000394,394,C003,S01,5,38.5,38.6126813646698,38.5108401982281,38.5298264467548,38.49851881360745,0.001481186392553
20260811,MEAS_R000403,MEAS_UNIT_000403,403,C005,S01,5,37.7,37.8428274640171,37.7909694268891,37.7866678402354,37.74375515630609,-0.0437551563060836
20260811,MEAS_R000410,MEAS_UNIT_000410,410,C008,S01,5,38.2,38.189382190128,38.1981583232988,38.2220878601513,38.16893900183357,0.0310609981664384
20260811,MEAS_R000412,MEAS_UNIT_000412,412,C008,S01,5,38.1,38.0977685423956,38.1887699504461,38.1554571481714,38.12124832250916,-0.0212483225091588
20260811,MEAS_R000416,MEAS_UNIT_000416,416,C009,S01,5,40.4,40.2578420950997,40.4649936461062,40.4639497530716,40.457444766874346,-0.0574447668743474
20260811,MEAS_R000424,MEAS_UNIT_000424,424,C010,S01,5,38.6,38.6432021783552,38.6535258370723,38.6127512203479,38.60215498077056,-0.0021549807705625
20260811,MEAS_R000438,MEAS_UNIT_000438,438,C012,S01,5,40.4,40.3244639904053,40.4013346801571,40.3807224953044,40.3960576955321,0.0039423044678983
20260811,MEAS_R000444,MEAS_UNIT_000444,444,C013,S01,5,39.1,39.1203340592503,39.1467503354091,39.1374027445368,39.12185837904512,-0.0218583790451134
20260811,MEAS_R000452,MEAS_UNIT_000452,452,C016,S01,5,38.7,38.7888490103564,38.7095864141947,38.7507508021073,38.71109737016219,-0.0110973701621901
20260811,MEAS_R000464,MEAS_UNIT_000464,464,C018,S01,5,38.8,38.709143465874,38.7545177636633,38.7760568406019,38.73381857045639,0.0661814295436116
20260811,MEAS_R000475,MEAS_UNIT_000475,475,C021,S01,5,38.2,38.4111761697713,38.1852608600799,38.2317483628274,38.19224543617538,0.0077545638246192
20260811,MEAS_R000482,MEAS_UNIT_000482,482,C023,S01,5,38.9,38.4964205595442,39.0060091781524,38.925094861374,38.88960934957674,0.0103906504232611
20260811,MEAS_R000483,MEAS_UNIT_000483,483,C023,S01,5,38.9,38.8479933168805,38.8531201168219,38.9273900557107,38.86613374436377,0.0338662556362265
20260811,MEAS_R000491,MEAS_UNIT_000491,491,C025,S01,5,39.5,39.5599856697508,39.4671314075134,39.401176722367,39.43377830818684,0.0662216918131619
20260811,MEAS_R000493,MEAS_UNIT_000493,493,C025,S01,5,39.4,39.4906862102092,39.4678777269036,39.3660950851051,39.408737170824914,-0.008737170824915
20260811,MEAS_R000499,MEAS_UNIT_000499,499,C026,S01,5,38.7,38.8211687418068,38.6877539539591,38.6914191277059,38.675278245241714,0.0247217547582891
20260811,MEAS_R000515,MEAS_UNIT_000515,515,C029,S01,5,38.3,38.3759642099056,38.2500026494957,38.2863493583286,38.24274719935816,0.0572528006418338
20260811,MEAS_R000517,MEAS_UNIT_000517,517,C029,S01,5,38.3,38.3502597342979,38.2781833603557,38.272488462442,38.24434851651713,0.0556514834828689
20260903,MEAS_R000005,MEAS_UNIT_000005,5,C021,S01,1,38.1,38.3181770064655,38.2622523450484,38.2635028557141,38.2405408031021,-0.1405408031020982
20260903,MEAS_R000006,MEAS_UNIT_000006,6,C021,S01,1,38.3,38.3383240914796,38.2863710848145,38.3610476655788,38.371122334076894,-0.0711223340768967
20260903,MEAS_R000010,MEAS_UNIT_000010,10,C003,S01,1,39.0,37.9973050901795,38.4483495801398,38.5202363086195,38.55777930725724,0.4422206927427652
20260903,MEAS_R000011,MEAS_UNIT_000011,11,C003,S01,1,38.8,38.5667310936872,38.5182856129038,38.5579803913555,38.5613943052221,0.2386056947778954
20260903,MEAS_R000019,MEAS_UNIT_000019,19,C003,S01,1,39.0,38.8126790386764,38.5739847802971,38.5836992199032,38.56745096555338,0.4325490344466232
20260903,MEAS_R000027,MEAS_UNIT_000027,27,C002,S01,1,39.2,39.0056662192797,39.0604211962398,38.9816030921138,38.95775226816498,0.2422477318350218
20260903,MEAS_R000029,MEAS_UNIT_000029,29,C002,S01,1,39.0,38.8584088193925,39.1144890148861,38.9816030921138,38.94529251574519,0.0547074842548127
20260903,MEAS_R000030,MEAS_UNIT_000030,30,C002,S01,1,38.9,38.8491620075873,39.0977390045266,38.9816030921138,38.95164003447553,-0.0516400344755325
20260903,MEAS_R000036,MEAS_UNIT_000036,36,C029,S01,1,38.1,38.2633417196641,38.3746525314246,38.3626797757814,38.34561963538651,-0.245619635386511
20260903,MEAS_R000043,MEAS_UNIT_000043,43,C029,S01,1,38.5,38.9662709996631,38.3800770721405,38.4272874932181,38.40457857845403,0.0954214215459714
20260903,MEAS_R000046,MEAS_UNIT_000046,46,C029,S01,1,38.9,38.1551401077763,38.3395708046306,38.3738850728568,38.37902750305496,0.520972496945042
20260903,MEAS_R000051,MEAS_UNIT_000051,51,C001,S01,1,38.0,38.3778800818008,38.2326909651827,38.2046108653384,38.1637537055166,-0.1637537055165978
20260903,MEAS_R000055,MEAS_UNIT_000055,55,C001,S01,1,38.4,38.2281123987314,38.1850390755787,38.2046108653384,38.18740915976338,0.2125908402366221
20260903,MEAS_R000057,MEAS_UNIT_000057,57,C001,S01,1,38.2,38.5329722197201,38.2793632826626,38.374723134954,38.38440959276835,-0.1844095927683469
20260903,MEAS_R000063,MEAS_UNIT_000063,63,C027,S01,1,38.7,39.7510910927236,39.4732394144625,39.9174358359242,40.12129087882785,-1.4212908788278469
20260903,MEAS_R000064,MEAS_UNIT_000064,64,C027,S01,1,38.5,39.2244753240636,38.985685337086,38.6837759853464,38.546734897762,-0.0467348977620005
20260903,MEAS_R000067,MEAS_UNIT_000067,67,C027,S01,1,38.6,38.670957378771,38.790578874248,38.6837759853464,38.640883735582776,-0.0408837355827742
20260903,MEAS_R000074,MEAS_UNIT_000074,74,C026,S01,1,38.5,38.6545893665793,38.6416353632785,38.6496363201955,38.64533154910078,-0.1453315491007814
20260903,MEAS_R000079,MEAS_UNIT_000079,79,C026,S01,1,38.6,38.707669242285,38.7781236883043,38.7360762782289,38.71870763920313,-0.1187076392031301
20260903,MEAS_R000081,MEAS_UNIT_000081,81,C016,S01,1,39.2,38.4981658324486,38.5586908370869,38.7083816407712,38.76611211740645,0.4338878825935524
20260903,MEAS_R000088,MEAS_UNIT_000088,88,C016,S01,1,38.8,38.3527087749004,38.6085387483057,38.6418091600687,38.65949561974395,0.140504380256047
20260903,MEAS_R000091,MEAS_UNIT_000091,91,C022,S01,1,38.1,38.7973738450765,38.5063918990524,38.4259422041514,38.36559848651844,-0.2655984865184351
20260903,MEAS_R000095,MEAS_UNIT_000095,95,C022,S01,1,38.7,38.4810045420192,38.4995951715704,38.5331706983422,38.53628026650059,0.1637197334994127
20260903,MEAS_R000101,MEAS_UNIT_000101,101,C022,S01,1,38.2,38.2989052334611,38.4546133609197,38.4541102112544,38.44696063142348,-0.2469606314234766
20260903,MEAS_R000104,MEAS_UNIT_000104,104,C014,S01,1,38.5,38.4229229490814,38.3321707146931,38.3011988997818,38.26516067966279,0.2348393203372154
20260903,MEAS_R000109,MEAS_UNIT_000109,109,C014,S01,1,38.1,37.8832874833303,38.2015737693867,38.1294591778514,38.08930608189027,0.0106939181097303
20260903,MEAS_R000111,MEAS_UNIT_000111,111,C014,S01,1,38.0,38.0442668184926,38.2332122261559,38.1294591778514,38.07080990885004,-0.0708099088500375
20260903,MEAS_R000117,MEAS_UNIT_000117,117,C023,S01,1,38.3,39.6133214807101,39.1251791230833,39.1433701645062,39.13950891301308,-0.8395089130130842
20260903,MEAS_R000125,MEAS_UNIT_000125,125,C023,S01,1,39.0,38.5561809465103,38.9284961545502,38.9532406928189,38.984106979414506,0.0158930205854943
20260903,MEAS_R000128,MEAS_UNIT_000128,128,C023,S01,1,39.4,39.5610416356355,39.2697517604517,39.0767976838037,38.995142282212434,0.4048577177875643
20260903,MEAS_R000132,MEAS_UNIT_000132,132,C011,S01,1,37.9,37.9818236808558,38.1172549011658,38.157242971195,38.15456667386362,-0.2545666738636214
20260903,MEAS_R000137,MEAS_UNIT_000137,137,C011,S01,1,38.2,38.7031073744274,38.4128941605329,38.423861611087,38.399976927490926,-0.1999769274909226
20260903,MEAS_R000141,MEAS_UNIT_000141,141,C004,S01,1,37.5,37.772980511931,37.6200407608019,37.6208853319985,37.57004035585347,-0.0700403558534716
20260903,MEAS_R000142,MEAS_UNIT_000142,142,C004,S01,1,37.6,37.6908417992982,37.6260202182853,37.6900294997716,37.67090852224315,-0.0709085222431511
20260903,MEAS_R000144,MEAS_UNIT_000144,144,C004,S01,1,37.5,37.5,37.5615515433178,37.6208853319985,37.60311764110765,-0.1031176411076515
20260903,MEAS_R000150,MEAS_UNIT_000150,150,C004,S01,1,37.6,37.5925975595094,37.7254403802411,37.8296831505918,37.84065610734282,-0.2406561073428221
20260903,MEAS_R000154,MEAS_UNIT_000154,154,C028,S01,1,40.2,40.1654750770294,40.1720793414777,40.1668596417516,40.2132273390652,-0.013227339065196
20260903,MEAS_R000155,MEAS_UNIT_000155,155,C028,S01,1,39.8,40.1267998888124,39.8825839610253,39.7589525167223,39.731866777527486,0.068133222472511
20260903,MEAS_R000164,MEAS_UNIT_000164,164,C008,S01,1,38.3,38.6214658907507,38.2822247590216,38.3870067013799,38.39701849907214,-0.0970184990721421
20260903,MEAS_R000170,MEAS_UNIT_000170,170,C008,S01,1,38.1,38.3730264378323,38.1137862070986,38.1497205269127,38.12725914688117,-0.0272591468811711
20260903,MEAS_R000171,MEAS_UNIT_000171,171,C008,S01,1,38.2,38.1035046073749,38.1622992353695,38.2472791068346,38.2623595999434,-0.0623595999433916
20260903,MEAS_R000173,MEAS_UNIT_000173,173,C008,S01,1,38.2,38.6070077853803,38.2398807494897,38.2472791068346,38.21207362768904,-0.0120736276890411
20260903,MEAS_R000178,MEAS_UNIT_000178,178,C030,S01,1,40.3,40.3275355152799,40.2840290020071,40.1756054334281,40.17881290438048,0.1211870956195184
20260903,MEAS_R000180,MEAS_UNIT_000180,180,C030,S01,1,40.3,40.5026750776987,40.2627392544728,40.1756054334281,40.17840748105631,0.1215925189436859
20260903,MEAS_R000182,MEAS_UNIT_000182,182,C030,S01,1,40.2,40.3116786973481,40.1925544841235,40.0863131028089,40.08372283330176,0.1162771666982465
20260903,MEAS_R000183,MEAS_UNIT_000183,183,C030,S01,1,40.2,39.874421293407,40.2707350445005,40.0040011725623,39.95771333659658,0.2422866634034193
20260903,MEAS_R000190,MEAS_UNIT_000190,190,C018,S01,1,38.8,38.6893764087582,38.8705380316277,38.7888650704396,38.76261040209818,0.0373895979018144
20260903,MEAS_R000199,MEAS_UNIT_000199,199,C018,S01,1,38.8,38.833560078181,38.8300232241345,38.7894467598627,38.771247777234095,0.0287522227659025
20260903,MEAS_R000204,MEAS_UNIT_000204,204,C025,S01,1,39.5,39.2983011135069,39.3569502848456,39.3511876011691,39.370095082273686,0.1299049177263143
20260903,MEAS_R000205,MEAS_UNIT_000205,205,C025,S01,1,39.4,39.0570223782452,39.3505140124619,39.3511876011691,39.383312111945045,0.0166878880549532
20260903,MEAS_R000215,MEAS_UNIT_000215,215,C010,S01,1,38.7,38.7505364802472,38.7014254979161,38.7169325236933,38.71642775389202,-0.0164277538920174
20260903,MEAS_R000218,MEAS_UNIT_000218,218,C010,S01,1,38.6,38.5714443278671,38.549511004395,38.6075216401191,38.62124843452951,-0.0212484345295038
20260903,MEAS_R000219,MEAS_UNIT_000219,219,C010,S01,1,38.7,38.7325325379343,38.689447559523,38.7191057469454,38.72460312297944,-0.0246031229794354
20260903,MEAS_R000220,MEAS_UNIT_000220,220,C010,S01,1,38.6,38.6122938008656,38.5836966723703,38.6267249973386,38.63486469644613,-0.0348646964461281
20260903,MEAS_R000226,MEAS_UNIT_000226,226,C019,S01,1,39.5,39.3251972185906,39.4341808416995,39.4917403309837,39.54331326488652,-0.0433132648865211
20260903,MEAS_R000233,MEAS_UNIT_000233,233,C019,S01,1,39.5,39.6230802552149,39.5596886514064,39.4990636194157,39.49590024016202,0.0040997598379775
20260903,MEAS_R000236,MEAS_UNIT_000236,236,C019,S01,1,39.4,39.3275446341557,39.3954582128406,39.3823401049669,39.39986146049143,0.0001385395085691
20260903,MEAS_R000239,MEAS_UNIT_000239,239,C005,S01,1,37.8,37.9820068618309,37.7913304011253,37.8110153062304,37.77288207020169,0.0271179297983081
20260903,MEAS_R000242,MEAS_UNIT_000242,242,C005,S01,1,37.9,38.0490647015753,37.9653306444759,37.9517480996102,37.91028845096068,-0.0102884509606795
20260903,MEAS_R000249,MEAS_UNIT_000249,249,C005,S01,1,38.0,38.2727203291311,37.9702911084715,38.0670214487239,38.06387433181917,-0.0638743318191714
20260903,MEAS_R000257,MEAS_UNIT_000257,257,C017,S01,1,39.3,39.4537755863262,39.4363735452086,39.4391836354851,39.46125955277999,-0.1612595527799953
20260903,MEAS_R000260,MEAS_UNIT_000260,260,C017,S01,1,39.4,39.4623592720666,39.4269270544441,39.4429654079763,39.469642713369936,-0.0696427133699373
20260903,MEAS_R000264,MEAS_UNIT_000264,264,C017,S01,1,40.0,39.8543730492481,39.8627036898111,39.9623739492863,40.04327747634984,-0.0432774763498429
20260903,MEAS_R000266,MEAS_UNIT_000266,266,C017,S01,1,39.8,39.9708516433932,39.9169035340664,39.9624822598309,40.01896926268773,-0.2189692626877359
20260903,MEAS_R000271,MEAS_UNIT_000271,271,C020,S01,1,38.8,38.6826356513295,38.9091577200282,38.6747195581349,38.58538493345628,0.2146150665437218
20260903,MEAS_R000274,MEAS_UNIT_000274,274,C020,S01,1,39.5,39.5844619558503,39.5661920378132,39.4897193628791,39.48193516049293,0.018064839507069
20260903,MEAS_R000278,MEAS_UNIT_000278,278,C020,S01,1,38.6,39.5555304317536,39.6276204415295,39.4926360295458,39.46569270003582,-0.8656927000358152
20260903,MEAS_R000281,MEAS_UNIT_000281,281,C020,S01,1,40.2,40.2156059064414,40.2377247530283,40.2123535384741,40.25302993430217,-0.0530299343021667
20260903,MEAS_R000285,MEAS_UNIT_000285,285,C009,S01,1,39.3,39.3863917097363,39.4149255031959,39.5036982426591,39.564520108330015,-0.2645201083300179
20260903,MEAS_R000288,MEAS_UNIT_000288,288,C009,S01,1,39.5,39.729492237525,39.677422798691,39.7115030350569,39.75437552551001,-0.2543755255100066
20260903,MEAS_R000296,MEAS_UNIT_000296,296,C012,S01,1,39.0,39.0985148272414,39.1989395103529,39.0800822102927,39.04588977471319,-0.0458897747131885
20260903,MEAS_R000297,MEAS_UNIT_000297,297,C012,S01,1,39.7,39.468781454274,39.5169217805029,39.5457215976772,39.58501242107369,0.1149875789263106
20260903,MEAS_R000298,MEAS_UNIT_000298,298,C012,S01,1,39.5,39.4315868282749,39.4713457999443,39.4685799594734,39.49208803299474,0.0079119670052563
20260903,MEAS_R000308,MEAS_UNIT_000308,308,C006,S01,1,38.6,38.5894498100388,38.7912128131459,38.5870642658171,38.50551945368392,0.0944805463160847
20260903,MEAS_R000313,MEAS_UNIT_000313,313,C006,S01,1,38.9,39.0985549129501,39.0066265843671,39.2694741659308,39.3858359311124,-0.4858359311123976
20260903,MEAS_R000317,MEAS_UNIT_000317,317,C006,S01,1,39.9,39.3969931218395,39.1449381306112,39.2757054930658,39.33229856852916,0.5677014314708373
20260903,MEAS_R000321,MEAS_UNIT_000321,321,C015,S01,1,38.2,38.3334611983986,38.2376091185196,38.2416626231232,38.2172168425528,-0.0172168425527985
20260903,MEAS_R000325,MEAS_UNIT_000325,325,C015,S01,1,38.3,38.6987260652104,38.5371242508656,38.7411304127448,38.81166492089836,-0.5116649208983617
20260903,MEAS_R000336,MEAS_UNIT_000336,336,C015,S01,1,38.8,38.940911216834,38.9583120446122,38.930649356859,38.92368030414139,-0.1236803041413949
20260903,MEAS_R000337,MEAS_UNIT_000337,337,C015,S01,1,39.1,38.9791843617833,38.8864265989737,38.9307576674036,38.94754280025264,0.1524571997473671
20260903,MEAS_R000346,MEAS_UNIT_000346,346,C007,S01,1,39.7,39.7435567787355,39.8696747095391,39.8633295380054,39.90365040634679,-0.2036504063467816
20260903,MEAS_R000347,MEAS_UNIT_000347,347,C007,S01,1,39.5,39.5813836865251,39.5639240137329,39.554507497414,39.575884568606526,-0.0758845686065257
20260903,MEAS_R000350,MEAS_UNIT_000350,350,C007,S01,1,39.3,39.4796655433033,39.5107623938196,39.4503170614149,39.449740182969606,-0.1497401829696087
20260903,MEAS_R000351,MEAS_UNIT_000351,351,C007,S01,1,40.7,40.3926358186124,40.1863229870992,40.4484655672119,40.602148807032734,0.0978511929672691
20260903,MEAS_R000364,MEAS_UNIT_000364,364,C013,S01,1,39.1,39.1018227946183,39.1601524107224,39.1534788083354,39.16483269690376,-0.0648326969037569
20260903,MEAS_R000366,MEAS_UNIT_000366,366,C013,S01,1,39.0,39.2141657923891,39.1429554829964,39.1653691493608,39.18289504798001,-0.1828950479800113
20260903,MEAS_R000369,MEAS_UNIT_000369,369,C024,S01,1,38.6,38.3081782745145,38.3685062556015,38.3167009924337,38.27975696459048,0.3202430354095256
20260903,MEAS_R000370,MEAS_UNIT_000370,370,C024,S01,1,38.3,38.1143960161694,38.2138460239041,38.0761769634659,37.99799491956679,0.3020050804332044
20260903,MEAS_R000373,MEAS_UNIT_000373,373,C024,S01,1,38.4,38.1107695471923,38.3037693518305,38.0730684484292,37.96187054877564,0.4381294512243627
20260903,MEAS_R000375,MEAS_UNIT_000375,375,C024,S01,1,38.2,38.5949749775477,38.5529885484876,38.5102779100759,38.47935178497882,-0.2793517849788145
20260903,MEAS_R000386,MEAS_UNIT_000386,386,C001,S01,1,38.3,38.3442841625715,38.2084496643857,38.3412225862412,38.36997059327756,-0.06997059327756
20260903,MEAS_R000389,MEAS_UNIT_000389,389,C002,S01,1,39.0,39.0436107096779,38.9440513487685,38.9816030921138,38.99721842910906,0.0027815708909386
20260903,MEAS_R000391,MEAS_UNIT_000391,391,C002,S01,1,39.0,38.8326615485491,38.9472296888291,38.9816030921138,39.00565750629366,-0.0056575062936587
20260903,MEAS_R000405,MEAS_UNIT_000405,405,C005,S01,1,37.7,37.9181288448524,37.812860521548,37.8110153062304,37.76815806101608,-0.0681580610160779
20260903,MEAS_R000409,MEAS_UNIT_000409,409,C006,S01,1,38.7,38.5300364634812,38.8481273466836,38.5723776781411,38.46698606165275,0.2330139383472556
20260903,MEAS_R000419,MEAS_UNIT_000419,419,C009,S01,1,39.6,39.5198782916899,39.4515522388549,39.5051894138229,39.54764557132837,0.0523544286716273
20260903,MEAS_R000422,MEAS_UNIT_000422,422,C009,S01,1,39.7,39.6915766851331,39.5725284114393,39.7153590843682,39.79875511930326,-0.0987551193032558
20260903,MEAS_R000428,MEAS_UNIT_000428,428,C011,S01,1,38.3,38.5262644861214,38.3473443128366,38.3952220133982,38.39008068558909,-0.0900806855890934
20260903,MEAS_R000432,MEAS_UNIT_000432,432,C011,S01,1,38.2,38.5851536699337,38.2195590393682,38.2402875571653,38.210220081236486,-0.0102200812364827
20260903,MEAS_R000442,MEAS_UNIT_000442,442,C013,S01,1,39.1,39.1563209640806,39.0897450009639,39.1530737550681,39.18669950445562,-0.0866995044556162
20260903,MEAS_R000444,MEAS_UNIT_000444,444,C013,S01,1,39.1,39.2049050528606,39.131793448394,39.1534788083354,39.170196185068974,-0.0701961850689727
20260903,MEAS_R000446,MEAS_UNIT_000446,446,C014,S01,1,38.0,37.5,38.0963672893887,38.1294591778514,38.14391896785632,-0.1439189678563224
20260903,MEAS_R000453,MEAS_UNIT_000453,453,C016,S01,1,38.8,38.4444700375859,38.7029474061725,38.8387811836999,38.90468632819383,-0.1046863281938357
20260903,MEAS_R000455,MEAS_UNIT_000455,455,C016,S01,1,38.7,38.8311880619204,38.7449937390063,38.7083816407712,38.6850759004525,0.0149240995474997
20260903,MEAS_R000461,MEAS_UNIT_000461,461,C018,S01,1,38.8,38.7489409703674,38.819745951062,38.7960684743068,38.788227489275954,0.0117725107240431
20260903,MEAS_R000464,MEAS_UNIT_000464,464,C018,S01,1,38.8,38.7992462171872,38.7556391238544,38.7809702809656,38.786961589860994,0.0130384101390035
20260903,MEAS_R000468,MEAS_UNIT_000468,468,C019,S01,1,39.5,39.494452263977,39.4929178043875,39.497021952749,39.52243305903558,-0.0224330590355776
20260903,MEAS_R000469,MEAS_UNIT_000469,469,C020,S01,1,40.2,40.149408296951,40.2200884732026,40.2316255950248,40.28993931068607,-0.0899393106860699
20260903,MEAS_R000478,MEAS_UNIT_000478,478,C021,S01,1,38.2,38.2804345538833,38.2152954919764,38.2635028557141,38.25887128307093,-0.0588712830709283
20260903,MEAS_R000479,MEAS_UNIT_000479,479,C022,S01,1,38.4,38.5777525241041,38.4426765999224,38.3953357993333,38.354168963332526,0.0458310366674723
20260903,MEAS_R000483,MEAS_UNIT_000483,483,C023,S01,1,38.9,38.9219478390654,38.8931400783463,38.9532406928189,38.98003738471797,-0.0800373847179685
20260903,MEAS_R000491,MEAS_UNIT_000491,491,C025,S01,1,39.5,39.9022313965013,39.4022804604528,39.3414125193972,39.3126378981988,0.1873621018012059
20260903,MEAS_R000492,MEAS_UNIT_000492,492,C025,S01,1,39.5,39.8700024884096,39.418150879996,39.3414125193972,39.30848211027293,0.1915178897270735
20260903,MEAS_R000494,MEAS_UNIT_000494,494,C026,S01,1,38.6,39.0019184034282,38.7309622659226,38.6138341729658,38.546573097740925,0.0534269022590763
20260903,MEAS_R000496,MEAS_UNIT_000496,496,C026,S01,1,38.7,38.8213937712815,38.7009075954266,38.7338548764491,38.7376915576427,-0.0376915576426952
20260903,MEAS_R000501,MEAS_UNIT_000501,501,C026,S01,1,38.6,38.7222816075532,38.6978476060904,38.6138341729658,38.5709714123101,0.0290285876899005
20260903,MEAS_R000503,MEAS_UNIT_000503,503,C026,S01,1,38.6,38.4235045209255,38.673256637137,38.6496363201955,38.64461679997167,-0.0446167999716635
20260903,MEAS_R000507,MEAS_UNIT_000507,507,C027,S01,1,39.8,39.3797287449026,39.5691991678676,39.9174358359242,40.10416485509423,-0.3041648550942284
20260903,MEAS_R000508,MEAS_UNIT_000508,508,C027,S01,1,38.8,39.1343379006255,39.0048237726429,38.6837759853464,38.54404791619845,0.2559520838015459
20260903,MEAS_R000509,MEAS_UNIT_000509,509,C028,S01,1,40.3,40.2122434391918,40.2545634594311,40.2609456432509,40.31697948974579,-0.0169794897457933
20260903,MEAS_R000510,MEAS_UNIT_000510,510,C028,S01,1,40.2,40.0931314784922,40.2019823429776,40.1685323894342,40.20832507514194,-0.0083250751419399
20260903,MEAS_R000003,MEAS_UNIT_000003,3,C021,S01,2,38.2,38.194973001233,38.1841810928859,38.2272774191285,38.2119624194653,-0.0119624194652985
20260903,MEAS_R000004,MEAS_UNIT_000004,4,C021,S01,2,38.4,38.0550409890505,38.1674398751422,38.2272774191285,38.20891178261323,0.1910882173867705
20260903,MEAS_R000013,MEAS_UNIT_000013,13,C003,S01,2,38.4,38.5933968133255,38.5445490996576,38.556544517428,38.54955871028048,-0.1495587102804805
20260903,MEAS_R000018,MEAS_UNIT_000018,18,C003,S01,2,38.5,38.5087074405747,38.5928058276198,38.556544517428,38.55833862961564,-0.0583386296156405
20260903,MEAS_R000021,MEAS_UNIT_000021,21,C003,S01,2,38.0,38.9070247076197,38.7877844587768,38.6072052914066,38.63568394799033,-0.63568394799033
20260903,MEAS_R000023,MEAS_UNIT_000023,23,C002,S01,2,39.5,38.9555540728174,39.2638578657766,39.0716670169465,39.106009648793965,0.3939903512060354
20260903,MEAS_R000025,MEAS_UNIT_000025,25,C002,S01,2,38.5,39.086801440898,39.0916062045694,39.0519102999939,39.05834443615515,-0.5583444361551528
20260903,MEAS_R000032,MEAS_UNIT_000032,32,C002,S01,2,39.7,39.4464336310801,39.2426844698157,39.3198340797035,39.30717626107811,0.3928237389218907
20260903,MEAS_R000039,MEAS_UNIT_000039,39,C029,S01,2,38.1,38.3578641764582,38.2458177832357,38.3281594195645,38.30652104807198,-0.206521048071977
20260903,MEAS_R000040,MEAS_UNIT_000040,40,C029,S01,2,38.5,38.335686128577,38.2909300820299,38.3281594195645,38.31473044899214,0.1852695510078632
20260903,MEAS_R000044,MEAS_UNIT_000044,44,C029,S01,2,38.4,38.2756675273658,38.5115174245909,38.4255705794897,38.43534321650056,-0.0353432165005571
20260903,MEAS_R000052,MEAS_UNIT_000052,52,C001,S01,2,38.0,38.1944650280851,38.2098573556249,38.2685749426192,38.250750382933184,-0.2507503829331838
20260903,MEAS_R000054,MEAS_UNIT_000054,54,C001,S01,2,38.0,38.2829823566879,38.2701927702338,38.2685749426192,38.26173332727447,-0.2617333272744702
20260903,MEAS_R000059,MEAS_UNIT_000059,59,C001,S01,2,38.1,38.3176477771983,38.4071064217857,38.2769540163724,38.293573100295774,-0.1935731002957723
20260903,MEAS_R000068,MEAS_UNIT_000068,68,C027,S01,2,38.5,39.0895711850138,39.0024241524885,38.8423915724191,38.86903458000344,-0.3690345800034436
20260903,MEAS_R000069,MEAS_UNIT_000069,69,C027,S01,2,38.5,38.8841008135207,38.9741322669436,38.8423915724191,38.86388000678501,-0.3638800067850098
20260903,MEAS_R000072,MEAS_UNIT_000072,72,C027,S01,2,38.2,39.1545446705331,39.1503600842373,38.9610915267577,38.99401523220015,-0.7940152322001452
20260903,MEAS_R000076,MEAS_UNIT_000076,76,C026,S01,2,39.0,38.6929929105707,38.5959557452455,38.6574655459893,38.64228604640944,0.3577139535905616
20260903,MEAS_R000077,MEAS_UNIT_000077,77,C026,S01,2,39.1,38.930017429272,38.6587168945795,38.6574655459893,38.65371458166453,0.4462854183354707
20260903,MEAS_R000084,MEAS_UNIT_000084,84,C016,S01,2,38.3,38.3708666838119,38.5796135724904,38.5266651360335,38.53125111245904,-0.2312511124590415
20260903,MEAS_R000086,MEAS_UNIT_000086,86,C016,S01,2,39.4,38.6993399851327,38.6703513182072,38.6804022399822,38.67477311145,0.7252268885499973
20260903,MEAS_R000089,MEAS_UNIT_000089,89,C022,S01,2,38.1,38.6233670321085,38.3913311224078,38.4846704310511,38.462301417948986,-0.3623014179489843
20260903,MEAS_R000094,MEAS_UNIT_000094,94,C022,S01,2,38.2,38.6083866358487,38.3833954863362,38.5533023722375,38.51755239491003,-0.3175523949100238
20260903,MEAS_R000102,MEAS_UNIT_000102,102,C022,S01,2,38.5,38.4912901990682,38.5716121342379,38.396733118271,38.42246378429282,0.0775362157071768
20260903,MEAS_R000106,MEAS_UNIT_000106,106,C014,S01,2,38.1,38.1480604214837,38.2681960516909,38.2210534152827,38.22210951685784,-0.1221095168578401
20260903,MEAS_R000108,MEAS_UNIT_000108,108,C014,S01,2,37.5,38.1564693364473,38.1781558111861,38.2210534152827,38.20572326663721,-0.7057232666372073
20260903,MEAS_R000112,MEAS_UNIT_000112,112,C014,S01,2,39.0,38.5880577429635,38.4212334396413,38.6128163284065,38.57360138700979,0.4263986129902122
20260903,MEAS_R000116,MEAS_UNIT_000116,116,C023,S01,2,38.3,38.6464834865278,39.049210642052,39.0028266263126,39.01006945933415,-0.7100694593341501
20260903,MEAS_R000122,MEAS_UNIT_000122,122,C023,S01,2,38.9,38.9499420194257,38.9739934065582,39.0436722386749,39.0301308844024,-0.1301308844024049
20260903,MEAS_R000123,MEAS_UNIT_000123,123,C023,S01,2,38.6,38.9706738651694,39.0843928588398,39.0436722386749,39.05022313166927,-0.4502231316692686
20260903,MEAS_R000130,MEAS_UNIT_000130,130,C011,S01,2,38.1,38.4883608803316,38.2441230087289,38.2471196250608,38.23927073536379,-0.1392707353637874
20260903,MEAS_R000135,MEAS_UNIT_000135,135,C011,S01,2,38.4,38.7428609666639,38.1858142358904,38.2929889541599,38.26655798300459,0.13344201699541
20260903,MEAS_R000139,MEAS_UNIT_000139,139,C004,S01,2,37.8,38.3014335189787,37.6702071857763,37.7915501478783,37.75848050417621,0.0415194958237847
20260903,MEAS_R000140,MEAS_UNIT_000140,140,C004,S01,2,37.6,38.2564278705109,37.5977048618942,37.5909982556648,37.57961221493724,0.0203877850627662
20260903,MEAS_R000146,MEAS_UNIT_000146,146,C004,S01,2,37.5,37.8739131414411,37.597736541318,37.5909982556648,37.57960734299731,-0.0796073429973134
20260903,MEAS_R000151,MEAS_UNIT_000151,151,C028,S01,2,40.3,40.3216522974528,40.3087478514422,40.2938974938646,40.305870362438846,-0.0058703624388485
20260903,MEAS_R000152,MEAS_UNIT_000152,152,C028,S01,2,40.2,40.1065266874124,40.2030993966357,40.1311241599865,40.15217323940871,0.0478267605912918
20260903,MEAS_R000157,MEAS_UNIT_000157,157,C028,S01,2,40.1,40.0714938802055,40.1132588736716,40.0698579410829,40.0852112125045,0.0147887874955046
20260903,MEAS_R000169,MEAS_UNIT_000169,169,C008,S01,2,38.1,38.1878014939983,38.1940101498975,38.1615154352132,38.15942623123254,-0.0594262312325355
20260903,MEAS_R000172,MEAS_UNIT_000172,172,C008,S01,2,38.2,38.1552482181343,38.1022138949751,38.2187810251709,38.19002533178589,0.009974668214113
20260903,MEAS_R000176,MEAS_UNIT_000176,176,C030,S01,2,40.1,39.1997634216456,40.362087465619,39.9272846208741,40.0126942126676,0.0873057873324043
20260903,MEAS_R000188,MEAS_UNIT_000188,188,C030,S01,2,40.1,39.1892835449808,40.3070779408718,39.9272846208741,40.00268270074507,0.0973172992549322
20260903,MEAS_R000189,MEAS_UNIT_000189,189,C030,S01,2,40.2,39.4418374886983,40.3443083137723,40.1485400397001,40.19224040441269,0.0077595955873093
20260903,MEAS_R000192,MEAS_UNIT_000192,192,C018,S01,2,38.8,38.8431190326689,38.8808109689416,38.8007850453815,38.81252486172786,-0.0125248617278614
20260903,MEAS_R000193,MEAS_UNIT_000193,193,C018,S01,2,38.8,38.8480529220694,38.8127690653247,38.8007850453815,38.800142007029386,-0.0001420070293889
20260903,MEAS_R000195,MEAS_UNIT_000195,195,C018,S01,2,38.8,38.7132046366785,38.730045801487,38.8007850453815,38.78508339450473,0.0149166054952658
20260903,MEAS_R000200,MEAS_UNIT_000200,200,C018,S01,2,38.8,38.4968581587684,38.7397275813005,38.7914576858541,38.77913420878281,0.0208657912171901
20260903,MEAS_R000207,MEAS_UNIT_000207,207,C025,S01,2,39.4,39.0535891780728,39.4223678880883,39.3481191272514,39.363231809135,0.036768190864997
20260903,MEAS_R000210,MEAS_UNIT_000210,210,C025,S01,2,39.4,38.7607570019479,39.4603995492991,39.4200795080624,39.429590242545935,-0.029590242545936
20260903,MEAS_R000212,MEAS_UNIT_000212,212,C010,S01,2,38.6,38.652859183561,38.5938557599589,38.6271420851683,38.61685309005748,-0.0168530900574808
20260903,MEAS_R000213,MEAS_UNIT_000213,213,C010,S01,2,38.7,38.6954106231538,38.6731988411749,38.6923799843032,38.68518582275208,0.0148141772479206
20260903,MEAS_R000214,MEAS_UNIT_000214,214,C010,S01,2,38.6,38.571540329082,38.5949231802725,38.6241399184203,38.61456505356298,-0.0145650535629826
20260903,MEAS_R000221,MEAS_UNIT_000221,221,C010,S01,2,38.6,38.6294319472965,38.5963507909321,38.6387461300873,38.626892402573056,-0.0268924025730541
20260903,MEAS_R000230,MEAS_UNIT_000230,230,C019,S01,2,39.5,39.494399194601,39.4987213528111,39.460576774942,39.47003891487168,0.0299610851283205
20260903,MEAS_R000234,MEAS_UNIT_000234,234,C019,S01,2,39.5,39.5341560293749,39.5463638476722,39.5290231250397,39.53525280208324,-0.0352528020832352
20260903,MEAS_R000237,MEAS_UNIT_000237,237,C019,S01,2,39.5,39.4532712247882,39.4964532417888,39.4805232660065,39.48610243160319,0.0138975683968141
20260903,MEAS_R000238,MEAS_UNIT_000238,238,C005,S01,2,37.8,37.9342779075242,37.8321904245497,37.8514722588506,37.83745030490542,-0.0374503049054197
20260903,MEAS_R000244,MEAS_UNIT_000244,244,C005,S01,2,38.2,38.2890434513142,38.2024135992825,38.1774607091242,38.17413049845899,0.0258695015410097
20260903,MEAS_R000248,MEAS_UNIT_000248,248,C005,S01,2,37.8,37.9193269788559,37.82481839731,37.8578267815557,37.84135760520646,-0.0413576052064641
20260903,MEAS_R000252,MEAS_UNIT_000252,252,C017,S01,2,40.1,39.9266289707184,39.881320099354,39.8192437991387,39.83596868015205,0.2640313198479518
20260903,MEAS_R000259,MEAS_UNIT_000259,259,C017,S01,2,39.6,39.3135766799643,39.3217023069419,39.3078196602339,39.31162818129387,0.2883718187061319
20260903,MEAS_R000265,MEAS_UNIT_000265,265,C017,S01,2,39.5,39.3475260017269,39.3222642107986,39.3460593259451,39.34332048287218,0.1566795171278201
20260903,MEAS_R000269,MEAS_UNIT_000269,269,C020,S01,2,38.6,38.7926630130013,38.9155705637026,38.9322554159285,38.92745467596239,-0.327454675962386
20260903,MEAS_R000270,MEAS_UNIT_000270,270,C020,S01,2,39.2,39.0457088950713,39.0097390090581,39.1428039301457,39.118529811249104,0.0814701887508988
20260903,MEAS_R000276,MEAS_UNIT_000276,276,C020,S01,2,39.5,39.1720634746287,39.419754060258,39.1745105211001,39.21934448190156,0.2806555180984418
20260903,MEAS_R000286,MEAS_UNIT_000286,286,C009,S01,2,39.4,39.9125265329835,39.5010128079982,39.6771739596955,39.64939458284472,-0.2493945828447152
20260903,MEAS_R000290,MEAS_UNIT_000290,290,C009,S01,2,38.7,40.0148809462162,39.8683397079182,39.8285674247384,39.84131090262875,-1.1413109026287458
20260903,MEAS_R000303,MEAS_UNIT_000303,303,C012,S01,2,39.4,39.5445454467395,39.552663654468,39.5707006656974,39.57082865962544,-0.1708286596254424
20260903,MEAS_R000304,MEAS_UNIT_000304,304,C012,S01,2,40.6,40.2565217877994,40.1259491858896,40.183771584308,40.181627876771046,0.4183721232289557
20260903,MEAS_R000305,MEAS_UNIT_000305,305,C012,S01,2,40.5,40.2595235691465,40.2608120129249,40.1995468833803,40.21920342629111,0.2807965737088906
20260903,MEAS_R000309,MEAS_UNIT_000309,309,C006,S01,2,39.3,38.9012133385158,38.8000592661403,38.9706162065494,38.93812487103914,0.3618751289608539
20260903,MEAS_R000311,MEAS_UNIT_000311,311,C006,S01,2,39.7,38.9071221564229,38.8254327105889,38.9705605119693,38.94269675733005,0.7573032426699484
20260903,MEAS_R000315,MEAS_UNIT_000315,315,C006,S01,2,38.5,38.579206451354,38.8300093303616,38.6720387615715,38.696917121676336,-0.1969171216763356
20260903,MEAS_R000322,MEAS_UNIT_000322,322,C015,S01,2,39.7,38.3903137564385,38.4357923175184,38.4423942423872,38.43546286504105,1.2645371349589496
20260903,MEAS_R000328,MEAS_UNIT_000328,328,C015,S01,2,38.0,38.3988579829685,38.4405915206743,38.4560043192915,38.44757955123645,-0.4475795512364442
20260903,MEAS_R000334,MEAS_UNIT_000334,334,C015,S01,2,38.5,38.6427664333343,38.7202637495055,38.6260983705264,38.63899569082654,-0.1389956908265404
20260903,MEAS_R000335,MEAS_UNIT_000335,335,C015,S01,2,38.4,38.6290753115943,38.992976114122,38.6751836061221,38.729174842504605,-0.3291748425046066
20260903,MEAS_R000340,MEAS_UNIT_000340,340,C007,S01,2,39.8,39.775290806277,39.8547907208081,39.7713065561289,39.79153628268916,0.008463717310839
20260903,MEAS_R000352,MEAS_UNIT_000352,352,C007,S01,2,39.2,39.2555033677137,38.99805358222,39.3582628664277,39.29439573706543,-0.094395737065426
20260903,MEAS_R000353,MEAS_UNIT_000353,353,C007,S01,2,39.4,39.6074685827561,39.6193598503653,39.6754121554411,39.66946876291495,-0.2694687629149541
20260903,MEAS_R000356,MEAS_UNIT_000356,356,C007,S01,2,40.2,39.2336725677628,39.0218455740039,39.3290613588594,39.27460221334706,0.925397786652944
20260903,MEAS_R000358,MEAS_UNIT_000358,358,C013,S01,2,38.7,38.5982143270351,38.6377177968739,38.6806641070208,38.66904762634003,0.0309523736599715
20260903,MEAS_R000360,MEAS_UNIT_000360,360,C013,S01,2,38.6,38.6614343795712,38.6447316412102,38.7009933363477,38.68711944733998,-0.0871194473399796
20260903,MEAS_R000372,MEAS_UNIT_000372,372,C024,S01,2,38.2,38.465107408793,38.5010192213738,38.4903001969154,38.48690987575532,-0.2869098757553132
20260903,MEAS_R000374,MEAS_UNIT_000374,374,C024,S01,2,38.7,39.0075975907431,38.9811500516723,38.9993305964256,38.994805101726925,-0.2948051017269222
20260903,MEAS_R000377,MEAS_UNIT_000377,377,C024,S01,2,40.4,40.1079464603613,40.0652527116974,39.9824420776438,40.00426288868668,0.3957371113133234
20260903,MEAS_R000380,MEAS_UNIT_000380,380,C024,S01,2,41.2,40.1163808472085,39.892800806301,39.9996829834056,39.98712088515267,1.2128791148473326
20260903,MEAS_R000385,MEAS_UNIT_000385,385,C001,S01,2,38.3,38.457932117908,38.2762522593517,38.350117449937,38.33020175341913,-0.030201753419135
20260903,MEAS_R000392,MEAS_UNIT_000392,392,C003,S01,2,38.5,38.5669945760741,38.585218152293,38.556544517428,38.55695936436724,-0.0569593643672377
20260903,MEAS_R000401,MEAS_UNIT_000401,401,C004,S01,2,37.6,37.7836336288841,37.7441529052817,37.6507809824341,37.655636674527024,-0.0556366745270224
20260903,MEAS_R000404,MEAS_UNIT_000404,404,C005,S01,2,37.9,37.9082587801025,37.8741534208755,37.9057882642994,37.8899559250486,0.0100440749514021
20260903,MEAS_R000411,MEAS_UNIT_000411,411,C008,S01,2,38.2,38.1997578100204,38.1733309961503,38.2085676393592,38.194532125432616,0.0054678745673868
20260903,MEAS_R000413,MEAS_UNIT_000413,413,C008,S01,2,38.1,38.1354290862138,38.153588069361,38.1615154352132,38.15206833313124,-0.0520683331312383
20260903,MEAS_R000415,MEAS_UNIT_000415,415,C009,S01,2,39.7,39.9500337664421,39.5707584477137,39.7750693473459,39.742958291022624,-0.0429582910226216
20260903,MEAS_R000420,MEAS_UNIT_000420,420,C009,S01,2,39.6,39.9070010270251,39.6005491972229,39.6889674777619,39.67725153572819,-0.0772515357281875
20260903,MEAS_R000430,MEAS_UNIT_000430,430,C011,S01,2,38.1,38.6478894515925,38.1324545131096,38.1543166387907,38.14228967839948,-0.0422896783994772
20260903,MEAS_R000435,MEAS_UNIT_000435,435,C012,S01,2,39.5,39.5686762463242,39.5763521015498,39.5589857303947,39.56546291095555,-0.0654629109555529
20260903,MEAS_R000436,MEAS_UNIT_000436,436,C012,S01,2,40.2,40.1939632596822,40.0878449185925,40.1218315818666,40.12352400005635,0.0764759999436535
20260903,MEAS_R000437,MEAS_UNIT_000437,437,C012,S01,2,40.3,40.230069682068,40.0910700642593,40.1478462913393,40.14560223155072,0.1543977684492787
20260903,MEAS_R000448,MEAS_UNIT_000448,448,C014,S01,2,38.3,39.0742396023844,38.3466671592879,38.3237244828649,38.32123099458997,-0.0212309945899704
20260903,MEAS_R000451,MEAS_UNIT_000451,451,C016,S01,2,38.7,38.9868332861232,38.7145429541379,38.6516630731016,38.65908266595222,0.0409173340477835
20260903,MEAS_R000467,MEAS_UNIT_000467,467,C019,S01,2,39.5,39.6525714996681,39.6026689611501,39.6228739979929,39.62303160935687,-0.1230316093568646
20260903,MEAS_R000476,MEAS_UNIT_000476,476,C021,S01,2,38.3,38.3507507462807,38.2400989249112,38.3010741940722,38.28310545647026,0.0168945435297374
20260903,MEAS_R000477,MEAS_UNIT_000477,477,C021,S01,2,38.2,38.4678091598665,38.2037274628839,38.2272774191285,38.21552726378018,-0.0155272637801786
20260903,MEAS_R000480,MEAS_UNIT_000480,480,C022,S01,2,38.4,38.4153687097865,38.5357783552955,38.4100844548892,38.42696955712047,-0.0269695571204664
20260903,MEAS_R000481,MEAS_UNIT_000481,481,C022,S01,2,38.4,38.9710471258228,38.5895147628448,38.396733118271,38.42573523723519,-0.0257352372351888
20260903,MEAS_R000489,MEAS_UNIT_000489,489,C025,S01,2,39.4,39.2314152494339,39.339651748475,39.4034006820044,39.39385028080604,0.0061497191939636
20260903,MEAS_R000493,MEAS_UNIT_000493,493,C025,S01,2,39.4,39.5342926100466,39.5111450458284,39.3776172939978,39.40376969376244,-0.0037696937624431
20260903,MEAS_R000498,MEAS_UNIT_000498,498,C026,S01,2,38.7,38.9766303108991,38.610705610072,38.657791598076,38.64524761761693,0.0547523823830715
20260903,MEAS_R000499,MEAS_UNIT_000499,499,C026,S01,2,38.7,38.6283686726665,38.6129550745802,38.6646131508946,38.65128247582481,0.0487175241751955
20260903,MEAS_R000504,MEAS_UNIT_000504,504,C027,S01,2,39.0,39.0702939997663,39.1406672848065,38.9909955426569,39.01695205685993,-0.0169520568599281
20260903,MEAS_R000511,MEAS_UNIT_000511,511,C028,S01,2,40.2,40.1094489321098,40.2047275561447,40.1409973594494,40.16062570202484,0.039374297975165
20260903,MEAS_R000514,MEAS_UNIT_000514,514,C029,S01,2,38.4,38.4892463833493,38.2667967406073,38.4264495695139,38.391538391409526,0.0084616085904727
20260903,MEAS_R000515,MEAS_UNIT_000515,515,C029,S01,2,38.3,38.3298986601023,38.3332323252351,38.3162924056216,38.31262577621865,-0.0126257762186554
20260903,MEAS_R000519,MEAS_UNIT_000519,519,C030,S01,2,40.2,40.0842506625689,40.2035785793973,40.1585729675979,40.17493479024818,0.0250652097518226
20260903,MEAS_R000007,MEAS_UNIT_000007,7,C021,S01,3,38.3,38.2507529290991,38.2965518561474,38.2180995672993,38.198896004762354,0.1011039952376435
20260903,MEAS_R000008,MEAS_UNIT_000008,8,C021,S01,3,38.2,38.1353519667769,38.2854082157857,38.2108154028706,38.19872650058207,0.0012734994179339
20260903,MEAS_R000014,MEAS_UNIT_000014,14,C003,S01,3,38.5,38.3131677804039,38.4437634019136,38.5065430839263,38.51648519801218,-0.0164851980121838
20260903,MEAS_R000016,MEAS_UNIT_000016,16,C003,S01,3,38.5,38.3488377130731,38.4562257149418,38.5206269462309,38.52957208517211,-0.0295720851721128
20260903,MEAS_R000022,MEAS_UNIT_000022,22,C002,S01,3,38.2,38.8756725845099,39.1321504644116,39.1052682659343,39.12668163969541,-0.9266816396954098
20260903,MEAS_R000024,MEAS_UNIT_000024,24,C002,S01,3,39.1,39.0979780118328,39.1076240361106,39.212341312406,39.23582078496086,-0.1358207849608561
20260903,MEAS_R000033,MEAS_UNIT_000033,33,C002,S01,3,39.6,39.3845473524535,39.2373263346476,39.1705058225281,39.16224619353821,0.4377538064617923
20260903,MEAS_R000035,MEAS_UNIT_000035,35,C029,S01,3,38.1,38.5625467437109,38.4196333044243,38.422475473799,38.405396987776165,-0.3053969877761631
20260903,MEAS_R000038,MEAS_UNIT_000038,38,C029,S01,3,38.2,38.108973926196,38.3711255935868,38.3265065406727,38.32803055444301,-0.1280305544430078
20260903,MEAS_R000049,MEAS_UNIT_000049,49,C001,S01,3,39.2,38.2202353429079,38.1830019785792,38.4223848096978,38.44048650053167,0.7595134994683335
20260903,MEAS_R000053,MEAS_UNIT_000053,53,C001,S01,3,38.2,38.0417946619366,38.1476444016214,38.1813950327228,38.17867445658355,0.0213255434164523
20260903,MEAS_R000056,MEAS_UNIT_000056,56,C001,S01,3,38.1,38.1302086388033,38.2023407689404,38.1886753824542,38.17825164593397,-0.0782516459339675
20260903,MEAS_R000061,MEAS_UNIT_000061,61,C027,S01,3,38.9,38.8460161545678,38.8027024070894,38.9338541228349,38.95053915138119,-0.0505391513811872
20260903,MEAS_R000070,MEAS_UNIT_000070,70,C027,S01,3,39.1,39.1279166370327,39.0057814460095,38.9833800325374,38.97771104985947,0.1222889501405291
20260903,MEAS_R000073,MEAS_UNIT_000073,73,C026,S01,3,38.3,38.3923472358914,38.6968830135224,38.6596193545333,38.67255598606206,-0.3725559860620606
20260903,MEAS_R000083,MEAS_UNIT_000083,83,C016,S01,3,38.1,38.3857313630428,38.5910277038824,38.5543748513709,38.55843806382964,-0.4584380638296395
20260903,MEAS_R000087,MEAS_UNIT_000087,87,C016,S01,3,38.6,39.2236452244305,38.9415967191984,38.9024334174616,38.8824102210488,-0.2824102210487922
20260903,MEAS_R000090,MEAS_UNIT_000090,90,C022,S01,3,38.3,38.7676714887076,38.3136919759154,38.3525421361519,38.31777963133626,-0.0177796313362605
20260903,MEAS_R000093,MEAS_UNIT_000093,93,C022,S01,3,38.7,38.2500920984561,38.2806559491861,38.4656350697297,38.48268016594932,0.2173198340506843
20260903,MEAS_R000100,MEAS_UNIT_000100,100,C022,S01,3,38.2,38.6524895099569,38.5803851581019,38.4695266961429,38.44459143431168,-0.2445914343116726
20260903,MEAS_R000105,MEAS_UNIT_000105,105,C014,S01,3,38.0,38.4526585993974,38.4811124687156,38.3484942034928,38.32472031694071,-0.3247203169407058
20260903,MEAS_R000107,MEAS_UNIT_000107,107,C014,S01,3,38.2,38.1006095391068,38.2402349612801,38.1324149318122,38.11384647976385,0.0861535202361523
20260903,MEAS_R000114,MEAS_UNIT_000114,114,C014,S01,3,38.8,38.6682044329613,38.3773428694257,38.3570340908538,38.32598217164228,0.4740178283577165
20260903,MEAS_R000119,MEAS_UNIT_000119,119,C023,S01,3,39.2,38.8653318988644,38.9242650942808,38.894309153796,38.89751259218019,0.302487407819811
20260903,MEAS_R000126,MEAS_UNIT_000126,126,C023,S01,3,39.1,39.2943280528844,39.0360543671303,39.2152041089335,39.23011069601368,-0.1301106960136735
20260903,MEAS_R000129,MEAS_UNIT_000129,129,C023,S01,3,39.3,39.1861192095318,39.0924605724311,39.0933484654179,39.094887855940414,0.2051121440595835
20260903,MEAS_R000131,MEAS_UNIT_000131,131,C011,S01,3,38.0,38.0815268959373,38.1422407254215,38.1550853866214,38.146299787043056,-0.1462997870430555
20260903,MEAS_R000138,MEAS_UNIT_000138,138,C011,S01,3,38.1,38.0516974728711,38.3933856500989,38.4054959344725,38.420844301288085,-0.3208443012880835
20260903,MEAS_R000147,MEAS_UNIT_000147,147,C004,S01,3,37.5,37.5297863765769,37.6141946481584,37.6203495558199,37.59985862126633,-0.0998586212663283
20260903,MEAS_R000148,MEAS_UNIT_000148,148,C004,S01,3,37.7,37.9542221429997,37.7167843605205,37.8313159833104,37.80762694715466,-0.1076269471546567
20260903,MEAS_R000153,MEAS_UNIT_000153,153,C028,S01,3,40.2,40.1064062497325,40.1416369305676,40.1356071054631,40.16903434317023,0.0309656568297782
20260903,MEAS_R000159,MEAS_UNIT_000159,159,C028,S01,3,40.1,40.0609889390229,40.0925788381854,40.0458421811831,40.07207571584792,0.0279242841520783
20260903,MEAS_R000174,MEAS_UNIT_000174,174,C008,S01,3,38.3,38.1464223845511,38.4151086729009,38.2771184855411,38.26676204759332,0.0332379524066794
20260903,MEAS_R000175,MEAS_UNIT_000175,175,C008,S01,3,38.2,38.1875323589871,38.1651827316705,38.2095805047076,38.20039877435566,-0.0003987743556592
20260903,MEAS_R000179,MEAS_UNIT_000179,179,C030,S01,3,40.3,40.2131551796442,40.2019181063513,40.1898975199807,40.22083247218517,0.0791675278148247
20260903,MEAS_R000185,MEAS_UNIT_000185,185,C030,S01,3,40.2,40.2819760437771,40.1744194760281,40.0584977895407,40.06765221866941,0.1323477813305942
20260903,MEAS_R000196,MEAS_UNIT_000196,196,C018,S01,3,38.8,38.5601806525848,38.7341217032315,38.7839489897194,38.80164221765865,-0.0016422176586559
20260903,MEAS_R000198,MEAS_UNIT_000198,198,C018,S01,3,38.8,38.9433448292721,38.7639803774461,38.7676718450473,38.75635061539474,0.0436493846052528
20260903,MEAS_R000201,MEAS_UNIT_000201,201,C018,S01,3,38.8,38.8278678378241,38.7220097600131,38.7959394877892,38.79848069288006,0.0015193071199348
20260903,MEAS_R000203,MEAS_UNIT_000203,203,C025,S01,3,39.5,39.0945328631264,39.3514336978167,39.3955782417654,39.43226955789712,0.067730442102885
20260903,MEAS_R000208,MEAS_UNIT_000208,208,C025,S01,3,39.4,39.309629250947,39.4200068273922,39.3691240222923,39.38425430371758,0.0157456962824156
20260903,MEAS_R000209,MEAS_UNIT_000209,209,C025,S01,3,39.5,39.215715148704,39.4766301110826,39.4065649163838,39.43012708720047,0.0698729127995321
20260903,MEAS_R000227,MEAS_UNIT_000227,227,C019,S01,3,39.4,39.3776011113543,39.3872702571872,39.3448853108632,39.35387553932433,0.0461244606756707
20260903,MEAS_R000229,MEAS_UNIT_000229,229,C019,S01,3,39.4,39.3941345676281,39.3825016564667,39.3977249252795,39.4134359693217,-0.0134359693217049
20260903,MEAS_R000231,MEAS_UNIT_000231,231,C019,S01,3,39.6,39.5351441918652,39.4182032902388,39.4876489109742,39.50504225568026,0.0949577443197426
20260903,MEAS_R000240,MEAS_UNIT_000240,240,C005,S01,3,37.9,37.8987043631608,37.8877563105599,37.9840440624282,37.97655538897055,-0.0765553889705543
20260903,MEAS_R000243,MEAS_UNIT_000243,243,C005,S01,3,37.8,37.8821802731295,37.7775841813648,37.818041552606,37.793885455406986,0.0061145445930108
20260903,MEAS_R000250,MEAS_UNIT_000250,250,C005,S01,3,37.8,38.0283698184872,37.8368416706118,37.8523747286632,37.82035073485833,-0.0203507348583329
20260903,MEAS_R000251,MEAS_UNIT_000251,251,C005,S01,3,37.8,37.9586381085153,37.8285404290192,37.9130860954129,37.89474353643929,-0.0947435364392959
20260903,MEAS_R000256,MEAS_UNIT_000256,256,C017,S01,3,39.0,39.3775532418252,39.3719021437179,39.3732200870265,39.38709012232125,-0.3870901223212541
20260903,MEAS_R000263,MEAS_UNIT_000263,263,C017,S01,3,39.4,39.254066372463,39.3637077801176,39.3128153911189,39.32658464495883,0.0734153550411704
20260903,MEAS_R000267,MEAS_UNIT_000267,267,C017,S01,3,39.4,39.5053032438918,39.3866995889214,39.3226956294747,39.32019068740244,0.0798093125975611
20260903,MEAS_R000272,MEAS_UNIT_000272,272,C020,S01,3,39.1,39.1549727667269,39.231031351718,39.1695083821995,39.17647115000765,-0.0764711500076487
20260903,MEAS_R000280,MEAS_UNIT_000280,280,C020,S01,3,39.5,39.6368878934187,39.5669829453672,39.5952745917506,39.61333554561248,-0.1133355456124789
20260903,MEAS_R000282,MEAS_UNIT_000282,282,C020,S01,3,39.5,39.6304171518991,39.5781597351342,39.6003899763659,39.61900071652375,-0.1190007165237503
20260903,MEAS_R000287,MEAS_UNIT_000287,287,C009,S01,3,39.5,39.4007431340518,39.4536353795035,39.4408272058918,39.45841548899688,0.0415845110031156
20260903,MEAS_R000289,MEAS_UNIT_000289,289,C009,S01,3,40.5,40.2611988887727,40.2210694843579,40.4499564156579,40.51384640537788,-0.0138464053778761
20260903,MEAS_R000293,MEAS_UNIT_000293,293,C012,S01,3,40.3,40.3068813362283,40.4092171030158,40.3458853109998,40.38175522124894,-0.0817552212489403
20260903,MEAS_R000294,MEAS_UNIT_000294,294,C012,S01,3,39.1,38.9918088728983,39.2585716968522,39.0715716694475,39.0737394965044,0.0262605034956067
20260903,MEAS_R000295,MEAS_UNIT_000295,295,C012,S01,3,39.0,39.0085303407518,39.292536275848,39.0773227627351,39.077381598054906,-0.0773815980549059
20260903,MEAS_R000306,MEAS_UNIT_000306,306,C006,S01,3,39.8,39.5068683292744,39.6530247539245,39.6203880038144,39.64589336748456,0.1541066325154432
20260903,MEAS_R000314,MEAS_UNIT_000314,314,C006,S01,3,39.4,39.5183498358666,39.4593250836855,39.6033930063426,39.63619011663706,-0.2361901166370614
20260903,MEAS_R000318,MEAS_UNIT_000318,318,C006,S01,3,39.6,39.6820698199617,39.6139682153949,39.6104342730167,39.62516331031982,-0.0251633103198187
20260903,MEAS_R000320,MEAS_UNIT_000320,320,C015,S01,3,38.9,39.0130250211331,39.0089093028151,38.996978707493,39.00060155515803,-0.100601555158029
20260903,MEAS_R000323,MEAS_UNIT_000323,323,C015,S01,3,38.2,38.2728599641734,38.3759014447838,38.2760134201422,38.259343689720936,-0.0593436897209329
20260903,MEAS_R000324,MEAS_UNIT_000324,324,C015,S01,3,38.5,38.6556638037753,38.7008262235389,38.6821582130514,38.68086726600009,-0.1808672660000922
20260903,MEAS_R000330,MEAS_UNIT_000330,330,C015,S01,3,38.5,38.6074364506974,38.6600462599163,38.5231644094014,38.50453085018687,-0.0045308501868674
20260903,MEAS_R000339,MEAS_UNIT_000339,339,C007,S01,3,38.4,39.1228948133533,39.1787346032203,39.1043439569776,39.106927846501264,-0.7069278465012658
20260903,MEAS_R000343,MEAS_UNIT_000343,343,C007,S01,3,39.3,39.1835913909479,39.2237193754417,39.1064543932198,39.10293580391197,0.1970641960880286
20260903,MEAS_R000349,MEAS_UNIT_000349,349,C007,S01,3,39.6,39.5896863132843,39.5454000570171,39.5207747688549,39.53245343465923,0.0675465653407698
20260903,MEAS_R000354,MEAS_UNIT_000354,354,C007,S01,3,40.6,40.4825679850876,40.1266761440079,40.4727109077675,40.53046468973383,0.0695353102661684
20260903,MEAS_R000363,MEAS_UNIT_000363,363,C013,S01,3,38.5,38.7241720022873,38.8068042079523,38.7066731049397,38.698670808847766,-0.1986708088477655
20260903,MEAS_R000365,MEAS_UNIT_000365,365,C013,S01,3,39.1,39.1043677684962,39.1817210982436,39.1519430706184,39.16237483412831,-0.0623748341283061
20260903,MEAS_R000376,MEAS_UNIT_000376,376,C024,S01,3,38.9,38.9345965496372,38.8782655006656,38.9733640432302,38.98580926469252,-0.0858092646925214
20260903,MEAS_R000378,MEAS_UNIT_000378,378,C024,S01,3,38.4,38.4716712223833,38.6289258639581,38.4502615847279,38.43178537082653,-0.0317853708265332
20260903,MEAS_R000383,MEAS_UNIT_000383,383,C024,S01,3,40.2,40.5908653332336,40.4640010521918,40.577635337567,40.62505079964096,-0.4250507996409567
20260903,MEAS_R000384,MEAS_UNIT_000384,384,C001,S01,3,38.2,38.1158707740483,38.207666859333,38.175238111336,38.16354609161848,0.0364539083815245
20260903,MEAS_R000387,MEAS_UNIT_000387,387,C001,S01,3,38.2,38.455191864937,38.2244723092865,38.1873125818561,38.15422937949836,0.0457706205016421
20260903,MEAS_R000393,MEAS_UNIT_000393,393,C003,S01,3,38.6,38.3257707695064,38.5317320293529,38.6392141909189,38.6625210240742,-0.0625210240741935
20260903,MEAS_R000395,MEAS_UNIT_000395,395,C003,S01,3,38.5,38.4859213723756,38.5058909131316,38.512621804019,38.50876787670392,-0.0087678767039136
20260903,MEAS_R000397,MEAS_UNIT_000397,397,C004,S01,3,37.6,37.7265611738945,37.7558040016579,37.744386011046,37.721074258123366,-0.1210742581233645
20260903,MEAS_R000407,MEAS_UNIT_000407,407,C006,S01,3,39.6,39.4072536596072,39.6651570064143,39.6046462992247,39.63376739677864,-0.0337673967786358
20260903,MEAS_R000414,MEAS_UNIT_000414,414,C008,S01,3,38.2,38.1088657635533,38.1759693113755,38.1915200361684,38.18432472255378,0.0156752774462205
20260903,MEAS_R000421,MEAS_UNIT_000421,421,C009,S01,3,39.5,39.5331170036579,39.4737853777433,39.4308837656176,39.43729980612364,0.0627001938763598
20260903,MEAS_R000423,MEAS_UNIT_000423,423,C010,S01,3,38.7,38.7514349795181,38.7787626354499,38.7526971498708,38.7509982191721,-0.0509982191720936
20260903,MEAS_R000424,MEAS_UNIT_000424,424,C010,S01,3,38.6,38.6698291663137,38.6130051182427,38.6447451893128,38.64193182270258,-0.0419318227025797
20260903,MEAS_R000425,MEAS_UNIT_000425,425,C010,S01,3,38.8,38.7570197931652,38.709171667805,38.7610040982763,38.76388738986788,0.0361126101321147
20260903,MEAS_R000426,MEAS_UNIT_000426,426,C010,S01,3,38.7,38.8030698265403,38.7224047590889,38.7526971498708,38.750665237073456,-0.0506652370734528
20260903,MEAS_R000429,MEAS_UNIT_000429,429,C011,S01,3,38.4,38.5314823538679,38.3372915304033,38.4032643365721,38.3899264247137,0.0100735752862988
20260903,MEAS_R000431,MEAS_UNIT_000431,431,C011,S01,3,38.2,38.0434236999458,38.250591699541,38.2303010862557,38.2288927734836,-0.0288927734835908
20260903,MEAS_R000438,MEAS_UNIT_000438,438,C012,S01,3,40.4,40.3238994565655,40.434008770805,40.3672224408582,40.40368533018277,-0.003685330182769
20260903,MEAS_R000441,MEAS_UNIT_000441,441,C013,S01,3,38.7,38.7293097711561,38.8138196508034,38.6954960301842,38.68518228882046,0.0148177111795462
20260903,MEAS_R000443,MEAS_UNIT_000443,443,C013,S01,3,39.1,39.2834462970903,39.1213019235588,39.14310643283,39.14382234847043,-0.043822348470428
20260903,MEAS_R000447,MEAS_UNIT_000447,447,C014,S01,3,38.3,38.3596406768551,38.1830132606626,38.3412396029679,38.33863034488192,-0.0386303448819234
20260903,MEAS_R000449,MEAS_UNIT_000449,449,C014,S01,3,38.3,38.2133389528551,38.2160532315357,38.3582817630021,38.36589486243727,-0.0658948624372683
20260903,MEAS_R000452,MEAS_UNIT_000452,452,C016,S01,3,38.7,39.2965203351559,38.7552769411985,38.7624220110972,38.72770792750389,-0.02770792750389
20260903,MEAS_R000457,MEAS_UNIT_000457,457,C016,S01,3,38.6,38.3678941136657,38.5677424378054,38.5617591516029,38.56930277188376,0.0306972281162458
20260903,MEAS_R000459,MEAS_UNIT_000459,459,C017,S01,3,39.4,39.4284470328238,39.402119842631,39.383379104091,39.39373567726283,0.0062643227371665
20260903,MEAS_R000470,MEAS_UNIT_000470,470,C020,S01,3,39.6,39.5182873210245,39.5812823207136,39.5915533385776,39.61607185509336,-0.016071855093358
20260903,MEAS_R000471,MEAS_UNIT_000471,471,C021,S01,3,38.3,38.9383378101194,38.1993932240578,38.2918622921403,38.24344397557077,0.0565560244292271
20260903,MEAS_R000472,MEAS_UNIT_000472,472,C021,S01,3,38.3,38.9354974829796,38.3823435321303,38.3331957579951,38.280976547953344,0.0190234520466532
20260903,MEAS_R000484,MEAS_UNIT_000484,484,C023,S01,3,39.1,38.9948288661013,39.0261749203255,39.2331541669169,39.27075869174831,-0.1707586917483041
20260903,MEAS_R000485,MEAS_UNIT_000485,485,C024,S01,3,39.0,38.9860644848376,38.9222758675986,38.9779343549536,38.985284988854914,0.0147150111450855
20260903,MEAS_R000495,MEAS_UNIT_000495,495,C026,S01,3,38.7,38.7455625872842,38.8431398393074,38.7304186698019,38.72244312422856,-0.0224431242285518
20260903,MEAS_R000502,MEAS_UNIT_000502,502,C026,S01,3,38.7,38.6914019261935,38.9488723532325,38.684442543315,38.667731425723616,0.0322685742763866
20260903,MEAS_R000505,MEAS_UNIT_000505,505,C027,S01,3,39.0,39.1692491220567,38.9702046338259,38.968462010103,38.95988084057312,0.0401191594268794
20260903,MEAS_R000512,MEAS_UNIT_000512,512,C028,S01,3,40.2,40.147181870221,40.1775265274976,40.1366245980652,40.16558863999806,0.0344113600019397
20260903,MEAS_R000513,MEAS_UNIT_000513,513,C029,S01,3,38.3,38.2461669219482,38.3707229581918,38.3385113929677,38.33279274289284,-0.0327927428928447
20260903,MEAS_R000520,MEAS_UNIT_000520,520,C030,S01,3,40.3,40.2807011141615,40.2020531325184,40.182803136741,40.20829720577986,0.09170279422014
20260903,MEAS_R000002,MEAS_UNIT_000002,2,C021,S01,4,38.3,38.1985303994755,38.2106362377844,38.2383779602371,38.203166793753695,0.0968332062463019
20260903,MEAS_R000009,MEAS_UNIT_000009,9,C021,S01,4,38.0,38.2476807347875,38.2796592855488,38.2753975058478,38.236700002759655,-0.2367000027596546
20260903,MEAS_R000012,MEAS_UNIT_000012,12,C003,S01,4,38.7,38.6170284593513,38.5351456381329,38.4922904917327,38.4503869246409,0.2496130753591003
20260903,MEAS_R000015,MEAS_UNIT_000015,15,C003,S01,4,38.4,38.4816995614719,38.4755656625347,38.4922904917327,38.46317312376966,-0.0631731237696584
20260903,MEAS_R000031,MEAS_UNIT_000031,31,C002,S01,4,40.0,39.1846056388626,39.2946797234888,39.276999176369,39.272714699178415,0.7272853008215847
20260903,MEAS_R000034,MEAS_UNIT_000034,34,C002,S01,4,39.2,39.3625486104791,39.2577830225496,39.2070280891173,39.187205389031874,0.0127946109681289
20260903,MEAS_R000037,MEAS_UNIT_000037,37,C029,S01,4,38.0,38.267025641126,38.3035508683285,38.3362165313574,38.306016222403294,-0.3060162224032936
20260903,MEAS_R000042,MEAS_UNIT_000042,42,C029,S01,4,38.5,38.192708672601,38.3069235447181,38.3362165313574,38.30817154172078,0.1918284582792182
20260903,MEAS_R000048,MEAS_UNIT_000048,48,C001,S01,4,38.9,38.1184017925932,38.2025575850826,38.6683222339626,38.724658775220846,0.175341224779153
20260903,MEAS_R000050,MEAS_UNIT_000050,50,C001,S01,4,38.3,38.0982355939176,38.1577423201393,38.1740287767115,38.13635428526384,0.1636457147361554
20260903,MEAS_R000058,MEAS_UNIT_000058,58,C001,S01,4,38.3,38.0100837384234,38.2306030141982,38.2830328771657,38.26085083510176,0.0391491648982409
20260903,MEAS_R000065,MEAS_UNIT_000065,65,C027,S01,4,38.6,38.6633501792518,38.9552206702569,38.69805397727,38.639828522375325,-0.0398285223753234
20260903,MEAS_R000071,MEAS_UNIT_000071,71,C027,S01,4,39.1,38.8738020987627,38.8411695744197,38.9911048234043,39.00060449024023,0.0993955097597734
20260903,MEAS_R000075,MEAS_UNIT_000075,75,C026,S01,4,38.6,38.3279403011891,38.6078852077114,38.6026487227452,38.58358700946568,0.0164129905343273
20260903,MEAS_R000082,MEAS_UNIT_000082,82,C016,S01,4,38.0,38.6670063814697,38.6680734944893,38.4969974810877,38.43637511071828,-0.4363751107182807
20260903,MEAS_R000085,MEAS_UNIT_000085,85,C016,S01,4,38.7,38.4387877503587,38.5776691281628,38.4969974810877,38.45657981188326,0.2434201881167439
20260903,MEAS_R000096,MEAS_UNIT_000096,96,C022,S01,4,39.0,38.1565532708167,38.2488751181305,38.3335850792687,38.31410031593112,0.6858996840688789
20260903,MEAS_R000097,MEAS_UNIT_000097,97,C022,S01,4,39.5,38.2792477318665,38.2890187108341,38.3335850792687,38.30437851358793,1.1956214864120724
20260903,MEAS_R000099,MEAS_UNIT_000099,99,C022,S01,4,38.3,38.5498977020961,38.3246000167886,38.3505154953483,38.31045723635026,-0.0104572363502626
20260903,MEAS_R000110,MEAS_UNIT_000110,110,C014,S01,4,38.0,38.144039831663,38.1577669057197,38.0985502817502,38.04387748371204,-0.0438774837120377
20260903,MEAS_R000113,MEAS_UNIT_000113,113,C014,S01,4,39.2,38.6155930082835,38.4638850969199,38.6171394343655,38.61034504676001,0.5896549532399931
20260903,MEAS_R000118,MEAS_UNIT_000118,118,C023,S01,4,39.4,38.8797951226918,38.9302519225722,38.6637400466166,38.59428459053349,0.805715409466508
20260903,MEAS_R000120,MEAS_UNIT_000120,120,C023,S01,4,39.0,38.812732498219,38.8589224280527,38.9136674150363,38.90713258353824,0.0928674164617646
20260903,MEAS_R000127,MEAS_UNIT_000127,127,C023,S01,4,39.9,39.3671964161771,39.0815388493015,39.0026540522656,38.96476994403506,0.9352300559649364
20260903,MEAS_R000133,MEAS_UNIT_000133,133,C011,S01,4,38.1,38.081125273533,38.1024562100854,38.1004201072792,38.055795787312825,0.0442042126871768
20260903,MEAS_R000136,MEAS_UNIT_000136,136,C011,S01,4,39.1,38.2758128199845,38.2221814372502,38.2238773011832,38.18143928098592,0.9185607190140814
20260903,MEAS_R000143,MEAS_UNIT_000143,143,C004,S01,4,37.6,37.59734876374,37.6403991623048,37.6645716017231,37.61039057308735,-0.0103905730873492
20260903,MEAS_R000149,MEAS_UNIT_000149,149,C004,S01,4,37.7,38.1377896635509,37.6576027765736,37.695460782626,37.62627621940749,0.0737237805925161
20260903,MEAS_R000158,MEAS_UNIT_000158,158,C028,S01,4,40.3,40.2954269882806,40.2062174212679,40.2183296848246,40.244017455991134,0.055982544008863
20260903,MEAS_R000160,MEAS_UNIT_000160,160,C028,S01,4,40.1,40.1265031876914,40.1586886244882,40.0651139456608,40.07190982543907,0.0280901745609298
20260903,MEAS_R000161,MEAS_UNIT_000161,161,C028,S01,4,40.2,40.2324585504006,40.1142427121352,40.2168143824676,40.25680598387625,-0.0568059838762451
20260903,MEAS_R000166,MEAS_UNIT_000166,166,C008,S01,4,38.1,38.2210458246069,38.175451350756,38.1538732352258,38.105389082111984,-0.0053890821119821
20260903,MEAS_R000177,MEAS_UNIT_000177,177,C030,S01,4,40.2,39.8313339555943,40.2423231260159,40.080110106789,40.08905283079967,0.1109471692003296
20260903,MEAS_R000184,MEAS_UNIT_000184,184,C030,S01,4,40.2,39.8831643398947,40.2069640812236,40.080110106789,40.09200007531091,0.1079999246890963
20260903,MEAS_R000187,MEAS_UNIT_000187,187,C030,S01,4,40.2,40.0627287667905,40.2443633589251,40.1057979755042,40.11157532959735,0.0884246704026523
20260903,MEAS_R000191,MEAS_UNIT_000191,191,C018,S01,4,38.8,38.8075305445319,38.8262214671834,38.7994333367341,38.77420372130454,0.0257962786954593
20260903,MEAS_R000194,MEAS_UNIT_000194,194,C018,S01,4,38.8,38.7212989413991,38.751662001556,38.7755812289327,38.75857094971322,0.04142905028678
20260903,MEAS_R000202,MEAS_UNIT_000202,202,C025,S01,4,39.4,39.2004662062626,39.3971549266519,39.3864865444028,39.39014702360505,0.0098529763949457
20260903,MEAS_R000211,MEAS_UNIT_000211,211,C010,S01,4,38.7,38.7361833867085,38.7064790362397,38.7316819197715,38.71129215612515,-0.011292156125144
20260903,MEAS_R000216,MEAS_UNIT_000216,216,C010,S01,4,38.6,38.6169177706794,38.5883068708909,38.6086471717719,38.58329894558052,0.0167010544194781
20260903,MEAS_R000222,MEAS_UNIT_000222,222,C010,S01,4,38.6,38.6024959311273,38.6226291413963,38.6204611134218,38.59339989345345,0.0066001065465499
20260903,MEAS_R000225,MEAS_UNIT_000225,225,C019,S01,4,39.5,39.4810905147888,39.595669097064,39.4991849370788,39.48919701806804,0.0108029819319597
20260903,MEAS_R000228,MEAS_UNIT_000228,228,C019,S01,4,39.5,39.4966091778192,39.5219928207176,39.4895609393194,39.48700013241723,0.0129998675827707
20260903,MEAS_R000246,MEAS_UNIT_000246,246,C005,S01,4,37.8,37.8675536816169,37.8140897922973,37.8633932896879,37.81683309037978,-0.0168330903797837
20260903,MEAS_R000247,MEAS_UNIT_000247,247,C005,S01,4,38.2,38.2181300417869,38.2367422509758,38.2449199267034,38.206834035636994,-0.0068340356369915
20260903,MEAS_R000253,MEAS_UNIT_000253,253,C017,S01,4,38.9,39.013852965373,39.1125153386666,39.1003552275735,39.09062056424969,-0.1906205642496914
20260903,MEAS_R000261,MEAS_UNIT_000261,261,C017,S01,4,39.9,39.949269379708,39.9552215298738,39.9266037712896,39.93882297635368,-0.0388229763536855
20260903,MEAS_R000262,MEAS_UNIT_000262,262,C017,S01,4,39.3,39.4583681785845,39.4538178814982,39.4263895747674,39.42148655170498,-0.121486551704983
20260903,MEAS_R000273,MEAS_UNIT_000273,273,C020,S01,4,39.1,39.1702078475631,39.1081250047456,39.1647014596606,39.16318445574588,-0.0631844557458762
20260903,MEAS_R000275,MEAS_UNIT_000275,275,C020,S01,4,40.2,40.184045060038,40.2613436196633,40.1926874910991,40.209627079224205,-0.0096270792242023
20260903,MEAS_R000277,MEAS_UNIT_000277,277,C020,S01,4,39.6,39.5109655640901,39.5303193881633,39.5418986940205,39.54838005014636,0.0516199498536451
20260903,MEAS_R000284,MEAS_UNIT_000284,284,C009,S01,4,40.4,40.393793259981,40.3404288432654,40.4333241948298,40.48128783151133,-0.0812878315113323
20260903,MEAS_R000291,MEAS_UNIT_000291,291,C009,S01,4,40.8,40.4293992413549,40.3809506169489,40.4347511515649,40.476291492579605,0.3237085074203918
20260903,MEAS_R000300,MEAS_UNIT_000300,300,C012,S01,4,39.5,39.4754875805366,39.5153168182919,39.4655072550886,39.45968504956889,0.0403149504311102
20260903,MEAS_R000302,MEAS_UNIT_000302,302,C012,S01,4,40.0,39.6351067419988,39.6113309955934,39.63415834174,39.64416388384195,0.3558361161580521
20260903,MEAS_R000307,MEAS_UNIT_000307,307,C006,S01,4,38.5,39.4610190536555,39.3917568850462,39.4552915314246,39.46455495042767,-0.9645549504276688
20260903,MEAS_R000310,MEAS_UNIT_000310,310,C006,S01,4,38.5,38.6909580242231,38.772328443654,38.6913600979431,38.65546039441743,-0.1554603944174317
20260903,MEAS_R000319,MEAS_UNIT_000319,319,C006,S01,4,40.0,39.573457461224,39.6244924545952,39.5563164140381,39.55084442676755,0.4491555732324528
20260903,MEAS_R000327,MEAS_UNIT_000327,327,C015,S01,4,38.2,38.2577983896967,38.261700214289,38.2547493712354,38.21390887601662,-0.0139088760166146
20260903,MEAS_R000329,MEAS_UNIT_000329,329,C015,S01,4,39.2,39.7799307473311,39.6634505433886,39.7731366502806,39.79935919753845,-0.5993591975384476
20260903,MEAS_R000331,MEAS_UNIT_000331,331,C015,S01,4,39.0,39.7563956654732,39.6664831385439,39.7720523951178,39.79847159237628,-0.7984715923762806
20260903,MEAS_R000338,MEAS_UNIT_000338,338,C007,S01,4,40.1,39.3118627514043,39.288894303371,39.2628458481012,39.25198691171994,0.8480130882800623
20260903,MEAS_R000342,MEAS_UNIT_000342,342,C007,S01,4,40.0,39.6926176900134,39.6713504863975,39.7069615506976,39.72169561181447,0.278304388185532
20260903,MEAS_R000344,MEAS_UNIT_000344,344,C007,S01,4,39.9,39.6486202728779,39.6661266131714,39.7092053057607,39.72664632964888,0.1733536703511191
20260903,MEAS_R000345,MEAS_UNIT_000345,345,C007,S01,4,39.7,38.7495868657874,38.8437201232594,38.7574168838041,38.72329783137304,0.9767021686269644
20260903,MEAS_R000359,MEAS_UNIT_000359,359,C013,S01,4,38.6,38.6990055369938,38.7784562333759,38.7506730872697,38.725755490487245,-0.1257554904872435
20260903,MEAS_R000362,MEAS_UNIT_000362,362,C013,S01,4,39.2,39.0955998506758,39.1094404106034,39.1147460331139,39.105488529740605,0.0945114702593983
20260903,MEAS_R000371,MEAS_UNIT_000371,371,C024,S01,4,38.3,38.4492269195433,38.4748799656161,38.457102076594,38.42204445822075,-0.1220444582207562
20260903,MEAS_R000379,MEAS_UNIT_000379,379,C024,S01,4,39.2,38.8733229667427,38.8834846339421,38.8811087466232,38.86249704278711,0.337502957212898
20260903,MEAS_R000382,MEAS_UNIT_000382,382,C024,S01,4,40.5,40.4775028702658,40.3711556338118,40.5041436427713,40.55946091447577,-0.0594609144757711
20260903,MEAS_R000394,MEAS_UNIT_000394,394,C003,S01,4,38.5,38.4718664634569,38.4951173834274,38.4922904917327,38.46088225221125,0.0391177477887509
20260903,MEAS_R000398,MEAS_UNIT_000398,398,C004,S01,4,37.7,37.995395591172,37.7008550517009,37.7414583624992,37.68081957084046,0.0191804291595403
20260903,MEAS_R000402,MEAS_UNIT_000402,402,C005,S01,4,37.8,37.8714037903863,37.7935602601071,37.8371163159432,37.78783238792323,0.0121676120767659
20260903,MEAS_R000406,MEAS_UNIT_000406,406,C006,S01,4,39.5,39.5598980179734,39.6373129871482,39.5536293605235,39.54635720345751,-0.0463572034575108
20260903,MEAS_R000408,MEAS_UNIT_000408,408,C006,S01,4,39.4,39.4872728400614,39.4473232059896,39.4544506259291,39.45512839944323,-0.0551283994432338
20260903,MEAS_R000410,MEAS_UNIT_000410,410,C008,S01,4,38.2,38.1613967206157,38.1936447751518,38.228589358361,38.19497795511334,0.0050220448866653
20260903,MEAS_R000412,MEAS_UNIT_000412,412,C008,S01,4,38.1,38.2427474734506,38.1880035985209,38.1538732352258,38.102934446705206,-0.0029344467052041
20260903,MEAS_R000416,MEAS_UNIT_000416,416,C009,S01,4,40.4,40.3969705335343,40.3638599305678,40.4353752621398,40.48048613731967,-0.0804861373196743
20260903,MEAS_R000418,MEAS_UNIT_000418,418,C009,S01,4,40.5,40.4389198529909,40.4073963749191,40.4347511515649,40.47239136054745,0.027608639452552
20260903,MEAS_R000427,MEAS_UNIT_000427,427,C011,S01,4,38.3,39.1893054247203,38.1839354310608,38.3037164689577,38.25062796753777,0.0493720324622302
20260903,MEAS_R000433,MEAS_UNIT_000433,433,C011,S01,4,38.1,38.2653752655434,38.0692628927981,38.1004201072792,38.05380034479799,0.0461996552020167
20260903,MEAS_R000440,MEAS_UNIT_000440,440,C013,S01,4,39.1,39.135367289686,39.1767928674478,39.1157466733394,39.09621515439424,0.0037848456057574
20260903,MEAS_R000450,MEAS_UNIT_000450,450,C016,S01,4,38.6,38.6393128983425,38.6601570518967,38.7123494473101,38.69766664992746,-0.0976666499274614
20260903,MEAS_R000456,MEAS_UNIT_000456,456,C016,S01,4,38.8,38.8239644371562,38.799012862171,38.844601374691,38.831670724045054,-0.0316707240450568
20260903,MEAS_R000463,MEAS_UNIT_000463,463,C018,S01,4,38.8,38.765783562405,38.7579262514339,38.7755812289327,38.756163988973306,0.0438360110266913
20260903,MEAS_R000466,MEAS_UNIT_000466,466,C019,S01,4,39.5,39.501212227401,39.5753814975112,39.5005330218254,39.492848658737785,0.0071513412622152
20260903,MEAS_R000473,MEAS_UNIT_000473,473,C021,S01,4,38.3,38.8214315895439,38.2491844923888,38.3241194886144,38.279312425177366,0.0206875748226309
20260903,MEAS_R000475,MEAS_UNIT_000475,475,C021,S01,4,38.2,38.3371819160691,38.1946565581724,38.2383779602371,38.20045183722284,-0.0004518372228403
20260903,MEAS_R000488,MEAS_UNIT_000488,488,C025,S01,4,39.4,39.2910038787573,39.4044253215817,39.3864865444028,39.38598698375559,0.0140130162444052
20260903,MEAS_R000490,MEAS_UNIT_000490,490,C025,S01,4,39.3,39.320768680124,39.4297263139312,39.2331886460043,39.196982494362594,0.1030175056374034
20260903,MEAS_R000497,MEAS_UNIT_000497,497,C026,S01,4,38.7,38.645983472852,38.6760517661345,38.6907759224381,38.66931794823015,0.0306820517698511
20260903,MEAS_R000517,MEAS_UNIT_000517,517,C029,S01,4,38.3,38.4232196737665,38.3400993564331,38.3362165313574,38.29560262885794,0.0043973711420548
20260903,MEAS_R000001,MEAS_UNIT_000001,1,C021,S01,5,38.3,38.2087660569286,38.2626864294367,38.33475431827,38.313528554822696,-0.0135285548226988
20260903,MEAS_R000017,MEAS_UNIT_000017,17,C003,S01,5,38.3,38.5267035822759,38.4954478587073,38.5075601500531,38.49375846830409,-0.1937584683040896
20260903,MEAS_R000020,MEAS_UNIT_000020,20,C003,S01,5,38.6,38.6650292470573,38.8589552329215,38.823289416481,38.81877661878364,-0.2187766187836359
20260903,MEAS_R000026,MEAS_UNIT_000026,26,C002,S01,5,39.3,38.8349250573965,39.0178020321511,38.9393828127088,38.939830234334615,0.3601697656653826
20260903,MEAS_R000028,MEAS_UNIT_000028,28,C002,S01,5,38.8,38.9617737594574,38.9164049226406,38.9480898805798,38.94406058757711,-0.1440605875771083
20260903,MEAS_R000041,MEAS_UNIT_000041,41,C029,S01,5,38.5,38.1357203922894,38.2109043424415,38.2887477087413,38.2660520028105,0.233947997189496
20260903,MEAS_R000045,MEAS_UNIT_000045,45,C029,S01,5,38.4,38.7278589055955,38.6183980633395,38.6480884176146,38.637083884872645,-0.2370838848726464
20260903,MEAS_R000047,MEAS_UNIT_000047,47,C001,S01,5,38.0,38.3595848686181,38.2377777876967,38.409155693552,38.385409682264594,-0.3854096822645942
20260903,MEAS_R000060,MEAS_UNIT_000060,60,C001,S01,5,38.1,38.1180092153677,38.2285882866559,38.2485175116558,38.22758512016284,-0.1275851201628342
20260903,MEAS_R000062,MEAS_UNIT_000062,62,C027,S01,5,41.5,38.7184546618389,38.7452368346628,39.0612024919,39.0456750183319,2.454324981668101
20260903,MEAS_R000066,MEAS_UNIT_000066,66,C027,S01,5,38.5,38.5070285011148,38.6189171493845,38.6155767291593,38.60469514039716,-0.1046951403971618
20260903,MEAS_R000078,MEAS_UNIT_000078,78,C026,S01,5,38.9,38.7820179566065,38.7690554768443,38.6718908944537,38.66740365120939,0.2325963487906079
20260903,MEAS_R000080,MEAS_UNIT_000080,80,C016,S01,5,38.9,38.536866596495,38.6493275147203,38.6786783329575,38.6677152241172,0.2322847758828032
20260903,MEAS_R000092,MEAS_UNIT_000092,92,C022,S01,5,38.1,38.5624253096859,38.4528454159106,38.7223088431307,38.70128940672373,-0.6012894067237227
20260903,MEAS_R000098,MEAS_UNIT_000098,98,C022,S01,5,38.0,38.5759911115575,38.888097746715,38.7352956290194,38.734037829948136,-0.7340378299481358
20260903,MEAS_R000103,MEAS_UNIT_000103,103,C014,S01,5,38.5,38.1133560597954,38.7475552163404,38.4057956818026,38.40481175390599,0.0951882460940112
20260903,MEAS_R000115,MEAS_UNIT_000115,115,C014,S01,5,38.4,38.5995369150391,38.697059201007,38.582124120012,38.57597676179018,-0.1759767617901815
20260903,MEAS_R000121,MEAS_UNIT_000121,121,C023,S01,5,38.8,38.7285750980145,38.9039837270306,38.9197731631865,38.91512600864852,-0.1151260086485237
20260903,MEAS_R000124,MEAS_UNIT_000124,124,C023,S01,5,39.1,38.6082207150326,38.9011364170968,38.9244208562425,38.91913710434464,0.1808628956553661
20260903,MEAS_R000134,MEAS_UNIT_000134,134,C011,S01,5,38.1,38.0785841333688,38.1384513173984,38.1019070641027,38.08036369112066,0.0196363088793418
20260903,MEAS_R000145,MEAS_UNIT_000145,145,C004,S01,5,37.6,37.688076980963,37.6106467514503,37.6960474403711,37.65908845390853,-0.0590884539085294
20260903,MEAS_R000156,MEAS_UNIT_000156,156,C028,S01,5,40.3,40.1663699498139,40.2233276380688,40.2103355943754,40.23881093130448,0.0611890686955192
20260903,MEAS_R000162,MEAS_UNIT_000162,162,C028,S01,5,40.3,40.2465844826824,40.1962744547802,40.2611538789335,40.28737176282005,0.0126282371799533
20260903,MEAS_R000163,MEAS_UNIT_000163,163,C028,S01,5,40.3,40.2881593550414,40.2008371012845,40.2810454270902,40.30711032000168,-0.0071103200016793
20260903,MEAS_R000165,MEAS_UNIT_000165,165,C008,S01,5,38.2,38.001241282369,38.153291804463,38.2352925859784,38.21084608710807,-0.0108460871080637
20260903,MEAS_R000167,MEAS_UNIT_000167,167,C008,S01,5,38.1,37.9730809900858,38.116750733981,38.146430842173,38.12243332009764,-0.0224333200976403
20260903,MEAS_R000168,MEAS_UNIT_000168,168,C008,S01,5,38.1,38.3351800149374,38.1474630531533,38.1446257274269,38.123258647792845,-0.0232586477928435
20260903,MEAS_R000181,MEAS_UNIT_000181,181,C030,S01,5,40.3,39.979445744974,40.270402491161,40.1869049193088,40.21752952181606,0.0824704781839358
20260903,MEAS_R000186,MEAS_UNIT_000186,186,C030,S01,5,40.2,39.720805332425,40.268320328111,40.0768150754144,40.10926102357371,0.0907389764262944
20260903,MEAS_R000197,MEAS_UNIT_000197,197,C018,S01,5,38.8,38.3454515040222,38.8337544650491,38.7942895450361,38.788308143308754,0.0116918566912431
20260903,MEAS_R000206,MEAS_UNIT_000206,206,C025,S01,5,39.4,38.8461640777001,39.3880403339464,39.3650021677477,39.371888734831295,0.0281112651687038
20260903,MEAS_R000217,MEAS_UNIT_000217,217,C010,S01,5,38.7,38.7091435285609,38.6196720852429,38.672237880327,38.66062743685136,0.039372563148639
20260903,MEAS_R000223,MEAS_UNIT_000223,223,C010,S01,5,38.7,38.7183578388865,38.6670324295423,38.7106348189016,38.700274612096656,-0.0002746120966534
20260903,MEAS_R000224,MEAS_UNIT_000224,224,C010,S01,5,38.7,38.8516194961472,38.7848459176101,38.815066409945,38.80795013131461,-0.1079501313146096
20260903,MEAS_R000232,MEAS_UNIT_000232,232,C019,S01,5,39.5,39.5061020605412,39.4827396264173,39.5087619328247,39.51854763624794,-0.0185476362479377
20260903,MEAS_R000235,MEAS_UNIT_000235,235,C019,S01,5,39.5,39.4817447928867,39.4271059037021,39.4669547217812,39.47514554228916,0.0248544577108376
20260903,MEAS_R000241,MEAS_UNIT_000241,241,C005,S01,5,37.8,37.8166521420737,37.7843007574735,37.7876252398509,37.756787894907966,0.0432121050920315
20260903,MEAS_R000245,MEAS_UNIT_000245,245,C005,S01,5,38.0,37.9987580907301,38.0662417963934,38.0071132731341,37.98435769686238,0.0156423031376178
20260903,MEAS_R000254,MEAS_UNIT_000254,254,C017,S01,5,39.4,39.2104552129559,39.1781160449235,39.2095582123139,39.21184438988704,0.1881556101129575
20260903,MEAS_R000255,MEAS_UNIT_000255,255,C017,S01,5,39.2,38.8968615824508,39.0505617974604,38.9952720425808,38.99603034070693,0.2039696592930724
20260903,MEAS_R000258,MEAS_UNIT_000258,258,C017,S01,5,39.1,39.4416356138553,39.4386073391388,39.4314811353285,39.44095916340478,-0.3409591634047757
20260903,MEAS_R000268,MEAS_UNIT_000268,268,C020,S01,5,39.6,39.5466974463342,39.5585635822523,39.5627543338326,39.57481237123374,0.0251876287662611
20260903,MEAS_R000279,MEAS_UNIT_000279,279,C020,S01,5,40.4,40.1449985460024,40.1211286299958,40.0660885892464,40.093396778529005,0.3066032214709935
20260903,MEAS_R000283,MEAS_UNIT_000283,283,C020,S01,5,40.2,40.1751314670354,40.1280416273689,40.0882226071907,40.11539294035239,0.0846070596476167
20260903,MEAS_R000292,MEAS_UNIT_000292,292,C009,S01,5,40.6,40.4920468432218,40.5084144651055,40.4442094384366,40.48101588373726,0.1189841162627445
20260903,MEAS_R000299,MEAS_UNIT_000299,299,C012,S01,5,39.5,39.9498450064914,39.8891229791495,39.9247920311781,39.94431988739476,-0.4443198873947622
20260903,MEAS_R000301,MEAS_UNIT_000301,301,C012,S01,5,39.8,39.9362652838733,39.8505711290387,39.9236825264784,39.94141897254793,-0.1414189725479318
20260903,MEAS_R000312,MEAS_UNIT_000312,312,C006,S01,5,38.4,38.6127996014085,38.847345788202,38.678784138398,38.67718234637401,-0.2771823463740119
20260903,MEAS_R000316,MEAS_UNIT_000316,316,C006,S01,5,39.4,39.6525190096671,39.6648588653183,39.6218613355814,39.63767787043486,-0.2376778704348581
20260903,MEAS_R000326,MEAS_UNIT_000326,326,C015,S01,5,38.2,38.2234070551043,38.2821214385939,38.2656396827182,38.24708498234929,-0.0470849823492898
20260903,MEAS_R000332,MEAS_UNIT_000332,332,C015,S01,5,39.7,39.0370488453265,38.9533278303772,39.0172702210719,39.01345419662032,0.686545803379687
20260903,MEAS_R000333,MEAS_UNIT_000333,333,C015,S01,5,40.0,39.0190028866776,38.9288979235506,39.0318734544093,39.02650884347306,0.97349115652694
20260903,MEAS_R000341,MEAS_UNIT_000341,341,C007,S01,5,38.5,39.1288895332927,39.1400177527577,39.1922330701356,39.19293445579401,-0.6929344557940098
20260903,MEAS_R000348,MEAS_UNIT_000348,348,C007,S01,5,39.7,39.5132483283966,39.5365859527985,39.5274371470204,39.53925836686244,0.1607416331375617
20260903,MEAS_R000355,MEAS_UNIT_000355,355,C007,S01,5,38.3,39.7500627388702,39.7613868444175,39.7411650367974,39.75875783004512,-1.4587578300451227
20260903,MEAS_R000357,MEAS_UNIT_000357,357,C013,S01,5,39.3,38.9857330537901,39.0471617067776,39.0810910702824,39.079833621357245,0.2201663786427516
20260903,MEAS_R000361,MEAS_UNIT_000361,361,C013,S01,5,39.3,38.8530738635079,38.9409369308865,39.0170061632012,39.01203118201752,0.2879688179824811
20260903,MEAS_R000367,MEAS_UNIT_000367,367,C024,S01,5,38.0,38.4205675276589,38.4897418054521,38.4382885601358,38.425613567841694,-0.4256135678416939
20260903,MEAS_R000368,MEAS_UNIT_000368,368,C024,S01,5,38.0,38.3909740760772,38.4700241764463,38.4387594845132,38.425069044456976,-0.4250690444569756
20260903,MEAS_R000381,MEAS_UNIT_000381,381,C024,S01,5,38.5,38.4876859453933,38.5362431248811,38.4836996383242,38.47224714554269,0.0277528544573115
20260903,MEAS_R000388,MEAS_UNIT_000388,388,C002,S01,5,39.0,39.0963322519549,39.0342148479399,38.9475515200644,38.94939580035464,0.0506041996453561
20260903,MEAS_R000390,MEAS_UNIT_000390,390,C002,S01,5,39.0,38.874561040821,38.9935009138611,38.9415415498914,38.94094413563449,0.0590558643655114
20260903,MEAS_R000396,MEAS_UNIT_000396,396,C003,S01,5,38.6,38.5958872110789,38.5135582274226,38.6077079343914,38.592458947676064,0.0075410523239369
20260903,MEAS_R000399,MEAS_UNIT_000399,399,C004,S01,5,37.7,37.6549626150409,37.6499676837423,37.7478720851312,37.7113203744827,-0.0113203744827004
20260903,MEAS_R000400,MEAS_UNIT_000400,400,C004,S01,5,37.5,37.7668974966705,37.5866008716992,37.5930266806595,37.557792192477386,-0.057792192477386
20260903,MEAS_R000403,MEAS_UNIT_000403,403,C005,S01,5,37.7,37.864249796858,37.806117794447,37.8018599734325,37.77182514374251,-0.0718251437425081
20260903,MEAS_R000417,MEAS_UNIT_000417,417,C009,S01,5,40.4,40.3825066798534,40.4133440381678,40.4324769555265,40.46484478250372,-0.0648447825037195
20260903,MEAS_R000434,MEAS_UNIT_000434,434,C011,S01,5,38.1,37.929283614572,38.1315894526175,38.099070455216,38.07679921369031,0.0232007863096939
20260903,MEAS_R000439,MEAS_UNIT_000439,439,C013,S01,5,39.0,38.877910140638,38.9539460275903,39.0141285463189,39.00990491053967,-0.0099049105396673
20260903,MEAS_R000445,MEAS_UNIT_000445,445,C013,S01,5,39.1,38.9722522544855,39.0694268850009,39.0802281857609,39.07997399499735,0.0200260050026486
20260903,MEAS_R000454,MEAS_UNIT_000454,454,C016,S01,5,38.7,38.5790452489669,38.6737983879535,38.7283823527288,38.71743924450711,-0.0174392445071021
20260903,MEAS_R000458,MEAS_UNIT_000458,458,C017,S01,5,39.0,38.8983226108654,39.0637380715245,38.9778260968411,38.97963223995268,0.0203677600473213
20260903,MEAS_R000460,MEAS_UNIT_000460,460,C018,S01,5,38.8,38.755011526046,38.8180993561704,38.7963626097068,38.790932997788175,0.0090670022118217
20260903,MEAS_R000462,MEAS_UNIT_000462,462,C018,S01,5,38.8,38.6691049095877,38.7858738007408,38.7736567353336,38.76703331026962,0.0329666897303795
20260903,MEAS_R000465,MEAS_UNIT_000465,465,C019,S01,5,39.4,39.3824183587437,39.3859560864324,39.4137026217812,39.42100933561809,-0.0210093356180891
20260903,MEAS_R000474,MEAS_UNIT_000474,474,C021,S01,5,38.2,38.1134815368776,38.2131513420789,38.2371330690005,38.215759949943205,-0.0157599499432024
20260903,MEAS_R000482,MEAS_UNIT_000482,482,C023,S01,5,38.9,38.6185921158353,38.8284488638138,38.9192320005526,38.910764445237206,-0.010764445237207
20260903,MEAS_R000486,MEAS_UNIT_000486,486,C025,S01,5,39.4,39.0352104431211,39.4611075432358,39.3713156402511,39.38202028827656,0.0179797117234343
20260903,MEAS_R000487,MEAS_UNIT_000487,487,C025,S01,5,39.4,39.463341946419,39.3932597590556,39.3665600798935,39.375644002333736,0.0243559976662623
20260903,MEAS_R000500,MEAS_UNIT_000500,500,C026,S01,5,38.6,38.7666833127337,38.6058576941461,38.5799035462051,38.570152620566375,0.029847379433626
20260903,MEAS_R000506,MEAS_UNIT_000506,506,C027,S01,5,38.6,38.5203222074215,38.7392075040052,38.612944579548,38.607710980259,-0.0077109802589987
20260903,MEAS_R000516,MEAS_UNIT_000516,516,C029,S01,5,38.3,38.2121769926713,38.2739604098012,38.2878779577647,38.268354891563874,0.0316451084361233
20260903,MEAS_R000518,MEAS_UNIT_000518,518,C030,S01,5,40.3,40.1951804356539,40.2873706338293,40.1860713870056,40.21819588645605,0.0818041135439529
