"Dataset","FoldMode","FoldID","Model","RowID","CowKey","ThermalRegime","Source","SourceType","EarStatus","Ear","Air","Time","Actual","Predicted","Residual","ChosenModel","InnerChoiceRMSE","eb_exact","eb_medium","eb_coarse","global_exact","global_medium","global_coarse","may_session","may_session_hour","tight_session","ridge","xgb_residual","direct_xgb","W_eb_exact","W_eb_medium","W_eb_coarse","W_global_exact","W_global_medium","W_global_coarse","W_may_session","W_may_session_hour","W_tight_session","W_ridge","W_xgb_residual","W_direct_xgb"
"all_measured_520_analysis_set","within_cow_random5",1,"StrictHierarchicalEBResidualXGB",5,"C021","stable_cool","S01","measurement_group_1","measurement_status_1",32.8,22,15,38.1,38.2559455600811,-0.155945560081065,"may_session_hour+eb_exact+direct_xgb",0.309635605012925,38.2743976180379,38.3525351574001,38.3720695422407,38.6463309713712,38.2416413629481,38.6463309713712,38.2736782420084,38.2643394131751,38.2548882388895,38.2125243543684,38.312019682425,38.2223701477051,0,0,0,0,0,0,0,0.8,0,0,0,0.2
"all_measured_520_analysis_set","within_cow_random5",1,"StrictHierarchicalEBResidualXGB",8,"C021","stable_cool","S01","measurement_group_1","measurement_status_1",29.2,10.9,23,38.2,38.2304210776965,-0.0304210776964879,"may_session_hour+eb_exact+direct_xgb",0.309635605012925,38.2743976180379,38.3273928357365,38.3406416401612,38.6463309713712,38.6463309713712,38.6463309713712,38.2736782420084,38.2086510800918,38.2548882388895,38.5943964480955,38.3243705631311,38.3175010681152,0,0,0,0,0,0,0,0.8,0,0,0,0.2
"all_measured_520_analysis_set","within_cow_random5",1,"StrictHierarchicalEBResidualXGB",10,"C003","stable_cool","S01","measurement_group_1","measurement_status_1",31.4,5.4,0,39,38.554635343319,0.445364656681036,"may_session_hour+eb_exact+direct_xgb",0.309635605012925,38.5441892847046,38.5634393587121,38.568251877214,38.6463309713712,38.6463309713712,38.6231654856856,38.5437956129004,38.5880285617781,38.5387432007215,38.5571721063768,38.543711299763,38.4210624694824,0,0,0,0,0,0,0,0.8,0,0,0,0.2
"all_measured_520_analysis_set","within_cow_random5",1,"StrictHierarchicalEBResidualXGB",17,"C003","stable_cool","S01","measurement_group_1","measurement_status_1",33.9,11.2,15,38.3,38.4939943336713,-0.19399433367127,"may_session_hour+eb_exact+direct_xgb",0.309635605012925,38.5318162849873,38.5586468480984,38.5673430066879,38.3613973450527,38.3941343999915,38.2692661942742,38.5437956129004,38.5043146639153,38.5387432007215,38.4749618098079,38.5165679879943,38.4527130126953,0,0,0,0,0,0,0,0.8,0,0,0,0.2
"all_measured_520_analysis_set","within_cow_random5",1,"StrictHierarchicalEBResidualXGB",18,"C003","stable_cool","S01","measurement_group_1","measurement_status_1",36.4,9.1,15,38.5,38.4912141823041,0.00878581769592301,"may_session_hour+eb_exact+direct_xgb",0.309635605012925,38.5318162849873,38.5586468480984,38.5673430066879,38.6463309713712,38.6463309713712,38.6463309713712,38.5437956129004,38.5043146639153,38.5387432007215,38.5446709451602,38.5151721589724,38.4388122558594,0,0,0,0,0,0,0,0.8,0,0,0,0.2
"all_measured_520_analysis_set","within_cow_random5",1,"StrictHierarchicalEBResidualXGB",29,"C002","stable_cool","S01","measurement_group_1","measurement_status_1",36.2,8.8,14,39,38.9461964700268,0.0538035299732371,"may_session_hour+eb_exact+direct_xgb",0.309635605012925,39.0035642847046,38.9251512208086,38.9055479548346,38.6463309713712,38.6463309713712,38.4731654856856,39.0037251903652,38.95194686622,39.0220638114086,39.0079642530204,38.9174882171739,38.9231948852539,0,0,0,0,0,0,0,0.8,0,0,0,0.2
"all_measured_520_analysis_set","within_cow_random5",1,"StrictHierarchicalEBResidualXGB",31,"C002","stable_cool","S01","measurement_group_1","measurement_status_1",33.7,9,19,40,38.9889947026717,1.01100529732832,"may_session_hour+eb_exact+direct_xgb",0.309635605012925,39.0035642847046,38.9660455847705,38.956665909787,38.6463309713712,38.6463309713712,38.6463309713712,39.0037251903652,38.9467135779246,39.0220638114086,39.1989345646,39.018329117688,39.1581192016602,0,0,0,0,0,0,0,0.8,0,0,0,0.2
"all_measured_520_analysis_set","within_cow_random5",1,"StrictHierarchicalEBResidualXGB",32,"C002","stable_cool","S01","measurement_group_1","measurement_status_1",32.6,6,21,39.7,38.9865944951521,0.713405504847856,"may_session_hour+eb_exact+direct_xgb",0.309635605012925,39.0035642847046,38.9363739198602,38.9195763286491,38.6463309713712,38.6463309713712,38.8731654856856,39.0037251903652,38.9467135779246,39.0220638114086,39.1088545251934,38.9887819221771,39.1461181640625,0,0,0,0,0,0,0,0.8,0,0,0,0.2
"all_measured_520_analysis_set","within_cow_random5",1,"StrictHierarchicalEBResidualXGB",38,"C029","stable_cool","S01","measurement_group_1","measurement_status_1",33.1,6.8,12,38.2,38.3020233801409,-0.102023380140899,"may_session_hour+eb_exact+direct_xgb",0.309635605012925,38.2624717848813,38.1422715022539,38.2208012143312,38.6463309713712,38.167567288874,38.5487769904571,38.3174810589098,38.3231135223563,38.3009187732406,38.2495178725201,38.0961903914189,38.2176628112793,0,0,0,0,0,0,0,0.8,0,0,0,0.2
"all_measured_520_analysis_set","within_cow_random5",1,"StrictHierarchicalEBResidualXGB",43,"C029","stable_cool","S01","measurement_group_1","measurement_status_1",33.2,9,19,38.5,38.4515922392224,0.048407760777593,"may_session_hour+eb_exact+direct_xgb",0.309635605012925,38.3181476180379,38.4177122514372,38.442603409787,38.6463309713712,38.6463309713712,38.4731654856856,38.3174810589098,38.4447355077682,38.3009187732406,38.3768084384459,38.4599501032059,38.4790191650391,0,0,0,0,0,0,0,0.8,0,0,0,0.2
"all_measured_520_analysis_set","within_cow_random5",1,"StrictHierarchicalEBResidualXGB",46,"C029","stable_cool","S01","measurement_group_1","measurement_status_1",32.2,5.5,23,38.9,38.3866795623786,0.513320437621367,"may_session_hour+eb_exact+direct_xgb",0.309635605012925,38.3181476180379,38.3623928357365,38.3734541401612,38.6463309713712,38.5379376592444,38.5731654856856,38.3174810589098,38.3927780494699,38.3009187732406,38.5072664970957,38.366306370076,38.3622856140137,0,0,0,0,0,0,0,0.8,0,0,0,0.2
"all_measured_520_analysis_set","within_cow_random5",1,"StrictHierarchicalEBResidualXGB",54,"C001","stable_cool","S01","measurement_group_1","measurement_status_1",31.8,8.8,14,38,38.1833653875618,-0.183365387561835,"may_session_hour+eb_exact+direct_xgb",0.309635605012925,38.2794249098813,38.3460804024951,38.3654519430308,38.6463309713712,38.6463309713712,38.6463309713712,38.2955796504591,38.1678072746134,38.2779035060651,38.2161745156378,38.3366911845521,38.2455978393555,0,0,0,0,0,0,0,0.8,0,0,0,0.2
"all_measured_520_analysis_set","within_cow_random5",1,"StrictHierarchicalEBResidualXGB",55,"C001","stable_cool","S01","measurement_group_1","measurement_status_1",32,9.1,15,38.4,38.1868512579232,0.213148742076832,"may_session_hour+eb_exact+direct_xgb",0.309635605012925,38.2619249098813,38.3430476724199,38.3688485304369,38.6463309713712,38.6463309713712,38.6463309713712,38.2955796504591,38.1678072746134,38.2779035060651,38.1729343485109,38.3292500018171,38.2630271911621,0,0,0,0,0,0,0,0.8,0,0,0,0.2
"all_measured_520_analysis_set","within_cow_random5",1,"StrictHierarchicalEBResidualXGB",57,"C001","stable_cool","S01","measurement_group_1","measurement_status_1",30.5,9,19,38.2,38.3828272553208,-0.182827255320788,"may_session_hour+eb_exact+direct_xgb",0.309635605012925,38.2962726180379,38.4002122514372,38.426197159787,38.6463309713712,38.9083080296148,38.8231654856856,38.2955796504591,38.3828528786603,38.2779035060651,38.3192530908301,38.4158669531767,38.3827247619629,0,0,0,0,0,0,0,0.8,0,0,0,0.2
"all_measured_520_analysis_set","within_cow_random5",1,"StrictHierarchicalEBResidualXGB",63,"C027","stable_cool","S01","measurement_group_1","measurement_status_1",31.5,5,11,38.7,40.0626015041228,-1.36260150412276,"may_session_hour+eb_exact+direct_xgb",0.309635605012925,39.3945563688071,39.24272069301,39.1329852866337,38.6463309713712,38.6463309713712,38.6463309713712,38.9486783495198,40.3341503558004,38.9657065229,38.8740777435901,39.2391567906692,38.9764060974121,0,0,0,0,0,0,0,0.8,0,0,0,0.2
"all_measured_520_analysis_set","within_cow_random5",1,"StrictHierarchicalEBResidualXGB",64,"C027","stable_cool","S01","measurement_group_1","measurement_status_1",31.9,6.9,12,38.5,38.6369187971031,-0.136918797103078,"may_session_hour+eb_exact+direct_xgb",0.309635605012925,38.8870563688071,38.8198530459512,38.8128382278102,38.6463309713712,38.5347622620644,38.5292661942742,38.9486783495198,38.5945703561201,38.9657065229,38.8744331609942,38.7718924479295,38.8063125610352,0,0,0,0,0,0,0,0.8,0,0,0,0.2
"all_measured_520_analysis_set","within_cow_random5",1,"StrictHierarchicalEBResidualXGB",66,"C027","stable_cool","S01","measurement_group_1","measurement_status_1",32.8,9.3,13,38.5,38.6356706281578,-0.135670628157769,"may_session_hour+eb_exact+direct_xgb",0.309635605012925,38.8870563688071,38.8116866761463,38.8026302655541,38.7886171089905,38.4792407829702,38.4115827428428,38.9486783495198,38.5945703561201,38.9657065229,38.8303519323007,38.7625767664628,38.8000717163086,0,0,0,0,0,0,0,0.8,0,0,0,0.2
"all_measured_520_analysis_set","within_cow_random5",1,"StrictHierarchicalEBResidualXGB",73,"C026","stable_cool","S01","measurement_group_1","measurement_status_1",28.6,5.4,0,38.3,38.6506070754701,-0.350607075470151,"may_session_hour+eb_exact+direct_xgb",0.309635605012925,38.7076422948473,38.6945279555986,38.6949189944744,38.6463309713712,38.6463309713712,38.6463309713712,38.7306694908153,38.6486651477435,38.736054652133,38.6942849297603,38.6794129115189,38.658374786377,0,0,0,0,0,0,0,0.8,0,0,0,0.2
"all_measured_520_analysis_set","within_cow_random5",1,"StrictHierarchicalEBResidualXGB",79,"C026","stable_cool","S01","measurement_group_1","measurement_status_1",30.7,5.5,23,38.6,38.7520269859456,-0.152026985945561,"may_session_hour+eb_exact+direct_xgb",0.309635605012925,38.7304755089058,38.6922551484309,38.6827000583121,38.6463309713712,38.2416413629481,38.3731654856856,38.7306694908153,38.7578065977274,38.736054652133,38.8718883675364,38.7028731710739,38.7289085388184,0,0,0,0,0,0,0,0.8,0,0,0,0.2
"all_measured_520_analysis_set","within_cow_random5",1,"StrictHierarchicalEBResidualXGB",80,"C016","stable_cool","S01","measurement_group_1","measurement_status_1",28.7,5.4,0,38.9,38.6644666748151,0.235533325184896,"may_session_hour+eb_exact+direct_xgb",0.309635605012925,38.6737217848813,38.6669857278986,38.6644058654102,38.6463309713712,38.6463309713712,38.6463309713712,38.6679035941211,38.6860883331429,38.6691630480498,38.6354230760424,38.6624591504743,38.5779800415039,0,0,0,0,0,0,0,0.8,0,0,0,0.2
"all_measured_520_analysis_set","within_cow_random5",1,"StrictHierarchicalEBResidualXGB",85,"C016","stable_cool","S01","measurement_group_1","measurement_status_1",33.2,9.1,15,38.7,38.3623354093121,0.337664590687908,"may_session_hour+eb_exact+direct_xgb",0.309635605012925,38.6681476180379,38.6675351574001,38.6673820422407,38.6463309713712,38.6463309713712,38.6463309713712,38.6679035941211,38.3130219151435,38.6691630480498,38.5866382456047,38.6582040549171,38.5595893859863,0,0,0,0,0,0,0,0.8,0,0,0,0.2
"all_measured_520_analysis_set","within_cow_random5",1,"StrictHierarchicalEBResidualXGB",89,"C022","stable_cool","S01","measurement_group_1","measurement_status_1",25.4,5.4,0,38.1,38.491809132989,-0.391809132988953,"may_session_hour+eb_exact+direct_xgb",0.309635605012925,38.4493976180379,38.4876060253788,38.497158127214,38.6463309713712,38.6463309713712,38.6463309713712,38.448889509614,38.526339594642,38.4390103762941,38.442257892875,38.4637171934206,38.353687286377,0,0,0,0,0,0,0,0.8,0,0,0,0.2
"all_measured_520_analysis_set","within_cow_random5",1,"StrictHierarchicalEBResidualXGB",93,"C022","stable_cool","S01","measurement_group_1","measurement_status_1",32.8,6.8,12,38.7,38.571684576934,0.128315423066041,"may_session_hour+eb_exact+direct_xgb",0.309635605012925,38.3882530348813,38.4208140050714,38.4387810556262,38.6463309713712,38.6463309713712,38.5487769904571,38.448889509614,38.6359685980595,38.4390103762941,38.344727216829,38.3877565836255,38.3145484924316,0,0,0,0,0,0,0,0.8,0,0,0,0.2
"all_measured_520_analysis_set","within_cow_random5",1,"StrictHierarchicalEBResidualXGB",94,"C022","stable_cool","S01","measurement_group_1","measurement_status_1",31.3,9.3,13,38.2,38.5754481572562,-0.375448157256223,"may_session_hour+eb_exact+direct_xgb",0.309635605012925,38.4932530348813,38.4951476352665,38.4885730933701,38.6463309713712,38.6463309713712,38.6463309713712,38.448889509614,38.6359685980595,38.4390103762941,38.3588851934304,38.4749993170056,38.333366394043,0,0,0,0,0,0,0,0.8,0,0,0,0.2
"all_measured_520_analysis_set","within_cow_random5",1,"StrictHierarchicalEBResidualXGB",103,"C014","stable_cool","S01","measurement_group_1","measurement_status_1",28.2,5.4,0,38.5,38.3754519388639,0.124548061136082,"may_session_hour+eb_exact+direct_xgb",0.309635605012925,38.2816892847046,38.3534393587121,38.371376877214,38.6463309713712,38.6463309713712,38.6463309713712,38.280978711492,38.4171975758626,38.2625599946147,38.2763471955257,38.3295505267539,38.2084693908691,0,0,0,0,0,0,0,0.8,0,0,0,0.2
"all_measured_520_analysis_set","within_cow_random5",1,"StrictHierarchicalEBResidualXGB",107,"C014","stable_cool","S01","measurement_group_1","measurement_status_1",32,6.9,12,38.2,38.0319542838995,0.168045716100508,"may_session_hour+eb_exact+direct_xgb",0.309635605012925,38.2498936598813,38.3097072342381,38.247709696474,38.6463309713712,38.167567288874,38.5292661942742,38.280978711492,38.0001918020179,38.2625599946147,38.2126242274449,38.2580526458069,38.1590042114258,0,0,0,0,0,0,0,0.8,0,0,0,0.2
"all_measured_520_analysis_set","within_cow_random5",1,"StrictHierarchicalEBResidualXGB",114,"C014","stable_cool","S01","measurement_group_1","measurement_status_1",31.5,5.4,22,38.8,38.3702989757833,0.429701024216655,"may_session_hour+eb_exact+direct_xgb",0.309635605012925,38.2816892847046,38.3504827344017,38.367681096826,38.6463309713712,38.6463309713712,38.4231654856856,38.280978711492,38.3822329268825,38.2625599946147,38.4709931738293,38.3515409667902,38.3225631713867,0,0,0,0,0,0,0,0.8,0,0,0,0.2
"all_measured_520_analysis_set","within_cow_random5",1,"StrictHierarchicalEBResidualXGB",122,"C023","stable_cool","S01","measurement_group_1","measurement_status_1",33,8,13,38.9,38.9541195152891,-0.0541195152890808,"may_session_hour+eb_exact+direct_xgb",0.309635605012925,38.9364368113818,38.8508013669295,38.8347948065278,38.6463309713712,38.6463309713712,38.9231654856856,38.9696291401747,38.9793238936231,38.9848870080773,38.858237344749,38.8050775263352,38.8533020019531,0,0,0,0,0,0,0,0.8,0,0,0,0.2
"all_measured_520_analysis_set","within_cow_random5",1,"StrictHierarchicalEBResidualXGB",123,"C023","stable_cool","S01","measurement_group_1","measurement_status_1",33.7,8.8,14,38.6,38.9729099510801,-0.372909951080089,"may_session_hour+eb_exact+direct_xgb",0.309635605012925,38.9700511269192,38.8983406945803,38.8804130864956,38.6463309713712,38.5379376592444,38.5821103237904,38.9696291401747,38.9793238936231,38.9848870080773,38.9383288278806,38.8794343769291,38.9472541809082,0,0,0,0,0,0,0,0.8,0,0,0,0.2
"all_measured_520_analysis_set","within_cow_random5",1,"StrictHierarchicalEBResidualXGB",127,"C023","stable_cool","S01","measurement_group_1","measurement_status_1",33.5,6,21,39.9,39.0400950059585,0.859904994041472,"may_session_hour+eb_exact+direct_xgb",0.309635605012925,38.9700511269192,38.9095633936319,38.8944414603101,38.6463309713712,38.6463309713712,38.6463309713712,38.9696291401747,39.0498717558002,38.9848870080773,39.0294698257183,38.9167225079816,39.0009880065918,0,0,0,0,0,0,0,0.8,0,0,0,0.2
"all_measured_520_analysis_set","within_cow_random5",1,"StrictHierarchicalEBResidualXGB",132,"C011","stable_cool","S01","measurement_group_1","measurement_status_1",30.8,18.3,13,37.9,38.1247084289653,-0.224708428965343,"may_session_hour+eb_exact+direct_xgb",0.309635605012925,38.2598142847045,38.30902314108,38.3213253551739,38.6463309713712,38.6463309713712,38.6463309713712,38.2590773030413,38.116164047254,38.2395447274391,38.1811448681682,38.2711104780077,38.1588859558105,0,0,0,0,0,0,0,0.8,0,0,0,0.2
"all_measured_520_analysis_set","within_cow_random5",1,"StrictHierarchicalEBResidualXGB",137,"C011","stable_cool","S01","measurement_group_1","measurement_status_1",30.6,10.9,23,38.2,38.4539874309561,-0.253987430956101,"may_session_hour+eb_exact+direct_xgb",0.309635605012925,38.2843467848812,38.335001704923,38.3437227116907,38.6463309713712,38.6463309713712,38.6463309713712,38.2590773030413,38.4938501410511,38.2395447274391,38.4887766536124,38.3331655356447,38.2945365905762,0,0,0,0,0,0,0,0.8,0,0,0,0.2
"all_measured_520_analysis_set","within_cow_random5",1,"StrictHierarchicalEBResidualXGB",141,"C004","stable_cool","S01","measurement_group_1","measurement_status_1",32.4,4.6,12,37.5,37.6230455030273,-0.123045503027328,"may_session_hour+eb_exact+direct_xgb",0.309635605012925,37.6395811598813,37.8214259842381,37.8716456389596,38.6463309713712,38.6463309713712,38.6463309713712,37.6677392748723,37.6005041138916,37.6181325136986,37.5845465165735,37.768665211831,37.7132110595703,0,0,0,0,0,0,0,0.8,0,0,0,0.2
"all_measured_520_analysis_set","within_cow_random5",1,"StrictHierarchicalEBResidualXGB",144,"C004","stable_cool","S01","measurement_group_1","measurement_status_1",31.2,8.8,12,37.5,37.6297303785156,-0.12973037851561,"may_session_hour+eb_exact+direct_xgb",0.309635605012925,37.6395811598813,37.8214259842381,37.8716456389596,38.6463309713712,38.6463309713712,38.6463309713712,37.6677392748723,37.6005041138916,37.6181325136986,37.6209181360242,37.8005144620284,37.7466354370117,0,0,0,0,0,0,0,0.8,0,0,0,0.2
"all_measured_520_analysis_set","within_cow_random5",1,"StrictHierarchicalEBResidualXGB",145,"C004","stable_cool","S01","measurement_group_1","measurement_status_1",32.9,5.5,10,37.6,37.7061051726651,-0.106105172665096,"may_session_hour+eb_exact+direct_xgb",0.309635605012925,37.6691892847046,37.9089448543964,37.9688837468193,38.6463309713712,38.6463309713712,38.6463309713712,37.6677392748723,37.6935216635853,37.6181325136986,37.5827003740579,37.8846048208652,37.7564392089844,0,0,0,0,0,0,0,0.8,0,0,0,0.2
"all_measured_520_analysis_set","within_cow_random5",1,"StrictHierarchicalEBResidualXGB",151,"C028","stable_hot","S01","measurement_group_1","measurement_status_1",34.5,29.7,23,40.3,40.2011702909654,0.0988297090345966,"may_session+tight_session+direct_xgb",0.364591901256588,40.1204573526293,40.0087477308336,39.9815177351333,39.1793921719987,39.1793921719987,39.1793921719987,40.064967215523,39.9524971195889,40.2796987324271,40.3748667504516,40.0864188265624,40.2232627868652,0,0,0,0,0,0,0.3,0,0.45,0,0,0.25
"all_measured_520_analysis_set","within_cow_random5",1,"StrictHierarchicalEBResidualXGB",162,"C028","stable_hot","S01","measurement_group_1","measurement_status_1",37.2,34.8,20,40.3,40.1949189558214,0.10508104417864,"may_session+tight_session+direct_xgb",0.364591901256588,40.1204573526293,39.9365255086113,39.8912399573556,39.1793921719987,39.1793921719987,39.3896960859994,40.064967215523,39.7337118631881,40.2796987324271,40.194725432014,40.0186538620283,40.1982574462891,0,0,0,0,0,0,0.3,0,0.45,0,0,0.25
"all_measured_520_analysis_set","within_cow_random5",1,"StrictHierarchicalEBResidualXGB",165,"C008","stable_cool","S01","measurement_group_1","measurement_status_1",31.2,4.6,14,38.2,38.2867429764881,-0.0867429764881393,"may_session_hour+eb_exact+direct_xgb",0.309635605012925,38.1941892847046,38.2776512208086,38.2985167048346,38.6463309713712,38.6463309713712,38.6463309713712,38.1933730776892,38.3196866551805,38.1704989259124,38.0470663823797,38.2696455412236,38.1549682617188,0,0,0,0,0,0,0,0.8,0,0,0,0.2
"all_measured_520_analysis_set","within_cow_random5",1,"StrictHierarchicalEBResidualXGB",167,"C008","stable_cool","S01","measurement_group_1","measurement_status_1",33.2,8.4,11,38.1,38.1411335090524,-0.0411335090523863,"may_session_hour+eb_exact+direct_xgb",0.309635605012925,38.1678162849873,38.2680855153088,38.2973913407008,38.6463309713712,38.6463309713712,38.6463309713712,38.1933730776892,38.1336341028072,38.1704989259124,38.1106211819777,38.2469028161798,38.1711311340332,0,0,0,0,0,0,0,0.8,0,0,0,0.2
"all_measured_520_analysis_set","within_cow_random5",1,"StrictHierarchicalEBResidualXGB",172,"C008","stable_cool","S01","measurement_group_1","measurement_status_1",35,9.6,16,38.2,38.2376221970588,-0.0376221970587594,"may_session_hour+eb_exact+direct_xgb",0.309635605012925,38.1952061598813,38.3021115415878,38.3286744606468,38.6463309713712,38.6463309713712,38.5231654856856,38.1933730776892,38.2448016797341,38.1704989259124,38.1043479383744,38.2911810266934,38.2089042663574,0,0,0,0,0,0,0,0.8,0,0,0,0.2
"all_measured_520_analysis_set","within_cow_random5",1,"StrictHierarchicalEBResidualXGB",180,"C030","stable_cool","S01","measurement_group_1","measurement_status_1",31,5.4,10,40.3,40.1833573846304,0.116642615369578,"may_session_hour+eb_exact+direct_xgb",0.309635605012925,40.1803162849873,39.9171815450947,39.8439176279333,38.6463309713712,38.6463309713712,38.6463309713712,40.1352979603183,40.1913568412617,40.2111859488131,40.1080228866562,40.0075319122236,40.1513595581055,0,0,0,0,0,0,0,0.8,0,0,0,0.2
"all_measured_520_analysis_set","within_cow_random5",1,"StrictHierarchicalEBResidualXGB",185,"C030","stable_cool","S01","measurement_group_1","measurement_status_1",32.8,8.5,18,40.2,39.9739625271857,0.226037472814269,"may_session_hour+eb_exact+direct_xgb",0.309635605012925,40.1337726180379,39.8400730751107,39.7666481893789,38.6463309713712,38.6463309713712,38.6463309713712,40.1352979603183,39.9418031345681,40.2111859488131,40.2033557752861,39.9441793746899,40.1026000976562,0,0,0,0,0,0,0,0.8,0,0,0,0.2
"all_measured_520_analysis_set","within_cow_random5",1,"StrictHierarchicalEBResidualXGB",187,"C030","stable_cool","S01","measurement_group_1","measurement_status_1",32.2,7.9,21,40.2,40.0827374416728,0.117262558327177,"may_session_hour+eb_exact+direct_xgb",0.309635605012925,40.1453624098812,39.8496468515466,39.7738553168453,38.6463309713712,38.6463309713712,38.5231654856856,40.1352979603183,40.0520673938269,40.2111859488131,40.352361858539,39.9401317985128,40.2054176330566,0,0,0,0,0,0,0,0.8,0,0,0,0.2
"all_measured_520_analysis_set","within_cow_random5",1,"StrictHierarchicalEBResidualXGB",190,"C018","stable_cool","S01","measurement_group_1","measurement_status_1",30.4,3.9,2,38.8,38.8244309088279,-0.0244309088279522,"may_session_hour+eb_exact+direct_xgb",0.309635605012925,38.7921059513712,38.7614342437094,38.7537663167939,38.6463309713712,38.6463309713712,38.6463309713712,38.7920115753417,38.7855339821043,38.799582895378,38.9236087330131,38.7932347335821,38.9800186157227,0,0,0,0,0,0,0,0.8,0,0,0,0.2
"all_measured_520_analysis_set","within_cow_random5",1,"StrictHierarchicalEBResidualXGB",198,"C018","stable_cool","S01","measurement_group_1","measurement_status_1",36,10.6,18,38.8,38.7818749032823,0.0181250967177391,"may_session_hour+eb_exact+direct_xgb",0.309635605012925,38.7934874098813,38.7678251734639,38.7611875942418,38.6463309713712,38.6463309713712,38.6463309713712,38.7920115753417,38.7845488292981,38.799582895378,38.8565246897156,38.7599843305239,38.7711791992188,0,0,0,0,0,0,0,0.8,0,0,0,0.2
"all_measured_520_analysis_set","within_cow_random5",1,"StrictHierarchicalEBResidualXGB",200,"C018","stable_cool","S01","measurement_group_1","measurement_status_1",32.4,7.5,0,38.8,38.7730118414451,0.0269881585548646,"may_session_hour+eb_exact+direct_xgb",0.309635605012925,38.7934874098813,38.7628581237319,38.7549787820769,38.6463309713712,38.6463309713712,38.6463309713712,38.7920115753417,38.7855339821043,38.799582895378,38.8245006201544,38.7452994466099,38.7229232788086,0,0,0,0,0,0,0,0.8,0,0,0,0.2
"all_measured_520_analysis_set","within_cow_random5",1,"StrictHierarchicalEBResidualXGB",206,"C025","stable_cool","S01","measurement_group_1","measurement_status_1",31.9,24.5,14,39.4,39.3667548782832,0.0332451217167815,"may_session_hour+eb_exact+direct_xgb",0.309635605012925,39.4120662849873,39.2517420781736,39.2092901692819,38.6463309713712,38.6463309713712,38.6463309713712,39.3979505424779,39.3762292423853,39.4363386205689,39.2696961579697,39.2297854779248,39.328857421875,0,0,0,0,0,0,0,0.8,0,0,0,0.2
"all_measured_520_analysis_set","within_cow_random5",1,"StrictHierarchicalEBResidualXGB",207,"C025","stable_cool","S01","measurement_group_1","measurement_status_1",29.8,14.9,23,39.4,39.3113271996336,0.0886728003664459,"may_session_hour+eb_exact+direct_xgb",0.309635605012925,39.3977842848813,39.226095454923,39.1830977116907,38.6463309713712,38.6463309713712,38.6463309713712,39.3979505424779,39.2604692336118,39.4363386205689,39.7528447923645,39.2513692548192,39.5147590637207,0,0,0,0,0,0,0,0.8,0,0,0,0.2
"all_measured_520_analysis_set","within_cow_random5",1,"StrictHierarchicalEBResidualXGB",210,"C025","stable_cool","S01","measurement_group_1","measurement_status_1",30,8.4,21,39.4,39.4377974470993,-0.0377974470992655,"may_session_hour+eb_exact+direct_xgb",0.309635605012925,39.3973142847046,39.2513739198602,39.2148888286491,38.6463309713712,38.6463309713712,38.6463309713712,39.3979505424779,39.4151314447994,39.4363386205689,39.5450431281491,39.2796842523075,39.5284614562988,0,0,0,0,0,0,0,0.8,0,0,0,0.2
"all_measured_520_analysis_set","within_cow_random5",1,"StrictHierarchicalEBResidualXGB",211,"C010","stable_hot","S01","measurement_group_1","measurement_status_1",35,28.5,2,38.7,38.7525082285332,-0.0525082285331493,"may_session+tight_session+direct_xgb",0.364591901256588,38.6812429592166,38.8111701095277,38.8436518971054,39.1793921719987,39.1793921719987,39.1793921719987,38.80438744535,39.1084558058502,38.7058454243846,38.7847329632122,38.8518400760168,38.7742462158203,0,0,0,0,0,0,0.3,0,0.45,0,0,0.25
"all_measured_520_analysis_set","within_cow_random5",1,"StrictHierarchicalEBResidualXGB",212,"C010","stable_hot","S01","measurement_group_1","measurement_status_1",37.5,32.6,14,38.6,38.6172523655211,-0.0172523655211094,"may_session+tight_session+direct_xgb",0.364591901256588,38.6670254413537,38.7521607396786,38.7757295224878,39.1793921719987,39.1793921719987,39.1793921719987,38.6543026126084,38.6432063645564,38.6048312961433,38.5758188022677,38.7375979251821,38.5951499938965,0,0,0,0,0,0,0.3,0,0.45,0,0,0.25
"all_measured_520_analysis_set","within_cow_random5",1,"StrictHierarchicalEBResidualXGB",221,"C010","stable_hot","S01","measurement_group_1","measurement_status_1",37.2,33.7,18,38.6,38.678722211302,-0.0787222113020292,"may_session+tight_session+direct_xgb",0.364591901256588,38.6845254413537,38.7976832993275,38.8254452220489,39.1793921719987,39.1793921719987,39.1793921719987,38.7127723194176,38.9304909189926,38.6080161988079,38.6678378799888,38.8162130422837,38.7651329040527,0,0,0,0,0,0,0.3,0,0.45,0,0,0.25
"all_measured_520_analysis_set","within_cow_random5",1,"StrictHierarchicalEBResidualXGB",225,"C019","stable_hot","S01","measurement_group_1","measurement_status_1",31.5,25.1,23,39.5,39.5348198062572,-0.0348198062571683,"may_session+tight_session+direct_xgb",0.364591901256588,39.4721036895674,39.489847828904,39.4925403443361,39.1793921719987,39.1793921719987,39.1793921719987,39.4797142617753,39.5320367554013,39.4984053604112,39.6835951262957,39.5369081658216,39.6664924621582,0,0,0,0,0,0,0.3,0,0.45,0,0,0.25
"all_measured_520_analysis_set","within_cow_random5",1,"StrictHierarchicalEBResidualXGB",229,"C019","stable_hot","S01","measurement_group_1","measurement_status_1",35.4,34.3,16,39.4,39.3637761223972,0.0362238776027581,"may_session+tight_session+direct_xgb",0.364591901256588,39.4721036895674,39.4722997439764,39.4532794495184,39.1793921719987,39.4168794519997,39.3396960859994,39.3811526378098,39.3633230418793,39.4005424898266,39.2374222708723,39.4215988075099,39.2767448425293,0,0,0,0,0,0,0.3,0,0.45,0,0,0.25
"all_measured_520_analysis_set","within_cow_random5",1,"StrictHierarchicalEBResidualXGB",231,"C019","stable_hot","S01","measurement_group_1","measurement_status_1",37.1,30.5,0,39.6,39.4993978948481,0.100602105151907,"may_session+tight_session+direct_xgb",0.364591901256588,39.4680354776293,39.3861446383765,39.364582228937,39.1793921719987,39.1793921719987,39.1793921719987,39.4042931336775,39.4586276338802,39.4896333989176,39.520574658455,39.4391351047327,39.6310997009277,0,0,0,0,0,0,0.3,0,0.45,0,0,0.25
"all_measured_520_analysis_set","within_cow_random5",1,"StrictHierarchicalEBResidualXGB",242,"C005","stable_hot","S01","measurement_group_1","measurement_status_1",38.4,33.6,18,37.9,38.0401401597165,-0.140140159716509,"may_session+tight_session+direct_xgb",0.364591901256588,37.8843389344488,38.1575809864055,38.2258914993947,39.1793921719987,39.1793921719987,39.1793921719987,38.283197516231,38.5271798607809,37.9338145202659,37.9069046342393,38.0726737377893,37.9398574829102,0,0,0,0,0,0,0.3,0,0.45,0,0,0.25
"all_measured_520_analysis_set","within_cow_random5",1,"StrictHierarchicalEBResidualXGB",244,"C005","stable_hot","S01","measurement_group_1","measurement_status_1",34.3,33.6,21,38.2,38.3496639284663,-0.149663928466261,"may_session+tight_session+direct_xgb",0.364591901256588,37.8695796209203,38.1591570415415,38.2339234292282,39.1793921719987,39.1793921719987,39.1793921719987,38.6969279983442,38.9385620766152,38.317913927752,37.8971024606253,38.1159951911189,37.9900970458984,0,0,0,0,0,0,0.3,0,0.45,0,0,0.25
"all_measured_520_analysis_set","within_cow_random5",1,"StrictHierarchicalEBResidualXGB",247,"C005","stable_hot","S01","measurement_group_1","measurement_status_1",34.6,31,19,38.2,38.3455564531855,-0.145556453185499,"may_session+tight_session+direct_xgb",0.364591901256588,37.8843389344488,38.1380310247754,38.2014540473571,39.1793921719987,39.1793921719987,39.1793921719987,38.6969279983442,38.8843966557495,38.317913927752,37.8889152617573,38.085062962315,37.9736671447754,0,0,0,0,0,0,0.3,0,0.45,0,0,0.25
"all_measured_520_analysis_set","within_cow_random5",1,"StrictHierarchicalEBResidualXGB",254,"C017","stable_hot","S01","measurement_group_1","measurement_status_1",38.1,37.8,13,39.4,39.3373156977265,0.062684302273496,"may_session+tight_session+direct_xgb",0.364591901256588,39.4539634577325,39.3667254366879,39.3449159314268,39.1793921719987,39.1793921719987,39.1793921719987,39.2679917285083,39.210495025866,39.3550131832665,39.3402056976029,39.356580679581,39.3886489868164,0,0,0,0,0,0,0.3,0,0.45,0,0,0.25
"all_measured_520_analysis_set","within_cow_random5",1,"StrictHierarchicalEBResidualXGB",256,"C017","stable_hot","S01","measurement_group_1","measurement_status_1",38.2,37.7,15,39,39.346564431247,-0.34656443124701,"may_session+tight_session+direct_xgb",0.364591901256588,39.3745198526293,39.2947402438584,39.2875630639144,39.1793921719987,39.1793921719987,39.0931307239996,39.2679917285083,39.1796728930517,39.3550131832665,39.3478852119087,39.2896024329092,39.4256439208984,0,0,0,0,0,0,0.3,0,0.45,0,0,0.25
"all_measured_520_analysis_set","within_cow_random5",1,"StrictHierarchicalEBResidualXGB",263,"C017","stable_hot","S01","measurement_group_1","measurement_status_1",36.6,33.9,21,39.4,39.3627531250766,0.0372468749233974,"may_session+tight_session+direct_xgb",0.364591901256588,39.4948536895674,39.458581302954,39.4429415618986,39.1793921719987,38.6020646371849,38.7896960859994,39.3233966051609,39.345766671046,39.3048079708616,39.5434879750938,39.4760497572703,39.5142822265625,0,0,0,0,0,0,0.3,0,0.45,0,0,0.25
"all_measured_520_analysis_set","within_cow_random5",1,"StrictHierarchicalEBResidualXGB",267,"C017","stable_hot","S01","measurement_group_1","measurement_status_1",35.7,31.9,23,39.4,39.3706733902744,0.0293266097256435,"may_session+tight_session+direct_xgb",0.364591901256588,39.5145198526293,39.5230706475002,39.5154760684667,39.1793921719987,39.1793921719987,39.1793921719987,39.3233966051609,39.469244707006,39.3048079708616,39.6826444684337,39.5702304422183,39.5459632873535,0,0,0,0,0,0,0.3,0,0.45,0,0,0.25
"all_measured_520_analysis_set","within_cow_random5",1,"StrictHierarchicalEBResidualXGB",274,"C020","stable_hot","S01","measurement_group_1","measurement_status_1",37,35.5,19,39.5,39.4366476681597,0.0633523318403277,"may_session+tight_session+direct_xgb",0.364591901256588,39.6807698526294,39.5736023346308,39.7687132033157,39.1793921719987,39.1793921719987,39.6264640573329,39.3703707450755,39.2660548956703,39.4609673880931,39.6069205787663,39.5986169865701,39.4724044799805,0,0,0,0,0,0,0.3,0,0.45,0,0,0.25
"all_measured_520_analysis_set","within_cow_random5",1,"StrictHierarchicalEBResidualXGB",276,"C020","stable_hot","S01","measurement_group_1","measurement_status_1",38.2,37.8,20,39.5,39.49201132325,0.0079886767499957,"may_session+tight_session+direct_xgb",0.364591901256588,39.5706301243992,39.4966017340496,39.4780946364622,39.1793921719987,39.1793921719987,39.6396960859994,39.3703707450755,39.3444928661273,39.4609673880931,39.609794040391,39.5341913548484,39.6938591003418,0,0,0,0,0,0,0.3,0,0.45,0,0,0.25
"all_measured_520_analysis_set","within_cow_random5",1,"StrictHierarchicalEBResidualXGB",278,"C020","stable_hot","S01","measurement_group_1","measurement_status_1",36.6,34.3,21,38.6,39.5125830319292,-0.912583031929202,"may_session+tight_session+direct_xgb",0.364591901256588,39.7442429141928,39.6561966461121,39.6062830235893,39.1793921719987,38.6020646371849,38.7896960859994,39.3703707450755,39.356159532794,39.4609673880931,39.6319590560546,39.7205916044294,39.7761459350586,0,0,0,0,0,0,0.3,0,0.45,0,0,0.25
"all_measured_520_analysis_set","within_cow_random5",1,"StrictHierarchicalEBResidualXGB",282,"C020","stable_hot","S01","measurement_group_1","measurement_status_1",33.9,30.9,23,39.5,39.5868894741433,-0.0868894741432982,"may_session+tight_session+direct_xgb",0.364591901256588,39.6807698526294,39.6553623141669,39.6313094018,39.1793921719987,39.1793921719987,39.1793921719987,39.5307686721445,39.6052680663929,39.5643120445474,39.7492751730573,39.7104376653158,39.6948738098145,0,0,0,0,0,0,0.3,0,0.45,0,0,0.25
"all_measured_520_analysis_set","within_cow_random5",1,"StrictHierarchicalEBResidualXGB",284,"C009","stable_hot","S01","measurement_group_1","measurement_status_1",32.1,23.6,1,40.4,40.3676345111088,0.0323654888912444,"may_session+tight_session+direct_xgb",0.364591901256588,39.8258384577325,39.7137153203945,39.68568453606,39.1793921719987,39.1793921719987,39.1793921719987,40.3479938316678,40.0474375771331,40.5229151643327,39.9209506479689,39.7622008416216,40.1116981506348,0,0,0,0,0,0,0.3,0,0.45,0,0,0.25
"all_measured_520_analysis_set","within_cow_random5",1,"StrictHierarchicalEBResidualXGB",287,"C009","stable_hot","S01","measurement_group_1","measurement_status_1",39.3,38.8,15,39.5,39.5047465253741,-0.00474652537406683,"may_session+tight_session+direct_xgb",0.364591901256588,39.8258384577325,39.6546602192966,39.6118656596876,39.1793921719987,39.1793921719987,39.1793921719987,39.4401843981906,39.2915981283452,39.4576196753936,39.7309140337565,39.6085071172265,39.667049407959,0,0,0,0,0,0,0.3,0,0.45,0,0,0.25
"all_measured_520_analysis_set","within_cow_random5",1,"StrictHierarchicalEBResidualXGB",300,"C012","stable_hot","S01","measurement_group_1","measurement_status_1",37.7,36.2,19,39.5,39.5687315092303,-0.0687315092302967,"may_session+tight_session+direct_xgb",0.364591901256588,39.6848694806167,39.579015672257,39.5588545888245,39.1793921719987,38.8242868594071,38.9396960859994,39.4624274090305,39.325891727241,39.5057358766497,39.7798807986759,39.6797211170698,39.8096885681152,0,0,0,0,0,0,0.3,0,0.45,0,0,0.25
"all_measured_520_analysis_set","within_cow_random5",1,"StrictHierarchicalEBResidualXGB",303,"C012","stable_hot","S01","measurement_group_1","measurement_status_1",38.2,36.8,21,39.4,39.6129486189105,-0.212948618910474,"may_session+tight_session+direct_xgb",0.364591901256588,39.7723694806167,39.6804882925098,39.6497578641405,39.1793921719987,39.1793921719987,39.1896960859994,39.4624274090305,39.4159963643647,39.5057358766497,39.8478024135511,39.7860089581554,39.9865570068359,0,0,0,0,0,0,0.3,0,0.45,0,0,0.25
"all_measured_520_analysis_set","within_cow_random5",1,"StrictHierarchicalEBResidualXGB",304,"C012","stable_hot","S01","measurement_group_1","measurement_status_1",36.2,34.3,22,40.6,40.1715816055369,0.428418394463094,"may_session+tight_session+direct_xgb",0.364591901256588,39.7240842189293,39.6385657375105,39.6171861171558,39.1793921719987,39.1793921719987,38.8396960859994,40.1734853516891,39.9057123754607,40.355995137464,39.8146602899967,39.6840586585351,39.8373527526855,0,0,0,0,0,0,0.3,0,0.45,0,0,0.25
"all_measured_520_analysis_set","within_cow_random5",1,"StrictHierarchicalEBResidualXGB",308,"C006","stable_hot","S01","measurement_group_1","measurement_status_1",35.8,32.5,13,38.6,38.7568723490566,-0.156872349056563,"may_session+tight_session+direct_xgb",0.364591901256588,39.0704573526293,39.0616492112497,39.0788945856535,39.1793921719987,39.1793921719987,39.2396960859994,38.8589045791863,38.9445883788068,38.5613648348424,39.0400089383987,38.9881483693937,38.9863471984863,0,0,0,0,0,0,0.3,0,0.45,0,0,0.25
"all_measured_520_analysis_set","within_cow_random5",1,"StrictHierarchicalEBResidualXGB",316,"C006","stable_hot","S01","measurement_group_1","measurement_status_1",34,29.9,22,39.4,39.4952299270407,-0.0952299270406627,"may_session+tight_session+direct_xgb",0.364591901256588,39.3154573526293,39.3098929031149,39.288574200485,39.1793921719987,39.1793921719987,38.7896960859994,39.5266464916039,39.4852671164053,39.5910652044139,39.2978820060236,39.3275973880992,39.285026550293,0,0,0,0,0,0,0.3,0,0.45,0,0,0.25
"all_measured_520_analysis_set","within_cow_random5",1,"StrictHierarchicalEBResidualXGB",319,"C006","stable_hot","S01","measurement_group_1","measurement_status_1",32.8,27.7,24,40,39.5048925552145,0.495107444785511,"may_session+tight_session+direct_xgb",0.364591901256588,39.1914634577325,39.2296941681445,39.2392518457475,39.1793921719987,39.1793921719987,39.1793921719987,39.5266464916039,39.5938033926407,39.5910652044139,39.4533436256466,39.2703632368387,39.3236770629883,0,0,0,0,0,0,0.3,0,0.45,0,0,0.25
"all_measured_520_analysis_set","within_cow_random5",1,"StrictHierarchicalEBResidualXGB",322,"C015","stable_hot","S01","measurement_group_1","measurement_status_1",34.7,32.2,12,39.7,38.3585182817198,1.34148171828019,"may_session+tight_session+direct_xgb",0.364591901256588,38.5520718809822,38.3818367442747,38.4799002079739,39.1793921719987,38.4539164890367,38.6896960859994,38.4095908331597,38.4705060691243,38.2810362297296,38.5146494458904,38.301220128562,38.4366989135742,0,0,0,0,0,0,0.3,0,0.45,0,0,0.25
"all_measured_520_analysis_set","within_cow_random5",1,"StrictHierarchicalEBResidualXGB",326,"C015","stable_hot","S01","measurement_group_1","measurement_status_1",36.9,35.6,14,38.2,38.340718885566,-0.140718885565967,"may_session+tight_session+direct_xgb",0.364591901256588,38.5695718809822,38.6748116684711,38.7103115658314,39.1793921719987,39.1793921719987,38.9597973906662,38.4051585987275,38.7199424698054,38.2188677709483,38.5060843372347,38.6086315137899,38.482723236084,0,0,0,0,0,0,0.3,0,0.45,0,0,0.25
"all_measured_520_analysis_set","within_cow_random5",1,"StrictHierarchicalEBResidualXGB",333,"C015","stable_hot","S01","measurement_group_1","measurement_status_1",34.6,30.4,21,40,39.1279014172521,0.872098582747945,"may_session+tight_session+direct_xgb",0.364591901256588,38.6045718809822,38.7472568867427,38.7864930886709,39.1793921719987,38.9841647915743,38.9358784343998,39.2061557780642,39.2494198042366,39.2842211323943,38.7348419785391,38.7805853603107,38.7526206970215,0,0,0,0,0,0,0.3,0,0.45,0,0,0.25
"all_measured_520_analysis_set","within_cow_random5",1,"StrictHierarchicalEBResidualXGB",337,"C015","stable_hot","S01","measurement_group_1","measurement_status_1",33.8,29.5,23,39.1,38.8446132079491,0.255386792050857,"may_session+tight_session+direct_xgb",0.364591901256588,38.6267537951299,38.8137228928564,38.860465167288,39.1793921719987,39.1793921719987,39.1793921719987,38.9220743114956,39.2096167319711,38.8496933855761,38.8789199128009,38.8708166286407,38.7425155639648,0,0,0,0,0,0,0.3,0,0.45,0,0,0.25
"all_measured_520_analysis_set","within_cow_random5",1,"StrictHierarchicalEBResidualXGB",338,"C007","stable_hot","S01","measurement_group_1","measurement_status_1",35.7,29,1,40.1,39.3516927861036,0.74830721389641,"may_session+tight_session+direct_xgb",0.364591901256588,39.4673374328527,39.4269145004906,39.4168087674001,39.1793921719987,39.1793921719987,39.1793921719987,39.2812395793302,39.3540473131137,39.2395381777882,39.5678648129044,39.472341189579,39.6381149291992,0,0,0,0,0,0,0.3,0,0.45,0,0,0.25
"all_measured_520_analysis_set","within_cow_random5",1,"StrictHierarchicalEBResidualXGB",348,"C007","stable_hot","S01","measurement_group_1","measurement_status_1",37.6,34.2,19,39.7,39.5079673691181,0.192032630881933,"may_session+tight_session+direct_xgb",0.364591901256588,39.4673374328527,39.4044298234985,39.38870292116,39.1793921719987,39.1793921719987,39.1793921719987,39.4515292153025,39.3188079013178,39.496547661889,39.5176474742101,39.4643626626239,39.596248626709,0,0,0,0,0,0,0.3,0,0.45,0,0,0.25
"all_measured_520_analysis_set","within_cow_random5",1,"StrictHierarchicalEBResidualXGB",350,"C007","stable_hot","S01","measurement_group_1","measurement_status_1",36.9,32.4,21,39.3,39.3398300312818,-0.0398300312818165,"may_session+tight_session+direct_xgb",0.364591901256588,39.6830533821035,39.6066435467341,39.5528724531907,39.1793921719987,39.1793921719987,39.1793921719987,39.2812395793302,39.3021737153556,39.2395381777882,39.5701835678047,39.6513773020246,39.5906639099121,0,0,0,0,0,0,0.3,0,0.45,0,0,0.25
"all_measured_520_analysis_set","within_cow_random5",1,"StrictHierarchicalEBResidualXGB",354,"C007","stable_hot","S01","measurement_group_1","measurement_status_1",37.2,31.8,22,40.6,40.2017298408415,0.39827015915855,"may_session+tight_session+direct_xgb",0.364591901256588,39.4204829516539,39.3963540734216,39.3978520383419,39.1793921719987,39.1793921719987,39.1793921719987,39.9752334606189,39.662795206228,40.5829979562327,39.6455891726508,39.4787125231191,39.7872428894043,0,0,0,0,0,0,0.3,0,0.45,0,0,0.25
"all_measured_520_analysis_set","within_cow_random5",1,"StrictHierarchicalEBResidualXGB",360,"C013","stable_hot","S01","measurement_group_1","measurement_status_1",34.8,30.3,19,38.6,38.7763759039161,-0.176375903916131,"may_session+tight_session+direct_xgb",0.364591901256588,39.0480084134899,39.0682029971401,39.0646610207853,39.1793921719987,39.1793921719987,39.1793921719987,38.8132887888528,38.96003116958,38.6230939405372,38.9079410042339,39.0599572710241,39.0079879760742,0,0,0,0,0,0,0.3,0,0.45,0,0,0.25
"all_measured_520_analysis_set","within_cow_random5",1,"StrictHierarchicalEBResidualXGB",365,"C013","stable_hot","S01","measurement_group_1","measurement_status_1",33,25.7,23,39.1,39.1236326317152,-0.0236326317151736,"may_session+tight_session+direct_xgb",0.364591901256588,38.9945556527151,39.1079643789245,39.1363165604768,39.1793921719987,39.1793921719987,39.1793921719987,39.1345887765385,39.347751134249,39.1246627005452,39.2162014101172,39.1425404782904,39.1086311340332,0,0,0,0,0,0,0.3,0,0.45,0,0,0.25
"all_measured_520_analysis_set","within_cow_random5",1,"StrictHierarchicalEBResidualXGB",376,"C024","stable_hot","S01","measurement_group_1","measurement_status_1",37.9,35.1,20,38.9,38.907874243201,-0.00787424320103014,"may_session+tight_session+direct_xgb",0.364591901256588,38.5186604776294,38.6559916544447,38.7011878740222,39.1793921719987,39.1793921719987,39.1793921719987,38.9529515294033,39.0731703759404,38.9421889232425,38.6619308448519,38.7375887591133,38.7920150756836,0,0,0,0,0,0,0.3,0,0.45,0,0,0.25
"all_measured_520_analysis_set","within_cow_random5",1,"StrictHierarchicalEBResidualXGB",380,"C024","stable_hot","S01","measurement_group_1","measurement_status_1",35.9,32.3,22,41.2,39.6929519324675,1.50704806753247,"may_session+tight_session+direct_xgb",0.364591901256588,38.5711604776293,38.7164423822815,38.7551887838183,39.1793921719987,39.1793921719987,39.3396960859994,39.6519220104577,39.5666962036603,40.2562430346335,38.7631547538101,38.7622584759648,38.7282638549805,0,0,0,0,0,0,0.3,0,0.45,0,0,0.25
"all_measured_520_analysis_set","within_cow_random5",1,"StrictHierarchicalEBResidualXGB",382,"C024","stable_hot","S01","measurement_group_1","measurement_status_1",35.2,30.6,23,40.5,39.6779935508147,0.822006449185302,"may_session+tight_session+direct_xgb",0.364591901256588,38.5862551243992,38.7813239562718,38.8300911642399,39.1793921719987,39.1793921719987,39.1793921719987,39.6519220104577,39.6840177362965,40.2562430346335,38.8287198134893,38.8311844821481,38.6684303283691,0,0,0,0,0,0,0.3,0,0.45,0,0,0.25
"all_measured_520_analysis_set","within_cow_random5",1,"StrictHierarchicalEBResidualXGB",383,"C024","stable_hot","S01","measurement_group_1","measurement_status_1",34,28.8,24,40.2,39.6927373557463,0.507262644253665,"may_session+tight_session+direct_xgb",0.364591901256588,38.5862551243992,38.7455275014779,38.7853455957476,39.1793921719987,39.1793921719987,39.1793921719987,39.6519220104577,39.6752324798957,40.2562430346335,38.9360251498691,38.820844340398,38.7274055480957,0,0,0,0,0,0,0.3,0,0.45,0,0,0.25
"all_measured_520_analysis_set","within_cow_random5",1,"StrictHierarchicalEBResidualXGB",385,"C001","stable_cool","S01","measurement_group_1","measurement_status_1",30.7,11.2,16,38.3,38.4001964301779,-0.10019643017786,"may_session_hour+eb_exact+direct_xgb",0.309635605012925,38.2962726180379,38.3829792349014,38.4046558891172,38.6463309713712,38.6463309713712,38.6463309713712,38.2955796504591,38.4232401513698,38.2779035060651,38.2368954917042,38.3747647853914,38.3080215454102,0,0,0,0,0,0,0,0.8,0,0,0,0.2
"all_measured_520_analysis_set","within_cow_random5",1,"StrictHierarchicalEBResidualXGB",386,"C001","stable_cool","S01","measurement_group_1","measurement_status_1",32.5,12.3,17,38.3,38.4006625861837,-0.100662586183716,"may_session_hour+eb_exact+direct_xgb",0.309635605012925,38.2962726180379,38.3506715425937,38.3642712737326,38.6463309713712,38.6463309713712,38.6463309713712,38.2955796504591,38.4232401513698,38.2779035060651,38.2573091927432,38.3262155575393,38.3103523254395,0,0,0,0,0,0,0,0.8,0,0,0,0.2
"all_measured_520_analysis_set","within_cow_random5",1,"StrictHierarchicalEBResidualXGB",391,"C002","stable_cool","S01","measurement_group_1","measurement_status_1",34.8,8,13,39,38.9424756143139,0.0575243856861221,"may_session_hour+eb_exact+direct_xgb",0.309635605012925,39.0025662849873,38.903238998445,38.8785675696211,38.6463309713712,38.6463309713712,38.6463309713712,39.0037251903652,38.95194686622,39.0220638114086,38.9207904224298,38.8930162188581,38.9045906066895,0,0,0,0,0,0,0,0.8,0,0,0,0.2
"all_measured_520_analysis_set","within_cow_random5",1,"StrictHierarchicalEBResidualXGB",396,"C003","stable_cool","S01","measurement_group_1","measurement_status_1",34.7,10.4,16,38.6,38.5716423878739,0.0283576121260936,"may_session_hour+eb_exact+direct_xgb",0.309635605012925,38.5441892847046,38.5813125682347,38.5905933891173,38.6463309713712,38.6463309713712,38.5231654856856,38.5437956129004,38.5845805269566,38.5387432007215,38.5668432264577,38.5654290107363,38.519889831543,0,0,0,0,0,0,0,0.8,0,0,0,0.2
"all_measured_520_analysis_set","within_cow_random5",1,"StrictHierarchicalEBResidualXGB",398,"C004","stable_cool","S01","measurement_group_1","measurement_status_1",30.9,3,20,37.7,37.8297211839211,-0.129721183921049,"may_session_hour+eb_exact+direct_xgb",0.309635605012925,37.6691892847046,37.9042145937749,37.9629709210425,38.6463309713712,38.6463309713712,38.6463309713712,37.6677392748723,37.8125878812685,37.6181325136986,37.6834686031135,37.8923172626712,37.8982543945312,0,0,0,0,0,0,0,0.8,0,0,0,0.2
"all_measured_520_analysis_set","within_cow_random5",1,"StrictHierarchicalEBResidualXGB",404,"C005","stable_hot","S01","measurement_group_1","measurement_status_1",36.5,34,16,37.9,38.0251064377927,-0.125106437792681,"may_session+tight_session+direct_xgb",0.364591901256588,37.8843389344488,38.1676175993544,38.2384372655808,39.1793921719987,39.1793921719987,39.1793921719987,38.283197516231,38.6629392706886,37.9338145202659,37.7700508823689,38.0949494939905,37.8797225952148,0,0,0,0,0,0,0.3,0,0.45,0,0,0.25
"all_measured_520_analysis_set","within_cow_random5",1,"StrictHierarchicalEBResidualXGB",406,"C006","stable_hot","S01","measurement_group_1","measurement_status_1",33.4,30.1,23,39.5,39.4971124801412,0.0028875198587528,"may_session+tight_session+direct_xgb",0.364591901256588,39.2629573526293,39.3216643975002,39.3248510684667,39.1793921719987,39.1793921719987,39.1793921719987,39.5266464916039,39.6011505106851,39.5910652044139,39.3767151205497,39.3378993672205,39.2925567626953,0,0,0,0,0,0,0.3,0,0.45,0,0,0.25
"all_measured_520_analysis_set","within_cow_random5",1,"StrictHierarchicalEBResidualXGB",409,"C006","stable_hot","S01","measurement_group_1","measurement_status_1",34.7,33.3,15,38.7,38.7934991648525,-0.0934991648524601,"may_session+tight_session+direct_xgb",0.364591901256588,39.1658536895674,39.1270382585955,39.1214502564504,39.1793921719987,39.1793921719987,39.1793921719987,38.8589045791863,38.68389610933,38.5613648348424,38.9867032860918,39.0991843096,39.1328544616699,0,0,0,0,0,0,0.3,0,0.45,0,0,0.25
"all_measured_520_analysis_set","within_cow_random5",1,"StrictHierarchicalEBResidualXGB",414,"C008","stable_cool","S01","measurement_group_1","measurement_status_1",33.2,8.4,15,38.2,38.291628840746,-0.0916288407459547,"may_session_hour+eb_exact+direct_xgb",0.309635605012925,38.1941892847046,38.2883684907334,38.3119132922407,38.6463309713712,38.6463309713712,38.7487769904571,38.1933730776892,38.3196866551805,38.1704989259124,38.0607859214785,38.2506416823941,38.1793975830078,0,0,0,0,0,0,0,0.8,0,0,0,0.2
"all_measured_520_analysis_set","within_cow_random5",1,"StrictHierarchicalEBResidualXGB",418,"C009","stable_hot","S01","measurement_group_1","measurement_status_1",32.6,22,23,40.5,40.3518168688968,0.14818313110316,"may_session+tight_session+direct_xgb",0.364591901256588,39.9963167276293,39.9069378350002,39.8571948184667,39.1793921719987,39.1793921719987,39.1793921719987,40.3479938316678,40.5050952978147,40.5229151643327,40.1073812662813,39.9705579925401,40.0484275817871,0,0,0,0,0,0,0.3,0,0.45,0,0,0.25
"all_measured_520_analysis_set","within_cow_random5",1,"StrictHierarchicalEBResidualXGB",421,"C009","stable_hot","S01","measurement_group_1","measurement_status_1",39.8,40.4,18,39.5,39.5718480039507,-0.071848003950727,"may_session+tight_session+direct_xgb",0.364591901256588,39.7906036895674,39.6830961443314,39.6618819886203,39.1793921719987,39.1793921719987,39.1793921719987,39.4401843981906,39.2792213340546,39.4576196753936,39.8869899882482,39.7251179478892,39.9354553222656,0,0,0,0,0,0,0.3,0,0.45,0,0,0.25
"all_measured_520_analysis_set","within_cow_random5",1,"StrictHierarchicalEBResidualXGB",425,"C010","stable_hot","S01","measurement_group_1","measurement_status_1",36.2,31.3,21,38.8,38.7718606887648,0.0281393112351864,"may_session+tight_session+direct_xgb",0.364591901256588,38.686494930636,38.8124034138148,38.8430364677743,39.1793921719987,39.1793921719987,39.2396960859994,38.8830612048385,39.0595486608365,38.7153183784587,38.7517944718005,38.8383560081695,38.7401962280273,0,0,0,0,0,0,0.3,0,0.45,0,0,0.25
"all_measured_520_analysis_set","within_cow_random5",1,"StrictHierarchicalEBResidualXGB",428,"C011","stable_cool","S01","measurement_group_1","measurement_status_1",29.5,11.7,21,38.3,38.4076287840684,-0.107628784068375,"may_session_hour+eb_exact+direct_xgb",0.309635605012925,38.2843467848812,38.3606494557133,38.3757824001786,38.6463309713712,38.6463309713712,38.6463309713712,38.2590773030413,38.4278633116284,38.2395447274391,38.3609357347138,38.370858197475,38.3266906738281,0,0,0,0,0,0,0,0.8,0,0,0,0.2
"all_measured_520_analysis_set","within_cow_random5",1,"StrictHierarchicalEBResidualXGB",432,"C011","stable_cool","S01","measurement_group_1","measurement_status_1",30,19.1,10,38.2,38.2295878117906,-0.0295878117905843,"may_session_hour+eb_exact+direct_xgb",0.309635605012925,38.2598142847045,38.3814448543964,38.4118524968193,38.6463309713712,38.6463309713712,38.6463309713712,38.2590773030413,38.2295993200971,38.2395447274391,38.2774778320935,38.3886148880375,38.2295417785645,0,0,0,0,0,0,0,0.8,0,0,0,0.2
"all_measured_520_analysis_set","within_cow_random5",1,"StrictHierarchicalEBResidualXGB",435,"C012","stable_hot","S01","measurement_group_1","measurement_status_1",37.1,35.2,20,39.5,39.6018745527484,-0.101874552748363,"may_session+tight_session+direct_xgb",0.364591901256588,39.8153406376291,39.6910664815092,39.7005703993557,39.1793921719987,39.1793921719987,39.4896960859994,39.4624274090305,39.4043296976981,39.5057358766497,39.7537051860101,39.7981768626356,39.9422607421875,0,0,0,0,0,0,0.3,0,0.45,0,0,0.25
"all_measured_520_analysis_set","within_cow_random5",1,"StrictHierarchicalEBResidualXGB",436,"C012","stable_hot","S01","measurement_group_1","measurement_status_1",35.7,31.9,19,40.2,40.1525634323191,0.0474365676808688,"may_session+tight_session+direct_xgb",0.364591901256588,39.6848694806167,39.579015672257,39.5588545888245,39.1793921719987,39.2687313038515,39.1358784343997,40.1734853516891,39.9135707670949,40.355995137464,39.7657736914931,39.6418437809254,39.7612800598145,0,0,0,0,0,0,0.3,0,0.45,0,0,0.25
"all_measured_520_analysis_set","within_cow_random5",1,"StrictHierarchicalEBResidualXGB",443,"C013","stable_hot","S01","measurement_group_1","measurement_status_1",34.4,24.9,2,39.1,39.1313507179579,-0.0313507179578494,"may_session+tight_session+direct_xgb",0.364591901256588,38.9945556527151,39.0618202643264,39.0786364172293,39.1793921719987,39.1793921719987,39.1793921719987,39.1345887765385,39.3230866711227,39.1246627005452,39.0142482431861,39.0880008557607,39.1395034790039,0,0,0,0,0,0,0.3,0,0.45,0,0,0.25
"all_measured_520_analysis_set","within_cow_random5",1,"StrictHierarchicalEBResidualXGB",449,"C014","stable_cool","S01","measurement_group_1","measurement_status_1",32.8,6.1,10,38.3,38.3005298128344,-0.000529812834358268,"may_session_hour+eb_exact+direct_xgb",0.309635605012925,38.2848936598813,38.4014625777495,38.4300898183489,38.6463309713712,38.6463309713712,38.6463309713712,38.280978711492,38.3029722559721,38.2625599946147,38.3427785161442,38.3909014905808,38.2907600402832,0,0,0,0,0,0,0,0.8,0,0,0,0.2
"all_measured_520_analysis_set","within_cow_random5",1,"StrictHierarchicalEBResidualXGB",450,"C016","stable_cool","S01","measurement_group_1","measurement_status_1",34.3,9.9,16,38.6,38.671949660736,-0.0719496607360099,"may_session_hour+eb_exact+direct_xgb",0.309635605012925,38.6681476180379,38.6804792349014,38.6835621391172,38.6463309713712,38.6463309713712,38.6463309713712,38.6679035941211,38.6845558732223,38.6691630480498,38.6463886716727,38.6800543889132,38.621524810791,0,0,0,0,0,0,0,0.8,0,0,0,0.2
"all_measured_520_analysis_set","within_cow_random5",1,"StrictHierarchicalEBResidualXGB",454,"C016","stable_cool","S01","measurement_group_1","measurement_status_1",27.6,7,23,38.7,38.720060886022,-0.0200608860219944,"may_session_hour+eb_exact+direct_xgb",0.309635605012925,38.6912217848813,38.6605225382563,38.6491393783574,38.6463309713712,38.6463309713712,38.6463309713712,38.6679035941211,38.7162334485309,38.6691630480498,38.9552649601138,38.6911816774126,38.7353706359863,0,0,0,0,0,0,0,0.8,0,0,0,0.2
"all_measured_520_analysis_set","within_cow_random5",1,"StrictHierarchicalEBResidualXGB",459,"C017","stable_hot","S01","measurement_group_1","measurement_status_1",39.3,40.9,16,39.4,39.3666631174653,0.0333368825347264,"may_session+tight_session+direct_xgb",0.364591901256588,39.4539634577325,39.4233172179813,39.4156556580435,39.1793921719987,39.1793921719987,39.1793921719987,39.2679917285083,39.3030555086688,39.3550131832665,39.3997585950248,39.4496856497283,39.5060386657715,0,0,0,0,0,0,0.3,0,0.45,0,0,0.25
"all_measured_520_analysis_set","within_cow_random5",1,"StrictHierarchicalEBResidualXGB",461,"C018","stable_cool","S01","measurement_group_1","measurement_status_1",32.7,4.6,9,38.8,38.8015622932411,-0.00156229324111479,"may_session_hour+eb_exact+direct_xgb",0.309635605012925,38.7948688683913,38.7837752115205,38.7552065250683,38.6463309713712,38.7601598814666,38.6463309713712,38.7920115753417,38.7965523996324,38.799582895378,38.8259271137719,38.7932129029409,38.8216018676758,0,0,0,0,0,0,0,0.8,0,0,0,0.2
"all_measured_520_analysis_set","within_cow_random5",1,"StrictHierarchicalEBResidualXGB",468,"C019","stable_hot","S01","measurement_group_1","measurement_status_1",34.4,29,20,39.5,39.5237428790721,-0.0237428790721097,"may_session+tight_session+direct_xgb",0.364591901256588,39.4612551243992,39.4091017340496,39.3960633864622,39.1793921719987,39.1793921719987,39.1793921719987,39.4797142617753,39.3532974432521,39.4984053604112,39.4329853272438,39.4420966525748,39.622184753418,0,0,0,0,0,0,0.3,0,0.45,0,0,0.25
"all_measured_520_analysis_set","within_cow_random5",1,"StrictHierarchicalEBResidualXGB",470,"C020","stable_hot","S01","measurement_group_1","measurement_status_1",32.8,33.3,2,39.6,39.609834878196,-0.00983487819603113,"may_session+tight_session+direct_xgb",0.364591901256588,39.5706301243992,39.5226798416737,39.5106922709924,39.1793921719987,39.1793921719987,39.1793921719987,39.5307686721445,39.5806036032667,39.5643120445474,39.5755378039466,39.5998131768469,39.7866554260254,0,0,0,0,0,0,0.3,0,0.45,0,0,0.25
"all_measured_520_analysis_set","within_cow_random5",1,"StrictHierarchicalEBResidualXGB",472,"C021","stable_cool","S01","measurement_group_1","measurement_status_1",30,7.7,21,38.3,38.3733550435003,-0.0733550435003352,"may_session_hour+eb_exact+direct_xgb",0.309635605012925,38.2788780348813,38.3565609140466,38.3752615668453,38.6463309713712,38.6463309713712,38.6463309713712,38.2736782420084,38.3765258051078,38.2548882388895,38.4138827542696,38.3546083622757,38.3606719970703,0,0,0,0,0,0,0,0.8,0,0,0,0.2
"all_measured_520_analysis_set","within_cow_random5",1,"StrictHierarchicalEBResidualXGB",478,"C021","stable_cool","S01","measurement_group_1","measurement_status_1",32,18.8,13,38.2,38.2472594944072,-0.0472594944072355,"may_session_hour+eb_exact+direct_xgb",0.309635605012925,38.2535662849873,38.3043223317784,38.3203592362878,38.6463309713712,38.6463309713712,38.6463309713712,38.2736782420084,38.2643394131751,38.2548882388895,38.3109681315243,38.2693801593106,38.1789398193359,0,0,0,0,0,0,0,0.8,0,0,0,0.2
"all_measured_520_analysis_set","within_cow_random5",1,"StrictHierarchicalEBResidualXGB",481,"C022","stable_cool","S01","measurement_group_1","measurement_status_1",25.5,4.6,22,38.4,38.4079604703512,-0.00796047035125014,"may_session_hour+eb_exact+direct_xgb",0.309635605012925,38.4057530348813,38.4503572285882,38.4685225850222,38.6463309713712,38.6463309713712,38.6463309713712,38.448889509614,38.3840474583614,38.4390103762941,38.7093222675035,38.4611462923473,38.5036125183105,0,0,0,0,0,0,0,0.8,0,0,0,0.2
"all_measured_520_analysis_set","within_cow_random5",1,"StrictHierarchicalEBResidualXGB",485,"C024","stable_hot","S01","measurement_group_1","measurement_status_1",38.4,35.9,21,39,38.9211102890384,0.0788897109615689,"may_session+tight_session+direct_xgb",0.364591901256588,38.8477324975262,38.9377331044454,39.0188493544503,39.1793921719987,39.1793921719987,39.1896960859994,38.9529515294033,39.1488164633809,38.9421889232425,38.761717873624,39.027586704113,38.8449592590332,0,0,0,0,0,0,0.3,0,0.45,0,0,0.25
"all_measured_520_analysis_set","within_cow_random5",1,"StrictHierarchicalEBResidualXGB",490,"C025","stable_cool","S01","measurement_group_1","measurement_status_1",31.6,20.5,18,39.3,39.1881044344085,0.11189556559151,"may_session_hour+eb_exact+direct_xgb",0.309635605012925,39.3973142847046,39.2509064084441,39.2143044393789,38.6463309713712,38.6463309713712,38.6463309713712,39.3979505424779,39.139781231182,39.4363386205689,39.4364471938346,39.2548444537968,39.3813972473145,0,0,0,0,0,0,0,0.8,0,0,0,0.2
"all_measured_520_analysis_set","within_cow_random5",1,"StrictHierarchicalEBResidualXGB",494,"C026","stable_cool","S01","measurement_group_1","measurement_status_1",32.1,3.1,1,38.6,38.6833463332826,-0.0833463332826483,"may_session_hour+eb_exact+direct_xgb",0.309635605012925,38.7304755089058,38.7209078974649,38.7185159946047,38.6463309713712,38.6463309713712,38.6463309713712,38.7306694908153,38.6486651477435,38.736054652133,38.7281972677761,38.7396123639866,38.8220710754395,0,0,0,0,0,0,0,0.8,0,0,0,0.2
"all_measured_520_analysis_set","within_cow_random5",1,"StrictHierarchicalEBResidualXGB",495,"C026","stable_cool","S01","measurement_group_1","measurement_status_1",27.8,8.6,22,38.7,38.7754347313069,-0.0754347313068848,"may_session_hour+eb_exact+direct_xgb",0.309635605012925,38.7499423664122,38.7248071018035,38.7153946835521,38.6463309713712,38.6463309713712,38.6463309713712,38.7306694908153,38.7578065977274,38.736054652133,38.9456611777055,38.7526702932442,38.845947265625,0,0,0,0,0,0,0,0.8,0,0,0,0.2
"all_measured_520_analysis_set","within_cow_random5",1,"StrictHierarchicalEBResidualXGB",501,"C026","stable_cool","S01","measurement_group_1","measurement_status_1",31.2,8.7,1,38.6,38.7128698013002,-0.112869801300228,"may_session_hour+eb_exact+direct_xgb",0.309635605012925,38.7304755089058,38.7209078974649,38.7185159946047,38.6463309713712,38.6463309713712,38.6463309713712,38.7306694908153,38.6486651477435,38.736054652133,38.8530743909223,38.7849344320222,38.9696884155273,0,0,0,0,0,0,0,0.8,0,0,0,0.2
"all_measured_520_analysis_set","within_cow_random5",1,"StrictHierarchicalEBResidualXGB",502,"C026","stable_cool","S01","measurement_group_1","measurement_status_1",28.1,7.8,3,38.7,38.6992849013979,0.0007150986021216,"may_session_hour+eb_exact+direct_xgb",0.309635605012925,38.7304755089058,38.7174353878051,38.7141753575299,38.6463309713712,38.6463309713712,38.6463309713712,38.7306694908153,38.6486651477435,38.736054652133,38.8376661562251,38.7571179772765,38.9017639160156,0,0,0,0,0,0,0,0.8,0,0,0,0.2
"all_measured_520_analysis_set","within_cow_random5",1,"StrictHierarchicalEBResidualXGB",507,"C027","stable_cool","S01","measurement_group_1","measurement_status_1",32.3,3.4,10,39.8,40.0638443324919,-0.263844332491914,"may_session_hour+eb_exact+direct_xgb",0.309635605012925,38.9479471137055,38.9319511175972,38.9279521185701,38.6463309713712,38.6463309713712,38.6463309713712,38.9486783495198,40.3341503558004,38.9657065229,38.8661234905497,38.9273700862076,38.9826202392578,0,0,0,0,0,0,0,0.8,0,0,0,0.2
"all_measured_520_analysis_set","within_cow_random5",1,"StrictHierarchicalEBResidualXGB",508,"C027","stable_cool","S01","measurement_group_1","measurement_status_1",30.5,6.1,13,38.8,38.6514558454429,0.148544154557072,"may_session_hour+eb_exact+direct_xgb",0.309635605012925,38.8870563688071,38.8116866761463,38.8026302655541,38.6463309713712,39.7971969185036,39.4231654856856,38.9486783495198,38.5945703561201,38.9657065229,38.8079607545242,38.7865839676576,38.8789978027344,0,0,0,0,0,0,0,0.8,0,0,0,0.2
"all_measured_520_analysis_set","within_cow_random5",1,"StrictHierarchicalEBResidualXGB",511,"C028","stable_hot","S01","measurement_group_1","measurement_status_1",35.9,37.5,16,40.2,40.0848156266548,0.115184373345159,"may_session+tight_session+direct_xgb",0.364591901256588,40.1247967910659,39.959983884648,39.9187806580435,39.1793921719987,39.1793921719987,39.1793921719987,40.0497929629891,39.8112263110813,40.1906100776407,39.994605052981,39.9749161436339,39.9364128112793,0,0,0,0,0,0,0.3,0,0.45,0,0,0.25
"all_measured_520_analysis_set","within_cow_random5",1,"StrictHierarchicalEBResidualXGB",512,"C028","stable_hot","S01","measurement_group_1","measurement_status_1",37.5,38.4,17,40.2,40.0695730500557,0.13042694994428,"may_session+tight_session+direct_xgb",0.364591901256588,40.1204573526293,39.8996399834307,39.8451330508797,39.1793921719987,39.1793921719987,39.1793921719987,40.0497929629891,39.724517638789,40.1906100776407,40.0313532785547,39.8726644616128,39.8754425048828,0,0,0,0,0,0,0.3,0,0.45,0,0,0.25
"all_measured_520_analysis_set","within_cow_random5",1,"StrictHierarchicalEBResidualXGB",513,"C029","stable_cool","S01","measurement_group_1","measurement_status_1",34.2,5.2,14,38.3,38.3070275000139,-0.00702750001394747,"may_session_hour+eb_exact+direct_xgb",0.309635605012925,38.3410662849873,38.3948254115069,38.4045818359485,38.6463309713712,38.6463309713712,38.6463309713712,38.3174810589098,38.3231135223563,38.3009187732406,38.2019095096036,38.360899464705,38.2426834106445,0,0,0,0,0,0,0,0.8,0,0,0,0.2
"all_measured_520_analysis_set","within_cow_random5",1,"StrictHierarchicalEBResidualXGB",518,"C030","stable_cool","S01","measurement_group_1","measurement_status_1",30,6.5,9,40.3,40.2003442315542,0.09965576844575,"may_session_hour+eb_exact+direct_xgb",0.309635605012925,40.1628624098812,39.8575129609014,39.7765004535388,38.6463309713712,38.6463309713712,38.6463309713712,40.1352979603183,40.1913568412617,40.2111859488131,40.2178801931787,39.9725245486404,40.2362937927246,0,0,0,0,0,0,0,0.8,0,0,0,0.2
"all_measured_520_analysis_set","within_cow_random5",2,"StrictHierarchicalEBResidualXGB",3,"C021","stable_cool","S01","measurement_group_1","measurement_status_1",31.5,18.3,13,38.2,38.2094295627245,-0.00942956272452733,"may_session_hour+eb_exact+direct_xgb",0.279085648491147,38.2381434837093,38.2904215275291,38.3058750062159,38.6547411128719,38.6547411128719,38.6547411128719,38.2521811607269,38.2206092037719,38.2318944618264,38.2492456330183,38.266900299767,38.1647109985352,0,0,0,0,0,0,0,0.8,0,0,0,0.2
"all_measured_520_analysis_set","within_cow_random5",2,"StrictHierarchicalEBResidualXGB",4,"C021","stable_cool","S01","measurement_group_1","measurement_status_1",32.6,20.8,14,38.4,38.2154232150683,0.184576784931721,"may_session_hour+eb_exact+direct_xgb",0.279085648491147,38.2529770607073,38.3261922862712,38.3444960926622,38.6547411128719,38.6547411128719,38.6547411128719,38.2521811607269,38.2206092037719,38.2318944618264,38.2108632139321,38.303574800897,38.1946792602539,0,0,0,0,0,0,0,0.8,0,0,0,0.2
"all_measured_520_analysis_set","within_cow_random5",2,"StrictHierarchicalEBResidualXGB",14,"C003","stable_cool","S01","measurement_group_1","measurement_status_1",33.3,9.3,13,38.5,38.4897080525279,0.0102919474720551,"may_session_hour+eb_exact+direct_xgb",0.279085648491147,38.5742445083296,38.5596184526442,38.5619020924159,38.6547411128719,38.6547411128719,38.6547411128719,38.6107155439847,38.4828168283552,38.6084632664771,38.5547256409506,38.5383035410999,38.5172729492188,0,0,0,0,0,0,0,0.8,0,0,0,0.2
"all_measured_520_analysis_set","within_cow_random5",2,"StrictHierarchicalEBResidualXGB",16,"C003","stable_cool","S01","measurement_group_1","measurement_status_1",33.1,11.2,14,38.5,38.4968308552623,0.00316914473768293,"may_session_hour+eb_exact+direct_xgb",0.279085648491147,38.611205464642,38.612775009419,38.6131673956132,38.6547411128719,38.6547411128719,38.6547411128719,38.6107155439847,38.4828168283552,38.6084632664771,38.5290937981268,38.5981234007656,38.5528869628906,0,0,0,0,0,0,0,0.8,0,0,0,0.2
"all_measured_520_analysis_set","within_cow_random5",2,"StrictHierarchicalEBResidualXGB",21,"C003","stable_cool","S01","measurement_group_1","measurement_status_1",33.7,5.5,23,38,38.6027591460509,-0.602759146050886,"may_session_hour+eb_exact+direct_xgb",0.279085648491147,38.611205464642,38.6042450371453,38.6025049302711,38.6547411128719,38.6547411128719,38.9773705564359,38.6107155439847,38.5785250357741,38.6084632664771,38.9620084535461,38.6338097176769,38.6996955871582,0,0,0,0,0,0,0,0.8,0,0,0,0.2
"all_measured_520_analysis_set","within_cow_random5",2,"StrictHierarchicalEBResidualXGB",27,"C002","stable_cool","S01","measurement_group_1","measurement_status_1",32.8,8,13,39.2,38.9653773326058,0.234622667394191,"may_session_hour+eb_exact+direct_xgb",0.279085648491147,39.0998327436238,38.9798635506834,38.9532746414355,38.6547411128719,38.6547411128719,38.7773705564359,39.1222574334677,38.9458783887797,39.1485183628958,39.0006013283977,38.975865900686,39.0433731079102,0,0,0,0,0,0,0,0.8,0,0,0,0.2
"all_measured_520_analysis_set","within_cow_random5",2,"StrictHierarchicalEBResidualXGB",28,"C002","stable_cool","S01","measurement_group_1","measurement_status_1",33.9,9.3,13,38.8,38.952653791346,-0.152653791346047,"may_session_hour+eb_exact+direct_xgb",0.279085648491147,39.0998327436238,38.9798635506834,38.9532746414355,38.6547411128719,38.6547411128719,38.6547411128719,39.1222574334677,38.9458783887797,39.1485183628958,39.0287304612808,38.9639683814551,38.9797554016113,0,0,0,0,0,0,0,0.8,0,0,0,0.2
"all_measured_520_analysis_set","within_cow_random5",2,"StrictHierarchicalEBResidualXGB",34,"C002","stable_cool","S01","measurement_group_1","measurement_status_1",33.5,5.5,23,39.2,39.2885093940942,-0.0885093940942028,"may_session_hour+eb_exact+direct_xgb",0.279085648491147,39.1210093862106,39.0120881744002,38.9848578714476,38.6547411128719,38.6547411128719,38.9773705564359,39.1222574334677,39.2937898950836,39.1485183628958,39.4188020506063,39.0475975409423,39.2673873901367,0,0,0,0,0,0,0,0.8,0,0,0,0.2
"all_measured_520_analysis_set","within_cow_random5",2,"StrictHierarchicalEBResidualXGB",36,"C029","stable_cool","S01","measurement_group_1","measurement_status_1",35.7,6.1,11,38.1,38.3872938405775,-0.28729384057749,"may_session_hour+eb_exact+direct_xgb",0.279085648491147,38.3694873250835,38.4102987723456,38.4228705202435,38.6547411128719,38.6547411128719,38.6547411128719,38.3835896114311,38.3956287219255,38.3699860648799,38.394369872809,38.3978887537525,38.3539543151855,0,0,0,0,0,0,0,0.8,0,0,0,0.2
"all_measured_520_analysis_set","within_cow_random5",2,"StrictHierarchicalEBResidualXGB",39,"C029","stable_cool","S01","measurement_group_1","measurement_status_1",33.2,9.3,13,38.1,38.3247321826059,-0.224732182605898,"may_session_hour+eb_exact+direct_xgb",0.279085648491147,38.3886434837093,38.4105465275291,38.4153125062159,38.6547411128719,38.6547411128719,38.513685278218,38.3835896114311,38.3349847473003,38.3699860648799,38.2589693249164,38.3834309236202,38.2837219238281,0,0,0,0,0,0,0,0.8,0,0,0,0.2
"all_measured_520_analysis_set","within_cow_random5",2,"StrictHierarchicalEBResidualXGB",44,"C029","stable_cool","S01","measurement_group_1","measurement_status_1",31.3,6,21,38.4,38.5210186294682,-0.121018629468168,"may_session_hour+eb_exact+direct_xgb",0.279085648491147,38.3842270607073,38.4695256196046,38.4908502593289,38.6547411128719,38.8634720806405,38.818247037624,38.3835896114311,38.5156283741155,38.3699860648799,38.4658310081583,38.5238590717399,38.5425796508789,0,0,0,0,0,0,0,0.8,0,0,0,0.2
"all_measured_520_analysis_set","within_cow_random5",2,"StrictHierarchicalEBResidualXGB",51,"C001","stable_cool","S01","measurement_group_1","measurement_status_1",31.9,6.8,12,38,38.2174899236277,-0.217489923627696,"may_session_hour+eb_exact+direct_xgb",0.279085648491147,38.297942177425,38.2623712285338,38.3539299219842,38.6547411128719,38.6503814688518,38.6509482225744,38.3164835224841,38.2077897955869,38.3008513789406,38.2679270514114,38.2513366020201,38.256290435791,0,0,0,0,0,0,0,0.8,0,0,0,0.2
"all_measured_520_analysis_set","within_cow_random5",2,"StrictHierarchicalEBResidualXGB",56,"C001","stable_cool","S01","measurement_group_1","measurement_status_1",33.9,11.2,15,38.1,38.2233866826609,-0.123386682660893,"may_session_hour+eb_exact+direct_xgb",0.279085648491147,38.3311837449661,38.3937190084714,38.4070068156533,38.326277119472,38.391969918152,38.318247037624,38.3164835224841,38.2077897955869,38.3008513789406,38.3296174666196,38.3796654514032,38.285774230957,0,0,0,0,0,0,0,0.8,0,0,0,0.2
"all_measured_520_analysis_set","within_cow_random5",2,"StrictHierarchicalEBResidualXGB",58,"C001","stable_cool","S01","measurement_group_1","measurement_status_1",29.6,6,21,38.3,38.3391944607974,-0.0391944607973898,"may_session_hour+eb_exact+direct_xgb",0.279085648491147,38.3165863575347,38.4154130570665,38.4401197319494,38.6547411128719,38.6547411128719,38.6547411128719,38.3164835224841,38.3295755039752,38.3008513789406,38.4268202734647,38.4433395207002,38.3776702880859,0,0,0,0,0,0,0,0.8,0,0,0,0.2
"all_measured_520_analysis_set","within_cow_random5",2,"StrictHierarchicalEBResidualXGB",62,"C027","stable_cool","S01","measurement_group_1","measurement_status_1",30.9,6.1,11,41.5,39.0407127748663,2.45928722513365,"may_session_hour+eb_exact+direct_xgb",0.279085648491147,38.7643310750835,38.7261581473456,38.7188080202435,38.6547411128719,38.7358125061724,38.3273705564359,38.7778149635438,39.1132603152016,38.7842608740402,38.6828206650344,38.7098910618977,38.7505226135254,0,0,0,0,0,0,0,0.8,0,0,0,0.2
"all_measured_520_analysis_set","within_cow_random5",2,"StrictHierarchicalEBResidualXGB",68,"C027","stable_cool","S01","measurement_group_1","measurement_status_1",30.7,11.2,15,38.5,38.6266456638173,-0.126645663817307,"may_session_hour+eb_exact+direct_xgb",0.279085648491147,38.7293310750835,38.7131403493232,38.7169107727155,38.6547411128719,38.6547411128719,38.6547411128719,38.7778149635438,38.5960092587267,38.7842608740402,38.6250111221607,38.6898547778375,38.7491912841797,0,0,0,0,0,0,0,0.8,0,0,0,0.2
"all_measured_520_analysis_set","within_cow_random5",2,"StrictHierarchicalEBResidualXGB",70,"C027","stable_cool","S01","measurement_group_1","measurement_status_1",32.3,9,19,39.1,38.9497737014323,0.150226298567659,"may_session_hour+eb_exact+direct_xgb",0.279085648491147,38.7779770607073,38.7752402766175,38.774556080595,38.6547411128719,38.6547411128719,39.018247037624,38.7778149635438,38.9628490313925,38.7842608740402,38.8879506741922,38.7987475680686,38.8974723815918,0,0,0,0,0,0,0,0.8,0,0,0,0.2
"all_measured_520_analysis_set","within_cow_random5",2,"StrictHierarchicalEBResidualXGB",74,"C026","stable_cool","S01","measurement_group_1","measurement_status_1",33.9,8,13,38.5,38.6476423013601,-0.147642301360115,"may_session_hour+eb_exact+direct_xgb",0.279085648491147,38.7053231117008,38.6639533216796,38.6536108741742,38.6547411128719,38.6547411128719,38.418247037624,38.7051540466585,38.6438491032016,38.7081657458159,38.4971523025562,38.6559207436359,38.6628150939941,0,0,0,0,0,0,0,0.8,0,0,0,0.2
"all_measured_520_analysis_set","within_cow_random5",2,"StrictHierarchicalEBResidualXGB",75,"C026","stable_cool","S01","measurement_group_1","measurement_status_1",33.9,11.2,15,38.6,38.6537008035574,-0.0537008035573834,"may_session_hour+eb_exact+direct_xgb",0.279085648491147,38.7053231117008,38.6932390359653,38.6902180170314,38.326277119472,38.391969918152,38.318247037624,38.7051540466585,38.6438491032016,38.7081657458159,38.5716706071027,38.6833210372788,38.6931076049805,0,0,0,0,0,0,0,0.8,0,0,0,0.2
"all_measured_520_analysis_set","within_cow_random5",2,"StrictHierarchicalEBResidualXGB",82,"C016","stable_cool","S01","measurement_group_1","measurement_status_1",32.2,6.9,12,38,38.5697656304409,-0.569765630440919,"may_session_hour+eb_exact+direct_xgb",0.279085648491147,38.7706853940407,38.7182634920635,38.7051580165692,38.6547411128719,38.3178958440779,38.6547411128719,38.7705144940602,38.5532381125751,38.776589118315,38.640743644935,38.6919581481077,38.6358757019043,0,0,0,0,0,0,0,0.8,0,0,0,0.2
"all_measured_520_analysis_set","within_cow_random5",2,"StrictHierarchicalEBResidualXGB",83,"C016","stable_cool","S01","measurement_group_1","measurement_status_1",31.9,9.3,13,38.1,38.580083623605,-0.480083623604976,"may_session_hour+eb_exact+direct_xgb",0.279085648491147,38.7706853940407,38.7162431475514,38.7026325859291,38.6547411128719,38.6547411128719,38.3273705564359,38.7705144940602,38.5532381125751,38.776589118315,38.6359824185479,38.7088952448027,38.6874656677246,0,0,0,0,0,0,0,0.8,0,0,0,0.2
"all_measured_520_analysis_set","within_cow_random5",2,"StrictHierarchicalEBResidualXGB",95,"C022","stable_cool","S01","measurement_group_1","measurement_status_1",32.5,8,13,38.7,38.6165073167771,0.0834926832228859,"may_session_hour+eb_exact+direct_xgb",0.279085648491147,38.4085676458949,38.4271809722042,38.438944564437,38.6547411128719,38.6547411128719,38.6547411128719,38.4526331069717,38.6696152403318,38.4433628516147,38.3746999632085,38.4225458514622,38.4040756225586,0,0,0,0,0,0,0,0.8,0,0,0,0.2
"all_measured_520_analysis_set","within_cow_random5",2,"StrictHierarchicalEBResidualXGB",98,"C022","stable_cool","S01","measurement_group_1","measurement_status_1",33.3,11.2,15,38,38.6216052782029,-0.6216052782029,"may_session_hour+eb_exact+direct_xgb",0.279085648491147,38.6360676458949,38.6352166864899,38.6055517072942,38.6547411128719,38.6547411128719,38.318247037624,38.4526331069717,38.6696152403318,38.4433628516147,38.383624945576,38.6205446008471,38.4295654296875,0,0,0,0,0,0,0,0.8,0,0,0,0.2
"all_measured_520_analysis_set","within_cow_random5",2,"StrictHierarchicalEBResidualXGB",100,"C022","stable_cool","S01","measurement_group_1","measurement_status_1",31.5,6,21,38.2,38.4505135368884,-0.250513536888377,"may_session_hour+eb_exact+direct_xgb",0.279085648491147,38.438022672781,38.5127733463345,38.5338374317717,38.6547411128719,38.6547411128719,38.818247037624,38.4526331069717,38.4115878134445,38.4433628516147,38.5823307339363,38.5717268848716,38.6062164306641,0,0,0,0,0,0,0,0.8,0,0,0,0.2
"all_measured_520_analysis_set","within_cow_random5",2,"StrictHierarchicalEBResidualXGB",104,"C014","stable_cool","S01","measurement_group_1","measurement_status_1",30.4,5,11,38.5,38.2655399837943,0.234460016205745,"may_session_hour+eb_exact+direct_xgb",0.279085648491147,38.2842445083296,38.3427552982857,38.3670731494677,38.326277119472,38.391969918152,38.4773705564359,38.3431397864089,38.2608152080143,38.3259729083503,38.2384303448099,38.3128934699734,38.2844390869141,0,0,0,0,0,0,0,0.8,0,0,0,0.2
"all_measured_520_analysis_set","within_cow_random5",2,"StrictHierarchicalEBResidualXGB",106,"C014","stable_cool","S01","measurement_group_1","measurement_status_1",31.6,6.8,12,38.1,38.0673742691585,0.0326257308415165,"may_session_hour+eb_exact+direct_xgb",0.279085648491147,38.3192445083297,38.3574721304896,38.3099891219646,38.6547411128719,38.6547411128719,38.6509482225744,38.3431397864089,38.0218675633158,38.3259729083503,38.2346577397619,38.339458753747,38.2494010925293,0,0,0,0,0,0,0,0.8,0,0,0,0.2
"all_measured_520_analysis_set","within_cow_random5",2,"StrictHierarchicalEBResidualXGB",115,"C014","stable_cool","S01","measurement_group_1","measurement_status_1",31,5.5,23,38.4,38.5784510909992,-0.178451090999204,"may_session_hour+eb_exact+direct_xgb",0.279085648491147,38.3445387979753,38.390911703812,38.4025049302711,38.6547411128719,38.6547411128719,38.6547411128719,38.3431397864089,38.6242670192666,38.3259729083503,38.6067671919859,38.406953476252,38.3951873779297,0,0,0,0,0,0,0,0.8,0,0,0,0.2
"all_measured_520_analysis_set","within_cow_random5",2,"StrictHierarchicalEBResidualXGB",118,"C023","stable_cool","S01","measurement_group_1","measurement_status_1",32.6,6.1,11,39.4,38.6192831017776,0.780716898222352,"may_session_hour+eb_exact+direct_xgb",0.279085648491147,38.8146435750835,38.7677727306789,38.7735996869102,38.6547411128719,38.6547411128719,38.118247037624,38.9238243532151,38.5516965362186,38.937695988544,38.8905668281271,38.7561729729703,38.8896293640137,0,0,0,0,0,0,0,0.8,0,0,0,0.2
"all_measured_520_analysis_set","within_cow_random5",2,"StrictHierarchicalEBResidualXGB",126,"C023","stable_cool","S01","measurement_group_1","measurement_status_1",32.1,9,19,39.1,39.3825795086425,-0.282579508642499,"may_session_hour+eb_exact+direct_xgb",0.279085648491147,38.9238103940407,38.8919069432841,38.883931080595,39.1790285043412,39.0833311610463,39.018247037624,38.9238243532151,39.4494739661864,38.937695988544,39.0790187049722,38.9270644896852,39.1150016784668,0,0,0,0,0,0,0,0.8,0,0,0,0.2
"all_measured_520_analysis_set","within_cow_random5",2,"StrictHierarchicalEBResidualXGB",128,"C023","stable_cool","S01","measurement_group_1","measurement_status_1",33.8,5.4,22,39.4,39.0618992840908,0.338100715909228,"may_session_hour+eb_exact+direct_xgb",0.279085648491147,38.9238103940407,38.8576890440387,38.8411587065382,38.6547411128719,38.6547411128719,38.6547411128719,38.9238243532151,39.0697981163439,38.937695988544,39.1843775178547,38.8747549732876,39.0303039550781,0,0,0,0,0,0,0,0.8,0,0,0,0.2
"all_measured_520_analysis_set","within_cow_random5",2,"StrictHierarchicalEBResidualXGB",131,"C011","stable_cool","S01","measurement_group_1","measurement_status_1",30.2,16,12,38,38.1210903719098,-0.121090371909794,"may_session_hour+eb_exact+direct_xgb",0.279085648491147,38.2442529500835,38.2975546670496,38.3157978104985,38.6547411128719,38.391969918152,38.6547411128719,38.2740825691776,38.1022754404732,38.254909729002,38.1000228216302,38.2640548971831,38.1963500976562,0,0,0,0,0,0,0,0.8,0,0,0,0.2
"all_measured_520_analysis_set","within_cow_random5",2,"StrictHierarchicalEBResidualXGB",133,"C011","stable_cool","S01","measurement_group_1","measurement_status_1",31.9,20.8,14,38.1,38.124269540611,-0.0242695406109661,"may_session_hour+eb_exact+direct_xgb",0.279085648491147,38.2442529500835,38.319650127924,38.3434171365915,38.6547411128719,38.6547411128719,38.6547411128719,38.2740825691776,38.1022754404732,38.254909729002,38.0276863176834,38.3011032132422,38.2122459411621,0,0,0,0,0,0,0,0.8,0,0,0,0.2
"all_measured_520_analysis_set","within_cow_random5",2,"StrictHierarchicalEBResidualXGB",139,"C004","stable_cool","S01","measurement_group_1","measurement_status_1",28.8,7.9,1,37.8,37.966884107944,-0.166884107944028,"may_session_hour+eb_exact+direct_xgb",0.279085648491147,37.647768727374,37.8753594116009,37.9322570826576,38.6547411128719,38.6547411128719,38.6547411128719,37.6462421935907,38.0197213534969,37.5951387366356,37.6114959839657,37.8489916019774,37.7555351257324,0,0,0,0,0,0,0,0.8,0,0,0,0.2
"all_measured_520_analysis_set","within_cow_random5",2,"StrictHierarchicalEBResidualXGB",142,"C004","stable_cool","S01","measurement_group_1","measurement_status_1",30.6,9.4,9,37.6,37.7037676178328,-0.103767617832837,"may_session_hour+eb_exact+direct_xgb",0.279085648491147,37.647768727374,37.8766291655064,37.9338442750394,38.6547411128719,38.6547411128719,38.6547411128719,37.6462421935907,37.6917660637339,37.5951387366356,37.6068418438478,37.8439268312812,37.7517738342285,0,0,0,0,0,0,0,0.8,0,0,0,0.2
"all_measured_520_analysis_set","within_cow_random5",2,"StrictHierarchicalEBResidualXGB",148,"C004","stable_cool","S01","measurement_group_1","measurement_status_1",34.3,12.7,17,37.7,37.9919543824752,-0.291954382475232,"may_session_hour+eb_exact+direct_xgb",0.279085648491147,37.647768727374,37.8421730822783,37.8907741710044,38.6547411128719,38.6547411128719,38.6547411128719,37.6462421935907,38.0438761217098,37.5951387366356,37.6565104577481,37.8222517589938,37.7842674255371,0,0,0,0,0,0,0,0.8,0,0,0,0.2
"all_measured_520_analysis_set","within_cow_random5",2,"StrictHierarchicalEBResidualXGB",153,"C028","stable_hot","S01","measurement_group_1","measurement_status_1",37.6,35.5,13,40.2,40.1652883543425,0.0347116456574952,"tight_session+may_session+may_session_hour",0.332120078687704,40.071262389214,39.8653239625039,39.8230869372769,39.2565612400567,39.2565612400567,39.2565612400567,40.051107883064,39.6807058238701,40.1907926980516,39.9839167549014,39.8307111131492,39.7996597290039,0,0,0,0,0,0,0,0.0499999999999999,0.95,0,0,0
"all_measured_520_analysis_set","within_cow_random5",2,"StrictHierarchicalEBResidualXGB",156,"C028","stable_hot","S01","measurement_group_1","measurement_status_1",39.9,38.3,21,40.3,40.2081111903755,0.0918888096244856,"tight_session+may_session+may_session_hour",0.332120078687704,40.1288028960169,39.9418698156682,39.895136545581,39.2565612400567,39.2565612400567,39.2565612400567,40.0227200655394,39.7602621134122,40.2316821944262,40.1767738149773,39.9919864291755,40.0376777648926,0,0,0,0,0,0,0,0.0499999999999999,0.95,0,0,0
"all_measured_520_analysis_set","within_cow_random5",2,"StrictHierarchicalEBResidualXGB",168,"C008","stable_cool","S01","measurement_group_1","measurement_status_1",36.6,9.3,11,38.1,38.1467600785274,-0.0467600785274485,"may_session_hour+eb_exact+direct_xgb",0.279085648491147,38.1733934837093,38.2536208731706,38.2782648132677,38.6547411128719,38.6547411128719,38.6547411128719,38.2010778743419,38.1409009648585,38.1781921717501,38.2186241822128,38.2234859289254,38.1701965332031,0,0,0,0,0,0,0,0.8,0,0,0,0.2
"all_measured_520_analysis_set","within_cow_random5",2,"StrictHierarchicalEBResidualXGB",175,"C008","stable_cool","S01","measurement_group_1","measurement_status_1",33.6,7.9,1,38.2,38.2654183736745,-0.065418373674504,"may_session_hour+eb_exact+direct_xgb",0.279085648491147,38.2019353940407,38.3186927449342,38.3478820826576,38.6547411128719,38.6547411128719,38.6547411128719,38.2010778743419,38.2801620204379,38.1781921717501,38.2728346862491,38.3252256221522,38.2064437866211,0,0,0,0,0,0,0,0.8,0,0,0,0.2
"all_measured_520_analysis_set","within_cow_random5",2,"StrictHierarchicalEBResidualXGB",178,"C030","stable_cool","S01","measurement_group_1","measurement_status_1",32,6.6,8,40.3,40.2110579360591,0.0889420639409124,"may_session_hour+eb_exact+direct_xgb",0.279085648491147,40.141518727374,39.8211544602246,39.7410633934373,38.6547411128719,38.6547411128719,38.6547411128719,40.143002756971,40.2115562991632,40.2188791946509,40.3153311651167,39.8985551594825,40.2090644836426,0,0,0,0,0,0,0,0.8,0,0,0,0.2
"all_measured_520_analysis_set","within_cow_random5",2,"StrictHierarchicalEBResidualXGB",186,"C030","stable_cool","S01","measurement_group_1","measurement_status_1",32.2,3.5,20,40.2,40.0351937762996,0.164806223700417,"may_session_hour+eb_exact+direct_xgb",0.279085648491147,40.141518727374,39.8283605123921,39.7500709586466,38.6547411128719,38.6547411128719,38.6547411128719,40.143002756971,39.9683477272715,40.2188791946509,40.2415871411515,39.9122334565087,40.3025779724121,0,0,0,0,0,0,0,0.8,0,0,0,0.2
"all_measured_520_analysis_set","within_cow_random5",2,"StrictHierarchicalEBResidualXGB",189,"C030","stable_cool","S01","measurement_group_1","measurement_status_1",27.8,6.9,21,40.2,40.0210099689265,0.178990031073461,"may_session_hour+eb_exact+direct_xgb",0.279085648491147,40.1517529500835,39.883400127924,39.8146671365915,38.6547411128719,38.6547411128719,38.6547411128719,40.143002756971,39.9683477272715,40.2188791946509,40.1985977620152,39.9282529844706,40.2316589355469,0,0,0,0,0,0,0,0.8,0,0,0,0.2
"all_measured_520_analysis_set","within_cow_random5",2,"StrictHierarchicalEBResidualXGB",197,"C018","stable_cool","S01","measurement_group_1","measurement_status_1",34.9,13.7,18,38.8,38.8034172289496,-0.0034172289496297,"may_session_hour+eb_exact+direct_xgb",0.279085648491147,38.7938623250835,38.8088399251364,38.812375086232,38.6547411128719,38.6547411128719,38.6547411128719,38.7924159025109,38.7968254378594,38.7996043854905,38.9104843512966,38.8074377552047,38.8297843933105,0,0,0,0,0,0,0,0.8,0,0,0,0.2
"all_measured_520_analysis_set","within_cow_random5",2,"StrictHierarchicalEBResidualXGB",201,"C018","stable_cool","S01","measurement_group_1","measurement_status_1",34.1,4,0,38.8,38.8020757969774,-0.0020757969773868,"may_session_hour+eb_exact+direct_xgb",0.279085648491147,38.7938623250835,38.760137411276,38.7514969439065,38.6547411128719,38.6547411128719,38.6547411128719,38.7924159025109,38.7925756345884,38.7996043854905,38.8649140108667,38.7827516500597,38.8400764465332,0,0,0,0,0,0,0,0.8,0,0,0,0.2
"all_measured_520_analysis_set","within_cow_random5",2,"StrictHierarchicalEBResidualXGB",202,"C025","stable_cool","S01","measurement_group_1","measurement_status_1",29.2,13.6,14,39.4,39.3619406415343,0.0380593584657305,"may_session_hour+eb_exact+direct_xgb",0.279085648491147,39.4018934837093,39.245058166249,39.2028426796157,38.6547411128719,38.6547411128719,38.6547411128719,39.3837539306799,39.3683231713026,39.421016599231,39.2007249235604,39.2242673657967,39.3364105224609,0,0,0,0,0,0,0,0.8,0,0,0,0.2
"all_measured_520_analysis_set","within_cow_random5",2,"StrictHierarchicalEBResidualXGB",214,"C010","stable_hot","S01","measurement_group_1","measurement_status_1",35.5,31.2,14,38.6,38.6116495961944,-0.0116495961944452,"tight_session+may_session+may_session_hour",0.332120078687704,38.681210737132,38.7688160698284,38.7934859508593,39.2565612400567,39.2565612400567,39.2782806200283,38.6920085271101,38.6664923518378,38.6087631353711,38.6222555786603,38.7300120453705,38.6353988647461,0,0,0,0,0,0,0,0.0499999999999999,0.95,0,0,0
"all_measured_520_analysis_set","within_cow_random5",2,"StrictHierarchicalEBResidualXGB",218,"C010","stable_hot","S01","measurement_group_1","measurement_status_1",39,34.2,12,38.6,38.6105867319119,-0.0105867319118573,"tight_session+may_session+may_session_hour",0.332120078687704,38.6848748251333,38.7446451694877,38.7617674321471,39.2565612400567,39.2565612400567,39.2565612400567,38.6920085271101,38.6452350661862,38.6087631353711,38.5186537237863,38.7040756293745,38.5963172912598,0,0,0,0,0,0,0,0.0499999999999999,0.95,0,0,0
"all_measured_520_analysis_set","within_cow_random5",2,"StrictHierarchicalEBResidualXGB",220,"C010","stable_hot","S01","measurement_group_1","measurement_status_1",38,32.9,20,38.6,38.6267478897746,-0.0267478897746329,"tight_session+may_session+may_session_hour",0.332120078687704,38.698710737132,38.8210992050217,38.8516523698509,39.2565612400567,39.2565612400567,39.2565612400567,38.7260569393165,38.9623693225158,38.6090836038409,38.7204960769916,38.8388203886198,38.8053817749023,0,0,0,0,0,0,0,0.0499999999999999,0.95,0,0,0
"all_measured_520_analysis_set","within_cow_random5",2,"StrictHierarchicalEBResidualXGB",234,"C019","stable_hot","S01","measurement_group_1","measurement_status_1",31.6,21.1,23,39.5,39.5014759401681,-0.00147594016807062,"tight_session+may_session+may_session_hour",0.332120078687704,39.4802380851322,39.5119585629837,39.5186535627673,39.2565612400567,39.2565612400567,39.2565612400567,39.4956262459802,39.5424089272551,39.4993215724266,39.9673369014166,39.5923742216364,39.790168762207,0,0,0,0,0,0,0,0.0499999999999999,0.95,0,0,0
"all_measured_520_analysis_set","within_cow_random5",2,"StrictHierarchicalEBResidualXGB",235,"C019","stable_hot","S01","measurement_group_1","measurement_status_1",35.4,34,16,39.5,39.4933104418061,0.00668955819391215,"tight_session+may_session+may_session_hour",0.332120078687704,39.4662380851322,39.4135858565491,39.4145707303742,39.2565612400567,39.362812173348,39.3282806200283,39.4370859504602,39.4443536173419,39.4958871167779,39.2888861301033,39.3554609417838,39.3325729370117,0,0,0,0,0,0,0,0.0499999999999999,0.95,0,0,0
"all_measured_520_analysis_set","within_cow_random5",2,"StrictHierarchicalEBResidualXGB",236,"C019","stable_hot","S01","measurement_group_1","measurement_status_1",36.2,36.9,11,39.4,39.379595083119,0.0204049168809988,"tight_session+may_session+may_session_hour",0.332120078687704,39.4725528960169,39.4163562018846,39.4023070283516,39.2565612400567,39.2565612400567,39.2565612400567,39.2762237960679,39.1339522144848,39.3925236551524,39.2757917202747,39.326668668208,39.1289825439453,0,0,0,0,0,0,0,0.0499999999999999,0.95,0,0,0
"all_measured_520_analysis_set","within_cow_random5",2,"StrictHierarchicalEBResidualXGB",239,"C005","stable_hot","S01","measurement_group_1","measurement_status_1",34.1,33.9,11,37.8,37.8024242255123,-0.00242422551232835,"tight_session+may_session+may_session_hour",0.332120078687704,37.9492112509377,38.1976828858213,38.2598007945421,39.2565612400567,39.2565612400567,39.2565612400567,38.0413506323733,38.3312846580833,37.7745894659033,37.7808197410761,38.0904276505069,37.7561950683594,0,0,0,0,0,0,0,0.0499999999999999,0.95,0,0,0
"all_measured_520_analysis_set","within_cow_random5",2,"StrictHierarchicalEBResidualXGB",243,"C005","stable_hot","S01","measurement_group_1","measurement_status_1",39.1,35,14,37.8,37.802194000611,-0.00219400061097019,"tight_session+may_session+may_session_hour",0.332120078687704,37.9492112509377,38.1829703877302,38.2414101719283,39.2565612400567,39.2565612400567,39.2565612400567,38.0413506323733,38.3266801600562,37.7745894659033,37.6307175158779,38.0962710956664,37.8362617492676,0,0,0,0,0,0,0,0.0499999999999999,0.95,0,0,0
"all_measured_520_analysis_set","within_cow_random5",2,"StrictHierarchicalEBResidualXGB",249,"C005","stable_hot","S01","measurement_group_1","measurement_status_1",34.1,32.1,1,38,38.0670809335786,-0.0670809335785734,"tight_session+may_session+may_session_hour",0.332120078687704,37.9230992820236,38.2309009811368,38.3120479723477,39.2565612400567,39.2565612400567,39.2565612400567,38.3942426736233,38.7129869856957,38.033085878204,37.9603937250136,38.1584608113852,37.881233215332,0,0,0,0,0,0,0,0.0499999999999999,0.95,0,0,0
"all_measured_520_analysis_set","within_cow_random5",2,"StrictHierarchicalEBResidualXGB",253,"C017","stable_hot","S01","measurement_group_1","measurement_status_1",31.5,30,12,38.9,39.1039077879285,-0.203907787928479,"tight_session+may_session+may_session_hour",0.332120078687704,39.4641534279246,39.3678743026922,39.3438045213841,39.2565612400567,39.2565612400567,39.2565612400567,39.1269652276922,38.9845007542973,39.1101923686459,39.4293902240412,39.3649142761952,39.3262100219727,0,0,0,0,0,0,0,0.0499999999999999,0.95,0,0,0
"all_measured_520_analysis_set","within_cow_random5",2,"StrictHierarchicalEBResidualXGB",258,"C017","stable_hot","S01","measurement_group_1","measurement_status_1",35.9,33,19,39.1,39.4216489394207,-0.321648939420662,"tight_session+may_session+may_session_hour",0.332120078687704,39.4641534279246,39.4115420589597,39.3983892167185,39.2565612400567,39.0807644400084,39.3713122480113,39.3955814668128,39.2328334267625,39.4315865979816,39.5495873906962,39.4327280903609,39.4047622680664,0,0,0,0,0,0,0,0.0499999999999999,0.95,0,0,0
"all_measured_520_analysis_set","within_cow_random5",2,"StrictHierarchicalEBResidualXGB",259,"C017","stable_hot","S01","measurement_group_1","measurement_status_1",36.7,34.5,19,39.6,39.334320801857,0.265679198143026,"tight_session+may_session+may_session_hour",0.332120078687704,39.4641534279246,39.4115420589597,39.3983892167185,39.2565612400567,39.2565612400567,39.0782806200283,39.3431668064266,39.3051093681419,39.3358582457367,39.5009798018321,39.3828311739863,39.2815437316895,0,0,0,0,0,0,0,0.0499999999999999,0.95,0,0,0
"all_measured_520_analysis_set","within_cow_random5",2,"StrictHierarchicalEBResidualXGB",272,"C020","stable_hot","S01","measurement_group_1","measurement_status_1",37.7,36.9,14,39.1,39.1584431252214,-0.0584431252214372,"tight_session+may_session+may_session_hour",0.332120078687704,39.3999852447457,39.3435895827766,39.3294906672843,39.2565612400567,39.2565612400567,39.2565612400567,39.1875891878187,39.1619115218999,39.1582605780278,39.1305976976739,39.2908799623306,39.1412544250488,0,0,0,0,0,0,0,0.0499999999999999,0.95,0,0,0
"all_measured_520_analysis_set","within_cow_random5",2,"StrictHierarchicalEBResidualXGB",275,"C020","stable_hot","S01","measurement_group_1","measurement_status_1",37.1,35.5,19,40.2,40.2198107912294,-0.019810791229439,"tight_session+may_session+may_session_hour",0.332120078687704,39.4174878269152,39.373959541264,39.4101700709813,39.2565612400567,39.2565612400567,39.4188537466855,39.9148031851361,39.5703275436727,40.2539941200482,39.3965448241581,39.3654034379302,39.2638320922852,0,0,0,0,0,0,0,0.0499999999999999,0.95,0,0,0
"all_measured_520_analysis_set","within_cow_random5",2,"StrictHierarchicalEBResidualXGB",281,"C020","stable_hot","S01","measurement_group_1","measurement_status_1",37,35.2,22,40.2,40.2225876320211,-0.0225876320211,"tight_session+may_session+may_session_hour",0.332120078687704,39.4174878269152,39.4270027233225,39.4265685324328,39.2565612400567,39.2565612400567,39.7782806200283,39.9148031851361,39.6258643595059,40.2539941200482,39.4857627886167,39.4736345326465,39.5447082519531,0,0,0,0,0,0,0,0.0499999999999999,0.95,0,0,0
"all_measured_520_analysis_set","within_cow_random5",2,"StrictHierarchicalEBResidualXGB",286,"C009","stable_hot","S01","measurement_group_1","measurement_status_1",37.2,35.4,14,39.4,39.6638359210865,-0.263835921086468,"tight_session+may_session+may_session_hour",0.332120078687704,40.0121362293503,39.8333103704602,39.7886039057377,39.2565612400567,38.5479973585332,38.5855204133522,39.3991880705689,39.2092744948834,39.6877602066761,39.6718445862741,39.7713337662966,39.738037109375,0,0,0,0,0,0,0,0.0499999999999999,0.95,0,0,0
"all_measured_520_analysis_set","within_cow_random5",2,"StrictHierarchicalEBResidualXGB",290,"C009","stable_hot","S01","measurement_group_1","measurement_status_1",36.7,33,21,38.7,39.7701729991346,-1.07017299913459,"tight_session+may_session+may_session_hour",0.332120078687704,40.097512389214,39.9156177507992,40.0862718788439,39.2565612400567,39.2565612400567,39.7188537466856,39.595031285883,39.4822644066355,39.7853260829503,39.9911503812665,39.9258319640811,39.9753799438477,0,0,0,0,0,0,0,0.0499999999999999,0.95,0,0,0
"all_measured_520_analysis_set","within_cow_random5",2,"StrictHierarchicalEBResidualXGB",296,"C012","stable_hot","S01","measurement_group_1","measurement_status_1",37.9,36.9,15,39,39.082051582176,-0.0820515821759784,"tight_session+may_session+may_session_hour",0.332120078687704,39.7784011396087,39.6379508807084,39.6055110821063,39.2565612400567,39.2565612400567,39.2565612400567,39.1880497141345,39.1966576918032,39.0760196816693,39.559584198466,39.5900960213264,39.5597305297852,0,0,0,0,0,0,0,0.0499999999999999,0.95,0,0,0
"all_measured_520_analysis_set","within_cow_random5",2,"StrictHierarchicalEBResidualXGB",301,"C012","stable_hot","S01","measurement_group_1","measurement_status_1",37.5,35.7,20,39.8,39.5021107236953,0.297889276304701,"tight_session+may_session+may_session_hour",0.332120078687704,39.8244228127494,39.7212528991104,39.6226165441769,39.2565612400567,39.2565612400567,39.3782806200283,39.4676563075664,39.357711178253,39.5097106997712,39.7248512194885,39.7429860229195,39.7741737365723,0,0,0,0,0,0,0,0.0499999999999999,0.95,0,0,0
"all_measured_520_analysis_set","within_cow_random5",2,"StrictHierarchicalEBResidualXGB",302,"C012","stable_hot","S01","measurement_group_1","measurement_status_1",36.8,35,21,40,39.4984918962028,0.501508103797178,"tight_session+may_session+may_session_hour",0.332120078687704,39.7259011396087,39.6205359897526,39.6053049684116,39.2565612400567,39.2565612400567,39.2565612400567,39.4676563075664,39.2853346284035,39.5097106997712,39.8255036674192,39.6397421522947,39.7625999450684,0,0,0,0,0,0,0,0.0499999999999999,0.95,0,0,0
"all_measured_520_analysis_set","within_cow_random5",2,"StrictHierarchicalEBResidualXGB",306,"C006","stable_hot","S01","measurement_group_1","measurement_status_1",30.1,23.5,1,39.8,39.6142549324979,0.185745067502097,"tight_session+may_session+may_session_hour",0.332120078687704,39.1590112293503,39.2192575108708,39.2343190812509,39.2565612400567,39.2565612400567,39.2565612400567,39.5606184727713,39.5836936821184,39.61586341936,39.3015315152417,39.2308300879301,39.3887252807617,0,0,0,0,0,0,0,0.0499999999999999,0.95,0,0,0
"all_measured_520_analysis_set","within_cow_random5",2,"StrictHierarchicalEBResidualXGB",307,"C006","stable_hot","S01","measurement_group_1","measurement_status_1",35.1,31.4,13,38.5,39.464309064208,-0.964309064207988,"tight_session+may_session+may_session_hour",0.332120078687704,39.061184264214,39.0578369833373,39.0727223539436,39.2565612400567,38.7702195807554,39.2565612400567,39.3281330264633,39.1455887162147,39.4810838193655,38.9761985583042,39.0313369370841,39.1080322265625,0,0,0,0,0,0,0,0.0499999999999999,0.95,0,0,0
"all_measured_520_analysis_set","within_cow_random5",2,"StrictHierarchicalEBResidualXGB",314,"C006","stable_hot","S01","measurement_group_1","measurement_status_1",34.4,30.8,21,39.4,39.611151390872,-0.21115139087199,"tight_session+may_session+may_session_hour",0.332120078687704,39.043684264214,39.0754224382992,39.101891672646,39.2565612400567,39.2565612400567,39.2565612400567,39.5606184727713,39.5216228496001,39.61586341936,39.2508988854062,39.1177822225447,39.3929634094238,0,0,0,0,0,0,0,0.0499999999999999,0.95,0,0,0
"all_measured_520_analysis_set","within_cow_random5",2,"StrictHierarchicalEBResidualXGB",321,"C015","stable_hot","S01","measurement_group_1","measurement_status_1",34.7,32,12,38.2,38.2571631107242,-0.0571631107241473,"tight_session+may_session+may_session_hour",0.332120078687704,39.0198098083394,39.3934836553889,39.2402170171694,39.2565612400567,39.5850343955702,39.4782806200283,38.510253661503,38.6546305596852,38.2362437713051,38.7468058575205,39.3223662989693,38.6718292236328,0,0,0,0,0,0,0,0.0499999999999999,0.95,0,0,0
"all_measured_520_analysis_set","within_cow_random5",2,"StrictHierarchicalEBResidualXGB",324,"C015","stable_hot","S01","measurement_group_1","measurement_status_1",34.9,32.4,13,38.5,38.6788192598957,-0.178819259895661,"tight_session+may_session+may_session_hour",0.332120078687704,38.7573098083394,38.8150287081653,38.6168656200143,39.2565612400567,39.2565612400567,38.7282806200283,38.7392245419586,38.7627982012866,38.6743993156119,38.7130148007658,38.7396277447396,38.6600914001465,0,0,0,0,0,0,0,0.0499999999999999,0.95,0,0,0
"all_measured_520_analysis_set","within_cow_random5",2,"StrictHierarchicalEBResidualXGB",327,"C015","stable_hot","S01","measurement_group_1","measurement_status_1",36.5,34.8,15,38.2,38.2622360956195,-0.062236095619518,"tight_session+may_session+may_session_hour",0.332120078687704,38.7223098083394,38.795029054083,38.8378330635304,39.2565612400567,39.1405899511258,39.2565612400567,38.510253661503,38.7560902575926,38.2362437713051,38.6223263131605,38.68364814917,38.5673789978027,0,0,0,0,0,0,0,0.0499999999999999,0.95,0,0,0
"all_measured_520_analysis_set","within_cow_random5",2,"StrictHierarchicalEBResidualXGB",330,"C015","stable_hot","S01","measurement_group_1","measurement_status_1",35.5,33.2,19,38.5,38.4893144559519,0.0106855440480871,"tight_session+may_session+may_session_hour",0.332120078687704,38.8973098083394,38.9812248803967,38.9803071784558,39.2565612400567,39.0665158770517,39.1282806200283,38.6749676588203,38.7644344515674,38.4748344561827,38.9290226261714,38.9742628851266,38.8250503540039,0,0,0,0,0,0,0,0.0499999999999999,0.95,0,0,0
"all_measured_520_analysis_set","within_cow_random5",2,"StrictHierarchicalEBResidualXGB",343,"C007","stable_hot","S01","measurement_group_1","measurement_status_1",37.1,33.5,14,39.3,38.8841664645724,0.415833535427559,"tight_session+may_session+may_session_hour",0.332120078687704,39.5088756501469,39.4307019070975,39.4111584713351,39.2565612400567,39.2565612400567,39.2565612400567,38.9593782687179,38.9233981236802,38.8821016404089,39.2996657020163,39.3823459365658,39.2676200866699,0,0,0,0,0,0,0,0.0499999999999999,0.95,0,0,0
"all_measured_520_analysis_set","within_cow_random5",2,"StrictHierarchicalEBResidualXGB",344,"C007","stable_hot","S01","measurement_group_1","measurement_status_1",39.2,37.2,14,39.9,39.8024939693592,0.0975060306407656,"tight_session+may_session+may_session_hour",0.332120078687704,39.5088756501469,39.4307019070975,39.4111584713351,39.2565612400567,39.2565612400567,39.2565612400567,39.6803469926663,39.4822040950508,39.8193513311649,39.2099238396347,39.3929030739955,39.3728523254395,0,0,0,0,0,0,0,0.0499999999999999,0.95,0,0,0
"all_measured_520_analysis_set","within_cow_random5",2,"StrictHierarchicalEBResidualXGB",351,"C007","stable_hot","S01","measurement_group_1","measurement_status_1",37.7,33.1,21,40.7,40.4456378075347,0.254362192465344,"tight_session+may_session+may_session_hour",0.332120078687704,39.4723224113712,39.417207617077,39.4093035461638,39.2565612400567,39.2565612400567,39.2565612400567,39.9020646184609,39.567700030485,40.4918450589583,39.5624309555712,39.4580659156171,39.6107521057129,0,0,0,0,0,0,0,0.0499999999999999,0.95,0,0,0
"all_measured_520_analysis_set","within_cow_random5",2,"StrictHierarchicalEBResidualXGB",352,"C007","stable_hot","S01","measurement_group_1","measurement_status_1",35,28.7,22,39.2,39.4802861117236,-0.280286111723555,"tight_session+may_session+may_session_hour",0.332120078687704,39.6463904681057,39.6084103757636,39.5768147569347,39.2565612400567,39.2565612400567,39.8282806200283,39.4797267504506,39.5724776989736,39.4754339229209,39.725362317306,39.6717485884325,39.8325309753418,0,0,0,0,0,0,0,0.0499999999999999,0.95,0,0,0
"all_measured_520_analysis_set","within_cow_random5",2,"StrictHierarchicalEBResidualXGB",358,"C013","stable_hot","S01","measurement_group_1","measurement_status_1",34.7,30,12,38.7,38.6521929379991,0.047807062000885,"tight_session+may_session+may_session_hour",0.332120078687704,38.9913165140956,38.989604771629,38.9891768360123,39.2565612400567,39.2565612400567,39.2565612400567,38.8599383401765,38.881925600823,38.6401017452189,38.7104778238334,38.9563106526881,38.8364639282227,0,0,0,0,0,0,0,0.0499999999999999,0.95,0,0,0
"all_measured_520_analysis_set","within_cow_random5",2,"StrictHierarchicalEBResidualXGB",364,"C013","stable_hot","S01","measurement_group_1","measurement_status_1",33.8,27.6,22,39.1,39.1274922195233,-0.0274922195233245,"tight_session+may_session+may_session_hour",0.332120078687704,38.9826890674955,39.079537001912,39.105135539434,39.2565612400567,39.2565612400567,39.2565612400567,39.1444550088623,39.1727288762689,39.1251113428525,39.0396439070433,39.136099861477,39.1422386169434,0,0,0,0,0,0,0,0.0499999999999999,0.95,0,0,0
"all_measured_520_analysis_set","within_cow_random5",2,"StrictHierarchicalEBResidualXGB",370,"C024","stable_hot","S01","measurement_group_1","measurement_status_1",36,33,14,38.3,38.1814391246667,0.118560875333301,"tight_session+may_session+may_session_hour",0.332120078687704,38.9209088795468,38.9622100326767,38.9937026691255,39.2565612400567,39.2565612400567,39.2565612400567,38.3797759204047,38.5466565972766,38.1622171524241,38.8813440786328,38.8138891938677,38.7261581420898,0,0,0,0,0,0,0,0.0499999999999999,0.95,0,0,0
"all_measured_520_analysis_set","within_cow_random5",2,"StrictHierarchicalEBResidualXGB",372,"C024","stable_hot","S01","measurement_group_1","measurement_status_1",37.7,36.2,15,38.2,38.4999569805524,-0.299956980552437,"tight_session+may_session+may_session_hour",0.332120078687704,38.9384088795468,38.9673510355071,38.9929414226636,39.2565612400567,39.2565612400567,39.2565612400567,38.6947273457135,38.8759981523295,38.4801653399326,38.8099860455767,38.8638829079584,38.7627563476562,0,0,0,0,0,0,0,0.0499999999999999,0.95,0,0,0
"all_measured_520_analysis_set","within_cow_random5",2,"StrictHierarchicalEBResidualXGB",374,"C024","stable_hot","S01","measurement_group_1","measurement_status_1",37.7,35.7,19,38.7,38.9658989456729,-0.26589894567293,"tight_session+may_session+may_session_hour",0.332120078687704,39.0526168236931,39.0823127755745,39.0897367635448,39.2565612400567,39.4368862474221,39.3782806200283,39.0406471012739,39.1084715597926,38.9583951238772,39.0473776648125,39.0469512061997,38.9596328735352,0,0,0,0,0,0,0,0.0499999999999999,0.95,0,0,0
"all_measured_520_analysis_set","within_cow_random5",2,"StrictHierarchicalEBResidualXGB",379,"C024","stable_hot","S01","measurement_group_1","measurement_status_1",38.1,35.1,21,39.2,38.963184582942,0.23681541705804,"tight_session+may_session+may_session_hour",0.332120078687704,39.1275342687339,39.1397846646269,39.0840901885283,39.2565612400567,39.2565612400567,39.2188537466856,39.0406471012739,39.0541843051732,38.9583951238772,39.0561661015629,39.1201617184688,39.0365142822266,0,0,0,0,0,0,0,0.0499999999999999,0.95,0,0,0
"all_measured_520_analysis_set","within_cow_random5",2,"StrictHierarchicalEBResidualXGB",387,"C001","stable_cool","S01","measurement_group_1","measurement_status_1",35.3,14.4,14,38.2,38.2175822393015,-0.0175822393015181,"may_session_hour+eb_exact+direct_xgb",0.279085648491147,38.2611837449661,38.3335490995721,38.3605444295293,38.6547411128719,38.6547411128719,38.6547411128719,38.3164835224841,38.2077897955869,38.3008513789406,38.3199206830183,38.3147619316058,38.2567520141602,0,0,0,0,0,0,0,0.8,0,0,0,0.2
"all_measured_520_analysis_set","within_cow_random5",2,"StrictHierarchicalEBResidualXGB",389,"C002","stable_cool","S01","measurement_group_1","measurement_status_1",34.2,4.8,12,39,38.9607745188851,0.0392254811148902,"may_session_hour+eb_exact+direct_xgb",0.279085648491147,39.0591267580716,38.9499006208331,38.932539508903,38.6547411128719,38.6547411128719,38.6547411128719,39.1222574334677,38.9458783887797,39.1485183628958,39.0387154344269,38.9304382682146,39.0203590393066,0,0,0,0,0,0,0,0.8,0,0,0,0.2
"all_measured_520_analysis_set","within_cow_random5",2,"StrictHierarchicalEBResidualXGB",390,"C002","stable_cool","S01","measurement_group_1","measurement_status_1",33.4,11.7,12,39,38.9557307261605,0.0442692738395039,"may_session_hour+eb_exact+direct_xgb",0.279085648491147,39.0591267580716,38.9499006208331,38.932539508903,38.6547411128719,38.6547411128719,38.6547411128719,39.1222574334677,38.9458783887797,39.1485183628958,39.0550844716441,38.9358263669834,38.9951400756836,0,0,0,0,0,0,0,0.8,0,0,0,0.2
"all_measured_520_analysis_set","within_cow_random5",2,"StrictHierarchicalEBResidualXGB",393,"C003","stable_cool","S01","measurement_group_1","measurement_status_1",34.1,10.9,11,38.6,38.7041002849421,-0.104100284942128,"may_session_hour+eb_exact+direct_xgb",0.279085648491147,38.6442445083296,38.6294219649523,38.6204064828011,38.6547411128719,38.6547411128719,38.6547411128719,38.6107155439847,38.7390206579965,38.6084632664771,38.5998944761038,38.6139021438673,38.5644187927246,0,0,0,0,0,0,0,0.8,0,0,0,0.2
"all_measured_520_analysis_set","within_cow_random5",2,"StrictHierarchicalEBResidualXGB",395,"C003","stable_cool","S01","measurement_group_1","measurement_status_1",32,8,12,38.5,38.4925568684459,0.0074431315540906,"may_session_hour+eb_exact+direct_xgb",0.279085648491147,38.5940679345422,38.5772143463233,38.5757551951775,38.6547411128719,38.6547411128719,38.4273705564359,38.6107155439847,38.4828168283552,38.6084632664771,38.5073995181863,38.5572515922228,38.5315170288086,0,0,0,0,0,0,0,0.8,0,0,0,0.2
"all_measured_520_analysis_set","within_cow_random5",2,"StrictHierarchicalEBResidualXGB",400,"C004","stable_cool","S01","measurement_group_1","measurement_status_1",27.6,7.5,13,37.5,37.6020679875163,-0.102067987516335,"may_session_hour+eb_exact+direct_xgb",0.279085648491147,37.6219092000835,37.7975916142042,37.8456682131917,38.6547411128719,38.6547411128719,38.6547411128719,37.6462421935907,37.5800767446493,37.5951387366356,37.3838198599746,37.736484336334,37.6900329589844,0,0,0,0,0,0,0,0.8,0,0,0,0.2
"all_measured_520_analysis_set","within_cow_random5",2,"StrictHierarchicalEBResidualXGB",405,"C005","stable_hot","S01","measurement_group_1","measurement_status_1",36.3,32.3,17,37.7,37.805517446395,-0.105517446394977,"tight_session+may_session+may_session_hour",0.332120078687704,37.9580992820236,38.2174928357185,38.2809127905749,39.2565612400567,39.2565612400567,39.2565612400567,38.0413506323733,38.3931490757364,37.7745894659033,37.8421448102495,38.1508522724093,37.958683013916,0,0,0,0,0,0,0,0.0499999999999999,0.95,0,0,0
"all_measured_520_analysis_set","within_cow_random5",2,"StrictHierarchicalEBResidualXGB",407,"C006","stable_hot","S01","measurement_group_1","measurement_status_1",29.3,25.1,4,39.6,39.6102438224735,-0.0102438224735124,"tight_session+may_session+may_session_hour",0.332120078687704,39.1590112293503,39.1744117574402,39.1782618894627,39.2565612400567,39.2565612400567,39.2565612400567,39.5606184727713,39.5034714816307,39.61586341936,39.3121857341277,39.1906957016894,39.3479804992676,0,0,0,0,0,0,0,0.0499999999999999,0.95,0,0,0
"all_measured_520_analysis_set","within_cow_random5",2,"StrictHierarchicalEBResidualXGB",408,"C006","stable_hot","S01","measurement_group_1","measurement_status_1",34.6,33,11,39.4,39.4654142891093,-0.0654142891093485,"tight_session+may_session+may_session_hour",0.332120078687704,39.1590112293503,39.1655228685513,39.1671507783516,39.2565612400567,39.2565612400567,39.2565612400567,39.3281330264633,39.1676932142419,39.4810838193655,39.0000586903041,39.1006177764311,39.0289268493652,0,0,0,0,0,0,0,0.0499999999999999,0.95,0,0,0
"all_measured_520_analysis_set","within_cow_random5",2,"StrictHierarchicalEBResidualXGB",411,"C008","stable_cool","S01","measurement_group_1","measurement_status_1",33.9,7.9,1,38.2,38.2654183736745,-0.065418373674504,"may_session_hour+eb_exact+direct_xgb",0.279085648491147,38.2019353940407,38.3186927449342,38.3478820826576,38.6547411128719,38.6547411128719,38.6547411128719,38.2010778743419,38.2801620204379,38.1781921717501,38.2812515337888,38.3261519481812,38.2064437866211,0,0,0,0,0,0,0,0.8,0,0,0,0.2
"all_measured_520_analysis_set","within_cow_random5",2,"StrictHierarchicalEBResidualXGB",413,"C008","stable_cool","S01","measurement_group_1","measurement_status_1",33.5,7.5,10,38.1,38.147564216711,-0.047564216711045,"may_session_hour+eb_exact+direct_xgb",0.279085648491147,38.1840967000835,38.3370574932702,38.3781646245243,38.6547411128719,38.6547411128719,38.6547411128719,38.2010778743419,38.1409009648585,38.1781921717501,38.1403913150441,38.3351594748598,38.1742172241211,0,0,0,0,0,0,0,0.8,0,0,0,0.2
"all_measured_520_analysis_set","within_cow_random5",2,"StrictHierarchicalEBResidualXGB",415,"C009","stable_hot","S01","measurement_group_1","measurement_status_1",35.9,33.8,18,39.7,39.769138661192,-0.0691386611920208,"tight_session+may_session+may_session_hour",0.332120078687704,39.8967380851322,39.751529288892,39.7337732201528,39.2565612400567,39.2565612400567,39.2282806200283,39.595031285883,39.4615776477841,39.7853260829503,39.8886442464264,39.7011245167296,39.8483009338379,0,0,0,0,0,0,0,0.0499999999999999,0.95,0,0,0
"all_measured_520_analysis_set","within_cow_random5",2,"StrictHierarchicalEBResidualXGB",420,"C009","stable_hot","S01","measurement_group_1","measurement_status_1",36.1,32.2,16,39.6,39.6640661459878,-0.0640661459878231,"tight_session+may_session+may_session_hour",0.332120078687704,39.940012389214,39.8105277494902,39.7897479210098,39.2565612400567,39.2565612400567,39.2565612400567,39.3991880705689,39.2138789929105,39.6877602066761,39.8124567743671,39.7829900534267,39.8569259643555,0,0,0,0,0,0,0,0.0499999999999999,0.95,0,0,0
"all_measured_520_analysis_set","within_cow_random5",2,"StrictHierarchicalEBResidualXGB",423,"C010","stable_hot","S01","measurement_group_1","measurement_status_1",34,28.2,21,38.7,38.7147823944837,-0.0147823944837313,"tight_session+may_session+may_session_hour",0.332120078687704,38.7128748251333,38.8089211079899,38.8306123552748,39.2565612400567,39.2565612400567,39.2565612400567,38.8284803953525,38.8536591552346,38.7074730912863,38.8754782348564,38.8650154303435,38.8521308898926,0,0,0,0,0,0,0,0.0499999999999999,0.95,0,0,0
"all_measured_520_analysis_set","within_cow_random5",2,"StrictHierarchicalEBResidualXGB",431,"C011","stable_cool","S01","measurement_group_1","measurement_status_1",29.1,16.8,11,38.2,38.2322588380005,-0.03225883800053,"may_session_hour+eb_exact+direct_xgb",0.279085648491147,38.2442529500835,38.3103378348456,38.3317767702435,38.6547411128719,38.6547411128719,38.6547411128719,38.2740825691776,38.2339957276765,38.254909729002,38.1541143852324,38.2896996315972,38.2253112792969,0,0,0,0,0,0,0,0.8,0,0,0,0.2
"all_measured_520_analysis_set","within_cow_random5",2,"StrictHierarchicalEBResidualXGB",433,"C011","stable_cool","S01","measurement_group_1","measurement_status_1",30.8,20,15,38.1,38.1312855318219,-0.0312855318219007,"may_session_hour+eb_exact+direct_xgb",0.279085648491147,38.2442529500835,38.3248200368232,38.3498795227155,38.6547411128719,38.6547411128719,38.6547411128719,38.2740825691776,38.1022754404732,38.254909729002,38.0957458057166,38.3029818449265,38.2473258972168,0,0,0,0,0,0,0,0.8,0,0,0,0.2
"all_measured_520_analysis_set","within_cow_random5",2,"StrictHierarchicalEBResidualXGB",442,"C013","stable_hot","S01","measurement_group_1","measurement_status_1",34.6,29.2,21,39.1,39.1299917001112,-0.0299917001111893,"tight_session+may_session+may_session_hour",0.332120078687704,38.9517478901488,39.0007910770301,38.9302473711559,39.2565612400567,39.2565612400567,39.1313122480113,39.1444550088623,39.2227184880264,39.1251113428525,38.8540396462386,39.0086524034787,39.030590057373,0,0,0,0,0,0,0,0.0499999999999999,0.95,0,0,0
"all_measured_520_analysis_set","within_cow_random5",2,"StrictHierarchicalEBResidualXGB",446,"C014","stable_cool","S01","measurement_group_1","measurement_status_1",29.6,8.2,13,38,38.0616293350765,-0.0616293350764536,"may_session_hour+eb_exact+direct_xgb",0.279085648491147,38.1920679345422,38.2555273351446,38.2958964312041,38.6547411128719,38.6547411128719,38.6547411128719,38.3431397864089,38.0218675633158,38.3259729083503,38.1520289769668,38.2129131061211,38.2206764221191,0,0,0,0,0,0,0,0.8,0,0,0,0.2
"all_measured_520_analysis_set","within_cow_random5",2,"StrictHierarchicalEBResidualXGB",448,"C014","stable_cool","S01","measurement_group_1","measurement_status_1",33,3.6,10,38.3,38.2761654415579,0.0238345584420756,"may_session_hour+eb_exact+direct_xgb",0.279085648491147,38.3367445083297,38.4590322483769,38.4908568370818,38.6547411128719,38.6547411128719,38.6547411128719,38.3431397864089,38.2608152080143,38.3259729083503,38.339989661893,38.4645064274288,38.3375663757324,0,0,0,0,0,0,0,0.8,0,0,0,0.2
"all_measured_520_analysis_set","within_cow_random5",2,"StrictHierarchicalEBResidualXGB",456,"C016","stable_cool","S01","measurement_group_1","measurement_status_1",31.1,4.5,9,38.8,38.8595669023453,-0.059566902345253,"may_session_hour+eb_exact+direct_xgb",0.279085648491147,38.7583154500835,38.7652432571591,38.7443335086228,38.6547411128719,38.6547411128719,38.6773705564359,38.7705144940602,38.8976187994404,38.776589118315,38.7455968319334,38.7454577877612,38.7073593139648,0,0,0,0,0,0,0,0.8,0,0,0,0.2
"all_measured_520_analysis_set","within_cow_random5",2,"StrictHierarchicalEBResidualXGB",457,"C016","stable_cool","S01","measurement_group_1","measurement_status_1",30.8,11.7,12,38.6,38.5769296319058,0.0230703680942383,"may_session_hour+eb_exact+direct_xgb",0.279085648491147,38.7706853940407,38.7182634920635,38.7051580165692,38.6547411128719,38.6547411128719,38.6547411128719,38.7705144940602,38.5532381125751,38.776589118315,38.6245881526264,38.6892440040418,38.6716957092285,0,0,0,0,0,0,0,0.8,0,0,0,0.2
"all_measured_520_analysis_set","within_cow_random5",2,"StrictHierarchicalEBResidualXGB",462,"C018","stable_cool","S01","measurement_group_1","measurement_status_1",32.5,5.4,14,38.8,38.7662254691607,0.033774530839267,"may_session_hour+eb_exact+direct_xgb",0.279085648491147,38.7925603940407,38.7578589529379,38.7491835926622,38.6547411128719,38.6547411128719,38.6547411128719,38.7924159025109,38.7715912312873,38.7996043854905,38.6652287892774,38.7424216488956,38.7447624206543,0,0,0,0,0,0,0,0.8,0,0,0,0.2
"all_measured_520_analysis_set","within_cow_random5",2,"StrictHierarchicalEBResidualXGB",463,"C018","stable_cool","S01","measurement_group_1","measurement_status_1",34,6.3,15,38.8,38.7764503837115,0.0235496162884843,"may_session_hour+eb_exact+direct_xgb",0.279085648491147,38.7946434837093,38.7646655751482,38.7568363157398,38.6547411128719,38.6547411128719,38.6547411128719,38.7924159025109,38.7715912312873,38.7996043854905,38.7220391283384,38.7645351758287,38.7958869934082,0,0,0,0,0,0,0,0.8,0,0,0,0.2
"all_measured_520_analysis_set","within_cow_random5",2,"StrictHierarchicalEBResidualXGB",466,"C019","stable_hot","S01","measurement_group_1","measurement_status_1",35.4,30.8,22,39.5,39.5034961123587,-0.00349611235871095,"tight_session+may_session+may_session_hour",0.332120078687704,39.4725528960169,39.471304815492,39.4709927953608,39.2565612400567,38.8442936548295,39.5188537466856,39.4956262459802,39.5828123710679,39.4993215724266,39.6953113209899,39.5329694787472,39.7417640686035,0,0,0,0,0,0,0,0.0499999999999999,0.95,0,0,0
"all_measured_520_analysis_set","within_cow_random5",2,"StrictHierarchicalEBResidualXGB",469,"C020","stable_hot","S01","measurement_group_1","measurement_status_1",38.4,32,21,40.2,40.2429828606863,-0.0429828606863367,"tight_session+may_session+may_session_hour",0.332120078687704,39.4466570757514,39.3954864190128,39.3751929248452,39.2565612400567,39.2565612400567,39.2565612400567,39.9148031851361,40.0337689328106,40.2539941200482,39.484957983486,39.4785590664652,39.5256767272949,0,0,0,0,0,0,0,0.0499999999999999,0.95,0,0,0
"all_measured_520_analysis_set","within_cow_random5",2,"StrictHierarchicalEBResidualXGB",476,"C021","stable_cool","S01","measurement_group_1","measurement_status_1",32.9,15.1,11,38.3,38.3278063032973,-0.0278063032973392,"may_session_hour+eb_exact+direct_xgb",0.279085648491147,38.2612060750835,38.3233456473456,38.3375580202435,38.6547411128719,38.6547411128719,38.6547411128719,38.2521811607269,38.3576662806109,38.2318944618264,38.3085463473834,38.3076699405567,38.208366394043,0,0,0,0,0,0,0,0.8,0,0,0,0.2
"all_measured_520_analysis_set","within_cow_random5",2,"StrictHierarchicalEBResidualXGB",477,"C021","stable_cool","S01","measurement_group_1","measurement_status_1",31.8,23.2,12,38.2,38.2121364719042,-0.0121364719042134,"may_session_hour+eb_exact+direct_xgb",0.279085648491147,38.2521434837093,38.3034418720412,38.316400436856,38.6547411128719,38.6547411128719,38.6547411128719,38.2521811607269,38.2206092037719,38.2318944618264,38.1811829929054,38.2782966412264,38.1782455444336,0,0,0,0,0,0,0,0.8,0,0,0,0.2
"all_measured_520_analysis_set","within_cow_random5",2,"StrictHierarchicalEBResidualXGB",484,"C023","stable_cool","S01","measurement_group_1","measurement_status_1",31.6,9.8,20,39.1,39.372619334082,-0.272619334081952,"may_session_hour+eb_exact+direct_xgb",0.279085648491147,38.9238103940407,38.8541938457254,38.8367897086466,38.6547411128719,38.6547411128719,38.6547411128719,38.9238243532151,39.4494739661864,38.937695988544,38.9918826231835,38.8821962810669,39.0652008056641,0,0,0,0,0,0,0,0.8,0,0,0,0.2
"all_measured_520_analysis_set","within_cow_random5",2,"StrictHierarchicalEBResidualXGB",487,"C025","stable_cool","S01","measurement_group_1","measurement_status_1",29.8,14.5,15,39.4,39.3674788190245,0.0325211809755004,"may_session_hour+eb_exact+direct_xgb",0.279085648491147,39.3861279500835,39.2378408701566,39.2002961893822,38.6547411128719,38.6547411128719,38.6547411128719,39.3837539306799,39.3683231713026,39.421016599231,39.2432792413302,39.2259646661055,39.3641014099121,0,0,0,0,0,0,0,0.8,0,0,0,0.2
"all_measured_520_analysis_set","within_cow_random5",2,"StrictHierarchicalEBResidualXGB",489,"C025","stable_cool","S01","measurement_group_1","measurement_status_1",30.9,22.3,11,39.4,39.3498500621071,0.0501499378929466,"may_session_hour+eb_exact+direct_xgb",0.279085648491147,39.3831853940407,39.2210466598595,39.1805119763142,38.6547411128719,38.6547411128719,38.6547411128719,39.3837539306799,39.3686489805269,39.421016599231,39.2570630638581,39.2004786522562,39.2746543884277,0,0,0,0,0,0,0,0.8,0,0,0,0.2
"all_measured_520_analysis_set","within_cow_random5",2,"StrictHierarchicalEBResidualXGB",492,"C025","stable_cool","S01","measurement_group_1","measurement_status_1",31.1,11.3,19,39.5,39.377822190711,0.122177809288985,"may_session_hour+eb_exact+direct_xgb",0.279085648491147,39.4036279500835,39.2754689516035,39.2401437911909,38.6547411128719,38.6547411128719,38.6547411128719,39.3837539306799,39.374363042649,39.421016599231,39.4860629701146,39.2809925969226,39.391658782959,0,0,0,0,0,0,0,0.8,0,0,0,0.2
"all_measured_520_analysis_set","within_cow_random5",2,"StrictHierarchicalEBResidualXGB",496,"C026","stable_cool","S01","measurement_group_1","measurement_status_1",35,10.4,10,38.7,38.7171732697489,-0.0171732697489304,"may_session_hour+eb_exact+direct_xgb",0.279085648491147,38.7053231117008,38.7537837840789,38.7658989521735,38.6547411128719,38.6547411128719,38.6547411128719,38.7051540466585,38.7241815072301,38.7081657458159,38.7278584318988,38.7407917037779,38.6891403198242,0,0,0,0,0,0,0,0.8,0,0,0,0.2
"all_measured_520_analysis_set","within_cow_random5",2,"StrictHierarchicalEBResidualXGB",497,"C026","stable_cool","S01","measurement_group_1","measurement_status_1",32.5,14.4,16,38.7,38.720891540224,-0.0208915402240208,"may_session_hour+eb_exact+direct_xgb",0.279085648491147,38.7053231117008,38.6996888430226,38.698280275853,38.6547411128719,38.6547411128719,38.6547411128719,38.7051540466585,38.7142972560906,38.7081657458159,38.5876443070867,38.6967666729256,38.7472686767578,0,0,0,0,0,0,0,0.8,0,0,0,0.2
"all_measured_520_analysis_set","within_cow_random5",2,"StrictHierarchicalEBResidualXGB",503,"C026","stable_cool","S01","measurement_group_1","measurement_status_1",34.4,9.6,14,38.6,38.6459859598074,-0.045985959807382,"may_session_hour+eb_exact+direct_xgb",0.279085648491147,38.7053231117008,38.688069127066,38.6837556309073,38.6547411128719,38.6547411128719,38.6547411128719,38.7051540466585,38.6438491032016,38.7081657458159,38.5864533892479,38.6674332763385,38.6545333862305,0,0,0,0,0,0,0,0.8,0,0,0,0.2
"all_measured_520_analysis_set","within_cow_random5",2,"StrictHierarchicalEBResidualXGB",506,"C027","stable_cool","S01","measurement_group_1","measurement_status_1",30.1,7.7,12,38.6,38.6166069064931,-0.016606906493088,"may_session_hour+eb_exact+direct_xgb",0.279085648491147,38.7293310750835,38.6858749795496,38.6828290604985,38.6547411128719,38.6547411128719,38.6547411128719,38.7778149635438,38.5960092587267,38.7842608740402,38.6324809205694,38.6542428914248,38.6989974975586,0,0,0,0,0,0,0,0.8,0,0,0,0.2
"all_measured_520_analysis_set","within_cow_random5",2,"StrictHierarchicalEBResidualXGB",509,"C028","stable_hot","S01","measurement_group_1","measurement_status_1",33.4,28.7,3,40.3,40.2597491812327,0.0402508187672979,"tight_session+may_session+may_session_hour",0.332120078687704,40.1288028960169,39.9213562018846,39.8694945283516,39.2565612400567,39.2565612400567,39.2565612400567,40.1435435059708,39.7307060865437,40.2875935546374,40.3792997043539,40.0268510438179,40.2786254882812,0,0,0,0,0,0,0,0.0499999999999999,0.95,0,0,0
"all_measured_520_analysis_set","within_cow_random5",2,"StrictHierarchicalEBResidualXGB",510,"C028","stable_hot","S01","measurement_group_1","measurement_status_1",36.6,37.5,11,40.2,40.1649112093243,0.0350887906757293,"tight_session+may_session+may_session_hour",0.332120078687704,40.1288028960169,39.9413562018846,39.8944945283516,39.2565612400567,39.2565612400567,39.2565612400567,40.051107883064,39.6731629235054,40.1907926980516,40.0424651368065,39.8736430082892,39.6947174072266,0,0,0,0,0,0,0,0.0499999999999999,0.95,0,0,0
"all_measured_520_analysis_set","within_cow_random5",2,"StrictHierarchicalEBResidualXGB",514,"C029","stable_cool","S01","measurement_group_1","measurement_status_1",34.6,10.9,16,38.4,38.4940052582581,-0.0940052582580932,"may_session_hour+eb_exact+direct_xgb",0.279085648491147,38.3842270607073,38.4428120022278,38.4574582376079,38.6547411128719,38.6547411128719,38.4849137042906,38.3835896114311,38.523151943306,38.3699860648799,38.3521905045095,38.418112493084,38.3774185180664,0,0,0,0,0,0,0,0.8,0,0,0,0.2
"all_measured_520_analysis_set","within_cow_random5",2,"StrictHierarchicalEBResidualXGB",519,"C030","stable_cool","S01","measurement_group_1","measurement_status_1",30.6,5.6,13,40.2,40.0798228758578,0.120177124142174,"may_session_hour+eb_exact+direct_xgb",0.279085648491147,40.1517529500835,39.8209509892042,39.7366057131917,38.6547411128719,38.7623402885223,38.7273705564359,40.143002756971,40.0691475294536,40.2188791946509,40.0107486464942,39.888087336498,40.1225242614746,0,0,0,0,0,0,0,0.8,0,0,0,0.2
"all_measured_520_analysis_set","within_cow_random5",3,"StrictHierarchicalEBResidualXGB",7,"C021","stable_cool","S01","measurement_group_1","measurement_status_1",29.3,11.8,22,38.3,38.2710458805337,0.0289541194662917,"may_session_hour+direct_xgb+tight_session",0.288770724748781,38.2675574908925,38.3324552216151,38.3486796542957,38.6549127640037,38.6549127640037,38.6549127640037,38.2668082733725,38.268964421296,38.2472391483655,38.6675907954032,38.3864147142091,38.4192199707031,0,0,0,0,0,0,0,0.7,0.25,0,0,0.05
"all_measured_520_analysis_set","within_cow_random5",3,"StrictHierarchicalEBResidualXGB",9,"C021","stable_cool","S01","measurement_group_1","measurement_status_1",28.6,10.9,24,38,38.2723173191323,-0.272317319132334,"may_session_hour+direct_xgb+tight_session",0.288770724748781,38.2675574908925,38.3454667577413,38.3649440744536,38.6549127640037,38.6549127640037,38.6549127640037,38.2668082733725,38.268964421296,38.2472391483655,38.7928958326237,38.3981415094701,38.4446487426758,0,0,0,0,0,0,0,0.7,0.25,0,0,0.05
"all_measured_520_analysis_set","within_cow_random5",3,"StrictHierarchicalEBResidualXGB",12,"C003","stable_cool","S01","measurement_group_1","measurement_status_1",31.8,6.9,12,38.7,38.4734280086078,0.226571991392156,"may_session_hour+direct_xgb+tight_session",0.288770724748781,38.4999131147541,38.4908182474629,38.4916641003123,38.6549127640037,38.2773789454929,38.2909825528007,38.5193479885524,38.460798823903,38.5136399698368,38.4218763377394,38.4665827120499,38.4491767883301,0,0,0,0,0,0,0,0.7,0.25,0,0,0.05
"all_measured_520_analysis_set","within_cow_random5",3,"StrictHierarchicalEBResidualXGB",19,"C003","stable_cool","S01","measurement_group_1","measurement_status_1",32,9,19,39,38.5947752808759,0.405224719124092,"may_session_hour+direct_xgb+tight_session",0.288770724748781,38.5193237704918,38.5838682452945,38.6000043639951,38.6549127640037,39.1613699861282,38.6549127640037,38.5193479885524,38.624786170778,38.5136399698368,38.6388392332179,38.588958742263,38.5802993774414,0,0,0,0,0,0,0,0.7,0.25,0,0,0.05
"all_measured_520_analysis_set","within_cow_random5",3,"StrictHierarchicalEBResidualXGB",22,"C002","stable_cool","S01","measurement_group_1","measurement_status_1",32.9,5.4,0,38.2,39.0264126762755,-0.826412676275474,"may_session_hour+direct_xgb+tight_session",0.288770724748781,39.1407323757803,39.0479209595831,39.0247181055338,38.6549127640037,38.6549127640037,38.6549127640037,39.1402128513937,38.9628199711484,39.1630468696267,39.2223073877972,39.0545465653302,39.2335395812988,0,0,0,0,0,0,0,0.7,0.25,0,0,0.05
"all_measured_520_analysis_set","within_cow_random5",3,"StrictHierarchicalEBResidualXGB",30,"C002","stable_cool","S01","measurement_group_1","measurement_status_1",36,9.1,15,38.9,39.0234458961209,-0.123445896120927,"may_session_hour+direct_xgb+tight_session",0.288770724748781,39.1161042100188,39.0178220510823,38.997209609417,38.6549127640037,38.6549127640037,38.6549127640037,39.1402128513937,38.9733345105028,39.1630468696267,39.1110837518452,38.9863294676287,39.0270004272461,0,0,0,0,0,0,0,0.7,0.25,0,0,0.05
"all_measured_520_analysis_set","within_cow_random5",3,"StrictHierarchicalEBResidualXGB",33,"C002","stable_cool","S01","measurement_group_1","measurement_status_1",33.2,5.4,22,39.6,39.1096344528199,0.490365547180055,"may_session_hour+direct_xgb+tight_session",0.288770724748781,39.1407323757803,39.0309951295253,39.0035608179615,38.6549127640037,38.6549127640037,38.6549127640037,39.1402128513937,39.0768368549465,39.1630468696267,39.3803576863786,39.0488714696016,39.3017387390137,0,0,0,0,0,0,0,0.7,0.25,0,0,0.05
"all_measured_520_analysis_set","within_cow_random5",3,"StrictHierarchicalEBResidualXGB",37,"C029","stable_cool","S01","measurement_group_1","measurement_status_1",32.9,6.9,12,38,38.3467580935269,-0.34675809352693,"may_session_hour+direct_xgb+tight_session",0.288770724748781,38.3422129439891,38.2732496729262,38.3126990527768,38.6549127640037,38.3179403462232,38.6387281910009,38.3726874947253,38.3454051156204,38.3606451206831,38.3507835529871,38.2513356695094,38.2962646484375,0,0,0,0,0,0,0,0.7,0.25,0,0,0.05
"all_measured_520_analysis_set","within_cow_random5",3,"StrictHierarchicalEBResidualXGB",45,"C029","stable_cool","S01","measurement_group_1","measurement_status_1",32.1,5.4,22,38.4,38.5942983511658,-0.194298351165806,"may_session_hour+direct_xgb+tight_session",0.288770724748781,38.3723793260474,38.4163126897389,38.4272960306618,38.6549127640037,38.6549127640037,38.6549127640037,38.3726874947253,38.6884406407979,38.3606451206831,38.5598682521617,38.43117045782,38.4445724487305,0,0,0,0,0,0,0,0.7,0.25,0,0,0.05
"all_measured_520_analysis_set","within_cow_random5",3,"StrictHierarchicalEBResidualXGB",47,"C001","stable_cool","S01","measurement_group_1","measurement_status_1",29.8,5.4,0,38,38.3598679430456,-0.359867943045558,"may_session_hour+direct_xgb+tight_session",0.288770724748781,38.276545992714,38.3565718531301,38.3765783182341,38.6549127640037,38.6549127640037,38.6549127640037,38.2770393465771,38.4017571930176,38.2608658712349,38.295361586562,38.357063841626,38.2684288024902,0,0,0,0,0,0,0,0.7,0.25,0,0,0.05
"all_measured_520_analysis_set","within_cow_random5",3,"StrictHierarchicalEBResidualXGB",48,"C001","stable_cool","S01","measurement_group_1","measurement_status_1",26.6,5,11,38.9,38.692066887176,0.20793311282398,"may_session_hour+direct_xgb+tight_session",0.288770724748781,38.4381504439891,38.490590590847,38.4777284836066,38.6549127640037,38.6549127640037,38.6549127640037,38.2770393465771,38.8735679971674,38.2608658712349,38.0882476193948,38.4794077164058,38.307056427002,0,0,0,0,0,0,0,0.7,0.25,0,0,0.05
"all_measured_520_analysis_set","within_cow_random5",3,"StrictHierarchicalEBResidualXGB",52,"C001","stable_cool","S01","measurement_group_1","measurement_status_1",31.6,9.3,13,38,38.2098518877713,-0.209851887771322,"may_session_hour+direct_xgb+tight_session",0.288770724748781,38.2631504439891,38.3093221807507,38.3230179709862,38.6549127640037,38.6549127640037,38.3774563820018,38.2770393465771,38.1920259068662,38.2608658712349,38.1851714189041,38.2690499448804,38.204345703125,0,0,0,0,0,0,0,0.7,0.25,0,0,0.05
"all_measured_520_analysis_set","within_cow_random5",3,"StrictHierarchicalEBResidualXGB",61,"C027","stable_cool","S01","measurement_group_1","measurement_status_1",29.5,5.4,0,38.9,38.8893270049171,0.0106729950828779,"may_session_hour+direct_xgb+tight_session",0.288770724748781,38.9675574908925,38.9093810516729,38.894836941868,38.6549127640037,38.6549127640037,38.6549127640037,38.967653343795,38.8506562912092,38.9837276979838,39.0079619529164,38.9077522177336,38.9587135314941,0,0,0,0,0,0,0,0.7,0.25,0,0,0.05
"all_measured_520_analysis_set","within_cow_random5",3,"StrictHierarchicalEBResidualXGB",72,"C027","stable_cool","S01","measurement_group_1","measurement_status_1",32.7,5.5,23,38.2,38.8667398765857,-0.666739876585709,"may_session_hour+direct_xgb+tight_session",0.288770724748781,38.9675574908925,38.8836535436331,38.8626775568182,38.6549127640037,38.6549127640037,38.6549127640037,38.967653343795,38.8107192436906,38.9837276979838,39.3940211320699,38.9015298837094,39.066089630127,0,0,0,0,0,0,0,0.7,0.25,0,0,0.05
"all_measured_520_analysis_set","within_cow_random5",3,"StrictHierarchicalEBResidualXGB",78,"C026","stable_cool","S01","measurement_group_1","measurement_status_1",30.6,5.4,22,38.9,38.6622442852843,0.237755714715746,"may_session_hour+direct_xgb+tight_session",0.288770724748781,38.6803131147541,38.6625503491196,38.6568792273831,38.1411046491855,38.2438662721491,38.3774563820018,38.6723850255895,38.6565883867067,38.6732867689538,38.8071085479279,38.6625815815206,38.6862144470215,0,0,0,0,0,0,0,0.7,0.25,0,0,0.05
"all_measured_520_analysis_set","within_cow_random5",3,"StrictHierarchicalEBResidualXGB",81,"C016","stable_cool","S01","measurement_group_1","measurement_status_1",31.8,6.1,11,39.2,38.7160258570981,0.483974142901893,"may_session_hour+direct_xgb+tight_session",0.288770724748781,38.6248491575592,38.6422581967213,38.6466104565118,38.6549127640037,38.6549127640037,38.6549127640037,38.6245312780673,38.7517323329312,38.6231551788998,38.5953336400407,38.6441817468745,38.6804885864258,0,0,0,0,0,0,0,0.7,0.25,0,0,0.05
"all_measured_520_analysis_set","within_cow_random5",3,"StrictHierarchicalEBResidualXGB",88,"C016","stable_cool","S01","measurement_group_1","measurement_status_1",31.8,5.5,23,38.8,38.6431890691788,0.156810930821187,"may_session_hour+direct_xgb+tight_session",0.288770724748781,38.6380005549863,38.619820117802,38.6131613910623,38.6549127640037,38.6549127640037,38.6549127640037,38.6245312780673,38.65008440043,38.6231551788998,38.9391597733583,38.6212595604273,38.6468238830566,0,0,0,0,0,0,0,0.7,0.25,0,0,0.05
"all_measured_520_analysis_set","within_cow_random5",3,"StrictHierarchicalEBResidualXGB",91,"C022","stable_cool","S01","measurement_group_1","measurement_status_1",32.2,6.1,11,38.1,38.4458209884936,-0.345820988493557,"may_session_hour+direct_xgb+tight_session",0.288770724748781,38.4485422905141,38.5016628312383,38.5200069081415,38.6549127640037,38.6549127640037,39.0274563820018,38.4798873666292,38.4321685362936,38.471866227157,38.3638824951862,38.5060535990138,38.5067291259766,0,0,0,0,0,0,0,0.7,0.25,0,0,0.05
"all_measured_520_analysis_set","within_cow_random5",3,"StrictHierarchicalEBResidualXGB",92,"C022","stable_cool","S01","measurement_group_1","measurement_status_1",29.7,6.9,12,38.1,38.5998174213837,-0.499817421383696,"may_session_hour+direct_xgb+tight_session",0.288770724748781,38.5185422905141,38.5048944211421,38.4952963955211,38.6549127640037,38.6549127640037,38.6549127640037,38.4798873666292,38.6610748457132,38.471866227157,38.3285387235097,38.4701428419766,38.3819694519043,0,0,0,0,0,0,0,0.7,0.25,0,0,0.05
"all_measured_520_analysis_set","within_cow_random5",3,"StrictHierarchicalEBResidualXGB",99,"C022","stable_cool","S01","measurement_group_1","measurement_status_1",32.9,9,19,38.3,38.4213746102783,-0.121374610278259,"may_session_hour+direct_xgb+tight_session",0.288770724748781,38.4800512612292,38.5524502378844,38.5705499820482,38.6549127640037,38.6549127640037,38.5774563820018,38.4798873666292,38.3958146273685,38.471866227157,38.6201234272982,38.5615602211051,38.5267562866211,0,0,0,0,0,0,0,0.7,0.25,0,0,0.05
"all_measured_520_analysis_set","within_cow_random5",3,"StrictHierarchicalEBResidualXGB",108,"C014","stable_cool","S01","measurement_group_1","measurement_status_1",30.8,8,13,37.5,38.145764155516,-0.645764155516012,"may_session_hour+direct_xgb+tight_session",0.288770724748781,38.2076121402832,38.2655757958058,38.2899174684542,38.6549127640037,38.6549127640037,38.6549127640037,38.2688555106735,38.1008194684931,38.250973444512,38.1364490633108,38.2608328106802,38.2489433288574,0,0,0,0,0,0,0,0.7,0.25,0,0,0.05
"all_measured_520_analysis_set","within_cow_random5",3,"StrictHierarchicalEBResidualXGB",112,"C014","stable_cool","S01","measurement_group_1","measurement_status_1",32.1,9,19,39,38.4270433043653,0.572956695634744,"may_session_hour+direct_xgb+tight_session",0.288770724748781,38.2689057503933,38.3835338292157,38.4121908489213,39.2271120293848,39.1613699861282,39.0637281910009,38.2688555106735,38.4929487736293,38.250973444512,38.3890573280895,38.4238182393348,38.3847160339355,0,0,0,0,0,0,0,0.7,0.25,0,0,0.05
"all_measured_520_analysis_set","within_cow_random5",3,"StrictHierarchicalEBResidualXGB",113,"C014","stable_cool","S01","measurement_group_1","measurement_status_1",31.2,6,21,39.2,38.4264430617505,0.773556938249492,"may_session_hour+direct_xgb+tight_session",0.288770724748781,38.2689057503933,38.3771002203231,38.4041488378055,38.6549127640037,38.5230721137878,38.4637281910009,38.2688555106735,38.4929487736293,38.250973444512,38.3835091728059,38.4186450973158,38.3727111816406,0,0,0,0,0,0,0,0.7,0.25,0,0,0.05
"all_measured_520_analysis_set","within_cow_random5",3,"StrictHierarchicalEBResidualXGB",117,"C023","stable_cool","S01","measurement_group_1","measurement_status_1",30.4,5,11,38.3,39.1654455450376,-0.865445545037616,"may_session_hour+direct_xgb+tight_session",0.288770724748781,39.1074354793686,39.0274406950154,38.9974682084511,38.5114750195558,38.5401625684454,38.5774563820018,39.0449081422524,39.2065078714736,39.0632888387548,38.9064227331672,39.0183671181255,39.1013565063477,0,0,0,0,0,0,0,0.7,0.25,0,0,0.05
"all_measured_520_analysis_set","within_cow_random5",3,"StrictHierarchicalEBResidualXGB",119,"C023","stable_cool","S01","measurement_group_1","measurement_status_1",31.7,6.9,12,39.2,38.9526910490573,0.247308950942653,"may_session_hour+direct_xgb+tight_session",0.288770724748781,39.0374354793686,38.9206722849191,38.8927576958307,38.6549127640037,38.2773789454929,38.2909825528007,39.0449081422524,38.9101646697314,39.0632888387548,38.9142042256056,38.9214210763018,38.9950714111328,0,0,0,0,0,0,0,0.7,0.25,0,0,0.05
"all_measured_520_analysis_set","within_cow_random5",3,"StrictHierarchicalEBResidualXGB",121,"C023","stable_cool","S01","measurement_group_1","measurement_status_1",32.8,9.3,13,38.8,38.9505565352024,-0.150556535202377,"may_session_hour+direct_xgb+tight_session",0.288770724748781,39.0046709638126,38.9029287369823,38.884035115513,38.5114750195558,38.3528593478303,38.3387281910009,39.0449081422524,38.9101646697314,39.0632888387548,38.9240682441109,38.8706872584199,38.9523811340332,0,0,0,0,0,0,0,0.7,0.25,0,0,0.05
"all_measured_520_analysis_set","within_cow_random5",3,"StrictHierarchicalEBResidualXGB",134,"C011","stable_cool","S01","measurement_group_1","measurement_status_1",32.6,22,15,38.1,38.1261569698014,-0.0261569698014128,"may_session_hour+direct_xgb+tight_session",0.288770724748781,38.2262036799863,38.3059322315108,38.3301667675733,38.6549127640037,38.2438662721491,38.6549127640037,38.2522073344054,38.0822267817402,38.2318956369151,38.0179112586645,38.3071582907884,38.2124862670898,0,0,0,0,0,0,0,0.7,0.25,0,0,0.05
"all_measured_520_analysis_set","within_cow_random5",3,"StrictHierarchicalEBResidualXGB",138,"C011","stable_cool","S01","measurement_group_1","measurement_status_1",29.6,10.9,24,38.1,38.468855344068,-0.36885534406801,"may_session_hour+direct_xgb+tight_session",0.288770724748781,38.2529741575592,38.3338000910747,38.3540065744535,38.6549127640037,38.6549127640037,38.6549127640037,38.2522073344054,38.5630512393107,38.2318956369151,38.7019785002328,38.3579250226188,38.3349113464355,0,0,0,0,0,0,0,0.7,0.25,0,0,0.05
"all_measured_520_analysis_set","within_cow_random5",3,"StrictHierarchicalEBResidualXGB",140,"C004","stable_cool","S01","measurement_group_1","measurement_status_1",27.6,3.5,14,37.6,37.5832876792276,0.0167123207724487,"may_session_hour+direct_xgb+tight_session",0.288770724748781,37.6559026544181,37.8568381966455,37.9070720822023,38.6549127640037,38.6549127640037,38.6549127640037,37.6561823804796,37.5632728203538,37.6096718174782,37.2810067503512,37.8199389391942,37.731575012207,0,0,0,0,0,0,0,0.7,0.25,0,0,0.05
"all_measured_520_analysis_set","within_cow_random5",3,"StrictHierarchicalEBResidualXGB",143,"C004","stable_cool","S01","measurement_group_1","measurement_status_1",32.3,5.3,11,37.6,37.7061882613938,-0.106188261393811,"may_session_hour+direct_xgb+tight_session",0.288770724748781,37.6559026544181,37.8671009942084,37.919900579156,38.6549127640037,38.6549127640037,39.0274563820018,37.6561823804796,37.7319917044752,37.6096718174782,37.6240487364253,37.8726127665616,37.827522277832,0,0,0,0,0,0,0,0.7,0.25,0,0,0.05
"all_measured_520_analysis_set","within_cow_random5",3,"StrictHierarchicalEBResidualXGB",155,"C028","stable_hot","S01","measurement_group_1","measurement_status_1",37.7,40.4,13,39.8,39.7848232727942,0.0151767272057839,"tight_session+may_session+direct_xgb",0.325724457734747,40.1808784221873,39.9525173939237,39.8947752648869,39.2644914756026,39.2644914756026,39.2644914756026,39.4237259497691,39.1186852014902,39.7835231647418,39.8913210501345,39.9218081887284,39.7921905517578,0,0,0,0,0,0,0,0,0.85,0,0,0.15
"all_measured_520_analysis_set","within_cow_random5",3,"StrictHierarchicalEBResidualXGB",157,"C028","stable_hot","S01","measurement_group_1","measurement_status_1",38.4,38.5,20,40.1,40.0911523522455,0.00884764775446456,"tight_session+may_session+direct_xgb",0.325724457734747,40.1983784221873,40.0212673939237,39.9735252648869,39.2644914756026,39.2644914756026,39.3822457378013,39.9398609351934,39.7766700397532,40.0907195247294,40.1172553484806,40.0731880537638,40.0936050415039,0,0,0,0,0,0,0,0,0.85,0,0,0.15
"all_measured_520_analysis_set","within_cow_random5",3,"StrictHierarchicalEBResidualXGB",158,"C028","stable_hot","S01","measurement_group_1","measurement_status_1",37.3,36.7,22,40.3,40.2280522520773,0.0719477479227209,"tight_session+may_session+direct_xgb",0.325724457734747,40.176822329924,40.0525559442184,40.021489347792,39.2644914756026,39.2644914756026,39.7322457378013,40.0223803440032,39.8209710084981,40.2328786494021,40.3948412686923,40.1335951345108,40.2007026672363,0,0,0,0,0,0,0,0,0.85,0,0,0.15
"all_measured_520_analysis_set","within_cow_random5",3,"StrictHierarchicalEBResidualXGB",164,"C008","stable_cool","S01","measurement_group_1","measurement_status_1",33.6,2.9,21,38.3,38.3690502951856,-0.0690502951856118,"may_session_hour+direct_xgb+tight_session",0.288770724748781,38.1939831497741,38.3171621398277,38.3479568873411,38.6549127640037,38.6549127640037,38.6549127640037,38.1939732392053,38.444275297175,38.1725921345412,38.2860010929624,38.3628637776918,38.2981910705566,0,0,0,0,0,0,0,0.7,0.25,0,0,0.05
"all_measured_520_analysis_set","within_cow_random5",3,"StrictHierarchicalEBResidualXGB",169,"C008","stable_cool","S01","measurement_group_1","measurement_status_1",33.3,5.5,11,38.1,38.1532206397427,-0.0532206397426833,"may_session_hour+direct_xgb+tight_session",0.288770724748781,38.1676678678374,38.276889097543,38.3084236467092,38.6549127640037,38.7623847906676,38.7274563820018,38.1939732392053,38.1429703481152,38.1725921345412,38.135545190594,38.276198850669,38.1998672485352,0,0,0,0,0,0,0,0.7,0.25,0,0,0.05
"all_measured_520_analysis_set","within_cow_random5",3,"StrictHierarchicalEBResidualXGB",170,"C008","stable_cool","S01","measurement_group_1","measurement_status_1",34.3,10.8,10,38.1,38.1520151954067,-0.0520151954067458,"may_session_hour+direct_xgb+tight_session",0.288770724748781,38.1775360985637,38.3017841767375,38.3354894723684,38.6549127640037,38.6549127640037,38.6549127640037,38.1939732392053,38.1429703481152,38.1725921345412,38.1763683827509,38.2761366296415,38.1757583618164,0,0,0,0,0,0,0,0.7,0.25,0,0,0.05
"all_measured_520_analysis_set","within_cow_random5",3,"StrictHierarchicalEBResidualXGB",176,"C030","stable_cool","S01","measurement_group_1","measurement_status_1",27.8,6.9,1,40.1,39.9940484686544,0.10595153134561,"may_session_hour+direct_xgb+tight_session",0.288770724748781,40.1555930568949,39.8476848280296,39.7707077708132,38.6549127640037,38.6549127640037,38.6549127640037,40.1545272558258,39.8876108151241,40.2247573410493,40.2240845845417,39.9179072058067,40.3306312561035,0,0,0,0,0,0,0,0.7,0.25,0,0,0.05
"all_measured_520_analysis_set","within_cow_random5",3,"StrictHierarchicalEBResidualXGB",184,"C030","stable_cool","S01","measurement_group_1","measurement_status_1",32.5,11.7,13,40.2,40.1090041337233,0.0909958662767352,"may_session_hour+direct_xgb+tight_session",0.288770724748781,40.1633642719383,39.8291908607705,39.7443985627038,38.6549127640037,38.6549127640037,38.6549127640037,40.1545272558258,40.0700320245347,40.2247573410493,40.032460028449,39.8632421561404,40.0758476257324,0,0,0,0,0,0,0,0.7,0.25,0,0,0.05
"all_measured_520_analysis_set","within_cow_random5",3,"StrictHierarchicalEBResidualXGB",193,"C018","stable_cool","S01","measurement_group_1","measurement_status_1",32.6,5.3,9,38.8,38.8036261587411,-0.0036261587411488,"may_session_hour+direct_xgb+tight_session",0.288770724748781,38.795686570573,38.7923124812937,38.7865539572171,38.6549127640037,38.7623847906676,38.5183042546679,38.7930314109505,38.8001272876509,38.7996426143076,38.8811579595603,38.8029931111655,38.8725280761719,0,0,0,0,0,0,0,0.7,0.25,0,0,0.05
"all_measured_520_analysis_set","within_cow_random5",3,"StrictHierarchicalEBResidualXGB",199,"C018","stable_cool","S01","measurement_group_1","measurement_status_1",31,7.5,16,38.8,38.7905592758812,0.00944072411878949,"may_session_hour+direct_xgb+tight_session",0.288770724748781,38.7933639547277,38.7654015462958,38.7584109441878,38.6549127640037,38.6549127640037,38.6549127640037,38.7930314109505,38.7892109595454,38.7996426143076,38.6333392710546,38.7548258448132,38.7640190124512,0,0,0,0,0,0,0,0.7,0.25,0,0,0.05
"all_measured_520_analysis_set","within_cow_random5",3,"StrictHierarchicalEBResidualXGB",208,"C025","stable_cool","S01","measurement_group_1","measurement_status_1",31.4,14.3,23,39.4,39.3149371503603,0.0850628496397192,"may_session_hour+direct_xgb+tight_session",0.288770724748781,39.394014426737,39.2248009542079,39.1822935324416,38.6549127640037,38.6549127640037,38.6549127640037,39.3920895826956,39.2607123551004,39.426693094074,39.7300081854211,39.2574341768474,39.5153045654297,0,0,0,0,0,0,0,0.7,0.25,0,0,0.05
"all_measured_520_analysis_set","within_cow_random5",3,"StrictHierarchicalEBResidualXGB",215,"C010","stable_hot","S01","measurement_group_1","measurement_status_1",38.4,33.8,11,38.7,38.6967534821456,0.00324651785439301,"tight_session+may_session+direct_xgb",0.325724457734747,38.6783703175401,38.7908172546138,38.8189289888822,39.2644914756026,39.2644914756026,39.2644914756026,38.8472347574755,39.0788089502242,38.7125360593171,38.6098302780307,38.7338927736689,38.6073188781738,0,0,0,0,0,0,0,0,0.85,0,0,0.15
"all_measured_520_analysis_set","within_cow_random5",3,"StrictHierarchicalEBResidualXGB",217,"C010","stable_hot","S01","measurement_group_1","measurement_status_1",39.6,36.7,12,38.7,38.6703519623702,0.0296480376297836,"tight_session+may_session+direct_xgb",0.325724457734747,38.6564266286289,38.7276578434074,38.7489923113914,39.2644914756026,39.2644914756026,39.2644914756026,38.8472347574755,38.9025664070782,38.7125360593171,38.4749102930569,38.6101911105478,38.4313087463379,0,0,0,0,0,0,0,0,0.85,0,0,0.15
"all_measured_520_analysis_set","within_cow_random5",3,"StrictHierarchicalEBResidualXGB",219,"C010","stable_hot","S01","measurement_group_1","measurement_status_1",38.5,37.4,18,38.7,38.6830486100143,0.0169513899857421,"tight_session+may_session+direct_xgb",0.325724457734747,38.6646555119706,38.7664171358357,38.7940617069828,39.2644914756026,39.2644914756026,39.2644914756026,38.8472347574755,38.876782360758,38.7125360593171,38.5540618271896,38.6814742436419,38.5159530639648,0,0,0,0,0,0,0,0,0.85,0,0,0.15
"all_measured_520_analysis_set","within_cow_random5",3,"StrictHierarchicalEBResidualXGB",224,"C010","stable_hot","S01","measurement_group_1","measurement_status_1",38.7,32.6,22,38.7,38.8081173001266,-0.108117300126551,"tight_session+may_session+direct_xgb",0.325724457734747,38.6783703175401,38.8537943343113,38.8976503385041,39.2644914756026,39.2644914756026,39.2644914756026,38.9287929392287,39.109755595589,38.8063469001518,38.9027163036436,38.894857974578,38.8181495666504,0,0,0,0,0,0,0,0,0.85,0,0,0.15
"all_measured_520_analysis_set","within_cow_random5",3,"StrictHierarchicalEBResidualXGB",230,"C019","stable_hot","S01","measurement_group_1","measurement_status_1",35.7,34.8,19,39.5,39.486683247909,0.0133167520910433,"tight_session+may_session+direct_xgb",0.325724457734747,39.4752743423079,39.4182854741636,39.4040382571276,39.2644914756026,39.2644914756026,39.2644914756026,39.5014567964704,39.6078224057294,39.499709379936,39.4639299211029,39.4306113868776,39.4128684997559,0,0,0,0,0,0,0,0,0.85,0,0,0.15
"all_measured_520_analysis_set","within_cow_random5",3,"StrictHierarchicalEBResidualXGB",240,"C005","stable_hot","S01","measurement_group_1","measurement_status_1",35.4,31,12,37.9,37.910840617781,-0.0108406177810281,"tight_session+may_session+direct_xgb",0.325724457734747,37.9495777478806,38.1618652575387,38.2149371349532,39.2644914756026,39.2644914756026,39.2644914756026,38.1850725799749,38.4721609917028,37.9206841543202,37.9027038533506,38.0899943791999,37.8550605773926,0,0,0,0,0,0,0,0,0.85,0,0,0.15
"all_measured_520_analysis_set","within_cow_random5",3,"StrictHierarchicalEBResidualXGB",241,"C005","stable_hot","S01","measurement_group_1","measurement_status_1",36,31.3,15,37.8,37.7741038913283,0.0258961086716596,"tight_session+may_session+direct_xgb",0.325724457734747,37.9059016420015,38.1188658037428,38.1791262183372,39.2644914756026,39.2644914756026,39.2644914756026,37.9178031544002,37.8773342449631,37.7620658447642,37.8462724707429,38.0374188655261,37.8423194885254,0,0,0,0,0,0,0,0,0.85,0,0,0.15
"all_measured_520_analysis_set","within_cow_random5",3,"StrictHierarchicalEBResidualXGB",251,"C005","stable_hot","S01","measurement_group_1","measurement_status_1",32.4,27.2,1,37.8,37.842532908717,-0.0425329087169644,"tight_session+may_session+direct_xgb",0.325724457734747,37.9584016420015,38.2664360084072,38.3420264741678,39.2644914756026,39.2644914756026,39.2644914756026,38.0446891675826,38.6946731216032,37.8153208421716,38.1156352447823,38.2576134862811,37.9967346191406,0,0,0,0,0,0,0,0,0.85,0,0,0.15
"all_measured_520_analysis_set","within_cow_random5",3,"StrictHierarchicalEBResidualXGB",260,"C017","stable_hot","S01","measurement_group_1","measurement_status_1",36.7,34.4,20,39.4,39.4418144809229,-0.0418144809228878,"tight_session+may_session+direct_xgb",0.325724457734747,39.4005933682373,39.3833472949389,39.3790357766143,39.2644914756026,39.2644914756026,39.2644914756026,39.3989438128605,39.3594003708073,39.4454658296789,39.3666740584904,39.3945528638486,39.4211235046387,0,0,0,0,0,0,0,0,0.85,0,0,0.15
"all_measured_520_analysis_set","within_cow_random5",3,"StrictHierarchicalEBResidualXGB",261,"C017","stable_hot","S01","measurement_group_1","measurement_status_1",35.5,33.1,21,39.9,39.8857388738594,0.0142611261405605,"tight_session+may_session+direct_xgb",0.325724457734747,39.4004895287958,39.3703134816754,39.362786158377,39.2644914756026,39.2644914756026,39.2644914756026,39.8269717877654,39.6465943084546,39.9493970594923,39.5079294342487,39.4163675431776,39.5250091552734,0,0,0,0,0,0,0,0,0.85,0,0,0.15
"all_measured_520_analysis_set","within_cow_random5",3,"StrictHierarchicalEBResidualXGB",262,"C017","stable_hot","S01","measurement_group_1","measurement_status_1",36,32.9,21,39.3,39.4549625979883,-0.154962597988323,"tight_session+may_session+direct_xgb",0.325724457734747,39.4004895287958,39.3703134816754,39.362786158377,39.2644914756026,39.2644914756026,39.0322457378013,39.3989438128605,39.3638351605353,39.4454658296789,39.5213233408752,39.3960849729049,39.5087776184082,0,0,0,0,0,0,0,0,0.85,0,0,0.15
"all_measured_520_analysis_set","within_cow_random5",3,"StrictHierarchicalEBResidualXGB",268,"C020","stable_hot","S01","measurement_group_1","measurement_status_1",32,27.4,1,39.6,39.5690507918652,0.0309492081348495,"tight_session+may_session+direct_xgb",0.325724457734747,39.4453155904596,39.456093222804,39.4587876308901,39.2644914756026,39.2644914756026,39.2644914756026,39.5229479782416,39.6555413485316,39.531045805012,39.5342704366158,39.5858744689893,39.7844123840332,0,0,0,0,0,0,0,0,0.85,0,0,0.15
"all_measured_520_analysis_set","within_cow_random5",3,"StrictHierarchicalEBResidualXGB",277,"C020","stable_hot","S01","measurement_group_1","measurement_status_1",35,33.2,21,39.6,39.5296739608105,0.0703260391895384,"tight_session+may_session+direct_xgb",0.325724457734747,39.4326272251309,39.3962034176847,39.3891366673938,39.2644914756026,39.2644914756026,39.2644914756026,39.5229479782416,39.4489788322641,39.531045805012,39.4606337340363,39.3890416178664,39.521900177002,0,0,0,0,0,0,0,0,0.85,0,0,0.15
"all_measured_520_analysis_set","within_cow_random5",3,"StrictHierarchicalEBResidualXGB",279,"C020","stable_hot","S01","measurement_group_1","measurement_status_1",37.3,35.6,21,40.4,40.0820389760926,0.317961023907436,"tight_session+may_session+direct_xgb",0.325724457734747,39.4326272251309,39.3962034176847,39.3891366673938,39.2644914756026,39.2644914756026,39.2644914756026,40.0068573255697,39.9917701484225,40.1805012662498,39.4670236634917,39.4113069115019,39.5240859985352,0,0,0,0,0,0,0,0,0.85,0,0,0.15
"all_measured_520_analysis_set","within_cow_random5",3,"StrictHierarchicalEBResidualXGB",285,"C009","stable_hot","S01","measurement_group_1","measurement_status_1",36.1,32.5,13,39.3,39.5526812214551,-0.25268122145512,"tight_session+may_session+direct_xgb",0.325724457734747,39.9615055991856,39.7770770796975,39.7309699498255,39.2644914756026,39.2644914756026,38.9322457378013,39.5041705531744,39.3706427669229,39.5105151731474,39.7401900812104,39.7417745971521,39.7916221618652,0,0,0,0,0,0,0,0,0.85,0,0,0.15
"all_measured_520_analysis_set","within_cow_random5",3,"StrictHierarchicalEBResidualXGB",288,"C009","stable_hot","S01","measurement_group_1","measurement_status_1",36.1,32.8,19,39.5,39.7764696585406,-0.27646965854062,"tight_session+may_session+direct_xgb",0.325724457734747,39.9615055991856,39.8072704796658,39.7687116997858,39.2644914756026,38.9117327729621,39.2928982951205,39.5773114750126,39.3586626207123,39.7527378852776,39.9791193954947,39.8410448406801,39.9109497070312,0,0,0,0,0,0,0,0,0.85,0,0,0.15
"all_measured_520_analysis_set","within_cow_random5",3,"StrictHierarchicalEBResidualXGB",294,"C012","stable_hot","S01","measurement_group_1","measurement_status_1",37,35,13,39.1,39.091949951001,0.00805004899898876,"tight_session+may_session+direct_xgb",0.325724457734747,39.8294539088714,39.6714357274461,39.6319311820898,39.2644914756026,39.2644914756026,39.2644914756026,39.1721778431328,39.1548475053959,39.030151941435,39.6065510989734,39.6079208019066,39.442138671875,0,0,0,0,0,0,0,0,0.85,0,0,0.15
"all_measured_520_analysis_set","within_cow_random5",3,"StrictHierarchicalEBResidualXGB",297,"C012","stable_hot","S01","measurement_group_1","measurement_status_1",38.4,37.9,15,39.7,39.5373059693274,0.162694030672597,"tight_session+may_session+direct_xgb",0.325724457734747,39.6842994748189,39.5430337603991,39.5310457229812,39.2644914756026,39.2644914756026,38.8881638252009,39.2760943708218,38.9818913418411,39.5435231647418,39.5345227050104,39.5047952089315,39.5020751953125,0,0,0,0,0,0,0,0,0.85,0,0,0.15
"all_measured_520_analysis_set","within_cow_random5",3,"StrictHierarchicalEBResidualXGB",299,"C012","stable_hot","S01","measurement_group_1","measurement_status_1",37.4,36,19,39.5,39.8689664406128,-0.368966440612809,"tight_session+may_session+direct_xgb",0.325724457734747,39.8352068143874,39.7061492674627,39.6729603066307,39.2644914756026,39.2644914756026,39.6548304918675,39.7594990930882,39.4770845724614,39.8888147628246,39.8139688710323,39.7529960446634,39.7564926147461,0,0,0,0,0,0,0,0,0.85,0,0,0.15
"all_measured_520_analysis_set","within_cow_random5",3,"StrictHierarchicalEBResidualXGB",311,"C006","stable_hot","S01","measurement_group_1","measurement_status_1",38.1,36.5,15,39.7,39.042432659286,0.65756734071401,"tight_session+may_session+direct_xgb",0.325724457734747,39.0108272251309,39.0044646993495,39.0285507694749,39.2644914756026,39.2644914756026,39.2644914756026,39.0463510095396,38.8325581570077,39.0673501274372,38.8482536528378,38.9466439210094,38.9012336730957,0,0,0,0,0,0,0,0,0.85,0,0,0.15
"all_measured_520_analysis_set","within_cow_random5",3,"StrictHierarchicalEBResidualXGB",313,"C006","stable_hot","S01","measurement_group_1","measurement_status_1",36.4,33.4,19,38.9,39.7130733965191,-0.813073396519066,"tight_session+may_session+direct_xgb",0.325724457734747,39.0357395287958,39.0685841067746,39.0984681897509,39.2644914756026,39.2644914756026,39.4322457378013,39.5262819096152,39.4349382567592,39.8358893112052,39.1779049231325,39.0370608008518,39.0171165466309,0,0,0,0,0,0,0,0,0.85,0,0,0.15
"all_measured_520_analysis_set","within_cow_random5",3,"StrictHierarchicalEBResidualXGB",318,"C006","stable_hot","S01","measurement_group_1","measurement_status_1",33.3,28,23,39.6,39.5897200185944,0.0102799814055885,"tight_session+may_session+direct_xgb",0.325724457734747,39.2282395287958,39.3104661867365,39.3217582897033,39.2644914756026,39.2644914756026,39.2644914756026,39.5770113206409,39.5661540055205,39.6110050630207,39.4049595071036,39.3854542762383,39.4691047668457,0,0,0,0,0,0,0,0,0.85,0,0,0.15
"all_measured_520_analysis_set","within_cow_random5",3,"StrictHierarchicalEBResidualXGB",329,"C015","stable_hot","S01","measurement_group_1","measurement_status_1",35.8,33.3,18,39.2,39.6224194090597,-0.4224194090597,"tight_session+may_session+direct_xgb",0.325724457734747,38.7396706271376,38.8262333021755,38.8478739709349,39.2644914756026,39.2644914756026,39.4822457378013,39.5433342913716,39.4325523093321,39.8046433552845,38.7635975595587,38.7348244683141,38.5898170471191,0,0,0,0,0,0,0,0,0.85,0,0,0.15
"all_measured_520_analysis_set","within_cow_random5",3,"StrictHierarchicalEBResidualXGB",331,"C015","stable_hot","S01","measurement_group_1","measurement_status_1",35.5,33.1,19,39,39.6323030989401,-0.632303098940071,"tight_session+may_session+direct_xgb",0.325724457734747,38.6977282673885,38.6319323514649,38.7110939765946,39.2644914756026,38.6982014936747,38.8822457378013,39.5433342913716,39.4460223049009,39.8046433552845,38.8562804269131,38.5722178441533,38.6557083129883,0,0,0,0,0,0,0,0,0.85,0,0,0.15
"all_measured_520_analysis_set","within_cow_random5",3,"StrictHierarchicalEBResidualXGB",335,"C015","stable_hot","S01","measurement_group_1","measurement_status_1",34.2,30.8,22,38.4,38.6082735244693,-0.208273524469298,"tight_session+may_session+direct_xgb",0.325724457734747,38.7396706271376,38.9028345819893,38.9436255707022,39.2644914756026,39.2644914756026,39.3322457378013,38.7108148825618,38.9680698587556,38.5196270877546,39.0519211815371,39.0594288584175,39.1106033325195,0,0,0,0,0,0,0,0,0.85,0,0,0.15
"all_measured_520_analysis_set","within_cow_random5",3,"StrictHierarchicalEBResidualXGB",336,"C015","stable_hot","S01","measurement_group_1","measurement_status_1",35,31.4,22,38.8,39.0112320556151,-0.211232055615135,"tight_session+may_session+direct_xgb",0.325724457734747,38.7396706271376,38.9028345819893,38.9436255707022,39.2644914756026,39.7352385307118,39.3822457378013,39.0735409499532,39.3166038228088,38.9987636610465,39.0276636640259,39.0350753989401,39.0818862915039,0,0,0,0,0,0,0,0,0.85,0,0,0.15
"all_measured_520_analysis_set","within_cow_random5",3,"StrictHierarchicalEBResidualXGB",339,"C007","stable_hot","S01","measurement_group_1","measurement_status_1",36.5,32.1,12,38.4,39.3460206762375,-0.946020676237453,"tight_session+may_session+direct_xgb",0.325724457734747,39.7182186954625,39.5765301934692,39.5383200689525,39.2644914756026,39.2644914756026,39.2644914756026,39.2584428363938,39.0766853442612,39.3142493490403,39.5559607931621,39.5648176730859,39.5260581970215,0,0,0,0,0,0,0,0,0.85,0,0,0.15
"all_measured_520_analysis_set","within_cow_random5",3,"StrictHierarchicalEBResidualXGB",341,"C007","stable_hot","S01","measurement_group_1","measurement_status_1",36.5,31.7,13,38.5,39.346272446257,-0.846272446256982,"tight_session+may_session+direct_xgb",0.325724457734747,39.7532186954625,39.6096997345841,39.5654069953461,39.2644914756026,39.2644914756026,39.2644914756026,39.2584428363938,39.0112511777962,39.3142493490403,39.5309995716236,39.5900918926155,39.5277366638184,0,0,0,0,0,0,0,0,0.85,0,0,0.15
"all_measured_520_analysis_set","within_cow_random5",3,"StrictHierarchicalEBResidualXGB",345,"C007","stable_hot","S01","measurement_group_1","measurement_status_1",38.3,35.7,15,39.7,39.3161784902633,0.383821509736677,"tight_session+may_session+direct_xgb",0.325724457734747,39.7007186954625,39.5540976800069,39.5174669271247,39.2644914756026,39.2644914756026,39.2644914756026,39.2584428363938,38.9704178444629,39.3142493490403,39.3898675294811,39.4773079432591,39.3271102905273,0,0,0,0,0,0,0,0,0.85,0,0,0.15
"all_measured_520_analysis_set","within_cow_random5",3,"StrictHierarchicalEBResidualXGB",347,"C007","stable_hot","S01","measurement_group_1","measurement_status_1",37.6,33.4,18,39.5,39.5746496070842,-0.0746496070841616,"tight_session+may_session+direct_xgb",0.325724457734747,39.7008711460151,39.5951937172775,39.5687743600931,39.2644914756026,39.2644914756026,39.2644914756026,39.5313619526556,39.4247702891667,39.5665700423273,39.6280847815128,39.5869188565974,39.620433807373,0,0,0,0,0,0,0,0,0.85,0,0,0.15
"all_measured_520_analysis_set","within_cow_random5",3,"StrictHierarchicalEBResidualXGB",357,"C013","stable_hot","S01","measurement_group_1","measurement_status_1",29.3,20.6,1,39.3,39.0711713887906,0.228828611209366,"tight_session+may_session+direct_xgb",0.325724457734747,38.9333805991856,39.0465452297848,39.0748363874346,39.2644914756026,39.2644914756026,39.2644914756026,39.1161801646761,39.391142269714,39.0837640315477,38.976220537693,39.0653983502906,38.999813079834,0,0,0,0,0,0,0,0,0.85,0,0,0.15
"all_measured_520_analysis_set","within_cow_random5",3,"StrictHierarchicalEBResidualXGB",362,"C013","stable_hot","S01","measurement_group_1","measurement_status_1",34.5,29.7,21,39.2,39.0677381612516,0.132261838748434,"tight_session+may_session+direct_xgb",0.325724457734747,38.8960340314136,38.9672811227458,38.8905186948884,39.2644914756026,39.3372646878557,39.1128982951205,39.1161801646761,39.1375910015318,39.0837640315477,38.8538199927452,38.9847864090072,38.9769248962402,0,0,0,0,0,0,0,0,0.85,0,0,0.15
"all_measured_520_analysis_set","within_cow_random5",3,"StrictHierarchicalEBResidualXGB",369,"C024","stable_hot","S01","measurement_group_1","measurement_status_1",36.9,34.5,13,38.6,38.3418953412239,0.258104658776105,"tight_session+may_session+direct_xgb",0.325724457734747,38.8761353621291,38.9114358456952,38.9501292175684,39.2644914756026,39.2644914756026,39.6322457378013,38.5806969040954,38.7703848950216,38.2905698095425,38.8542612391643,38.771543342076,38.632740020752,0,0,0,0,0,0,0,0,0.85,0,0,0.15
"all_measured_520_analysis_set","within_cow_random5",3,"StrictHierarchicalEBResidualXGB",375,"C024","stable_hot","S01","measurement_group_1","measurement_status_1",36.7,33.9,20,38.2,38.628695291219,-0.428695291219,"tight_session+may_session+direct_xgb",0.325724457734747,39.0336353621291,39.0901858456952,39.1088792175684,39.2644914756026,39.2644914756026,39.2644914756026,38.8807536786193,39.08825032298,38.5576259317794,39.0304222668715,39.0321426973266,39.031421661377,0,0,0,0,0,0,0,0,0.85,0,0,0.15
"all_measured_520_analysis_set","within_cow_random5",3,"StrictHierarchicalEBResidualXGB",378,"C024","stable_hot","S01","measurement_group_1","measurement_status_1",36.5,33.6,21,38.4,38.6329925476887,-0.232992547688731,"tight_session+may_session+direct_xgb",0.325724457734747,39.2269551337987,39.2291277268761,39.2031573771088,39.2644914756026,39.0393923474302,39.0881638252009,38.8807536786193,38.9995154634328,38.5576259317794,39.1441994089585,39.1606317007774,39.0600700378418,0,0,0,0,0,0,0,0,0.85,0,0,0.15
"all_measured_520_analysis_set","within_cow_random5",3,"StrictHierarchicalEBResidualXGB",401,"C004","stable_cool","S01","measurement_group_1","measurement_status_1",32.1,7.6,8,37.6,37.7052244781297,-0.105224478129649,"may_session_hour+direct_xgb+tight_session",0.288770724748781,37.6559026544181,37.8926516924477,37.9518389519551,38.6549127640037,38.6549127640037,38.6549127640037,37.6561823804796,37.7319917044752,37.6096718174782,37.7669105722055,37.8614875827408,37.8082466125488,0,0,0,0,0,0,0,0.7,0.25,0,0,0.05
"all_measured_520_analysis_set","within_cow_random5",3,"StrictHierarchicalEBResidualXGB",402,"C005","stable_hot","S01","measurement_group_1","measurement_status_1",31.1,21,0,37.8,37.8318584320934,-0.0318584320934292,"tight_session+may_session+direct_xgb",0.325724457734747,37.9234016420015,38.1922162585527,38.2636267868496,39.2644914756026,39.2644914756026,39.2644914756026,38.0446891675826,38.0774242555317,37.8153208421716,38.1553410949896,38.1610165834993,37.9255714416504,0,0,0,0,0,0,0,0,0.85,0,0,0.15
"all_measured_520_analysis_set","within_cow_random5",3,"StrictHierarchicalEBResidualXGB",419,"C009","stable_hot","S01","measurement_group_1","measurement_status_1",35.6,31.7,16,39.6,39.5574814457593,0.0425185542406865,"tight_session+may_session+direct_xgb",0.325724457734747,39.8982421193281,39.7806609265925,39.7614329733857,39.2644914756026,39.2644914756026,39.2644914756026,39.5041705531744,39.4190421557913,39.5105151731474,39.7592755240749,39.768505472918,39.8236236572266,0,0,0,0,0,0,0,0,0.85,0,0,0.15
"all_measured_520_analysis_set","within_cow_random5",3,"StrictHierarchicalEBResidualXGB",422,"C009","stable_hot","S01","measurement_group_1","measurement_status_1",36.9,32,18,39.7,39.7618034826983,-0.0618034826983376,"tight_session+may_session+direct_xgb",0.325724457734747,39.8602840314136,39.724170047993,39.7064093041012,39.2644914756026,39.2644914756026,39.2644914756026,39.5773114750126,39.4838931065745,39.7527378852776,39.9241828021,39.724843936186,39.813175201416,0,0,0,0,0,0,0,0,0.85,0,0,0.15
"all_measured_520_analysis_set","within_cow_random5",3,"StrictHierarchicalEBResidualXGB",429,"C011","stable_cool","S01","measurement_group_1","measurement_status_1",31.1,8.5,23,38.4,38.4666208851447,-0.0666208851446726,"may_session_hour+direct_xgb+tight_session",0.288770724748781,38.2437036799863,38.304702930302,38.3214426410623,38.6549127640037,38.6549127640037,38.6549127640037,38.2522073344054,38.5630512393107,38.2318956369151,38.6126748726969,38.3252480571723,38.2902221679688,0,0,0,0,0,0,0,0.7,0.25,0,0,0.05
"all_measured_520_analysis_set","within_cow_random5",3,"StrictHierarchicalEBResidualXGB",434,"C011","stable_cool","S01","measurement_group_1","measurement_status_1",34,24.4,14,38.1,38.1236903865495,-0.0236903865494611,"may_session_hour+direct_xgb+tight_session",0.288770724748781,38.2262036799863,38.313461452494,38.3395782938022,38.6549127640037,38.6549127640037,38.6549127640037,38.2522073344054,38.0822267817402,38.2318956369151,37.9745461757835,38.2793788423338,38.1631546020508,0,0,0,0,0,0,0,0.7,0.25,0,0,0.05
"all_measured_520_analysis_set","within_cow_random5",3,"StrictHierarchicalEBResidualXGB",440,"C013","stable_hot","S01","measurement_group_1","measurement_status_1",34,31.3,22,39.1,39.0710723973966,0.0289276026034102,"tight_session+may_session+direct_xgb",0.325724457734747,38.945030722804,39.066956228185,39.0955652632344,39.2644914756026,39.2644914756026,39.2644914756026,39.1161801646761,39.1698055178225,39.0837640315477,39.0147683496435,39.066184972778,38.999153137207,0,0,0,0,0,0,0,0,0.85,0,0,0.15
"all_measured_520_analysis_set","within_cow_random5",3,"StrictHierarchicalEBResidualXGB",445,"C013","stable_hot","S01","measurement_group_1","measurement_status_1",28.5,18.2,4,39.1,39.0704990483976,0.0295009516024365,"tight_session+may_session+direct_xgb",0.325724457734747,38.9333805991856,39.006421369013,39.0246815614699,39.2644914756026,39.2644914756026,39.2644914756026,39.1161801646761,39.2873925950631,39.0837640315477,39.0957286868341,39.0228175413577,38.9953308105469,0,0,0,0,0,0,0,0,0.85,0,0,0.15
"all_measured_520_analysis_set","within_cow_random5",3,"StrictHierarchicalEBResidualXGB",453,"C016","stable_cool","S01","measurement_group_1","measurement_status_1",31,2.3,20,38.8,38.8351401724054,-0.0351401724053702,"may_session_hour+direct_xgb+tight_session",0.288770724748781,38.6248491575592,38.6500035187945,38.6562921091033,38.6549127640037,38.6549127640037,38.6549127640037,38.6245312780673,38.9211822921244,38.6231551788998,38.5835120202317,38.6893247625575,38.6904754638672,0,0,0,0,0,0,0,0.7,0.25,0,0,0.05
"all_measured_520_analysis_set","within_cow_random5",3,"StrictHierarchicalEBResidualXGB",455,"C016","stable_cool","S01","measurement_group_1","measurement_status_1",31,4.5,9,38.7,38.7185513774228,-0.0185513774228099,"may_session_hour+direct_xgb+tight_session",0.288770724748781,38.6555005549863,38.6701495735618,38.7157122426327,38.6549127640037,38.7623847906676,38.7274563820018,38.6245312780673,38.7517323329312,38.6231551788998,38.7001838359678,38.6739402678507,38.7309989929199,0,0,0,0,0,0,0,0.7,0.25,0,0,0.05
"all_measured_520_analysis_set","within_cow_random5",3,"StrictHierarchicalEBResidualXGB",460,"C018","stable_cool","S01","measurement_group_1","measurement_status_1",30.7,2.9,3,38.8,38.7960576692938,0.00394233070615968,"may_session_hour+direct_xgb+tight_session",0.288770724748781,38.7933639547277,38.7670651771398,38.7604904827428,38.6549127640037,38.6549127640037,38.6549127640037,38.7930314109505,38.7867688494443,38.7996426143076,38.9243722814278,38.7818612683834,38.9081764221191,0,0,0,0,0,0,0,0.7,0.25,0,0,0.05
"all_measured_520_analysis_set","within_cow_random5",3,"StrictHierarchicalEBResidualXGB",465,"C019","stable_hot","S01","measurement_group_1","measurement_status_1",36.8,31.3,21,39.4,39.4172415850442,-0.0172415850442107,"tight_session+may_session+direct_xgb",0.325724457734747,39.4752743423079,39.4301398490645,39.4188562257536,39.2644914756026,39.2644914756026,39.4881638252009,39.3862570540612,39.32809265747,39.4018549215421,39.5974544848368,39.4427656690679,39.5044326782227,0,0,0,0,0,0,0,0,0.85,0,0,0.15
"all_measured_520_analysis_set","within_cow_random5",3,"StrictHierarchicalEBResidualXGB",467,"C019","stable_hot","S01","measurement_group_1","measurement_status_1",37.4,32.5,23,39.5,39.6019527931003,-0.101952793100338,"tight_session+may_session+direct_xgb",0.325724457734747,39.4821975264617,39.5143571988178,39.5212844623107,39.2644914756026,39.2644914756026,39.2644914756026,39.4608307396027,39.3848875505337,39.5823405231902,39.8312577606236,39.588269841714,39.7130889892578,0,0,0,0,0,0,0,0,0.85,0,0,0.15
"all_measured_520_analysis_set","within_cow_random5",3,"StrictHierarchicalEBResidualXGB",471,"C021","stable_cool","S01","measurement_group_1","measurement_status_1",30.7,9.4,1,38.3,38.3564772208218,-0.0564772208218471,"may_session_hour+direct_xgb+tight_session",0.288770724748781,38.2675574908925,38.3372563752277,38.3546810963115,38.6549127640037,38.6549127640037,38.6549127640037,38.2668082733725,38.3951069954346,38.2472391483655,38.6118171441725,38.3685323069735,38.3618507385254,0,0,0,0,0,0,0,0.7,0.25,0,0,0.05
"all_measured_520_analysis_set","within_cow_random5",3,"StrictHierarchicalEBResidualXGB",473,"C021","stable_cool","S01","measurement_group_1","measurement_status_1",27.2,10.1,1,38.3,38.3564798911099,-0.0564798911099373,"may_session_hour+direct_xgb+tight_session",0.288770724748781,38.2675574908925,38.3372563752277,38.3546810963115,38.6549127640037,38.6549127640037,38.6549127640037,38.2668082733725,38.3951069954346,38.2472391483655,38.5261869575171,38.3665356649948,38.3619041442871,0,0,0,0,0,0,0,0.7,0.25,0,0,0.05
"all_measured_520_analysis_set","within_cow_random5",3,"StrictHierarchicalEBResidualXGB",486,"C025","stable_cool","S01","measurement_group_1","measurement_status_1",27.5,12.6,10,39.4,39.3936436365818,0.00635636341818469,"may_session_hour+direct_xgb+tight_session",0.288770724748781,39.411514426737,39.288463743301,39.254684518808,38.6549127640037,38.6549127640037,38.6549127640037,39.3920895826956,39.3758030420296,39.426693094074,39.3303607850476,39.302730115028,39.4781646728516,0,0,0,0,0,0,0,0.7,0.25,0,0,0.05
"all_measured_520_analysis_set","within_cow_random5",3,"StrictHierarchicalEBResidualXGB",488,"C025","stable_cool","S01","measurement_group_1","measurement_status_1",31.5,15.8,12,39.4,39.3844958296269,0.0155041703730561,"may_session_hour+direct_xgb+tight_session",0.288770724748781,39.3927447596813,39.2048062683227,39.157821645483,38.6549127640037,38.6549127640037,38.6549127640037,39.3920895826956,39.3740782936559,39.426693094074,39.236382580525,39.1941917129936,39.3193550109863,0,0,0,0,0,0,0,0.7,0.25,0,0,0.05
"all_measured_520_analysis_set","within_cow_random5",3,"StrictHierarchicalEBResidualXGB",500,"C026","stable_cool","S01","measurement_group_1","measurement_status_1",31.5,6.2,0,38.6,38.5991178880751,0.000882111924880746,"may_session_hour+direct_xgb+tight_session",0.288770724748781,38.6074421106557,38.622220390243,38.6363959411849,38.6549127640037,38.6549127640037,38.8274563820018,38.6723850255895,38.5681219807293,38.6732867689538,38.6463708190172,38.6233292269749,38.6622161865234,0,0,0,0,0,0,0,0.7,0.25,0,0,0.05
"all_measured_520_analysis_set","within_cow_random5",3,"StrictHierarchicalEBResidualXGB",504,"C027","stable_cool","S01","measurement_group_1","measurement_status_1",31.6,8.7,2,39,38.8972999129371,0.102700087062864,"may_session_hour+direct_xgb+tight_session",0.288770724748781,38.9675574908925,38.8991826047359,38.8820888831967,38.6549127640037,38.6549127640037,38.6549127640037,38.967653343795,38.8506562912092,38.9837276979838,39.2312018061261,38.9170743619261,39.1181716918945,0,0,0,0,0,0,0,0.7,0.25,0,0,0.05
"all_measured_520_analysis_set","within_cow_random5",3,"StrictHierarchicalEBResidualXGB",505,"C027","stable_cool","S01","measurement_group_1","measurement_status_1",30.9,3.8,1,39,38.8960086379127,0.103991362087278,"may_session_hour+direct_xgb+tight_session",0.288770724748781,38.9675574908925,38.8972563752277,38.8796810963115,38.6549127640037,38.6549127640037,38.6549127640037,38.967653343795,38.8506562912092,38.9837276979838,39.096585414485,38.9164108530922,39.0923461914062,0,0,0,0,0,0,0,0.7,0.25,0,0,0.05
"all_measured_520_analysis_set","within_cow_random5",3,"StrictHierarchicalEBResidualXGB",520,"C030","stable_cool","S01","measurement_group_1","measurement_status_1",32.3,8.3,10,40.3,40.2162624871716,0.0837375128283924,"may_session_hour+direct_xgb+tight_session",0.288770724748781,40.1960270009643,39.9157643130112,39.8392003285832,38.6549127640037,38.6549127640037,38.6549127640037,40.1545272558258,40.2152958806398,40.2247573410493,40.1651990038146,39.9805525427747,40.1873207092285,0,0,0,0,0,0,0,0.7,0.25,0,0,0.05
"all_measured_520_analysis_set","within_cow_random5",4,"StrictHierarchicalEBResidualXGB",1,"C021","stable_cool","S01","measurement_group_1","measurement_status_1",30,13.1,11,38.3,38.3234118964269,-0.0234118964269143,"may_session_hour+direct_xgb+eb_exact",0.326132682621985,38.2630186831296,38.3492577348009,38.3695567710072,38.6525756305356,38.6525756305356,38.6525756305356,38.2551319908774,38.3598395109524,38.2367166898786,38.2973283140465,38.3343998763815,38.2545509338379,0.0499999999999999,0,0,0,0,0,0,0.65,0,0,0,0.3
"all_measured_520_analysis_set","within_cow_random5",4,"StrictHierarchicalEBResidualXGB",6,"C021","stable_cool","S01","measurement_group_1","measurement_status_1",28.1,13.4,21,38.3,38.3679607968587,-0.0679607968587348,"may_session_hour+direct_xgb+eb_exact",0.326132682621985,38.2630186831296,38.3819376836335,38.410406707048,38.6525756305356,38.6525756305356,38.6525756305356,38.2551319908774,38.3832707135023,38.2367166898786,38.3816951861394,38.4148525344944,38.3522796630859,0.0499999999999999,0,0,0,0,0,0,0.65,0,0,0,0.3
"all_measured_520_analysis_set","within_cow_random5",4,"StrictHierarchicalEBResidualXGB",11,"C003","stable_cool","S01","measurement_group_1","measurement_status_1",33.3,6.1,11,38.8,38.5914359937515,0.208564006248494,"may_session_hour+direct_xgb+eb_exact",0.326132682621985,38.5491737073635,38.578139799716,38.5836486082824,38.6525756305356,38.2432603486574,38.3762878152678,38.5383770110018,38.6083325167661,38.533590705103,38.542220668724,38.5614268528987,38.5618705749512,0.0499999999999999,0,0,0,0,0,0,0.65,0,0,0,0.3
"all_measured_520_analysis_set","within_cow_random5",4,"StrictHierarchicalEBResidualXGB",20,"C003","stable_cool","S01","measurement_group_1","measurement_status_1",32,6,21,38.6,38.8002481667851,-0.200248166785144,"may_session_hour+direct_xgb+eb_exact",0.326132682621985,38.5383923725618,38.6023486997759,38.6183377815794,38.6525756305356,38.6525756305356,38.6525756305356,38.5383770110018,38.8539859415382,38.533590705103,38.7245369460345,38.644750468043,38.7274589538574,0.0499999999999999,0,0,0,0,0,0,0.65,0,0,0,0.3
"all_measured_520_analysis_set","within_cow_random5",4,"StrictHierarchicalEBResidualXGB",25,"C002","stable_cool","S01","measurement_group_1","measurement_status_1",34.2,6.9,12,38.5,39.0043603960556,-0.504360396055553,"may_session_hour+direct_xgb+eb_exact",0.326132682621985,39.0963445912323,38.9602654794939,38.9322672385113,38.6525756305356,38.6525756305356,38.6525756305356,39.133296810822,38.9774565701845,39.155915688627,39.0183773973679,38.9589663120927,39.0473213195801,0.0499999999999999,0,0,0,0,0,0,0.65,0,0,0,0.3
"all_measured_520_analysis_set","within_cow_random5",4,"StrictHierarchicalEBResidualXGB",26,"C002","stable_cool","S01","measurement_group_1","measurement_status_1",36.2,6.8,12,39.3,38.9848882738632,0.315111726136827,"may_session_hour+direct_xgb+eb_exact",0.326132682621985,39.0963445912323,38.9602654794939,38.9322672385113,38.6525756305356,38.6525756305356,38.6525756305356,39.133296810822,38.9774565701845,39.155915688627,39.0568676258727,38.9269965546914,38.9824142456055,0.0499999999999999,0,0,0,0,0,0,0.65,0,0,0,0.3
"all_measured_520_analysis_set","within_cow_random5",4,"StrictHierarchicalEBResidualXGB",35,"C029","stable_cool","S01","measurement_group_1","measurement_status_1",31.8,5.4,0,38.1,38.4368321831223,-0.336832183122297,"may_session_hour+direct_xgb+eb_exact",0.326132682621985,38.3641524895426,38.4259696316201,38.4414239171395,38.6525756305356,38.6525756305356,38.6525756305356,38.3640516584674,38.4722584434009,38.3507258680179,38.3738405885938,38.4239690967132,38.3721885681152,0.0499999999999999,0,0,0,0,0,0,0.65,0,0,0,0.3
"all_measured_520_analysis_set","within_cow_random5",4,"StrictHierarchicalEBResidualXGB",41,"C029","stable_cool","S01","measurement_group_1","measurement_status_1",33.6,8.8,14,38.5,38.2907041904415,0.209295809558455,"may_session_hour+direct_xgb+eb_exact",0.326132682621985,38.3461897924707,38.383912461523,38.3962299908155,38.6525756305356,38.6136307190277,38.6175252101785,38.3640516584674,38.2851479190019,38.3507258680179,38.2802173762366,38.3599002609887,38.2934951782227,0.0499999999999999,0,0,0,0,0,0,0.65,0,0,0,0.3
"all_measured_520_analysis_set","within_cow_random5",4,"StrictHierarchicalEBResidualXGB",50,"C001","stable_cool","S01","measurement_group_1","measurement_status_1",31.3,6.9,12,38.3,38.1762745794663,0.123725420533702,"may_session_hour+direct_xgb+eb_exact",0.326132682621985,38.2454425082445,38.2798165793093,38.2975002538408,38.6525756305356,38.6525756305356,38.6525756305356,38.3024449122364,38.158195256838,38.2874685564643,38.1495898252326,38.2484167481335,38.2039184570312,0.0499999999999999,0,0,0,0,0,0,0.65,0,0,0,0.3
"all_measured_520_analysis_set","within_cow_random5",4,"StrictHierarchicalEBResidualXGB",59,"C001","stable_cool","S01","measurement_group_1","measurement_status_1",30.6,5.4,22,38.1,38.3941009721992,-0.294100972199161,"may_session_hour+direct_xgb+eb_exact",0.326132682621985,38.3020034836729,38.3764694780332,38.3950859766233,38.8816722689286,38.83585294125,38.7762878152678,38.3024449122364,38.4130242285801,38.2874685564643,38.5290155148462,38.3976247888279,38.3684501647949,0.0499999999999999,0,0,0,0,0,0,0.65,0,0,0,0.3
"all_measured_520_analysis_set","within_cow_random5",4,"StrictHierarchicalEBResidualXGB",60,"C001","stable_cool","S01","measurement_group_1","measurement_status_1",30.5,5.5,23,38.1,38.3970432482001,-0.29704324820014,"may_session_hour+direct_xgb+eb_exact",0.326132682621985,38.3020034836729,38.3714885221625,38.3888597817849,38.6525756305356,38.6136307190277,38.6262878152678,38.3024449122364,38.4130242285801,38.2874685564643,38.5854546222719,38.3894383827055,38.3782577514648,0.0499999999999999,0,0,0,0,0,0,0.65,0,0,0,0.3
"all_measured_520_analysis_set","within_cow_random5",4,"StrictHierarchicalEBResidualXGB",65,"C027","stable_cool","S01","measurement_group_1","measurement_status_1",31.1,8,13,38.6,38.6597835236894,-0.0597835236893829,"may_session_hour+direct_xgb+eb_exact",0.326132682621985,38.8548425082445,38.7924453660777,38.7896487373013,38.6525756305356,38.6525756305356,38.6525756305356,38.9337226900141,38.5923567570024,38.9460116028219,38.8586296214825,38.7641696453026,38.773365020752,0.0499999999999999,0,0,0,0,0,0,0.65,0,0,0,0.3
"all_measured_520_analysis_set","within_cow_random5",4,"StrictHierarchicalEBResidualXGB",71,"C027","stable_cool","S01","measurement_group_1","measurement_status_1",32.5,6,21,39.1,39.0278678631172,0.0721321368827574,"may_session_hour+direct_xgb+eb_exact",0.326132682621985,38.9345034836729,38.9192375886648,38.9154211149127,38.6525756305356,38.6525756305356,39.1762878152678,38.9337226900141,39.0237524710307,38.9460116028219,39.1020974135587,38.9643259804158,39.0523452758789,0.0499999999999999,0,0,0,0,0,0,0.65,0,0,0,0.3
"all_measured_520_analysis_set","within_cow_random5",4,"StrictHierarchicalEBResidualXGB",76,"C026","stable_cool","S01","measurement_group_1","measurement_status_1",30.6,9,19,39,38.8447556852832,0.155244314716761,"may_session_hour+direct_xgb+eb_exact",0.326132682621985,38.6597812614507,38.6861197691452,38.6927043960688,38.6525756305356,38.3173344227314,38.4262878152678,38.6595313319894,38.944541634268,38.6599777544039,38.7262494662364,38.698984011453,38.6593818664551,0.0499999999999999,0,0,0,0,0,0,0.65,0,0,0,0.3
"all_measured_520_analysis_set","within_cow_random5",4,"StrictHierarchicalEBResidualXGB",84,"C016","stable_cool","S01","measurement_group_1","measurement_status_1",33,8.8,14,38.3,38.4408193371309,-0.1408193371309,"may_session_hour+direct_xgb+eb_exact",0.326132682621985,38.6570317465085,38.6323294147951,38.6261538318668,38.6525756305356,38.6525756305356,38.6525756305356,38.6567732651156,38.3909102090983,38.6571255342674,38.5125890156224,38.6044274374945,38.5129203796387,0.0499999999999999,0,0,0,0,0,0,0.65,0,0,0,0.3
"all_measured_520_analysis_set","within_cow_random5",4,"StrictHierarchicalEBResidualXGB",86,"C016","stable_cool","S01","measurement_group_1","measurement_status_1",32.1,9,19,39.4,38.7011838116704,0.698816188329587,"may_session_hour+direct_xgb+eb_exact",0.326132682621985,38.6570317465085,38.6839201571914,38.6906422598622,39.0347144473283,38.9935526778171,38.9631439076339,38.6567732651156,38.7138359810386,38.6571255342674,38.7803677571754,38.7044933448109,38.6811294555664,0.0499999999999999,0,0,0,0,0,0,0.65,0,0,0,0.3
"all_measured_520_analysis_set","within_cow_random5",4,"StrictHierarchicalEBResidualXGB",96,"C022","stable_cool","S01","measurement_group_1","measurement_status_1",31.2,8.8,14,39,38.4567201557867,0.543279844213274,"may_session_hour+direct_xgb+eb_exact",0.326132682621985,38.3992990357736,38.4261432462071,38.4328542988155,38.6525756305356,38.6525756305356,38.6525756305356,38.3981285818494,38.5208637894667,38.3841270765714,38.3126090770277,38.3963304706549,38.3273124694824,0.0499999999999999,0,0,0,0,0,0,0.65,0,0,0,0.3
"all_measured_520_analysis_set","within_cow_random5",4,"StrictHierarchicalEBResidualXGB",101,"C022","stable_cool","S01","measurement_group_1","measurement_status_1",31.1,5.4,22,38.2,38.4845980932776,-0.284598093277637,"may_session_hour+direct_xgb+eb_exact",0.326132682621985,38.3994217045132,38.4544023022949,38.4681277371214,38.6525756305356,38.6525756305356,38.7262878152678,38.3981285818494,38.4334304950349,38.3841270765714,38.6680933592609,38.4971888855993,38.6096572875977,0.0499999999999999,0,0,0,0,0,0,0.65,0,0,0,0.3
"all_measured_520_analysis_set","within_cow_random5",4,"StrictHierarchicalEBResidualXGB",102,"C022","stable_cool","S01","measurement_group_1","measurement_status_1",32.1,5.5,23,38.5,38.4668307293719,0.0331692706280933,"may_session_hour+direct_xgb+eb_exact",0.326132682621985,38.3992990357736,38.449324963843,38.4618314458604,38.6525756305356,38.83585294125,38.7762878152678,38.3981285818494,38.4334304950349,38.3841270765714,38.805576052087,38.4932480289093,38.5504531860352,0.0499999999999999,0,0,0,0,0,0,0.65,0,0,0,0.3
"all_measured_520_analysis_set","within_cow_random5",4,"StrictHierarchicalEBResidualXGB",105,"C014","stable_cool","S01","measurement_group_1","measurement_status_1",31,6.1,11,38,38.4021784943391,-0.402178494339083,"may_session_hour+direct_xgb+eb_exact",0.326132682621985,38.3879258038726,38.4489558772158,38.4603926843199,38.6525756305356,40.2248516896542,40.0762878152678,38.3640516584674,38.3958814070687,38.3507258680179,38.3550814760975,38.4700156324517,38.4181976318359,0.0499999999999999,0,0,0,0,0,0,0.65,0,0,0,0.3
"all_measured_520_analysis_set","within_cow_random5",4,"StrictHierarchicalEBResidualXGB",110,"C014","stable_cool","S01","measurement_group_1","measurement_status_1",33.2,8.8,14,38,38.1202428370049,-0.120242837004938,"may_session_hour+direct_xgb+eb_exact",0.326132682621985,38.3641524895426,38.3980260092224,38.4064943891423,38.6525756305356,38.6525756305356,38.6525756305356,38.3640516584674,38.0329637894433,38.3507258680179,38.3034624782457,38.3617934967781,38.2686958312988,0.0499999999999999,0,0,0,0,0,0,0.65,0,0,0,0.3
"all_measured_520_analysis_set","within_cow_random5",4,"StrictHierarchicalEBResidualXGB",116,"C023","stable_cool","S01","measurement_group_1","measurement_status_1",30.7,5.4,0,38.3,38.9576088678572,-0.657608867857213,"may_session_hour+direct_xgb+eb_exact",0.326132682621985,39.0248336040937,38.954514523261,38.9369347530528,38.6525756305356,38.6525756305356,38.6525756305356,39.0243771432319,38.9014700084979,39.0419065104877,39.055693248275,38.9526247609088,39.0680389404297,0.0499999999999999,0,0,0,0,0,0,0.65,0,0,0,0.3
"all_measured_520_analysis_set","within_cow_random5",4,"StrictHierarchicalEBResidualXGB",120,"C023","stable_cool","S01","measurement_group_1","measurement_status_1",33.2,6.8,12,39,38.914407036745,0.0855929632550314,"may_session_hour+direct_xgb+eb_exact",0.326132682621985,39.0554877233773,38.9266068214911,38.8894600411347,38.6525756305356,38.6525756305356,38.3881439076339,39.0243771432319,38.9189132077298,39.0419065104877,38.9942690561138,38.8931879574793,38.8811302185059,0.0499999999999999,0,0,0,0,0,0,0.65,0,0,0,0.3
"all_measured_520_analysis_set","within_cow_random5",4,"StrictHierarchicalEBResidualXGB",129,"C023","stable_cool","S01","measurement_group_1","measurement_status_1",33.3,5.5,23,39.3,39.181191878674,0.118808121325991,"may_session_hour+direct_xgb+eb_exact",0.326132682621985,39.0248336040937,38.9497526184991,38.9309823721005,38.6525756305356,38.6525756305356,38.6175252101785,39.0243771432319,39.1699023016565,39.0419065104877,39.3495811965331,38.9887522728518,39.2317123413086,0.0499999999999999,0,0,0,0,0,0,0.65,0,0,0,0.3
"all_measured_520_analysis_set","within_cow_random5",4,"StrictHierarchicalEBResidualXGB",130,"C011","stable_cool","S01","measurement_group_1","measurement_status_1",28.2,13.1,11,38.1,38.2360950956659,-0.136095095665922,"may_session_hour+direct_xgb+eb_exact",0.326132682621985,38.189461925871,38.2904924600327,38.3153908410459,38.6525756305356,38.6525756305356,38.6525756305356,38.1863853144217,38.2542724456991,38.1628436425611,38.1011539096885,38.275919964438,38.2044830322266,0.0499999999999999,0,0,0,0,0,0,0.65,0,0,0,0.3
"all_measured_520_analysis_set","within_cow_random5",4,"StrictHierarchicalEBResidualXGB",136,"C011","stable_cool","S01","measurement_group_1","measurement_status_1",30.7,11.8,22,39.1,38.2531894353285,0.846810564671493,"may_session_hour+direct_xgb+eb_exact",0.326132682621985,38.1872265768134,38.2846479525456,38.3090032964786,38.6525756305356,38.6525756305356,38.6525756305356,38.1863853144217,38.2552811557896,38.1628436425611,38.3594678188187,38.3110801538119,38.259651184082,0.0499999999999999,0,0,0,0,0,0,0.65,0,0,0,0.3
"all_measured_520_analysis_set","within_cow_random5",4,"StrictHierarchicalEBResidualXGB",147,"C004","stable_cool","S01","measurement_group_1","measurement_status_1",31,8.6,13,37.5,37.616212386777,-0.116212386776951,"may_session_hour+direct_xgb+eb_exact",0.326132682621985,37.6285295190429,37.8106464441728,37.8605573636045,38.6525756305356,38.6525756305356,38.6525756305356,37.6560738191322,37.5786216020276,37.6096662101122,37.5326514458488,37.7576148133587,37.6956062316895,0.0499999999999999,0,0,0,0,0,0,0.65,0,0,0,0.3
"all_measured_520_analysis_set","within_cow_random5",4,"StrictHierarchicalEBResidualXGB",154,"C028","stable_hot","S01","measurement_group_1","measurement_status_1",38.6,37.4,14,40.2,40.1576151625789,0.0423848374211389,"tight_session+may_session+may_session_hour",0.305785570628503,40.1560053502913,39.9274064960391,39.870256782476,39.2561243657299,39.2561243657299,39.2561243657299,40.0751618714326,39.72269148609,40.1928992954484,39.9699960388381,39.8826885806829,39.8201179504395,0,0,0,0,0,0,0.1,0.0499999999999999,0.85,0,0,0
"all_measured_520_analysis_set","within_cow_random5",4,"StrictHierarchicalEBResidualXGB",160,"C028","stable_hot","S01","measurement_group_1","measurement_status_1",37.2,37.5,23,40.1,40.0560185456822,0.0439814543177519,"tight_session+may_session+may_session_hour",0.305785570628503,40.1812044139903,40.0665269214681,40.0338076988145,39.2561243657299,39.2561243657299,39.2561243657299,39.9343014775394,39.7238334392582,40.0898785011358,40.3791640375363,40.1101813782028,40.1761436462402,0,0,0,0,0,0,0.1,0.0499999999999999,0.85,0,0,0
"all_measured_520_analysis_set","within_cow_random5",4,"StrictHierarchicalEBResidualXGB",161,"C028","stable_hot","S01","measurement_group_1","measurement_status_1",38.6,37.3,0,40.2,40.2341149888474,-0.034114988847378,"tight_session+may_session+may_session_hour",0.305785570628503,40.1560053502913,39.9597349773878,39.910667384162,39.2561243657299,39.2561243657299,39.2561243657299,40.0532533678439,39.8161226829451,40.2799806093126,40.1567619302567,39.9937682945067,40.109489440918,0,0,0,0,0,0,0.1,0.0499999999999999,0.85,0,0,0
"all_measured_520_analysis_set","within_cow_random5",4,"StrictHierarchicalEBResidualXGB",171,"C008","stable_cool","S01","measurement_group_1","measurement_status_1",35.5,11.3,16,38.2,38.2419126326431,-0.0419126326431467,"may_session_hour+direct_xgb+eb_exact",0.326132682621985,38.1837075376188,38.2848916864786,38.3096322988397,38.6525756305356,38.6525756305356,38.6525756305356,38.1802497194092,38.2830197480101,38.1583353799078,38.0524688624969,38.2694689343516,38.1625480651855,0.0499999999999999,0,0,0,0,0,0,0.65,0,0,0,0.3
"all_measured_520_analysis_set","within_cow_random5",4,"StrictHierarchicalEBResidualXGB",173,"C008","stable_cool","S01","measurement_group_1","measurement_status_1",34.4,7.5,17,38.2,38.2603296165146,-0.0603296165145508,"may_session_hour+direct_xgb+eb_exact",0.326132682621985,38.18025156075,38.2558012885734,38.2746887205293,38.6525756305356,38.6525756305356,38.6525756305356,38.1802497194092,38.2830197480101,38.1583353799078,38.1508920465519,38.2682177854463,38.2245140075684,0.0499999999999999,0,0,0,0,0,0,0.65,0,0,0,0.3
"all_measured_520_analysis_set","within_cow_random5",4,"StrictHierarchicalEBResidualXGB",174,"C008","stable_cool","S01","measurement_group_1","measurement_status_1",31.6,3.5,22,38.3,38.3383130921421,-0.0383130921421468,"may_session_hour+direct_xgb+eb_exact",0.326132682621985,38.18025156075,38.2790679396949,38.3037720344311,38.6525756305356,38.6525756305356,38.6525756305356,38.1802497194092,38.3335973532424,38.1583353799078,38.3436778263335,38.3275538669786,38.3748741149902,0.0499999999999999,0,0,0,0,0,0,0.65,0,0,0,0.3
"all_measured_520_analysis_set","within_cow_random5",4,"StrictHierarchicalEBResidualXGB",177,"C030","stable_cool","S01","measurement_group_1","measurement_status_1",30,2.5,14,40.2,40.0408801293236,0.15911987067642,"may_session_hour+direct_xgb+eb_exact",0.326132682621985,40.1486726133816,39.8256421082936,39.7448844820216,38.6525756305356,38.6525756305356,38.6525756305356,40.1476112152541,40.0184302634799,40.2176261600496,40.0137862248357,39.8928334930263,40.0715560913086,0.0499999999999999,0,0,0,0,0,0,0.65,0,0,0,0.3
"all_measured_520_analysis_set","within_cow_random5",4,"StrictHierarchicalEBResidualXGB",179,"C030","stable_cool","S01","measurement_group_1","measurement_status_1",30.6,4.3,9,40.3,40.2150511739143,0.0849488260856788,"may_session_hour+direct_xgb+eb_exact",0.326132682621985,40.1751549060398,39.870220633847,39.7897309830502,38.6525756305356,38.6525756305356,38.6525756305356,40.1476112152541,40.2123793648949,40.2176261600496,40.1445973692492,39.9527483085816,40.2274894714355,0.0499999999999999,0,0,0,0,0,0,0.65,0,0,0,0.3
"all_measured_520_analysis_set","within_cow_random5",4,"StrictHierarchicalEBResidualXGB",182,"C030","stable_cool","S01","measurement_group_1","measurement_status_1",31.7,11.8,12,40.2,40.0288489556175,0.171151044382476,"may_session_hour+direct_xgb+eb_exact",0.326132682621985,40.1486726133816,39.8015926494843,39.71482265851,38.6525756305356,38.6525756305356,38.6525756305356,40.1476112152541,40.0184302634799,40.2176261600496,40.0404808622096,39.8444024525231,40.0314521789551,0.0499999999999999,0,0,0,0,0,0,0.65,0,0,0,0.3
"all_measured_520_analysis_set","within_cow_random5",4,"StrictHierarchicalEBResidualXGB",191,"C018","stable_cool","S01","measurement_group_1","measurement_status_1",32.3,6.6,9,38.8,38.8440822835388,-0.0440822835387848,"may_session_hour+direct_xgb+eb_exact",0.326132682621985,38.7951433528422,38.7665627283824,38.7737161633129,38.6525756305356,38.6525756305356,38.5175252101785,38.7929228496031,38.7966743069084,38.7996370069416,38.8556275943637,38.7876860519719,38.9549560546875,0.0499999999999999,0,0,0,0,0,0,0.65,0,0,0,0.3
"all_measured_520_analysis_set","within_cow_random5",4,"StrictHierarchicalEBResidualXGB",192,"C018","stable_cool","S01","measurement_group_1","measurement_status_1",30.8,4.4,9,38.8,38.8131992574157,-0.0131992574157422,"may_session_hour+direct_xgb+eb_exact",0.326132682621985,38.7951433528422,38.7665627283824,38.75911403182,38.6525756305356,38.6877047931018,38.6525756305356,38.7929228496031,38.7966743069084,38.7996370069416,38.8216959724488,38.7703287638106,38.8520126342773,0.0499999999999999,0,0,0,0,0,0,0.65,0,0,0,0.3
"all_measured_520_analysis_set","within_cow_random5",4,"StrictHierarchicalEBResidualXGB",195,"C018","stable_cool","S01","measurement_group_1","measurement_status_1",32.9,6.5,11,38.8,38.8150486862825,-0.0150486862824977,"may_session_hour+direct_xgb+eb_exact",0.326132682621985,38.7944350917983,38.7744860629743,38.7693090929886,38.6525756305356,39.0580751634722,38.9262878152678,38.7929228496031,38.7966743069084,38.7996370069416,38.7535786632517,38.7928995452082,38.8582954406738,0.0499999999999999,0,0,0,0,0,0,0.65,0,0,0,0.3
"all_measured_520_analysis_set","within_cow_random5",4,"StrictHierarchicalEBResidualXGB",203,"C025","stable_cool","S01","measurement_group_1","measurement_status_1",29.5,16.5,10,39.5,39.3656707336727,0.134329266327285,"may_session_hour+direct_xgb+eb_exact",0.326132682621985,39.3770666707457,39.2679638636448,39.2399063438268,38.6525756305356,38.6525756305356,38.6525756305356,39.3715585836752,39.331518909989,39.4053107658068,39.3626188955464,39.2631130318307,39.4377670288086,0.0499999999999999,0,0,0,0,0,0,0.65,0,0,0,0.3
"all_measured_520_analysis_set","within_cow_random5",4,"StrictHierarchicalEBResidualXGB",204,"C025","stable_cool","S01","measurement_group_1","measurement_status_1",31.5,16.8,14,39.5,39.3305141392839,0.169485860716073,"may_session_hour+direct_xgb+eb_exact",0.326132682621985,39.3799854581053,39.2105811921732,39.1669792168217,38.6525756305356,38.6525756305356,38.6525756305356,39.3715585836752,39.3531133395384,39.4053107658068,39.2730061145842,39.1813289591895,39.2733039855957,0.0499999999999999,0,0,0,0,0,0,0.65,0,0,0,0.3
"all_measured_520_analysis_set","within_cow_random5",4,"StrictHierarchicalEBResidualXGB",209,"C025","stable_cool","S01","measurement_group_1","measurement_status_1",31.3,12.4,1,39.5,39.3802515084313,0.119748491568707,"may_session_hour+direct_xgb+eb_exact",0.326132682621985,39.3770666707457,39.2320060883099,39.2681880087088,38.6525756305356,38.6525756305356,39.0262878152678,39.3715585836752,39.2787279754604,39.4053107658068,39.4652125380161,39.2543695331001,39.6007499694824,0.0499999999999999,0,0,0,0,0,0,0.65,0,0,0,0.3
"all_measured_520_analysis_set","within_cow_random5",4,"StrictHierarchicalEBResidualXGB",213,"C010","stable_hot","S01","measurement_group_1","measurement_status_1",37.8,34.3,13,38.7,38.7188087071438,-0.0188087071437835,"tight_session+may_session+may_session_hour",0.305785570628503,38.6783048004002,38.7655637343521,38.7873784678401,39.2561243657299,39.2561243657299,39.2561243657299,38.7639524803811,38.8856675579389,38.7036824484808,38.504924376432,38.7048211363252,38.552921295166,0,0,0,0,0,0,0.1,0.0499999999999999,0.85,0,0,0
"all_measured_520_analysis_set","within_cow_random5",4,"StrictHierarchicalEBResidualXGB",223,"C010","stable_hot","S01","measurement_group_1","measurement_status_1",37.3,31.9,20,38.7,38.7484506190377,-0.0484506190376948,"tight_session+may_session+may_session_hour",0.305785570628503,38.6646014603302,38.7965568007487,38.8317479583645,39.2561243657299,39.2561243657299,39.2561243657299,38.8645886843289,39.1654161117837,38.7102599353125,38.6604307430139,38.8176992704677,38.7385749816895,0,0,0,0,0,0,0.1,0.0499999999999999,0.85,0,0,0
"all_measured_520_analysis_set","within_cow_random5",4,"StrictHierarchicalEBResidualXGB",226,"C019","stable_hot","S01","measurement_group_1","measurement_status_1",36.8,31,14,39.5,39.464667172561,0.0353328274389924,"tight_session+may_session+may_session_hour",0.305785570628503,39.4680796536969,39.3770659387635,39.3543125100302,39.2561243657299,39.2561243657299,39.2561243657299,39.3705279534632,39.2646794394099,39.4875063591108,39.2307423002647,39.3069867387938,39.1952362060547,0,0,0,0,0,0,0.1,0.0499999999999999,0.85,0,0,0
"all_measured_520_analysis_set","within_cow_random5",4,"StrictHierarchicalEBResidualXGB",228,"C019","stable_hot","S01","measurement_group_1","measurement_status_1",38.9,41.3,14,39.5,39.464667172561,0.0353328274389924,"tight_session+may_session+may_session_hour",0.305785570628503,39.4680796536969,39.3770659387635,39.3543125100302,39.2561243657299,39.2561243657299,39.2561243657299,39.3705279534632,39.2646794394099,39.4875063591108,39.0883630349646,39.3142948121356,39.1910591125488,0,0,0,0,0,0,0.1,0.0499999999999999,0.85,0,0,0
"all_measured_520_analysis_set","within_cow_random5",4,"StrictHierarchicalEBResidualXGB",237,"C019","stable_hot","S01","measurement_group_1","measurement_status_1",39.7,36.3,16,39.5,39.4726080689605,0.0273919310394817,"tight_session+may_session+may_session_hour",0.305785570628503,39.4630173506617,39.4321020437244,39.4251868014064,39.2561243657299,39.2561243657299,39.2561243657299,39.3705279534632,39.4234973674001,39.4875063591108,39.2326048584229,39.3904595864776,39.3515281677246,0,0,0,0,0,0,0.1,0.0499999999999999,0.85,0,0,0
"all_measured_520_analysis_set","within_cow_random5",4,"StrictHierarchicalEBResidualXGB",245,"C005","stable_hot","S01","measurement_group_1","measurement_status_1",36.8,31.9,17,38,38.0939991768676,-0.0939991768676052,"tight_session+may_session+may_session_hour",0.305785570628503,37.8904139603302,38.1593880009346,38.233122896097,39.2561243657299,39.2561243657299,39.2561243657299,38.3758670871905,38.6091549338538,38.0305349664187,37.8379144902822,38.0756638076596,37.8657073974609,0,0,0,0,0,0,0.1,0.0499999999999999,0.85,0,0,0
"all_measured_520_analysis_set","within_cow_random5",4,"StrictHierarchicalEBResidualXGB",246,"C005","stable_hot","S01","measurement_group_1","measurement_status_1",35.4,29.3,20,37.8,37.8771179615008,-0.0771179615008393,"tight_session+may_session+may_session_hour",0.305785570628503,37.9308048004002,38.2093237108037,38.2789534384045,39.2561243657299,39.2561243657299,39.2561243657299,38.0347276518947,38.6260064407015,37.8145233815015,38.0559535195006,38.1815551156595,37.9562225341797,0,0,0,0,0,0,0.1,0.0499999999999999,0.85,0,0,0
"all_measured_520_analysis_set","within_cow_random5",4,"StrictHierarchicalEBResidualXGB",250,"C005","stable_hot","S01","measurement_group_1","measurement_status_1",34,27.5,0,37.8,37.8493122270369,-0.0493122270369142,"tight_session+may_session+may_session_hour",0.305785570628503,37.9079139603302,38.16158887742,38.2286864917037,39.2561243657299,39.2561243657299,39.2561243657299,38.0347276518947,38.0698917514229,37.8145233815015,38.0805806295315,38.1229508630736,37.9305305480957,0,0,0,0,0,0,0.1,0.0499999999999999,0.85,0,0,0
"all_measured_520_analysis_set","within_cow_random5",4,"StrictHierarchicalEBResidualXGB",255,"C017","stable_hot","S01","measurement_group_1","measurement_status_1",36.1,33.9,14,39.2,38.9451562092632,0.254843790736849,"tight_session+may_session+may_session_hour",0.305785570628503,39.420401635121,39.3389235239029,39.3185539960983,39.2561243657299,39.2561243657299,39.2561243657299,39.0394392292038,38.9274184492952,38.9351074869153,39.2070779266334,39.3219256463945,39.2249984741211,0,0,0,0,0,0,0.1,0.0499999999999999,0.85,0,0,0
"all_measured_520_analysis_set","within_cow_random5",4,"StrictHierarchicalEBResidualXGB",264,"C017","stable_hot","S01","measurement_group_1","measurement_status_1",35.3,32.3,22,40,39.8959728994098,0.104027100590159,"tight_session+may_session+may_session_hour",0.305785570628503,39.420401635121,39.4320338143451,39.4349418591511,39.2561243657299,39.2561243657299,39.2561243657299,39.7973640667612,39.7335738640009,39.9171268229808,39.5655432814236,39.4674143789751,39.581859588623,0,0,0,0,0,0,0.1,0.0499999999999999,0.85,0,0,0
"all_measured_520_analysis_set","within_cow_random5",4,"StrictHierarchicalEBResidualXGB",265,"C017","stable_hot","S01","measurement_group_1","measurement_status_1",36.2,32.9,22,39.5,39.3036419229209,0.196358077079061,"tight_session+may_session+may_session_hour",0.305785570628503,39.420401635121,39.4320338143451,39.4349418591511,39.2561243657299,38.696032242967,40.2280621828649,39.3130016269974,39.3033956913444,39.3025552654753,39.5717392179317,39.4298619461195,39.5114135742188,0,0,0,0,0,0,0.1,0.0499999999999999,0.85,0,0,0
"all_measured_520_analysis_set","within_cow_random5",4,"StrictHierarchicalEBResidualXGB",269,"C020","stable_hot","S01","measurement_group_1","measurement_status_1",35.9,33.4,12,38.6,39.3608079104217,-0.760807910421654,"tight_session+may_session+may_session_hour",0.305785570628503,39.5727492448447,39.4431545528583,39.4107558798617,39.2561243657299,39.2561243657299,39.2561243657299,39.2221008447532,39.0921174923041,39.3929317074484,39.4299330984062,39.3988543207757,39.2577819824219,0,0,0,0,0,0,0.1,0.0499999999999999,0.85,0,0,0
"all_measured_520_analysis_set","within_cow_random5",4,"StrictHierarchicalEBResidualXGB",271,"C020","stable_hot","S01","measurement_group_1","measurement_status_1",36.2,33.7,13,38.8,39.3606641766151,-0.560664176615113,"tight_session+may_session+may_session_hour",0.305785570628503,39.5075181269969,39.4298662687415,39.3420308493001,39.2561243657299,39.2561243657299,39.2280621828649,39.2221008447532,39.0892428161732,39.3929317074484,39.393751031621,39.3788161608154,39.2530288696289,0,0,0,0,0,0,0.1,0.0499999999999999,0.85,0,0,0
"all_measured_520_analysis_set","within_cow_random5",4,"StrictHierarchicalEBResidualXGB",283,"C020","stable_hot","S01","measurement_group_1","measurement_status_1",36.2,33.9,23,40.2,40.1924876323389,0.0075123676611355,"tight_session+may_session+may_session_hour",0.305785570628503,39.5600181269969,39.5701197516097,39.5746912302742,39.2561243657299,39.2561243657299,39.2561243657299,40.0566079890086,39.8033326717132,40.2313649410028,39.8216610974383,39.6164491828455,39.7508239746094,0,0,0,0,0,0,0.1,0.0499999999999999,0.85,0,0,0
"all_measured_520_analysis_set","within_cow_random5",4,"StrictHierarchicalEBResidualXGB",289,"C009","stable_hot","S01","measurement_group_1","measurement_status_1",36.4,32.3,21,40.5,40.4571097101144,0.0428902898856265,"tight_session+may_session+may_session_hour",0.305785570628503,39.5528143211111,39.5027312335077,39.2266823638495,39.2561243657299,39.2561243657299,39.11870812191,40.3093689527079,39.9623383527038,40.5035951731863,39.6771425019885,39.5183115616891,39.8061637878418,0,0,0,0,0,0,0.1,0.0499999999999999,0.85,0,0,0
"all_measured_520_analysis_set","within_cow_random5",4,"StrictHierarchicalEBResidualXGB",292,"C009","stable_hot","S01","measurement_group_1","measurement_status_1",34.6,29.6,24,40.6,40.4646617323412,0.13533826765881,"tight_session+may_session+may_session_hour",0.305785570628503,39.7337143286195,39.6773246019541,39.6632271702878,39.2561243657299,39.2561243657299,39.2561243657299,40.3093689527079,40.1133787972401,40.5035951731863,40.1334170453469,39.7470634966552,40.0394554138184,0,0,0,0,0,0,0.1,0.0499999999999999,0.85,0,0,0
"all_measured_520_analysis_set","within_cow_random5",4,"StrictHierarchicalEBResidualXGB",295,"C012","stable_hot","S01","measurement_group_1","measurement_status_1",36.6,35,14,39,39.086237455324,-0.0862374553240173,"tight_session+may_session+may_session_hour",0.305785570628503,39.7269031831086,39.584124762293,39.548430157089,39.2561243657299,39.2561243657299,39.2561243657299,39.1709879680059,39.1349784488627,39.0733996895062,39.5304916182972,39.5288286578916,39.3985137939453,0,0,0,0,0,0,0.1,0.0499999999999999,0.85,0,0,0
"all_measured_520_analysis_set","within_cow_random5",4,"StrictHierarchicalEBResidualXGB",305,"C012","stable_hot","S01","measurement_group_1","measurement_status_1",35,32.7,23,40.5,40.335349454812,0.164650545188039,"tight_session+may_session+may_session_hour",0.305785570628503,39.8446951260646,39.7959967357096,39.7648912901458,39.2561243657299,39.2561243657299,39.5280621828649,40.193316321129,40.2489946073744,40.3571389321533,39.9614686157338,39.8559689884063,39.9718246459961,0,0,0,0,0,0,0.1,0.0499999999999999,0.85,0,0,0
"all_measured_520_analysis_set","within_cow_random5",4,"StrictHierarchicalEBResidualXGB",309,"C006","stable_hot","S01","measurement_group_1","measurement_status_1",35.3,31.8,14,39.3,39.1879991347869,0.11200086521314,"tight_session+may_session+may_session_hour",0.305785570628503,39.2980270226225,39.241023833904,39.2267730367244,39.2561243657299,39.2561243657299,38.9280621828649,39.1725288127866,39.013926678624,39.2000587289141,39.0361456701168,39.1680799602005,39.0780487060547,0,0,0,0,0,0,0.1,0.0499999999999999,0.85,0,0,0
"all_measured_520_analysis_set","within_cow_random5",4,"StrictHierarchicalEBResidualXGB",310,"C006","stable_hot","S01","measurement_group_1","measurement_status_1",37.4,36.1,15,38.5,38.7014368159192,-0.201436815919237,"tight_session+may_session+may_session_hour",0.305785570628503,39.2705794562882,39.2252301126075,39.2183039927054,39.2561243657299,39.2561243657299,39.2561243657299,38.8527188805003,38.7914157365131,38.6783460482865,38.9928148040398,39.1570264472914,39.0046043395996,0,0,0,0,0,0,0.1,0.0499999999999999,0.85,0,0,0
"all_measured_520_analysis_set","within_cow_random5",4,"StrictHierarchicalEBResidualXGB",312,"C006","stable_hot","S01","measurement_group_1","measurement_status_1",35.3,32.1,19,38.4,38.6298656821701,-0.229865682170136,"tight_session+may_session+may_session_hour",0.305785570628503,39.2283722936635,39.2302624092355,39.2419294481397,39.2561243657299,39.2561243657299,39.2561243657299,38.9329370649294,39.0030326962678,38.5722592245457,39.2779069846461,39.1975706250324,39.2046775817871,0,0,0,0,0,0,0.1,0.0499999999999999,0.85,0,0,0
"all_measured_520_analysis_set","within_cow_random5",4,"StrictHierarchicalEBResidualXGB",325,"C015","stable_hot","S01","measurement_group_1","measurement_status_1",36.6,35.5,14,38.3,39.0720124770196,-0.772012477019636,"tight_session+may_session+may_session_hour",0.305785570628503,38.6789347936635,38.7472013682934,38.7805953344622,39.2561243657299,39.2561243657299,39.2561243657299,39.0179128167825,38.9134262812213,39.0877057426827,38.5512933821595,38.6506518126341,38.5534362792969,0,0,0,0,0,0,0.1,0.0499999999999999,0.85,0,0,0
"all_measured_520_analysis_set","within_cow_random5",4,"StrictHierarchicalEBResidualXGB",328,"C015","stable_hot","S01","measurement_group_1","measurement_status_1",36.9,35.3,15,38,39.0741999770196,-1.07419997701963,"tight_session+may_session+may_session_hour",0.305785570628503,38.6789347936635,38.7529735919739,38.7878106140627,39.2561243657299,39.2561243657299,39.2561243657299,39.0179128167825,38.9571762812213,39.0877057426827,38.5480235569511,38.6392458137775,38.5284423828125,0,0,0,0,0,0,0.1,0.0499999999999999,0.85,0,0,0
"all_measured_520_analysis_set","within_cow_random5",4,"StrictHierarchicalEBResidualXGB",332,"C015","stable_hot","S01","measurement_group_1","measurement_status_1",35.6,33,20,39.7,39.3705317725358,0.32946822746424,"tight_session+may_session+may_session_hour",0.305785570628503,38.7805270226225,38.8891014885815,38.9162451050712,39.2561243657299,39.2561243657299,39.2561243657299,39.3013827599569,39.2672593627634,39.3847417981199,38.7411189485879,38.8510897104354,38.7487525939941,0,0,0,0,0,0,0.1,0.0499999999999999,0.85,0,0,0
"all_measured_520_analysis_set","within_cow_random5",4,"StrictHierarchicalEBResidualXGB",340,"C007","stable_hot","S01","measurement_group_1","measurement_status_1",37.4,32.8,12,39.8,39.876061513238,-0.0760615132379598,"tight_session+may_session+may_session_hour",0.305785570628503,39.4044139603302,39.3115300039143,39.3225503998216,39.2561243657299,39.2561243657299,39.2561243657299,39.7167813805003,39.3282714553742,39.9270232969638,39.4685633666378,39.2812480746151,39.4491539001465,0,0,0,0,0,0,0.1,0.0499999999999999,0.85,0,0,0
"all_measured_520_analysis_set","within_cow_random5",4,"StrictHierarchicalEBResidualXGB",346,"C007","stable_hot","S01","measurement_group_1","measurement_status_1",38.9,35.9,15,39.7,39.883014242077,-0.183014242076972,"tight_session+may_session+may_session_hour",0.305785570628503,39.6319139603302,39.5136992864183,39.4818245029516,39.2561243657299,39.2561243657299,39.2561243657299,39.7167813805003,39.4673260321546,39.9270232969638,39.3629993797083,39.4580280117563,39.4217872619629,0,0,0,0,0,0,0.1,0.0499999999999999,0.85,0,0,0
"all_measured_520_analysis_set","within_cow_random5",4,"StrictHierarchicalEBResidualXGB",349,"C007","stable_hot","S01","measurement_group_1","measurement_status_1",36.9,33.8,20,39.6,39.52243043293,0.0775695670699719,"tight_session+may_session+may_session_hour",0.305785570628503,39.6174714670669,39.558657044137,39.5439534384045,39.2561243657299,39.2561243657299,39.7780621828649,39.4995494266236,39.3960676960967,39.5325554181916,39.5461069125696,39.5346398032849,39.6285705566406,0,0,0,0,0,0,0.1,0.0499999999999999,0.85,0,0,0
"all_measured_520_analysis_set","within_cow_random5",4,"StrictHierarchicalEBResidualXGB",355,"C007","stable_hot","S01","measurement_group_1","measurement_status_1",34.9,27.6,23,38.3,39.6944630527026,-1.39446305270258,"tight_session+may_session+may_session_hour",0.305785570628503,39.6174714670669,39.6159005505536,39.6155078214253,39.2561243657299,39.2561243657299,39.2561243657299,39.6638045749716,39.7160552315902,39.6967998042658,40.0463482952125,39.6933208373879,39.9015922546387,0,0,0,0,0,0,0.1,0.0499999999999999,0.85,0,0,0
"all_measured_520_analysis_set","within_cow_random5",4,"StrictHierarchicalEBResidualXGB",361,"C013","stable_hot","S01","measurement_group_1","measurement_status_1",35.8,32.1,19,39.3,39.1066795188989,0.193320481101139,"tight_session+may_session+may_session_hour",0.305785570628503,38.9468716170794,39.005117926524,39.0315046726492,39.2561243657299,39.9552915022263,39.331224873146,39.1608082265479,39.1754777454101,39.0962644811454,38.8624500659237,38.9885218532393,38.9924468994141,0,0,0,0,0,0,0.1,0.0499999999999999,0.85,0,0,0
"all_measured_520_analysis_set","within_cow_random5",4,"StrictHierarchicalEBResidualXGB",363,"C013","stable_hot","S01","measurement_group_1","measurement_status_1",34.8,29.8,21,38.5,38.6931692592931,-0.193169259293064,"tight_session+may_session+may_session_hour",0.305785570628503,39.0567243203602,39.1027567488653,39.1303113754803,39.2561243657299,39.2561243657299,39.3890310914325,38.914692646765,39.0549050232106,38.6458291099483,39.0011743447585,39.1237334413034,39.0750122070312,0,0,0,0,0,0,0.1,0.0499999999999999,0.85,0,0,0
"all_measured_520_analysis_set","within_cow_random5",4,"StrictHierarchicalEBResidualXGB",367,"C024","stable_hot","S01","measurement_group_1","measurement_status_1",36.1,34,12,38,38.4218350391812,-0.421835039181246,"tight_session+may_session+may_session_hour",0.305785570628503,39.1191381337336,39.0802656639694,39.0705475465283,39.2561243657299,39.2561243657299,39.2561243657299,38.6038190667825,38.6902343366231,38.3846369596139,38.9533085536761,38.9595315236925,38.7321548461914,0,0,0,0,0,0,0.1,0.0499999999999999,0.85,0,0,0
"all_measured_520_analysis_set","within_cow_random5",4,"StrictHierarchicalEBResidualXGB",368,"C024","stable_hot","S01","measurement_group_1","measurement_status_1",36,33.2,13,38,38.4216913053747,-0.421691305374708,"tight_session+may_session+may_session_hour",0.305785570628503,39.0282889603302,39.0468489076304,39.0660896544668,39.2561243657299,39.2561243657299,39.2280621828649,38.6038190667825,38.6873596604922,38.3846369596139,38.9365451969854,38.9094501878429,38.7205696105957,0,0,0,0,0,0,0.1,0.0499999999999999,0.85,0,0,0
"all_measured_520_analysis_set","within_cow_random5",4,"StrictHierarchicalEBResidualXGB",371,"C024","stable_hot","S01","measurement_group_1","measurement_status_1",37.1,35.1,14,38.3,38.4763241542748,-0.176324154274802,"tight_session+may_session+may_session_hour",0.305785570628503,38.9757889603302,38.9852812294045,39.0106925566844,39.2561243657299,39.3626989096337,38.9520414552433,38.6675938805003,38.807772291984,38.4343248842654,38.8962093876044,38.8714084703604,38.738166809082,0,0,0,0,0,0,0.1,0.0499999999999999,0.85,0,0,0
"all_measured_520_analysis_set","within_cow_random5",4,"StrictHierarchicalEBResidualXGB",388,"C002","stable_cool","S01","measurement_group_1","measurement_status_1",36.7,5.2,15,39,38.9897248654871,0.0102751345129377,"may_session_hour+direct_xgb+eb_exact",0.326132682621985,39.0928948441203,38.9957121827654,38.9779924780217,38.6525756305356,38.6525756305356,38.6525756305356,39.133296810822,38.9774565701845,39.155915688627,39.0556515609517,38.975180746337,38.9991111755371,0.0499999999999999,0,0,0,0,0,0,0.65,0,0,0,0.3
"all_measured_520_analysis_set","within_cow_random5",4,"StrictHierarchicalEBResidualXGB",397,"C004","stable_cool","S01","measurement_group_1","measurement_status_1",29.6,4.9,23,37.6,37.8434467652372,-0.243446765237159,"may_session_hour+direct_xgb+eb_exact",0.326132682621985,37.6557933564157,37.8545204203567,37.9042021863419,38.6525756305356,38.6525756305356,38.6525756305356,37.6560738191322,37.8301702302499,37.6096662101122,37.9081332961321,37.8757158711544,37.9034881591797,0.0499999999999999,0,0,0,0,0,0,0.65,0,0,0,0.3
"all_measured_520_analysis_set","within_cow_random5",4,"StrictHierarchicalEBResidualXGB",399,"C004","stable_cool","S01","measurement_group_1","measurement_status_1",28.8,2.9,23,37.7,37.8433815339139,-0.14338153391391,"may_session_hour+direct_xgb+eb_exact",0.326132682621985,37.6557933564157,37.8545204203567,37.9042021863419,38.6525756305356,38.6525756305356,38.6525756305356,37.6560738191322,37.8301702302499,37.6096662101122,37.8758115006188,37.8748541779807,37.9032707214355,0.0499999999999999,0,0,0,0,0,0,0.65,0,0,0,0.3
"all_measured_520_analysis_set","within_cow_random5",4,"StrictHierarchicalEBResidualXGB",417,"C009","stable_hot","S01","measurement_group_1","measurement_status_1",35.7,32,2,40.4,40.4573700656745,-0.057370065674526,"tight_session+may_session+may_session_hour",0.305785570628503,39.7337143286195,39.6356579352875,39.6111438369545,39.2561243657299,39.2561243657299,39.2561243657299,40.3093689527079,39.9675454639068,40.5035951731863,39.742785494313,39.6484710684751,39.990161895752,0,0,0,0,0,0,0.1,0.0499999999999999,0.85,0,0,0
"all_measured_520_analysis_set","within_cow_random5",4,"StrictHierarchicalEBResidualXGB",426,"C010","stable_hot","S01","measurement_group_1","measurement_status_1",34.5,30.1,21,38.7,38.7323627285209,-0.0323627285208943,"tight_session+may_session+may_session_hour",0.305785570628503,38.6983794562882,38.8163122750294,38.8425691957328,39.2561243657299,39.5487844800023,39.3890310914325,38.8645886843289,38.8436583014477,38.7102599353125,38.8320326130808,38.8943053774011,38.8587989807129,0,0,0,0,0,0,0.1,0.0499999999999999,0.85,0,0,0
"all_measured_520_analysis_set","within_cow_random5",4,"StrictHierarchicalEBResidualXGB",427,"C011","stable_cool","S01","measurement_group_1","measurement_status_1",31.2,14.2,1,38.3,38.3173250095924,-0.0173250095923692,"may_session_hour+direct_xgb+eb_exact",0.326132682621985,38.1872265768134,38.2802035081011,38.3034477409231,38.6525756305356,38.6525756305356,38.6525756305356,38.1863853144217,38.3567753197712,38.1628436425611,38.2588292191708,38.2968960962069,38.253532409668,0.0499999999999999,0,0,0,0,0,0,0.65,0,0,0,0.3
"all_measured_520_analysis_set","within_cow_random5",4,"StrictHierarchicalEBResidualXGB",430,"C011","stable_cool","S01","measurement_group_1","measurement_status_1",27.7,9.9,12,38.1,38.0902539254315,0.00974607456850407,"may_session_hour+direct_xgb+eb_exact",0.326132682621985,38.154461925871,38.2066921659179,38.2250154734025,38.6525756305356,38.6525756305356,38.6525756305356,38.1863853144217,38.0782010690163,38.1628436425611,38.0011712863253,38.1648255318768,38.1056671142578,0.0499999999999999,0,0,0,0,0,0,0.65,0,0,0,0.3
"all_measured_520_analysis_set","within_cow_random5",4,"StrictHierarchicalEBResidualXGB",437,"C012","stable_hot","S01","measurement_group_1","measurement_status_1",35.5,35.9,20,40.3,40.3243541782284,-0.0243541782284282,"tight_session+may_session+may_session_hour",0.305785570628503,39.7053702918382,39.6292837166865,39.6137227161385,39.2561243657299,39.2561243657299,39.2561243657299,40.193316321129,40.0290890757037,40.3571389321533,39.6174351982705,39.6950413340409,39.7594184875488,0,0,0,0,0,0,0.1,0.0499999999999999,0.85,0,0,0
"all_measured_520_analysis_set","within_cow_random5",4,"StrictHierarchicalEBResidualXGB",439,"C013","stable_hot","S01","measurement_group_1","measurement_status_1",35.3,30.5,18,39,39.1082226738758,-0.10822267387578,"tight_session+may_session+may_session_hour",0.305785570628503,39.0204504449448,39.0565957819949,39.0656321162574,39.2561243657299,39.2561243657299,39.2561243657299,39.1608082265479,39.2063408449486,39.0962644811454,38.8077142042512,39.0534208339545,39.0036888122559,0,0,0,0,0,0,0.1,0.0499999999999999,0.85,0,0,0
"all_measured_520_analysis_set","within_cow_random5",4,"StrictHierarchicalEBResidualXGB",441,"C013","stable_hot","S01","measurement_group_1","measurement_status_1",35.3,31.4,22,38.7,38.6926487508422,0.00735124915780005,"tight_session+may_session+may_session_hour",0.305785570628503,39.0482927892141,39.1339489898443,39.1508883775299,39.2561243657299,39.4367729837077,39.2561243657299,38.914692646765,39.0444948541934,38.6458291099483,38.9576978498284,39.1464255253583,39.1046829223633,0,0,0,0,0,0,0.1,0.0499999999999999,0.85,0,0,0
"all_measured_520_analysis_set","within_cow_random5",4,"StrictHierarchicalEBResidualXGB",447,"C014","stable_cool","S01","measurement_group_1","measurement_status_1",30.5,7.7,9,38.3,38.3781565766695,-0.078156576669457,"may_session_hour+direct_xgb+eb_exact",0.326132682621985,38.3641524895426,38.4217970191158,38.4362081515091,38.6525756305356,38.6525756305356,38.6525756305356,38.3640516584674,38.3958814070687,38.3507258680179,38.4199089718406,38.3984272430308,38.3420867919922,0.0499999999999999,0,0,0,0,0,0,0.65,0,0,0,0.3
"all_measured_520_analysis_set","within_cow_random5",4,"StrictHierarchicalEBResidualXGB",451,"C016","stable_cool","S01","measurement_group_1","measurement_status_1",33.5,5.8,17,38.7,38.6427163291589,0.057283670841116,"may_session_hour+direct_xgb+eb_exact",0.326132682621985,38.6570317465085,38.6372254371802,38.6322738598482,38.6525756305356,38.6525756305356,38.6525756305356,38.6567732651156,38.6429043278808,38.6571255342674,38.6154282504194,38.6441774207327,38.6399230957031,0.0499999999999999,0,0,0,0,0,0,0.65,0,0,0,0.3
"all_measured_520_analysis_set","within_cow_random5",4,"StrictHierarchicalEBResidualXGB",458,"C017","stable_hot","S01","measurement_group_1","measurement_status_1",35,36.3,15,39,38.9473437092632,0.0526562907368415,"tight_session+may_session+may_session_hour",0.305785570628503,39.3468313489748,39.2868905227542,39.2837291121868,39.2561243657299,39.2561243657299,39.2561243657299,39.0394392292038,38.9711684492952,38.9351074869153,39.1281164251095,39.2213648494243,39.1956214904785,0,0,0,0,0,0,0.1,0.0499999999999999,0.85,0,0,0
"all_measured_520_analysis_set","within_cow_random5",4,"StrictHierarchicalEBResidualXGB",474,"C021","stable_cool","S01","measurement_group_1","measurement_status_1",31.1,12.3,12,38.2,38.2209096107967,-0.0209096107967071,"may_session_hour+direct_xgb+eb_exact",0.326132682621985,38.2537253961858,38.2856555723732,38.2938709536816,38.6525756305356,38.6525756305356,38.0762878152678,38.2551319908774,38.2394250693677,38.2367166898786,38.2732024401319,38.2557388742601,38.1753234863281,0.0499999999999999,0,0,0,0,0,0,0.65,0,0,0,0.3
"all_measured_520_analysis_set","within_cow_random5",4,"StrictHierarchicalEBResidualXGB",479,"C022","stable_cool","S01","measurement_group_1","measurement_status_1",32.5,8.6,21,38.4,38.4019457665445,-0.00194576654447332,"may_session_hour+direct_xgb+eb_exact",0.326132682621985,38.3644217045132,38.4636704129264,38.4940878754108,38.6525756305356,38.6525756305356,39.4262878152678,38.3981285818494,38.3443733970034,38.3841270765714,38.5978601662166,38.4870079969153,38.5329399108887,0.0499999999999999,0,0,0,0,0,0,0.65,0,0,0,0.3
"all_measured_520_analysis_set","within_cow_random5",4,"StrictHierarchicalEBResidualXGB",480,"C022","stable_cool","S01","measurement_group_1","measurement_status_1",30.7,2.3,21,38.4,38.4076735344888,-0.00767353448880925,"may_session_hour+direct_xgb+eb_exact",0.326132682621985,38.3644217045132,38.4636704129264,38.4940878754108,38.6525756305356,38.6525756305356,38.6525756305356,38.3981285818494,38.3443733970034,38.3841270765714,38.5270311804388,38.5023136091516,38.5520324707031,0.0499999999999999,0,0,0,0,0,0,0.65,0,0,0,0.3
"all_measured_520_analysis_set","within_cow_random5",4,"StrictHierarchicalEBResidualXGB",498,"C026","stable_cool","S01","measurement_group_1","measurement_status_1",31.4,8.2,17,38.7,38.6782949229571,0.0217050770428742,"may_session_hour+direct_xgb+eb_exact",0.326132682621985,38.6597812614507,38.639425049134,38.6343359960548,38.6525756305356,38.6525756305356,38.6525756305356,38.6595313319894,38.699256658311,38.6599777544039,38.605443315793,38.6462585293394,38.6359634399414,0.0499999999999999,0,0,0,0,0,0,0.65,0,0,0,0.3
"all_measured_520_analysis_set","within_cow_random5",4,"StrictHierarchicalEBResidualXGB",516,"C029","stable_cool","S01","measurement_group_1","measurement_status_1",35,6.4,13,38.3,38.2895780918087,0.0104219081912618,"may_session_hour+direct_xgb+eb_exact",0.326132682621985,38.3461897924707,38.3846417894821,38.3971416507644,38.6525756305356,38.6525756305356,38.6525756305356,38.3640516584674,38.2851479190019,38.3507258680179,38.2288214513427,38.366587456898,38.2897415161133,0.0499999999999999,0,0,0,0,0,0,0.65,0,0,0,0.3
"all_measured_520_analysis_set","within_cow_random5",5,"StrictHierarchicalEBResidualXGB",2,"C021","stable_cool","S01","measurement_group_1","measurement_status_1",30.4,16,12,38.3,38.232809230137,0.0671907698629823,"may_session_hour+direct_xgb+tight_session",0.317996464288354,38.2409149047645,38.2971294581188,38.3137402780052,38.6417707359117,38.1663850056067,38.6417707359117,38.2573466231712,38.2321044409923,38.2408813673449,38.2175346833688,38.2582902333929,38.1935386657715,0,0,0,0,0,0,0,0.65,0.3,0,0,0.05
"all_measured_520_analysis_set","within_cow_random5",5,"StrictHierarchicalEBResidualXGB",13,"C003","stable_cool","S01","measurement_group_1","measurement_status_1",33.6,6.8,12,38.4,38.5291159593891,-0.129115959389118,"may_session_hour+direct_xgb+tight_session",0.317996464288354,38.5911436309556,38.577035931995,38.5729554841896,38.6417707359117,38.6417707359117,38.6417707359117,38.5873695604835,38.5073414891397,38.5847616996032,38.5095530717153,38.5492554904277,38.4783096313477,0,0,0,0,0,0,0,0.65,0.3,0,0,0.05
"all_measured_520_analysis_set","within_cow_random5",5,"StrictHierarchicalEBResidualXGB",15,"C003","stable_cool","S01","measurement_group_1","measurement_status_1",33.6,8,13,38.4,38.530359169228,-0.130359169227987,"may_session_hour+direct_xgb+tight_session",0.317996464288354,38.5723520771366,38.5632563120675,38.5634489188845,38.6417707359117,38.6417707359117,38.5708853679558,38.5873695604835,38.5073414891397,38.5847616996032,38.4786861413243,38.5386878213835,38.503173828125,0,0,0,0,0,0,0,0.65,0.3,0,0,0.05
"all_measured_520_analysis_set","within_cow_random5",5,"StrictHierarchicalEBResidualXGB",23,"C002","stable_cool","S01","measurement_group_1","measurement_status_1",30.8,6.1,11,39.5,39.0078868004263,0.492113199573673,"may_session_hour+direct_xgb+tight_session",0.317996464288354,39.0746040343951,38.9813541693197,38.9580417030508,38.6417707359117,39.584944577689,38.6417707359117,39.0735441540354,38.960852549921,39.0923309626356,38.9485445357732,38.9892995653258,39.1126670837402,0,0,0,0,0,0,0,0.65,0.3,0,0,0.05
"all_measured_520_analysis_set","within_cow_random5",5,"StrictHierarchicalEBResidualXGB",24,"C002","stable_cool","S01","measurement_group_1","measurement_status_1",33.1,5,11,39.1,39.0046954246939,0.0953045753061019,"may_session_hour+direct_xgb+tight_session",0.317996464288354,39.0746040343951,38.9813541693197,38.9580417030508,38.6417707359117,38.6417707359117,38.6417707359117,39.0735441540354,38.960852549921,39.0923309626356,38.9565916072714,38.969538235809,39.0488395690918,0,0,0,0,0,0,0,0.65,0.3,0,0,0.05
"all_measured_520_analysis_set","within_cow_random5",5,"StrictHierarchicalEBResidualXGB",40,"C029","stable_cool","S01","measurement_group_1","measurement_status_1",36.3,8,13,38.5,38.2736889476715,0.226311052328498,"may_session_hour+direct_xgb+tight_session",0.317996464288354,38.3006436309556,38.3462294376872,38.3639161163048,38.6417707359117,38.6417707359117,38.6417707359117,38.3391535980421,38.2530661508353,38.3239220049467,38.2891681474425,38.3235335237763,38.2403869628906,0,0,0,0,0,0,0,0.65,0.3,0,0,0.05
"all_measured_520_analysis_set","within_cow_random5",5,"StrictHierarchicalEBResidualXGB",42,"C029","stable_cool","S01","measurement_group_1","measurement_status_1",35,11.2,15,38.5,38.2751110668121,0.224888933187877,"may_session_hour+direct_xgb+tight_session",0.317996464288354,38.3397828207717,38.3789149338718,38.3886979621469,38.6417707359117,38.6417707359117,38.6417707359117,38.3391535980421,38.2530661508353,38.3239220049467,38.3008685911657,38.3512461597439,38.2688293457031,0,0,0,0,0,0,0,0.65,0.3,0,0,0.05
"all_measured_520_analysis_set","within_cow_random5",5,"StrictHierarchicalEBResidualXGB",49,"C001","stable_cool","S01","measurement_group_1","measurement_status_1",33.1,6.1,11,39.2,38.5198077428472,0.680192257152754,"may_session_hour+direct_xgb+tight_session",0.317996464288354,38.348298328376,38.398637781257,38.3924146329446,38.6417707359117,38.7589775981993,38.7208853679558,38.2318404503317,38.683886730006,38.2142735674921,38.1475683217511,38.3990735334691,38.2199859619141,0,0,0,0,0,0,0,0.65,0.3,0,0,0.05
"all_measured_520_analysis_set","within_cow_random5",5,"StrictHierarchicalEBResidualXGB",53,"C001","stable_cool","S01","measurement_group_1","measurement_status_1",33.3,8,13,38.2,38.1772311484421,0.0227688515579061,"may_session_hour+direct_xgb+tight_session",0.317996464288354,38.190798328376,38.258372241093,38.2817702077397,38.6417707359117,38.6417707359117,38.5708853679558,38.2318404503317,38.1621855113937,38.2142735674921,38.1306595844915,38.2225808588995,38.1505699157715,0,0,0,0,0,0,0,0.65,0.3,0,0,0.05
"all_measured_520_analysis_set","within_cow_random5",5,"StrictHierarchicalEBResidualXGB",67,"C027","stable_cool","S01","measurement_group_1","measurement_status_1",33.8,8.8,14,38.6,38.7343662543799,-0.134366254379927,"may_session_hour+direct_xgb+tight_session",0.317996464288354,38.9723818121729,38.9010133205696,38.8831711976688,38.6417707359117,38.6417707359117,38.5805902453039,38.9715194626774,38.6102470698957,38.9858997632242,38.9032282014241,38.8644018231674,38.8387145996094,0,0,0,0,0,0,0,0.65,0.3,0,0,0.05
"all_measured_520_analysis_set","within_cow_random5",5,"StrictHierarchicalEBResidualXGB",69,"C027","stable_cool","S01","measurement_group_1","measurement_status_1",33.9,9.1,15,38.5,38.7367971702124,-0.236797170212448,"may_session_hour+direct_xgb+tight_session",0.317996464288354,38.8897149950427,38.820041627819,38.8159090244805,38.6417707359117,38.6417707359117,38.6417707359117,38.9715194626774,38.6102470698957,38.9858997632242,38.8916074716852,38.803573434437,38.8873329162598,0,0,0,0,0,0,0,0.65,0.3,0,0,0.05
"all_measured_520_analysis_set","within_cow_random5",5,"StrictHierarchicalEBResidualXGB",77,"C026","stable_cool","S01","measurement_group_1","measurement_status_1",30.7,6,21,39.1,38.8070033644156,0.292996635584387,"may_session_hour+direct_xgb+tight_session",0.317996464288354,38.6529373677285,38.6851550243471,38.6932094385017,38.6417707359117,38.6417707359117,38.6417707359117,38.6526923021835,38.8876581002426,38.6533022650638,38.6824655761578,38.7021278474156,38.6806983947754,0,0,0,0,0,0,0,0.65,0.3,0,0,0.05
"all_measured_520_analysis_set","within_cow_random5",5,"StrictHierarchicalEBResidualXGB",87,"C016","stable_cool","S01","measurement_group_1","measurement_status_1",31.1,6,21,38.6,38.8966563348214,-0.296656334821435,"may_session_hour+direct_xgb+tight_session",0.317996464288354,38.6848818121729,38.7107105799026,38.717167771835,38.6417707359117,38.7764339393911,38.6104426839779,38.6845750182329,39.0051298545651,38.6865620148799,38.8152177247835,38.7265124678619,38.7470664978027,0,0,0,0,0,0,0,0.65,0.3,0,0,0.05
"all_measured_520_analysis_set","within_cow_random5",5,"StrictHierarchicalEBResidualXGB",90,"C022","stable_cool","S01","measurement_group_1","measurement_status_1",25.3,5,11,38.3,38.3022541162074,-0.00225411620736793,"may_session_hour+direct_xgb+tight_session",0.317996464288354,38.318985828376,38.3775231979237,38.399622966278,38.6417707359117,38.6417707359117,38.6417707359117,38.3657478577391,38.2781266477015,38.3539645167195,38.1699650411468,38.3639027635948,38.3056488037109,0,0,0,0,0,0,0,0.65,0.3,0,0,0.05
"all_measured_520_analysis_set","within_cow_random5",5,"StrictHierarchicalEBResidualXGB",97,"C022","stable_cool","S01","measurement_group_1","measurement_status_1",32.3,9.1,15,39.5,38.4106322389643,1.08936776103569,"may_session_hour+direct_xgb+tight_session",0.317996464288354,38.301485828376,38.3491909333746,38.3713951355916,38.6417707359117,38.6417707359117,38.6417707359117,38.3657478577391,38.4462763001063,38.3539645167195,38.2311367414113,38.3103150778691,38.2872657775879,0,0,0,0,0,0,0,0.65,0.3,0,0,0.05
"all_measured_520_analysis_set","within_cow_random5",5,"StrictHierarchicalEBResidualXGB",109,"C014","stable_cool","S01","measurement_group_1","measurement_status_1",32.7,9.3,13,38.1,38.1272059982452,-0.0272059982451722,"may_session_hour+direct_xgb+tight_session",0.317996464288354,38.1839149047645,38.254697963811,38.2995134101204,38.6417707359117,38.648774364923,38.5104426839779,38.3529947713193,38.022077109618,38.340660616793,38.2477321957496,38.2099879646967,38.2131538391113,0,0,0,0,0,0,0,0.65,0.3,0,0,0.05
"all_measured_520_analysis_set","within_cow_random5",5,"StrictHierarchicalEBResidualXGB",111,"C014","stable_cool","S01","measurement_group_1","measurement_status_1",33.5,11.2,15,38,38.1286809509429,-0.128680950942929,"may_session_hour+direct_xgb+tight_session",0.317996464288354,38.3526595899507,38.389216349215,38.3983555390311,38.6417707359117,38.6417707359117,38.3283541471823,38.3529947713193,38.022077109618,38.340660616793,38.2879950293569,38.3488572172231,38.2426528930664,0,0,0,0,0,0,0,0.65,0.3,0,0,0.05
"all_measured_520_analysis_set","within_cow_random5",5,"StrictHierarchicalEBResidualXGB",124,"C023","stable_cool","S01","measurement_group_1","measurement_status_1",32.4,11.2,15,39.1,38.9329017210549,0.167098278945062,"may_session_hour+direct_xgb+tight_session",0.317996464288354,39.0033244874384,38.9097482672052,38.8863542121468,38.6417707359117,38.6417707359117,38.6417707359117,39.0034963210468,38.8907427658005,39.022051775939,38.9302104340323,38.8899203388111,38.9460678100586,0,0,0,0,0,0,0,0.65,0.3,0,0,0.05
"all_measured_520_analysis_set","within_cow_random5",5,"StrictHierarchicalEBResidualXGB",125,"C023","stable_cool","S01","measurement_group_1","measurement_status_1",35.3,9.1,15,39,38.9326098967141,0.0673901032858808,"may_session_hour+direct_xgb+tight_session",0.317996464288354,39.0033244874384,38.9097482672052,38.8863542121468,38.6417707359117,38.6417707359117,38.6417707359117,39.0034963210468,38.8907427658005,39.022051775939,38.940096328783,38.8920621590779,38.9402313232422,0,0,0,0,0,0,0,0.65,0.3,0,0,0.05
"all_measured_520_analysis_set","within_cow_random5",5,"StrictHierarchicalEBResidualXGB",135,"C011","stable_cool","S01","measurement_group_1","measurement_status_1",30.2,13.4,21,38.4,38.3219522605265,0.0780477394734973,"may_session_hour+direct_xgb+tight_session",0.317996464288354,38.2362278150761,38.3515941331799,38.3782616609471,38.6417707359117,38.6417707359117,38.6417707359117,38.2237725056241,38.3748590479032,38.2071275166659,38.2975522977138,38.3862120824571,38.323112487793,0,0,0,0,0,0,0,0.65,0.3,0,0,0.05
"all_measured_520_analysis_set","within_cow_random5",5,"StrictHierarchicalEBResidualXGB",146,"C004","stable_cool","S01","measurement_group_1","measurement_status_1",31.1,11.3,12,37.5,37.5955030854764,-0.0955030854764303,"may_session_hour+direct_xgb+tight_session",0.317996464288354,37.6118060858056,37.7942362428464,37.8468316624694,38.6417707359117,38.6417707359117,38.4208853679558,37.6555747326299,37.5802394509769,37.6096404002528,37.5645327815749,37.7304512635626,37.7091064453125,0,0,0,0,0,0,0,0.65,0.3,0,0,0.05
"all_measured_520_analysis_set","within_cow_random5",5,"StrictHierarchicalEBResidualXGB",149,"C004","stable_cool","S01","measurement_group_1","measurement_status_1",30.1,9.5,22,37.7,37.713387608741,-0.0133876087410414,"may_session_hour+direct_xgb+tight_session",0.317996464288354,37.6552862302856,37.8577353969338,37.9083476885959,38.6417707359117,38.6417707359117,38.6417707359117,37.6555747326299,37.7424331628691,37.6096404002528,37.8986163446163,37.8757179971906,37.9582786560059,0,0,0,0,0,0,0,0.65,0.3,0,0,0.05
"all_measured_520_analysis_set","within_cow_random5",5,"StrictHierarchicalEBResidualXGB",150,"C004","stable_cool","S01","measurement_group_1","measurement_status_1",30.6,4.5,19,37.6,37.7980274432599,-0.198027443259868,"may_session_hour+direct_xgb+tight_session",0.317996464288354,37.6552862302856,37.8952883660236,37.9552888999581,38.6417707359117,38.6417707359117,38.6417707359117,37.6555747326299,37.8773796912604,37.6096404002528,37.6798177196691,37.8886938161591,37.8967704772949,0,0,0,0,0,0,0,0.65,0.3,0,0,0.05
"all_measured_520_analysis_set","within_cow_random5",5,"StrictHierarchicalEBResidualXGB",152,"C028","stable_hot","S01","measurement_group_1","measurement_status_1",36.6,36.5,15,40.2,40.1928306508799,0.00716934912008327,"tight_session",0.295255866070005,40.1478463610303,39.9227225414923,39.8664415866078,39.2269081890457,39.2269081890457,39.2269081890457,40.0756661490608,39.6636145050266,40.1928306508799,39.9804944795204,39.8867647915593,39.8467102050781,0,0,0,0,0,0,0,0,1,0,0,0
"all_measured_520_analysis_set","within_cow_random5",5,"StrictHierarchicalEBResidualXGB",159,"C028","stable_hot","S01","measurement_group_1","measurement_status_1",36.8,36.2,17,40.1,40.089775801937,0.0102241980629714,"tight_session",0.295255866070005,40.15697324785,39.9379754831551,39.8817592208853,39.2269081890457,39.2269081890457,39.2269081890457,39.9364419807879,39.7234734856427,40.089775801937,40.0508255801422,39.9074558486698,39.8768768310547,0,0,0,0,0,0,0,0,1,0,0,0
"all_measured_520_analysis_set","within_cow_random5",5,"StrictHierarchicalEBResidualXGB",163,"C028","stable_hot","S01","measurement_group_1","measurement_status_1",35.4,33.2,1,40.3,40.2877487271862,0.0122512728137778,"tight_session",0.295255866070005,40.1478463610303,39.9687970860708,39.9240347673309,39.2269081890457,39.2269081890457,39.2269081890457,40.1400063098432,39.9157628069432,40.2877487271862,40.196908264934,40.0179837553608,40.2244720458984,0,0,0,0,0,0,0,0,1,0,0,0
"all_measured_520_analysis_set","within_cow_random5",5,"StrictHierarchicalEBResidualXGB",166,"C008","stable_cool","S01","measurement_group_1","measurement_status_1",32.1,6.5,9,38.1,38.1557756753931,-0.055775675393086,"may_session_hour+direct_xgb+tight_session",0.317996464288354,38.2001778711525,38.3195938665946,38.3494478654551,38.6417707359117,38.6417707359117,38.7472569119706,38.20017307058,38.1404360476793,38.1796862909495,38.2275545260001,38.3282186568309,38.211727142334,0,0,0,0,0,0,0,0.65,0.3,0,0,0.05
"all_measured_520_analysis_set","within_cow_random5",5,"StrictHierarchicalEBResidualXGB",181,"C030","stable_cool","S01","measurement_group_1","measurement_status_1",30.4,10.5,10,40.3,40.2159816046444,0.0840183953556348,"may_session_hour+direct_xgb+tight_session",0.317996464288354,40.1955831755889,39.9133928597075,39.8363192292115,38.6417707359117,38.6417707359117,38.6417707359117,40.1539196079762,40.2121512544803,40.2247259238239,40.179608145351,40.009565587352,40.2133102416992,0,0,0,0,0,0,0,0.65,0.3,0,0,0.05
"all_measured_520_analysis_set","within_cow_random5",5,"StrictHierarchicalEBResidualXGB",183,"C030","stable_cool","S01","measurement_group_1","measurement_status_1",34.2,8.3,16,40.2,40.0379069486863,0.162093051313654,"may_session_hour+direct_xgb+tight_session",0.317996464288354,40.1549766327624,39.8358643220916,39.7560862444239,38.6417707359117,38.6417707359117,38.6417707359117,40.1539196079762,39.9408713906154,40.2247259238239,40.1532221314092,39.9008814038887,40.1784553527832,0,0,0,0,0,0,0,0.65,0.3,0,0,0.05
"all_measured_520_analysis_set","within_cow_random5",5,"StrictHierarchicalEBResidualXGB",188,"C030","stable_cool","S01","measurement_group_1","measurement_status_1",30.6,3,0,40.1,39.9997110489185,0.100288951081524,"may_session_hour+direct_xgb+tight_session",0.317996464288354,40.1549766327624,39.8349397945007,39.7549305849353,38.6417707359117,38.6417707359117,38.6417707359117,40.1539196079762,39.8821152169754,40.2247259238239,40.1587499197587,39.8798391463956,40.1783676147461,0,0,0,0,0,0,0,0.65,0.3,0,0,0.05
"all_measured_520_analysis_set","within_cow_random5",5,"StrictHierarchicalEBResidualXGB",194,"C018","stable_cool","S01","measurement_group_1","measurement_status_1",32.9,8.8,15,38.8,38.7731323029432,0.026867697056808,"may_session_hour+direct_xgb+tight_session",0.317996464288354,38.794016712741,38.7422839162738,38.7291467414549,38.6417707359117,38.6417707359117,38.4208853679558,38.7924237631008,38.7701965398253,38.7996111970821,38.6865783633854,38.7088330371172,38.6524238586426,0,0,0,0,0,0,0,0.65,0.3,0,0,0.05
"all_measured_520_analysis_set","within_cow_random5",5,"StrictHierarchicalEBResidualXGB",196,"C018","stable_cool","S01","measurement_group_1","measurement_status_1",32.7,11.7,11,38.8,38.7950999379101,0.00490006208994487,"may_session_hour+direct_xgb+tight_session",0.317996464288354,38.794016712741,38.7568661808229,38.7473745721413,38.6417707359117,38.6417707359117,38.6417707359117,38.7924237631008,38.7969826614915,38.7996111970821,38.763807276974,38.7472159504152,38.7435569763184,0,0,0,0,0,0,0,0.65,0.3,0,0,0.05
"all_measured_520_analysis_set","within_cow_random5",5,"StrictHierarchicalEBResidualXGB",205,"C025","stable_cool","S01","measurement_group_1","measurement_status_1",31.2,21.3,15,39.4,39.3879661475948,0.0120338524051533,"may_session_hour+direct_xgb+tight_session",0.317996464288354,39.3878866817813,39.2173613156546,39.1743170200927,38.6417707359117,38.6417707359117,38.6417707359117,39.3846744556216,39.3731932192451,39.4195361032148,39.2009556588171,39.2074027140979,39.3905944824219,0,0,0,0,0,0,0,0.65,0.3,0,0,0.05
"all_measured_520_analysis_set","within_cow_random5",5,"StrictHierarchicalEBResidualXGB",216,"C010","stable_hot","S01","measurement_group_1","measurement_status_1",37.8,33,12,38.6,38.6055929499888,-0.00559294998878812,"tight_session",0.295255866070005,38.6833087492256,38.7288215194977,38.7422815088923,39.2269081890457,39.2269081890457,39.2269081890457,38.6639705701708,38.639432607151,38.6055929499888,38.5759292185544,38.6895464171803,38.5849838256836,0,0,0,0,0,0,0,0,1,0,0,0
"all_measured_520_analysis_set","within_cow_random5",5,"StrictHierarchicalEBResidualXGB",222,"C010","stable_hot","S01","measurement_group_1","measurement_status_1",37.3,32.3,17,38.6,38.6127512203479,-0.0127512203479299,"tight_session",0.295255866070005,38.6962621517022,38.7695369903343,38.7878556999923,39.2269081890457,39.2269081890457,39.2269081890457,38.7571835441261,38.7891280956619,38.6127512203479,38.6408532882192,38.7636689586909,38.6846504211426,0,0,0,0,0,0,0,0,1,0,0,0
"all_measured_520_analysis_set","within_cow_random5",5,"StrictHierarchicalEBResidualXGB",227,"C019","stable_hot","S01","measurement_group_1","measurement_status_1",36.8,36.9,17,39.4,39.3920853545001,0.00791464549990195,"tight_session",0.295255866070005,39.4735429554576,39.3913616333386,39.3708163028088,39.2269081890457,39.2269081890457,39.2269081890457,39.2675261088714,38.9846052920426,39.3920853545001,39.282906046189,39.3385090064486,39.3063507080078,0,0,0,0,0,0,0,0,1,0,0,0
"all_measured_520_analysis_set","within_cow_random5",5,"StrictHierarchicalEBResidualXGB",232,"C019","stable_hot","S01","measurement_group_1","measurement_status_1",34.1,25,0,39.5,39.4991044743104,0.000895525689571741,"tight_session",0.295255866070005,39.4956729382525,39.4160388712154,39.3925737500784,39.2269081890457,39.2269081890457,39.2269081890457,39.4909889942741,39.1961602573684,39.4991044743104,39.5320672172053,39.4083660709986,39.459888458252,0,0,0,0,0,0,0,0,1,0,0,0
"all_measured_520_analysis_set","within_cow_random5",5,"StrictHierarchicalEBResidualXGB",233,"C019","stable_hot","S01","measurement_group_1","measurement_status_1",35.6,31.1,2,39.5,39.4991044743104,0.000895525689571741,"tight_session",0.295255866070005,39.4735429554576,39.4386510275909,39.4299280456242,39.2269081890457,39.2269081890457,39.2269081890457,39.4909889942741,39.4821544536716,39.4991044743104,39.5501227071564,39.4800948821612,39.6021194458008,0,0,0,0,0,0,0,0,1,0,0,0
"all_measured_520_analysis_set","within_cow_random5",5,"StrictHierarchicalEBResidualXGB",238,"C005","stable_hot","S01","measurement_group_1","measurement_status_1",29.7,26,3,37.8,37.8145066034142,-0.0145066034142189,"tight_session",0.295255866070005,37.9487621517022,38.227654161217,38.2973771635958,39.2269081890457,39.2269081890457,39.2269081890457,38.0304135999422,38.6374587214161,37.8145066034142,38.145309445387,38.2049941330276,37.9715843200684,0,0,0,0,0,0,0,0,1,0,0,0
"all_measured_520_analysis_set","within_cow_random5",5,"StrictHierarchicalEBResidualXGB",248,"C005","stable_hot","S01","measurement_group_1","measurement_status_1",33.6,31.4,21,37.8,37.8145066034142,-0.0145066034142189,"tight_session",0.295255866070005,37.9927287751543,38.2603492100369,38.3201882542742,39.2269081890457,39.2269081890457,39.2269081890457,38.0304135999422,38.5095933530862,37.8145066034142,38.0530725561074,38.2425324038249,38.0640449523926,0,0,0,0,0,0,0,0,1,0,0,0
"all_measured_520_analysis_set","within_cow_random5",5,"StrictHierarchicalEBResidualXGB",252,"C017","stable_hot","S01","measurement_group_1","measurement_status_1",34.4,30.1,1,40.1,39.9227139505812,0.177286049418797,"tight_session",0.295255866070005,39.3607065961466,39.3390852741638,39.3336799436681,39.2269081890457,39.2269081890457,39.2269081890457,39.7460783499061,39.6597096329841,39.9227139505812,39.4483556424927,39.4010658345858,39.5359306335449,0,0,0,0,0,0,0,0,1,0,0,0
"all_measured_520_analysis_set","within_cow_random5",5,"StrictHierarchicalEBResidualXGB",257,"C017","stable_hot","S01","measurement_group_1","measurement_status_1",36.6,34.5,18,39.3,39.42999993063,-0.129999930629957,"tight_session",0.295255866070005,39.3607065961466,39.3190240980172,39.3086034734848,39.2269081890457,39.2269081890457,39.2269081890457,39.3967112717151,39.3351303803205,39.42999993063,39.3333232159628,39.2979236104571,39.2866630554199,0,0,0,0,0,0,0,0,1,0,0,0
"all_measured_520_analysis_set","within_cow_random5",5,"StrictHierarchicalEBResidualXGB",266,"C017","stable_hot","S01","measurement_group_1","measurement_status_1",34.8,31.4,23,39.8,39.9227139505812,-0.122713950581208,"tight_session",0.295255866070005,39.367582941821,39.4013764515595,39.4087197020108,39.2269081890457,39.2269081890457,39.8634540945229,39.7460783499061,39.7073130448933,39.9227139505812,39.6517862027554,39.4662863046007,39.5694313049316,0,0,0,0,0,0,0,0,1,0,0,0
"all_measured_520_analysis_set","within_cow_random5",5,"StrictHierarchicalEBResidualXGB",270,"C020","stable_hot","S01","measurement_group_1","measurement_status_1",35.8,34.1,13,39.2,39.1299021265533,0.0700978734467412,"tight_session",0.295255866070005,39.4259787751543,39.3501942092502,39.155235305687,39.2269081890457,39.2269081890457,38.6756360630152,39.2140247011524,39.1812621759013,39.1299021265533,39.3165946950455,39.258223102423,39.2232894897461,0,0,0,0,0,0,0,0,1,0,0,0
"all_measured_520_analysis_set","within_cow_random5",5,"StrictHierarchicalEBResidualXGB",273,"C020","stable_hot","S01","measurement_group_1","measurement_status_1",36.6,35,15,39.1,39.1299021265533,-0.0299021265532602,"tight_session",0.295255866070005,39.5587621517022,39.4514551740298,39.4246284296117,39.2269081890457,38.4662354564193,39.2269081890457,39.2140247011524,39.1035475638861,39.1299021265533,39.3110200837238,39.3851785268793,39.3367881774902,0,0,0,0,0,0,0,0,1,0,0,0
"all_measured_520_analysis_set","within_cow_random5",5,"StrictHierarchicalEBResidualXGB",280,"C020","stable_hot","S01","measurement_group_1","measurement_status_1",34.5,32.1,22,39.5,39.5735309936581,-0.0735309936581245,"tight_session",0.295255866070005,39.6709787751543,39.6275882571151,39.5987058131219,39.2269081890457,39.2269081890457,39.0134540945229,39.5557212922499,39.5805888076316,39.5735309936581,39.6826752996488,39.6795663087776,39.7521667480469,0,0,0,0,0,0,0,0,1,0,0,0
"all_measured_520_analysis_set","within_cow_random5",5,"StrictHierarchicalEBResidualXGB",291,"C009","stable_hot","S01","measurement_group_1","measurement_status_1",33.4,26.5,23,40.8,40.4639497530716,0.336050246928437,"tight_session",0.295255866070005,39.8974162751543,39.8235153404484,39.7844974797886,39.2269081890457,39.2269081890457,39.2269081890457,40.3062339870483,40.3095174262381,40.4639497530716,40.0994876636127,39.8618533422659,39.8847503662109,0,0,0,0,0,0,0,0,1,0,0,0
"all_measured_520_analysis_set","within_cow_random5",5,"StrictHierarchicalEBResidualXGB",293,"C012","stable_hot","S01","measurement_group_1","measurement_status_1",34.1,30.2,1,40.3,40.3807224953044,-0.0807224953043644,"tight_session",0.295255866070005,39.6983107573151,39.6091686030986,39.5868830645445,39.2269081890457,39.2269081890457,39.2269081890457,40.2036083352782,39.9571041234759,40.3807224953044,39.7928698433321,39.6787725603344,39.8789100646973,0,0,0,0,0,0,0,0,1,0,0,0
"all_measured_520_analysis_set","within_cow_random5",5,"StrictHierarchicalEBResidualXGB",298,"C012","stable_hot","S01","measurement_group_1","measurement_status_1",38.9,38.8,18,39.5,39.4697621675743,0.0302378324257262,"tight_session",0.295255866070005,39.6983107573151,39.589107426952,39.5618065943612,39.2269081890457,39.2269081890457,39.2269081890457,39.4613095154644,39.3771192387576,39.4697621675743,39.7109570259461,39.6238251022504,39.7169227600098,0,0,0,0,0,0,0,0,1,0,0,0
"all_measured_520_analysis_set","within_cow_random5",5,"StrictHierarchicalEBResidualXGB",315,"C006","stable_hot","S01","measurement_group_1","measurement_status_1",35.3,31.5,21,38.5,38.4759077132652,0.0240922867347564,"tight_session",0.295255866070005,39.2406951354776,39.2588676509026,39.2579799321046,39.2269081890457,39.2269081890457,39.2269081890457,38.8711227238805,39.0520274702108,38.4759077132652,39.2779082569225,39.2507782500747,39.2386512756348,0,0,0,0,0,0,0,0,1,0,0,0
"all_measured_520_analysis_set","within_cow_random5",5,"StrictHierarchicalEBResidualXGB",317,"C006","stable_hot","S01","measurement_group_1","measurement_status_1",35.1,30.6,22,39.9,38.9293553123033,0.970644687696669,"tight_session",0.295255866070005,39.2406951354776,39.2844816979808,39.2899974909524,39.2269081890457,38.9106799008637,39.3634540945229,39.0848267167549,39.270429491204,38.9293553123033,39.3883689150841,39.314924060632,39.2965316772461,0,0,0,0,0,0,0,0,1,0,0,0
"all_measured_520_analysis_set","within_cow_random5",5,"StrictHierarchicalEBResidualXGB",320,"C015","stable_hot","S01","measurement_group_1","measurement_status_1",31.7,26.6,1,38.9,38.9519202997876,-0.0519202997875539,"tight_session",0.295255866070005,38.8048732628133,38.8944186074972,38.9168049436681,39.2269081890457,39.2269081890457,39.2269081890457,39.0313595999061,39.1951424454841,38.9519202997876,38.9453335831306,38.942867307955,38.9129104614258,0,0,0,0,0,0,0,0,1,0,0,0
"all_measured_520_analysis_set","within_cow_random5",5,"StrictHierarchicalEBResidualXGB",323,"C015","stable_hot","S01","measurement_group_1","measurement_status_1",34.6,32.1,13,38.2,38.2227251273433,-0.0227251273432714,"tight_session",0.295255866070005,38.751520441821,38.8094928203613,38.7137888771155,39.2269081890457,39.2269081890457,38.8634540945229,38.4241557958417,38.6678473874494,38.2227251273433,38.6622484013321,38.7301362244875,38.6293792724609,0,0,0,0,0,0,0,0,1,0,0,0
"all_measured_520_analysis_set","within_cow_random5",5,"StrictHierarchicalEBResidualXGB",334,"C015","stable_hot","S01","measurement_group_1","measurement_status_1",35.1,32.4,21,38.5,38.4740670282592,0.0259329717407937,"tight_session",0.295255866070005,39.014020441821,39.075022821148,39.0566604764964,39.2269081890457,39.2269081890457,39.2269081890457,38.6902932990249,38.9344883440546,38.4740670282592,38.9289505974616,39.1185041226643,38.9570808410645,0,0,0,0,0,0,0,0,1,0,0,0
"all_measured_520_analysis_set","within_cow_random5",5,"StrictHierarchicalEBResidualXGB",342,"C007","stable_hot","S01","measurement_group_1","measurement_status_1",37.4,33.3,13,40,39.7869220166421,0.213077983357891,"tight_session",0.295255866070005,39.3313154362294,39.2750857704166,39.2893686529258,39.2269081890457,39.2269081890457,38.9134540945229,39.6538401512704,39.467142218478,39.7869220166421,39.3492992721735,39.259693683948,39.3609008789062,0,0,0,0,0,0,0,0,1,0,0,0
"all_measured_520_analysis_set","within_cow_random5",5,"StrictHierarchicalEBResidualXGB",353,"C007","stable_hot","S01","measurement_group_1","measurement_status_1",35.2,30.1,22,39.4,39.5946269274557,-0.194626927455687,"tight_session",0.295255866070005,39.6175116534366,39.5848482746586,39.5590269083038,39.2269081890457,39.2269081890457,39.3634540945229,39.5342289604771,39.5625409496234,39.5946269274557,39.7254585545146,39.6842917475804,39.789737701416,0,0,0,0,0,0,0,0,1,0,0,0
"all_measured_520_analysis_set","within_cow_random5",5,"StrictHierarchicalEBResidualXGB",356,"C007","stable_hot","S01","measurement_group_1","measurement_status_1",34.6,27.1,24,40.2,39.2312299966781,0.968770003321886,"tight_session",0.295255866070005,39.5076550742175,39.5077422374374,39.5077640282424,39.2269081890457,39.2269081890457,39.2269081890457,39.2817355793269,39.5187420554347,39.2312299966781,39.9213655007186,39.5367381182945,39.6730995178223,0,0,0,0,0,0,0,0,1,0,0,0
"all_measured_520_analysis_set","within_cow_random5",5,"StrictHierarchicalEBResidualXGB",359,"C013","stable_hot","S01","measurement_group_1","measurement_status_1",35.2,30.9,13,38.6,38.7312522690529,-0.131252269052879,"tight_session",0.295255866070005,39.0035739152099,39.0103734159154,39.0120732910918,39.2269081890457,38.6884576786415,39.2269081890457,38.9025232621857,38.978786240573,38.7312522690529,38.6922955059159,38.9621426896435,38.8443031311035,0,0,0,0,0,0,0,0,1,0,0,0
"all_measured_520_analysis_set","within_cow_random5",5,"StrictHierarchicalEBResidualXGB",366,"C013","stable_hot","S01","measurement_group_1","measurement_status_1",32.9,25.3,24,39,39.1374027445368,-0.137402744536779,"tight_session",0.295255866070005,39.0035739152099,39.1044773102313,39.1297031589867,39.2269081890457,39.2269081890457,39.2269081890457,39.1526573428231,39.4348412017072,39.1374027445368,39.2760351836712,39.1100023241289,39.0903816223145,0,0,0,0,0,0,0,0,1,0,0,0
"all_measured_520_analysis_set","within_cow_random5",5,"StrictHierarchicalEBResidualXGB",373,"C024","stable_hot","S01","measurement_group_1","measurement_status_1",38.2,37.2,15,38.4,38.1268832725694,0.273116727430562,"tight_session",0.295255866070005,38.7991662751543,38.8455941281708,38.8776272144415,39.2269081890457,39.2269081890457,39.3089693963486,38.3351134273137,38.5493412232325,38.1268832725694,38.7445305587447,38.7553081489595,38.6473121643066,0,0,0,0,0,0,0,0,1,0,0,0
"all_measured_520_analysis_set","within_cow_random5",5,"StrictHierarchicalEBResidualXGB",377,"C024","stable_hot","S01","measurement_group_1","measurement_status_1",35.4,31.9,21,40.4,40.5830571206446,-0.183057120644619,"tight_session",0.295255866070005,38.9054037319398,38.9914152475112,39.0162703724373,39.2269081890457,39.2269081890457,39.2269081890457,40.2292977904047,39.9388680768868,40.5830571206446,39.0282445715075,39.0495390819424,39.1218223571777,0,0,0,0,0,0,0,0,1,0,0,0
"all_measured_520_analysis_set","within_cow_random5",5,"StrictHierarchicalEBResidualXGB",381,"C024","stable_hot","S01","measurement_group_1","measurement_status_1",36.3,33.3,22,38.5,38.3352310494232,0.164768950576786,"tight_session",0.295255866070005,39.3241662751543,39.3460570071151,39.2875808131219,39.2269081890457,39.4291984193822,39.9134540945229,38.6161370490249,38.8710606313988,38.3352310494232,39.1073088292251,39.3785606716087,39.0955810546875,0,0,0,0,0,0,0,0,1,0,0,0
"all_measured_520_analysis_set","within_cow_random5",5,"StrictHierarchicalEBResidualXGB",384,"C001","stable_cool","S01","measurement_group_1","measurement_status_1",31.9,7.2,12,38.2,38.1770907675827,0.0229092324172839,"may_session_hour+direct_xgb+tight_session",0.317996464288354,38.2085149047645,38.1205809937318,38.2906625002274,38.6417707359117,38.603360863809,38.5708853679558,38.2318404503317,38.1621855113937,38.2142735674921,38.1393957662006,38.0760217906435,38.147762298584,0,0,0,0,0,0,0,0.65,0.3,0,0,0.05
"all_measured_520_analysis_set","within_cow_random5",5,"StrictHierarchicalEBResidualXGB",392,"C003","stable_cool","S01","measurement_group_1","measurement_status_1",32.8,6,15,38.5,38.5324374162983,-0.0324374162982934,"may_session_hour+direct_xgb+tight_session",0.317996464288354,38.5351436309556,38.5359543799687,38.5446035441567,38.6417707359117,38.6417707359117,38.6417707359117,38.5873695604835,38.5073414891397,38.5847616996032,38.4932217158578,38.5287798838954,38.5447387695312,0,0,0,0,0,0,0,0.65,0.3,0,0,0.05
"all_measured_520_analysis_set","within_cow_random5",5,"StrictHierarchicalEBResidualXGB",394,"C003","stable_cool","S01","measurement_group_1","measurement_status_1",32.9,6.4,15,38.5,38.5298264467548,-0.0298264467548393,"may_session_hour+direct_xgb+tight_session",0.317996464288354,38.5351436309556,38.5359543799687,38.5446035441567,38.6417707359117,38.6417707359117,38.6417707359117,38.5873695604835,38.5073414891397,38.5847616996032,38.497201068135,38.512200258233,38.4925193786621,0,0,0,0,0,0,0,0.65,0.3,0,0,0.05
"all_measured_520_analysis_set","within_cow_random5",5,"StrictHierarchicalEBResidualXGB",403,"C005","stable_hot","S01","measurement_group_1","measurement_status_1",35.8,28.9,15,37.7,37.7866678402354,-0.0866678402354211,"tight_session",0.295255866070005,37.9227287751543,38.1430003781708,38.2022522144415,39.2269081890457,39.2269081890457,39.2269081890457,37.9428031528303,38.0197064643637,37.7866678402354,37.8712196687541,38.0969222959967,37.9478416442871,0,0,0,0,0,0,0,0,1,0,0,0
"all_measured_520_analysis_set","within_cow_random5",5,"StrictHierarchicalEBResidualXGB",410,"C008","stable_cool","S01","measurement_group_1","measurement_status_1",34.2,6,2,38.2,38.2220878601513,-0.0220878601512595,"may_session_hour+direct_xgb+tight_session",0.317996464288354,38.2001778711525,38.2991551223327,38.3238994351277,38.6417707359117,38.6417707359117,38.6417707359117,38.20017307058,38.2399497111106,38.1796862909495,38.3296052556744,38.3287341899354,38.2442932128906,0,0,0,0,0,0,0,0.65,0.3,0,0,0.05
"all_measured_520_analysis_set","within_cow_random5",5,"StrictHierarchicalEBResidualXGB",412,"C008","stable_cool","S01","measurement_group_1","measurement_status_1",30.1,7.6,9,38.1,38.1554571481714,-0.0554571481714063,"may_session_hour+direct_xgb+tight_session",0.317996464288354,38.2001778711525,38.3195938665946,38.3494478654551,38.6417707359117,38.6417707359117,38.6417707359117,38.20017307058,38.1404360476793,38.1796862909495,38.1899774800288,38.3104594780658,38.2053565979004,0,0,0,0,0,0,0,0.65,0.3,0,0,0.05
"all_measured_520_analysis_set","within_cow_random5",5,"StrictHierarchicalEBResidualXGB",416,"C009","stable_hot","S01","measurement_group_1","measurement_status_1",34.8,27.3,22,40.4,40.4639497530716,-0.0639497530715616,"tight_session",0.295255866070005,39.7695954850355,39.7080847196408,39.6927070282921,39.2269081890457,39.2269081890457,39.2134540945229,40.3062339870483,40.0684220592506,40.4639497530716,39.9890103487922,39.7463306509086,39.928409576416,0,0,0,0,0,0,0,0,1,0,0,0
"all_measured_520_analysis_set","within_cow_random5",5,"StrictHierarchicalEBResidualXGB",424,"C010","stable_hot","S01","measurement_group_1","measurement_status_1",35.9,32.6,19,38.6,38.6127512203479,-0.0127512203479299,"tight_session",0.295255866070005,38.6962621517022,38.8007712582347,38.8268985348679,39.2269081890457,39.2891139856025,39.4653816378091,38.7571835441261,38.9382569412759,38.6127512203479,38.7574829034226,38.8272468758968,38.7658958435059,0,0,0,0,0,0,0,0,1,0,0,0
"all_measured_520_analysis_set","within_cow_random5",5,"StrictHierarchicalEBResidualXGB",438,"C012","stable_hot","S01","measurement_group_1","measurement_status_1",32.7,27,23,40.4,40.3807224953044,0.019277504695637,"tight_session",0.295255866070005,39.838606374785,39.7762892083337,39.7381624067703,39.2269081890457,39.2269081890457,39.2269081890457,40.2036083352782,40.2798700157268,40.3807224953044,40.0551027284201,39.8908362225701,39.9923133850098,0,0,0,0,0,0,0,0,1,0,0,0
"all_measured_520_analysis_set","within_cow_random5",5,"StrictHierarchicalEBResidualXGB",444,"C013","stable_hot","S01","measurement_group_1","measurement_status_1",34.1,22.9,22,39.1,39.1374027445368,-0.0374027445367773,"tight_session",0.295255866070005,38.9906563782198,39.0851179704309,39.1108094012143,39.2269081890457,39.2269081890457,39.2269081890457,39.1526573428231,39.1624563544298,39.1374027445368,39.128604258927,39.1115181472392,39.114501953125,0,0,0,0,0,0,0,0,1,0,0,0
"all_measured_520_analysis_set","within_cow_random5",5,"StrictHierarchicalEBResidualXGB",452,"C016","stable_cool","S01","measurement_group_1","measurement_status_1",30.6,2.8,0,38.7,38.7507508021073,-0.0507508021072667,"may_session_hour+direct_xgb+tight_session",0.317996464288354,38.7225274950427,38.6884426888554,38.6738712882759,38.6417707359117,38.6417707359117,38.6417707359117,38.6845750182329,38.7909712243829,38.6865620148799,38.6066877511339,38.685619726033,38.6130180358887,0,0,0,0,0,0,0,0.65,0.3,0,0,0.05
"all_measured_520_analysis_set","within_cow_random5",5,"StrictHierarchicalEBResidualXGB",464,"C018","stable_cool","S01","measurement_group_1","measurement_status_1",33,8.8,15,38.8,38.7760568406019,0.0239431593981223,"may_session_hour+direct_xgb+tight_session",0.317996464288354,38.794016712741,38.7422839162738,38.7291467414549,38.6417707359117,38.6417707359117,38.4208853679558,38.7924237631008,38.7701965398253,38.7996111970821,38.6986975833006,38.7212203426153,38.7109146118164,0,0,0,0,0,0,0,0.65,0.3,0,0,0.05
"all_measured_520_analysis_set","within_cow_random5",5,"StrictHierarchicalEBResidualXGB",475,"C021","stable_cool","S01","measurement_group_1","measurement_status_1",31.6,12.8,13,38.2,38.2317483628274,-0.0317483628274431,"may_session_hour+direct_xgb+tight_session",0.317996464288354,38.2409149047645,38.2981146304777,38.3149717434538,38.6417707359117,38.6417707359117,38.6417707359117,38.2573466231712,38.2321044409923,38.2408813673449,38.1364265272427,38.2618638678362,38.1723213195801,0,0,0,0,0,0,0,0.65,0.3,0,0,0.05
"all_measured_520_analysis_set","within_cow_random5",5,"StrictHierarchicalEBResidualXGB",482,"C023","stable_cool","S01","measurement_group_1","measurement_status_1",33.8,12,17,38.9,38.925094861374,-0.025094861374015,"may_session_hour+direct_xgb+tight_session",0.317996464288354,39.0033244874384,38.9065156094974,38.8823133900121,38.6417707359117,38.6417707359117,38.6417707359117,39.0034963210468,38.8691854923806,39.022051775939,39.0358485476471,38.9076081546035,39.0701751708984,0,0,0,0,0,0,0,0.65,0.3,0,0,0.05
"all_measured_520_analysis_set","within_cow_random5",5,"StrictHierarchicalEBResidualXGB",483,"C023","stable_cool","S01","measurement_group_1","measurement_status_1",36.7,8.3,13,38.9,38.9273900557107,-0.0273900557107041,"may_session_hour+direct_xgb+tight_session",0.317996464288354,38.9603936309556,38.8740836043539,38.8594056996381,38.6417707359117,38.6417707359117,38.6417707359117,39.0034963210468,38.8907427658005,39.022051775939,39.0089921317667,38.8198431131126,38.8358345031738,0,0,0,0,0,0,0,0.65,0.3,0,0,0.05
"all_measured_520_analysis_set","within_cow_random5",5,"StrictHierarchicalEBResidualXGB",491,"C025","stable_cool","S01","measurement_group_1","measurement_status_1",30.9,10.9,19,39.5,39.401176722367,0.0988232776329951,"may_session_hour+direct_xgb+tight_session",0.317996464288354,39.4053866817813,39.2950820201952,39.2642804007685,38.6417707359117,38.6417707359117,38.6417707359117,39.3846744556216,39.3851483215087,39.4195361032148,39.4119736484642,39.3331896575112,39.4993896484375,0,0,0,0,0,0,0,0.65,0.3,0,0,0.05
"all_measured_520_analysis_set","within_cow_random5",5,"StrictHierarchicalEBResidualXGB",493,"C025","stable_cool","S01","measurement_group_1","measurement_status_1",31.4,11.4,1,39.4,39.3660950851051,0.0339049148948689,"may_session_hour+direct_xgb+tight_session",0.317996464288354,39.4053866817813,39.2508714938794,39.3129396561332,38.6417707359117,38.6417707359117,39.0708853679558,39.3846744556216,39.3265555062952,39.4195361032148,39.4623186207801,39.2688450901096,39.5594635009766,0,0,0,0,0,0,0,0.65,0.3,0,0,0.05
"all_measured_520_analysis_set","within_cow_random5",5,"StrictHierarchicalEBResidualXGB",499,"C026","stable_cool","S01","measurement_group_1","measurement_status_1",29.3,6.8,22,38.7,38.6914191277059,0.00858087229410387,"may_session_hour+direct_xgb+tight_session",0.317996464288354,38.6941149047645,38.6882100859879,38.6801160628415,38.6417707359117,38.6417707359117,38.6417707359117,38.6526923021835,38.709819471632,38.6533022650638,38.7408783116292,38.7060600733606,38.6809158325195,0,0,0,0,0,0,0,0.65,0.3,0,0,0.05
"all_measured_520_analysis_set","within_cow_random5",5,"StrictHierarchicalEBResidualXGB",515,"C029","stable_cool","S01","measurement_group_1","measurement_status_1",36.8,6.4,11,38.3,38.2863493583286,0.0136506416713829,"may_session_hour+direct_xgb+tight_session",0.317996464288354,38.2978208271367,38.3605270605648,38.3829475107561,38.6417707359117,38.6417707359117,38.6417707359117,38.3391535980421,38.2704438615668,38.3239220049467,38.4144413215327,38.3503370188291,38.2676849365234,0,0,0,0,0,0,0,0.65,0.3,0,0,0.05
"all_measured_520_analysis_set","within_cow_random5",5,"StrictHierarchicalEBResidualXGB",517,"C029","stable_cool","S01","measurement_group_1","measurement_status_1",36.1,8.8,14,38.3,38.272488462442,0.0275115375579915,"may_session_hour+direct_xgb+tight_session",0.317996464288354,38.3566436309556,38.4081819068789,38.4183567027944,38.6417707359117,38.6417707359117,38.8208853679558,38.3391535980421,38.2530661508353,38.3239220049467,38.3183010682762,38.3705556105971,38.2163772583008,0,0,0,0,0,0,0,0.65,0.3,0,0,0.05
