Seed,Model,ModelFamily,BenchmarkGroup,FoldID,ElapsedSecondsTotal,Notes,N,R2,RMSE,MAE,Bias_actual_minus_pred,ErrorSD,MedianAE,P75_AE,P90_AE,P95_AE,MaxAE,Within_0_1C,Within_0_2C,Within_0_3C,Within_0_5C
20260523,AdaBoostTree,boosting ensemble,conventional_ml,1,2.2396627999987686,AdaBoost over shallow regression trees. Seed-level fold metric before formal rowwise-median aggregation.,117,0.50377882683009,0.5446880663462981,0.4561940122625902,-0.0436219109626152,0.5452737335739046,0.4278048780487893,0.6194871794871943,0.8448415795224052,1.0005555555555532,1.361176470588255,0.1196581196581196,0.2393162393162393,0.3162393162393162,0.5811965811965812
20260523,AdaBoostTree,boosting ensemble,conventional_ml,2,2.2396627999987686,AdaBoost over shallow regression trees. Seed-level fold metric before formal rowwise-median aggregation.,122,0.3721882879752354,0.5948392522843848,0.4385290130548323,0.0008238660742823,0.5972916351715778,0.3313554708764457,0.5898294381962703,0.9057250177179088,1.1048116669885992,2.926347305389214,0.1393442622950819,0.2786885245901639,0.4508196721311475,0.6885245901639344
20260523,AdaBoostTree,boosting ensemble,conventional_ml,3,2.2396627999987686,AdaBoost over shallow regression trees. Seed-level fold metric before formal rowwise-median aggregation.,90,0.4904545929207023,0.5418800912128963,0.4431231749036446,-0.031722406797016,0.543981317780567,0.4005181347150284,0.5984878034581111,0.8772020725388643,1.0427744858836014,1.4042944785276037,0.1444444444444444,0.2333333333333333,0.3555555555555555,0.6333333333333333
20260523,AdaBoostTree,boosting ensemble,conventional_ml,4,2.2396627999987686,AdaBoost over shallow regression trees. Seed-level fold metric before formal rowwise-median aggregation.,90,0.5249412231314872,0.5102097886772797,0.4161911323957158,-0.0276611434788712,0.5123135458506076,0.4015873015872842,0.5833333333333428,0.8654819155892884,0.9753346230262576,1.0701298701298685,0.1666666666666666,0.3111111111111111,0.4,0.6222222222222222
20260523,AdaBoostTree,boosting ensemble,conventional_ml,5,2.2396627999987686,AdaBoost over shallow regression trees. Seed-level fold metric before formal rowwise-median aggregation.,101,0.4947703001625589,0.5554479689496665,0.4470603006572116,0.05523186548977,0.5554517135784874,0.3861413043478379,0.6769999999999996,0.8650537634409048,0.9799065420560638,1.8543478260869577,0.1386138613861386,0.2871287128712871,0.3861386138613861,0.6237623762376238
20260607,AdaBoostTree,boosting ensemble,conventional_ml,1,2.182966800013673,AdaBoost over shallow regression trees. Seed-level fold metric before formal rowwise-median aggregation.,123,0.4784275368053217,0.5321056118495268,0.4328239868136261,-0.0091755038378473,0.5342024824239334,0.3937499999999758,0.610006774047875,0.8773935034650506,1.0239945186707853,1.3886597938144265,0.1544715447154471,0.2845528455284553,0.4065040650406504,0.6829268292682927
20260607,AdaBoostTree,boosting ensemble,conventional_ml,2,2.182966800013673,AdaBoost over shallow regression trees. Seed-level fold metric before formal rowwise-median aggregation.,114,0.471346582024876,0.5519810763113393,0.3974222859535837,0.0798547793363659,0.5485856376045585,0.3316282702069415,0.5118051948051736,0.7759462081423643,0.9122356567093312,2.932487309644649,0.1578947368421052,0.3245614035087719,0.4824561403508772,0.7105263157894737
20260607,AdaBoostTree,boosting ensemble,conventional_ml,3,2.182966800013673,AdaBoost over shallow regression trees. Seed-level fold metric before formal rowwise-median aggregation.,100,0.5467085801497047,0.5178814544274813,0.4157578378618386,-0.0772407185993904,0.5146687394272255,0.3812904717853733,0.6085240274599517,0.8421099290779956,0.93551633986926,1.2852040816326848,0.15,0.32,0.44,0.63
20260607,AdaBoostTree,boosting ensemble,conventional_ml,4,2.182966800013673,AdaBoost over shallow regression trees. Seed-level fold metric before formal rowwise-median aggregation.,99,0.542355891511835,0.5117797257405573,0.4389290640556113,-0.0306959081425189,0.5134581500476642,0.4245901639343827,0.6228571428571428,0.8059924133141237,0.9191234030197492,1.1325443786982134,0.1111111111111111,0.2121212121212121,0.3333333333333333,0.6262626262626263
20260607,AdaBoostTree,boosting ensemble,conventional_ml,5,2.182966800013673,AdaBoost over shallow regression trees. Seed-level fold metric before formal rowwise-median aggregation.,84,0.3955625193966193,0.61910636126241,0.4847796268320067,0.0844506215122113,0.6170031091178404,0.4346363636363719,0.7541208791208796,0.9567777104785192,1.0598565573770482,1.909895833333323,0.1785714285714285,0.2738095238095238,0.4047619047619047,0.6190476190476191
20260701,AdaBoostTree,boosting ensemble,conventional_ml,1,2.220006700008525,AdaBoost over shallow regression trees. Seed-level fold metric before formal rowwise-median aggregation.,122,0.5282480087017847,0.4977888345777199,0.4123650438977233,0.0066410963992907,0.499797096016758,0.3898985220430369,0.6207070707070841,0.8062756467439913,0.9011562998405286,1.109740259740228,0.1639344262295081,0.3032786885245901,0.3852459016393442,0.6557377049180327
20260701,AdaBoostTree,boosting ensemble,conventional_ml,2,2.220006700008525,AdaBoost over shallow regression trees. Seed-level fold metric before formal rowwise-median aggregation.,122,0.4990481867981352,0.5643051469999197,0.4243082136360662,-0.0025004564259878,0.5666266257282645,0.3729017216642702,0.6067813765182333,0.8713897058823628,1.0146224540486757,2.8873684210526065,0.1475409836065573,0.3114754098360656,0.4016393442622951,0.6721311475409836
20260701,AdaBoostTree,boosting ensemble,conventional_ml,3,2.220006700008525,AdaBoost over shallow regression trees. Seed-level fold metric before formal rowwise-median aggregation.,97,0.3885313220049723,0.6326303536904253,0.5011493734696709,0.0218347442204787,0.6355378923471046,0.4869158878504649,0.761490683229809,0.9855357142857286,1.195295382669189,1.770408163265337,0.1855670103092783,0.2783505154639175,0.3917525773195876,0.5567010309278351
20260701,AdaBoostTree,boosting ensemble,conventional_ml,4,2.220006700008525,AdaBoost over shallow regression trees. Seed-level fold metric before formal rowwise-median aggregation.,94,0.4226506318705512,0.5862877030143189,0.4721637526922563,-0.0227925222725116,0.588985774273876,0.4123288690476308,0.6316844846491243,0.91927083333335,1.0301302083333432,1.8363957597173053,0.1170212765957446,0.2446808510638297,0.351063829787234,0.5851063829787234
20260701,AdaBoostTree,boosting ensemble,conventional_ml,5,2.220006700008525,AdaBoost over shallow regression trees. Seed-level fold metric before formal rowwise-median aggregation.,85,0.4361977920960541,0.5185681960163486,0.4269669220172818,-0.0642838686571026,0.5176221668861504,0.3400000000000105,0.5931034482758761,0.8666995073891884,1.0252755046372186,1.1962962962963033,0.1176470588235294,0.2588235294117647,0.3647058823529411,0.6235294117647059
20260811,AdaBoostTree,boosting ensemble,conventional_ml,1,2.16798139999446,AdaBoost over shallow regression trees. Seed-level fold metric before formal rowwise-median aggregation.,127,0.4654474382375211,0.568694482130525,0.4273048520081476,0.0991285705377169,0.5622061239002902,0.306077348066303,0.5634330002938484,0.9419998667199696,1.2094726388806765,1.9000000000000057,0.1811023622047244,0.2913385826771653,0.4645669291338583,0.7007874015748031
20260811,AdaBoostTree,boosting ensemble,conventional_ml,2,2.16798139999446,AdaBoost over shallow regression trees. Seed-level fold metric before formal rowwise-median aggregation.,121,0.4652742269800757,0.5603752021789354,0.4294049844746855,0.0065653234546353,0.5626666339342453,0.4131578947368268,0.6086956521738998,0.787046632124337,0.9429530201342472,2.887428571428565,0.1487603305785124,0.3057851239669421,0.3884297520661157,0.6033057851239669
20260811,AdaBoostTree,boosting ensemble,conventional_ml,3,2.16798139999446,AdaBoost over shallow regression trees. Seed-level fold metric before formal rowwise-median aggregation.,97,0.4551109979931805,0.5108396834814929,0.4216340087609367,-0.0875290143047435,0.5058995476892316,0.3476683937823992,0.604639175257752,0.8270197740112878,0.950946365248248,1.2395833333333215,0.1030927835051546,0.268041237113402,0.422680412371134,0.6185567010309279
20260811,AdaBoostTree,boosting ensemble,conventional_ml,4,2.16798139999446,AdaBoost over shallow regression trees. Seed-level fold metric before formal rowwise-median aggregation.,93,0.4855283310714053,0.5535556186659647,0.4600964046146907,-0.0524899133874407,0.5540481729495064,0.3944954128440727,0.6576719576719725,0.9242538544957128,1.0311904761904866,1.2689922480620126,0.1075268817204301,0.2688172043010752,0.3010752688172043,0.6021505376344086
20260811,AdaBoostTree,boosting ensemble,conventional_ml,5,2.16798139999446,AdaBoost over shallow regression trees. Seed-level fold metric before formal rowwise-median aggregation.,82,0.5194812245511382,0.5460765813993379,0.4477153073149555,0.0255604495684614,0.548834863355528,0.400966183574873,0.6979142857143259,0.9012334309036264,0.9684671480352186,1.2696428571428626,0.1219512195121951,0.2682926829268293,0.3780487804878049,0.6219512195121951
20260903,AdaBoostTree,boosting ensemble,conventional_ml,1,2.1983755999972345,AdaBoost over shallow regression trees. Seed-level fold metric before formal rowwise-median aggregation.,121,0.502533155801379,0.495487218352639,0.4027992570106822,-0.0271484744441026,0.4968000587948623,0.3784810126582059,0.5812500000000043,0.8430693069307154,0.9430693069307168,1.3768750000000338,0.1487603305785124,0.3140495867768595,0.4049586776859504,0.6694214876033058
20260903,AdaBoostTree,boosting ensemble,conventional_ml,2,2.1983755999972345,AdaBoost over shallow regression trees. Seed-level fold metric before formal rowwise-median aggregation.,115,0.4623200007830411,0.5845846760043735,0.4827838770470812,-0.0427023748778158,0.5855744766547205,0.4422680412371207,0.7251853441548306,0.9173529411764932,1.0500114067268975,1.8567741935483824,0.0782608695652174,0.2347826086956521,0.3739130434782609,0.5565217391304348
20260903,AdaBoostTree,boosting ensemble,conventional_ml,3,2.1983755999972345,AdaBoost over shallow regression trees. Seed-level fold metric before formal rowwise-median aggregation.,109,0.5494874680336669,0.4795387692155961,0.3917833740023858,-0.0577495127974517,0.47824761446249,0.3734513274336493,0.5760180995474968,0.7824842946887429,0.8799999999999925,1.1671999999999727,0.1834862385321101,0.3119266055045872,0.4128440366972477,0.6972477064220184
20260903,AdaBoostTree,boosting ensemble,conventional_ml,4,2.1983755999972345,AdaBoost over shallow regression trees. Seed-level fold metric before formal rowwise-median aggregation.,92,0.418369101522862,0.6033375043705327,0.4772886734079657,0.1097862752899478,0.5965155861406891,0.4278905735003242,0.6289877110228375,0.9095927089880536,1.1746376811594443,1.867391304347848,0.1304347826086956,0.2391304347826087,0.3804347826086957,0.6086956521739131
20260903,AdaBoostTree,boosting ensemble,conventional_ml,5,2.1983755999972345,AdaBoost over shallow regression trees. Seed-level fold metric before formal rowwise-median aggregation.,83,0.4221276015632835,0.6188940382868808,0.4423551896445507,0.0116519483885989,0.6225459842574936,0.3151515151515198,0.610490196078441,0.9134305706119716,1.1370884146341285,2.925238095238079,0.216867469879518,0.3012048192771084,0.4819277108433735,0.6746987951807228
20260523,BaggedTree,bagging ensemble,conventional_ml,1,3.3057001999986824,Bagged regression trees. Seed-level fold metric before formal rowwise-median aggregation.,117,0.7198847168282732,0.4092405099126175,0.3027033100644187,-0.0129670648281726,0.4107943217156569,0.2297311507936541,0.4032400793650836,0.7529519841270017,0.9026708994708964,1.06997619047619,0.3076923076923077,0.4444444444444444,0.5982905982905983,0.7948717948717948
20260523,BaggedTree,bagging ensemble,conventional_ml,2,3.3057001999986824,Bagged regression trees. Seed-level fold metric before formal rowwise-median aggregation.,122,0.5662154191469223,0.4944495292092417,0.3120485948477703,0.0034247382095766,0.4964765954436319,0.1825320767195819,0.3567906746031877,0.7027378968254034,0.9888111772486786,2.659397456709968,0.3032786885245901,0.5163934426229508,0.639344262295082,0.8278688524590164
20260523,BaggedTree,bagging ensemble,conventional_ml,3,3.3057001999986824,Bagged regression trees. Seed-level fold metric before formal rowwise-median aggregation.,90,0.7439443068220793,0.3841306558824265,0.2692914318449029,-0.0458912989017181,0.3835161314252235,0.1665173611111079,0.3652418154761854,0.64450191798941,0.7280280257936607,1.6278998015872972,0.2555555555555555,0.5555555555555556,0.6777777777777778,0.8666666666666667
20260523,BaggedTree,bagging ensemble,conventional_ml,4,3.3057001999986824,Bagged regression trees. Seed-level fold metric before formal rowwise-median aggregation.,90,0.7684198734686138,0.3562261169483303,0.246681296429906,0.0160678217358771,0.3578572063956479,0.1242357804232803,0.3347026289682535,0.5973281746031817,0.8237551256613705,1.1408515211640449,0.4222222222222222,0.5888888888888889,0.7111111111111111,0.8444444444444444
20260523,BaggedTree,bagging ensemble,conventional_ml,5,3.3057001999986824,Bagged regression trees. Seed-level fold metric before formal rowwise-median aggregation.,101,0.7041572245108361,0.4250396359277717,0.2889977848975381,0.0541198482943531,0.4236827014069738,0.1893981481481503,0.3719662698412804,0.6774894179894488,0.8066388888888909,1.585183862433844,0.3168316831683168,0.5148514851485149,0.6831683168316832,0.8415841584158416
20260607,BaggedTree,bagging ensemble,conventional_ml,1,3.3127788999991026,Bagged regression trees. Seed-level fold metric before formal rowwise-median aggregation.,123,0.6965177658472896,0.4058888753620442,0.2821514293633195,0.0105859693039588,0.4074103252107582,0.1518197751322887,0.4226493055555487,0.7171277777777704,0.8830790343915189,1.3847089947090083,0.3983739837398374,0.5609756097560976,0.6341463414634146,0.7967479674796748
20260607,BaggedTree,bagging ensemble,conventional_ml,2,3.3127788999991026,Bagged regression trees. Seed-level fold metric before formal rowwise-median aggregation.,114,0.6750570981047859,0.4327550993309578,0.2640890138329805,0.0672615790844908,0.429383439232698,0.180518353174591,0.3129322089947273,0.517653769841283,0.7592034722222039,2.797209325396828,0.2894736842105263,0.543859649122807,0.7280701754385965,0.8859649122807017
20260607,BaggedTree,bagging ensemble,conventional_ml,3,3.3127788999991026,Bagged regression trees. Seed-level fold metric before formal rowwise-median aggregation.,100,0.672685577757957,0.4400724494671993,0.3025992353711118,-0.0914213761007491,0.4326403465542388,0.1820029761904784,0.3860419146825329,0.6874033730158765,1.1230885251322893,1.439870039682539,0.29,0.54,0.67,0.79
20260607,BaggedTree,bagging ensemble,conventional_ml,4,3.3127788999991026,Bagged regression trees. Seed-level fold metric before formal rowwise-median aggregation.,99,0.7504112692698255,0.3779476293051387,0.2740290571054444,-0.0219123142803681,0.3792320628861275,0.1693892195767219,0.445730158730143,0.6799632936507777,0.8037457341269991,1.002654761904772,0.3434343434343434,0.5252525252525253,0.6565656565656566,0.8080808080808081
20260607,BaggedTree,bagging ensemble,conventional_ml,5,3.3127788999991026,Bagged regression trees. Seed-level fold metric before formal rowwise-median aggregation.,84,0.725622933782576,0.4171223658391191,0.2606195286195224,0.0919719602487482,0.4093001231214884,0.1489836309523724,0.3123782242063697,0.6538802579365148,0.788677331349218,1.9872341269841411,0.3928571428571428,0.6071428571428571,0.75,0.8333333333333334
20260701,BaggedTree,bagging ensemble,conventional_ml,1,3.311838099994929,Bagged regression trees. Seed-level fold metric before formal rowwise-median aggregation.,122,0.7612190138476359,0.3541507377729241,0.2515217332379183,0.0148263455199944,0.3552993941132068,0.1662923280423243,0.3477849702380879,0.5413413690476127,0.7087005621692961,1.393247023809522,0.2950819672131147,0.5491803278688525,0.6885245901639344,0.8770491803278688
20260701,BaggedTree,bagging ensemble,conventional_ml,2,3.311838099994929,Bagged regression trees. Seed-level fold metric before formal rowwise-median aggregation.,122,0.7036050168098094,0.4340616922719613,0.2846052146661751,0.0012605926063917,0.4358498069433773,0.2002361111110993,0.3970649801587242,0.6331919642857188,0.7855816964285647,2.663761904761905,0.3278688524590163,0.5,0.680327868852459,0.8114754098360656
20260701,BaggedTree,bagging ensemble,conventional_ml,3,3.311838099994929,Bagged regression trees. Seed-level fold metric before formal rowwise-median aggregation.,97,0.6433030778101057,0.4831840601267145,0.3420877934350837,0.041297056537394,0.4839169042492248,0.2271200396825321,0.4806180555555599,0.857567460317445,1.0426555555555437,1.664400793650799,0.3092783505154639,0.4639175257731959,0.5979381443298969,0.7525773195876289
20260701,BaggedTree,bagging ensemble,conventional_ml,4,3.311838099994929,Bagged regression trees. Seed-level fold metric before formal rowwise-median aggregation.,94,0.7535003241471645,0.3830889402247285,0.2644446954985471,-0.0161375875651161,0.3848011796735416,0.1836636904762016,0.3520600198412662,0.617867658730156,0.7932121031745988,1.4487096560846595,0.3404255319148936,0.5212765957446809,0.6702127659574468,0.8617021276595744
20260701,BaggedTree,bagging ensemble,conventional_ml,5,3.311838099994929,Bagged regression trees. Seed-level fold metric before formal rowwise-median aggregation.,85,0.72538257328769,0.3619149624824614,0.2487714402427641,-0.0222829481792704,0.3633721425522869,0.1763035714285905,0.3358333333333121,0.5572758597883636,0.6979389550264682,1.38455357142859,0.3176470588235294,0.5647058823529412,0.7176470588235294,0.8705882352941177
20260811,BaggedTree,bagging ensemble,conventional_ml,1,3.299876300006872,Bagged regression trees. Seed-level fold metric before formal rowwise-median aggregation.,127,0.6725458142096948,0.4451015226981014,0.2895643151140157,0.0500670122200645,0.4440282755370893,0.1858115079365134,0.35487334656084,0.6706482142857002,1.0403399801587256,2.0400839947090006,0.2992125984251969,0.5275590551181102,0.6929133858267716,0.8503937007874016
20260811,BaggedTree,bagging ensemble,conventional_ml,2,3.299876300006872,Bagged regression trees. Seed-level fold metric before formal rowwise-median aggregation.,121,0.7330738881072278,0.3959213123138198,0.2450519028339224,0.0130111763045658,0.3973528215483451,0.1652189153439209,0.3124503968253549,0.5508948412698302,0.6041686507936319,2.7354484126984246,0.3140495867768595,0.5537190082644629,0.7272727272727273,0.8760330578512396
20260811,BaggedTree,bagging ensemble,conventional_ml,3,3.299876300006872,Bagged regression trees. Seed-level fold metric before formal rowwise-median aggregation.,97,0.6547538695275814,0.4066258797156431,0.2971159316533007,-0.0962012745273075,0.3971345584423431,0.2159623015873037,0.4048184523809581,0.7933561507936446,0.8684376984127035,1.0388283730158747,0.2989690721649484,0.4845360824742268,0.6185567010309279,0.7731958762886598
20260811,BaggedTree,bagging ensemble,conventional_ml,4,3.299876300006872,Bagged regression trees. Seed-level fold metric before formal rowwise-median aggregation.,93,0.7150309845296331,0.4119830536543523,0.2923204080616691,-0.013870011236274,0.4139812313753981,0.1639801587301477,0.4887142857142947,0.6925438492063435,0.7663079365079367,1.637892857142866,0.2903225806451613,0.5591397849462365,0.6344086021505376,0.7634408602150538
20260811,BaggedTree,bagging ensemble,conventional_ml,5,3.299876300006872,Bagged regression trees. Seed-level fold metric before formal rowwise-median aggregation.,82,0.7247768622138502,0.4132766250433774,0.2779572243192624,0.0637651914763185,0.4108405817313411,0.1779918981481643,0.3465386904761924,0.7963672619047608,0.8897756117725013,1.373960317460309,0.3536585365853658,0.5975609756097561,0.7073170731707317,0.8292682926829268
20260903,BaggedTree,bagging ensemble,conventional_ml,1,3.350228099996457,Bagged regression trees. Seed-level fold metric before formal rowwise-median aggregation.,121,0.7987059539078005,0.3151852246166941,0.2309818346254248,-0.0247494928166409,0.315518512386904,0.184463624338619,0.3039732142857261,0.5005562169312014,0.631942460317461,1.1733554894179932,0.3057851239669421,0.5454545454545454,0.7355371900826446,0.8925619834710744
20260903,BaggedTree,bagging ensemble,conventional_ml,2,3.350228099996457,Bagged regression trees. Seed-level fold metric before formal rowwise-median aggregation.,115,0.6553439974965758,0.4680350841067733,0.319078455883888,-0.0038710887341315,0.4700673083764445,0.1933045634920276,0.439200066137559,0.7912527777777871,0.8626586309523858,2.016541666666676,0.2869565217391304,0.5130434782608696,0.6086956521739131,0.7913043478260869
20260903,BaggedTree,bagging ensemble,conventional_ml,3,3.350228099996457,Bagged regression trees. Seed-level fold metric before formal rowwise-median aggregation.,109,0.77908000850691,0.3358054923268532,0.2409178768903502,-0.0480912179902977,0.3338791283529559,0.1685317460317534,0.3278234126984145,0.5896146825396728,0.7233023809523869,1.0235099206349147,0.3119266055045872,0.6238532110091743,0.7155963302752294,0.8440366972477065
20260903,BaggedTree,bagging ensemble,conventional_ml,4,3.350228099996457,Bagged regression trees. Seed-level fold metric before formal rowwise-median aggregation.,92,0.6737080389186478,0.451897329315841,0.2902472659436014,0.1600272219477405,0.4249295813932902,0.1469044312169352,0.3423497023809698,0.7447600198412597,1.0126822585978887,1.6638164682539769,0.391304347826087,0.5760869565217391,0.6956521739130435,0.782608695652174
20260903,BaggedTree,bagging ensemble,conventional_ml,5,3.350228099996457,Bagged regression trees. Seed-level fold metric before formal rowwise-median aggregation.,83,0.5994737680646942,0.5152473965314175,0.3124301531522888,-0.0058058065595753,0.5183467186011498,0.216588293650787,0.3477392526455034,0.6877646825396724,0.8771853835978886,2.7316865079365087,0.3132530120481928,0.4819277108433735,0.6746987951807228,0.8313253012048193
20260523,BayesianRidge,regularized linear,linear_baseline,1,0.2935653000022284,Bayesian regularized linear regression. Seed-level fold metric before formal rowwise-median aggregation.,117,0.7734241284325414,0.368058663189477,0.2599043459873268,-0.0470606590072719,0.3666076951539576,0.1764796759302314,0.3161736553654677,0.6163015575492325,0.8578451628047825,1.3259231725280785,0.3076923076923077,0.5470085470085471,0.7264957264957265,0.8290598290598291
20260523,BayesianRidge,regularized linear,linear_baseline,2,0.2935653000022284,Bayesian regularized linear regression. Seed-level fold metric before formal rowwise-median aggregation.,122,0.6712275063163471,0.4304598502146059,0.2723301825027233,-0.0033777085187837,0.4322216430507192,0.1739417827190195,0.3687047437864486,0.6212968098943372,0.7367993296908955,2.781078937517385,0.3278688524590163,0.5327868852459017,0.6721311475409836,0.8442622950819673
20260523,BayesianRidge,regularized linear,linear_baseline,3,0.2935653000022284,Bayesian regularized linear regression. Seed-level fold metric before formal rowwise-median aggregation.,90,0.7613397755704507,0.3708529789524887,0.2521758100162016,-0.0144542447160975,0.3726472352511046,0.1575638231903688,0.3206953975771665,0.5839851522209334,0.8534857483326371,1.658148834126976,0.3,0.5888888888888889,0.7333333333333333,0.8888888888888888
20260523,BayesianRidge,regularized linear,linear_baseline,4,0.2935653000022284,Bayesian regularized linear regression. Seed-level fold metric before formal rowwise-median aggregation.,90,0.7576348273931763,0.3644267263585407,0.2565485577109466,-0.0080876711897702,0.3663780904794781,0.1626138608611498,0.3355371210180173,0.6327556462784651,0.8053398453563797,1.3554054171254393,0.3111111111111111,0.5888888888888889,0.7222222222222222,0.8555555555555555
20260523,BayesianRidge,regularized linear,linear_baseline,5,0.2935653000022284,Bayesian regularized linear regression. Seed-level fold metric before formal rowwise-median aggregation.,101,0.6895777535528345,0.4353869077713589,0.2759814711975641,0.0704456654231033,0.4317929589034772,0.171931036079755,0.3616710503051479,0.6663337124465798,0.9772135076660504,2.174619552357356,0.3564356435643564,0.5742574257425742,0.7326732673267327,0.8316831683168316
20260607,BayesianRidge,regularized linear,linear_baseline,1,0.2934941999992588,Bayesian regularized linear regression. Seed-level fold metric before formal rowwise-median aggregation.,123,0.7484658058424756,0.3695209180664676,0.2505843286545913,-0.0030290990272812,0.3710197910641349,0.1705684889801233,0.3167059190077239,0.6550373717599539,0.9006509228388898,1.2770792505436577,0.3577235772357723,0.5609756097560976,0.7398373983739838,0.8780487804878049
20260607,BayesianRidge,regularized linear,linear_baseline,2,0.2934941999992588,Bayesian regularized linear regression. Seed-level fold metric before formal rowwise-median aggregation.,114,0.6490399721957769,0.4497461917745468,0.2567719987155563,0.0392008797017829,0.4500126035332333,0.1527276373932622,0.2927352953206803,0.5090480665779019,0.7652257725697028,2.793246557344787,0.3421052631578947,0.6140350877192983,0.7631578947368421,0.8859649122807017
20260607,BayesianRidge,regularized linear,linear_baseline,3,0.2934941999992588,Bayesian regularized linear regression. Seed-level fold metric before formal rowwise-median aggregation.,100,0.6593989625011396,0.4489154918936727,0.3049969730633055,-0.0794711129109328,0.4440509810967268,0.1874060198938103,0.4118961778889058,0.730109018680784,1.0624021128283985,1.7308808049171347,0.28,0.52,0.67,0.82
20260607,BayesianRidge,regularized linear,linear_baseline,4,0.2934941999992588,Bayesian regularized linear regression. Seed-level fold metric before formal rowwise-median aggregation.,99,0.7701778498225295,0.3626728800105713,0.2676557694103888,-0.0275862312250143,0.3634625314947247,0.1836641078635708,0.3473342638312005,0.6193133314358349,0.7490167847937306,1.3619345000658427,0.2222222222222222,0.5555555555555556,0.6767676767676768,0.8383838383838383
20260607,BayesianRidge,regularized linear,linear_baseline,5,0.2934941999992588,Bayesian regularized linear regression. Seed-level fold metric before formal rowwise-median aggregation.,84,0.8085084466511459,0.3484691885600046,0.2480972688008003,0.0875919489174407,0.3393066596820862,0.1578342693895997,0.2867935339723999,0.5937949216004029,0.7562879003335728,1.103574173688976,0.2976190476190476,0.6071428571428571,0.7619047619047619,0.8333333333333334
20260701,BayesianRidge,regularized linear,linear_baseline,1,0.3019826000090688,Bayesian regularized linear regression. Seed-level fold metric before formal rowwise-median aggregation.,122,0.7354368490459327,0.3727803032809954,0.2523988271622168,0.0304138703052627,0.3730696700371138,0.1748404970099812,0.2910100996988145,0.5847315920960647,0.8228975942269426,1.5138369171687884,0.3278688524590163,0.5737704918032787,0.7540983606557377,0.8524590163934426
20260701,BayesianRidge,regularized linear,linear_baseline,2,0.3019826000090688,Bayesian regularized linear regression. Seed-level fold metric before formal rowwise-median aggregation.,122,0.7305233497422259,0.4138820629610669,0.2578648249341948,0.0054622384658183,0.4155526060024412,0.1709985220547878,0.2995532062440222,0.5799860864055477,0.8266604835967727,2.7057936719755133,0.2786885245901639,0.6229508196721312,0.7540983606557377,0.8770491803278688
20260701,BayesianRidge,regularized linear,linear_baseline,3,0.3019826000090688,Bayesian regularized linear regression. Seed-level fold metric before formal rowwise-median aggregation.,97,0.66632216140767,0.4673331619680247,0.3144757006353371,0.0512288101208623,0.4669299292653263,0.1862902952380736,0.4332788398473468,0.7520763302631056,0.9890019168827736,2.16081700387732,0.3195876288659793,0.5257731958762887,0.6804123711340206,0.7731958762886598
20260701,BayesianRidge,regularized linear,linear_baseline,4,0.3019826000090688,Bayesian regularized linear regression. Seed-level fold metric before formal rowwise-median aggregation.,94,0.7826577532014158,0.3597191131074686,0.2606588754549921,-0.060750196695771,0.3564532856333201,0.1830052639469208,0.3846926734216769,0.589860735702773,0.7338699915444589,1.6313382750835927,0.3297872340425531,0.5531914893617021,0.6808510638297872,0.8404255319148937
20260701,BayesianRidge,regularized linear,linear_baseline,5,0.3019826000090688,Bayesian regularized linear regression. Seed-level fold metric before formal rowwise-median aggregation.,85,0.7482687863428644,0.3465062133158347,0.2308275492867303,-0.0290332510512001,0.3473369474778182,0.1371267764103549,0.2650131809174638,0.6157834514259173,0.880536100726752,1.1370035835243115,0.3529411764705882,0.6352941176470588,0.7647058823529411,0.8705882352941177
20260811,BayesianRidge,regularized linear,linear_baseline,1,0.3089891999989049,Bayesian regularized linear regression. Seed-level fold metric before formal rowwise-median aggregation.,127,0.6800552060911647,0.4399682436091173,0.2682695881705309,0.069406823857348,0.4361797814474699,0.1654153190103571,0.312779402299995,0.5287471120760302,0.9556480644620322,2.450355887953449,0.3228346456692913,0.5748031496062992,0.7322834645669292,0.8661417322834646
20260811,BayesianRidge,regularized linear,linear_baseline,2,0.3089891999989049,Bayesian regularized linear regression. Seed-level fold metric before formal rowwise-median aggregation.,121,0.7142206916245486,0.4096648860456923,0.2426637172205088,-0.0155581440683353,0.4110715147072896,0.1586284629958001,0.2599872401333272,0.5378524959007009,0.6519310032499135,2.7943258208776385,0.3636363636363636,0.6611570247933884,0.768595041322314,0.859504132231405
20260811,BayesianRidge,regularized linear,linear_baseline,3,0.3089891999989049,Bayesian regularized linear regression. Seed-level fold metric before formal rowwise-median aggregation.,97,0.6774641182631052,0.39302450032033,0.2883594707954823,-0.0859063578609079,0.3855133277867764,0.1990841226832174,0.3520202893393147,0.7204845766116864,0.8670633341665733,1.213044741036157,0.2061855670103092,0.5154639175257731,0.711340206185567,0.8144329896907216
20260811,BayesianRidge,regularized linear,linear_baseline,4,0.3089891999989049,Bayesian regularized linear regression. Seed-level fold metric before formal rowwise-median aggregation.,93,0.7015586663497315,0.4216091400413795,0.3216582249857708,-0.0303818532332396,0.4227922519745151,0.249888004768124,0.4899496154553091,0.6920413682850479,0.8084148778019039,1.6695065489842025,0.2043010752688172,0.3655913978494624,0.6129032258064516,0.7634408602150538
20260811,BayesianRidge,regularized linear,linear_baseline,5,0.3089891999989049,Bayesian regularized linear regression. Seed-level fold metric before formal rowwise-median aggregation.,82,0.7899852212264582,0.3610133814332859,0.240248488507501,0.0595970385031641,0.3582513441980225,0.1338189293166891,0.297438428548066,0.5862244340321543,0.7539671658618396,1.3845128680503578,0.3414634146341463,0.5975609756097561,0.7560975609756098,0.8780487804878049
20260903,BayesianRidge,regularized linear,linear_baseline,1,0.2900021999957971,Bayesian regularized linear regression. Seed-level fold metric before formal rowwise-median aggregation.,121,0.8087554788293009,0.3072167472635642,0.2184508778298494,-0.0360153480006177,0.3063669907890901,0.141709957871619,0.2952435754335596,0.5052582813819768,0.6187458799447967,1.1160848317208265,0.3636363636363636,0.5867768595041323,0.7603305785123967,0.8925619834710744
20260903,BayesianRidge,regularized linear,linear_baseline,2,0.2900021999957971,Bayesian regularized linear regression. Seed-level fold metric before formal rowwise-median aggregation.,115,0.6503766686093024,0.4713957788262727,0.3244519934735776,-0.0289082702262125,0.4725676745733718,0.2046276930361372,0.4077890601855181,0.7069936557114078,0.8898448605549576,2.255890989532169,0.2,0.4782608695652174,0.6434782608695652,0.8
20260903,BayesianRidge,regularized linear,linear_baseline,3,0.2900021999957971,Bayesian regularized linear regression. Seed-level fold metric before formal rowwise-median aggregation.,109,0.8026777889007716,0.3173644468681635,0.2155534425642453,-0.0463809870725774,0.3154071528431304,0.1346273500392882,0.2984856241380669,0.5108092705325874,0.6627125893092481,1.053937998588296,0.4311926605504587,0.6422018348623854,0.7522935779816514,0.8899082568807339
20260903,BayesianRidge,regularized linear,linear_baseline,4,0.2900021999957971,Bayesian regularized linear regression. Seed-level fold metric before formal rowwise-median aggregation.,92,0.7279409401498441,0.4126370159122874,0.2959067245821795,0.1322373141298519,0.3930159402864387,0.1848718750925684,0.4543019423134211,0.7438820467148426,0.8239218501609415,1.3711476696462557,0.25,0.5434782608695652,0.6847826086956522,0.7608695652173914
20260903,BayesianRidge,regularized linear,linear_baseline,5,0.2900021999957971,Bayesian regularized linear regression. Seed-level fold metric before formal rowwise-median aggregation.,83,0.6112204713737464,0.5076355378996061,0.2989847225026889,0.0053504641171516,0.5106931275763594,0.1874343319357834,0.2747996376476891,0.7769503355569412,0.9813251746821124,2.7724786171030544,0.2771084337349397,0.5542168674698795,0.7590361445783133,0.8313253012048193
20260523,DE_GradientBoosting,boosting ensemble,evolutionary_optimized_ml,1,363.5919569999969,Differential evolution tunes gradient-boosting tree parameters. Seed-level fold metric before formal rowwise-median aggregation.,117,0.7451694792056102,0.3903335987549877,0.2849784665347579,-0.0619276501405105,0.3870473806246647,0.1670697773227161,0.4330680633614676,0.6815091286539756,0.8765441706412342,1.069097889943336,0.2564102564102564,0.5555555555555556,0.6581196581196581,0.8205128205128205
20260523,DE_GradientBoosting,boosting ensemble,evolutionary_optimized_ml,2,363.5919569999969,Differential evolution tunes gradient-boosting tree parameters. Seed-level fold metric before formal rowwise-median aggregation.,122,0.6326762520114142,0.4549979247804227,0.290743871846081,0.005106150488584,0.4568454422564084,0.1726017906983621,0.3630947619050317,0.6684658364623317,0.950625989084434,2.4451318574426537,0.2786885245901639,0.5409836065573771,0.7131147540983607,0.8278688524590164
20260523,DE_GradientBoosting,boosting ensemble,evolutionary_optimized_ml,3,363.5919569999969,Differential evolution tunes gradient-boosting tree parameters. Seed-level fold metric before formal rowwise-median aggregation.,90,0.7679532298701499,0.3656785729756325,0.2493707134120646,-0.021782831769693,0.3670742114543931,0.1560781717166435,0.3255901679622024,0.5528627835733546,0.7831243800841097,1.5876949084654228,0.2888888888888888,0.5888888888888889,0.7111111111111111,0.8555555555555555
20260523,DE_GradientBoosting,boosting ensemble,evolutionary_optimized_ml,4,363.5919569999969,Differential evolution tunes gradient-boosting tree parameters. Seed-level fold metric before formal rowwise-median aggregation.,90,0.7872387647495096,0.3414454776436892,0.2364189515996441,0.0115384272617551,0.3431622458505254,0.1282401273809092,0.3116140969603247,0.5850386029793885,0.7818043274198133,1.0909041105315325,0.4444444444444444,0.5888888888888889,0.7333333333333333,0.8555555555555555
20260523,DE_GradientBoosting,boosting ensemble,evolutionary_optimized_ml,5,363.5919569999969,Differential evolution tunes gradient-boosting tree parameters. Seed-level fold metric before formal rowwise-median aggregation.,101,0.7119447902916552,0.419408100170721,0.2811986168758325,0.0275098461272184,0.4205922330279281,0.1594621882390114,0.3961017122727739,0.6184066729616475,0.887082694205823,1.6620180726513638,0.3564356435643564,0.5742574257425742,0.6732673267326733,0.8217821782178217
20260607,DE_GradientBoosting,boosting ensemble,evolutionary_optimized_ml,1,375.76748550000775,Differential evolution tunes gradient-boosting tree parameters. Seed-level fold metric before formal rowwise-median aggregation.,123,0.7295417940083073,0.3831692010968736,0.2637496241698729,0.0128901274107156,0.3845185961735501,0.1609305413050776,0.3397810298847545,0.6422620346549095,0.8383679425894748,1.2806207245082746,0.3658536585365853,0.5365853658536586,0.6991869918699187,0.8292682926829268
20260607,DE_GradientBoosting,boosting ensemble,evolutionary_optimized_ml,2,375.76748550000775,Differential evolution tunes gradient-boosting tree parameters. Seed-level fold metric before formal rowwise-median aggregation.,114,0.672655561561313,0.4343513244082213,0.2703531390135005,0.0683434597860554,0.4308346281022846,0.1907421484951932,0.3354288393932911,0.5820786938833742,0.6810167762838713,2.764035032645907,0.2894736842105263,0.5263157894736842,0.7017543859649122,0.868421052631579
20260607,DE_GradientBoosting,boosting ensemble,evolutionary_optimized_ml,3,375.76748550000775,Differential evolution tunes gradient-boosting tree parameters. Seed-level fold metric before formal rowwise-median aggregation.,100,0.7200833226111384,0.4069640034377176,0.2860664004678487,-0.0865563207765268,0.3996560433138204,0.1738798714930176,0.413747025845451,0.6449623798604194,0.8591715103752046,1.4094875832397662,0.29,0.56,0.65,0.83
20260607,DE_GradientBoosting,boosting ensemble,evolutionary_optimized_ml,4,375.76748550000775,Differential evolution tunes gradient-boosting tree parameters. Seed-level fold metric before formal rowwise-median aggregation.,99,0.8057136773225859,0.3334573185078475,0.2434436883339015,-0.0150806606111463,0.3348113897505423,0.1752851258049474,0.3648473301823678,0.5749817283622022,0.7419897700368621,0.9876800383865856,0.3636363636363636,0.5353535353535354,0.7070707070707071,0.8585858585858586
20260607,DE_GradientBoosting,boosting ensemble,evolutionary_optimized_ml,5,375.76748550000775,Differential evolution tunes gradient-boosting tree parameters. Seed-level fold metric before formal rowwise-median aggregation.,84,0.8246195477854661,0.333487965154392,0.2148649514845034,0.0461586092056569,0.3322617432215799,0.1204464623065,0.2730353780276555,0.5607386990172074,0.616137997710518,1.4013009266404597,0.4523809523809524,0.6190476190476191,0.7857142857142857,0.8690476190476191
20260701,DE_GradientBoosting,boosting ensemble,evolutionary_optimized_ml,1,375.0392539999884,Differential evolution tunes gradient-boosting tree parameters. Seed-level fold metric before formal rowwise-median aggregation.,122,0.761305213826972,0.3540868077624124,0.2538365722114575,0.0190040436522042,0.3550345144234743,0.1766132171168344,0.3462293662503803,0.5590027575957188,0.6898116343884435,1.592633003887002,0.2704918032786885,0.5573770491803278,0.7131147540983607,0.8688524590163934
20260701,DE_GradientBoosting,boosting ensemble,evolutionary_optimized_ml,2,375.0392539999884,Differential evolution tunes gradient-boosting tree parameters. Seed-level fold metric before formal rowwise-median aggregation.,122,0.7620839240559932,0.3888910328062445,0.2330904742669459,-0.0121389860456548,0.3903044309869821,0.1391235245789666,0.3233811213846316,0.5167726437439465,0.7010510367705771,2.678251852011144,0.4180327868852459,0.6229508196721312,0.7295081967213115,0.8934426229508197
20260701,DE_GradientBoosting,boosting ensemble,evolutionary_optimized_ml,3,375.0392539999884,Differential evolution tunes gradient-boosting tree parameters. Seed-level fold metric before formal rowwise-median aggregation.,97,0.6700701317652371,0.4647011364923001,0.3357192020365624,0.0312050626217351,0.4660608291556129,0.2504149813746323,0.5325671588093641,0.8360280652916163,0.9272123534378288,1.616087616461492,0.2989690721649484,0.4432989690721649,0.6082474226804123,0.7319587628865979
20260701,DE_GradientBoosting,boosting ensemble,evolutionary_optimized_ml,4,375.0392539999884,Differential evolution tunes gradient-boosting tree parameters. Seed-level fold metric before formal rowwise-median aggregation.,94,0.8051811028114834,0.3405704617202001,0.2628258336135872,-0.0257348447564694,0.3414176638915634,0.205756175412187,0.381615481794654,0.5264285142974586,0.6021482697900838,1.3719021455281322,0.2234042553191489,0.4893617021276595,0.6595744680851063,0.8723404255319149
20260701,DE_GradientBoosting,boosting ensemble,evolutionary_optimized_ml,5,375.0392539999884,Differential evolution tunes gradient-boosting tree parameters. Seed-level fold metric before formal rowwise-median aggregation.,85,0.7649420780370951,0.3348342982352161,0.2210140091578882,-0.0304515513750122,0.3354256424403817,0.118507684719546,0.2697681366217708,0.5279619998812638,0.6616297013602477,1.3663825195551098,0.388235294117647,0.6588235294117647,0.7764705882352941,0.8705882352941177
20260811,DE_GradientBoosting,boosting ensemble,evolutionary_optimized_ml,1,374.9111709999997,Differential evolution tunes gradient-boosting tree parameters. Seed-level fold metric before formal rowwise-median aggregation.,127,0.6806550987894926,0.4395555824623459,0.266464426926378,0.0573982570431083,0.4375177807779317,0.1419578133229322,0.2848885513139301,0.6256131833432308,1.0058438909410643,2.284204980974557,0.3858267716535433,0.5669291338582677,0.7795275590551181,0.8661417322834646
20260811,DE_GradientBoosting,boosting ensemble,evolutionary_optimized_ml,2,374.9111709999997,Differential evolution tunes gradient-boosting tree parameters. Seed-level fold metric before formal rowwise-median aggregation.,121,0.7140997715702422,0.4097515463809307,0.2576094664376885,-0.0071218014177786,0.4113931490926258,0.1736941193246437,0.3512110290601526,0.4982384370369388,0.6156737781192163,2.7412081521839085,0.2892561983471074,0.6033057851239669,0.6776859504132231,0.9008264462809916
20260811,DE_GradientBoosting,boosting ensemble,evolutionary_optimized_ml,3,374.9111709999997,Differential evolution tunes gradient-boosting tree parameters. Seed-level fold metric before formal rowwise-median aggregation.,97,0.6859393833606791,0.3878263791407637,0.2805509119837347,-0.0753438921257236,0.3824136889663241,0.1647985061075587,0.465821653684408,0.6589507393902098,0.8444948184915272,1.040120676281191,0.3195876288659793,0.5773195876288659,0.6391752577319587,0.7938144329896907
20260811,DE_GradientBoosting,boosting ensemble,evolutionary_optimized_ml,4,374.9111709999997,Differential evolution tunes gradient-boosting tree parameters. Seed-level fold metric before formal rowwise-median aggregation.,93,0.7673414816858797,0.3722545461798239,0.2753848295654476,0.001718059516051,0.3742682146005093,0.204761895045749,0.3965495325012469,0.5932594983194874,0.6983597619793567,1.532326395505521,0.2688172043010752,0.4838709677419355,0.6559139784946236,0.8064516129032258
20260811,DE_GradientBoosting,boosting ensemble,evolutionary_optimized_ml,5,374.9111709999997,Differential evolution tunes gradient-boosting tree parameters. Seed-level fold metric before formal rowwise-median aggregation.,82,0.8036374297326596,0.3490822169065448,0.2319967152565633,0.0558912120263197,0.3466993300040635,0.1415195653742351,0.30623267165703,0.5376793639364067,0.8620254606148351,1.2547166596972517,0.4024390243902439,0.6341463414634146,0.7439024390243902,0.8780487804878049
20260903,DE_GradientBoosting,boosting ensemble,evolutionary_optimized_ml,1,349.3535319000075,Differential evolution tunes gradient-boosting tree parameters. Seed-level fold metric before formal rowwise-median aggregation.,121,0.8275812848144644,0.2917041365930758,0.2184082657642169,-0.0327177256055396,0.2910687676784504,0.1575726430346833,0.3153320278046507,0.478584599091981,0.5641651598764525,1.0669404001994778,0.3223140495867768,0.5785123966942148,0.7024793388429752,0.9090909090909092
20260903,DE_GradientBoosting,boosting ensemble,evolutionary_optimized_ml,2,349.3535319000075,Differential evolution tunes gradient-boosting tree parameters. Seed-level fold metric before formal rowwise-median aggregation.,115,0.6772811255164795,0.4528951490973317,0.3098294215827983,-0.0175806380242534,0.4545343460947367,0.2008694565734003,0.4271113864441602,0.71792895900379,0.8227678962600405,1.8757060804633523,0.3217391304347826,0.4956521739130435,0.6608695652173913,0.782608695652174
20260903,DE_GradientBoosting,boosting ensemble,evolutionary_optimized_ml,3,349.3535319000075,Differential evolution tunes gradient-boosting tree parameters. Seed-level fold metric before formal rowwise-median aggregation.,109,0.7913183251606681,0.326371661909605,0.2436711503487453,-0.0683628598997227,0.3206056614722816,0.1709138619513979,0.3315106560188496,0.5582433402478998,0.7120017086384831,1.0254400658683949,0.2935779816513761,0.5504587155963303,0.6972477064220184,0.8807339449541285
20260903,DE_GradientBoosting,boosting ensemble,evolutionary_optimized_ml,4,349.3535319000075,Differential evolution tunes gradient-boosting tree parameters. Seed-level fold metric before formal rowwise-median aggregation.,92,0.7613653309228627,0.3864589387646159,0.2740550991660498,0.125187871199921,0.3676241325752697,0.1532498847932579,0.3693123390625672,0.739144539265616,0.8033405580327362,1.2230673319224934,0.2282608695652173,0.6304347826086957,0.6956521739130435,0.7934782608695652
20260903,DE_GradientBoosting,boosting ensemble,evolutionary_optimized_ml,5,349.3535319000075,Differential evolution tunes gradient-boosting tree parameters. Seed-level fold metric before formal rowwise-median aggregation.,83,0.6464158331991247,0.4841129813777925,0.2935445945334691,0.0433915734464035,0.4850955608354366,0.1920715550623271,0.3677881274598533,0.5847484634695945,0.9840009743141352,2.588015315409393,0.3975903614457831,0.5301204819277109,0.6506024096385542,0.8554216867469879
20260523,DE_XGBoost,boosting ensemble,evolutionary_optimized_ml,1,164.84512779999932,Differential evolution tunes XGBoost hyperparameters. Seed-level fold metric before formal rowwise-median aggregation.,117,0.7797377501304519,0.362894386493116,0.2618649344158986,-0.0224798479650773,0.3637552948481893,0.163015747070311,0.3665298461914048,0.6131889343261692,0.8430337524414041,1.0096664428710938,0.3247863247863248,0.5384615384615384,0.7264957264957265,0.8290598290598291
20260523,DE_XGBoost,boosting ensemble,evolutionary_optimized_ml,2,164.84512779999932,Differential evolution tunes XGBoost hyperparameters. Seed-level fold metric before formal rowwise-median aggregation.,122,0.6812514646837139,0.4238469001853234,0.2696560593902088,0.0221745100177705,0.4250118839375527,0.1708862304687528,0.3465454101562475,0.5863253784179691,0.7610274505615218,2.5833740234375,0.2950819672131147,0.5901639344262295,0.6967213114754098,0.8688524590163934
20260523,DE_XGBoost,boosting ensemble,evolutionary_optimized_ml,3,164.84512779999932,Differential evolution tunes XGBoost hyperparameters. Seed-level fold metric before formal rowwise-median aggregation.,90,0.780256983952992,0.3558519009091972,0.2439197964138455,-0.0271442498101128,0.3568028892389473,0.1703334808349623,0.330837059020995,0.5234599304199223,0.7402790451049813,1.6057769775390651,0.3444444444444444,0.5777777777777777,0.7222222222222222,0.8777777777777778
20260523,DE_XGBoost,boosting ensemble,evolutionary_optimized_ml,4,164.84512779999932,Differential evolution tunes XGBoost hyperparameters. Seed-level fold metric before formal rowwise-median aggregation.,90,0.7808022271511907,0.346571768138407,0.2299919976128472,0.0030345323350698,0.3485000022176587,0.1376171112060547,0.2897790908813498,0.556600570678711,0.7576905822753917,1.395941925048831,0.4222222222222222,0.5777777777777777,0.7555555555555555,0.8888888888888888
20260523,DE_XGBoost,boosting ensemble,evolutionary_optimized_ml,5,164.84512779999932,Differential evolution tunes XGBoost hyperparameters. Seed-level fold metric before formal rowwise-median aggregation.,101,0.6418661892838697,0.4676507214910163,0.2840089174780515,0.0385496158411008,0.468383641552379,0.1420783996582031,0.3378982543945312,0.6460784912109361,1.1771018981933563,2.435248565673831,0.3762376237623762,0.5643564356435643,0.7029702970297029,0.8316831683168316
20260607,DE_XGBoost,boosting ensemble,evolutionary_optimized_ml,1,122.21000600000843,Differential evolution tunes XGBoost hyperparameters. Seed-level fold metric before formal rowwise-median aggregation.,123,0.7546596906837791,0.3649429398582561,0.2554869116806401,-0.0098836014910441,0.3663011464225314,0.1677238464355497,0.3351779937744119,0.5991418457031243,0.7328545379638666,1.233579254150392,0.3495934959349593,0.5365853658536586,0.6829268292682927,0.8455284552845529
20260607,DE_XGBoost,boosting ensemble,evolutionary_optimized_ml,2,122.21000600000843,Differential evolution tunes XGBoost hyperparameters. Seed-level fold metric before formal rowwise-median aggregation.,114,0.6736827257605618,0.4336693200447216,0.250801293891773,0.0649196357057808,0.4306756914416532,0.1702674865722642,0.3070518493652372,0.4717324829101564,0.6961152648925782,2.907421112060547,0.3421052631578947,0.5877192982456141,0.7368421052631579,0.9035087719298246
20260607,DE_XGBoost,boosting ensemble,evolutionary_optimized_ml,3,122.21000600000843,Differential evolution tunes XGBoost hyperparameters. Seed-level fold metric before formal rowwise-median aggregation.,100,0.7307171957076255,0.3991589949251935,0.2900040359497068,-0.1039187240600581,0.3873358916352953,0.2044353485107422,0.3702733993530263,0.6574067687988305,0.9528022003173828,1.4192649841308622,0.23,0.5,0.66,0.85
20260607,DE_XGBoost,boosting ensemble,evolutionary_optimized_ml,4,122.21000600000843,Differential evolution tunes XGBoost hyperparameters. Seed-level fold metric before formal rowwise-median aggregation.,99,0.8081158929683347,0.3313894223527557,0.2448277097759822,-0.0182833353678385,0.3325685784827695,0.1721267700195312,0.3478546142578125,0.5877662658691407,0.7547474670410181,0.9271842956542996,0.3232323232323232,0.5656565656565656,0.7171717171717171,0.8484848484848485
20260607,DE_XGBoost,boosting ensemble,evolutionary_optimized_ml,5,122.21000600000843,Differential evolution tunes XGBoost hyperparameters. Seed-level fold metric before formal rowwise-median aggregation.,84,0.834401524753477,0.3240542636029567,0.2148875645228793,0.0550705137706938,0.3212585559101056,0.1334960937499971,0.2508195877075181,0.5455961608886719,0.6470544815063475,1.394171905517581,0.4285714285714285,0.6428571428571429,0.7857142857142857,0.8809523809523809
20260701,DE_XGBoost,boosting ensemble,evolutionary_optimized_ml,1,155.69522950000828,Differential evolution tunes XGBoost hyperparameters. Seed-level fold metric before formal rowwise-median aggregation.,122,0.7576883029579331,0.3567594368669086,0.2513759800645173,0.0294185700963758,0.3570106013925091,0.1774204254150397,0.305879402160647,0.5434928131103491,0.7675831222534203,1.5465553283691378,0.2950819672131147,0.5409836065573771,0.7377049180327869,0.8770491803278688
20260701,DE_XGBoost,boosting ensemble,evolutionary_optimized_ml,2,155.69522950000828,Differential evolution tunes XGBoost hyperparameters. Seed-level fold metric before formal rowwise-median aggregation.,122,0.7760988910026558,0.3772629508563897,0.2234657037453572,-0.0075514371277855,0.3787427855038106,0.1150623321533181,0.299777030944826,0.5221558380126929,0.6526951599121094,2.642860412597656,0.4180327868852459,0.6065573770491803,0.7540983606557377,0.8852459016393442
20260701,DE_XGBoost,boosting ensemble,evolutionary_optimized_ml,3,155.69522950000828,Differential evolution tunes XGBoost hyperparameters. Seed-level fold metric before formal rowwise-median aggregation.,97,0.6735762940088976,0.4622253536404758,0.3275693598481796,0.0374157777766594,0.4631018235404018,0.2242904663085951,0.4976081848144531,0.7001852416992195,0.93193786621094,1.8975860595703156,0.2989690721649484,0.4948453608247423,0.5567010309278351,0.7525773195876289
20260701,DE_XGBoost,boosting ensemble,evolutionary_optimized_ml,4,155.69522950000828,Differential evolution tunes XGBoost hyperparameters. Seed-level fold metric before formal rowwise-median aggregation.,94,0.7958247098532135,0.3486526966010621,0.2576933191177689,-0.0164078083444148,0.3501337954286361,0.1794616699218743,0.3747253417968732,0.573105010986329,0.6731938552856455,1.3518478393554716,0.2765957446808511,0.5212765957446809,0.6808510638297872,0.8829787234042553
20260701,DE_XGBoost,boosting ensemble,evolutionary_optimized_ml,5,155.69522950000828,Differential evolution tunes XGBoost hyperparameters. Seed-level fold metric before formal rowwise-median aggregation.,85,0.7597691540884801,0.3384986000925503,0.2205215543859141,-0.0243113888011258,0.3396281577368672,0.1308242797851591,0.2813064575195341,0.5225436401367193,0.5803173828124997,1.4303581237792995,0.4352941176470588,0.6235294117647059,0.7647058823529411,0.8823529411764706
20260811,DE_XGBoost,boosting ensemble,evolutionary_optimized_ml,1,161.72380030000932,Differential evolution tunes XGBoost hyperparameters. Seed-level fold metric before formal rowwise-median aggregation.,127,0.6964143873371912,0.4285725980578406,0.2627046119509718,0.0416758259450359,0.4282307164637627,0.1369575500488267,0.3135128021240234,0.6500035095214858,0.972493896484375,2.263629150390628,0.4094488188976378,0.6141732283464567,0.7322834645669292,0.8661417322834646
20260811,DE_XGBoost,boosting ensemble,evolutionary_optimized_ml,2,161.72380030000932,Differential evolution tunes XGBoost hyperparameters. Seed-level fold metric before formal rowwise-median aggregation.,121,0.7190276281160073,0.4062049009046102,0.2512476519119638,-0.0097554608810041,0.4077762617000971,0.1586647033691406,0.3045112609863309,0.4946067810058565,0.7020835876464844,2.7867507934570312,0.2809917355371901,0.5950413223140496,0.7355371900826446,0.9008264462809916
20260811,DE_XGBoost,boosting ensemble,evolutionary_optimized_ml,3,161.72380030000932,Differential evolution tunes XGBoost hyperparameters. Seed-level fold metric before formal rowwise-median aggregation.,97,0.6983059999343311,0.3801140675824834,0.2821118934867309,-0.0961330374491583,0.3696673464925827,0.1874076843261747,0.4405464172363267,0.6728234863281247,0.7988674926757826,1.01397705078125,0.2989690721649484,0.5257731958762887,0.6494845360824743,0.8247422680412371
20260811,DE_XGBoost,boosting ensemble,evolutionary_optimized_ml,4,161.72380030000932,Differential evolution tunes XGBoost hyperparameters. Seed-level fold metric before formal rowwise-median aggregation.,93,0.740271025694788,0.3933152010281976,0.2930759799095893,-0.0104345916419901,0.3953078175833611,0.2001991271972656,0.4260177612304687,0.6469615173339832,0.7643661499023444,1.5313598632812528,0.2043010752688172,0.4946236559139785,0.6344086021505376,0.7956989247311828
20260811,DE_XGBoost,boosting ensemble,evolutionary_optimized_ml,5,161.72380030000932,Differential evolution tunes XGBoost hyperparameters. Seed-level fold metric before formal rowwise-median aggregation.,82,0.8124138938902605,0.3411918946597203,0.2509746644555067,0.0542676227848704,0.3389214664869534,0.1783157348632826,0.3191492080688487,0.543591918945314,0.8034988403320341,1.086322784423828,0.2682926829268293,0.5487804878048781,0.7195121951219512,0.8780487804878049
20260903,DE_XGBoost,boosting ensemble,evolutionary_optimized_ml,1,165.073410099998,Differential evolution tunes XGBoost hyperparameters. Seed-level fold metric before formal rowwise-median aggregation.,121,0.778503000808007,0.3306239490966367,0.2376353933791482,-0.0316361419425521,0.3304753316430338,0.1688224792480497,0.2910591125488295,0.5594947814941378,0.6996986389160185,1.2612998962402315,0.2479338842975206,0.6033057851239669,0.7520661157024794,0.8842975206611571
20260903,DE_XGBoost,boosting ensemble,evolutionary_optimized_ml,2,165.073410099998,Differential evolution tunes XGBoost hyperparameters. Seed-level fold metric before formal rowwise-median aggregation.,115,0.6774724392528799,0.4527608868724804,0.3050294494628906,-0.0063276937733522,0.454697931462568,0.2083160400390653,0.4171115875244133,0.7069169616699243,0.8195704650878894,2.1224472045898466,0.3565217391304348,0.4956521739130435,0.6521739130434783,0.7913043478260869
20260903,DE_XGBoost,boosting ensemble,evolutionary_optimized_ml,3,165.073410099998,Differential evolution tunes XGBoost hyperparameters. Seed-level fold metric before formal rowwise-median aggregation.,109,0.829225481856297,0.2952445029773611,0.2008285802438718,-0.0447331559767414,0.2931839973577985,0.1088638305664062,0.2896369934082017,0.4625096130371119,0.6362229919433601,1.0787811279296875,0.4678899082568807,0.6513761467889908,0.7522935779816514,0.908256880733945
20260903,DE_XGBoost,boosting ensemble,evolutionary_optimized_ml,4,165.073410099998,Differential evolution tunes XGBoost hyperparameters. Seed-level fold metric before formal rowwise-median aggregation.,92,0.7948200580341019,0.3583472194342767,0.2509059657221256,0.1295184176901114,0.3359531175149643,0.1489372253417968,0.3509243011474598,0.6641005706787114,0.7812449645996071,1.23468017578125,0.3260869565217391,0.6413043478260869,0.717391304347826,0.8478260869565217
20260903,DE_XGBoost,boosting ensemble,evolutionary_optimized_ml,5,165.073410099998,Differential evolution tunes XGBoost hyperparameters. Seed-level fold metric before formal rowwise-median aggregation.,83,0.6384832644829914,0.4895133348403993,0.2917064804628668,0.003997379900461,0.492472706351073,0.1684524536132841,0.3779006958007791,0.5748287963867185,1.0174090576171873,2.6969223022460938,0.3253012048192771,0.5542168674698795,0.7349397590361446,0.8313253012048193
20260523,DecisionTree,tree,conventional_ml,1,0.2263972000073408,Single regression tree. Seed-level fold metric before formal rowwise-median aggregation.,117,0.6441200579886166,0.4612771803476909,0.3565316226825181,-0.0153987907371761,0.4630029714224845,0.2906832298136592,0.5093167701863379,0.7921739130434806,0.9607843137254904,1.2608695652173978,0.2051282051282051,0.358974358974359,0.5042735042735043,0.7264957264957265
20260523,DecisionTree,tree,conventional_ml,2,0.2263972000073408,Single regression tree. Seed-level fold metric before formal rowwise-median aggregation.,122,0.4428760830165623,0.560351854780629,0.3774892204414655,0.0063820755067433,0.562626098796878,0.2587096774193327,0.4538135593220307,0.7541622390891642,1.05870967741933,3.05870967741933,0.1885245901639344,0.3524590163934426,0.5327868852459017,0.8032786885245902
20260523,DecisionTree,tree,conventional_ml,3,0.2263972000073408,Single regression tree. Seed-level fold metric before formal rowwise-median aggregation.,90,0.5753237203019126,0.4946986801215645,0.3522126302881853,-0.0729726672562435,0.492028130821777,0.2609756097561018,0.4340301974448266,0.9093103448275864,1.103463414634148,1.639024390243904,0.2,0.4555555555555555,0.5666666666666667,0.8222222222222222
20260523,DecisionTree,tree,conventional_ml,4,0.2263972000073408,Single regression tree. Seed-level fold metric before formal rowwise-median aggregation.,90,0.6535190798899281,0.4357273044455975,0.3232964600401457,-0.0239573225343896,0.4375055665556221,0.2810854206808102,0.4152766308835325,0.7162684649967531,1.0195264847512042,1.208988764044939,0.2222222222222222,0.4333333333333333,0.5777777777777777,0.7777777777777778
20260523,DecisionTree,tree,conventional_ml,5,0.2263972000073408,Single regression tree. Seed-level fold metric before formal rowwise-median aggregation.,101,0.5257614736920404,0.5381425880053224,0.3686600518014487,0.0754876763552489,0.535479267853562,0.234756097560961,0.4652439024390418,0.9347560975609568,1.1125000000000045,1.772941176470589,0.3366336633663366,0.4653465346534653,0.5643564356435643,0.7524752475247525
20260607,DecisionTree,tree,conventional_ml,1,0.2371783000126015,Single regression tree. Seed-level fold metric before formal rowwise-median aggregation.,123,0.4706141997011343,0.5360763600004883,0.3892739677080346,0.0390790796683306,0.5368367794035731,0.2979999999999947,0.5067006269592476,0.9638482758620652,1.2593181818181742,1.602000000000004,0.2195121951219512,0.3821138211382114,0.5447154471544715,0.7479674796747967
20260607,DecisionTree,tree,conventional_ml,2,0.2371783000126015,Single regression tree. Seed-level fold metric before formal rowwise-median aggregation.,114,0.5498192601094518,0.5093685444746721,0.3282323754120795,0.0905954994362748,0.503460236782328,0.2426829268292465,0.3573170731707549,0.640378048780471,0.8400277777777794,3.042682926829244,0.2368421052631578,0.4210526315789473,0.6052631578947368,0.8157894736842105
20260607,DecisionTree,tree,conventional_ml,3,0.2371783000126015,Single regression tree. Seed-level fold metric before formal rowwise-median aggregation.,100,0.5344778409702099,0.5248217063384012,0.3886337914023964,-0.0817982029598378,0.5210196660012874,0.2948484848484902,0.5454545454545467,0.9151162790697568,1.1873062015503988,1.4103030303030124,0.26,0.4,0.51,0.71
20260607,DecisionTree,tree,conventional_ml,4,0.2371783000126015,Single regression tree. Seed-level fold metric before formal rowwise-median aggregation.,99,0.6600227735995949,0.4411071044646666,0.3417560127305179,-0.0161040856195868,0.4430563776205099,0.2847560975609582,0.484756097560961,0.7207377049180324,0.8396721311475335,1.0803278688524642,0.2121212121212121,0.404040404040404,0.5252525252525253,0.7575757575757576
20260607,DecisionTree,tree,conventional_ml,5,0.2371783000126015,Single regression tree. Seed-level fold metric before formal rowwise-median aggregation.,84,0.5611774064403596,0.5275140884972416,0.364976563414062,0.077144599957086,0.5249769385397949,0.2346590909090551,0.4933333333333323,0.8516216216216165,1.129252917690424,2.0346590909090523,0.2619047619047619,0.4642857142857143,0.5476190476190477,0.75
20260701,DecisionTree,tree,conventional_ml,1,0.2064946000027703,Single regression tree. Seed-level fold metric before formal rowwise-median aggregation.,122,0.6309352319598935,0.4402907628727694,0.3121908287376294,0.0479007623558387,0.4394822243332346,0.2217391304347629,0.4211693548387067,0.7684677419354887,0.91940217391302,1.8166666666666629,0.2704918032786885,0.4590163934426229,0.6311475409836066,0.819672131147541
20260701,DecisionTree,tree,conventional_ml,2,0.2064946000027703,Single regression tree. Seed-level fold metric before formal rowwise-median aggregation.,122,0.5741243954966244,0.5203043017378114,0.3473344640747319,-0.0372030087814002,0.5211126471265722,0.2771666666666803,0.4793333333333578,0.8245666666666601,0.9992968749999998,3.020666666666642,0.3032786885245901,0.4426229508196721,0.5983606557377049,0.7704918032786885
20260701,DecisionTree,tree,conventional_ml,3,0.2064946000027703,Single regression tree. Seed-level fold metric before formal rowwise-median aggregation.,97,0.4702683141803587,0.5888313080505884,0.4321685187664567,0.0150629439289206,0.5916964967969733,0.3440476190476076,0.6440476190476119,1.0236363636363663,1.232727272727271,1.778787878787881,0.2371134020618556,0.3917525773195876,0.4432989690721649,0.6701030927835051
20260701,DecisionTree,tree,conventional_ml,4,0.2064946000027703,Single regression tree. Seed-level fold metric before formal rowwise-median aggregation.,94,0.5893267114637862,0.494469679086715,0.3442947739084357,-0.0027722482817639,0.4971131969975089,0.2884502923976555,0.4620454545454571,0.7923247863247938,1.0869494949494876,2.0064327485380105,0.2765957446808511,0.4680851063829787,0.5425531914893617,0.7978723404255319
20260701,DecisionTree,tree,conventional_ml,5,0.2064946000027703,Single regression tree. Seed-level fold metric before formal rowwise-median aggregation.,85,0.5916375916254037,0.441331950799297,0.3215466288187523,-0.0158689244259613,0.4436640699211976,0.2415384615384681,0.3822857142857288,0.7007403726708079,1.0078260869565128,1.3584615384615333,0.2117647058823529,0.4352941176470588,0.6352941176470588,0.8235294117647058
20260811,DecisionTree,tree,conventional_ml,1,0.2167734999966342,Single regression tree. Seed-level fold metric before formal rowwise-median aggregation.,127,0.6268425545107148,0.4751490470033458,0.3167708079322255,0.0907419024544859,0.468250971819984,0.223717948717919,0.3841071428571361,0.8353246753246766,1.0454545454545396,2.023717948717916,0.2913385826771653,0.4960629921259842,0.6456692913385826,0.8267716535433071
20260811,DecisionTree,tree,conventional_ml,2,0.2167734999966342,Single regression tree. Seed-level fold metric before formal rowwise-median aggregation.,121,0.5803118312876377,0.4964513696974579,0.3382468589158128,-0.0123726334018051,0.4983607840584266,0.2949685534591353,0.4407407407407291,0.6904761904761685,0.8904761904761713,3.005031446540862,0.2479338842975206,0.396694214876033,0.5371900826446281,0.8429752066115702
20260811,DecisionTree,tree,conventional_ml,3,0.2167734999966342,Single regression tree. Seed-level fold metric before formal rowwise-median aggregation.,97,0.4740797793108328,0.5018691964284746,0.3699267129532233,-0.0821751174696741,0.49766783410728,0.3061224489795862,0.4690476190476289,0.8261904761904759,1.1563265306122557,1.506122448979589,0.2164948453608247,0.3917525773195876,0.4845360824742268,0.7628865979381443
20260811,DecisionTree,tree,conventional_ml,4,0.2167734999966342,Single regression tree. Seed-level fold metric before formal rowwise-median aggregation.,93,0.6285352780584605,0.4703696794251038,0.3511142780189971,-0.0029998406420761,0.4729095093823279,0.2571428571428527,0.510982658959513,0.8135438596491253,0.9652631578947398,1.2747368421052627,0.2473118279569892,0.4086021505376344,0.5591397849462365,0.7419354838709677
20260811,DecisionTree,tree,conventional_ml,5,0.2167734999966342,Single regression tree. Seed-level fold metric before formal rowwise-median aggregation.,82,0.652262613543799,0.4645410146216809,0.3419757021433841,0.0346827745150812,0.4660952542958942,0.2432432432432421,0.5111553030303053,0.8193181818181827,1.0777556818181784,1.2193181818181813,0.2682926829268293,0.4146341463414634,0.5853658536585366,0.7439024390243902
20260903,DecisionTree,tree,conventional_ml,1,0.2060784999921452,Single regression tree. Seed-level fold metric before formal rowwise-median aggregation.,121,0.6303844269322505,0.4270960118708841,0.3092896739538304,-0.0063894130917905,0.4288238918786979,0.2516483516483419,0.4000000000000057,0.7312101910827948,0.948351648351661,1.551648351648339,0.2644628099173554,0.4297520661157025,0.6033057851239669,0.8264462809917356
20260903,DecisionTree,tree,conventional_ml,2,0.2060784999921452,Single regression tree. Seed-level fold metric before formal rowwise-median aggregation.,115,0.587452115775906,0.5120621413227906,0.369166353432715,-0.0018741602892454,0.5142996794434169,0.2993788819875504,0.5203105590062229,0.926575082206782,1.0138465473145934,1.7552941176470682,0.2608695652173913,0.4,0.5304347826086957,0.7217391304347827
20260903,DecisionTree,tree,conventional_ml,3,0.2060784999921452,Single regression tree. Seed-level fold metric before formal rowwise-median aggregation.,109,0.6891460299067524,0.3983350253290947,0.2857924911326572,-0.0612251820063684,0.3954196946922078,0.2000000000000241,0.3777777777777729,0.6932530120482013,0.8515662650602474,1.2333333333333345,0.2477064220183486,0.4862385321100917,0.6880733944954128,0.8256880733944955
20260903,DecisionTree,tree,conventional_ml,4,0.2060784999921452,Single regression tree. Seed-level fold metric before formal rowwise-median aggregation.,92,0.582929543600261,0.5109063508673728,0.3638478962594454,0.1418999621746685,0.4934945183615387,0.2519674935842459,0.4691790617848994,0.857145308924486,1.0061562744077182,2.0389221556886383,0.25,0.4239130434782608,0.5217391304347826,0.7717391304347826
20260903,DecisionTree,tree,conventional_ml,5,0.2060784999921452,Single regression tree. Seed-level fold metric before formal rowwise-median aggregation.,83,0.5040160925777333,0.5733688784475506,0.3667401032702227,-0.0299890992541644,0.5760648628573303,0.2582857142857264,0.4417142857142693,0.8312500000000043,1.0405357142857157,3.0417142857142707,0.253012048192771,0.4578313253012048,0.5421686746987951,0.7951807228915663
20260523,EarOnlyLinear,linear,linear_baseline,1,0.0781449000060092,Single ear-surface temperature linear regression. Seed-level fold metric before formal rowwise-median aggregation.,117,0.0926632468174902,0.7365368265919656,0.6130515349297654,-0.061715914222184,0.7371033954888152,0.5447329444912725,0.7976060914186291,1.239134822887901,1.4148659014585014,1.8947502512350027,0.0427350427350427,0.1709401709401709,0.2564102564102564,0.4273504273504273
20260523,EarOnlyLinear,linear,linear_baseline,2,0.0781449000060092,Single ear-surface temperature linear regression. Seed-level fold metric before formal rowwise-median aggregation.,122,0.0100152948291718,0.7469631114956297,0.5932540697653143,-0.0040943853757084,0.750032117026505,0.5022533751128151,0.8385326160784761,1.1599725116845698,1.44061257359099,2.827287735507106,0.0901639344262295,0.180327868852459,0.2868852459016393,0.4918032786885246
20260523,EarOnlyLinear,linear,linear_baseline,3,0.0781449000060092,Single ear-surface temperature linear regression. Seed-level fold metric before formal rowwise-median aggregation.,90,0.0657145062086472,0.733755808986998,0.6228986781342448,-0.021874149550428,0.7375385710144162,0.5661603597977702,0.8472744429234673,1.1753382640543382,1.315797236959913,1.7584267653560346,0.0777777777777777,0.1444444444444444,0.2,0.3888888888888889
20260523,EarOnlyLinear,linear,linear_baseline,4,0.0781449000060092,Single ear-surface temperature linear regression. Seed-level fold metric before formal rowwise-median aggregation.,90,0.1060760933202989,0.69988291089144,0.5754425246345866,-0.0132106253143161,0.7036784661414967,0.515068234933068,0.8143192975350679,1.147562843481918,1.3259642910763552,1.6654167832066449,0.1,0.2222222222222222,0.2888888888888888,0.4555555555555555
20260523,EarOnlyLinear,linear,linear_baseline,5,0.0781449000060092,Single ear-surface temperature linear regression. Seed-level fold metric before formal rowwise-median aggregation.,101,0.1185664343702647,0.7336581378368646,0.5765132101767858,0.105121092774436,0.7297094334451529,0.4237375475715979,0.7791799066005893,1.27587905470498,1.415031768550783,2.1468908469661017,0.0693069306930693,0.2277227722772277,0.3465346534653465,0.5346534653465347
20260607,EarOnlyLinear,linear,linear_baseline,1,0.081659600007697,Single ear-surface temperature linear regression. Seed-level fold metric before formal rowwise-median aggregation.,123,0.0813751458485417,0.7061705595366198,0.5868646743506267,-0.040188911612945,0.7079095894643102,0.5462150305514868,0.8024135384715656,1.2035015859533589,1.3970348567044042,1.602996374604892,0.065040650406504,0.1626016260162601,0.2601626016260163,0.4308943089430894
20260607,EarOnlyLinear,linear,linear_baseline,2,0.081659600007697,Single ear-surface temperature linear regression. Seed-level fold metric before formal rowwise-median aggregation.,114,0.0107428733201986,0.7550805101383498,0.5720905966266304,0.0407101633366002,0.7573111235110681,0.4479430394707719,0.8145984636614312,1.2170344913359965,1.5020346860810894,2.837034597925338,0.1228070175438596,0.219298245614035,0.3508771929824561,0.5701754385964912
20260607,EarOnlyLinear,linear,linear_baseline,3,0.081659600007697,Single ear-surface temperature linear regression. Seed-level fold metric before formal rowwise-median aggregation.,100,0.1165629982433468,0.7229851921127899,0.6074898234320469,-0.0689004533706096,0.7233202872302705,0.5368334897831417,0.8098121480713871,1.206923296065807,1.3489356554445835,1.8947233426669072,0.05,0.17,0.24,0.43
20260607,EarOnlyLinear,linear,linear_baseline,4,0.081659600007697,Single ear-surface temperature linear regression. Seed-level fold metric before formal rowwise-median aggregation.,99,0.1524742084285943,0.6964590738682787,0.5757350718261514,0.0079819267850583,0.6999574441248494,0.4772132432647566,0.8191899982553146,1.1361071247556154,1.3739885907734992,1.618917354446218,0.0808080808080808,0.1919191919191919,0.2929292929292929,0.5050505050505051
20260607,EarOnlyLinear,linear,linear_baseline,5,0.081659600007697,Single ear-surface temperature linear regression. Seed-level fold metric before formal rowwise-median aggregation.,84,0.0218430535275657,0.7875784870728627,0.6627122074424482,0.0713769245827161,0.789048210131826,0.6220006623032681,0.9231573844221596,1.222779734766558,1.4560111134498326,1.6979199348097893,0.0714285714285714,0.1666666666666666,0.238095238095238,0.3928571428571428
20260701,EarOnlyLinear,linear,linear_baseline,1,0.0849740999983623,Single ear-surface temperature linear regression. Seed-level fold metric before formal rowwise-median aggregation.,122,0.1218591261519952,0.6791573048982023,0.5508971636394611,0.0418359383308658,0.680662879902816,0.4931217639376193,0.7764239985762149,1.1540991513144625,1.273961066206683,1.719785011300317,0.081967213114754,0.2459016393442623,0.319672131147541,0.5163934426229508
20260701,EarOnlyLinear,linear,linear_baseline,2,0.0849740999983623,Single ear-surface temperature linear regression. Seed-level fold metric before formal rowwise-median aggregation.,122,0.0964671320556134,0.7578583025926584,0.6202097729808077,-0.0092404411456182,0.7609269367345715,0.5493703072994336,0.8019163315912738,1.1617915015285392,1.4640726076811192,2.801166254103933,0.0655737704918032,0.1311475409836065,0.2377049180327868,0.4426229508196721
20260701,EarOnlyLinear,linear,linear_baseline,3,0.0849740999983623,Single ear-surface temperature linear regression. Seed-level fold metric before formal rowwise-median aggregation.,97,0.0117820598882585,0.8042466947153493,0.6602708019834066,0.0329466432764672,0.807745993695352,0.6028115279996769,0.9439571614501504,1.3236622516689764,1.425091371347683,2.106489438449444,0.0515463917525773,0.1752577319587628,0.268041237113402,0.4432989690721649
20260701,EarOnlyLinear,linear,linear_baseline,4,0.0849740999983623,Single ear-surface temperature linear regression. Seed-level fold metric before formal rowwise-median aggregation.,94,0.0573071766351613,0.749163376312304,0.619117020018661,-0.0330071109197727,0.752448988971687,0.5446016973099574,0.8166526198101955,1.23616784369314,1.5158621443415885,1.668684564101703,0.0638297872340425,0.1595744680851064,0.2765957446808511,0.4574468085106383
20260701,EarOnlyLinear,linear,linear_baseline,5,0.0849740999983623,Single ear-surface temperature linear regression. Seed-level fold metric before formal rowwise-median aggregation.,85,0.1130142593883209,0.6504303692408328,0.5305376617676162,-0.0436294204979669,0.6528168981085619,0.4918379370684675,0.713733869900743,1.107426826926566,1.2022252365435646,1.634063093115202,0.1294117647058823,0.2235294117647059,0.3411764705882353,0.5058823529411764
20260811,EarOnlyLinear,linear,linear_baseline,1,0.0773348000075202,Single ear-surface temperature linear regression. Seed-level fold metric before formal rowwise-median aggregation.,127,0.0814590230957613,0.7454749842764965,0.5901804287572547,0.1224654603181318,0.7382592445242285,0.4571438111612238,0.7904985924174568,1.288448333489714,1.485979112149488,2.148376396688853,0.0866141732283464,0.2047244094488189,0.3385826771653543,0.5275590551181102
20260811,EarOnlyLinear,linear,linear_baseline,2,0.0773348000075202,Single ear-surface temperature linear regression. Seed-level fold metric before formal rowwise-median aggregation.,121,0.0281073417233439,0.7554791809392503,0.6180724285758763,-0.0839160247285764,0.75392602493433,0.5576424207647932,0.8414613655493639,1.0762622201582277,1.4319140035879414,2.79955189315708,0.0743801652892562,0.1818181818181818,0.256198347107438,0.4462809917355372
20260811,EarOnlyLinear,linear,linear_baseline,3,0.0773348000075202,Single ear-surface temperature linear regression. Seed-level fold metric before formal rowwise-median aggregation.,97,0.1061505496584481,0.6542787190245133,0.547283434912427,-0.045073337797129,0.6561151173261398,0.5260014994831081,0.7455896653623668,1.047980779438682,1.1987702445554118,1.6464582614772,0.0927835051546391,0.1649484536082474,0.3195876288659793,0.4639175257731959
20260811,EarOnlyLinear,linear,linear_baseline,4,0.0773348000075202,Single ear-surface temperature linear regression. Seed-level fold metric before formal rowwise-median aggregation.,93,0.1151986929962356,0.7259444830058807,0.6004279946401129,-0.0616273289627076,0.7272443837501059,0.4936069231206232,0.8786965408990781,1.2119011382488991,1.3936473897589448,1.6076832368703222,0.086021505376344,0.1720430107526881,0.2473118279569892,0.5053763440860215
20260811,EarOnlyLinear,linear,linear_baseline,5,0.0773348000075202,Single ear-surface temperature linear regression. Seed-level fold metric before formal rowwise-median aggregation.,82,0.0451866548194234,0.769764026896734,0.6337307746368928,0.0617755532214941,0.7720029738839066,0.5629096936422258,0.8582610635814998,1.260213561272569,1.406353593931173,1.91905881213858,0.1097560975609756,0.1951219512195122,0.2560975609756097,0.4146341463414634
20260903,EarOnlyLinear,linear,linear_baseline,1,0.0761171000049216,Single ear-surface temperature linear regression. Seed-level fold metric before formal rowwise-median aggregation.,121,0.0923154439536763,0.6692954284321595,0.5411806566078947,-0.0886810449800377,0.6661527425983337,0.4504229937374404,0.8109313709753252,1.0954802985390515,1.3882046873532232,1.5736175565884096,0.0991735537190082,0.2396694214876033,0.3388429752066115,0.5371900826446281
20260903,EarOnlyLinear,linear,linear_baseline,2,0.0761171000049216,Single ear-surface temperature linear regression. Seed-level fold metric before formal rowwise-median aggregation.,115,0.0988546390588277,0.7568031160944435,0.6358869827070887,-0.0158380340758562,0.7599487114433946,0.5645390797324907,0.8081695943929894,1.2175294123456155,1.4376006258231049,2.114900599794169,0.0434782608695652,0.1217391304347826,0.208695652173913,0.417391304347826
20260903,EarOnlyLinear,linear,linear_baseline,3,0.0761171000049216,Single ear-surface temperature linear regression. Seed-level fold metric before formal rowwise-median aggregation.,109,0.0909769923061094,0.6811734683423339,0.555956755339646,-0.0246462155078713,0.6838717020525987,0.4275964980682474,0.7408020862180109,1.1731129761923555,1.3608633642799204,1.625318795559764,0.073394495412844,0.1559633027522936,0.2844036697247706,0.5412844036697247
20260903,EarOnlyLinear,linear,linear_baseline,4,0.0761171000049216,Single ear-surface temperature linear regression. Seed-level fold metric before formal rowwise-median aggregation.,92,0.0724387121812613,0.7619174058582223,0.6299508238914138,0.1357881429789492,0.7538278409061575,0.5641572518515474,0.8751169398744025,1.1842463383411974,1.4586126864760005,1.9323384611866812,0.0760869565217391,0.1739130434782608,0.25,0.4347826086956521
20260903,EarOnlyLinear,linear,linear_baseline,5,0.0761171000049216,Single ear-surface temperature linear regression. Seed-level fold metric before formal rowwise-median aggregation.,83,0.0111790929271131,0.8095788311928422,0.641407230443324,0.0213475347333306,0.8142171148854777,0.5783813750728228,0.8838752272395674,1.2434230682430296,1.414109654741557,2.8277059520296106,0.108433734939759,0.2048192771084337,0.3012048192771084,0.4457831325301205
20260523,ElasticNet,regularized linear,linear_baseline,1,0.3425726999994367,L1/L2 regularized linear model. Seed-level fold metric before formal rowwise-median aggregation.,117,0.7738523570474418,0.3677106830775444,0.2584284296364456,-0.0458057509215993,0.3664157547354429,0.1703198141885735,0.3132116447812905,0.6046501102129583,0.8637554804962984,1.3215984684822146,0.3247863247863248,0.5641025641025641,0.7435897435897436,0.8205128205128205
20260523,ElasticNet,regularized linear,linear_baseline,2,0.3425726999994367,L1/L2 regularized linear model. Seed-level fold metric before formal rowwise-median aggregation.,122,0.6710985081275178,0.4305442902093425,0.2701496874422857,-0.0026416683051114,0.4323116004439996,0.1648618807242918,0.3649047954138762,0.6269737962076165,0.7444756640945287,2.7850162669746936,0.3360655737704918,0.5409836065573771,0.6967213114754098,0.8442622950819673
20260523,ElasticNet,regularized linear,linear_baseline,3,0.3425726999994367,L1/L2 regularized linear model. Seed-level fold metric before formal rowwise-median aggregation.,90,0.7607900190459375,0.3712798652738854,0.2509793956031785,-0.0142440904341267,0.3730850127854391,0.1460146376718682,0.3223176068224163,0.5828848781993456,0.8583948191391011,1.6663701324934834,0.2777777777777778,0.6111111111111112,0.7333333333333333,0.8888888888888888
20260523,ElasticNet,regularized linear,linear_baseline,4,0.3425726999994367,L1/L2 regularized linear model. Seed-level fold metric before formal rowwise-median aggregation.,90,0.7580285984431041,0.3641305636983695,0.2562248648477381,-0.010215843171736,0.3660263906044261,0.1612829407896114,0.3276655163638455,0.634839528046888,0.8053290942551111,1.350813825699177,0.3,0.5888888888888889,0.7111111111111111,0.8555555555555555
20260523,ElasticNet,regularized linear,linear_baseline,5,0.3425726999994367,L1/L2 regularized linear model. Seed-level fold metric before formal rowwise-median aggregation.,101,0.6895395619651932,0.4354136900107505,0.274494208761712,0.0708282529696491,0.4317570201286202,0.1760756675294317,0.3622152821487958,0.675704708428519,0.9764657360687536,2.176612633723117,0.3663366336633663,0.5841584158415841,0.7326732673267327,0.8316831683168316
20260607,ElasticNet,regularized linear,linear_baseline,1,0.3467010000022128,L1/L2 regularized linear model. Seed-level fold metric before formal rowwise-median aggregation.,123,0.7501613258008003,0.3682733948773993,0.2496452942489452,-0.0038852355754727,0.3697590530624817,0.1660029209121276,0.3225110440468945,0.651144031797166,0.9024320476643104,1.2788560997991638,0.3495934959349593,0.5447154471544715,0.7398373983739838,0.8780487804878049
20260607,ElasticNet,regularized linear,linear_baseline,2,0.3467010000022128,L1/L2 regularized linear model. Seed-level fold metric before formal rowwise-median aggregation.,114,0.6492646569336282,0.4496022048877088,0.2552906147539424,0.038845341908156,0.4498985407148405,0.1472633450073353,0.2873022388778778,0.5051668006846072,0.762350242730338,2.799978674482034,0.3421052631578947,0.6052631578947368,0.7631578947368421,0.8947368421052632
20260607,ElasticNet,regularized linear,linear_baseline,3,0.3467010000022128,L1/L2 regularized linear model. Seed-level fold metric before formal rowwise-median aggregation.,100,0.6580749133567482,0.449787200395527,0.3042837252390165,-0.0778087720129021,0.4452377876063715,0.1860683554034388,0.406798126834996,0.7247681968613955,1.0575320055091966,1.7396295420805572,0.31,0.52,0.67,0.82
20260607,ElasticNet,regularized linear,linear_baseline,4,0.3467010000022128,L1/L2 regularized linear model. Seed-level fold metric before formal rowwise-median aggregation.,99,0.7704743590805231,0.3624388499710426,0.2659336971374021,-0.027215819603815,0.3632548536697071,0.1663936245885224,0.3409141033223228,0.6243423441573128,0.7557495535028776,1.362893078726643,0.2222222222222222,0.5656565656565656,0.6868686868686869,0.8383838383838383
20260607,ElasticNet,regularized linear,linear_baseline,5,0.3467010000022128,L1/L2 regularized linear model. Seed-level fold metric before formal rowwise-median aggregation.,84,0.8107113002178267,0.3464590554756526,0.2457944488780089,0.0877961731304632,0.3371632110731679,0.1575134926104908,0.2882918801524674,0.5886915042022708,0.7470601996536201,1.101396857479216,0.2976190476190476,0.6190476190476191,0.7619047619047619,0.8214285714285714
20260701,ElasticNet,regularized linear,linear_baseline,1,0.3239190000022063,L1/L2 regularized linear model. Seed-level fold metric before formal rowwise-median aggregation.,122,0.7350571497778216,0.3730477132704921,0.2515149315199355,0.0305265355556817,0.373329808928705,0.1742960415793142,0.2904696310617822,0.5871528005678686,0.8297779043002677,1.5160305626523751,0.3278688524590163,0.5737704918032787,0.7622950819672131,0.8524590163934426
20260701,ElasticNet,regularized linear,linear_baseline,2,0.3239190000022063,L1/L2 regularized linear model. Seed-level fold metric before formal rowwise-median aggregation.,122,0.7317178870496006,0.4129637149812919,0.2552627252167258,0.0068896574778836,0.4146089527359051,0.1698033914380552,0.2913369731993871,0.5793674171337175,0.8319626162783351,2.7095685918175647,0.3032786885245901,0.5983606557377049,0.7540983606557377,0.8770491803278688
20260701,ElasticNet,regularized linear,linear_baseline,3,0.3239190000022063,L1/L2 regularized linear model. Seed-level fold metric before formal rowwise-median aggregation.,97,0.6653855242706064,0.4679886068348912,0.3127240098956522,0.0512217111956635,0.4675935537593061,0.1808100355161457,0.4405055078238717,0.7598266027236593,0.989294215295114,2.1634523541679656,0.3195876288659793,0.5154639175257731,0.6804123711340206,0.7731958762886598
20260701,ElasticNet,regularized linear,linear_baseline,4,0.3239190000022063,L1/L2 regularized linear model. Seed-level fold metric before formal rowwise-median aggregation.,94,0.7833406056305331,0.3591535803741699,0.258211411915531,-0.0608339126247148,0.3558619667280889,0.1774534538333512,0.3842201227399791,0.5774100658755438,0.737041238730697,1.64111379906484,0.3191489361702128,0.574468085106383,0.6808510638297872,0.8404255319148937
20260701,ElasticNet,regularized linear,linear_baseline,5,0.3239190000022063,L1/L2 regularized linear model. Seed-level fold metric before formal rowwise-median aggregation.,85,0.7479528102319897,0.3467236145432422,0.2313258219402243,-0.0294423589000501,0.3475215829657233,0.1285509896908792,0.2623472820313779,0.6146864948119863,0.8865049347961941,1.1337991651219212,0.3764705882352941,0.6235294117647059,0.7647058823529411,0.8588235294117647
20260811,ElasticNet,regularized linear,linear_baseline,1,0.3246755000000121,L1/L2 regularized linear model. Seed-level fold metric before formal rowwise-median aggregation.,127,0.6806079519710871,0.4395880283888568,0.2674707359476432,0.0700709066494674,0.4356860877416412,0.1663407067150757,0.3157291618339997,0.5312765599421979,0.9578599043446644,2.453665314638286,0.3307086614173228,0.5748031496062992,0.7322834645669292,0.8740157480314961
20260811,ElasticNet,regularized linear,linear_baseline,2,0.3246755000000121,L1/L2 regularized linear model. Seed-level fold metric before formal rowwise-median aggregation.,121,0.7112422472594935,0.411794153809727,0.2429746044450492,-0.015483243546382,0.413214008394555,0.1501909442124187,0.2630181237261055,0.5465644937581047,0.6670998370059422,2.8025584110665704,0.396694214876033,0.6446280991735537,0.768595041322314,0.859504132231405
20260811,ElasticNet,regularized linear,linear_baseline,3,0.3246755000000121,L1/L2 regularized linear model. Seed-level fold metric before formal rowwise-median aggregation.,97,0.6773755225765238,0.3930784755314606,0.2876067254825444,-0.0847919130975759,0.3858181091543878,0.1898109685296773,0.3455295565966665,0.7227070959121296,0.8697338398862683,1.2039191573747845,0.2164948453608247,0.5154639175257731,0.711340206185567,0.8144329896907216
20260811,ElasticNet,regularized linear,linear_baseline,4,0.3246755000000121,L1/L2 regularized linear model. Seed-level fold metric before formal rowwise-median aggregation.,93,0.7023449503846093,0.4210533806091958,0.3193712632983736,-0.0312365697232852,0.4221689727286079,0.2441973496070275,0.4905218980832657,0.6928138846029014,0.8098950459708815,1.6740096303088947,0.2258064516129032,0.3870967741935484,0.6129032258064516,0.7634408602150538
20260811,ElasticNet,regularized linear,linear_baseline,5,0.3246755000000121,L1/L2 regularized linear model. Seed-level fold metric before formal rowwise-median aggregation.,82,0.7922917971152035,0.3590254170832163,0.2371136068665748,0.0589012385523055,0.3563403028303646,0.1278201482053553,0.27893752461868,0.5843662500370254,0.7428787447130646,1.38392429475779,0.3536585365853658,0.6097560975609756,0.7682926829268293,0.8780487804878049
20260903,ElasticNet,regularized linear,linear_baseline,1,0.3276505000103498,L1/L2 regularized linear model. Seed-level fold metric before formal rowwise-median aggregation.,121,0.8099891380242383,0.3062242640639063,0.215907022782827,-0.0365039391962236,0.3053049328305688,0.1423144091682999,0.2938809702054996,0.5107418174000173,0.626913551085174,1.1211257790486542,0.3801652892561983,0.5950413223140496,0.7520661157024794,0.8925619834710744
20260903,ElasticNet,regularized linear,linear_baseline,2,0.3276505000103498,L1/L2 regularized linear model. Seed-level fold metric before formal rowwise-median aggregation.,115,0.6497620001087803,0.4718099744332646,0.324994403789774,-0.0287778091038902,0.4729924919933613,0.2101376347749735,0.4048647568457788,0.7094442584340642,0.8917652919226264,2.2597913494584887,0.1913043478260869,0.4608695652173913,0.6521739130434783,0.8
20260903,ElasticNet,regularized linear,linear_baseline,3,0.3276505000103498,L1/L2 regularized linear model. Seed-level fold metric before formal rowwise-median aggregation.,109,0.8034388887092266,0.3167517956415406,0.2139792839452943,-0.0455568517222599,0.3149064204039991,0.1274100213629978,0.2986161275539274,0.5038747205674142,0.6572645330588414,1.0544828354716458,0.4036697247706422,0.6330275229357798,0.7522935779816514,0.8990825688073395
20260903,ElasticNet,regularized linear,linear_baseline,4,0.3276505000103498,L1/L2 regularized linear model. Seed-level fold metric before formal rowwise-median aggregation.,92,0.7291590733259831,0.4117121969643148,0.2944602573828264,0.1319511299724704,0.39213162994345,0.1818456269052397,0.4575606899738584,0.73804354534634,0.8240426022516748,1.3699104920729042,0.2391304347826087,0.5760869565217391,0.6739130434782609,0.7608695652173914
20260903,ElasticNet,regularized linear,linear_baseline,5,0.3276505000103498,L1/L2 regularized linear model. Seed-level fold metric before formal rowwise-median aggregation.,83,0.6118342222092821,0.5072346875817793,0.2968442048824698,0.0055311003560849,0.5102878685753949,0.1852850639927581,0.275680070925663,0.7714345697428228,0.9785866592465,2.7807231388518616,0.3132530120481928,0.5542168674698795,0.7590361445783133,0.8313253012048193
20260523,ExtraTrees,bagging ensemble,conventional_ml,1,3.627608700000565,Extremely randomized trees. Seed-level fold metric before formal rowwise-median aggregation.,117,0.7388026025589336,0.3951797093170204,0.264302888854968,-0.0149147749113011,0.3965966486654784,0.1642916666667062,0.383173611111097,0.6927833333333511,0.8515513888888829,1.306527777777788,0.4102564102564102,0.5641025641025641,0.6752136752136753,0.8205128205128205
20260523,ExtraTrees,bagging ensemble,conventional_ml,2,3.627608700000565,Extremely randomized trees. Seed-level fold metric before formal rowwise-median aggregation.,122,0.6573726480314992,0.4394362979146698,0.2559216987854245,0.0157825044377323,0.4409637364673803,0.1640886093073312,0.329993799603173,0.5477993055555468,0.6929571180555181,2.746070436507921,0.3770491803278688,0.5573770491803278,0.6967213114754098,0.8852459016393442
20260523,ExtraTrees,bagging ensemble,conventional_ml,3,3.627608700000565,Extremely randomized trees. Seed-level fold metric before formal rowwise-median aggregation.,90,0.7532356196567717,0.3770969197864891,0.2205602119074377,-0.00912654855433,0.3790984481569383,0.1039427083334239,0.2497126736110679,0.5321659722221616,0.9988561507935896,1.5417361111110708,0.4666666666666667,0.6777777777777778,0.8,0.8777777777777778
20260523,ExtraTrees,bagging ensemble,conventional_ml,4,3.627608700000565,Extremely randomized trees. Seed-level fold metric before formal rowwise-median aggregation.,90,0.7673279744551377,0.357064931443488,0.2309539991515772,-0.0040187411482607,0.3590425681120687,0.1092951388888785,0.3326165674602972,0.6472428571429474,0.8475204861110348,1.2097916666667103,0.4888888888888889,0.6333333333333333,0.7111111111111111,0.8555555555555555
20260523,ExtraTrees,bagging ensemble,conventional_ml,5,3.627608700000565,Extremely randomized trees. Seed-level fold metric before formal rowwise-median aggregation.,101,0.7059397927769643,0.4237571862894225,0.2506957718093248,0.0143017496690107,0.4256280876742236,0.113763888888883,0.3161957070707402,0.6270347222222838,0.946430555555544,1.5909915674602502,0.4356435643564356,0.6534653465346535,0.7227722772277227,0.8514851485148515
20260607,ExtraTrees,bagging ensemble,conventional_ml,1,3.590407499999856,Extremely randomized trees. Seed-level fold metric before formal rowwise-median aggregation.,123,0.7414711025766056,0.374623536219769,0.2332422449670941,-0.00703576940036,0.376089400081711,0.1237569444444233,0.3350684523810194,0.6390013888888617,0.8324157738095307,1.6692013888888155,0.4471544715447154,0.6097560975609756,0.7398373983739838,0.8699186991869918
20260607,ExtraTrees,bagging ensemble,conventional_ml,2,3.590407499999856,Extremely randomized trees. Seed-level fold metric before formal rowwise-median aggregation.,114,0.6998868417072089,0.4158925926793186,0.2234004987763194,0.066246935112891,0.4123952386642092,0.1146773122709987,0.2645468750000113,0.5196805555555507,0.6111719907407294,2.700104166666634,0.4736842105263157,0.6842105263157895,0.7719298245614035,0.8859649122807017
20260607,ExtraTrees,bagging ensemble,conventional_ml,3,3.590407499999856,Extremely randomized trees. Seed-level fold metric before formal rowwise-median aggregation.,100,0.6655728561231913,0.4448282593915439,0.2844310950970352,-0.1217697664257124,0.4299921356315578,0.1324294733045192,0.4123871527778604,0.6895347222222398,1.1831988839285088,1.4452361111109724,0.42,0.57,0.69,0.8
20260607,ExtraTrees,bagging ensemble,conventional_ml,4,3.590407499999856,Extremely randomized trees. Seed-level fold metric before formal rowwise-median aggregation.,99,0.7966903319941527,0.341112908880562,0.2396532939680128,-0.0356044503686671,0.3409761442396303,0.1640763888888656,0.3393229166666813,0.6143069215506728,0.76231388888892,0.9954652777777256,0.4242424242424242,0.5252525252525253,0.7171717171717171,0.8484848484848485
20260607,ExtraTrees,bagging ensemble,conventional_ml,5,3.590407499999856,Extremely randomized trees. Seed-level fold metric before formal rowwise-median aggregation.,84,0.8135070188410932,0.3438910068836969,0.2084496094734177,0.0715774557508081,0.3383796642411621,0.1023437499999815,0.242644097222227,0.5993840277777516,0.8572416666666766,1.4047291666666908,0.5,0.6785714285714286,0.7738095238095238,0.8809523809523809
20260701,ExtraTrees,bagging ensemble,conventional_ml,1,3.563892999998643,Extremely randomized trees. Seed-level fold metric before formal rowwise-median aggregation.,122,0.7588113698077751,0.3559317219211958,0.2246552926524828,0.0184892652600035,0.3569169591624688,0.1216190476190952,0.3068940972222371,0.5406188492063378,0.7810710317460449,1.546363095238057,0.4344262295081967,0.6311475409836066,0.7377049180327869,0.8852459016393442
20260701,ExtraTrees,bagging ensemble,conventional_ml,2,3.563892999998643,Extremely randomized trees. Seed-level fold metric before formal rowwise-median aggregation.,122,0.7533827426533892,0.3959385304468488,0.222995271103369,-0.008453954761851,0.3974806379819798,0.1258065476190175,0.2662256944444614,0.5727162698413575,0.7988745535713654,2.7403035714285835,0.4426229508196721,0.6557377049180327,0.7622950819672131,0.8770491803278688
20260701,ExtraTrees,bagging ensemble,conventional_ml,3,3.563892999998643,Extremely randomized trees. Seed-level fold metric before formal rowwise-median aggregation.,97,0.6706577276811627,0.4642871421845459,0.3210365668838597,0.0480223674521319,0.4641958891274598,0.2227847222222649,0.4951388888887749,0.7062648809523683,0.9686736111110972,1.662662698412646,0.3608247422680412,0.4845360824742268,0.5773195876288659,0.7525773195876289
20260701,ExtraTrees,bagging ensemble,conventional_ml,4,3.563892999998643,Extremely randomized trees. Seed-level fold metric before formal rowwise-median aggregation.,94,0.8237948804775294,0.3238923563222933,0.2135547692924658,-0.0266423414425536,0.3245255552322397,0.1032743055555478,0.3243541666666623,0.5603229166666381,0.6733331349206181,1.190069444444461,0.4574468085106383,0.6382978723404256,0.7340425531914894,0.851063829787234
20260701,ExtraTrees,bagging ensemble,conventional_ml,5,3.563892999998643,Extremely randomized trees. Seed-level fold metric before formal rowwise-median aggregation.,85,0.6831434883386347,0.3887530505806303,0.23311097494553,-0.0089443121693145,0.3909566922386998,0.1195138888888536,0.3361284722222848,0.5178312499999729,0.7320910052909865,1.9721180555555196,0.4588235294117647,0.611764705882353,0.7294117647058823,0.8941176470588236
20260811,ExtraTrees,bagging ensemble,conventional_ml,1,3.6510806000005687,Extremely randomized trees. Seed-level fold metric before formal rowwise-median aggregation.,127,0.6962428310750874,0.4286936741656685,0.2564119166685641,0.0307055688642814,0.4292860458783403,0.1151733405483739,0.3609039351851955,0.6127541666666038,0.9584666666666782,2.1047638888888898,0.4488188976377952,0.6141732283464567,0.7086614173228346,0.8661417322834646
20260811,ExtraTrees,bagging ensemble,conventional_ml,2,3.6510806000005687,Extremely randomized trees. Seed-level fold metric before formal rowwise-median aggregation.,121,0.7338950717375514,0.3953118280256631,0.2154220601578586,0.0019627538917232,0.3969506504368899,0.1120833333333664,0.2223680555555631,0.5093690476190105,0.7484374999999588,2.6936458333333206,0.4710743801652892,0.7024793388429752,0.7933884297520661,0.8842975206611571
20260811,ExtraTrees,bagging ensemble,conventional_ml,3,3.6510806000005687,Extremely randomized trees. Seed-level fold metric before formal rowwise-median aggregation.,97,0.6087999892630143,0.4328426378150345,0.2859808910066588,-0.0649618282633737,0.4301631578540582,0.147562499999978,0.4118749999999522,0.7975845543345463,0.9523140873015714,1.4242638888887529,0.4020618556701031,0.5463917525773195,0.6701030927835051,0.7938144329896907
20260811,ExtraTrees,bagging ensemble,conventional_ml,4,3.6510806000005687,Extremely randomized trees. Seed-level fold metric before formal rowwise-median aggregation.,93,0.7643830423434732,0.3746138271384163,0.2436000330687793,0.0115221258605007,0.3764660717030153,0.1289305555555699,0.3654384920634896,0.6169365740739563,0.7927930555555633,1.5821527777777078,0.4193548387096774,0.5806451612903226,0.6989247311827957,0.8387096774193549
20260811,ExtraTrees,bagging ensemble,conventional_ml,5,3.6510806000005687,Extremely randomized trees. Seed-level fold metric before formal rowwise-median aggregation.,82,0.7339093529015177,0.406362081412092,0.2326777149284833,0.0289101497813351,0.4078267643121304,0.1085277777777697,0.2813940972222237,0.6378812500000163,1.0126315972222657,1.8188293650793452,0.4756097560975609,0.6829268292682927,0.7682926829268293,0.8902439024390244
20260903,ExtraTrees,bagging ensemble,conventional_ml,1,3.597812599997269,Extremely randomized trees. Seed-level fold metric before formal rowwise-median aggregation.,121,0.8016265858945026,0.3128903142449724,0.2044045415099202,-0.0162743175671984,0.3137660345924011,0.110673611111153,0.2906458333333503,0.4932013888888917,0.640986111111097,1.3489027777777949,0.4710743801652892,0.6363636363636364,0.7603305785123967,0.9008264462809916
20260903,ExtraTrees,bagging ensemble,conventional_ml,2,3.597812599997269,Extremely randomized trees. Seed-level fold metric before formal rowwise-median aggregation.,115,0.6475138065994874,0.4733218368829947,0.2980471546468853,0.0016850888543793,0.4753902644307574,0.1751765873015713,0.3635723379629603,0.779541666666713,1.004574305555495,2.2410416666665967,0.3826086956521739,0.5391304347826087,0.6869565217391305,0.7913043478260869
20260903,ExtraTrees,bagging ensemble,conventional_ml,3,3.597812599997269,Extremely randomized trees. Seed-level fold metric before formal rowwise-median aggregation.,109,0.7919279174689996,0.3258946215530036,0.2010232910141169,-0.0473069538769049,0.3239321467509161,0.09005555555553,0.2904791666666071,0.5063999999999481,0.7859176587302406,1.136196924603155,0.5504587155963303,0.6697247706422018,0.7614678899082569,0.8899082568807339
20260903,ExtraTrees,bagging ensemble,conventional_ml,4,3.597812599997269,Extremely randomized trees. Seed-level fold metric before formal rowwise-median aggregation.,92,0.795817072553219,0.3574755151699151,0.2362904140067807,0.1292996337272847,0.335098346677521,0.1104131944444546,0.3835653935184862,0.6986548611111204,0.7881124999999692,1.2480932539682217,0.4891304347826087,0.6521739130434783,0.7065217391304348,0.8260869565217391
20260903,ExtraTrees,bagging ensemble,conventional_ml,5,3.597812599997269,Extremely randomized trees. Seed-level fold metric before formal rowwise-median aggregation.,83,0.5970558498035123,0.5168002929791847,0.2870848596405842,-0.0069517344268943,0.5198949230793475,0.1448958333333578,0.3373010912698504,0.6097513888888867,1.038087996031705,2.7419910714285223,0.4216867469879518,0.6144578313253012,0.7108433734939759,0.8674698795180723
20260523,GA_SVR_RBF,kernel method,evolutionary_optimized_ml,1,23.408311100007268,"Genetic algorithm tunes C, gamma, and epsilon for RBF-SVR. Seed-level fold metric before formal rowwise-median aggregation.",117,0.8269221444449977,0.3216851163878739,0.2215095962070587,-0.0041892446890076,0.3230413183128414,0.1355270851106738,0.3020260528979577,0.5929449864478786,0.7389315022683218,0.9763626018102728,0.4358974358974359,0.6068376068376068,0.7435897435897436,0.8547008547008547
20260523,GA_SVR_RBF,kernel method,evolutionary_optimized_ml,2,23.408311100007268,"Genetic algorithm tunes C, gamma, and epsilon for RBF-SVR. Seed-level fold metric before formal rowwise-median aggregation.",122,0.6916222950115285,0.4168947234395732,0.2621166201833094,-0.0046873516847481,0.418587423634734,0.1824589907520959,0.3109133222498794,0.5651033151523543,0.6844333656534848,2.7003490450522563,0.3032786885245901,0.5573770491803278,0.7377049180327869,0.8688524590163934
20260523,GA_SVR_RBF,kernel method,evolutionary_optimized_ml,3,23.408311100007268,"Genetic algorithm tunes C, gamma, and epsilon for RBF-SVR. Seed-level fold metric before formal rowwise-median aggregation.",90,0.7720527409918638,0.3624340038192085,0.2270218372497761,-0.0097548196425797,0.3643324287002689,0.1130195437021974,0.2818614545724447,0.5386652790786837,0.8589954312350838,1.6322240652727515,0.4333333333333333,0.6444444444444445,0.7777777777777778,0.8888888888888888
20260523,GA_SVR_RBF,kernel method,evolutionary_optimized_ml,4,23.408311100007268,"Genetic algorithm tunes C, gamma, and epsilon for RBF-SVR. Seed-level fold metric before formal rowwise-median aggregation.",90,0.7839388679944669,0.3440831750213102,0.2277986782481829,0.0390866709007686,0.3437710845694284,0.1175987986536064,0.274333575130953,0.6066567594631285,0.7692989242985052,1.2217660923083642,0.4222222222222222,0.6555555555555556,0.7555555555555555,0.8222222222222222
20260523,GA_SVR_RBF,kernel method,evolutionary_optimized_ml,5,23.408311100007268,"Genetic algorithm tunes C, gamma, and epsilon for RBF-SVR. Seed-level fold metric before formal rowwise-median aggregation.",101,0.7147752835442458,0.4173424154896135,0.2491055217902014,0.044298709169876,0.4170544800070055,0.1261468722368235,0.2817410210456756,0.5927206888829417,1.0158787076607825,1.8854536564374555,0.4356435643564356,0.6435643564356436,0.7821782178217822,0.8514851485148515
20260607,GA_SVR_RBF,kernel method,evolutionary_optimized_ml,1,24.138552799995523,"Genetic algorithm tunes C, gamma, and epsilon for RBF-SVR. Seed-level fold metric before formal rowwise-median aggregation.",123,0.8092201285993923,0.321815374132467,0.211658961370143,-0.0035477017659216,0.3231119623661987,0.1329182779490025,0.2869974120282599,0.5054886205854711,0.8025452222130708,1.2878124535906892,0.4227642276422764,0.6504065040650406,0.7804878048780488,0.8943089430894309
20260607,GA_SVR_RBF,kernel method,evolutionary_optimized_ml,2,24.138552799995523,"Genetic algorithm tunes C, gamma, and epsilon for RBF-SVR. Seed-level fold metric before formal rowwise-median aggregation.",114,0.6758727135433567,0.4322116446157623,0.2240291009297677,0.0778441370184801,0.4270207591931843,0.120959188327852,0.2642984586473655,0.5082624839838382,0.7780834798569729,2.802404138600181,0.4736842105263157,0.6754385964912281,0.8070175438596491,0.8947368421052632
20260607,GA_SVR_RBF,kernel method,evolutionary_optimized_ml,3,24.138552799995523,"Genetic algorithm tunes C, gamma, and epsilon for RBF-SVR. Seed-level fold metric before formal rowwise-median aggregation.",100,0.7067456668019398,0.4165468252129191,0.2732829984604737,-0.0630875195450285,0.4138159724602837,0.1712741348222088,0.3361248817722053,0.6016005878455394,1.050971435301831,1.4989911305102623,0.35,0.55,0.7,0.85
20260607,GA_SVR_RBF,kernel method,evolutionary_optimized_ml,4,24.138552799995523,"Genetic algorithm tunes C, gamma, and epsilon for RBF-SVR. Seed-level fold metric before formal rowwise-median aggregation.",99,0.8070973158086459,0.3322678143646526,0.2247819561867823,0.0071006407932665,0.3338824896383462,0.1429320720196045,0.2927545581682587,0.5621399696697026,0.6612096909477874,1.378620716184166,0.3838383838383838,0.6464646464646465,0.7676767676767676,0.8686868686868687
20260607,GA_SVR_RBF,kernel method,evolutionary_optimized_ml,5,24.138552799995523,"Genetic algorithm tunes C, gamma, and epsilon for RBF-SVR. Seed-level fold metric before formal rowwise-median aggregation.",84,0.8213150798744322,0.3366150460436874,0.2206726186177548,0.1117774929936818,0.3194215484838945,0.1208922903323781,0.2785491331744563,0.5593943643933508,0.7513513572846172,1.4143809085408705,0.4285714285714285,0.6547619047619048,0.7619047619047619,0.8571428571428571
20260701,GA_SVR_RBF,kernel method,evolutionary_optimized_ml,1,24.48707410000497,"Genetic algorithm tunes C, gamma, and epsilon for RBF-SVR. Seed-level fold metric before formal rowwise-median aggregation.",122,0.7550681122009626,0.3586831251402793,0.2337623832928276,0.0420929158936185,0.3576735667715889,0.1407423690525071,0.2851867722114036,0.5815722015533554,0.7501704124490178,1.5557299070405577,0.4016393442622951,0.639344262295082,0.7622950819672131,0.860655737704918
20260701,GA_SVR_RBF,kernel method,evolutionary_optimized_ml,2,24.48707410000497,"Genetic algorithm tunes C, gamma, and epsilon for RBF-SVR. Seed-level fold metric before formal rowwise-median aggregation.",122,0.738153539563467,0.4079804839935733,0.2251876828086123,0.0031301908347335,0.4096508271409213,0.12220261593054,0.2950044137182299,0.5183571277464738,0.8165448248529329,2.8072842665503543,0.4754098360655737,0.680327868852459,0.7540983606557377,0.8934426229508197
20260701,GA_SVR_RBF,kernel method,evolutionary_optimized_ml,3,24.48707410000497,"Genetic algorithm tunes C, gamma, and epsilon for RBF-SVR. Seed-level fold metric before formal rowwise-median aggregation.",97,0.723925700917966,0.4250851239769563,0.2719343090246818,0.0651801800439394,0.4222403535917883,0.1627260962267271,0.3348064281326799,0.6886349853505679,0.980740076368219,2.005790911926688,0.4123711340206185,0.5463917525773195,0.6907216494845361,0.8350515463917526
20260701,GA_SVR_RBF,kernel method,evolutionary_optimized_ml,4,24.48707410000497,"Genetic algorithm tunes C, gamma, and epsilon for RBF-SVR. Seed-level fold metric before formal rowwise-median aggregation.",94,0.8471048512932632,0.3017090175466566,0.2047852993479888,0.0087076412112289,0.3032004159186137,0.1185013774655701,0.2839914374097709,0.4831036487022844,0.6200525766942284,1.1214469697519505,0.4361702127659574,0.6702127659574468,0.7659574468085106,0.9042553191489362
20260701,GA_SVR_RBF,kernel method,evolutionary_optimized_ml,5,24.48707410000497,"Genetic algorithm tunes C, gamma, and epsilon for RBF-SVR. Seed-level fold metric before formal rowwise-median aggregation.",85,0.7750304689085952,0.3275701678312437,0.2109918555198342,0.0158721829782721,0.3291271742941209,0.1294656044105693,0.2383177691441886,0.4866896311750882,0.7879340598181753,1.3905469265875254,0.388235294117647,0.6941176470588235,0.8,0.8941176470588236
20260811,GA_SVR_RBF,kernel method,evolutionary_optimized_ml,1,23.999943199989502,"Genetic algorithm tunes C, gamma, and epsilon for RBF-SVR. Seed-level fold metric before formal rowwise-median aggregation.",127,0.6654749219465361,0.4498815131635592,0.2598752039141095,0.0744324951547323,0.4454385551040803,0.1498210862381555,0.293653742621057,0.4995426763809406,0.8859933367345436,2.5860086532872515,0.3543307086614173,0.5748031496062992,0.7559055118110236,0.8976377952755905
20260811,GA_SVR_RBF,kernel method,evolutionary_optimized_ml,2,23.999943199989502,"Genetic algorithm tunes C, gamma, and epsilon for RBF-SVR. Seed-level fold metric before formal rowwise-median aggregation.",121,0.7608541489240046,0.3747527042486435,0.2076122380772413,0.0207815171704419,0.3757318842847214,0.1249055801787335,0.2326872491525762,0.4995371163360502,0.662041203268771,2.727697602961776,0.4462809917355372,0.6694214876033058,0.8429752066115702,0.9008264462809916
20260811,GA_SVR_RBF,kernel method,evolutionary_optimized_ml,3,23.999943199989502,"Genetic algorithm tunes C, gamma, and epsilon for RBF-SVR. Seed-level fold metric before formal rowwise-median aggregation.",97,0.6986382157524049,0.3799047251877035,0.2643934350672662,-0.0380334578476097,0.3799597355518077,0.158147471664904,0.3561806135668064,0.6744129770861749,0.8784292848014899,1.1926148637135086,0.3505154639175257,0.5360824742268041,0.711340206185567,0.8247422680412371
20260811,GA_SVR_RBF,kernel method,evolutionary_optimized_ml,4,23.999943199989502,"Genetic algorithm tunes C, gamma, and epsilon for RBF-SVR. Seed-level fold metric before formal rowwise-median aggregation.",93,0.7575329198378556,0.3800204104042807,0.2722033910021094,0.0083448189783152,0.3819880276089546,0.217880611624885,0.3623057893516517,0.59930109547129,0.7620510994264343,1.6900667527198363,0.3440860215053763,0.4408602150537634,0.6774193548387096,0.8387096774193549
20260811,GA_SVR_RBF,kernel method,evolutionary_optimized_ml,5,23.999943199989502,"Genetic algorithm tunes C, gamma, and epsilon for RBF-SVR. Seed-level fold metric before formal rowwise-median aggregation.",82,0.8111616369618968,0.3423288371414591,0.2179047068407619,0.0622504789352792,0.3386928516797903,0.124598430503692,0.232897987582346,0.5283072476274839,0.8299573246734502,1.3594318283690896,0.4146341463414634,0.6707317073170732,0.7926829268292683,0.8780487804878049
20260903,GA_SVR_RBF,kernel method,evolutionary_optimized_ml,1,22.954603999998653,"Genetic algorithm tunes C, gamma, and epsilon for RBF-SVR. Seed-level fold metric before formal rowwise-median aggregation.",121,0.8185545730358555,0.2992425858961023,0.2139664258389486,-0.0038449133395436,0.3004620381523389,0.1482676289502293,0.2705583633038841,0.4774884865195901,0.5966748273002267,1.0599720495686853,0.371900826446281,0.5950413223140496,0.8016528925619835,0.9008264462809916
20260903,GA_SVR_RBF,kernel method,evolutionary_optimized_ml,2,22.954603999998653,"Genetic algorithm tunes C, gamma, and epsilon for RBF-SVR. Seed-level fold metric before formal rowwise-median aggregation.",115,0.6959034002908951,0.4396339957932669,0.275471233394747,0.0281194392708321,0.440653869716004,0.1870511638969887,0.3661746073218204,0.6333615978575756,0.8053360449082587,2.137976799358505,0.408695652173913,0.5217391304347826,0.6695652173913044,0.8434782608695652
20260903,GA_SVR_RBF,kernel method,evolutionary_optimized_ml,3,22.954603999998653,"Genetic algorithm tunes C, gamma, and epsilon for RBF-SVR. Seed-level fold metric before formal rowwise-median aggregation.",109,0.828798383900774,0.2956134678033538,0.2008985582911504,-0.0323934179691457,0.2951904717998175,0.1450799088585128,0.2502718603602005,0.4377232143314018,0.625318786656167,1.1402834543406826,0.3761467889908257,0.6788990825688074,0.7889908256880734,0.926605504587156
20260903,GA_SVR_RBF,kernel method,evolutionary_optimized_ml,4,22.954603999998653,"Genetic algorithm tunes C, gamma, and epsilon for RBF-SVR. Seed-level fold metric before formal rowwise-median aggregation.",92,0.7707878839232958,0.3787523820704382,0.2463700806798508,0.1420236641096041,0.353040224487084,0.1326723250895476,0.3302265053756006,0.7217148592049654,0.7741649635732796,1.4588680781319638,0.4456521739130434,0.6195652173913043,0.7282608695652174,0.8369565217391305
20260903,GA_SVR_RBF,kernel method,evolutionary_optimized_ml,5,22.954603999998653,"Genetic algorithm tunes C, gamma, and epsilon for RBF-SVR. Seed-level fold metric before formal rowwise-median aggregation.",83,0.6461323060586853,0.4843070393663905,0.268310365488799,0.0205403984812153,0.4868127580401751,0.1415677139767481,0.2945273266533768,0.5787366780980846,0.9903881605865916,2.7034283273879254,0.3734939759036144,0.6506024096385542,0.7590361445783133,0.8674698795180723
20260523,GWO_ExtraTrees,bagging ensemble,evolutionary_optimized_ml,1,218.9995340000023,Grey wolf optimizer tunes extremely randomized trees. Seed-level fold metric before formal rowwise-median aggregation.,117,0.7736375329081621,0.3678852910889502,0.2573405868868507,-0.0224303454877264,0.3687802195578249,0.1726951657270774,0.373550400430048,0.6679482993344098,0.8310246841106235,1.1210596243282185,0.4102564102564102,0.5555555555555556,0.6752136752136753,0.811965811965812
20260523,GWO_ExtraTrees,bagging ensemble,evolutionary_optimized_ml,2,218.9995340000023,Grey wolf optimizer tunes extremely randomized trees. Seed-level fold metric before formal rowwise-median aggregation.,122,0.6615035220869956,0.4367792411781054,0.2632055906726929,-0.0074028933376936,0.4385174019437869,0.1475254665032679,0.3535595790227468,0.5953021188649423,0.8008183844561075,2.6529827701979656,0.4262295081967213,0.5737704918032787,0.6967213114754098,0.860655737704918
20260523,GWO_ExtraTrees,bagging ensemble,evolutionary_optimized_ml,3,218.9995340000023,Grey wolf optimizer tunes extremely randomized trees. Seed-level fold metric before formal rowwise-median aggregation.,90,0.7661851017673064,0.3670691106883829,0.2258433337722811,-0.0278680007843004,0.3680601988782158,0.1038566720838645,0.2875798999828518,0.6069478200370981,0.8182236394557723,1.4901564625850483,0.4666666666666667,0.6777777777777778,0.7555555555555555,0.8666666666666667
20260523,GWO_ExtraTrees,bagging ensemble,evolutionary_optimized_ml,4,218.9995340000023,Grey wolf optimizer tunes extremely randomized trees. Seed-level fold metric before formal rowwise-median aggregation.,90,0.7434891982637096,0.3749107924179041,0.2743958359398979,-0.019903551453562,0.376479487212754,0.1859867413635996,0.3481640036866871,0.6272481240261109,0.8393360632936139,1.0269271416636483,0.2666666666666666,0.5222222222222223,0.6555555555555556,0.8222222222222222
20260523,GWO_ExtraTrees,bagging ensemble,evolutionary_optimized_ml,5,218.9995340000023,Grey wolf optimizer tunes extremely randomized trees. Seed-level fold metric before formal rowwise-median aggregation.,101,0.7165479054133882,0.4160435391082401,0.2476587192962161,0.0352566755316288,0.4166145523104166,0.1069393890531245,0.3361331699346337,0.6545887688408811,0.9093567608861336,1.7156279415158195,0.4851485148514851,0.6435643564356436,0.7227722772277227,0.8514851485148515
20260607,GWO_ExtraTrees,bagging ensemble,evolutionary_optimized_ml,1,233.87482890000683,Grey wolf optimizer tunes extremely randomized trees. Seed-level fold metric before formal rowwise-median aggregation.,123,0.7352548657262681,0.379100629447153,0.234796699021804,-0.0109178247886067,0.3804932612546129,0.1165059523810114,0.3271868854829733,0.6806841866120575,0.8222026075352863,1.7603249999999449,0.4552845528455284,0.6341463414634146,0.7154471544715447,0.8780487804878049
20260607,GWO_ExtraTrees,bagging ensemble,evolutionary_optimized_ml,2,233.87482890000683,Grey wolf optimizer tunes extremely randomized trees. Seed-level fold metric before formal rowwise-median aggregation.,114,0.7110505499585318,0.4080840332553967,0.21668028681425,0.0672908529578033,0.4042748911553219,0.091927861821464,0.2637800775161913,0.49656161892652,0.6588746214865696,2.6609391392920827,0.5087719298245614,0.6842105263157895,0.7894736842105263,0.8947368421052632
20260607,GWO_ExtraTrees,bagging ensemble,evolutionary_optimized_ml,3,233.87482890000683,Grey wolf optimizer tunes extremely randomized trees. Seed-level fold metric before formal rowwise-median aggregation.,100,0.6883923713390473,0.4293837953253117,0.2762271285005203,-0.1164970872467977,0.4153602213571246,0.1442974502488816,0.3669300954888452,0.7420421350879778,1.0619518925518412,1.3800565476189632,0.4,0.58,0.68,0.82
20260607,GWO_ExtraTrees,bagging ensemble,evolutionary_optimized_ml,4,233.87482890000683,Grey wolf optimizer tunes extremely randomized trees. Seed-level fold metric before formal rowwise-median aggregation.,99,0.8203717202635044,0.3206317273346592,0.2231025378905751,-0.0298882115444442,0.3208602680652389,0.1460956924557024,0.3036682900849925,0.650874162874166,0.7261366000945164,0.9614507125063484,0.4444444444444444,0.5959595959595959,0.7474747474747475,0.8585858585858586
20260607,GWO_ExtraTrees,bagging ensemble,evolutionary_optimized_ml,5,233.87482890000683,Grey wolf optimizer tunes extremely randomized trees. Seed-level fold metric before formal rowwise-median aggregation.,84,0.8243504251828632,0.3337437369470696,0.2136401493103155,0.077003770148894,0.3266892210242924,0.0980361178698991,0.3162943251505048,0.5237431158574504,0.7598154303174305,1.4094242724866817,0.5119047619047619,0.6547619047619048,0.7261904761904762,0.8928571428571429
20260701,GWO_ExtraTrees,bagging ensemble,evolutionary_optimized_ml,1,201.680901300002,Grey wolf optimizer tunes extremely randomized trees. Seed-level fold metric before formal rowwise-median aggregation.,122,0.7733360645786905,0.3450479826109603,0.2228722994637924,0.0255783097528043,0.3455175895301069,0.1129548603872407,0.3113992238335914,0.5292384740259615,0.7883160020477397,1.3974032911532177,0.4672131147540984,0.6147540983606558,0.7295081967213115,0.8852459016393442
20260701,GWO_ExtraTrees,bagging ensemble,evolutionary_optimized_ml,2,201.680901300002,Grey wolf optimizer tunes extremely randomized trees. Seed-level fold metric before formal rowwise-median aggregation.,122,0.7316879263707512,0.4129867734097713,0.2492321288857794,-0.0142393118591567,0.4144432556950175,0.1227143730475361,0.3203226880375052,0.6456030155444106,0.8087273248718764,2.667776218059899,0.3852459016393442,0.6311475409836066,0.7295081967213115,0.8524590163934426
20260701,GWO_ExtraTrees,bagging ensemble,evolutionary_optimized_ml,3,201.680901300002,Grey wolf optimizer tunes extremely randomized trees. Seed-level fold metric before formal rowwise-median aggregation.,97,0.6680308118337277,0.4661350994020531,0.321357870962759,0.0546584320763709,0.4653242094414179,0.1938533210835515,0.4542146013709143,0.7359700499178634,0.9559698666245244,1.628221725667828,0.3195876288659793,0.5051546391752577,0.5876288659793815,0.7835051546391752
20260701,GWO_ExtraTrees,bagging ensemble,evolutionary_optimized_ml,4,201.680901300002,Grey wolf optimizer tunes extremely randomized trees. Seed-level fold metric before formal rowwise-median aggregation.,94,0.8051917792654815,0.3405611296309171,0.2330859754284581,-0.0267766449065585,0.3413272649066559,0.1342627435621608,0.3877539441160476,0.572176979675254,0.6913681382713185,1.3908113905315034,0.4042553191489361,0.648936170212766,0.7021276595744681,0.851063829787234
20260701,GWO_ExtraTrees,bagging ensemble,evolutionary_optimized_ml,5,201.680901300002,Grey wolf optimizer tunes extremely randomized trees. Seed-level fold metric before formal rowwise-median aggregation.,85,0.7233672425977663,0.3632405248441748,0.2153574162349852,-0.0221124181945077,0.3647185997337429,0.1031822510822451,0.3298299332408234,0.4692313117395261,0.7608212847195545,1.7178593259365798,0.4823529411764706,0.6352941176470588,0.7411764705882353,0.9058823529411764
20260811,GWO_ExtraTrees,bagging ensemble,evolutionary_optimized_ml,1,177.07773969999107,Grey wolf optimizer tunes extremely randomized trees. Seed-level fold metric before formal rowwise-median aggregation.,127,0.6949170688199949,0.429628182313827,0.2642400223590346,0.0152752396725687,0.4310569728630513,0.1443345536510776,0.3583609583380607,0.6157307882901238,0.8922207163954046,2.023571428571429,0.4251968503937008,0.6062992125984252,0.6850393700787402,0.8661417322834646
20260811,GWO_ExtraTrees,bagging ensemble,evolutionary_optimized_ml,2,177.07773969999107,Grey wolf optimizer tunes extremely randomized trees. Seed-level fold metric before formal rowwise-median aggregation.,121,0.7223489078259089,0.4037969582675206,0.236208863133722,-0.0064899832576793,0.4054235799181048,0.1445225125506439,0.3303751121178138,0.4860221714519284,0.7017843393577436,2.8114784635494843,0.396694214876033,0.628099173553719,0.7355371900826446,0.9090909090909092
20260811,GWO_ExtraTrees,bagging ensemble,evolutionary_optimized_ml,3,177.07773969999107,Grey wolf optimizer tunes extremely randomized trees. Seed-level fold metric before formal rowwise-median aggregation.,97,0.6232182356744977,0.4247912317260763,0.2793493055356933,-0.0716571100602808,0.420878871696986,0.1269795394170572,0.3741750980906602,0.7895769152259609,0.9330188952010664,1.379032855436101,0.4020618556701031,0.5670103092783505,0.6804123711340206,0.8041237113402062
20260811,GWO_ExtraTrees,bagging ensemble,evolutionary_optimized_ml,4,177.07773969999107,Grey wolf optimizer tunes extremely randomized trees. Seed-level fold metric before formal rowwise-median aggregation.,93,0.7632095714775136,0.3755455351728234,0.2521545629256227,-0.0006571069436245,0.3775804492376678,0.1618274198568343,0.3484139077196033,0.6363946039318008,0.8449715244975522,1.5130808999706389,0.3978494623655914,0.5913978494623656,0.6774193548387096,0.8387096774193549
20260811,GWO_ExtraTrees,bagging ensemble,evolutionary_optimized_ml,5,177.07773969999107,Grey wolf optimizer tunes extremely randomized trees. Seed-level fold metric before formal rowwise-median aggregation.,82,0.7540247209487414,0.39070062168273,0.2375524366773939,0.0233522155407341,0.3924021508076192,0.1113297354354827,0.2723900370693748,0.6479031009825321,0.8847249313668037,1.5949956293705938,0.4512195121951219,0.6463414634146342,0.7804878048780488,0.8536585365853658
20260903,GWO_ExtraTrees,bagging ensemble,evolutionary_optimized_ml,1,199.42547030000424,Grey wolf optimizer tunes extremely randomized trees. Seed-level fold metric before formal rowwise-median aggregation.,121,0.8168048350570742,0.3006819714835045,0.2085048041722098,-0.0225255073246047,0.3010837672599344,0.1261108655074352,0.3048014900892113,0.4366556356718263,0.5911207757384176,1.203941171482839,0.3884297520661157,0.6363636363636364,0.7355371900826446,0.9008264462809916
20260903,GWO_ExtraTrees,bagging ensemble,evolutionary_optimized_ml,2,199.42547030000424,Grey wolf optimizer tunes extremely randomized trees. Seed-level fold metric before formal rowwise-median aggregation.,115,0.6880660575357885,0.445263199869889,0.2929415094143932,-0.0146822272930747,0.446968651285151,0.1744456149136368,0.4084644857526776,0.7365951436666411,0.841685143415433,1.8214707446285276,0.3565217391304348,0.5478260869565217,0.6608695652173913,0.8173913043478261
20260903,GWO_ExtraTrees,bagging ensemble,evolutionary_optimized_ml,3,199.42547030000424,Grey wolf optimizer tunes extremely randomized trees. Seed-level fold metric before formal rowwise-median aggregation.,109,0.8014277628236431,0.3183681035881484,0.1994401325269825,-0.0528300129658612,0.3154043416532998,0.0799437652719916,0.3212742812742988,0.4606629154072806,0.7768164208213894,1.087222222222188,0.5871559633027523,0.6513761467889908,0.7339449541284404,0.9174311926605504
20260903,GWO_ExtraTrees,bagging ensemble,evolutionary_optimized_ml,4,199.42547030000424,Grey wolf optimizer tunes extremely randomized trees. Seed-level fold metric before formal rowwise-median aggregation.,92,0.8006397871064681,0.3532285772106651,0.2322080527246695,0.1216880638392366,0.3334228866926896,0.1011794217687089,0.3566982719661293,0.6862301678735868,0.7652832296380261,1.2628915356181238,0.5,0.6521739130434783,0.717391304347826,0.8260869565217391
20260903,GWO_ExtraTrees,bagging ensemble,evolutionary_optimized_ml,5,199.42547030000424,Grey wolf optimizer tunes extremely randomized trees. Seed-level fold metric before formal rowwise-median aggregation.,83,0.5936670147141354,0.5189689360442459,0.2744201382108883,0.0126784199002692,0.5219679597512166,0.1396233678826846,0.3008763488579085,0.5470238822571388,0.9282859166387094,2.784060227213594,0.4698795180722891,0.6265060240963856,0.7469879518072289,0.8433734939759037
20260523,GaussianProcess_RBF,Gaussian process,conventional_ml,1,0.3107788000052096,RBF Gaussian process without hyperparameter optimization. Seed-level fold metric before formal rowwise-median aggregation.,117,0.6547909811314252,0.4543089383973959,0.3189315362970141,0.0061767833672058,0.4562207920366104,0.1913299766549769,0.4161712099291392,0.8442135655100159,1.0617162982213968,1.3813823124141609,0.2991452991452991,0.5128205128205128,0.6153846153846154,0.8034188034188035
20260523,GaussianProcess_RBF,Gaussian process,conventional_ml,2,0.3107788000052096,RBF Gaussian process without hyperparameter optimization. Seed-level fold metric before formal rowwise-median aggregation.,122,0.577777238162765,0.4878156548719231,0.3065365154352701,0.0409721927431553,0.4880964703819105,0.1916896541535564,0.3672120265580112,0.663827848322371,0.9429341732969064,2.752051153486533,0.3114754098360656,0.5327868852459017,0.6475409836065574,0.7950819672131147
20260523,GaussianProcess_RBF,Gaussian process,conventional_ml,3,0.3107788000052096,RBF Gaussian process without hyperparameter optimization. Seed-level fold metric before formal rowwise-median aggregation.,90,0.5505320506217425,0.5089335879677335,0.33126078633203,-0.0229192352742337,0.5112655536542778,0.1892141209199316,0.4110436099260628,0.8217943190545008,1.1175975924689268,1.9815674901355536,0.3222222222222222,0.5222222222222223,0.6555555555555556,0.7888888888888889
20260523,GaussianProcess_RBF,Gaussian process,conventional_ml,4,0.3107788000052096,RBF Gaussian process without hyperparameter optimization. Seed-level fold metric before formal rowwise-median aggregation.,90,0.6984394143134336,0.4065017340044667,0.2735909957117147,-0.0032698514729681,0.4087658474239347,0.1698420613637488,0.3911515811177288,0.6470402486984526,0.8553772480474787,1.8690939273538236,0.3555555555555555,0.5444444444444444,0.6666666666666666,0.8444444444444444
20260523,GaussianProcess_RBF,Gaussian process,conventional_ml,5,0.3107788000052096,RBF Gaussian process without hyperparameter optimization. Seed-level fold metric before formal rowwise-median aggregation.,101,0.5716238370371824,0.5114599066409032,0.3561546582886588,0.0092742627262526,0.5139263336252833,0.2553469196574269,0.4736111856480036,0.8747399680594512,1.1522627369418927,1.7578340546655866,0.2574257425742574,0.4554455445544554,0.5544554455445545,0.7821782178217822
20260607,GaussianProcess_RBF,Gaussian process,conventional_ml,1,0.3551645999978063,RBF Gaussian process without hyperparameter optimization. Seed-level fold metric before formal rowwise-median aggregation.,123,0.6408689045392209,0.4415369131947512,0.31765305455886,-0.0023492070084123,0.4433365225680912,0.2326175223007567,0.4144826884950134,0.7090304979402674,1.00758540990143,1.7054000356088252,0.2439024390243902,0.4552845528455284,0.6016260162601627,0.8130081300813008
20260607,GaussianProcess_RBF,Gaussian process,conventional_ml,2,0.3551645999978063,RBF Gaussian process without hyperparameter optimization. Seed-level fold metric before formal rowwise-median aggregation.,114,0.5447001157092639,0.5122564514753488,0.3269409198920803,0.1011198725141726,0.5043938318920571,0.2161084410761589,0.396920233536532,0.7263731244807453,1.0289277349080963,2.8325478843539145,0.3070175438596491,0.4824561403508772,0.631578947368421,0.8070175438596491
20260607,GaussianProcess_RBF,Gaussian process,conventional_ml,3,0.3551645999978063,RBF Gaussian process without hyperparameter optimization. Seed-level fold metric before formal rowwise-median aggregation.,100,0.579870355932355,0.4985781855975287,0.3486845173249702,-0.1081093742841236,0.4891680944128864,0.2164702353864136,0.5083428509691217,0.9183789153642232,1.1211048428847183,1.5835330517320472,0.32,0.47,0.6,0.73
20260607,GaussianProcess_RBF,Gaussian process,conventional_ml,4,0.3551645999978063,RBF Gaussian process without hyperparameter optimization. Seed-level fold metric before formal rowwise-median aggregation.,99,0.6505732940909916,0.4471952545588665,0.3211788825009044,-0.0570816334870162,0.4457944410415066,0.2022786892090877,0.4264531936968652,0.8082841193118783,1.0395870691189009,1.2958562080957563,0.2323232323232323,0.4848484848484848,0.5959595959595959,0.797979797979798
20260607,GaussianProcess_RBF,Gaussian process,conventional_ml,5,0.3551645999978063,RBF Gaussian process without hyperparameter optimization. Seed-level fold metric before formal rowwise-median aggregation.,84,0.6064267906425203,0.499576886613581,0.3222130058445346,0.0585169298496779,0.4991177530016421,0.1650370057185242,0.4251969088713885,0.8768910310702722,1.0676456562070338,1.9679869120760287,0.3809523809523809,0.5357142857142857,0.6309523809523809,0.7857142857142857
20260701,GaussianProcess_RBF,Gaussian process,conventional_ml,1,0.3207553999964148,RBF Gaussian process without hyperparameter optimization. Seed-level fold metric before formal rowwise-median aggregation.,122,0.6885896095044098,0.4044406779232836,0.2886893167709071,0.0448100483148027,0.4036081811060781,0.1987330055947183,0.3725542724149768,0.685544867040884,0.8574318728830591,1.588590557126352,0.2786885245901639,0.5081967213114754,0.6475409836065574,0.8278688524590164
20260701,GaussianProcess_RBF,Gaussian process,conventional_ml,2,0.3207553999964148,RBF Gaussian process without hyperparameter optimization. Seed-level fold metric before formal rowwise-median aggregation.,122,0.6399695385046718,0.4783939278445471,0.3072426055539324,-0.0345539381893834,0.479112011072316,0.1717306745204148,0.421176177375818,0.771786160899315,0.8847171417914581,2.747961840538835,0.319672131147541,0.5491803278688525,0.6557377049180327,0.7704918032786885
20260701,GaussianProcess_RBF,Gaussian process,conventional_ml,3,0.3207553999964148,RBF Gaussian process without hyperparameter optimization. Seed-level fold metric before formal rowwise-median aggregation.,97,0.5819129268482397,0.52311393325489,0.3823524500907433,0.0433616869615953,0.5240218196108829,0.2803049337955841,0.5177579329387214,0.8452187640337655,1.1168395643977396,1.7896389467334617,0.2164948453608247,0.3917525773195876,0.5257731958762887,0.7216494845360825
20260701,GaussianProcess_RBF,Gaussian process,conventional_ml,4,0.3207553999964148,RBF Gaussian process without hyperparameter optimization. Seed-level fold metric before formal rowwise-median aggregation.,94,0.6754439293861672,0.439578361823133,0.3066854195777003,0.0152038939474052,0.4416709463672893,0.1934168993165634,0.4614176850601001,0.8190956097928884,0.9657346018770694,1.358505021834027,0.3829787234042553,0.5212765957446809,0.6063829787234043,0.7978723404255319
20260701,GaussianProcess_RBF,Gaussian process,conventional_ml,5,0.3207553999964148,RBF Gaussian process without hyperparameter optimization. Seed-level fold metric before formal rowwise-median aggregation.,85,0.4822670213718167,0.4969302177283532,0.3223364581284162,-0.0042592517397118,0.4998610224188525,0.171825647684102,0.4197978781161851,0.799486280642868,1.0967551373045503,1.968122047924936,0.2823529411764706,0.5176470588235295,0.6470588235294118,0.8352941176470589
20260811,GaussianProcess_RBF,Gaussian process,conventional_ml,1,0.3091599000035785,RBF Gaussian process without hyperparameter optimization. Seed-level fold metric before formal rowwise-median aggregation.,127,0.5222391218965474,0.5376369379905478,0.3391789850269863,0.0019728699399935,0.5397625674317043,0.1958022541498252,0.4077151760815525,0.81158468773383,1.3296022551311464,2.492773056461985,0.3307086614173228,0.5039370078740157,0.6220472440944882,0.8188976377952756
20260811,GaussianProcess_RBF,Gaussian process,conventional_ml,2,0.3091599000035785,RBF Gaussian process without hyperparameter optimization. Seed-level fold metric before formal rowwise-median aggregation.,121,0.5256326554623056,0.5278016485143984,0.3423526269396438,0.009835401893214,0.5299042307368534,0.2036653285840799,0.4047874045287472,0.8073482101806775,1.1698225764260144,2.779903416012445,0.2644628099173554,0.4958677685950413,0.6528925619834711,0.7933884297520661
20260811,GaussianProcess_RBF,Gaussian process,conventional_ml,3,0.3091599000035785,RBF Gaussian process without hyperparameter optimization. Seed-level fold metric before formal rowwise-median aggregation.,97,0.5972241132367149,0.439200005882674,0.3138821381438548,-0.0504532563065257,0.4385589335546243,0.1879769426865394,0.425870280720801,0.7833141803374263,1.0410734209604116,1.235879670896587,0.2886597938144329,0.5463917525773195,0.6185567010309279,0.7938144329896907
20260811,GaussianProcess_RBF,Gaussian process,conventional_ml,4,0.3091599000035785,RBF Gaussian process without hyperparameter optimization. Seed-level fold metric before formal rowwise-median aggregation.,93,0.6555445565898784,0.4529466557376238,0.3299591793779013,0.0042267801837009,0.4553818402129257,0.2606537603700829,0.4374076768053214,0.7407110639509112,0.8730850540933786,1.619318378561708,0.2688172043010752,0.4086021505376344,0.5591397849462365,0.7956989247311828
20260811,GaussianProcess_RBF,Gaussian process,conventional_ml,5,0.3091599000035785,RBF Gaussian process without hyperparameter optimization. Seed-level fold metric before formal rowwise-median aggregation.,82,0.5786933018735688,0.5113256195071206,0.3394391586905165,0.0569362626018343,0.5112728777283706,0.177160333347853,0.4515182203810592,0.9136412122297026,1.015166199219382,1.8760282608384455,0.2926829268292683,0.5609756097560976,0.6463414634146342,0.7682926829268293
20260903,GaussianProcess_RBF,Gaussian process,conventional_ml,1,0.4188234999892302,RBF Gaussian process without hyperparameter optimization. Seed-level fold metric before formal rowwise-median aggregation.,121,0.5269563474313264,0.4831711504720249,0.3178297204356953,-0.0516542111438064,0.4823996491280865,0.2162433052757109,0.3884491149168383,0.7208559094929186,1.083730092481062,2.462565514117337,0.2975206611570248,0.4710743801652892,0.6363636363636364,0.8429752066115702
20260903,GaussianProcess_RBF,Gaussian process,conventional_ml,2,0.4188234999892302,RBF Gaussian process without hyperparameter optimization. Seed-level fold metric before formal rowwise-median aggregation.,115,0.4465623041937787,0.5930889794071471,0.3954739379323528,0.0368543983873501,0.5945333821473126,0.2164102288531637,0.5903500470781857,0.9677595739347552,1.337137722594591,2.191834522946799,0.2956521739130435,0.4521739130434782,0.5826086956521739,0.7043478260869566
20260903,GaussianProcess_RBF,Gaussian process,conventional_ml,3,0.4188234999892302,RBF Gaussian process without hyperparameter optimization. Seed-level fold metric before formal rowwise-median aggregation.,109,0.6892707814234633,0.3982550876573524,0.2793793046939204,-0.0387705916028806,0.3981942017805527,0.1636459468224558,0.4208254988768019,0.7078897876827511,0.8325774562107,1.618186987819513,0.3119266055045872,0.5779816513761468,0.6788990825688074,0.8165137614678899
20260903,GaussianProcess_RBF,Gaussian process,conventional_ml,4,0.4188234999892302,RBF Gaussian process without hyperparameter optimization. Seed-level fold metric before formal rowwise-median aggregation.,92,0.6838450713988456,0.4448223148946115,0.3236006894681736,0.128880362423876,0.428075433027225,0.2184756915286811,0.4905958463776354,0.7556941464568321,0.8972478117930579,1.348816840750004,0.2717391304347826,0.4673913043478261,0.5869565217391305,0.75
20260903,GaussianProcess_RBF,Gaussian process,conventional_ml,5,0.4188234999892302,RBF Gaussian process without hyperparameter optimization. Seed-level fold metric before formal rowwise-median aggregation.,83,0.4977523570399578,0.5769780309241508,0.3592664869868262,0.0495896958014042,0.5783375496541059,0.2133284289479533,0.4086419773447041,0.7885828026675595,1.2937315259327562,2.784645568992566,0.2771084337349397,0.4698795180722891,0.6024096385542169,0.8072289156626506
20260523,GradientBoosting,boosting ensemble,conventional_ml,1,1.6690711999981431,Gradient boosting regression trees. Seed-level fold metric before formal rowwise-median aggregation.,117,0.6845051460329348,0.4343165258670273,0.3432899675732286,-0.0586189506549942,0.4321934393105893,0.277844572519065,0.4599879838898317,0.7431556339717688,0.9035450244056632,1.1545660208281134,0.1709401709401709,0.2991452991452991,0.5555555555555556,0.7863247863247863
20260523,GradientBoosting,boosting ensemble,conventional_ml,2,1.6690711999981431,Gradient boosting regression trees. Seed-level fold metric before formal rowwise-median aggregation.,122,0.5662596382241296,0.4944243270004776,0.3503151934460268,0.0019092308405167,0.4964594973703166,0.2702595221520667,0.3876176006999134,0.7376027447054448,1.010990607815277,2.974645466880787,0.1721311475409836,0.3032786885245901,0.5819672131147541,0.8114754098360656
20260523,GradientBoosting,boosting ensemble,conventional_ml,3,1.6690711999981431,Gradient boosting regression trees. Seed-level fold metric before formal rowwise-median aggregation.,90,0.6773151813520968,0.4312221061427222,0.3521292395890686,-0.004386885545304,0.4336154953583603,0.2877641287313075,0.4715652189719677,0.6594068787887062,0.7858015360866079,1.3101477193872595,0.1,0.2777777777777778,0.5333333333333333,0.7777777777777778
20260523,GradientBoosting,boosting ensemble,conventional_ml,4,1.6690711999981431,Gradient boosting regression trees. Seed-level fold metric before formal rowwise-median aggregation.,90,0.6814830721653665,0.4177739655595487,0.3349177447993481,-0.0012667689549773,0.4201125229635203,0.282964923045391,0.4412662822932116,0.748966407394243,0.8593854465811539,1.1336250120545015,0.1333333333333333,0.3888888888888889,0.5222222222222223,0.7888888888888889
20260523,GradientBoosting,boosting ensemble,conventional_ml,5,1.6690711999981431,Gradient boosting regression trees. Seed-level fold metric before formal rowwise-median aggregation.,101,0.612749183846047,0.4862897522801032,0.3663872791511667,0.0692007866326405,0.4837415260705748,0.290336705848297,0.4651111663863219,0.7893955659049823,0.9559224097621808,2.0375878210942417,0.1782178217821782,0.3267326732673267,0.504950495049505,0.7623762376237624
20260607,GradientBoosting,boosting ensemble,conventional_ml,1,1.6718945000029637,Gradient boosting regression trees. Seed-level fold metric before formal rowwise-median aggregation.,123,0.6888670106670871,0.4109732386599672,0.3231309807550173,-0.0048743027139978,0.4126250930078601,0.2663279077744604,0.4335129825619077,0.6458176151275368,0.8818968754393132,1.156612982064999,0.1951219512195122,0.3495934959349593,0.5934959349593496,0.8048780487804879
20260607,GradientBoosting,boosting ensemble,conventional_ml,2,1.6718945000029637,Gradient boosting regression trees. Seed-level fold metric before formal rowwise-median aggregation.,114,0.5968841951716316,0.4820072599661955,0.3346088512321191,0.0508198504530494,0.4814369248649426,0.2829175438447855,0.3760368981244504,0.5389931824812166,0.6215008093921913,3.011350693870341,0.087719298245614,0.2807017543859649,0.5789473684210527,0.8859649122807017
20260607,GradientBoosting,boosting ensemble,conventional_ml,3,1.6718945000029637,Gradient boosting regression trees. Seed-level fold metric before formal rowwise-median aggregation.,100,0.6170581562279192,0.4760011716517575,0.368255155588884,-0.0880446508559808,0.4701442448645811,0.2732662373836874,0.4977504378914421,0.7930174089223181,0.9905551392205136,1.332172830316857,0.18,0.33,0.55,0.75
20260607,GradientBoosting,boosting ensemble,conventional_ml,4,1.6718945000029637,Gradient boosting regression trees. Seed-level fold metric before formal rowwise-median aggregation.,99,0.6887533931812245,0.4220573347300874,0.3514298140439748,-0.0140993282786103,0.4239684560779539,0.3096607485032834,0.4999511440213879,0.6809490193942267,0.7554989145819468,1.259399345117032,0.1313131313131313,0.2727272727272727,0.4545454545454545,0.7474747474747475
20260607,GradientBoosting,boosting ensemble,conventional_ml,5,1.6718945000029637,Gradient boosting regression trees. Seed-level fold metric before formal rowwise-median aggregation.,84,0.6548976994998235,0.4678035360096661,0.3738600084020755,0.0902695419199361,0.4617683516786285,0.2887953560764948,0.482298671939338,0.8097683390078736,0.907798844144786,1.132293856966612,0.1428571428571428,0.3095238095238095,0.5595238095238095,0.7738095238095238
20260701,GradientBoosting,boosting ensemble,conventional_ml,1,1.6518127999879653,Gradient boosting regression trees. Seed-level fold metric before formal rowwise-median aggregation.,122,0.6799546467461148,0.410009616711997,0.325255954395457,0.040317423653954,0.4097051118504141,0.2675395109088683,0.4080244556919812,0.633871824981064,0.8112843935798308,1.3881797903940836,0.1639344262295081,0.2868852459016393,0.5819672131147541,0.819672131147541
20260701,GradientBoosting,boosting ensemble,conventional_ml,2,1.6518127999879653,Gradient boosting regression trees. Seed-level fold metric before formal rowwise-median aggregation.,122,0.6237808055839538,0.4890311344392938,0.3490465506765444,-0.0022327024274749,0.4910426484135826,0.2825180923099886,0.4331585257996586,0.6765376165940803,0.8502998320557764,2.947460764637327,0.180327868852459,0.3360655737704918,0.5491803278688525,0.8032786885245902
20260701,GradientBoosting,boosting ensemble,conventional_ml,3,1.6518127999879653,Gradient boosting regression trees. Seed-level fold metric before formal rowwise-median aggregation.,97,0.5597088525146673,0.5368252000495992,0.4194541614004717,0.0315447362994508,0.5386814904907936,0.3119307142901917,0.6150727494229713,0.8644673399404569,0.9769603652036044,1.9445561199688228,0.134020618556701,0.2886597938144329,0.4536082474226804,0.6804123711340206
20260701,GradientBoosting,boosting ensemble,conventional_ml,4,1.6518127999879653,Gradient boosting regression trees. Seed-level fold metric before formal rowwise-median aggregation.,94,0.6655518726050074,0.44622697678906,0.3706420291667608,-0.0238379178011861,0.4479790370237742,0.2883542458195833,0.5299054085994754,0.6972884700240471,0.8768670428979858,1.2167170581344635,0.0851063829787234,0.2659574468085106,0.5106382978723404,0.723404255319149
20260701,GradientBoosting,boosting ensemble,conventional_ml,5,1.6518127999879653,Gradient boosting regression trees. Seed-level fold metric before formal rowwise-median aggregation.,85,0.6635931744676293,0.4005667447278666,0.3143677757999595,-0.0329540666756426,0.4015781138812943,0.2539271303639907,0.4168211265905626,0.6130551045445858,0.9063845213273763,1.1241149912060848,0.2,0.3294117647058823,0.5764705882352941,0.8588235294117647
20260811,GradientBoosting,boosting ensemble,conventional_ml,1,1.6536295999976574,Gradient boosting regression trees. Seed-level fold metric before formal rowwise-median aggregation.,127,0.5985869197528599,0.4928100624543152,0.3419379122337733,0.0789240399307296,0.4883756661669807,0.2617115525798823,0.3669579515904324,0.8538799588280043,1.0544289445872748,2.368562804616872,0.1968503937007874,0.3700787401574803,0.5905511811023622,0.8267716535433071
20260811,GradientBoosting,boosting ensemble,conventional_ml,2,1.6536295999976574,Gradient boosting regression trees. Seed-level fold metric before formal rowwise-median aggregation.,121,0.5992014932296401,0.4851504041405794,0.3457774736763752,-0.013625828595373,0.4869754906852406,0.2801104372775143,0.4310858133386688,0.6019810654611888,0.8381140355697383,2.9851135396928115,0.1735537190082644,0.3140495867768595,0.5371900826446281,0.8181818181818182
20260811,GradientBoosting,boosting ensemble,conventional_ml,3,1.6536295999976574,Gradient boosting regression trees. Seed-level fold metric before formal rowwise-median aggregation.,97,0.6342078013084731,0.4185504618665344,0.3355247682289739,-0.0801039583643169,0.4129477489565686,0.2914802191815937,0.4863504115331523,0.7228891179867236,0.8160385772170238,1.120969246651505,0.1546391752577319,0.3917525773195876,0.5154639175257731,0.7731958762886598
20260811,GradientBoosting,boosting ensemble,conventional_ml,4,1.6536295999976574,Gradient boosting regression trees. Seed-level fold metric before formal rowwise-median aggregation.,93,0.6386635391071347,0.463912873837124,0.390867441730103,-0.037559195952163,0.4648961420008109,0.3024819354325743,0.5468975553539295,0.7701667498112825,0.8541866238787831,1.2386388682520175,0.0967741935483871,0.2043010752688172,0.4946236559139785,0.6666666666666666
20260811,GradientBoosting,boosting ensemble,conventional_ml,5,1.6536295999976574,Gradient boosting regression trees. Seed-level fold metric before formal rowwise-median aggregation.,82,0.6936915016549556,0.4359913714768538,0.3470414823294127,0.0781424838102388,0.4315710993102893,0.2666249523200221,0.4644755706509986,0.7871103845911394,0.8840579854901756,1.1752526517482806,0.1463414634146341,0.2804878048780488,0.5487804878048781,0.7682926829268293
20260903,GradientBoosting,boosting ensemble,conventional_ml,1,1.6585499000066193,Gradient boosting regression trees. Seed-level fold metric before formal rowwise-median aggregation.,121,0.7114906157285246,0.3773378386163379,0.3122916040604658,-0.0249583573657508,0.3780770634271054,0.2772981272423394,0.4225298875746404,0.5419168101195453,0.6641149948876617,1.1098691188032106,0.1487603305785124,0.2975206611570248,0.5537190082644629,0.8677685950413223
20260903,GradientBoosting,boosting ensemble,conventional_ml,2,1.6585499000066193,Gradient boosting regression trees. Seed-level fold metric before formal rowwise-median aggregation.,115,0.6040548488999378,0.501652522423375,0.38912939835291,-0.0246973589133482,0.5032369674573868,0.3042835820463381,0.5336422175002618,0.8342165234370145,0.990126175244179,1.9909465049980497,0.1217391304347826,0.3130434782608696,0.4782608695652174,0.7304347826086957
20260903,GradientBoosting,boosting ensemble,conventional_ml,3,1.6585499000066193,Gradient boosting regression trees. Seed-level fold metric before formal rowwise-median aggregation.,109,0.7017631002641106,0.3901673951289681,0.3150024001410785,-0.0570555062619919,0.3877559361669617,0.2944458135874299,0.4093324132864069,0.662286516096441,0.7532731982406004,1.1148089255793463,0.1926605504587156,0.3302752293577982,0.5504587155963303,0.8256880733944955
20260903,GradientBoosting,boosting ensemble,conventional_ml,4,1.6585499000066193,Gradient boosting regression trees. Seed-level fold metric before formal rowwise-median aggregation.,92,0.6285528758074177,0.4821532380901204,0.3747364809575805,0.1373978524102301,0.4646942621750269,0.3067338407272011,0.503285964627759,0.8204429474323484,1.0546829503036874,1.2759249375786723,0.1739130434782608,0.2608695652173913,0.4891304347826087,0.75
20260903,GradientBoosting,boosting ensemble,conventional_ml,5,1.6585499000066193,Gradient boosting regression trees. Seed-level fold metric before formal rowwise-median aggregation.,83,0.5459534038624119,0.5485933460617347,0.3754895241646908,0.0062559683716867,0.5518924022789429,0.2657740506677228,0.4504229524688554,0.7824297820172447,0.9438752107323652,2.9565607190107173,0.1566265060240964,0.3614457831325301,0.5542168674698795,0.7710843373493976
20260523,HistGradientBoosting,boosting ensemble,conventional_ml,1,12.502508599995052,Histogram gradient boosting. Seed-level fold metric before formal rowwise-median aggregation.,117,0.1357058770878533,0.7188544982701875,0.5959926842739796,0.0062203321310798,0.7219193309524048,0.5297324488668664,0.7855465026635713,1.1977045764174068,1.3549776542845586,1.9564692862016315,0.0427350427350427,0.1367521367521367,0.2307692307692307,0.4871794871794871
20260523,HistGradientBoosting,boosting ensemble,conventional_ml,2,12.502508599995052,Histogram gradient boosting. Seed-level fold metric before formal rowwise-median aggregation.,122,0.043184425010049,0.7343431201311108,0.5682949964589755,-0.0499252292172112,0.7356652655071788,0.4394789688157807,0.8380680425965945,1.2459755215692774,1.4464582740418654,2.261613903464756,0.1147540983606557,0.2459016393442623,0.3360655737704918,0.5737704918032787
20260523,HistGradientBoosting,boosting ensemble,conventional_ml,3,12.502508599995052,Histogram gradient boosting. Seed-level fold metric before formal rowwise-median aggregation.,90,0.0361737739276577,0.7452656751418397,0.5821929584682384,-0.0836485650034156,0.7447052502713627,0.4540969653834921,0.8517207313020148,1.1920526881321192,1.5368639918774707,2.1617149948833614,0.1111111111111111,0.2,0.3555555555555555,0.5222222222222223
20260523,HistGradientBoosting,boosting ensemble,conventional_ml,4,12.502508599995052,Histogram gradient boosting. Seed-level fold metric before formal rowwise-median aggregation.,90,0.1117089571557969,0.6976743474965679,0.5638375770675967,0.0141961665481412,0.7014376629939345,0.4506869663708777,0.7357605316370499,1.179994174698077,1.4344960780978928,1.7610439435092644,0.0888888888888888,0.1555555555555555,0.2444444444444444,0.5777777777777777
20260523,HistGradientBoosting,boosting ensemble,conventional_ml,5,12.502508599995052,Histogram gradient boosting. Seed-level fold metric before formal rowwise-median aggregation.,101,0.2183263634525957,0.6908944105452314,0.5628630763464585,0.0206036929329578,0.6940314691019196,0.4450658498332842,0.8493373574832006,1.0949121240313957,1.3411367930272888,1.6082517761948978,0.0891089108910891,0.1881188118811881,0.3069306930693069,0.5247524752475248
20260607,HistGradientBoosting,boosting ensemble,conventional_ml,1,12.088028400001347,Histogram gradient boosting. Seed-level fold metric before formal rowwise-median aggregation.,123,0.205507458928998,0.6567278352715522,0.514645626349839,0.0398499829484874,0.6581987448554547,0.4016251630927954,0.8182086684537104,1.094975053847014,1.2638224314353876,1.546705742245237,0.1626016260162601,0.2682926829268293,0.4308943089430894,0.5772357723577236
20260607,HistGradientBoosting,boosting ensemble,conventional_ml,2,12.088028400001347,Histogram gradient boosting. Seed-level fold metric before formal rowwise-median aggregation.,114,0.0178987196619276,0.7523445951673037,0.6000177484954463,0.0528732896468712,0.7537977932637359,0.5094728703904075,0.7594789796880885,1.285011483736341,1.4999938535356971,2.5921634010380714,0.0964912280701754,0.175438596491228,0.2456140350877192,0.4912280701754385
20260607,HistGradientBoosting,boosting ensemble,conventional_ml,3,12.088028400001347,Histogram gradient boosting. Seed-level fold metric before formal rowwise-median aggregation.,100,0.2022423045603112,0.687032229556429,0.5573439122606599,-0.1129620853805555,0.6810960060151963,0.4458482657782667,0.8083714339247958,1.0986656588973365,1.3977268312429476,1.8294751670611973,0.08,0.18,0.32,0.57
20260607,HistGradientBoosting,boosting ensemble,conventional_ml,4,12.088028400001347,Histogram gradient boosting. Seed-level fold metric before formal rowwise-median aggregation.,99,0.1878072165031516,0.6817869787449536,0.56796563150553,-0.0144907458848201,0.6851018601781533,0.5091426473902843,0.7576527007765073,1.1117731787830565,1.224375136849146,1.943550756126008,0.0606060606060606,0.1515151515151515,0.2424242424242424,0.4848484848484848
20260607,HistGradientBoosting,boosting ensemble,conventional_ml,5,12.088028400001347,Histogram gradient boosting. Seed-level fold metric before formal rowwise-median aggregation.,84,0.1544589046558504,0.7322458738249487,0.571795236729091,0.0067857373324806,0.7366121551801695,0.5235345414002346,0.8125136009557181,1.121043001131354,1.4067292733242531,2.0862961114956207,0.1666666666666666,0.238095238095238,0.3333333333333333,0.4761904761904761
20260701,HistGradientBoosting,boosting ensemble,conventional_ml,1,12.42224709999573,Histogram gradient boosting. Seed-level fold metric before formal rowwise-median aggregation.,122,0.085647227821722,0.6930190504022755,0.5537709536925121,0.0237136916234175,0.6954693636930377,0.4572281570088705,0.7747921940481799,1.100168512014569,1.342974636253606,1.9904901461586133,0.1065573770491803,0.2049180327868852,0.3114754098360656,0.5327868852459017
20260701,HistGradientBoosting,boosting ensemble,conventional_ml,2,12.42224709999573,Histogram gradient boosting. Seed-level fold metric before formal rowwise-median aggregation.,122,0.1141628526180265,0.7504002658184092,0.5776530815475089,-0.0728203375609592,0.7499384349392633,0.464130947705474,0.7688153883089672,1.1648227213172164,1.4034410693339412,2.459497399011802,0.081967213114754,0.2540983606557377,0.3442622950819672,0.5327868852459017
20260701,HistGradientBoosting,boosting ensemble,conventional_ml,3,12.42224709999573,Histogram gradient boosting. Seed-level fold metric before formal rowwise-median aggregation.,97,0.1331881623600155,0.7532260554514778,0.6072860736399391,0.0506609735301053,0.7554244582799237,0.5064556433255589,0.9093883328777964,1.27740936221542,1.3903670224875366,1.9171089279716185,0.1030927835051546,0.2268041237113402,0.3402061855670103,0.4948453608247423
20260701,HistGradientBoosting,boosting ensemble,conventional_ml,4,12.42224709999573,Histogram gradient boosting. Seed-level fold metric before formal rowwise-median aggregation.,94,0.0675250029187208,0.7450922320130329,0.6047486464704118,-0.0616805217893443,0.7465162607190385,0.5212668052961611,0.9016161334512524,1.2605228065532132,1.4825706169435555,1.7520836663826316,0.1063829787234042,0.1702127659574468,0.3085106382978723,0.4787234042553192
20260701,HistGradientBoosting,boosting ensemble,conventional_ml,5,12.42224709999573,Histogram gradient boosting. Seed-level fold metric before formal rowwise-median aggregation.,85,0.0583429022525152,0.6701760196676215,0.5123796317973534,0.04605312591924,0.6725597476477218,0.3692830821639177,0.7112364816059511,1.1418820722069485,1.3939419429072823,1.8529891372022576,0.1294117647058823,0.2588235294117647,0.3647058823529411,0.6
20260811,HistGradientBoosting,boosting ensemble,conventional_ml,1,12.163714100010113,Histogram gradient boosting. Seed-level fold metric before formal rowwise-median aggregation.,127,0.2105496173999637,0.6911084875972552,0.5537674037606496,0.0361202624108232,0.6928972762833242,0.4855620181342814,0.8032735800433173,1.2087996588547327,1.308058970783768,1.6538169379039829,0.1259842519685039,0.2362204724409448,0.3700787401574803,0.5039370078740157
20260811,HistGradientBoosting,boosting ensemble,conventional_ml,2,12.163714100010113,Histogram gradient boosting. Seed-level fold metric before formal rowwise-median aggregation.,121,0.0847457765080653,0.7331354517231438,0.5338334660898323,0.028763158622602,0.7356170472512699,0.3756662787407236,0.794707743993726,1.2179918687338898,1.5022686227453903,2.7383906712661243,0.1983471074380165,0.3223140495867768,0.4380165289256198,0.5867768595041323
20260811,HistGradientBoosting,boosting ensemble,conventional_ml,3,12.163714100010113,Histogram gradient boosting. Seed-level fold metric before formal rowwise-median aggregation.,97,0.0693746466423921,0.6676026409413176,0.5273925207867741,-0.1109113203155306,0.6617450149833937,0.4339339669391435,0.7093972313624377,1.219028142952688,1.315153406503723,1.9291927841204315,0.1134020618556701,0.2371134020618556,0.2989690721649484,0.5979381443298969
20260811,HistGradientBoosting,boosting ensemble,conventional_ml,4,12.163714100010113,Histogram gradient boosting. Seed-level fold metric before formal rowwise-median aggregation.,93,0.0708381907059427,0.7439199522268926,0.6151521968837698,-0.0591423678908835,0.7455846410022771,0.5359635418657618,0.8249255182759896,1.1751373722038063,1.4575314757752516,1.8476530224350045,0.086021505376344,0.1720430107526881,0.2365591397849462,0.4408602150537634
20260811,HistGradientBoosting,boosting ensemble,conventional_ml,5,12.163714100010113,Histogram gradient boosting. Seed-level fold metric before formal rowwise-median aggregation.,82,0.177566628823154,0.714411987678571,0.5671852518304259,0.1013457623517684,0.7115390120271223,0.4602685571341176,0.801450678035355,1.1738680800472965,1.470198816841913,1.7067387090173796,0.0975609756097561,0.2317073170731707,0.3048780487804878,0.5365853658536586
20260903,HistGradientBoosting,boosting ensemble,conventional_ml,1,12.609211700008018,Histogram gradient boosting. Seed-level fold metric before formal rowwise-median aggregation.,121,-0.1028176204739914,0.7377381355016572,0.5769765023778943,0.0008049559577864,0.7408052259925427,0.4079620740330441,0.8329564056977503,1.154629614551034,1.5893592174200606,2.058303456631222,0.140495867768595,0.2148760330578512,0.3140495867768595,0.5537190082644629
20260903,HistGradientBoosting,boosting ensemble,conventional_ml,2,12.609211700008018,Histogram gradient boosting. Seed-level fold metric before formal rowwise-median aggregation.,115,0.1792865211342675,0.7222395535655515,0.5592754984708083,-0.0199559190063175,0.7251233979292327,0.4286232067317215,0.7624880288859863,1.3304192408782416,1.4812186748122291,1.8276756821673037,0.1304347826086956,0.2260869565217391,0.3304347826086956,0.5652173913043478
20260903,HistGradientBoosting,boosting ensemble,conventional_ml,3,12.609211700008018,Histogram gradient boosting. Seed-level fold metric before formal rowwise-median aggregation.,109,0.1181265737519396,0.6709241338146772,0.5260399675664261,-0.0760299444055013,0.6696813217857817,0.4304554705678498,0.7304996197424956,0.994641675622917,1.3389424885683248,2.1007385496256887,0.1009174311926605,0.2110091743119266,0.3577981651376147,0.5688073394495413
20260903,HistGradientBoosting,boosting ensemble,conventional_ml,4,12.609211700008018,Histogram gradient boosting. Seed-level fold metric before formal rowwise-median aggregation.,92,0.2297382959540854,0.6943137095259755,0.559039629100205,0.1306804171705087,0.6856412922890635,0.4965571092998324,0.7847579175981707,1.1511705465265685,1.3268586010380117,1.6251195158505354,0.1304347826086956,0.2391304347826087,0.3043478260869565,0.5
20260903,HistGradientBoosting,boosting ensemble,conventional_ml,5,12.609211700008018,Histogram gradient boosting. Seed-level fold metric before formal rowwise-median aggregation.,83,0.1074704988387871,0.7691510080335328,0.6150279659788267,0.0519331231366185,0.7720608040479126,0.522099755368366,0.8188147767834977,1.1606336789570293,1.3379589820820037,2.574050139656144,0.0843373493975903,0.1686746987951807,0.253012048192771,0.4819277108433735
20260523,HuberRegressor,robust linear,linear_baseline,1,0.6543804999964777,Robust linear regression. Seed-level fold metric before formal rowwise-median aggregation.,117,0.7689091738373602,0.3717077082941622,0.249504909564963,-0.0310052293182036,0.3720055112998555,0.1410525795649775,0.3703107311710312,0.6560752919007911,0.7656686507930471,1.8765475444753577,0.4188034188034188,0.5726495726495726,0.7008547008547008,0.8632478632478633
20260523,HuberRegressor,robust linear,linear_baseline,2,0.6543804999964777,Robust linear regression. Seed-level fold metric before formal rowwise-median aggregation.,122,0.6738855698917603,0.428716225510522,0.2582197188664669,0.0171322463663424,0.4301402688221817,0.1563061111785586,0.3447644497493165,0.590037400908095,0.7365941184949936,2.756568906219627,0.4098360655737705,0.5901639344262295,0.7377049180327869,0.819672131147541
20260523,HuberRegressor,robust linear,linear_baseline,3,0.6543804999964777,Robust linear regression. Seed-level fold metric before formal rowwise-median aggregation.,90,0.753327527157494,0.3770266882905969,0.2314099764785403,0.0208767558047253,0.3785572200457473,0.1330113139103161,0.2545349697090593,0.5945245416940135,0.836230306084788,1.6856410512560345,0.3777777777777777,0.6444444444444445,0.8111111111111111,0.8888888888888888
20260523,HuberRegressor,robust linear,linear_baseline,4,0.6543804999964777,Robust linear regression. Seed-level fold metric before formal rowwise-median aggregation.,90,0.7433321871525518,0.3750255169335389,0.2453965178164076,0.0122482872928526,0.3769253286833173,0.1447795170155608,0.2846204588507781,0.5925248810375835,0.8619887657451907,1.6821900413078907,0.3888888888888889,0.6444444444444445,0.7555555555555555,0.8444444444444444
20260523,HuberRegressor,robust linear,linear_baseline,5,0.6543804999964777,Robust linear regression. Seed-level fold metric before formal rowwise-median aggregation.,101,0.6650665324920099,0.4522496293682144,0.2699545207909731,0.095140805993721,0.4443340340796977,0.151888898109199,0.2784743274140027,0.7088676763816721,0.8903858215852409,2.434037800720517,0.396039603960396,0.6138613861386139,0.7524752475247525,0.801980198019802
20260607,HuberRegressor,robust linear,linear_baseline,1,0.6555754000000888,Robust linear regression. Seed-level fold metric before formal rowwise-median aggregation.,123,0.7787992107608512,0.3465244222523855,0.2290657446093447,0.0211310322679972,0.3472941839750645,0.1329326941002051,0.2811399966307171,0.5723458954732279,0.781088570141481,1.3836921277830712,0.3902439024390244,0.6341463414634146,0.7642276422764228,0.8617886178861789
20260607,HuberRegressor,robust linear,linear_baseline,2,0.6555754000000888,Robust linear regression. Seed-level fold metric before formal rowwise-median aggregation.,114,0.6375035753201204,0.4570782231942188,0.2442398518575812,0.0538619432131911,0.455897547330983,0.116205232345397,0.2707832156772003,0.5632880827921198,0.7942006361028879,2.780351438278849,0.4385964912280701,0.6491228070175439,0.7719298245614035,0.8771929824561403
20260607,HuberRegressor,robust linear,linear_baseline,3,0.6555754000000888,Robust linear regression. Seed-level fold metric before formal rowwise-median aggregation.,100,0.6358844776450643,0.4641530477001703,0.2897510834181481,-0.0391570111134032,0.4648283925441443,0.1520094384185775,0.3270068294996662,0.7387529068173532,1.0245806903589598,1.8273416306228896,0.35,0.58,0.72,0.83
20260607,HuberRegressor,robust linear,linear_baseline,4,0.6555754000000888,Robust linear regression. Seed-level fold metric before formal rowwise-median aggregation.,99,0.7483396484784784,0.3795128966848082,0.2555122803407885,-0.0021057369527122,0.3814384008575104,0.1492896320986858,0.3173683210759783,0.6034075305419536,0.7671376271044507,1.700571389687802,0.2929292929292929,0.5858585858585859,0.7373737373737373,0.8282828282828283
20260607,HuberRegressor,robust linear,linear_baseline,5,0.6555754000000888,Robust linear regression. Seed-level fold metric before formal rowwise-median aggregation.,84,0.8229122784534119,0.3351072301730347,0.2258711105411789,0.1199289068254724,0.3147913574432268,0.1454004212654176,0.2846829680688216,0.5673319254598113,0.6888132114325485,1.2007810271180972,0.4285714285714285,0.6190476190476191,0.75,0.8571428571428571
20260701,HuberRegressor,robust linear,linear_baseline,1,0.6668191999924602,Robust linear regression. Seed-level fold metric before formal rowwise-median aggregation.,122,0.6777970336477623,0.4113893526502961,0.2575516168368977,0.0525983981375246,0.4096955347497744,0.1303861686061331,0.3442902040901998,0.6567694158675466,0.7808555203716775,1.8660504505948052,0.4262295081967213,0.6557377049180327,0.7131147540983607,0.819672131147541
20260701,HuberRegressor,robust linear,linear_baseline,2,0.6668191999924602,Robust linear regression. Seed-level fold metric before formal rowwise-median aggregation.,122,0.7207136224446148,0.4213479755264863,0.234315885810187,0.0404442352977397,0.4211319103723419,0.1303375346749327,0.2474205576625916,0.5207615166609095,0.7984789276527003,2.7580809353652285,0.4098360655737705,0.6557377049180327,0.8032786885245902,0.8770491803278688
20260701,HuberRegressor,robust linear,linear_baseline,3,0.6668191999924602,Robust linear regression. Seed-level fold metric before formal rowwise-median aggregation.,97,0.6420829375393999,0.4840097597454142,0.3074817363669268,0.0707736146756871,0.4812947454357647,0.1496490885489905,0.4048403985933362,0.7723829948904453,0.9474144119640496,2.453781273915496,0.3814432989690721,0.5463917525773195,0.6391752577319587,0.7938144329896907
20260701,HuberRegressor,robust linear,linear_baseline,4,0.6668191999924602,Robust linear regression. Seed-level fold metric before formal rowwise-median aggregation.,94,0.8162022754074236,0.3307969549207907,0.2220914249477482,-0.0296243539287411,0.3312343835342165,0.1344945867437665,0.2702023686320967,0.5549230242771253,0.6815071690803676,1.619425610199123,0.3723404255319149,0.5957446808510638,0.776595744680851,0.8617021276595744
20260701,HuberRegressor,robust linear,linear_baseline,5,0.6668191999924602,Robust linear regression. Seed-level fold metric before formal rowwise-median aggregation.,85,0.7382080360631371,0.353362653289352,0.232351688933234,-0.0009290011545695,0.3554585509994764,0.140175229058471,0.2491092932262262,0.6438632757905283,0.8043202022713071,1.3149713892596395,0.4,0.6705882352941176,0.7764705882352941,0.8470588235294118
20260811,HuberRegressor,robust linear,linear_baseline,1,0.6669869999896036,Robust linear regression. Seed-level fold metric before formal rowwise-median aggregation.,127,0.6335333300605699,0.4708700283332696,0.2692003662707946,0.1020281216474227,0.461503954813838,0.1302425057347704,0.3284084075933897,0.5489506405777604,0.9474664271051276,2.6903040339343463,0.3779527559055118,0.6141732283464567,0.7322834645669292,0.8740157480314961
20260811,HuberRegressor,robust linear,linear_baseline,2,0.6669869999896036,Robust linear regression. Seed-level fold metric before formal rowwise-median aggregation.,121,0.7308164337194332,0.397591985395388,0.2251076182876721,0.0006136486530641,0.3992447061285766,0.11349550155645,0.2827217518505662,0.5153128577577419,0.7800119357372637,2.784333406021858,0.4380165289256198,0.6611570247933884,0.7768595041322314,0.8842975206611571
20260811,HuberRegressor,robust linear,linear_baseline,3,0.6669869999896036,Robust linear regression. Seed-level fold metric before formal rowwise-median aggregation.,97,0.6887759816671699,0.3860709807891455,0.2672482537462373,-0.0485080707023202,0.385001131228999,0.1618813044527982,0.34519437054022,0.6870455165122039,0.8013479945474022,1.311321792844396,0.3092783505154639,0.5979381443298969,0.6907216494845361,0.8041237113402062
20260811,HuberRegressor,robust linear,linear_baseline,4,0.6669869999896036,Robust linear regression. Seed-level fold metric before formal rowwise-median aggregation.,93,0.7180365864441247,0.4098046775311907,0.283502517333343,-0.0031961460905627,0.4120133259377296,0.1977556299626499,0.4661046340632495,0.6837197831152679,0.8174140108469856,1.6929156039644937,0.3440860215053763,0.5053763440860215,0.6989247311827957,0.7741935483870968
20260811,HuberRegressor,robust linear,linear_baseline,5,0.6669869999896036,Robust linear regression. Seed-level fold metric before formal rowwise-median aggregation.,82,0.7774776514101538,0.3716081145480082,0.2238768178997213,0.0717098576349566,0.36686734480631,0.127103083589585,0.2403707154548851,0.5330392546154125,0.8839874045552532,1.7070502120603095,0.4024390243902439,0.6951219512195121,0.7926829268292683,0.8902439024390244
20260903,HuberRegressor,robust linear,linear_baseline,1,0.6815712999959942,Robust linear regression. Seed-level fold metric before formal rowwise-median aggregation.,121,0.8077516486424687,0.3080219724726064,0.2114020403425805,-0.024592380974946,0.3083153524828068,0.1281091134849319,0.2898018640832518,0.5555562449138876,0.6992253032817217,1.0205170338020793,0.4049586776859504,0.6611570247933884,0.7768595041322314,0.8760330578512396
20260903,HuberRegressor,robust linear,linear_baseline,2,0.6815712999959942,Robust linear regression. Seed-level fold metric before formal rowwise-median aggregation.,115,0.6426072433118859,0.4766047420496598,0.2968519913002799,0.0018762166841425,0.4786868404111961,0.168460731858751,0.3706096779674368,0.7335197272000159,0.8507765093859782,2.554399911575402,0.3043478260869565,0.5826086956521739,0.7130434782608696,0.808695652173913
20260903,HuberRegressor,robust linear,linear_baseline,3,0.6815712999959942,Robust linear regression. Seed-level fold metric before formal rowwise-median aggregation.,109,0.7858573585806461,0.3306144748573075,0.216046756980738,0.0055342247902277,0.3320950341474776,0.1252849365207424,0.3014784174511575,0.5235732024365192,0.6453745343479025,1.3869670295890444,0.4403669724770642,0.6422018348623854,0.7431192660550459,0.8899082568807339
20260903,HuberRegressor,robust linear,linear_baseline,4,0.6815712999959942,Robust linear regression. Seed-level fold metric before formal rowwise-median aggregation.,92,0.6989288319073932,0.4340813942924627,0.286486359948518,0.1489603565682186,0.4099564055067868,0.1539795307247153,0.4447972912799969,0.7716000817115063,0.8467763783890931,1.8139508856569293,0.391304347826087,0.5869565217391305,0.6847826086956522,0.782608695652174
20260903,HuberRegressor,robust linear,linear_baseline,5,0.6815712999959942,Robust linear regression. Seed-level fold metric before formal rowwise-median aggregation.,83,0.6149467811033855,0.5051969299636756,0.2758702741406798,0.0198628759807505,0.50787506324243,0.1245242522866263,0.265168443809376,0.6561252357126335,1.118408077213748,2.759046539159584,0.3855421686746988,0.6385542168674698,0.7831325301204819,0.8433734939759037
20260523,KNN_k5,nearest neighbor,conventional_ml,1,2.527839700007462,Distance-weighted k-nearest neighbors. Seed-level fold metric before formal rowwise-median aggregation.,117,0.7234204378507865,0.4066495135841881,0.2856774354170615,-0.0012003929184752,0.4083967724713992,0.1856629124641742,0.4000000000000057,0.726659712528776,0.8948451384448709,1.397126496300622,0.3504273504273504,0.5213675213675214,0.6410256410256411,0.8034188034188035
20260523,KNN_k5,nearest neighbor,conventional_ml,2,2.527839700007462,Distance-weighted k-nearest neighbors. Seed-level fold metric before formal rowwise-median aggregation.,122,0.5820660080501947,0.4853318131794427,0.2979532954351593,0.0124445675144063,0.4871729578835836,0.1669792945836015,0.3629295945718684,0.6471754342521836,1.0242723589679636,2.677078467367018,0.3032786885245901,0.5327868852459017,0.6967213114754098,0.8524590163934426
20260523,KNN_k5,nearest neighbor,conventional_ml,3,2.527839700007462,Distance-weighted k-nearest neighbors. Seed-level fold metric before formal rowwise-median aggregation.,90,0.6552069744653013,0.445749624245266,0.2780679542548717,-0.0135874789922766,0.4480385431058501,0.1331871634062764,0.3023260642706518,0.8351897596395054,1.133400602923211,1.4959087151891808,0.3444444444444444,0.6222222222222222,0.7444444444444445,0.8444444444444444
20260523,KNN_k5,nearest neighbor,conventional_ml,4,2.527839700007462,Distance-weighted k-nearest neighbors. Seed-level fold metric before formal rowwise-median aggregation.,90,0.7376945746987537,0.3791217933797433,0.2561173655486798,-0.0146708710460446,0.3809601851596237,0.151748760773323,0.3834142292454565,0.6352336742761882,0.9231205481550488,1.0623861610661225,0.3888888888888889,0.6,0.6888888888888889,0.8333333333333334
20260523,KNN_k5,nearest neighbor,conventional_ml,5,2.527839700007462,Distance-weighted k-nearest neighbors. Seed-level fold metric before formal rowwise-median aggregation.,101,0.6178634148147159,0.4830679851219889,0.3074031488274914,0.0366175265122477,0.4840805442815921,0.1466784906838043,0.4227581369797946,0.7774463299052456,0.8945047243085611,2.1467244282873565,0.3861386138613861,0.5643564356435643,0.6336633663366337,0.8118811881188119
20260607,KNN_k5,nearest neighbor,conventional_ml,1,2.440443299987237,Distance-weighted k-nearest neighbors. Seed-level fold metric before formal rowwise-median aggregation.,123,0.7042550912722625,0.4006813704246859,0.27349330069521,0.0026645839961827,0.4023112596222269,0.168514930102873,0.3740148265095939,0.7008067602272419,0.8054272090102805,1.783963027388758,0.3252032520325203,0.5772357723577236,0.6422764227642277,0.8211382113821138
20260607,KNN_k5,nearest neighbor,conventional_ml,2,2.440443299987237,Distance-weighted k-nearest neighbors. Seed-level fold metric before formal rowwise-median aggregation.,114,0.5679775299993423,0.4989899911415107,0.2830281188603601,0.096614468439774,0.4917087665560807,0.1682636236749424,0.3236218822857317,0.6197253432035682,0.9970238311973616,2.617793227822005,0.4210526315789473,0.5789473684210527,0.7280701754385965,0.868421052631579
20260607,KNN_k5,nearest neighbor,conventional_ml,3,2.440443299987237,Distance-weighted k-nearest neighbors. Seed-level fold metric before formal rowwise-median aggregation.,100,0.6100527730483417,0.4803353261073168,0.3229842272941329,-0.1033150400020262,0.4714559739463474,0.2090559240641027,0.4256580887066068,0.925436876142215,1.115778373970582,1.3785911965080755,0.37,0.49,0.63,0.79
20260607,KNN_k5,nearest neighbor,conventional_ml,4,2.440443299987237,Distance-weighted k-nearest neighbors. Seed-level fold metric before formal rowwise-median aggregation.,99,0.7616023879876752,0.3693772041326275,0.2698994329212028,-0.0004583356194912,0.3712567126757711,0.1948616672647531,0.3750191617921778,0.6872485875046354,0.7867907326517273,0.972900774447659,0.3232323232323232,0.5151515151515151,0.6666666666666666,0.8282828282828283
20260607,KNN_k5,nearest neighbor,conventional_ml,5,2.440443299987237,Distance-weighted k-nearest neighbors. Seed-level fold metric before formal rowwise-median aggregation.,84,0.7154545356903907,0.4247813165992697,0.2596508811067806,0.0714941286637256,0.4212364408581461,0.1066228425244126,0.3623240843822604,0.7883357942152251,1.0466575687124382,1.4870206021626655,0.4880952380952381,0.6428571428571429,0.7142857142857143,0.8452380952380952
20260701,KNN_k5,nearest neighbor,conventional_ml,1,2.5783504999999423,Distance-weighted k-nearest neighbors. Seed-level fold metric before formal rowwise-median aggregation.,122,0.7420244243682933,0.3681099658062193,0.244960797916357,0.0144896398228261,0.3693414920326636,0.1538522384564729,0.2942406025125876,0.6165770540555542,0.8061260595294684,1.5135440173078791,0.3852459016393442,0.6229508196721312,0.7622950819672131,0.8360655737704918
20260701,KNN_k5,nearest neighbor,conventional_ml,2,2.5783504999999423,Distance-weighted k-nearest neighbors. Seed-level fold metric before formal rowwise-median aggregation.,122,0.634009319137126,0.4823375228357576,0.2943614779291066,-0.0299848270998572,0.4833897895163966,0.1478252208627672,0.3986007620929239,0.7924930919702095,0.9245892016921788,2.6766012018995937,0.360655737704918,0.5737704918032787,0.7131147540983607,0.819672131147541
20260701,KNN_k5,nearest neighbor,conventional_ml,3,2.5783504999999423,Distance-weighted k-nearest neighbors. Seed-level fold metric before formal rowwise-median aggregation.,97,0.5645517944823039,0.5338646567845274,0.3672740672354098,0.0945974427880375,0.5281462389360234,0.2476598945203321,0.5005999803205299,0.8470104521078242,1.0881182364191528,2.0564128731508617,0.2989690721649484,0.4639175257731959,0.5360824742268041,0.7422680412371134
20260701,KNN_k5,nearest neighbor,conventional_ml,4,2.5783504999999423,Distance-weighted k-nearest neighbors. Seed-level fold metric before formal rowwise-median aggregation.,94,0.6687563582591107,0.4440840889706974,0.3021379409498162,0.0139918465327262,0.4462435950916362,0.1905051688493664,0.4168690104833867,0.6596848440994613,0.956978645872665,1.6913307003072475,0.351063829787234,0.5,0.6063829787234043,0.7978723404255319
20260701,KNN_k5,nearest neighbor,conventional_ml,5,2.5783504999999423,Distance-weighted k-nearest neighbors. Seed-level fold metric before formal rowwise-median aggregation.,85,0.6217962087656668,0.4247226584304393,0.2718792503246557,0.0018904066478531,0.4272390577953019,0.1561420092269685,0.3441582803506193,0.5924265090700335,0.9679590286101216,1.7906992658851522,0.3411764705882353,0.5882352941176471,0.6705882352941176,0.8588235294117647
20260811,KNN_k5,nearest neighbor,conventional_ml,1,2.5625404000020358,Distance-weighted k-nearest neighbors. Seed-level fold metric before formal rowwise-median aggregation.,127,0.601935892607371,0.490750009657815,0.3022962862400984,0.0391500354508168,0.4911232794782134,0.1755513066462555,0.3591839447540188,0.6813326493933758,1.1870795394633722,2.3441609325004507,0.3464566929133858,0.5196850393700787,0.6850393700787402,0.8346456692913385
20260811,KNN_k5,nearest neighbor,conventional_ml,2,2.5625404000020358,Distance-weighted k-nearest neighbors. Seed-level fold metric before formal rowwise-median aggregation.,121,0.6167966606437448,0.474381771514046,0.2846006876520359,0.0156162989416785,0.476096084127742,0.1311555878295678,0.4084378812789637,0.7133350716066005,1.0191550762129111,2.677006500955592,0.3884297520661157,0.6363636363636364,0.71900826446281,0.8016528925619835
20260811,KNN_k5,nearest neighbor,conventional_ml,3,2.5625404000020358,Distance-weighted k-nearest neighbors. Seed-level fold metric before formal rowwise-median aggregation.,97,0.5483853504929755,0.4650660281461258,0.3178839700396412,-0.0604188603721535,0.463520150464913,0.1356979467623489,0.4639214349993068,0.8556374331244413,1.0128036469808654,1.3793460137805909,0.3608247422680412,0.5463917525773195,0.5979381443298969,0.7731958762886598
20260811,KNN_k5,nearest neighbor,conventional_ml,4,2.5625404000020358,Distance-weighted k-nearest neighbors. Seed-level fold metric before formal rowwise-median aggregation.,93,0.7336657728288225,0.398285065879505,0.2759389427773588,-0.010714338450057,0.4002988868230402,0.1697103668978954,0.4260387231892864,0.6429268812580531,0.7656886194765347,1.4925650149852745,0.3548387096774194,0.5268817204301075,0.6344086021505376,0.8172043010752689
20260811,KNN_k5,nearest neighbor,conventional_ml,5,2.5625404000020358,Distance-weighted k-nearest neighbors. Seed-level fold metric before formal rowwise-median aggregation.,82,0.6853712287305298,0.4418731251147856,0.2862264894988824,0.0830400439065827,0.4366710376392684,0.1482982964283792,0.3689751515282395,0.8141016584354369,0.9928186774694536,1.5751010310986755,0.3536585365853658,0.6097560975609756,0.7195121951219512,0.7804878048780488
20260903,KNN_k5,nearest neighbor,conventional_ml,1,2.639583099997253,Distance-weighted k-nearest neighbors. Seed-level fold metric before formal rowwise-median aggregation.,121,0.6768643682096565,0.3993399970940572,0.2620741436821178,-0.0208454063186542,0.4004537653301722,0.1625215756707945,0.2980541567736026,0.737675547318112,0.8709038777658265,1.370676686991651,0.3388429752066115,0.6033057851239669,0.7603305785123967,0.859504132231405
20260903,KNN_k5,nearest neighbor,conventional_ml,2,2.639583099997253,Distance-weighted k-nearest neighbors. Seed-level fold metric before formal rowwise-median aggregation.,115,0.5247498461832474,0.5495998670224306,0.3512035188035296,0.0641670482373955,0.5482300022467113,0.1964868678473195,0.4491766270705035,0.8990224474421599,1.2346898680101217,2.375066113147305,0.3304347826086956,0.5217391304347826,0.6347826086956522,0.7652173913043478
20260903,KNN_k5,nearest neighbor,conventional_ml,3,2.639583099997253,Distance-weighted k-nearest neighbors. Seed-level fold metric before formal rowwise-median aggregation.,109,0.7160967708247369,0.3806759605750681,0.2614701510988307,-0.0603294758125623,0.3776011638126071,0.1506180030149053,0.3679280315613624,0.6382819341012151,0.8540751353417491,1.452842650548412,0.3302752293577982,0.5688073394495413,0.6605504587155964,0.8715596330275229
20260903,KNN_k5,nearest neighbor,conventional_ml,4,2.639583099997253,Distance-weighted k-nearest neighbors. Seed-level fold metric before formal rowwise-median aggregation.,92,0.7131483998842922,0.4237065971215747,0.2876925940031045,0.1605293616082614,0.3942679907265473,0.1521257677438008,0.4513304252356054,0.6958168803973871,0.834156775199098,1.2898895291181418,0.4021739130434782,0.5760869565217391,0.6521739130434783,0.7608695652173914
20260903,KNN_k5,nearest neighbor,conventional_ml,5,2.639583099997253,Distance-weighted k-nearest neighbors. Seed-level fold metric before formal rowwise-median aggregation.,83,0.5800686010131283,0.5275814267068574,0.2957371967814962,0.015827973597113,0.5305497134910045,0.1417812464093018,0.3658194815021787,0.8618651460912999,0.9608661186960304,2.677033464386149,0.4337349397590361,0.6506024096385542,0.7108433734939759,0.8433734939759037
20260523,KernelRidge_RBF,kernel method,conventional_ml,1,0.3287979000015184,Kernel ridge regression with RBF kernel. Seed-level fold metric before formal rowwise-median aggregation.,117,-1.5008465509447624,1.222795233444972,0.9426455383246792,0.2215745058240397,1.207724962240688,0.7715505055881522,1.3579003875345634,1.8692694913966532,2.079130974975847,4.685931599604132,0.1025641025641025,0.1965811965811965,0.2564102564102564,0.3504273504273504
20260523,KernelRidge_RBF,kernel method,conventional_ml,2,0.3287979000015184,Kernel ridge regression with RBF kernel. Seed-level fold metric before formal rowwise-median aggregation.,122,-1.184342830790872,1.1095460026783082,0.8323515165043924,0.3448939626372244,1.0589295209251084,0.61683437481258,1.181543726896166,1.819655538709633,2.312026372723837,4.038085551370038,0.0901639344262295,0.1721311475409836,0.2540983606557377,0.4180327868852459
20260523,KernelRidge_RBF,kernel method,conventional_ml,3,0.3287979000015184,Kernel ridge regression with RBF kernel. Seed-level fold metric before formal rowwise-median aggregation.,90,-2.5866821260483626,1.4376666349229936,1.0644201331046008,0.3896637603094628,1.391605150461943,0.8287644866887369,1.5005257686267406,2.353465629283622,2.764277038510381,5.603183169407636,0.0777777777777777,0.1666666666666666,0.2444444444444444,0.3111111111111111
20260523,KernelRidge_RBF,kernel method,conventional_ml,4,0.3287979000015184,Kernel ridge regression with RBF kernel. Seed-level fold metric before formal rowwise-median aggregation.,90,-2.34796193388171,1.3544574588707825,0.9413580037890532,0.2106798584849686,1.345467674678191,0.6810793351260855,1.2882369720712887,1.773199859487261,2.2727501045894867,6.062116748800825,0.1111111111111111,0.1444444444444444,0.2,0.3888888888888889
20260523,KernelRidge_RBF,kernel method,conventional_ml,5,0.3287979000015184,Kernel ridge regression with RBF kernel. Seed-level fold metric before formal rowwise-median aggregation.,101,-3.765068294399942,1.7058212156523829,1.221349843849454,0.5508510513106134,1.6224835994333384,0.8886937988405634,1.4283899911813194,2.608502300647565,3.232776128027197,6.421790214870935,0.0198019801980198,0.0891089108910891,0.1386138613861386,0.297029702970297
20260607,KernelRidge_RBF,kernel method,conventional_ml,1,0.2937704999931156,Kernel ridge regression with RBF kernel. Seed-level fold metric before formal rowwise-median aggregation.,123,-4.273896657215919,1.6920232242709314,1.191360982659006,0.5401525201712267,1.610047538016892,0.8293149423563833,1.649312797235126,2.631844844701291,3.376320779896607,6.612185905855689,0.040650406504065,0.1544715447154471,0.2032520325203252,0.3333333333333333
20260607,KernelRidge_RBF,kernel method,conventional_ml,2,0.2937704999931156,Kernel ridge regression with RBF kernel. Seed-level fold metric before formal rowwise-median aggregation.,114,-1.382300950085697,1.171755440698291,0.8837871093553743,0.297497435932939,1.1383643524532727,0.6715671679723911,1.2320662209542874,1.7748717931761682,2.389035141475351,4.673203421538723,0.0789473684210526,0.1666666666666666,0.2105263157894736,0.4035087719298245
20260607,KernelRidge_RBF,kernel method,conventional_ml,3,0.2937704999931156,Kernel ridge regression with RBF kernel. Seed-level fold metric before formal rowwise-median aggregation.,100,-2.366715930753188,1.4113828850912116,1.0573389838035123,0.4091130417051767,1.3575930004920398,0.8103913028644882,1.4108538405315478,2.4238064374474355,3.029975624200817,5.024599439189544,0.09,0.16,0.22,0.3
20260607,KernelRidge_RBF,kernel method,conventional_ml,4,0.2937704999931156,Kernel ridge regression with RBF kernel. Seed-level fold metric before formal rowwise-median aggregation.,99,-1.486091592777099,1.192827661463513,0.870184476441747,0.0645929254949128,1.1971389908261965,0.7057174570790892,1.170387851234164,1.6066403021782123,1.8363245523030705,5.470042917255583,0.0606060606060606,0.1515151515151515,0.2323232323232323,0.3737373737373737
20260607,KernelRidge_RBF,kernel method,conventional_ml,5,0.2937704999931156,Kernel ridge regression with RBF kernel. Seed-level fold metric before formal rowwise-median aggregation.,84,-1.8347877051136303,1.3407562905885526,0.949030488282292,0.4472301217583934,1.2715584902444548,0.6391043595060353,1.254281986143562,2.0481414813357826,2.451581231075496,6.053381748472276,0.1071428571428571,0.1666666666666666,0.25,0.3809523809523809
20260701,KernelRidge_RBF,kernel method,conventional_ml,1,0.3457771999965189,Kernel ridge regression with RBF kernel. Seed-level fold metric before formal rowwise-median aggregation.,122,-1.8249560209053464,1.2181313647695835,0.9608164388362644,0.268288307227694,1.193119321434841,0.7896115971127102,1.328384803909081,1.8922106532186336,2.435922184038376,4.637892460837001,0.0327868852459016,0.0901639344262295,0.1639344262295081,0.3360655737704918
20260701,KernelRidge_RBF,kernel method,conventional_ml,2,0.3457771999965189,Kernel ridge regression with RBF kernel. Seed-level fold metric before formal rowwise-median aggregation.,122,-4.145841710174996,1.808607162691961,1.2418526648771009,0.5593085836770282,1.7270442930626568,0.8301849271341624,1.6057048202798718,2.721348615525609,3.826714424513372,6.698517787689173,0.081967213114754,0.1475409836065573,0.180327868852459,0.2786885245901639
20260701,KernelRidge_RBF,kernel method,conventional_ml,3,0.3457771999965189,Kernel ridge regression with RBF kernel. Seed-level fold metric before formal rowwise-median aggregation.,97,-0.7674681965669259,1.0755701027475124,0.8370728732505189,0.3146250347632504,1.0338672693569952,0.6529152511124607,1.2370780009886744,1.7033547911207412,2.1343062221354328,3.1603501150137845,0.0721649484536082,0.1443298969072164,0.2268041237113402,0.4123711340206185
20260701,KernelRidge_RBF,kernel method,conventional_ml,4,0.3457771999965189,Kernel ridge regression with RBF kernel. Seed-level fold metric before formal rowwise-median aggregation.,94,-1.66577972865985,1.2598056982883097,0.9086849166216918,0.2399249962142962,1.2433797203777512,0.6285538711582852,1.3350407810476137,1.9435256061363213,2.3050043595752534,4.614895762556223,0.1063829787234042,0.2234042553191489,0.2978723404255319,0.425531914893617
20260701,KernelRidge_RBF,kernel method,conventional_ml,5,0.3457771999965189,Kernel ridge regression with RBF kernel. Seed-level fold metric before formal rowwise-median aggregation.,85,-3.2388844142720217,1.4218974614769162,1.0731702168852264,0.4010767096641154,1.3722550021300448,0.792315384632694,1.3188130577502903,2.1325011231237805,2.998848490413906,5.37110190225431,0.0470588235294117,0.0705882352941176,0.1176470588235294,0.2823529411764706
20260811,KernelRidge_RBF,kernel method,conventional_ml,1,0.3168574000010267,Kernel ridge regression with RBF kernel. Seed-level fold metric before formal rowwise-median aggregation.,127,-2.7396371785415687,1.5041756060909457,1.029052283857805,0.6498455684316499,1.361928819772231,0.7275053523234831,1.3605682992807004,2.157367811857283,2.957836836143348,6.55233047283599,0.0866141732283464,0.1653543307086614,0.2598425196850393,0.3858267716535433
20260811,KernelRidge_RBF,kernel method,conventional_ml,2,0.3168574000010267,Kernel ridge regression with RBF kernel. Seed-level fold metric before formal rowwise-median aggregation.,121,-1.878991255614885,1.3002699413373306,0.9930897491451636,0.2325136701620945,1.2846314547290394,0.7426511583320092,1.351596330188471,2.1910288830010245,2.650742557933121,4.964407128538262,0.0495867768595041,0.1239669421487603,0.1900826446280991,0.3471074380165289
20260811,KernelRidge_RBF,kernel method,conventional_ml,3,0.3168574000010267,Kernel ridge regression with RBF kernel. Seed-level fold metric before formal rowwise-median aggregation.,97,-2.674572183673295,1.3265816865801745,1.0197020220953583,0.2690537608642468,1.305758948205771,0.8875916679659568,1.3813437987999322,1.8653041868448423,2.4733344609047414,4.928199434709654,0.0412371134020618,0.1237113402061855,0.1649484536082474,0.3505154639175257
20260811,KernelRidge_RBF,kernel method,conventional_ml,4,0.3168574000010267,Kernel ridge regression with RBF kernel. Seed-level fold metric before formal rowwise-median aggregation.,93,-2.2269468781698407,1.3863613407194648,0.993888481495348,0.2596025340928819,1.3692198631451176,0.7612848933477139,1.2163906613594264,1.972586523545192,2.759573914337621,6.069658697173807,0.043010752688172,0.1720430107526881,0.2043010752688172,0.3225806451612903
20260811,KernelRidge_RBF,kernel method,conventional_ml,5,0.3168574000010267,Kernel ridge regression with RBF kernel. Seed-level fold metric before formal rowwise-median aggregation.,82,-1.7305926159723652,1.3017477240783706,0.9500579815567152,0.2987701946674063,1.274794815974018,0.750264347865528,1.2608556164626012,1.999322733839345,2.261956015098432,5.171902729563222,0.073170731707317,0.1707317073170731,0.2439024390243902,0.3902439024390244
20260903,KernelRidge_RBF,kernel method,conventional_ml,1,0.3292934000055538,Kernel ridge regression with RBF kernel. Seed-level fold metric before formal rowwise-median aggregation.,121,-1.7880211066153802,1.173001085895276,0.9103925123568074,0.3810333968819251,1.1140023820090716,0.761982121062367,1.3684222347865216,1.8367707813846224,2.333516306664059,3.169716151710162,0.1322314049586777,0.1735537190082644,0.2396694214876033,0.3636363636363636
20260903,KernelRidge_RBF,kernel method,conventional_ml,2,0.3292934000055538,Kernel ridge regression with RBF kernel. Seed-level fold metric before formal rowwise-median aggregation.,115,-2.19975910171427,1.4260807824629187,0.9711298779753588,0.3660808015383043,1.3843248185102102,0.6654325302210466,1.3571536485546505,1.9695119481816885,2.463391185818224,6.686436566336667,0.1130434782608695,0.1565217391304348,0.2,0.391304347826087
20260903,KernelRidge_RBF,kernel method,conventional_ml,3,0.3292934000055538,Kernel ridge regression with RBF kernel. Seed-level fold metric before formal rowwise-median aggregation.,109,-3.083439606905614,1.4437212689340142,1.0505580893204824,0.2256842036961308,1.4325590736336753,0.7909522395204505,1.3548342297604492,2.0105052836912094,3.1209001039922604,5.549193637825376,0.0825688073394495,0.1192660550458715,0.146788990825688,0.2568807339449541
20260903,KernelRidge_RBF,kernel method,conventional_ml,4,0.3292934000055538,Kernel ridge regression with RBF kernel. Seed-level fold metric before formal rowwise-median aggregation.,92,-1.7725553165098988,1.317275751823304,0.9391141046009224,0.3988000922400719,1.2623369142187093,0.7133294472203744,1.2407957123454525,1.7752672502362132,2.4730445522431297,5.941913357174656,0.0978260869565217,0.1304347826086956,0.2065217391304347,0.358695652173913
20260903,KernelRidge_RBF,kernel method,conventional_ml,5,0.3292934000055538,Kernel ridge regression with RBF kernel. Seed-level fold metric before formal rowwise-median aggregation.,83,-2.05509089477735,1.4230245464700613,1.0996535585815246,0.3933585389303488,1.3758910076998048,0.8081387368749517,1.393345988479819,2.517779233793855,2.913242529002591,4.591270250289618,0.072289156626506,0.0843373493975903,0.1686746987951807,0.3012048192771084
20260523,Lasso,regularized linear,linear_baseline,1,0.2128604999888921,L1-regularized linear model. Seed-level fold metric before formal rowwise-median aggregation.,117,0.7694836277658185,0.3712454185929557,0.2611423873476985,-0.0502109321706197,0.3694163232287162,0.1786499241962218,0.3236333404903462,0.6263740452824481,0.8627434321648262,1.319811639270867,0.3247863247863248,0.5555555555555556,0.7264957264957265,0.8290598290598291
20260523,Lasso,regularized linear,linear_baseline,2,0.2128604999888921,L1-regularized linear model. Seed-level fold metric before formal rowwise-median aggregation.,122,0.6663466996700369,0.4336432841946997,0.2741249657451974,-0.0021259680690994,0.4354262786309107,0.187745882458163,0.3622678744896266,0.6088928486821878,0.7589363977885388,2.812288870299604,0.3114754098360656,0.5245901639344263,0.6885245901639344,0.8442622950819673
20260523,Lasso,regularized linear,linear_baseline,3,0.2128604999888921,L1-regularized linear model. Seed-level fold metric before formal rowwise-median aggregation.,90,0.7602760560776421,0.3716785144238555,0.2532202963118891,-0.0139224708137417,0.3734984538898075,0.1612038066448526,0.3099710241455913,0.5901761442714581,0.846704338417618,1.6381131642824514,0.3222222222222222,0.5888888888888889,0.7333333333333333,0.8888888888888888
20260523,Lasso,regularized linear,linear_baseline,4,0.2128604999888921,L1-regularized linear model. Seed-level fold metric before formal rowwise-median aggregation.,90,0.7571725918170565,0.3647740756819472,0.2568194375235562,-0.0070089008561641,0.3667499246548587,0.1642354444894849,0.3386792018681674,0.6576145817227087,0.7964439045131388,1.3584229988222205,0.3111111111111111,0.6,0.7,0.8333333333333334
20260523,Lasso,regularized linear,linear_baseline,5,0.2128604999888921,L1-regularized linear model. Seed-level fold metric before formal rowwise-median aggregation.,101,0.6894084040620359,0.4355056532842854,0.2744724951645388,0.0704163797401489,0.4319187129332694,0.177047908181116,0.3376465813481317,0.6941006652608266,0.9621843988761468,2.158759262297984,0.3762376237623762,0.5643564356435643,0.7326732673267327,0.8316831683168316
20260607,Lasso,regularized linear,linear_baseline,1,0.2056081000046106,L1-regularized linear model. Seed-level fold metric before formal rowwise-median aggregation.,123,0.7458190515955743,0.371459961963134,0.2559954736169485,-0.001688360457112,0.3729753792693517,0.1819301342785593,0.3206606796743969,0.6654960219992528,0.8999167539489462,1.2661708857730218,0.3252032520325203,0.5284552845528455,0.7317073170731707,0.8780487804878049
20260607,Lasso,regularized linear,linear_baseline,2,0.2056081000046106,L1-regularized linear model. Seed-level fold metric before formal rowwise-median aggregation.,114,0.6500572156253064,0.4490939332324512,0.2530876289536374,0.0382544270760445,0.4494372430324568,0.1564409069872923,0.2793282561725831,0.5141203717253433,0.7420836294962345,2.820430028682445,0.3508771929824561,0.6228070175438597,0.7631578947368421,0.8771929824561403
20260607,Lasso,regularized linear,linear_baseline,3,0.2056081000046106,L1-regularized linear model. Seed-level fold metric before formal rowwise-median aggregation.,100,0.6611797942879795,0.4477403770207236,0.3056578174243276,-0.0816323471111621,0.4424536785887873,0.1879510640369268,0.4227172559377745,0.7530688434878101,1.0602273192319238,1.704456681841002,0.29,0.52,0.68,0.81
20260607,Lasso,regularized linear,linear_baseline,4,0.2056081000046106,L1-regularized linear model. Seed-level fold metric before formal rowwise-median aggregation.,99,0.7693317244808828,0.3633398844503911,0.2686751629519441,-0.0264273911687765,0.3642216890264742,0.1806511502181393,0.3615010033241788,0.6298284233697644,0.7370994031203841,1.351018900039065,0.2323232323232323,0.5656565656565656,0.6868686868686869,0.8383838383838383
20260607,Lasso,regularized linear,linear_baseline,5,0.2056081000046106,L1-regularized linear model. Seed-level fold metric before formal rowwise-median aggregation.,84,0.8008976560373396,0.3553266320348455,0.2537282146555584,0.0881809061805443,0.34627825064771,0.1649829656658781,0.3186165309675601,0.6284433485704469,0.7652102798402259,1.088349866927686,0.3095238095238095,0.5952380952380952,0.7380952380952381,0.8095238095238095
20260701,Lasso,regularized linear,linear_baseline,1,0.2446137999941129,L1-regularized linear model. Seed-level fold metric before formal rowwise-median aggregation.,122,0.7366018867138036,0.3719586048007777,0.251153490856039,0.0318830335547269,0.3721178438435122,0.1781777480636321,0.2938859346183182,0.5694662877142633,0.8196241887495863,1.506122419312831,0.3114754098360656,0.5491803278688525,0.7540983606557377,0.8524590163934426
20260701,Lasso,regularized linear,linear_baseline,2,0.2446137999941129,L1-regularized linear model. Seed-level fold metric before formal rowwise-median aggregation.,122,0.7259421339755665,0.4173853205893515,0.2601605968417633,0.0034522982829238,0.4190921679389993,0.1721306927577153,0.3013698694471785,0.6032914701940444,0.834886360157541,2.7316563969277965,0.3278688524590163,0.5819672131147541,0.7459016393442623,0.8688524590163934
20260701,Lasso,regularized linear,linear_baseline,3,0.2446137999941129,L1-regularized linear model. Seed-level fold metric before formal rowwise-median aggregation.,97,0.665383995205025,0.4679896761019217,0.3157003443590836,0.051158268483579,0.4676016527725898,0.1880615852709581,0.4635356103497585,0.7627421002430413,0.9821018500090422,2.1433251864560745,0.2886597938144329,0.5257731958762887,0.6701030927835051,0.7628865979381443
20260701,Lasso,regularized linear,linear_baseline,4,0.2446137999941129,L1-regularized linear model. Seed-level fold metric before formal rowwise-median aggregation.,94,0.7790629804031441,0.3626817339634674,0.2647713226592403,-0.0615982713121461,0.3593289317883959,0.1937187540891258,0.3740502534403145,0.589578550059084,0.7123497603259196,1.6058297879086965,0.3085106382978723,0.5425531914893617,0.6702127659574468,0.8297872340425532
20260701,Lasso,regularized linear,linear_baseline,5,0.2446137999941129,L1-regularized linear model. Seed-level fold metric before formal rowwise-median aggregation.,85,0.7488066942607021,0.3461358021343136,0.2326353391060118,-0.0265290344125162,0.3471658607215663,0.1383463186148787,0.2611394634399886,0.6283550086179944,0.8553463316776813,1.1294941978474284,0.3529411764705882,0.611764705882353,0.7764705882352941,0.8705882352941177
20260811,Lasso,regularized linear,linear_baseline,1,0.2432310000003781,L1-regularized linear model. Seed-level fold metric before formal rowwise-median aggregation.,127,0.6810447874879151,0.4392873111837638,0.2664769961280478,0.0705525373239962,0.4353018613105519,0.1614230420311173,0.3159922352649928,0.5541821438980777,0.9729071021752967,2.4359559914831266,0.3385826771653543,0.5590551181102362,0.7322834645669292,0.8661417322834646
20260811,Lasso,regularized linear,linear_baseline,2,0.2432310000003781,L1-regularized linear model. Seed-level fold metric before formal rowwise-median aggregation.,121,0.7084485734730392,0.4137813721332969,0.2450170231756301,-0.0131510598873933,0.4152919745928821,0.1650386937369603,0.2833215525498431,0.5269390468532009,0.6771050067717255,2.817739299575358,0.371900826446281,0.628099173553719,0.768595041322314,0.8512396694214877
20260811,Lasso,regularized linear,linear_baseline,3,0.2432310000003781,L1-regularized linear model. Seed-level fold metric before formal rowwise-median aggregation.,97,0.6839214457326966,0.3890703369902899,0.2868150644526732,-0.0897487801230049,0.3805440966076363,0.2019372815148443,0.3642769286617593,0.693955944742747,0.8616509806247407,1.1910667625654696,0.2371134020618556,0.4948453608247423,0.7010309278350515,0.8247422680412371
20260811,Lasso,regularized linear,linear_baseline,4,0.2432310000003781,L1-regularized linear model. Seed-level fold metric before formal rowwise-median aggregation.,93,0.7048436588825915,0.4192823591567928,0.3213811689481897,-0.0299395334527315,0.4204788013114752,0.2391117452182669,0.4889584000788005,0.6788017981645396,0.8106382721336384,1.6389436877821808,0.2043010752688172,0.3440860215053763,0.5806451612903226,0.7526881720430108
20260811,Lasso,regularized linear,linear_baseline,5,0.2432310000003781,L1-regularized linear model. Seed-level fold metric before formal rowwise-median aggregation.,82,0.7879109060010338,0.3627918646500033,0.2423761573463274,0.0611151861037061,0.3598078264314335,0.147621450361246,0.2760858551207921,0.605835220478316,0.7741417323131811,1.369230170153287,0.3170731707317073,0.5975609756097561,0.7682926829268293,0.8658536585365854
20260903,Lasso,regularized linear,linear_baseline,1,0.2240713000064715,L1-regularized linear model. Seed-level fold metric before formal rowwise-median aggregation.,121,0.8083761911457624,0.3075212417682851,0.2154051567527536,-0.0345861094128319,0.3068407151398125,0.1526258888503662,0.2996624268036356,0.5148200022284755,0.6326258133332132,1.120015403642924,0.3553719008264462,0.5785123966942148,0.7520661157024794,0.8842975206611571
20260903,Lasso,regularized linear,linear_baseline,2,0.2240713000064715,L1-regularized linear model. Seed-level fold metric before formal rowwise-median aggregation.,115,0.6526370758119202,0.4698694586872605,0.323210683082134,-0.0290924151808577,0.4710203375166534,0.2077328734561661,0.4077559314703478,0.716400083841522,0.8740681601808136,2.2436987978365157,0.2,0.4869565217391304,0.6521739130434783,0.8
20260903,Lasso,regularized linear,linear_baseline,3,0.2240713000064715,L1-regularized linear model. Seed-level fold metric before formal rowwise-median aggregation.,109,0.7988512632442144,0.3204268798460821,0.2182357678328464,-0.0470392255555935,0.3184193590567172,0.1340788275988202,0.2908572181877389,0.4964641325041314,0.6899394874815241,1.0446751433263657,0.3944954128440367,0.6238532110091743,0.7522935779816514,0.8990825688073395
20260903,Lasso,regularized linear,linear_baseline,4,0.2240713000064715,L1-regularized linear model. Seed-level fold metric before formal rowwise-median aggregation.,92,0.7254166280442191,0.4145469312993204,0.2973534826489846,0.1347829518091673,0.3941719614405884,0.1761359046784001,0.4558306698984982,0.7338477804958019,0.8350477205511823,1.3660400531206562,0.2282608695652173,0.5869565217391305,0.6630434782608695,0.7608695652173914
20260903,Lasso,regularized linear,linear_baseline,5,0.2240713000064715,L1-regularized linear model. Seed-level fold metric before formal rowwise-median aggregation.,83,0.6126492516296786,0.5067018888982205,0.2989659147948129,0.0045582719817198,0.5097615438312252,0.1956823227134094,0.2836378153397909,0.7576375456991996,0.9549903531761552,2.8010127026580207,0.3132530120481928,0.5060240963855421,0.7590361445783133,0.8313253012048193
20260523,LightGBM,boosting ensemble,conventional_ml,1,0.7572713999979896,LightGBM gradient boosting. Seed-level fold metric before formal rowwise-median aggregation.,117,0.7512265395982748,0.3856667857767804,0.279892389644693,-0.0252996971933588,0.3864912789741669,0.1964183546555986,0.3466364974366556,0.7510993270100643,0.8410584391756654,1.0565519115301427,0.2735042735042735,0.5128205128205128,0.6581196581196581,0.8205128205128205
20260523,LightGBM,boosting ensemble,conventional_ml,2,0.7572713999979896,LightGBM gradient boosting. Seed-level fold metric before formal rowwise-median aggregation.,122,0.6522909905069493,0.4426830406261749,0.2883995191688015,-0.0078970449627884,0.4444378114604355,0.1783207869914491,0.3365170279930041,0.6373300285862208,0.8791378011273671,2.4531372876820896,0.2704918032786885,0.5573770491803278,0.680327868852459,0.8442622950819673
20260523,LightGBM,boosting ensemble,conventional_ml,3,0.7572713999979896,LightGBM gradient boosting. Seed-level fold metric before formal rowwise-median aggregation.,90,0.7922675650384883,0.3459902857795585,0.2392215096985385,-0.0234533761015826,0.347128340257658,0.1632417427362824,0.3325204991272894,0.5239152424157788,0.6722683980360094,1.505450345932104,0.3444444444444444,0.5666666666666667,0.7444444444444445,0.8888888888888888
20260523,LightGBM,boosting ensemble,conventional_ml,4,0.7572713999979896,LightGBM gradient boosting. Seed-level fold metric before formal rowwise-median aggregation.,90,0.7877906999357799,0.3410023091486279,0.2491799461013517,0.0108171209534203,0.3427401286739829,0.1561557414327232,0.3622063209445478,0.5870074071850021,0.6649689172800674,1.097824186555222,0.3666666666666666,0.5444444444444444,0.6444444444444445,0.8555555555555555
20260523,LightGBM,boosting ensemble,conventional_ml,5,0.7572713999979896,LightGBM gradient boosting. Seed-level fold metric before formal rowwise-median aggregation.,101,0.6715084683390985,0.4478793465087486,0.3023387477572488,0.0394896087774533,0.4483601728811163,0.1914013120617852,0.401610216308228,0.6756435255817195,0.9824418642810572,2.021938196531892,0.3267326732673267,0.504950495049505,0.6534653465346535,0.801980198019802
20260607,LightGBM,boosting ensemble,conventional_ml,1,0.7217174999968847,LightGBM gradient boosting. Seed-level fold metric before formal rowwise-median aggregation.,123,0.7250721439920587,0.3863223948770375,0.2674473893443154,0.0037516339383286,0.3878841608939967,0.151051352198813,0.3616491796308096,0.6655306883918285,0.9346672461166656,1.2785107239152396,0.3170731707317073,0.5934959349593496,0.6991869918699187,0.8211382113821138
20260607,LightGBM,boosting ensemble,conventional_ml,2,0.7217174999968847,LightGBM gradient boosting. Seed-level fold metric before formal rowwise-median aggregation.,114,0.6931598373144754,0.4205278559180697,0.2666531927633538,0.0675244345202415,0.4169037858423873,0.1928216738798127,0.3202163156415167,0.5447111584378,0.7376084666624443,2.659248593885117,0.2807017543859649,0.5175438596491229,0.7017543859649122,0.8859649122807017
20260607,LightGBM,boosting ensemble,conventional_ml,3,0.7217174999968847,LightGBM gradient boosting. Seed-level fold metric before formal rowwise-median aggregation.,100,0.6839594617224479,0.4324272025270503,0.2941088166582422,-0.0767810224399916,0.4276999326659577,0.1936112926522746,0.3418799464602422,0.6779096178654962,0.9321290757185188,1.5578354345839571,0.3,0.52,0.67,0.82
20260607,LightGBM,boosting ensemble,conventional_ml,4,0.7217174999968847,LightGBM gradient boosting. Seed-level fold metric before formal rowwise-median aggregation.,99,0.7488356874445223,0.3791386898618126,0.2739817800010659,-0.0319316643416277,0.379714245153282,0.1752480369272149,0.3517931437198704,0.6794851227873168,0.8405392643092858,1.1099060443987838,0.2828282828282828,0.5353535353535354,0.6767676767676768,0.8181818181818182
20260607,LightGBM,boosting ensemble,conventional_ml,5,0.7217174999968847,LightGBM gradient boosting. Seed-level fold metric before formal rowwise-median aggregation.,84,0.7733074692546944,0.3791474840671127,0.2557378551082625,0.0528387657758957,0.3777025328948269,0.1451377715592023,0.3178795488155526,0.6436779186178272,0.8124611995537883,1.439037955334328,0.3571428571428571,0.5714285714285714,0.7380952380952381,0.8452380952380952
20260701,LightGBM,boosting ensemble,conventional_ml,1,0.7211146999907214,LightGBM gradient boosting. Seed-level fold metric before formal rowwise-median aggregation.,122,0.7619662346575224,0.3535961790607397,0.2540065864467477,0.0300635364317812,0.3537686814630359,0.2012166745655577,0.2978031719579732,0.546471493480713,0.7860233444524958,1.3931101355082518,0.2786885245901639,0.5,0.7540983606557377,0.8934426229508197
20260701,LightGBM,boosting ensemble,conventional_ml,2,0.7211146999907214,LightGBM gradient boosting. Seed-level fold metric before formal rowwise-median aggregation.,122,0.7600714413602926,0.3905323434955339,0.2502994901838593,-0.0046585858650634,0.3921148917169524,0.1594924095083882,0.3017866827485225,0.6142528023010307,0.7530740378418129,2.47872903886455,0.3278688524590163,0.6065573770491803,0.7459016393442623,0.8442622950819673
20260701,LightGBM,boosting ensemble,conventional_ml,3,0.7211146999907214,LightGBM gradient boosting. Seed-level fold metric before formal rowwise-median aggregation.,97,0.6679109940680206,0.4662192129725642,0.3325037579048499,0.0401641723815605,0.4668988759932519,0.2153197574820282,0.5177863319011422,0.7611610702643407,0.9510589065211376,1.586433603176097,0.3402061855670103,0.4845360824742268,0.5463917525773195,0.7319587628865979
20260701,LightGBM,boosting ensemble,conventional_ml,4,0.7211146999907214,LightGBM gradient boosting. Seed-level fold metric before formal rowwise-median aggregation.,94,0.7830815544078127,0.3593682292247149,0.258726632203582,-0.037875210319245,0.3592829373894041,0.1969420122352652,0.3316809603428119,0.5559554717718407,0.689115546863323,1.5534907358409455,0.3085106382978723,0.5,0.6914893617021277,0.851063829787234
20260701,LightGBM,boosting ensemble,conventional_ml,5,0.7211146999907214,LightGBM gradient boosting. Seed-level fold metric before formal rowwise-median aggregation.,85,0.751019403536082,0.3446079110423953,0.2377336466370564,-0.0041658157208057,0.3466277500749975,0.1665880037601965,0.3127399607746497,0.4386179406705722,0.6670956272544059,1.4409908731518328,0.3058823529411765,0.5294117647058824,0.7176470588235294,0.9176470588235294
20260811,LightGBM,boosting ensemble,conventional_ml,1,0.6982334000058472,LightGBM gradient boosting. Seed-level fold metric before formal rowwise-median aggregation.,127,0.7031002498920359,0.4238271003206164,0.2794067371675544,0.0601874944701901,0.4211932530889011,0.1807099358456199,0.3388134389346078,0.6742276308341063,0.8965739679520145,1.991781934359885,0.3149606299212598,0.5511811023622047,0.7086614173228346,0.84251968503937
20260811,LightGBM,boosting ensemble,conventional_ml,2,0.6982334000058472,LightGBM gradient boosting. Seed-level fold metric before formal rowwise-median aggregation.,121,0.7585369401532843,0.3765639145036449,0.2263491990772337,-7.916245696733764e-05,0.3781296672240145,0.1401023830025209,0.2935842248958948,0.4601306449158855,0.6240259638243586,2.691357993157752,0.3636363636363636,0.628099173553719,0.7603305785123967,0.9256198347107438
20260811,LightGBM,boosting ensemble,conventional_ml,3,0.6982334000058472,LightGBM gradient boosting. Seed-level fold metric before formal rowwise-median aggregation.,97,0.6481738214733264,0.4104825329838175,0.3032445491196751,-0.0798528570509151,0.4047322265148079,0.2080814041076948,0.4243652362988115,0.7290589530467646,0.8787408856108241,1.1772657601730856,0.268041237113402,0.4742268041237113,0.6288659793814433,0.7938144329896907
20260811,LightGBM,boosting ensemble,conventional_ml,4,0.6982334000058472,LightGBM gradient boosting. Seed-level fold metric before formal rowwise-median aggregation.,93,0.705279144031049,0.4189729322272914,0.2990853859694445,-0.0185620830711211,0.4208301879468771,0.196264190723113,0.4097655808543123,0.6825635601466812,0.9120488168074536,1.6059806867197892,0.2580645161290322,0.5161290322580645,0.6451612903225806,0.8172043010752689
20260811,LightGBM,boosting ensemble,conventional_ml,5,0.6982334000058472,LightGBM gradient boosting. Seed-level fold metric before formal rowwise-median aggregation.,82,0.7811832738198452,0.368500964869659,0.2635382291791832,0.0657401689046945,0.3648209045948987,0.169018372698595,0.3997719291067021,0.6150938640880469,0.7263317328087212,1.2122375537285492,0.3170731707317073,0.573170731707317,0.6829268292682927,0.8292682926829268
20260903,LightGBM,boosting ensemble,conventional_ml,1,0.7155398999893805,LightGBM gradient boosting. Seed-level fold metric before formal rowwise-median aggregation.,121,0.7920230424540622,0.3203745401954384,0.2326400787890243,-0.0315758427946193,0.320140337339567,0.1667980997767628,0.298119755778238,0.5471990381638463,0.6953999181707431,1.2455444685083137,0.2975206611570248,0.5867768595041323,0.7520661157024794,0.8842975206611571
20260903,LightGBM,boosting ensemble,conventional_ml,2,0.7155398999893805,LightGBM gradient boosting. Seed-level fold metric before formal rowwise-median aggregation.,115,0.6474832468968967,0.4733423543689817,0.323830508164,-0.0195471997273359,0.4750083333855783,0.2031914215835755,0.4308316205307214,0.7104867787235408,0.973269739818616,2.1066416896292357,0.2695652173913043,0.4956521739130435,0.6608695652173913,0.7739130434782608
20260903,LightGBM,boosting ensemble,conventional_ml,3,0.7155398999893805,LightGBM gradient boosting. Seed-level fold metric before formal rowwise-median aggregation.,109,0.7681579666153151,0.3440062830129081,0.2495369773023784,-0.0614782521470606,0.3400316087147831,0.1657350001265172,0.3600567917309689,0.594289139642244,0.7648689528724852,1.0956493936997234,0.3669724770642202,0.5596330275229358,0.6880733944954128,0.8256880733944955
20260903,LightGBM,boosting ensemble,conventional_ml,4,0.7155398999893805,LightGBM gradient boosting. Seed-level fold metric before formal rowwise-median aggregation.,92,0.7622074627467096,0.3857764373404249,0.2694778414376865,0.1435927475966261,0.3600186439756268,0.1758181767903579,0.3035461491082252,0.6967436686945668,0.8359743530643637,1.162396309637323,0.3043478260869565,0.5869565217391305,0.7391304347826086,0.8043478260869565
20260903,LightGBM,boosting ensemble,conventional_ml,5,0.7155398999893805,LightGBM gradient boosting. Seed-level fold metric before formal rowwise-median aggregation.,83,0.6234588287107299,0.4995817421985287,0.2970843119253281,0.0188588017309866,0.502260497553703,0.1737923057574875,0.3355895536833841,0.6665872627896348,1.1233150065900672,2.630821098375087,0.3253012048192771,0.6024096385542169,0.7228915662650602,0.8554216867469879
20260523,LinearSVR,kernel/linear margin,conventional_ml,1,0.3091124000056879,Linear support vector regression. Seed-level fold metric before formal rowwise-median aggregation.,117,0.7558757955591153,0.3820459808850768,0.252833480479854,-0.0317872914233565,0.3823588071036205,0.1314847509718433,0.3527819306406954,0.6746513433810337,0.7626825180344964,1.938362623345,0.4273504273504273,0.5897435897435898,0.7008547008547008,0.8461538461538461
20260523,LinearSVR,kernel/linear margin,conventional_ml,2,0.3091124000056879,Linear support vector regression. Seed-level fold metric before formal rowwise-median aggregation.,122,0.6790179100809661,0.4253293110160402,0.2516866421893132,0.0274922371808041,0.4261901407416242,0.1261482680718373,0.3021000094901822,0.6443172831377414,0.7243764558755839,2.7431025769453328,0.4180327868852459,0.6147540983606558,0.7377049180327869,0.8360655737704918
20260523,LinearSVR,kernel/linear margin,conventional_ml,3,0.3091124000056879,Linear support vector regression. Seed-level fold metric before formal rowwise-median aggregation.,90,0.7466576583883997,0.3820899720302077,0.2339104228397198,0.0332431864218802,0.3827735469742757,0.13470432756678,0.2466220948284814,0.5335630708093221,0.8759212262997953,1.5501020972787103,0.4,0.6444444444444445,0.7777777777777778,0.8777777777777778
20260523,LinearSVR,kernel/linear margin,conventional_ml,4,0.3091124000056879,Linear support vector regression. Seed-level fold metric before formal rowwise-median aggregation.,90,0.7374184442222449,0.3793212927699196,0.245489970685105,0.0216985077252557,0.3808217550555966,0.1220148973240995,0.295303005050922,0.5832642239997144,0.8589869149679611,1.706111153292305,0.4222222222222222,0.6444444444444445,0.7555555555555555,0.8333333333333334
20260523,LinearSVR,kernel/linear margin,conventional_ml,5,0.3091124000056879,Linear support vector regression. Seed-level fold metric before formal rowwise-median aggregation.,101,0.6544128468006243,0.4593859850957744,0.2697683948275621,0.0976901740429039,0.4511175393729011,0.1436787408354192,0.28693354163061,0.7459921257582138,0.8985480266789025,2.461028911526149,0.4158415841584158,0.6435643564356436,0.7623762376237624,0.801980198019802
20260607,LinearSVR,kernel/linear margin,conventional_ml,1,0.3116888999938965,Linear support vector regression. Seed-level fold metric before formal rowwise-median aggregation.,123,0.7701125373230628,0.3532630022035062,0.2301396117964556,0.0357344518196599,0.3528884223711012,0.1215531103992475,0.2902534048492207,0.6628394296843125,0.7511158252099698,1.465086605563691,0.4227642276422764,0.6341463414634146,0.7560975609756098,0.8780487804878049
20260607,LinearSVR,kernel/linear margin,conventional_ml,2,0.3116888999938965,Linear support vector regression. Seed-level fold metric before formal rowwise-median aggregation.,114,0.6335486456240313,0.4595648798602956,0.2408824926762646,0.0604750719570127,0.4575798346117952,0.1180046471679148,0.2554074052698318,0.5451836264516544,0.7923274249758133,2.752110985413026,0.4385964912280701,0.631578947368421,0.7807017543859649,0.8771929824561403
20260607,LinearSVR,kernel/linear margin,conventional_ml,3,0.3116888999938965,Linear support vector regression. Seed-level fold metric before formal rowwise-median aggregation.,100,0.6387206740468816,0.4623418055760384,0.2864034788088925,-0.0332348679692576,0.4634689018305515,0.1512782806431474,0.3390625412436101,0.7553076344830233,0.9884640802183636,1.871688341633451,0.38,0.6,0.73,0.81
20260607,LinearSVR,kernel/linear margin,conventional_ml,4,0.3116888999938965,Linear support vector regression. Seed-level fold metric before formal rowwise-median aggregation.,99,0.7421390249138098,0.3841598291921727,0.2559094831992931,0.000823030078703,0.3861139675475237,0.1482329947719591,0.31222452471604,0.6502920977885893,0.7530612353376588,1.7279286769640478,0.3535353535353535,0.5858585858585859,0.7373737373737373,0.8181818181818182
20260607,LinearSVR,kernel/linear margin,conventional_ml,5,0.3116888999938965,Linear support vector regression. Seed-level fold metric before formal rowwise-median aggregation.,84,0.805615032556354,0.351091981724675,0.2320516487210233,0.1335746510548073,0.3266397917876478,0.1221025434951137,0.3423825183522542,0.5852290306017089,0.7278758368417192,1.245973500108569,0.4523809523809524,0.6547619047619048,0.7380952380952381,0.8333333333333334
20260701,LinearSVR,kernel/linear margin,conventional_ml,1,0.3038588999916101,Linear support vector regression. Seed-level fold metric before formal rowwise-median aggregation.,122,0.662654419909745,0.4209454235691987,0.2596083295532702,0.0565179905715301,0.4188541383681605,0.1251446911490745,0.3764384992497831,0.6997170518973058,0.8166269703757606,1.907227047507433,0.4016393442622951,0.6475409836065574,0.7213114754098361,0.819672131147541
20260701,LinearSVR,kernel/linear margin,conventional_ml,2,0.3038588999916101,Linear support vector regression. Seed-level fold metric before formal rowwise-median aggregation.,122,0.7065616881997638,0.4318912870873719,0.2426682351938112,0.0551432547770108,0.4301229427203045,0.1177008889026254,0.2478005455012102,0.569338717145314,0.8325281611904066,2.778417491850057,0.3934426229508196,0.639344262295082,0.7950819672131147,0.860655737704918
20260701,LinearSVR,kernel/linear margin,conventional_ml,3,0.3038588999916101,Linear support vector regression. Seed-level fold metric before formal rowwise-median aggregation.,97,0.6301981041949469,0.4919800411014112,0.3110933842091671,0.0776261558009956,0.4883411381853266,0.1501950449428832,0.4032059330023401,0.8050451856074874,0.9934785364891878,2.462482960898789,0.4020618556701031,0.5463917525773195,0.6288659793814433,0.8041237113402062
20260701,LinearSVR,kernel/linear margin,conventional_ml,4,0.3038588999916101,Linear support vector regression. Seed-level fold metric before formal rowwise-median aggregation.,94,0.8160557787681261,0.3309287601150802,0.2204725180632774,-0.0168506350878361,0.3322715988858604,0.1283421336478696,0.2638690908919994,0.6171656969818308,0.7265765657993379,1.4935172914183994,0.3936170212765957,0.6276595744680851,0.7659574468085106,0.8829787234042553
20260701,LinearSVR,kernel/linear margin,conventional_ml,5,0.3038588999916101,Linear support vector regression. Seed-level fold metric before formal rowwise-median aggregation.,85,0.7386497359398116,0.3530644276888763,0.228464731215626,0.0092802166138518,0.3550370747358022,0.1385928683576907,0.2705271450273869,0.6347736179708182,0.7741386173139998,1.3356050024511177,0.4235294117647059,0.6588235294117647,0.7764705882352941,0.8470588235294118
20260811,LinearSVR,kernel/linear margin,conventional_ml,1,0.298627199998009,Linear support vector regression. Seed-level fold metric before formal rowwise-median aggregation.,127,0.61629146805609,0.481819680035612,0.2700617901258678,0.1111831142873093,0.4706727870758164,0.1231123467368959,0.3302905995357967,0.6189242025870414,0.953310347534412,2.721775629539387,0.4015748031496063,0.6377952755905512,0.7401574803149606,0.8582677165354331
20260811,LinearSVR,kernel/linear margin,conventional_ml,2,0.298627199998009,Linear support vector regression. Seed-level fold metric before formal rowwise-median aggregation.,121,0.722064817423538,0.4040034863791615,0.2244552949415941,-0.0012326031823847,0.4056814536596146,0.1096601199185087,0.2584628848639525,0.540808110141775,0.6774282127262268,2.8344885006545013,0.4545454545454545,0.6611570247933884,0.7851239669421488,0.8842975206611571
20260811,LinearSVR,kernel/linear margin,conventional_ml,3,0.298627199998009,Linear support vector regression. Seed-level fold metric before formal rowwise-median aggregation.,97,0.6928801963974555,0.3835169092264613,0.266869479203033,-0.039847933723017,0.3834226901994676,0.1697501516543269,0.3573891463461223,0.6933823186491583,0.8057550165438108,1.2649074592022205,0.3195876288659793,0.5979381443298969,0.6907216494845361,0.8144329896907216
20260811,LinearSVR,kernel/linear margin,conventional_ml,4,0.298627199998009,Linear support vector regression. Seed-level fold metric before formal rowwise-median aggregation.,93,0.7181663055492231,0.4097104000310287,0.2829651754108498,0.0048401631803941,0.4119023229823486,0.1584486916546836,0.3832815543751593,0.7273999136661842,0.7977664938742606,1.5697404934264938,0.3440860215053763,0.5376344086021505,0.6881720430107527,0.7741935483870968
20260811,LinearSVR,kernel/linear margin,conventional_ml,5,0.298627199998009,Linear support vector regression. Seed-level fold metric before formal rowwise-median aggregation.,82,0.7623676235934607,0.3840176422619134,0.2270929407160999,0.084028730882901,0.3770174571109316,0.1196185551052515,0.2531460857503731,0.5920636322391579,0.8875386140260356,1.7092477784680042,0.4634146341463415,0.6829268292682927,0.7926829268292683,0.8902439024390244
20260903,LinearSVR,kernel/linear margin,conventional_ml,1,0.296910699995351,Linear support vector regression. Seed-level fold metric before formal rowwise-median aggregation.,121,0.7933038259411319,0.3193865362543055,0.2119947213831347,-0.0185222607340932,0.3201747821260594,0.115666362930753,0.2762058838933825,0.5758348525535695,0.7065655330277778,1.1251253729433015,0.4545454545454545,0.6776859504132231,0.7520661157024794,0.8677685950413223
20260903,LinearSVR,kernel/linear margin,conventional_ml,2,0.296910699995351,Linear support vector regression. Seed-level fold metric before formal rowwise-median aggregation.,115,0.6271985736910464,0.4867705201386271,0.2975927582415528,0.0098188025070677,0.4888013444582326,0.1529974464301489,0.3649239447741372,0.7541916004082911,0.8314067832867684,2.633490980217303,0.3304347826086956,0.591304347826087,0.7130434782608696,0.808695652173913
20260903,LinearSVR,kernel/linear margin,conventional_ml,3,0.296910699995351,Linear support vector regression. Seed-level fold metric before formal rowwise-median aggregation.,109,0.7602187462535929,0.3498467948647174,0.2209686726666298,0.0302678010332298,0.3501448611679701,0.1085479380867795,0.3061395642553535,0.5548667019856,0.7327640675073193,1.5440373743918343,0.4678899082568807,0.6697247706422018,0.7339449541284404,0.8715596330275229
20260903,LinearSVR,kernel/linear margin,conventional_ml,4,0.296910699995351,Linear support vector regression. Seed-level fold metric before formal rowwise-median aggregation.,92,0.677811729049048,0.4490466395758421,0.2888372671621169,0.1562101705170364,0.4233071855918792,0.1240668917403091,0.4661289744316335,0.7586436429962689,0.8378934749641268,1.9195043896986728,0.4347826086956521,0.5978260869565217,0.6847826086956522,0.7608695652173914
20260903,LinearSVR,kernel/linear margin,conventional_ml,5,0.296910699995351,Linear support vector regression. Seed-level fold metric before formal rowwise-median aggregation.,83,0.6166117916977452,0.5041034843245014,0.2722763688592104,0.0268668023845202,0.5064471575802563,0.1216991432644647,0.2544112936127156,0.6429144216202388,1.1149172387050328,2.746886411978778,0.4216867469879518,0.6385542168674698,0.8072289156626506,0.8554216867469879
20260523,MLP,neural network,conventional_ml,1,6.722856699998374,Feed-forward neural network. Seed-level fold metric before formal rowwise-median aggregation.,117,0.6237781027133704,0.4742772023414715,0.3510523241840717,-0.0032974067313466,0.4763056016692529,0.236300977112343,0.5235420727108107,0.7275759271944026,0.8902868218325094,1.8108886650432647,0.2222222222222222,0.4273504273504273,0.5811965811965812,0.7094017094017094
20260523,MLP,neural network,conventional_ml,2,6.722856699998374,Feed-forward neural network. Seed-level fold metric before formal rowwise-median aggregation.,122,0.4851710111337031,0.5386620863973479,0.3860978900796326,-0.0233111135436047,0.5403766600924311,0.2856294573599136,0.5198615208697497,0.7671297791797977,0.9596908066308032,2.64189427227015,0.180327868852459,0.3442622950819672,0.5245901639344263,0.7295081967213115
20260523,MLP,neural network,conventional_ml,3,6.722856699998374,Feed-forward neural network. Seed-level fold metric before formal rowwise-median aggregation.,90,0.5227591059272527,0.524421604459925,0.4083276214233216,-0.0695180971138146,0.5227055029000734,0.3135431476649515,0.5562715325606771,0.8432050646635787,1.0916865459148437,1.5669820776061414,0.1222222222222222,0.3111111111111111,0.4555555555555555,0.6888888888888889
20260523,MLP,neural network,conventional_ml,4,6.722856699998374,Feed-forward neural network. Seed-level fold metric before formal rowwise-median aggregation.,90,0.6091070908211745,0.4628113591205419,0.3397050831729167,0.0348428663583278,0.4640833612586529,0.2541925678127086,0.4542297049197454,0.661930516058267,0.969080383239503,1.6322150062889094,0.1666666666666666,0.4,0.5777777777777777,0.8111111111111111
20260523,MLP,neural network,conventional_ml,5,6.722856699998374,Feed-forward neural network. Seed-level fold metric before formal rowwise-median aggregation.,101,0.3702239311946924,0.6201432537914484,0.4614656157613279,0.0597861219975136,0.6203332230244796,0.3120232469993027,0.6329121597227285,1.1074686615346678,1.227860025867578,1.9757876763308249,0.1683168316831683,0.3366336633663366,0.4752475247524752,0.6435643564356436
20260607,MLP,neural network,conventional_ml,1,7.813546000004862,Feed-forward neural network. Seed-level fold metric before formal rowwise-median aggregation.,123,0.4524378969231886,0.5452017026442112,0.4174084785782357,0.0057491265095145,0.5474011388069706,0.3262881451781467,0.573818010937444,0.9085362253903356,1.1722033005830852,1.608218219267819,0.2113821138211382,0.3495934959349593,0.4552845528455284,0.6666666666666666
20260607,MLP,neural network,conventional_ml,2,7.813546000004862,Feed-forward neural network. Seed-level fold metric before formal rowwise-median aggregation.,114,0.5974264669533595,0.4816829525419894,0.3171727429321949,0.0509419238265528,0.4810963340413932,0.2233543871925505,0.385684882714175,0.6149275626312914,0.7774187279143994,2.7468448738892164,0.2280701754385964,0.4736842105263157,0.5789473684210527,0.8245614035087719
20260607,MLP,neural network,conventional_ml,3,7.813546000004862,Feed-forward neural network. Seed-level fold metric before formal rowwise-median aggregation.,100,0.4711630493807207,0.5593742957605954,0.4289236683192303,-0.1282053170887879,0.5472271696285023,0.3497332103886741,0.6070786001577559,0.8981673947963466,1.2494687179853723,1.81606284972446,0.17,0.3,0.43,0.64
20260607,MLP,neural network,conventional_ml,4,7.813546000004862,Feed-forward neural network. Seed-level fold metric before formal rowwise-median aggregation.,99,0.4784560553059107,0.54634200615762,0.4164457168319337,-0.0729067234605721,0.5442111454289525,0.3332851237223977,0.6053899937738016,0.851724054032853,1.05653412429915,1.7931296458412262,0.1818181818181818,0.3131313131313131,0.4444444444444444,0.696969696969697
20260607,MLP,neural network,conventional_ml,5,7.813546000004862,Feed-forward neural network. Seed-level fold metric before formal rowwise-median aggregation.,84,0.6908436899632875,0.4427704517551968,0.3167253432973471,0.038184704421047,0.4437702448644487,0.2008749115986532,0.3973300493981355,0.7920788531096731,0.875854075705276,1.5593923685540505,0.1666666666666666,0.4880952380952381,0.6428571428571429,0.8095238095238095
20260701,MLP,neural network,conventional_ml,1,8.033298299997114,Feed-forward neural network. Seed-level fold metric before formal rowwise-median aggregation.,122,0.5145132216300251,0.5049832622441573,0.3608526126083421,0.0178734686812214,0.5067479639919994,0.2892318261255795,0.4682065021521673,0.833552378351581,0.9180618092395824,2.4974617783133723,0.180327868852459,0.3934426229508196,0.5245901639344263,0.7704918032786885
20260701,MLP,neural network,conventional_ml,2,8.033298299997114,Feed-forward neural network. Seed-level fold metric before formal rowwise-median aggregation.,122,0.3376497840647878,0.6488732582792053,0.4685416271281556,-0.1126388608304703,0.6416570559117643,0.3147841012509111,0.6508005184720851,1.082315052558628,1.2484513188768256,2.7493924677773838,0.180327868852459,0.3360655737704918,0.4836065573770491,0.639344262295082
20260701,MLP,neural network,conventional_ml,3,8.033298299997114,Feed-forward neural network. Seed-level fold metric before formal rowwise-median aggregation.,97,0.4032501595245926,0.6249698602642905,0.4850276163917478,0.0887474716366657,0.6218502935974622,0.3901777448465608,0.6873599070685614,1.0158396938732348,1.238675710857987,2.219444191054599,0.1237113402061855,0.2886597938144329,0.422680412371134,0.5979381443298969
20260701,MLP,neural network,conventional_ml,4,8.033298299997114,Feed-forward neural network. Seed-level fold metric before formal rowwise-median aggregation.,94,0.748242662990134,0.3871528903402644,0.2960850956781219,-0.0123983532078037,0.3890291512094073,0.2160158607555224,0.4422064399223853,0.6598881379624403,0.8309736351563771,1.1673812723644872,0.2446808510638297,0.4468085106382978,0.6276595744680851,0.8085106382978723
20260701,MLP,neural network,conventional_ml,5,8.033298299997114,Feed-forward neural network. Seed-level fold metric before formal rowwise-median aggregation.,85,0.458742676383456,0.5080943721596904,0.3562368811156467,-0.083865886489717,0.5040992007060682,0.2479072842760388,0.4517263010191712,0.8855437087725708,1.0926847909143618,1.7588939979589495,0.2588235294117647,0.3647058823529411,0.611764705882353,0.788235294117647
20260811,MLP,neural network,conventional_ml,1,7.448220999998739,Feed-forward neural network. Seed-level fold metric before formal rowwise-median aggregation.,127,0.3909118378727934,0.6070491932791724,0.3956005603522456,0.0347113470412318,0.6084562065851421,0.2331825821533328,0.5154793246912845,0.8863642692198571,1.488654880285175,2.4083327084960544,0.2834645669291338,0.4724409448818897,0.5748031496062992,0.7322834645669292
20260811,MLP,neural network,conventional_ml,2,7.448220999998739,Feed-forward neural network. Seed-level fold metric before formal rowwise-median aggregation.,121,0.2848460881555344,0.6480568557428456,0.461575789452054,0.1375132374842926,0.635932409490315,0.3513817261947665,0.5722502373289231,1.005711025786404,1.4250268450214847,2.7913685756905906,0.1735537190082644,0.3305785123966942,0.4380165289256198,0.6694214876033058
20260811,MLP,neural network,conventional_ml,3,7.448220999998739,Feed-forward neural network. Seed-level fold metric before formal rowwise-median aggregation.,97,0.543607434855156,0.4675196686881144,0.3600955982864851,-0.055444283579028,0.4666319423849497,0.2907311979555231,0.5331870337008837,0.7567198121674796,1.0134267998409834,1.2610084723976982,0.2164948453608247,0.3711340206185567,0.5051546391752577,0.7216494845360825
20260811,MLP,neural network,conventional_ml,4,7.448220999998739,Feed-forward neural network. Seed-level fold metric before formal rowwise-median aggregation.,93,0.6337918276395655,0.4670297511347874,0.3830987373562713,-0.043159188489145,0.4675517732217765,0.3322660470849357,0.5157882904992093,0.7318156471310019,0.8281191074066665,1.5140226480085843,0.1290322580645161,0.3010752688172043,0.4516129032258064,0.7096774193548387
20260811,MLP,neural network,conventional_ml,5,7.448220999998739,Feed-forward neural network. Seed-level fold metric before formal rowwise-median aggregation.,82,0.6246070796819572,0.482660112987569,0.3435849272293727,0.0418153667165895,0.4838044358193069,0.2249360882561113,0.449632182826301,0.8859316069472264,1.0792538014099164,1.4289417964029525,0.2195121951219512,0.4634146341463415,0.6341463414634146,0.7682926829268293
20260903,MLP,neural network,conventional_ml,1,5.050556499991217,Feed-forward neural network. Seed-level fold metric before formal rowwise-median aggregation.,121,0.6682680357766582,0.4046169254025578,0.2998162780544072,-0.086355605936587,0.3969379196120263,0.237284703137206,0.3623430783709764,0.6475742021922812,0.80806178781976,1.4537326343197563,0.2314049586776859,0.4380165289256198,0.5867768595041323,0.8347107438016529
20260903,MLP,neural network,conventional_ml,2,5.050556499991217,Feed-forward neural network. Seed-level fold metric before formal rowwise-median aggregation.,115,0.4998276910355711,0.5638262715807874,0.394512522922923,0.0361079085277514,0.5651313509687176,0.3027510874130001,0.5068080129562986,0.7627062171309805,1.0951023094474406,2.7216892864453968,0.1478260869565217,0.3478260869565217,0.4869565217391304,0.7391304347826086
20260903,MLP,neural network,conventional_ml,3,5.050556499991217,Feed-forward neural network. Seed-level fold metric before formal rowwise-median aggregation.,109,0.0480202421833538,0.6970824406796793,0.4681532706285534,-0.0018875286022832,0.7002996708488499,0.3275325134348748,0.539762053185612,0.9377073158540952,1.1951544803811904,3.0346000827635398,0.1559633027522936,0.2844036697247706,0.4770642201834862,0.6697247706422018
20260903,MLP,neural network,conventional_ml,4,5.050556499991217,Feed-forward neural network. Seed-level fold metric before formal rowwise-median aggregation.,92,0.6558751130112167,0.4640818978673034,0.3492021818607013,0.0793654364495406,0.4597506306770961,0.3028502738222656,0.4835131430308053,0.815772961920407,0.9903359155503676,1.2932168997005178,0.2717391304347826,0.4130434782608695,0.4891304347826087,0.7717391304347826
20260903,MLP,neural network,conventional_ml,5,5.050556499991217,Feed-forward neural network. Seed-level fold metric before formal rowwise-median aggregation.,83,0.4499910069813689,0.6037890308724854,0.4130828543069894,0.0024950840148172,0.6074543280401739,0.2503337794322036,0.5779645421439028,0.8278435374915871,1.2204152839554048,2.613753988500015,0.180722891566265,0.3975903614457831,0.5542168674698795,0.7108433734939759
20260523,MeanTrain,constant baseline,linear_baseline,1,0.0190432999952463,Training-fold mean body temperature. Seed-level fold metric before formal rowwise-median aggregation.,117,-0.0032792576562044,0.7744994818038472,0.6556000933172155,-0.0442790184725709,0.7765584522540252,0.6203473945409499,0.920347394540947,1.2796526054590558,1.387791563275429,1.87965260545905,0.0769230769230769,0.1623931623931624,0.2136752136752136,0.3846153846153846
20260523,MeanTrain,constant baseline,linear_baseline,2,0.0190432999952463,Training-fold mean body temperature. Seed-level fold metric before formal rowwise-median aggregation.,122,-2.257564385121924e-05,0.7507404469103264,0.6110882280253728,0.0035670154048919,0.7538277879131969,0.5904522613065311,0.8095477386934675,1.2823618090452276,1.3904522613065282,2.590452261306531,0.0573770491803278,0.1639344262295081,0.2950819672131147,0.4672131147540984
20260523,MeanTrain,constant baseline,linear_baseline,3,0.0190432999952463,Training-fold mean body temperature. Seed-level fold metric before formal rowwise-median aggregation.,90,-0.0023429000605406,0.7600110537846723,0.6463152454780372,-0.0367441860465146,0.7633751194751557,0.6167441860465175,0.8167441860465132,1.2832558139534882,1.3832558139534823,1.7832558139534882,0.0666666666666666,0.1444444444444444,0.1888888888888888,0.3666666666666666
20260523,MeanTrain,constant baseline,linear_baseline,4,0.0190432999952463,Training-fold mean body temperature. Seed-level fold metric before formal rowwise-median aggregation.,90,-0.0013639522874726,0.7407490277063845,0.6234625322997414,-0.0273385012919858,0.7443914304637149,0.584883720930236,0.8151162790697626,1.2848837209302388,1.3534883720930213,1.6848837209302374,0.0555555555555555,0.1444444444444444,0.2555555555555555,0.4222222222222222
20260523,MeanTrain,constant baseline,linear_baseline,5,0.0190432999952463,Training-fold mean body temperature. Seed-level fold metric before formal rowwise-median aggregation.,101,-0.0176591589509036,0.7883155976047431,0.6387107445828114,0.1038446088045549,0.7853434639924394,0.5097852028639593,0.8097852028639636,1.3097852028639636,1.409785202863958,2.309785202863964,0.0693069306930693,0.1782178217821782,0.297029702970297,0.4356435643564356
20260607,MeanTrain,constant baseline,linear_baseline,1,0.0175143999949796,Training-fold mean body temperature. Seed-level fold metric before formal rowwise-median aggregation.,123,-0.0033045536502329,0.7380009208165605,0.6283549384612239,-0.0423542421822247,0.7397979991647534,0.5795969773299703,0.8204030226700283,1.2795969773299731,1.3204030226700283,1.6795969773299717,0.048780487804878,0.1382113821138211,0.2032520325203252,0.4308943089430894
20260607,MeanTrain,constant baseline,linear_baseline,2,0.0175143999949796,Training-fold mean body temperature. Seed-level fold metric before formal rowwise-median aggregation.,114,-0.0011749040216209,0.7596151959961376,0.5906792844179417,0.0260219514302954,0.7625211087149214,0.4953201970443288,0.7726600985221665,1.3018719211822678,1.3953201970443274,2.5953201970443303,0.0964912280701754,0.219298245614035,0.3157894736842105,0.5175438596491229
20260607,MeanTrain,constant baseline,linear_baseline,3,0.0175143999949796,Training-fold mean body temperature. Seed-level fold metric before formal rowwise-median aggregation.,100,-0.0053363241889758,0.7712537647327967,0.6520857142857139,-0.0561904761904742,0.7730792424787482,0.5788095238095252,0.8461904761904737,1.278809523809528,1.38092857142857,1.8788095238095224,0.07,0.13,0.21,0.4
20260607,MeanTrain,constant baseline,linear_baseline,4,0.0175143999949796,Training-fold mean body temperature. Seed-level fold metric before formal rowwise-median aggregation.,99,-0.0001864984348662,0.7565883211713985,0.6422754864560087,-0.0103313419227874,0.7603677678892343,0.6123515439429923,0.9123515439429896,1.2876484560570134,1.3876484560570077,1.687648456057012,0.0606060606060606,0.1515151515151515,0.2222222222222222,0.3838383838383838
20260607,MeanTrain,constant baseline,linear_baseline,5,0.0175143999949796,Training-fold mean body temperature. Seed-level fold metric before formal rowwise-median aggregation.,84,-0.0157007886571602,0.8025506814789322,0.675,0.0997815640017436,0.8011063420040325,0.6057339449541246,0.9278669724770604,1.3677064220183512,1.4057339449541215,1.6057339449541246,0.0714285714285714,0.1785714285714285,0.2738095238095238,0.3571428571428571
20260701,MeanTrain,constant baseline,linear_baseline,1,0.0185147000011056,Training-fold mean body temperature. Seed-level fold metric before formal rowwise-median aggregation.,122,-0.0064451945236054,0.7270819200511714,0.6040983606557379,0.0581843644451753,0.7277387664774461,0.596733668341713,0.8032663316582926,1.3026130653266343,1.3032663316582926,1.6032663316582898,0.0655737704918032,0.2049180327868852,0.3032786885245901,0.4262295081967213
20260701,MeanTrain,constant baseline,linear_baseline,2,0.0185147000011056,Training-fold mean body temperature. Seed-level fold metric before formal rowwise-median aggregation.,122,-0.0009271764215126,0.7976590107273553,0.6670977840019775,-0.0242771233215281,0.8005772879858308,0.5839195979899472,0.8839195979899444,1.28391959798995,1.3839195979899444,2.583919597989947,0.0655737704918032,0.1393442622950819,0.1885245901639344,0.3852459016393442
20260701,MeanTrain,constant baseline,linear_baseline,3,0.0185147000011056,Training-fold mean body temperature. Seed-level fold metric before formal rowwise-median aggregation.,97,-0.0061168277686614,0.8114973841691991,0.665935512173722,0.063274109819405,0.8132295825607242,0.5985815602836908,0.898581560283688,1.398581560283688,1.5014184397163106,2.301418439716315,0.0515463917525773,0.1134020618556701,0.268041237113402,0.4123711340206185
20260701,MeanTrain,constant baseline,linear_baseline,4,0.0185147000011056,Training-fold mean body temperature. Seed-level fold metric before formal rowwise-median aggregation.,94,-0.0044779090239805,0.7733242566931614,0.6531315552891822,-0.0516332034761777,0.7757358997928404,0.6197183098591594,0.8197183098591552,1.2802816901408465,1.4197183098591566,1.5802816901408434,0.0744680851063829,0.1702127659574468,0.202127659574468,0.3936170212765957
20260701,MeanTrain,constant baseline,linear_baseline,5,0.0185147000011056,Training-fold mean body temperature. Seed-level fold metric before formal rowwise-median aggregation.,85,-0.0072546618457023,0.6931259116580227,0.5769411764705888,-0.0588235294117663,0.6947240146868634,0.5799999999999983,0.8200000000000003,1.2039999999999995,1.2800000000000011,1.4200000000000017,0.0941176470588235,0.188235294117647,0.2941176470588235,0.4588235294117647
20260811,MeanTrain,constant baseline,linear_baseline,1,0.0204858000070089,Training-fold mean body temperature. Seed-level fold metric before formal rowwise-median aggregation.,127,-0.0208534069150923,0.7858967596122469,0.6426358918875595,0.1123239366071621,0.7809089400521794,0.582951653944022,0.8170483460559836,1.3170483460559836,1.417048346055978,2.317048346055984,0.0866141732283464,0.1889763779527559,0.2992125984251969,0.3700787401574803
20260811,MeanTrain,constant baseline,linear_baseline,2,0.0204858000070089,Training-fold mean body temperature. Seed-level fold metric before formal rowwise-median aggregation.,121,-0.0084920527162828,0.7695725885690576,0.6439404295863637,-0.070618695499084,0.7695120274112539,0.5731829573934775,0.8731829573934746,1.2731829573934803,1.3268170426065211,2.573182957393477,0.0330578512396694,0.140495867768595,0.2314049586776859,0.4545454545454545
20260811,MeanTrain,constant baseline,linear_baseline,3,0.0204858000070089,Training-fold mean body temperature. Seed-level fold metric before formal rowwise-median aggregation.,97,-0.0084087188142254,0.6949425475945278,0.5777777777777784,-0.0634593356242861,0.6956340898357275,0.5777777777777757,0.8222222222222229,1.1444444444444477,1.3222222222222229,1.4777777777777743,0.1030927835051546,0.2061855670103092,0.3195876288659793,0.4329896907216495
20260811,MeanTrain,constant baseline,linear_baseline,4,0.0204858000070089,Training-fold mean body temperature. Seed-level fold metric before formal rowwise-median aggregation.,93,-0.0038686035020099,0.7732482880393304,0.6535972400594303,-0.0480018130996493,0.775939913233046,0.618969555035136,0.9189695550351332,1.2810304449648695,1.3962060889929713,1.6810304449648683,0.075268817204301,0.1505376344086021,0.2258064516129032,0.3655913978494624
20260811,MeanTrain,constant baseline,linear_baseline,5,0.0204858000070089,Training-fold mean body temperature. Seed-level fold metric before formal rowwise-median aggregation.,82,-0.0066842656088201,0.7903965057980884,0.6549003229758333,0.0644058358391708,0.7926159145231911,0.5997716894977074,0.9748858447488526,1.300182648401833,1.400205479452063,1.8997716894977048,0.0609756097560975,0.1585365853658536,0.2073170731707317,0.4390243902439024
20260903,MeanTrain,constant baseline,linear_baseline,1,0.0179367999953683,Training-fold mean body temperature. Seed-level fold metric before formal rowwise-median aggregation.,121,-0.004668578892524,0.704144506591033,0.57729447585907,-0.0480001657035195,0.7054276002351719,0.5784461152882159,0.8215538847117827,1.2784461152882187,1.3215538847117827,1.7784461152882187,0.0991735537190082,0.2148760330578512,0.2892561983471074,0.4628099173553719
20260903,MeanTrain,constant baseline,linear_baseline,2,0.0179367999953683,Training-fold mean body temperature. Seed-level fold metric before formal rowwise-median aggregation.,115,-0.0017583305676742,0.7979339935598487,0.6852946859903385,-0.0334299516908222,0.8007224045721647,0.5822222222222209,0.8499999999999979,1.2822222222222237,1.3928888888888862,2.282222222222224,0.0347826086956521,0.0782608695652174,0.1565217391304348,0.3652173913043478
20260903,MeanTrain,constant baseline,linear_baseline,3,0.0179367999953683,Training-fold mean body temperature. Seed-level fold metric before formal rowwise-median aggregation.,109,-0.0045064435049677,0.7160554417895576,0.5991428380097772,-0.0479608919841974,0.717747448572297,0.5795620437956188,0.7204379562043783,1.2795620437956217,1.379562043795616,1.6795620437956202,0.0642201834862385,0.1834862385321101,0.2660550458715596,0.4403669724770642
20260903,MeanTrain,constant baseline,linear_baseline,4,0.0179367999953683,Training-fold mean body temperature. Seed-level fold metric before formal rowwise-median aggregation.,92,-0.0275579115283288,0.8019360578556649,0.6712108898821618,0.1313287281592833,0.7954443568200997,0.5871495327102849,1.0128504672897165,1.3128504672897208,1.457850467289716,1.912850467289715,0.0652173913043478,0.1413043478260869,0.25,0.3804347826086957
20260903,MeanTrain,constant baseline,linear_baseline,5,0.0179367999953683,Training-fold mean body temperature. Seed-level fold metric before formal rowwise-median aggregation.,83,-0.0008320617648021,0.8144809450872645,0.657505996526149,0.0234843263213111,0.8190915461148635,0.5933638443936005,0.9066361556063997,1.3933638443935976,1.4053089244851191,2.5933638443936005,0.0843373493975903,0.180722891566265,0.2409638554216867,0.4578313253012048
20260523,MultipleLinear,linear,linear_baseline,1,0.2167009000113466,Ordinary least squares using numeric and context features. Seed-level fold metric before formal rowwise-median aggregation.,117,0.7751337957872709,0.3666674086398048,0.2548536912743049,-0.0373111901732008,0.3663330057361978,0.1745039883248225,0.3099540576037825,0.5755990832343856,0.8775587257375611,1.3048059258681022,0.3675213675213675,0.5555555555555556,0.7350427350427351,0.8290598290598291
20260523,MultipleLinear,linear,linear_baseline,2,0.2167009000113466,Ordinary least squares using numeric and context features. Seed-level fold metric before formal rowwise-median aggregation.,122,0.6812393985742011,0.4238549223942902,0.2599476869509864,-0.0010908296164001,0.4256013756938416,0.1541025373770068,0.3473775439222937,0.5883683342390194,0.7380029485962942,2.7703850621331867,0.4180327868852459,0.5573770491803278,0.6885245901639344,0.8442622950819673
20260523,MultipleLinear,linear,linear_baseline,3,0.2167009000113466,Ordinary least squares using numeric and context features. Seed-level fold metric before formal rowwise-median aggregation.,90,0.7592159098861455,0.3724994563704453,0.2486897348665175,-0.015243198223361,0.374272539215729,0.1451577978566192,0.3024732347816563,0.5686486564807844,0.8726930659416119,1.7071748345070716,0.3444444444444444,0.5888888888888889,0.7444444444444445,0.8888888888888888
20260523,MultipleLinear,linear,linear_baseline,4,0.2167009000113466,Ordinary least squares using numeric and context features. Seed-level fold metric before formal rowwise-median aggregation.,90,0.7573121239614352,0.364669258389871,0.2585104853252795,-0.0177632606966152,0.3662769277222032,0.1608687950520639,0.3323483443934094,0.6256577943445196,0.8177792661207487,1.3295767435143304,0.3555555555555555,0.5888888888888889,0.7,0.8444444444444444
20260523,MultipleLinear,linear,linear_baseline,5,0.2167009000113466,Ordinary least squares using numeric and context features. Seed-level fold metric before formal rowwise-median aggregation.,101,0.6926130778805415,0.433253061209345,0.2747742617733253,0.0704861123574557,0.4296129912399305,0.1712235219937739,0.345628443144264,0.6313961419435614,0.9818690165005322,2.1730884801766024,0.3168316831683168,0.6039603960396039,0.7128712871287128,0.8415841584158416
20260607,MultipleLinear,linear,linear_baseline,1,0.2287997999956132,Ordinary least squares using numeric and context features. Seed-level fold metric before formal rowwise-median aggregation.,123,0.7544599583465306,0.3650914602489706,0.2424945436508032,-0.0099302914462902,0.3664490563524759,0.1501429007945915,0.304077237405064,0.6380771108984674,0.9012354354054636,1.274848484907004,0.3902439024390244,0.5934959349593496,0.7398373983739838,0.8861788617886179
20260607,MultipleLinear,linear,linear_baseline,2,0.2287997999956132,Ordinary least squares using numeric and context features. Seed-level fold metric before formal rowwise-median aggregation.,114,0.6488282664304879,0.4498818190537229,0.2564531123417786,0.0383945508750949,0.450219455749655,0.1435684462478299,0.291753319738369,0.5095432118678084,0.7558263638414219,2.789830388715167,0.3508771929824561,0.6228070175438597,0.7543859649122807,0.8947368421052632
20260607,MultipleLinear,linear,linear_baseline,3,0.2287997999956132,Ordinary least squares using numeric and context features. Seed-level fold metric before formal rowwise-median aggregation.,100,0.644852536297448,0.4584014349739837,0.3104486698562954,-0.0696091375474311,0.4553680313725053,0.1740059268482525,0.395084785569427,0.7114448404993937,1.0365823304751998,1.7934216935960734,0.31,0.53,0.61,0.81
20260607,MultipleLinear,linear,linear_baseline,4,0.2287997999956132,Ordinary least squares using numeric and context features. Seed-level fold metric before formal rowwise-median aggregation.,99,0.7749040910876255,0.3589243646040144,0.258119104757888,-0.0247506148441593,0.359892225230196,0.1688964930240786,0.3315570375406551,0.6277629412884252,0.7824148031102431,1.3512837008110807,0.303030303030303,0.5656565656565656,0.7272727272727273,0.8484848484848485
20260607,MultipleLinear,linear,linear_baseline,5,0.2287997999956132,Ordinary least squares using numeric and context features. Seed-level fold metric before formal rowwise-median aggregation.,84,0.8171903506820747,0.340478059268432,0.2377625186365595,0.0872936125723367,0.331074032778725,0.1595605475067927,0.3457326660111892,0.5490062158359955,0.7474921605372163,1.1001332547764875,0.3571428571428571,0.6309523809523809,0.7380952380952381,0.8452380952380952
20260701,MultipleLinear,linear,linear_baseline,1,0.2198568000021623,Ordinary least squares using numeric and context features. Seed-level fold metric before formal rowwise-median aggregation.,122,0.7387048508928329,0.3704707748884484,0.2478194894437918,0.0268921089465855,0.3710171406990016,0.1658586718172046,0.2928781210309505,0.5829166408377929,0.8205388367427291,1.5025730604339245,0.3278688524590163,0.5983606557377049,0.7540983606557377,0.8442622950819673
20260701,MultipleLinear,linear,linear_baseline,2,0.2198568000021623,Ordinary least squares using numeric and context features. Seed-level fold metric before formal rowwise-median aggregation.,122,0.7381871083887825,0.4079543315213488,0.2459332820274007,0.0138088654262079,0.4094018850845617,0.156569773517436,0.2903100745879428,0.5466266245080242,0.8542406911478919,2.702050281543734,0.3442622950819672,0.6311475409836066,0.7786885245901639,0.8770491803278688
20260701,MultipleLinear,linear,linear_baseline,3,0.2198568000021623,Ordinary least squares using numeric and context features. Seed-level fold metric before formal rowwise-median aggregation.,97,0.6670621800050596,0.4668146570672854,0.3122641637535337,0.0493890651924889,0.4666060358271244,0.1905929253982634,0.4296528200593172,0.7643240066724474,0.9847978533307356,2.1631440590333924,0.3608247422680412,0.5051546391752577,0.6494845360824743,0.7731958762886598
20260701,MultipleLinear,linear,linear_baseline,4,0.2198568000021623,Ordinary least squares using numeric and context features. Seed-level fold metric before formal rowwise-median aggregation.,94,0.7832549219538596,0.3592245917360125,0.2528643454368182,-0.0581589277108276,0.3563860653559544,0.1676919519861215,0.3468311344347139,0.550293956678965,0.7304201755319297,1.68908727975748,0.3191489361702128,0.5851063829787234,0.6914893617021277,0.8404255319148937
20260701,MultipleLinear,linear,linear_baseline,5,0.2198568000021623,Ordinary least squares using numeric and context features. Seed-level fold metric before formal rowwise-median aggregation.,85,0.7372382397334603,0.3540165561362382,0.2395066183004706,-0.0336398626140473,0.3545061444369606,0.1362655351258013,0.3122473807135648,0.5949286345569917,0.8821339973905294,1.1244561709504808,0.4117647058823529,0.6235294117647059,0.7411764705882353,0.8588235294117647
20260811,MultipleLinear,linear,linear_baseline,1,0.217516800010344,Ordinary least squares using numeric and context features. Seed-level fold metric before formal rowwise-median aggregation.,127,0.6818862960700529,0.438707436370889,0.2656002712908477,0.0723916421890065,0.4344071442442283,0.1660681147490734,0.3067783438536828,0.4985432391227221,0.961363644284706,2.4736801977713725,0.3307086614173228,0.5748031496062992,0.7322834645669292,0.8976377952755905
20260811,MultipleLinear,linear,linear_baseline,2,0.217516800010344,Ordinary least squares using numeric and context features. Seed-level fold metric before formal rowwise-median aggregation.,121,0.7069798377065875,0.4148223068994694,0.2440582850959115,-0.0143119794157887,0.416299154646617,0.1392474727557626,0.269819925923521,0.5689536055713802,0.7083932161907498,2.7974868060883225,0.4049586776859504,0.628099173553719,0.7603305785123967,0.8512396694214877
20260811,MultipleLinear,linear,linear_baseline,3,0.217516800010344,Ordinary least squares using numeric and context features. Seed-level fold metric before formal rowwise-median aggregation.,97,0.6645780173107921,0.4007987578383234,0.2886209098482252,-0.0792265869014692,0.3949313079067073,0.1985675764495766,0.3419443653808756,0.732463737306293,0.8852252232999914,1.1978813305382443,0.2783505154639175,0.5051546391752577,0.7216494845360825,0.8041237113402062
20260811,MultipleLinear,linear,linear_baseline,4,0.217516800010344,Ordinary least squares using numeric and context features. Seed-level fold metric before formal rowwise-median aggregation.,93,0.7003216296756101,0.4224820195255011,0.3145471369869263,-0.0333069213700124,0.4234498409857826,0.2510891459061426,0.4651977873533894,0.6936820821599851,0.8146042476251693,1.7125449313360193,0.2473118279569892,0.4301075268817204,0.6344086021505376,0.7634408602150538
20260811,MultipleLinear,linear,linear_baseline,5,0.217516800010344,Ordinary least squares using numeric and context features. Seed-level fold metric before formal rowwise-median aggregation.,82,0.8017888792439972,0.3507214919212292,0.2275859813536958,0.0479750250604514,0.3495627758137538,0.1205657970019977,0.2982490455520583,0.5241855591497782,0.6935325133891077,1.3689339162150134,0.3902439024390244,0.6097560975609756,0.7439024390243902,0.8658536585365854
20260903,MultipleLinear,linear,linear_baseline,1,0.2214126000035321,Ordinary least squares using numeric and context features. Seed-level fold metric before formal rowwise-median aggregation.,121,0.8069040482854415,0.3087002420062244,0.2172852338039434,-0.0379901195317427,0.3076275266475206,0.1535313018155832,0.3133943966376122,0.5166983956192155,0.6228381904408664,1.1331678146972166,0.396694214876033,0.6115702479338843,0.743801652892562,0.8842975206611571
20260903,MultipleLinear,linear,linear_baseline,2,0.2214126000035321,Ordinary least squares using numeric and context features. Seed-level fold metric before formal rowwise-median aggregation.,115,0.6509755205122998,0.4709918909558157,0.3243528644129116,-0.0276702809966661,0.4722360716789703,0.2092373258038762,0.3994924963769222,0.7191921097834244,0.8785244135518049,2.265809738642212,0.2347826086956521,0.4695652173913043,0.6347826086956522,0.808695652173913
20260903,MultipleLinear,linear,linear_baseline,3,0.2214126000035321,Ordinary least squares using numeric and context features. Seed-level fold metric before formal rowwise-median aggregation.,109,0.8117792387510792,0.3099588557042918,0.209468610380921,-0.0444119920912177,0.3081775180394078,0.1300086694102376,0.2872492061131666,0.5124150432890545,0.6272089213416421,1.0510346607530607,0.4128440366972477,0.6513761467889908,0.7614678899082569,0.8899082568807339
20260903,MultipleLinear,linear,linear_baseline,4,0.2214126000035321,Ordinary least squares using numeric and context features. Seed-level fold metric before formal rowwise-median aggregation.,92,0.7340527902865088,0.4079757097992767,0.2904221584550885,0.1283216982894687,0.3893916131150974,0.181679295797096,0.4554187075191471,0.7633222928269826,0.7957701348235308,1.3517374416307106,0.3043478260869565,0.5434782608695652,0.6739130434782609,0.7934782608695652
20260903,MultipleLinear,linear,linear_baseline,5,0.2214126000035321,Ordinary least squares using numeric and context features. Seed-level fold metric before formal rowwise-median aggregation.,83,0.6044473756378108,0.5120383137835274,0.294420022274729,0.0076928771400177,0.5150928937906544,0.1534004169285694,0.296973112528633,0.7834809841330226,1.0056154797476078,2.773530107565925,0.3373493975903614,0.6144578313253012,0.7469879518072289,0.8433734939759037
20260523,PSO_RandomForest,bagging ensemble,evolutionary_optimized_ml,1,237.78947019999032,"Particle swarm optimization tunes random-forest depth, leaf size, trees, and feature fraction. Seed-level fold metric before formal rowwise-median aggregation.",117,0.7389376317616208,0.3950775496099299,0.2923274080096748,-0.0255991898756018,0.395943018224556,0.232669196272262,0.3886989156823688,0.7405944781900133,0.9058126150790496,1.082585353713732,0.282051282051282,0.4700854700854701,0.6410256410256411,0.811965811965812
20260523,PSO_RandomForest,bagging ensemble,evolutionary_optimized_ml,2,237.78947019999032,"Particle swarm optimization tunes random-forest depth, leaf size, trees, and feature fraction. Seed-level fold metric before formal rowwise-median aggregation.",122,0.5395840566958503,0.5094013474002753,0.321216621494759,0.0164553224076045,0.5112350345112395,0.2017728960901976,0.405000198023826,0.665872326195789,0.8575210403586866,2.7773689155342183,0.2540983606557377,0.4918032786885246,0.6475409836065574,0.8442622950819673
20260523,PSO_RandomForest,bagging ensemble,evolutionary_optimized_ml,3,237.78947019999032,"Particle swarm optimization tunes random-forest depth, leaf size, trees, and feature fraction. Seed-level fold metric before formal rowwise-median aggregation.",90,0.7160865863420816,0.4044871277440152,0.2689582384908983,-0.0398526683695394,0.4047740959660767,0.1358333333333377,0.3586367282128613,0.6385832377297185,0.8140636574074129,1.5730416666666829,0.3,0.5888888888888889,0.6444444444444445,0.8777777777777778
20260523,PSO_RandomForest,bagging ensemble,evolutionary_optimized_ml,4,237.78947019999032,"Particle swarm optimization tunes random-forest depth, leaf size, trees, and feature fraction. Seed-level fold metric before formal rowwise-median aggregation.",90,0.7607556616828768,0.3620728395405873,0.25649024959301,0.0125492796670369,0.3638825144415945,0.1608985779340628,0.3104341990679469,0.6543081411076176,0.8127295036216131,1.1893369967886898,0.3111111111111111,0.5777777777777777,0.7333333333333333,0.7888888888888889
20260523,PSO_RandomForest,bagging ensemble,evolutionary_optimized_ml,5,237.78947019999032,"Particle swarm optimization tunes random-forest depth, leaf size, trees, and feature fraction. Seed-level fold metric before formal rowwise-median aggregation.",101,0.7124632871296135,0.4190304647176734,0.271631462896877,0.0337976842295988,0.4197483643461258,0.1752078204810061,0.3415952135240232,0.6338183372029462,0.8883329636530561,1.6456176470588773,0.3465346534653465,0.5643564356435643,0.7128712871287128,0.8415841584158416
20260607,PSO_RandomForest,bagging ensemble,evolutionary_optimized_ml,1,325.05292740000004,"Particle swarm optimization tunes random-forest depth, leaf size, trees, and feature fraction. Seed-level fold metric before formal rowwise-median aggregation.",123,0.7252780295679566,0.3861777149118003,0.2668438113680995,0.0023082547780632,0.3877502537535888,0.168147116774918,0.3876557183398006,0.6518851075084399,0.7693083425625364,1.4663393020042437,0.3821138211382114,0.5772357723577236,0.6422764227642277,0.8211382113821138
20260607,PSO_RandomForest,bagging ensemble,evolutionary_optimized_ml,2,325.05292740000004,"Particle swarm optimization tunes random-forest depth, leaf size, trees, and feature fraction. Seed-level fold metric before formal rowwise-median aggregation.",114,0.6832358021643431,0.4272742412149637,0.2470924790583107,0.073572988400074,0.422750510689208,0.1560283074888993,0.2883847470237821,0.5282653062919558,0.7699206543805167,2.8939411392571444,0.3157894736842105,0.6052631578947368,0.7719298245614035,0.8859649122807017
20260607,PSO_RandomForest,bagging ensemble,evolutionary_optimized_ml,3,325.05292740000004,"Particle swarm optimization tunes random-forest depth, leaf size, trees, and feature fraction. Seed-level fold metric before formal rowwise-median aggregation.",100,0.7214903182624033,0.4059399166651297,0.2771940067490645,-0.1004798287006724,0.3952892049140628,0.1408975080740262,0.3577560981751535,0.7207775143549071,0.9895482029335,1.3154274727797386,0.31,0.59,0.7,0.83
20260607,PSO_RandomForest,bagging ensemble,evolutionary_optimized_ml,4,325.05292740000004,"Particle swarm optimization tunes random-forest depth, leaf size, trees, and feature fraction. Seed-level fold metric before formal rowwise-median aggregation.",99,0.7520503182670656,0.3767045942998986,0.2717741041601899,-0.0422564432751349,0.3762320399465597,0.1712806267806428,0.4127544615326606,0.6905183526897389,0.7829294046815575,0.959211901932484,0.3939393939393939,0.5353535353535354,0.6363636363636364,0.797979797979798
20260607,PSO_RandomForest,bagging ensemble,evolutionary_optimized_ml,5,325.05292740000004,"Particle swarm optimization tunes random-forest depth, leaf size, trees, and feature fraction. Seed-level fold metric before formal rowwise-median aggregation.",84,0.7390078862925944,0.4068209085169436,0.2686756528187168,0.0860612691362469,0.4000018614887654,0.1555387835453601,0.386942799205741,0.6836546125703955,0.8336277234080938,1.6519227005829435,0.3333333333333333,0.5833333333333334,0.7142857142857143,0.7857142857142857
20260701,PSO_RandomForest,bagging ensemble,evolutionary_optimized_ml,1,257.5302665000054,"Particle swarm optimization tunes random-forest depth, leaf size, trees, and feature fraction. Seed-level fold metric before formal rowwise-median aggregation.",122,0.7955484506034955,0.3277053134861528,0.2333401487028324,0.0234319649802731,0.328214419074716,0.176698493845592,0.3197251650439874,0.475424277080888,0.7121523366568946,1.2170238095238162,0.360655737704918,0.5573770491803278,0.7131147540983607,0.9016393442622952
20260701,PSO_RandomForest,bagging ensemble,evolutionary_optimized_ml,2,257.5302665000054,"Particle swarm optimization tunes random-forest depth, leaf size, trees, and feature fraction. Seed-level fold metric before formal rowwise-median aggregation.",122,0.7168223740719095,0.4242731058547667,0.2728558670770923,-0.0034606754833938,0.4260085207832857,0.1719641865094665,0.3956896402749166,0.6150783610422659,0.7235877918909526,2.748169762551221,0.3032786885245901,0.5327868852459017,0.6639344262295082,0.8442622950819673
20260701,PSO_RandomForest,bagging ensemble,evolutionary_optimized_ml,3,257.5302665000054,"Particle swarm optimization tunes random-forest depth, leaf size, trees, and feature fraction. Seed-level fold metric before formal rowwise-median aggregation.",97,0.6485300455213823,0.4796307518286478,0.3440038444213635,0.0437375621999675,0.4801135968444758,0.243463230230148,0.5212712188665449,0.8006861127990478,0.9188724771348916,1.6125011671335088,0.2783505154639175,0.4536082474226804,0.5670103092783505,0.7319587628865979
20260701,PSO_RandomForest,bagging ensemble,evolutionary_optimized_ml,4,257.5302665000054,"Particle swarm optimization tunes random-forest depth, leaf size, trees, and feature fraction. Seed-level fold metric before formal rowwise-median aggregation.",94,0.7710623612564236,0.3691900921137849,0.2594240815876193,-0.0271964687748319,0.3701612197859673,0.1628314492077365,0.3524911171085545,0.5942531134219217,0.7915149378751658,1.3403465240971355,0.2872340425531915,0.5638297872340425,0.6702127659574468,0.8404255319148937
20260701,PSO_RandomForest,bagging ensemble,evolutionary_optimized_ml,5,257.5302665000054,"Particle swarm optimization tunes random-forest depth, leaf size, trees, and feature fraction. Seed-level fold metric before formal rowwise-median aggregation.",85,0.6763347289134698,0.3929077027095613,0.2448425487823909,-0.0227362848728921,0.3945772233683147,0.1418537895022282,0.2836788457274082,0.5850594807698457,0.8284745224153454,1.6593532561370594,0.4117647058823529,0.6,0.7764705882352941,0.8470588235294118
20260811,PSO_RandomForest,bagging ensemble,evolutionary_optimized_ml,1,249.40379090000351,"Particle swarm optimization tunes random-forest depth, leaf size, trees, and feature fraction. Seed-level fold metric before formal rowwise-median aggregation.",127,0.692583309359686,0.4312682915569475,0.2819737285606301,0.0437509250323156,0.4307425378618368,0.1686053042632735,0.3396033219033079,0.6573964383130209,1.053747174746238,1.917183170518307,0.2834645669291338,0.5826771653543307,0.6929133858267716,0.8582677165354331
20260811,PSO_RandomForest,bagging ensemble,evolutionary_optimized_ml,2,249.40379090000351,"Particle swarm optimization tunes random-forest depth, leaf size, trees, and feature fraction. Seed-level fold metric before formal rowwise-median aggregation.",121,0.7267143983316307,0.4006099443533958,0.2428544399224959,0.0151152256124504,0.4019892489629065,0.1677044659552322,0.3023488138844428,0.5025021062109545,0.6547279387348226,2.821537742392273,0.3388429752066115,0.5619834710743802,0.7355371900826446,0.8925619834710744
20260811,PSO_RandomForest,bagging ensemble,evolutionary_optimized_ml,3,249.40379090000351,"Particle swarm optimization tunes random-forest depth, leaf size, trees, and feature fraction. Seed-level fold metric before formal rowwise-median aggregation.",97,0.6457096332124463,0.4119175331777412,0.3023870693953809,-0.0793636971313135,0.4062995277314126,0.2196377379954839,0.3934168198367587,0.7786761636293094,0.8992917296505819,1.0977420966419018,0.2989690721649484,0.4536082474226804,0.6185567010309279,0.7938144329896907
20260811,PSO_RandomForest,bagging ensemble,evolutionary_optimized_ml,4,249.40379090000351,"Particle swarm optimization tunes random-forest depth, leaf size, trees, and feature fraction. Seed-level fold metric before formal rowwise-median aggregation.",93,0.7327177658386834,0.3989932768260614,0.2773280567216123,-0.0056551282638697,0.4011155621504733,0.1614812136486492,0.4525952380952205,0.6833765432098559,0.7672513680121466,1.5550698653198296,0.3440860215053763,0.5698924731182796,0.6774193548387096,0.7634408602150538
20260811,PSO_RandomForest,bagging ensemble,evolutionary_optimized_ml,5,249.40379090000351,"Particle swarm optimization tunes random-forest depth, leaf size, trees, and feature fraction. Seed-level fold metric before formal rowwise-median aggregation.",82,0.736353842015804,0.4044912159261419,0.276332859160108,0.0532111873496288,0.4034435186314635,0.1655677572952818,0.3489443242199286,0.7548071382197613,0.9116431792762754,1.218087990580834,0.3170731707317073,0.5609756097560976,0.7195121951219512,0.8292682926829268
20260903,PSO_RandomForest,bagging ensemble,evolutionary_optimized_ml,1,266.9425237999967,"Particle swarm optimization tunes random-forest depth, leaf size, trees, and feature fraction. Seed-level fold metric before formal rowwise-median aggregation.",121,0.7804956099181084,0.3291334262791457,0.2400141107216217,-0.04313528494439,0.3276513301505243,0.1741826923076672,0.3002116926283591,0.5824739019856153,0.6954981059220557,1.1663347040358545,0.2975206611570248,0.5371900826446281,0.743801652892562,0.8925619834710744
20260903,PSO_RandomForest,bagging ensemble,evolutionary_optimized_ml,2,266.9425237999967,"Particle swarm optimization tunes random-forest depth, leaf size, trees, and feature fraction. Seed-level fold metric before formal rowwise-median aggregation.",115,0.6141382906332188,0.4952235942494325,0.3293612137220029,-0.0059519457807526,0.4973549599377727,0.2068583424110315,0.4205384941223187,0.8092968165254022,0.9510097527472428,2.20573038073038,0.2956521739130435,0.4869565217391304,0.6347826086956522,0.8
20260903,PSO_RandomForest,bagging ensemble,evolutionary_optimized_ml,3,266.9425237999967,"Particle swarm optimization tunes random-forest depth, leaf size, trees, and feature fraction. Seed-level fold metric before formal rowwise-median aggregation.",109,0.792052088518008,0.3257973650742565,0.229392872015753,-0.0483482347576018,0.3236781447513013,0.1348506060836385,0.3371478328173509,0.6206839611231345,0.6732996309301397,1.0157613210759138,0.4036697247706422,0.6330275229357798,0.7064220183486238,0.8256880733944955
20260903,PSO_RandomForest,bagging ensemble,evolutionary_optimized_ml,4,266.9425237999967,"Particle swarm optimization tunes random-forest depth, leaf size, trees, and feature fraction. Seed-level fold metric before formal rowwise-median aggregation.",92,0.7112231216049787,0.4251261271120229,0.27239906223034,0.1553042540369749,0.3979118401735637,0.1245322177822032,0.3112187910129229,0.7474753962803036,0.9059998591893909,1.6431442459024763,0.4239130434782608,0.5869565217391305,0.75,0.8152173913043478
20260903,PSO_RandomForest,bagging ensemble,evolutionary_optimized_ml,5,266.9425237999967,"Particle swarm optimization tunes random-forest depth, leaf size, trees, and feature fraction. Seed-level fold metric before formal rowwise-median aggregation.",83,0.5824563818358955,0.5260793424417588,0.3107486385004595,-0.0001664972569124,0.5292773961050771,0.1787726684690866,0.3348773292820972,0.6992063669903414,0.8309592596331278,2.7866544518764584,0.3253012048192771,0.5180722891566265,0.6987951807228916,0.8192771084337349
20260523,PolynomialRidge,nonlinear linear-basis,linear_baseline,1,0.1790888999967137,Degree-2 numeric polynomial basis plus context one-hot features. Seed-level fold metric before formal rowwise-median aggregation.,117,0.794716547019634,0.3503379520027355,0.2455409219663278,-0.0273382775288247,0.3507719074909534,0.1468414648875082,0.3473637129854765,0.5720352946736899,0.8273510900175508,1.247620421827932,0.3675213675213675,0.5726495726495726,0.7008547008547008,0.8717948717948718
20260523,PolynomialRidge,nonlinear linear-basis,linear_baseline,2,0.1790888999967137,Degree-2 numeric polynomial basis plus context one-hot features. Seed-level fold metric before formal rowwise-median aggregation.,122,0.6778818025956874,0.4260813669691187,0.2659493849361675,-0.0256614122305593,0.4270617702671964,0.1630029649921276,0.3318261379148719,0.6046153313182124,0.783972635395506,2.70675090284896,0.3688524590163934,0.5573770491803278,0.7049180327868853,0.8278688524590164
20260523,PolynomialRidge,nonlinear linear-basis,linear_baseline,3,0.1790888999967137,Degree-2 numeric polynomial basis plus context one-hot features. Seed-level fold metric before formal rowwise-median aggregation.,90,0.7543678273953616,0.3762308245385622,0.254603984575569,-0.0335311604757231,0.3768329960461368,0.1599533426229236,0.3371043852977067,0.619121728272832,0.8302050595446449,1.6679705032787666,0.3666666666666666,0.5555555555555556,0.7,0.8555555555555555
20260523,PolynomialRidge,nonlinear linear-basis,linear_baseline,4,0.1790888999967137,Degree-2 numeric polynomial basis plus context one-hot features. Seed-level fold metric before formal rowwise-median aggregation.,90,0.7697253797818664,0.3552206059623302,0.2506252440028543,0.0105737860990012,0.3570523622459219,0.1572795687119708,0.3487823010882902,0.6049534522487607,0.7610411775298408,1.307510119929681,0.3444444444444444,0.5555555555555556,0.6777777777777778,0.8666666666666667
20260523,PolynomialRidge,nonlinear linear-basis,linear_baseline,5,0.1790888999967137,Degree-2 numeric polynomial basis plus context one-hot features. Seed-level fold metric before formal rowwise-median aggregation.,101,0.697996638871597,0.4294423146957555,0.2753515568510686,0.0637661328092698,0.4267998685301776,0.1523756839559737,0.3932800265445664,0.5966236290811509,0.9050060459789222,2.101107882528304,0.3366336633663366,0.6039603960396039,0.7128712871287128,0.8415841584158416
20260607,PolynomialRidge,nonlinear linear-basis,linear_baseline,1,0.1784225000010337,Degree-2 numeric polynomial basis plus context one-hot features. Seed-level fold metric before formal rowwise-median aggregation.,123,0.764603796748541,0.3574705256167982,0.2473352677921279,-0.0128036461007699,0.3587022708267773,0.1658643205397538,0.2992144974871635,0.557584046596598,0.8954836102477935,1.2053511633389178,0.3739837398373983,0.5528455284552846,0.7560975609756098,0.8861788617886179
20260607,PolynomialRidge,nonlinear linear-basis,linear_baseline,2,0.1784225000010337,Degree-2 numeric polynomial basis plus context one-hot features. Seed-level fold metric before formal rowwise-median aggregation.,114,0.6696480190579385,0.4363421070208174,0.2422143509435058,0.057012581222941,0.4345113825138164,0.1472124032958035,0.2879416171138054,0.467983278221957,0.723004819870116,2.746736866457951,0.4035087719298245,0.5701754385964912,0.7894736842105263,0.912280701754386
20260607,PolynomialRidge,nonlinear linear-basis,linear_baseline,3,0.1784225000010337,Degree-2 numeric polynomial basis plus context one-hot features. Seed-level fold metric before formal rowwise-median aggregation.,100,0.6618314340219222,0.447309608967971,0.3046650415086048,-0.0823421439659023,0.4418803457975923,0.2103646666191174,0.4034023445088088,0.7525268657978644,0.9834052400223684,1.7155736070023693,0.35,0.49,0.62,0.8
20260607,PolynomialRidge,nonlinear linear-basis,linear_baseline,4,0.1784225000010337,Degree-2 numeric polynomial basis plus context one-hot features. Seed-level fold metric before formal rowwise-median aggregation.,99,0.7886715996932285,0.3477747700285029,0.2531447345268459,-0.0307334758885008,0.3481770554264244,0.169550403284596,0.3457801465892522,0.6051714401888163,0.7294597350028031,1.2827637157968184,0.3333333333333333,0.5858585858585859,0.7070707070707071,0.8282828282828283
20260607,PolynomialRidge,nonlinear linear-basis,linear_baseline,5,0.1784225000010337,Degree-2 numeric polynomial basis plus context one-hot features. Seed-level fold metric before formal rowwise-median aggregation.,84,0.8117284945663511,0.3455269054817217,0.2476086547113712,0.0752402341322326,0.3392609076063095,0.1763438186799142,0.3475231380838366,0.5684929152095819,0.7656715348602496,1.2023698816097763,0.3571428571428571,0.5714285714285714,0.6547619047619048,0.8452380952380952
20260701,PolynomialRidge,nonlinear linear-basis,linear_baseline,1,0.1844176000013249,Degree-2 numeric polynomial basis plus context one-hot features. Seed-level fold metric before formal rowwise-median aggregation.,122,0.7493405352246312,0.3628526791924374,0.2491296098477259,0.0267626267035094,0.3633566093243824,0.1656971323631459,0.3275286718220336,0.5536557311858448,0.7007229628334782,1.4926933665426176,0.3442622950819672,0.5409836065573771,0.7049180327868853,0.8770491803278688
20260701,PolynomialRidge,nonlinear linear-basis,linear_baseline,2,0.1844176000013249,Degree-2 numeric polynomial basis plus context one-hot features. Seed-level fold metric before formal rowwise-median aggregation.,122,0.7448442211307542,0.4027344116132181,0.2469713732512553,-0.0124000473216691,0.4042034499702647,0.1572974863444542,0.3256396823410643,0.578390348705633,0.759323378962312,2.662781290824356,0.4098360655737705,0.5737704918032787,0.7131147540983607,0.860655737704918
20260701,PolynomialRidge,nonlinear linear-basis,linear_baseline,3,0.1844176000013249,Degree-2 numeric polynomial basis plus context one-hot features. Seed-level fold metric before formal rowwise-median aggregation.,97,0.6692937635148812,0.4652475665856947,0.3195401515779292,0.0470674655831843,0.4652651051423104,0.2352899191840975,0.4276519699441152,0.8276578416740611,0.9636736937224376,2.0961818514715134,0.3298969072164948,0.4845360824742268,0.6288659793814433,0.7835051546391752
20260701,PolynomialRidge,nonlinear linear-basis,linear_baseline,4,0.1844176000013249,Degree-2 numeric polynomial basis plus context one-hot features. Seed-level fold metric before formal rowwise-median aggregation.,94,0.793576182124327,0.3505672492554132,0.2453637736552346,-0.0484032018572659,0.3490713559281385,0.156924260124029,0.3551435384139534,0.5804038761207323,0.6745472580663051,1.6418067547079858,0.351063829787234,0.5531914893617021,0.7127659574468085,0.8617021276595744
20260701,PolynomialRidge,nonlinear linear-basis,linear_baseline,5,0.1844176000013249,Degree-2 numeric polynomial basis plus context one-hot features. Seed-level fold metric before formal rowwise-median aggregation.,85,0.7626788499987065,0.3364423933422316,0.2239159788711145,-0.0103211814256273,0.3382798110328861,0.1424553464661215,0.2608699425499523,0.5044752461498263,0.8595233108472569,1.1746243134483765,0.4470588235294118,0.6352941176470588,0.7764705882352941,0.8823529411764706
20260811,PolynomialRidge,nonlinear linear-basis,linear_baseline,1,0.186450799999875,Degree-2 numeric polynomial basis plus context one-hot features. Seed-level fold metric before formal rowwise-median aggregation.,127,0.6769871978245087,0.4420726780694143,0.2741617844134775,0.0572982649169875,0.4400796781634375,0.1564948583343053,0.3240492301892743,0.605202837188692,0.8496979594323368,2.35574219764721,0.3543307086614173,0.5590551181102362,0.6850393700787402,0.84251968503937
20260811,PolynomialRidge,nonlinear linear-basis,linear_baseline,2,0.186450799999875,Degree-2 numeric polynomial basis plus context one-hot features. Seed-level fold metric before formal rowwise-median aggregation.,121,0.7371862322708783,0.3928596326937554,0.2239369794589036,-0.0110911796090422,0.394335906778234,0.1309154837082644,0.264562584151335,0.5033449383808204,0.6930465545169326,2.741744742759892,0.4132231404958678,0.6528925619834711,0.768595041322314,0.8925619834710744
20260811,PolynomialRidge,nonlinear linear-basis,linear_baseline,3,0.186450799999875,Degree-2 numeric polynomial basis plus context one-hot features. Seed-level fold metric before formal rowwise-median aggregation.,97,0.6917956444649237,0.3841934814218689,0.2793907186693705,-0.0783320899573001,0.3780771710859191,0.1863434951946772,0.3508611857575658,0.7294992222340526,0.880342864980001,1.074254631744104,0.3092783505154639,0.5051546391752577,0.6288659793814433,0.8247422680412371
20260811,PolynomialRidge,nonlinear linear-basis,linear_baseline,4,0.186450799999875,Degree-2 numeric polynomial basis plus context one-hot features. Seed-level fold metric before formal rowwise-median aggregation.,93,0.7405962702867548,0.3930688601733127,0.2949783427172751,-0.025861388325795,0.3943430354118197,0.232605584365487,0.3974880725257108,0.6164231672784367,0.7754235743075948,1.6606382303352234,0.2150537634408602,0.4193548387096774,0.5698924731182796,0.8387096774193549
20260811,PolynomialRidge,nonlinear linear-basis,linear_baseline,5,0.186450799999875,Degree-2 numeric polynomial basis plus context one-hot features. Seed-level fold metric before formal rowwise-median aggregation.,82,0.7848740456736674,0.3653800040476571,0.2457757811639998,0.0485282782278696,0.3643715948996783,0.1312115446803545,0.3228224343573505,0.5590264317804676,0.8131979121242304,1.3264894939554497,0.3902439024390244,0.5853658536585366,0.7073170731707317,0.8658536585365854
20260903,PolynomialRidge,nonlinear linear-basis,linear_baseline,1,0.1763023999956203,Degree-2 numeric polynomial basis plus context one-hot features. Seed-level fold metric before formal rowwise-median aggregation.,121,0.817812360717324,0.2998539952630198,0.2185433045768972,-0.0495887626543586,0.2969547965645919,0.1622677356273314,0.314758428185506,0.4517886581611918,0.5973092966468485,1.0332276551218484,0.3801652892561983,0.5702479338842975,0.6859504132231405,0.9256198347107438
20260903,PolynomialRidge,nonlinear linear-basis,linear_baseline,2,0.1763023999956203,Degree-2 numeric polynomial basis plus context one-hot features. Seed-level fold metric before formal rowwise-median aggregation.,115,0.6669800895980751,0.4600664732177898,0.3142801663927815,-0.0259155519789921,0.4613462142663342,0.1954173637472465,0.471509699583688,0.6462426547232057,0.8331754894465903,2.16299741224639,0.2608695652173913,0.5217391304347826,0.6347826086956522,0.7652173913043478
20260903,PolynomialRidge,nonlinear linear-basis,linear_baseline,3,0.1763023999956203,Degree-2 numeric polynomial basis plus context one-hot features. Seed-level fold metric before formal rowwise-median aggregation.,109,0.8158614124086281,0.3065792023477612,0.2154310172403962,-0.0337434995231442,0.3061240369399607,0.1319227888092129,0.3074888235320756,0.4543647205113303,0.7012428476806727,1.0174323119154138,0.4128440366972477,0.6146788990825688,0.7339449541284404,0.9174311926605504
20260903,PolynomialRidge,nonlinear linear-basis,linear_baseline,4,0.1763023999956203,Degree-2 numeric polynomial basis plus context one-hot features. Seed-level fold metric before formal rowwise-median aggregation.,92,0.7334259862512895,0.4084562005013931,0.2881772797895594,0.1237634860583422,0.391387419243056,0.1943391828244998,0.4175722447002048,0.7738207580697323,0.8409212356177911,1.2629044864789378,0.3695652173913043,0.5217391304347826,0.6847826086956522,0.7934782608695652
20260903,PolynomialRidge,nonlinear linear-basis,linear_baseline,5,0.1763023999956203,Degree-2 numeric polynomial basis plus context one-hot features. Seed-level fold metric before formal rowwise-median aggregation.,83,0.6407363304516884,0.4879855637832574,0.2759366410866317,0.0080467919460655,0.4908853157855731,0.136815107307612,0.2738732517470303,0.8069542371561652,0.913690764757416,2.7424621185033544,0.3734939759036144,0.5662650602409639,0.7710843373493976,0.8674698795180723
20260523,RandomForest,bagging ensemble,conventional_ml,1,5.109317499998724,Random forest. Seed-level fold metric before formal rowwise-median aggregation.,117,0.7329508367634373,0.3995819164801038,0.2961264164076651,-0.0105891396412276,0.401159619079164,0.2340955687830757,0.4024870129870166,0.7374125992063285,0.8496829876142425,1.065952215608441,0.3247863247863248,0.4358974358974359,0.6153846153846154,0.811965811965812
20260523,RandomForest,bagging ensemble,conventional_ml,2,5.109317499998724,Random forest. Seed-level fold metric before formal rowwise-median aggregation.,122,0.5687729721259682,0.4929897604669853,0.3109637197009146,0.0046155677579782,0.4950010205855342,0.1738390376984,0.3797047371032018,0.6845157572751099,0.9756190724206332,2.6739672619047994,0.2786885245901639,0.5327868852459017,0.6639344262295082,0.8278688524590164
20260523,RandomForest,bagging ensemble,conventional_ml,3,5.109317499998724,Random forest. Seed-level fold metric before formal rowwise-median aggregation.,90,0.7456859224945573,0.3828220549164714,0.2673698746726545,-0.0365620717759614,0.3832069681260608,0.1545269510581661,0.3566514963624403,0.6872120701058274,0.7713250909391611,1.5782781084656463,0.2666666666666666,0.5666666666666667,0.6666666666666666,0.8555555555555555
20260523,RandomForest,bagging ensemble,conventional_ml,4,5.109317499998724,Random forest. Seed-level fold metric before formal rowwise-median aggregation.,90,0.780343590499373,0.3469341519698186,0.2428597182138864,0.0147499415450777,0.3485623290299074,0.1408043154761813,0.3348001818783217,0.6090244212963114,0.7985459160052742,1.0656011904761795,0.4111111111111111,0.6333333333333333,0.7111111111111111,0.8555555555555555
20260523,RandomForest,bagging ensemble,conventional_ml,5,5.109317499998724,Random forest. Seed-level fold metric before formal rowwise-median aggregation.,101,0.712052839766343,0.4193294328289114,0.2795604119935819,0.0533064699327021,0.4180018533869554,0.1783167989418004,0.3608497023809462,0.6846240079365558,0.8764320436507944,1.5812308201058372,0.3168316831683168,0.5346534653465347,0.693069306930693,0.8415841584158416
20260607,RandomForest,bagging ensemble,conventional_ml,1,5.063296399996034,Random forest. Seed-level fold metric before formal rowwise-median aggregation.,123,0.7083535268431096,0.3978953616230912,0.2739426874973079,0.0080377217539256,0.3994412285819781,0.153146329365029,0.4211764219576892,0.6649486441798587,0.85391345899469,1.301661541005288,0.4146341463414634,0.5934959349593496,0.6504065040650406,0.8048780487804879
20260607,RandomForest,bagging ensemble,conventional_ml,2,5.063296399996034,Random forest. Seed-level fold metric before formal rowwise-median aggregation.,114,0.6812255090743169,0.4286279105633199,0.2538008205752206,0.0663993637028132,0.4253232312160842,0.1693315145502723,0.2983890128968323,0.5028918650793905,0.7689089699074015,2.838766369047626,0.2894736842105263,0.5877192982456141,0.7456140350877193,0.8947368421052632
20260607,RandomForest,bagging ensemble,conventional_ml,3,5.063296399996034,Random forest. Seed-level fold metric before formal rowwise-median aggregation.,100,0.6880321860048318,0.4296318846938517,0.2982333867752649,-0.093766135392389,0.4213871611654992,0.1802201930014675,0.3919815641534931,0.6914903311965888,1.0812590939153368,1.4796868386243105,0.28,0.57,0.7,0.83
20260607,RandomForest,bagging ensemble,conventional_ml,4,5.063296399996034,Random forest. Seed-level fold metric before formal rowwise-median aggregation.,99,0.7604309523786682,0.3702836128782372,0.2679882294566664,-0.0312486766413602,0.3708403851493731,0.1859057539682496,0.4000856481481669,0.6837307539682329,0.7793794642856979,1.007852347883599,0.3434343434343434,0.5454545454545454,0.6363636363636364,0.8080808080808081
20260607,RandomForest,bagging ensemble,conventional_ml,5,5.063296399996034,Random forest. Seed-level fold metric before formal rowwise-median aggregation.,84,0.726491234329221,0.4164618248825577,0.2591496720321107,0.0930825338131867,0.4083642340139273,0.1338640873015961,0.335253968253939,0.6568703869047704,0.7888269097222159,1.9441241732804144,0.3928571428571428,0.5952380952380952,0.7142857142857143,0.8333333333333334
20260701,RandomForest,bagging ensemble,conventional_ml,1,5.0656594000029145,Random forest. Seed-level fold metric before formal rowwise-median aggregation.,122,0.7725564930095723,0.345640839846405,0.2432131892943889,0.0172005635245897,0.3466361509150826,0.1756536044973629,0.3199718088624319,0.5232678240740769,0.6899809937169034,1.4007217261904756,0.3114754098360656,0.5655737704918032,0.7049180327868853,0.8852459016393442
20260701,RandomForest,bagging ensemble,conventional_ml,2,5.0656594000029145,Random forest. Seed-level fold metric before formal rowwise-median aggregation.,122,0.7081635028168654,0.4307108746404113,0.280742624577155,0.0035147631663976,0.4324726092196341,0.201201223544956,0.3990243882275024,0.6612512400793409,0.7485048363095151,2.6615238095237856,0.319672131147541,0.5,0.6721311475409836,0.819672131147541
20260701,RandomForest,bagging ensemble,conventional_ml,3,5.0656594000029145,Random forest. Seed-level fold metric before formal rowwise-median aggregation.,97,0.6416917632103782,0.4842741792296,0.3421926417773716,0.0437793706269857,0.4847966733963574,0.2298908730158828,0.4872528108465843,0.8425007936507811,1.0234472222222175,1.7374905753968406,0.3298969072164948,0.4432989690721649,0.5979381443298969,0.7525773195876289
20260701,RandomForest,bagging ensemble,conventional_ml,4,5.0656594000029145,Random forest. Seed-level fold metric before formal rowwise-median aggregation.,94,0.7518978034913069,0.3843321739076449,0.263968047048502,-0.0167356576146518,0.3860264482065189,0.1697106481481718,0.3456235945767503,0.6147761408729921,0.8022238839285567,1.5138391203703776,0.3297872340425531,0.5319148936170213,0.6914893617021277,0.8617021276595744
20260701,RandomForest,bagging ensemble,conventional_ml,5,5.0656594000029145,Random forest. Seed-level fold metric before formal rowwise-median aggregation.,85,0.7393140881422173,0.3526153973750575,0.2363287026426738,-0.0187838047845507,0.3542044558084284,0.1429338624338285,0.2994866071428745,0.5346423671236044,0.6468436177248575,1.3859173280423391,0.3647058823529411,0.5764705882352941,0.7529411764705882,0.8705882352941177
20260811,RandomForest,bagging ensemble,conventional_ml,1,5.053044100000989,Random forest. Seed-level fold metric before formal rowwise-median aggregation.,127,0.6880176522208157,0.4344590196049274,0.2812271750832321,0.0517643863409034,0.4330725971886283,0.1704793320105935,0.3574779265873076,0.6996578373015868,1.0454780092592693,1.963076554232792,0.3385826771653543,0.5511811023622047,0.7007874015748031,0.8503937007874016
20260811,RandomForest,bagging ensemble,conventional_ml,2,5.053044100000989,Random forest. Seed-level fold metric before formal rowwise-median aggregation.,121,0.7349797447670374,0.3945053380510449,0.2427429015161449,0.013823807486512,0.3959024191196903,0.1581091269841152,0.3051847943722876,0.5291284722222329,0.6310917658730162,2.750730654761909,0.3305785123966942,0.5785123966942148,0.7355371900826446,0.8760330578512396
20260811,RandomForest,bagging ensemble,conventional_ml,3,5.053044100000989,Random forest. Seed-level fold metric before formal rowwise-median aggregation.,97,0.644307365761146,0.4127319049245624,0.296155329218792,-0.0938269348182371,0.4040134688554049,0.177852843915339,0.445609126984138,0.7596943692881112,0.8869647366522498,1.03593452380953,0.3298969072164948,0.5051546391752577,0.6082474226804123,0.7731958762886598
20260811,RandomForest,bagging ensemble,conventional_ml,4,5.053044100000989,Random forest. Seed-level fold metric before formal rowwise-median aggregation.,93,0.7197391549628868,0.4085655504747018,0.2877349910394283,-0.0201721532400264,0.4102790285143334,0.1623338293651102,0.4994133597883845,0.6994935515872968,0.7653709986772398,1.5910553902116715,0.3225806451612903,0.5698924731182796,0.6451612903225806,0.7526881720430108
20260811,RandomForest,bagging ensemble,conventional_ml,5,5.053044100000989,Random forest. Seed-level fold metric before formal rowwise-median aggregation.,82,0.7442722252049973,0.3983706379791907,0.2666825055872286,0.0533572953694837,0.3972106053818595,0.165688108766254,0.3095391451719553,0.7587346230158595,0.8799847222222031,1.3157089947090057,0.3292682926829268,0.5975609756097561,0.7195121951219512,0.8414634146341463
20260903,RandomForest,bagging ensemble,conventional_ml,1,5.0925050000078045,Random forest. Seed-level fold metric before formal rowwise-median aggregation.,121,0.7995448429778437,0.3145277747398185,0.2296540172025777,-0.0271994769846038,0.3146524147595256,0.1834692460317057,0.2829198082010933,0.5409785677285655,0.6349885912698312,1.170352678571426,0.2809917355371901,0.5619834710743802,0.7603305785123967,0.8760330578512396
20260903,RandomForest,bagging ensemble,conventional_ml,2,5.0925050000078045,Random forest. Seed-level fold metric before formal rowwise-median aggregation.,115,0.6501121936547318,0.471574040397504,0.3182276470711269,-0.0028921842650168,0.4736289237719558,0.2039297288359733,0.4068072916666523,0.8045268849206565,0.8873360119047731,2.052509755290984,0.3043478260869565,0.4869565217391304,0.6086956521739131,0.782608695652174
20260903,RandomForest,bagging ensemble,conventional_ml,3,5.0925050000078045,Random forest. Seed-level fold metric before formal rowwise-median aggregation.,109,0.7889912762377443,0.3281863331406541,0.2384353378739872,-0.0441193950247842,0.3267093588667624,0.159622850529125,0.3031741071428371,0.5626074404761866,0.7213679894179803,1.0286358225108216,0.2935779816513761,0.6055045871559633,0.7339449541284404,0.8715596330275229
20260903,RandomForest,bagging ensemble,conventional_ml,4,5.0925050000078045,Random forest. Seed-level fold metric before formal rowwise-median aggregation.,92,0.6883705106391692,0.4416272485314109,0.2879914622414575,0.1554751755390311,0.4156196601363782,0.1514982638888966,0.3594476686507857,0.7477893849206156,1.0100987764550242,1.645925625300599,0.3804347826086957,0.5760869565217391,0.6956521739130435,0.782608695652174
20260903,RandomForest,bagging ensemble,conventional_ml,5,5.0925050000078045,Random forest. Seed-level fold metric before formal rowwise-median aggregation.,83,0.5949024837510716,0.5181793642005249,0.3114408686332627,-0.0038618849496198,0.5213149411404636,0.1901865079365023,0.3618015046296285,0.7390594246031554,0.9685238425926218,2.7435317460317137,0.2891566265060241,0.5421686746987951,0.7108433734939759,0.8313253012048193
20260523,Ridge,regularized linear,linear_baseline,1,0.1625102999969385,L2-regularized linear model. Seed-level fold metric before formal rowwise-median aggregation.,117,0.7736790319991294,0.3678515672893686,0.2596795807356151,-0.0468529504593318,0.3664248342393224,0.1752130583589775,0.315423877575455,0.61351224651269,0.8582768062469919,1.3258044751173372,0.3162393162393162,0.5470085470085471,0.7350427350427351,0.8205128205128205
20260523,Ridge,regularized linear,linear_baseline,2,0.1625102999969385,L2-regularized linear model. Seed-level fold metric before formal rowwise-median aggregation.,122,0.6711816565236823,0.4304898645972099,0.2723847816061844,-0.0033866947741591,0.4322517112372434,0.1740443935650617,0.3689105071323144,0.6211717377497517,0.7369293190349638,2.781160347607141,0.3278688524590163,0.5327868852459017,0.6721311475409836,0.8442622950819673
20260523,Ridge,regularized linear,linear_baseline,3,0.1625102999969385,L2-regularized linear model. Seed-level fold metric before formal rowwise-median aggregation.,90,0.7613357762618569,0.3708560861927001,0.252188663079539,-0.014455049550018,0.3726503307056945,0.1576258216157775,0.3207680509707113,0.5840263521469088,0.8534285330164019,1.6580276811755963,0.3,0.5888888888888889,0.7333333333333333,0.8888888888888888
20260523,Ridge,regularized linear,linear_baseline,4,0.1625102999969385,L2-regularized linear model. Seed-level fold metric before formal rowwise-median aggregation.,90,0.7576317130510392,0.3644290677548965,0.2565463014675161,-0.0080626292384149,0.3663810037072756,0.1625792223989961,0.3355750981182108,0.6328760964693105,0.8053200148422547,1.3554493075536342,0.3111111111111111,0.5888888888888889,0.7222222222222222,0.8555555555555555
20260523,Ridge,regularized linear,linear_baseline,5,0.1625102999969385,L2-regularized linear model. Seed-level fold metric before formal rowwise-median aggregation.,101,0.6894588856247507,0.4354702597005013,0.2761906272125282,0.0704207289178348,0.4318819522769225,0.1707379397291148,0.3605842287300262,0.6683835277114198,0.976726464580686,2.17425058657539,0.3564356435643564,0.5742574257425742,0.7326732673267327,0.8316831683168316
20260607,Ridge,regularized linear,linear_baseline,1,0.1618594999890774,L2-regularized linear model. Seed-level fold metric before formal rowwise-median aggregation.,123,0.7487350558762067,0.3693230917639897,0.2503263805796384,-0.0032272231829699,0.3708194639423796,0.1725219533193893,0.3170105755088706,0.6539636096243411,0.9000864042822234,1.2774562205882347,0.3577235772357723,0.5609756097560976,0.7398373983739838,0.8780487804878049
20260607,Ridge,regularized linear,linear_baseline,2,0.1618594999890774,L2-regularized linear model. Seed-level fold metric before formal rowwise-median aggregation.,114,0.6489238948366499,0.4498205606914692,0.2569388577573597,0.0392287890235527,0.4500851329334134,0.1516527348519822,0.2918335340828335,0.5087558452466361,0.7641973965662417,2.794434914852125,0.3421052631578947,0.5964912280701754,0.7631578947368421,0.8859649122807017
20260607,Ridge,regularized linear,linear_baseline,3,0.1618594999890774,L2-regularized linear model. Seed-level fold metric before formal rowwise-median aggregation.,100,0.6600134616021457,0.4485103511699038,0.3052078698141684,-0.0801921864223329,0.4435061731242866,0.1854437682523944,0.4134868100321505,0.7322103522292025,1.0629799405383398,1.7253235518133607,0.28,0.52,0.67,0.82
20260607,Ridge,regularized linear,linear_baseline,4,0.1618594999890774,L2-regularized linear model. Seed-level fold metric before formal rowwise-median aggregation.,99,0.770323935099686,0.3625575961048821,0.2674380424379207,-0.0275591517390559,0.363348400035635,0.183519794837025,0.3469699172930518,0.6192587377451844,0.7498523706768344,1.3619381061554137,0.2323232323232323,0.5555555555555556,0.6767676767676768,0.8383838383838383
20260607,Ridge,regularized linear,linear_baseline,5,0.1618594999890774,L2-regularized linear model. Seed-level fold metric before formal rowwise-median aggregation.,84,0.8092751668904914,0.347770864396024,0.247319846368217,0.0875763690503228,0.3385848670350073,0.1576010505153071,0.2852737848498563,0.5898287785181161,0.7555138721799247,1.1041170748529223,0.3095238095238095,0.6190476190476191,0.7619047619047619,0.8333333333333334
20260701,Ridge,regularized linear,linear_baseline,1,0.1724718999903416,L2-regularized linear model. Seed-level fold metric before formal rowwise-median aggregation.,122,0.7354318966631346,0.3727837923196527,0.2523749153868291,0.030385734054091,0.3730754968001082,0.1745838414730798,0.2910453641171688,0.585139855017468,0.8231785446346973,1.5138599702875482,0.3278688524590163,0.5737704918032787,0.7540983606557377,0.8524590163934426
20260701,Ridge,regularized linear,linear_baseline,2,0.1724718999903416,L2-regularized linear model. Seed-level fold metric before formal rowwise-median aggregation.,122,0.7306257342231484,0.413803430682753,0.257733348646887,0.0055319597561289,0.4154727124858353,0.1713700215642646,0.2993916004332195,0.579597314009017,0.8268716151096492,2.7056539714888217,0.2786885245901639,0.6229508196721312,0.7540983606557377,0.8770491803278688
20260701,Ridge,regularized linear,linear_baseline,3,0.1724718999903416,L2-regularized linear model. Seed-level fold metric before formal rowwise-median aggregation.,97,0.6660763127153023,0.4675052922062111,0.3149294042025824,0.0512302009552681,0.4671038482058562,0.1960348368761444,0.4357252961803723,0.7510379992763151,0.9884437200791628,2.1599592854700447,0.3092783505154639,0.5257731958762887,0.6804123711340206,0.7628865979381443
20260701,Ridge,regularized linear,linear_baseline,4,0.1724718999903416,L2-regularized linear model. Seed-level fold metric before formal rowwise-median aggregation.,94,0.7828712008341512,0.35954243311343,0.2603014767069191,-0.060743135856818,0.3562742852632956,0.18252810065378,0.3851126846588499,0.5877776619746159,0.7347573809230293,1.6331857222062285,0.3297872340425531,0.5638297872340425,0.6808510638297872,0.8404255319148937
20260701,Ridge,regularized linear,linear_baseline,5,0.1724718999903416,L2-regularized linear model. Seed-level fold metric before formal rowwise-median aggregation.,85,0.7482855981059756,0.3464946424868644,0.2308238319351416,-0.0290140617339373,0.3473268895122421,0.1370370474396693,0.2650198563289407,0.6158421455729618,0.8803686495328163,1.1369911219460889,0.3529411764705882,0.6352941176470588,0.7647058823529411,0.8705882352941177
20260811,Ridge,regularized linear,linear_baseline,1,0.1660627999954158,L2-regularized linear model. Seed-level fold metric before formal rowwise-median aggregation.,127,0.6800504780442822,0.4399714944555712,0.268293598142857,0.0693691228451188,0.4361891315848349,0.168504731657741,0.3132122238231964,0.530105806048202,0.9557887650195198,2.449245005038854,0.3228346456692913,0.5590551181102362,0.7322834645669292,0.8661417322834646
20260811,Ridge,regularized linear,linear_baseline,2,0.1660627999954158,L2-regularized linear model. Seed-level fold metric before formal rowwise-median aggregation.,121,0.7142234481973448,0.4096629102661825,0.2428873773399925,-0.0156137019249766,0.4110674052143061,0.158936415358994,0.2612719165843771,0.5363696930374502,0.6505343028156361,2.7946096387340877,0.3801652892561983,0.6611570247933884,0.768595041322314,0.859504132231405
20260811,Ridge,regularized linear,linear_baseline,3,0.1660627999954158,L2-regularized linear model. Seed-level fold metric before formal rowwise-median aggregation.,97,0.6778836954214702,0.3927687802951299,0.288355068046651,-0.0861387512614966,0.3851974701863765,0.200116208975416,0.3539482706284573,0.7190471532319068,0.8661227953834283,1.2132597889529535,0.1958762886597938,0.4948453608247423,0.7010309278350515,0.8144329896907216
20260811,Ridge,regularized linear,linear_baseline,4,0.1660627999954158,L2-regularized linear model. Seed-level fold metric before formal rowwise-median aggregation.,93,0.7015276082086341,0.421631077444186,0.3219159046029993,-0.0303475357471555,0.4228168570831291,0.2493506168474439,0.4881509495336402,0.6918833059259554,0.80820483982838,1.6677508107438967,0.2043010752688172,0.3548387096774194,0.6021505376344086,0.7634408602150538
20260811,Ridge,regularized linear,linear_baseline,5,0.1660627999954158,L2-regularized linear model. Seed-level fold metric before formal rowwise-median aggregation.,82,0.7907351044766143,0.3603682840273617,0.2394267812464856,0.0590951922547347,0.357677535777456,0.1315598835639377,0.2979821973748748,0.5830289268283285,0.7504256463119657,1.3842929928049372,0.3414634146341463,0.5975609756097561,0.7560975609756098,0.8780487804878049
20260903,Ridge,regularized linear,linear_baseline,1,0.165113700000802,L2-regularized linear model. Seed-level fold metric before formal rowwise-median aggregation.,121,0.8090532034484904,0.3069775205023309,0.2179500698556299,-0.0361722393373445,0.306106447043682,0.1463643223811956,0.2956476613468695,0.5051464062340472,0.6192409273676063,1.11679818419735,0.3636363636363636,0.5950413223140496,0.7603305785123967,0.8925619834710744
20260903,Ridge,regularized linear,linear_baseline,2,0.165113700000802,L2-regularized linear model. Seed-level fold metric before formal rowwise-median aggregation.,115,0.6504617846692539,0.4713383945070912,0.3242905369127044,-0.0289031598033519,0.4725102457938521,0.2017547081593136,0.4098832045902547,0.7050150148915935,0.8897824889425238,2.2539431320016874,0.2,0.4869565217391304,0.6434782608695652,0.8
20260903,Ridge,regularized linear,linear_baseline,3,0.165113700000802,L2-regularized linear model. Seed-level fold metric before formal rowwise-median aggregation.,109,0.8036181068408387,0.3166073606353884,0.2147126031789991,-0.046081744905003,0.3146826679349765,0.1313360709457924,0.2997812439934861,0.5051878921028163,0.6588400992099152,1.0550670684082206,0.4220183486238532,0.6422018348623854,0.7522935779816514,0.8899082568807339
20260903,Ridge,regularized linear,linear_baseline,4,0.165113700000802,L2-regularized linear model. Seed-level fold metric before formal rowwise-median aggregation.,92,0.7279354491567878,0.4126411800367203,0.2959100706059092,0.1322392550959163,0.3930197000960586,0.1848329723310371,0.4542956452061908,0.743866569872789,0.8239267055231271,1.3711529880600324,0.25,0.5434782608695652,0.6847826086956522,0.7608695652173914
20260903,Ridge,regularized linear,linear_baseline,5,0.165113700000802,L2-regularized linear model. Seed-level fold metric before formal rowwise-median aggregation.,83,0.6116626224862267,0.5073467939539072,0.2997849060760654,0.0052498567519722,0.51040366965968,0.1907842542845372,0.2758902729555856,0.7765734491734576,0.9770255919499464,2.7735183250145923,0.2771084337349397,0.5542168674698795,0.7590361445783133,0.8313253012048193
20260523,SA_KNN,nearest neighbor,evolutionary_optimized_ml,1,19.423336199994083,"Simulated annealing tunes KNN k, distance metric, and weights. Seed-level fold metric before formal rowwise-median aggregation.",117,0.6441315520190607,0.4612697312389625,0.3527777777777774,0.0087606837606829,0.4631701370497677,0.2749999999999986,0.4750000000000014,0.802499999999998,1.0025000000000004,1.2375000000000045,0.1794871794871795,0.3846153846153846,0.5811965811965812,0.7777777777777778
20260523,SA_KNN,nearest neighbor,evolutionary_optimized_ml,2,19.423336199994083,"Simulated annealing tunes KNN k, distance metric, and weights. Seed-level fold metric before formal rowwise-median aggregation.",122,0.5922747233283179,0.4793676588143215,0.3312806041517066,-0.0030737376573195,0.48133454580636,0.2567777496445131,0.4512842259412437,0.6725543748687373,0.8809958117296609,2.75468604889484,0.2377049180327868,0.4016393442622951,0.6065573770491803,0.8032786885245902
20260523,SA_KNN,nearest neighbor,evolutionary_optimized_ml,3,19.423336199994083,"Simulated annealing tunes KNN k, distance metric, and weights. Seed-level fold metric before formal rowwise-median aggregation.",90,0.6680637119511854,0.4373600556287657,0.2723228735541992,-0.0235933984115528,0.4391698665880656,0.1245492761424138,0.341877764525579,0.7790521953326828,1.0925563837870718,1.5657806625880326,0.4222222222222222,0.6333333333333333,0.7111111111111111,0.8222222222222222
20260523,SA_KNN,nearest neighbor,evolutionary_optimized_ml,4,19.423336199994083,"Simulated annealing tunes KNN k, distance metric, and weights. Seed-level fold metric before formal rowwise-median aggregation.",90,0.7020125570375768,0.4040862708453658,0.2979365079365083,-0.006507936507936,0.4062973739960418,0.2142857142857082,0.4642857142857099,0.6071428571428661,0.809285714285714,1.2999999999999972,0.3,0.4888888888888889,0.6111111111111112,0.7888888888888889
20260523,SA_KNN,nearest neighbor,evolutionary_optimized_ml,5,19.423336199994083,"Simulated annealing tunes KNN k, distance metric, and weights. Seed-level fold metric before formal rowwise-median aggregation.",101,0.6425130880464682,0.4672281707578095,0.3334433443344338,0.0421342134213425,0.4676453146618108,0.25555555555556,0.43333333333333,0.7111111111111157,0.8555555555555543,2.1111111111111143,0.2178217821782178,0.4158415841584158,0.6138613861386139,0.7920792079207921
20260607,SA_KNN,nearest neighbor,evolutionary_optimized_ml,1,17.0174463000003,"Simulated annealing tunes KNN k, distance metric, and weights. Seed-level fold metric before formal rowwise-median aggregation.",123,0.6982842776342253,0.4047058507230499,0.2568765335335766,0.0068267236165614,0.4063032788655162,0.1274581955066267,0.3559123607626482,0.6795038102927875,0.8960631205720571,1.902565006368896,0.3821138211382114,0.5691056910569106,0.6666666666666666,0.8455284552845529
20260607,SA_KNN,nearest neighbor,evolutionary_optimized_ml,2,17.0174463000003,"Simulated annealing tunes KNN k, distance metric, and weights. Seed-level fold metric before formal rowwise-median aggregation.",114,0.5588450873086968,0.5042364385532967,0.2903508771929825,0.1061403508771929,0.4951150912450933,0.149999999999995,0.3999999999999986,0.6500000000000036,0.8999999999999986,2.25,0.3947368421052631,0.5877192982456141,0.6842105263157895,0.8245614035087719
20260607,SA_KNN,nearest neighbor,evolutionary_optimized_ml,3,17.0174463000003,"Simulated annealing tunes KNN k, distance metric, and weights. Seed-level fold metric before formal rowwise-median aggregation.",100,0.631999951929331,0.466622361703994,0.3080968646255742,-0.1176404813214409,0.4538245395788023,0.1672663667132745,0.4274516871900982,0.718781257711248,1.2162187925425776,1.447439052977316,0.37,0.53,0.65,0.78
20260607,SA_KNN,nearest neighbor,evolutionary_optimized_ml,4,17.0174463000003,"Simulated annealing tunes KNN k, distance metric, and weights. Seed-level fold metric before formal rowwise-median aggregation.",99,0.7513925980439042,0.377203893466699,0.2635697969728929,-0.0125970465761356,0.3789120445397607,0.1707587027532682,0.362442681458436,0.7128420529686923,0.895997669722655,1.0828283626640314,0.3636363636363636,0.5454545454545454,0.696969696969697,0.8383838383838383
20260607,SA_KNN,nearest neighbor,evolutionary_optimized_ml,5,17.0174463000003,"Simulated annealing tunes KNN k, distance metric, and weights. Seed-level fold metric before formal rowwise-median aggregation.",84,0.7313276253000403,0.4127633038452411,0.299784796175871,0.0661023477822757,0.4098829992916202,0.1865744669545463,0.4492006759653559,0.7448050183255781,0.8059108900951695,1.451709908870079,0.2857142857142857,0.5357142857142857,0.6190476190476191,0.7857142857142857
20260701,SA_KNN,nearest neighbor,evolutionary_optimized_ml,1,19.637841999996454,"Simulated annealing tunes KNN k, distance metric, and weights. Seed-level fold metric before formal rowwise-median aggregation.",122,0.7573134723631945,0.357035264817292,0.2397203443990437,0.0109649477191466,0.3583384743928056,0.1528717963869397,0.3320813659129467,0.5968613088915617,0.8148918987459033,1.5159255638814813,0.4016393442622951,0.6065573770491803,0.7213114754098361,0.8524590163934426
20260701,SA_KNN,nearest neighbor,evolutionary_optimized_ml,2,19.637841999996454,"Simulated annealing tunes KNN k, distance metric, and weights. Seed-level fold metric before formal rowwise-median aggregation.",122,0.6782497846357043,0.4522467537587279,0.2647788712990884,-0.0295937816594854,0.4531383930451147,0.1296508943918191,0.3427170605938432,0.6314742614901135,0.9130746897911136,2.7106414505302823,0.4016393442622951,0.6229508196721312,0.7213114754098361,0.8360655737704918
20260701,SA_KNN,nearest neighbor,evolutionary_optimized_ml,3,19.637841999996454,"Simulated annealing tunes KNN k, distance metric, and weights. Seed-level fold metric before formal rowwise-median aggregation.",97,0.5465631800779358,0.5447801929781664,0.3690456669145884,0.1036023166709511,0.5376167102771809,0.2152196211922046,0.5106556171652628,0.9087056375934168,1.1057989392903789,2.077203955546046,0.2989690721649484,0.4742268041237113,0.5567010309278351,0.7319587628865979
20260701,SA_KNN,nearest neighbor,evolutionary_optimized_ml,4,19.637841999996454,"Simulated annealing tunes KNN k, distance metric, and weights. Seed-level fold metric before formal rowwise-median aggregation.",94,0.6968013328890621,0.4248690363752678,0.2786065317753304,0.0141723086927082,0.4269094652486439,0.2006482091451964,0.3931809297122672,0.6537421095039101,0.8666259448992877,1.6699671647999068,0.3829787234042553,0.4893617021276595,0.6595744680851063,0.851063829787234
20260701,SA_KNN,nearest neighbor,evolutionary_optimized_ml,5,19.637841999996454,"Simulated annealing tunes KNN k, distance metric, and weights. Seed-level fold metric before formal rowwise-median aggregation.",85,0.6584614822123738,0.4036103888236753,0.2572599266688804,-0.0073243422027779,0.4059388661765062,0.1460879137976718,0.3365576246862716,0.5739449613371113,0.8205324690319997,1.678039426654614,0.3764705882352941,0.5764705882352941,0.6941176470588235,0.8705882352941177
20260811,SA_KNN,nearest neighbor,evolutionary_optimized_ml,1,21.441536400001496,"Simulated annealing tunes KNN k, distance metric, and weights. Seed-level fold metric before formal rowwise-median aggregation.",127,0.6309529782463295,0.4725248569390567,0.3112187977146333,0.0489678912200543,0.4718420465541845,0.2021312003135023,0.3853038828540747,0.7285620701258158,1.0519326395558386,2.3122709936399986,0.2834645669291338,0.4960629921259842,0.6456692913385826,0.8346456692913385
20260811,SA_KNN,nearest neighbor,evolutionary_optimized_ml,2,21.441536400001496,"Simulated annealing tunes KNN k, distance metric, and weights. Seed-level fold metric before formal rowwise-median aggregation.",121,0.6538208013491504,0.4508829721174386,0.2847107438016532,0.0090909090909088,0.4526657155120104,0.1250000000000071,0.4249999999999971,0.7000000000000028,0.8250000000000028,2.549999999999997,0.3471074380165289,0.5950413223140496,0.6694214876033058,0.8181818181818182
20260811,SA_KNN,nearest neighbor,evolutionary_optimized_ml,3,21.441536400001496,"Simulated annealing tunes KNN k, distance metric, and weights. Seed-level fold metric before formal rowwise-median aggregation.",97,0.6029449633298862,0.4360697498741517,0.3082179391851386,-0.0774741566130575,0.4313616333267016,0.1997825225120806,0.4210333431167612,0.8392335924564024,1.011957052691442,1.218066156376068,0.3195876288659793,0.5051546391752577,0.6288659793814433,0.7835051546391752
20260811,SA_KNN,nearest neighbor,evolutionary_optimized_ml,4,21.441536400001496,"Simulated annealing tunes KNN k, distance metric, and weights. Seed-level fold metric before formal rowwise-median aggregation.",93,0.7404011321150288,0.3932166767047267,0.2810752688172041,-0.0307526881720431,0.3941370225186528,0.1800000000000068,0.4400000000000048,0.6159999999999982,0.7079999999999969,1.6400000000000006,0.3333333333333333,0.5161290322580645,0.5913978494623656,0.8387096774193549
20260811,SA_KNN,nearest neighbor,evolutionary_optimized_ml,5,21.441536400001496,"Simulated annealing tunes KNN k, distance metric, and weights. Seed-level fold metric before formal rowwise-median aggregation.",82,0.682405716778314,0.4439506636226111,0.2782114411994473,0.0815106262926531,0.4390893098171469,0.1268253024234873,0.3642001110318187,0.7771439196161496,1.1040323404758037,1.5585901018936,0.4268292682926829,0.6341463414634146,0.7439024390243902,0.7926829268292683
20260903,SA_KNN,nearest neighbor,evolutionary_optimized_ml,1,21.13843479999923,"Simulated annealing tunes KNN k, distance metric, and weights. Seed-level fold metric before formal rowwise-median aggregation.",121,0.6890893579899543,0.3917131752938599,0.2621720661894089,-0.0356131470298082,0.3917129132663063,0.1742482864899415,0.3497952340768222,0.6008758096490467,0.9355498579565732,1.3166582163461769,0.3471074380165289,0.5537190082644629,0.71900826446281,0.859504132231405
20260903,SA_KNN,nearest neighbor,evolutionary_optimized_ml,2,21.13843479999923,"Simulated annealing tunes KNN k, distance metric, and weights. Seed-level fold metric before formal rowwise-median aggregation.",115,0.539239549521248,0.5411567539048883,0.3230436432006102,0.0637510924010288,0.5397403494434249,0.1670121908124571,0.4091954769473993,0.8808435899194524,1.1839808656858748,2.4396072848825554,0.4,0.5565217391304348,0.6782608695652174,0.782608695652174
20260903,SA_KNN,nearest neighbor,evolutionary_optimized_ml,3,21.13843479999923,"Simulated annealing tunes KNN k, distance metric, and weights. Seed-level fold metric before formal rowwise-median aggregation.",109,0.732935189826663,0.369214390368314,0.2482568807339449,-0.0680733944954129,0.3645608140707983,0.1599999999999966,0.3200000000000003,0.6199999999999989,0.8640000000000027,1.1799999999999995,0.3944954128440367,0.5963302752293578,0.6788990825688074,0.8348623853211009
20260903,SA_KNN,nearest neighbor,evolutionary_optimized_ml,4,21.13843479999923,"Simulated annealing tunes KNN k, distance metric, and weights. Seed-level fold metric before formal rowwise-median aggregation.",92,0.7183523275372217,0.4198456626366205,0.277989130434783,0.1399456521739128,0.398004289670694,0.1499999999999985,0.5062500000000068,0.7450000000000006,0.875,1.375,0.4239130434782608,0.6086956521739131,0.6847826086956522,0.7391304347826086
20260903,SA_KNN,nearest neighbor,evolutionary_optimized_ml,5,21.13843479999923,"Simulated annealing tunes KNN k, distance metric, and weights. Seed-level fold metric before formal rowwise-median aggregation.",83,0.5804463903949321,0.5273440551863698,0.2984947702424528,0.019428412306582,0.5301896349059411,0.1385889578620265,0.3803893496516863,0.8510253963523351,0.964167714405964,2.722026980328316,0.3855421686746988,0.6385542168674698,0.7108433734939759,0.8313253012048193
20260523,SGD_Huber,linear online,linear_baseline,1,0.6139821999968262,Elastic-net online linear robust regressor. Seed-level fold metric before formal rowwise-median aggregation.,117,-1.2269729954921544,1.1538987161692178,0.7919292153111723,0.2986688934792849,1.1193696628769931,0.4938934191140234,0.8761425195665709,2.170138312960495,2.60177875511888,3.966963366878211,0.094017094017094,0.2222222222222222,0.3333333333333333,0.5128205128205128
20260523,SGD_Huber,linear online,linear_baseline,2,0.6139821999968262,Elastic-net online linear robust regressor. Seed-level fold metric before formal rowwise-median aggregation.,122,-1.0679464853417209,1.0795793286912667,0.72958143712767,0.317538951955377,1.036078852392161,0.4293162580895178,0.946656414311672,1.9458115126052895,2.3202908871408168,3.6941179917327673,0.1639344262295081,0.2786885245901639,0.3852459016393442,0.5491803278688525
20260523,SGD_Huber,linear online,linear_baseline,3,0.6139821999968262,Elastic-net online linear robust regressor. Seed-level fold metric before formal rowwise-median aggregation.,90,-0.622568133210553,0.9669704905346398,0.6691430294953382,0.2508570129652759,0.9390961586677624,0.4126282385283595,0.8851752383379434,1.406588639858597,2.576309052860536,3.087344914593565,0.1222222222222222,0.2333333333333333,0.3,0.6
20260523,SGD_Huber,linear online,linear_baseline,4,0.6139821999968262,Elastic-net online linear robust regressor. Seed-level fold metric before formal rowwise-median aggregation.,90,-0.4185849760674591,0.8816633571614467,0.6188694109818325,0.1557672916340137,0.8726558607102141,0.4641458533460643,0.8138511627806579,1.26106935628836,2.033950147510041,3.0039543848654238,0.1333333333333333,0.2555555555555555,0.4222222222222222,0.5222222222222223
20260523,SGD_Huber,linear online,linear_baseline,5,0.6139821999968262,Elastic-net online linear robust regressor. Seed-level fold metric before formal rowwise-median aggregation.,101,-0.4406197820346129,0.937936925371468,0.6592775071565733,0.2290905925009,0.914065428821645,0.4610177571199259,0.8160658087195145,1.2723697016415016,2.250308832927473,3.297937699850891,0.1386138613861386,0.2277227722772277,0.3168316831683168,0.5346534653465347
20260607,SGD_Huber,linear online,linear_baseline,1,0.6121652000001632,Elastic-net online linear robust regressor. Seed-level fold metric before formal rowwise-median aggregation.,123,-0.4321480655335561,0.8817276751244916,0.6242081224723183,0.0947427790518084,0.8802081644834786,0.4282436244951526,0.8565524178642683,1.2294167400910936,2.1662535515869323,3.0255173747290414,0.1300813008130081,0.2357723577235772,0.3739837398373983,0.5447154471544715
20260607,SGD_Huber,linear online,linear_baseline,2,0.6121652000001632,Elastic-net online linear robust regressor. Seed-level fold metric before formal rowwise-median aggregation.,114,-0.1205848077425799,0.8036390505080205,0.5732663157122847,0.1316218303980169,0.7962873006676038,0.3977910737503798,0.720927255705055,1.2506557050267166,1.8153199742213373,3.150730153872125,0.1228070175438596,0.2280701754385964,0.3508771929824561,0.6052631578947368
20260607,SGD_Huber,linear online,linear_baseline,3,0.6121652000001632,Elastic-net online linear robust regressor. Seed-level fold metric before formal rowwise-median aggregation.,100,-1.3538485001091445,1.1801327515589413,0.7880501401349275,0.3016056637058723,1.1466892769628725,0.5316358053728649,0.9841319237196676,2.2821234596241986,2.678979467265491,3.9347153388442,0.13,0.26,0.43,0.49
20260607,SGD_Huber,linear online,linear_baseline,4,0.6121652000001632,Elastic-net online linear robust regressor. Seed-level fold metric before formal rowwise-median aggregation.,99,-0.8053949784817385,1.0164950179403551,0.7179124030009866,0.3408693998764999,0.9625113155911276,0.4585945289257225,0.8915462573621689,1.9641322223464244,2.338593199985439,3.0164637825622336,0.1414141414141414,0.1717171717171717,0.3333333333333333,0.5454545454545454
20260607,SGD_Huber,linear online,linear_baseline,5,0.6121652000001632,Elastic-net online linear robust regressor. Seed-level fold metric before formal rowwise-median aggregation.,84,-1.493618724115218,1.257490168234403,0.8801548149761926,0.4508652639438195,1.1809337285197168,0.5271366772570758,1.014610000432162,2.257239506793796,2.9448517006882144,3.86383815094473,0.119047619047619,0.1785714285714285,0.2619047619047619,0.4880952380952381
20260701,SGD_Huber,linear online,linear_baseline,1,0.6163010000018403,Elastic-net online linear robust regressor. Seed-level fold metric before formal rowwise-median aggregation.,122,-0.4735106998244516,0.8797614483571615,0.601342517513431,0.2307613097847256,0.8524587177347327,0.3867854528737986,0.7191725404093301,1.4662032182426503,1.924183823199883,2.9394117018618857,0.1311475409836065,0.2622950819672131,0.3934426229508196,0.5901639344262295
20260701,SGD_Huber,linear online,linear_baseline,2,0.6163010000018403,Elastic-net online linear robust regressor. Seed-level fold metric before formal rowwise-median aggregation.,122,-0.5967569587736798,1.0074777040639713,0.6899288089424328,0.2537729185044721,0.9790132359770444,0.4696539265677302,0.8767807291492833,1.8025490685119228,2.4123690817531918,3.131873959834593,0.1721311475409836,0.2868852459016393,0.3524590163934426,0.5409836065573771
20260701,SGD_Huber,linear online,linear_baseline,3,0.6163010000018403,Elastic-net online linear robust regressor. Seed-level fold metric before formal rowwise-median aggregation.,97,-0.967531590925635,1.1348116219824145,0.8021360692924512,0.258137504790028,1.110802812452797,0.579714895978384,0.974958804467846,1.942628602956156,2.695681949162738,3.739472622023954,0.1546391752577319,0.2164948453608247,0.2886597938144329,0.4329896907216495
20260701,SGD_Huber,linear online,linear_baseline,4,0.6163010000018403,Elastic-net online linear robust regressor. Seed-level fold metric before formal rowwise-median aggregation.,94,-1.28524388769236,1.1664274078758778,0.8044968299769796,0.317501825553958,1.1284020289901766,0.4670053710741975,0.95914705867008,2.1926448451120173,2.610370103537228,3.854141963327322,0.0638297872340425,0.1702127659574468,0.2872340425531915,0.5425531914893617
20260701,SGD_Huber,linear online,linear_baseline,5,0.6163010000018403,Elastic-net online linear robust regressor. Seed-level fold metric before formal rowwise-median aggregation.,85,-0.7006885585914275,0.9006475804951928,0.6251534110291159,0.222363087383773,0.8779457986970624,0.4309231580695751,0.7468602458011162,1.515019181787756,1.9290352825525168,3.1432014278524747,0.1764705882352941,0.2352941176470588,0.388235294117647,0.5529411764705883
20260811,SGD_Huber,linear online,linear_baseline,1,0.6142013000062434,Elastic-net online linear robust regressor. Seed-level fold metric before formal rowwise-median aggregation.,127,-1.522924954981339,1.235480721711279,0.8194427878559347,0.4105198698898059,1.1698986808949472,0.4371850997350748,1.0214424672062703,2.33935336548224,3.034261220649645,3.935191684033825,0.1338582677165354,0.2834645669291338,0.3622047244094488,0.5511811023622047
20260811,SGD_Huber,linear online,linear_baseline,2,0.6142013000062434,Elastic-net online linear robust regressor. Seed-level fold metric before formal rowwise-median aggregation.,121,-0.9781593864401824,1.0778144223420134,0.7579405002971574,0.2605396721702542,1.0501990446112963,0.4637131461735251,0.9080742159818342,2.015131475984127,2.4770621597333218,3.1551721869220017,0.0909090909090909,0.1983471074380165,0.3140495867768595,0.512396694214876
20260811,SGD_Huber,linear online,linear_baseline,3,0.6142013000062434,Elastic-net online linear robust regressor. Seed-level fold metric before formal rowwise-median aggregation.,97,-0.3955450768046744,0.8175278202541042,0.600350657778704,0.0997413982220149,0.815635800477047,0.4349770585605697,0.7663223687988676,1.1662155749056329,1.922310950515536,2.545417125792227,0.1134020618556701,0.2371134020618556,0.3608247422680412,0.5463917525773195
20260811,SGD_Huber,linear online,linear_baseline,4,0.6142013000062434,Elastic-net online linear robust regressor. Seed-level fold metric before formal rowwise-median aggregation.,93,0.1649228500269829,0.705251196273733,0.5366210919569053,0.0459761700489337,0.7075653762380653,0.4242725698640868,0.7616059122511274,0.9929721278184346,1.1331558947722764,2.966990842972365,0.086021505376344,0.2580645161290322,0.3118279569892473,0.5483870967741935
20260811,SGD_Huber,linear online,linear_baseline,5,0.6142013000062434,Elastic-net online linear robust regressor. Seed-level fold metric before formal rowwise-median aggregation.,82,-1.10015541185781,1.1416266233342571,0.7534028077587634,0.3923662654692766,1.078679605447259,0.4881811425317117,0.9467319933664466,1.9452136280999817,2.9674509463435754,3.74425894940206,0.2073170731707317,0.3048780487804878,0.3902439024390244,0.5
20260903,SGD_Huber,linear online,linear_baseline,1,0.6218160999997053,Elastic-net online linear robust regressor. Seed-level fold metric before formal rowwise-median aggregation.,121,-0.7948941195640586,0.9411737435108178,0.6850716154337906,0.2268252634007596,0.9172302335393518,0.4847675259943713,0.8004745885953355,1.757796800247526,2.029580244883768,3.1439435947312617,0.1074380165289256,0.2148760330578512,0.2892561983471074,0.5371900826446281
20260903,SGD_Huber,linear online,linear_baseline,2,0.6218160999997053,Elastic-net online linear robust regressor. Seed-level fold metric before formal rowwise-median aggregation.,115,-0.267226534180522,0.8974548623703418,0.6405509767476267,0.1400503329103833,0.8903393815668305,0.4342535924752653,0.8597922127391087,1.340328709255808,2.0035060195113568,2.908247678881729,0.1304347826086956,0.2434782608695652,0.3826086956521739,0.5304347826086957
20260903,SGD_Huber,linear online,linear_baseline,3,0.6218160999997053,Elastic-net online linear robust regressor. Seed-level fold metric before formal rowwise-median aggregation.,109,-0.6975319336539587,0.9308490558270408,0.6339332885929924,0.118511527739021,0.9275386240108474,0.4581286807164986,0.8023903536778718,1.4368711120121138,2.0961804182756407,3.310135728394144,0.1376146788990825,0.3394495412844037,0.4311926605504587,0.5504587155963303
20260903,SGD_Huber,linear online,linear_baseline,4,0.6218160999997053,Elastic-net online linear robust regressor. Seed-level fold metric before formal rowwise-median aggregation.,92,-1.455110376815416,1.2395729731019631,0.8136619344091195,0.4930017908318797,1.143549111315289,0.4197684495152742,0.9868015805255244,2.276304769953873,3.098966310823783,3.950106892340884,0.0760869565217391,0.1847826086956521,0.3260869565217391,0.5652173913043478
20260903,SGD_Huber,linear online,linear_baseline,5,0.6218160999997053,Elastic-net online linear robust regressor. Seed-level fold metric before formal rowwise-median aggregation.,83,-0.7703750063348194,1.0832606274967498,0.7406788226340103,0.3281174406215593,1.038648160904371,0.5155028673823878,0.8997908408267392,1.9953709227401288,2.7362762037152715,3.1981568100917954,0.1204819277108433,0.2650602409638554,0.3734939759036144,0.4819277108433735
20260523,SVR_RBF,kernel method,conventional_ml,1,0.4825478999991901,Support vector regression with RBF kernel. Seed-level fold metric before formal rowwise-median aggregation.,117,0.7848657694807412,0.3586451593584928,0.2433036463874914,-0.010144143788481,0.3600436187815333,0.1314364143207598,0.393940315256053,0.5871490740028537,0.8064932091938429,1.135505091735972,0.4444444444444444,0.5897435897435898,0.7008547008547008,0.8461538461538461
20260523,SVR_RBF,kernel method,conventional_ml,2,0.4825478999991901,Support vector regression with RBF kernel. Seed-level fold metric before formal rowwise-median aggregation.,122,0.6831500490905041,0.4225827202836819,0.2511306069251772,0.0108202958698515,0.4241862151012883,0.1596834835058516,0.3072714992636918,0.5389661851906562,0.6656878196876619,2.726171005182941,0.360655737704918,0.6147540983606558,0.7377049180327869,0.8688524590163934
20260523,SVR_RBF,kernel method,conventional_ml,3,0.4825478999991901,Support vector regression with RBF kernel. Seed-level fold metric before formal rowwise-median aggregation.,90,0.7628202809452524,0.3697009143897481,0.2314489351562335,-0.0023470801302798,0.371764592036488,0.1131622947011052,0.3146985831697915,0.581424404082106,0.9072938458499318,1.430899576882091,0.4666666666666667,0.6666666666666666,0.7222222222222222,0.8555555555555555
20260523,SVR_RBF,kernel method,conventional_ml,4,0.4825478999991901,Support vector regression with RBF kernel. Seed-level fold metric before formal rowwise-median aggregation.,90,0.7837578461703213,0.3442272859091528,0.219589747122213,0.021888706496479,0.3454552085684011,0.1038450961633046,0.3035919754766425,0.6131071912889476,0.8861113227703505,1.1107441357709362,0.4888888888888889,0.7,0.7444444444444445,0.8444444444444444
20260523,SVR_RBF,kernel method,conventional_ml,5,0.4825478999991901,Support vector regression with RBF kernel. Seed-level fold metric before formal rowwise-median aggregation.,101,0.7171372358210644,0.4156108122222854,0.2609117314524528,0.0079022727194507,0.417608189976148,0.1327471255042098,0.3464874991298785,0.519945613860493,0.8863871898955296,1.7210127512598632,0.396039603960396,0.5841584158415841,0.693069306930693,0.8910891089108911
20260607,SVR_RBF,kernel method,conventional_ml,1,0.5330815999914194,Support vector regression with RBF kernel. Seed-level fold metric before formal rowwise-median aggregation.,123,0.7808491800579088,0.34491498424399,0.2280354797818392,-0.0177579430978508,0.3458663773889472,0.1511014069781779,0.2796432175913779,0.5613278151046557,0.7783648923429382,1.4475112409476625,0.3821138211382114,0.5934959349593496,0.7642276422764228,0.8699186991869918
20260607,SVR_RBF,kernel method,conventional_ml,2,0.5330815999914194,Support vector regression with RBF kernel. Seed-level fold metric before formal rowwise-median aggregation.,114,0.661451427049606,0.4417221328583985,0.2580516991650295,0.0974975492522387,0.4327300088411002,0.1341257206684893,0.316192645311169,0.6350893546687495,0.7377604040560597,2.7778560894265283,0.3684210526315789,0.6403508771929824,0.7280701754385965,0.8333333333333334
20260607,SVR_RBF,kernel method,conventional_ml,3,0.5330815999914194,Support vector regression with RBF kernel. Seed-level fold metric before formal rowwise-median aggregation.,100,0.7274770099896697,0.4015532842778928,0.2669092630313096,-0.0775559407965927,0.3959773947245549,0.1721778544305543,0.3053254129917242,0.6753420440468945,1.042778650194816,1.3051798285667786,0.35,0.61,0.74,0.83
20260607,SVR_RBF,kernel method,conventional_ml,4,0.5330815999914194,Support vector regression with RBF kernel. Seed-level fold metric before formal rowwise-median aggregation.,99,0.7886247437278004,0.3478133223939764,0.2378221333381403,-0.0117224596734076,0.3493847716127594,0.1303463137752913,0.3216829423284295,0.681810836540791,0.7557760176241615,1.093778119322458,0.3636363636363636,0.6060606060606061,0.7373737373737373,0.8383838383838383
20260607,SVR_RBF,kernel method,conventional_ml,5,0.5330815999914194,Support vector regression with RBF kernel. Seed-level fold metric before formal rowwise-median aggregation.,84,0.8220338133725369,0.3359373719335346,0.209588263287424,0.0711905118053459,0.3302793565074371,0.1199252631502112,0.2694619546870882,0.4492011203922935,0.8455386513762665,1.4544166701821553,0.4761904761904761,0.7023809523809523,0.7738095238095238,0.9047619047619048
20260701,SVR_RBF,kernel method,conventional_ml,1,0.4447876999911386,Support vector regression with RBF kernel. Seed-level fold metric before formal rowwise-median aggregation.,122,0.7743243668880719,0.3442949200412797,0.2355103189861942,-0.0143410172239997,0.3454146617805297,0.1428758421891274,0.3386121466568781,0.5363962625435273,0.709446249346915,1.472429360762206,0.3934426229508196,0.5901639344262295,0.6885245901639344,0.8934426229508197
20260701,SVR_RBF,kernel method,conventional_ml,2,0.4447876999911386,Support vector regression with RBF kernel. Seed-level fold metric before formal rowwise-median aggregation.,122,0.7442571247553574,0.4031974778627804,0.2371238932270399,-0.0067675595440736,0.404803120881385,0.1351472047813899,0.3029463112137929,0.5445314745223812,0.7689889107687081,2.749359085480471,0.3934426229508196,0.6557377049180327,0.7459016393442623,0.8770491803278688
20260701,SVR_RBF,kernel method,conventional_ml,3,0.4447876999911386,Support vector regression with RBF kernel. Seed-level fold metric before formal rowwise-median aggregation.,97,0.7309322335766166,0.4196563071148768,0.2846132836392879,0.0478826859183825,0.4190814665181227,0.1620894791877702,0.4120007782207224,0.7046272337608318,0.8940793064946458,1.6401917345338433,0.3505154639175257,0.5670103092783505,0.6597938144329897,0.7938144329896907
20260701,SVR_RBF,kernel method,conventional_ml,4,0.4447876999911386,Support vector regression with RBF kernel. Seed-level fold metric before formal rowwise-median aggregation.,94,0.8217535790969911,0.3257630683379928,0.2243854437043033,0.0076468088791006,0.3274195572658164,0.1359371145970627,0.3350451168454587,0.5220819256214242,0.6975498058105387,1.2325607041993862,0.4468085106382978,0.5851063829787234,0.7340425531914894,0.8723404255319149
20260701,SVR_RBF,kernel method,conventional_ml,5,0.4447876999911386,Support vector regression with RBF kernel. Seed-level fold metric before formal rowwise-median aggregation.,85,0.7553966162935665,0.3415652828025285,0.2135361368026869,0.0335178518498055,0.3419340764572483,0.1183294019777605,0.2183909410806492,0.4808364884165802,0.7157843071007917,1.4503868940077211,0.4235294117647059,0.6823529411764706,0.8117647058823529,0.8941176470588236
20260811,SVR_RBF,kernel method,conventional_ml,1,0.4086788999993587,Support vector regression with RBF kernel. Seed-level fold metric before formal rowwise-median aggregation.,127,0.6428973947294261,0.4648151942442224,0.2608240301274614,0.0734148433553794,0.4607986084228233,0.1467607665069579,0.3102433214362925,0.5697490293822101,0.8802743668176071,2.6944880565201075,0.4015748031496063,0.6377952755905512,0.7322834645669292,0.8818897637795275
20260811,SVR_RBF,kernel method,conventional_ml,2,0.4086788999993587,Support vector regression with RBF kernel. Seed-level fold metric before formal rowwise-median aggregation.,121,0.7152140167737706,0.4089523000659042,0.2379847663424035,0.0336346212553305,0.4092614711673401,0.1268764209271751,0.2674267122396045,0.5416183979086711,0.7166696771923071,2.783293591747828,0.396694214876033,0.6363636363636364,0.7603305785123967,0.8842975206611571
20260811,SVR_RBF,kernel method,conventional_ml,3,0.4086788999993587,Support vector regression with RBF kernel. Seed-level fold metric before formal rowwise-median aggregation.,97,0.6435403734951406,0.4131766592978904,0.28059305094694,-0.033792041689024,0.4139316799201296,0.1553514290965765,0.427761198771897,0.7745351889779629,0.9468791019249888,1.2452001748764587,0.3608247422680412,0.5876288659793815,0.6804123711340206,0.8144329896907216
20260811,SVR_RBF,kernel method,conventional_ml,4,0.4086788999993587,Support vector regression with RBF kernel. Seed-level fold metric before formal rowwise-median aggregation.,93,0.7679036821086312,0.3718045127020662,0.2609856066057022,0.0017528731052616,0.3738155736927098,0.1578692598485389,0.3728270618644274,0.6328004601943619,0.7445584549077494,1.5335643096062055,0.3333333333333333,0.5913978494623656,0.6774193548387096,0.8387096774193549
20260811,SVR_RBF,kernel method,conventional_ml,5,0.4086788999993587,Support vector regression with RBF kernel. Seed-level fold metric before formal rowwise-median aggregation.,82,0.7824813494878893,0.367406318980583,0.241500513402293,0.0616012644760085,0.364434287972115,0.1308425557158266,0.2783424058426291,0.5373188991171568,0.8209847970938144,1.254680727977572,0.3780487804878049,0.6463414634146342,0.7682926829268293,0.8658536585365854
20260903,SVR_RBF,kernel method,conventional_ml,1,0.4250069999980042,Support vector regression with RBF kernel. Seed-level fold metric before formal rowwise-median aggregation.,121,0.7662781404502481,0.3396253132858527,0.2330583703542118,0.0228448078280406,0.3402650884452375,0.1561900660559132,0.299388729513744,0.5640941255970802,0.8020244759110398,1.2528157280712904,0.3553719008264462,0.6033057851239669,0.7520661157024794,0.859504132231405
20260903,SVR_RBF,kernel method,conventional_ml,2,0.4250069999980042,Support vector regression with RBF kernel. Seed-level fold metric before formal rowwise-median aggregation.,115,0.6248202350182687,0.4883207617717107,0.3056237385239406,0.0474772929335539,0.4881342333969178,0.164656578475892,0.4103780216576957,0.728707517446877,0.9987817213695942,1.9570370823155656,0.3391304347826087,0.5826086956521739,0.6695652173913044,0.782608695652174
20260903,SVR_RBF,kernel method,conventional_ml,3,0.4250069999980042,Support vector regression with RBF kernel. Seed-level fold metric before formal rowwise-median aggregation.,109,0.794361616741203,0.323983114849565,0.2146425250098569,-0.0405030099466274,0.3229261120242264,0.1243560442467384,0.2600102669219879,0.4646508344282083,0.7889740209925722,1.2070337017999293,0.3853211009174312,0.6605504587155964,0.7798165137614679,0.908256880733945
20260903,SVR_RBF,kernel method,conventional_ml,4,0.4250069999980042,Support vector regression with RBF kernel. Seed-level fold metric before formal rowwise-median aggregation.,92,0.7731625553423956,0.3767853086684814,0.2573290131697616,0.1278537660848423,0.3563720377596202,0.1500680009760486,0.3700002147039249,0.6784968036089837,0.7971245240262308,1.4398499810651302,0.391304347826087,0.6195652173913043,0.7065217391304348,0.8369565217391305
20260903,SVR_RBF,kernel method,conventional_ml,5,0.4250069999980042,Support vector regression with RBF kernel. Seed-level fold metric before formal rowwise-median aggregation.,83,0.6079759839707961,0.5097493260904652,0.2854129221207197,0.0225442158192551,0.5123463375106891,0.120125552102003,0.3614586808728113,0.743795625559575,1.102603431873557,2.7190974301983246,0.4698795180722891,0.6144578313253012,0.7108433734939759,0.8313253012048193
20260523,SplineRidge_GAMLike,GAM-like spline,linear_baseline,1,0.1956581999984337,Spline additive approximation with ridge regularization. Seed-level fold metric before formal rowwise-median aggregation.,117,0.7710494658352918,0.3699823830361496,0.2667716207202061,-0.0428613029996824,0.369071938110642,0.1828598054566583,0.3456432354891774,0.6240995202849178,0.82763177210347,1.2831549549602954,0.2905982905982906,0.5128205128205128,0.6837606837606838,0.8290598290598291
20260523,SplineRidge_GAMLike,GAM-like spline,linear_baseline,2,0.1956581999984337,Spline additive approximation with ridge regularization. Seed-level fold metric before formal rowwise-median aggregation.,122,0.6797098699674256,0.4248706100199813,0.2839942570446245,-0.0142034097930749,0.4263842058025083,0.2019976965586494,0.368106317272538,0.6052408214096852,0.7141722215652418,2.639018096121632,0.2622950819672131,0.4836065573770491,0.6639344262295082,0.8360655737704918
20260523,SplineRidge_GAMLike,GAM-like spline,linear_baseline,3,0.1956581999984337,Spline additive approximation with ridge regularization. Seed-level fold metric before formal rowwise-median aggregation.,90,0.7227402714164599,0.3997193260173211,0.2879594315592624,0.0157026754209154,0.4016483858597489,0.2088095857697958,0.3476806156837622,0.6758840424114538,0.8423495281239706,1.6428625729779824,0.1777777777777777,0.4888888888888889,0.6888888888888889,0.8444444444444444
20260523,SplineRidge_GAMLike,GAM-like spline,linear_baseline,4,0.1956581999984337,Spline additive approximation with ridge regularization. Seed-level fold metric before formal rowwise-median aggregation.,90,0.7768539272736283,0.3496791496439455,0.250919717844295,0.0171498093499009,0.3512149899565782,0.1757561126285765,0.3496817667863627,0.5636864317098436,0.7943940296725834,1.309362461405989,0.3111111111111111,0.5666666666666667,0.7111111111111111,0.8888888888888888
20260523,SplineRidge_GAMLike,GAM-like spline,linear_baseline,5,0.1956581999984337,Spline additive approximation with ridge regularization. Seed-level fold metric before formal rowwise-median aggregation.,101,0.6940226866837478,0.4322585180962178,0.279559857791782,0.0493683943380306,0.4315718827591705,0.1770369752614939,0.3469880892045154,0.6171249802773744,0.9925590715112662,2.1562014380239987,0.297029702970297,0.5247524752475248,0.7029702970297029,0.8514851485148515
20260607,SplineRidge_GAMLike,GAM-like spline,linear_baseline,1,0.1949314000084996,Spline additive approximation with ridge regularization. Seed-level fold metric before formal rowwise-median aggregation.,123,0.7625590603447678,0.3590197276783237,0.2586881231575602,-0.0080702742478224,0.3603970302785761,0.1877259135762941,0.3309614743498379,0.5357006869067958,0.8093678980625915,1.253956317322455,0.2601626016260163,0.5365853658536586,0.7073170731707317,0.8861788617886179
20260607,SplineRidge_GAMLike,GAM-like spline,linear_baseline,2,0.1949314000084996,Spline additive approximation with ridge regularization. Seed-level fold metric before formal rowwise-median aggregation.,114,0.6569079560615187,0.4446763071178531,0.2650509809283752,0.0464374110818011,0.4441974635236456,0.174680575242025,0.299272945323775,0.4876953321378295,0.6579411797664504,2.755599021055985,0.2543859649122807,0.5877192982456141,0.7456140350877193,0.9035087719298246
20260607,SplineRidge_GAMLike,GAM-like spline,linear_baseline,3,0.1949314000084996,Spline additive approximation with ridge regularization. Seed-level fold metric before formal rowwise-median aggregation.,100,0.6824652055329197,0.4334482662513598,0.305063490349921,-0.0727396878443406,0.4294538901515277,0.2047628052879311,0.3632460859268072,0.7429127661274144,1.015928595108503,1.5720174764977417,0.25,0.49,0.66,0.81
20260607,SplineRidge_GAMLike,GAM-like spline,linear_baseline,4,0.1949314000084996,Spline additive approximation with ridge regularization. Seed-level fold metric before formal rowwise-median aggregation.,99,0.7748647012638377,0.3589557675493013,0.2643376606646805,-0.0309249754686216,0.3594411195568008,0.2001674242253202,0.3198671527340408,0.6129761161461318,0.7825856769145112,1.32288554847117,0.2727272727272727,0.494949494949495,0.7171717171717171,0.8484848484848485
20260607,SplineRidge_GAMLike,GAM-like spline,linear_baseline,5,0.1949314000084996,Spline additive approximation with ridge regularization. Seed-level fold metric before formal rowwise-median aggregation.,84,0.8064928459951906,0.3502983452866484,0.2618590279088801,0.0632994572016512,0.346601003064431,0.2078853359692658,0.358284782770605,0.5359613726839556,0.7480891148536305,1.2003119690185144,0.2619047619047619,0.4642857142857143,0.6666666666666666,0.8809523809523809
20260701,SplineRidge_GAMLike,GAM-like spline,linear_baseline,1,0.1811555000022053,Spline additive approximation with ridge regularization. Seed-level fold metric before formal rowwise-median aggregation.,122,0.7412658403381536,0.3686507870876421,0.263857095687685,0.0221808205098842,0.369500360780701,0.1821530806837863,0.3138412900218572,0.5893537886793683,0.7942410816784453,1.3916184315708833,0.2049180327868852,0.5163934426229508,0.7459016393442623,0.8524590163934426
20260701,SplineRidge_GAMLike,GAM-like spline,linear_baseline,2,0.1811555000022053,Spline additive approximation with ridge regularization. Seed-level fold metric before formal rowwise-median aggregation.,122,0.7365540599293439,0.4092246539106214,0.2598063732849004,0.0209932500642825,0.4103711311600674,0.1697712452248225,0.2900357942652718,0.6266001080173536,0.7889774956239516,2.5772211936643004,0.2868852459016393,0.5655737704918032,0.7622950819672131,0.8688524590163934
20260701,SplineRidge_GAMLike,GAM-like spline,linear_baseline,3,0.1811555000022053,Spline additive approximation with ridge regularization. Seed-level fold metric before formal rowwise-median aggregation.,97,0.6623843605311787,0.470082621458955,0.3380812039582385,0.0435826443532153,0.4704894142734479,0.2521167767908068,0.4462103488703874,0.8060545658985576,0.919680217002959,2.1743611417352118,0.2577319587628865,0.3917525773195876,0.5773195876288659,0.7731958762886598
20260701,SplineRidge_GAMLike,GAM-like spline,linear_baseline,4,0.1811555000022053,Spline additive approximation with ridge regularization. Seed-level fold metric before formal rowwise-median aggregation.,94,0.8000969789629675,0.3449857183042369,0.2513730032007997,-0.0439639242710312,0.3440076581492944,0.1826580949603347,0.3274855344034169,0.5690058476230462,0.6383733635564194,1.5125305479495452,0.2765957446808511,0.5212765957446809,0.7021276595744681,0.8617021276595744
20260701,SplineRidge_GAMLike,GAM-like spline,linear_baseline,5,0.1811555000022053,Spline additive approximation with ridge regularization. Seed-level fold metric before formal rowwise-median aggregation.,85,0.7626134853290275,0.3364887228241494,0.2330816792768283,-0.0254106555302011,0.3375191622379349,0.1600667286243435,0.304587281013589,0.531059117981886,0.7910909799656295,1.1708874831886789,0.3764705882352941,0.6235294117647059,0.7411764705882353,0.8823529411764706
20260811,SplineRidge_GAMLike,GAM-like spline,linear_baseline,1,0.1842572999885305,Spline additive approximation with ridge regularization. Seed-level fold metric before formal rowwise-median aggregation.,127,0.6793527622140589,0.440450957436617,0.2756321149995128,0.0710020828706028,0.4364119601310932,0.1926500059601394,0.3046648892154024,0.5448192872137697,0.8684379363823338,2.4486767992808254,0.3228346456692913,0.5118110236220472,0.7244094488188977,0.8661417322834646
20260811,SplineRidge_GAMLike,GAM-like spline,linear_baseline,2,0.1842572999885305,Spline additive approximation with ridge regularization. Seed-level fold metric before formal rowwise-median aggregation.,121,0.7295701880730056,0.3985112931887997,0.2490045960886887,-0.027558333890541,0.3992103296185131,0.16778297860143,0.3021408125299416,0.4959064424502841,0.6810419592400905,2.6947234785940357,0.2727272727272727,0.6115702479338843,0.7355371900826446,0.9008264462809916
20260811,SplineRidge_GAMLike,GAM-like spline,linear_baseline,3,0.1842572999885305,Spline additive approximation with ridge regularization. Seed-level fold metric before formal rowwise-median aggregation.,97,0.6570586112457195,0.4052663613335923,0.3066097073079556,-0.088101708612753,0.3976291000928724,0.2202164002552464,0.3868329663832881,0.7451706835629811,0.9533200409292846,1.0921608178341486,0.1958762886597938,0.4432989690721649,0.5979381443298969,0.8350515463917526
20260811,SplineRidge_GAMLike,GAM-like spline,linear_baseline,4,0.1842572999885305,Spline additive approximation with ridge regularization. Seed-level fold metric before formal rowwise-median aggregation.,93,0.7262055588705825,0.4038246678264165,0.3070446120493427,-0.0147026964750473,0.405744243104134,0.2302612784502216,0.4657420336997546,0.6640421558112365,0.7605341369471514,1.582819511834586,0.2365591397849462,0.3978494623655914,0.6344086021505376,0.7956989247311828
20260811,SplineRidge_GAMLike,GAM-like spline,linear_baseline,5,0.1842572999885305,Spline additive approximation with ridge regularization. Seed-level fold metric before formal rowwise-median aggregation.,82,0.800732489095382,0.3516548562658776,0.2479573311458425,0.0591784199290961,0.3487728453353005,0.1862577367592166,0.3104222618737982,0.4865816419360955,0.7822115593056442,1.3076392657469995,0.3048780487804878,0.524390243902439,0.7195121951219512,0.9146341463414634
20260903,SplineRidge_GAMLike,GAM-like spline,linear_baseline,1,0.1862410000030649,Spline additive approximation with ridge regularization. Seed-level fold metric before formal rowwise-median aggregation.,121,0.8135972281218455,0.303302904074852,0.2249866727309248,-0.0540107813591693,0.2996961508648178,0.1759965826780032,0.2959979706349429,0.4677684920926666,0.5888790938489095,0.9994417859602648,0.2727272727272727,0.5537190082644629,0.768595041322314,0.9173553719008264
20260903,SplineRidge_GAMLike,GAM-like spline,linear_baseline,2,0.1862410000030649,Spline additive approximation with ridge regularization. Seed-level fold metric before formal rowwise-median aggregation.,115,0.6614109950800503,0.4638973711704163,0.3257637160312036,-0.0200200446706367,0.4654934790550286,0.229351035703111,0.408199589318972,0.6853853572486663,0.8945042886639732,2.218480552538189,0.2,0.417391304347826,0.6,0.8173913043478261
20260903,SplineRidge_GAMLike,GAM-like spline,linear_baseline,3,0.1862410000030649,Spline additive approximation with ridge regularization. Seed-level fold metric before formal rowwise-median aggregation.,109,0.8212071460547757,0.3020962710203065,0.2195059875071468,-0.0532805405861785,0.2987341219173504,0.1580195413133225,0.2897291260216335,0.4605864813758515,0.6095485312646937,1.0458415719952612,0.3394495412844037,0.5963302752293578,0.7614678899082569,0.9174311926605504
20260903,SplineRidge_GAMLike,GAM-like spline,linear_baseline,4,0.1862410000030649,Spline additive approximation with ridge regularization. Seed-level fold metric before formal rowwise-median aggregation.,92,0.7452156011693472,0.399321784584648,0.2852648659098737,0.1365941027505284,0.3772892667591885,0.1932277468653325,0.3799224135769474,0.733870789762267,0.8165964591450212,1.3592077699332492,0.2934782608695652,0.5108695652173914,0.6847826086956522,0.8152173913043478
20260903,SplineRidge_GAMLike,GAM-like spline,linear_baseline,5,0.1862410000030649,Spline additive approximation with ridge regularization. Seed-level fold metric before formal rowwise-median aggregation.,83,0.6034960168847495,0.5126537054513023,0.3233499148895267,0.0151651251937403,0.5155444526424979,0.192953893339677,0.3812201708368405,0.7684682108066369,1.0069832809759471,2.681151229309819,0.253012048192771,0.5301204819277109,0.6385542168674698,0.8072289156626506
20260523,TH-SHRC,three-branch stacked compensation,proposed_model_reference,1,0.0,Saved TH-SHRC OOF predictions aligned to this benchmark fold seed. Seed-level fold metric before formal rowwise-median aggregation.,117,0.8939760531679107,0.2517747644659,0.1635095943134945,-0.0464748951605371,0.2485125072925483,0.0733970222027053,0.2365026989619352,0.4091200815971391,0.534132874785983,0.8696638803829302,0.5555555555555556,0.7008547008547008,0.7948717948717948,0.9316239316239316
20260523,TH-SHRC,three-branch stacked compensation,proposed_model_reference,2,0.0,Saved TH-SHRC OOF predictions aligned to this benchmark fold seed. Seed-level fold metric before formal rowwise-median aggregation.,122,0.7923354597429817,0.3421102488373919,0.1681285046957226,0.0617803384135104,0.3378732546568448,0.0696799160172361,0.2202829266972052,0.3378348738851303,0.6038765893796683,2.624453992857859,0.5983606557377049,0.7295081967213115,0.8770491803278688,0.9426229508196722
20260523,TH-SHRC,three-branch stacked compensation,proposed_model_reference,3,0.0,Saved TH-SHRC OOF predictions aligned to this benchmark fold seed. Seed-level fold metric before formal rowwise-median aggregation.,90,0.8380653252067057,0.3054792223063337,0.180499945915536,-0.0367916982636646,0.3049544699481026,0.0860825476400393,0.2337584561033683,0.4232591233655706,0.6590848928574431,1.4221247513858015,0.5222222222222223,0.7,0.8111111111111111,0.9
20260523,TH-SHRC,three-branch stacked compensation,proposed_model_reference,4,0.0,Saved TH-SHRC OOF predictions aligned to this benchmark fold seed. Seed-level fold metric before formal rowwise-median aggregation.,90,0.811844682482975,0.3210948660339351,0.1867231210588371,-0.001097202692224,0.3228918457839339,0.0766945622218528,0.2617730742151849,0.5516843715894966,0.7814513471295945,1.23519586557061,0.5888888888888889,0.7111111111111111,0.7888888888888889,0.8777777777777778
20260523,TH-SHRC,three-branch stacked compensation,proposed_model_reference,5,0.0,Saved TH-SHRC OOF predictions aligned to this benchmark fold seed. Seed-level fold metric before formal rowwise-median aggregation.,101,0.8387788100012795,0.3137689815067633,0.1679839740608272,0.0094415673249671,0.3151911306935239,0.0490676132105463,0.182654019598857,0.4147712367106066,0.8912536824394621,1.4375527178507213,0.6336633663366337,0.7920792079207921,0.8316831683168316,0.9207920792079208
20260607,TH-SHRC,three-branch stacked compensation,proposed_model_reference,1,0.0,Saved TH-SHRC OOF predictions aligned to this benchmark fold seed. Seed-level fold metric before formal rowwise-median aggregation.,123,0.8720321592118923,0.2635669391598821,0.1491060392150211,-0.0025498722288235,0.2646325419730477,0.0672324896719516,0.1846085456941892,0.3346835648446514,0.7740734289478962,1.1250565425689345,0.6504065040650406,0.7642276422764228,0.8536585365853658,0.926829268292683
20260607,TH-SHRC,three-branch stacked compensation,proposed_model_reference,2,0.0,Saved TH-SHRC OOF predictions aligned to this benchmark fold seed. Seed-level fold metric before formal rowwise-median aggregation.,114,0.777158066351027,0.3583745213293992,0.1826714140503655,0.0695077046623319,0.3531214953557043,0.0913335348275801,0.1851976494022302,0.3956471033336903,0.6184579259085483,2.6761067257426205,0.5263157894736842,0.7543859649122807,0.8421052631578947,0.912280701754386
20260607,TH-SHRC,three-branch stacked compensation,proposed_model_reference,3,0.0,Saved TH-SHRC OOF predictions aligned to this benchmark fold seed. Seed-level fold metric before formal rowwise-median aggregation.,100,0.8123416273532932,0.333215797398233,0.1911018593925653,-0.0924950249742551,0.3217336843214001,0.0690677955696479,0.2440004258604631,0.5528921212619267,0.8324342174956922,1.3435924609899246,0.59,0.68,0.79,0.88
20260607,TH-SHRC,three-branch stacked compensation,proposed_model_reference,4,0.0,Saved TH-SHRC OOF predictions aligned to this benchmark fold seed. Seed-level fold metric before formal rowwise-median aggregation.,99,0.8876282851231273,0.2535990624327562,0.159724577385698,-0.0117612640571613,0.2546153873446347,0.0932393139633305,0.1956967439695098,0.3451398528383068,0.6107173762701988,0.956761669769925,0.5050505050505051,0.7575757575757576,0.8686868686868687,0.9191919191919192
20260607,TH-SHRC,three-branch stacked compensation,proposed_model_reference,5,0.0,Saved TH-SHRC OOF predictions aligned to this benchmark fold seed. Seed-level fold metric before formal rowwise-median aggregation.,84,0.8564951972966226,0.3016635176575017,0.1643626685573347,0.0278388160557304,0.302180305413309,0.0580220516361436,0.2100848762676808,0.4366079737826461,0.8082509688240527,1.2194305144998123,0.6190476190476191,0.7380952380952381,0.8333333333333334,0.9166666666666666
20260701,TH-SHRC,three-branch stacked compensation,proposed_model_reference,1,0.0,Saved TH-SHRC OOF predictions aligned to this benchmark fold seed. Seed-level fold metric before formal rowwise-median aggregation.,122,0.8823459544095752,0.2485946126546245,0.1463521105287424,0.0192422699069905,0.2488708386130414,0.0644029072709919,0.1940792631524974,0.3690442291406415,0.4344851335261526,1.0769331052852775,0.6065573770491803,0.7540983606557377,0.8524590163934426,0.9508196721311476
20260701,TH-SHRC,three-branch stacked compensation,proposed_model_reference,2,0.0,Saved TH-SHRC OOF predictions aligned to this benchmark fold seed. Seed-level fold metric before formal rowwise-median aggregation.,122,0.8397264679413108,0.3191882818244834,0.1561911982007512,-0.0121721791716021,0.3202713941036195,0.0740220611014663,0.1924382530754886,0.3656374070858095,0.5405963085354316,2.5950629762294355,0.6147540983606558,0.7540983606557377,0.8770491803278688,0.9426229508196722
20260701,TH-SHRC,three-branch stacked compensation,proposed_model_reference,3,0.0,Saved TH-SHRC OOF predictions aligned to this benchmark fold seed. Seed-level fold metric before formal rowwise-median aggregation.,97,0.8216342829344094,0.341679253736533,0.2146856449166432,0.0800579506011787,0.3338933429226011,0.0957809630824897,0.3036493926201373,0.6564186804114844,0.858705444277686,1.0900130956082208,0.5154639175257731,0.6494845360824743,0.7319587628865979,0.8556701030927835
20260701,TH-SHRC,three-branch stacked compensation,proposed_model_reference,4,0.0,Saved TH-SHRC OOF predictions aligned to this benchmark fold seed. Seed-level fold metric before formal rowwise-median aggregation.,94,0.8651620485214058,0.2833332288054283,0.169059641007977,-0.0802428206386736,0.2731899960864278,0.0668458766074167,0.2369177742054109,0.4447292827124933,0.6683764031113518,1.2490566785433614,0.5957446808510638,0.723404255319149,0.8085106382978723,0.9042553191489362
20260701,TH-SHRC,three-branch stacked compensation,proposed_model_reference,5,0.0,Saved TH-SHRC OOF predictions aligned to this benchmark fold seed. Seed-level fold metric before formal rowwise-median aggregation.,85,0.8381836954619029,0.277813682409235,0.1590996330347467,-0.0081209263629287,0.27934301917831,0.0808617064236543,0.1871999240579072,0.3816968713975244,0.5258794679707289,1.4231519399369006,0.5764705882352941,0.788235294117647,0.8588235294117647,0.9411764705882352
20260811,TH-SHRC,three-branch stacked compensation,proposed_model_reference,1,0.0,Saved TH-SHRC OOF predictions aligned to this benchmark fold seed. Seed-level fold metric before formal rowwise-median aggregation.,127,0.8133695244293376,0.3360277068579662,0.189390823303316,0.065266729366216,0.3309338515208529,0.0908743329065941,0.1841255554825842,0.4801702129523564,0.8583745594199963,1.530527605576644,0.5275590551181102,0.7795275590551181,0.8188976377952756,0.905511811023622
20260811,TH-SHRC,three-branch stacked compensation,proposed_model_reference,2,0.0,Saved TH-SHRC OOF predictions aligned to this benchmark fold seed. Seed-level fold metric before formal rowwise-median aggregation.,121,0.8102230891687865,0.3338374362956706,0.1555310673285339,-0.0143096844521929,0.3349174361341998,0.0620155764905305,0.1720422681808742,0.3204901676769793,0.5880591570248157,2.67231798643234,0.6033057851239669,0.8016528925619835,0.8760330578512396,0.9338842975206612
20260811,TH-SHRC,three-branch stacked compensation,proposed_model_reference,3,0.0,Saved TH-SHRC OOF predictions aligned to this benchmark fold seed. Seed-level fold metric before formal rowwise-median aggregation.,97,0.7874673446160577,0.3190387537645459,0.2070877196109878,-0.0732192767334129,0.31213632838994,0.1126317119588193,0.2517491244725249,0.6370803619807902,0.7666556010732017,0.9611923693737836,0.4845360824742268,0.6494845360824743,0.7628865979381443,0.8762886597938144
20260811,TH-SHRC,three-branch stacked compensation,proposed_model_reference,4,0.0,Saved TH-SHRC OOF predictions aligned to this benchmark fold seed. Seed-level fold metric before formal rowwise-median aggregation.,93,0.842249043169483,0.3065254455551613,0.1880490651076009,-0.0544397500578695,0.3032873709353689,0.0997809964463698,0.2404516769987026,0.5177306212992816,0.6778591444838097,1.441129614677628,0.5053763440860215,0.7096774193548387,0.8387096774193549,0.8924731182795699
20260811,TH-SHRC,three-branch stacked compensation,proposed_model_reference,5,0.0,Saved TH-SHRC OOF predictions aligned to this benchmark fold seed. Seed-level fold metric before formal rowwise-median aggregation.,82,0.895134281520263,0.2551027496215384,0.132721626838877,0.0751338768924743,0.2452876794131064,0.0662015606783832,0.1271456261293195,0.2675847860720453,0.4808880327450847,1.150004054544226,0.6585365853658537,0.8292682926829268,0.9146341463414634,0.951219512195122
20260903,TH-SHRC,three-branch stacked compensation,proposed_model_reference,1,0.0,Saved TH-SHRC OOF predictions aligned to this benchmark fold seed. Seed-level fold metric before formal rowwise-median aggregation.,121,0.8739356514543677,0.2494287598791651,0.156018831951596,-0.0241720576953546,0.2492869926356185,0.0944805463160847,0.2146150665437147,0.3202430354095185,0.4858359311124047,1.4212908788278469,0.5371900826446281,0.7272727272727273,0.8760330578512396,0.950413223140496
20260903,TH-SHRC,three-branch stacked compensation,proposed_model_reference,2,0.0,Saved TH-SHRC OOF predictions aligned to this benchmark fold seed. Seed-level fold metric before formal rowwise-median aggregation.,115,0.8304953568177189,0.3282284980925559,0.2012862436299467,-0.0094951293456481,0.3295269840941138,0.0814701887508988,0.2876408472307261,0.4491656994961417,0.7348497947859847,1.2645371349589496,0.5391304347826087,0.6608695652173913,0.7652173913043478,0.9043478260869564
20260903,TH-SHRC,three-branch stacked compensation,proposed_model_reference,3,0.0,Saved TH-SHRC OOF predictions aligned to this benchmark fold seed. Seed-level fold metric before formal rowwise-median aggregation.,109,0.923870119472656,0.1971277932625555,0.1176527973934179,-0.0326180830218527,0.1953084360669548,0.0627001938763598,0.1280305544430078,0.3084864504785472,0.432672603733458,0.9266816396954098,0.6788990825688074,0.8348623853211009,0.8807339449541285,0.9724770642201837
20260903,TH-SHRC,three-branch stacked compensation,proposed_model_reference,4,0.0,Saved TH-SHRC OOF predictions aligned to this benchmark fold seed. Seed-level fold metric before formal rowwise-median aggregation.,92,0.8224798183141896,0.3333192949210616,0.1862043264549408,0.0796236013641372,0.3254428727483913,0.0581334491760081,0.1909225377570731,0.6772456354158363,0.8797595221103711,1.1956214864120724,0.6304347826086957,0.7608695652173914,0.8043478260869565,0.8695652173913043
20260903,TH-SHRC,three-branch stacked compensation,proposed_model_reference,5,0.0,Saved TH-SHRC OOF predictions aligned to this benchmark fold seed. Seed-level fold metric before formal rowwise-median aggregation.,83,0.7650893169588706,0.3945951176622261,0.192672108363827,-0.002032150740205,0.3969886296743289,0.0718251437425081,0.2262255772627739,0.4255046631647502,0.6922955905525767,2.454324981668101,0.5662650602409639,0.7108433734939759,0.8313253012048193,0.9156626506024096
20260523,XGBoost,boosting ensemble,conventional_ml,1,0.9360510999977124,XGBoost gradient boosting. Seed-level fold metric before formal rowwise-median aggregation.,117,0.7499313483799845,0.3866694324551396,0.2973834502391324,-0.0313906873393261,0.387050755659837,0.220022583007811,0.3889961242675781,0.6488067626953101,0.874374237060546,1.094390869140625,0.2051282051282051,0.4615384615384615,0.6153846153846154,0.8205128205128205
20260523,XGBoost,boosting ensemble,conventional_ml,2,0.9360510999977124,XGBoost gradient boosting. Seed-level fold metric before formal rowwise-median aggregation.,122,0.6212484042722641,0.4620214598280991,0.3056778829605849,0.0025634640552961,0.4639195701454306,0.1909828186035156,0.3706289291381814,0.6505797576904309,0.9083201599121068,2.826129913330078,0.1967213114754098,0.5327868852459017,0.639344262295082,0.8442622950819673
20260523,XGBoost,boosting ensemble,conventional_ml,3,0.9360510999977124,XGBoost gradient boosting. Seed-level fold metric before formal rowwise-median aggregation.,90,0.7719063166675428,0.3625503917826009,0.280255644056532,-0.0180716705322266,0.3641282975146289,0.2043937683105454,0.3689340591430667,0.5345793151855447,0.6700650024414057,1.4878570556640651,0.1888888888888888,0.4777777777777778,0.6444444444444445,0.8666666666666667
20260523,XGBoost,boosting ensemble,conventional_ml,4,0.9360510999977124,XGBoost gradient boosting. Seed-level fold metric before formal rowwise-median aggregation.,90,0.7525960281406138,0.3681954753006514,0.2716065046522352,-0.0026579708523216,0.3702485634876254,0.1825382232666008,0.4191532135009765,0.629166564941407,0.7567433166503926,1.1575111389160142,0.2777777777777778,0.5333333333333333,0.6777777777777778,0.8333333333333334
20260523,XGBoost,boosting ensemble,conventional_ml,5,0.9360510999977124,XGBoost gradient boosting. Seed-level fold metric before formal rowwise-median aggregation.,101,0.6730112298223746,0.4468537076492561,0.3086298347699762,0.0492921054953397,0.4463418080568751,0.2014633178710951,0.3896858215332059,0.6980529785156264,0.8168594360351591,2.134772491455081,0.2376237623762376,0.4851485148514851,0.6732673267326733,0.8217821782178217
20260607,XGBoost,boosting ensemble,conventional_ml,1,1.0052020000002813,XGBoost gradient boosting. Seed-level fold metric before formal rowwise-median aggregation.,123,0.7421831488374441,0.3741072821066249,0.2778966453986438,0.0113128103860995,0.3754655940023546,0.2054237365722642,0.3658660888671861,0.6127182006835937,0.8748353576660153,1.0886726379394531,0.2682926829268293,0.4959349593495935,0.6747967479674797,0.8455284552845529
20260607,XGBoost,boosting ensemble,conventional_ml,2,1.0052020000002813,XGBoost gradient boosting. Seed-level fold metric before formal rowwise-median aggregation.,114,0.6577060035082514,0.4441588375340446,0.2693672314024806,0.0573204575923453,0.4423891685962398,0.186361694335936,0.2969993591308579,0.4837048339843727,0.5644821548461916,2.8300018310546875,0.2017543859649122,0.5175438596491229,0.7543859649122807,0.8947368421052632
20260607,XGBoost,boosting ensemble,conventional_ml,3,1.0052020000002813,XGBoost gradient boosting. Seed-level fold metric before formal rowwise-median aggregation.,100,0.6906190142842283,0.4278469290802251,0.3181595687866207,-0.0888448715209956,0.4206291386129829,0.221354675292968,0.4360630035400383,0.6852599334716776,0.8693516921997069,1.420961761474608,0.22,0.44,0.62,0.8
20260607,XGBoost,boosting ensemble,conventional_ml,4,1.0052020000002813,XGBoost gradient boosting. Seed-level fold metric before formal rowwise-median aggregation.,99,0.7822799164804166,0.3529948631055126,0.2828778276539811,-0.024254299895932,0.3539527976317035,0.227203369140625,0.3972614288330049,0.5963549804687489,0.6840119934082045,0.953838348388672,0.202020202020202,0.4444444444444444,0.6363636363636364,0.8282828282828283
20260607,XGBoost,boosting ensemble,conventional_ml,5,1.0052020000002813,XGBoost gradient boosting. Seed-level fold metric before formal rowwise-median aggregation.,84,0.7716840876338609,0.3805026303034718,0.285889162336077,0.0622534070696149,0.377630026405829,0.2071422576904282,0.4373208999633799,0.6733319091796895,0.7502897644042971,1.2767669677734403,0.238095238095238,0.4880952380952381,0.7023809523809523,0.7857142857142857
20260701,XGBoost,boosting ensemble,conventional_ml,1,1.011201000001165,XGBoost gradient boosting. Seed-level fold metric before formal rowwise-median aggregation.,122,0.7343241090574012,0.3735634287815676,0.2796874249567753,0.0357288923419892,0.3733842984317171,0.230498123168946,0.3508205413818359,0.5442211914062476,0.7517418670654311,1.4759033203124972,0.2049180327868852,0.4262295081967213,0.7213114754098361,0.8360655737704918
20260701,XGBoost,boosting ensemble,conventional_ml,2,1.011201000001165,XGBoost gradient boosting. Seed-level fold metric before formal rowwise-median aggregation.,122,0.7169172833577784,0.4242020006042811,0.2770237594354345,-0.0106084792340387,0.4258180779168016,0.1882827758789034,0.3331336975097656,0.6134339141845729,0.7453167724609373,2.79290771484375,0.2786885245901639,0.5245901639344263,0.680327868852459,0.8360655737704918
20260701,XGBoost,boosting ensemble,conventional_ml,3,1.011201000001165,XGBoost gradient boosting. Seed-level fold metric before formal rowwise-median aggregation.,97,0.6370514923095234,0.4873998883426887,0.3638516376927955,0.035044019246839,0.4886638360060564,0.2603401184082017,0.5121749877929673,0.821660919189452,0.939055938720701,2.0590507507324247,0.1958762886597938,0.4020618556701031,0.5567010309278351,0.7422680412371134
20260701,XGBoost,boosting ensemble,conventional_ml,4,1.011201000001165,XGBoost gradient boosting. Seed-level fold metric before formal rowwise-median aggregation.,94,0.7699353143915223,0.3700977272506428,0.2921822405875994,-0.025983834773936,0.3711640189906194,0.2007114410400383,0.4274606704711932,0.6107655334472633,0.6825226593017578,1.242133331298831,0.1914893617021276,0.5,0.6170212765957447,0.7978723404255319
20260701,XGBoost,boosting ensemble,conventional_ml,5,1.011201000001165,XGBoost gradient boosting. Seed-level fold metric before formal rowwise-median aggregation.,85,0.7498220662908743,0.3454355197468721,0.2537232791676239,-0.0272210603601791,0.346405015754182,0.2026985168457002,0.3159523010253906,0.5455432128906239,0.720542449951172,1.2713500976562528,0.2588235294117647,0.4941176470588235,0.7176470588235294,0.8705882352941177
20260811,XGBoost,boosting ensemble,conventional_ml,1,0.9203713000024436,XGBoost gradient boosting. Seed-level fold metric before formal rowwise-median aggregation.,127,0.6595626071338069,0.4538396491638914,0.2944569445031832,0.066501665490819,0.4507189174970097,0.1782676696777372,0.2897907257080057,0.7297457885742207,1.0324112701416004,2.367934417724612,0.2125984251968504,0.5748031496062992,0.7480314960629921,0.8661417322834646
20260811,XGBoost,boosting ensemble,conventional_ml,2,0.9203713000024436,XGBoost gradient boosting. Seed-level fold metric before formal rowwise-median aggregation.,121,0.6934892811136111,0.4242640011763411,0.273853655097898,-0.0010763940732336,0.4260267291346954,0.1839775085449204,0.3899215698242173,0.5388130187988267,0.6436195373535156,2.870464324951172,0.2396694214876033,0.5371900826446281,0.6776859504132231,0.8842975206611571
20260811,XGBoost,boosting ensemble,conventional_ml,3,0.9203713000024436,XGBoost gradient boosting. Seed-level fold metric before formal rowwise-median aggregation.,97,0.698869097437866,0.3797591694899614,0.2928465695725273,-0.0895179197960293,0.3709748724948733,0.2037765502929716,0.4296760559082031,0.6593432617187519,0.7576502990722653,1.0101593017578097,0.2268041237113402,0.4639175257731959,0.6185567010309279,0.8247422680412371
20260811,XGBoost,boosting ensemble,conventional_ml,4,0.9203713000024436,XGBoost gradient boosting. Seed-level fold metric before formal rowwise-median aggregation.,93,0.7214051944732032,0.4073493603035058,0.316934794764365,-0.0255650345997144,0.4087498640092838,0.2177688598632841,0.4328392028808565,0.7013241577148448,0.7646731567382827,1.448859405517581,0.1720430107526881,0.4623655913978494,0.5806451612903226,0.7741935483870968
20260811,XGBoost,boosting ensemble,conventional_ml,5,0.9203713000024436,XGBoost gradient boosting. Seed-level fold metric before formal rowwise-median aggregation.,82,0.7606031656404673,0.385440701381861,0.2771171569824215,0.0711107207507622,0.3811554812758392,0.1869316101074218,0.3619009017944332,0.7133039093017556,0.7968935012817383,1.3526481628417957,0.2560975609756097,0.5609756097560976,0.7073170731707317,0.8292682926829268
20260903,XGBoost,boosting ensemble,conventional_ml,1,1.136908600004972,XGBoost gradient boosting. Seed-level fold metric before formal rowwise-median aggregation.,121,0.7925909781173038,0.3199368077754096,0.2613696579105596,-0.027248483452915,0.3200998127590219,0.2041198730468778,0.3254508972167969,0.4820968627929716,0.6139106750488281,0.9562744140624986,0.1322314049586777,0.4876033057851239,0.6694214876033058,0.9090909090909092
20260903,XGBoost,boosting ensemble,conventional_ml,2,1.136908600004972,XGBoost gradient boosting. Seed-level fold metric before formal rowwise-median aggregation.,115,0.6371512544464171,0.4802289074278318,0.3398482281228771,-0.0066031480872109,0.482284978231248,0.2439308166503906,0.4319019317626953,0.7697914123535186,0.8923336791992198,2.2323333740234403,0.217391304347826,0.4434782608695652,0.6086956521739131,0.8
20260903,XGBoost,boosting ensemble,conventional_ml,3,1.136908600004972,XGBoost gradient boosting. Seed-level fold metric before formal rowwise-median aggregation.,109,0.8011597404868199,0.3185828893767317,0.2461250795136897,-0.0530795036105932,0.3155809015149785,0.1881256103515625,0.2955162048339872,0.555779418945312,0.697858734130858,0.9241035461425752,0.2385321100917431,0.5504587155963303,0.7522935779816514,0.8715596330275229
20260903,XGBoost,boosting ensemble,conventional_ml,4,1.136908600004972,XGBoost gradient boosting. Seed-level fold metric before formal rowwise-median aggregation.,92,0.7172746406810517,0.4206481371485208,0.3094459284906803,0.1320017856100333,0.401588539594617,0.2128890991210923,0.4310150146484375,0.7032746124267568,0.9523999023437496,1.1856346130371094,0.2065217391304347,0.4347826086956521,0.6739130434782609,0.782608695652174
20260903,XGBoost,boosting ensemble,conventional_ml,5,1.136908600004972,XGBoost gradient boosting. Seed-level fold metric before formal rowwise-median aggregation.,83,0.586719278468872,0.5233869587494853,0.3290616874235216,0.0157286310770424,0.5263308457862613,0.2028450012207017,0.374717330932615,0.7762863159179687,0.947677688598634,2.8568115234375,0.2650602409638554,0.4939759036144578,0.6506024096385542,0.8313253012048193
