ISO-10303-21;
HEADER;
FILE_DESCRIPTION(('Open CASCADE Model'),'2;1');
FILE_NAME('Open CASCADE Shape Model','2026-07-19T15:12:01',('Author'),(
    'Open CASCADE'),'Open CASCADE STEP processor 7.8','Open CASCADE 7.8'
  ,'Unknown');
FILE_SCHEMA(('AUTOMOTIVE_DESIGN { 1 0 10303 214 1 1 1 1 }'));
ENDSEC;
DATA;
#1 = APPLICATION_PROTOCOL_DEFINITION('international standard',
  'automotive_design',2000,#2);
#2 = APPLICATION_CONTEXT(
  'core data for automotive mechanical design processes');
#3 = SHAPE_DEFINITION_REPRESENTATION(#4,#10);
#4 = PRODUCT_DEFINITION_SHAPE('','',#5);
#5 = PRODUCT_DEFINITION('design','',#6,#9);
#6 = PRODUCT_DEFINITION_FORMATION('','',#7);
#7 = PRODUCT('002-SOLID(2)-1','002-SOLID(2)-1','',(#8));
#8 = PRODUCT_CONTEXT('',#2,'mechanical');
#9 = PRODUCT_DEFINITION_CONTEXT('part definition',#2,'design');
#10 = SHAPE_REPRESENTATION('',(#11,#15),#19);
#11 = AXIS2_PLACEMENT_3D('',#12,#13,#14);
#12 = CARTESIAN_POINT('',(0.,0.,0.));
#13 = DIRECTION('',(0.,0.,1.));
#14 = DIRECTION('',(1.,0.,-0.));
#15 = AXIS2_PLACEMENT_3D('',#16,#17,#18);
#16 = CARTESIAN_POINT('',(0.,0.,0.));
#17 = DIRECTION('',(0.,0.,1.));
#18 = DIRECTION('',(1.,0.,0.));
#19 = ( GEOMETRIC_REPRESENTATION_CONTEXT(3) 
GLOBAL_UNCERTAINTY_ASSIGNED_CONTEXT((#23)) GLOBAL_UNIT_ASSIGNED_CONTEXT(
(#20,#21,#22)) REPRESENTATION_CONTEXT('Context #1',
  '3D Context with UNIT and UNCERTAINTY') );
#20 = ( LENGTH_UNIT() NAMED_UNIT(*) SI_UNIT(.MILLI.,.METRE.) );
#21 = ( NAMED_UNIT(*) PLANE_ANGLE_UNIT() SI_UNIT($,.RADIAN.) );
#22 = ( NAMED_UNIT(*) SI_UNIT($,.STERADIAN.) SOLID_ANGLE_UNIT() );
#23 = UNCERTAINTY_MEASURE_WITH_UNIT(LENGTH_MEASURE(1.E-07),#20,
  'distance_accuracy_value','confusion accuracy');
#24 = PRODUCT_RELATED_PRODUCT_CATEGORY('part',$,(#7));
#25 = SHAPE_DEFINITION_REPRESENTATION(#26,#32);
#26 = PRODUCT_DEFINITION_SHAPE('','',#27);
#27 = PRODUCT_DEFINITION('design','',#28,#31);
#28 = PRODUCT_DEFINITION_FORMATION('','',#29);
#29 = PRODUCT('SOLID','SOLID','',(#30));
#30 = PRODUCT_CONTEXT('',#2,'mechanical');
#31 = PRODUCT_DEFINITION_CONTEXT('part definition',#2,'design');
#32 = ADVANCED_BREP_SHAPE_REPRESENTATION('',(#11,#33),#4169);
#33 = MANIFOLD_SOLID_BREP('',#34);
#34 = CLOSED_SHELL('',(#35,#75,#108,#139,#752,#1365,#1382,#1399,#1416,
    #1433,#1450,#1467,#1484,#1501,#1518,#1535,#1552,#1569,#1586,#1603,
    #1620,#1637,#1654,#1671,#1688,#1705,#1722,#1739,#1756,#1773,#1790,
    #1807,#1824,#1841,#1858,#1875,#1892,#1909,#1926,#1943,#1960,#1977,
    #1994,#2011,#2028,#2045,#2062,#2127,#2153,#2219,#2236,#2253,#2270,
    #2287,#2304,#2373,#2399,#2465,#2482,#2499,#2516,#2533,#2550,#2567,
    #2584,#2601,#2618,#2635,#2652,#2669,#2686,#2703,#2720,#2737,#2754,
    #2771,#2788,#2805,#2817,#2835,#2853,#2871,#3179,#3718,#3736,#3748,
    #3766,#3784,#3973,#4157));
#35 = ADVANCED_FACE('',(#36),#70,.T.);
#36 = FACE_BOUND('',#37,.T.);
#37 = EDGE_LOOP('',(#38,#48,#56,#64));
#38 = ORIENTED_EDGE('',*,*,#39,.T.);
#39 = EDGE_CURVE('',#40,#42,#44,.T.);
#40 = VERTEX_POINT('',#41);
#41 = CARTESIAN_POINT('',(-68.60000066,-0.680005,0.));
#42 = VERTEX_POINT('',#43);
#43 = CARTESIAN_POINT('',(-68.60000066,-0.680005,110.));
#44 = LINE('',#45,#46);
#45 = CARTESIAN_POINT('',(-68.60000066,-0.680005,0.));
#46 = VECTOR('',#47,1.);
#47 = DIRECTION('',(0.,0.,1.));
#48 = ORIENTED_EDGE('',*,*,#49,.T.);
#49 = EDGE_CURVE('',#42,#50,#52,.T.);
#50 = VERTEX_POINT('',#51);
#51 = CARTESIAN_POINT('',(-68.60000066,1.9995E-02,110.));
#52 = LINE('',#53,#54);
#53 = CARTESIAN_POINT('',(-68.60000066,-0.680005,110.));
#54 = VECTOR('',#55,1.);
#55 = DIRECTION('',(0.,1.,0.));
#56 = ORIENTED_EDGE('',*,*,#57,.F.);
#57 = EDGE_CURVE('',#58,#50,#60,.T.);
#58 = VERTEX_POINT('',#59);
#59 = CARTESIAN_POINT('',(-68.60000066,1.9995E-02,0.));
#60 = LINE('',#61,#62);
#61 = CARTESIAN_POINT('',(-68.60000066,1.9995E-02,0.));
#62 = VECTOR('',#63,1.);
#63 = DIRECTION('',(0.,0.,1.));
#64 = ORIENTED_EDGE('',*,*,#65,.F.);
#65 = EDGE_CURVE('',#40,#58,#66,.T.);
#66 = LINE('',#67,#68);
#67 = CARTESIAN_POINT('',(-68.60000066,-0.680005,0.));
#68 = VECTOR('',#69,1.);
#69 = DIRECTION('',(0.,1.,0.));
#70 = PLANE('',#71);
#71 = AXIS2_PLACEMENT_3D('',#72,#73,#74);
#72 = CARTESIAN_POINT('',(-68.60000066,-0.680005,0.));
#73 = DIRECTION('',(-1.,0.,0.));
#74 = DIRECTION('',(0.,1.,0.));
#75 = ADVANCED_FACE('',(#76),#103,.T.);
#76 = FACE_BOUND('',#77,.T.);
#77 = EDGE_LOOP('',(#78,#87,#95,#102));
#78 = ORIENTED_EDGE('',*,*,#79,.T.);
#79 = EDGE_CURVE('',#40,#80,#82,.T.);
#80 = VERTEX_POINT('',#81);
#81 = CARTESIAN_POINT('',(-68.10000066,-1.180005,0.));
#82 = CIRCLE('',#83,0.5);
#83 = AXIS2_PLACEMENT_3D('',#84,#85,#86);
#84 = CARTESIAN_POINT('',(-68.10000066,-0.680005,0.));
#85 = DIRECTION('',(0.,-0.,1.));
#86 = DIRECTION('',(1.,0.,0.));
#87 = ORIENTED_EDGE('',*,*,#88,.T.);
#88 = EDGE_CURVE('',#80,#89,#91,.T.);
#89 = VERTEX_POINT('',#90);
#90 = CARTESIAN_POINT('',(-68.10000066,-1.180005,110.));
#91 = LINE('',#92,#93);
#92 = CARTESIAN_POINT('',(-68.10000066,-1.180005,0.));
#93 = VECTOR('',#94,1.);
#94 = DIRECTION('',(0.,0.,1.));
#95 = ORIENTED_EDGE('',*,*,#96,.F.);
#96 = EDGE_CURVE('',#42,#89,#97,.T.);
#97 = CIRCLE('',#98,0.5);
#98 = AXIS2_PLACEMENT_3D('',#99,#100,#101);
#99 = CARTESIAN_POINT('',(-68.10000066,-0.680005,110.));
#100 = DIRECTION('',(0.,-0.,1.));
#101 = DIRECTION('',(1.,0.,0.));
#102 = ORIENTED_EDGE('',*,*,#39,.F.);
#103 = CYLINDRICAL_SURFACE('',#104,0.5);
#104 = AXIS2_PLACEMENT_3D('',#105,#106,#107);
#105 = CARTESIAN_POINT('',(-68.10000066,-0.680005,0.));
#106 = DIRECTION('',(-0.,0.,-1.));
#107 = DIRECTION('',(1.,0.,0.));
#108 = ADVANCED_FACE('',(#109),#134,.T.);
#109 = FACE_BOUND('',#110,.T.);
#110 = EDGE_LOOP('',(#111,#112,#120,#128));
#111 = ORIENTED_EDGE('',*,*,#57,.T.);
#112 = ORIENTED_EDGE('',*,*,#113,.T.);
#113 = EDGE_CURVE('',#50,#114,#116,.T.);
#114 = VERTEX_POINT('',#115);
#115 = CARTESIAN_POINT('',(-69.90000066,1.9995E-02,110.));
#116 = LINE('',#117,#118);
#117 = CARTESIAN_POINT('',(-68.60000066,1.9995E-02,110.));
#118 = VECTOR('',#119,1.);
#119 = DIRECTION('',(-1.,0.,0.));
#120 = ORIENTED_EDGE('',*,*,#121,.F.);
#121 = EDGE_CURVE('',#122,#114,#124,.T.);
#122 = VERTEX_POINT('',#123);
#123 = CARTESIAN_POINT('',(-69.90000066,1.9995E-02,0.));
#124 = LINE('',#125,#126);
#125 = CARTESIAN_POINT('',(-69.90000066,1.9995E-02,0.));
#126 = VECTOR('',#127,1.);
#127 = DIRECTION('',(0.,0.,1.));
#128 = ORIENTED_EDGE('',*,*,#129,.F.);
#129 = EDGE_CURVE('',#58,#122,#130,.T.);
#130 = LINE('',#131,#132);
#131 = CARTESIAN_POINT('',(-68.60000066,1.9995E-02,0.));
#132 = VECTOR('',#133,1.);
#133 = DIRECTION('',(-1.,0.,0.));
#134 = PLANE('',#135);
#135 = AXIS2_PLACEMENT_3D('',#136,#137,#138);
#136 = CARTESIAN_POINT('',(-68.60000066,1.9995E-02,0.));
#137 = DIRECTION('',(0.,-1.,0.));
#138 = DIRECTION('',(-1.,0.,0.));
#139 = ADVANCED_FACE('',(#140),#747,.F.);
#140 = FACE_BOUND('',#141,.F.);
#141 = EDGE_LOOP('',(#142,#143,#144,#152,#161,#169,#177,#186,#194,#202,
    #210,#218,#226,#234,#242,#250,#258,#266,#274,#282,#290,#298,#306,
    #314,#323,#331,#340,#348,#357,#365,#373,#381,#390,#398,#407,#415,
    #424,#432,#440,#448,#456,#464,#472,#480,#488,#496,#504,#512,#520,
    #528,#536,#545,#553,#562,#570,#578,#587,#595,#604,#612,#620,#629,
    #637,#646,#654,#663,#671,#680,#688,#697,#705,#714,#722,#731,#739,
    #746));
#142 = ORIENTED_EDGE('',*,*,#65,.F.);
#143 = ORIENTED_EDGE('',*,*,#79,.T.);
#144 = ORIENTED_EDGE('',*,*,#145,.F.);
#145 = EDGE_CURVE('',#146,#80,#148,.T.);
#146 = VERTEX_POINT('',#147);
#147 = CARTESIAN_POINT('',(-68.00000066,-1.180005,0.));
#148 = LINE('',#149,#150);
#149 = CARTESIAN_POINT('',(-68.00000066,-1.180005,0.));
#150 = VECTOR('',#151,1.);
#151 = DIRECTION('',(-1.,0.,0.));
#152 = ORIENTED_EDGE('',*,*,#153,.T.);
#153 = EDGE_CURVE('',#146,#154,#156,.T.);
#154 = VERTEX_POINT('',#155);
#155 = CARTESIAN_POINT('',(-67.50000066,-0.680005,0.));
#156 = CIRCLE('',#157,0.5);
#157 = AXIS2_PLACEMENT_3D('',#158,#159,#160);
#158 = CARTESIAN_POINT('',(-68.00000066,-0.680005,0.));
#159 = DIRECTION('',(0.,-0.,1.));
#160 = DIRECTION('',(1.,0.,0.));
#161 = ORIENTED_EDGE('',*,*,#162,.F.);
#162 = EDGE_CURVE('',#163,#154,#165,.T.);
#163 = VERTEX_POINT('',#164);
#164 = CARTESIAN_POINT('',(-67.50000066,1.9995E-02,0.));
#165 = LINE('',#166,#167);
#166 = CARTESIAN_POINT('',(-67.50000066,1.9995E-02,0.));
#167 = VECTOR('',#168,1.);
#168 = DIRECTION('',(0.,-1.,-0.));
#169 = ORIENTED_EDGE('',*,*,#170,.F.);
#170 = EDGE_CURVE('',#171,#163,#173,.T.);
#171 = VERTEX_POINT('',#172);
#172 = CARTESIAN_POINT('',(-66.20000066,1.9995E-02,0.));
#173 = LINE('',#174,#175);
#174 = CARTESIAN_POINT('',(-66.20000066,1.9995E-02,0.));
#175 = VECTOR('',#176,1.);
#176 = DIRECTION('',(-1.,0.,0.));
#177 = ORIENTED_EDGE('',*,*,#178,.T.);
#178 = EDGE_CURVE('',#171,#179,#181,.T.);
#179 = VERTEX_POINT('',#180);
#180 = CARTESIAN_POINT('',(-66.10000066,0.119995,0.));
#181 = CIRCLE('',#182,0.1);
#182 = AXIS2_PLACEMENT_3D('',#183,#184,#185);
#183 = CARTESIAN_POINT('',(-66.20000066,0.119995,0.));
#184 = DIRECTION('',(0.,-0.,1.));
#185 = DIRECTION('',(1.,0.,0.));
#186 = ORIENTED_EDGE('',*,*,#187,.T.);
#187 = EDGE_CURVE('',#179,#188,#190,.T.);
#188 = VERTEX_POINT('',#189);
#189 = CARTESIAN_POINT('',(-66.10000066,1.899995,0.));
#190 = LINE('',#191,#192);
#191 = CARTESIAN_POINT('',(-66.10000066,0.119995,0.));
#192 = VECTOR('',#193,1.);
#193 = DIRECTION('',(0.,1.,0.));
#194 = ORIENTED_EDGE('',*,*,#195,.T.);
#195 = EDGE_CURVE('',#188,#196,#198,.T.);
#196 = VERTEX_POINT('',#197);
#197 = CARTESIAN_POINT('',(-68.00000066,1.899995,0.));
#198 = LINE('',#199,#200);
#199 = CARTESIAN_POINT('',(-66.10000066,1.899995,0.));
#200 = VECTOR('',#201,1.);
#201 = DIRECTION('',(-1.,0.,0.));
#202 = ORIENTED_EDGE('',*,*,#203,.T.);
#203 = EDGE_CURVE('',#196,#204,#206,.T.);
#204 = VERTEX_POINT('',#205);
#205 = CARTESIAN_POINT('',(-68.00000066,6.499995,0.));
#206 = LINE('',#207,#208);
#207 = CARTESIAN_POINT('',(-68.00000066,1.899995,0.));
#208 = VECTOR('',#209,1.);
#209 = DIRECTION('',(0.,1.,0.));
#210 = ORIENTED_EDGE('',*,*,#211,.T.);
#211 = EDGE_CURVE('',#204,#212,#214,.T.);
#212 = VERTEX_POINT('',#213);
#213 = CARTESIAN_POINT('',(-66.00000066,6.499995,0.));
#214 = LINE('',#215,#216);
#215 = CARTESIAN_POINT('',(-68.00000066,6.499995,0.));
#216 = VECTOR('',#217,1.);
#217 = DIRECTION('',(1.,0.,0.));
#218 = ORIENTED_EDGE('',*,*,#219,.T.);
#219 = EDGE_CURVE('',#212,#220,#222,.T.);
#220 = VERTEX_POINT('',#221);
#221 = CARTESIAN_POINT('',(-66.00000066,7.999995,0.));
#222 = LINE('',#223,#224);
#223 = CARTESIAN_POINT('',(-66.00000066,6.499995,0.));
#224 = VECTOR('',#225,1.);
#225 = DIRECTION('',(0.,1.,0.));
#226 = ORIENTED_EDGE('',*,*,#227,.T.);
#227 = EDGE_CURVE('',#220,#228,#230,.T.);
#228 = VERTEX_POINT('',#229);
#229 = CARTESIAN_POINT('',(-68.00000066,7.999995,0.));
#230 = LINE('',#231,#232);
#231 = CARTESIAN_POINT('',(-66.00000066,7.999995,0.));
#232 = VECTOR('',#233,1.);
#233 = DIRECTION('',(-1.,0.,0.));
#234 = ORIENTED_EDGE('',*,*,#235,.T.);
#235 = EDGE_CURVE('',#228,#236,#238,.T.);
#236 = VERTEX_POINT('',#237);
#237 = CARTESIAN_POINT('',(-68.00000066,9.999995,0.));
#238 = LINE('',#239,#240);
#239 = CARTESIAN_POINT('',(-68.00000066,7.999995,0.));
#240 = VECTOR('',#241,1.);
#241 = DIRECTION('',(0.,1.,0.));
#242 = ORIENTED_EDGE('',*,*,#243,.T.);
#243 = EDGE_CURVE('',#236,#244,#246,.T.);
#244 = VERTEX_POINT('',#245);
#245 = CARTESIAN_POINT('',(-66.00000066,9.999995,0.));
#246 = LINE('',#247,#248);
#247 = CARTESIAN_POINT('',(-68.00000066,9.999995,0.));
#248 = VECTOR('',#249,1.);
#249 = DIRECTION('',(1.,0.,0.));
#250 = ORIENTED_EDGE('',*,*,#251,.T.);
#251 = EDGE_CURVE('',#244,#252,#254,.T.);
#252 = VERTEX_POINT('',#253);
#253 = CARTESIAN_POINT('',(-66.00000066,11.499995,0.));
#254 = LINE('',#255,#256);
#255 = CARTESIAN_POINT('',(-66.00000066,9.999995,0.));
#256 = VECTOR('',#257,1.);
#257 = DIRECTION('',(0.,1.,0.));
#258 = ORIENTED_EDGE('',*,*,#259,.T.);
#259 = EDGE_CURVE('',#252,#260,#262,.T.);
#260 = VERTEX_POINT('',#261);
#261 = CARTESIAN_POINT('',(-68.00000066,11.499995,0.));
#262 = LINE('',#263,#264);
#263 = CARTESIAN_POINT('',(-66.00000066,11.499995,0.));
#264 = VECTOR('',#265,1.);
#265 = DIRECTION('',(-1.,0.,0.));
#266 = ORIENTED_EDGE('',*,*,#267,.T.);
#267 = EDGE_CURVE('',#260,#268,#270,.T.);
#268 = VERTEX_POINT('',#269);
#269 = CARTESIAN_POINT('',(-68.00000066,13.499995,0.));
#270 = LINE('',#271,#272);
#271 = CARTESIAN_POINT('',(-68.00000066,11.499995,0.));
#272 = VECTOR('',#273,1.);
#273 = DIRECTION('',(0.,1.,0.));
#274 = ORIENTED_EDGE('',*,*,#275,.T.);
#275 = EDGE_CURVE('',#268,#276,#278,.T.);
#276 = VERTEX_POINT('',#277);
#277 = CARTESIAN_POINT('',(-66.00000066,13.499995,0.));
#278 = LINE('',#279,#280);
#279 = CARTESIAN_POINT('',(-68.00000066,13.499995,0.));
#280 = VECTOR('',#281,1.);
#281 = DIRECTION('',(1.,0.,0.));
#282 = ORIENTED_EDGE('',*,*,#283,.T.);
#283 = EDGE_CURVE('',#276,#284,#286,.T.);
#284 = VERTEX_POINT('',#285);
#285 = CARTESIAN_POINT('',(-66.00000066,14.999995,0.));
#286 = LINE('',#287,#288);
#287 = CARTESIAN_POINT('',(-66.00000066,13.499995,0.));
#288 = VECTOR('',#289,1.);
#289 = DIRECTION('',(0.,1.,0.));
#290 = ORIENTED_EDGE('',*,*,#291,.T.);
#291 = EDGE_CURVE('',#284,#292,#294,.T.);
#292 = VERTEX_POINT('',#293);
#293 = CARTESIAN_POINT('',(-68.00000066,14.999995,0.));
#294 = LINE('',#295,#296);
#295 = CARTESIAN_POINT('',(-66.00000066,14.999995,0.));
#296 = VECTOR('',#297,1.);
#297 = DIRECTION('',(-1.,0.,0.));
#298 = ORIENTED_EDGE('',*,*,#299,.T.);
#299 = EDGE_CURVE('',#292,#300,#302,.T.);
#300 = VERTEX_POINT('',#301);
#301 = CARTESIAN_POINT('',(-68.00000066,16.999995,0.));
#302 = LINE('',#303,#304);
#303 = CARTESIAN_POINT('',(-68.00000066,14.999995,0.));
#304 = VECTOR('',#305,1.);
#305 = DIRECTION('',(0.,1.,0.));
#306 = ORIENTED_EDGE('',*,*,#307,.T.);
#307 = EDGE_CURVE('',#300,#308,#310,.T.);
#308 = VERTEX_POINT('',#309);
#309 = CARTESIAN_POINT('',(-63.45679815,16.999995,0.));
#310 = LINE('',#311,#312);
#311 = CARTESIAN_POINT('',(-68.00000066,16.999995,0.));
#312 = VECTOR('',#313,1.);
#313 = DIRECTION('',(1.,0.,0.));
#314 = ORIENTED_EDGE('',*,*,#315,.T.);
#315 = EDGE_CURVE('',#308,#316,#318,.T.);
#316 = VERTEX_POINT('',#317);
#317 = CARTESIAN_POINT('',(-63.26361299,17.25175881,0.));
#318 = CIRCLE('',#319,0.199999993834);
#319 = AXIS2_PLACEMENT_3D('',#320,#321,#322);
#320 = CARTESIAN_POINT('',(-63.45679814695,17.199994993834,0.));
#321 = DIRECTION('',(0.,-0.,1.));
#322 = DIRECTION('',(1.,0.,0.));
#323 = ORIENTED_EDGE('',*,*,#324,.T.);
#324 = EDGE_CURVE('',#316,#325,#327,.T.);
#325 = VERTEX_POINT('',#326);
#326 = CARTESIAN_POINT('',(-63.54706842144,18.309628875985,0.));
#327 = LINE('',#328,#329);
#328 = CARTESIAN_POINT('',(-63.26361299,17.25175881,0.));
#329 = VECTOR('',#330,1.);
#330 = DIRECTION('',(-0.258819046436,0.965925825932,0.));
#331 = ORIENTED_EDGE('',*,*,#332,.F.);
#332 = EDGE_CURVE('',#333,#325,#335,.T.);
#333 = VERTEX_POINT('',#334);
#334 = CARTESIAN_POINT('',(-62.30963030804,19.547061628964,0.));
#335 = CIRCLE('',#336,1.75);
#336 = AXIS2_PLACEMENT_3D('',#337,#338,#339);
#337 = CARTESIAN_POINT('',(-63.99999922,19.99999975,0.));
#338 = DIRECTION('',(0.,0.,1.));
#339 = DIRECTION('',(-1.665334536938E-16,-1.,0.));
#340 = ORIENTED_EDGE('',*,*,#341,.T.);
#341 = EDGE_CURVE('',#333,#342,#344,.T.);
#342 = VERTEX_POINT('',#343);
#343 = CARTESIAN_POINT('',(-61.25176446912,19.263607334769,0.));
#344 = LINE('',#345,#346);
#345 = CARTESIAN_POINT('',(-62.79259337,19.67647119,0.));
#346 = VECTOR('',#347,1.);
#347 = DIRECTION('',(0.965925826984,-0.258819042509,-0.));
#348 = ORIENTED_EDGE('',*,*,#349,.T.);
#349 = EDGE_CURVE('',#342,#350,#352,.T.);
#350 = VERTEX_POINT('',#351);
#351 = CARTESIAN_POINT('',(-61.00000066,19.4567925,0.));
#352 = CIRCLE('',#353,0.2);
#353 = AXIS2_PLACEMENT_3D('',#354,#355,#356);
#354 = CARTESIAN_POINT('',(-61.20000066,19.4567925,0.));
#355 = DIRECTION('',(0.,-0.,1.));
#356 = DIRECTION('',(1.,0.,0.));
#357 = ORIENTED_EDGE('',*,*,#358,.T.);
#358 = EDGE_CURVE('',#350,#359,#361,.T.);
#359 = VERTEX_POINT('',#360);
#360 = CARTESIAN_POINT('',(-61.00000066,22.099995,0.));
#361 = LINE('',#362,#363);
#362 = CARTESIAN_POINT('',(-61.00000066,19.4567925,0.));
#363 = VECTOR('',#364,1.);
#364 = DIRECTION('',(0.,1.,0.));
#365 = ORIENTED_EDGE('',*,*,#366,.T.);
#366 = EDGE_CURVE('',#359,#367,#369,.T.);
#367 = VERTEX_POINT('',#368);
#368 = CARTESIAN_POINT('',(60.99999934,22.099995,0.));
#369 = LINE('',#370,#371);
#370 = CARTESIAN_POINT('',(-61.00000066,22.099995,0.));
#371 = VECTOR('',#372,1.);
#372 = DIRECTION('',(1.,0.,0.));
#373 = ORIENTED_EDGE('',*,*,#374,.T.);
#374 = EDGE_CURVE('',#367,#375,#377,.T.);
#375 = VERTEX_POINT('',#376);
#376 = CARTESIAN_POINT('',(60.99999934,19.4567925,0.));
#377 = LINE('',#378,#379);
#378 = CARTESIAN_POINT('',(60.99999934,22.099995,0.));
#379 = VECTOR('',#380,1.);
#380 = DIRECTION('',(0.,-1.,-0.));
#381 = ORIENTED_EDGE('',*,*,#382,.T.);
#382 = EDGE_CURVE('',#375,#383,#385,.T.);
#383 = VERTEX_POINT('',#384);
#384 = CARTESIAN_POINT('',(61.25176315,19.26360733,0.));
#385 = CIRCLE('',#386,0.200000006178);
#386 = AXIS2_PLACEMENT_3D('',#387,#388,#389);
#387 = CARTESIAN_POINT('',(61.199999346178,19.456792503047,0.));
#388 = DIRECTION('',(0.,-0.,1.));
#389 = DIRECTION('',(1.,0.,0.));
#390 = ORIENTED_EDGE('',*,*,#391,.T.);
#391 = EDGE_CURVE('',#383,#392,#394,.T.);
#392 = VERTEX_POINT('',#393);
#393 = CARTESIAN_POINT('',(62.309631675216,19.547062348595,0.));
#394 = LINE('',#395,#396);
#395 = CARTESIAN_POINT('',(61.25176315,19.26360733,0.));
#396 = VECTOR('',#397,1.);
#397 = DIRECTION('',(0.965925825932,0.258819046436,0.));
#398 = ORIENTED_EDGE('',*,*,#399,.F.);
#399 = EDGE_CURVE('',#400,#392,#402,.T.);
#400 = VERTEX_POINT('',#401);
#401 = CARTESIAN_POINT('',(63.547067299424,18.309629594628,0.));
#402 = CIRCLE('',#403,1.75);
#403 = AXIS2_PLACEMENT_3D('',#404,#405,#406);
#404 = CARTESIAN_POINT('',(64.00000078,19.99999975,0.));
#405 = DIRECTION('',(-0.,0.,1.));
#406 = DIRECTION('',(0.,-1.,0.));
#407 = ORIENTED_EDGE('',*,*,#408,.T.);
#408 = EDGE_CURVE('',#400,#409,#411,.T.);
#409 = VERTEX_POINT('',#410);
#410 = CARTESIAN_POINT('',(63.263611674733,17.251758808987,0.));
#411 = LINE('',#412,#413);
#412 = CARTESIAN_POINT('',(63.67647554,18.79258772,0.));
#413 = VECTOR('',#414,1.);
#414 = DIRECTION('',(-0.258819046791,-0.965925825837,0.));
#415 = ORIENTED_EDGE('',*,*,#416,.T.);
#416 = EDGE_CURVE('',#409,#417,#419,.T.);
#417 = VERTEX_POINT('',#418);
#418 = CARTESIAN_POINT('',(63.45679684,16.999995,0.));
#419 = CIRCLE('',#420,0.2);
#420 = AXIS2_PLACEMENT_3D('',#421,#422,#423);
#421 = CARTESIAN_POINT('',(63.45679684,17.199995,0.));
#422 = DIRECTION('',(0.,-0.,1.));
#423 = DIRECTION('',(1.,0.,0.));
#424 = ORIENTED_EDGE('',*,*,#425,.T.);
#425 = EDGE_CURVE('',#417,#426,#428,.T.);
#426 = VERTEX_POINT('',#427);
#427 = CARTESIAN_POINT('',(67.99999934,16.999995,0.));
#428 = LINE('',#429,#430);
#429 = CARTESIAN_POINT('',(63.45679684,16.999995,0.));
#430 = VECTOR('',#431,1.);
#431 = DIRECTION('',(1.,0.,0.));
#432 = ORIENTED_EDGE('',*,*,#433,.T.);
#433 = EDGE_CURVE('',#426,#434,#436,.T.);
#434 = VERTEX_POINT('',#435);
#435 = CARTESIAN_POINT('',(67.99999934,14.999995,0.));
#436 = LINE('',#437,#438);
#437 = CARTESIAN_POINT('',(67.99999934,16.999995,0.));
#438 = VECTOR('',#439,1.);
#439 = DIRECTION('',(0.,-1.,-0.));
#440 = ORIENTED_EDGE('',*,*,#441,.T.);
#441 = EDGE_CURVE('',#434,#442,#444,.T.);
#442 = VERTEX_POINT('',#443);
#443 = CARTESIAN_POINT('',(65.99999934,14.999995,0.));
#444 = LINE('',#445,#446);
#445 = CARTESIAN_POINT('',(67.99999934,14.999995,0.));
#446 = VECTOR('',#447,1.);
#447 = DIRECTION('',(-1.,0.,0.));
#448 = ORIENTED_EDGE('',*,*,#449,.T.);
#449 = EDGE_CURVE('',#442,#450,#452,.T.);
#450 = VERTEX_POINT('',#451);
#451 = CARTESIAN_POINT('',(65.99999934,13.499995,0.));
#452 = LINE('',#453,#454);
#453 = CARTESIAN_POINT('',(65.99999934,14.999995,0.));
#454 = VECTOR('',#455,1.);
#455 = DIRECTION('',(0.,-1.,-0.));
#456 = ORIENTED_EDGE('',*,*,#457,.T.);
#457 = EDGE_CURVE('',#450,#458,#460,.T.);
#458 = VERTEX_POINT('',#459);
#459 = CARTESIAN_POINT('',(67.99999934,13.499995,0.));
#460 = LINE('',#461,#462);
#461 = CARTESIAN_POINT('',(65.99999934,13.499995,0.));
#462 = VECTOR('',#463,1.);
#463 = DIRECTION('',(1.,0.,0.));
#464 = ORIENTED_EDGE('',*,*,#465,.T.);
#465 = EDGE_CURVE('',#458,#466,#468,.T.);
#466 = VERTEX_POINT('',#467);
#467 = CARTESIAN_POINT('',(67.99999934,11.499995,0.));
#468 = LINE('',#469,#470);
#469 = CARTESIAN_POINT('',(67.99999934,13.499995,0.));
#470 = VECTOR('',#471,1.);
#471 = DIRECTION('',(0.,-1.,-0.));
#472 = ORIENTED_EDGE('',*,*,#473,.T.);
#473 = EDGE_CURVE('',#466,#474,#476,.T.);
#474 = VERTEX_POINT('',#475);
#475 = CARTESIAN_POINT('',(65.99999934,11.499995,0.));
#476 = LINE('',#477,#478);
#477 = CARTESIAN_POINT('',(67.99999934,11.499995,0.));
#478 = VECTOR('',#479,1.);
#479 = DIRECTION('',(-1.,0.,0.));
#480 = ORIENTED_EDGE('',*,*,#481,.T.);
#481 = EDGE_CURVE('',#474,#482,#484,.T.);
#482 = VERTEX_POINT('',#483);
#483 = CARTESIAN_POINT('',(65.99999934,9.999995,0.));
#484 = LINE('',#485,#486);
#485 = CARTESIAN_POINT('',(65.99999934,11.499995,0.));
#486 = VECTOR('',#487,1.);
#487 = DIRECTION('',(0.,-1.,-0.));
#488 = ORIENTED_EDGE('',*,*,#489,.T.);
#489 = EDGE_CURVE('',#482,#490,#492,.T.);
#490 = VERTEX_POINT('',#491);
#491 = CARTESIAN_POINT('',(67.99999934,9.999995,0.));
#492 = LINE('',#493,#494);
#493 = CARTESIAN_POINT('',(65.99999934,9.999995,0.));
#494 = VECTOR('',#495,1.);
#495 = DIRECTION('',(1.,0.,0.));
#496 = ORIENTED_EDGE('',*,*,#497,.T.);
#497 = EDGE_CURVE('',#490,#498,#500,.T.);
#498 = VERTEX_POINT('',#499);
#499 = CARTESIAN_POINT('',(67.99999934,7.999995,0.));
#500 = LINE('',#501,#502);
#501 = CARTESIAN_POINT('',(67.99999934,9.999995,0.));
#502 = VECTOR('',#503,1.);
#503 = DIRECTION('',(0.,-1.,-0.));
#504 = ORIENTED_EDGE('',*,*,#505,.T.);
#505 = EDGE_CURVE('',#498,#506,#508,.T.);
#506 = VERTEX_POINT('',#507);
#507 = CARTESIAN_POINT('',(65.99999934,7.999995,0.));
#508 = LINE('',#509,#510);
#509 = CARTESIAN_POINT('',(67.99999934,7.999995,0.));
#510 = VECTOR('',#511,1.);
#511 = DIRECTION('',(-1.,0.,0.));
#512 = ORIENTED_EDGE('',*,*,#513,.T.);
#513 = EDGE_CURVE('',#506,#514,#516,.T.);
#514 = VERTEX_POINT('',#515);
#515 = CARTESIAN_POINT('',(65.99999934,6.499995,0.));
#516 = LINE('',#517,#518);
#517 = CARTESIAN_POINT('',(65.99999934,7.999995,0.));
#518 = VECTOR('',#519,1.);
#519 = DIRECTION('',(0.,-1.,-0.));
#520 = ORIENTED_EDGE('',*,*,#521,.T.);
#521 = EDGE_CURVE('',#514,#522,#524,.T.);
#522 = VERTEX_POINT('',#523);
#523 = CARTESIAN_POINT('',(67.99999934,6.499995,0.));
#524 = LINE('',#525,#526);
#525 = CARTESIAN_POINT('',(65.99999934,6.499995,0.));
#526 = VECTOR('',#527,1.);
#527 = DIRECTION('',(1.,0.,0.));
#528 = ORIENTED_EDGE('',*,*,#529,.T.);
#529 = EDGE_CURVE('',#522,#530,#532,.T.);
#530 = VERTEX_POINT('',#531);
#531 = CARTESIAN_POINT('',(67.999999340091,3.399994995548,0.));
#532 = LINE('',#533,#534);
#533 = CARTESIAN_POINT('',(67.99999934,6.499995,0.));
#534 = VECTOR('',#535,1.);
#535 = DIRECTION('',(2.922393505784E-11,-1.,-0.));
#536 = ORIENTED_EDGE('',*,*,#537,.T.);
#537 = EDGE_CURVE('',#530,#538,#540,.T.);
#538 = VERTEX_POINT('',#539);
#539 = CARTESIAN_POINT('',(66.09999934,1.40249656,0.));
#540 = CIRCLE('',#541,2.);
#541 = AXIS2_PLACEMENT_3D('',#542,#543,#544);
#542 = CARTESIAN_POINT('',(68.09999934,1.40249656,0.));
#543 = DIRECTION('',(0.,-0.,1.));
#544 = DIRECTION('',(1.,0.,0.));
#545 = ORIENTED_EDGE('',*,*,#546,.T.);
#546 = EDGE_CURVE('',#538,#547,#549,.T.);
#547 = VERTEX_POINT('',#548);
#548 = CARTESIAN_POINT('',(66.09999934,9.9995E-02,0.));
#549 = LINE('',#550,#551);
#550 = CARTESIAN_POINT('',(66.09999934,1.40249656,0.));
#551 = VECTOR('',#552,1.);
#552 = DIRECTION('',(0.,-1.,-0.));
#553 = ORIENTED_EDGE('',*,*,#554,.T.);
#554 = EDGE_CURVE('',#547,#555,#557,.T.);
#555 = VERTEX_POINT('',#556);
#556 = CARTESIAN_POINT('',(66.19999934,-5.000000000003E-06,0.));
#557 = CIRCLE('',#558,0.1);
#558 = AXIS2_PLACEMENT_3D('',#559,#560,#561);
#559 = CARTESIAN_POINT('',(66.19999934,9.9995E-02,0.));
#560 = DIRECTION('',(0.,-0.,1.));
#561 = DIRECTION('',(1.,0.,0.));
#562 = ORIENTED_EDGE('',*,*,#563,.F.);
#563 = EDGE_CURVE('',#564,#555,#566,.T.);
#564 = VERTEX_POINT('',#565);
#565 = CARTESIAN_POINT('',(67.39999934,-5.E-06,0.));
#566 = LINE('',#567,#568);
#567 = CARTESIAN_POINT('',(67.39999934,-5.E-06,0.));
#568 = VECTOR('',#569,1.);
#569 = DIRECTION('',(-1.,0.,0.));
#570 = ORIENTED_EDGE('',*,*,#571,.T.);
#571 = EDGE_CURVE('',#564,#572,#574,.T.);
#572 = VERTEX_POINT('',#573);
#573 = CARTESIAN_POINT('',(67.39999934,0.699995,0.));
#574 = LINE('',#575,#576);
#575 = CARTESIAN_POINT('',(67.39999934,-5.E-06,0.));
#576 = VECTOR('',#577,1.);
#577 = DIRECTION('',(0.,1.,0.));
#578 = ORIENTED_EDGE('',*,*,#579,.F.);
#579 = EDGE_CURVE('',#580,#572,#582,.T.);
#580 = VERTEX_POINT('',#581);
#581 = CARTESIAN_POINT('',(67.89999934,1.199995,0.));
#582 = CIRCLE('',#583,0.5);
#583 = AXIS2_PLACEMENT_3D('',#584,#585,#586);
#584 = CARTESIAN_POINT('',(67.89999934,0.699995,0.));
#585 = DIRECTION('',(0.,-0.,1.));
#586 = DIRECTION('',(1.,0.,0.));
#587 = ORIENTED_EDGE('',*,*,#588,.T.);
#588 = EDGE_CURVE('',#580,#589,#591,.T.);
#589 = VERTEX_POINT('',#590);
#590 = CARTESIAN_POINT('',(68.19999934,1.199995,0.));
#591 = LINE('',#592,#593);
#592 = CARTESIAN_POINT('',(67.89999934,1.199995,0.));
#593 = VECTOR('',#594,1.);
#594 = DIRECTION('',(1.,0.,0.));
#595 = ORIENTED_EDGE('',*,*,#596,.F.);
#596 = EDGE_CURVE('',#597,#589,#599,.T.);
#597 = VERTEX_POINT('',#598);
#598 = CARTESIAN_POINT('',(68.69999934,0.699995,0.));
#599 = CIRCLE('',#600,0.5);
#600 = AXIS2_PLACEMENT_3D('',#601,#602,#603);
#601 = CARTESIAN_POINT('',(68.19999934,0.699995,0.));
#602 = DIRECTION('',(0.,-0.,1.));
#603 = DIRECTION('',(1.,0.,0.));
#604 = ORIENTED_EDGE('',*,*,#605,.T.);
#605 = EDGE_CURVE('',#597,#606,#608,.T.);
#606 = VERTEX_POINT('',#607);
#607 = CARTESIAN_POINT('',(68.69999934,-5.000000000016E-06,0.));
#608 = LINE('',#609,#610);
#609 = CARTESIAN_POINT('',(68.69999934,0.699995,0.));
#610 = VECTOR('',#611,1.);
#611 = DIRECTION('',(0.,-1.,-0.));
#612 = ORIENTED_EDGE('',*,*,#613,.F.);
#613 = EDGE_CURVE('',#614,#606,#616,.T.);
#614 = VERTEX_POINT('',#615);
#615 = CARTESIAN_POINT('',(69.89999934,-5.000000000003E-06,0.));
#616 = LINE('',#617,#618);
#617 = CARTESIAN_POINT('',(69.89999934,-5.E-06,0.));
#618 = VECTOR('',#619,1.);
#619 = DIRECTION('',(-1.,0.,0.));
#620 = ORIENTED_EDGE('',*,*,#621,.T.);
#621 = EDGE_CURVE('',#614,#622,#624,.T.);
#622 = VERTEX_POINT('',#623);
#623 = CARTESIAN_POINT('',(69.99999934,9.9995E-02,0.));
#624 = CIRCLE('',#625,0.1);
#625 = AXIS2_PLACEMENT_3D('',#626,#627,#628);
#626 = CARTESIAN_POINT('',(69.89999934,9.9995E-02,0.));
#627 = DIRECTION('',(0.,-0.,1.));
#628 = DIRECTION('',(1.,0.,0.));
#629 = ORIENTED_EDGE('',*,*,#630,.F.);
#630 = EDGE_CURVE('',#631,#622,#633,.T.);
#631 = VERTEX_POINT('',#632);
#632 = CARTESIAN_POINT('',(69.99999934,14.999995,0.));
#633 = LINE('',#634,#635);
#634 = CARTESIAN_POINT('',(69.99999934,14.999995,0.));
#635 = VECTOR('',#636,1.);
#636 = DIRECTION('',(0.,-1.,-0.));
#637 = ORIENTED_EDGE('',*,*,#638,.T.);
#638 = EDGE_CURVE('',#631,#639,#641,.T.);
#639 = VERTEX_POINT('',#640);
#640 = CARTESIAN_POINT('',(59.99999934,24.999995,0.));
#641 = CIRCLE('',#642,10.);
#642 = AXIS2_PLACEMENT_3D('',#643,#644,#645);
#643 = CARTESIAN_POINT('',(59.99999934,14.999995,0.));
#644 = DIRECTION('',(0.,-0.,1.));
#645 = DIRECTION('',(1.,0.,0.));
#646 = ORIENTED_EDGE('',*,*,#647,.F.);
#647 = EDGE_CURVE('',#648,#639,#650,.T.);
#648 = VERTEX_POINT('',#649);
#649 = CARTESIAN_POINT('',(59.29999934,24.999995,0.));
#650 = LINE('',#651,#652);
#651 = CARTESIAN_POINT('',(59.29999934,24.999995,0.));
#652 = VECTOR('',#653,1.);
#653 = DIRECTION('',(1.,0.,0.));
#654 = ORIENTED_EDGE('',*,*,#655,.T.);
#655 = EDGE_CURVE('',#648,#656,#658,.T.);
#656 = VERTEX_POINT('',#657);
#657 = CARTESIAN_POINT('',(58.99999934,24.699995,0.));
#658 = CIRCLE('',#659,0.3);
#659 = AXIS2_PLACEMENT_3D('',#660,#661,#662);
#660 = CARTESIAN_POINT('',(59.29999934,24.699995,0.));
#661 = DIRECTION('',(0.,-0.,1.));
#662 = DIRECTION('',(1.,0.,0.));
#663 = ORIENTED_EDGE('',*,*,#664,.T.);
#664 = EDGE_CURVE('',#656,#665,#667,.T.);
#665 = VERTEX_POINT('',#666);
#666 = CARTESIAN_POINT('',(58.99999934,24.599995,0.));
#667 = LINE('',#668,#669);
#668 = CARTESIAN_POINT('',(58.99999934,24.699995,0.));
#669 = VECTOR('',#670,1.);
#670 = DIRECTION('',(0.,-1.,-0.));
#671 = ORIENTED_EDGE('',*,*,#672,.F.);
#672 = EDGE_CURVE('',#673,#665,#675,.T.);
#673 = VERTEX_POINT('',#674);
#674 = CARTESIAN_POINT('',(58.49999934,24.099995,0.));
#675 = CIRCLE('',#676,0.5);
#676 = AXIS2_PLACEMENT_3D('',#677,#678,#679);
#677 = CARTESIAN_POINT('',(58.49999934,24.599995,0.));
#678 = DIRECTION('',(0.,-0.,1.));
#679 = DIRECTION('',(1.,0.,0.));
#680 = ORIENTED_EDGE('',*,*,#681,.T.);
#681 = EDGE_CURVE('',#673,#682,#684,.T.);
#682 = VERTEX_POINT('',#683);
#683 = CARTESIAN_POINT('',(-58.50000066,24.099995,0.));
#684 = LINE('',#685,#686);
#685 = CARTESIAN_POINT('',(58.49999934,24.099995,0.));
#686 = VECTOR('',#687,1.);
#687 = DIRECTION('',(-1.,0.,0.));
#688 = ORIENTED_EDGE('',*,*,#689,.F.);
#689 = EDGE_CURVE('',#690,#682,#692,.T.);
#690 = VERTEX_POINT('',#691);
#691 = CARTESIAN_POINT('',(-59.00000066,24.599995,0.));
#692 = CIRCLE('',#693,0.5);
#693 = AXIS2_PLACEMENT_3D('',#694,#695,#696);
#694 = CARTESIAN_POINT('',(-58.50000066,24.599995,0.));
#695 = DIRECTION('',(0.,-0.,1.));
#696 = DIRECTION('',(1.,0.,0.));
#697 = ORIENTED_EDGE('',*,*,#698,.T.);
#698 = EDGE_CURVE('',#690,#699,#701,.T.);
#699 = VERTEX_POINT('',#700);
#700 = CARTESIAN_POINT('',(-59.00000066,24.699995,0.));
#701 = LINE('',#702,#703);
#702 = CARTESIAN_POINT('',(-59.00000066,24.599995,0.));
#703 = VECTOR('',#704,1.);
#704 = DIRECTION('',(0.,1.,0.));
#705 = ORIENTED_EDGE('',*,*,#706,.T.);
#706 = EDGE_CURVE('',#699,#707,#709,.T.);
#707 = VERTEX_POINT('',#708);
#708 = CARTESIAN_POINT('',(-59.30000066,24.999995,0.));
#709 = CIRCLE('',#710,0.3);
#710 = AXIS2_PLACEMENT_3D('',#711,#712,#713);
#711 = CARTESIAN_POINT('',(-59.30000066,24.699995,0.));
#712 = DIRECTION('',(0.,-0.,1.));
#713 = DIRECTION('',(1.,0.,0.));
#714 = ORIENTED_EDGE('',*,*,#715,.F.);
#715 = EDGE_CURVE('',#716,#707,#718,.T.);
#716 = VERTEX_POINT('',#717);
#717 = CARTESIAN_POINT('',(-60.00000066,24.999995,0.));
#718 = LINE('',#719,#720);
#719 = CARTESIAN_POINT('',(-60.00000066,24.999995,0.));
#720 = VECTOR('',#721,1.);
#721 = DIRECTION('',(1.,0.,0.));
#722 = ORIENTED_EDGE('',*,*,#723,.T.);
#723 = EDGE_CURVE('',#716,#724,#726,.T.);
#724 = VERTEX_POINT('',#725);
#725 = CARTESIAN_POINT('',(-70.00000066,14.999995,0.));
#726 = CIRCLE('',#727,10.);
#727 = AXIS2_PLACEMENT_3D('',#728,#729,#730);
#728 = CARTESIAN_POINT('',(-60.00000066,14.999995,0.));
#729 = DIRECTION('',(0.,-0.,1.));
#730 = DIRECTION('',(1.,0.,0.));
#731 = ORIENTED_EDGE('',*,*,#732,.F.);
#732 = EDGE_CURVE('',#733,#724,#735,.T.);
#733 = VERTEX_POINT('',#734);
#734 = CARTESIAN_POINT('',(-70.00000066,0.119995,0.));
#735 = LINE('',#736,#737);
#736 = CARTESIAN_POINT('',(-70.00000066,0.119995,0.));
#737 = VECTOR('',#738,1.);
#738 = DIRECTION('',(0.,1.,0.));
#739 = ORIENTED_EDGE('',*,*,#740,.T.);
#740 = EDGE_CURVE('',#733,#122,#741,.T.);
#741 = CIRCLE('',#742,0.1);
#742 = AXIS2_PLACEMENT_3D('',#743,#744,#745);
#743 = CARTESIAN_POINT('',(-69.90000066,0.119995,0.));
#744 = DIRECTION('',(0.,-0.,1.));
#745 = DIRECTION('',(1.,0.,0.));
#746 = ORIENTED_EDGE('',*,*,#129,.F.);
#747 = PLANE('',#748);
#748 = AXIS2_PLACEMENT_3D('',#749,#750,#751);
#749 = CARTESIAN_POINT('',(0.,0.,0.));
#750 = DIRECTION('',(0.,0.,1.));
#751 = DIRECTION('',(1.,0.,-0.));
#752 = ADVANCED_FACE('',(#753),#1360,.T.);
#753 = FACE_BOUND('',#754,.T.);
#754 = EDGE_LOOP('',(#755,#756,#757,#765,#774,#782,#790,#799,#807,#815,
    #823,#831,#839,#847,#855,#863,#871,#879,#887,#895,#903,#911,#919,
    #927,#936,#944,#953,#961,#970,#978,#986,#994,#1003,#1011,#1020,#1028
    ,#1037,#1045,#1053,#1061,#1069,#1077,#1085,#1093,#1101,#1109,#1117,
    #1125,#1133,#1141,#1149,#1158,#1166,#1175,#1183,#1191,#1200,#1208,
    #1217,#1225,#1233,#1242,#1250,#1259,#1267,#1276,#1284,#1293,#1301,
    #1310,#1318,#1327,#1335,#1344,#1352,#1359));
#755 = ORIENTED_EDGE('',*,*,#49,.F.);
#756 = ORIENTED_EDGE('',*,*,#96,.T.);
#757 = ORIENTED_EDGE('',*,*,#758,.F.);
#758 = EDGE_CURVE('',#759,#89,#761,.T.);
#759 = VERTEX_POINT('',#760);
#760 = CARTESIAN_POINT('',(-68.00000066,-1.180005,110.));
#761 = LINE('',#762,#763);
#762 = CARTESIAN_POINT('',(-68.00000066,-1.180005,110.));
#763 = VECTOR('',#764,1.);
#764 = DIRECTION('',(-1.,0.,0.));
#765 = ORIENTED_EDGE('',*,*,#766,.T.);
#766 = EDGE_CURVE('',#759,#767,#769,.T.);
#767 = VERTEX_POINT('',#768);
#768 = CARTESIAN_POINT('',(-67.50000066,-0.680005,110.));
#769 = CIRCLE('',#770,0.5);
#770 = AXIS2_PLACEMENT_3D('',#771,#772,#773);
#771 = CARTESIAN_POINT('',(-68.00000066,-0.680005,110.));
#772 = DIRECTION('',(0.,-0.,1.));
#773 = DIRECTION('',(1.,0.,0.));
#774 = ORIENTED_EDGE('',*,*,#775,.F.);
#775 = EDGE_CURVE('',#776,#767,#778,.T.);
#776 = VERTEX_POINT('',#777);
#777 = CARTESIAN_POINT('',(-67.50000066,1.9995E-02,110.));
#778 = LINE('',#779,#780);
#779 = CARTESIAN_POINT('',(-67.50000066,1.9995E-02,110.));
#780 = VECTOR('',#781,1.);
#781 = DIRECTION('',(0.,-1.,-0.));
#782 = ORIENTED_EDGE('',*,*,#783,.F.);
#783 = EDGE_CURVE('',#784,#776,#786,.T.);
#784 = VERTEX_POINT('',#785);
#785 = CARTESIAN_POINT('',(-66.20000066,1.9995E-02,110.));
#786 = LINE('',#787,#788);
#787 = CARTESIAN_POINT('',(-66.20000066,1.9995E-02,110.));
#788 = VECTOR('',#789,1.);
#789 = DIRECTION('',(-1.,0.,0.));
#790 = ORIENTED_EDGE('',*,*,#791,.T.);
#791 = EDGE_CURVE('',#784,#792,#794,.T.);
#792 = VERTEX_POINT('',#793);
#793 = CARTESIAN_POINT('',(-66.10000066,0.119995,110.));
#794 = CIRCLE('',#795,0.1);
#795 = AXIS2_PLACEMENT_3D('',#796,#797,#798);
#796 = CARTESIAN_POINT('',(-66.20000066,0.119995,110.));
#797 = DIRECTION('',(0.,-0.,1.));
#798 = DIRECTION('',(1.,0.,0.));
#799 = ORIENTED_EDGE('',*,*,#800,.T.);
#800 = EDGE_CURVE('',#792,#801,#803,.T.);
#801 = VERTEX_POINT('',#802);
#802 = CARTESIAN_POINT('',(-66.10000066,1.899995,110.));
#803 = LINE('',#804,#805);
#804 = CARTESIAN_POINT('',(-66.10000066,0.119995,110.));
#805 = VECTOR('',#806,1.);
#806 = DIRECTION('',(0.,1.,0.));
#807 = ORIENTED_EDGE('',*,*,#808,.T.);
#808 = EDGE_CURVE('',#801,#809,#811,.T.);
#809 = VERTEX_POINT('',#810);
#810 = CARTESIAN_POINT('',(-68.00000066,1.899995,110.));
#811 = LINE('',#812,#813);
#812 = CARTESIAN_POINT('',(-66.10000066,1.899995,110.));
#813 = VECTOR('',#814,1.);
#814 = DIRECTION('',(-1.,0.,0.));
#815 = ORIENTED_EDGE('',*,*,#816,.T.);
#816 = EDGE_CURVE('',#809,#817,#819,.T.);
#817 = VERTEX_POINT('',#818);
#818 = CARTESIAN_POINT('',(-68.00000066,6.499995,110.));
#819 = LINE('',#820,#821);
#820 = CARTESIAN_POINT('',(-68.00000066,1.899995,110.));
#821 = VECTOR('',#822,1.);
#822 = DIRECTION('',(0.,1.,0.));
#823 = ORIENTED_EDGE('',*,*,#824,.T.);
#824 = EDGE_CURVE('',#817,#825,#827,.T.);
#825 = VERTEX_POINT('',#826);
#826 = CARTESIAN_POINT('',(-66.00000066,6.499995,110.));
#827 = LINE('',#828,#829);
#828 = CARTESIAN_POINT('',(-68.00000066,6.499995,110.));
#829 = VECTOR('',#830,1.);
#830 = DIRECTION('',(1.,0.,0.));
#831 = ORIENTED_EDGE('',*,*,#832,.T.);
#832 = EDGE_CURVE('',#825,#833,#835,.T.);
#833 = VERTEX_POINT('',#834);
#834 = CARTESIAN_POINT('',(-66.00000066,7.999995,110.));
#835 = LINE('',#836,#837);
#836 = CARTESIAN_POINT('',(-66.00000066,6.499995,110.));
#837 = VECTOR('',#838,1.);
#838 = DIRECTION('',(0.,1.,0.));
#839 = ORIENTED_EDGE('',*,*,#840,.T.);
#840 = EDGE_CURVE('',#833,#841,#843,.T.);
#841 = VERTEX_POINT('',#842);
#842 = CARTESIAN_POINT('',(-68.00000066,7.999995,110.));
#843 = LINE('',#844,#845);
#844 = CARTESIAN_POINT('',(-66.00000066,7.999995,110.));
#845 = VECTOR('',#846,1.);
#846 = DIRECTION('',(-1.,0.,0.));
#847 = ORIENTED_EDGE('',*,*,#848,.T.);
#848 = EDGE_CURVE('',#841,#849,#851,.T.);
#849 = VERTEX_POINT('',#850);
#850 = CARTESIAN_POINT('',(-68.00000066,9.999995,110.));
#851 = LINE('',#852,#853);
#852 = CARTESIAN_POINT('',(-68.00000066,7.999995,110.));
#853 = VECTOR('',#854,1.);
#854 = DIRECTION('',(0.,1.,0.));
#855 = ORIENTED_EDGE('',*,*,#856,.T.);
#856 = EDGE_CURVE('',#849,#857,#859,.T.);
#857 = VERTEX_POINT('',#858);
#858 = CARTESIAN_POINT('',(-66.00000066,9.999995,110.));
#859 = LINE('',#860,#861);
#860 = CARTESIAN_POINT('',(-68.00000066,9.999995,110.));
#861 = VECTOR('',#862,1.);
#862 = DIRECTION('',(1.,0.,0.));
#863 = ORIENTED_EDGE('',*,*,#864,.T.);
#864 = EDGE_CURVE('',#857,#865,#867,.T.);
#865 = VERTEX_POINT('',#866);
#866 = CARTESIAN_POINT('',(-66.00000066,11.499995,110.));
#867 = LINE('',#868,#869);
#868 = CARTESIAN_POINT('',(-66.00000066,9.999995,110.));
#869 = VECTOR('',#870,1.);
#870 = DIRECTION('',(0.,1.,0.));
#871 = ORIENTED_EDGE('',*,*,#872,.T.);
#872 = EDGE_CURVE('',#865,#873,#875,.T.);
#873 = VERTEX_POINT('',#874);
#874 = CARTESIAN_POINT('',(-68.00000066,11.499995,110.));
#875 = LINE('',#876,#877);
#876 = CARTESIAN_POINT('',(-66.00000066,11.499995,110.));
#877 = VECTOR('',#878,1.);
#878 = DIRECTION('',(-1.,0.,0.));
#879 = ORIENTED_EDGE('',*,*,#880,.T.);
#880 = EDGE_CURVE('',#873,#881,#883,.T.);
#881 = VERTEX_POINT('',#882);
#882 = CARTESIAN_POINT('',(-68.00000066,13.499995,110.));
#883 = LINE('',#884,#885);
#884 = CARTESIAN_POINT('',(-68.00000066,11.499995,110.));
#885 = VECTOR('',#886,1.);
#886 = DIRECTION('',(0.,1.,0.));
#887 = ORIENTED_EDGE('',*,*,#888,.T.);
#888 = EDGE_CURVE('',#881,#889,#891,.T.);
#889 = VERTEX_POINT('',#890);
#890 = CARTESIAN_POINT('',(-66.00000066,13.499995,110.));
#891 = LINE('',#892,#893);
#892 = CARTESIAN_POINT('',(-68.00000066,13.499995,110.));
#893 = VECTOR('',#894,1.);
#894 = DIRECTION('',(1.,0.,0.));
#895 = ORIENTED_EDGE('',*,*,#896,.T.);
#896 = EDGE_CURVE('',#889,#897,#899,.T.);
#897 = VERTEX_POINT('',#898);
#898 = CARTESIAN_POINT('',(-66.00000066,14.999995,110.));
#899 = LINE('',#900,#901);
#900 = CARTESIAN_POINT('',(-66.00000066,13.499995,110.));
#901 = VECTOR('',#902,1.);
#902 = DIRECTION('',(0.,1.,0.));
#903 = ORIENTED_EDGE('',*,*,#904,.T.);
#904 = EDGE_CURVE('',#897,#905,#907,.T.);
#905 = VERTEX_POINT('',#906);
#906 = CARTESIAN_POINT('',(-68.00000066,14.999995,110.));
#907 = LINE('',#908,#909);
#908 = CARTESIAN_POINT('',(-66.00000066,14.999995,110.));
#909 = VECTOR('',#910,1.);
#910 = DIRECTION('',(-1.,0.,0.));
#911 = ORIENTED_EDGE('',*,*,#912,.T.);
#912 = EDGE_CURVE('',#905,#913,#915,.T.);
#913 = VERTEX_POINT('',#914);
#914 = CARTESIAN_POINT('',(-68.00000066,16.999995,110.));
#915 = LINE('',#916,#917);
#916 = CARTESIAN_POINT('',(-68.00000066,14.999995,110.));
#917 = VECTOR('',#918,1.);
#918 = DIRECTION('',(0.,1.,0.));
#919 = ORIENTED_EDGE('',*,*,#920,.T.);
#920 = EDGE_CURVE('',#913,#921,#923,.T.);
#921 = VERTEX_POINT('',#922);
#922 = CARTESIAN_POINT('',(-63.45679815,16.999995,110.));
#923 = LINE('',#924,#925);
#924 = CARTESIAN_POINT('',(-68.00000066,16.999995,110.));
#925 = VECTOR('',#926,1.);
#926 = DIRECTION('',(1.,0.,0.));
#927 = ORIENTED_EDGE('',*,*,#928,.T.);
#928 = EDGE_CURVE('',#921,#929,#931,.T.);
#929 = VERTEX_POINT('',#930);
#930 = CARTESIAN_POINT('',(-63.26361299,17.25175881,110.));
#931 = CIRCLE('',#932,0.199999993834);
#932 = AXIS2_PLACEMENT_3D('',#933,#934,#935);
#933 = CARTESIAN_POINT('',(-63.45679814695,17.199994993834,110.));
#934 = DIRECTION('',(0.,-0.,1.));
#935 = DIRECTION('',(1.,0.,0.));
#936 = ORIENTED_EDGE('',*,*,#937,.T.);
#937 = EDGE_CURVE('',#929,#938,#940,.T.);
#938 = VERTEX_POINT('',#939);
#939 = CARTESIAN_POINT('',(-63.54706842144,18.309628875985,110.));
#940 = LINE('',#941,#942);
#941 = CARTESIAN_POINT('',(-63.26361299,17.25175881,110.));
#942 = VECTOR('',#943,1.);
#943 = DIRECTION('',(-0.258819046436,0.965925825932,0.));
#944 = ORIENTED_EDGE('',*,*,#945,.T.);
#945 = EDGE_CURVE('',#938,#946,#948,.T.);
#946 = VERTEX_POINT('',#947);
#947 = CARTESIAN_POINT('',(-62.30963030804,19.547061628964,110.));
#948 = CIRCLE('',#949,1.75);
#949 = AXIS2_PLACEMENT_3D('',#950,#951,#952);
#950 = CARTESIAN_POINT('',(-63.99999922,19.99999975,110.));
#951 = DIRECTION('',(0.,0.,-1.));
#952 = DIRECTION('',(5.551115123126E-17,-1.,0.));
#953 = ORIENTED_EDGE('',*,*,#954,.T.);
#954 = EDGE_CURVE('',#946,#955,#957,.T.);
#955 = VERTEX_POINT('',#956);
#956 = CARTESIAN_POINT('',(-61.25176446912,19.263607334769,110.));
#957 = LINE('',#958,#959);
#958 = CARTESIAN_POINT('',(-62.79259337,19.67647119,110.));
#959 = VECTOR('',#960,1.);
#960 = DIRECTION('',(0.965925826984,-0.258819042509,-0.));
#961 = ORIENTED_EDGE('',*,*,#962,.T.);
#962 = EDGE_CURVE('',#955,#963,#965,.T.);
#963 = VERTEX_POINT('',#964);
#964 = CARTESIAN_POINT('',(-61.00000066,19.4567925,110.));
#965 = CIRCLE('',#966,0.2);
#966 = AXIS2_PLACEMENT_3D('',#967,#968,#969);
#967 = CARTESIAN_POINT('',(-61.20000066,19.4567925,110.));
#968 = DIRECTION('',(0.,-0.,1.));
#969 = DIRECTION('',(1.,0.,0.));
#970 = ORIENTED_EDGE('',*,*,#971,.T.);
#971 = EDGE_CURVE('',#963,#972,#974,.T.);
#972 = VERTEX_POINT('',#973);
#973 = CARTESIAN_POINT('',(-61.00000066,22.099995,110.));
#974 = LINE('',#975,#976);
#975 = CARTESIAN_POINT('',(-61.00000066,19.4567925,110.));
#976 = VECTOR('',#977,1.);
#977 = DIRECTION('',(0.,1.,0.));
#978 = ORIENTED_EDGE('',*,*,#979,.T.);
#979 = EDGE_CURVE('',#972,#980,#982,.T.);
#980 = VERTEX_POINT('',#981);
#981 = CARTESIAN_POINT('',(60.99999934,22.099995,110.));
#982 = LINE('',#983,#984);
#983 = CARTESIAN_POINT('',(-61.00000066,22.099995,110.));
#984 = VECTOR('',#985,1.);
#985 = DIRECTION('',(1.,0.,0.));
#986 = ORIENTED_EDGE('',*,*,#987,.T.);
#987 = EDGE_CURVE('',#980,#988,#990,.T.);
#988 = VERTEX_POINT('',#989);
#989 = CARTESIAN_POINT('',(60.99999934,19.4567925,110.));
#990 = LINE('',#991,#992);
#991 = CARTESIAN_POINT('',(60.99999934,22.099995,110.));
#992 = VECTOR('',#993,1.);
#993 = DIRECTION('',(0.,-1.,-0.));
#994 = ORIENTED_EDGE('',*,*,#995,.T.);
#995 = EDGE_CURVE('',#988,#996,#998,.T.);
#996 = VERTEX_POINT('',#997);
#997 = CARTESIAN_POINT('',(61.25176315,19.26360733,110.));
#998 = CIRCLE('',#999,0.200000006178);
#999 = AXIS2_PLACEMENT_3D('',#1000,#1001,#1002);
#1000 = CARTESIAN_POINT('',(61.199999346178,19.456792503047,110.));
#1001 = DIRECTION('',(0.,-0.,1.));
#1002 = DIRECTION('',(1.,0.,0.));
#1003 = ORIENTED_EDGE('',*,*,#1004,.T.);
#1004 = EDGE_CURVE('',#996,#1005,#1007,.T.);
#1005 = VERTEX_POINT('',#1006);
#1006 = CARTESIAN_POINT('',(62.309631675216,19.547062348595,110.));
#1007 = LINE('',#1008,#1009);
#1008 = CARTESIAN_POINT('',(61.25176315,19.26360733,110.));
#1009 = VECTOR('',#1010,1.);
#1010 = DIRECTION('',(0.965925825932,0.258819046436,0.));
#1011 = ORIENTED_EDGE('',*,*,#1012,.T.);
#1012 = EDGE_CURVE('',#1005,#1013,#1015,.T.);
#1013 = VERTEX_POINT('',#1014);
#1014 = CARTESIAN_POINT('',(63.547067299424,18.309629594628,110.));
#1015 = CIRCLE('',#1016,1.75);
#1016 = AXIS2_PLACEMENT_3D('',#1017,#1018,#1019);
#1017 = CARTESIAN_POINT('',(64.00000078,19.99999975,110.));
#1018 = DIRECTION('',(-0.,-0.,-1.));
#1019 = DIRECTION('',(0.,-1.,0.));
#1020 = ORIENTED_EDGE('',*,*,#1021,.T.);
#1021 = EDGE_CURVE('',#1013,#1022,#1024,.T.);
#1022 = VERTEX_POINT('',#1023);
#1023 = CARTESIAN_POINT('',(63.263611674733,17.251758808987,110.));
#1024 = LINE('',#1025,#1026);
#1025 = CARTESIAN_POINT('',(63.67647554,18.79258772,110.));
#1026 = VECTOR('',#1027,1.);
#1027 = DIRECTION('',(-0.258819046791,-0.965925825837,0.));
#1028 = ORIENTED_EDGE('',*,*,#1029,.T.);
#1029 = EDGE_CURVE('',#1022,#1030,#1032,.T.);
#1030 = VERTEX_POINT('',#1031);
#1031 = CARTESIAN_POINT('',(63.45679684,16.999995,110.));
#1032 = CIRCLE('',#1033,0.2);
#1033 = AXIS2_PLACEMENT_3D('',#1034,#1035,#1036);
#1034 = CARTESIAN_POINT('',(63.45679684,17.199995,110.));
#1035 = DIRECTION('',(0.,-0.,1.));
#1036 = DIRECTION('',(1.,0.,0.));
#1037 = ORIENTED_EDGE('',*,*,#1038,.T.);
#1038 = EDGE_CURVE('',#1030,#1039,#1041,.T.);
#1039 = VERTEX_POINT('',#1040);
#1040 = CARTESIAN_POINT('',(67.99999934,16.999995,110.));
#1041 = LINE('',#1042,#1043);
#1042 = CARTESIAN_POINT('',(63.45679684,16.999995,110.));
#1043 = VECTOR('',#1044,1.);
#1044 = DIRECTION('',(1.,0.,0.));
#1045 = ORIENTED_EDGE('',*,*,#1046,.T.);
#1046 = EDGE_CURVE('',#1039,#1047,#1049,.T.);
#1047 = VERTEX_POINT('',#1048);
#1048 = CARTESIAN_POINT('',(67.99999934,14.999995,110.));
#1049 = LINE('',#1050,#1051);
#1050 = CARTESIAN_POINT('',(67.99999934,16.999995,110.));
#1051 = VECTOR('',#1052,1.);
#1052 = DIRECTION('',(0.,-1.,-0.));
#1053 = ORIENTED_EDGE('',*,*,#1054,.T.);
#1054 = EDGE_CURVE('',#1047,#1055,#1057,.T.);
#1055 = VERTEX_POINT('',#1056);
#1056 = CARTESIAN_POINT('',(65.99999934,14.999995,110.));
#1057 = LINE('',#1058,#1059);
#1058 = CARTESIAN_POINT('',(67.99999934,14.999995,110.));
#1059 = VECTOR('',#1060,1.);
#1060 = DIRECTION('',(-1.,0.,0.));
#1061 = ORIENTED_EDGE('',*,*,#1062,.T.);
#1062 = EDGE_CURVE('',#1055,#1063,#1065,.T.);
#1063 = VERTEX_POINT('',#1064);
#1064 = CARTESIAN_POINT('',(65.99999934,13.499995,110.));
#1065 = LINE('',#1066,#1067);
#1066 = CARTESIAN_POINT('',(65.99999934,14.999995,110.));
#1067 = VECTOR('',#1068,1.);
#1068 = DIRECTION('',(0.,-1.,-0.));
#1069 = ORIENTED_EDGE('',*,*,#1070,.T.);
#1070 = EDGE_CURVE('',#1063,#1071,#1073,.T.);
#1071 = VERTEX_POINT('',#1072);
#1072 = CARTESIAN_POINT('',(67.99999934,13.499995,110.));
#1073 = LINE('',#1074,#1075);
#1074 = CARTESIAN_POINT('',(65.99999934,13.499995,110.));
#1075 = VECTOR('',#1076,1.);
#1076 = DIRECTION('',(1.,0.,0.));
#1077 = ORIENTED_EDGE('',*,*,#1078,.T.);
#1078 = EDGE_CURVE('',#1071,#1079,#1081,.T.);
#1079 = VERTEX_POINT('',#1080);
#1080 = CARTESIAN_POINT('',(67.99999934,11.499995,110.));
#1081 = LINE('',#1082,#1083);
#1082 = CARTESIAN_POINT('',(67.99999934,13.499995,110.));
#1083 = VECTOR('',#1084,1.);
#1084 = DIRECTION('',(0.,-1.,-0.));
#1085 = ORIENTED_EDGE('',*,*,#1086,.T.);
#1086 = EDGE_CURVE('',#1079,#1087,#1089,.T.);
#1087 = VERTEX_POINT('',#1088);
#1088 = CARTESIAN_POINT('',(65.99999934,11.499995,110.));
#1089 = LINE('',#1090,#1091);
#1090 = CARTESIAN_POINT('',(67.99999934,11.499995,110.));
#1091 = VECTOR('',#1092,1.);
#1092 = DIRECTION('',(-1.,0.,0.));
#1093 = ORIENTED_EDGE('',*,*,#1094,.T.);
#1094 = EDGE_CURVE('',#1087,#1095,#1097,.T.);
#1095 = VERTEX_POINT('',#1096);
#1096 = CARTESIAN_POINT('',(65.99999934,9.999995,110.));
#1097 = LINE('',#1098,#1099);
#1098 = CARTESIAN_POINT('',(65.99999934,11.499995,110.));
#1099 = VECTOR('',#1100,1.);
#1100 = DIRECTION('',(0.,-1.,-0.));
#1101 = ORIENTED_EDGE('',*,*,#1102,.T.);
#1102 = EDGE_CURVE('',#1095,#1103,#1105,.T.);
#1103 = VERTEX_POINT('',#1104);
#1104 = CARTESIAN_POINT('',(67.99999934,9.999995,110.));
#1105 = LINE('',#1106,#1107);
#1106 = CARTESIAN_POINT('',(65.99999934,9.999995,110.));
#1107 = VECTOR('',#1108,1.);
#1108 = DIRECTION('',(1.,0.,0.));
#1109 = ORIENTED_EDGE('',*,*,#1110,.T.);
#1110 = EDGE_CURVE('',#1103,#1111,#1113,.T.);
#1111 = VERTEX_POINT('',#1112);
#1112 = CARTESIAN_POINT('',(67.99999934,7.999995,110.));
#1113 = LINE('',#1114,#1115);
#1114 = CARTESIAN_POINT('',(67.99999934,9.999995,110.));
#1115 = VECTOR('',#1116,1.);
#1116 = DIRECTION('',(0.,-1.,-0.));
#1117 = ORIENTED_EDGE('',*,*,#1118,.T.);
#1118 = EDGE_CURVE('',#1111,#1119,#1121,.T.);
#1119 = VERTEX_POINT('',#1120);
#1120 = CARTESIAN_POINT('',(65.99999934,7.999995,110.));
#1121 = LINE('',#1122,#1123);
#1122 = CARTESIAN_POINT('',(67.99999934,7.999995,110.));
#1123 = VECTOR('',#1124,1.);
#1124 = DIRECTION('',(-1.,0.,0.));
#1125 = ORIENTED_EDGE('',*,*,#1126,.T.);
#1126 = EDGE_CURVE('',#1119,#1127,#1129,.T.);
#1127 = VERTEX_POINT('',#1128);
#1128 = CARTESIAN_POINT('',(65.99999934,6.499995,110.));
#1129 = LINE('',#1130,#1131);
#1130 = CARTESIAN_POINT('',(65.99999934,7.999995,110.));
#1131 = VECTOR('',#1132,1.);
#1132 = DIRECTION('',(0.,-1.,-0.));
#1133 = ORIENTED_EDGE('',*,*,#1134,.T.);
#1134 = EDGE_CURVE('',#1127,#1135,#1137,.T.);
#1135 = VERTEX_POINT('',#1136);
#1136 = CARTESIAN_POINT('',(67.99999934,6.499995,110.));
#1137 = LINE('',#1138,#1139);
#1138 = CARTESIAN_POINT('',(65.99999934,6.499995,110.));
#1139 = VECTOR('',#1140,1.);
#1140 = DIRECTION('',(1.,0.,0.));
#1141 = ORIENTED_EDGE('',*,*,#1142,.T.);
#1142 = EDGE_CURVE('',#1135,#1143,#1145,.T.);
#1143 = VERTEX_POINT('',#1144);
#1144 = CARTESIAN_POINT('',(67.999999340091,3.399994995548,110.));
#1145 = LINE('',#1146,#1147);
#1146 = CARTESIAN_POINT('',(67.99999934,6.499995,110.));
#1147 = VECTOR('',#1148,1.);
#1148 = DIRECTION('',(2.922393505784E-11,-1.,-0.));
#1149 = ORIENTED_EDGE('',*,*,#1150,.T.);
#1150 = EDGE_CURVE('',#1143,#1151,#1153,.T.);
#1151 = VERTEX_POINT('',#1152);
#1152 = CARTESIAN_POINT('',(66.09999934,1.40249656,110.));
#1153 = CIRCLE('',#1154,2.);
#1154 = AXIS2_PLACEMENT_3D('',#1155,#1156,#1157);
#1155 = CARTESIAN_POINT('',(68.09999934,1.40249656,110.));
#1156 = DIRECTION('',(0.,-0.,1.));
#1157 = DIRECTION('',(1.,0.,0.));
#1158 = ORIENTED_EDGE('',*,*,#1159,.T.);
#1159 = EDGE_CURVE('',#1151,#1160,#1162,.T.);
#1160 = VERTEX_POINT('',#1161);
#1161 = CARTESIAN_POINT('',(66.09999934,9.9995E-02,110.));
#1162 = LINE('',#1163,#1164);
#1163 = CARTESIAN_POINT('',(66.09999934,1.40249656,110.));
#1164 = VECTOR('',#1165,1.);
#1165 = DIRECTION('',(0.,-1.,-0.));
#1166 = ORIENTED_EDGE('',*,*,#1167,.T.);
#1167 = EDGE_CURVE('',#1160,#1168,#1170,.T.);
#1168 = VERTEX_POINT('',#1169);
#1169 = CARTESIAN_POINT('',(66.19999934,-5.000000000003E-06,110.));
#1170 = CIRCLE('',#1171,0.1);
#1171 = AXIS2_PLACEMENT_3D('',#1172,#1173,#1174);
#1172 = CARTESIAN_POINT('',(66.19999934,9.9995E-02,110.));
#1173 = DIRECTION('',(0.,-0.,1.));
#1174 = DIRECTION('',(1.,0.,0.));
#1175 = ORIENTED_EDGE('',*,*,#1176,.F.);
#1176 = EDGE_CURVE('',#1177,#1168,#1179,.T.);
#1177 = VERTEX_POINT('',#1178);
#1178 = CARTESIAN_POINT('',(67.39999934,-5.E-06,110.));
#1179 = LINE('',#1180,#1181);
#1180 = CARTESIAN_POINT('',(67.39999934,-5.E-06,110.));
#1181 = VECTOR('',#1182,1.);
#1182 = DIRECTION('',(-1.,0.,0.));
#1183 = ORIENTED_EDGE('',*,*,#1184,.T.);
#1184 = EDGE_CURVE('',#1177,#1185,#1187,.T.);
#1185 = VERTEX_POINT('',#1186);
#1186 = CARTESIAN_POINT('',(67.39999934,0.699995,110.));
#1187 = LINE('',#1188,#1189);
#1188 = CARTESIAN_POINT('',(67.39999934,-5.E-06,110.));
#1189 = VECTOR('',#1190,1.);
#1190 = DIRECTION('',(0.,1.,0.));
#1191 = ORIENTED_EDGE('',*,*,#1192,.F.);
#1192 = EDGE_CURVE('',#1193,#1185,#1195,.T.);
#1193 = VERTEX_POINT('',#1194);
#1194 = CARTESIAN_POINT('',(67.89999934,1.199995,110.));
#1195 = CIRCLE('',#1196,0.5);
#1196 = AXIS2_PLACEMENT_3D('',#1197,#1198,#1199);
#1197 = CARTESIAN_POINT('',(67.89999934,0.699995,110.));
#1198 = DIRECTION('',(0.,-0.,1.));
#1199 = DIRECTION('',(1.,0.,0.));
#1200 = ORIENTED_EDGE('',*,*,#1201,.T.);
#1201 = EDGE_CURVE('',#1193,#1202,#1204,.T.);
#1202 = VERTEX_POINT('',#1203);
#1203 = CARTESIAN_POINT('',(68.19999934,1.199995,110.));
#1204 = LINE('',#1205,#1206);
#1205 = CARTESIAN_POINT('',(67.89999934,1.199995,110.));
#1206 = VECTOR('',#1207,1.);
#1207 = DIRECTION('',(1.,0.,0.));
#1208 = ORIENTED_EDGE('',*,*,#1209,.F.);
#1209 = EDGE_CURVE('',#1210,#1202,#1212,.T.);
#1210 = VERTEX_POINT('',#1211);
#1211 = CARTESIAN_POINT('',(68.69999934,0.699995,110.));
#1212 = CIRCLE('',#1213,0.5);
#1213 = AXIS2_PLACEMENT_3D('',#1214,#1215,#1216);
#1214 = CARTESIAN_POINT('',(68.19999934,0.699995,110.));
#1215 = DIRECTION('',(0.,-0.,1.));
#1216 = DIRECTION('',(1.,0.,0.));
#1217 = ORIENTED_EDGE('',*,*,#1218,.T.);
#1218 = EDGE_CURVE('',#1210,#1219,#1221,.T.);
#1219 = VERTEX_POINT('',#1220);
#1220 = CARTESIAN_POINT('',(68.69999934,-5.000000000016E-06,110.));
#1221 = LINE('',#1222,#1223);
#1222 = CARTESIAN_POINT('',(68.69999934,0.699995,110.));
#1223 = VECTOR('',#1224,1.);
#1224 = DIRECTION('',(0.,-1.,-0.));
#1225 = ORIENTED_EDGE('',*,*,#1226,.F.);
#1226 = EDGE_CURVE('',#1227,#1219,#1229,.T.);
#1227 = VERTEX_POINT('',#1228);
#1228 = CARTESIAN_POINT('',(69.89999934,-5.000000000003E-06,110.));
#1229 = LINE('',#1230,#1231);
#1230 = CARTESIAN_POINT('',(69.89999934,-5.E-06,110.));
#1231 = VECTOR('',#1232,1.);
#1232 = DIRECTION('',(-1.,0.,0.));
#1233 = ORIENTED_EDGE('',*,*,#1234,.T.);
#1234 = EDGE_CURVE('',#1227,#1235,#1237,.T.);
#1235 = VERTEX_POINT('',#1236);
#1236 = CARTESIAN_POINT('',(69.99999934,9.9995E-02,110.));
#1237 = CIRCLE('',#1238,0.1);
#1238 = AXIS2_PLACEMENT_3D('',#1239,#1240,#1241);
#1239 = CARTESIAN_POINT('',(69.89999934,9.9995E-02,110.));
#1240 = DIRECTION('',(0.,-0.,1.));
#1241 = DIRECTION('',(1.,0.,0.));
#1242 = ORIENTED_EDGE('',*,*,#1243,.F.);
#1243 = EDGE_CURVE('',#1244,#1235,#1246,.T.);
#1244 = VERTEX_POINT('',#1245);
#1245 = CARTESIAN_POINT('',(69.99999934,14.999995,110.));
#1246 = LINE('',#1247,#1248);
#1247 = CARTESIAN_POINT('',(69.99999934,14.999995,110.));
#1248 = VECTOR('',#1249,1.);
#1249 = DIRECTION('',(0.,-1.,-0.));
#1250 = ORIENTED_EDGE('',*,*,#1251,.T.);
#1251 = EDGE_CURVE('',#1244,#1252,#1254,.T.);
#1252 = VERTEX_POINT('',#1253);
#1253 = CARTESIAN_POINT('',(59.99999934,24.999995,110.));
#1254 = CIRCLE('',#1255,10.);
#1255 = AXIS2_PLACEMENT_3D('',#1256,#1257,#1258);
#1256 = CARTESIAN_POINT('',(59.99999934,14.999995,110.));
#1257 = DIRECTION('',(0.,-0.,1.));
#1258 = DIRECTION('',(1.,0.,0.));
#1259 = ORIENTED_EDGE('',*,*,#1260,.F.);
#1260 = EDGE_CURVE('',#1261,#1252,#1263,.T.);
#1261 = VERTEX_POINT('',#1262);
#1262 = CARTESIAN_POINT('',(59.29999934,24.999995,110.));
#1263 = LINE('',#1264,#1265);
#1264 = CARTESIAN_POINT('',(59.29999934,24.999995,110.));
#1265 = VECTOR('',#1266,1.);
#1266 = DIRECTION('',(1.,0.,0.));
#1267 = ORIENTED_EDGE('',*,*,#1268,.T.);
#1268 = EDGE_CURVE('',#1261,#1269,#1271,.T.);
#1269 = VERTEX_POINT('',#1270);
#1270 = CARTESIAN_POINT('',(58.99999934,24.699995,110.));
#1271 = CIRCLE('',#1272,0.3);
#1272 = AXIS2_PLACEMENT_3D('',#1273,#1274,#1275);
#1273 = CARTESIAN_POINT('',(59.29999934,24.699995,110.));
#1274 = DIRECTION('',(0.,-0.,1.));
#1275 = DIRECTION('',(1.,0.,0.));
#1276 = ORIENTED_EDGE('',*,*,#1277,.T.);
#1277 = EDGE_CURVE('',#1269,#1278,#1280,.T.);
#1278 = VERTEX_POINT('',#1279);
#1279 = CARTESIAN_POINT('',(58.99999934,24.599995,110.));
#1280 = LINE('',#1281,#1282);
#1281 = CARTESIAN_POINT('',(58.99999934,24.699995,110.));
#1282 = VECTOR('',#1283,1.);
#1283 = DIRECTION('',(0.,-1.,-0.));
#1284 = ORIENTED_EDGE('',*,*,#1285,.F.);
#1285 = EDGE_CURVE('',#1286,#1278,#1288,.T.);
#1286 = VERTEX_POINT('',#1287);
#1287 = CARTESIAN_POINT('',(58.49999934,24.099995,110.));
#1288 = CIRCLE('',#1289,0.5);
#1289 = AXIS2_PLACEMENT_3D('',#1290,#1291,#1292);
#1290 = CARTESIAN_POINT('',(58.49999934,24.599995,110.));
#1291 = DIRECTION('',(0.,-0.,1.));
#1292 = DIRECTION('',(1.,0.,0.));
#1293 = ORIENTED_EDGE('',*,*,#1294,.T.);
#1294 = EDGE_CURVE('',#1286,#1295,#1297,.T.);
#1295 = VERTEX_POINT('',#1296);
#1296 = CARTESIAN_POINT('',(-58.50000066,24.099995,110.));
#1297 = LINE('',#1298,#1299);
#1298 = CARTESIAN_POINT('',(58.49999934,24.099995,110.));
#1299 = VECTOR('',#1300,1.);
#1300 = DIRECTION('',(-1.,0.,0.));
#1301 = ORIENTED_EDGE('',*,*,#1302,.F.);
#1302 = EDGE_CURVE('',#1303,#1295,#1305,.T.);
#1303 = VERTEX_POINT('',#1304);
#1304 = CARTESIAN_POINT('',(-59.00000066,24.599995,110.));
#1305 = CIRCLE('',#1306,0.5);
#1306 = AXIS2_PLACEMENT_3D('',#1307,#1308,#1309);
#1307 = CARTESIAN_POINT('',(-58.50000066,24.599995,110.));
#1308 = DIRECTION('',(0.,-0.,1.));
#1309 = DIRECTION('',(1.,0.,0.));
#1310 = ORIENTED_EDGE('',*,*,#1311,.T.);
#1311 = EDGE_CURVE('',#1303,#1312,#1314,.T.);
#1312 = VERTEX_POINT('',#1313);
#1313 = CARTESIAN_POINT('',(-59.00000066,24.699995,110.));
#1314 = LINE('',#1315,#1316);
#1315 = CARTESIAN_POINT('',(-59.00000066,24.599995,110.));
#1316 = VECTOR('',#1317,1.);
#1317 = DIRECTION('',(0.,1.,0.));
#1318 = ORIENTED_EDGE('',*,*,#1319,.T.);
#1319 = EDGE_CURVE('',#1312,#1320,#1322,.T.);
#1320 = VERTEX_POINT('',#1321);
#1321 = CARTESIAN_POINT('',(-59.30000066,24.999995,110.));
#1322 = CIRCLE('',#1323,0.3);
#1323 = AXIS2_PLACEMENT_3D('',#1324,#1325,#1326);
#1324 = CARTESIAN_POINT('',(-59.30000066,24.699995,110.));
#1325 = DIRECTION('',(0.,-0.,1.));
#1326 = DIRECTION('',(1.,0.,0.));
#1327 = ORIENTED_EDGE('',*,*,#1328,.F.);
#1328 = EDGE_CURVE('',#1329,#1320,#1331,.T.);
#1329 = VERTEX_POINT('',#1330);
#1330 = CARTESIAN_POINT('',(-60.00000066,24.999995,110.));
#1331 = LINE('',#1332,#1333);
#1332 = CARTESIAN_POINT('',(-60.00000066,24.999995,110.));
#1333 = VECTOR('',#1334,1.);
#1334 = DIRECTION('',(1.,0.,0.));
#1335 = ORIENTED_EDGE('',*,*,#1336,.T.);
#1336 = EDGE_CURVE('',#1329,#1337,#1339,.T.);
#1337 = VERTEX_POINT('',#1338);
#1338 = CARTESIAN_POINT('',(-70.00000066,14.999995,110.));
#1339 = CIRCLE('',#1340,10.);
#1340 = AXIS2_PLACEMENT_3D('',#1341,#1342,#1343);
#1341 = CARTESIAN_POINT('',(-60.00000066,14.999995,110.));
#1342 = DIRECTION('',(0.,-0.,1.));
#1343 = DIRECTION('',(1.,0.,0.));
#1344 = ORIENTED_EDGE('',*,*,#1345,.F.);
#1345 = EDGE_CURVE('',#1346,#1337,#1348,.T.);
#1346 = VERTEX_POINT('',#1347);
#1347 = CARTESIAN_POINT('',(-70.00000066,0.119995,110.));
#1348 = LINE('',#1349,#1350);
#1349 = CARTESIAN_POINT('',(-70.00000066,0.119995,110.));
#1350 = VECTOR('',#1351,1.);
#1351 = DIRECTION('',(0.,1.,0.));
#1352 = ORIENTED_EDGE('',*,*,#1353,.T.);
#1353 = EDGE_CURVE('',#1346,#114,#1354,.T.);
#1354 = CIRCLE('',#1355,0.1);
#1355 = AXIS2_PLACEMENT_3D('',#1356,#1357,#1358);
#1356 = CARTESIAN_POINT('',(-69.90000066,0.119995,110.));
#1357 = DIRECTION('',(0.,-0.,1.));
#1358 = DIRECTION('',(1.,0.,0.));
#1359 = ORIENTED_EDGE('',*,*,#113,.F.);
#1360 = PLANE('',#1361);
#1361 = AXIS2_PLACEMENT_3D('',#1362,#1363,#1364);
#1362 = CARTESIAN_POINT('',(0.,0.,110.));
#1363 = DIRECTION('',(0.,0.,1.));
#1364 = DIRECTION('',(1.,0.,-0.));
#1365 = ADVANCED_FACE('',(#1366),#1377,.T.);
#1366 = FACE_BOUND('',#1367,.T.);
#1367 = EDGE_LOOP('',(#1368,#1374,#1375,#1376));
#1368 = ORIENTED_EDGE('',*,*,#1369,.T.);
#1369 = EDGE_CURVE('',#146,#759,#1370,.T.);
#1370 = LINE('',#1371,#1372);
#1371 = CARTESIAN_POINT('',(-68.00000066,-1.180005,0.));
#1372 = VECTOR('',#1373,1.);
#1373 = DIRECTION('',(0.,0.,1.));
#1374 = ORIENTED_EDGE('',*,*,#758,.T.);
#1375 = ORIENTED_EDGE('',*,*,#88,.F.);
#1376 = ORIENTED_EDGE('',*,*,#145,.F.);
#1377 = PLANE('',#1378);
#1378 = AXIS2_PLACEMENT_3D('',#1379,#1380,#1381);
#1379 = CARTESIAN_POINT('',(-68.00000066,-1.180005,0.));
#1380 = DIRECTION('',(0.,-1.,0.));
#1381 = DIRECTION('',(-1.,0.,0.));
#1382 = ADVANCED_FACE('',(#1383),#1394,.T.);
#1383 = FACE_BOUND('',#1384,.T.);
#1384 = EDGE_LOOP('',(#1385,#1386,#1387,#1388));
#1385 = ORIENTED_EDGE('',*,*,#740,.T.);
#1386 = ORIENTED_EDGE('',*,*,#121,.T.);
#1387 = ORIENTED_EDGE('',*,*,#1353,.F.);
#1388 = ORIENTED_EDGE('',*,*,#1389,.F.);
#1389 = EDGE_CURVE('',#733,#1346,#1390,.T.);
#1390 = LINE('',#1391,#1392);
#1391 = CARTESIAN_POINT('',(-70.00000066,0.119995,0.));
#1392 = VECTOR('',#1393,1.);
#1393 = DIRECTION('',(0.,0.,1.));
#1394 = CYLINDRICAL_SURFACE('',#1395,0.1);
#1395 = AXIS2_PLACEMENT_3D('',#1396,#1397,#1398);
#1396 = CARTESIAN_POINT('',(-69.90000066,0.119995,0.));
#1397 = DIRECTION('',(-0.,0.,-1.));
#1398 = DIRECTION('',(1.,0.,0.));
#1399 = ADVANCED_FACE('',(#1400),#1411,.T.);
#1400 = FACE_BOUND('',#1401,.T.);
#1401 = EDGE_LOOP('',(#1402,#1403,#1404,#1410));
#1402 = ORIENTED_EDGE('',*,*,#1389,.T.);
#1403 = ORIENTED_EDGE('',*,*,#1345,.T.);
#1404 = ORIENTED_EDGE('',*,*,#1405,.F.);
#1405 = EDGE_CURVE('',#724,#1337,#1406,.T.);
#1406 = LINE('',#1407,#1408);
#1407 = CARTESIAN_POINT('',(-70.00000066,14.999995,0.));
#1408 = VECTOR('',#1409,1.);
#1409 = DIRECTION('',(0.,0.,1.));
#1410 = ORIENTED_EDGE('',*,*,#732,.F.);
#1411 = PLANE('',#1412);
#1412 = AXIS2_PLACEMENT_3D('',#1413,#1414,#1415);
#1413 = CARTESIAN_POINT('',(-70.00000066,0.119995,0.));
#1414 = DIRECTION('',(-1.,0.,0.));
#1415 = DIRECTION('',(0.,1.,0.));
#1416 = ADVANCED_FACE('',(#1417),#1428,.T.);
#1417 = FACE_BOUND('',#1418,.T.);
#1418 = EDGE_LOOP('',(#1419,#1420,#1421,#1422));
#1419 = ORIENTED_EDGE('',*,*,#723,.T.);
#1420 = ORIENTED_EDGE('',*,*,#1405,.T.);
#1421 = ORIENTED_EDGE('',*,*,#1336,.F.);
#1422 = ORIENTED_EDGE('',*,*,#1423,.F.);
#1423 = EDGE_CURVE('',#716,#1329,#1424,.T.);
#1424 = LINE('',#1425,#1426);
#1425 = CARTESIAN_POINT('',(-60.00000066,24.999995,0.));
#1426 = VECTOR('',#1427,1.);
#1427 = DIRECTION('',(0.,0.,1.));
#1428 = CYLINDRICAL_SURFACE('',#1429,10.);
#1429 = AXIS2_PLACEMENT_3D('',#1430,#1431,#1432);
#1430 = CARTESIAN_POINT('',(-60.00000066,14.999995,0.));
#1431 = DIRECTION('',(-0.,0.,-1.));
#1432 = DIRECTION('',(1.,0.,0.));
#1433 = ADVANCED_FACE('',(#1434),#1445,.T.);
#1434 = FACE_BOUND('',#1435,.T.);
#1435 = EDGE_LOOP('',(#1436,#1437,#1438,#1444));
#1436 = ORIENTED_EDGE('',*,*,#1423,.T.);
#1437 = ORIENTED_EDGE('',*,*,#1328,.T.);
#1438 = ORIENTED_EDGE('',*,*,#1439,.F.);
#1439 = EDGE_CURVE('',#707,#1320,#1440,.T.);
#1440 = LINE('',#1441,#1442);
#1441 = CARTESIAN_POINT('',(-59.30000066,24.999995,0.));
#1442 = VECTOR('',#1443,1.);
#1443 = DIRECTION('',(0.,0.,1.));
#1444 = ORIENTED_EDGE('',*,*,#715,.F.);
#1445 = PLANE('',#1446);
#1446 = AXIS2_PLACEMENT_3D('',#1447,#1448,#1449);
#1447 = CARTESIAN_POINT('',(-60.00000066,24.999995,0.));
#1448 = DIRECTION('',(0.,1.,0.));
#1449 = DIRECTION('',(1.,0.,0.));
#1450 = ADVANCED_FACE('',(#1451),#1462,.T.);
#1451 = FACE_BOUND('',#1452,.T.);
#1452 = EDGE_LOOP('',(#1453,#1454,#1455,#1456));
#1453 = ORIENTED_EDGE('',*,*,#706,.T.);
#1454 = ORIENTED_EDGE('',*,*,#1439,.T.);
#1455 = ORIENTED_EDGE('',*,*,#1319,.F.);
#1456 = ORIENTED_EDGE('',*,*,#1457,.F.);
#1457 = EDGE_CURVE('',#699,#1312,#1458,.T.);
#1458 = LINE('',#1459,#1460);
#1459 = CARTESIAN_POINT('',(-59.00000066,24.699995,0.));
#1460 = VECTOR('',#1461,1.);
#1461 = DIRECTION('',(0.,0.,1.));
#1462 = CYLINDRICAL_SURFACE('',#1463,0.3);
#1463 = AXIS2_PLACEMENT_3D('',#1464,#1465,#1466);
#1464 = CARTESIAN_POINT('',(-59.30000066,24.699995,0.));
#1465 = DIRECTION('',(-0.,0.,-1.));
#1466 = DIRECTION('',(1.,0.,0.));
#1467 = ADVANCED_FACE('',(#1468),#1479,.F.);
#1468 = FACE_BOUND('',#1469,.F.);
#1469 = EDGE_LOOP('',(#1470,#1476,#1477,#1478));
#1470 = ORIENTED_EDGE('',*,*,#1471,.T.);
#1471 = EDGE_CURVE('',#690,#1303,#1472,.T.);
#1472 = LINE('',#1473,#1474);
#1473 = CARTESIAN_POINT('',(-59.00000066,24.599995,0.));
#1474 = VECTOR('',#1475,1.);
#1475 = DIRECTION('',(0.,0.,1.));
#1476 = ORIENTED_EDGE('',*,*,#1311,.T.);
#1477 = ORIENTED_EDGE('',*,*,#1457,.F.);
#1478 = ORIENTED_EDGE('',*,*,#698,.F.);
#1479 = PLANE('',#1480);
#1480 = AXIS2_PLACEMENT_3D('',#1481,#1482,#1483);
#1481 = CARTESIAN_POINT('',(-59.00000066,24.599995,0.));
#1482 = DIRECTION('',(-1.,0.,0.));
#1483 = DIRECTION('',(0.,1.,0.));
#1484 = ADVANCED_FACE('',(#1485),#1496,.F.);
#1485 = FACE_BOUND('',#1486,.F.);
#1486 = EDGE_LOOP('',(#1487,#1488,#1494,#1495));
#1487 = ORIENTED_EDGE('',*,*,#689,.T.);
#1488 = ORIENTED_EDGE('',*,*,#1489,.T.);
#1489 = EDGE_CURVE('',#682,#1295,#1490,.T.);
#1490 = LINE('',#1491,#1492);
#1491 = CARTESIAN_POINT('',(-58.50000066,24.099995,0.));
#1492 = VECTOR('',#1493,1.);
#1493 = DIRECTION('',(0.,0.,1.));
#1494 = ORIENTED_EDGE('',*,*,#1302,.F.);
#1495 = ORIENTED_EDGE('',*,*,#1471,.F.);
#1496 = CYLINDRICAL_SURFACE('',#1497,0.5);
#1497 = AXIS2_PLACEMENT_3D('',#1498,#1499,#1500);
#1498 = CARTESIAN_POINT('',(-58.50000066,24.599995,0.));
#1499 = DIRECTION('',(-0.,0.,-1.));
#1500 = DIRECTION('',(1.,0.,0.));
#1501 = ADVANCED_FACE('',(#1502),#1513,.F.);
#1502 = FACE_BOUND('',#1503,.F.);
#1503 = EDGE_LOOP('',(#1504,#1510,#1511,#1512));
#1504 = ORIENTED_EDGE('',*,*,#1505,.T.);
#1505 = EDGE_CURVE('',#673,#1286,#1506,.T.);
#1506 = LINE('',#1507,#1508);
#1507 = CARTESIAN_POINT('',(58.49999934,24.099995,0.));
#1508 = VECTOR('',#1509,1.);
#1509 = DIRECTION('',(0.,0.,1.));
#1510 = ORIENTED_EDGE('',*,*,#1294,.T.);
#1511 = ORIENTED_EDGE('',*,*,#1489,.F.);
#1512 = ORIENTED_EDGE('',*,*,#681,.F.);
#1513 = PLANE('',#1514);
#1514 = AXIS2_PLACEMENT_3D('',#1515,#1516,#1517);
#1515 = CARTESIAN_POINT('',(58.49999934,24.099995,0.));
#1516 = DIRECTION('',(0.,-1.,0.));
#1517 = DIRECTION('',(-1.,0.,0.));
#1518 = ADVANCED_FACE('',(#1519),#1530,.F.);
#1519 = FACE_BOUND('',#1520,.F.);
#1520 = EDGE_LOOP('',(#1521,#1522,#1528,#1529));
#1521 = ORIENTED_EDGE('',*,*,#672,.T.);
#1522 = ORIENTED_EDGE('',*,*,#1523,.T.);
#1523 = EDGE_CURVE('',#665,#1278,#1524,.T.);
#1524 = LINE('',#1525,#1526);
#1525 = CARTESIAN_POINT('',(58.99999934,24.599995,0.));
#1526 = VECTOR('',#1527,1.);
#1527 = DIRECTION('',(0.,0.,1.));
#1528 = ORIENTED_EDGE('',*,*,#1285,.F.);
#1529 = ORIENTED_EDGE('',*,*,#1505,.F.);
#1530 = CYLINDRICAL_SURFACE('',#1531,0.5);
#1531 = AXIS2_PLACEMENT_3D('',#1532,#1533,#1534);
#1532 = CARTESIAN_POINT('',(58.49999934,24.599995,0.));
#1533 = DIRECTION('',(-0.,0.,-1.));
#1534 = DIRECTION('',(1.,0.,0.));
#1535 = ADVANCED_FACE('',(#1536),#1547,.F.);
#1536 = FACE_BOUND('',#1537,.F.);
#1537 = EDGE_LOOP('',(#1538,#1544,#1545,#1546));
#1538 = ORIENTED_EDGE('',*,*,#1539,.T.);
#1539 = EDGE_CURVE('',#656,#1269,#1540,.T.);
#1540 = LINE('',#1541,#1542);
#1541 = CARTESIAN_POINT('',(58.99999934,24.699995,0.));
#1542 = VECTOR('',#1543,1.);
#1543 = DIRECTION('',(0.,0.,1.));
#1544 = ORIENTED_EDGE('',*,*,#1277,.T.);
#1545 = ORIENTED_EDGE('',*,*,#1523,.F.);
#1546 = ORIENTED_EDGE('',*,*,#664,.F.);
#1547 = PLANE('',#1548);
#1548 = AXIS2_PLACEMENT_3D('',#1549,#1550,#1551);
#1549 = CARTESIAN_POINT('',(58.99999934,24.699995,0.));
#1550 = DIRECTION('',(1.,0.,-0.));
#1551 = DIRECTION('',(0.,-1.,0.));
#1552 = ADVANCED_FACE('',(#1553),#1564,.T.);
#1553 = FACE_BOUND('',#1554,.T.);
#1554 = EDGE_LOOP('',(#1555,#1556,#1557,#1558));
#1555 = ORIENTED_EDGE('',*,*,#655,.T.);
#1556 = ORIENTED_EDGE('',*,*,#1539,.T.);
#1557 = ORIENTED_EDGE('',*,*,#1268,.F.);
#1558 = ORIENTED_EDGE('',*,*,#1559,.F.);
#1559 = EDGE_CURVE('',#648,#1261,#1560,.T.);
#1560 = LINE('',#1561,#1562);
#1561 = CARTESIAN_POINT('',(59.29999934,24.999995,0.));
#1562 = VECTOR('',#1563,1.);
#1563 = DIRECTION('',(0.,0.,1.));
#1564 = CYLINDRICAL_SURFACE('',#1565,0.3);
#1565 = AXIS2_PLACEMENT_3D('',#1566,#1567,#1568);
#1566 = CARTESIAN_POINT('',(59.29999934,24.699995,0.));
#1567 = DIRECTION('',(-0.,0.,-1.));
#1568 = DIRECTION('',(1.,0.,0.));
#1569 = ADVANCED_FACE('',(#1570),#1581,.T.);
#1570 = FACE_BOUND('',#1571,.T.);
#1571 = EDGE_LOOP('',(#1572,#1573,#1574,#1580));
#1572 = ORIENTED_EDGE('',*,*,#1559,.T.);
#1573 = ORIENTED_EDGE('',*,*,#1260,.T.);
#1574 = ORIENTED_EDGE('',*,*,#1575,.F.);
#1575 = EDGE_CURVE('',#639,#1252,#1576,.T.);
#1576 = LINE('',#1577,#1578);
#1577 = CARTESIAN_POINT('',(59.99999934,24.999995,0.));
#1578 = VECTOR('',#1579,1.);
#1579 = DIRECTION('',(0.,0.,1.));
#1580 = ORIENTED_EDGE('',*,*,#647,.F.);
#1581 = PLANE('',#1582);
#1582 = AXIS2_PLACEMENT_3D('',#1583,#1584,#1585);
#1583 = CARTESIAN_POINT('',(59.29999934,24.999995,0.));
#1584 = DIRECTION('',(0.,1.,0.));
#1585 = DIRECTION('',(1.,0.,0.));
#1586 = ADVANCED_FACE('',(#1587),#1598,.T.);
#1587 = FACE_BOUND('',#1588,.T.);
#1588 = EDGE_LOOP('',(#1589,#1590,#1591,#1592));
#1589 = ORIENTED_EDGE('',*,*,#638,.T.);
#1590 = ORIENTED_EDGE('',*,*,#1575,.T.);
#1591 = ORIENTED_EDGE('',*,*,#1251,.F.);
#1592 = ORIENTED_EDGE('',*,*,#1593,.F.);
#1593 = EDGE_CURVE('',#631,#1244,#1594,.T.);
#1594 = LINE('',#1595,#1596);
#1595 = CARTESIAN_POINT('',(69.99999934,14.999995,0.));
#1596 = VECTOR('',#1597,1.);
#1597 = DIRECTION('',(0.,0.,1.));
#1598 = CYLINDRICAL_SURFACE('',#1599,10.);
#1599 = AXIS2_PLACEMENT_3D('',#1600,#1601,#1602);
#1600 = CARTESIAN_POINT('',(59.99999934,14.999995,0.));
#1601 = DIRECTION('',(-0.,0.,-1.));
#1602 = DIRECTION('',(1.,0.,0.));
#1603 = ADVANCED_FACE('',(#1604),#1615,.T.);
#1604 = FACE_BOUND('',#1605,.T.);
#1605 = EDGE_LOOP('',(#1606,#1607,#1608,#1614));
#1606 = ORIENTED_EDGE('',*,*,#1593,.T.);
#1607 = ORIENTED_EDGE('',*,*,#1243,.T.);
#1608 = ORIENTED_EDGE('',*,*,#1609,.F.);
#1609 = EDGE_CURVE('',#622,#1235,#1610,.T.);
#1610 = LINE('',#1611,#1612);
#1611 = CARTESIAN_POINT('',(69.99999934,9.9995E-02,0.));
#1612 = VECTOR('',#1613,1.);
#1613 = DIRECTION('',(0.,0.,1.));
#1614 = ORIENTED_EDGE('',*,*,#630,.F.);
#1615 = PLANE('',#1616);
#1616 = AXIS2_PLACEMENT_3D('',#1617,#1618,#1619);
#1617 = CARTESIAN_POINT('',(69.99999934,14.999995,0.));
#1618 = DIRECTION('',(1.,0.,-0.));
#1619 = DIRECTION('',(0.,-1.,0.));
#1620 = ADVANCED_FACE('',(#1621),#1632,.T.);
#1621 = FACE_BOUND('',#1622,.T.);
#1622 = EDGE_LOOP('',(#1623,#1624,#1625,#1626));
#1623 = ORIENTED_EDGE('',*,*,#621,.T.);
#1624 = ORIENTED_EDGE('',*,*,#1609,.T.);
#1625 = ORIENTED_EDGE('',*,*,#1234,.F.);
#1626 = ORIENTED_EDGE('',*,*,#1627,.F.);
#1627 = EDGE_CURVE('',#614,#1227,#1628,.T.);
#1628 = LINE('',#1629,#1630);
#1629 = CARTESIAN_POINT('',(69.89999934,-5.000000000003E-06,0.));
#1630 = VECTOR('',#1631,1.);
#1631 = DIRECTION('',(0.,0.,1.));
#1632 = CYLINDRICAL_SURFACE('',#1633,0.1);
#1633 = AXIS2_PLACEMENT_3D('',#1634,#1635,#1636);
#1634 = CARTESIAN_POINT('',(69.89999934,9.9995E-02,0.));
#1635 = DIRECTION('',(-0.,0.,-1.));
#1636 = DIRECTION('',(1.,0.,0.));
#1637 = ADVANCED_FACE('',(#1638),#1649,.T.);
#1638 = FACE_BOUND('',#1639,.T.);
#1639 = EDGE_LOOP('',(#1640,#1641,#1642,#1648));
#1640 = ORIENTED_EDGE('',*,*,#1627,.T.);
#1641 = ORIENTED_EDGE('',*,*,#1226,.T.);
#1642 = ORIENTED_EDGE('',*,*,#1643,.F.);
#1643 = EDGE_CURVE('',#606,#1219,#1644,.T.);
#1644 = LINE('',#1645,#1646);
#1645 = CARTESIAN_POINT('',(68.69999934,-5.000000000016E-06,0.));
#1646 = VECTOR('',#1647,1.);
#1647 = DIRECTION('',(0.,0.,1.));
#1648 = ORIENTED_EDGE('',*,*,#613,.F.);
#1649 = PLANE('',#1650);
#1650 = AXIS2_PLACEMENT_3D('',#1651,#1652,#1653);
#1651 = CARTESIAN_POINT('',(69.89999934,-5.E-06,0.));
#1652 = DIRECTION('',(0.,-1.,0.));
#1653 = DIRECTION('',(-1.,0.,0.));
#1654 = ADVANCED_FACE('',(#1655),#1666,.F.);
#1655 = FACE_BOUND('',#1656,.F.);
#1656 = EDGE_LOOP('',(#1657,#1663,#1664,#1665));
#1657 = ORIENTED_EDGE('',*,*,#1658,.T.);
#1658 = EDGE_CURVE('',#597,#1210,#1659,.T.);
#1659 = LINE('',#1660,#1661);
#1660 = CARTESIAN_POINT('',(68.69999934,0.699995,0.));
#1661 = VECTOR('',#1662,1.);
#1662 = DIRECTION('',(0.,0.,1.));
#1663 = ORIENTED_EDGE('',*,*,#1218,.T.);
#1664 = ORIENTED_EDGE('',*,*,#1643,.F.);
#1665 = ORIENTED_EDGE('',*,*,#605,.F.);
#1666 = PLANE('',#1667);
#1667 = AXIS2_PLACEMENT_3D('',#1668,#1669,#1670);
#1668 = CARTESIAN_POINT('',(68.69999934,0.699995,0.));
#1669 = DIRECTION('',(1.,0.,-0.));
#1670 = DIRECTION('',(0.,-1.,0.));
#1671 = ADVANCED_FACE('',(#1672),#1683,.F.);
#1672 = FACE_BOUND('',#1673,.F.);
#1673 = EDGE_LOOP('',(#1674,#1675,#1681,#1682));
#1674 = ORIENTED_EDGE('',*,*,#596,.T.);
#1675 = ORIENTED_EDGE('',*,*,#1676,.T.);
#1676 = EDGE_CURVE('',#589,#1202,#1677,.T.);
#1677 = LINE('',#1678,#1679);
#1678 = CARTESIAN_POINT('',(68.19999934,1.199995,0.));
#1679 = VECTOR('',#1680,1.);
#1680 = DIRECTION('',(0.,0.,1.));
#1681 = ORIENTED_EDGE('',*,*,#1209,.F.);
#1682 = ORIENTED_EDGE('',*,*,#1658,.F.);
#1683 = CYLINDRICAL_SURFACE('',#1684,0.5);
#1684 = AXIS2_PLACEMENT_3D('',#1685,#1686,#1687);
#1685 = CARTESIAN_POINT('',(68.19999934,0.699995,0.));
#1686 = DIRECTION('',(-0.,0.,-1.));
#1687 = DIRECTION('',(1.,0.,0.));
#1688 = ADVANCED_FACE('',(#1689),#1700,.F.);
#1689 = FACE_BOUND('',#1690,.F.);
#1690 = EDGE_LOOP('',(#1691,#1697,#1698,#1699));
#1691 = ORIENTED_EDGE('',*,*,#1692,.T.);
#1692 = EDGE_CURVE('',#580,#1193,#1693,.T.);
#1693 = LINE('',#1694,#1695);
#1694 = CARTESIAN_POINT('',(67.89999934,1.199995,0.));
#1695 = VECTOR('',#1696,1.);
#1696 = DIRECTION('',(0.,0.,1.));
#1697 = ORIENTED_EDGE('',*,*,#1201,.T.);
#1698 = ORIENTED_EDGE('',*,*,#1676,.F.);
#1699 = ORIENTED_EDGE('',*,*,#588,.F.);
#1700 = PLANE('',#1701);
#1701 = AXIS2_PLACEMENT_3D('',#1702,#1703,#1704);
#1702 = CARTESIAN_POINT('',(67.89999934,1.199995,0.));
#1703 = DIRECTION('',(0.,1.,0.));
#1704 = DIRECTION('',(1.,0.,0.));
#1705 = ADVANCED_FACE('',(#1706),#1717,.F.);
#1706 = FACE_BOUND('',#1707,.F.);
#1707 = EDGE_LOOP('',(#1708,#1709,#1715,#1716));
#1708 = ORIENTED_EDGE('',*,*,#579,.T.);
#1709 = ORIENTED_EDGE('',*,*,#1710,.T.);
#1710 = EDGE_CURVE('',#572,#1185,#1711,.T.);
#1711 = LINE('',#1712,#1713);
#1712 = CARTESIAN_POINT('',(67.39999934,0.699995,0.));
#1713 = VECTOR('',#1714,1.);
#1714 = DIRECTION('',(0.,0.,1.));
#1715 = ORIENTED_EDGE('',*,*,#1192,.F.);
#1716 = ORIENTED_EDGE('',*,*,#1692,.F.);
#1717 = CYLINDRICAL_SURFACE('',#1718,0.5);
#1718 = AXIS2_PLACEMENT_3D('',#1719,#1720,#1721);
#1719 = CARTESIAN_POINT('',(67.89999934,0.699995,0.));
#1720 = DIRECTION('',(-0.,0.,-1.));
#1721 = DIRECTION('',(1.,0.,0.));
#1722 = ADVANCED_FACE('',(#1723),#1734,.F.);
#1723 = FACE_BOUND('',#1724,.F.);
#1724 = EDGE_LOOP('',(#1725,#1731,#1732,#1733));
#1725 = ORIENTED_EDGE('',*,*,#1726,.T.);
#1726 = EDGE_CURVE('',#564,#1177,#1727,.T.);
#1727 = LINE('',#1728,#1729);
#1728 = CARTESIAN_POINT('',(67.39999934,-5.E-06,0.));
#1729 = VECTOR('',#1730,1.);
#1730 = DIRECTION('',(0.,0.,1.));
#1731 = ORIENTED_EDGE('',*,*,#1184,.T.);
#1732 = ORIENTED_EDGE('',*,*,#1710,.F.);
#1733 = ORIENTED_EDGE('',*,*,#571,.F.);
#1734 = PLANE('',#1735);
#1735 = AXIS2_PLACEMENT_3D('',#1736,#1737,#1738);
#1736 = CARTESIAN_POINT('',(67.39999934,-5.E-06,0.));
#1737 = DIRECTION('',(-1.,0.,0.));
#1738 = DIRECTION('',(0.,1.,0.));
#1739 = ADVANCED_FACE('',(#1740),#1751,.T.);
#1740 = FACE_BOUND('',#1741,.T.);
#1741 = EDGE_LOOP('',(#1742,#1743,#1744,#1750));
#1742 = ORIENTED_EDGE('',*,*,#1726,.T.);
#1743 = ORIENTED_EDGE('',*,*,#1176,.T.);
#1744 = ORIENTED_EDGE('',*,*,#1745,.F.);
#1745 = EDGE_CURVE('',#555,#1168,#1746,.T.);
#1746 = LINE('',#1747,#1748);
#1747 = CARTESIAN_POINT('',(66.19999934,-5.000000000003E-06,0.));
#1748 = VECTOR('',#1749,1.);
#1749 = DIRECTION('',(0.,0.,1.));
#1750 = ORIENTED_EDGE('',*,*,#563,.F.);
#1751 = PLANE('',#1752);
#1752 = AXIS2_PLACEMENT_3D('',#1753,#1754,#1755);
#1753 = CARTESIAN_POINT('',(67.39999934,-5.E-06,0.));
#1754 = DIRECTION('',(0.,-1.,0.));
#1755 = DIRECTION('',(-1.,0.,0.));
#1756 = ADVANCED_FACE('',(#1757),#1768,.T.);
#1757 = FACE_BOUND('',#1758,.T.);
#1758 = EDGE_LOOP('',(#1759,#1760,#1761,#1762));
#1759 = ORIENTED_EDGE('',*,*,#554,.T.);
#1760 = ORIENTED_EDGE('',*,*,#1745,.T.);
#1761 = ORIENTED_EDGE('',*,*,#1167,.F.);
#1762 = ORIENTED_EDGE('',*,*,#1763,.F.);
#1763 = EDGE_CURVE('',#547,#1160,#1764,.T.);
#1764 = LINE('',#1765,#1766);
#1765 = CARTESIAN_POINT('',(66.09999934,9.9995E-02,0.));
#1766 = VECTOR('',#1767,1.);
#1767 = DIRECTION('',(0.,0.,1.));
#1768 = CYLINDRICAL_SURFACE('',#1769,0.1);
#1769 = AXIS2_PLACEMENT_3D('',#1770,#1771,#1772);
#1770 = CARTESIAN_POINT('',(66.19999934,9.9995E-02,0.));
#1771 = DIRECTION('',(-0.,0.,-1.));
#1772 = DIRECTION('',(1.,0.,0.));
#1773 = ADVANCED_FACE('',(#1774),#1785,.F.);
#1774 = FACE_BOUND('',#1775,.F.);
#1775 = EDGE_LOOP('',(#1776,#1782,#1783,#1784));
#1776 = ORIENTED_EDGE('',*,*,#1777,.T.);
#1777 = EDGE_CURVE('',#538,#1151,#1778,.T.);
#1778 = LINE('',#1779,#1780);
#1779 = CARTESIAN_POINT('',(66.09999934,1.40249656,0.));
#1780 = VECTOR('',#1781,1.);
#1781 = DIRECTION('',(0.,0.,1.));
#1782 = ORIENTED_EDGE('',*,*,#1159,.T.);
#1783 = ORIENTED_EDGE('',*,*,#1763,.F.);
#1784 = ORIENTED_EDGE('',*,*,#546,.F.);
#1785 = PLANE('',#1786);
#1786 = AXIS2_PLACEMENT_3D('',#1787,#1788,#1789);
#1787 = CARTESIAN_POINT('',(66.09999934,1.40249656,0.));
#1788 = DIRECTION('',(1.,0.,-0.));
#1789 = DIRECTION('',(0.,-1.,0.));
#1790 = ADVANCED_FACE('',(#1791),#1802,.T.);
#1791 = FACE_BOUND('',#1792,.T.);
#1792 = EDGE_LOOP('',(#1793,#1794,#1795,#1796));
#1793 = ORIENTED_EDGE('',*,*,#537,.T.);
#1794 = ORIENTED_EDGE('',*,*,#1777,.T.);
#1795 = ORIENTED_EDGE('',*,*,#1150,.F.);
#1796 = ORIENTED_EDGE('',*,*,#1797,.F.);
#1797 = EDGE_CURVE('',#530,#1143,#1798,.T.);
#1798 = LINE('',#1799,#1800);
#1799 = CARTESIAN_POINT('',(67.999999340091,3.399994995548,0.));
#1800 = VECTOR('',#1801,1.);
#1801 = DIRECTION('',(0.,0.,1.));
#1802 = CYLINDRICAL_SURFACE('',#1803,2.);
#1803 = AXIS2_PLACEMENT_3D('',#1804,#1805,#1806);
#1804 = CARTESIAN_POINT('',(68.09999934,1.40249656,0.));
#1805 = DIRECTION('',(-0.,0.,-1.));
#1806 = DIRECTION('',(1.,0.,0.));
#1807 = ADVANCED_FACE('',(#1808),#1819,.F.);
#1808 = FACE_BOUND('',#1809,.F.);
#1809 = EDGE_LOOP('',(#1810,#1816,#1817,#1818));
#1810 = ORIENTED_EDGE('',*,*,#1811,.T.);
#1811 = EDGE_CURVE('',#522,#1135,#1812,.T.);
#1812 = LINE('',#1813,#1814);
#1813 = CARTESIAN_POINT('',(67.99999934,6.499995,0.));
#1814 = VECTOR('',#1815,1.);
#1815 = DIRECTION('',(0.,0.,1.));
#1816 = ORIENTED_EDGE('',*,*,#1142,.T.);
#1817 = ORIENTED_EDGE('',*,*,#1797,.F.);
#1818 = ORIENTED_EDGE('',*,*,#529,.F.);
#1819 = PLANE('',#1820);
#1820 = AXIS2_PLACEMENT_3D('',#1821,#1822,#1823);
#1821 = CARTESIAN_POINT('',(67.99999934,6.499995,0.));
#1822 = DIRECTION('',(1.,2.922393505784E-11,-0.));
#1823 = DIRECTION('',(2.922393505784E-11,-1.,0.));
#1824 = ADVANCED_FACE('',(#1825),#1836,.F.);
#1825 = FACE_BOUND('',#1826,.F.);
#1826 = EDGE_LOOP('',(#1827,#1833,#1834,#1835));
#1827 = ORIENTED_EDGE('',*,*,#1828,.T.);
#1828 = EDGE_CURVE('',#514,#1127,#1829,.T.);
#1829 = LINE('',#1830,#1831);
#1830 = CARTESIAN_POINT('',(65.99999934,6.499995,0.));
#1831 = VECTOR('',#1832,1.);
#1832 = DIRECTION('',(0.,0.,1.));
#1833 = ORIENTED_EDGE('',*,*,#1134,.T.);
#1834 = ORIENTED_EDGE('',*,*,#1811,.F.);
#1835 = ORIENTED_EDGE('',*,*,#521,.F.);
#1836 = PLANE('',#1837);
#1837 = AXIS2_PLACEMENT_3D('',#1838,#1839,#1840);
#1838 = CARTESIAN_POINT('',(65.99999934,6.499995,0.));
#1839 = DIRECTION('',(0.,1.,0.));
#1840 = DIRECTION('',(1.,0.,0.));
#1841 = ADVANCED_FACE('',(#1842),#1853,.F.);
#1842 = FACE_BOUND('',#1843,.F.);
#1843 = EDGE_LOOP('',(#1844,#1850,#1851,#1852));
#1844 = ORIENTED_EDGE('',*,*,#1845,.T.);
#1845 = EDGE_CURVE('',#506,#1119,#1846,.T.);
#1846 = LINE('',#1847,#1848);
#1847 = CARTESIAN_POINT('',(65.99999934,7.999995,0.));
#1848 = VECTOR('',#1849,1.);
#1849 = DIRECTION('',(0.,0.,1.));
#1850 = ORIENTED_EDGE('',*,*,#1126,.T.);
#1851 = ORIENTED_EDGE('',*,*,#1828,.F.);
#1852 = ORIENTED_EDGE('',*,*,#513,.F.);
#1853 = PLANE('',#1854);
#1854 = AXIS2_PLACEMENT_3D('',#1855,#1856,#1857);
#1855 = CARTESIAN_POINT('',(65.99999934,7.999995,0.));
#1856 = DIRECTION('',(1.,0.,-0.));
#1857 = DIRECTION('',(0.,-1.,0.));
#1858 = ADVANCED_FACE('',(#1859),#1870,.F.);
#1859 = FACE_BOUND('',#1860,.F.);
#1860 = EDGE_LOOP('',(#1861,#1867,#1868,#1869));
#1861 = ORIENTED_EDGE('',*,*,#1862,.T.);
#1862 = EDGE_CURVE('',#498,#1111,#1863,.T.);
#1863 = LINE('',#1864,#1865);
#1864 = CARTESIAN_POINT('',(67.99999934,7.999995,0.));
#1865 = VECTOR('',#1866,1.);
#1866 = DIRECTION('',(0.,0.,1.));
#1867 = ORIENTED_EDGE('',*,*,#1118,.T.);
#1868 = ORIENTED_EDGE('',*,*,#1845,.F.);
#1869 = ORIENTED_EDGE('',*,*,#505,.F.);
#1870 = PLANE('',#1871);
#1871 = AXIS2_PLACEMENT_3D('',#1872,#1873,#1874);
#1872 = CARTESIAN_POINT('',(67.99999934,7.999995,0.));
#1873 = DIRECTION('',(0.,-1.,0.));
#1874 = DIRECTION('',(-1.,0.,0.));
#1875 = ADVANCED_FACE('',(#1876),#1887,.F.);
#1876 = FACE_BOUND('',#1877,.F.);
#1877 = EDGE_LOOP('',(#1878,#1884,#1885,#1886));
#1878 = ORIENTED_EDGE('',*,*,#1879,.T.);
#1879 = EDGE_CURVE('',#490,#1103,#1880,.T.);
#1880 = LINE('',#1881,#1882);
#1881 = CARTESIAN_POINT('',(67.99999934,9.999995,0.));
#1882 = VECTOR('',#1883,1.);
#1883 = DIRECTION('',(0.,0.,1.));
#1884 = ORIENTED_EDGE('',*,*,#1110,.T.);
#1885 = ORIENTED_EDGE('',*,*,#1862,.F.);
#1886 = ORIENTED_EDGE('',*,*,#497,.F.);
#1887 = PLANE('',#1888);
#1888 = AXIS2_PLACEMENT_3D('',#1889,#1890,#1891);
#1889 = CARTESIAN_POINT('',(67.99999934,9.999995,0.));
#1890 = DIRECTION('',(1.,0.,-0.));
#1891 = DIRECTION('',(0.,-1.,0.));
#1892 = ADVANCED_FACE('',(#1893),#1904,.F.);
#1893 = FACE_BOUND('',#1894,.F.);
#1894 = EDGE_LOOP('',(#1895,#1901,#1902,#1903));
#1895 = ORIENTED_EDGE('',*,*,#1896,.T.);
#1896 = EDGE_CURVE('',#482,#1095,#1897,.T.);
#1897 = LINE('',#1898,#1899);
#1898 = CARTESIAN_POINT('',(65.99999934,9.999995,0.));
#1899 = VECTOR('',#1900,1.);
#1900 = DIRECTION('',(0.,0.,1.));
#1901 = ORIENTED_EDGE('',*,*,#1102,.T.);
#1902 = ORIENTED_EDGE('',*,*,#1879,.F.);
#1903 = ORIENTED_EDGE('',*,*,#489,.F.);
#1904 = PLANE('',#1905);
#1905 = AXIS2_PLACEMENT_3D('',#1906,#1907,#1908);
#1906 = CARTESIAN_POINT('',(65.99999934,9.999995,0.));
#1907 = DIRECTION('',(0.,1.,0.));
#1908 = DIRECTION('',(1.,0.,0.));
#1909 = ADVANCED_FACE('',(#1910),#1921,.F.);
#1910 = FACE_BOUND('',#1911,.F.);
#1911 = EDGE_LOOP('',(#1912,#1918,#1919,#1920));
#1912 = ORIENTED_EDGE('',*,*,#1913,.T.);
#1913 = EDGE_CURVE('',#474,#1087,#1914,.T.);
#1914 = LINE('',#1915,#1916);
#1915 = CARTESIAN_POINT('',(65.99999934,11.499995,0.));
#1916 = VECTOR('',#1917,1.);
#1917 = DIRECTION('',(0.,0.,1.));
#1918 = ORIENTED_EDGE('',*,*,#1094,.T.);
#1919 = ORIENTED_EDGE('',*,*,#1896,.F.);
#1920 = ORIENTED_EDGE('',*,*,#481,.F.);
#1921 = PLANE('',#1922);
#1922 = AXIS2_PLACEMENT_3D('',#1923,#1924,#1925);
#1923 = CARTESIAN_POINT('',(65.99999934,11.499995,0.));
#1924 = DIRECTION('',(1.,0.,-0.));
#1925 = DIRECTION('',(0.,-1.,0.));
#1926 = ADVANCED_FACE('',(#1927),#1938,.F.);
#1927 = FACE_BOUND('',#1928,.F.);
#1928 = EDGE_LOOP('',(#1929,#1935,#1936,#1937));
#1929 = ORIENTED_EDGE('',*,*,#1930,.T.);
#1930 = EDGE_CURVE('',#466,#1079,#1931,.T.);
#1931 = LINE('',#1932,#1933);
#1932 = CARTESIAN_POINT('',(67.99999934,11.499995,0.));
#1933 = VECTOR('',#1934,1.);
#1934 = DIRECTION('',(0.,0.,1.));
#1935 = ORIENTED_EDGE('',*,*,#1086,.T.);
#1936 = ORIENTED_EDGE('',*,*,#1913,.F.);
#1937 = ORIENTED_EDGE('',*,*,#473,.F.);
#1938 = PLANE('',#1939);
#1939 = AXIS2_PLACEMENT_3D('',#1940,#1941,#1942);
#1940 = CARTESIAN_POINT('',(67.99999934,11.499995,0.));
#1941 = DIRECTION('',(0.,-1.,0.));
#1942 = DIRECTION('',(-1.,0.,0.));
#1943 = ADVANCED_FACE('',(#1944),#1955,.F.);
#1944 = FACE_BOUND('',#1945,.F.);
#1945 = EDGE_LOOP('',(#1946,#1952,#1953,#1954));
#1946 = ORIENTED_EDGE('',*,*,#1947,.T.);
#1947 = EDGE_CURVE('',#458,#1071,#1948,.T.);
#1948 = LINE('',#1949,#1950);
#1949 = CARTESIAN_POINT('',(67.99999934,13.499995,0.));
#1950 = VECTOR('',#1951,1.);
#1951 = DIRECTION('',(0.,0.,1.));
#1952 = ORIENTED_EDGE('',*,*,#1078,.T.);
#1953 = ORIENTED_EDGE('',*,*,#1930,.F.);
#1954 = ORIENTED_EDGE('',*,*,#465,.F.);
#1955 = PLANE('',#1956);
#1956 = AXIS2_PLACEMENT_3D('',#1957,#1958,#1959);
#1957 = CARTESIAN_POINT('',(67.99999934,13.499995,0.));
#1958 = DIRECTION('',(1.,0.,-0.));
#1959 = DIRECTION('',(0.,-1.,0.));
#1960 = ADVANCED_FACE('',(#1961),#1972,.F.);
#1961 = FACE_BOUND('',#1962,.F.);
#1962 = EDGE_LOOP('',(#1963,#1969,#1970,#1971));
#1963 = ORIENTED_EDGE('',*,*,#1964,.T.);
#1964 = EDGE_CURVE('',#450,#1063,#1965,.T.);
#1965 = LINE('',#1966,#1967);
#1966 = CARTESIAN_POINT('',(65.99999934,13.499995,0.));
#1967 = VECTOR('',#1968,1.);
#1968 = DIRECTION('',(0.,0.,1.));
#1969 = ORIENTED_EDGE('',*,*,#1070,.T.);
#1970 = ORIENTED_EDGE('',*,*,#1947,.F.);
#1971 = ORIENTED_EDGE('',*,*,#457,.F.);
#1972 = PLANE('',#1973);
#1973 = AXIS2_PLACEMENT_3D('',#1974,#1975,#1976);
#1974 = CARTESIAN_POINT('',(65.99999934,13.499995,0.));
#1975 = DIRECTION('',(0.,1.,0.));
#1976 = DIRECTION('',(1.,0.,0.));
#1977 = ADVANCED_FACE('',(#1978),#1989,.F.);
#1978 = FACE_BOUND('',#1979,.F.);
#1979 = EDGE_LOOP('',(#1980,#1986,#1987,#1988));
#1980 = ORIENTED_EDGE('',*,*,#1981,.T.);
#1981 = EDGE_CURVE('',#442,#1055,#1982,.T.);
#1982 = LINE('',#1983,#1984);
#1983 = CARTESIAN_POINT('',(65.99999934,14.999995,0.));
#1984 = VECTOR('',#1985,1.);
#1985 = DIRECTION('',(0.,0.,1.));
#1986 = ORIENTED_EDGE('',*,*,#1062,.T.);
#1987 = ORIENTED_EDGE('',*,*,#1964,.F.);
#1988 = ORIENTED_EDGE('',*,*,#449,.F.);
#1989 = PLANE('',#1990);
#1990 = AXIS2_PLACEMENT_3D('',#1991,#1992,#1993);
#1991 = CARTESIAN_POINT('',(65.99999934,14.999995,0.));
#1992 = DIRECTION('',(1.,0.,-0.));
#1993 = DIRECTION('',(0.,-1.,0.));
#1994 = ADVANCED_FACE('',(#1995),#2006,.F.);
#1995 = FACE_BOUND('',#1996,.F.);
#1996 = EDGE_LOOP('',(#1997,#2003,#2004,#2005));
#1997 = ORIENTED_EDGE('',*,*,#1998,.T.);
#1998 = EDGE_CURVE('',#434,#1047,#1999,.T.);
#1999 = LINE('',#2000,#2001);
#2000 = CARTESIAN_POINT('',(67.99999934,14.999995,0.));
#2001 = VECTOR('',#2002,1.);
#2002 = DIRECTION('',(0.,0.,1.));
#2003 = ORIENTED_EDGE('',*,*,#1054,.T.);
#2004 = ORIENTED_EDGE('',*,*,#1981,.F.);
#2005 = ORIENTED_EDGE('',*,*,#441,.F.);
#2006 = PLANE('',#2007);
#2007 = AXIS2_PLACEMENT_3D('',#2008,#2009,#2010);
#2008 = CARTESIAN_POINT('',(67.99999934,14.999995,0.));
#2009 = DIRECTION('',(0.,-1.,0.));
#2010 = DIRECTION('',(-1.,0.,0.));
#2011 = ADVANCED_FACE('',(#2012),#2023,.F.);
#2012 = FACE_BOUND('',#2013,.F.);
#2013 = EDGE_LOOP('',(#2014,#2020,#2021,#2022));
#2014 = ORIENTED_EDGE('',*,*,#2015,.T.);
#2015 = EDGE_CURVE('',#426,#1039,#2016,.T.);
#2016 = LINE('',#2017,#2018);
#2017 = CARTESIAN_POINT('',(67.99999934,16.999995,0.));
#2018 = VECTOR('',#2019,1.);
#2019 = DIRECTION('',(0.,0.,1.));
#2020 = ORIENTED_EDGE('',*,*,#1046,.T.);
#2021 = ORIENTED_EDGE('',*,*,#1998,.F.);
#2022 = ORIENTED_EDGE('',*,*,#433,.F.);
#2023 = PLANE('',#2024);
#2024 = AXIS2_PLACEMENT_3D('',#2025,#2026,#2027);
#2025 = CARTESIAN_POINT('',(67.99999934,16.999995,0.));
#2026 = DIRECTION('',(1.,0.,-0.));
#2027 = DIRECTION('',(0.,-1.,0.));
#2028 = ADVANCED_FACE('',(#2029),#2040,.F.);
#2029 = FACE_BOUND('',#2030,.F.);
#2030 = EDGE_LOOP('',(#2031,#2037,#2038,#2039));
#2031 = ORIENTED_EDGE('',*,*,#2032,.T.);
#2032 = EDGE_CURVE('',#417,#1030,#2033,.T.);
#2033 = LINE('',#2034,#2035);
#2034 = CARTESIAN_POINT('',(63.45679684,16.999995,0.));
#2035 = VECTOR('',#2036,1.);
#2036 = DIRECTION('',(0.,0.,1.));
#2037 = ORIENTED_EDGE('',*,*,#1038,.T.);
#2038 = ORIENTED_EDGE('',*,*,#2015,.F.);
#2039 = ORIENTED_EDGE('',*,*,#425,.F.);
#2040 = PLANE('',#2041);
#2041 = AXIS2_PLACEMENT_3D('',#2042,#2043,#2044);
#2042 = CARTESIAN_POINT('',(63.45679684,16.999995,0.));
#2043 = DIRECTION('',(0.,1.,0.));
#2044 = DIRECTION('',(1.,0.,0.));
#2045 = ADVANCED_FACE('',(#2046),#2057,.T.);
#2046 = FACE_BOUND('',#2047,.T.);
#2047 = EDGE_LOOP('',(#2048,#2049,#2050,#2051));
#2048 = ORIENTED_EDGE('',*,*,#416,.T.);
#2049 = ORIENTED_EDGE('',*,*,#2032,.T.);
#2050 = ORIENTED_EDGE('',*,*,#1029,.F.);
#2051 = ORIENTED_EDGE('',*,*,#2052,.F.);
#2052 = EDGE_CURVE('',#409,#1022,#2053,.T.);
#2053 = LINE('',#2054,#2055);
#2054 = CARTESIAN_POINT('',(63.263611674733,17.251758808987,0.));
#2055 = VECTOR('',#2056,1.);
#2056 = DIRECTION('',(0.,0.,1.));
#2057 = CYLINDRICAL_SURFACE('',#2058,0.2);
#2058 = AXIS2_PLACEMENT_3D('',#2059,#2060,#2061);
#2059 = CARTESIAN_POINT('',(63.45679684,17.199995,0.));
#2060 = DIRECTION('',(-0.,0.,-1.));
#2061 = DIRECTION('',(1.,0.,0.));
#2062 = ADVANCED_FACE('',(#2063),#2122,.F.);
#2063 = FACE_BOUND('',#2064,.F.);
#2064 = EDGE_LOOP('',(#2065,#2066,#2074,#2082,#2090,#2098,#2106,#2114,
    #2120,#2121));
#2065 = ORIENTED_EDGE('',*,*,#408,.F.);
#2066 = ORIENTED_EDGE('',*,*,#2067,.F.);
#2067 = EDGE_CURVE('',#2068,#400,#2070,.T.);
#2068 = VERTEX_POINT('',#2069);
#2069 = CARTESIAN_POINT('',(63.560008251763,18.35792588592,5.E-02));
#2070 = LINE('',#2071,#2072);
#2071 = CARTESIAN_POINT('',(64.00000078,19.99999975,1.75));
#2072 = VECTOR('',#2073,1.);
#2073 = DIRECTION('',(-0.183012703086,-0.683012701572,-0.707106781187));
#2074 = ORIENTED_EDGE('',*,*,#2075,.F.);
#2075 = EDGE_CURVE('',#2076,#2068,#2078,.T.);
#2076 = VERTEX_POINT('',#2077);
#2077 = CARTESIAN_POINT('',(63.560008251763,18.35792588592,0.));
#2078 = LINE('',#2079,#2080);
#2079 = CARTESIAN_POINT('',(63.560008251763,18.35792588592,0.));
#2080 = VECTOR('',#2081,1.);
#2081 = DIRECTION('',(-0.,-0.,1.));
#2082 = ORIENTED_EDGE('',*,*,#2083,.F.);
#2083 = EDGE_CURVE('',#2084,#2076,#2086,.T.);
#2084 = VERTEX_POINT('',#2085);
#2085 = CARTESIAN_POINT('',(63.67647554,18.79258772,0.270384300437));
#2086 = LINE('',#2087,#2088);
#2087 = CARTESIAN_POINT('',(64.00000078,19.99999975,1.021463052347));
#2088 = VECTOR('',#2089,1.);
#2089 = DIRECTION('',(-0.221851223708,-0.827960032811,-0.51503807491));
#2090 = ORIENTED_EDGE('',*,*,#2091,.T.);
#2091 = EDGE_CURVE('',#2084,#2092,#2094,.T.);
#2092 = VERTEX_POINT('',#2093);
#2093 = CARTESIAN_POINT('',(63.67647554,18.79258772,109.72961569956));
#2094 = LINE('',#2095,#2096);
#2095 = CARTESIAN_POINT('',(63.67647554,18.79258772,0.));
#2096 = VECTOR('',#2097,1.);
#2097 = DIRECTION('',(0.,0.,1.));
#2098 = ORIENTED_EDGE('',*,*,#2099,.T.);
#2099 = EDGE_CURVE('',#2092,#2100,#2102,.T.);
#2100 = VERTEX_POINT('',#2101);
#2101 = CARTESIAN_POINT('',(63.560008251763,18.35792588592,110.));
#2102 = LINE('',#2103,#2104);
#2103 = CARTESIAN_POINT('',(64.00000078,19.99999975,108.97853694765));
#2104 = VECTOR('',#2105,1.);
#2105 = DIRECTION('',(-0.221851223708,-0.827960032811,0.51503807491));
#2106 = ORIENTED_EDGE('',*,*,#2107,.T.);
#2107 = EDGE_CURVE('',#2100,#2108,#2110,.T.);
#2108 = VERTEX_POINT('',#2109);
#2109 = CARTESIAN_POINT('',(63.560008251763,18.35792588592,109.95));
#2110 = LINE('',#2111,#2112);
#2111 = CARTESIAN_POINT('',(63.560008251763,18.35792588592,110.));
#2112 = VECTOR('',#2113,1.);
#2113 = DIRECTION('',(-0.,-0.,-1.));
#2114 = ORIENTED_EDGE('',*,*,#2115,.T.);
#2115 = EDGE_CURVE('',#2108,#1013,#2116,.T.);
#2116 = LINE('',#2117,#2118);
#2117 = CARTESIAN_POINT('',(64.00000078,19.99999975,108.25));
#2118 = VECTOR('',#2119,1.);
#2119 = DIRECTION('',(-0.183012703086,-0.683012701572,0.707106781187));
#2120 = ORIENTED_EDGE('',*,*,#1021,.T.);
#2121 = ORIENTED_EDGE('',*,*,#2052,.F.);
#2122 = PLANE('',#2123);
#2123 = AXIS2_PLACEMENT_3D('',#2124,#2125,#2126);
#2124 = CARTESIAN_POINT('',(63.67647554,18.79258772,0.));
#2125 = DIRECTION('',(0.965925825837,-0.258819046791,0.));
#2126 = DIRECTION('',(-0.258819046791,-0.965925825837,0.));
#2127 = ADVANCED_FACE('',(#2128),#2148,.F.);
#2128 = FACE_BOUND('',#2129,.F.);
#2129 = EDGE_LOOP('',(#2130,#2131,#2132,#2141));
#2130 = ORIENTED_EDGE('',*,*,#2067,.T.);
#2131 = ORIENTED_EDGE('',*,*,#399,.T.);
#2132 = ORIENTED_EDGE('',*,*,#2133,.F.);
#2133 = EDGE_CURVE('',#2134,#392,#2136,.T.);
#2134 = VERTEX_POINT('',#2135);
#2135 = CARTESIAN_POINT('',(62.357927966513,19.560003300917,5.E-02));
#2136 = HYPERBOLA('',#2137,4.213722869295E-06,4.213722869295E-06);
#2137 = AXIS2_PLACEMENT_3D('',#2138,#2139,#2140);
#2138 = CARTESIAN_POINT('',(64.000001870592,19.999995679856,1.75));
#2139 = DIRECTION('',(-0.258819046436,0.965925825932,0.));
#2140 = DIRECTION('',(0.,0.,-1.));
#2141 = ORIENTED_EDGE('',*,*,#2142,.F.);
#2142 = EDGE_CURVE('',#2068,#2134,#2143,.T.);
#2143 = CIRCLE('',#2144,1.7);
#2144 = AXIS2_PLACEMENT_3D('',#2145,#2146,#2147);
#2145 = CARTESIAN_POINT('',(64.00000078,19.99999975,5.E-02));
#2146 = DIRECTION('',(-0.,0.,1.));
#2147 = DIRECTION('',(4.440892098501E-16,-1.,0.));
#2148 = CONICAL_SURFACE('',#2149,1.7,0.785398163397);
#2149 = AXIS2_PLACEMENT_3D('',#2150,#2151,#2152);
#2150 = CARTESIAN_POINT('',(64.00000078,19.99999975,5.E-02));
#2151 = DIRECTION('',(0.,0.,-1.));
#2152 = DIRECTION('',(0.,-1.,0.));
#2153 = ADVANCED_FACE('',(#2154),#2214,.F.);
#2154 = FACE_BOUND('',#2155,.F.);
#2155 = EDGE_LOOP('',(#2156,#2167,#2173,#2174,#2175,#2181,#2182,#2191,
    #2199,#2208));
#2156 = ORIENTED_EDGE('',*,*,#2157,.T.);
#2157 = EDGE_CURVE('',#2158,#2160,#2162,.T.);
#2158 = VERTEX_POINT('',#2159);
#2159 = CARTESIAN_POINT('',(62.792592057139,19.676471193622,
    0.270385704109));
#2160 = VERTEX_POINT('',#2161);
#2161 = CARTESIAN_POINT('',(62.357927966513,19.560003300917,0.));
#2162 = HYPERBOLA('',#2163,2.531860131655E-06,4.213722869295E-06);
#2163 = AXIS2_PLACEMENT_3D('',#2164,#2165,#2166);
#2164 = CARTESIAN_POINT('',(64.000001870592,19.999995679856,
    1.021463052347));
#2165 = DIRECTION('',(-0.258819046436,0.965925825932,0.));
#2166 = DIRECTION('',(0.,0.,-1.));
#2167 = ORIENTED_EDGE('',*,*,#2168,.T.);
#2168 = EDGE_CURVE('',#2160,#2134,#2169,.T.);
#2169 = LINE('',#2170,#2171);
#2170 = CARTESIAN_POINT('',(62.357927966513,19.560003300917,0.));
#2171 = VECTOR('',#2172,1.);
#2172 = DIRECTION('',(-0.,-0.,1.));
#2173 = ORIENTED_EDGE('',*,*,#2133,.T.);
#2174 = ORIENTED_EDGE('',*,*,#391,.F.);
#2175 = ORIENTED_EDGE('',*,*,#2176,.T.);
#2176 = EDGE_CURVE('',#383,#996,#2177,.T.);
#2177 = LINE('',#2178,#2179);
#2178 = CARTESIAN_POINT('',(61.25176315,19.26360733,0.));
#2179 = VECTOR('',#2180,1.);
#2180 = DIRECTION('',(0.,0.,1.));
#2181 = ORIENTED_EDGE('',*,*,#1004,.T.);
#2182 = ORIENTED_EDGE('',*,*,#2183,.T.);
#2183 = EDGE_CURVE('',#1005,#2184,#2186,.T.);
#2184 = VERTEX_POINT('',#2185);
#2185 = CARTESIAN_POINT('',(62.357927966513,19.560003300917,109.95));
#2186 = HYPERBOLA('',#2187,4.213722869295E-06,4.213722869295E-06);
#2187 = AXIS2_PLACEMENT_3D('',#2188,#2189,#2190);
#2188 = CARTESIAN_POINT('',(64.000001870592,19.999995679856,108.25));
#2189 = DIRECTION('',(-0.258819046436,0.965925825932,0.));
#2190 = DIRECTION('',(0.,0.,1.));
#2191 = ORIENTED_EDGE('',*,*,#2192,.F.);
#2192 = EDGE_CURVE('',#2193,#2184,#2195,.T.);
#2193 = VERTEX_POINT('',#2194);
#2194 = CARTESIAN_POINT('',(62.357927966513,19.560003300917,110.));
#2195 = LINE('',#2196,#2197);
#2196 = CARTESIAN_POINT('',(62.357927966513,19.560003300917,110.));
#2197 = VECTOR('',#2198,1.);
#2198 = DIRECTION('',(-0.,-0.,-1.));
#2199 = ORIENTED_EDGE('',*,*,#2200,.T.);
#2200 = EDGE_CURVE('',#2193,#2201,#2203,.T.);
#2201 = VERTEX_POINT('',#2202);
#2202 = CARTESIAN_POINT('',(62.792592057139,19.676471193622,
    109.72961429589));
#2203 = HYPERBOLA('',#2204,2.531860131655E-06,4.213722869295E-06);
#2204 = AXIS2_PLACEMENT_3D('',#2205,#2206,#2207);
#2205 = CARTESIAN_POINT('',(64.000001870592,19.999995679856,
    108.97853694765));
#2206 = DIRECTION('',(-0.258819046436,0.965925825932,0.));
#2207 = DIRECTION('',(0.,0.,1.));
#2208 = ORIENTED_EDGE('',*,*,#2209,.F.);
#2209 = EDGE_CURVE('',#2158,#2201,#2210,.T.);
#2210 = LINE('',#2211,#2212);
#2211 = CARTESIAN_POINT('',(62.792592057139,19.676471193622,0.));
#2212 = VECTOR('',#2213,1.);
#2213 = DIRECTION('',(0.,0.,1.));
#2214 = PLANE('',#2215);
#2215 = AXIS2_PLACEMENT_3D('',#2216,#2217,#2218);
#2216 = CARTESIAN_POINT('',(61.25176315,19.26360733,0.));
#2217 = DIRECTION('',(-0.258819046436,0.965925825932,0.));
#2218 = DIRECTION('',(0.965925825932,0.258819046436,0.));
#2219 = ADVANCED_FACE('',(#2220),#2231,.T.);
#2220 = FACE_BOUND('',#2221,.T.);
#2221 = EDGE_LOOP('',(#2222,#2223,#2224,#2225));
#2222 = ORIENTED_EDGE('',*,*,#382,.T.);
#2223 = ORIENTED_EDGE('',*,*,#2176,.T.);
#2224 = ORIENTED_EDGE('',*,*,#995,.F.);
#2225 = ORIENTED_EDGE('',*,*,#2226,.F.);
#2226 = EDGE_CURVE('',#375,#988,#2227,.T.);
#2227 = LINE('',#2228,#2229);
#2228 = CARTESIAN_POINT('',(60.99999934,19.4567925,0.));
#2229 = VECTOR('',#2230,1.);
#2230 = DIRECTION('',(0.,0.,1.));
#2231 = CYLINDRICAL_SURFACE('',#2232,0.200000006178);
#2232 = AXIS2_PLACEMENT_3D('',#2233,#2234,#2235);
#2233 = CARTESIAN_POINT('',(61.199999346178,19.456792503047,0.));
#2234 = DIRECTION('',(-0.,0.,-1.));
#2235 = DIRECTION('',(1.,0.,0.));
#2236 = ADVANCED_FACE('',(#2237),#2248,.F.);
#2237 = FACE_BOUND('',#2238,.F.);
#2238 = EDGE_LOOP('',(#2239,#2245,#2246,#2247));
#2239 = ORIENTED_EDGE('',*,*,#2240,.T.);
#2240 = EDGE_CURVE('',#367,#980,#2241,.T.);
#2241 = LINE('',#2242,#2243);
#2242 = CARTESIAN_POINT('',(60.99999934,22.099995,0.));
#2243 = VECTOR('',#2244,1.);
#2244 = DIRECTION('',(0.,0.,1.));
#2245 = ORIENTED_EDGE('',*,*,#987,.T.);
#2246 = ORIENTED_EDGE('',*,*,#2226,.F.);
#2247 = ORIENTED_EDGE('',*,*,#374,.F.);
#2248 = PLANE('',#2249);
#2249 = AXIS2_PLACEMENT_3D('',#2250,#2251,#2252);
#2250 = CARTESIAN_POINT('',(60.99999934,22.099995,0.));
#2251 = DIRECTION('',(1.,0.,-0.));
#2252 = DIRECTION('',(0.,-1.,0.));
#2253 = ADVANCED_FACE('',(#2254),#2265,.F.);
#2254 = FACE_BOUND('',#2255,.F.);
#2255 = EDGE_LOOP('',(#2256,#2262,#2263,#2264));
#2256 = ORIENTED_EDGE('',*,*,#2257,.T.);
#2257 = EDGE_CURVE('',#359,#972,#2258,.T.);
#2258 = LINE('',#2259,#2260);
#2259 = CARTESIAN_POINT('',(-61.00000066,22.099995,0.));
#2260 = VECTOR('',#2261,1.);
#2261 = DIRECTION('',(0.,0.,1.));
#2262 = ORIENTED_EDGE('',*,*,#979,.T.);
#2263 = ORIENTED_EDGE('',*,*,#2240,.F.);
#2264 = ORIENTED_EDGE('',*,*,#366,.F.);
#2265 = PLANE('',#2266);
#2266 = AXIS2_PLACEMENT_3D('',#2267,#2268,#2269);
#2267 = CARTESIAN_POINT('',(-61.00000066,22.099995,0.));
#2268 = DIRECTION('',(0.,1.,0.));
#2269 = DIRECTION('',(1.,0.,0.));
#2270 = ADVANCED_FACE('',(#2271),#2282,.F.);
#2271 = FACE_BOUND('',#2272,.F.);
#2272 = EDGE_LOOP('',(#2273,#2279,#2280,#2281));
#2273 = ORIENTED_EDGE('',*,*,#2274,.T.);
#2274 = EDGE_CURVE('',#350,#963,#2275,.T.);
#2275 = LINE('',#2276,#2277);
#2276 = CARTESIAN_POINT('',(-61.00000066,19.4567925,0.));
#2277 = VECTOR('',#2278,1.);
#2278 = DIRECTION('',(0.,0.,1.));
#2279 = ORIENTED_EDGE('',*,*,#971,.T.);
#2280 = ORIENTED_EDGE('',*,*,#2257,.F.);
#2281 = ORIENTED_EDGE('',*,*,#358,.F.);
#2282 = PLANE('',#2283);
#2283 = AXIS2_PLACEMENT_3D('',#2284,#2285,#2286);
#2284 = CARTESIAN_POINT('',(-61.00000066,19.4567925,0.));
#2285 = DIRECTION('',(-1.,0.,0.));
#2286 = DIRECTION('',(0.,1.,0.));
#2287 = ADVANCED_FACE('',(#2288),#2299,.T.);
#2288 = FACE_BOUND('',#2289,.T.);
#2289 = EDGE_LOOP('',(#2290,#2291,#2292,#2293));
#2290 = ORIENTED_EDGE('',*,*,#349,.T.);
#2291 = ORIENTED_EDGE('',*,*,#2274,.T.);
#2292 = ORIENTED_EDGE('',*,*,#962,.F.);
#2293 = ORIENTED_EDGE('',*,*,#2294,.F.);
#2294 = EDGE_CURVE('',#342,#955,#2295,.T.);
#2295 = LINE('',#2296,#2297);
#2296 = CARTESIAN_POINT('',(-61.25176446912,19.263607334769,0.));
#2297 = VECTOR('',#2298,1.);
#2298 = DIRECTION('',(0.,0.,1.));
#2299 = CYLINDRICAL_SURFACE('',#2300,0.2);
#2300 = AXIS2_PLACEMENT_3D('',#2301,#2302,#2303);
#2301 = CARTESIAN_POINT('',(-61.20000066,19.4567925,0.));
#2302 = DIRECTION('',(-0.,0.,-1.));
#2303 = DIRECTION('',(1.,0.,0.));
#2304 = ADVANCED_FACE('',(#2305),#2368,.F.);
#2305 = FACE_BOUND('',#2306,.F.);
#2306 = EDGE_LOOP('',(#2307,#2317,#2326,#2334,#2343,#2351,#2358,#2359,
    #2360,#2361));
#2307 = ORIENTED_EDGE('',*,*,#2308,.F.);
#2308 = EDGE_CURVE('',#2309,#2311,#2313,.T.);
#2309 = VERTEX_POINT('',#2310);
#2310 = CARTESIAN_POINT('',(-62.35792659939,19.56000258109,0.));
#2311 = VERTEX_POINT('',#2312);
#2312 = CARTESIAN_POINT('',(-62.35792659939,19.56000258109,5.E-02));
#2313 = LINE('',#2314,#2315);
#2314 = CARTESIAN_POINT('',(-62.35792659939,19.56000258109,0.));
#2315 = VECTOR('',#2316,1.);
#2316 = DIRECTION('',(-0.,-0.,1.));
#2317 = ORIENTED_EDGE('',*,*,#2318,.T.);
#2318 = EDGE_CURVE('',#2309,#2319,#2321,.T.);
#2319 = VERTEX_POINT('',#2320);
#2320 = CARTESIAN_POINT('',(-62.79259337,19.67647119,0.270387370915));
#2321 = HYPERBOLA('',#2322,2.983786213043E-06,4.965854174088E-06);
#2322 = AXIS2_PLACEMENT_3D('',#2323,#2324,#2325);
#2323 = CARTESIAN_POINT('',(-64.00000050525,19.999994953353,
    1.021463052347));
#2324 = DIRECTION('',(0.258819042509,0.965925826984,0.));
#2325 = DIRECTION('',(0.,0.,-1.));
#2326 = ORIENTED_EDGE('',*,*,#2327,.T.);
#2327 = EDGE_CURVE('',#2319,#2328,#2330,.T.);
#2328 = VERTEX_POINT('',#2329);
#2329 = CARTESIAN_POINT('',(-62.79259337,19.67647119,109.72961262908));
#2330 = LINE('',#2331,#2332);
#2331 = CARTESIAN_POINT('',(-62.79259337,19.67647119,0.));
#2332 = VECTOR('',#2333,1.);
#2333 = DIRECTION('',(0.,0.,1.));
#2334 = ORIENTED_EDGE('',*,*,#2335,.T.);
#2335 = EDGE_CURVE('',#2328,#2336,#2338,.T.);
#2336 = VERTEX_POINT('',#2337);
#2337 = CARTESIAN_POINT('',(-62.35792659939,19.56000258109,110.));
#2338 = HYPERBOLA('',#2339,2.983786215178E-06,4.965854177641E-06);
#2339 = AXIS2_PLACEMENT_3D('',#2340,#2341,#2342);
#2340 = CARTESIAN_POINT('',(-64.00000050525,19.999994953353,
    108.97853694765));
#2341 = DIRECTION('',(0.258819042509,0.965925826984,-0.));
#2342 = DIRECTION('',(0.,0.,1.));
#2343 = ORIENTED_EDGE('',*,*,#2344,.T.);
#2344 = EDGE_CURVE('',#2336,#2345,#2347,.T.);
#2345 = VERTEX_POINT('',#2346);
#2346 = CARTESIAN_POINT('',(-62.35792659939,19.56000258109,109.95));
#2347 = LINE('',#2348,#2349);
#2348 = CARTESIAN_POINT('',(-62.35792659939,19.56000258109,110.));
#2349 = VECTOR('',#2350,1.);
#2350 = DIRECTION('',(-0.,-0.,-1.));
#2351 = ORIENTED_EDGE('',*,*,#2352,.T.);
#2352 = EDGE_CURVE('',#2345,#946,#2353,.T.);
#2353 = HYPERBOLA('',#2354,4.965854177641E-06,4.965854177641E-06);
#2354 = AXIS2_PLACEMENT_3D('',#2355,#2356,#2357);
#2355 = CARTESIAN_POINT('',(-64.00000050525,19.999994953353,108.25));
#2356 = DIRECTION('',(0.258819042509,0.965925826984,-0.));
#2357 = DIRECTION('',(0.,0.,1.));
#2358 = ORIENTED_EDGE('',*,*,#954,.T.);
#2359 = ORIENTED_EDGE('',*,*,#2294,.F.);
#2360 = ORIENTED_EDGE('',*,*,#341,.F.);
#2361 = ORIENTED_EDGE('',*,*,#2362,.T.);
#2362 = EDGE_CURVE('',#333,#2311,#2363,.T.);
#2363 = HYPERBOLA('',#2364,4.965854174088E-06,4.965854174088E-06);
#2364 = AXIS2_PLACEMENT_3D('',#2365,#2366,#2367);
#2365 = CARTESIAN_POINT('',(-64.00000050525,19.999994953353,1.75));
#2366 = DIRECTION('',(0.258819042509,0.965925826984,0.));
#2367 = DIRECTION('',(0.,0.,-1.));
#2368 = PLANE('',#2369);
#2369 = AXIS2_PLACEMENT_3D('',#2370,#2371,#2372);
#2370 = CARTESIAN_POINT('',(-62.79259337,19.67647119,0.));
#2371 = DIRECTION('',(0.258819042509,0.965925826984,-0.));
#2372 = DIRECTION('',(0.965925826984,-0.258819042509,0.));
#2373 = ADVANCED_FACE('',(#2374),#2394,.F.);
#2374 = FACE_BOUND('',#2375,.F.);
#2375 = EDGE_LOOP('',(#2376,#2377,#2378,#2387));
#2376 = ORIENTED_EDGE('',*,*,#2362,.F.);
#2377 = ORIENTED_EDGE('',*,*,#332,.T.);
#2378 = ORIENTED_EDGE('',*,*,#2379,.F.);
#2379 = EDGE_CURVE('',#2380,#325,#2382,.T.);
#2380 = VERTEX_POINT('',#2381);
#2381 = CARTESIAN_POINT('',(-63.56000937376,18.357925167282,5.E-02));
#2382 = HYPERBOLA('',#2383,2.622049031231E-06,2.622049031231E-06);
#2383 = AXIS2_PLACEMENT_3D('',#2384,#2385,#2386);
#2384 = CARTESIAN_POINT('',(-64.0000017527,19.999999071364,1.75));
#2385 = DIRECTION('',(-0.965925825932,-0.258819046436,0.));
#2386 = DIRECTION('',(0.,-0.,-1.));
#2387 = ORIENTED_EDGE('',*,*,#2388,.F.);
#2388 = EDGE_CURVE('',#2311,#2380,#2389,.T.);
#2389 = CIRCLE('',#2390,1.7);
#2390 = AXIS2_PLACEMENT_3D('',#2391,#2392,#2393);
#2391 = CARTESIAN_POINT('',(-63.99999922,19.99999975,5.E-02));
#2392 = DIRECTION('',(0.,0.,1.));
#2393 = DIRECTION('',(-1.110223024625E-16,-1.,0.));
#2394 = CONICAL_SURFACE('',#2395,1.7,0.785398163397);
#2395 = AXIS2_PLACEMENT_3D('',#2396,#2397,#2398);
#2396 = CARTESIAN_POINT('',(-63.99999922,19.99999975,5.E-02));
#2397 = DIRECTION('',(0.,0.,-1.));
#2398 = DIRECTION('',(0.,-1.,0.));
#2399 = ADVANCED_FACE('',(#2400),#2460,.F.);
#2400 = FACE_BOUND('',#2401,.F.);
#2401 = EDGE_LOOP('',(#2402,#2413,#2419,#2420,#2421,#2427,#2428,#2437,
    #2445,#2454));
#2402 = ORIENTED_EDGE('',*,*,#2403,.T.);
#2403 = EDGE_CURVE('',#2404,#2406,#2408,.T.);
#2404 = VERTEX_POINT('',#2405);
#2405 = CARTESIAN_POINT('',(-63.67647685362,18.792587717139,
    0.270384745664));
#2406 = VERTEX_POINT('',#2407);
#2407 = CARTESIAN_POINT('',(-63.56000937376,18.357925167282,0.));
#2408 = HYPERBOLA('',#2409,1.575486004026E-06,2.622049031231E-06);
#2409 = AXIS2_PLACEMENT_3D('',#2410,#2411,#2412);
#2410 = CARTESIAN_POINT('',(-64.0000017527,19.999999071364,
    1.021463052347));
#2411 = DIRECTION('',(-0.965925825932,-0.258819046436,0.));
#2412 = DIRECTION('',(0.,-0.,-1.));
#2413 = ORIENTED_EDGE('',*,*,#2414,.T.);
#2414 = EDGE_CURVE('',#2406,#2380,#2415,.T.);
#2415 = LINE('',#2416,#2417);
#2416 = CARTESIAN_POINT('',(-63.56000937376,18.357925167282,0.));
#2417 = VECTOR('',#2418,1.);
#2418 = DIRECTION('',(-0.,-0.,1.));
#2419 = ORIENTED_EDGE('',*,*,#2379,.T.);
#2420 = ORIENTED_EDGE('',*,*,#324,.F.);
#2421 = ORIENTED_EDGE('',*,*,#2422,.T.);
#2422 = EDGE_CURVE('',#316,#929,#2423,.T.);
#2423 = LINE('',#2424,#2425);
#2424 = CARTESIAN_POINT('',(-63.26361299,17.25175881,0.));
#2425 = VECTOR('',#2426,1.);
#2426 = DIRECTION('',(0.,0.,1.));
#2427 = ORIENTED_EDGE('',*,*,#937,.T.);
#2428 = ORIENTED_EDGE('',*,*,#2429,.T.);
#2429 = EDGE_CURVE('',#938,#2430,#2432,.T.);
#2430 = VERTEX_POINT('',#2431);
#2431 = CARTESIAN_POINT('',(-63.56000937376,18.357925167282,109.95));
#2432 = HYPERBOLA('',#2433,2.622049038337E-06,2.622049038337E-06);
#2433 = AXIS2_PLACEMENT_3D('',#2434,#2435,#2436);
#2434 = CARTESIAN_POINT('',(-64.0000017527,19.999999071364,108.25));
#2435 = DIRECTION('',(-0.965925825932,-0.258819046436,0.));
#2436 = DIRECTION('',(0.,0.,1.));
#2437 = ORIENTED_EDGE('',*,*,#2438,.F.);
#2438 = EDGE_CURVE('',#2439,#2430,#2441,.T.);
#2439 = VERTEX_POINT('',#2440);
#2440 = CARTESIAN_POINT('',(-63.56000937376,18.357925167282,110.));
#2441 = LINE('',#2442,#2443);
#2442 = CARTESIAN_POINT('',(-63.56000937376,18.357925167282,110.));
#2443 = VECTOR('',#2444,1.);
#2444 = DIRECTION('',(-0.,-0.,-1.));
#2445 = ORIENTED_EDGE('',*,*,#2446,.T.);
#2446 = EDGE_CURVE('',#2439,#2447,#2449,.T.);
#2447 = VERTEX_POINT('',#2448);
#2448 = CARTESIAN_POINT('',(-63.67647685362,18.792587717139,
    109.72961525433));
#2449 = HYPERBOLA('',#2450,1.575486008296E-06,2.622049038337E-06);
#2450 = AXIS2_PLACEMENT_3D('',#2451,#2452,#2453);
#2451 = CARTESIAN_POINT('',(-64.0000017527,19.999999071364,
    108.97853694765));
#2452 = DIRECTION('',(-0.965925825932,-0.258819046436,0.));
#2453 = DIRECTION('',(0.,0.,1.));
#2454 = ORIENTED_EDGE('',*,*,#2455,.F.);
#2455 = EDGE_CURVE('',#2404,#2447,#2456,.T.);
#2456 = LINE('',#2457,#2458);
#2457 = CARTESIAN_POINT('',(-63.67647685362,18.792587717139,0.));
#2458 = VECTOR('',#2459,1.);
#2459 = DIRECTION('',(0.,0.,1.));
#2460 = PLANE('',#2461);
#2461 = AXIS2_PLACEMENT_3D('',#2462,#2463,#2464);
#2462 = CARTESIAN_POINT('',(-63.26361299,17.25175881,0.));
#2463 = DIRECTION('',(-0.965925825932,-0.258819046436,0.));
#2464 = DIRECTION('',(-0.258819046436,0.965925825932,0.));
#2465 = ADVANCED_FACE('',(#2466),#2477,.T.);
#2466 = FACE_BOUND('',#2467,.T.);
#2467 = EDGE_LOOP('',(#2468,#2469,#2470,#2471));
#2468 = ORIENTED_EDGE('',*,*,#315,.T.);
#2469 = ORIENTED_EDGE('',*,*,#2422,.T.);
#2470 = ORIENTED_EDGE('',*,*,#928,.F.);
#2471 = ORIENTED_EDGE('',*,*,#2472,.F.);
#2472 = EDGE_CURVE('',#308,#921,#2473,.T.);
#2473 = LINE('',#2474,#2475);
#2474 = CARTESIAN_POINT('',(-63.45679815,16.999995,0.));
#2475 = VECTOR('',#2476,1.);
#2476 = DIRECTION('',(0.,0.,1.));
#2477 = CYLINDRICAL_SURFACE('',#2478,0.199999993834);
#2478 = AXIS2_PLACEMENT_3D('',#2479,#2480,#2481);
#2479 = CARTESIAN_POINT('',(-63.45679814695,17.199994993834,0.));
#2480 = DIRECTION('',(-0.,0.,-1.));
#2481 = DIRECTION('',(1.,0.,0.));
#2482 = ADVANCED_FACE('',(#2483),#2494,.F.);
#2483 = FACE_BOUND('',#2484,.F.);
#2484 = EDGE_LOOP('',(#2485,#2491,#2492,#2493));
#2485 = ORIENTED_EDGE('',*,*,#2486,.T.);
#2486 = EDGE_CURVE('',#300,#913,#2487,.T.);
#2487 = LINE('',#2488,#2489);
#2488 = CARTESIAN_POINT('',(-68.00000066,16.999995,0.));
#2489 = VECTOR('',#2490,1.);
#2490 = DIRECTION('',(0.,0.,1.));
#2491 = ORIENTED_EDGE('',*,*,#920,.T.);
#2492 = ORIENTED_EDGE('',*,*,#2472,.F.);
#2493 = ORIENTED_EDGE('',*,*,#307,.F.);
#2494 = PLANE('',#2495);
#2495 = AXIS2_PLACEMENT_3D('',#2496,#2497,#2498);
#2496 = CARTESIAN_POINT('',(-68.00000066,16.999995,0.));
#2497 = DIRECTION('',(0.,1.,0.));
#2498 = DIRECTION('',(1.,0.,0.));
#2499 = ADVANCED_FACE('',(#2500),#2511,.F.);
#2500 = FACE_BOUND('',#2501,.F.);
#2501 = EDGE_LOOP('',(#2502,#2508,#2509,#2510));
#2502 = ORIENTED_EDGE('',*,*,#2503,.T.);
#2503 = EDGE_CURVE('',#292,#905,#2504,.T.);
#2504 = LINE('',#2505,#2506);
#2505 = CARTESIAN_POINT('',(-68.00000066,14.999995,0.));
#2506 = VECTOR('',#2507,1.);
#2507 = DIRECTION('',(0.,0.,1.));
#2508 = ORIENTED_EDGE('',*,*,#912,.T.);
#2509 = ORIENTED_EDGE('',*,*,#2486,.F.);
#2510 = ORIENTED_EDGE('',*,*,#299,.F.);
#2511 = PLANE('',#2512);
#2512 = AXIS2_PLACEMENT_3D('',#2513,#2514,#2515);
#2513 = CARTESIAN_POINT('',(-68.00000066,14.999995,0.));
#2514 = DIRECTION('',(-1.,0.,0.));
#2515 = DIRECTION('',(0.,1.,0.));
#2516 = ADVANCED_FACE('',(#2517),#2528,.F.);
#2517 = FACE_BOUND('',#2518,.F.);
#2518 = EDGE_LOOP('',(#2519,#2525,#2526,#2527));
#2519 = ORIENTED_EDGE('',*,*,#2520,.T.);
#2520 = EDGE_CURVE('',#284,#897,#2521,.T.);
#2521 = LINE('',#2522,#2523);
#2522 = CARTESIAN_POINT('',(-66.00000066,14.999995,0.));
#2523 = VECTOR('',#2524,1.);
#2524 = DIRECTION('',(0.,0.,1.));
#2525 = ORIENTED_EDGE('',*,*,#904,.T.);
#2526 = ORIENTED_EDGE('',*,*,#2503,.F.);
#2527 = ORIENTED_EDGE('',*,*,#291,.F.);
#2528 = PLANE('',#2529);
#2529 = AXIS2_PLACEMENT_3D('',#2530,#2531,#2532);
#2530 = CARTESIAN_POINT('',(-66.00000066,14.999995,0.));
#2531 = DIRECTION('',(0.,-1.,0.));
#2532 = DIRECTION('',(-1.,0.,0.));
#2533 = ADVANCED_FACE('',(#2534),#2545,.F.);
#2534 = FACE_BOUND('',#2535,.F.);
#2535 = EDGE_LOOP('',(#2536,#2542,#2543,#2544));
#2536 = ORIENTED_EDGE('',*,*,#2537,.T.);
#2537 = EDGE_CURVE('',#276,#889,#2538,.T.);
#2538 = LINE('',#2539,#2540);
#2539 = CARTESIAN_POINT('',(-66.00000066,13.499995,0.));
#2540 = VECTOR('',#2541,1.);
#2541 = DIRECTION('',(0.,0.,1.));
#2542 = ORIENTED_EDGE('',*,*,#896,.T.);
#2543 = ORIENTED_EDGE('',*,*,#2520,.F.);
#2544 = ORIENTED_EDGE('',*,*,#283,.F.);
#2545 = PLANE('',#2546);
#2546 = AXIS2_PLACEMENT_3D('',#2547,#2548,#2549);
#2547 = CARTESIAN_POINT('',(-66.00000066,13.499995,0.));
#2548 = DIRECTION('',(-1.,0.,0.));
#2549 = DIRECTION('',(0.,1.,0.));
#2550 = ADVANCED_FACE('',(#2551),#2562,.F.);
#2551 = FACE_BOUND('',#2552,.F.);
#2552 = EDGE_LOOP('',(#2553,#2559,#2560,#2561));
#2553 = ORIENTED_EDGE('',*,*,#2554,.T.);
#2554 = EDGE_CURVE('',#268,#881,#2555,.T.);
#2555 = LINE('',#2556,#2557);
#2556 = CARTESIAN_POINT('',(-68.00000066,13.499995,0.));
#2557 = VECTOR('',#2558,1.);
#2558 = DIRECTION('',(0.,0.,1.));
#2559 = ORIENTED_EDGE('',*,*,#888,.T.);
#2560 = ORIENTED_EDGE('',*,*,#2537,.F.);
#2561 = ORIENTED_EDGE('',*,*,#275,.F.);
#2562 = PLANE('',#2563);
#2563 = AXIS2_PLACEMENT_3D('',#2564,#2565,#2566);
#2564 = CARTESIAN_POINT('',(-68.00000066,13.499995,0.));
#2565 = DIRECTION('',(0.,1.,0.));
#2566 = DIRECTION('',(1.,0.,0.));
#2567 = ADVANCED_FACE('',(#2568),#2579,.F.);
#2568 = FACE_BOUND('',#2569,.F.);
#2569 = EDGE_LOOP('',(#2570,#2576,#2577,#2578));
#2570 = ORIENTED_EDGE('',*,*,#2571,.T.);
#2571 = EDGE_CURVE('',#260,#873,#2572,.T.);
#2572 = LINE('',#2573,#2574);
#2573 = CARTESIAN_POINT('',(-68.00000066,11.499995,0.));
#2574 = VECTOR('',#2575,1.);
#2575 = DIRECTION('',(0.,0.,1.));
#2576 = ORIENTED_EDGE('',*,*,#880,.T.);
#2577 = ORIENTED_EDGE('',*,*,#2554,.F.);
#2578 = ORIENTED_EDGE('',*,*,#267,.F.);
#2579 = PLANE('',#2580);
#2580 = AXIS2_PLACEMENT_3D('',#2581,#2582,#2583);
#2581 = CARTESIAN_POINT('',(-68.00000066,11.499995,0.));
#2582 = DIRECTION('',(-1.,0.,0.));
#2583 = DIRECTION('',(0.,1.,0.));
#2584 = ADVANCED_FACE('',(#2585),#2596,.F.);
#2585 = FACE_BOUND('',#2586,.F.);
#2586 = EDGE_LOOP('',(#2587,#2593,#2594,#2595));
#2587 = ORIENTED_EDGE('',*,*,#2588,.T.);
#2588 = EDGE_CURVE('',#252,#865,#2589,.T.);
#2589 = LINE('',#2590,#2591);
#2590 = CARTESIAN_POINT('',(-66.00000066,11.499995,0.));
#2591 = VECTOR('',#2592,1.);
#2592 = DIRECTION('',(0.,0.,1.));
#2593 = ORIENTED_EDGE('',*,*,#872,.T.);
#2594 = ORIENTED_EDGE('',*,*,#2571,.F.);
#2595 = ORIENTED_EDGE('',*,*,#259,.F.);
#2596 = PLANE('',#2597);
#2597 = AXIS2_PLACEMENT_3D('',#2598,#2599,#2600);
#2598 = CARTESIAN_POINT('',(-66.00000066,11.499995,0.));
#2599 = DIRECTION('',(0.,-1.,0.));
#2600 = DIRECTION('',(-1.,0.,0.));
#2601 = ADVANCED_FACE('',(#2602),#2613,.F.);
#2602 = FACE_BOUND('',#2603,.F.);
#2603 = EDGE_LOOP('',(#2604,#2610,#2611,#2612));
#2604 = ORIENTED_EDGE('',*,*,#2605,.T.);
#2605 = EDGE_CURVE('',#244,#857,#2606,.T.);
#2606 = LINE('',#2607,#2608);
#2607 = CARTESIAN_POINT('',(-66.00000066,9.999995,0.));
#2608 = VECTOR('',#2609,1.);
#2609 = DIRECTION('',(0.,0.,1.));
#2610 = ORIENTED_EDGE('',*,*,#864,.T.);
#2611 = ORIENTED_EDGE('',*,*,#2588,.F.);
#2612 = ORIENTED_EDGE('',*,*,#251,.F.);
#2613 = PLANE('',#2614);
#2614 = AXIS2_PLACEMENT_3D('',#2615,#2616,#2617);
#2615 = CARTESIAN_POINT('',(-66.00000066,9.999995,0.));
#2616 = DIRECTION('',(-1.,0.,0.));
#2617 = DIRECTION('',(0.,1.,0.));
#2618 = ADVANCED_FACE('',(#2619),#2630,.F.);
#2619 = FACE_BOUND('',#2620,.F.);
#2620 = EDGE_LOOP('',(#2621,#2627,#2628,#2629));
#2621 = ORIENTED_EDGE('',*,*,#2622,.T.);
#2622 = EDGE_CURVE('',#236,#849,#2623,.T.);
#2623 = LINE('',#2624,#2625);
#2624 = CARTESIAN_POINT('',(-68.00000066,9.999995,0.));
#2625 = VECTOR('',#2626,1.);
#2626 = DIRECTION('',(0.,0.,1.));
#2627 = ORIENTED_EDGE('',*,*,#856,.T.);
#2628 = ORIENTED_EDGE('',*,*,#2605,.F.);
#2629 = ORIENTED_EDGE('',*,*,#243,.F.);
#2630 = PLANE('',#2631);
#2631 = AXIS2_PLACEMENT_3D('',#2632,#2633,#2634);
#2632 = CARTESIAN_POINT('',(-68.00000066,9.999995,0.));
#2633 = DIRECTION('',(0.,1.,0.));
#2634 = DIRECTION('',(1.,0.,0.));
#2635 = ADVANCED_FACE('',(#2636),#2647,.F.);
#2636 = FACE_BOUND('',#2637,.F.);
#2637 = EDGE_LOOP('',(#2638,#2644,#2645,#2646));
#2638 = ORIENTED_EDGE('',*,*,#2639,.T.);
#2639 = EDGE_CURVE('',#228,#841,#2640,.T.);
#2640 = LINE('',#2641,#2642);
#2641 = CARTESIAN_POINT('',(-68.00000066,7.999995,0.));
#2642 = VECTOR('',#2643,1.);
#2643 = DIRECTION('',(0.,0.,1.));
#2644 = ORIENTED_EDGE('',*,*,#848,.T.);
#2645 = ORIENTED_EDGE('',*,*,#2622,.F.);
#2646 = ORIENTED_EDGE('',*,*,#235,.F.);
#2647 = PLANE('',#2648);
#2648 = AXIS2_PLACEMENT_3D('',#2649,#2650,#2651);
#2649 = CARTESIAN_POINT('',(-68.00000066,7.999995,0.));
#2650 = DIRECTION('',(-1.,0.,0.));
#2651 = DIRECTION('',(0.,1.,0.));
#2652 = ADVANCED_FACE('',(#2653),#2664,.F.);
#2653 = FACE_BOUND('',#2654,.F.);
#2654 = EDGE_LOOP('',(#2655,#2661,#2662,#2663));
#2655 = ORIENTED_EDGE('',*,*,#2656,.T.);
#2656 = EDGE_CURVE('',#220,#833,#2657,.T.);
#2657 = LINE('',#2658,#2659);
#2658 = CARTESIAN_POINT('',(-66.00000066,7.999995,0.));
#2659 = VECTOR('',#2660,1.);
#2660 = DIRECTION('',(0.,0.,1.));
#2661 = ORIENTED_EDGE('',*,*,#840,.T.);
#2662 = ORIENTED_EDGE('',*,*,#2639,.F.);
#2663 = ORIENTED_EDGE('',*,*,#227,.F.);
#2664 = PLANE('',#2665);
#2665 = AXIS2_PLACEMENT_3D('',#2666,#2667,#2668);
#2666 = CARTESIAN_POINT('',(-66.00000066,7.999995,0.));
#2667 = DIRECTION('',(0.,-1.,0.));
#2668 = DIRECTION('',(-1.,0.,0.));
#2669 = ADVANCED_FACE('',(#2670),#2681,.F.);
#2670 = FACE_BOUND('',#2671,.F.);
#2671 = EDGE_LOOP('',(#2672,#2678,#2679,#2680));
#2672 = ORIENTED_EDGE('',*,*,#2673,.T.);
#2673 = EDGE_CURVE('',#212,#825,#2674,.T.);
#2674 = LINE('',#2675,#2676);
#2675 = CARTESIAN_POINT('',(-66.00000066,6.499995,0.));
#2676 = VECTOR('',#2677,1.);
#2677 = DIRECTION('',(0.,0.,1.));
#2678 = ORIENTED_EDGE('',*,*,#832,.T.);
#2679 = ORIENTED_EDGE('',*,*,#2656,.F.);
#2680 = ORIENTED_EDGE('',*,*,#219,.F.);
#2681 = PLANE('',#2682);
#2682 = AXIS2_PLACEMENT_3D('',#2683,#2684,#2685);
#2683 = CARTESIAN_POINT('',(-66.00000066,6.499995,0.));
#2684 = DIRECTION('',(-1.,0.,0.));
#2685 = DIRECTION('',(0.,1.,0.));
#2686 = ADVANCED_FACE('',(#2687),#2698,.F.);
#2687 = FACE_BOUND('',#2688,.F.);
#2688 = EDGE_LOOP('',(#2689,#2695,#2696,#2697));
#2689 = ORIENTED_EDGE('',*,*,#2690,.T.);
#2690 = EDGE_CURVE('',#204,#817,#2691,.T.);
#2691 = LINE('',#2692,#2693);
#2692 = CARTESIAN_POINT('',(-68.00000066,6.499995,0.));
#2693 = VECTOR('',#2694,1.);
#2694 = DIRECTION('',(0.,0.,1.));
#2695 = ORIENTED_EDGE('',*,*,#824,.T.);
#2696 = ORIENTED_EDGE('',*,*,#2673,.F.);
#2697 = ORIENTED_EDGE('',*,*,#211,.F.);
#2698 = PLANE('',#2699);
#2699 = AXIS2_PLACEMENT_3D('',#2700,#2701,#2702);
#2700 = CARTESIAN_POINT('',(-68.00000066,6.499995,0.));
#2701 = DIRECTION('',(0.,1.,0.));
#2702 = DIRECTION('',(1.,0.,0.));
#2703 = ADVANCED_FACE('',(#2704),#2715,.F.);
#2704 = FACE_BOUND('',#2705,.F.);
#2705 = EDGE_LOOP('',(#2706,#2712,#2713,#2714));
#2706 = ORIENTED_EDGE('',*,*,#2707,.T.);
#2707 = EDGE_CURVE('',#196,#809,#2708,.T.);
#2708 = LINE('',#2709,#2710);
#2709 = CARTESIAN_POINT('',(-68.00000066,1.899995,0.));
#2710 = VECTOR('',#2711,1.);
#2711 = DIRECTION('',(0.,0.,1.));
#2712 = ORIENTED_EDGE('',*,*,#816,.T.);
#2713 = ORIENTED_EDGE('',*,*,#2690,.F.);
#2714 = ORIENTED_EDGE('',*,*,#203,.F.);
#2715 = PLANE('',#2716);
#2716 = AXIS2_PLACEMENT_3D('',#2717,#2718,#2719);
#2717 = CARTESIAN_POINT('',(-68.00000066,1.899995,0.));
#2718 = DIRECTION('',(-1.,0.,0.));
#2719 = DIRECTION('',(0.,1.,0.));
#2720 = ADVANCED_FACE('',(#2721),#2732,.F.);
#2721 = FACE_BOUND('',#2722,.F.);
#2722 = EDGE_LOOP('',(#2723,#2729,#2730,#2731));
#2723 = ORIENTED_EDGE('',*,*,#2724,.T.);
#2724 = EDGE_CURVE('',#188,#801,#2725,.T.);
#2725 = LINE('',#2726,#2727);
#2726 = CARTESIAN_POINT('',(-66.10000066,1.899995,0.));
#2727 = VECTOR('',#2728,1.);
#2728 = DIRECTION('',(0.,0.,1.));
#2729 = ORIENTED_EDGE('',*,*,#808,.T.);
#2730 = ORIENTED_EDGE('',*,*,#2707,.F.);
#2731 = ORIENTED_EDGE('',*,*,#195,.F.);
#2732 = PLANE('',#2733);
#2733 = AXIS2_PLACEMENT_3D('',#2734,#2735,#2736);
#2734 = CARTESIAN_POINT('',(-66.10000066,1.899995,0.));
#2735 = DIRECTION('',(0.,-1.,0.));
#2736 = DIRECTION('',(-1.,0.,0.));
#2737 = ADVANCED_FACE('',(#2738),#2749,.F.);
#2738 = FACE_BOUND('',#2739,.F.);
#2739 = EDGE_LOOP('',(#2740,#2746,#2747,#2748));
#2740 = ORIENTED_EDGE('',*,*,#2741,.T.);
#2741 = EDGE_CURVE('',#179,#792,#2742,.T.);
#2742 = LINE('',#2743,#2744);
#2743 = CARTESIAN_POINT('',(-66.10000066,0.119995,0.));
#2744 = VECTOR('',#2745,1.);
#2745 = DIRECTION('',(0.,0.,1.));
#2746 = ORIENTED_EDGE('',*,*,#800,.T.);
#2747 = ORIENTED_EDGE('',*,*,#2724,.F.);
#2748 = ORIENTED_EDGE('',*,*,#187,.F.);
#2749 = PLANE('',#2750);
#2750 = AXIS2_PLACEMENT_3D('',#2751,#2752,#2753);
#2751 = CARTESIAN_POINT('',(-66.10000066,0.119995,0.));
#2752 = DIRECTION('',(-1.,0.,0.));
#2753 = DIRECTION('',(0.,1.,0.));
#2754 = ADVANCED_FACE('',(#2755),#2766,.T.);
#2755 = FACE_BOUND('',#2756,.T.);
#2756 = EDGE_LOOP('',(#2757,#2758,#2759,#2760));
#2757 = ORIENTED_EDGE('',*,*,#178,.T.);
#2758 = ORIENTED_EDGE('',*,*,#2741,.T.);
#2759 = ORIENTED_EDGE('',*,*,#791,.F.);
#2760 = ORIENTED_EDGE('',*,*,#2761,.F.);
#2761 = EDGE_CURVE('',#171,#784,#2762,.T.);
#2762 = LINE('',#2763,#2764);
#2763 = CARTESIAN_POINT('',(-66.20000066,1.9995E-02,0.));
#2764 = VECTOR('',#2765,1.);
#2765 = DIRECTION('',(0.,0.,1.));
#2766 = CYLINDRICAL_SURFACE('',#2767,0.1);
#2767 = AXIS2_PLACEMENT_3D('',#2768,#2769,#2770);
#2768 = CARTESIAN_POINT('',(-66.20000066,0.119995,0.));
#2769 = DIRECTION('',(-0.,0.,-1.));
#2770 = DIRECTION('',(1.,0.,0.));
#2771 = ADVANCED_FACE('',(#2772),#2783,.T.);
#2772 = FACE_BOUND('',#2773,.T.);
#2773 = EDGE_LOOP('',(#2774,#2775,#2776,#2782));
#2774 = ORIENTED_EDGE('',*,*,#2761,.T.);
#2775 = ORIENTED_EDGE('',*,*,#783,.T.);
#2776 = ORIENTED_EDGE('',*,*,#2777,.F.);
#2777 = EDGE_CURVE('',#163,#776,#2778,.T.);
#2778 = LINE('',#2779,#2780);
#2779 = CARTESIAN_POINT('',(-67.50000066,1.9995E-02,0.));
#2780 = VECTOR('',#2781,1.);
#2781 = DIRECTION('',(0.,0.,1.));
#2782 = ORIENTED_EDGE('',*,*,#170,.F.);
#2783 = PLANE('',#2784);
#2784 = AXIS2_PLACEMENT_3D('',#2785,#2786,#2787);
#2785 = CARTESIAN_POINT('',(-66.20000066,1.9995E-02,0.));
#2786 = DIRECTION('',(0.,-1.,0.));
#2787 = DIRECTION('',(-1.,0.,0.));
#2788 = ADVANCED_FACE('',(#2789),#2800,.T.);
#2789 = FACE_BOUND('',#2790,.T.);
#2790 = EDGE_LOOP('',(#2791,#2792,#2793,#2799));
#2791 = ORIENTED_EDGE('',*,*,#2777,.T.);
#2792 = ORIENTED_EDGE('',*,*,#775,.T.);
#2793 = ORIENTED_EDGE('',*,*,#2794,.F.);
#2794 = EDGE_CURVE('',#154,#767,#2795,.T.);
#2795 = LINE('',#2796,#2797);
#2796 = CARTESIAN_POINT('',(-67.50000066,-0.680005,0.));
#2797 = VECTOR('',#2798,1.);
#2798 = DIRECTION('',(0.,0.,1.));
#2799 = ORIENTED_EDGE('',*,*,#162,.F.);
#2800 = PLANE('',#2801);
#2801 = AXIS2_PLACEMENT_3D('',#2802,#2803,#2804);
#2802 = CARTESIAN_POINT('',(-67.50000066,1.9995E-02,0.));
#2803 = DIRECTION('',(1.,0.,-0.));
#2804 = DIRECTION('',(0.,-1.,0.));
#2805 = ADVANCED_FACE('',(#2806),#2812,.T.);
#2806 = FACE_BOUND('',#2807,.T.);
#2807 = EDGE_LOOP('',(#2808,#2809,#2810,#2811));
#2808 = ORIENTED_EDGE('',*,*,#153,.T.);
#2809 = ORIENTED_EDGE('',*,*,#2794,.T.);
#2810 = ORIENTED_EDGE('',*,*,#766,.F.);
#2811 = ORIENTED_EDGE('',*,*,#1369,.F.);
#2812 = CYLINDRICAL_SURFACE('',#2813,0.5);
#2813 = AXIS2_PLACEMENT_3D('',#2814,#2815,#2816);
#2814 = CARTESIAN_POINT('',(-68.00000066,-0.680005,0.));
#2815 = DIRECTION('',(-0.,0.,-1.));
#2816 = DIRECTION('',(1.,0.,0.));
#2817 = ADVANCED_FACE('',(#2818),#2830,.F.);
#2818 = FACE_BOUND('',#2819,.F.);
#2819 = EDGE_LOOP('',(#2820,#2821,#2828,#2829));
#2820 = ORIENTED_EDGE('',*,*,#2352,.F.);
#2821 = ORIENTED_EDGE('',*,*,#2822,.F.);
#2822 = EDGE_CURVE('',#2430,#2345,#2823,.T.);
#2823 = CIRCLE('',#2824,1.7);
#2824 = AXIS2_PLACEMENT_3D('',#2825,#2826,#2827);
#2825 = CARTESIAN_POINT('',(-63.99999922,19.99999975,109.95));
#2826 = DIRECTION('',(0.,-0.,-1.));
#2827 = DIRECTION('',(-4.440892098501E-16,-1.,0.));
#2828 = ORIENTED_EDGE('',*,*,#2429,.F.);
#2829 = ORIENTED_EDGE('',*,*,#945,.T.);
#2830 = CONICAL_SURFACE('',#2831,1.7,0.785398163397);
#2831 = AXIS2_PLACEMENT_3D('',#2832,#2833,#2834);
#2832 = CARTESIAN_POINT('',(-63.99999922,19.99999975,109.95));
#2833 = DIRECTION('',(0.,0.,1.));
#2834 = DIRECTION('',(0.,-1.,0.));
#2835 = ADVANCED_FACE('',(#2836),#2848,.F.);
#2836 = FACE_BOUND('',#2837,.F.);
#2837 = EDGE_LOOP('',(#2838,#2839,#2846,#2847));
#2838 = ORIENTED_EDGE('',*,*,#2115,.F.);
#2839 = ORIENTED_EDGE('',*,*,#2840,.F.);
#2840 = EDGE_CURVE('',#2184,#2108,#2841,.T.);
#2841 = CIRCLE('',#2842,1.7);
#2842 = AXIS2_PLACEMENT_3D('',#2843,#2844,#2845);
#2843 = CARTESIAN_POINT('',(64.00000078,19.99999975,109.95));
#2844 = DIRECTION('',(-0.,0.,-1.));
#2845 = DIRECTION('',(-5.551115123126E-17,-1.,0.));
#2846 = ORIENTED_EDGE('',*,*,#2183,.F.);
#2847 = ORIENTED_EDGE('',*,*,#1012,.T.);
#2848 = CONICAL_SURFACE('',#2849,1.7,0.785398163397);
#2849 = AXIS2_PLACEMENT_3D('',#2850,#2851,#2852);
#2850 = CARTESIAN_POINT('',(64.00000078,19.99999975,109.95));
#2851 = DIRECTION('',(0.,0.,1.));
#2852 = DIRECTION('',(0.,-1.,0.));
#2853 = ADVANCED_FACE('',(#2854),#2866,.T.);
#2854 = FACE_BOUND('',#2855,.T.);
#2855 = EDGE_LOOP('',(#2856,#2857,#2858,#2865));
#2856 = ORIENTED_EDGE('',*,*,#2840,.F.);
#2857 = ORIENTED_EDGE('',*,*,#2192,.F.);
#2858 = ORIENTED_EDGE('',*,*,#2859,.T.);
#2859 = EDGE_CURVE('',#2193,#2100,#2860,.T.);
#2860 = CIRCLE('',#2861,1.7);
#2861 = AXIS2_PLACEMENT_3D('',#2862,#2863,#2864);
#2862 = CARTESIAN_POINT('',(64.00000078,19.99999975,110.));
#2863 = DIRECTION('',(0.,-0.,-1.));
#2864 = DIRECTION('',(1.110223024625E-16,-1.,0.));
#2865 = ORIENTED_EDGE('',*,*,#2107,.T.);
#2866 = CYLINDRICAL_SURFACE('',#2867,1.7);
#2867 = AXIS2_PLACEMENT_3D('',#2868,#2869,#2870);
#2868 = CARTESIAN_POINT('',(64.00000078,19.99999975,110.));
#2869 = DIRECTION('',(-0.,-0.,-1.));
#2870 = DIRECTION('',(0.,-1.,0.));
#2871 = ADVANCED_FACE('',(#2872),#3174,.F.);
#2872 = FACE_BOUND('',#2873,.F.);
#2873 = EDGE_LOOP('',(#2874,#2875,#3125,#3172,#3173));
#2874 = ORIENTED_EDGE('',*,*,#2099,.F.);
#2875 = ORIENTED_EDGE('',*,*,#2876,.T.);
#2876 = EDGE_CURVE('',#2092,#2877,#2879,.T.);
#2877 = VERTEX_POINT('',#2878);
#2878 = CARTESIAN_POINT('',(65.249999336532,19.999995003958,
    109.72961185412));
#2879 = B_SPLINE_CURVE_WITH_KNOTS('',4,(#2880,#2881,#2882,#2883,#2884,
    #2885,#2886,#2887,#2888,#2889,#2890,#2891,#2892,#2893,#2894,#2895,
    #2896,#2897,#2898,#2899,#2900,#2901,#2902,#2903,#2904,#2905,#2906,
    #2907,#2908,#2909,#2910,#2911,#2912,#2913,#2914,#2915,#2916,#2917,
    #2918,#2919,#2920,#2921,#2922,#2923,#2924,#2925,#2926,#2927,#2928,
    #2929,#2930,#2931,#2932,#2933,#2934,#2935,#2936,#2937,#2938,#2939,
    #2940,#2941,#2942,#2943,#2944,#2945,#2946,#2947,#2948,#2949,#2950,
    #2951,#2952,#2953,#2954,#2955,#2956,#2957,#2958,#2959,#2960,#2961,
    #2962,#2963,#2964,#2965,#2966,#2967,#2968,#2969,#2970,#2971,#2972,
    #2973,#2974,#2975,#2976,#2977,#2978,#2979,#2980,#2981,#2982,#2983,
    #2984,#2985,#2986,#2987,#2988,#2989,#2990,#2991,#2992,#2993,#2994,
    #2995,#2996,#2997,#2998,#2999,#3000,#3001,#3002,#3003,#3004,#3005,
    #3006,#3007,#3008,#3009,#3010,#3011,#3012,#3013,#3014,#3015,#3016,
    #3017,#3018,#3019,#3020,#3021,#3022,#3023,#3024,#3025,#3026,#3027,
    #3028,#3029,#3030,#3031,#3032,#3033,#3034,#3035,#3036,#3037,#3038,
    #3039,#3040,#3041,#3042,#3043,#3044,#3045,#3046,#3047,#3048,#3049,
    #3050,#3051,#3052,#3053,#3054,#3055,#3056,#3057,#3058,#3059,#3060,
    #3061,#3062,#3063,#3064,#3065,#3066,#3067,#3068,#3069,#3070,#3071,
    #3072,#3073,#3074,#3075,#3076,#3077,#3078,#3079,#3080,#3081,#3082,
    #3083,#3084,#3085,#3086,#3087,#3088,#3089,#3090,#3091,#3092,#3093,
    #3094,#3095,#3096,#3097,#3098,#3099,#3100,#3101,#3102,#3103,#3104,
    #3105,#3106,#3107,#3108,#3109,#3110,#3111,#3112,#3113,#3114,#3115,
    #3116,#3117,#3118,#3119,#3120,#3121,#3122,#3123,#3124),
  .UNSPECIFIED.,.F.,.F.,(5,3,3,3,3,3,3,3,3,3,3,3,3,3,3,3,3,3,3,3,3,3,3,3
    ,3,3,3,3,3,3,3,3,3,3,3,3,3,3,3,3,3,3,3,3,3,3,3,3,3,3,3,3,3,3,3,3,3,3
    ,3,3,3,3,3,3,3,3,3,3,3,3,3,3,3,3,3,3,3,3,3,3,3,5),(0.,0.102009601246
    ,0.182913767884,0.274370652094,0.358792391594,0.453766848844,
    0.555776451516,0.643715764601,0.745725368343,0.830147109893,
    0.907533706767,1.0874367418,1.162813243912,1.229144566224,
    1.316581309953,1.404018054504,1.479394559127,1.557786124652,
    1.645222871715,1.732659619777,1.81708130855,1.904518058704,
    1.98290962877,2.070346381105,2.157783134654,2.239189768397,
    2.326626524407,2.414063281753,2.501500040475,2.585921739895,
    2.673358501436,2.742704899583,2.830141663827,2.917578429629,
    3.005015197026,3.083406782975,3.170843553493,3.258280325705,
    3.345717099644,3.430138814082,3.517575591507,3.601997309368,
    3.689434090396,3.776870873299,3.864307658103,3.951744444836,
    4.039181233522,4.123602962406,4.211039755,4.298476549616,
    4.385913346275,4.473350144996,4.560786945799,4.6482237487,
    4.735660553718,4.820082298516,4.904504045314,4.988925794125,
    5.073347544958,5.160784360463,5.248221178159,5.335657998054,
    5.423094820157,5.510531644473,5.588923281957,5.664299858146,
    5.751736688595,5.83314339481,5.920580229563,6.008017066545,
    6.092438842297,6.176860620125,6.26429746363,6.34871924567,
    6.436156093528,6.523592943591,6.611029795852,6.6984666503,
    6.785903506926,6.873340365718,6.951732034055,6.999973061585),
  .UNSPECIFIED.);
#2880 = CARTESIAN_POINT('',(63.67647554,18.79258772,109.72961569956));
#2881 = CARTESIAN_POINT('',(63.684536845629,18.790427699727,
    109.7296156989));
#2882 = CARTESIAN_POINT('',(63.69261737989,18.788339441646,
    109.72961569806));
#2883 = CARTESIAN_POINT('',(63.700716184467,18.786323202539,
    109.72961569704));
#2884 = CARTESIAN_POINT('',(63.715269209407,18.782837429094,
    109.72961569491));
#2885 = CARTESIAN_POINT('',(63.721717009678,18.781341090922,
    109.72961569385));
#2886 = CARTESIAN_POINT('',(63.728175214019,18.779890314273,
    109.72961569268));
#2887 = CARTESIAN_POINT('',(63.741955132008,18.776896818925,
    109.72961568996));
#2888 = CARTESIAN_POINT('',(63.749279602384,18.775366790182,
    109.72961568837));
#2889 = CARTESIAN_POINT('',(63.756616051239,18.773895269762,
    109.72961568664));
#2890 = CARTESIAN_POINT('',(63.770746292083,18.771178198428,
    109.72961568304));
#2891 = CARTESIAN_POINT('',(63.777538415982,18.769923972464,
    109.7296156812));
#2892 = CARTESIAN_POINT('',(63.784339595945,18.768719820962,
    109.72961567923));
#2893 = CARTESIAN_POINT('',(63.798810169364,18.766267606901,
    109.72961567479));
#2894 = CARTESIAN_POINT('',(63.806481821082,18.765032870327,
    109.72961567229));
#2895 = CARTESIAN_POINT('',(63.814163443272,18.76386176193,
    109.72961566963));
#2896 = CARTESIAN_POINT('',(63.830114732515,18.761565002587,
    109.72961566381));
#2897 = CARTESIAN_POINT('',(63.838385809652,18.760449144692,
    109.72961566063));
#2898 = CARTESIAN_POINT('',(63.846666492839,18.759406963527,
    109.72961565727));
#2899 = CARTESIAN_POINT('',(63.862101748252,18.757603755836,
    109.72961565068));
#2900 = CARTESIAN_POINT('',(63.869254106399,18.756823776824,
    109.72961564749));
#2901 = CARTESIAN_POINT('',(63.876412239787,18.756098710928,
    109.72961564419));
#2902 = CARTESIAN_POINT('',(63.891884915544,18.754651308789,
    109.72961563677));
#2903 = CARTESIAN_POINT('',(63.900201235151,18.753947970977,
    109.7296156326));
#2904 = CARTESIAN_POINT('',(63.908523486588,18.753318696315,
    109.72961562827));
#2905 = CARTESIAN_POINT('',(63.923742150323,18.752304120023,
    109.72961562003));
#2906 = CARTESIAN_POINT('',(63.930637005437,18.75189546022,
    109.72961561618));
#2907 = CARTESIAN_POINT('',(63.93753468418,18.751537608793,
    109.72961561222));
#2908 = CARTESIAN_POINT('',(63.950759570353,18.750949157524,
    109.72961560439));
#2909 = CARTESIAN_POINT('',(63.957086416524,18.750710438462,
    109.72961560055));
#2910 = CARTESIAN_POINT('',(63.963414730574,18.750514452807,
    109.72961559661));
#2911 = CARTESIAN_POINT('',(63.984458114306,18.750004965138,
    109.72961558318));
#2912 = CARTESIAN_POINT('',(63.99917774205,18.74987972325,
    109.72961557327));
#2913 = CARTESIAN_POINT('',(64.013897522011,18.749985617097,
    109.72961556281));
#2914 = CARTESIAN_POINT('',(64.034777148556,18.75046367992,
    109.72961554725));
#2915 = CARTESIAN_POINT('',(64.040941356677,18.750645391205,
    109.72961554257));
#2916 = CARTESIAN_POINT('',(64.047104236119,18.750867646791,
    109.72961553778));
#2917 = CARTESIAN_POINT('',(64.058687199797,18.751361678511,
    109.72961552863));
#2918 = CARTESIAN_POINT('',(64.064107674003,18.7516243117,
    109.72961552427));
#2919 = CARTESIAN_POINT('',(64.069526537096,18.751918317565,
    109.72961551984));
#2920 = CARTESIAN_POINT('',(64.082084081031,18.752672566271,
    109.72961550942));
#2921 = CARTESIAN_POINT('',(64.089221372694,18.75315593764,
    109.72961550337));
#2922 = CARTESIAN_POINT('',(64.096354768157,18.753693756399,
    109.72961549719));
#2923 = CARTESIAN_POINT('',(64.110612521511,18.754878185256,
    109.7296154846));
#2924 = CARTESIAN_POINT('',(64.117736879415,18.755524795356,
    109.72961547819));
#2925 = CARTESIAN_POINT('',(64.124856095894,18.756225749402,
    109.72961547166));
#2926 = CARTESIAN_POINT('',(64.138101837472,18.757632043532,
    109.72961545927));
#2927 = CARTESIAN_POINT('',(64.144229842654,18.758323443018,
    109.72961545344));
#2928 = CARTESIAN_POINT('',(64.150353167203,18.759055137633,
    109.72961544752));
#2929 = CARTESIAN_POINT('',(64.162834390753,18.760629894504,
    109.72961543528));
#2930 = CARTESIAN_POINT('',(64.169191875418,18.761476240756,
    109.72961542894));
#2931 = CARTESIAN_POINT('',(64.175543421314,18.762366059668,
    109.72961542251));
#2932 = CARTESIAN_POINT('',(64.188965878804,18.764340191726,
    109.7296154087));
#2933 = CARTESIAN_POINT('',(64.196035232132,18.765435099813,
    109.7296154013));
#2934 = CARTESIAN_POINT('',(64.203096024872,18.766583919076,
    109.72961539378));
#2935 = CARTESIAN_POINT('',(64.217199257512,18.7689891699,
    109.72961537852));
#2936 = CARTESIAN_POINT('',(64.224241697425,18.770245601464,
    109.72961537077));
#2937 = CARTESIAN_POINT('',(64.231274345019,18.771555734137,
    109.7296153629));
#2938 = CARTESIAN_POINT('',(64.245076682762,18.774236138863,
    109.72961534722));
#2939 = CARTESIAN_POINT('',(64.251847078178,18.775602779322,
    109.72961533941));
#2940 = CARTESIAN_POINT('',(64.258607221216,18.777019262987,
    109.72961533149));
#2941 = CARTESIAN_POINT('',(64.272346951483,18.780004042549,
    109.72961531516));
#2942 = CARTESIAN_POINT('',(64.279325753382,18.781575953576,
    109.72961530673));
#2943 = CARTESIAN_POINT('',(64.28629235753,18.783201070933,
    109.72961529819));
#2944 = CARTESIAN_POINT('',(64.299480597223,18.786383820656,
    109.72961528179));
#2945 = CARTESIAN_POINT('',(64.305704745067,18.787931042967,
    109.72961527395));
#2946 = CARTESIAN_POINT('',(64.311918162466,18.789520809356,
    109.72961526601));
#2947 = CARTESIAN_POINT('',(64.325038310051,18.792973531445,
    109.72961524904));
#2948 = CARTESIAN_POINT('',(64.331942314855,18.794846843461,
    109.72961523998));
#2949 = CARTESIAN_POINT('',(64.338831824229,18.796772782286,
    109.72961523081));
#2950 = CARTESIAN_POINT('',(64.352580651422,18.800729568006,
    109.72961521225));
#2951 = CARTESIAN_POINT('',(64.359439969253,18.802760414906,
    109.72961520286));
#2952 = CARTESIAN_POINT('',(64.366283590877,18.804843543043,
    109.72961519336));
#2953 = CARTESIAN_POINT('',(64.379467398947,18.808966732093,
    109.72961517482));
#2954 = CARTESIAN_POINT('',(64.385809755151,18.810999855304,
    109.72961516578));
#2955 = CARTESIAN_POINT('',(64.3921375074,18.813077985059,
    109.72961515665));
#2956 = CARTESIAN_POINT('',(64.405230453487,18.817481193699,
    109.72961513753));
#2957 = CARTESIAN_POINT('',(64.411993330231,18.819813162481,
    109.72961512752));
#2958 = CARTESIAN_POINT('',(64.418738215849,18.822196667832,
    109.72961511741));
#2959 = CARTESIAN_POINT('',(64.432190830011,18.827066326403,
    109.72961509697));
#2960 = CARTESIAN_POINT('',(64.438898558569,18.82955247963,
    109.72961508665));
#2961 = CARTESIAN_POINT('',(64.445587121092,18.832089744124,
    109.72961507622));
#2962 = CARTESIAN_POINT('',(64.458924749297,18.837266043603,
    109.72961505517));
#2963 = CARTESIAN_POINT('',(64.46557381499,18.839905078593,
    109.72961504454));
#2964 = CARTESIAN_POINT('',(64.472202549784,18.84259477277,
    109.72961503381));
#2965 = CARTESIAN_POINT('',(64.485190347354,18.847980514214,
    109.72961501252));
#2966 = CARTESIAN_POINT('',(64.491550827212,18.850673144208,
    109.72961500196));
#2967 = CARTESIAN_POINT('',(64.497891296696,18.853412561395,
    109.72961499132));
#2968 = CARTESIAN_POINT('',(64.510756898216,18.859084015741,
    109.72961496946));
#2969 = CARTESIAN_POINT('',(64.517280538016,18.862019438035,
    109.72961495824));
#2970 = CARTESIAN_POINT('',(64.523781588969,18.865004553816,
    109.72961494692));
#2971 = CARTESIAN_POINT('',(64.535397127315,18.870445805587,
    109.72961492646));
#2972 = CARTESIAN_POINT('',(64.540520204771,18.87288360427,
    109.72961491734));
#2973 = CARTESIAN_POINT('',(64.545628435441,18.875352361888,
    109.72961490817));
#2974 = CARTESIAN_POINT('',(64.557143279574,18.881003584557,
    109.72961488729));
#2975 = CARTESIAN_POINT('',(64.56354097151,18.88420422796,
    109.72961487556));
#2976 = CARTESIAN_POINT('',(64.569914054482,18.887453596075,
    109.72961486372));
#2977 = CARTESIAN_POINT('',(64.582609893784,18.894049205738,
    109.72961483988));
#2978 = CARTESIAN_POINT('',(64.588932650126,18.897395447294,
    109.72961482786));
#2979 = CARTESIAN_POINT('',(64.59522968869,18.900789837522,
    109.72961481575));
#2980 = CARTESIAN_POINT('',(64.607771235029,18.907674314106,
    109.72961479135));
#2981 = CARTESIAN_POINT('',(64.614015742815,18.91116440047,
    109.72961477906));
#2982 = CARTESIAN_POINT('',(64.620233437485,18.914702034238,
    109.72961476668));
#2983 = CARTESIAN_POINT('',(64.631973739302,18.921500922023,
    109.72961474303));
#2984 = CARTESIAN_POINT('',(64.637501713128,18.924752908911,
    109.72961473177));
#2985 = CARTESIAN_POINT('',(64.643007310252,18.928042637347,
    109.72961472045));
#2986 = CARTESIAN_POINT('',(64.654605616267,18.935081022115,
    109.72961469635));
#2987 = CARTESIAN_POINT('',(64.66069276945,18.938838833508,
    109.72961468356));
#2988 = CARTESIAN_POINT('',(64.666751071209,18.942642983804,
    109.72961467068));
#2989 = CARTESIAN_POINT('',(64.678808918893,18.950343289748,
    109.72961464476));
#2990 = CARTESIAN_POINT('',(64.684808464829,18.954239445405,
    109.72961463171));
#2991 = CARTESIAN_POINT('',(64.690778106248,18.958181267445,
    109.72961461858));
#2992 = CARTESIAN_POINT('',(64.702656542737,18.966155547913,
    109.72961459215));
#2993 = CARTESIAN_POINT('',(64.708565337817,18.97018800635,
    109.72961457885));
#2994 = CARTESIAN_POINT('',(64.714443190958,18.974265434722,
    109.72961456548));
#2995 = CARTESIAN_POINT('',(64.72593439223,18.982367372139,
    109.72961453903));
#2996 = CARTESIAN_POINT('',(64.731549872113,18.986388857692,
    109.72961452596));
#2997 = CARTESIAN_POINT('',(64.737135571609,18.990451605638,
    109.72961451282));
#2998 = CARTESIAN_POINT('',(64.748444914847,18.998805518039,
    109.72961448592));
#2999 = CARTESIAN_POINT('',(64.754166360557,19.003099658157,
    109.72961447216));
#3000 = CARTESIAN_POINT('',(64.759854873005,19.007437331009,
    109.72961445831));
#3001 = CARTESIAN_POINT('',(64.77097004075,19.016047914183,
    109.72961443096));
#3002 = CARTESIAN_POINT('',(64.776398961628,19.020317899952,
    109.72961441746));
#3003 = CARTESIAN_POINT('',(64.78179627638,19.02462776691,
    109.72961440389));
#3004 = CARTESIAN_POINT('',(64.792718436939,19.033481890561,
    109.72961437611));
#3005 = CARTESIAN_POINT('',(64.798240953101,19.038029021041,
    109.72961436191));
#3006 = CARTESIAN_POINT('',(64.803728611338,19.042618158947,
    109.72961434764));
#3007 = CARTESIAN_POINT('',(64.814633259694,19.051879640827,
    109.72961431895));
#3008 = CARTESIAN_POINT('',(64.820050249823,19.056551984813,
    109.72961430453));
#3009 = CARTESIAN_POINT('',(64.825431429651,19.061265527355,
    109.72961429005));
#3010 = CARTESIAN_POINT('',(64.836121235202,19.070774179188,
    109.72961426095));
#3011 = CARTESIAN_POINT('',(64.841429860934,19.07556928849,
    109.72961424633));
#3012 = CARTESIAN_POINT('',(64.846701742753,19.080404765893,
    109.72961423164));
#3013 = CARTESIAN_POINT('',(64.857171104315,19.090155605389,
    109.72961420214));
#3014 = CARTESIAN_POINT('',(64.862368584066,19.095070967494,
    109.72961418732));
#3015 = CARTESIAN_POINT('',(64.867528405546,19.100025846092,
    109.72961417244));
#3016 = CARTESIAN_POINT('',(64.877771837442,19.110013764062,
    109.72961414255));
#3017 = CARTESIAN_POINT('',(64.882855447867,19.115046803446,
    109.72961412754));
#3018 = CARTESIAN_POINT('',(64.887900505394,19.12011848701,
    109.72961411248));
#3019 = CARTESIAN_POINT('',(64.89774001731,19.130162047227,
    109.72961408274));
#3020 = CARTESIAN_POINT('',(64.902537114317,19.135131334972,
    109.72961406808));
#3021 = CARTESIAN_POINT('',(64.907297470301,19.140135830013,
    109.72961405336));
#3022 = CARTESIAN_POINT('',(64.916912618021,19.150394388938,
    109.72961402329));
#3023 = CARTESIAN_POINT('',(64.921764710583,19.155650982718,
    109.72961400793));
#3024 = CARTESIAN_POINT('',(64.926576551144,19.160944447558,
    109.72961399252));
#3025 = CARTESIAN_POINT('',(64.936118894975,19.171604188485,
    109.72961396159));
#3026 = CARTESIAN_POINT('',(64.94084939825,19.176970464583,
    109.72961394606));
#3027 = CARTESIAN_POINT('',(64.945538816129,19.182372680754,
    109.72961393049));
#3028 = CARTESIAN_POINT('',(64.954834669329,19.193248043539,
    109.72961389924));
#3029 = CARTESIAN_POINT('',(64.959441104656,19.198721190164,
    109.72961388356));
#3030 = CARTESIAN_POINT('',(64.964005642718,19.204229327043,
    109.72961386783));
#3031 = CARTESIAN_POINT('',(64.973050134498,19.215314613275,
    109.72961383627));
#3032 = CARTESIAN_POINT('',(64.977530088223,19.220891762639,
    109.72961382044));
#3033 = CARTESIAN_POINT('',(64.981967354768,19.226502934104,
    109.72961380456));
#3034 = CARTESIAN_POINT('',(64.990755746048,19.237792335377,
    109.72961377271));
#3035 = CARTESIAN_POINT('',(64.995106870789,19.243470565198,
    109.72961375674));
#3036 = CARTESIAN_POINT('',(64.999414540803,19.249181831139,
    109.72961374072));
#3037 = CARTESIAN_POINT('',(65.007942226691,19.260669432097,
    109.7296137086));
#3038 = CARTESIAN_POINT('',(65.012162242572,19.266445767128,
    109.7296136925));
#3039 = CARTESIAN_POINT('',(65.016338058945,19.272254134988,
    109.72961367635));
#3040 = CARTESIAN_POINT('',(65.024600571154,19.283933916424,
    109.72961364398));
#3041 = CARTESIAN_POINT('',(65.028687266994,19.289805330013,
    109.72961362775));
#3042 = CARTESIAN_POINT('',(65.032729041708,19.295707756357,
    109.72961361149));
#3043 = CARTESIAN_POINT('',(65.040584240385,19.307369014878,
    109.72961357944));
#3044 = CARTESIAN_POINT('',(65.044400732606,19.313125780251,
    109.72961356365));
#3045 = CARTESIAN_POINT('',(65.048174708747,19.318910507017,
    109.72961354784));
#3046 = CARTESIAN_POINT('',(65.055637021397,19.330534937035,
    109.72961351615));
#3047 = CARTESIAN_POINT('',(65.05932535791,19.336374640298,
    109.72961350027));
#3048 = CARTESIAN_POINT('',(65.062970570784,19.342241358526,
    109.72961348436));
#3049 = CARTESIAN_POINT('',(65.070174162845,19.35402786542,
    109.72961345248));
#3050 = CARTESIAN_POINT('',(65.073732542035,19.359947654096,
    109.7296134365));
#3051 = CARTESIAN_POINT('',(65.077247211093,19.365893498114,
    109.7296134205));
#3052 = CARTESIAN_POINT('',(65.08418856388,19.377836324614,
    109.72961338844));
#3053 = CARTESIAN_POINT('',(65.087615247612,19.383833307108,
    109.72961337239));
#3054 = CARTESIAN_POINT('',(65.090997656068,19.389855372593,
    109.7296133563));
#3055 = CARTESIAN_POINT('',(65.097792588329,19.40216463709,
    109.72961332351));
#3056 = CARTESIAN_POINT('',(65.101201873387,19.408453623958,
    109.7296133068));
#3057 = CARTESIAN_POINT('',(65.10456307073,19.414768442403,
    109.72961329006));
#3058 = CARTESIAN_POINT('',(65.111188711407,19.427448635147,
    109.72961325654));
#3059 = CARTESIAN_POINT('',(65.114453154744,19.433814009458,
    109.72961323976));
#3060 = CARTESIAN_POINT('',(65.117668931706,19.4402041079,
    109.72961322295));
#3061 = CARTESIAN_POINT('',(65.124002599798,19.453032632792,
    109.72961318929));
#3062 = CARTESIAN_POINT('',(65.12712049093,19.459471059255,
    109.72961317244));
#3063 = CARTESIAN_POINT('',(65.130189162528,19.465933089447,
    109.72961315557));
#3064 = CARTESIAN_POINT('',(65.136227539355,19.478903224669,
    109.72961312179));
#3065 = CARTESIAN_POINT('',(65.139197244588,19.485411329713,
    109.72961310489));
#3066 = CARTESIAN_POINT('',(65.142117202915,19.491941905716,
    109.72961308796));
#3067 = CARTESIAN_POINT('',(65.147857124523,19.505046855251,
    109.72961305409));
#3068 = CARTESIAN_POINT('',(65.150677087807,19.511621228797,
    109.72961303714));
#3069 = CARTESIAN_POINT('',(65.153446802881,19.518216928758,
    109.72961302017));
#3070 = CARTESIAN_POINT('',(65.158603962098,19.530765365733,
    109.72961298796));
#3071 = CARTESIAN_POINT('',(65.161001311286,19.536714031995,
    109.72961297273));
#3072 = CARTESIAN_POINT('',(65.163357908672,19.542678959618,
    109.72961295749));
#3073 = CARTESIAN_POINT('',(65.167900210033,19.554410468414,
    109.72961292758));
#3074 = CARTESIAN_POINT('',(65.170089000744,19.560175854451,
    109.72961291291));
#3075 = CARTESIAN_POINT('',(65.172239819308,19.5659555136,
    109.72961289823));
#3076 = CARTESIAN_POINT('',(65.176803271438,19.578469595213,
    109.72961286652));
#3077 = CARTESIAN_POINT('',(65.179202734441,19.58520882052,
    109.72961284948));
#3078 = CARTESIAN_POINT('',(65.18155070357,19.591966158793,
    109.72961283243));
#3079 = CARTESIAN_POINT('',(65.185984889261,19.605048646333,
    109.72961279951));
#3080 = CARTESIAN_POINT('',(65.188077990218,19.61137146222,
    109.72961278364));
#3081 = CARTESIAN_POINT('',(65.190126119296,19.617708988468,
    109.72961276776));
#3082 = CARTESIAN_POINT('',(65.194280501253,19.630883000545,
    109.72961273482));
#3083 = CARTESIAN_POINT('',(65.196379821576,19.637721672537,
    109.72961271777));
#3084 = CARTESIAN_POINT('',(65.198426897933,19.644576164346,
    109.72961270071));
#3085 = CARTESIAN_POINT('',(65.202416214351,19.658315587802,
    109.7296126666));
#3086 = CARTESIAN_POINT('',(65.204358454413,19.665200519463,
    109.72961264955));
#3087 = CARTESIAN_POINT('',(65.206248102096,19.672100070984,
    109.7296126325));
#3088 = CARTESIAN_POINT('',(65.209858550691,19.685688807404,
    109.72961259899));
#3089 = CARTESIAN_POINT('',(65.211582927001,19.692377042357,
    109.72961258254));
#3090 = CARTESIAN_POINT('',(65.213257981505,19.699077799931,
    109.72961256609));
#3091 = CARTESIAN_POINT('',(65.216509182242,19.712503267412,
    109.72961253321));
#3092 = CARTESIAN_POINT('',(65.218085328475,19.719227977331,
    109.72961251677));
#3093 = CARTESIAN_POINT('',(65.2196118882,19.725964116808,
    109.72961250035));
#3094 = CARTESIAN_POINT('',(65.222618338942,19.739699121389,
    109.72961246693));
#3095 = CARTESIAN_POINT('',(65.224094616076,19.746698777542,
    109.72961244994));
#3096 = CARTESIAN_POINT('',(65.22551743899,19.753709494661,
    109.72961243296));
#3097 = CARTESIAN_POINT('',(65.228208721753,19.767509715443,
    109.72961239961));
#3098 = CARTESIAN_POINT('',(65.229480812645,19.774298511006,
    109.72961238324));
#3099 = CARTESIAN_POINT('',(65.230702853138,19.781096494287,
    109.72961236688));
#3100 = CARTESIAN_POINT('',(65.233088495919,19.794952821557,
    109.72961233361));
#3101 = CARTESIAN_POINT('',(65.2342484524,19.802011793252,
    109.72961231671));
#3102 = CARTESIAN_POINT('',(65.235354511263,19.809079410485,
    109.72961229982));
#3103 = CARTESIAN_POINT('',(65.23745865001,19.823230700268,
    109.72961226607));
#3104 = CARTESIAN_POINT('',(65.238456729894,19.830314372831,
    109.72961224922));
#3105 = CARTESIAN_POINT('',(65.239400728392,19.837405455005,
    109.72961223239));
#3106 = CARTESIAN_POINT('',(65.241180407211,19.851601198934,
    109.72961219877));
#3107 = CARTESIAN_POINT('',(65.24201608753,19.858705860701,
    109.72961218198));
#3108 = CARTESIAN_POINT('',(65.242797531033,19.865816692272,
    109.72961216522));
#3109 = CARTESIAN_POINT('',(65.244251817417,19.880049452141,
    109.72961213174));
#3110 = CARTESIAN_POINT('',(65.244924660295,19.887171380453,
    109.72961211503));
#3111 = CARTESIAN_POINT('',(65.245543139347,19.894298235526,
    109.72961209834));
#3112 = CARTESIAN_POINT('',(65.246671271287,19.908560553736,
    109.72961206502));
#3113 = CARTESIAN_POINT('',(65.247180924173,19.915696016885,
    109.72961204839));
#3114 = CARTESIAN_POINT('',(65.247636114707,19.922835161172,
    109.72961203178));
#3115 = CARTESIAN_POINT('',(65.248437501091,19.937119564633,
    109.72961199864));
#3116 = CARTESIAN_POINT('',(65.24878369694,19.944264823821,
    109.7296119821));
#3117 = CARTESIAN_POINT('',(65.249075360447,19.951412516594,
    109.72961196559));
#3118 = CARTESIAN_POINT('',(65.2495250527,19.964971916971,
    109.72961193434));
#3119 = CARTESIAN_POINT('',(65.249693784481,19.971383269636,
    109.7296119196));
#3120 = CARTESIAN_POINT('',(65.249818651325,19.97779562654,
    109.72961190488));
#3121 = CARTESIAN_POINT('',(65.249949491377,19.988154944296,
    109.72961188116));
#3122 = CARTESIAN_POINT('',(65.249982721481,19.99210156092,
    109.72961187214));
#3123 = CARTESIAN_POINT('',(65.249999336532,19.996048282448,
    109.72961186312));
#3124 = CARTESIAN_POINT('',(65.249999336532,19.999995003958,
    109.72961185412));
#3125 = ORIENTED_EDGE('',*,*,#3126,.T.);
#3126 = EDGE_CURVE('',#2877,#2201,#3127,.T.);
#3127 = B_SPLINE_CURVE_WITH_KNOTS('',7,(#3128,#3129,#3130,#3131,#3132,
    #3133,#3134,#3135,#3136,#3137,#3138,#3139,#3140,#3141,#3142,#3143,
    #3144,#3145,#3146,#3147,#3148,#3149,#3150,#3151,#3152,#3153,#3154,
    #3155,#3156,#3157,#3158,#3159,#3160,#3161,#3162,#3163,#3164,#3165,
    #3166,#3167,#3168,#3169,#3170,#3171),.UNSPECIFIED.,.F.,.F.,(8,6,6,6,
    6,6,6,8),(0.,0.375647240214,0.741116845049,0.75596773355,
    0.771746801691,0.803304934008,0.865492972039,1.),.UNSPECIFIED.);
#3128 = CARTESIAN_POINT('',(65.249999336532,19.999995003958,
    109.72961185412));
#3129 = CARTESIAN_POINT('',(65.249999336532,20.228180060335,
    109.72961133354));
#3130 = CARTESIAN_POINT('',(65.201400658006,20.456906043648,
    109.72961084542));
#3131 = CARTESIAN_POINT('',(65.103800532456,20.67270752388,
    109.72961042077));
#3132 = CARTESIAN_POINT('',(64.962034511613,20.86336552043,
    109.72961008409));
#3133 = CARTESIAN_POINT('',(64.783471798276,21.018966505573,
    109.7296098529));
#3134 = CARTESIAN_POINT('',(64.578425163401,21.131362200194,
    109.72960973864));
#3135 = CARTESIAN_POINT('',(64.147302323025,21.260981440106,
    109.72960974182));
#3136 = CARTESIAN_POINT('',(63.921004588301,21.280984390694,
    109.72960985308));
#3137 = CARTESIAN_POINT('',(63.692732444858,21.253188758419,
    109.72961007475));
#3138 = CARTESIAN_POINT('',(63.474510799994,21.178455593219,
    109.72961039655));
#3139 = CARTESIAN_POINT('',(63.277122804146,21.06047771605,
    109.72961080253));
#3140 = CARTESIAN_POINT('',(63.110596731336,20.905946460582,
    109.72961127053));
#3141 = CARTESIAN_POINT('',(62.976580992786,20.717766742232,
    109.72961179275));
#3142 = CARTESIAN_POINT('',(62.971409767655,20.710374573234,
    109.7296118132));
#3143 = CARTESIAN_POINT('',(62.966300856421,20.702938968385,
    109.72961183371));
#3144 = CARTESIAN_POINT('',(62.961254696339,20.695460558368,
    109.72961185426));
#3145 = CARTESIAN_POINT('',(62.956271716635,20.68793997929,
    109.72961187488));
#3146 = CARTESIAN_POINT('',(62.951352338499,20.680377872677,
    109.72961189554));
#3147 = CARTESIAN_POINT('',(62.941338151749,20.664696712032,
    109.72961193826));
#3148 = CARTESIAN_POINT('',(62.936251594893,20.656572388034,
    109.72961196032));
#3149 = CARTESIAN_POINT('',(62.931237800092,20.648402689503,
    109.72961198243));
#3150 = CARTESIAN_POINT('',(62.926297252336,20.640188398826,
    109.7296120046));
#3151 = CARTESIAN_POINT('',(62.92143042603,20.631930304757,
    109.72961202681));
#3152 = CARTESIAN_POINT('',(62.916637784995,20.623629202415,
    109.72961204907));
#3153 = CARTESIAN_POINT('',(62.902483778594,20.598599277129,
    109.72961211599));
#3154 = CARTESIAN_POINT('',(62.893346326413,20.581743829579,
    109.72961216078));
#3155 = CARTESIAN_POINT('',(62.884511054771,20.564725968421,
    109.72961220573));
#3156 = CARTESIAN_POINT('',(62.87598141552,20.547552199352,
    109.72961225082));
#3157 = CARTESIAN_POINT('',(62.867760683512,20.530229115978,
    109.72961229604));
#3158 = CARTESIAN_POINT('',(62.8598519566,20.512763399819,
    109.72961234137));
#3159 = CARTESIAN_POINT('',(62.837293911929,20.460476380575,
    109.72961247629));
#3160 = CARTESIAN_POINT('',(62.823552542992,20.425263218631,
    109.72961256615));
#3161 = CARTESIAN_POINT('',(62.81105645909,20.389574320756,
    109.72961265624));
#3162 = CARTESIAN_POINT('',(62.79982522492,20.35346255827,
    109.72961274641));
#3163 = CARTESIAN_POINT('',(62.789875559611,20.316981687524,
    109.72961283653));
#3164 = CARTESIAN_POINT('',(62.781221336728,20.280186349903,
    109.72961292647));
#3165 = CARTESIAN_POINT('',(62.757981068966,20.162987063632,
    109.72961320996));
#3166 = CARTESIAN_POINT('',(62.74819993925,20.081626994783,
    109.72961340236));
#3167 = CARTESIAN_POINT('',(62.744642018732,19.999616524153,
    109.72961359192));
#3168 = CARTESIAN_POINT('',(62.747353677782,19.917526859274,
    109.72961377731));
#3169 = CARTESIAN_POINT('',(62.756316024945,19.835929955825,
    109.72961395725));
#3170 = CARTESIAN_POINT('',(62.771445098352,19.755392717124,
    109.7296141305));
#3171 = CARTESIAN_POINT('',(62.792592057139,19.676471193622,
    109.72961429589));
#3172 = ORIENTED_EDGE('',*,*,#2200,.F.);
#3173 = ORIENTED_EDGE('',*,*,#2859,.T.);
#3174 = CONICAL_SURFACE('',#3175,0.,1.029744258677);
#3175 = AXIS2_PLACEMENT_3D('',#3176,#3177,#3178);
#3176 = CARTESIAN_POINT('',(64.00000078,19.99999975,108.97853694765));
#3177 = DIRECTION('',(0.,0.,1.));
#3178 = DIRECTION('',(0.,-1.,0.));
#3179 = ADVANCED_FACE('',(#3180),#3713,.F.);
#3180 = FACE_BOUND('',#3181,.F.);
#3181 = EDGE_LOOP('',(#3182,#3183,#3184,#3185,#3186));
#3182 = ORIENTED_EDGE('',*,*,#2209,.T.);
#3183 = ORIENTED_EDGE('',*,*,#3126,.F.);
#3184 = ORIENTED_EDGE('',*,*,#2876,.F.);
#3185 = ORIENTED_EDGE('',*,*,#2091,.F.);
#3186 = ORIENTED_EDGE('',*,*,#3187,.F.);
#3187 = EDGE_CURVE('',#2158,#2084,#3188,.T.);
#3188 = B_SPLINE_CURVE_WITH_KNOTS('',7,(#3189,#3190,#3191,#3192,#3193,
    #3194,#3195,#3196,#3197,#3198,#3199,#3200,#3201,#3202,#3203,#3204,
    #3205,#3206,#3207,#3208,#3209,#3210,#3211,#3212,#3213,#3214,#3215,
    #3216,#3217,#3218,#3219,#3220,#3221,#3222,#3223,#3224,#3225,#3226,
    #3227,#3228,#3229,#3230,#3231,#3232,#3233,#3234,#3235,#3236,#3237,
    #3238,#3239,#3240,#3241,#3242,#3243,#3244,#3245,#3246,#3247,#3248,
    #3249,#3250,#3251,#3252,#3253,#3254,#3255,#3256,#3257,#3258,#3259,
    #3260,#3261,#3262,#3263,#3264,#3265,#3266,#3267,#3268,#3269,#3270,
    #3271,#3272,#3273,#3274,#3275,#3276,#3277,#3278,#3279,#3280,#3281,
    #3282,#3283,#3284,#3285,#3286,#3287,#3288,#3289,#3290,#3291,#3292,
    #3293,#3294,#3295,#3296,#3297,#3298,#3299,#3300,#3301,#3302,#3303,
    #3304,#3305,#3306,#3307,#3308,#3309,#3310,#3311,#3312,#3313,#3314,
    #3315,#3316,#3317,#3318,#3319,#3320,#3321,#3322,#3323,#3324,#3325,
    #3326,#3327,#3328,#3329,#3330,#3331,#3332,#3333,#3334,#3335,#3336,
    #3337,#3338,#3339,#3340,#3341,#3342,#3343,#3344,#3345,#3346,#3347,
    #3348,#3349,#3350,#3351,#3352,#3353,#3354,#3355,#3356,#3357,#3358,
    #3359,#3360,#3361,#3362,#3363,#3364,#3365,#3366,#3367,#3368,#3369,
    #3370,#3371,#3372,#3373,#3374,#3375,#3376,#3377,#3378,#3379,#3380,
    #3381,#3382,#3383,#3384,#3385,#3386,#3387,#3388,#3389,#3390,#3391,
    #3392,#3393,#3394,#3395,#3396,#3397,#3398,#3399,#3400,#3401,#3402,
    #3403,#3404,#3405,#3406,#3407,#3408,#3409,#3410,#3411,#3412,#3413,
    #3414,#3415,#3416,#3417,#3418,#3419,#3420,#3421,#3422,#3423,#3424,
    #3425,#3426,#3427,#3428,#3429,#3430,#3431,#3432,#3433,#3434,#3435,
    #3436,#3437,#3438,#3439,#3440,#3441,#3442,#3443,#3444,#3445,#3446,
    #3447,#3448,#3449,#3450,#3451,#3452,#3453,#3454,#3455,#3456,#3457,
    #3458,#3459,#3460,#3461,#3462,#3463,#3464,#3465,#3466,#3467,#3468,
    #3469,#3470,#3471,#3472,#3473,#3474,#3475,#3476,#3477,#3478,#3479,
    #3480,#3481,#3482,#3483,#3484,#3485,#3486,#3487,#3488,#3489,#3490,
    #3491,#3492,#3493,#3494,#3495,#3496,#3497,#3498,#3499,#3500,#3501,
    #3502,#3503,#3504,#3505,#3506,#3507,#3508,#3509,#3510,#3511,#3512,
    #3513,#3514,#3515,#3516,#3517,#3518,#3519,#3520,#3521,#3522,#3523,
    #3524,#3525,#3526,#3527,#3528,#3529,#3530,#3531,#3532,#3533,#3534,
    #3535,#3536,#3537,#3538,#3539,#3540,#3541,#3542,#3543,#3544,#3545,
    #3546,#3547,#3548,#3549,#3550,#3551,#3552,#3553,#3554,#3555,#3556,
    #3557,#3558,#3559,#3560,#3561,#3562,#3563,#3564,#3565,#3566,#3567,
    #3568,#3569,#3570,#3571,#3572,#3573,#3574,#3575,#3576,#3577,#3578,
    #3579,#3580,#3581,#3582,#3583,#3584,#3585,#3586,#3587,#3588,#3589,
    #3590,#3591,#3592,#3593,#3594,#3595,#3596,#3597,#3598,#3599,#3600,
    #3601,#3602,#3603,#3604,#3605,#3606,#3607,#3608,#3609,#3610,#3611,
    #3612,#3613,#3614,#3615,#3616,#3617,#3618,#3619,#3620,#3621,#3622,
    #3623,#3624,#3625,#3626,#3627,#3628,#3629,#3630,#3631,#3632,#3633,
    #3634,#3635,#3636,#3637,#3638,#3639,#3640,#3641,#3642,#3643,#3644,
    #3645,#3646,#3647,#3648,#3649,#3650,#3651,#3652,#3653,#3654,#3655,
    #3656,#3657,#3658,#3659,#3660,#3661,#3662,#3663,#3664,#3665,#3666,
    #3667,#3668,#3669,#3670,#3671,#3672,#3673,#3674,#3675,#3676,#3677,
    #3678,#3679,#3680,#3681,#3682,#3683,#3684,#3685,#3686,#3687,#3688,
    #3689,#3690,#3691,#3692,#3693,#3694,#3695,#3696,#3697,#3698,#3699,
    #3700,#3701,#3702,#3703,#3704,#3705,#3706,#3707,#3708,#3709,#3710,
    #3711,#3712),.UNSPECIFIED.,.F.,.F.,(8,6,6,6,6,6,6,6,6,6,6,6,6,6,6,6,
    6,6,6,6,6,6,6,6,6,6,6,6,6,6,6,6,6,6,6,6,6,6,6,6,6,6,6,6,6,6,6,6,6,6,
    6,6,6,6,6,6,6,6,6,6,6,6,6,6,6,6,6,6,6,6,6,6,6,6,6,6,6,6,6,6,6,6,6,6,
    6,6,6,8),(0.,0.134507027961,0.196695065992,0.228253198309,
    0.24403226645,0.258883154951,0.624352759786,1.,1.003712713498,
    1.009745872825,1.016475165764,1.023204458535,1.029933751139,
    1.036663043574,1.043392335841,1.050121627937,1.056618875318,
    1.063348167079,1.069845414135,1.076342661031,1.083071952291,
    1.089801243379,1.096066445272,1.102795736029,1.108596848613,
    1.114630005566,1.12135929585,1.128088585965,1.13481787591,
    1.141547165685,1.148276455292,1.15477370027,1.161270945093,
    1.167768189761,1.174265434274,1.180994723074,1.187724011711,
    1.194453300186,1.201182588501,1.207911876657,1.214641164656,
    1.2213704525,1.227867695789,1.234596983332,1.241326270724,
    1.248055557968,1.254784845065,1.261514132019,1.268011374459,
    1.274740661135,1.281237903313,1.28796718972,1.294696475995,
    1.30142576214,1.307458915126,1.31418820103,1.320917486812,
    1.327646772473,1.332983792053,1.339713077506,1.346210318528,
    1.352939603764,1.359668888895,1.366398173923,1.372663370238,
    1.379392655077,1.386121939822,1.392155091586,1.398884376163,
    1.405381616365,1.412110900781,1.41884018512,1.424873336535,
    1.430674443611,1.437403727757,1.444133011839,1.449237985931,
    1.455039092814,1.471321210341,1.479172047184,1.485669291427,
    1.493520128175,1.501100246373,1.507868209021,1.514636171645,
    1.521945571256,1.529525689352,1.538730118448),.UNSPECIFIED.);
#3189 = CARTESIAN_POINT('',(62.792592057139,19.676471193622,
    0.270385704109));
#3190 = CARTESIAN_POINT('',(62.771445098352,19.755392717124,
    0.270385869497));
#3191 = CARTESIAN_POINT('',(62.756316024945,19.835929955825,
    0.270386042742));
#3192 = CARTESIAN_POINT('',(62.747353677782,19.917526859274,
    0.270386222681));
#3193 = CARTESIAN_POINT('',(62.744642018732,19.999616524153,
    0.270386408078));
#3194 = CARTESIAN_POINT('',(62.74819993925,20.081626994783,0.27038659764
    ));
#3195 = CARTESIAN_POINT('',(62.757981068966,20.162987063632,
    0.270386790034));
#3196 = CARTESIAN_POINT('',(62.781221336728,20.280186349903,
    0.27038707352));
#3197 = CARTESIAN_POINT('',(62.789875559611,20.316981687524,
    0.270387163464));
#3198 = CARTESIAN_POINT('',(62.79982522492,20.35346255827,0.270387253588
    ));
#3199 = CARTESIAN_POINT('',(62.81105645909,20.389574320756,
    0.270387343759));
#3200 = CARTESIAN_POINT('',(62.823552542992,20.425263218631,
    0.270387433842));
#3201 = CARTESIAN_POINT('',(62.837293911929,20.460476380575,
    0.270387523703));
#3202 = CARTESIAN_POINT('',(62.8598519566,20.512763399819,0.270387658628
    ));
#3203 = CARTESIAN_POINT('',(62.867760683512,20.530229115978,
    0.270387703957));
#3204 = CARTESIAN_POINT('',(62.87598141552,20.547552199352,
    0.270387749177));
#3205 = CARTESIAN_POINT('',(62.884511054771,20.564725968421,
    0.27038779427));
#3206 = CARTESIAN_POINT('',(62.893346326413,20.581743829579,
    0.270387839219));
#3207 = CARTESIAN_POINT('',(62.902483778594,20.598599277129,
    0.270387884008));
#3208 = CARTESIAN_POINT('',(62.916637784995,20.623629202415,
    0.270387950923));
#3209 = CARTESIAN_POINT('',(62.92143042603,20.631930304757,
    0.270387973184));
#3210 = CARTESIAN_POINT('',(62.926297252336,20.640188398826,
    0.270387995397));
#3211 = CARTESIAN_POINT('',(62.931237800092,20.648402689503,
    0.270388017563));
#3212 = CARTESIAN_POINT('',(62.936251594893,20.656572388034,
    0.270388039677));
#3213 = CARTESIAN_POINT('',(62.941338151749,20.664696712032,
    0.270388061738));
#3214 = CARTESIAN_POINT('',(62.951352338499,20.680377872677,
    0.270388104455));
#3215 = CARTESIAN_POINT('',(62.956271716635,20.68793997929,
    0.270388125117));
#3216 = CARTESIAN_POINT('',(62.961254696339,20.695460558368,
    0.270388145729));
#3217 = CARTESIAN_POINT('',(62.966300856421,20.702938968385,
    0.270388166289));
#3218 = CARTESIAN_POINT('',(62.971409767655,20.710374573234,
    0.270388186794));
#3219 = CARTESIAN_POINT('',(62.976580992786,20.717766742232,
    0.270388207244));
#3220 = CARTESIAN_POINT('',(63.110596731336,20.905946460582,
    0.270388729463));
#3221 = CARTESIAN_POINT('',(63.277122804146,21.06047771605,
    0.270389197458));
#3222 = CARTESIAN_POINT('',(63.474510799994,21.178455593219,
    0.270389603457));
#3223 = CARTESIAN_POINT('',(63.692732444859,21.253188758418,
    0.270389925243));
#3224 = CARTESIAN_POINT('',(63.921004588301,21.280984390694,
    0.270390146914));
#3225 = CARTESIAN_POINT('',(64.147302323025,21.260981440106,
    0.270390258171));
#3226 = CARTESIAN_POINT('',(64.578425163401,21.131362200195,
    0.270390261355));
#3227 = CARTESIAN_POINT('',(64.783471798277,21.018966505573,
    0.270390147095));
#3228 = CARTESIAN_POINT('',(64.962034511613,20.863365520429,
    0.270389915907));
#3229 = CARTESIAN_POINT('',(65.103800532455,20.672707523881,
    0.27038957923));
#3230 = CARTESIAN_POINT('',(65.201400658006,20.456906043647,
    0.270389154571));
#3231 = CARTESIAN_POINT('',(65.249999336532,20.228180060336,
    0.270388666455));
#3232 = CARTESIAN_POINT('',(65.249999336532,19.997739734524,
    0.270388140735));
#3233 = CARTESIAN_POINT('',(65.249994589374,19.995484465084,
    0.270388135587));
#3234 = CARTESIAN_POINT('',(65.249985095059,19.993229207631,
    0.270388130435));
#3235 = CARTESIAN_POINT('',(65.249970853624,19.990973974154,
    0.27038812528));
#3236 = CARTESIAN_POINT('',(65.249951865145,19.988718776644,
    0.270388120122));
#3237 = CARTESIAN_POINT('',(65.249928129736,19.986463627092,
    0.270388114961));
#3238 = CARTESIAN_POINT('',(65.249853363991,19.980544016947,
    0.270388101404));
#3239 = CARTESIAN_POINT('',(65.249794545973,19.976879654703,
    0.270388093004));
#3240 = CARTESIAN_POINT('',(65.24972319414,19.973215502209,
    0.270388084595));
#3241 = CARTESIAN_POINT('',(65.249639309407,19.969551610908,
    0.270388076178));
#3242 = CARTESIAN_POINT('',(65.249542892952,19.965888032241,
    0.270388067753));
#3243 = CARTESIAN_POINT('',(65.249433946217,19.96222481764,0.27038805932
    ));
#3244 = CARTESIAN_POINT('',(65.249176979215,19.954476588853,
    0.270388041466));
#3245 = CARTESIAN_POINT('',(65.249025900939,19.950391676078,
    0.270388032042));
#3246 = CARTESIAN_POINT('',(65.248859238444,19.94630735157,
    0.270388022608));
#3247 = CARTESIAN_POINT('',(65.248676994505,19.942223686673,
    0.270388013166));
#3248 = CARTESIAN_POINT('',(65.248479172305,19.938140752713,
    0.270388003714));
#3249 = CARTESIAN_POINT('',(65.248265775435,19.934058620997,
    0.270387994253));
#3250 = CARTESIAN_POINT('',(65.247807840359,19.925896104733,
    0.270387975314));
#3251 = CARTESIAN_POINT('',(65.247563302153,19.921815720182,
    0.270387965835));
#3252 = CARTESIAN_POINT('',(65.247303197276,19.91773628045,
    0.270387956348));
#3253 = CARTESIAN_POINT('',(65.247027530134,19.9136578568,0.270387946853
    ));
#3254 = CARTESIAN_POINT('',(65.246736305544,19.909580520465,
    0.270387937349));
#3255 = CARTESIAN_POINT('',(65.246429528726,19.905504342653,
    0.270387927837));
#3256 = CARTESIAN_POINT('',(65.245784881903,19.897354446533,
    0.270387908797));
#3257 = CARTESIAN_POINT('',(65.245447011899,19.893280728222,
    0.270387899269));
#3258 = CARTESIAN_POINT('',(65.245093600927,19.889208310788,
    0.270387889734));
#3259 = CARTESIAN_POINT('',(65.244724655026,19.885137265373,
    0.27038788019));
#3260 = CARTESIAN_POINT('',(65.244340180639,19.881067663084,
    0.270387870639));
#3261 = CARTESIAN_POINT('',(65.243940184616,19.876999574988,
    0.270387861081));
#3262 = CARTESIAN_POINT('',(65.243109163826,19.868866569348,
    0.270387841951));
#3263 = CARTESIAN_POINT('',(65.242678139058,19.864801651801,
    0.270387832378));
#3264 = CARTESIAN_POINT('',(65.242231607171,19.860738390507,
    0.270387822799));
#3265 = CARTESIAN_POINT('',(65.241769575828,19.856676856451,
    0.270387813213));
#3266 = CARTESIAN_POINT('',(65.241292053099,19.852617120574,
    0.27038780362));
#3267 = CARTESIAN_POINT('',(65.240799047459,19.848559253768,
    0.270387794021));
#3268 = CARTESIAN_POINT('',(65.239782088134,19.840447400094,
    0.27038777481));
#3269 = CARTESIAN_POINT('',(65.23925813445,19.836393413223,
    0.270387765198));
#3270 = CARTESIAN_POINT('',(65.238718715618,19.832341437113,
    0.27038775558));
#3271 = CARTESIAN_POINT('',(65.238163840926,19.828291542556,
    0.270387745956));
#3272 = CARTESIAN_POINT('',(65.237593520064,19.824243800289,
    0.270387736326));
#3273 = CARTESIAN_POINT('',(65.23700776313,19.820198280991,0.27038772669
    ));
#3274 = CARTESIAN_POINT('',(65.235805398131,19.812111829686,
    0.270387707409));
#3275 = CARTESIAN_POINT('',(65.235188790068,19.808070897676,
    0.270387697762));
#3276 = CARTESIAN_POINT('',(65.234556766933,19.804032329882,
    0.270387688111));
#3277 = CARTESIAN_POINT('',(65.233909339632,19.799996196865,
    0.270387678454));
#3278 = CARTESIAN_POINT('',(65.233246519471,19.795962569119,
    0.270387668792));
#3279 = CARTESIAN_POINT('',(65.232568318164,19.791931517078,
    0.270387659126));
#3280 = CARTESIAN_POINT('',(65.231205093718,19.78401361578,
    0.270387640117));
#3281 = CARTESIAN_POINT('',(65.230521112238,19.780126587181,
    0.270387630775));
#3282 = CARTESIAN_POINT('',(65.229822814288,19.776242088641,
    0.270387621429));
#3283 = CARTESIAN_POINT('',(65.229110211122,19.772360183431,
    0.270387612079));
#3284 = CARTESIAN_POINT('',(65.228383314343,19.768480934759,
    0.270387602725));
#3285 = CARTESIAN_POINT('',(65.227642135901,19.764604405767,
    0.270387593367));
#3286 = CARTESIAN_POINT('',(65.226104260036,19.756718565321,
    0.270387574311));
#3287 = CARTESIAN_POINT('',(65.225306525173,19.75270945618,
    0.270387564611));
#3288 = CARTESIAN_POINT('',(65.224493497175,19.748703402193,
    0.270387554908));
#3289 = CARTESIAN_POINT('',(65.223665190109,19.744700473359,
    0.270387545202));
#3290 = CARTESIAN_POINT('',(65.222821618443,19.740700739594,
    0.270387535492));
#3291 = CARTESIAN_POINT('',(65.221962797043,19.736704270729,
    0.270387525779));
#3292 = CARTESIAN_POINT('',(65.22024482519,19.728855696683,
    0.270387506683));
#3293 = CARTESIAN_POINT('',(65.219386707275,19.725003365487,
    0.270387497299));
#3294 = CARTESIAN_POINT('',(65.218514401174,19.721154205709,
    0.270387487913));
#3295 = CARTESIAN_POINT('',(65.217627920974,19.717308280049,
    0.270387478525));
#3296 = CARTESIAN_POINT('',(65.21672728111,19.713465651128,
    0.270387469134));
#3297 = CARTESIAN_POINT('',(65.215812496362,19.709626381488,
    0.270387459741));
#3298 = CARTESIAN_POINT('',(65.213954667369,19.701954685784,
    0.270387440951));
#3299 = CARTESIAN_POINT('',(65.213011623125,19.698122259718,
    0.270387431554));
#3300 = CARTESIAN_POINT('',(65.212054464248,19.694293317851,
    0.270387422155));
#3301 = CARTESIAN_POINT('',(65.211083206208,19.690467922559,
    0.270387412754));
#3302 = CARTESIAN_POINT('',(65.21009786482,19.686646136126,
    0.270387403352));
#3303 = CARTESIAN_POINT('',(65.20909845624,19.682828020753,
    0.270387393949));
#3304 = CARTESIAN_POINT('',(65.207035342758,19.675063028513,
    0.270387374804));
#3305 = CARTESIAN_POINT('',(65.205970616312,19.671116423059,
    0.270387365062));
#3306 = CARTESIAN_POINT('',(65.204890835971,19.667173891197,
    0.270387355319));
#3307 = CARTESIAN_POINT('',(65.203796020462,19.663235501825,
    0.270387345575));
#3308 = CARTESIAN_POINT('',(65.202686188907,19.659301323731,
    0.27038733583));
#3309 = CARTESIAN_POINT('',(65.201561360822,19.655371425595,
    0.270387326085));
#3310 = CARTESIAN_POINT('',(65.19928175144,19.647520326478,
    0.270387306593));
#3311 = CARTESIAN_POINT('',(65.198126970143,19.643599125492,
    0.270387296847));
#3312 = CARTESIAN_POINT('',(65.196957232134,19.6396823416,0.2703872871)
  );
#3313 = CARTESIAN_POINT('',(65.195772557714,19.635770043252,
    0.270387277354));
#3314 = CARTESIAN_POINT('',(65.194572967574,19.631862298781,
    0.270387267607));
#3315 = CARTESIAN_POINT('',(65.193358482797,19.627959176402,
    0.270387257861));
#3316 = CARTESIAN_POINT('',(65.19098455025,19.6204311695,0.270387239041)
  );
#3317 = CARTESIAN_POINT('',(65.189827083211,19.61680566036,
    0.270387229967));
#3318 = CARTESIAN_POINT('',(65.188656741068,19.613184271747,
    0.270387220894));
#3319 = CARTESIAN_POINT('',(65.187473541443,19.609567058519,
    0.270387211821));
#3320 = CARTESIAN_POINT('',(65.186277502251,19.605954075444,
    0.27038720275));
#3321 = CARTESIAN_POINT('',(65.185068641696,19.60234537719,
    0.270387193679));
#3322 = CARTESIAN_POINT('',(65.182534821301,19.594869670023,
    0.270387174867));
#3323 = CARTESIAN_POINT('',(65.181207894491,19.591003327792,
    0.270387165127));
#3324 = CARTESIAN_POINT('',(65.179866220766,19.587142059259,
    0.270387155388));
#3325 = CARTESIAN_POINT('',(65.178509823431,19.583285931912,
    0.27038714565));
#3326 = CARTESIAN_POINT('',(65.177138726177,19.579435013103,
    0.270387135914));
#3327 = CARTESIAN_POINT('',(65.175752953079,19.575589370048,
    0.27038712618));
#3328 = CARTESIAN_POINT('',(65.173145266148,19.568438466269,
    0.270387108058));
#3329 = CARTESIAN_POINT('',(65.171927115332,19.565131833304,
    0.27038709967));
#3330 = CARTESIAN_POINT('',(65.170698091824,19.561829213908,
    0.270387091284));
#3331 = CARTESIAN_POINT('',(65.169458211506,19.558530650978,
    0.270387082899));
#3332 = CARTESIAN_POINT('',(65.168207490474,19.555236187328,
    0.270387074516));
#3333 = CARTESIAN_POINT('',(65.166945945031,19.551945865698,
    0.270387066135));
#3334 = CARTESIAN_POINT('',(65.164350344252,19.545242146386,
    0.270387049042));
#3335 = CARTESIAN_POINT('',(65.163015406993,19.541829090172,
    0.27038704033));
#3336 = CARTESIAN_POINT('',(65.161668798494,19.538420608085,
    0.27038703162));
#3337 = CARTESIAN_POINT('',(65.160310537579,19.535016748013,
    0.270387022913));
#3338 = CARTESIAN_POINT('',(65.158940643317,19.531617557742,
    0.270387014208));
#3339 = CARTESIAN_POINT('',(65.157559135023,19.528223084963,
    0.270387005507));
#3340 = CARTESIAN_POINT('',(65.154612186899,19.521052549548,
    0.270386987105));
#3341 = CARTESIAN_POINT('',(65.153043917056,19.517277649985,
    0.270386977406));
#3342 = CARTESIAN_POINT('',(65.15146124987,19.51350874462,0.27038696771)
  );
#3343 = CARTESIAN_POINT('',(65.149864212858,19.509745899337,
    0.270386958019));
#3344 = CARTESIAN_POINT('',(65.148252833913,19.505989179857,
    0.270386948331));
#3345 = CARTESIAN_POINT('',(65.146627141306,19.502238651744,
    0.270386938648));
#3346 = CARTESIAN_POINT('',(65.143347186101,19.494750109153,
    0.27038691929));
#3347 = CARTESIAN_POINT('',(65.141692923502,19.49101209467,
    0.270386909615));
#3348 = CARTESIAN_POINT('',(65.140024404533,19.487280402357,
    0.270386899945));
#3349 = CARTESIAN_POINT('',(65.138341658211,19.483555097449,
    0.270386890279));
#3350 = CARTESIAN_POINT('',(65.136644713928,19.479836245011,
    0.270386880619));
#3351 = CARTESIAN_POINT('',(65.134933601447,19.476123909943,
    0.270386870963));
#3352 = CARTESIAN_POINT('',(65.131483100403,19.468712404102,
    0.270386851663));
#3353 = CARTESIAN_POINT('',(65.129743711839,19.465013233325,
    0.270386842018));
#3354 = CARTESIAN_POINT('',(65.127990215348,19.461320709374,
    0.270386832378));
#3355 = CARTESIAN_POINT('',(65.126222641433,19.457634896804,
    0.270386822744));
#3356 = CARTESIAN_POINT('',(65.124441020966,19.453955859992,
    0.270386813115));
#3357 = CARTESIAN_POINT('',(65.12264538519,19.450283663138,
    0.270386803493));
#3358 = CARTESIAN_POINT('',(65.11902614628,19.442953077485,0.27038678426
    ));
#3359 = CARTESIAN_POINT('',(65.117202543146,19.439294688683,
    0.27038677465));
#3360 = CARTESIAN_POINT('',(65.11536498792,19.435643267883,
    0.270386765045));
#3361 = CARTESIAN_POINT('',(65.113513512575,19.431998878923,
    0.270386755448));
#3362 = CARTESIAN_POINT('',(65.111648149449,19.428361585457,
    0.270386745856));
#3363 = CARTESIAN_POINT('',(65.109768931244,19.424731450953,
    0.270386736272));
#3364 = CARTESIAN_POINT('',(65.105982850857,19.417485626528,
    0.270386717117));
#3365 = CARTESIAN_POINT('',(65.104075988674,19.413869936603,
    0.270386707546));
#3366 = CARTESIAN_POINT('',(65.102155337545,19.410261532204,
    0.270386697982));
#3367 = CARTESIAN_POINT('',(65.100220930895,19.40666047642,
    0.270386688426));
#3368 = CARTESIAN_POINT('',(65.098272802511,19.403066832148,
    0.270386678877));
#3369 = CARTESIAN_POINT('',(65.09631098654,19.399480662092,
    0.270386669335));
#3370 = CARTESIAN_POINT('',(65.092428168105,19.392446796665,
    0.270386650597));
#3371 = CARTESIAN_POINT('',(65.090508090998,19.388998590478,
    0.270386641399));
#3372 = CARTESIAN_POINT('',(65.088575317224,19.385557466465,
    0.270386632208));
#3373 = CARTESIAN_POINT('',(65.086629878151,19.382123480714,
    0.270386623025));
#3374 = CARTESIAN_POINT('',(65.084671805455,19.378696689138,
    0.27038661385));
#3375 = CARTESIAN_POINT('',(65.082701131122,19.375277147476,
    0.270386604683));
#3376 = CARTESIAN_POINT('',(65.078734643815,19.36845267519,
    0.270386586364));
#3377 = CARTESIAN_POINT('',(65.076738830841,19.365047744563,
    0.270386577212));
#3378 = CARTESIAN_POINT('',(65.074730480817,19.361650174973,
    0.270386568069));
#3379 = CARTESIAN_POINT('',(65.072709626341,19.358260021803,
    0.270386558933));
#3380 = CARTESIAN_POINT('',(65.070676300318,19.354877340253,
    0.270386549807));
#3381 = CARTESIAN_POINT('',(65.068630535957,19.351502185341,
    0.270386540688));
#3382 = CARTESIAN_POINT('',(65.064514197636,19.344767038545,
    0.270386522469));
#3383 = CARTESIAN_POINT('',(65.062443623676,19.341407046658,
    0.270386513368));
#3384 = CARTESIAN_POINT('',(65.060360678404,19.338054691078,
    0.270386504276));
#3385 = CARTESIAN_POINT('',(65.058265395637,19.334710026453,
    0.270386495193));
#3386 = CARTESIAN_POINT('',(65.056157809491,19.331373107242,
    0.270386486119));
#3387 = CARTESIAN_POINT('',(65.054037954382,19.328043987716,
    0.270386477055));
#3388 = CARTESIAN_POINT('',(65.049773775725,19.321401456277,
    0.270386458944));
#3389 = CARTESIAN_POINT('',(65.047629452176,19.318088044361,
    0.270386449899));
#3390 = CARTESIAN_POINT('',(65.045472929098,19.314782540291,
    0.270386440862));
#3391 = CARTESIAN_POINT('',(65.043304241508,19.311484997955,
    0.270386431836));
#3392 = CARTESIAN_POINT('',(65.041123424715,19.308195471044,
    0.270386422819));
#3393 = CARTESIAN_POINT('',(65.038930514328,19.304914013055,
    0.270386413813));
#3394 = CARTESIAN_POINT('',(65.034441829369,19.298250436757,
    0.270386395499));
#3395 = CARTESIAN_POINT('',(65.032145178153,19.294868908964,
    0.270386386192));
#3396 = CARTESIAN_POINT('',(65.029835632493,19.291496153129,
    0.270386376897));
#3397 = CARTESIAN_POINT('',(65.027513232616,19.28813222824,
    0.270386367612));
#3398 = CARTESIAN_POINT('',(65.025178019086,19.284777193051,
    0.270386358339));
#3399 = CARTESIAN_POINT('',(65.022830032802,19.281431106086,
    0.270386349078));
#3400 = CARTESIAN_POINT('',(65.018108597254,19.274756945266,
    0.270386330578));
#3401 = CARTESIAN_POINT('',(65.015735147989,19.271428871406,
    0.27038632134));
#3402 = CARTESIAN_POINT('',(65.01334900844,19.268109862348,
    0.270386312114));
#3403 = CARTESIAN_POINT('',(65.010950220173,19.264799976142,0.2703863029
    ));
#3404 = CARTESIAN_POINT('',(65.008538825086,19.261499270599,
    0.270386293698));
#3405 = CARTESIAN_POINT('',(65.006114865407,19.258207803291,
    0.270386284508));
#3406 = CARTESIAN_POINT('',(65.001241902042,19.251643459886,
    0.270386266154));
#3407 = CARTESIAN_POINT('',(64.998792898355,19.248370583786,
    0.27038625699));
#3408 = CARTESIAN_POINT('',(64.996331415192,19.245107060579,
    0.270386247838));
#3409 = CARTESIAN_POINT('',(64.993857495438,19.241852947352,
    0.270386238699));
#3410 = CARTESIAN_POINT('',(64.991371182303,19.23860830094,
    0.270386229573));
#3411 = CARTESIAN_POINT('',(64.988872519322,19.235373177933,
    0.27038622046));
#3412 = CARTESIAN_POINT('',(64.983850581448,19.228922091491,
    0.270386202261));
#3413 = CARTESIAN_POINT('',(64.981327306553,19.225706128052,
    0.270386193175));
#3414 = CARTESIAN_POINT('',(64.978791769531,19.222499800701,
    0.270386184103));
#3415 = CARTESIAN_POINT('',(64.976244014561,19.219303165523,
    0.270386175044));
#3416 = CARTESIAN_POINT('',(64.973684086142,19.216116278353,
    0.270386165998));
#3417 = CARTESIAN_POINT('',(64.971112029094,19.212939194768,
    0.270386156967));
#3418 = CARTESIAN_POINT('',(64.965943748077,19.206604745493,
    0.270386138933));
#3419 = CARTESIAN_POINT('',(64.963347524106,19.203447379799,
    0.27038612993));
#3420 = CARTESIAN_POINT('',(64.96073926178,19.200299928335,
    0.270386120941));
#3421 = CARTESIAN_POINT('',(64.958119006551,19.197162446162,
    0.270386111967));
#3422 = CARTESIAN_POINT('',(64.955486804186,19.194034988081,
    0.270386103007));
#3423 = CARTESIAN_POINT('',(64.952842700763,19.190917608629,
    0.270386094062));
#3424 = CARTESIAN_POINT('',(64.947530784649,19.184703115609,
    0.270386076202));
#3425 = CARTESIAN_POINT('',(64.944862971956,19.181606002038,
    0.270386067286));
#3426 = CARTESIAN_POINT('',(64.942183350989,19.178519075645,
    0.270386058386));
#3427 = CARTESIAN_POINT('',(64.939491968449,19.175442390437,
    0.270386049501));
#3428 = CARTESIAN_POINT('',(64.936788871343,19.172376000152,
    0.270386040632));
#3429 = CARTESIAN_POINT('',(64.934074106987,19.16931995826,
    0.270386031778));
#3430 = CARTESIAN_POINT('',(64.928621339084,19.16322867773,
    0.270386014101));
#3431 = CARTESIAN_POINT('',(64.925883335535,19.16019343909,
    0.270386005278));
#3432 = CARTESIAN_POINT('',(64.92313375998,19.157168655238,
    0.270385996471));
#3433 = CARTESIAN_POINT('',(64.920372660344,19.154154379099,
    0.27038598768));
#3434 = CARTESIAN_POINT('',(64.917600084851,19.151150663321,
    0.270385978906));
#3435 = CARTESIAN_POINT('',(64.914816082029,19.148157560275,
    0.270385970147));
#3436 = CARTESIAN_POINT('',(64.909321711903,19.142295526604,
    0.270385952965));
#3437 = CARTESIAN_POINT('',(64.906612115792,19.139425873151,
    0.270385944539));
#3438 = CARTESIAN_POINT('',(64.903891956322,19.136566208589,
    0.27038593613));
#3439 = CARTESIAN_POINT('',(64.901161277698,19.133716579564,
    0.270385927735));
#3440 = CARTESIAN_POINT('',(64.898420124383,19.130877032474,
    0.270385919357));
#3441 = CARTESIAN_POINT('',(64.895668541093,19.128047613473,
    0.270385910994));
#3442 = CARTESIAN_POINT('',(64.890045962856,19.122308436206,
    0.270385894003));
#3443 = CARTESIAN_POINT('',(64.887174212873,19.119399417628,
    0.270385885376));
#3444 = CARTESIAN_POINT('',(64.884291372826,19.116501363739,
    0.270385876765));
#3445 = CARTESIAN_POINT('',(64.881397492969,19.113614325252,
    0.270385868173));
#3446 = CARTESIAN_POINT('',(64.878492623849,19.110738352595,
    0.270385859598));
#3447 = CARTESIAN_POINT('',(64.875576816297,19.107873495902,
    0.27038585104));
#3448 = CARTESIAN_POINT('',(64.869723426642,19.102166114204,
    0.270385833962));
#3449 = CARTESIAN_POINT('',(64.866785844536,19.099323589197,
    0.27038582544));
#3450 = CARTESIAN_POINT('',(64.863837426241,19.096492279845,
    0.270385816937));
#3451 = CARTESIAN_POINT('',(64.860878223161,19.0936722357,0.270385808452
    ));
#3452 = CARTESIAN_POINT('',(64.857908286981,19.090863506019,
    0.270385799985));
#3453 = CARTESIAN_POINT('',(64.85492766967,19.08806613976,0.270385791537
    ));
#3454 = CARTESIAN_POINT('',(64.848945177349,19.082494231476,
    0.270385774678));
#3455 = CARTESIAN_POINT('',(64.845943302336,19.079719689448,
    0.270385766267));
#3456 = CARTESIAN_POINT('',(64.842930850689,19.076956608168,
    0.270385757875));
#3457 = CARTESIAN_POINT('',(64.839907874932,19.074205035996,
    0.270385749502));
#3458 = CARTESIAN_POINT('',(64.836874427863,19.071465020993,
    0.270385741148));
#3459 = CARTESIAN_POINT('',(64.833830562559,19.068736610916,
    0.270385732813));
#3460 = CARTESIAN_POINT('',(64.827722102244,19.063303095582,
    0.270385716182));
#3461 = CARTESIAN_POINT('',(64.824657507231,19.060597990323,
    0.270385707886));
#3462 = CARTESIAN_POINT('',(64.821582600679,19.057904584898,
    0.27038569961));
#3463 = CARTESIAN_POINT('',(64.818497436206,19.055222926452,
    0.270385691353));
#3464 = CARTESIAN_POINT('',(64.815402067697,19.052553061825,
    0.270385683116));
#3465 = CARTESIAN_POINT('',(64.812296549307,19.049895037546,
    0.270385674899));
#3466 = CARTESIAN_POINT('',(64.806065321675,19.044602762186,
    0.270385658505));
#3467 = CARTESIAN_POINT('',(64.80293961243,19.041968511101,
    0.270385650329));
#3468 = CARTESIAN_POINT('',(64.799803862145,19.039346192805,
    0.270385642172));
#3469 = CARTESIAN_POINT('',(64.796658125503,19.036735853206,
    0.270385634036));
#3470 = CARTESIAN_POINT('',(64.793502457448,19.034137537895,
    0.270385625921));
#3471 = CARTESIAN_POINT('',(64.790336913184,19.031551292151,
    0.270385617826));
#3472 = CARTESIAN_POINT('',(64.784095678579,19.026491792922,
    0.270385601956));
#3473 = CARTESIAN_POINT('',(64.781020653851,19.024017718355,
    0.27038559418));
#3474 = CARTESIAN_POINT('',(64.777936523916,19.021554977707,
    0.270385586424));
#3475 = CARTESIAN_POINT('',(64.774843338918,19.01910361117,
    0.270385578687));
#3476 = CARTESIAN_POINT('',(64.771741149221,19.01666365866,0.27038557097
    ));
#3477 = CARTESIAN_POINT('',(64.768630005411,19.014235159812,
    0.270385563272));
#3478 = CARTESIAN_POINT('',(64.762278480985,19.009314826569,
    0.270385547644));
#3479 = CARTESIAN_POINT('',(64.759037453061,19.006823827762,
    0.270385539714));
#3480 = CARTESIAN_POINT('',(64.755786930965,19.004345201287,
    0.270385531806));
#3481 = CARTESIAN_POINT('',(64.752526971389,19.001878990548,
    0.270385523919));
#3482 = CARTESIAN_POINT('',(64.749257631273,18.999425238619,
    0.270385516055));
#3483 = CARTESIAN_POINT('',(64.745978967801,18.996983988249,
    0.270385508213));
#3484 = CARTESIAN_POINT('',(64.739516485951,18.99221032402,
    0.270385492842));
#3485 = CARTESIAN_POINT('',(64.736333295581,18.989877059971,
    0.270385485312));
#3486 = CARTESIAN_POINT('',(64.733141518991,18.987555527901,
    0.270385477803));
#3487 = CARTESIAN_POINT('',(64.729941208079,18.985245765706,
    0.270385470315));
#3488 = CARTESIAN_POINT('',(64.726732414956,18.982947810994,
    0.270385462848));
#3489 = CARTESIAN_POINT('',(64.723515191938,18.980661701087,
    0.270385455402));
#3490 = CARTESIAN_POINT('',(64.716948791211,18.976032022562,
    0.270385440287));
#3491 = CARTESIAN_POINT('',(64.71359900443,18.973689317801,0.27038543262
    ));
#3492 = CARTESIAN_POINT('',(64.710240289563,18.971359399875,
    0.270385424976));
#3493 = CARTESIAN_POINT('',(64.706872705195,18.969042309594,
    0.270385417356));
#3494 = CARTESIAN_POINT('',(64.703496310145,18.966738087428,
    0.270385409758));
#3495 = CARTESIAN_POINT('',(64.700111163464,18.964446773511,
    0.270385402184));
#3496 = CARTESIAN_POINT('',(64.69332348547,18.959890041815,
    0.270385387082));
#3497 = CARTESIAN_POINT('',(64.689920954155,18.957624624033,
    0.270385379555));
#3498 = CARTESIAN_POINT('',(64.686509789769,18.955372194093,
    0.270385372052));
#3499 = CARTESIAN_POINT('',(64.683090051818,18.953132791451,
    0.270385364572));
#3500 = CARTESIAN_POINT('',(64.679661800032,18.95090645522,
    0.270385357116));
#3501 = CARTESIAN_POINT('',(64.676225094365,18.948693224172,
    0.270385349684));
#3502 = CARTESIAN_POINT('',(64.669334895688,18.944293049347,
    0.270385334869));
#3503 = CARTESIAN_POINT('',(64.665881402676,18.942106105567,
    0.270385327486));
#3504 = CARTESIAN_POINT('',(64.662419576134,18.939932343828,
    0.270385320126));
#3505 = CARTESIAN_POINT('',(64.658949476455,18.937771802214,
    0.270385312792));
#3506 = CARTESIAN_POINT('',(64.655471164249,18.935624518461,
    0.270385305481));
#3507 = CARTESIAN_POINT('',(64.65198470034,18.933490529959,
    0.270385298196));
#3508 = CARTESIAN_POINT('',(64.645357096903,18.929468595806,
    0.270385284426));
#3509 = CARTESIAN_POINT('',(64.642217544719,18.927578034423,
    0.270385277936));
#3510 = CARTESIAN_POINT('',(64.639071533209,18.925698216297,
    0.270385271466));
#3511 = CARTESIAN_POINT('',(64.635919106495,18.923829167896,
    0.270385265017));
#3512 = CARTESIAN_POINT('',(64.632760308837,18.921970915461,
    0.270385258587));
#3513 = CARTESIAN_POINT('',(64.629595184626,18.920123485004,
    0.270385252178));
#3514 = CARTESIAN_POINT('',(64.622886440731,18.91623840627,
    0.270385238664));
#3515 = CARTESIAN_POINT('',(64.619341287709,18.914203405743,
    0.270385231564));
#3516 = CARTESIAN_POINT('',(64.615788381114,18.912181936516,
    0.270385224489));
#3517 = CARTESIAN_POINT('',(64.612227782936,18.910174034013,
    0.27038521744));
#3518 = CARTESIAN_POINT('',(64.608659555364,18.908179733307,
    0.270385210416));
#3519 = CARTESIAN_POINT('',(64.605083760789,18.90619906911,
    0.270385203418));
#3520 = CARTESIAN_POINT('',(64.597917162881,18.90226508249,
    0.270385189475));
#3521 = CARTESIAN_POINT('',(64.594326359545,18.900311760065,
    0.270385182529));
#3522 = CARTESIAN_POINT('',(64.590728114385,18.898372142865,
    0.27038517561));
#3523 = CARTESIAN_POINT('',(64.587122490186,18.896446264889,
    0.270385168716));
#3524 = CARTESIAN_POINT('',(64.583509549923,18.894534159774,
    0.270385161849));
#3525 = CARTESIAN_POINT('',(64.579889356766,18.892635860797,
    0.270385155009));
#3526 = CARTESIAN_POINT('',(64.572634591451,18.88886694099,
    0.270385141381));
#3527 = CARTESIAN_POINT('',(64.569000019289,18.886996320157,
    0.270385134594));
#3528 = CARTESIAN_POINT('',(64.565358320953,18.885139571294,
    0.270385127833));
#3529 = CARTESIAN_POINT('',(64.561709559987,18.883296726954,
    0.270385121099));
#3530 = CARTESIAN_POINT('',(64.558053800121,18.881467819324,
    0.270385114392));
#3531 = CARTESIAN_POINT('',(64.554391105271,18.879652880228,
    0.270385107712));
#3532 = CARTESIAN_POINT('',(64.547811194337,18.876423610132,
    0.270385095783));
#3533 = CARTESIAN_POINT('',(64.544896527263,18.875004085316,
    0.270385090524));
#3534 = CARTESIAN_POINT('',(64.541977570285,18.873593382371,
    0.270385085282));
#3535 = CARTESIAN_POINT('',(64.539054355449,18.872191516843,
    0.270385080057));
#3536 = CARTESIAN_POINT('',(64.536126914873,18.870798504134,
    0.27038507485));
#3537 = CARTESIAN_POINT('',(64.533195280741,18.869414359501,
    0.27038506966));
#3538 = CARTESIAN_POINT('',(64.526557830258,18.866305072774,
    0.270385057965));
#3539 = CARTESIAN_POINT('',(64.522849559603,18.864585169912,
    0.27038505147));
#3540 = CARTESIAN_POINT('',(64.519134738003,18.862879419755,
    0.270385045003));
#3541 = CARTESIAN_POINT('',(64.515413430286,18.861187852221,
    0.270385038564));
#3542 = CARTESIAN_POINT('',(64.511685701449,18.859510496854,
    0.270385032153));
#3543 = CARTESIAN_POINT('',(64.507951616659,18.857847382828,
    0.27038502577));
#3544 = CARTESIAN_POINT('',(64.500599844362,18.854606551773,
    0.27038501328));
#3545 = CARTESIAN_POINT('',(64.496982583208,18.853027867563,
    0.27038500717));
#3546 = CARTESIAN_POINT('',(64.493359516595,18.851462512237,
    0.270385001087));
#3547 = CARTESIAN_POINT('',(64.489730703469,18.849910511392,
    0.270384995031));
#3548 = CARTESIAN_POINT('',(64.486096202916,18.848371890299,
    0.270384989001));
#3549 = CARTESIAN_POINT('',(64.48245607416,18.846846673901,
    0.270384982998));
#3550 = CARTESIAN_POINT('',(64.475034475548,18.843769107362,
    0.270384970831));
#3551 = CARTESIAN_POINT('',(64.471252600812,18.842217733583,
    0.27038496467));
#3552 = CARTESIAN_POINT('',(64.467464818314,18.840680792833,
    0.270384958538));
#3553 = CARTESIAN_POINT('',(64.463671194162,18.839158312081,
    0.270384952435));
#3554 = CARTESIAN_POINT('',(64.459871794616,18.83765031792,0.27038494636
    ));
#3555 = CARTESIAN_POINT('',(64.456066686088,18.836156836563,
    0.270384940315));
#3556 = CARTESIAN_POINT('',(64.448445184256,18.833198951147,
    0.270384928283));
#3557 = CARTESIAN_POINT('',(64.44462879095,18.831734547086,
    0.270384922296));
#3558 = CARTESIAN_POINT('',(64.440806821787,18.830284707494,
    0.270384916339));
#3559 = CARTESIAN_POINT('',(64.436979343475,18.828849457822,
    0.270384910411));
#3560 = CARTESIAN_POINT('',(64.433146422866,18.827428823139,
    0.270384904513));
#3561 = CARTESIAN_POINT('',(64.429308126955,18.82602282813,
    0.270384898644));
#3562 = CARTESIAN_POINT('',(64.421620918861,18.823240166089,
    0.270384886967));
#3563 = CARTESIAN_POINT('',(64.417772006677,18.821863499055,
    0.270384881157));
#3564 = CARTESIAN_POINT('',(64.413917853462,18.820501520301,
    0.270384875378));
#3565 = CARTESIAN_POINT('',(64.410058526491,18.819154253743,
    0.270384869629));
#3566 = CARTESIAN_POINT('',(64.406194093171,18.817821722913,
    0.27038486391));
#3567 = CARTESIAN_POINT('',(64.402324621045,18.816503950958,
    0.270384858221));
#3568 = CARTESIAN_POINT('',(64.394842937567,18.813987831736,
    0.270384847294));
#3569 = CARTESIAN_POINT('',(64.391231388242,18.812787515926,
    0.270384842052));
#3570 = CARTESIAN_POINT('',(64.387615584431,18.811600031577,
    0.270384836836));
#3571 = CARTESIAN_POINT('',(64.383995580848,18.810425396764,
    0.270384831646));
#3572 = CARTESIAN_POINT('',(64.3803714323,18.809263629273,0.270384826483
    ));
#3573 = CARTESIAN_POINT('',(64.376743193688,18.808114746594,
    0.270384821347));
#3574 = CARTESIAN_POINT('',(64.369209589077,18.805758638566,
    0.270384810749));
#3575 = CARTESIAN_POINT('',(64.365303603146,18.804553395416,
    0.270384805291));
#3576 = CARTESIAN_POINT('',(64.361393030365,18.803363057794,
    0.270384799864));
#3577 = CARTESIAN_POINT('',(64.357477938997,18.80218764662,
    0.270384794469));
#3578 = CARTESIAN_POINT('',(64.353558397424,18.801027182424,
    0.270384789104));
#3579 = CARTESIAN_POINT('',(64.349634474146,18.799881685346,
    0.27038478377));
#3580 = CARTESIAN_POINT('',(64.341778001464,18.797620664934,
    0.270384773165));
#3581 = CARTESIAN_POINT('',(64.337845452057,18.7965051416,0.270384767894
    ));
#3582 = CARTESIAN_POINT('',(64.333908658175,18.795404624875,
    0.270384762654));
#3583 = CARTESIAN_POINT('',(64.329967688541,18.794319134115,
    0.270384757445));
#3584 = CARTESIAN_POINT('',(64.326022611989,18.793248688278,
    0.270384752268));
#3585 = CARTESIAN_POINT('',(64.322073497462,18.79219330593,
    0.270384747123));
#3586 = CARTESIAN_POINT('',(64.314576270271,18.790220321879,
    0.270384737424));
#3587 = CARTESIAN_POINT('',(64.311028936287,18.789299761229,
    0.270384732864));
#3588 = CARTESIAN_POINT('',(64.30747846182,18.788391336387,0.27038472833
    ));
#3589 = CARTESIAN_POINT('',(64.303924896695,18.787495060193,
    0.270384723822));
#3590 = CARTESIAN_POINT('',(64.300368290804,18.78661094523,
    0.270384719339));
#3591 = CARTESIAN_POINT('',(64.296808694099,18.785739003825,
    0.270384714882));
#3592 = CARTESIAN_POINT('',(64.289272557132,18.783920289697,
    0.270384705508));
#3593 = CARTESIAN_POINT('',(64.285295299069,18.782976491276,
    0.270384700598));
#3594 = CARTESIAN_POINT('',(64.281314451822,18.782047869537,
    0.270384695719));
#3595 = CARTESIAN_POINT('',(64.27733008489,18.781134440834,
    0.270384690873));
#3596 = CARTESIAN_POINT('',(64.273342267865,18.780236221119,
    0.270384686059));
#3597 = CARTESIAN_POINT('',(64.269351070429,18.779353225949,
    0.270384681278));
#3598 = CARTESIAN_POINT('',(64.261499795991,18.777647637628,
    0.270384671944));
#3599 = CARTESIAN_POINT('',(64.257639943368,18.776824011582,
    0.270384667389));
#3600 = CARTESIAN_POINT('',(64.253777067292,18.776014605988,
    0.270384662864));
#3601 = CARTESIAN_POINT('',(64.249911230634,18.77521943414,0.27038465837
    ));
#3602 = CARTESIAN_POINT('',(64.246042496342,18.774438508987,
    0.270384653906));
#3603 = CARTESIAN_POINT('',(64.24217092743,18.773671843128,
    0.270384649473));
#3604 = CARTESIAN_POINT('',(64.234283877291,18.772140183284,
    0.270384640511));
#3605 = CARTESIAN_POINT('',(64.230268194559,18.771376226898,
    0.270384635984));
#3606 = CARTESIAN_POINT('',(64.226249608883,18.770627593269,
    0.27038463149));
#3607 = CARTESIAN_POINT('',(64.222228190429,18.769894295605,
    0.270384627029));
#3608 = CARTESIAN_POINT('',(64.218204009435,18.769176346716,
    0.270384622601));
#3609 = CARTESIAN_POINT('',(64.214177136214,18.768473759007,
    0.270384618206));
#3610 = CARTESIAN_POINT('',(64.206118146134,18.767099329964,
    0.270384609484));
#3611 = CARTESIAN_POINT('',(64.202086029272,18.76642748863,
    0.270384605156));
#3612 = CARTESIAN_POINT('',(64.198051360949,18.765771032484,
    0.270384600861));
#3613 = CARTESIAN_POINT('',(64.194014211615,18.765129973125,
    0.270384596599));
#3614 = CARTESIAN_POINT('',(64.189974651783,18.764504321751,
    0.270384592371));
#3615 = CARTESIAN_POINT('',(64.185932752032,18.763894089155,
    0.270384588177));
#3616 = CARTESIAN_POINT('',(64.178262776324,18.762766013693,
    0.270384580286));
#3617 = CARTESIAN_POINT('',(64.174635145585,18.762245143702,
    0.270384576583));
#3618 = CARTESIAN_POINT('',(64.171005741695,18.761736683239,
    0.270384572907));
#3619 = CARTESIAN_POINT('',(64.167374615595,18.761240639531,
    0.270384569258));
#3620 = CARTESIAN_POINT('',(64.163741818266,18.760757019542,
    0.270384565636));
#3621 = CARTESIAN_POINT('',(64.160107400722,18.760285829976,
    0.270384562041));
#3622 = CARTESIAN_POINT('',(64.152975272979,18.759385968906,
    0.270384555043));
#3623 = CARTESIAN_POINT('',(64.149477681162,18.75895635912,
    0.270384551639));
#3624 = CARTESIAN_POINT('',(64.145978683946,18.758538253638,
    0.270384548259));
#3625 = CARTESIAN_POINT('',(64.142478326741,18.758131657962,
    0.270384544905));
#3626 = CARTESIAN_POINT('',(64.138976654981,18.757736577371,
    0.270384541576));
#3627 = CARTESIAN_POINT('',(64.13547371413,18.757353016917,
    0.270384538272));
#3628 = CARTESIAN_POINT('',(64.127904718942,18.756549420271,
    0.270384531191));
#3629 = CARTESIAN_POINT('',(64.123838241726,18.756133367107,
    0.270384527423));
#3630 = CARTESIAN_POINT('',(64.119770189026,18.755732829477,
    0.270384523689));
#3631 = CARTESIAN_POINT('',(64.115700631885,18.755347814512,
    0.270384519989));
#3632 = CARTESIAN_POINT('',(64.111629641382,18.754978328937,
    0.270384516324));
#3633 = CARTESIAN_POINT('',(64.107557288635,18.754624379071,
    0.270384512693));
#3634 = CARTESIAN_POINT('',(64.099410001004,18.753947562582,0.2703845055
    ));
#3635 = CARTESIAN_POINT('',(64.095335066117,18.753624695957,
    0.270384501939));
#3636 = CARTESIAN_POINT('',(64.091258911294,18.753317376863,
    0.270384498412));
#3637 = CARTESIAN_POINT('',(64.087181607723,18.753025610803,
    0.270384494919));
#3638 = CARTESIAN_POINT('',(64.083103226618,18.752749402873,
    0.270384491462));
#3639 = CARTESIAN_POINT('',(64.079023839222,18.752488757762,
    0.270384488039));
#3640 = CARTESIAN_POINT('',(64.07184809983,18.752057758501,
    0.270384482081));
#3641 = CARTESIAN_POINT('',(64.068752144743,18.751880796201,
    0.270384479531));
#3642 = CARTESIAN_POINT('',(64.065655682663,18.751712794719,
    0.270384477001));
#3643 = CARTESIAN_POINT('',(64.062558744714,18.751553755789,
    0.270384474491));
#3644 = CARTESIAN_POINT('',(64.059461362027,18.751403681009,
    0.270384472001));
#3645 = CARTESIAN_POINT('',(64.056363565738,18.751262571843,
    0.270384469531));
#3646 = CARTESIAN_POINT('',(64.04974472935,18.750980268003,
    0.270384464299));
#3647 = CARTESIAN_POINT('',(64.046223577832,18.750841685599,
    0.270384461541));
#3648 = CARTESIAN_POINT('',(64.042701978138,18.750714684357,
    0.27038445881));
#3649 = CARTESIAN_POINT('',(64.039179975978,18.750599266,0.270384456105)
  );
#3650 = CARTESIAN_POINT('',(64.035657617069,18.750495432027,
    0.270384453426));
#3651 = CARTESIAN_POINT('',(64.032134947135,18.750403183711,
    0.270384450773));
#3652 = CARTESIAN_POINT('',(64.018724098,18.750096127052,0.270384440775)
  );
#3653 = CARTESIAN_POINT('',(64.008834094167,18.749961008705,
    0.27038443361));
#3654 = CARTESIAN_POINT('',(63.998943011567,18.749917190214,
    0.270384426653));
#3655 = CARTESIAN_POINT('',(63.989051861526,18.749964680726,
    0.270384419906));
#3656 = CARTESIAN_POINT('',(63.979161655569,18.750103475372,
    0.270384413361));
#3657 = CARTESIAN_POINT('',(63.969273405091,18.750333555323,
    0.270384407033));
#3658 = CARTESIAN_POINT('',(63.954621679687,18.750809826268,
    0.270384397962));
#3659 = CARTESIAN_POINT('',(63.949855928218,18.750985980403,
    0.27038439506));
#3660 = CARTESIAN_POINT('',(63.945090979701,18.751183346418,
    0.270384392207));
#3661 = CARTESIAN_POINT('',(63.940326947427,18.751401919873,
    0.270384389403));
#3662 = CARTESIAN_POINT('',(63.935563944651,18.751641695572,
    0.270384386648));
#3663 = CARTESIAN_POINT('',(63.930802084597,18.751902667562,
    0.270384383942));
#3664 = CARTESIAN_POINT('',(63.922101670146,18.75241834216,
    0.270384379086));
#3665 = CARTESIAN_POINT('',(63.918162720007,18.752666367907,
    0.270384376921));
#3666 = CARTESIAN_POINT('',(63.914224694189,18.752928902575,
    0.27038437479));
#3667 = CARTESIAN_POINT('',(63.910287656819,18.753205942007,
    0.270384372692));
#3668 = CARTESIAN_POINT('',(63.906351672004,18.753497481691,
    0.270384370629));
#3669 = CARTESIAN_POINT('',(63.902416803821,18.753803516764,
    0.270384368599));
#3670 = CARTESIAN_POINT('',(63.893729910632,18.754511343336,
    0.270384364191));
#3671 = CARTESIAN_POINT('',(63.888978428818,18.754919801319,
    0.270384361829));
#3672 = CARTESIAN_POINT('',(63.884228783894,18.755349406748,
    0.270384359516));
#3673 = CARTESIAN_POINT('',(63.879481088801,18.755800149658,
    0.270384357253));
#3674 = CARTESIAN_POINT('',(63.874735456407,18.756272019336,
    0.270384355039));
#3675 = CARTESIAN_POINT('',(63.869991999508,18.756765004311,
    0.270384352875));
#3676 = CARTESIAN_POINT('',(63.860673150749,18.757775453235,
    0.27038434872));
#3677 = CARTESIAN_POINT('',(63.856097603796,18.758291486893,
    0.270384346725));
#3678 = CARTESIAN_POINT('',(63.851524291428,18.758827182334,
    0.270384344777));
#3679 = CARTESIAN_POINT('',(63.846953315028,18.759382527902,
    0.270384342875));
#3680 = CARTESIAN_POINT('',(63.842384775897,18.759957511291,
    0.270384341019));
#3681 = CARTESIAN_POINT('',(63.837818775259,18.76055211954,0.27038433921
    ));
#3682 = CARTESIAN_POINT('',(63.829180984806,18.761714749298,
    0.270384335874));
#3683 = CARTESIAN_POINT('',(63.825108659653,18.762278793526,
    0.270384334337));
#3684 = CARTESIAN_POINT('',(63.821038510787,18.76285846203,
    0.270384332838));
#3685 = CARTESIAN_POINT('',(63.81697061014,18.763453744707,
    0.270384331376));
#3686 = CARTESIAN_POINT('',(63.812905029579,18.764064631039,
    0.270384329951));
#3687 = CARTESIAN_POINT('',(63.808841840915,18.764691110097,
    0.270384328563));
#3688 = CARTESIAN_POINT('',(63.800720390892,18.76597523097,
    0.270384325862));
#3689 = CARTESIAN_POINT('',(63.796662129529,18.766632872787,
    0.270384324549));
#3690 = CARTESIAN_POINT('',(63.792606403556,18.76730608464,
    0.270384323273));
#3691 = CARTESIAN_POINT('',(63.788553284652,18.767994854772,
    0.270384322034));
#3692 = CARTESIAN_POINT('',(63.784502844426,18.768699171016,
    0.270384320833));
#3693 = CARTESIAN_POINT('',(63.780455154415,18.76941902079,
    0.270384319669));
#3694 = CARTESIAN_POINT('',(63.772041828309,18.770948591033,
    0.270384317326));
#3695 = CARTESIAN_POINT('',(63.767676661737,18.77176089412,
    0.270384316153));
#3696 = CARTESIAN_POINT('',(63.763314876403,18.772591283995,
    0.270384315023));
#3697 = CARTESIAN_POINT('',(63.758956562229,18.77343974373,
    0.270384313937));
#3698 = CARTESIAN_POINT('',(63.754601809029,18.774306255842,
    0.270384312895));
#3699 = CARTESIAN_POINT('',(63.750250706506,18.775190802288,
    0.270384311896));
#3700 = CARTESIAN_POINT('',(63.741394968602,18.777029354871,
    0.270384309951));
#3701 = CARTESIAN_POINT('',(63.736890615402,18.777984720221,
    0.270384309008));
#3702 = CARTESIAN_POINT('',(63.732390384582,18.778959439771,
    0.270384308111));
#3703 = CARTESIAN_POINT('',(63.727894375924,18.779953492134,
    0.270384307262));
#3704 = CARTESIAN_POINT('',(63.723402689069,18.780966855278,
    0.27038430646));
#3705 = CARTESIAN_POINT('',(63.718915423515,18.781999506532,
    0.270384305705));
#3706 = CARTESIAN_POINT('',(63.708989345543,18.784328749208,
    0.270384304137));
#3707 = CARTESIAN_POINT('',(63.703552678116,18.785634481583,
    0.270384303347));
#3708 = CARTESIAN_POINT('',(63.698122854239,18.786968577957,
    0.270384302626));
#3709 = CARTESIAN_POINT('',(63.692700051461,18.7883309952,0.270384301975
    ));
#3710 = CARTESIAN_POINT('',(63.687284446985,18.78972168879,
    0.270384301393));
#3711 = CARTESIAN_POINT('',(63.681876217663,18.791140612822,
    0.27038430088));
#3712 = CARTESIAN_POINT('',(63.67647554,18.79258772,0.270384300437));
#3713 = CYLINDRICAL_SURFACE('',#3714,1.249999998817);
#3714 = AXIS2_PLACEMENT_3D('',#3715,#3716,#3717);
#3715 = CARTESIAN_POINT('',(63.999999337715,19.999995003958,0.));
#3716 = DIRECTION('',(-0.,0.,-1.));
#3717 = DIRECTION('',(1.,0.,0.));
#3718 = ADVANCED_FACE('',(#3719),#3731,.F.);
#3719 = FACE_BOUND('',#3720,.F.);
#3720 = EDGE_LOOP('',(#3721,#3722,#3729,#3730));
#3721 = ORIENTED_EDGE('',*,*,#2083,.T.);
#3722 = ORIENTED_EDGE('',*,*,#3723,.F.);
#3723 = EDGE_CURVE('',#2160,#2076,#3724,.T.);
#3724 = CIRCLE('',#3725,1.7);
#3725 = AXIS2_PLACEMENT_3D('',#3726,#3727,#3728);
#3726 = CARTESIAN_POINT('',(64.00000078,19.99999975,0.));
#3727 = DIRECTION('',(0.,-0.,-1.));
#3728 = DIRECTION('',(5.551115123126E-16,-1.,0.));
#3729 = ORIENTED_EDGE('',*,*,#2157,.F.);
#3730 = ORIENTED_EDGE('',*,*,#3187,.T.);
#3731 = CONICAL_SURFACE('',#3732,2.22044604925E-16,1.029744258677);
#3732 = AXIS2_PLACEMENT_3D('',#3733,#3734,#3735);
#3733 = CARTESIAN_POINT('',(64.00000078,19.99999975,1.021463052347));
#3734 = DIRECTION('',(0.,0.,-1.));
#3735 = DIRECTION('',(0.,-1.,0.));
#3736 = ADVANCED_FACE('',(#3737),#3743,.T.);
#3737 = FACE_BOUND('',#3738,.T.);
#3738 = EDGE_LOOP('',(#3739,#3740,#3741,#3742));
#3739 = ORIENTED_EDGE('',*,*,#3723,.F.);
#3740 = ORIENTED_EDGE('',*,*,#2168,.T.);
#3741 = ORIENTED_EDGE('',*,*,#2142,.F.);
#3742 = ORIENTED_EDGE('',*,*,#2075,.F.);
#3743 = CYLINDRICAL_SURFACE('',#3744,1.7);
#3744 = AXIS2_PLACEMENT_3D('',#3745,#3746,#3747);
#3745 = CARTESIAN_POINT('',(64.00000078,19.99999975,0.));
#3746 = DIRECTION('',(-0.,-0.,1.));
#3747 = DIRECTION('',(0.,-1.,0.));
#3748 = ADVANCED_FACE('',(#3749),#3761,.T.);
#3749 = FACE_BOUND('',#3750,.T.);
#3750 = EDGE_LOOP('',(#3751,#3758,#3759,#3760));
#3751 = ORIENTED_EDGE('',*,*,#3752,.T.);
#3752 = EDGE_CURVE('',#2309,#2406,#3753,.T.);
#3753 = CIRCLE('',#3754,1.7);
#3754 = AXIS2_PLACEMENT_3D('',#3755,#3756,#3757);
#3755 = CARTESIAN_POINT('',(-63.99999922,19.99999975,0.));
#3756 = DIRECTION('',(-0.,0.,1.));
#3757 = DIRECTION('',(0.,-1.,0.));
#3758 = ORIENTED_EDGE('',*,*,#2414,.T.);
#3759 = ORIENTED_EDGE('',*,*,#2388,.F.);
#3760 = ORIENTED_EDGE('',*,*,#2308,.F.);
#3761 = CYLINDRICAL_SURFACE('',#3762,1.7);
#3762 = AXIS2_PLACEMENT_3D('',#3763,#3764,#3765);
#3763 = CARTESIAN_POINT('',(-63.99999922,19.99999975,0.));
#3764 = DIRECTION('',(-0.,-0.,1.));
#3765 = DIRECTION('',(0.,-1.,0.));
#3766 = ADVANCED_FACE('',(#3767),#3779,.T.);
#3767 = FACE_BOUND('',#3768,.T.);
#3768 = EDGE_LOOP('',(#3769,#3770,#3771,#3778));
#3769 = ORIENTED_EDGE('',*,*,#2822,.F.);
#3770 = ORIENTED_EDGE('',*,*,#2438,.F.);
#3771 = ORIENTED_EDGE('',*,*,#3772,.T.);
#3772 = EDGE_CURVE('',#2439,#2336,#3773,.T.);
#3773 = CIRCLE('',#3774,1.7);
#3774 = AXIS2_PLACEMENT_3D('',#3775,#3776,#3777);
#3775 = CARTESIAN_POINT('',(-63.99999922,19.99999975,110.));
#3776 = DIRECTION('',(0.,-0.,-1.));
#3777 = DIRECTION('',(-2.775557561563E-16,-1.,0.));
#3778 = ORIENTED_EDGE('',*,*,#2344,.T.);
#3779 = CYLINDRICAL_SURFACE('',#3780,1.7);
#3780 = AXIS2_PLACEMENT_3D('',#3781,#3782,#3783);
#3781 = CARTESIAN_POINT('',(-63.99999922,19.99999975,110.));
#3782 = DIRECTION('',(-0.,-0.,-1.));
#3783 = DIRECTION('',(0.,-1.,0.));
#3784 = ADVANCED_FACE('',(#3785),#3968,.F.);
#3785 = FACE_BOUND('',#3786,.F.);
#3786 = EDGE_LOOP('',(#3787,#3788,#3966,#3967));
#3787 = ORIENTED_EDGE('',*,*,#2335,.F.);
#3788 = ORIENTED_EDGE('',*,*,#3789,.T.);
#3789 = EDGE_CURVE('',#2328,#2447,#3790,.T.);
#3790 = B_SPLINE_CURVE_WITH_KNOTS('',7,(#3791,#3792,#3793,#3794,#3795,
    #3796,#3797,#3798,#3799,#3800,#3801,#3802,#3803,#3804,#3805,#3806,
    #3807,#3808,#3809,#3810,#3811,#3812,#3813,#3814,#3815,#3816,#3817,
    #3818,#3819,#3820,#3821,#3822,#3823,#3824,#3825,#3826,#3827,#3828,
    #3829,#3830,#3831,#3832,#3833,#3834,#3835,#3836,#3837,#3838,#3839,
    #3840,#3841,#3842,#3843,#3844,#3845,#3846,#3847,#3848,#3849,#3850,
    #3851,#3852,#3853,#3854,#3855,#3856,#3857,#3858,#3859,#3860,#3861,
    #3862,#3863,#3864,#3865,#3866,#3867,#3868,#3869,#3870,#3871,#3872,
    #3873,#3874,#3875,#3876,#3877,#3878,#3879,#3880,#3881,#3882,#3883,
    #3884,#3885,#3886,#3887,#3888,#3889,#3890,#3891,#3892,#3893,#3894,
    #3895,#3896,#3897,#3898,#3899,#3900,#3901,#3902,#3903,#3904,#3905,
    #3906,#3907,#3908,#3909,#3910,#3911,#3912,#3913,#3914,#3915,#3916,
    #3917,#3918,#3919,#3920,#3921,#3922,#3923,#3924,#3925,#3926,#3927,
    #3928,#3929,#3930,#3931,#3932,#3933,#3934,#3935,#3936,#3937,#3938,
    #3939,#3940,#3941,#3942,#3943,#3944,#3945,#3946,#3947,#3948,#3949,
    #3950,#3951,#3952,#3953,#3954,#3955,#3956,#3957,#3958,#3959,#3960,
    #3961,#3962,#3963,#3964,#3965),.UNSPECIFIED.,.F.,.F.,(8,6,6,6,6,6,6,
    6,6,6,6,6,5,6,6,6,6,6,6,6,6,6,6,6,6,6,6,6,6,8),(0.,
    7.321181557931E-02,0.161676094813,0.247089883819,0.335554167519,
    0.424018453483,0.512482741704,0.600947032171,0.68331033911,
    0.771774633898,0.854137944834,0.942602243895,1.,1.349760785093,
    5.882195933004,10.414631074534,14.718439562339,18.992159642663,
    19.079600327509,19.164025816984,19.239405718883,19.317800817475,
    19.399211112866,19.465545428185,19.54997092116,19.637411611244,
    19.721837106061,19.806262601845,19.893703294969,19.99219603617),
  .UNSPECIFIED.);
#3791 = CARTESIAN_POINT('',(-62.79259337,19.67647119,109.72961262908));
#3792 = CARTESIAN_POINT('',(-62.79170752428,19.679777211149,
    109.72961262093));
#3793 = CARTESIAN_POINT('',(-62.79083223954,19.683086062093,
    109.72961261278));
#3794 = CARTESIAN_POINT('',(-62.78996752664,19.686397702347,
    109.72961260463));
#3795 = CARTESIAN_POINT('',(-62.78911339622,19.689712091375,
    109.72961259648));
#3796 = CARTESIAN_POINT('',(-62.78826985875,19.693029188591,
    109.72961258833));
#3797 = CARTESIAN_POINT('',(-62.78743692449,19.696348953359,
    109.72961258018));
#3798 = CARTESIAN_POINT('',(-62.78562096562,19.703685901644,
    109.72961256219));
#3799 = CARTESIAN_POINT('',(-62.78464282386,19.707704293706,
    109.72961255235));
#3800 = CARTESIAN_POINT('',(-62.78368019599,19.711726449396,
    109.72961254251));
#3801 = CARTESIAN_POINT('',(-62.78273309937,19.715752296835,
    109.72961253268));
#3802 = CARTESIAN_POINT('',(-62.78180155091,19.719781764044,
    109.72961252284));
#3803 = CARTESIAN_POINT('',(-62.78088556715,19.723814778947,
    109.72961251301));
#3804 = CARTESIAN_POINT('',(-62.77911580955,19.73174857057,
    109.72961249369));
#3805 = CARTESIAN_POINT('',(-62.7782609797,19.735649111734,
    109.72961248421));
#3806 = CARTESIAN_POINT('',(-62.77742068913,19.739552827902,
    109.72961247472));
#3807 = CARTESIAN_POINT('',(-62.77659495195,19.743459654035,
    109.72961246524));
#3808 = CARTESIAN_POINT('',(-62.77578378192,19.747369525017,
    109.72961245576));
#3809 = CARTESIAN_POINT('',(-62.77498719245,19.751282375656,
    109.72961244628));
#3810 = CARTESIAN_POINT('',(-62.77339527225,19.759253754562,
    109.729612427));
#3811 = CARTESIAN_POINT('',(-62.77260100253,19.76331249472,
    109.7296124172));
#3812 = CARTESIAN_POINT('',(-62.77182240189,19.76737428864,
    109.72961240739));
#3813 = CARTESIAN_POINT('',(-62.7710594844,19.771439063729,
    109.7296123976));
#3814 = CARTESIAN_POINT('',(-62.7703122637,19.775506747312,
    109.7296123878));
#3815 = CARTESIAN_POINT('',(-62.769580753,19.779577266636,
    109.72961237801));
#3816 = CARTESIAN_POINT('',(-62.76814917718,19.787723831208,
    109.72961235844));
#3817 = CARTESIAN_POINT('',(-62.76744911207,19.79179987646,
    109.72961234866));
#3818 = CARTESIAN_POINT('',(-62.76676478256,19.795878611794,
    109.72961233888));
#3819 = CARTESIAN_POINT('',(-62.76609620102,19.799959964309,
    109.72961232911));
#3820 = CARTESIAN_POINT('',(-62.76544337942,19.804043861034,
    109.72961231934));
#3821 = CARTESIAN_POINT('',(-62.76480632928,19.808130228931,
    109.72961230958));
#3822 = CARTESIAN_POINT('',(-62.76356379411,19.816307760955,
    109.72961229007));
#3823 = CARTESIAN_POINT('',(-62.76295830909,19.820398925086,
    109.72961228032));
#3824 = CARTESIAN_POINT('',(-62.76236861775,19.824492414175,
    109.72961227058));
#3825 = CARTESIAN_POINT('',(-62.76179473077,19.828588155055,
    109.72961226084));
#3826 = CARTESIAN_POINT('',(-62.76123665841,19.832686074497,
    109.72961225111));
#3827 = CARTESIAN_POINT('',(-62.76069441051,19.836786099215,
    109.72961224138));
#3828 = CARTESIAN_POINT('',(-62.75964158244,19.844990212615,
    109.72961222194));
#3829 = CARTESIAN_POINT('',(-62.75913100227,19.849094301301,
    109.72961221222));
#3830 = CARTESIAN_POINT('',(-62.75863626538,19.853200348575,
    109.72961220251));
#3831 = CARTESIAN_POINT('',(-62.75815738076,19.85730828104,
    109.72961219281));
#3832 = CARTESIAN_POINT('',(-62.75769435697,19.861418025252,
    109.72961218312));
#3833 = CARTESIAN_POINT('',(-62.75724720215,19.865529507715,
    109.72961217343));
#3834 = CARTESIAN_POINT('',(-62.75641438919,19.873472136826,
    109.72961215474));
#3835 = CARTESIAN_POINT('',(-62.75602661666,19.877303061781,
    109.72961214573));
#3836 = CARTESIAN_POINT('',(-62.75565261267,19.881135370396,
    109.72961213673));
#3837 = CARTESIAN_POINT('',(-62.75529238311,19.884969003287,
    109.72961212774));
#3838 = CARTESIAN_POINT('',(-62.75494593357,19.888803901041,
    109.72961211875));
#3839 = CARTESIAN_POINT('',(-62.7546132693,19.892640004214,
    109.72961210977));
#3840 = CARTESIAN_POINT('',(-62.75395190089,19.900598743229,
    109.72961209116));
#3841 = CARTESIAN_POINT('',(-62.75362531542,19.904721555131,
    109.72961208153));
#3842 = CARTESIAN_POINT('',(-62.75331464495,19.908845615347,
    109.7296120719));
#3843 = CARTESIAN_POINT('',(-62.75301989518,19.912970850151,
    109.72961206229));
#3844 = CARTESIAN_POINT('',(-62.75274107138,19.91709718579,
    109.72961205268));
#3845 = CARTESIAN_POINT('',(-62.7524781784,19.921224548478,
    109.72961204309));
#3846 = CARTESIAN_POINT('',(-62.75200129446,19.929196468972,
    109.72961202457));
#3847 = CARTESIAN_POINT('',(-62.75178518133,19.933040899833,
    109.72961201565));
#3848 = CARTESIAN_POINT('',(-62.75158288483,19.936886097413,
    109.72961200674));
#3849 = CARTESIAN_POINT('',(-62.75139440819,19.940732002122,
    109.72961199784));
#3850 = CARTESIAN_POINT('',(-62.75121975433,19.944578554358,
    109.72961198894));
#3851 = CARTESIAN_POINT('',(-62.75105892586,19.948425694501,
    109.72961198005));
#3852 = CARTESIAN_POINT('',(-62.75075403529,19.956406043905,
    109.72961196164));
#3853 = CARTESIAN_POINT('',(-62.75061209761,19.960539334331,
    109.72961195211));
#3854 = CARTESIAN_POINT('',(-62.75048611483,19.964673160299,
    109.7296119426));
#3855 = CARTESIAN_POINT('',(-62.75037608935,19.968807447906,
    109.72961193309));
#3856 = CARTESIAN_POINT('',(-62.75028202313,19.972942123233,
    109.72961192359));
#3857 = CARTESIAN_POINT('',(-62.75020391771,19.977077112354,
    109.7296119141));
#3858 = CARTESIAN_POINT('',(-62.75010145401,19.983895376932,
    109.72961189848));
#3859 = CARTESIAN_POINT('',(-62.75006785335,19.986578513495,
    109.72961189233));
#3860 = CARTESIAN_POINT('',(-62.75004097251,19.989261730832,
    109.72961188619));
#3861 = CARTESIAN_POINT('',(-62.75002081173,19.991945008755,
    109.72961188006));
#3862 = CARTESIAN_POINT('',(-62.75000737116,19.994628327068,
    109.72961187393));
#3863 = CARTESIAN_POINT('',(-62.74995970066,20.013662984046,
    109.72961183047));
#3864 = CARTESIAN_POINT('',(-62.75025018191,20.032697044776,
    109.72961178725));
#3865 = CARTESIAN_POINT('',(-62.75074923643,20.049043029079,
    109.7296117503));
#3866 = CARTESIAN_POINT('',(-62.75149770494,20.065379860908,
    109.72961171355));
#3867 = CARTESIAN_POINT('',(-62.75249537601,20.081703063261,
    109.729611677));
#3868 = CARTESIAN_POINT('',(-62.7537419363,20.098008054597,
    109.72961164066));
#3869 = CARTESIAN_POINT('',(-62.77461062818,20.325284460819,
    109.72961113654));
#3870 = CARTESIAN_POINT('',(-62.83574481345,20.532819964244,
    109.7296107052));
#3871 = CARTESIAN_POINT('',(-62.93792380435,20.726262233684,
    109.72961033426));
#3872 = CARTESIAN_POINT('',(-63.07676608598,20.896158620397,
    109.72961004233));
#3873 = CARTESIAN_POINT('',(-63.24598413334,21.034815333955,
    109.72960984255));
#3874 = CARTESIAN_POINT('',(-63.43718722559,21.136056149414,
    109.7296097433));
#3875 = CARTESIAN_POINT('',(-63.84300580603,21.258067536919,
    109.72960974449));
#3876 = CARTESIAN_POINT('',(-64.05833790282,21.279053561049,
    109.72960984493));
#3877 = CARTESIAN_POINT('',(-64.27596349565,21.256703324382,
    109.72961004583));
#3878 = CARTESIAN_POINT('',(-64.48547709202,21.191541876158,
    109.7296103388));
#3879 = CARTESIAN_POINT('',(-64.67739080713,21.086520050819,
    109.72961071058));
#3880 = CARTESIAN_POINT('',(-64.84283680772,20.947107014265,
    109.72961114259));
#3881 = CARTESIAN_POINT('',(-65.10118586034,20.624791131781,
    109.72961205585));
#3882 = CARTESIAN_POINT('',(-65.19771918968,20.443947977251,
    109.72961253491));
#3883 = CARTESIAN_POINT('',(-65.25913896834,20.246198657104,
    109.72961302834));
#3884 = CARTESIAN_POINT('',(-65.28236423292,20.039860120058,
    109.72961351508));
#3885 = CARTESIAN_POINT('',(-65.26644127197,19.833405086451,
    109.72961397508));
#3886 = CARTESIAN_POINT('',(-65.21252502617,19.635627329011,
    109.72961438915));
#3887 = CARTESIAN_POINT('',(-65.03756834807,19.274827143369,
    109.72961509173));
#3888 = CARTESIAN_POINT('',(-64.9167535688,19.111063520807,
    109.7296153821));
#3889 = CARTESIAN_POINT('',(-64.76599730226,18.971357508171,
    109.72961559699));
#3890 = CARTESIAN_POINT('',(-64.59133856591,18.861941644718,
    109.72961572627));
#3891 = CARTESIAN_POINT('',(-64.39985416264,18.787249239501,
    109.72961576478));
#3892 = CARTESIAN_POINT('',(-64.19978702702,18.749994772923,
    109.72961571196));
#3893 = CARTESIAN_POINT('',(-63.99591154407,18.749995006643,
    109.72961557153));
#3894 = CARTESIAN_POINT('',(-63.99182386817,18.750010606483,
    109.72961556868));
#3895 = CARTESIAN_POINT('',(-63.98773626369,18.750041801479,
    109.72961556579));
#3896 = CARTESIAN_POINT('',(-63.98364880203,18.75008859122,
    109.72961556287));
#3897 = CARTESIAN_POINT('',(-63.97956155459,18.75015097489,
    109.72961555991));
#3898 = CARTESIAN_POINT('',(-63.97547459274,18.750228951263,
    109.72961555692));
#3899 = CARTESIAN_POINT('',(-63.96744230039,18.750412859682,
    109.72961555097));
#3900 = CARTESIAN_POINT('',(-63.96349694569,18.750517735021,
    109.72961554801));
#3901 = CARTESIAN_POINT('',(-63.95955198802,18.75063714325,
    109.72961554502));
#3902 = CARTESIAN_POINT('',(-63.95560749162,18.750771082544,
    109.729615542));
#3903 = CARTESIAN_POINT('',(-63.95166352072,18.75091955072,
    109.72961553894));
#3904 = CARTESIAN_POINT('',(-63.94772013953,18.751082545244,
    109.72961553585));
#3905 = CARTESIAN_POINT('',(-63.94025712003,18.751418561422,
    109.72961552995));
#3906 = CARTESIAN_POINT('',(-63.93673734908,18.751588637631,
    109.72961552713));
#3907 = CARTESIAN_POINT('',(-63.93321814513,18.751770289793,
    109.7296155243));
#3908 = CARTESIAN_POINT('',(-63.92969955385,18.751963515626,
    109.72961552143));
#3909 = CARTESIAN_POINT('',(-63.92618162093,18.752168312621,
    109.72961551854));
#3910 = CARTESIAN_POINT('',(-63.92266439201,18.752384678045,
    109.72961551562));
#3911 = CARTESIAN_POINT('',(-63.91549077427,18.752849657071,
    109.72961550962));
#3912 = CARTESIAN_POINT('',(-63.91183444663,18.753099214415,
    109.72961550653));
#3913 = CARTESIAN_POINT('',(-63.90817898117,18.753361277644,
    109.72961550342));
#3914 = CARTESIAN_POINT('',(-63.9045244292,18.753635843166,
    109.72961550027));
#3915 = CARTESIAN_POINT('',(-63.90087084204,18.753922907126,
    109.7296154971));
#3916 = CARTESIAN_POINT('',(-63.89721827098,18.754222465406,
    109.7296154939));
#3917 = CARTESIAN_POINT('',(-63.8897748211,18.7548585637,109.72961548733
    ));
#3918 = CARTESIAN_POINT('',(-63.88598402596,18.755196082956,
    109.72961548395));
#3919 = CARTESIAN_POINT('',(-63.88219443929,18.755547066485,
    109.72961548053));
#3920 = CARTESIAN_POINT('',(-63.87840611846,18.755911509075,
    109.72961547709));
#3921 = CARTESIAN_POINT('',(-63.87461912084,18.756289405208,
    109.72961547362));
#3922 = CARTESIAN_POINT('',(-63.87083350374,18.756680749061,
    109.72961547012));
#3923 = CARTESIAN_POINT('',(-63.8639659191,18.757415359685,
    109.72961546371));
#3924 = CARTESIAN_POINT('',(-63.86088346835,18.757754109049,
    109.72961546082));
#3925 = CARTESIAN_POINT('',(-63.85780200319,18.758101779281,
    109.7296154579));
#3926 = CARTESIAN_POINT('',(-63.85472155462,18.758458366931,
    109.72961545497));
#3927 = CARTESIAN_POINT('',(-63.85164215358,18.758823868416,
    109.72961545201));
#3928 = CARTESIAN_POINT('',(-63.84856383105,18.759198280016,
    109.72961544904));
#3929 = CARTESIAN_POINT('',(-63.84157016485,18.760069456979,
    109.72961544223));
#3930 = CARTESIAN_POINT('',(-63.83765550885,18.760571742752,
    109.72961543839));
#3931 = CARTESIAN_POINT('',(-63.83374271371,18.761088447254,
    109.72961543452));
#3932 = CARTESIAN_POINT('',(-63.82983184316,18.761619562189,
    109.72961543061));
#3933 = CARTESIAN_POINT('',(-63.82592296087,18.762165078908,
    109.72961542668));
#3934 = CARTESIAN_POINT('',(-63.82201613048,18.762724988411,
    109.72961542271));
#3935 = CARTESIAN_POINT('',(-63.8140672465,18.763894084753,
    109.72961541457));
#3936 = CARTESIAN_POINT('',(-63.81002534671,18.764504317326,
    109.72961541039));
#3937 = CARTESIAN_POINT('',(-63.80598578685,18.765129968678,
    109.72961540618));
#3938 = CARTESIAN_POINT('',(-63.80194863748,18.765771028015,
    109.72961540193));
#3939 = CARTESIAN_POINT('',(-63.79791396912,18.766427484139,
    109.72961539766));
#3940 = CARTESIAN_POINT('',(-63.79388185222,18.767099325451,
    109.72961539335));
#3941 = CARTESIAN_POINT('',(-63.78596181018,18.768450057398,
    109.72961538481));
#3942 = CARTESIAN_POINT('',(-63.78207370734,18.769127906094,
    109.72961538059));
#3943 = CARTESIAN_POINT('',(-63.77818811199,18.769820075229,
    109.72961537633));
#3944 = CARTESIAN_POINT('',(-63.77430508742,18.770526553651,
    109.72961537204));
#3945 = CARTESIAN_POINT('',(-63.77042469686,18.771247329855,
    109.72961536773));
#3946 = CARTESIAN_POINT('',(-63.76654700347,18.77198239199,
    109.72961536338));
#3947 = CARTESIAN_POINT('',(-63.75879713718,18.773481063723,
    109.72961535462));
#3948 = CARTESIAN_POINT('',(-63.75492496428,18.774244673324,
    109.72961535021));
#3949 = CARTESIAN_POINT('',(-63.75105561474,18.775022544451,
    109.72961534577));
#3950 = CARTESIAN_POINT('',(-63.74718915159,18.775814664555,
    109.7296153413));
#3951 = CARTESIAN_POINT('',(-63.74332563778,18.77662102074,
    109.7296153368));
#3952 = CARTESIAN_POINT('',(-63.7394651362,18.777441599758,
    109.72961533227));
#3953 = CARTESIAN_POINT('',(-63.73161251784,18.779140990151,
    109.72961532299));
#3954 = CARTESIAN_POINT('',(-63.72762062463,18.780020834598,
    109.72961531823));
#3955 = CARTESIAN_POINT('',(-63.72363209981,18.780915906254,
    109.72961531344));
#3956 = CARTESIAN_POINT('',(-63.71964701307,18.781826189617,
    109.72961530862));
#3957 = CARTESIAN_POINT('',(-63.71566543403,18.782751668789,
    109.72961530376));
#3958 = CARTESIAN_POINT('',(-63.71168743219,18.783692327473,
    109.72961529888));
#3959 = CARTESIAN_POINT('',(-63.70323638396,18.785724781327,
    109.72961528842));
#3960 = CARTESIAN_POINT('',(-63.69876431766,18.786820651736,
    109.72961528284));
#3961 = CARTESIAN_POINT('',(-63.69429697729,18.787935736338,
    109.72961527722));
#3962 = CARTESIAN_POINT('',(-63.68983446188,18.789070010634,
    109.72961527156));
#3963 = CARTESIAN_POINT('',(-63.68537687034,18.790223449489,
    109.72961526586));
#3964 = CARTESIAN_POINT('',(-63.6809243014,18.791396027128,
    109.72961526012));
#3965 = CARTESIAN_POINT('',(-63.67647685362,18.792587717139,
    109.72961525433));
#3966 = ORIENTED_EDGE('',*,*,#2446,.F.);
#3967 = ORIENTED_EDGE('',*,*,#3772,.T.);
#3968 = CONICAL_SURFACE('',#3969,0.,1.029744258677);
#3969 = AXIS2_PLACEMENT_3D('',#3970,#3971,#3972);
#3970 = CARTESIAN_POINT('',(-63.99999922,19.99999975,108.97853694765));
#3971 = DIRECTION('',(0.,0.,1.));
#3972 = DIRECTION('',(0.,-1.,0.));
#3973 = ADVANCED_FACE('',(#3974),#4152,.F.);
#3974 = FACE_BOUND('',#3975,.F.);
#3975 = EDGE_LOOP('',(#3976,#3977,#3978,#3979));
#3976 = ORIENTED_EDGE('',*,*,#2455,.T.);
#3977 = ORIENTED_EDGE('',*,*,#3789,.F.);
#3978 = ORIENTED_EDGE('',*,*,#2327,.F.);
#3979 = ORIENTED_EDGE('',*,*,#3980,.F.);
#3980 = EDGE_CURVE('',#2404,#2319,#3981,.T.);
#3981 = B_SPLINE_CURVE_WITH_KNOTS('',7,(#3982,#3983,#3984,#3985,#3986,
    #3987,#3988,#3989,#3990,#3991,#3992,#3993,#3994,#3995,#3996,#3997,
    #3998,#3999,#4000,#4001,#4002,#4003,#4004,#4005,#4006,#4007,#4008,
    #4009,#4010,#4011,#4012,#4013,#4014,#4015,#4016,#4017,#4018,#4019,
    #4020,#4021,#4022,#4023,#4024,#4025,#4026,#4027,#4028,#4029,#4030,
    #4031,#4032,#4033,#4034,#4035,#4036,#4037,#4038,#4039,#4040,#4041,
    #4042,#4043,#4044,#4045,#4046,#4047,#4048,#4049,#4050,#4051,#4052,
    #4053,#4054,#4055,#4056,#4057,#4058,#4059,#4060,#4061,#4062,#4063,
    #4064,#4065,#4066,#4067,#4068,#4069,#4070,#4071,#4072,#4073,#4074,
    #4075,#4076,#4077,#4078,#4079,#4080,#4081,#4082,#4083,#4084,#4085,
    #4086,#4087,#4088,#4089,#4090,#4091,#4092,#4093,#4094,#4095,#4096,
    #4097,#4098,#4099,#4100,#4101,#4102,#4103,#4104,#4105,#4106,#4107,
    #4108,#4109,#4110,#4111,#4112,#4113,#4114,#4115,#4116,#4117,#4118,
    #4119,#4120,#4121,#4122,#4123,#4124,#4125,#4126,#4127,#4128,#4129,
    #4130,#4131,#4132,#4133,#4134,#4135,#4136,#4137,#4138,#4139,#4140,
    #4141,#4142,#4143,#4144,#4145,#4146,#4147,#4148,#4149,#4150,#4151),
  .UNSPECIFIED.,.F.,.F.,(8,6,6,6,6,6,6,6,6,6,6,6,6,6,6,6,6,6,6,6,6,6,6,6
    ,6,6,6,6,8),(0.,0.107534416636,0.191956840926,0.276379264212,
    0.360801686534,0.433163762075,0.505525836965,0.592963343287,
    0.668340503214,0.752762921602,0.828140080263,0.912562497311,1.,
    5.129119830324,9.348520790213,14.097272616957,18.990288078547,
    19.04463556256,19.133100221463,19.221564878158,19.306979027344,
    19.395443679666,19.483908329746,19.572372977574,19.660837623144,
    19.737100246823,19.825564888175,19.907928517733,19.990292145319),
  .UNSPECIFIED.);
#3982 = CARTESIAN_POINT('',(-63.67647685362,18.792587717139,
    0.270384745664));
#3983 = CARTESIAN_POINT('',(-63.68133275571,18.791286582128,
    0.270384739351));
#3984 = CARTESIAN_POINT('',(-63.68619476282,18.790008231261,
    0.270384733086));
#3985 = CARTESIAN_POINT('',(-63.69106274664,18.788752698916,
    0.270384726868));
#3986 = CARTESIAN_POINT('',(-63.69593657866,18.787520018565,
    0.270384720699));
#3987 = CARTESIAN_POINT('',(-63.70081613012,18.786310222772,
    0.270384714578));
#3988 = CARTESIAN_POINT('',(-63.70570127202,18.785123343196,
    0.270384708505));
#3989 = CARTESIAN_POINT('',(-63.71443135827,18.783045637902,
    0.270384697752));
#3990 = CARTESIAN_POINT('',(-63.71827420735,18.782146008361,
    0.270384693053));
#3991 = CARTESIAN_POINT('',(-63.72212035989,18.781260536844,
    0.270384688383));
#3992 = CARTESIAN_POINT('',(-63.72596975331,18.780389237883,
    0.270384683744));
#3993 = CARTESIAN_POINT('',(-63.72982232492,18.779532125665,
    0.270384679135));
#3994 = CARTESIAN_POINT('',(-63.73367801196,18.778689214031,
    0.270384674556));
#3995 = CARTESIAN_POINT('',(-63.74139549121,18.777031818931,
    0.270384665459));
#3996 = CARTESIAN_POINT('',(-63.74525728342,18.776217335463,
    0.270384660941));
#3997 = CARTESIAN_POINT('',(-63.74912206539,18.775417079566,
    0.270384656453));
#3998 = CARTESIAN_POINT('',(-63.75298977424,18.774631064388,
    0.270384651996));
#3999 = CARTESIAN_POINT('',(-63.75686034697,18.773859302725,
    0.270384647569));
#4000 = CARTESIAN_POINT('',(-63.76073372055,18.773101807029,
    0.270384643173));
#4001 = CARTESIAN_POINT('',(-63.76848594312,18.771615371784,
    0.270384634442));
#4002 = CARTESIAN_POINT('',(-63.77236479211,18.770886432233,
    0.270384630108));
#4003 = CARTESIAN_POINT('',(-63.77624631571,18.770171782853,
    0.270384625804));
#4004 = CARTESIAN_POINT('',(-63.78013045075,18.769471435396,
    0.270384621531));
#4005 = CARTESIAN_POINT('',(-63.78401713398,18.768785401265,
    0.270384617288));
#4006 = CARTESIAN_POINT('',(-63.78790630209,18.768113691515,
    0.270384613077));
#4007 = CARTESIAN_POINT('',(-63.79513353994,18.766892852858,
    0.270384605314));
#4008 = CARTESIAN_POINT('',(-63.79847096723,18.766339920764,
    0.270384601753));
#4009 = CARTESIAN_POINT('',(-63.8018101337,18.76579752731,0.270384598216
    ));
#4010 = CARTESIAN_POINT('',(-63.80515099939,18.765265679047,
    0.270384594701));
#4011 = CARTESIAN_POINT('',(-63.80849352436,18.764744382338,
    0.27038459121));
#4012 = CARTESIAN_POINT('',(-63.81183766859,18.764233643356,
    0.270384587741));
#4013 = CARTESIAN_POINT('',(-63.81852911553,18.763233292816,
    0.27038458085));
#4014 = CARTESIAN_POINT('',(-63.82187641823,18.762743681259,
    0.270384577427));
#4015 = CARTESIAN_POINT('',(-63.82522526015,18.762264639396,
    0.270384574028));
#4016 = CARTESIAN_POINT('',(-63.82857560124,18.761796173021,
    0.270384570651));
#4017 = CARTESIAN_POINT('',(-63.83192740142,18.761338287738,
    0.270384567298));
#4018 = CARTESIAN_POINT('',(-63.83528062059,18.760890988962,
    0.270384563968));
#4019 = CARTESIAN_POINT('',(-63.84268869118,18.759926594241,
    0.270384556665));
#4020 = CARTESIAN_POINT('',(-63.84674417697,18.759414371228,
    0.270384552703));
#4021 = CARTESIAN_POINT('',(-63.85080160518,18.758917622095,
    0.270384548775));
#4022 = CARTESIAN_POINT('',(-63.85486090496,18.758436355653,
    0.270384544881));
#4023 = CARTESIAN_POINT('',(-63.85892200541,18.757970580308,
    0.270384541021));
#4024 = CARTESIAN_POINT('',(-63.86298483558,18.757520304061,
    0.270384537195));
#4025 = CARTESIAN_POINT('',(-63.87055319416,18.756710733168,
    0.270384530135));
#4026 = CARTESIAN_POINT('',(-63.87405829656,18.756347455829,
    0.270384526892));
#4027 = CARTESIAN_POINT('',(-63.87756458618,18.755995707352,
    0.270384523674));
#4028 = CARTESIAN_POINT('',(-63.88107201752,18.755655492379,
    0.270384520482));
#4029 = CARTESIAN_POINT('',(-63.88458054504,18.755326815327,
    0.270384517316));
#4030 = CARTESIAN_POINT('',(-63.8880901232,18.755009680386,
    0.270384514175));
#4031 = CARTESIAN_POINT('',(-63.89553255959,18.754361832,0.27038450757)
  );
#4032 = CARTESIAN_POINT('',(-63.89946567353,18.754034055877,
    0.270384504113));
#4033 = CARTESIAN_POINT('',(-63.90339998419,18.753720768727,
    0.270384500689));
#4034 = CARTESIAN_POINT('',(-63.90733542754,18.753421975771,
    0.270384497296));
#4035 = CARTESIAN_POINT('',(-63.91127193948,18.753137681872,
    0.270384493936));
#4036 = CARTESIAN_POINT('',(-63.91520945593,18.752867891543,
    0.270384490608));
#4037 = CARTESIAN_POINT('',(-63.92266439201,18.752384678045,
    0.270384484371));
#4038 = CARTESIAN_POINT('',(-63.92618162093,18.752168312621,
    0.270384481455));
#4039 = CARTESIAN_POINT('',(-63.92969955385,18.751963515626,
    0.270384478564));
#4040 = CARTESIAN_POINT('',(-63.93321814513,18.751770289793,0.2703844757
    ));
#4041 = CARTESIAN_POINT('',(-63.93673734908,18.751588637631,
    0.270384472861));
#4042 = CARTESIAN_POINT('',(-63.94025712003,18.751418561422,
    0.270384470049));
#4043 = CARTESIAN_POINT('',(-63.94772013953,18.751082545244,
    0.270384464142));
#4044 = CARTESIAN_POINT('',(-63.95166352072,18.75091955072,
    0.270384461054));
#4045 = CARTESIAN_POINT('',(-63.95560749162,18.750771082544,
    0.270384457998));
#4046 = CARTESIAN_POINT('',(-63.95955198802,18.75063714325,
    0.270384454976));
#4047 = CARTESIAN_POINT('',(-63.96349694569,18.750517735021,
    0.270384451986));
#4048 = CARTESIAN_POINT('',(-63.96744230039,18.750412859682,
    0.270384449029));
#4049 = CARTESIAN_POINT('',(-63.97547459274,18.750228951263,
    0.270384443077));
#4050 = CARTESIAN_POINT('',(-63.97956155459,18.75015097489,
    0.270384440084));
#4051 = CARTESIAN_POINT('',(-63.98364880203,18.75008859122,
    0.270384437126));
#4052 = CARTESIAN_POINT('',(-63.98773626369,18.750041801479,
    0.270384434204));
#4053 = CARTESIAN_POINT('',(-63.99182386817,18.750010606483,
    0.270384431317));
#4054 = CARTESIAN_POINT('',(-63.99591154407,18.749995006643,
    0.270384428466));
#4055 = CARTESIAN_POINT('',(-64.19303428151,18.749994780665,
    0.270384292685));
#4056 = CARTESIAN_POINT('',(-64.3863047511,18.78477334064,0.270384238898
    ));
#4057 = CARTESIAN_POINT('',(-64.57185070856,18.854480091251,
    0.270384270114));
#4058 = CARTESIAN_POINT('',(-64.74223006107,18.956772881113,
    0.270384386117));
#4059 = CARTESIAN_POINT('',(-64.8909780885,19.087770397206,
    0.270384582503));
#4060 = CARTESIAN_POINT('',(-65.01252911278,19.242005137829,
    0.270384850635));
#4061 = CARTESIAN_POINT('',(-65.19600120799,19.586482661472,
    0.270385510119));
#4062 = CARTESIAN_POINT('',(-65.25679908093,19.777887278039,
    0.270385904895));
#4063 = CARTESIAN_POINT('',(-65.28151367387,19.979158864585,
    0.270386347036));
#4064 = CARTESIAN_POINT('',(-65.26868228502,20.182084663735,
    0.270386818813));
#4065 = CARTESIAN_POINT('',(-65.21881235557,20.378640042201,
    0.27038730157));
#4066 = CARTESIAN_POINT('',(-65.13438946837,20.560861931973,
    0.270387775428));
#4067 = CARTESIAN_POINT('',(-64.89225925626,20.903133770441,
    0.270388723045));
#4068 = CARTESIAN_POINT('',(-64.72622192601,21.058190041246,
    0.270389191148));
#4069 = CARTESIAN_POINT('',(-64.52920741376,21.17679055845,
    0.270389597422));
#4070 = CARTESIAN_POINT('',(-64.31122281658,21.252212358707,
    0.270389919636));
#4071 = CARTESIAN_POINT('',(-64.08303957159,21.280728593042,
    0.270390141867));
#4072 = CARTESIAN_POINT('',(-63.85667980754,21.26144024872,
    0.270390253785));
#4073 = CARTESIAN_POINT('',(-63.42461122082,21.133022779281,
    0.270390258439));
#4074 = CARTESIAN_POINT('',(-63.21873399282,21.020883326237,
    0.270390144424));
#4075 = CARTESIAN_POINT('',(-63.03936874789,20.865247901426,
    0.270389912918));
#4076 = CARTESIAN_POINT('',(-62.89692438676,20.674307883775,
    0.270389575439));
#4077 = CARTESIAN_POINT('',(-62.79883900009,20.458036560539,
    0.270389149617));
#4078 = CARTESIAN_POINT('',(-62.75000065087,20.228741982734,
    0.270388660162));
#4079 = CARTESIAN_POINT('',(-62.75000065087,19.997454275773,
    0.270388132519));
#4080 = CARTESIAN_POINT('',(-62.75000667582,19.994913547472,
    0.270388126719));
#4081 = CARTESIAN_POINT('',(-62.75001872571,19.99237283631,
    0.270388120914));
#4082 = CARTESIAN_POINT('',(-62.75003680049,19.989832159436,
    0.270388115106));
#4083 = CARTESIAN_POINT('',(-62.75006090004,19.987291533992,
    0.270388109293));
#4084 = CARTESIAN_POINT('',(-62.75009102416,19.984750977117,
    0.270388103477));
#4085 = CARTESIAN_POINT('',(-62.75018601365,19.978075228656,
    0.270388088182));
#4086 = CARTESIAN_POINT('',(-62.75026081677,19.973940178478,
    0.270388078697));
#4087 = CARTESIAN_POINT('',(-62.75035158093,19.969805429346,
    0.270388069202));
#4088 = CARTESIAN_POINT('',(-62.75045830467,19.96567105519,
    0.270388059696));
#4089 = CARTESIAN_POINT('',(-62.75058098607,19.961537129927,
    0.270388050181));
#4090 = CARTESIAN_POINT('',(-62.75071962279,19.957403727466,
    0.270388040656));
#4091 = CARTESIAN_POINT('',(-62.75102880134,19.949138116039,
    0.270388021586));
#4092 = CARTESIAN_POINT('',(-62.75119934318,19.94500590707,
    0.270388012042));
#4093 = CARTESIAN_POINT('',(-62.75138583481,19.94087436869,
    0.270388002488));
#4094 = CARTESIAN_POINT('',(-62.75158827304,19.936743574774,
    0.270387992925));
#4095 = CARTESIAN_POINT('',(-62.75180665426,19.932613599175,
    0.270387983353));
#4096 = CARTESIAN_POINT('',(-62.75204097442,19.928484515728,
    0.270387973772));
#4097 = CARTESIAN_POINT('',(-62.75253285419,19.920370629737,
    0.270387954922));
#4098 = CARTESIAN_POINT('',(-62.75278933382,19.91638576172,
    0.270387945655));
#4099 = CARTESIAN_POINT('',(-62.7530606639,19.91240186063,0.270387936379
    ));
#4100 = CARTESIAN_POINT('',(-62.75334684004,19.908418992876,
    0.270387927096));
#4101 = CARTESIAN_POINT('',(-62.75364785747,19.904437224842,
    0.270387917805));
#4102 = CARTESIAN_POINT('',(-62.75396371104,19.900456622884,
    0.270387908506));
#4103 = CARTESIAN_POINT('',(-62.7546368896,19.892355763541,
    0.270387889562));
#4104 = CARTESIAN_POINT('',(-62.75499529283,19.888235595753,
    0.270387879916));
#4105 = CARTESIAN_POINT('',(-62.75536959881,19.884116823661,
    0.270387870262));
#4106 = CARTESIAN_POINT('',(-62.75575980101,19.87999952092,0.2703878606)
  );
#4107 = CARTESIAN_POINT('',(-62.75616589244,19.875883761141,
    0.270387850931));
#4108 = CARTESIAN_POINT('',(-62.75658786569,19.871769617898,
    0.270387841255));
#4109 = CARTESIAN_POINT('',(-62.75746356019,19.863544711651,
    0.270387821888));
#4110 = CARTESIAN_POINT('',(-62.75791728144,19.859433948643,
    0.270387812197));
#4111 = CARTESIAN_POINT('',(-62.75838686886,19.85532494923,0.2703878025)
  );
#4112 = CARTESIAN_POINT('',(-62.75887231419,19.851217786896,
    0.270387792796));
#4113 = CARTESIAN_POINT('',(-62.75937360877,19.84711253507,
    0.270387783085));
#4114 = CARTESIAN_POINT('',(-62.75989074348,19.843009267135,
    0.270387773368));
#4115 = CARTESIAN_POINT('',(-62.76095667409,19.834806845812,
    0.270387753921));
#4116 = CARTESIAN_POINT('',(-62.76150547,19.83070769242,0.270387744192)
  );
#4117 = CARTESIAN_POINT('',(-62.76207008698,19.826610669577,
    0.270387734456));
#4118 = CARTESIAN_POINT('',(-62.76265051508,19.822515850554,
    0.270387724715));
#4119 = CARTESIAN_POINT('',(-62.76324674393,19.818423308561,
    0.270387714968));
#4120 = CARTESIAN_POINT('',(-62.76385876272,19.81433311675,
    0.270387705215));
#4121 = CARTESIAN_POINT('',(-62.76511435773,19.806157579776,
    0.270387685699));
#4122 = CARTESIAN_POINT('',(-62.76575793395,19.80207223461,
    0.270387675936));
#4123 = CARTESIAN_POINT('',(-62.76641727765,19.797989385802,
    0.270387666167));
#4124 = CARTESIAN_POINT('',(-62.76709237721,19.793909106375,
    0.270387656394));
#4125 = CARTESIAN_POINT('',(-62.76778322054,19.789831469278,
    0.270387646616));
#4126 = CARTESIAN_POINT('',(-62.76848979516,19.785756547393,
    0.270387636833));
#4127 = CARTESIAN_POINT('',(-62.7698347545,19.778173953389,
    0.270387618608));
#4128 = CARTESIAN_POINT('',(-62.77046910216,19.7746655652,0.270387610167
    ));
#4129 = CARTESIAN_POINT('',(-62.77111512286,19.77115929561,
    0.270387601723));
#4130 = CARTESIAN_POINT('',(-62.77177280808,19.767655191222,
    0.270387593276));
#4131 = CARTESIAN_POINT('',(-62.7724421491,19.764153298595,
    0.270387584826));
#4132 = CARTESIAN_POINT('',(-62.77312313694,19.760653664245,
    0.270387576374));
#4133 = CARTESIAN_POINT('',(-62.7746192079,19.753099432404,
    0.270387558109));
#4134 = CARTESIAN_POINT('',(-62.77543831299,19.74904563143,
    0.270387548297));
#4135 = CARTESIAN_POINT('',(-62.77627306328,19.744995004262,
    0.270387538481));
#4136 = CARTESIAN_POINT('',(-62.777123444,19.74094762335,0.270387528662)
  );
#4137 = CARTESIAN_POINT('',(-62.77798943995,19.736903561057,
    0.27038751884));
#4138 = CARTESIAN_POINT('',(-62.77887103549,19.732862889658,
    0.270387509015));
#4139 = CARTESIAN_POINT('',(-62.78060351926,19.725066901275,
    0.270387490036));
#4140 = CARTESIAN_POINT('',(-62.78145233214,19.721311123092,
    0.270387480883));
#4141 = CARTESIAN_POINT('',(-62.7823146403,19.717558405049,
    0.270387471728));
#4142 = CARTESIAN_POINT('',(-62.78319043047,19.713808805331,
    0.270387462571));
#4143 = CARTESIAN_POINT('',(-62.78407968909,19.710062382048,
    0.270387453411));
#4144 = CARTESIAN_POINT('',(-62.78498240227,19.706319193238,
    0.27038744425));
#4145 = CARTESIAN_POINT('',(-62.78681470931,19.698839400583,
    0.270387425924));
#4146 = CARTESIAN_POINT('',(-62.78774430318,19.695102796736,
    0.27038741676));
#4147 = CARTESIAN_POINT('',(-62.7886873232,19.691369543289,
    0.270387407593));
#4148 = CARTESIAN_POINT('',(-62.78964375487,19.687639698127,
    0.270387398425));
#4149 = CARTESIAN_POINT('',(-62.79061358337,19.683913319055,
    0.270387389256));
#4150 = CARTESIAN_POINT('',(-62.79159679356,19.680190463797,
    0.270387380086));
#4151 = CARTESIAN_POINT('',(-62.79259337,19.67647119,0.270387370915));
#4152 = CYLINDRICAL_SURFACE('',#4153,1.250000002099);
#4153 = AXIS2_PLACEMENT_3D('',#4154,#4155,#4156);
#4154 = CARTESIAN_POINT('',(-64.00000065297,19.999995004055,0.));
#4155 = DIRECTION('',(-0.,0.,-1.));
#4156 = DIRECTION('',(1.,0.,0.));
#4157 = ADVANCED_FACE('',(#4158),#4164,.F.);
#4158 = FACE_BOUND('',#4159,.F.);
#4159 = EDGE_LOOP('',(#4160,#4161,#4162,#4163));
#4160 = ORIENTED_EDGE('',*,*,#2318,.F.);
#4161 = ORIENTED_EDGE('',*,*,#3752,.T.);
#4162 = ORIENTED_EDGE('',*,*,#2403,.F.);
#4163 = ORIENTED_EDGE('',*,*,#3980,.T.);
#4164 = CONICAL_SURFACE('',#4165,2.22044604925E-16,1.029744258677);
#4165 = AXIS2_PLACEMENT_3D('',#4166,#4167,#4168);
#4166 = CARTESIAN_POINT('',(-63.99999922,19.99999975,1.021463052347));
#4167 = DIRECTION('',(0.,0.,-1.));
#4168 = DIRECTION('',(0.,-1.,0.));
#4169 = ( GEOMETRIC_REPRESENTATION_CONTEXT(3) 
GLOBAL_UNCERTAINTY_ASSIGNED_CONTEXT((#4173)) 
GLOBAL_UNIT_ASSIGNED_CONTEXT((#4170,#4171,#4172)) REPRESENTATION_CONTEXT
('Context #1','3D Context with UNIT and UNCERTAINTY') );
#4170 = ( LENGTH_UNIT() NAMED_UNIT(*) SI_UNIT(.MILLI.,.METRE.) );
#4171 = ( NAMED_UNIT(*) PLANE_ANGLE_UNIT() SI_UNIT($,.RADIAN.) );
#4172 = ( NAMED_UNIT(*) SI_UNIT($,.STERADIAN.) SOLID_ANGLE_UNIT() );
#4173 = UNCERTAINTY_MEASURE_WITH_UNIT(LENGTH_MEASURE(1.E-07),#4170,
  'distance_accuracy_value','confusion accuracy');
#4174 = CONTEXT_DEPENDENT_SHAPE_REPRESENTATION(#4175,#4177);
#4175 = ( REPRESENTATION_RELATIONSHIP('','',#32,#10) 
REPRESENTATION_RELATIONSHIP_WITH_TRANSFORMATION(#4176) 
SHAPE_REPRESENTATION_RELATIONSHIP() );
#4176 = ITEM_DEFINED_TRANSFORMATION('','',#11,#15);
#4177 = PRODUCT_DEFINITION_SHAPE('Placement','Placement of an item',
  #4178);
#4178 = NEXT_ASSEMBLY_USAGE_OCCURRENCE('2','002-SOLID(2)-1','',#5,#27,$
  );
#4179 = PRODUCT_RELATED_PRODUCT_CATEGORY('part',$,(#29));
ENDSEC;
END-ISO-10303-21;
