"Dataset","FoldMode","FoldID","Model","RowID","CowKey","ThermalRegime","Source","SourceType","EarStatus","Ear","Air","Time","Actual","Predicted","Residual","ChosenModel","InnerChoiceRMSE","eb_exact","eb_medium","eb_coarse","global_exact","global_medium","global_coarse","may_session","may_session_hour","tight_session","ridge","xgb_residual","direct_xgb","W_eb_exact","W_eb_medium","W_eb_coarse","W_global_exact","W_global_medium","W_global_coarse","W_may_session","W_may_session_hour","W_tight_session","W_ridge","W_xgb_residual","W_direct_xgb"
"all_measured_520_analysis_set","within_cow_random5",1,"StrictHierarchicalEBResidualXGB",1,"C021","stable_cool","S01","measurement_group_1","measurement_status_1",30,13.1,11,38.3,38.3170638247501,-0.017063824750096,"may_session_hour+tight_session+eb_exact",0.314722255576622,38.262883395812,38.3523304704597,38.3734269003425,38.6490655029534,38.6490655029534,38.6490655029534,38.2549686378945,38.3684529455852,38.2367082503096,38.240091120579,38.3339027762433,38.285961151123,0.0499999999999999,0,0,0,0,0,0,0.6,0.35,0,0,0
"all_measured_520_analysis_set","within_cow_random5",1,"StrictHierarchicalEBResidualXGB",6,"C021","stable_cool","S01","measurement_group_1","measurement_status_1",28.1,13.4,21,38.3,38.3245206756476,-0.024520675647608,"may_session_hour+tight_session+eb_exact",0.314722255576622,38.262883395812,38.3612917732254,38.3846285287996,38.6490655029534,38.6490655029534,38.6490655029534,38.2549686378945,38.3808810304144,38.2367082503096,38.3596462055645,38.3758950853527,38.3251037597656,0.0499999999999999,0,0,0,0,0,0,0.6,0.35,0,0,0
"all_measured_520_analysis_set","within_cow_random5",1,"StrictHierarchicalEBResidualXGB",12,"C003","stable_cool","S01","measurement_group_1","measurement_status_1",31.8,6.9,12,38.7,38.5078314678647,0.192168532135327,"may_session_hour+tight_session+eb_exact",0.314722255576622,38.549420717719,38.5304744154533,38.5319516347443,38.6490655029534,38.5752755003086,38.5098131005907,38.5877338941172,38.4594785357585,38.5847808872104,38.5188239187405,38.5165094551017,38.5299530029297,0.0499999999999999,0,0,0,0,0,0,0.6,0.35,0,0,0
"all_measured_520_analysis_set","within_cow_random5",1,"StrictHierarchicalEBResidualXGB",14,"C003","stable_cool","S01","measurement_group_1","measurement_status_1",33.3,9.3,13,38.5,38.508118910598,-0.00811891059804282,"may_session_hour+tight_session+eb_exact",0.314722255576622,38.5551695723864,38.5396668256932,38.5410810108058,38.6490655029534,38.2423503155805,38.6490655029534,38.5877338941172,38.4594785357585,38.5847808872104,38.5447777909432,38.488296555143,38.4943771362305,0.0499999999999999,0,0,0,0,0,0,0.6,0.35,0,0,0
"all_measured_520_analysis_set","within_cow_random5",1,"StrictHierarchicalEBResidualXGB",21,"C003","stable_cool","S01","measurement_group_1","measurement_status_1",33.7,5.5,23,38,38.5696658339105,-0.569665833910506,"may_session_hour+tight_session+eb_exact",0.314722255576622,38.5880843301653,38.5914218390313,38.5922562162478,38.6490655029534,39.0571651303953,38.9245327514767,38.5877338941172,38.5593138447977,38.5847808872104,38.9208775259496,38.6095785202411,38.7076034545898,0.0499999999999999,0,0,0,0,0,0,0.6,0.35,0,0,0
"all_measured_520_analysis_set","within_cow_random5",1,"StrictHierarchicalEBResidualXGB",22,"C002","stable_cool","S01","measurement_group_1","measurement_status_1",32.9,5.4,0,38.2,39.1114549771761,-0.91145497717612,"may_session_hour+tight_session+eb_exact",0.314722255576622,39.207875996832,39.0959174937836,39.0679278680215,38.6490655029534,38.6490655029534,38.6490655029534,39.2082738002205,39.0302552233108,39.2368801238516,39.2791909615113,39.1542680382065,39.3652267456055,0.0499999999999999,0,0,0,0,0,0,0.6,0.35,0,0,0
"all_measured_520_analysis_set","within_cow_random5",1,"StrictHierarchicalEBResidualXGB",28,"C002","stable_cool","S01","measurement_group_1","measurement_status_1",33.9,9.3,13,38.8,39.0891832612223,-0.289183261222348,"may_session_hour+tight_session+eb_exact",0.314722255576622,39.177670717719,39.0376290351213,39.0074730343293,38.6490655029534,38.6490655029534,38.6490655029534,39.2082738002205,38.9956528033139,39.2368801238516,39.1330693869924,39.0355526565634,39.0605926513672,0.0499999999999999,0,0,0,0,0,0,0.6,0.35,0,0,0
"all_measured_520_analysis_set","within_cow_random5",1,"StrictHierarchicalEBResidualXGB",30,"C002","stable_cool","S01","measurement_group_1","measurement_status_1",36,9.1,15,38.9,39.0888746102057,-0.188874610205715,"may_session_hour+tight_session+eb_exact",0.314722255576622,39.1714976973864,39.0646816624763,39.0438241661597,38.6490655029534,38.6490655029534,38.6490655029534,39.2082738002205,38.9956528033139,39.2368801238516,39.1559061820431,39.0569489097657,39.1163558959961,0.0499999999999999,0,0,0,0,0,0,0.6,0.35,0,0,0
"all_measured_520_analysis_set","within_cow_random5",1,"StrictHierarchicalEBResidualXGB",37,"C029","stable_cool","S01","measurement_group_1","measurement_status_1",32.9,6.9,12,38,38.3378276039459,-0.337827603945883,"may_session_hour+tight_session+eb_exact",0.314722255576622,38.3397008223864,38.2722531100853,38.3112459107848,38.6490655029534,38.3164243896546,38.6163551676511,38.3687198096102,38.3278711456957,38.3546282154547,38.2901216315828,38.2392777232571,38.312801361084,0.0499999999999999,0,0,0,0,0,0,0.6,0.35,0,0,0
"all_measured_520_analysis_set","within_cow_random5",1,"StrictHierarchicalEBResidualXGB",42,"C029","stable_cool","S01","measurement_group_1","measurement_status_1",35,11.2,15,38.5,38.3393092793348,0.160690720665173,"may_session_hour+tight_session+eb_exact",0.314722255576622,38.3693343301653,38.4224312787074,38.4357055158429,38.6490655029534,38.6490655029534,38.6490655029534,38.3687198096102,38.3278711456957,38.3546282154547,38.3090138900295,38.3980981295127,38.3640785217285,0.0499999999999999,0,0,0,0,0,0,0.6,0.35,0,0,0
"all_measured_520_analysis_set","within_cow_random5",1,"StrictHierarchicalEBResidualXGB",44,"C029","stable_cool","S01","measurement_group_1","measurement_status_1",31.3,6,21,38.4,38.4574987465968,-0.0574987465967567,"may_session_hour+tight_session+eb_exact",0.314722255576622,38.3693343301653,38.4465649952662,38.4658726615414,38.6490655029534,39.0571651303953,38.6830218343178,38.3687198096102,38.5248535911322,38.3546282154547,38.4566554709441,38.5003924710226,38.5737342834473,0.0499999999999999,0,0,0,0,0,0,0.6,0.35,0,0,0
"all_measured_520_analysis_set","within_cow_random5",1,"StrictHierarchicalEBResidualXGB",52,"C001","stable_cool","S01","measurement_group_1","measurement_status_1",31.6,9.3,13,38,38.2077625107156,-0.207762510715582,"may_session_hour+tight_session+eb_exact",0.314722255576622,38.3037093301653,38.338028421091,38.3466081938224,38.6490655029534,38.6490655029534,38.3745327514767,38.303015584258,38.1543719988875,38.285582413928,38.1990688669463,38.292254665332,38.1925964355469,0.0499999999999999,0,0,0,0,0,0,0.6,0.35,0,0,0
"all_measured_520_analysis_set","within_cow_random5",1,"StrictHierarchicalEBResidualXGB",53,"C001","stable_cool","S01","measurement_group_1","measurement_status_1",33.3,8,13,38.2,38.2077625107156,-0.00776251071557965,"may_session_hour+tight_session+eb_exact",0.314722255576622,38.3037093301653,38.338028421091,38.3466081938224,38.6490655029534,38.6490655029534,38.5163551676511,38.303015584258,38.1543719988875,38.285582413928,38.1979338478415,38.2959169758726,38.1902389526367,0.0499999999999999,0,0,0,0,0,0,0.6,0.35,0,0,0
"all_measured_520_analysis_set","within_cow_random5",1,"StrictHierarchicalEBResidualXGB",55,"C001","stable_cool","S01","measurement_group_1","measurement_status_1",32,9.1,15,38.4,38.2059800540766,0.194019945923365,"may_session_hour+tight_session+eb_exact",0.314722255576622,38.2680601973864,38.3419212458097,38.3661158328264,38.6490655029534,38.6490655029534,38.6490655029534,38.303015584258,38.1543719988875,38.285582413928,38.1667762593668,38.3318149616383,38.2587356567383,0.0499999999999999,0,0,0,0,0,0,0.6,0.35,0,0,0
"all_measured_520_analysis_set","within_cow_random5",1,"StrictHierarchicalEBResidualXGB",65,"C027","stable_cool","S01","measurement_group_1","measurement_status_1",31.1,8,13,38.6,38.7511637387271,-0.151163738727085,"may_session_hour+tight_session+eb_exact",0.314722255576622,38.8756259031055,38.7968151566826,38.791214089021,38.6490655029534,38.6490655029534,38.0745327514767,38.9629464772297,38.6086061261607,38.9777679082153,38.8528898109315,38.7613060769879,38.8310813903809,0.0499999999999999,0,0,0,0,0,0,0.6,0.35,0,0,0
"all_measured_520_analysis_set","within_cow_random5",1,"StrictHierarchicalEBResidualXGB",68,"C027","stable_cool","S01","measurement_group_1","measurement_status_1",30.7,11.2,15,38.5,38.7514964276039,-0.251496427603897,"may_session_hour+tight_session+eb_exact",0.314722255576622,38.8822796806417,38.8339459823632,38.8348948196336,38.6490655029534,38.6490655029534,38.6490655029534,38.9629464772297,38.6086061261607,38.9777679082153,38.8723575303242,38.8299340654352,38.9785079956055,0.0499999999999999,0,0,0,0,0,0,0.6,0.35,0,0,0
"all_measured_520_analysis_set","within_cow_random5",1,"StrictHierarchicalEBResidualXGB",71,"C027","stable_cool","S01","measurement_group_1","measurement_status_1",32.5,6,21,39.1,39.0082986771022,0.0917013228977979,"may_session_hour+tight_session+eb_exact",0.314722255576622,38.9633693098688,38.9217929790289,38.911398896319,38.6490655029534,38.6490655029534,39.1745327514767,38.9629464772297,39.0298524062223,38.9777679082153,39.0939502280062,38.9549701387556,39.0550994873047,0.0499999999999999,0,0,0,0,0,0,0.6,0.35,0,0,0
"all_measured_520_analysis_set","within_cow_random5",1,"StrictHierarchicalEBResidualXGB",76,"C026","stable_cool","S01","measurement_group_1","measurement_status_1",30.6,9,19,39,38.6825297726969,0.317470227303119,"may_session_hour+tight_session+eb_exact",0.314722255576622,38.6245426634987,38.6597488733094,38.6685504257621,38.6490655029534,38.3164243896546,38.4245327514767,38.624236241535,38.7220062607987,38.6231396658364,38.6289533227412,38.6607180409918,38.6411590576172,0.0499999999999999,0,0,0,0,0,0,0.6,0.35,0,0,0
"all_measured_520_analysis_set","within_cow_random5",1,"StrictHierarchicalEBResidualXGB",77,"C026","stable_cool","S01","measurement_group_1","measurement_status_1",30.7,6,21,39.1,38.6825297726969,0.41747022730312,"may_session_hour+tight_session+eb_exact",0.314722255576622,38.6245426634987,38.6507316619329,38.6572789115414,38.6490655029534,38.6490655029534,38.6490655029534,38.624236241535,38.7220062607987,38.6231396658364,38.6427771528132,38.658653680811,38.633358001709,0.0499999999999999,0,0,0,0,0,0,0.6,0.35,0,0,0
"all_measured_520_analysis_set","within_cow_random5",1,"StrictHierarchicalEBResidualXGB",86,"C016","stable_cool","S01","measurement_group_1","measurement_status_1",32.1,9,19,39.4,38.7128427983116,0.687157201688386,"may_session_hour+tight_session+eb_exact",0.314722255576622,38.6318343301653,38.6655822066428,38.6740191757621,38.9740048520706,38.9477331600143,38.9163551676511,38.6315367110186,38.767445140428,38.6308114215616,38.7321187665456,38.6895792880864,38.6998291015625,0.0499999999999999,0,0,0,0,0,0,0.6,0.35,0,0,0
"all_measured_520_analysis_set","within_cow_random5",1,"StrictHierarchicalEBResidualXGB",87,"C016","stable_cool","S01","measurement_group_1","measurement_status_1",31.1,6,21,38.6,38.7128427983116,-0.112842798311611,"may_session_hour+tight_session+eb_exact",0.314722255576622,38.6318343301653,38.6565649952662,38.6627476615414,38.6490655029534,39.0571651303953,38.6830218343178,38.6315367110186,38.767445140428,38.6308114215616,38.7473758077259,38.6696115281355,38.6624603271484,0.0499999999999999,0,0,0,0,0,0,0.6,0.35,0,0,0
"all_measured_520_analysis_set","within_cow_random5",1,"StrictHierarchicalEBResidualXGB",93,"C022","stable_cool","S01","measurement_group_1","measurement_status_1",32.8,6.8,12,38.7,38.5452597621177,0.154740237882301,"may_session_hour+tight_session+eb_exact",0.314722255576622,38.3739824670194,38.390401727473,38.403846853962,38.6490655029534,38.6490655029534,38.6163551676511,38.4319630977283,38.6314500518194,38.421973164786,38.3414666700106,38.3639823039524,38.3486328125,0.0499999999999999,0,0,0,0,0,0,0.6,0.35,0,0,0
"all_measured_520_analysis_set","within_cow_random5",1,"StrictHierarchicalEBResidualXGB",94,"C022","stable_cool","S01","measurement_group_1","measurement_status_1",31.3,9.3,13,38.2,38.5505097621177,-0.350509762117703,"may_session_hour+tight_session+eb_exact",0.314722255576622,38.4789824670194,38.4775771804743,38.4696911702137,38.6490655029534,38.6490655029534,38.6490655029534,38.4319630977283,38.6314500518194,38.421973164786,38.3155490974036,38.4723369887688,38.3861923217773,0.0499999999999999,0,0,0,0,0,0,0.6,0.35,0,0,0
"all_measured_520_analysis_set","within_cow_random5",1,"StrictHierarchicalEBResidualXGB",99,"C022","stable_cool","S01","measurement_group_1","measurement_status_1",32.9,9,19,38.3,38.4026044962857,-0.102604496285686,"may_session_hour+tight_session+eb_exact",0.314722255576622,38.4320999600236,38.5057947105294,38.5242183981558,38.6490655029534,38.6490655029534,38.5745327514767,38.4319630977283,38.3888481510157,38.421973164786,38.5101046127224,38.5208504768585,38.502269744873,0.0499999999999999,0,0,0,0,0,0,0.6,0.35,0,0,0
"all_measured_520_analysis_set","within_cow_random5",1,"StrictHierarchicalEBResidualXGB",106,"C014","stable_cool","S01","measurement_group_1","measurement_status_1",31.6,6.8,12,38.1,38.1342322653789,-0.0342322653788827,"may_session_hour+tight_session+eb_exact",0.314722255576622,38.3036070723864,38.3335851226919,38.2929646607848,38.6490655029534,38.6490655029534,38.5098131005907,38.3249169927087,38.0184045389555,38.3085976811035,38.2393605897507,38.2848733049803,38.1888465881348,0.0499999999999999,0,0,0,0,0,0,0.6,0.35,0,0,0
"all_measured_520_analysis_set","within_cow_random5",1,"StrictHierarchicalEBResidualXGB",111,"C014","stable_cool","S01","measurement_group_1","measurement_status_1",33.5,11.2,15,38,38.1353311282678,-0.135331128267822,"may_session_hour+tight_session+eb_exact",0.314722255576622,38.3255843301653,38.3874312787074,38.4028930158429,38.6490655029534,38.6490655029534,38.3298131005907,38.3249169927087,38.0184045389555,38.3085976811035,38.2605206443413,38.341075468691,38.2455635070801,0.0499999999999999,0,0,0,0,0,0,0.6,0.35,0,0,0
"all_measured_520_analysis_set","within_cow_random5",1,"StrictHierarchicalEBResidualXGB",114,"C014","stable_cool","S01","measurement_group_1","measurement_status_1",31.5,5.4,22,38.8,38.3612171672631,0.438782832736919,"may_session_hour+tight_session+eb_exact",0.314722255576622,38.3255843301653,38.3694647209477,38.3804348186433,38.6490655029534,38.6490655029534,38.4245327514767,38.3249169927087,38.3948812706143,38.3085976811035,38.5243662986045,38.3833397881818,38.4258651733398,0.0499999999999999,0,0,0,0,0,0,0.6,0.35,0,0,0
"all_measured_520_analysis_set","within_cow_random5",1,"StrictHierarchicalEBResidualXGB",126,"C023","stable_cool","S01","measurement_group_1","measurement_status_1",32.1,9,19,39.1,39.2564290794313,-0.156429079431327,"may_session_hour+tight_session+eb_exact",0.314722255576622,38.9307926634987,38.9047488733094,38.8982379257621,38.9740048520706,38.9477331600143,38.9163551676511,38.9308559598449,39.4650262567556,38.9453534062944,39.0602448735068,38.9348298828017,38.9861602783203,0.0499999999999999,0,0,0,0,0,0,0.6,0.35,0,0,0
"all_measured_520_analysis_set","within_cow_random5",1,"StrictHierarchicalEBResidualXGB",128,"C023","stable_cool","S01","measurement_group_1","measurement_status_1",33.8,5.4,22,39.4,38.8468192378904,0.553180762109626,"may_session_hour+tight_session+eb_exact",0.314722255576622,38.9307926634987,38.8536313876144,38.8343410686433,38.6490655029534,38.6490655029534,38.6490655029534,38.9308559598449,38.7823431875207,38.9453534062944,39.1986831036462,38.8719286650054,39.0212440490723,0.0499999999999999,0,0,0,0,0,0,0.6,0.35,0,0,0
"all_measured_520_analysis_set","within_cow_random5",1,"StrictHierarchicalEBResidualXGB",129,"C023","stable_cool","S01","measurement_group_1","measurement_status_1",33.3,5.5,23,39.3,38.8468192378904,0.453180762109625,"may_session_hour+tight_session+eb_exact",0.314722255576622,38.9307926634987,38.865588505698,38.8492874662478,38.6490655029534,38.6490655029534,38.9245327514767,38.9308559598449,38.7823431875207,38.9453534062944,39.2770775610958,38.9086380050905,39.1128234863281,0.0499999999999999,0,0,0,0,0,0,0.6,0.35,0,0,0
"all_measured_520_analysis_set","within_cow_random5",1,"StrictHierarchicalEBResidualXGB",130,"C011","stable_cool","S01","measurement_group_1","measurement_status_1",28.2,13.1,11,38.1,38.2223417672671,-0.122341767267137,"may_session_hour+tight_session+eb_exact",0.314722255576622,38.1893101973864,38.2935519929361,38.3192480167344,38.6490655029534,38.6490655029534,38.6490655029534,38.186208072521,38.2598070743068,38.1628343223249,38.0474201017989,38.2928788347254,38.2389488220215,0.0499999999999999,0,0,0,0,0,0,0.6,0.35,0,0,0
"all_measured_520_analysis_set","within_cow_random5",1,"StrictHierarchicalEBResidualXGB",136,"C011","stable_cool","S01","measurement_group_1","measurement_status_1",30.7,11.8,22,39.1,38.2145532484004,0.885446751599552,"may_session_hour+tight_session+eb_exact",0.314722255576622,38.1870426634987,38.2586313876144,38.2765285686433,38.6490655029534,38.6490655029534,38.6490655029534,38.186208072521,38.2470151706863,38.1628343223249,38.3312098145848,38.2594503195195,38.2210273742676,0.0499999999999999,0,0,0,0,0,0,0.6,0.35,0,0,0
"all_measured_520_analysis_set","within_cow_random5",1,"StrictHierarchicalEBResidualXGB",143,"C004","stable_cool","S01","measurement_group_1","measurement_status_1",32.3,5.3,11,37.6,37.6830734866902,-0.0830734866901679,"may_session_hour+tight_session+eb_exact",0.314722255576622,37.654750996832,37.8659370258338,37.9187335330843,38.6490655029534,38.6490655029534,38.7163551676511,37.6532738002205,37.7322621380225,37.602796154386,37.5802756843784,37.8780485732369,37.8366394042969,0.0499999999999999,0,0,0,0,0,0,0.6,0.35,0,0,0
"all_measured_520_analysis_set","within_cow_random5",1,"StrictHierarchicalEBResidualXGB",145,"C004","stable_cool","S01","measurement_group_1","measurement_status_1",32.9,5.5,10,37.6,37.6830734866902,-0.0830734866901679,"may_session_hour+tight_session+eb_exact",0.314722255576622,37.654750996832,37.9154824091855,37.9806652622739,38.6490655029534,38.6490655029534,38.4745327514767,37.6532738002205,37.7322621380225,37.602796154386,37.6316503114764,37.9187796813238,37.8298263549805,0.0499999999999999,0,0,0,0,0,0,0.6,0.35,0,0,0
"all_measured_520_analysis_set","within_cow_random5",1,"StrictHierarchicalEBResidualXGB",153,"C028","stable_hot","S01","measurement_group_1","measurement_status_1",37.6,35.5,13,40.2,40.0889400274054,0.111059972594589,"tight_session+may_session+direct_xgb",0.357056997033723,40.0814645056882,39.8574305633231,39.8110174586076,39.2139715431088,39.2139715431088,39.2139715431088,40.0432124093711,39.645865879844,40.1904997565468,39.9509902139492,39.7968650581464,39.6827011108398,0,0,0,0,0,0,0,0,0.8,0,0,0.2
"all_measured_520_analysis_set","within_cow_random5",1,"StrictHierarchicalEBResidualXGB",156,"C028","stable_hot","S01","measurement_group_1","measurement_status_1",39.9,38.3,21,40.3,40.2247903974157,0.0752096025842874,"tight_session+may_session+direct_xgb",0.357056997033723,40.1411690978038,39.9686840604684,39.9255628011345,39.2139715431088,39.2139715431088,39.2139715431088,40.0131414995374,39.7484477800604,40.2313158699996,40.2309399062086,40.0550635512611,40.1986885070801,0,0,0,0,0,0,0,0,0.8,0,0,0.2
"all_measured_520_analysis_set","within_cow_random5",1,"StrictHierarchicalEBResidualXGB",159,"C028","stable_hot","S01","measurement_group_1","measurement_status_1",36.8,36.2,17,40.1,40.0291794108204,0.0708205891796112,"tight_session+may_session+direct_xgb",0.357056997033723,40.1411690978038,39.9090002495643,39.8509580375044,39.2139715431088,39.2139715431088,39.3069857715544,39.9079854085641,39.6537037567561,40.0877504704957,40.0234527192479,39.8643232341703,39.7948951721191,0,0,0,0,0,0,0,0,0.8,0,0,0.2
"all_measured_520_analysis_set","within_cow_random5",1,"StrictHierarchicalEBResidualXGB",164,"C008","stable_cool","S01","measurement_group_1","measurement_status_1",33.6,2.9,21,38.3,38.3287169165524,-0.0287169165523835,"may_session_hour+tight_session+eb_exact",0.314722255576622,38.1870426634987,38.3007316619329,38.3291539115414,38.6490655029534,38.6490655029534,38.6490655029534,38.186208072521,38.4372879509395,38.1628343223249,38.2589922032946,38.3564812459222,38.3382148742676,0.0499999999999999,0,0,0,0,0,0,0.6,0.35,0,0,0
"all_measured_520_analysis_set","within_cow_random5",1,"StrictHierarchicalEBResidualXGB",169,"C008","stable_cool","S01","measurement_group_1","measurement_status_1",33.3,5.5,11,38.1,38.1469602376461,-0.0469602376460614,"may_session_hour+tight_session+eb_exact",0.314722255576622,38.162670717719,38.2726209731974,38.3040254569245,38.6490655029534,38.760868834099,38.7245327514767,38.186208072521,38.136391148244,38.1628343223249,38.0990128151197,38.274743704844,38.2385444641113,0.0499999999999999,0,0,0,0,0,0,0.6,0.35,0,0,0
"all_measured_520_analysis_set","within_cow_random5",1,"StrictHierarchicalEBResidualXGB",173,"C008","stable_cool","S01","measurement_group_1","measurement_status_1",34.4,7.5,17,38.2,38.2166428768734,-0.0166428768733766,"may_session_hour+tight_session+eb_exact",0.314722255576622,38.1870426634987,38.2658291930668,38.2855258254588,38.6490655029534,38.6490655029534,38.6490655029534,38.186208072521,38.2504978848079,38.1628343223249,38.1241562229192,38.2670019273748,38.2009201049805,0.0499999999999999,0,0,0,0,0,0,0.6,0.35,0,0,0
"all_measured_520_analysis_set","within_cow_random5",1,"StrictHierarchicalEBResidualXGB",178,"C030","stable_cool","S01","measurement_group_1","measurement_status_1",32,6.6,8,40.3,40.2124410872369,0.0875589127631287,"may_session_hour+tight_session+eb_exact",0.314722255576622,40.1412093301653,39.8198508666521,39.7395112507738,38.6490655029534,38.6490655029534,38.6490655029534,40.1427338941172,40.2146298681533,40.2188648566761,40.2848912348238,39.9054503040081,40.1832809448242,0.0499999999999999,0,0,0,0,0,0,0.6,0.35,0,0,0
"all_measured_520_analysis_set","within_cow_random5",1,"StrictHierarchicalEBResidualXGB",182,"C030","stable_cool","S01","measurement_group_1","measurement_status_1",31.7,11.8,12,40.2,40.0948084052037,0.105191594796295,"may_session_hour+tight_session+eb_exact",0.314722255576622,40.1412093301653,39.8033529680896,39.7188888775707,38.6490655029534,38.6490655029534,38.6490655029534,40.1427338941172,40.018575398098,40.2188648566761,40.1168224851422,39.8638528560031,39.984546661377,0.0499999999999999,0,0,0,0,0,0,0.6,0.35,0,0,0
"all_measured_520_analysis_set","within_cow_random5",1,"StrictHierarchicalEBResidualXGB",184,"C030","stable_cool","S01","measurement_group_1","measurement_status_1",32.5,11.7,13,40.2,40.0953228235648,0.104677176435239,"may_session_hour+tight_session+eb_exact",0.314722255576622,40.1514976973864,39.8161121381932,39.7306122608058,38.6490655029534,38.6490655029534,38.6490655029534,40.1427338941172,40.018575398098,40.2188648566761,40.0846229799945,39.8500034472459,39.9338111877441,0.0499999999999999,0,0,0,0,0,0,0.6,0.35,0,0,0
"all_measured_520_analysis_set","within_cow_random5",1,"StrictHierarchicalEBResidualXGB",189,"C030","stable_cool","S01","measurement_group_1","measurement_status_1",27.8,6.9,21,40.2,40.1200112535592,0.07998874644084,"may_session_hour+tight_session+eb_exact",0.314722255576622,40.1514976973864,39.8721487123685,39.8006579785249,38.6490655029534,38.6490655029534,38.6490655029534,40.1427338941172,40.059722781422,40.2188648566761,40.2371416499468,39.9371995974497,40.2450218200684,0.0499999999999999,0,0,0,0,0,0,0.6,0.35,0,0,0
"all_measured_520_analysis_set","within_cow_random5",1,"StrictHierarchicalEBResidualXGB",193,"C018","stable_cool","S01","measurement_group_1","measurement_status_1",32.6,5.3,9,38.8,38.7999231828988,7.68171012026642e-05,"may_session_hour+tight_session+eb_exact",0.314722255576622,38.7949631479408,38.7916878202591,38.7855005667563,38.6490655029534,38.760868834099,38.5163551676511,38.7921470396571,38.8005308481187,38.7995900475157,38.8211660023288,38.7950274191458,38.837329864502,0.0499999999999999,0,0,0,0,0,0,0.6,0.35,0,0,0
"all_measured_520_analysis_set","within_cow_random5",1,"StrictHierarchicalEBResidualXGB",195,"C018","stable_cool","S01","measurement_group_1","measurement_status_1",32.9,6.5,11,38.8,38.7998553791211,0.000144620878927526,"may_session_hour+tight_session+eb_exact",0.314722255576622,38.7936070723864,38.7770025137694,38.7726334334011,38.6490655029534,39.0571651303953,38.9245327514767,38.7921470396571,38.8005308481187,38.7995900475157,38.7249990316161,38.7677409177528,38.7980613708496,0.0499999999999999,0,0,0,0,0,0,0.6,0.35,0,0,0
"all_measured_520_analysis_set","within_cow_random5",1,"StrictHierarchicalEBResidualXGB",204,"C025","stable_cool","S01","measurement_group_1","measurement_status_1",31.5,16.8,14,39.5,39.3828886282916,0.117111371708361,"may_session_hour+tight_session+eb_exact",0.314722255576622,39.392920717719,39.2300811956392,39.1889288599766,38.6490655029534,38.6490655029534,38.6490655029534,39.3907855373097,39.355344477437,39.4286740169814,39.2920179870581,39.1961295070813,39.3319892883301,0.0499999999999999,0,0,0,0,0,0,0.6,0.35,0,0,0
"all_measured_520_analysis_set","within_cow_random5",1,"StrictHierarchicalEBResidualXGB",210,"C025","stable_cool","S01","measurement_group_1","measurement_status_1",30,8.4,21,39.4,39.4215894267845,-0.0215894267845229,"may_session_hour+tight_session+eb_exact",0.314722255576622,39.3901676634987,39.2632316619328,39.2314976615414,38.6490655029534,38.3904984637286,38.4745327514767,39.3907855373097,39.4200752294435,39.4286740169814,39.4433793631457,39.2821106266401,39.5813446044922,0.0499999999999999,0,0,0,0,0,0,0.6,0.35,0,0,0
"all_measured_520_analysis_set","within_cow_random5",1,"StrictHierarchicalEBResidualXGB",213,"C010","stable_hot","S01","measurement_group_1","measurement_status_1",37.8,34.3,13,38.7,38.6754660199691,0.0245339800308955,"tight_session+may_session+direct_xgb",0.357056997033723,38.6828380810139,38.7376765008392,38.7513861057956,39.2139715431088,39.2139715431088,39.2139715431088,38.7589451703797,38.8110921744995,38.7034748284282,38.5242195199736,38.7057309109094,38.5634307861328,0,0,0,0,0,0,0,0,0.8,0,0,0.2
"all_measured_520_analysis_set","within_cow_random5",1,"StrictHierarchicalEBResidualXGB",222,"C010","stable_hot","S01","measurement_group_1","measurement_status_1",37.3,32.3,17,38.6,38.6078577781104,-0.00785777811044852,"tight_session+may_session+direct_xgb",0.357056997033723,38.6828380810139,38.7423354361324,38.757209774912,39.2139715431088,39.2139715431088,39.2139715431088,38.7154566631868,38.7564937102472,38.6082213849305,38.618766841725,38.7217415116845,38.6064033508301,0,0,0,0,0,0,0,0,0.8,0,0,0.2
"all_measured_520_analysis_set","within_cow_random5",1,"StrictHierarchicalEBResidualXGB",226,"C019","stable_hot","S01","measurement_group_1","measurement_status_1",36.8,31,14,39.5,39.4390821991349,0.0609178008650915,"tight_session+may_session+direct_xgb",0.357056997033723,39.4755270056882,39.3916195717967,39.3698084066995,39.2139715431088,39.2139715431088,39.2139715431088,39.4255645703325,39.4252865708751,39.4951770973683,39.2552978901192,39.3275427532709,39.2147026062012,0,0,0,0,0,0,0,0,0.8,0,0,0.2
"all_measured_520_analysis_set","within_cow_random5",1,"StrictHierarchicalEBResidualXGB",229,"C019","stable_hot","S01","measurement_group_1","measurement_status_1",35.4,34.3,16,39.4,39.3828918335211,0.0171081664789128,"tight_session+may_session+direct_xgb",0.357056997033723,39.4786417504188,39.4738855062349,39.4553584944813,39.2139715431088,39.4258444741393,39.3569857715544,39.3491908973053,39.2904873244379,39.3984327164009,39.2308023028567,39.4122433400078,39.320728302002,0,0,0,0,0,0,0,0,0.8,0,0,0.2
"all_measured_520_analysis_set","within_cow_random5",1,"StrictHierarchicalEBResidualXGB",233,"C019","stable_hot","S01","measurement_group_1","measurement_status_1",35.6,31.1,2,39.5,39.5424152527085,-0.0424152527085084,"tight_session+may_session+direct_xgb",0.357056997033723,39.4703357644705,39.4286972192613,39.418287582959,39.2139715431088,39.2139715431088,39.2139715431088,39.4976722856177,39.48924181462,39.4993710708905,39.5591065781768,39.485768849173,39.7145919799805,0,0,0,0,0,0,0,0,0.8,0,0,0.2
"all_measured_520_analysis_set","within_cow_random5",1,"StrictHierarchicalEBResidualXGB",241,"C005","stable_hot","S01","measurement_group_1","measurement_status_1",36,31.3,15,37.8,37.7746142069268,0.0253857930731982,"tight_session+may_session+direct_xgb",0.357056997033723,37.8983491567746,38.1324572732102,38.197746205391,39.2139715431088,39.2139715431088,39.2139715431088,37.9246184075739,37.9557721211919,37.7622788746863,37.7616611035049,38.0551375468623,37.8239555358887,0,0,0,0,0,0,0,0,0.8,0,0,0.2
"all_measured_520_analysis_set","within_cow_random5",1,"StrictHierarchicalEBResidualXGB",246,"C005","stable_hot","S01","measurement_group_1","measurement_status_1",35.4,29.3,20,37.8,37.8528405494771,-0.0528405494770681,"tight_session+may_session+direct_xgb",0.357056997033723,37.9404232203328,38.2021560587404,38.2675892683422,39.2139715431088,39.2139715431088,39.2139715431088,38.0398336754001,38.5655854252207,37.8149320268732,37.9878860402736,38.1751617521462,38.0044746398926,0,0,0,0,0,0,0,0,0.8,0,0,0.2
"all_measured_520_analysis_set","within_cow_random5",1,"StrictHierarchicalEBResidualXGB",248,"C005","stable_hot","S01","measurement_group_1","measurement_status_1",33.6,31.4,21,37.8,37.8720673866353,-0.0720673866352683,"tight_session+may_session+direct_xgb",0.357056997033723,37.9858491567746,38.2437791656958,38.300961070998,39.2139715431088,39.2139715431088,39.2139715431088,38.0398336754001,38.5888636571154,37.8149320268732,38.0176932393197,38.2476447627669,38.1006088256836,0,0,0,0,0,0,0,0,0.8,0,0,0.2
"all_measured_520_analysis_set","within_cow_random5",1,"StrictHierarchicalEBResidualXGB",249,"C005","stable_hot","S01","measurement_group_1","measurement_status_1",34.1,32.1,1,38,38.0257886676867,-0.02578866768674,"tight_session+may_session+direct_xgb",0.357056997033723,37.9158491567746,38.2250700881668,38.3063247240867,39.2139715431088,39.2139715431088,39.2139715431088,38.3755847301987,38.6813003933929,38.0310837960342,38.0101013622091,38.2099647363611,38.0046081542969,0,0,0,0,0,0,0,0,0.8,0,0,0.2
"all_measured_520_analysis_set","within_cow_random5",1,"StrictHierarchicalEBResidualXGB",255,"C017","stable_hot","S01","measurement_group_1","measurement_status_1",36.1,33.9,14,39.2,39.0127013925398,0.187298607460178,"tight_session+may_session+direct_xgb",0.357056997033723,39.4557524311372,39.3758740727447,39.3559044831466,39.2139715431088,39.2139715431088,39.2139715431088,39.0359615658183,38.9451969238164,38.9362859432505,39.2561959639736,39.3615794484161,39.3183631896973,0,0,0,0,0,0,0,0,0.8,0,0,0.2
"all_measured_520_analysis_set","within_cow_random5",1,"StrictHierarchicalEBResidualXGB",259,"C017","stable_hot","S01","measurement_group_1","measurement_status_1",36.7,34.5,19,39.6,39.3179588550128,0.282041144987176,"tight_session+may_session+direct_xgb",0.357056997033723,39.3934957556882,39.345549097484,39.3435679700586,39.2139715431088,39.2139715431088,39.0569857715544,39.3327109837745,39.2468047191444,39.3350849441933,39.4509132244312,39.3110679073389,39.249454498291,0,0,0,0,0,0,0,0,0.8,0,0,0.2
"all_measured_520_analysis_set","within_cow_random5",1,"StrictHierarchicalEBResidualXGB",263,"C017","stable_hot","S01","measurement_group_1","measurement_status_1",36.6,33.9,21,39.4,39.3525008088742,0.0474991911257661,"tight_session+may_session+direct_xgb",0.357056997033723,39.4961417504188,39.4520851922849,39.4345799121526,39.2139715431088,38.6063361872715,38.7379905143696,39.3002770752307,39.2465989724316,39.30346475621,39.5147613451031,39.494482341192,39.5486450195312,0,0,0,0,0,0,0,0,0.8,0,0,0.2
"all_measured_520_analysis_set","within_cow_random5",1,"StrictHierarchicalEBResidualXGB",267,"C017","stable_hot","S01","measurement_group_1","measurement_status_1",35.7,31.9,23,39.4,39.3645850068723,0.0354149931277234,"tight_session+may_session+direct_xgb",0.357056997033723,39.5159957556882,39.5372411985617,39.5328705964058,39.2139715431088,39.2139715431088,39.2139715431088,39.3002770752307,39.4281867194947,39.30346475621,39.6975924523953,39.6089470316392,39.6090660095215,0,0,0,0,0,0,0,0,0.8,0,0,0.2
"all_measured_520_analysis_set","within_cow_random5",1,"StrictHierarchicalEBResidualXGB",270,"C020","stable_hot","S01","measurement_group_1","measurement_status_1",35.8,34.1,13,39.2,39.1103174682061,0.0896825317939403,"tight_session+may_session+direct_xgb",0.357056997033723,39.4751243143824,39.371505487534,39.3456007808219,39.2139715431088,39.2139715431088,38.6069857715544,39.1524179859922,39.0668495046477,39.1120141143103,39.2897629149398,39.2835710754718,39.1035308837891,0,0,0,0,0,0,0,0,0.8,0,0,0.2
"all_measured_520_analysis_set","within_cow_random5",1,"StrictHierarchicalEBResidualXGB",271,"C020","stable_hot","S01","measurement_group_1","measurement_status_1",36.2,33.7,13,38.8,38.7524117591471,0.0475882408528818,"tight_session+may_session+direct_xgb",0.357056997033723,39.4751243143824,39.371505487534,39.3456007808219,39.2139715431088,39.2139715431088,38.6069857715544,38.9030977899601,38.8364988712328,38.6646319779866,39.297325735368,39.2937843462553,39.1035308837891,0,0,0,0,0,0,0,0,0.8,0,0,0.2
"all_measured_520_analysis_set","within_cow_random5",1,"StrictHierarchicalEBResidualXGB",281,"C020","stable_hot","S01","measurement_group_1","measurement_status_1",37,35.2,22,40.2,40.1556962524728,0.0443037475272163,"tight_session+may_session+direct_xgb",0.357056997033723,39.4794775593655,39.4710858076835,39.468288241105,39.2139715431088,39.2139715431088,39.7569857715544,39.9925205556787,39.6785166714885,40.2382118149196,39.6236795891665,39.5720214307332,39.8256340026855,0,0,0,0,0,0,0,0,0.8,0,0,0.2
"all_measured_520_analysis_set","within_cow_random5",1,"StrictHierarchicalEBResidualXGB",282,"C020","stable_hot","S01","measurement_group_1","measurement_status_1",33.9,30.9,23,39.5,39.6044999805684,-0.104499980568406,"tight_session+may_session+direct_xgb",0.357056997033723,39.6019775593655,39.6050750712117,39.5854623205152,39.2139715431088,39.2139715431088,39.2139715431088,39.5442701263353,39.6356043624905,39.5635397095972,39.7289251651764,39.6851361939868,39.7683410644531,0,0,0,0,0,0,0,0,0.8,0,0,0.2
"all_measured_520_analysis_set","within_cow_random5",1,"StrictHierarchicalEBResidualXGB",287,"C009","stable_hot","S01","measurement_group_1","measurement_status_1",39.3,38.8,15,39.5,39.5304781792615,-0.0304781792614719,"tight_session+may_session+direct_xgb",0.357056997033723,40.0099190978038,39.8211121679828,39.7739104355275,39.2139715431088,39.2139715431088,39.2139715431088,39.4558451652281,39.2950216084004,39.4628804770676,39.7828861566106,39.7803623945996,39.8008689880371,0,0,0,0,0,0,0,0,0.8,0,0,0.2
"all_measured_520_analysis_set","within_cow_random5",1,"StrictHierarchicalEBResidualXGB",290,"C009","stable_hot","S01","measurement_group_1","measurement_status_1",36.7,33,21,38.7,39.821089800808,-1.12108980080802,"tight_session+may_session+direct_xgb",0.357056997033723,40.0956832556882,39.9310701845203,40.0989428944419,39.2139715431088,39.2139715431088,39.7046571810363,39.5633773320998,39.4561010712259,39.767633269992,40.0092059553907,39.9380817275484,40.0349159240723,0,0,0,0,0,0,0,0,0.8,0,0,0.2
"all_measured_520_analysis_set","within_cow_random5",1,"StrictHierarchicalEBResidualXGB",295,"C012","stable_hot","S01","measurement_group_1","measurement_status_1",36.6,35,14,39,39.1490336587653,-0.149033658765283,"tight_session+may_session+direct_xgb",0.357056997033723,39.7182524311372,39.5858740727447,39.5527794831466,39.2139715431088,39.2139715431088,39.2139715431088,39.1600118318947,39.1592855044843,39.0724042865914,39.515605269602,39.5269838492416,39.4555511474609,0,0,0,0,0,0,0,0,0.8,0,0,0.2
"all_measured_520_analysis_set","within_cow_random5",1,"StrictHierarchicalEBResidualXGB",301,"C012","stable_hot","S01","measurement_group_1","measurement_status_1",37.5,35.7,20,39.8,39.7359080267174,0.0640919732825722,"tight_session+may_session+direct_xgb",0.357056997033723,39.6800582556882,39.5944097181025,39.550873099999,39.2139715431088,39.2139715431088,39.3569857715544,39.6227770752307,39.4628117194947,39.7406076133528,39.6928374441051,39.6408553262415,39.7171096801758,0,0,0,0,0,0,0,0,0.8,0,0,0.2
"all_measured_520_analysis_set","within_cow_random5",1,"StrictHierarchicalEBResidualXGB",305,"C012","stable_hot","S01","measurement_group_1","measurement_status_1",35,32.7,23,40.5,40.2969827873702,0.203017212629838,"tight_session+may_session+direct_xgb",0.357056997033723,39.8375582556882,39.7936474485617,39.7634955964059,39.2139715431088,39.2139715431088,39.5069857715544,40.1942759302877,40.2480480600265,40.3570225515955,39.9534448051315,39.8501336528283,40.0568237304688,0,0,0,0,0,0,0,0,0.8,0,0,0.2
"all_measured_520_analysis_set","within_cow_random5",1,"StrictHierarchicalEBResidualXGB",308,"C006","stable_hot","S01","measurement_group_1","measurement_status_1",35.8,32.5,13,38.6,38.636126818678,-0.0361268186779711,"tight_session+may_session+direct_xgb",0.357056997033723,39.0418551306882,39.0265321258231,39.0411737086076,39.2139715431088,39.2139715431088,39.2569857715544,38.8316838766954,38.8583723336047,38.5577718198563,38.9622653760887,38.9475641522332,38.9495468139648,0,0,0,0,0,0,0,0,0.8,0,0,0.2
"all_measured_520_analysis_set","within_cow_random5",1,"StrictHierarchicalEBResidualXGB",317,"C006","stable_hot","S01","measurement_group_1","measurement_status_1",35.1,30.6,22,39.9,39.0041911637542,0.895808836245791,"tight_session+may_session+direct_xgb",0.357056997033723,39.1993551306882,39.2464420392002,39.2513736003289,39.2139715431088,38.9073259556208,39.3713238477029,39.0668421811453,39.2357825771264,38.9256939336356,39.3051763246083,39.2820393784727,39.3181800842285,0,0,0,0,0,0,0,0,0.8,0,0,0.2
"all_measured_520_analysis_set","within_cow_random5",1,"StrictHierarchicalEBResidualXGB",319,"C006","stable_hot","S01","measurement_group_1","measurement_status_1",32.8,27.7,24,40,39.5197471571011,0.480252842898878,"tight_session+may_session+direct_xgb",0.357056997033723,39.1567940978038,39.2151067466964,39.2296849089196,39.2139715431088,39.2139715431088,39.2139715431088,39.520629274865,39.6856025648729,39.5539789140278,39.4909378987626,39.2693347395887,39.3828201293945,0,0,0,0,0,0,0,0,0.8,0,0,0.2
"all_measured_520_analysis_set","within_cow_random5",1,"StrictHierarchicalEBResidualXGB",325,"C015","stable_hot","S01","measurement_group_1","measurement_status_1",36.6,35.5,14,38.3,38.6935189769423,-0.393518976942289,"tight_session+may_session+direct_xgb",0.357056997033723,38.5927222217901,38.6866399726057,38.7235076678707,39.2139715431088,39.2139715431088,39.2139715431088,38.7578984795526,38.7644559177438,38.7342473921373,38.5093087416541,38.6180398246432,38.5306053161621,0,0,0,0,0,0,0,0,0.8,0,0,0.2
"all_measured_520_analysis_set","within_cow_random5",1,"StrictHierarchicalEBResidualXGB",329,"C015","stable_hot","S01","measurement_group_1","measurement_status_1",35.8,33.3,18,39.2,39.2865294785047,-0.0865294785046729,"tight_session+may_session+direct_xgb",0.357056997033723,38.6760269355031,38.7659358607047,38.7884130920052,39.2139715431088,39.2139715431088,39.2139715431088,39.3129513441169,39.2849751465972,39.4690550976426,38.651847690012,38.6943264232391,38.5564270019531,0,0,0,0,0,0,0,0,0.8,0,0,0.2
"all_measured_520_analysis_set","within_cow_random5",1,"StrictHierarchicalEBResidualXGB",332,"C015","stable_hot","S01","measurement_group_1","measurement_status_1",35.6,33,20,39.7,39.3066809982801,0.393319001719938,"tight_session+may_session+direct_xgb",0.357056997033723,38.6760269355031,38.7906390308766,38.81929205472,39.2139715431088,39.2139715431088,39.2139715431088,39.3129513441169,39.2908359533669,39.4690550976426,38.696275429472,38.7758068164243,38.6571846008301,0,0,0,0,0,0,0,0,0.8,0,0,0.2
"all_measured_520_analysis_set","within_cow_random5",1,"StrictHierarchicalEBResidualXGB",337,"C015","stable_hot","S01","measurement_group_1","measurement_status_1",33.8,29.5,23,39.1,38.8575914327421,0.242408567257904,"tight_session+may_session+direct_xgb",0.357056997033723,38.6760269355031,38.8661267613358,38.913651717794,39.2139715431088,39.2139715431088,39.2139715431088,38.9632165646304,39.2579195473823,38.8533546855199,38.9832407512328,38.9175476287789,38.8745384216309,0,0,0,0,0,0,0,0,0.8,0,0,0.2
"all_measured_520_analysis_set","within_cow_random5",1,"StrictHierarchicalEBResidualXGB",342,"C007","stable_hot","S01","measurement_group_1","measurement_status_1",37.4,33.3,13,40,39.6995716942688,0.300428305731167,"tight_session+may_session+direct_xgb",0.357056997033723,39.3782966045505,39.2967048245308,39.3062488092264,39.2139715431088,39.2139715431088,38.9069857715544,39.6522734247078,39.3917555398128,39.7876964675065,39.3985935389643,39.2719133305189,39.3470726013184,0,0,0,0,0,0,0,0,0.8,0,0,0.2
"all_measured_520_analysis_set","within_cow_random5",1,"StrictHierarchicalEBResidualXGB",348,"C007","stable_hot","S01","measurement_group_1","measurement_status_1",37.6,34.2,19,39.7,39.5012305776937,0.198769422306299,"tight_session+may_session+direct_xgb",0.357056997033723,39.5646019449097,39.4815446677834,39.4607803485018,39.2139715431088,39.2139715431088,39.2139715431088,39.4659277746578,39.3333956332185,39.498894636912,39.5765918295353,39.4945159237116,39.5105743408203,0,0,0,0,0,0,0,0,0.8,0,0,0.2
"all_measured_520_analysis_set","within_cow_random5",1,"StrictHierarchicalEBResidualXGB",350,"C007","stable_hot","S01","measurement_group_1","measurement_status_1",36.9,32.4,21,39.3,39.5931553513177,-0.293155351317743,"tight_session+may_session+direct_xgb",0.357056997033723,39.7632966045505,39.663547570728,39.606677241973,39.2139715431088,39.2139715431088,39.2139715431088,39.5327965140966,39.5592895022682,39.5334201641838,39.6606037353214,39.7093619992065,39.8320960998535,0,0,0,0,0,0,0,0,0.8,0,0,0.2
"all_measured_520_analysis_set","within_cow_random5",1,"StrictHierarchicalEBResidualXGB",352,"C007","stable_hot","S01","measurement_group_1","measurement_status_1",35,28.7,22,39.2,39.5998882919916,-0.399888291991566,"tight_session+may_session+direct_xgb",0.357056997033723,39.686513400335,39.6350350774528,39.6025725842532,39.2139715431088,39.2139715431088,39.8069857715544,39.5327965140966,39.6020489128997,39.5334201641838,39.7790722071043,39.6907613150479,39.8657608032227,0,0,0,0,0,0,0,0,0.8,0,0,0.2
"all_measured_520_analysis_set","within_cow_random5",1,"StrictHierarchicalEBResidualXGB",361,"C013","stable_hot","S01","measurement_group_1","measurement_status_1",35.8,32.1,19,39.3,39.0141191282006,0.285880871799399,"tight_session+may_session+direct_xgb",0.357056997033723,38.8909176306882,38.9434787849839,38.9665367200586,39.2139715431088,39.9443629926578,39.3227943086218,39.1203217765442,39.1087517344447,39.042633269992,38.835802936407,38.933597907884,38.9000625610352,0,0,0,0,0,0,0,0,0.8,0,0,0.2
"all_measured_520_analysis_set","within_cow_random5",1,"StrictHierarchicalEBResidualXGB",366,"C013","stable_hot","S01","measurement_group_1","measurement_status_1",32.9,25.3,24,39,39.1133400438241,-0.113340043824138,"tight_session+may_session+direct_xgb",0.357056997033723,38.9526274311372,39.0517734133631,39.0765599089196,39.2139715431088,39.2139715431088,39.2139715431088,39.1549168301626,39.4478894758164,39.1371966001903,39.2063685445663,39.0650159337551,39.0179138183594,0,0,0,0,0,0,0,0,0.8,0,0,0.2
"all_measured_520_analysis_set","within_cow_random5",1,"StrictHierarchicalEBResidualXGB",373,"C024","stable_hot","S01","measurement_group_1","measurement_status_1",38.2,37.2,15,38.4,38.2280377068598,0.171962293140247,"tight_session+may_session+direct_xgb",0.357056997033723,38.6882485375795,38.7652552608263,38.8011517781464,39.2139715431088,39.2139715431088,39.3046571810363,38.3195776775476,38.5322107981647,38.1239248114922,38.6543754719876,38.716994769485,38.6444892883301,0,0,0,0,0,0,0,0,0.8,0,0,0.2
"all_measured_520_analysis_set","within_cow_random5",1,"StrictHierarchicalEBResidualXGB",377,"C024","stable_hot","S01","measurement_group_1","measurement_status_1",35.4,31.9,21,40.4,40.4199321266246,-0.0199321266246315,"tight_session+may_session+direct_xgb",0.357056997033723,38.7661078146149,38.869002299554,38.8988576592022,39.2139715431088,38.6851037333986,38.7379905143696,40.2316705119988,40.0135576009046,40.7619261140913,38.914728279604,38.9265886528262,39.0519561767578,0,0,0,0,0,0,0,0,0.8,0,0,0.2
"all_measured_520_analysis_set","within_cow_random5",1,"StrictHierarchicalEBResidualXGB",379,"C024","stable_hot","S01","measurement_group_1","measurement_status_1",38.1,35.1,21,39.2,38.8872096488554,0.312790351144642,"tight_session+may_session+direct_xgb",0.357056997033723,38.7661078146149,38.869002299554,38.9349799237728,39.2139715431088,39.2139715431088,39.2046571810363,38.9191659363697,39.0166060728895,38.8687147435643,38.8810171115083,38.8973760587939,38.9611892700195,0,0,0,0,0,0,0,0,0.8,0,0,0.2
"all_measured_520_analysis_set","within_cow_random5",1,"StrictHierarchicalEBResidualXGB",383,"C024","stable_hot","S01","measurement_group_1","measurement_status_1",34,28.8,24,40.2,40.4480464454723,-0.248046445472283,"tight_session+may_session+direct_xgb",0.357056997033723,38.7918164091873,38.9231245958032,38.9559516424572,39.2139715431088,39.2139715431088,39.2139715431088,40.2316705119988,40.1477793690099,40.7619261140913,39.1914362116215,39.0231420391025,39.1925277709961,0,0,0,0,0,0,0,0,0.8,0,0,0.2
"all_measured_520_analysis_set","within_cow_random5",1,"StrictHierarchicalEBResidualXGB",384,"C001","stable_cool","S01","measurement_group_1","measurement_status_1",31.9,7.2,12,38.2,38.2056105800933,-0.00561058009326132,"may_session_hour+tight_session+eb_exact",0.314722255576622,38.260670717719,38.1331275179792,38.3161703847443,38.6490655029534,38.5752755003086,38.5745327514767,38.303015584258,38.1543719988875,38.285582413928,38.2096527844946,38.0802387110699,38.1559677124023,0.0499999999999999,0,0,0,0,0,0,0.6,0.35,0,0,0
"all_measured_520_analysis_set","within_cow_random5",1,"StrictHierarchicalEBResidualXGB",386,"C001","stable_cool","S01","measurement_group_1","measurement_status_1",32.5,12.3,17,38.3,38.3358506392382,-0.0358506392381699,"may_session_hour+tight_session+eb_exact",0.314722255576622,38.3037093301653,38.3591625264001,38.3730258254588,38.6490655029534,38.6490655029534,38.6490655029534,38.303015584258,38.3678522130919,38.285582413928,38.2898049517014,38.331283442871,38.2516555786133,0.0499999999999999,0,0,0,0,0,0,0.6,0.35,0,0,0
"all_measured_520_analysis_set","within_cow_random5",1,"StrictHierarchicalEBResidualXGB",390,"C002","stable_cool","S01","measurement_group_1","measurement_status_1",33.4,11.7,12,39,39.0858890285668,-0.0858890285667684,"may_session_hour+tight_session+eb_exact",0.314722255576622,39.1117860646075,38.9811870689608,38.963980344871,38.6490655029534,38.6490655029534,38.6490655029534,39.2082738002205,38.9956528033139,39.2368801238516,39.2019398542792,39.0489567975618,39.1690139770508,0.0499999999999999,0,0,0,0,0,0,0.6,0.35,0,0,0
"all_measured_520_analysis_set","within_cow_random5",1,"StrictHierarchicalEBResidualXGB",393,"C003","stable_cool","S01","measurement_group_1","measurement_status_1",34.1,10.9,11,38.6,38.6813495342394,-0.0813495342393509,"may_session_hour+tight_session+eb_exact",0.314722255576622,38.6251695723864,38.6417420971027,38.6399251000677,38.6490655029534,38.6490655029534,38.6490655029534,38.5877338941172,38.742362908494,38.5847808872104,38.6473834079369,38.6326180201775,38.6487998962402,0.0499999999999999,0,0,0,0,0,0,0.6,0.35,0,0,0
"all_measured_520_analysis_set","within_cow_random5",1,"StrictHierarchicalEBResidualXGB",397,"C004","stable_cool","S01","measurement_group_1","measurement_status_1",29.6,4.9,23,37.6,37.7072975241569,-0.107297524156948,"may_session_hour+tight_session+eb_exact",0.314722255576622,37.6626695723864,37.8509769103003,37.8967811165646,38.6490655029534,38.6490655029534,38.6490655029534,37.6532738002205,37.7719756525042,37.602796154386,37.8525850085924,37.8650898876113,37.8424339294434,0.0499999999999999,0,0,0,0,0,0,0.6,0.35,0,0,0
"all_measured_520_analysis_set","within_cow_random5",1,"StrictHierarchicalEBResidualXGB",398,"C004","stable_cool","S01","measurement_group_1","measurement_status_1",30.9,3,20,37.7,37.7346177169285,-0.0346177169284871,"may_session_hour+tight_session+eb_exact",0.314722255576622,37.654750996832,37.8879958597335,37.9463070754588,38.6490655029534,38.6490655029534,38.6490655029534,37.6532738002205,37.8181691884197,37.602796154386,37.6331295024352,37.8862740801504,37.8200492858887,0.0499999999999999,0,0,0,0,0,0,0.6,0.35,0,0,0
"all_measured_520_analysis_set","within_cow_random5",1,"StrictHierarchicalEBResidualXGB",406,"C006","stable_hot","S01","measurement_group_1","measurement_status_1",33.4,30.1,23,39.5,39.5100006055875,-0.0100006055874502,"tight_session+may_session+direct_xgb",0.357056997033723,39.2343551306882,39.3116813027284,39.3185476797392,39.2139715431088,39.2139715431088,39.2139715431088,39.520629274865,39.6089945817932,39.5539789140278,39.398839202078,39.3346911990068,39.3340873718262,0,0,0,0,0,0,0,0,0.8,0,0,0.2
"all_measured_520_analysis_set","within_cow_random5",1,"StrictHierarchicalEBResidualXGB",409,"C006","stable_hot","S01","measurement_group_1","measurement_status_1",34.7,33.3,15,38.7,38.6549752378674,0.0450247621325772,"tight_session+may_session+direct_xgb",0.357056997033723,39.1408917504188,39.1261174664659,39.1249796298789,39.2139715431088,39.2139715431088,39.2139715431088,38.8316838766954,38.6730296759352,38.5577718198563,38.9324572297814,39.0832115732891,39.0437889099121,0,0,0,0,0,0,0,0,0.8,0,0,0.2
"all_measured_520_analysis_set","within_cow_random5",1,"StrictHierarchicalEBResidualXGB",410,"C008","stable_cool","S01","measurement_group_1","measurement_status_1",34.2,6,2,38.2,38.2147862888983,-0.0147862888982644,"may_session_hour+tight_session+eb_exact",0.314722255576622,38.1870426634987,38.2898291930668,38.3155258254588,38.6490655029534,38.6490655029534,38.6490655029534,38.186208072521,38.247403571516,38.1628343223249,38.328051809159,38.3236684374623,38.2414779663086,0.0499999999999999,0,0,0,0,0,0,0.6,0.35,0,0,0
"all_measured_520_analysis_set","within_cow_random5",1,"StrictHierarchicalEBResidualXGB",415,"C009","stable_hot","S01","measurement_group_1","measurement_status_1",35.9,33.8,18,39.7,39.7759985532494,-0.0759985532494198,"tight_session+may_session+direct_xgb",0.357056997033723,39.9556832556882,39.7904357145973,39.7578403039503,39.2139715431088,39.2139715431088,39.2139715431088,39.5633773320998,39.4477520387861,39.767633269992,39.8747773651942,39.723190939004,39.8094596862793,0,0,0,0,0,0,0,0,0.8,0,0,0.2
"all_measured_520_analysis_set","within_cow_random5",1,"StrictHierarchicalEBResidualXGB",421,"C009","stable_hot","S01","measurement_group_1","measurement_status_1",39.8,40.4,18,39.5,39.5605440972302,-0.0605440972302205,"tight_session+may_session+direct_xgb",0.357056997033723,39.9556832556882,39.7904357145973,39.7578403039503,39.2139715431088,39.2139715431088,39.2139715431088,39.4558451652281,39.1793549849037,39.4628804770676,39.9348745779799,39.798001038792,39.9511985778809,0,0,0,0,0,0,0,0,0.8,0,0,0.2
"all_measured_520_analysis_set","within_cow_random5",1,"StrictHierarchicalEBResidualXGB",423,"C010","stable_hot","S01","measurement_group_1","measurement_status_1",34,28.2,21,38.7,38.7469472094034,-0.0469472094033492,"tight_session+may_session+direct_xgb",0.357056997033723,38.7033414168365,38.818129010897,38.8435307304407,39.2139715431088,39.2139715431088,39.2139715431088,38.8705520909462,39.1288306272204,38.7107216322986,38.8464806414182,38.8786764335147,38.8918495178223,0,0,0,0,0,0,0,0,0.8,0,0,0.2
"all_measured_520_analysis_set","within_cow_random5",1,"StrictHierarchicalEBResidualXGB",426,"C010","stable_hot","S01","measurement_group_1","measurement_status_1",34.5,30.1,21,38.7,38.7331418199991,-0.0331418199990523,"tight_session+may_session+direct_xgb",0.357056997033723,38.7033414168365,38.818129010897,38.8435307304407,39.2139715431088,39.5425064000375,39.2027943086218,38.8705520909462,39.1288306272204,38.7107216322986,38.8338534219699,38.8637651432566,38.8228225708008,0,0,0,0,0,0,0,0,0.8,0,0,0.2
"all_measured_520_analysis_set","within_cow_random5",1,"StrictHierarchicalEBResidualXGB",427,"C011","stable_cool","S01","measurement_group_1","measurement_status_1",31.2,14.2,1,38.3,38.2858916461723,0.0141083538277087,"may_session_hour+tight_session+eb_exact",0.314722255576622,38.1870426634987,38.2886841635715,38.3140945385897,38.6490655029534,38.6490655029534,38.6490655029534,38.186208072521,38.3659125003061,38.1628343223249,38.2739420789792,38.321780104519,38.221248626709,0.0499999999999999,0,0,0,0,0,0,0.6,0.35,0,0,0
"all_measured_520_analysis_set","within_cow_random5",1,"StrictHierarchicalEBResidualXGB",430,"C011","stable_cool","S01","measurement_group_1","measurement_status_1",27.7,9.9,12,38.1,38.1118796715752,-0.0118796715751941,"may_session_hour+tight_session+eb_exact",0.314722255576622,38.1543101973864,38.2143012685252,38.2345596112208,38.6490655029534,38.6490655029534,38.6490655029534,38.186208072521,38.0786202481536,38.1628343223249,37.9641342945904,38.1791429323627,38.1111259460449,0.0499999999999999,0,0,0,0,0,0,0.6,0.35,0,0,0
"all_measured_520_analysis_set","within_cow_random5",1,"StrictHierarchicalEBResidualXGB",437,"C012","stable_hot","S01","measurement_group_1","measurement_status_1",35.5,35.9,20,40.3,40.2643053276534,0.0356946723466294,"tight_session+may_session+direct_xgb",0.357056997033723,39.6800582556882,39.5944097181025,39.5791359333318,39.2139715431088,39.2139715431088,39.2139715431088,40.1942759302877,39.9659728908977,40.3570225515955,39.7020830642735,39.6554446955385,39.8934364318848,0,0,0,0,0,0,0,0,0.8,0,0,0.2
"all_measured_520_analysis_set","within_cow_random5",1,"StrictHierarchicalEBResidualXGB",439,"C013","stable_hot","S01","measurement_group_1","measurement_status_1",35.3,30.5,18,39,39.009262255642,-0.00926225564199967,"tight_session+may_session+direct_xgb",0.357056997033723,38.9526274311372,38.987216257212,38.9958634637307,39.2139715431088,39.2139715431088,39.2139715431088,39.1203217765442,39.159765927675,39.042633269992,38.7799965923542,38.9505180834804,38.8757781982422,0,0,0,0,0,0,0,0,0.8,0,0,0.2
"all_measured_520_analysis_set","within_cow_random5",1,"StrictHierarchicalEBResidualXGB",444,"C013","stable_hot","S01","measurement_group_1","measurement_status_1",34.1,22.9,22,39.1,39.1088844774179,-0.00888447741788667,"tight_session+may_session+direct_xgb",0.357056997033723,38.9575411635725,39.0535286840855,39.0767358572152,39.2139715431088,39.2139715431088,39.2139715431088,39.1549168301626,39.173264890955,39.1371966001903,39.0675497913185,39.0885352034925,38.9956359863281,0,0,0,0,0,0,0,0,0.8,0,0,0.2
"all_measured_520_analysis_set","within_cow_random5",1,"StrictHierarchicalEBResidualXGB",448,"C014","stable_cool","S01","measurement_group_1","measurement_status_1",33,3.6,10,38.3,38.3115130978252,-0.0115130978251585,"may_session_hour+tight_session+eb_exact",0.314722255576622,38.3211070723864,38.4486312304545,38.4812318292574,38.6490655029534,38.6490655029534,38.6490655029534,38.3249169927087,38.3124142596993,38.3085976811035,38.3118397666245,38.4578636639673,38.3402252197266,0.0499999999999999,0,0,0,0,0,0,0.6,0.35,0,0,0
"all_measured_520_analysis_set","within_cow_random5",1,"StrictHierarchicalEBResidualXGB",451,"C016","stable_cool","S01","measurement_group_1","measurement_status_1",33.5,5.8,17,38.7,38.6300307038818,0.069969296118245,"may_session_hour+tight_session+eb_exact",0.314722255576622,38.6318343301653,38.6216625264001,38.6191195754588,38.6490655029534,38.6490655029534,38.6490655029534,38.6315367110186,38.6294249830449,38.6308114215616,38.5694072888041,38.6269072396768,38.6377296447754,0.0499999999999999,0,0,0,0,0,0,0.6,0.35,0,0,0
"all_measured_520_analysis_set","within_cow_random5",1,"StrictHierarchicalEBResidualXGB",452,"C016","stable_cool","S01","measurement_group_1","measurement_status_1",30.6,2.8,0,38.7,38.7294891277537,-0.0294891277537346,"may_session_hour+tight_session+eb_exact",0.314722255576622,38.6787633223864,38.6719569400526,38.662713185005,38.6490655029534,39.723831797062,38.6490655029534,38.6315367110186,38.7912782734798,38.6308114215616,38.6284736234993,38.6700417786711,38.5684700012207,0.0499999999999999,0,0,0,0,0,0,0.6,0.35,0,0,0
"all_measured_520_analysis_set","within_cow_random5",1,"StrictHierarchicalEBResidualXGB",458,"C017","stable_hot","S01","measurement_group_1","measurement_status_1",35,36.3,15,39,39.0119796518172,-0.0119796518171711,"tight_session+may_session+direct_xgb",0.357056997033723,39.3759957556882,39.3151128753681,39.3127101924138,39.2139715431088,39.2139715431088,39.2139715431088,39.0359615658183,38.9978603255406,38.9362859432505,39.2529814838785,39.2716305568475,39.314754486084,0,0,0,0,0,0,0,0,0.8,0,0,0.2
"all_measured_520_analysis_set","within_cow_random5",1,"StrictHierarchicalEBResidualXGB",462,"C018","stable_cool","S01","measurement_group_1","measurement_status_1",32.5,5.4,14,38.8,38.7801203415482,0.0198796584517638,"may_session_hour+tight_session+eb_exact",0.314722255576622,38.792250996832,38.7495847482755,38.7389181861364,38.6490655029534,38.6490655029534,38.6490655029534,38.7921470396571,38.7677521251269,38.7995900475157,38.5934417750158,38.7183888078257,38.6609649658203,0.0499999999999999,0,0,0,0,0,0,0.6,0.35,0,0,0
"all_measured_520_analysis_set","within_cow_random5",1,"StrictHierarchicalEBResidualXGB",463,"C018","stable_cool","S01","measurement_group_1","measurement_status_1",34,6.3,15,38.8,38.7802288275926,0.0197711724074168,"may_session_hour+tight_session+eb_exact",0.314722255576622,38.794420717719,38.7624693927377,38.7541328563498,38.6490655029534,38.6490655029534,38.6490655029534,38.7921470396571,38.7677521251269,38.7995900475157,38.6408476877073,38.7301374566763,38.6805839538574,0.0499999999999999,0,0,0,0,0,0,0.6,0.35,0,0,0
"all_measured_520_analysis_set","within_cow_random5",1,"StrictHierarchicalEBResidualXGB",468,"C019","stable_hot","S01","measurement_group_1","measurement_status_1",34.4,29,20,39.5,39.5090282593003,-0.00902825930030815,"tight_session+may_session+direct_xgb",0.357056997033723,39.4703357644705,39.4260860940505,39.4150236764455,39.2139715431088,39.2139715431088,39.2139715431088,39.4976722856177,39.5131805218622,39.4993710708905,39.4366977212291,39.4520757103402,39.5476570129395,0,0,0,0,0,0,0,0,0.8,0,0,0.2
"all_measured_520_analysis_set","within_cow_random5",1,"StrictHierarchicalEBResidualXGB",469,"C020","stable_hot","S01","measurement_group_1","measurement_status_1",38.4,32,21,40.2,40.1226251159982,0.0773748840018271,"tight_session+may_session+direct_xgb",0.357056997033723,39.4954974710152,39.4518557139427,39.4376710173586,39.2139715431088,39.2139715431088,39.2139715431088,39.9925205556787,40.0873587709879,40.2382118149196,39.559512736809,39.5375890605838,39.6602783203125,0,0,0,0,0,0,0,0,0.8,0,0,0.2
"all_measured_520_analysis_set","within_cow_random5",1,"StrictHierarchicalEBResidualXGB",470,"C020","stable_hot","S01","measurement_group_1","measurement_status_1",32.8,33.3,2,39.6,39.6085572925801,-0.00855729258012872,"tight_session+may_session+direct_xgb",0.357056997033723,39.4751243143824,39.4325280591908,39.4218789953929,39.2139715431088,39.2139715431088,39.2139715431088,39.5442701263353,39.5195304110865,39.5635397095972,39.5927685385179,39.5236641049447,39.7886276245117,0,0,0,0,0,0,0,0,0.8,0,0,0.2
"all_measured_520_analysis_set","within_cow_random5",1,"StrictHierarchicalEBResidualXGB",474,"C021","stable_cool","S01","measurement_group_1","measurement_status_1",31.1,12.3,12,38.2,38.2394031140817,-0.0394031140817361,"may_session_hour+tight_session+eb_exact",0.314722255576622,38.2536073272541,38.2932914064676,38.3034378842244,38.6490655029534,38.6490655029534,38.0745327514767,38.2549686378945,38.2397914335178,38.2367082503096,38.1800359081218,38.2434407749624,38.1472625732422,0.0499999999999999,0,0,0,0,0,0,0.6,0.35,0,0,0
"all_measured_520_analysis_set","within_cow_random5",1,"StrictHierarchicalEBResidualXGB",484,"C023","stable_cool","S01","measurement_group_1","measurement_status_1",31.6,9.8,20,39.1,39.2564290794313,-0.156429079431327,"may_session_hour+tight_session+eb_exact",0.314722255576622,38.9307926634987,38.9088291930668,38.9033383254588,38.6490655029534,38.6490655029534,38.6490655029534,38.9308559598449,39.4650262567556,38.9453534062944,39.0400730114436,38.9369356198869,39.0218200683594,0.0499999999999999,0,0,0,0,0,0,0.6,0.35,0,0,0
"all_measured_520_analysis_set","within_cow_random5",1,"StrictHierarchicalEBResidualXGB",489,"C025","stable_cool","S01","measurement_group_1","measurement_status_1",30.9,22.3,11,39.4,39.3953671654933,0.00463283450672947,"may_session_hour+tight_session+eb_exact",0.314722255576622,39.3901676634987,39.2542703591672,39.2202960330843,38.6490655029534,38.6490655029534,38.6490655029534,39.3907855373097,39.3763714606247,39.4286740169814,39.3497298308579,39.2475066401449,39.4265785217285,0.0499999999999999,0,0,0,0,0,0,0.6,0.35,0,0,0
"all_measured_520_analysis_set","within_cow_random5",1,"StrictHierarchicalEBResidualXGB",490,"C025","stable_cool","S01","measurement_group_1","measurement_status_1",31.6,20.5,18,39.3,39.2653750584826,0.0346249415174213,"may_session_hour+tight_session+eb_exact",0.314722255576622,39.3901676634987,39.2759478237697,39.2473928638375,38.6490655029534,38.6490655029534,38.6490655029534,39.3907855373097,39.1597179489403,39.4286740169814,39.4111629661586,39.2590366598436,39.4003524780273,0.0499999999999999,0,0,0,0,0,0,0.6,0.35,0,0,0
"all_measured_520_analysis_set","within_cow_random5",1,"StrictHierarchicalEBResidualXGB",498,"C026","stable_cool","S01","measurement_group_1","measurement_status_1",31.4,8.2,17,38.7,38.6590489246675,0.0409510753325435,"may_session_hour+tight_session+eb_exact",0.314722255576622,38.6245426634987,38.6158291930668,38.6136508254588,38.6490655029534,38.6490655029534,38.6490655029534,38.624236241535,38.682871514083,38.6231396658364,38.4783051466672,38.6204648330211,38.6187210083008,0.0499999999999999,0,0,0,0,0,0,0.6,0.35,0,0,0
"all_measured_520_analysis_set","within_cow_random5",1,"StrictHierarchicalEBResidualXGB",499,"C026","stable_cool","S01","measurement_group_1","measurement_status_1",29.3,6.8,22,38.7,38.6727980446911,0.0272019553088896,"may_session_hour+tight_session+eb_exact",0.314722255576622,38.673670717719,38.6472320016447,38.6327267424836,38.6490655029534,38.6490655029534,38.6490655029534,38.624236241535,38.7016927096041,38.6231396658364,38.7164397027506,38.6575973043192,38.6343040466309,0.0499999999999999,0,0,0,0,0,0,0.6,0.35,0,0,0
"all_measured_520_analysis_set","within_cow_random5",1,"StrictHierarchicalEBResidualXGB",512,"C028","stable_hot","S01","measurement_group_1","measurement_status_1",37.5,38.4,17,40.2,40.1229495794074,0.0770504205926414,"tight_session+may_session+direct_xgb",0.357056997033723,40.1411690978038,39.9090002495643,39.8509580375044,39.2139715431088,39.2139715431088,39.2139715431088,40.0432124093711,39.6891993211022,40.1904997565468,40.0402520403371,39.8710157517191,39.8527488708496,0,0,0,0,0,0,0,0,0.8,0,0,0.2
"all_measured_520_analysis_set","within_cow_random5",1,"StrictHierarchicalEBResidualXGB",517,"C029","stable_cool","S01","measurement_group_1","measurement_status_1",36.1,8.8,14,38.3,38.3397385987125,-0.0397385987125176,"may_session_hour+tight_session+eb_exact",0.314722255576622,38.377920717719,38.4179978623058,38.42663719331,38.6490655029534,38.6490655029534,38.8245327514767,38.3687198096102,38.3278711456957,38.3546282154547,38.3094175094298,38.3704294702973,38.2858695983887,0.0499999999999999,0,0,0,0,0,0,0.6,0.35,0,0,0
"all_measured_520_analysis_set","within_cow_random5",2,"StrictHierarchicalEBResidualXGB",2,"C021","stable_cool","S01","measurement_group_1","measurement_status_1",30.4,16,12,38.3,38.2383252255763,0.0616747744236861,"may_session_hour+eb_exact+tight_session",0.270546556717223,38.243466080402,38.2912129111466,38.3058662488579,38.6567906798567,38.6567906798567,38.6567906798567,38.2595947158226,38.2377908736173,38.2395720468139,38.1304299839778,38.2643876507757,38.1277122497559,0,0,0,0,0,0,0,0.7,0.3,0,0,0
"all_measured_520_analysis_set","within_cow_random5",2,"StrictHierarchicalEBResidualXGB",3,"C021","stable_cool","S01","measurement_group_1","measurement_status_1",31.5,18.3,13,38.2,38.2383252255763,-0.0383252255763082,"may_session_hour+eb_exact+tight_session",0.270546556717223,38.249804883794,38.2959481458874,38.3091818551764,38.6567906798567,38.6567906798567,38.6567906798567,38.2595947158226,38.2377908736173,38.2395720468139,38.1527002828513,38.2776178586991,38.1434631347656,0,0,0,0,0,0,0,0.7,0.3,0,0,0
"all_measured_520_analysis_set","within_cow_random5",2,"StrictHierarchicalEBResidualXGB",13,"C003","stable_cool","S01","measurement_group_1","measurement_status_1",33.6,6.8,12,38.4,38.5189752925436,-0.118975292543588,"may_session_hour+eb_exact+tight_session",0.270546556717223,38.607426692285,38.5818593972537,38.5723116652783,38.6567906798567,38.6567906798567,38.6567906798567,38.587229245503,38.491302934899,38.5835441270475,38.5594771242911,38.5579636027279,38.4946250915527,0,0,0,0,0,0,0,0.7,0.3,0,0,0
"all_measured_520_analysis_set","within_cow_random5",2,"StrictHierarchicalEBResidualXGB",16,"C003","stable_cool","S01","measurement_group_1","measurement_status_1",33.1,11.2,14,38.5,38.5189752925436,-0.0189752925435869,"may_session_hour+eb_exact+tight_session",0.270546556717223,38.5877899300424,38.6021690207217,38.6057637933915,38.6567906798567,38.6567906798567,38.6567906798567,38.587229245503,38.491302934899,38.5835441270475,38.4579430117654,38.5670655729864,38.5051536560059,0,0,0,0,0,0,0,0.7,0.3,0,0,0
"all_measured_520_analysis_set","within_cow_random5",2,"StrictHierarchicalEBResidualXGB",18,"C003","stable_cool","S01","measurement_group_1","measurement_status_1",36.4,9.1,15,38.5,38.5189752925436,-0.0189752925435869,"may_session_hour+eb_exact+tight_session",0.270546556717223,38.5352087496305,38.5534032515519,38.5664024238841,38.6567906798567,38.6567906798567,38.6567906798567,38.587229245503,38.491302934899,38.5835441270475,38.5674929479238,38.5193183577888,38.4937477111816,0,0,0,0,0,0,0,0.7,0.3,0,0,0
"all_measured_520_analysis_set","within_cow_random5",2,"StrictHierarchicalEBResidualXGB",29,"C002","stable_cool","S01","measurement_group_1","measurement_status_1",36.2,8.8,14,39,38.9721367458114,0.0278632541885955,"may_session_hour+eb_exact+tight_session",0.270546556717223,39.0041195561139,38.9352327215789,38.9180110129452,38.6567906798567,38.6567906798567,38.4783953399283,39.0042426031465,38.9507277236806,39.0220911307834,38.9621901529446,38.8944369818388,38.8954811096191,0,0,0,0,0,0,0,0.7,0.3,0,0,0
"all_measured_520_analysis_set","within_cow_random5",2,"StrictHierarchicalEBResidualXGB",31,"C002","stable_cool","S01","measurement_group_1","measurement_status_1",33.7,9,19,40,38.9761623897861,1.0238376102139,"may_session_hour+eb_exact+tight_session",0.270546556717223,39.0041195561139,38.964061579829,38.9540470857577,38.6567906798567,38.6567906798567,38.6567906798567,39.0042426031465,38.9564786436444,39.0220911307834,39.1499342984562,38.9810525003577,39.0616798400879,0,0,0,0,0,0,0,0.7,0.3,0,0,0
"all_measured_520_analysis_set","within_cow_random5",2,"StrictHierarchicalEBResidualXGB",32,"C002","stable_cool","S01","measurement_group_1","measurement_status_1",32.6,6,21,39.7,38.9761623897861,0.723837610213899,"may_session_hour+eb_exact+tight_session",0.270546556717223,39.0041195561139,38.9607784434995,38.949943165346,38.6567906798567,38.6567906798567,38.8783953399283,39.0042426031465,38.9564786436444,39.0220911307834,39.1892080942725,39.0045875668368,39.2410659790039,0,0,0,0,0,0,0,0.7,0.3,0,0,0
"all_measured_520_analysis_set","within_cow_random5",2,"StrictHierarchicalEBResidualXGB",35,"C029","stable_cool","S01","measurement_group_1","measurement_status_1",31.8,5.4,0,38.1,38.45997147684,-0.359971476840016,"may_session_hour+eb_exact+tight_session",0.270546556717223,38.4073977731796,38.4696458567347,38.4852078776234,38.6567906798567,38.6567906798567,38.6567906798567,38.4062221153782,38.4889102347794,38.3924477083148,38.4044891988041,38.4766641090105,38.3991889953613,0,0,0,0,0,0,0,0.7,0.3,0,0,0
"all_measured_520_analysis_set","within_cow_random5",2,"StrictHierarchicalEBResidualXGB",38,"C029","stable_cool","S01","measurement_group_1","measurement_status_1",33.1,6.8,12,38.2,38.3704995066598,-0.170499506659823,"may_session_hour+eb_exact+tight_session",0.270546556717223,38.3361031628732,38.1627109303698,38.2475364907041,38.6567906798567,38.170279065148,38.5891976699642,38.4062221153782,38.361093134522,38.3924477083148,38.3711600573605,38.1441323991493,38.332878112793,0,0,0,0,0,0,0,0.7,0.3,0,0,0
"all_measured_520_analysis_set","within_cow_random5",2,"StrictHierarchicalEBResidualXGB",39,"C029","stable_cool","S01","measurement_group_1","measurement_status_1",33.2,9.3,13,38.1,38.3704995066598,-0.270499506659824,"may_session_hour+eb_exact+tight_session",0.270546556717223,38.4053263966893,38.4202440234061,38.4243063298784,38.6567906798567,38.5406494355184,38.4189302266189,38.4062221153782,38.361093134522,38.3924477083148,38.2489726016748,38.3938791064705,38.3177032470703,0,0,0,0,0,0,0,0.7,0.3,0,0,0
"all_measured_520_analysis_set","within_cow_random5",2,"StrictHierarchicalEBResidualXGB",47,"C001","stable_cool","S01","measurement_group_1","measurement_status_1",29.8,5.4,0,38,38.3969456565029,-0.396945656502865,"may_session_hour+eb_exact+tight_session",0.270546556717223,38.3234874060706,38.4025175630474,38.4222751022916,38.6567906798567,38.6567906798567,38.6567906798567,38.3233953463906,38.4350728349375,38.3079822401554,38.3496132597935,38.4021458979939,38.2854347229004,0,0,0,0,0,0,0,0.7,0.3,0,0,0
"all_measured_520_analysis_set","within_cow_random5",2,"StrictHierarchicalEBResidualXGB",54,"C001","stable_cool","S01","measurement_group_1","measurement_status_1",31.8,8.8,14,38,38.228605396639,-0.228605396639033,"may_session_hour+eb_exact+tight_session",0.270546556717223,38.3018771100082,38.3737474832096,38.3951881598056,38.6567906798567,38.6567906798567,38.6567906798567,38.3233953463906,38.1945867494177,38.3079822401554,38.1725226200874,38.3534666526474,38.2177658081055,0,0,0,0,0,0,0,0.7,0.3,0,0,0
"all_measured_520_analysis_set","within_cow_random5",2,"StrictHierarchicalEBResidualXGB",57,"C001","stable_cool","S01","measurement_group_1","measurement_status_1",30.5,9,19,38.2,38.3689500270365,-0.16895002703648,"may_session_hour+eb_exact+tight_session",0.270546556717223,38.3234874060706,38.4195558597943,38.4435729732253,38.6567906798567,38.9110198058888,38.8283953399283,38.3233953463906,38.3950790785569,38.3079822401554,38.3977149988146,38.4274009197629,38.3495864868164,0,0,0,0,0,0,0,0.7,0.3,0,0,0
"all_measured_520_analysis_set","within_cow_random5",2,"StrictHierarchicalEBResidualXGB",62,"C027","stable_cool","S01","measurement_group_1","measurement_status_1",30.9,6.1,11,41.5,39.0379808018573,2.46201919814273,"may_session_hour+eb_exact+tight_session",0.270546556717223,38.8080149275791,38.7679732873049,38.7616452043129,38.6567906798567,39.2813901762591,38.6567906798567,38.8311953774103,39.1223544889363,38.8411088653396,38.779037444661,38.7718412636723,38.8184776306152,0,0,0,0,0,0,0,0.7,0.3,0,0,0
"all_measured_520_analysis_set","within_cow_random5",2,"StrictHierarchicalEBResidualXGB",69,"C027","stable_cool","S01","measurement_group_1","measurement_status_1",33.9,9.1,15,38.5,38.6719640695584,-0.171964069558385,"may_session_hour+eb_exact+tight_session",0.270546556717223,38.7730149275791,38.7437243521529,38.7457090353729,38.6567906798567,38.6567906798567,38.6567906798567,38.8311953774103,38.599473442795,38.8411088653396,38.8662783128051,38.7272477414775,38.7682991027832,0,0,0,0,0,0,0,0.7,0.3,0,0,0
"all_measured_520_analysis_set","within_cow_random5",2,"StrictHierarchicalEBResidualXGB",72,"C027","stable_cool","S01","measurement_group_1","measurement_status_1",32.7,5.5,23,38.2,38.7749393651829,-0.574939365182871,"may_session_hour+eb_exact+tight_session",0.270546556717223,38.8309271849443,38.7834693861464,38.7716049364469,38.6567906798567,38.6567906798567,38.6567906798567,38.8311953774103,38.7465810079729,38.8411088653396,39.1922299259604,38.8118900877694,38.9841804504395,0,0,0,0,0,0,0,0.7,0.3,0,0,0
"all_measured_520_analysis_set","within_cow_random5",2,"StrictHierarchicalEBResidualXGB",74,"C026","stable_cool","S01","measurement_group_1","measurement_status_1",33.9,8,13,38.5,38.6595259608747,-0.159525960874667,"may_session_hour+eb_exact+tight_session",0.270546556717223,38.7054369888659,38.6603029060546,38.6490193853518,38.6567906798567,38.6567906798567,38.4189302266189,38.7052773738452,38.6386775614405,38.7081722262211,38.3813003010075,38.6300497676615,38.6027755737305,0,0,0,0,0,0,0,0.7,0.3,0,0,0
"all_measured_520_analysis_set","within_cow_random5",2,"StrictHierarchicalEBResidualXGB",75,"C026","stable_cool","S01","measurement_group_1","measurement_status_1",33.9,11.2,15,38.6,38.6595259608747,-0.0595259608746659,"may_session_hour+eb_exact+tight_session",0.270546556717223,38.7054369888659,38.68883468322,38.6846841068086,38.2175688723022,38.2680326544467,38.2113581359713,38.7052773738452,38.6386775614405,38.7081722262211,38.5325101471705,38.6468037601515,38.6294288635254,0,0,0,0,0,0,0,0.7,0.3,0,0,0
"all_measured_520_analysis_set","within_cow_random5",2,"StrictHierarchicalEBResidualXGB",84,"C016","stable_cool","S01","measurement_group_1","measurement_status_1",33,8.8,14,38.3,38.4854252540893,-0.185425254089296,"may_session_hour+eb_exact+tight_session",0.270546556717223,38.6912892636557,38.6849684876124,38.6833882936015,38.6567906798567,38.6567906798567,38.6567906798567,38.690999224507,38.3965661273951,38.6927632163757,38.5520264928409,38.6664417528281,38.5737800598145,0,0,0,0,0,0,0,0.7,0.3,0,0,0
"all_measured_520_analysis_set","within_cow_random5",2,"StrictHierarchicalEBResidualXGB",88,"C016","stable_cool","S01","measurement_group_1","measurement_status_1",31.8,5.5,23,38.8,38.6839700564727,0.116029943527273,"may_session_hour+eb_exact+tight_session",0.270546556717223,38.692813642516,38.6729567753629,38.6677475691149,38.6567906798567,38.6567906798567,38.6567906798567,38.690999224507,38.6802015593714,38.6927632163757,38.9749956899285,38.7013774769859,38.7700653076172,0,0,0,0,0,0,0,0.7,0.3,0,0,0
"all_measured_520_analysis_set","within_cow_random5",2,"StrictHierarchicalEBResidualXGB",89,"C022","stable_cool","S01","measurement_group_1","measurement_status_1",25.4,5.4,0,38.1,38.45997147684,-0.359971476840016,"may_session_hour+eb_exact+tight_session",0.270546556717223,38.4073977731796,38.4696458567347,38.4852078776234,38.6567906798567,38.6567906798567,38.6567906798567,38.4062221153782,38.4889102347794,38.3924477083148,38.3777843458537,38.465044061974,38.3829154968262,0,0,0,0,0,0,0,0.7,0.3,0,0,0
"all_measured_520_analysis_set","within_cow_random5",2,"StrictHierarchicalEBResidualXGB",96,"C022","stable_cool","S01","measurement_group_1","measurement_status_1",31.2,8.8,14,39,38.4837348007775,0.516265199222531,"may_session_hour+eb_exact+tight_session",0.270546556717223,38.4073977731796,38.4578552952315,38.4704696757445,38.6567906798567,38.6567906798567,38.6567906798567,38.4062221153782,38.5228578404043,38.3924477083148,38.262081119669,38.4192221721913,38.3045806884766,0,0,0,0,0,0,0,0.7,0.3,0,0,0
"all_measured_520_analysis_set","within_cow_random5",2,"StrictHierarchicalEBResidualXGB",102,"C022","stable_cool","S01","measurement_group_1","measurement_status_1",32.1,5.5,23,38.5,38.3418426997639,0.158157300236056,"may_session_hour+eb_exact+tight_session",0.270546556717223,38.4073977731796,38.4446458567347,38.4539578776234,38.6567906798567,38.8369457318147,38.7783953399283,38.4062221153782,38.3201548389565,38.3924477083148,38.8297324828785,38.4753495093848,38.5072708129883,0,0,0,0,0,0,0,0.7,0.3,0,0,0
"all_measured_520_analysis_set","within_cow_random5",2,"StrictHierarchicalEBResidualXGB",105,"C014","stable_cool","S01","measurement_group_1","measurement_status_1",31,6.1,11,38,38.3801338696651,-0.380133869665094,"may_session_hour+eb_exact+tight_session",0.270546556717223,38.386523633794,38.430109066538,38.4371369122398,38.6567906798567,39.2813901762591,38.6567906798567,38.3618012885925,38.3943441165359,38.3469766269666,38.3644504559755,38.4299429722582,38.3761177062988,0,0,0,0,0,0,0,0.7,0.3,0,0,0
"all_measured_520_analysis_set","within_cow_random5",2,"StrictHierarchicalEBResidualXGB",110,"C014","stable_cool","S01","measurement_group_1","measurement_status_1",33.2,8.8,14,38,38.1280097732921,-0.128009773292128,"may_session_hour+eb_exact+tight_session",0.270546556717223,38.3624528894472,38.4218993882456,38.4367610129452,38.6567906798567,38.6567906798567,38.6567906798567,38.3618012885925,38.0341668360031,38.3469766269666,38.3488455742314,38.3999210844555,38.3061332702637,0,0,0,0,0,0,0,0.7,0.3,0,0,0
"all_measured_520_analysis_set","within_cow_random5",2,"StrictHierarchicalEBResidualXGB",115,"C014","stable_cool","S01","measurement_group_1","measurement_status_1",31,5.5,23,38.4,38.5525518303873,-0.15255183038726,"may_session_hour+eb_exact+tight_session",0.270546556717223,38.3624528894472,38.4086899497487,38.4202492148241,38.6567906798567,38.6567906798567,38.6567906798567,38.3618012885925,38.6406554889961,38.3469766269666,38.6593474525031,38.4362285771348,38.4424629211426,0,0,0,0,0,0,0,0.7,0.3,0,0,0
"all_measured_520_analysis_set","within_cow_random5",2,"StrictHierarchicalEBResidualXGB",117,"C023","stable_cool","S01","measurement_group_1","measurement_status_1",30.4,5,11,38.3,38.9680619700958,-0.66806197009582,"may_session_hour+eb_exact+tight_session",0.270546556717223,39.0318465391975,38.9467112586373,38.9254274384972,38.5116141244338,38.5406494355184,38.5783953399283,39.0313731857258,38.9333562866821,39.0490418980611,38.8868874291669,38.9510416166396,39.0281219482422,0,0,0,0,0,0,0,0.7,0.3,0,0,0
"all_measured_520_analysis_set","within_cow_random5",2,"StrictHierarchicalEBResidualXGB",118,"C023","stable_cool","S01","measurement_group_1","measurement_status_1",32.6,6.1,11,39.4,38.9680619700958,0.431938029904181,"may_session_hour+eb_exact+tight_session",0.270546556717223,39.0318465391975,38.9467112586373,38.9254274384972,38.6567906798567,38.6567906798567,38.1189302266189,39.0313731857258,38.9333562866821,39.0490418980611,38.9525578535066,38.9502605257095,39.0429801940918,0,0,0,0,0,0,0,0.7,0.3,0,0,0
"all_measured_520_analysis_set","within_cow_random5",2,"StrictHierarchicalEBResidualXGB",121,"C023","stable_cool","S01","measurement_group_1","measurement_status_1",32.8,9.3,13,38.8,38.9770661988967,-0.177066198896703,"may_session_hour+eb_exact+tight_session",0.270546556717223,38.9949295082222,38.8924243076965,38.8727311018289,38.5116141244338,38.3531390374255,38.4189302266189,39.0313731857258,38.9462194706834,39.0490418980611,38.8626590888507,38.8690632189884,38.9219398498535,0,0,0,0,0,0,0,0.7,0.3,0,0,0
"all_measured_520_analysis_set","within_cow_random5",2,"StrictHierarchicalEBResidualXGB",131,"C011","stable_cool","S01","measurement_group_1","measurement_status_1",30.2,16,12,38,38.1741905148111,-0.174190514811059,"may_session_hour+eb_exact+tight_session",0.270546556717223,38.250351758794,38.296935587026,38.3137071722248,38.6567906798567,38.6567906798567,38.6567906798567,38.2814961242733,38.136306172306,38.2625873139895,38.0762458419215,38.2660515316053,38.161376953125,0,0,0,0,0,0,0,0.7,0.3,0,0,0
"all_measured_520_analysis_set","within_cow_random5",2,"StrictHierarchicalEBResidualXGB",132,"C011","stable_cool","S01","measurement_group_1","measurement_status_1",30.8,18.3,13,37.9,38.1741905148111,-0.27419051481106,"may_session_hour+eb_exact+tight_session",0.270546556717223,38.2822445561139,38.321748959853,38.3316250607878,38.6567906798567,38.6567906798567,38.6567906798567,38.2814961242733,38.136306172306,38.2625873139895,38.1247498790783,38.3048447286922,38.1547508239746,0,0,0,0,0,0,0,0.7,0.3,0,0,0
"all_measured_520_analysis_set","within_cow_random5",2,"StrictHierarchicalEBResidualXGB",142,"C004","stable_cool","S01","measurement_group_1","measurement_status_1",30.6,9.4,9,37.6,37.6851622992578,-0.0851622992577958,"may_session_hour+eb_exact+tight_session",0.270546556717223,37.6478695561139,37.8454551926298,37.8948516017588,38.6567906798567,38.6567906798567,38.6567906798567,37.6463552792028,37.7237413278406,37.5951445658979,37.6502757324115,37.8100907622321,37.7554130554199,0,0,0,0,0,0,0,0.7,0.3,0,0,0
"all_measured_520_analysis_set","within_cow_random5",2,"StrictHierarchicalEBResidualXGB",149,"C004","stable_cool","S01","measurement_group_1","measurement_status_1",30.1,9.5,22,37.7,37.7156564635012,-0.0156564635011804,"may_session_hour+eb_exact+tight_session",0.270546556717223,37.6478695561139,37.8560232830821,37.9080617148241,38.6567906798567,38.6567906798567,38.6567906798567,37.6463552792028,37.7673044196169,37.5951445658979,37.8462779364176,37.8541359334374,37.8358459472656,0,0,0,0,0,0,0,0.7,0.3,0,0,0
"all_measured_520_analysis_set","within_cow_random5",2,"StrictHierarchicalEBResidualXGB",154,"C028","stable_hot","S01","measurement_group_1","measurement_status_1",38.6,37.4,14,40.2,40.1438964780049,0.0561035219950554,"tight_session+may_session+may_session_hour",0.366420402856156,40.1639911268052,39.9305170640849,39.8721485484048,39.232045473268,39.232045473268,39.232045473268,40.0754581692626,39.7025599666866,40.1929338681514,39.9463961167095,39.8541549310588,39.7513961791992,0,0,0,0,0,0,0,0.1,0.9,0,0,0
"all_measured_520_analysis_set","within_cow_random5",2,"StrictHierarchicalEBResidualXGB",155,"C028","stable_hot","S01","measurement_group_1","measurement_status_1",37.7,40.4,13,39.8,39.7238074027043,0.0761925972957158,"tight_session+may_session+may_session_hour",0.366420402856156,40.1702926796143,39.9482262767564,39.8916969264834,39.232045473268,39.232045473268,39.232045473268,39.4515262964345,39.1478654218806,39.7878009561291,39.9251435619969,39.9396457085099,39.8656005859375,0,0,0,0,0,0,0,0.1,0.9,0,0,0
"all_measured_520_analysis_set","within_cow_random5",2,"StrictHierarchicalEBResidualXGB",158,"C028","stable_hot","S01","measurement_group_1","measurement_status_1",37.3,36.7,22,40.3,40.210894998964,0.089105001035982,"tight_session+may_session+may_session_hour",0.366420402856156,40.1639911268052,39.9978205112376,39.9562778573457,39.232045473268,39.232045473268,39.716022736634,39.9308071155579,39.7595757619443,40.2610415808551,40.3237560665971,40.1123658118405,40.1954956054688,0,0,0,0,0,0,0,0.1,0.9,0,0,0
"all_measured_520_analysis_set","within_cow_random5",2,"StrictHierarchicalEBResidualXGB",161,"C028","stable_hot","S01","measurement_group_1","measurement_status_1",38.6,37.3,0,40.2,40.2078800368584,-0.00788003685840266,"tight_session+may_session+may_session_hour",0.366420402856156,40.1639911268052,39.9400101860655,39.8840149508805,39.232045473268,39.232045473268,39.232045473268,39.9308071155579,39.7294261408882,40.2610415808551,40.1986316250273,40.0309424360884,40.1333427429199,0,0,0,0,0,0,0,0.1,0.9,0,0,0
"all_measured_520_analysis_set","within_cow_random5",2,"StrictHierarchicalEBResidualXGB",167,"C008","stable_cool","S01","measurement_group_1","measurement_status_1",33.2,8.4,11,38.1,38.1449572588022,-0.0449572588021923,"may_session_hour+eb_exact+tight_session",0.270546556717223,38.168216080402,38.2561858698253,38.2824418222063,38.6567906798567,38.6567906798567,38.6567906798567,38.1938904904705,38.1339991217372,38.1705262452872,38.1159771291858,38.2465168630232,38.201000213623,0,0,0,0,0,0,0,0.7,0.3,0,0,0
"all_measured_520_analysis_set","within_cow_random5",2,"StrictHierarchicalEBResidualXGB",171,"C008","stable_cool","S01","measurement_group_1","measurement_status_1",35.5,11.3,16,38.2,38.2574648734535,-0.057464873453462,"may_session_hour+eb_exact+tight_session",0.270546556717223,38.1947445561139,38.313675041876,38.3434076633166,38.6567906798567,38.6567906798567,38.6567906798567,38.1938904904705,38.2947242855247,38.1705262452872,38.0675396725242,38.2960970658877,38.1594581604004,0,0,0,0,0,0,0,0.7,0.3,0,0,0
"all_measured_520_analysis_set","within_cow_random5",2,"StrictHierarchicalEBResidualXGB",172,"C008","stable_cool","S01","measurement_group_1","measurement_status_1",35,9.6,16,38.2,38.2574648734535,-0.057464873453462,"may_session_hour+eb_exact+tight_session",0.270546556717223,38.1947445561139,38.313675041876,38.3434076633166,38.6567906798567,38.6567906798567,38.6283953399283,38.1938904904705,38.2947242855247,38.1705262452872,38.0643641515341,38.3025591332533,38.1947326660156,0,0,0,0,0,0,0,0.7,0.3,0,0,0
"all_measured_520_analysis_set","within_cow_random5",2,"StrictHierarchicalEBResidualXGB",176,"C030","stable_cool","S01","measurement_group_1","measurement_status_1",27.8,6.9,1,40.1,39.9856760894956,0.114323910504361,"may_session_hour+eb_exact+tight_session",0.270546556717223,40.1416195561139,39.8294458074687,39.7514023703074,38.6567906798567,38.6567906798567,38.6567906798567,40.1431158425831,39.8857294033167,40.2188850239131,40.2174072454428,39.9101348875282,40.2564086914062,0,0,0,0,0,0,0,0.7,0.3,0,0,0
"all_measured_520_analysis_set","within_cow_random5",2,"StrictHierarchicalEBResidualXGB",179,"C030","stable_cool","S01","measurement_group_1","measurement_status_1",30.6,4.3,9,40.3,40.2005308920985,0.09946910790147,"may_session_hour+eb_exact+tight_session",0.270546556717223,40.1416195561139,39.8404551926298,39.7651641017588,38.6567906798567,38.6567906798567,38.7283953399283,40.1431158425831,40.1926648356066,40.2188850239131,40.0898677247144,39.9297639834924,40.2533874511719,0,0,0,0,0,0,0,0.7,0.3,0,0,0
"all_measured_520_analysis_set","within_cow_random5",2,"StrictHierarchicalEBResidualXGB",196,"C018","stable_cool","S01","measurement_group_1","measurement_status_1",32.7,11.7,11,38.8,38.7977693114284,0.00223068857163611,"may_session_hour+eb_exact+tight_session",0.270546556717223,38.793945508794,38.7563720873714,38.7467723289064,38.6567906798567,38.6567906798567,38.6567906798567,38.792528988123,38.7969803528607,38.7996102147528,38.7510294474571,38.7426233922288,38.7732391357422,0,0,0,0,0,0,0,0.7,0.3,0,0,0
"all_measured_520_analysis_set","within_cow_random5",2,"StrictHierarchicalEBResidualXGB",197,"C018","stable_cool","S01","measurement_group_1","measurement_status_1",34.9,13.7,18,38.8,38.8003319976068,-0.000331997606814127,"may_session_hour+eb_exact+tight_session",0.270546556717223,38.793945508794,38.8091883113484,38.8127926088777,38.6567906798567,38.6567906798567,38.6567906798567,38.792528988123,38.8006413331157,38.7996102147528,38.9202967641774,38.7968045541893,38.7984161376953,0,0,0,0,0,0,0,0.7,0.3,0,0,0
"all_measured_520_analysis_set","within_cow_random5",2,"StrictHierarchicalEBResidualXGB",207,"C025","stable_cool","S01","measurement_group_1","measurement_status_1",29.8,14.9,23,39.4,39.318561150771,0.0814388492290234,"may_session_hour+eb_exact+tight_session",0.270546556717223,39.392226758794,39.2324854899498,39.1922851758794,38.6567906798567,38.6567906798567,38.6567906798567,39.3911674857756,39.2713612792935,39.4286941842185,39.7046585267173,39.2640770022126,39.510425567627,0,0,0,0,0,0,0,0.7,0.3,0,0,0
"all_measured_520_analysis_set","within_cow_random5",2,"StrictHierarchicalEBResidualXGB",211,"C010","stable_hot","S01","measurement_group_1","measurement_status_1",35,28.5,2,38.7,38.7467954811357,-0.0467954811357316,"tight_session+may_session+may_session_hour",0.366420402856156,38.6904936362845,38.8262121936489,38.86014183299,39.232045473268,39.232045473268,39.232045473268,38.8267522672557,39.1028593539251,38.7072328286036,38.9023115329405,38.8803169800151,38.7885551452637,0,0,0,0,0,0,0,0.1,0.9,0,0,0
"all_measured_520_analysis_set","within_cow_random5",2,"StrictHierarchicalEBResidualXGB",214,"C010","stable_hot","S01","measurement_group_1","measurement_status_1",35.5,31.2,14,38.6,38.6099346955054,-0.00993469550542869,"tight_session+may_session+may_session_hour",0.366420402856156,38.6746572499347,38.7392761966792,38.7579760668859,39.232045473268,39.232045473268,39.266022736634,38.6659514355297,38.6486633024948,38.6056315169511,38.5760101516522,38.7170622533766,38.597240447998,0,0,0,0,0,0,0,0.1,0.9,0,0,0
"all_measured_520_analysis_set","within_cow_random5",2,"StrictHierarchicalEBResidualXGB",217,"C010","stable_hot","S01","measurement_group_1","measurement_status_1",39.6,36.7,12,38.7,38.7113760340004,-0.0113760340003921,"tight_session+may_session+may_session_hour",0.366420402856156,38.6651554181249,38.7194756099037,38.7371278714812,39.232045473268,39.232045473268,39.232045473268,38.7673821721267,38.7770625946592,38.7040775272605,38.5299171822122,38.6588224672726,38.5500450134277,0,0,0,0,0,0,0,0.1,0.9,0,0,0
"all_measured_520_analysis_set","within_cow_random5",2,"StrictHierarchicalEBResidualXGB",220,"C010","stable_hot","S01","measurement_group_1","measurement_status_1",38,32.9,20,38.6,38.6434352647675,-0.0434352647675027,"tight_session+may_session+may_session_hour",0.366420402856156,38.6921572499347,38.8182182137993,38.849466088286,39.232045473268,39.232045473268,39.232045473268,38.7149857446979,38.959381643519,38.6083301115729,38.7191317594871,38.868706156793,38.8209114074707,0,0,0,0,0,0,0,0.1,0.9,0,0,0
"all_measured_520_analysis_set","within_cow_random5",2,"StrictHierarchicalEBResidualXGB",228,"C019","stable_hot","S01","measurement_group_1","measurement_status_1",38.9,41.3,14,39.5,39.4865188274509,0.0134811725490849,"tight_session+may_session+may_session_hour",0.366420402856156,39.4763083046143,39.3802990133159,39.3554890190576,39.232045473268,39.232045473268,39.232045473268,39.4332160276417,39.4044900331702,39.4956331379265,39.1059843998731,39.3530930990569,39.2583923339844,0,0,0,0,0,0,0,0.1,0.9,0,0,0
"all_measured_520_analysis_set","within_cow_random5",2,"StrictHierarchicalEBResidualXGB",236,"C019","stable_hot","S01","measurement_group_1","measurement_status_1",36.2,36.9,11,39.4,39.3716087066995,0.0283912933004515,"tight_session+may_session+may_session_hour",0.366420402856156,39.4712827934719,39.4339178180007,39.4245765741329,39.232045473268,39.232045473268,39.232045473268,39.2697719192673,39.1874317392535,39.3920728141936,39.2761362458089,39.3809061994461,39.2564353942871,0,0,0,0,0,0,0,0.1,0.9,0,0,0
"all_measured_520_analysis_set","within_cow_random5",2,"StrictHierarchicalEBResidualXGB",238,"C005","stable_hot","S01","measurement_group_1","measurement_status_1",29.7,26,3,37.8,37.8990607153465,-0.0990607153464538,"tight_session+may_session+may_session_hour",0.366420402856156,37.9617010666251,38.2388950105729,38.3081934965599,39.232045473268,39.232045473268,39.232045473268,38.0385914061438,38.6543585077445,37.8151387384133,38.1818627895515,38.2194410715225,37.9854507446289,0,0,0,0,0,0,0,0.1,0.9,0,0,0
"all_measured_520_analysis_set","within_cow_random5",2,"StrictHierarchicalEBResidualXGB",239,"C005","stable_hot","S01","measurement_group_1","measurement_status_1",34.1,33.9,11,37.8,37.8396954284705,-0.0396954284704591,"tight_session+may_session+may_session_hour",0.366420402856156,37.9617010666251,38.2262524365233,38.2923902789979,39.232045473268,39.232045473268,39.232045473268,37.9822170996902,38.3505211065284,37.7829370197974,37.8594400515365,38.1445042787837,37.8731956481934,0,0,0,0,0,0,0,0.1,0.9,0,0,0
"all_measured_520_analysis_set","within_cow_random5",2,"StrictHierarchicalEBResidualXGB",251,"C005","stable_hot","S01","measurement_group_1","measurement_status_1",32.4,27.2,1,37.8,37.905668584487,-0.105668584487013,"tight_session+may_session+may_session_hour",0.366420402856156,37.9684033799657,38.2763474510028,38.3522563112609,39.232045473268,39.232045473268,39.232045473268,38.0385914061438,38.7204371991501,37.8151387384133,38.1948029854304,38.268114090988,38.022087097168,0,0,0,0,0,0,0,0.1,0.9,0,0,0
"all_measured_520_analysis_set","within_cow_random5",2,"StrictHierarchicalEBResidualXGB",256,"C017","stable_hot","S01","measurement_group_1","measurement_status_1",38.2,37.7,15,39,39.3723126720174,-0.372312672017408,"tight_session+may_session+may_session_hour",0.366420402856156,39.3346727298109,39.2733526660471,39.2694319477134,39.232045473268,39.232045473268,39.1106818244227,39.3126099841078,39.1881549993362,39.3927746356486,39.1814339908292,39.2492884157567,39.2474708557129,0,0,0,0,0,0,0,0.1,0.9,0,0,0
"all_measured_520_analysis_set","within_cow_random5",2,"StrictHierarchicalEBResidualXGB",264,"C017","stable_hot","S01","measurement_group_1","measurement_status_1",35.3,32.3,22,40,39.8959222069621,0.104077793037881,"tight_session+may_session+may_session_hour",0.366420402856156,39.4056639149223,39.3911587417313,39.3875324484335,39.232045473268,39.232045473268,39.232045473268,39.7945467534713,39.7087376178816,39.9167204946377,39.5596290465997,39.4224633619376,39.5644416809082,0,0,0,0,0,0,0,0.1,0.9,0,0,0
"all_measured_520_analysis_set","within_cow_random5",2,"StrictHierarchicalEBResidualXGB",265,"C017","stable_hot","S01","measurement_group_1","measurement_status_1",36.2,32.9,22,39.5,39.2937439546184,0.2062560453816,"tight_session+may_session+may_session_hour",0.366420402856156,39.4056639149223,39.3911587417313,39.3875324484335,39.232045473268,38.6897895671435,40.216022736634,39.3069400051314,39.2196839020259,39.3019728493509,39.5706695853445,39.3762319216692,39.4372215270996,0,0,0,0,0,0,0,0.1,0.9,0,0,0
"all_measured_520_analysis_set","within_cow_random5",2,"StrictHierarchicalEBResidualXGB",272,"C020","stable_hot","S01","measurement_group_1","measurement_status_1",37.7,36.9,14,39.1,39.1577444734027,-0.0577444734026926,"tight_session+may_session+may_session_hour",0.366420402856156,39.4823040125553,39.385167372685,39.3608832127174,39.232045473268,39.232045473268,39.232045473268,39.1963916090891,39.1311667025738,39.1606975590503,39.2052388769989,39.2764219020419,39.1602516174316,0,0,0,0,0,0,0,0.1,0.9,0,0,0
"all_measured_520_analysis_set","within_cow_random5",2,"StrictHierarchicalEBResidualXGB",276,"C020","stable_hot","S01","measurement_group_1","measurement_status_1",38.2,37.8,20,39.5,39.0850683904826,0.414931609517389,"tight_session+may_session+may_session_hour",0.366420402856156,39.4823040125553,39.450359389805,39.4423732341175,39.232045473268,39.232045473268,39.666022736634,39.1588712980888,39.2479072532231,39.0669751835114,39.3659015748302,39.4447900556631,39.4311447143555,0,0,0,0,0,0,0,0.1,0.9,0,0,0
"all_measured_520_analysis_set","within_cow_random5",2,"StrictHierarchicalEBResidualXGB",279,"C020","stable_hot","S01","measurement_group_1","measurement_status_1",37.3,35.6,21,40.4,40.1643228453246,0.2356771546754,"tight_session+may_session+may_session_hour",0.366420402856156,39.4768309414943,39.4399007403932,39.4315477908242,39.232045473268,39.232045473268,39.232045473268,40.005742154923,40.0154827288508,40.1808606360439,39.4997815362357,39.5096120157919,39.6505241394043,0,0,0,0,0,0,0,0.1,0.9,0,0,0
"all_measured_520_analysis_set","within_cow_random5",2,"StrictHierarchicalEBResidualXGB",288,"C009","stable_hot","S01","measurement_group_1","measurement_status_1",36.1,32.8,19,39.5,39.6360821482765,-0.136082148276529,"tight_session+may_session+may_session_hour",0.366420402856156,39.8551995186374,39.7107872247034,39.6746841512199,39.232045473268,38.9069003896357,39.058011368317,39.5153426495387,39.3151023962181,39.6717465651719,39.8747968032237,39.6848188518816,39.7504768371582,0,0,0,0,0,0,0,0.1,0.9,0,0,0
"all_measured_520_analysis_set","within_cow_random5",2,"StrictHierarchicalEBResidualXGB",289,"C009","stable_hot","S01","measurement_group_1","measurement_status_1",36.4,32.3,21,40.5,40.4517640477767,0.0482359522232869,"tight_session+may_session+may_session_hour",0.366420402856156,39.6530396028759,39.5836774815657,39.2778173170927,39.232045473268,39.232045473268,39.1106818244227,40.3703277114547,39.9838648692167,40.5037528453945,39.7941080047175,39.5945401319154,39.9607124328613,0,0,0,0,0,0,0,0.1,0.9,0,0,0
"all_measured_520_analysis_set","within_cow_random5",2,"StrictHierarchicalEBResidualXGB",299,"C012","stable_hot","S01","measurement_group_1","measurement_status_1",37.4,36,19,39.5,39.8411628013362,-0.341162801336196,"tight_session+may_session+may_session_hour",0.366420402856156,39.7046161268052,39.5903205112376,39.5617466073457,39.232045473268,39.232045473268,39.644015157756,39.7307020956072,39.4550860361625,39.8840602196888,39.768340600895,39.6656777025022,39.7454986572266,0,0,0,0,0,0,0,0.1,0.9,0,0,0
"all_measured_520_analysis_set","within_cow_random5",2,"StrictHierarchicalEBResidualXGB",300,"C012","stable_hot","S01","measurement_group_1","measurement_status_1",37.7,36.2,19,39.5,39.4603068186407,0.0396931813592687,"tight_session+may_session+may_session_hour",0.366420402856156,39.7046161268052,39.5903205112376,39.5617466073457,39.232045473268,39.232045473268,39.232045473268,39.4563751557684,39.3769999120636,39.4695631415937,39.7763493703239,39.6718059317031,39.7711029052734,0,0,0,0,0,0,0,0.1,0.9,0,0,0
"all_measured_520_analysis_set","within_cow_random5",2,"StrictHierarchicalEBResidualXGB",304,"C012","stable_hot","S01","measurement_group_1","measurement_status_1",36.2,34.3,22,40.6,40.3175360866715,0.282463913328456,"tight_session+may_session+may_session_hour",0.366420402856156,39.7046161268052,39.6303205112376,39.6117466073457,39.232045473268,39.232045473268,38.866022736634,40.1896528940328,39.9655566092466,40.3566449174965,39.8870053550175,39.6692778053143,39.8147468566895,0,0,0,0,0,0,0,0.1,0.9,0,0,0
"all_measured_520_analysis_set","within_cow_random5",2,"StrictHierarchicalEBResidualXGB",306,"C006","stable_hot","S01","measurement_group_1","measurement_status_1",30.1,23.5,1,39.8,39.6274431881336,0.172556811866407,"tight_session+may_session+may_session_hour",0.366420402856156,39.0991623669347,39.1810503879114,39.2015223931556,39.232045473268,39.232045473268,39.232045473268,39.5430429940728,39.6983307313039,39.619566794448,39.2740464067711,39.2328387664183,39.2894859313965,0,0,0,0,0,0,0,0.1,0.9,0,0,0
"all_measured_520_analysis_set","within_cow_random5",2,"StrictHierarchicalEBResidualXGB",316,"C006","stable_hot","S01","measurement_group_1","measurement_status_1",34,29.9,22,39.4,39.6121361324305,-0.212136132430459,"tight_session+may_session+may_session_hour",0.366420402856156,39.2393089527211,39.2560726778877,39.2377400507493,39.232045473268,39.232045473268,38.816022736634,39.5430429940728,39.5452601742726,39.619566794448,39.221194904301,39.3106329294216,39.3576431274414,0,0,0,0,0,0,0,0.1,0.9,0,0,0
"all_measured_520_analysis_set","within_cow_random5",2,"StrictHierarchicalEBResidualXGB",318,"C006","stable_hot","S01","measurement_group_1","measurement_status_1",33.3,28,23,39.6,39.6123730527023,-0.012373052702344,"tight_session+may_session+may_session_hour",0.366420402856156,39.1693089527211,39.2538537104049,39.2637163413958,39.232045473268,39.232045473268,39.232045473268,39.5430429940728,39.5476293769915,39.619566794448,39.4528695463194,39.3213635255017,39.4102096557617,0,0,0,0,0,0,0,0.1,0.9,0,0,0
"all_measured_520_analysis_set","within_cow_random5",2,"StrictHierarchicalEBResidualXGB",320,"C015","stable_hot","S01","measurement_group_1","measurement_status_1",31.7,26.6,1,38.9,38.995344922688,-0.0953449226880139,"tight_session+may_session+may_session_hour",0.366420402856156,38.8267165465012,38.9630937315647,38.9971880278306,39.232045473268,39.232045473268,39.232045473268,39.044322877089,39.3741626552645,38.9532540635129,39.0196475040281,39.031530927879,38.998218536377,0,0,0,0,0,0,0,0.1,0.9,0,0,0
"all_measured_520_analysis_set","within_cow_random5",2,"StrictHierarchicalEBResidualXGB",323,"C015","stable_hot","S01","measurement_group_1","measurement_status_1",34.6,32.1,13,38.2,38.269113970634,-0.0691139706339499,"tight_session+may_session+may_session_hour",0.366420402856156,38.8267165465012,38.873455392449,38.8851401039359,39.232045473268,39.232045473268,39.232045473268,38.4267806683673,38.6819561924938,38.2232426126495,38.6820042765679,38.7839076689172,38.6808280944824,0,0,0,0,0,0,0,0.1,0.9,0,0,0
"all_measured_520_analysis_set","within_cow_random5",2,"StrictHierarchicalEBResidualXGB",324,"C015","stable_hot","S01","measurement_group_1","measurement_status_1",34.9,32.4,13,38.5,38.6737599314972,-0.173759931497237,"tight_session+may_session+may_session_hour",0.366420402856156,38.8267165465012,38.873455392449,38.8851401039359,39.232045473268,39.232045473268,39.232045473268,38.7301118365323,38.6789460229442,38.6731836991142,38.6780940010731,38.7947349196959,38.6258163452148,0,0,0,0,0,0,0,0.1,0.9,0,0,0
"all_measured_520_analysis_set","within_cow_random5",2,"StrictHierarchicalEBResidualXGB",334,"C015","stable_hot","S01","measurement_group_1","measurement_status_1",35.1,32.4,21,38.5,38.5195804457807,-0.0195804457806545,"tight_session+may_session+may_session_hour",0.366420402856156,39.0320411508635,39.0810575125254,39.0603130058112,39.232045473268,39.232045473268,39.3773484910893,38.6855890198928,38.9267366021446,38.4743408728513,38.9371263737319,39.1049933259822,38.9969787597656,0,0,0,0,0,0,0,0.1,0.9,0,0,0
"all_measured_520_analysis_set","within_cow_random5",2,"StrictHierarchicalEBResidualXGB",339,"C007","stable_hot","S01","measurement_group_1","measurement_status_1",36.5,32.1,12,38.4,39.1592689560719,-0.759268956071892,"tight_session+may_session+may_session_hour",0.366420402856156,39.6011508103581,39.4673073758432,39.4270675675676,39.232045473268,39.232045473268,39.232045473268,39.1766771560424,39.0318701483262,39.1734243791547,39.3913263875899,39.3807690684744,39.2862815856934,0,0,0,0,0,0,0,0.1,0.9,0,0,0
"all_measured_520_analysis_set","within_cow_random5",2,"StrictHierarchicalEBResidualXGB",346,"C007","stable_hot","S01","measurement_group_1","measurement_status_1",38.9,35.9,15,39.7,39.8422738796365,-0.142273879636519,"tight_session+may_session+may_session_hour",0.366420402856156,39.5836508103581,39.4711683973956,39.4390813445082,39.232045473268,39.232045473268,39.232045473268,39.7304888450203,39.4597762589293,39.8847736152707,39.2945477100367,39.4523313049513,39.4821472167969,0,0,0,0,0,0,0,0.1,0.9,0,0,0
"all_measured_520_analysis_set","within_cow_random5",2,"StrictHierarchicalEBResidualXGB",349,"C007","stable_hot","S01","measurement_group_1","measurement_status_1",36.9,33.8,20,39.6,39.5240246608176,0.075975339182385,"tight_session+may_session+may_session_hour",0.366420402856156,39.5589706792219,39.5116927231384,39.4998732341175,39.232045473268,39.232045473268,39.766022736634,39.4876162271153,39.4615914570903,39.530961683454,39.5041650736429,39.5522766056192,39.6309852600098,0,0,0,0,0,0,0,0.1,0.9,0,0,0
"all_measured_520_analysis_set","within_cow_random5",2,"StrictHierarchicalEBResidualXGB",354,"C007","stable_hot","S01","measurement_group_1","measurement_status_1",37.2,31.8,22,40.6,40.495365627309,0.104634372690974,"tight_session+may_session+may_session_hour",0.366420402856156,39.4864588890398,39.4568306037422,39.4610772129827,39.232045473268,39.232045473268,39.232045473268,39.9861178207271,39.6611494821632,40.588056310103,39.7257490796855,39.544477855527,39.7656784057617,0,0,0,0,0,0,0,0.1,0.9,0,0,0
"all_measured_520_analysis_set","within_cow_random5",2,"StrictHierarchicalEBResidualXGB",357,"C013","stable_hot","S01","measurement_group_1","measurement_status_1",29.3,20.6,1,39.3,39.1331016479796,0.166898352020354,"tight_session+may_session+may_session_hour",0.366420402856156,39.0119077934719,39.1112467291412,39.1360814630585,39.232045473268,39.232045473268,39.232045473268,39.1236806212649,39.4257451889788,39.1005856989797,39.0310911177753,39.131526579952,39.1011810302734,0,0,0,0,0,0,0,0.1,0.9,0,0,0
"all_measured_520_analysis_set","within_cow_random5",2,"StrictHierarchicalEBResidualXGB",363,"C013","stable_hot","S01","measurement_group_1","measurement_status_1",34.8,29.8,21,38.5,38.6870158283048,-0.187015828304794,"tight_session+may_session+may_session_hour",0.366420402856156,39.0505736112997,39.098264320682,39.1281976651897,39.232045473268,39.232045473268,39.2464090946536,38.9045060784589,39.0690326902126,38.644569510315,39.0157297960621,39.1274549187378,39.1706695556641,0,0,0,0,0,0,0,0.1,0.9,0,0,0
"all_measured_520_analysis_set","within_cow_random5",2,"StrictHierarchicalEBResidualXGB",374,"C024","stable_hot","S01","measurement_group_1","measurement_status_1",37.7,35.7,19,38.7,39.1814610974229,-0.481461097422866,"tight_session+may_session+may_session_hour",0.366420402856156,38.9025327934719,38.9486538445709,38.9601841073457,39.232045473268,39.232045473268,39.232045473268,39.1424737822246,39.1729640192601,39.1824052172187,38.9828784066774,39.0018343044577,39.0025825500488,0,0,0,0,0,0,0,0.1,0.9,0,0,0
"all_measured_520_analysis_set","within_cow_random5",2,"StrictHierarchicalEBResidualXGB",376,"C024","stable_hot","S01","measurement_group_1","measurement_status_1",37.9,35.1,20,38.9,39.187889582288,-0.287889582287995,"tight_session+may_session+may_session_hour",0.366420402856156,38.7795895546143,38.8899441554359,38.9372915404577,39.232045473268,39.232045473268,39.232045473268,39.1424737822246,39.2372488679113,39.1824052172187,38.9048578930161,38.9438159323446,39.0687675476074,0,0,0,0,0,0,0,0.1,0.9,0,0,0
"all_measured_520_analysis_set","within_cow_random5",2,"StrictHierarchicalEBResidualXGB",378,"C024","stable_hot","S01","measurement_group_1","measurement_status_1",36.5,33.6,21,38.4,38.4329558923797,-0.032955892379654,"tight_session+may_session+may_session_hour",0.366420402856156,39.1538236112997,39.177826820682,39.1434415987339,39.232045473268,39.0345599641037,39.0773484910893,38.6359104289405,38.8944455180256,38.3816792673079,39.0114481315075,39.1567705206529,39.0064926147461,0,0,0,0,0,0,0,0.1,0.9,0,0,0
"all_measured_520_analysis_set","within_cow_random5",2,"StrictHierarchicalEBResidualXGB",382,"C024","stable_hot","S01","measurement_group_1","measurement_status_1",35.2,30.6,23,40.5,40.4997336821102,0.000266317889796142,"tight_session+may_session+may_session_hour",0.366420402856156,38.9025327934719,39.0414348770882,39.0761603979922,39.232045473268,39.232045473268,39.232045473268,40.2102051703898,40.0408215128369,40.5507239231406,39.2068467177376,39.1535298754478,39.2573509216309,0,0,0,0,0,0,0,0.1,0.9,0,0,0
"all_measured_520_analysis_set","within_cow_random5",2,"StrictHierarchicalEBResidualXGB",385,"C001","stable_cool","S01","measurement_group_1","measurement_status_1",30.7,11.2,16,38.3,38.3637793205556,-0.0637793205555823,"may_session_hour+eb_exact+tight_session",0.270546556717223,38.3234874060706,38.4166693218414,38.4399648007841,38.6567906798567,38.6567906798567,38.6567906798567,38.3233953463906,38.3876923550128,38.3079822401554,38.2075305135289,38.4021367641528,38.2822113037109,0,0,0,0,0,0,0,0.7,0.3,0,0,0
"all_measured_520_analysis_set","within_cow_random5",2,"StrictHierarchicalEBResidualXGB",391,"C002","stable_cool","S01","measurement_group_1","measurement_status_1",34.8,8,13,39,38.9721367458114,0.0278632541885955,"may_session_hour+eb_exact+tight_session",0.270546556717223,39.002966080402,38.898342657508,38.8723721818096,38.6567906798567,38.6567906798567,38.6567906798567,39.0042426031465,38.9507277236806,39.0220911307834,38.9103549990984,38.8809909090862,38.9184799194336,0,0,0,0,0,0,0,0.7,0.3,0,0,0
"all_measured_520_analysis_set","within_cow_random5",2,"StrictHierarchicalEBResidualXGB",392,"C003","stable_cool","S01","measurement_group_1","measurement_status_1",32.8,6,15,38.5,38.5189752925436,-0.0189752925435869,"may_session_hour+eb_exact+tight_session",0.270546556717223,38.5352087496305,38.5534032515519,38.5426872724969,38.6567906798567,38.6567906798567,38.5783953399283,38.587229245503,38.491302934899,38.5835441270475,38.4188044135299,38.5385156187497,38.5118064880371,0,0,0,0,0,0,0,0.7,0.3,0,0,0
"all_measured_520_analysis_set","within_cow_random5",2,"StrictHierarchicalEBResidualXGB",395,"C003","stable_cool","S01","measurement_group_1","measurement_status_1",32,8,12,38.5,38.5189752925436,-0.0189752925435869,"may_session_hour+eb_exact+tight_session",0.270546556717223,38.607426692285,38.5818593972537,38.5723116652783,38.6567906798567,38.6567906798567,38.4283953399283,38.587229245503,38.491302934899,38.5835441270475,38.4316411397952,38.5581893143418,38.4702072143555,0,0,0,0,0,0,0,0.7,0.3,0,0,0
"all_measured_520_analysis_set","within_cow_random5",2,"StrictHierarchicalEBResidualXGB",399,"C004","stable_cool","S01","measurement_group_1","measurement_status_1",28.8,2.9,23,37.7,37.7156564635012,-0.0156564635011804,"may_session_hour+eb_exact+tight_session",0.270546556717223,37.639492383794,37.8304412191164,37.8795247592127,38.6567906798567,38.6567906798567,38.6567906798567,37.6463552792028,37.7673044196169,37.5951445658979,37.8689692629145,37.8270755497169,37.8507308959961,0,0,0,0,0,0,0,0.7,0.3,0,0,0
"all_measured_520_analysis_set","within_cow_random5",2,"StrictHierarchicalEBResidualXGB",401,"C004","stable_cool","S01","measurement_group_1","measurement_status_1",32.1,7.6,8,37.6,37.6851622992578,-0.0851622992577958,"may_session_hour+eb_exact+tight_session",0.270546556717223,37.6478695561139,37.8865792853155,37.9462567176159,38.6567906798567,38.6567906798567,38.6567906798567,37.6463552792028,37.7237413278406,37.5951445658979,37.8006785320774,37.8770646834143,37.8091812133789,0,0,0,0,0,0,0,0.7,0.3,0,0,0
"all_measured_520_analysis_set","within_cow_random5",2,"StrictHierarchicalEBResidualXGB",403,"C005","stable_hot","S01","measurement_group_1","measurement_status_1",35.8,28.9,15,37.7,37.8068517623034,-0.106851762303428,"tight_session+may_session+may_session_hour",0.366420402856156,37.9334033799657,38.1517272790502,38.2108560963202,39.232045473268,39.232045473268,39.232045473268,37.9822170996902,38.0220844448581,37.7829370197974,37.9598956034555,38.1282005862872,37.9380493164062,0,0,0,0,0,0,0,0.1,0.9,0,0,0
"all_measured_520_analysis_set","within_cow_random5",2,"StrictHierarchicalEBResidualXGB",407,"C006","stable_hot","S01","measurement_group_1","measurement_status_1",29.3,25.1,4,39.6,39.6120490236806,-0.012049023680575,"tight_session+may_session+may_session_hour",0.366420402856156,39.0991623669347,39.1250558204797,39.1315291838659,39.232045473268,39.232045473268,39.232045473268,39.5430429940728,39.5443890867738,39.619566794448,39.3286107977808,39.1704626090673,39.2654151916504,0,0,0,0,0,0,0,0.1,0.9,0,0,0
"all_measured_520_analysis_set","within_cow_random5",2,"StrictHierarchicalEBResidualXGB",411,"C008","stable_cool","S01","measurement_group_1","measurement_status_1",33.9,7.9,1,38.2,38.221336809304,-0.0213368093040245,"may_session_hour+eb_exact+tight_session",0.270546556717223,38.195664258794,38.2726684310031,38.2589960701617,38.6567906798567,38.6567906798567,38.4283953399283,38.1938904904705,38.2431127653112,38.1705262452872,38.3025283162145,38.2876866696891,38.2495422363281,0,0,0,0,0,0,0,0.7,0.3,0,0,0
"all_measured_520_analysis_set","within_cow_random5",2,"StrictHierarchicalEBResidualXGB",422,"C009","stable_hot","S01","measurement_group_1","measurement_status_1",36.9,32,18,39.7,39.6476210504819,0.0523789495181077,"tight_session+may_session+may_session_hour",0.366420402856156,39.783743653419,39.6583383550017,39.6384710087361,39.232045473268,39.232045473268,39.232045473268,39.5153426495387,39.4304914182717,39.6717465651719,39.8020985035054,39.6177319233387,39.7113494873047,0,0,0,0,0,0,0,0.1,0.9,0,0,0
"all_measured_520_analysis_set","within_cow_random5",2,"StrictHierarchicalEBResidualXGB",431,"C011","stable_cool","S01","measurement_group_1","measurement_status_1",29.1,16.8,11,38.2,38.2564007887375,-0.0564007887375269,"may_session_hour+eb_exact+tight_session",0.270546556717223,38.250351758794,38.3219710457047,38.3450014955731,38.6567906798567,38.6567906798567,38.6567906798567,38.2814961242733,38.2537494207724,38.2625873139895,38.1877537819243,38.3252497326026,38.2698554992676,0,0,0,0,0,0,0,0.7,0.3,0,0,0
"all_measured_520_analysis_set","within_cow_random5",2,"StrictHierarchicalEBResidualXGB",432,"C011","stable_cool","S01","measurement_group_1","measurement_status_1",30,19.1,10,38.2,38.2564007887375,-0.0564007887375269,"may_session_hour+eb_exact+tight_session",0.270546556717223,38.2822445561139,38.4021596873255,38.4321384701284,38.6567906798567,38.6567906798567,38.6567906798567,38.2814961242733,38.2537494207724,38.2625873139895,38.233244007802,38.4132809165941,38.2563819885254,0,0,0,0,0,0,0,0.7,0.3,0,0,0
"all_measured_520_analysis_set","within_cow_random5",2,"StrictHierarchicalEBResidualXGB",436,"C012","stable_hot","S01","measurement_group_1","measurement_status_1",35.7,31.9,19,40.2,40.3169019399008,-0.116901939900778,"tight_session+may_session+may_session_hour",0.366420402856156,39.7046161268052,39.5903205112376,39.5617466073457,39.232045473268,39.2823821597361,39.058011368317,40.1896528940328,39.959215141539,40.3566449174965,39.7967147861439,39.7187510714688,39.9260787963867,0,0,0,0,0,0,0,0.1,0.9,0,0,0
"all_measured_520_analysis_set","within_cow_random5",2,"StrictHierarchicalEBResidualXGB",441,"C013","stable_hot","S01","measurement_group_1","measurement_status_1",35.3,31.4,22,38.7,38.6759227442524,0.024077255747585,"tight_session+may_session+may_session_hour",0.366420402856156,39.0427400657567,39.1003792013662,39.1098337986513,39.232045473268,39.232045473268,39.232045473268,38.9045060784589,38.9581018496888,38.644569510315,39.0503815902188,39.1247629064755,39.1743621826172,0,0,0,0,0,0,0,0.1,0.9,0,0,0
"all_measured_520_analysis_set","within_cow_random5",2,"StrictHierarchicalEBResidualXGB",445,"C013","stable_hot","S01","measurement_group_1","measurement_status_1",28.5,18.2,4,39.1,39.1177074835266,-0.0177074835266282,"tight_session+may_session+may_session_hour",0.366420402856156,39.0119077934719,39.0552521617094,39.0660882537688,39.232045473268,39.232045473268,39.232045473268,39.1236806212649,39.2718035444487,39.1005856989797,38.9794274333713,39.0771613669524,39.1256790161133,0,0,0,0,0,0,0,0.1,0.9,0,0,0
"all_measured_520_analysis_set","within_cow_random5",2,"StrictHierarchicalEBResidualXGB",447,"C014","stable_cool","S01","measurement_group_1","measurement_status_1",30.5,7.7,9,38.3,38.3801338696651,-0.0801338696650973,"may_session_hour+eb_exact+tight_session",0.270546556717223,38.3624528894472,38.4171218592965,38.4307891017588,38.6567906798567,38.6567906798567,38.6567906798567,38.3618012885925,38.3943441165359,38.3469766269666,38.4218932150849,38.4011082724028,38.3583679199219,0,0,0,0,0,0,0,0.7,0.3,0,0,0
"all_measured_520_analysis_set","within_cow_random5",2,"StrictHierarchicalEBResidualXGB",453,"C016","stable_cool","S01","measurement_group_1","measurement_status_1",31,2.3,20,38.8,38.8584030544185,-0.058403054418477,"may_session_hour+eb_exact+tight_session",0.270546556717223,38.6912892636557,38.7034452985445,38.7064843072667,38.6567906798567,38.6567906798567,38.6567906798567,38.690999224507,38.9293915564368,38.6927632163757,38.6978727112116,38.7185918623054,38.7591743469238,0,0,0,0,0,0,0,0.7,0.3,0,0,0
"all_measured_520_analysis_set","within_cow_random5",2,"StrictHierarchicalEBResidualXGB",459,"C017","stable_hot","S01","measurement_group_1","measurement_status_1",39.3,40.9,16,39.4,39.3831680367174,0.0168319632826126,"tight_session+may_session+may_session_hour",0.366420402856156,39.4056639149223,39.3849182929682,39.3797318874797,39.232045473268,39.232045473268,39.232045473268,39.3126099841078,39.296708646336,39.3927746356486,39.1525904695018,39.395745876229,39.407657623291,0,0,0,0,0,0,0,0.1,0.9,0,0,0
"all_measured_520_analysis_set","within_cow_random5",2,"StrictHierarchicalEBResidualXGB",460,"C018","stable_cool","S01","measurement_group_1","measurement_status_1",30.7,2.9,3,38.8,38.7910423889405,0.00895761105952175,"may_session_hour+eb_exact+tight_session",0.270546556717223,38.7926612227806,38.7668570630932,38.7604060231714,38.6567906798567,38.6567906798567,38.6567906798567,38.792528988123,38.7873704635923,38.7996102147528,38.9789783677918,38.7807694726372,38.8352279663086,0,0,0,0,0,0,0,0.7,0.3,0,0,0
"all_measured_520_analysis_set","within_cow_random5",2,"StrictHierarchicalEBResidualXGB",464,"C018","stable_cool","S01","measurement_group_1","measurement_status_1",33,8.8,15,38.8,38.7844670175847,0.0155329824152588,"may_session_hour+eb_exact+tight_session",0.270546556717223,38.794716080402,38.7823238228178,38.7686777413855,38.6567906798567,38.7628716577406,38.5522635599522,38.792528988123,38.7779770759413,38.7996102147528,38.6615642439768,38.7587713156557,38.7082824707031,0,0,0,0,0,0,0,0.7,0.3,0,0,0
"all_measured_520_analysis_set","within_cow_random5",2,"StrictHierarchicalEBResidualXGB",466,"C019","stable_hot","S01","measurement_group_1","measurement_status_1",35.4,30.8,22,39.5,39.5008929732292,-0.000892973229156269,"tight_session+may_session+may_session_hour",0.366420402856156,39.4712827934719,39.4436538445709,39.4367466073457,39.232045473268,39.232045473268,39.5106818244227,39.4956752382829,39.5144711330092,39.4993842888091,39.6396188480339,39.4777680489181,39.5373687744141,0,0,0,0,0,0,0,0.1,0.9,0,0,0
"all_measured_520_analysis_set","within_cow_random5",2,"StrictHierarchicalEBResidualXGB",467,"C019","stable_hot","S01","measurement_group_1","measurement_status_1",37.4,32.5,23,39.5,39.5610357187078,-0.0610357187077923,"tight_session+may_session+may_session_hour",0.366420402856156,39.4793236112997,39.5027526625243,39.5073176510367,39.232045473268,39.232045473268,39.232045473268,39.4542919640428,39.3768920502912,39.5814961263096,39.70317129282,39.5762935139981,39.6323471069336,0,0,0,0,0,0,0,0.1,0.9,0,0,0
"all_measured_520_analysis_set","within_cow_random5",2,"StrictHierarchicalEBResidualXGB",475,"C021","stable_cool","S01","measurement_group_1","measurement_status_1",31.6,12.8,13,38.2,38.2383252255763,-0.0383252255763082,"may_session_hour+eb_exact+tight_session",0.270546556717223,38.249804883794,38.2959481458874,38.3091818551764,38.6567906798567,38.6567906798567,38.6567906798567,38.2595947158226,38.2377908736173,38.2395720468139,38.1689790645539,38.2802776507796,38.1434631347656,0,0,0,0,0,0,0,0.7,0.3,0,0,0
"all_measured_520_analysis_set","within_cow_random5",2,"StrictHierarchicalEBResidualXGB",476,"C021","stable_cool","S01","measurement_group_1","measurement_status_1",32.9,15.1,11,38.3,38.3228450348759,-0.0228450348759424,"may_session_hour+eb_exact+tight_session",0.270546556717223,38.267304883794,38.3349788582047,38.3507827455731,38.6567906798567,38.6567906798567,38.6567906798567,38.2595947158226,38.3585334583311,38.2395720468139,38.1835688735823,38.3313406731097,38.2539558410645,0,0,0,0,0,0,0,0.7,0.3,0,0,0
"all_measured_520_analysis_set","within_cow_random5",2,"StrictHierarchicalEBResidualXGB",480,"C022","stable_cool","S01","measurement_group_1","measurement_status_1",30.7,2.3,21,38.4,38.3671944658874,0.0328055341126188,"may_session_hour+eb_exact+tight_session",0.270546556717223,38.3773263966893,38.4597735070526,38.4852181844365,38.6567906798567,38.6567906798567,38.6567906798567,38.4062221153782,38.3563716477042,38.3924477083148,38.4801514620061,38.4890693911254,38.4971504211426,0,0,0,0,0,0,0,0.7,0.3,0,0,0
"all_measured_520_analysis_set","within_cow_random5",2,"StrictHierarchicalEBResidualXGB",481,"C022","stable_cool","S01","measurement_group_1","measurement_status_1",25.5,4.6,22,38.4,38.3418426997639,0.0581573002360543,"may_session_hour+eb_exact+tight_session",0.270546556717223,38.3711031628732,38.4351286629225,38.4569681003055,38.6567906798567,38.6567906798567,38.6567906798567,38.4062221153782,38.3201548389565,38.3924477083148,38.5371083012685,38.4592405335987,38.478157043457,0,0,0,0,0,0,0,0.7,0.3,0,0,0
"all_measured_520_analysis_set","within_cow_random5",2,"StrictHierarchicalEBResidualXGB",485,"C024","stable_hot","S01","measurement_group_1","measurement_status_1",38.4,35.9,21,39,39.1845186519084,-0.184518651908419,"tight_session+may_session+may_session_hour",0.366420402856156,39.1538236112997,39.177826820682,39.1636410277575,39.232045473268,39.232045473268,39.2773484910893,39.1424737822246,39.2035395641156,39.1824052172187,38.9896320170378,39.2521195176945,39.1821670532227,0,0,0,0,0,0,0,0.1,0.9,0,0,0
"all_measured_520_analysis_set","within_cow_random5",2,"StrictHierarchicalEBResidualXGB",486,"C025","stable_cool","S01","measurement_group_1","measurement_status_1",27.5,12.6,10,39.4,39.3870527716084,0.0129472283915604,"may_session_hour+eb_exact+tight_session",0.270546556717223,39.409726758794,39.3038718941932,39.2743306811837,38.6567906798567,38.6567906798567,38.6567906798567,39.3911674857756,39.3692064519184,39.4286941842185,39.4122081377317,39.3135097547745,39.4572448730469,0,0,0,0,0,0,0,0.7,0.3,0,0,0
"all_measured_520_analysis_set","within_cow_random5",2,"StrictHierarchicalEBResidualXGB",488,"C025","stable_cool","S01","measurement_group_1","measurement_status_1",31.5,15.8,12,39.4,39.3902157440844,0.00978425591560494,"may_session_hour+eb_exact+tight_session",0.270546556717223,39.3905778894472,39.2086608801584,39.1631816278362,38.6567906798567,38.6567906798567,38.6567906798567,39.3911674857756,39.3737249840269,39.4286941842185,39.2082998595837,39.1837212052743,39.3288154602051,0,0,0,0,0,0,0,0.7,0.3,0,0,0
"all_measured_520_analysis_set","within_cow_random5",2,"StrictHierarchicalEBResidualXGB",493,"C025","stable_cool","S01","measurement_group_1","measurement_status_1",31.4,11.4,1,39.4,39.3632248365439,0.0367751634560491,"may_session_hour+eb_exact+tight_session",0.270546556717223,39.409726758794,39.2436580143364,39.3065407130189,38.6567906798567,38.6567906798567,39.0783953399283,39.3911674857756,39.3351665446834,39.4286941842185,39.5169807153718,39.2849433168264,39.5569839477539,0,0,0,0,0,0,0,0.7,0.3,0,0,0
"all_measured_520_analysis_set","within_cow_random5",2,"StrictHierarchicalEBResidualXGB",496,"C026","stable_cool","S01","measurement_group_1","measurement_status_1",35,10.4,10,38.7,38.7174274741381,-0.0174274741381311,"may_session_hour+eb_exact+tight_session",0.270546556717223,38.7054369888659,38.7407136335271,38.7495327946924,38.6567906798567,38.6567906798567,38.6567906798567,38.7052773738452,38.7213940089597,38.7081722262211,38.7490607233155,38.7264470531839,38.6720733642578,0,0,0,0,0,0,0,0.7,0.3,0,0,0
"all_measured_520_analysis_set","within_cow_random5",2,"StrictHierarchicalEBResidualXGB",497,"C026","stable_cool","S01","measurement_group_1","measurement_status_1",32.5,14.4,16,38.7,38.7166169041494,-0.0166169041494371,"may_session_hour+eb_exact+tight_session",0.270546556717223,38.7054369888659,38.7222289880776,38.7264269878806,38.6567906798567,38.6567906798567,38.6567906798567,38.7052773738452,38.720236051833,38.7081722262211,38.5564386359492,38.7060507247263,38.7064743041992,0,0,0,0,0,0,0,0.7,0.3,0,0,0
"all_measured_520_analysis_set","within_cow_random5",2,"StrictHierarchicalEBResidualXGB",503,"C026","stable_cool","S01","measurement_group_1","measurement_status_1",34.4,9.6,14,38.6,38.6595259608747,-0.0595259608746659,"may_session_hour+eb_exact+tight_session",0.270546556717223,38.7054369888659,38.6962866677805,38.6939990875092,38.6567906798567,38.6567906798567,38.6567906798567,38.7052773738452,38.6386775614405,38.7081722262211,38.5723166272593,38.6626692085429,38.6181602478027,0,0,0,0,0,0,0,0.7,0.3,0,0,0
"all_measured_520_analysis_set","within_cow_random5",2,"StrictHierarchicalEBResidualXGB",504,"C027","stable_cool","S01","measurement_group_1","measurement_status_1",31.6,8.7,2,39,38.8803612306219,0.119638769378078,"may_session_hour+eb_exact+tight_session",0.270546556717223,38.8309271849443,38.7901970243374,38.7800144841856,38.6567906798567,38.6567906798567,38.6567906798567,38.8311953774103,38.8971836728858,38.8411088653396,39.0001675382266,38.816862693272,38.9247817993164,0,0,0,0,0,0,0,0.7,0.3,0,0,0
"all_measured_520_analysis_set","within_cow_random5",2,"StrictHierarchicalEBResidualXGB",506,"C027","stable_cool","S01","measurement_group_1","measurement_status_1",30.1,7.7,12,38.6,38.6719640695584,-0.0719640695583834,"may_session_hour+eb_exact+tight_session",0.270546556717223,38.7730149275791,38.7154378286262,38.7103508809645,38.6567906798567,38.6567906798567,38.6567906798567,38.8311953774103,38.599473442795,38.8411088653396,38.7303319798186,38.677569619443,38.6957054138184,0,0,0,0,0,0,0,0.7,0.3,0,0,0
"all_measured_520_analysis_set","within_cow_random5",2,"StrictHierarchicalEBResidualXGB",513,"C029","stable_cool","S01","measurement_group_1","measurement_status_1",34.2,5.2,14,38.3,38.3704995066598,-0.0704995066598286,"may_session_hour+eb_exact+tight_session",0.270546556717223,38.4053263966893,38.456227785132,38.4692860320357,38.6567906798567,38.6567906798567,38.6567906798567,38.4062221153782,38.361093134522,38.3924477083148,38.3079257147512,38.439498333416,38.3559646606445,0,0,0,0,0,0,0,0.7,0.3,0,0,0
"all_measured_520_analysis_set","within_cow_random5",2,"StrictHierarchicalEBResidualXGB",514,"C029","stable_cool","S01","measurement_group_1","measurement_status_1",34.6,10.9,16,38.4,38.5035359515289,-0.103535951528912,"may_session_hour+eb_exact+tight_session",0.270546556717223,38.4073977731796,38.4837976155286,38.5028975761159,38.6567906798567,38.6567906798567,38.6283953399283,38.4062221153782,38.5511451986207,38.3924477083148,38.3666396530391,38.4794598157933,38.4124221801758,0,0,0,0,0,0,0,0.7,0.3,0,0,0
"all_measured_520_analysis_set","within_cow_random5",2,"StrictHierarchicalEBResidualXGB",518,"C030","stable_cool","S01","measurement_group_1","measurement_status_1",30,6.5,9,40.3,40.2005308920985,0.09946910790147,"may_session_hour+eb_exact+tight_session",0.270546556717223,40.1416195561139,39.8404551926298,39.7651641017588,38.6567906798567,38.6567906798567,38.6567906798567,40.1431158425831,40.1926648356066,40.2188850239131,40.2199833723552,39.9268970671339,40.2291526794434,0,0,0,0,0,0,0,0.7,0.3,0,0,0
"all_measured_520_analysis_set","within_cow_random5",2,"StrictHierarchicalEBResidualXGB",519,"C030","stable_cool","S01","measurement_group_1","measurement_status_1",30.6,5.6,13,40.2,40.1133056748127,0.0866943251873096,"may_session_hour+eb_exact+tight_session",0.270546556717223,40.151836133794,39.8172762708874,39.7319943551764,38.6567906798567,38.7628716577406,38.7283953399283,40.1431158425831,40.0680573823411,40.2188850239131,39.9736539478138,39.8834677579017,40.1167602539062,0,0,0,0,0,0,0,0.7,0.3,0,0,0
"all_measured_520_analysis_set","within_cow_random5",3,"StrictHierarchicalEBResidualXGB",7,"C021","stable_cool","S01","measurement_group_1","measurement_status_1",29.3,11.8,22,38.3,38.2638046553777,0.0361953446223282,"may_session_hour+direct_xgb+tight_session",0.283336966347415,38.2666520426404,38.3282453577919,38.3436436865798,38.6375798605006,38.6375798605006,38.6375798605006,38.2659293016892,38.2727493931127,38.247192999584,38.6272069234605,38.3570320226206,38.3624267578125,0,0,0,0,0,0,0,0.65,0.35,0,0,0
"all_measured_520_analysis_set","within_cow_random5",3,"StrictHierarchicalEBResidualXGB",9,"C021","stable_cool","S01","measurement_group_1","measurement_status_1",28.6,10.9,24,38,38.2638046553777,-0.263804655377669,"may_session_hour+direct_xgb+tight_session",0.283336966347415,38.2666520426404,38.3412654778514,38.3599188366542,38.6375798605006,38.6375798605006,38.6375798605006,38.2659293016892,38.2727493931127,38.247192999584,38.7357542464018,38.3717718503032,38.4814834594727,0,0,0,0,0,0,0,0.65,0.35,0,0,0
"all_measured_520_analysis_set","within_cow_random5",3,"StrictHierarchicalEBResidualXGB",10,"C003","stable_cool","S01","measurement_group_1","measurement_status_1",31.4,5.4,0,39,38.5502196207853,0.449780379214687,"may_session_hour+direct_xgb+tight_session",0.283336966347415,38.524988300779,38.5412301537765,38.5452906170259,38.6375798605006,38.6375798605006,38.6375798605006,38.5249736905274,38.5663550645968,38.520253796564,38.5122244388201,38.5227323589099,38.4701614379883,0,0,0,0,0,0,0,0.65,0.35,0,0,0
"all_measured_520_analysis_set","within_cow_random5",3,"StrictHierarchicalEBResidualXGB",20,"C003","stable_cool","S01","measurement_group_1","measurement_status_1",32,6,21,38.6,38.7269851941434,-0.126985194143415,"may_session_hour+direct_xgb+tight_session",0.283336966347415,38.524988300779,38.5576385885362,38.5658011604755,38.6375798605006,38.6375798605006,38.6375798605006,38.5249736905274,38.8383021005323,38.520253796564,38.6104423231166,38.5701239185293,38.6198959350586,0,0,0,0,0,0,0,0.65,0.35,0,0,0
"all_measured_520_analysis_set","within_cow_random5",3,"StrictHierarchicalEBResidualXGB",24,"C002","stable_cool","S01","measurement_group_1","measurement_status_1",33.1,5,11,39.1,39.2217427439471,-0.121742743947117,"may_session_hour+direct_xgb+tight_session",0.283336966347415,39.1748421836884,39.066099734748,39.0278291969568,38.6375798605006,38.6375798605006,38.6375798605006,39.1053653137857,39.2725549543713,39.1273772103023,39.0005113532895,39.0627275828777,39.1273918151855,0,0,0,0,0,0,0,0.65,0.35,0,0,0
"all_measured_520_analysis_set","within_cow_random5",3,"StrictHierarchicalEBResidualXGB",25,"C002","stable_cool","S01","measurement_group_1","measurement_status_1",34.2,6.9,12,38.5,39.0525721586626,-0.552572158662564,"may_session_hour+direct_xgb+tight_session",0.283336966347415,39.1038150538151,38.9854022437841,38.9561291901642,38.6375798605006,38.6375798605006,38.6375798605006,39.1053653137857,39.0122925154719,39.1273772103023,39.0466503389929,38.9632008863748,38.9728698730469,0,0,0,0,0,0,0,0.65,0.35,0,0,0
"all_measured_520_analysis_set","within_cow_random5",3,"StrictHierarchicalEBResidualXGB",33,"C002","stable_cool","S01","measurement_group_1","measurement_status_1",33.2,5.4,22,39.6,39.0906076691783,0.509392330821711,"may_session_hour+direct_xgb+tight_session",0.283336966347415,39.1058693135617,38.999619174529,38.9730566397708,38.6375798605006,38.6375798605006,38.6375798605006,39.1053653137857,39.0708086854961,39.1273772103023,39.2801032873554,39.0066464336255,39.1683578491211,0,0,0,0,0,0,0,0.65,0.35,0,0,0
"all_measured_520_analysis_set","within_cow_random5",3,"StrictHierarchicalEBResidualXGB",41,"C029","stable_cool","S01","measurement_group_1","measurement_status_1",33.6,8.8,14,38.5,38.2866480846066,0.213351915393403,"may_session_hour+direct_xgb+tight_session",0.283336966347415,38.3064550079316,38.3575281609749,38.3706998872315,38.6375798605006,38.6375798605006,38.6375798605006,38.3088902445336,38.2828589250787,38.2936850951584,38.2449762007546,38.3570173364217,38.2639427185059,0,0,0,0,0,0,0,0.65,0.35,0,0,0
"all_measured_520_analysis_set","within_cow_random5",3,"StrictHierarchicalEBResidualXGB",46,"C029","stable_cool","S01","measurement_group_1","measurement_status_1",32.2,5.5,23,38.9,38.3603662214295,0.539633778570526,"may_session_hour+direct_xgb+tight_session",0.283336966347415,38.3089652887939,38.3629787853792,38.3764821595255,38.6375798605006,38.5356688527224,38.5687899302503,38.3088902445336,38.3962714432678,38.2936850951584,38.5468597722367,38.3712521922647,38.3539428710938,0,0,0,0,0,0,0,0.65,0.35,0,0,0
"all_measured_520_analysis_set","within_cow_random5",3,"StrictHierarchicalEBResidualXGB",49,"C001","stable_cool","S01","measurement_group_1","measurement_status_1",33.1,6.1,11,39.2,38.5297733215851,0.670226678414856,"may_session_hour+direct_xgb+tight_session",0.283336966347415,38.361823607837,38.4150393632309,38.4099963796193,38.6375798605006,38.7578910749446,38.7187899302503,38.2476229315142,38.6914293772706,38.229554932455,38.1676946662487,38.4137853165459,38.2845077514648,0,0,0,0,0,0,0,0.65,0.35,0,0,0
"all_measured_520_analysis_set","within_cow_random5",3,"StrictHierarchicalEBResidualXGB",56,"C001","stable_cool","S01","measurement_group_1","measurement_status_1",33.9,11.2,15,38.1,38.1948809440962,-0.0948809440962393,"may_session_hour+direct_xgb+tight_session",0.283336966347415,38.274323607837,38.3458630737147,38.359463517724,38.4572146100192,38.477937426032,38.3843949651251,38.2476229315142,38.17621033498,38.229554932455,38.214592038255,38.321963904076,38.1871337890625,0,0,0,0,0,0,0,0.65,0.35,0,0,0
"all_measured_520_analysis_set","within_cow_random5",3,"StrictHierarchicalEBResidualXGB",60,"C001","stable_cool","S01","measurement_group_1","measurement_status_1",30.5,5.5,23,38.1,38.2180826912608,-0.11808269126076,"may_session_hour+direct_xgb+tight_session",0.283336966347415,38.2476649791964,38.3139385377011,38.3305069273273,38.6375798605006,38.6097429267964,38.6187899302503,38.2476229315142,38.2119053306177,38.229554932455,38.5249950267533,38.317153656711,38.2932624816895,0,0,0,0,0,0,0,0.65,0.35,0,0,0
"all_measured_520_analysis_set","within_cow_random5",3,"StrictHierarchicalEBResidualXGB",67,"C027","stable_cool","S01","measurement_group_1","measurement_status_1",33.8,8.8,14,38.6,38.7169987051029,-0.116998705102894,"may_session_hour+direct_xgb+tight_session",0.283336966347415,38.9338771896679,38.8594300452088,38.840818259094,38.6375798605006,38.6375798605006,38.6375798605006,38.9330724559595,38.5937018417379,38.9459785942093,38.8709887775561,38.8336846775775,38.8186874389648,0,0,0,0,0,0,0,0.65,0.35,0,0,0
"all_measured_520_analysis_set","within_cow_random5",3,"StrictHierarchicalEBResidualXGB",70,"C027","stable_cool","S01","measurement_group_1","measurement_status_1",32.3,9,19,39.1,38.9887318637171,0.111268136282924,"may_session_hour+direct_xgb+tight_session",0.283336966347415,38.9338771896679,38.9206323489517,38.9173211387726,38.6375798605006,38.6375798605006,39.0458599535002,38.9330724559595,39.0117528549905,38.9459785942093,39.1317054874395,38.9418477542668,39.0878143310547,0,0,0,0,0,0,0,0.65,0.35,0,0,0
"all_measured_520_analysis_set","within_cow_random5",3,"StrictHierarchicalEBResidualXGB",78,"C026","stable_cool","S01","measurement_group_1","measurement_status_1",30.6,5.4,22,38.9,38.6635962471283,0.236403752871716,"may_session_hour+direct_xgb+tight_session",0.283336966347415,38.6797915765609,38.6586447159092,38.6520949742813,38.1398207304074,38.2393725564261,38.3687899302503,38.6716341843546,38.6583988017339,38.6732486457178,38.7898626130653,38.6548401081267,38.6695594787598,0,0,0,0,0,0,0,0.65,0.35,0,0,0
"all_measured_520_analysis_set","within_cow_random5",3,"StrictHierarchicalEBResidualXGB",81,"C016","stable_cool","S01","measurement_group_1","measurement_status_1",31.8,6.1,11,39.2,38.714184046369,0.48581595363104,"may_session_hour+direct_xgb+tight_session",0.283336966347415,38.6458187093071,38.643866281959,38.6433781751219,38.6375798605006,38.6375798605006,38.6375798605006,38.6455537148347,38.7508316035632,38.646124297294,38.5712595319611,38.639764944094,38.6555671691895,0,0,0,0,0,0,0,0.65,0.35,0,0,0
"all_measured_520_analysis_set","within_cow_random5",3,"StrictHierarchicalEBResidualXGB",85,"C016","stable_cool","S01","measurement_group_1","measurement_status_1",33.2,9.1,15,38.7,38.4267449630343,0.273255036965679,"may_session_hour+direct_xgb+tight_session",0.283336966347415,38.6458187093071,38.6434399924427,38.6428453132267,38.6375798605006,38.6375798605006,38.6375798605006,38.6455537148347,38.3086176292022,38.646124297294,38.5480430588974,38.6160633332282,38.5445518493652,0,0,0,0,0,0,0,0.65,0.35,0,0,0
"all_measured_520_analysis_set","within_cow_random5",3,"StrictHierarchicalEBResidualXGB",91,"C022","stable_cool","S01","measurement_group_1","measurement_status_1",32.2,6.1,11,38.1,38.3998682690533,-0.299868269053334,"may_session_hour+direct_xgb+tight_session",0.283336966347415,38.3860650939051,38.4363241929523,38.4518230050063,38.6375798605006,38.6375798605006,38.5458599535002,38.4041949536749,38.4033279614504,38.3934431260303,38.224111003597,38.4364895582248,38.4449844360352,0,0,0,0,0,0,0,0.65,0.35,0,0,0
"all_measured_520_analysis_set","within_cow_random5",3,"StrictHierarchicalEBResidualXGB",97,"C022","stable_cool","S01","measurement_group_1","measurement_status_1",32.3,9.1,15,39.5,38.4801719461518,1.01982805384822,"may_session_hour+direct_xgb+tight_session",0.283336966347415,38.4043213259456,38.4502420857536,38.4617222757056,38.6375798605006,38.6375798605006,38.6375798605006,38.4041949536749,38.5268720800634,38.3934431260303,38.2647054893214,38.4275319710361,38.3261985778809,0,0,0,0,0,0,0,0.65,0.35,0,0,0
"all_measured_520_analysis_set","within_cow_random5",3,"StrictHierarchicalEBResidualXGB",98,"C022","stable_cool","S01","measurement_group_1","measurement_status_1",33.3,11.2,15,38,38.4801719461518,-0.480171946151785,"may_session_hour+direct_xgb+tight_session",0.283336966347415,38.4043213259456,38.4502420857536,38.4617222757056,38.6375798605006,38.6375798605006,38.3843949651251,38.4041949536749,38.5268720800634,38.3934431260303,38.3035461017241,38.426417373492,38.3292198181152,0,0,0,0,0,0,0,0.65,0.35,0,0,0
"all_measured_520_analysis_set","within_cow_random5",3,"StrictHierarchicalEBResidualXGB",103,"C014","stable_cool","S01","measurement_group_1","measurement_status_1",28.2,5.4,0,38.5,38.2937035474554,0.206296452544599,"may_session_hour+direct_xgb+tight_session",0.283336966347415,38.1999869606205,38.2812290816497,38.301539611907,38.6375798605006,38.6375798605006,38.6375798605006,38.1999705769436,38.3551030407673,38.179675917019,38.1437741296583,38.2620715564978,38.1435203552246,0,0,0,0,0,0,0,0.65,0.35,0,0,0
"all_measured_520_analysis_set","within_cow_random5",3,"StrictHierarchicalEBResidualXGB",112,"C014","stable_cool","S01","measurement_group_1","measurement_status_1",32.1,9,19,39,38.339089577496,0.660910422503981,"may_session_hour+direct_xgb+tight_session",0.283336966347415,38.1999869606205,38.3335201657138,38.3669034669871,39.22644537925,39.1113889406493,39.0458599535002,38.1999705769436,38.4249277023683,38.179675917019,38.3594121170514,38.3812121740303,38.3126792907715,0,0,0,0,0,0,0,0.65,0.35,0,0,0
"all_measured_520_analysis_set","within_cow_random5",3,"StrictHierarchicalEBResidualXGB",113,"C014","stable_cool","S01","measurement_group_1","measurement_status_1",31.2,6,21,39.2,38.339089577496,0.860910422503984,"may_session_hour+direct_xgb+tight_session",0.283336966347415,38.1999869606205,38.2976375164095,38.3220501553567,38.6375798605006,38.5204906175214,38.4593949651251,38.1999705769436,38.4249277023683,38.179675917019,38.296355809972,38.3403553792837,38.3192443847656,0,0,0,0,0,0,0,0.65,0.35,0,0,0
"all_measured_520_analysis_set","within_cow_random5",3,"StrictHierarchicalEBResidualXGB",119,"C023","stable_cool","S01","measurement_group_1","measurement_status_1",31.7,6.9,12,39.2,38.9431596823347,0.256840317665258,"may_session_hour+direct_xgb+tight_session",0.283336966347415,38.9581006976203,38.8686744446775,38.8448894961334,38.6375798605006,38.3731386094656,38.3562633100834,38.948793291625,38.932213117662,38.963489016727,38.8562898498427,38.8594985573461,38.9277229309082,0,0,0,0,0,0,0,0.65,0.35,0,0,0
"all_measured_520_analysis_set","within_cow_random5",3,"StrictHierarchicalEBResidualXGB",123,"C023","stable_cool","S01","measurement_group_1","measurement_status_1",33.7,8.8,14,38.6,38.9431596823347,-0.343159682334743,"may_session_hour+direct_xgb+tight_session",0.283336966347415,38.9492129668125,38.8716986669245,38.8523200919524,38.6375798605006,38.6375798605006,38.6375798605006,38.948793291625,38.932213117662,38.963489016727,38.9247561923583,38.8500378398242,38.9484214782715,0,0,0,0,0,0,0,0.65,0.35,0,0,0
"all_measured_520_analysis_set","within_cow_random5",3,"StrictHierarchicalEBResidualXGB",127,"C023","stable_cool","S01","measurement_group_1","measurement_status_1",33.5,6,21,39.9,39.0172441854237,0.882755814576328,"may_session_hour+direct_xgb+tight_session",0.283336966347415,38.9492129668125,38.897018321363,38.8839696600007,38.6375798605006,38.6375798605006,38.6375798605006,38.948793291625,39.0461892762603,38.963489016727,39.01965080739,38.9149043825844,39.0376510620117,0,0,0,0,0,0,0,0.65,0.35,0,0,0
"all_measured_520_analysis_set","within_cow_random5",3,"StrictHierarchicalEBResidualXGB",134,"C011","stable_cool","S01","measurement_group_1","measurement_status_1",32.6,22,15,38.1,38.1345333267255,-0.0345333267255441,"may_session_hour+direct_xgb+tight_session",0.283336966347415,38.2254566851783,38.307530544913,38.332325942296,38.6375798605006,38.2393725564261,38.6375798605006,38.251328362722,38.0821323167366,38.2318494881337,38.0653700630345,38.3047636342054,38.2287101745605,0,0,0,0,0,0,0,0.65,0.35,0,0,0
"all_measured_520_analysis_set","within_cow_random5",3,"StrictHierarchicalEBResidualXGB",138,"C011","stable_cool","S01","measurement_group_1","measurement_status_1",29.6,10.9,24,38.1,38.4487122039078,-0.348712203907844,"may_session_hour+direct_xgb+tight_session",0.283336966347415,38.2520687093071,38.3295988111847,38.3489813366542,38.6375798605006,38.6375798605006,38.6375798605006,38.251328362722,38.5654844354786,38.2318494881337,38.6544897494649,38.3431425240913,38.4509010314941,0,0,0,0,0,0,0,0.65,0.35,0,0,0
"all_measured_520_analysis_set","within_cow_random5",3,"StrictHierarchicalEBResidualXGB",141,"C004","stable_cool","S01","measurement_group_1","measurement_status_1",32.4,4.6,12,37.5,37.6074849774715,-0.107484977471458,"may_session_hour+direct_xgb+tight_session",0.283336966347415,37.6391920288896,37.8140962713029,37.8625675147093,38.6375798605006,38.6375798605006,38.6375798605006,37.6689871974422,37.5986562564847,37.6238811735897,37.5760079312178,37.7395372458365,37.6892204284668,0,0,0,0,0,0,0,0.65,0.35,0,0,0
"all_measured_520_analysis_set","within_cow_random5",3,"StrictHierarchicalEBResidualXGB",144,"C004","stable_cool","S01","measurement_group_1","measurement_status_1",31.2,8.8,12,37.5,37.6074849774715,-0.107484977471458,"may_session_hour+direct_xgb+tight_session",0.283336966347415,37.6391920288896,37.8140962713029,37.8625675147093,38.6375798605006,38.6375798605006,38.6375798605006,37.6689871974422,37.5986562564847,37.6238811735897,37.5961172206817,37.7811451994445,37.7055702209473,0,0,0,0,0,0,0,0.65,0.35,0,0,0
"all_measured_520_analysis_set","within_cow_random5",3,"StrictHierarchicalEBResidualXGB",150,"C004","stable_cool","S01","measurement_group_1","measurement_status_1",30.6,4.5,19,37.6,37.7830750901786,-0.18307509017864,"may_session_hour+direct_xgb+tight_session",0.283336966347415,37.6687176107753,37.9085046858376,37.9684514546032,38.6375798605006,38.6375798605006,38.6375798605006,37.6689871974422,37.8687948914188,37.6238811735897,37.7440321642262,37.9003696092254,37.8689117431641,0,0,0,0,0,0,0,0.65,0.35,0,0,0
"all_measured_520_analysis_set","within_cow_random5",3,"StrictHierarchicalEBResidualXGB",151,"C028","stable_hot","S01","measurement_group_1","measurement_status_1",34.5,29.7,23,40.3,40.2122257999274,0.0877742000726442,"tight_session+may_session+may_session_hour",0.335707990896358,40.1228321232693,40.007327917366,39.9792302337289,39.2327742129161,39.2327742129161,39.2327742129161,39.9662744269719,39.8515090365613,40.2623798887083,40.5273709947342,40.1139814586925,40.3564720153809,0,0,0,0,0,0,0.1,0.0499999999999999,0.85,0,0,0
"all_measured_520_analysis_set","within_cow_random5",3,"StrictHierarchicalEBResidualXGB",163,"C028","stable_hot","S01","measurement_group_1","measurement_status_1",35.4,33.2,1,40.3,40.2098022598128,0.0901977401872074,"tight_session+may_session+may_session_hour",0.335707990896358,40.1276753009325,39.9613661055377,39.919788806689,39.2327742129161,39.2327742129161,39.2327742129161,39.9662744269719,39.8030382342702,40.2623798887083,40.2268757496689,40.0147980038932,40.2184753417969,0,0,0,0,0,0,0.1,0.0499999999999999,0.85,0,0,0
"all_measured_520_analysis_set","within_cow_random5",3,"StrictHierarchicalEBResidualXGB",165,"C008","stable_cool","S01","measurement_group_1","measurement_status_1",31.2,4.6,14,38.2,38.2252642945698,-0.0252642945698227,"may_session_hour+direct_xgb+tight_session",0.283336966347415,38.1999869606205,38.2723178619709,38.2904005873085,38.6375798605006,38.6375798605006,38.6375798605006,38.1999705769436,38.2498118824818,38.179675917019,38.0186100216671,38.2519901225533,38.1540489196777,0,0,0,0,0,0,0,0.65,0.35,0,0,0
"all_measured_520_analysis_set","within_cow_random5",3,"StrictHierarchicalEBResidualXGB",168,"C008","stable_cool","S01","measurement_group_1","measurement_status_1",36.6,9.3,11,38.1,38.1547599977776,-0.0547599977776443,"may_session_hour+direct_xgb+tight_session",0.283336966347415,38.1719906116468,38.2652037516732,38.2930064499078,38.6375798605006,38.6375798605006,38.6375798605006,38.1999705769436,38.1413437335708,38.179675917019,38.20653648458,38.2585859159504,38.2195358276367,0,0,0,0,0,0,0,0.65,0.35,0,0,0
"all_measured_520_analysis_set","within_cow_random5",3,"StrictHierarchicalEBResidualXGB",170,"C008","stable_cool","S01","measurement_group_1","measurement_status_1",34.3,10.8,10,38.1,38.1547599977776,-0.0547599977776443,"may_session_hour+direct_xgb+tight_session",0.283336966347415,38.1824892425119,38.3190598219328,38.3560146000555,38.6375798605006,38.6375798605006,38.6375798605006,38.1999705769436,38.1413437335708,38.179675917019,38.1407095345188,38.3147025934116,38.220401763916,0,0,0,0,0,0,0,0.65,0.35,0,0,0
"all_measured_520_analysis_set","within_cow_random5",3,"StrictHierarchicalEBResidualXGB",177,"C030","stable_cool","S01","measurement_group_1","measurement_status_1",30,2.5,14,40.2,40.1240836614479,0.0759163385521404,"may_session_hour+direct_xgb+tight_session",0.283336966347415,40.1547857222304,39.8361568712588,39.7564996585159,38.6375798605006,38.6375798605006,38.6375798605006,40.1537171143397,40.0698972599772,40.2247155498934,39.9965092446781,39.92266530925,40.1310806274414,0,0,0,0,0,0,0,0.65,0.35,0,0,0
"all_measured_520_analysis_set","within_cow_random5",3,"StrictHierarchicalEBResidualXGB",183,"C030","stable_cool","S01","measurement_group_1","measurement_status_1",34.2,8.3,16,40.2,40.0397672315536,0.160232768446392,"may_session_hour+direct_xgb+tight_session",0.283336966347415,40.1547857222304,39.831225059921,39.7503348943436,38.6375798605006,38.6375798605006,38.6375798605006,40.1537171143397,39.9401796755245,40.2247155498934,40.1584274402252,39.8957480862681,40.0843811035156,0,0,0,0,0,0,0,0.65,0.35,0,0,0
"all_measured_520_analysis_set","within_cow_random5",3,"StrictHierarchicalEBResidualXGB",187,"C030","stable_cool","S01","measurement_group_1","measurement_status_1",32.2,7.9,21,40.2,40.1148392763453,0.0851607236546599,"may_session_hour+direct_xgb+tight_session",0.283336966347415,40.1626982208401,39.8676934888907,39.7926706543411,38.6375798605006,38.6375798605006,38.5187899302503,40.1537171143397,40.0556751290502,40.2247155498934,40.3239420642136,39.9303163713165,40.083911895752,0,0,0,0,0,0,0,0.65,0.35,0,0,0
"all_measured_520_analysis_set","within_cow_random5",3,"StrictHierarchicalEBResidualXGB",198,"C018","stable_cool","S01","measurement_group_1","measurement_status_1",36,10.6,18,38.8,38.7797628574341,0.0202371425659322,"may_session_hour+direct_xgb+tight_session",0.283336966347415,38.7938592115522,38.8063006471476,38.8092016609858,38.6375798605006,38.6375798605006,38.6375798605006,38.7922212694644,38.7690808758938,38.7996008231517,38.9194326001015,38.8173178942508,38.8288726806641,0,0,0,0,0,0,0,0.65,0.35,0,0,0
"all_measured_520_analysis_set","within_cow_random5",3,"StrictHierarchicalEBResidualXGB",199,"C018","stable_cool","S01","measurement_group_1","measurement_status_1",31,7.5,16,38.8,38.7797628574341,0.0202371425659322,"may_session_hour+direct_xgb+tight_session",0.283336966347415,38.7925566200633,38.7414417781872,38.7286630677182,38.6375798605006,38.6375798605006,38.6375798605006,38.7922212694644,38.7690808758938,38.7996008231517,38.6980232602631,38.7391032535122,38.8454475402832,0,0,0,0,0,0,0,0.65,0.35,0,0,0
"all_measured_520_analysis_set","within_cow_random5",3,"StrictHierarchicalEBResidualXGB",201,"C018","stable_cool","S01","measurement_group_1","measurement_status_1",34.1,4,0,38.8,38.7916587921218,0.00834120787822457,"may_session_hour+direct_xgb+tight_session",0.283336966347415,38.7938592115522,38.7563082739452,38.7467111944827,38.6375798605006,38.6375798605006,38.6375798605006,38.7922212694644,38.7873823138749,38.7996008231517,38.7892825892672,38.7466577548275,38.7297554016113,0,0,0,0,0,0,0,0.65,0.35,0,0,0
"all_measured_520_analysis_set","within_cow_random5",3,"StrictHierarchicalEBResidualXGB",202,"C025","stable_cool","S01","measurement_group_1","measurement_status_1",29.2,13.6,14,39.4,39.3866401308001,0.0133598691998742,"may_session_hour+direct_xgb+tight_session",0.283336966347415,39.3983868964765,39.2307510711917,39.1856162959002,38.6375798605006,38.6375798605006,38.6375798605006,39.3776644827608,39.3727693481883,39.4124001556506,39.2693635490127,39.2379273377091,39.3965110778809,0,0,0,0,0,0,0,0.65,0.35,0,0,0
"all_measured_520_analysis_set","within_cow_random5",3,"StrictHierarchicalEBResidualXGB",203,"C025","stable_cool","S01","measurement_group_1","measurement_status_1",29.5,16.5,10,39.5,39.3607423458091,0.139257654190864,"may_session_hour+direct_xgb+tight_session",0.283336966347415,39.382109985546,39.2784522367935,39.251927912749,38.6375798605006,38.6375798605006,38.6375798605006,39.3776644827608,39.3329266020483,39.4124001556506,39.4331413571141,39.3125713846009,39.5163230895996,0,0,0,0,0,0,0,0.65,0.35,0,0,0
"all_measured_520_analysis_set","within_cow_random5",3,"StrictHierarchicalEBResidualXGB",209,"C025","stable_cool","S01","measurement_group_1","measurement_status_1",31.3,12.4,1,39.5,39.3236256774584,0.176374322541605,"may_session_hour+direct_xgb+tight_session",0.283336966347415,39.382109985546,39.2387838203843,39.2729343950098,38.6375798605006,38.6375798605006,39.0187899302503,39.3776644827608,39.2758240353549,39.4124001556506,39.4603667392989,39.2780799743171,39.4811782836914,0,0,0,0,0,0,0,0.65,0.35,0,0,0
"all_measured_520_analysis_set","within_cow_random5",3,"StrictHierarchicalEBResidualXGB",216,"C010","stable_hot","S01","measurement_group_1","measurement_status_1",37.8,33,12,38.6,38.620872839606,-0.0208728396060067,"tight_session+may_session+may_session_hour",0.335707990896358,38.6978011635169,38.7562836618762,38.7708293261313,39.2327742129161,39.2327742129161,39.2327742129161,38.6840792945086,38.7076911730437,38.6083298252976,38.6156050346655,38.7157571488659,38.5952529907227,0,0,0,0,0,0,0.1,0.0499999999999999,0.85,0,0,0
"all_measured_520_analysis_set","within_cow_random5",3,"StrictHierarchicalEBResidualXGB",218,"C010","stable_hot","S01","measurement_group_1","measurement_status_1",39,34.2,12,38.6,38.620872839606,-0.0208728396060067,"tight_session+may_session+may_session_hour",0.335707990896358,38.6978011635169,38.7562836618762,38.7708293261313,39.2327742129161,39.2327742129161,39.2327742129161,38.6840792945086,38.7076911730437,38.6083298252976,38.626267601163,38.7246901789348,38.5929718017578,0,0,0,0,0,0,0.1,0.0499999999999999,0.85,0,0,0
"all_measured_520_analysis_set","within_cow_random5",3,"StrictHierarchicalEBResidualXGB",221,"C010","stable_hot","S01","measurement_group_1","measurement_status_1",37.2,33.7,18,38.6,38.6363329557079,-0.0363329557079126,"tight_session+may_session+may_session_hour",0.335707990896358,38.6978011635169,38.8162836618762,38.8458293261313,39.2327742129161,39.2327742129161,39.2327742129161,38.7202556402263,38.9378198166248,38.6087251774753,38.7149358963134,38.8083267658989,38.747631072998,0,0,0,0,0,0,0.1,0.0499999999999999,0.85,0,0,0
"all_measured_520_analysis_set","within_cow_random5",3,"StrictHierarchicalEBResidualXGB",224,"C010","stable_hot","S01","measurement_group_1","measurement_status_1",38.7,32.6,22,38.7,38.8382146436593,-0.138214643659261,"tight_session+may_session+may_session_hour",0.335707990896358,38.6973347436569,38.8389413829839,38.8743430428156,39.2327742129161,39.2327742129161,39.2327742129161,38.9566909392683,39.0912834240132,38.8093898570962,38.9263362009559,38.8604564879036,38.8017616271973,0,0,0,0,0,0,0.1,0.0499999999999999,0.85,0,0,0
"all_measured_520_analysis_set","within_cow_random5",3,"StrictHierarchicalEBResidualXGB",225,"C019","stable_hot","S01","measurement_group_1","measurement_status_1",31.5,25.1,23,39.5,39.4984509141427,0.00154908585725622,"tight_session+may_session+may_session_hour",0.335707990896358,39.4811398389624,39.4938001229957,39.4957864339392,39.2327742129161,39.2327742129161,39.2327742129161,39.48504584099,39.5172046469658,39.4989248208182,39.7954071610457,39.5612003326014,39.697193145752,0,0,0,0,0,0,0.1,0.0499999999999999,0.85,0,0,0
"all_measured_520_analysis_set","within_cow_random5",3,"StrictHierarchicalEBResidualXGB",237,"C019","stable_hot","S01","measurement_group_1","measurement_status_1",39.7,36.3,16,39.5,39.4891761581884,0.0108238418116215,"tight_session+may_session+may_session_hour",0.335707990896358,39.4671398389624,39.4329297392614,39.4254484542713,39.2327742129161,39.2327742129161,39.2327742129161,39.4468216989961,39.450646548769,39.4964254833533,39.3585649189382,39.4178742597796,39.3920249938965,0,0,0,0,0,0,0.1,0.0499999999999999,0.85,0,0,0
"all_measured_520_analysis_set","within_cow_random5",3,"StrictHierarchicalEBResidualXGB",240,"C005","stable_hot","S01","measurement_group_1","measurement_status_1",35.4,31,12,37.9,38.0023654869119,-0.102365486911943,"tight_session+may_session+may_session_hour",0.335707990896358,37.8868084278674,38.1074961364974,38.1626680636549,39.2327742129161,39.2327742129161,39.2327742129161,38.3033103248778,38.5337591132838,37.935701763247,37.7880418687045,38.0188080535044,37.7787818908691,0,0,0,0,0,0,0.1,0.0499999999999999,0.85,0,0,0
"all_measured_520_analysis_set","within_cow_random5",3,"StrictHierarchicalEBResidualXGB",242,"C005","stable_hot","S01","measurement_group_1","measurement_status_1",38.4,33.6,18,37.9,38.0055306719648,-0.105530671964772,"tight_session+may_session+may_session_hour",0.335707990896358,37.8868084278674,38.1674961364974,38.2376680636549,39.2327742129161,39.2327742129161,39.2327742129161,38.3033103248778,38.5970628143404,37.935701763247,37.9402531157626,38.0944573721995,37.8876876831055,0,0,0,0,0,0,0.1,0.0499999999999999,0.85,0,0,0
"all_measured_520_analysis_set","within_cow_random5",3,"StrictHierarchicalEBResidualXGB",244,"C005","stable_hot","S01","measurement_group_1","measurement_status_1",34.3,33.6,21,38.2,38.4103926138952,-0.210392613895216,"tight_session+may_session+may_session_hour",0.335707990896358,37.8716169529906,38.1432636766159,38.213616844556,39.2327742129161,39.2327742129161,39.2327742129161,38.7427930377814,38.8863629253489,38.3432884280584,37.8753150893808,38.087608379724,37.9154624938965,0,0,0,0,0,0,0.1,0.0499999999999999,0.85,0,0,0
"all_measured_520_analysis_set","within_cow_random5",3,"StrictHierarchicalEBResidualXGB",247,"C005","stable_hot","S01","measurement_group_1","measurement_status_1",34.6,31,19,38.2,38.4168441955882,-0.216844195588244,"tight_session+may_session+may_session_hour",0.335707990896358,37.8868084278674,38.17583107714,38.2480867394582,39.2327742129161,39.2327742129161,39.2327742129161,38.7427930377814,39.0153945592096,38.3432884280584,37.9808264406363,38.1231936565453,37.9450416564941,0,0,0,0,0,0,0.1,0.0499999999999999,0.85,0,0,0
"all_measured_520_analysis_set","within_cow_random5",3,"StrictHierarchicalEBResidualXGB",254,"C017","stable_hot","S01","measurement_group_1","measurement_status_1",38.1,37.8,13,39.4,39.2078198398182,0.192180160181842,"tight_session+may_session+may_session_hour",0.335707990896358,39.4056642283366,39.3281497035634,39.3087710723701,39.2327742129161,39.2327742129161,39.2327742129161,39.2321934841244,39.1763127990708,39.2068057075908,39.2238431939901,39.2919061754358,39.1281547546387,0,0,0,0,0,0,0.1,0.0499999999999999,0.85,0,0,0
"all_measured_520_analysis_set","within_cow_random5",3,"StrictHierarchicalEBResidualXGB",262,"C017","stable_hot","S01","measurement_group_1","measurement_status_1",36,32.9,21,39.3,39.4246362636342,-0.12463626363423,"tight_session+may_session+may_session_hour",0.335707990896358,39.4740782444024,39.424038345589,39.4005332611608,39.2327742129161,39.2327742129161,39.016387106458,39.4017718338963,39.3623565593362,39.4309897085621,39.4892816933262,39.4881692702311,39.583438873291,0,0,0,0,0,0,0.1,0.0499999999999999,0.85,0,0,0
"all_measured_520_analysis_set","within_cow_random5",3,"StrictHierarchicalEBResidualXGB",266,"C017","stable_hot","S01","measurement_group_1","measurement_status_1",34.8,31.4,23,39.8,39.9535085237463,-0.153508523746289,"tight_session+may_session+may_session_hour",0.335707990896358,39.4046729883777,39.4327455817712,39.4399230365416,39.2327742129161,39.2327742129161,39.866387106458,39.823499540129,39.7587053601134,39.980262707915,39.6675038647572,39.4810950814737,39.5935173034668,0,0,0,0,0,0,0.1,0.0499999999999999,0.85,0,0,0
"all_measured_520_analysis_set","within_cow_random5",3,"StrictHierarchicalEBResidualXGB",273,"C020","stable_hot","S01","measurement_group_1","measurement_status_1",36.6,35,15,39.1,39.1747672095436,-0.0747672095436442,"tight_session+may_session+may_session_hour",0.335707990896358,39.5909420061144,39.493079304961,39.4686136296727,39.2327742129161,39.2327742129161,39.716387106458,39.2308497341244,39.2231328787657,39.1653242261093,39.3916739928473,39.483871036475,39.4894828796387,0,0,0,0,0,0,0.1,0.0499999999999999,0.85,0,0,0
"all_measured_520_analysis_set","within_cow_random5",3,"StrictHierarchicalEBResidualXGB",277,"C020","stable_hot","S01","measurement_group_1","measurement_status_1",35,33.2,21,39.6,39.5428852548655,0.0571147451344984,"tight_session+may_session+may_session_hour",0.335707990896358,39.7894782444024,39.6744994567001,39.6138471500497,39.2327742129161,39.2327742129161,39.2327742129161,39.529691936258,39.4619905374208,39.5491959227867,39.5532635147389,39.7033228454405,39.7205657958984,0,0,0,0,0,0,0.1,0.0499999999999999,0.85,0,0,0
"all_measured_520_analysis_set","within_cow_random5",3,"StrictHierarchicalEBResidualXGB",278,"C020","stable_hot","S01","measurement_group_1","measurement_status_1",36.6,34.3,21,38.6,39.4910494069152,-0.891049406915243,"tight_session+may_session+may_session_hour",0.335707990896358,39.7894782444024,39.6744994567001,39.6138471500497,39.2327742129161,38.9495621168173,39.0109247376387,39.463481781989,39.4024680255964,39.4995033263959,39.6201981448005,39.7329116546774,39.771427154541,0,0,0,0,0,0,0.1,0.0499999999999999,0.85,0,0,0
"all_measured_520_analysis_set","within_cow_random5",3,"StrictHierarchicalEBResidualXGB",291,"C009","stable_hot","S01","measurement_group_1","measurement_status_1",33.4,26.5,23,40.8,40.4043049468538,0.395695053146234,"tight_session+may_session+may_session_hour",0.335707990896358,39.8077422771388,39.7530891015339,39.7158261125352,39.2327742129161,39.2327742129161,39.2327742129161,40.18683307836,40.2754987377616,40.4374667083879,39.9951782683013,39.8076524376083,39.8416633605957,0,0,0,0,0,0,0.1,0.0499999999999999,0.85,0,0,0
"all_measured_520_analysis_set","within_cow_random5",3,"StrictHierarchicalEBResidualXGB",292,"C009","stable_hot","S01","measurement_group_1","measurement_status_1",34.6,29.6,24,40.6,40.3913487397406,0.208651260259415,"tight_session+may_session+may_session_hour",0.335707990896358,39.6608997298652,39.6159564256804,39.6047205996342,39.2327742129161,39.2327742129161,39.2327742129161,40.18683307836,40.016374595498,40.4374667083879,40.0162168985537,39.6660011261838,39.9087066650391,0,0,0,0,0,0,0.1,0.0499999999999999,0.85,0,0,0
"all_measured_520_analysis_set","within_cow_random5",3,"StrictHierarchicalEBResidualXGB",296,"C012","stable_hot","S01","measurement_group_1","measurement_status_1",37.9,36.9,15,39,39.09744188494,-0.0974418849399683,"tight_session+may_session+may_session_hour",0.335707990896358,39.8181329021388,39.6751900002719,39.6434815328326,39.2327742129161,39.2327742129161,38.716387106458,39.2064645863859,39.2072825327357,39.0781544701936,39.6611589536496,39.6273080505789,39.5911064147949,0,0,0,0,0,0,0.1,0.0499999999999999,0.85,0,0,0
"all_measured_520_analysis_set","within_cow_random5",3,"StrictHierarchicalEBResidualXGB",302,"C012","stable_hot","S01","measurement_group_1","measurement_status_1",36.8,35,21,40,39.6390510865577,0.360948913442279,"tight_session+may_session+may_session_hour",0.335707990896358,39.8431913965319,39.7203062103793,39.6895849138411,39.2327742129161,39.2327742129161,39.2327742129161,39.6202361272004,39.4567009334713,39.6519910907813,39.875305835335,39.803781151931,40.0182113647461,0,0,0,0,0,0,0.1,0.0499999999999999,0.85,0,0,0
"all_measured_520_analysis_set","within_cow_random5",3,"StrictHierarchicalEBResidualXGB",303,"C012","stable_hot","S01","measurement_group_1","measurement_status_1",38.2,36.8,21,39.4,39.5029577132639,-0.102957713263947,"tight_session+may_session+may_session_hour",0.335707990896358,39.8431913965319,39.7203062103793,39.6895849138411,39.2327742129161,39.2327742129161,39.144258070972,39.5015966342505,39.4272426795663,39.5075716657183,39.8875876206189,39.783257119517,39.9154586791992,0,0,0,0,0,0,0.1,0.0499999999999999,0.85,0,0,0
"all_measured_520_analysis_set","within_cow_random5",3,"StrictHierarchicalEBResidualXGB",309,"C006","stable_hot","S01","measurement_group_1","measurement_status_1",35.3,31.8,14,39.3,39.186314029864,0.113685970135968,"tight_session+may_session+may_session_hour",0.335707990896358,39.2970531172255,39.2506806620286,39.2390875482293,39.2327742129161,39.2327742129161,38.916387106458,39.16555279901,39.0008939970179,39.1996635883672,39.0869002943864,39.1977720142231,39.1229286193848,0,0,0,0,0,0,0.1,0.0499999999999999,0.85,0,0,0
"all_measured_520_analysis_set","within_cow_random5",3,"StrictHierarchicalEBResidualXGB",310,"C006","stable_hot","S01","measurement_group_1","measurement_status_1",37.4,36.1,15,38.5,38.7060058564298,-0.206005856429783,"tight_session+may_session+may_session_hour",0.335707990896358,39.2698782444024,39.2366165080603,39.2326684642499,39.2327742129161,39.2327742129161,39.2327742129161,38.8709122341244,38.8285215572292,38.6793983001834,39.0524705960502,39.1819528908964,39.0966911315918,0,0,0,0,0,0,0.1,0.0499999999999999,0.85,0,0,0
"all_measured_520_analysis_set","within_cow_random5",3,"StrictHierarchicalEBResidualXGB",312,"C006","stable_hot","S01","measurement_group_1","measurement_status_1",35.3,32.1,19,38.4,38.6419719486539,-0.241971948653855,"tight_session+may_session+may_session_hour",0.335707990896358,39.227568821711,39.249432025008,39.2660649447541,39.2327742129161,39.2327742129161,39.2327742129161,38.9595400362748,39.1562801082302,38.5743575760175,39.3298417333361,39.2300813249276,39.2974433898926,0,0,0,0,0,0,0.1,0.0499999999999999,0.85,0,0,0
"all_measured_520_analysis_set","within_cow_random5",3,"StrictHierarchicalEBResidualXGB",327,"C015","stable_hot","S01","measurement_group_1","measurement_status_1",36.5,34.8,15,38.2,38.2683285194039,-0.0683285194039343,"tight_session+may_session+may_session_hour",0.335707990896358,38.7858796352978,38.8490294083077,38.8648168515602,39.2327742129161,39.2327742129161,39.2327742129161,38.4347164358383,38.7056462348798,38.2230288989131,38.6192354247599,38.785178200813,38.5139617919922,0,0,0,0,0,0,0.1,0.0499999999999999,0.85,0,0,0
"all_measured_520_analysis_set","within_cow_random5",3,"StrictHierarchicalEBResidualXGB",328,"C015","stable_hot","S01","measurement_group_1","measurement_status_1",36.9,35.3,15,38,38.8348012184097,-0.834801218409744,"tight_session+may_session+may_session_hour",0.335707990896358,38.7858796352978,38.8490294083077,38.8648168515602,39.2327742129161,39.2327742129161,39.2327742129161,38.8414789612296,38.8448810382761,38.833422671027,38.6153421550564,38.7919553495068,38.5305786132812,0,0,0,0,0,0,0.1,0.0499999999999999,0.85,0,0,0
"all_measured_520_analysis_set","within_cow_random5",3,"StrictHierarchicalEBResidualXGB",330,"C015","stable_hot","S01","measurement_group_1","measurement_status_1",35.5,33.2,19,38.5,38.5231115427914,-0.0231115427914403,"tight_session+may_session+may_session_hour",0.335707990896358,38.8233506991207,38.9664575969915,38.963872830965,39.2327742129161,39.0603488700153,39.116387106458,38.7030868628522,38.9895855455056,38.474498328507,38.8765299479525,38.9548337804268,38.7703170776367,0,0,0,0,0,0,0.1,0.0499999999999999,0.85,0,0,0
"all_measured_520_analysis_set","within_cow_random5",3,"StrictHierarchicalEBResidualXGB",333,"C015","stable_hot","S01","measurement_group_1","measurement_status_1",34.6,30.4,21,40,39.2805690115771,0.7194309884229,"tight_session+may_session+may_session_hour",0.335707990896358,38.7358506991207,38.8351483515385,38.8680131293858,39.2327742129161,38.9921153083066,38.908193553229,39.2310075199256,39.2513597552551,39.2881179668492,38.9044953611613,38.8708364388827,38.8911476135254,0,0,0,0,0,0,0.1,0.0499999999999999,0.85,0,0,0
"all_measured_520_analysis_set","within_cow_random5",3,"StrictHierarchicalEBResidualXGB",338,"C007","stable_hot","S01","measurement_group_1","measurement_status_1",35.7,29,1,40.1,39.2633954310602,0.83660456893984,"tight_session+may_session+may_session_hour",0.335707990896358,39.4823308950033,39.4450905807943,39.4357805022421,39.2327742129161,39.2327742129161,39.2327742129161,39.2881342439504,39.3622471153062,39.2546701775292,39.5452469618362,39.4667695854486,39.5725555419922,0,0,0,0,0,0,0.1,0.0499999999999999,0.85,0,0,0
"all_measured_520_analysis_set","within_cow_random5",3,"StrictHierarchicalEBResidualXGB",343,"C007","stable_hot","S01","measurement_group_1","measurement_status_1",37.1,33.5,14,39.3,38.8871260197514,0.412873980248619,"tight_session+may_session+may_session_hour",0.335707990896358,39.5554229883777,39.4563323861878,39.4198127920623,39.2327742129161,39.2327742129161,39.2327742129161,38.9502432752004,38.8609428065417,38.8812406492991,39.3027645706671,39.4221936284523,39.3125419616699,0,0,0,0,0,0,0.1,0.0499999999999999,0.85,0,0,0
"all_measured_520_analysis_set","within_cow_random5",3,"StrictHierarchicalEBResidualXGB",351,"C007","stable_hot","S01","measurement_group_1","measurement_status_1",37.7,33.1,21,40.7,40.400448258375,0.299551741625045,"tight_session+may_session+may_session_hour",0.335707990896358,39.4504229883777,39.4065473110934,39.4007064481943,39.2327742129161,39.2327742129161,39.2327742129161,39.9575854908202,39.6759780198241,40.4951656568256,39.5644734850761,39.4583741979262,39.6434898376465,0,0,0,0,0,0,0.1,0.0499999999999999,0.85,0,0,0
"all_measured_520_analysis_set","within_cow_random5",3,"StrictHierarchicalEBResidualXGB",353,"C007","stable_hot","S01","measurement_group_1","measurement_status_1",35.2,30.1,22,39.4,39.5871236203399,-0.187123620339868,"tight_session+may_session+may_session_hour",0.335707990896358,39.5992782444024,39.5588255071603,39.5299172131249,39.2327742129161,39.2327742129161,39.544258070972,39.5302480243725,39.5839685167975,39.5940004612503,39.6441808615414,39.6387273663245,39.7048072814941,0,0,0,0,0,0,0.1,0.0499999999999999,0.85,0,0,0
"all_measured_520_analysis_set","within_cow_random5",3,"StrictHierarchicalEBResidualXGB",360,"C013","stable_hot","S01","measurement_group_1","measurement_status_1",34.8,30.3,19,38.6,38.6673255504669,-0.0673255504668759,"tight_session+may_session+may_session_hour",0.335707990896358,39.0500457455603,39.1056634941596,39.1110467635445,39.2327742129161,39.2327742129161,39.2327742129161,38.8304881786417,39.0723964007688,38.6243022500756,38.9539239080961,39.1064493841368,39.0251960754395,0,0,0,0,0,0,0.1,0.0499999999999999,0.85,0,0,0
"all_measured_520_analysis_set","within_cow_random5",3,"StrictHierarchicalEBResidualXGB",364,"C013","stable_hot","S01","measurement_group_1","measurement_status_1",33.8,27.6,22,39.1,39.1267225508257,-0.0267225508257454,"tight_session+may_session+may_session_hour",0.335707990896358,38.9863996783202,39.0703451231119,39.0930391487798,39.2327742129161,39.2327742129161,39.2327742129161,39.1357795826512,39.1420888982686,39.1247531148791,39.0508370647495,39.1138137213883,39.1775131225586,0,0,0,0,0,0,0.1,0.0499999999999999,0.85,0,0,0
"all_measured_520_analysis_set","within_cow_random5",3,"StrictHierarchicalEBResidualXGB",370,"C024","stable_hot","S01","measurement_group_1","measurement_status_1",36,33,14,38.3,38.1939320956602,0.10606790433976,"tight_session+may_session+may_session_hour",0.335707990896358,38.7957771550444,38.8511622472989,38.8819100142845,39.2327742129161,39.2327742129161,39.2327742129161,38.3549337513909,38.4739916160655,38.1585166349622,38.7338393371303,38.7730612083661,38.6904373168945,0,0,0,0,0,0,0.1,0.0499999999999999,0.85,0,0,0
"all_measured_520_analysis_set","within_cow_random5",3,"StrictHierarchicalEBResidualXGB",375,"C024","stable_hot","S01","measurement_group_1","measurement_status_1",36.7,33.9,20,38.2,38.5314195086612,-0.331419508661199,"tight_session+may_session+may_session_hour",0.335707990896358,38.9007771550444,38.9876164457869,39.0093527623945,39.2327742129161,39.3566451663116,39.316387106458,38.7207462749389,39.0573537056878,38.4782084657446,38.8628649741304,38.9737076637444,38.9420776367188,0,0,0,0,0,0,0.1,0.0499999999999999,0.85,0,0,0
"all_measured_520_analysis_set","within_cow_random5",3,"StrictHierarchicalEBResidualXGB",380,"C024","stable_hot","S01","measurement_group_1","measurement_status_1",35.9,32.3,22,41.2,40.2687532913048,0.931246708695248,"tight_session+may_session+may_session_hour",0.335707990896358,38.8307771550444,38.9466976671092,38.9869542890473,39.2327742129161,39.2327742129161,39.366387106458,40.0233328734623,39.8242207829673,40.3237752527178,39.0612738352044,38.9932366608254,39.0968894958496,0,0,0,0,0,0,0.1,0.0499999999999999,0.85,0,0,0
"all_measured_520_analysis_set","within_cow_random5",3,"StrictHierarchicalEBResidualXGB",387,"C001","stable_cool","S01","measurement_group_1","measurement_status_1",35.3,14.4,14,38.2,38.1948809440962,0.00511905590376216,"may_session_hour+direct_xgb+tight_session",0.283336966347415,38.204323607837,38.2764063421921,38.3013926033207,38.6375798605006,38.6375798605006,38.6375798605006,38.2476229315142,38.17621033498,38.229554932455,38.2345632811282,38.2502061073021,38.1908645629883,0,0,0,0,0,0,0,0.65,0.35,0,0,0
"all_measured_520_analysis_set","within_cow_random5",3,"StrictHierarchicalEBResidualXGB",416,"C009","stable_hot","S01","measurement_group_1","measurement_status_1",34.8,27.3,22,40.4,40.3870548057732,0.0129451942267806,"tight_session+may_session+may_session_hour",0.335707990896358,39.6608997298652,39.6097933719505,39.5970167824719,39.2327742129161,39.2327742129161,39.216387106458,40.18683307836,39.9304959161507,40.4374667083879,39.9003114748809,39.65043087626,39.8713645935059,0,0,0,0,0,0,0.1,0.0499999999999999,0.85,0,0,0
"all_measured_520_analysis_set","within_cow_random5",3,"StrictHierarchicalEBResidualXGB",417,"C009","stable_hot","S01","measurement_group_1","measurement_status_1",35.7,32,2,40.4,40.3840570730739,0.0159429269260798,"tight_session+may_session+may_session_hour",0.335707990896358,39.6608997298652,39.5742897590138,39.5526372663009,39.2327742129161,39.2327742129161,39.2327742129161,40.18683307836,39.8705412621647,40.4374667083879,39.7074700568926,39.6159434405602,39.833667755127,0,0,0,0,0,0,0.1,0.0499999999999999,0.85,0,0,0
"all_measured_520_analysis_set","within_cow_random5",3,"StrictHierarchicalEBResidualXGB",429,"C011","stable_cool","S01","measurement_group_1","measurement_status_1",31.1,8.5,23,38.4,38.4487122039078,-0.0487122039078471,"may_session_hour+direct_xgb+tight_session",0.283336966347415,38.2429566851783,38.31030207426,38.3286028539796,38.6375798605006,38.6375798605006,38.6375798605006,38.251328362722,38.5654844354786,38.2318494881337,38.5450166628344,38.3200763149251,38.349925994873,0,0,0,0,0,0,0,0.65,0.35,0,0,0
"all_measured_520_analysis_set","within_cow_random5",3,"StrictHierarchicalEBResidualXGB",434,"C011","stable_cool","S01","measurement_group_1","measurement_status_1",34,24.4,14,38.1,38.1345333267255,-0.0345333267255441,"may_session_hour+direct_xgb+tight_session",0.283336966347415,38.2254566851783,38.2930738133904,38.3142550278927,38.6375798605006,38.6375798605006,38.6375798605006,38.251328362722,38.0821323167366,38.2318494881337,38.015518593668,38.2587905926224,38.2013206481934,0,0,0,0,0,0,0,0.65,0.35,0,0,0
"all_measured_520_analysis_set","within_cow_random5",3,"StrictHierarchicalEBResidualXGB",435,"C012","stable_hot","S01","measurement_group_1","measurement_status_1",37.1,35.2,20,39.5,39.5027864024227,-0.00278640242265027,"tight_session+may_session+may_session_hour",0.335707990896358,39.901097805503,39.7870433767247,39.767357888669,39.2327742129161,40.0233118329782,39.516387106458,39.5015966342505,39.4238164627404,39.5075716657183,39.7891727675276,39.8603846047925,40.0269241333008,0,0,0,0,0,0,0.1,0.0499999999999999,0.85,0,0,0
"all_measured_520_analysis_set","within_cow_random5",3,"StrictHierarchicalEBResidualXGB",442,"C013","stable_hot","S01","measurement_group_1","measurement_status_1",34.6,29.2,21,39.1,39.1297502727474,-0.02975027274735,"tight_session+may_session+may_session_hour",0.335707990896358,38.9558581052163,39.0110276779113,38.9359434644184,39.2327742129161,39.2327742129161,38.908193553229,39.1357795826512,39.2026433367006,39.1247531148791,38.925280877044,39.0047439890867,39.0074882507324,0,0,0,0,0,0,0.1,0.0499999999999999,0.85,0,0,0
"all_measured_520_analysis_set","within_cow_random5",3,"StrictHierarchicalEBResidualXGB",450,"C016","stable_cool","S01","measurement_group_1","measurement_status_1",34.3,9.9,16,38.6,38.6623940547923,-0.0623940547922928,"may_session_hour+direct_xgb+tight_session",0.283336966347415,38.6458187093071,38.6240514495823,38.6186096346511,38.6375798605006,38.6375798605006,38.6375798605006,38.6455537148347,38.6711546934452,38.646124297294,38.6104729038325,38.6117948859411,38.5910835266113,0,0,0,0,0,0,0,0.65,0.35,0,0,0
"all_measured_520_analysis_set","within_cow_random5",3,"StrictHierarchicalEBResidualXGB",455,"C016","stable_cool","S01","measurement_group_1","measurement_status_1",31,4.5,9,38.7,38.714184046369,-0.0141840463689604,"may_session_hour+direct_xgb+tight_session",0.283336966347415,38.6728004351783,38.683304934385,38.7238823138195,38.6375798605006,38.7578910749446,38.7187899302503,38.6455537148347,38.7508316035632,38.646124297294,38.6696823640963,38.6806829486459,38.7016334533691,0,0,0,0,0,0,0,0.65,0.35,0,0,0
"all_measured_520_analysis_set","within_cow_random5",3,"StrictHierarchicalEBResidualXGB",465,"C019","stable_hot","S01","measurement_group_1","measurement_status_1",36.8,31.3,21,39.4,39.3999975732517,2.42674834538548e-06,"tight_session+may_session+may_session_hour",0.335707990896358,39.4738053318922,39.4247973586675,39.4125453653614,39.2327742129161,39.2327742129161,39.4775914043054,39.4094182119956,39.3196692885881,39.4036144560267,39.5453514785397,39.4407273463216,39.5322647094727,0,0,0,0,0,0,0.1,0.0499999999999999,0.85,0,0,0
"all_measured_520_analysis_set","within_cow_random5",3,"StrictHierarchicalEBResidualXGB",471,"C021","stable_cool","S01","measurement_group_1","measurement_status_1",30.7,9.4,1,38.3,38.3452020875582,-0.0452020875581667,"may_session_hour+direct_xgb+tight_session",0.283336966347415,38.2666520426404,38.3464716782248,38.3664265871209,38.6375798605006,38.6375798605006,38.6375798605006,38.2659293016892,38.3979762118519,38.247192999584,38.4715288333697,38.347611690165,38.3162231445312,0,0,0,0,0,0,0,0.65,0.35,0,0,0
"all_measured_520_analysis_set","within_cow_random5",3,"StrictHierarchicalEBResidualXGB",473,"C021","stable_cool","S01","measurement_group_1","measurement_status_1",27.2,10.1,1,38.3,38.3452020875582,-0.0452020875581667,"may_session_hour+direct_xgb+tight_session",0.283336966347415,38.2666520426404,38.3464716782248,38.3664265871209,38.6375798605006,38.6375798605006,38.6375798605006,38.2659293016892,38.3979762118519,38.247192999584,38.4984913898816,38.3553221959076,38.3316230773926,0,0,0,0,0,0,0,0.65,0.35,0,0,0
"all_measured_520_analysis_set","within_cow_random5",3,"StrictHierarchicalEBResidualXGB",500,"C026","stable_cool","S01","measurement_group_1","measurement_status_1",31.5,6.2,0,38.6,38.6052361677729,-0.00523616777287828,"may_session_hour+direct_xgb+tight_session",0.283336966347415,38.6068445148093,38.6076449568638,38.6183056758369,38.6375798605006,38.6375798605006,38.6375798605006,38.6716341843546,38.5686140642641,38.6732486457178,38.5709492438383,38.5949234769935,38.5836067199707,0,0,0,0,0,0,0,0.65,0.35,0,0,0
"all_measured_520_analysis_set","within_cow_random5",3,"StrictHierarchicalEBResidualXGB",509,"C028","stable_hot","S01","measurement_group_1","measurement_status_1",33.4,28.7,3,40.3,40.1987142430989,0.101285756901056,"tight_session+may_session+may_session_hour",0.335707990896358,40.1276753009325,39.9162335409081,39.863373100902,39.2327742129161,39.2327742129161,39.2327742129161,39.9662744269719,39.5812778999932,40.2623798887083,40.3433294358873,40.0035984752929,40.3842430114746,0,0,0,0,0,0,0.1,0.0499999999999999,0.85,0,0,0
"all_measured_520_analysis_set","within_cow_random5",3,"StrictHierarchicalEBResidualXGB",516,"C029","stable_cool","S01","measurement_group_1","measurement_status_1",35,6.4,13,38.3,38.2866480846066,0.0133519153934003,"may_session_hour+direct_xgb+tight_session",0.283336966347415,38.3064550079316,38.3468722556561,38.3573800055829,38.6375798605006,38.6375798605006,38.6375798605006,38.3088902445336,38.2828589250787,38.2936850951584,38.2818722867806,38.3427421576186,38.2473106384277,0,0,0,0,0,0,0,0.65,0.35,0,0,0
"all_measured_520_analysis_set","within_cow_random5",4,"StrictHierarchicalEBResidualXGB",5,"C021","stable_cool","S01","measurement_group_1","measurement_status_1",32.8,22,15,38.1,38.2615460053749,-0.161546005374866,"may_session_hour+direct_xgb+tight_session",0.30595805698311,38.2752011123669,38.3416153096147,38.3582188589266,38.6617380632342,38.2456357941718,38.6617380632342,38.2744615891174,38.2643817150178,38.2549293495414,38.2278757313224,38.3133270141221,38.2333641052246,0,0,0,0,0,0,0,0.7,0.3,0,0,0
"all_measured_520_analysis_set","within_cow_random5",4,"StrictHierarchicalEBResidualXGB",8,"C021","stable_cool","S01","measurement_group_1","measurement_status_1",29.2,10.9,23,38.2,38.22476035644,-0.0247603564400123,"may_session_hour+direct_xgb+tight_session",0.30595805698311,38.2752011123669,38.3293508067986,38.3428882304066,38.6617380632342,38.6617380632342,38.6617380632342,38.2744615891174,38.211830787968,38.2549293495414,38.648597953884,38.3340409179477,38.3308410644531,0,0,0,0,0,0,0,0.7,0.3,0,0,0
"all_measured_520_analysis_set","within_cow_random5",4,"StrictHierarchicalEBResidualXGB",17,"C003","stable_cool","S01","measurement_group_1","measurement_status_1",33.9,11.2,15,38.3,38.5134214460849,-0.21342144608488,"may_session_hour+direct_xgb+tight_session",0.30595805698311,38.5270825022758,38.5433287484824,38.5497339881155,38.361989925509,38.3964290732476,38.2723476126468,38.541479979567,38.5037393086892,38.536013100008,38.4703675729978,38.5070461606859,38.487190246582,0,0,0,0,0,0,0,0.7,0.3,0,0,0
"all_measured_520_analysis_set","within_cow_random5",4,"StrictHierarchicalEBResidualXGB",19,"C003","stable_cool","S01","measurement_group_1","measurement_status_1",32,9,19,39,38.609065397185,0.390934602815001,"may_session_hour+direct_xgb+tight_session",0.30595805698311,38.5416653881166,38.5945644311551,38.6077891919147,38.6617380632342,39.1139129319797,38.6617380632342,38.541479979567,38.6403735245466,38.536013100008,38.6658875637772,38.6235014505629,38.6297035217285,0,0,0,0,0,0,0,0.7,0.3,0,0,0
"all_measured_520_analysis_set","within_cow_random5",4,"StrictHierarchicalEBResidualXGB",23,"C002","stable_cool","S01","measurement_group_1","measurement_status_1",30.8,6.1,11,39.5,39.0477187538929,0.45228124610707,"may_session_hour+direct_xgb+tight_session",0.30595805698311,39.0720519637721,38.9823268262315,38.958942767884,38.6617380632342,39.5879184349498,38.6617380632342,39.065655879844,39.0318772470741,39.0846822698036,38.9598142472192,38.9738341021928,39.0884208679199,0,0,0,0,0,0,0,0.7,0.3,0,0,0
"all_measured_520_analysis_set","within_cow_random5",4,"StrictHierarchicalEBResidualXGB",26,"C002","stable_cool","S01","measurement_group_1","measurement_status_1",36.2,6.8,12,39.3,38.9704560088171,0.329543991182888,"may_session_hour+direct_xgb+tight_session",0.30595805698311,38.9846470017598,38.8913718003372,38.8811474520568,38.6617380632342,38.6617380632342,38.6617380632342,39.065655879844,38.9215018969658,39.0846822698036,39.0057919528501,38.8363631356099,38.9096260070801,0,0,0,0,0,0,0,0.7,0.3,0,0,0
"all_measured_520_analysis_set","within_cow_random5",4,"StrictHierarchicalEBResidualXGB",43,"C029","stable_cool","S01","measurement_group_1","measurement_status_1",33.2,9,19,38.5,38.4281838726094,0.0718161273906475,"may_session_hour+direct_xgb+tight_session",0.30595805698311,38.3407164454491,38.4338052770211,38.4570774849141,38.6617380632342,38.6617380632342,38.4808690316171,38.3411063395663,38.471376695213,38.3274006198674,38.4824072912995,38.4972522905184,38.4726486206055,0,0,0,0,0,0,0,0.7,0.3,0,0,0
"all_measured_520_analysis_set","within_cow_random5",4,"StrictHierarchicalEBResidualXGB",45,"C029","stable_cool","S01","measurement_group_1","measurement_status_1",32.1,5.4,22,38.4,38.5756907601717,-0.17569076017169,"may_session_hour+direct_xgb+tight_session",0.30595805698311,38.3407164454491,38.4056820649549,38.4219234698313,38.6617380632342,38.6617380632342,38.6617380632342,38.3411063395663,38.6821008203021,38.3274006198674,38.5565398883997,38.4409100342437,38.4533271789551,0,0,0,0,0,0,0,0.7,0.3,0,0,0
"all_measured_520_analysis_set","within_cow_random5",4,"StrictHierarchicalEBResidualXGB",48,"C001","stable_cool","S01","measurement_group_1","measurement_status_1",26.6,5,11,38.9,38.6701973012054,0.229802698794551,"may_session_hour+direct_xgb+tight_session",0.30595805698311,38.4225702341622,38.4604702857872,38.4434420112217,38.6617380632342,38.6617380632342,38.6617380632342,38.2582112778379,38.8541710287168,38.2409252703457,38.0399483376918,38.4361874559512,38.198486328125,0,0,0,0,0,0,0,0.7,0.3,0,0,0
"all_measured_520_analysis_set","within_cow_random5",4,"StrictHierarchicalEBResidualXGB",51,"C001","stable_cool","S01","measurement_group_1","measurement_status_1",31.9,6.8,12,38,38.2066573368059,-0.206657336805854,"may_session_hour+direct_xgb+tight_session",0.30595805698311,38.2555158407234,38.2475260283431,38.3201327345793,38.6617380632342,38.6960024842185,38.5723476126468,38.2582112778379,38.1919710795745,38.2409252703457,38.2170911527828,38.2201171695819,38.2163391113281,0,0,0,0,0,0,0,0.7,0.3,0,0,0
"all_measured_520_analysis_set","within_cow_random5",4,"StrictHierarchicalEBResidualXGB",58,"C001","stable_cool","S01","measurement_group_1","measurement_status_1",29.6,6,21,38.3,38.3077002663811,-0.00770026638110721,"may_session_hour+direct_xgb+tight_session",0.30595805698311,38.2576608898936,38.3888321106936,38.4216249158937,38.6617380632342,38.6617380632342,38.6617380632342,38.2582112778379,38.3363181218248,38.2409252703457,38.345797654734,38.4270520729627,38.4018592834473,0,0,0,0,0,0,0,0.7,0.3,0,0,0
"all_measured_520_analysis_set","within_cow_random5",4,"StrictHierarchicalEBResidualXGB",64,"C027","stable_cool","S01","measurement_group_1","measurement_status_1",31.9,6.9,12,38.5,38.7207169325179,-0.220716932517888,"may_session_hour+direct_xgb+tight_session",0.30595805698311,38.9227408182612,38.8416609047223,38.8323934542328,38.6617380632342,38.6960024842185,38.5723476126468,38.9907736083758,38.5983237779543,39.0063009598328,38.9066369777816,38.8235590076316,38.8693084716797,0,0,0,0,0,0,0,0.7,0.3,0,0,0
"all_measured_520_analysis_set","within_cow_random5",4,"StrictHierarchicalEBResidualXGB",66,"C027","stable_cool","S01","measurement_group_1","measurement_status_1",32.8,9.3,13,38.5,38.7207169325179,-0.220716932517888,"may_session_hour+direct_xgb+tight_session",0.30595805698311,38.9227408182612,38.8556002986617,38.849817696657,38.7897583750544,38.7641543126903,38.5205793544114,38.9907736083758,38.5983237779543,39.0063009598328,38.8668437031073,38.8245578904636,38.8477401733398,0,0,0,0,0,0,0,0.7,0.3,0,0,0
"all_measured_520_analysis_set","within_cow_random5",4,"StrictHierarchicalEBResidualXGB",79,"C026","stable_cool","S01","measurement_group_1","measurement_status_1",30.7,5.5,23,38.6,38.7282270340243,-0.128227034024306,"may_session_hour+direct_xgb+tight_session",0.30595805698311,38.6983217348659,38.6678473047978,38.6602286972808,38.6617380632342,38.2456357941718,38.3808690316171,38.6980520017276,38.7403666370704,38.6999012935833,38.8887966491058,38.6757322793892,38.7732696533203,0,0,0,0,0,0,0,0.7,0.3,0,0,0
"all_measured_520_analysis_set","within_cow_random5",4,"StrictHierarchicalEBResidualXGB",80,"C016","stable_cool","S01","measurement_group_1","measurement_status_1",28.7,5.4,0,38.9,38.693654179001,0.206345820999033,"may_session_hour+direct_xgb+tight_session",0.30595805698311,38.7044627927027,38.6742247141928,38.6668173352257,38.6617380632342,38.6617380632342,38.4808690316171,38.7051892886479,38.6876932825752,38.7075629373277,38.5752512729679,38.6669370810532,38.6708297729492,0,0,0,0,0,0,0,0.7,0.3,0,0,0
"all_measured_520_analysis_set","within_cow_random5",4,"StrictHierarchicalEBResidualXGB",82,"C016","stable_cool","S01","measurement_group_1","measurement_status_1",32.2,6.9,12,38,38.5362775991386,-0.53627759913865,"may_session_hour+direct_xgb+tight_session",0.30595805698311,38.6869627927027,38.6523240054101,38.6466289492473,38.6617380632342,38.3197098682459,38.6617380632342,38.7051892886479,38.4628695970576,38.7075629373277,38.6092105490302,38.6336817046702,38.6198081970215,0,0,0,0,0,0,0,0.7,0.3,0,0,0
"all_measured_520_analysis_set","within_cow_random5",4,"StrictHierarchicalEBResidualXGB",92,"C022","stable_cool","S01","measurement_group_1","measurement_status_1",29.7,6.9,12,38.1,38.6072702442823,-0.507270244282346,"may_session_hour+direct_xgb+tight_session",0.30595805698311,38.5239940427027,38.5211521304101,38.5144414492473,38.6617380632342,38.6617380632342,38.6617380632342,38.4861752041408,38.6629245208725,38.477410265572,38.3294304754138,38.4885329297633,38.4372711181641,0,0,0,0,0,0,0,0.7,0.3,0,0,0
"all_measured_520_analysis_set","within_cow_random5",4,"StrictHierarchicalEBResidualXGB",100,"C022","stable_cool","S01","measurement_group_1","measurement_status_1",31.5,6,21,38.2,38.4492015449121,-0.24920154491214,"may_session_hour+direct_xgb+tight_session",0.30595805698311,38.4714940427027,38.5601152815552,38.5847078881787,38.6617380632342,38.6617380632342,38.7154345158085,38.4861752041408,38.4371120932008,38.477410265572,38.6924737752421,38.6044285260768,38.6887130737305,0,0,0,0,0,0,0,0.7,0.3,0,0,0
"all_measured_520_analysis_set","within_cow_random5",4,"StrictHierarchicalEBResidualXGB",101,"C022","stable_cool","S01","measurement_group_1","measurement_status_1",31.1,5.4,22,38.2,38.4690274012022,-0.269027401202223,"may_session_hour+direct_xgb+tight_session",0.30595805698311,38.4714940427027,38.510520791372,38.5227147754497,38.6617380632342,38.6617380632342,38.7308690316171,38.4861752041408,38.4654347450438,38.477410265572,38.8043342167254,38.5334011779332,38.6155319213867,0,0,0,0,0,0,0,0.7,0.3,0,0,0
"all_measured_520_analysis_set","within_cow_random5",4,"StrictHierarchicalEBResidualXGB",108,"C014","stable_cool","S01","measurement_group_1","measurement_status_1",30.8,8,13,37.5,38.1913208472186,-0.69132084721862,"may_session_hour+direct_xgb+tight_session",0.30595805698311,38.3179869008288,38.3717827589053,38.3960721859527,38.6617380632342,38.6617380632342,38.6617380632342,38.3857421420354,38.1130450947652,38.3739642696099,38.2513736669495,38.3574396378163,38.3538703918457,0,0,0,0,0,0,0,0.7,0.3,0,0,0
"all_measured_520_analysis_set","within_cow_random5",4,"StrictHierarchicalEBResidualXGB",109,"C014","stable_cool","S01","measurement_group_1","measurement_status_1",32.7,9.3,13,38.1,38.1913208472186,-0.0913208472186184,"may_session_hour+direct_xgb+tight_session",0.30595805698311,38.3179869008288,38.3717827589053,38.3960721859527,38.6617380632342,38.7641543126903,38.5205793544114,38.3857421420354,38.1130450947652,38.3739642696099,38.2872448588839,38.3306742065389,38.3009986877441,0,0,0,0,0,0,0,0.7,0.3,0,0,0
"all_measured_520_analysis_set","within_cow_random5",4,"StrictHierarchicalEBResidualXGB",116,"C023","stable_cool","S01","measurement_group_1","measurement_status_1",30.7,5.4,0,38.3,38.9471780968856,-0.647178096885597,"may_session_hour+direct_xgb+tight_session",0.30595805698311,39.0481177790336,38.9491351796433,38.9243895297957,38.6617380632342,38.6617380632342,38.6617380632342,39.0483113543756,38.8953392285173,39.0681354564117,39.0017941800887,38.9496470569403,39.0610580444336,0,0,0,0,0,0,0,0.7,0.3,0,0,0
"all_measured_520_analysis_set","within_cow_random5",4,"StrictHierarchicalEBResidualXGB",120,"C023","stable_cool","S01","measurement_group_1","measurement_status_1",33.2,6.8,12,39,38.9484021483998,0.0515978516002491,"may_session_hour+direct_xgb+tight_session",0.30595805698311,39.0746971677027,38.9618682762435,38.929389365914,38.6617380632342,38.6617380632342,38.3904345158085,39.0483113543756,38.8970878735375,39.0681354564117,38.9670067405251,38.9310141851952,38.9383316040039,0,0,0,0,0,0,0,0.7,0.3,0,0,0
"all_measured_520_analysis_set","within_cow_random5",4,"StrictHierarchicalEBResidualXGB",124,"C023","stable_cool","S01","measurement_group_1","measurement_status_1",32.4,11.2,15,39.1,38.9484021483998,0.151597851600251,"may_session_hour+direct_xgb+tight_session",0.30595805698311,39.0396971677027,38.9533324483309,38.9330945810232,38.6617380632342,38.6617380632342,38.6617380632342,39.0483113543756,38.8970878735375,39.0681354564117,38.9990975846263,38.9578862008165,39.0222625732422,0,0,0,0,0,0,0,0.7,0.3,0,0,0
"all_measured_520_analysis_set","within_cow_random5",4,"StrictHierarchicalEBResidualXGB",133,"C011","stable_cool","S01","measurement_group_1","measurement_status_1",31.9,20.8,14,38.1,38.1247848184427,-0.0247848184427255,"may_session_hour+direct_xgb+tight_session",0.30595805698311,38.2171293631529,38.2994643670501,38.3240411644956,38.6617380632342,38.6617380632342,38.6617380632342,38.2419508936944,38.0829120862932,38.2224878601248,37.9877007816158,38.271972866449,38.1719245910645,0,0,0,0,0,0,0,0.7,0.3,0,0,0
"all_measured_520_analysis_set","within_cow_random5",4,"StrictHierarchicalEBResidualXGB",135,"C011","stable_cool","S01","measurement_group_1","measurement_status_1",30.2,13.4,21,38.4,38.337769721188,0.0622302788119597,"may_session_hour+direct_xgb+tight_session",0.30595805698311,38.2521293631529,38.3842618267652,38.4156629891394,38.6617380632342,38.6617380632342,38.6617380632342,38.2419508936944,38.3871762330723,38.2224878601248,38.3011710799044,38.4203479837295,38.3169326782227,0,0,0,0,0,0,0,0.7,0.3,0,0,0
"all_measured_520_analysis_set","within_cow_random5",4,"StrictHierarchicalEBResidualXGB",146,"C004","stable_cool","S01","measurement_group_1","measurement_status_1",31.1,11.3,12,37.5,37.6050441602005,-0.105044160200464,"may_session_hour+direct_xgb+tight_session",0.30595805698311,37.6173798843975,37.7970462656206,37.8492991037012,38.6617380632342,38.6617380632342,38.4308690316171,37.6633151596224,37.5999998997465,37.6168141012596,37.5516035548137,37.7319244137591,37.7370338439941,0,0,0,0,0,0,0,0.7,0.3,0,0,0
"all_measured_520_analysis_set","within_cow_random5",4,"StrictHierarchicalEBResidualXGB",148,"C004","stable_cool","S01","measurement_group_1","measurement_status_1",34.3,12.7,17,37.7,37.9185283071279,-0.218528307127933,"may_session_hour+direct_xgb+tight_session",0.30595805698311,37.6630276172188,37.8506036081011,37.8974976058216,38.6617380632342,38.6617380632342,38.6617380632342,37.6633151596224,38.0478343953572,37.6168141012596,37.6127892084895,37.8053298012013,37.8064117431641,0,0,0,0,0,0,0,0.7,0.3,0,0,0
"all_measured_520_analysis_set","within_cow_random5",4,"StrictHierarchicalEBResidualXGB",152,"C028","stable_hot","S01","measurement_group_1","measurement_status_1",36.6,36.5,15,40.2,40.1605966507657,0.0394033492343482,"tight_session+may_session+may_session_hour",0.294549384687266,40.1553508716026,39.9079938198403,39.8461545568997,39.2418594468365,39.2418594468365,39.1709297234182,40.0641759318049,39.6952310430166,40.1918070022495,40.0085670244135,39.8298096026257,39.7410125732422,0,0,0,0,0,0,0.05,0.05,0.9,0,0,0
"all_measured_520_analysis_set","within_cow_random5",4,"StrictHierarchicalEBResidualXGB",160,"C028","stable_hot","S01","measurement_group_1","measurement_status_1",37.2,37.5,23,40.1,40.0626460076282,0.037353992371834,"tight_session+may_session+may_session_hour",0.294549384687266,40.1806644690721,40.0623456046405,40.0286976317964,39.2418594468365,39.2418594468365,39.2418594468365,39.9286461718001,39.7134083726063,40.0894925337865,40.408306790227,40.1423690125766,40.2469291687012,0,0,0,0,0,0,0.05,0.05,0.9,0,0,0
"all_measured_520_analysis_set","within_cow_random5",4,"StrictHierarchicalEBResidualXGB",166,"C008","stable_cool","S01","measurement_group_1","measurement_status_1",32.1,6.5,9,38.1,38.1597969776216,-0.0597969776215805,"may_session_hour+direct_xgb+tight_session",0.30595805698311,38.2079192580857,38.3278139512627,38.3577876245569,38.6617380632342,38.6617380632342,38.7308690316171,38.2079134975725,38.1481985429067,38.1868599919563,38.2564556607911,38.3176341224103,38.2009162902832,0,0,0,0,0,0,0,0.7,0.3,0,0,0
"all_measured_520_analysis_set","within_cow_random5",4,"StrictHierarchicalEBResidualXGB",180,"C030","stable_cool","S01","measurement_group_1","measurement_status_1",31,5.4,10,40.3,40.1994935013739,0.100506498626139,"may_session_hour+direct_xgb+tight_session",0.30595805698311,40.175503976156,39.8901469297971,39.8145634855764,38.6617380632342,38.6617380632342,38.6617380632342,40.1480450765199,40.1917127972927,40.2176484775633,40.1351327796212,39.9530219696727,40.0804290771484,0,0,0,0,0,0,0,0.7,0.3,0,0,0
"all_measured_520_analysis_set","within_cow_random5",4,"StrictHierarchicalEBResidualXGB",188,"C030","stable_cool","S01","measurement_group_1","measurement_status_1",30.6,3,0,40.1,39.9829017892858,0.117098210714225,"may_session_hour+direct_xgb+tight_session",0.30595805698311,40.1490957286739,39.8299175393556,39.750122992026,38.6617380632342,38.6900802386163,38.6617380632342,40.1480450765199,39.8822960657383,40.2176484775633,40.1589276978577,39.8874469105874,40.2007827758789,0,0,0,0,0,0,0,0.7,0.3,0,0,0
"all_measured_520_analysis_set","within_cow_random5",4,"StrictHierarchicalEBResidualXGB",191,"C018","stable_cool","S01","measurement_group_1","measurement_status_1",32.3,6.6,9,38.8,38.7963662210462,0.0036337789537555,"may_session_hour+direct_xgb+tight_session",0.30595805698311,38.7954479958526,38.7978116525643,38.7987901855962,38.6617380632342,38.6617380632342,38.7308690316171,38.7933567108689,38.7949548910138,38.7996593244553,38.8557869093087,38.8123883223467,38.8704032897949,0,0,0,0,0,0,0,0.7,0.3,0,0,0
"all_measured_520_analysis_set","within_cow_random5",4,"StrictHierarchicalEBResidualXGB",192,"C018","stable_cool","S01","measurement_group_1","measurement_status_1",30.8,4.4,9,38.8,38.7963662210462,0.0036337789537555,"may_session_hour+direct_xgb+tight_session",0.30595805698311,38.7954479958526,38.7978116525643,38.798118066483,38.6617380632342,38.6900802386163,39.4808690316171,38.7933567108689,38.7949548910138,38.7996593244553,38.7890269049531,38.795121504723,38.8036575317383,0,0,0,0,0,0,0,0.7,0.3,0,0,0
"all_measured_520_analysis_set","within_cow_random5",4,"StrictHierarchicalEBResidualXGB",200,"C018","stable_cool","S01","measurement_group_1","measurement_status_1",32.4,7.5,0,38.8,38.7895258177927,0.0104741822072967,"may_session_hour+direct_xgb+tight_session",0.30595805698311,38.7947841619145,38.7464524803781,38.734191747332,38.6617380632342,38.6617380632342,38.6617380632342,38.7933567108689,38.7851828863659,38.7996593244553,38.817687278296,38.7422587394812,38.7929878234863,0,0,0,0,0,0,0,0.7,0.3,0,0,0
"all_measured_520_analysis_set","within_cow_random5",4,"StrictHierarchicalEBResidualXGB",208,"C025","stable_cool","S01","measurement_group_1","measurement_status_1",31.4,14.3,23,39.4,39.3090116140721,0.0909883859278793,"may_session_hour+direct_xgb+tight_session",0.30595805698311,39.3886541309547,39.2200788402475,39.1775482265806,38.6617380632342,38.6617380632342,38.6617380632342,39.3856074033897,39.2616233498511,39.4195842305879,39.7143488205152,39.2319762765907,39.5653648376465,0,0,0,0,0,0,0,0.7,0.3,0,0,0
"all_measured_520_analysis_set","within_cow_random5",4,"StrictHierarchicalEBResidualXGB",212,"C010","stable_hot","S01","measurement_group_1","measurement_status_1",37.5,32.6,14,38.6,38.6090360918171,-0.00903609181706599,"tight_session+may_session+may_session_hour",0.294549384687266,38.6693878430841,38.7694936299364,38.7968855713,39.2418594468365,39.2418594468365,39.2418594468365,38.6502456363238,38.6471694600288,38.6046281522216,38.5194621159745,38.7277244830171,38.529613494873,0,0,0,0,0,0,0.05,0.05,0.9,0,0,0
"all_measured_520_analysis_set","within_cow_random5",4,"StrictHierarchicalEBResidualXGB",215,"C010","stable_hot","S01","measurement_group_1","measurement_status_1",38.4,33.8,11,38.7,38.7237244895792,-0.023724489579152,"tight_session+may_session+may_session_hour",0.294549384687266,38.6841064764656,38.7747114262889,38.7973626637447,39.2418594468365,39.2418594468365,39.2418594468365,38.8061673561446,38.944092218211,38.7069016787349,38.5780480727436,38.7294007874439,38.5821838378906,0,0,0,0,0,0,0.05,0.05,0.9,0,0,0
"all_measured_520_analysis_set","within_cow_random5",4,"StrictHierarchicalEBResidualXGB",219,"C010","stable_hot","S01","measurement_group_1","measurement_status_1",38.5,37.4,18,38.7,38.7193474036612,-0.0193474036612216,"tight_session+may_session+may_session_hour",0.294549384687266,38.6693878430841,38.7746434051456,38.8033227903115,39.2418594468365,39.2418594468365,39.2418594468365,38.8061673561446,38.8565504998525,38.7069016787349,38.6107719799403,38.7479573532851,38.5653953552246,0,0,0,0,0,0,0.05,0.05,0.9,0,0,0
"all_measured_520_analysis_set","within_cow_random5",4,"StrictHierarchicalEBResidualXGB",227,"C019","stable_hot","S01","measurement_group_1","measurement_status_1",36.8,36.9,17,39.4,39.3601924637217,0.0398075362782748,"tight_session+may_session+may_session_hour",0.294549384687266,39.4674251750081,39.3971469627973,39.3795774097446,39.2418594468365,39.2418594468365,39.6709297234182,39.2428040331907,38.9454136121186,39.3897573127292,39.2320863493663,39.3484100962337,39.2459335327148,0,0,0,0,0,0,0.05,0.05,0.9,0,0,0
"all_measured_520_analysis_set","within_cow_random5",4,"StrictHierarchicalEBResidualXGB",231,"C019","stable_hot","S01","measurement_group_1","measurement_status_1",37.1,30.5,0,39.6,39.4862492818845,0.113750718115497,"tight_session+may_session+may_session_hour",0.294549384687266,39.4674251750081,39.4121090096345,39.3982799682911,39.2418594468365,39.2418594468365,39.2418594468365,39.4156710075736,39.4705642692637,39.491041686714,39.484592413071,39.4312880185357,39.5452499389648,0,0,0,0,0,0,0.05,0.05,0.9,0,0,0
"all_measured_520_analysis_set","within_cow_random5",4,"StrictHierarchicalEBResidualXGB",232,"C019","stable_hot","S01","measurement_group_1","measurement_status_1",34.1,25,0,39.5,39.4891375294096,0.0108624705903537,"tight_session+may_session+may_session_hour",0.294549384687266,39.4674251750081,39.4121090096345,39.3982799682911,39.2418594468365,39.2418594468365,39.2418594468365,39.4937427020279,39.3020083191511,39.499277753723,39.6013189132573,39.414140391575,39.4935073852539,0,0,0,0,0,0,0.05,0.05,0.9,0,0,0
"all_measured_520_analysis_set","within_cow_random5",4,"StrictHierarchicalEBResidualXGB",243,"C005","stable_hot","S01","measurement_group_1","measurement_status_1",39.1,35,14,37.8,37.7923470506165,0.00765294938345562,"tight_session+may_session+may_session_hour",0.294549384687266,37.9366064764656,38.1830582704504,38.2446712189466,39.2418594468365,39.2418594468365,39.2418594468365,37.9124868601077,38.2265880805243,37.7615481150944,37.6057164322548,38.0909046243985,37.8303604125977,0,0,0,0,0,0,0.05,0.05,0.9,0,0,0
"all_measured_520_analysis_set","within_cow_random5",4,"StrictHierarchicalEBResidualXGB",250,"C005","stable_hot","S01","measurement_group_1","measurement_status_1",34,27.5,0,37.8,37.8318938258012,-0.0318938258011556,"tight_session+may_session+may_session_hour",0.294549384687266,37.9127003430841,38.1686706602865,38.2365052967377,39.2418594468365,39.2418594468365,39.2418594468365,37.9944693958293,38.0344358533875,37.8116095148226,38.0240849846429,38.1292101428204,37.9343223571777,0,0,0,0,0,0,0.05,0.05,0.9,0,0,0
"all_measured_520_analysis_set","within_cow_random5",4,"StrictHierarchicalEBResidualXGB",258,"C017","stable_hot","S01","measurement_group_1","measurement_status_1",35.9,33,19,39.1,39.4222004645686,-0.322200464568631,"tight_session+may_session+may_session_hour",0.294549384687266,39.4452628430841,39.399008921843,39.3821703111833,39.2418594468365,39.078574811231,39.3683718893673,39.4033067723899,39.2793010779211,39.4311889689479,39.4953505779982,39.4312760751061,39.4145774841309,0,0,0,0,0,0,0.05,0.05,0.9,0,0,0
"all_measured_520_analysis_set","within_cow_random5",4,"StrictHierarchicalEBResidualXGB",260,"C017","stable_hot","S01","measurement_group_1","measurement_status_1",36.7,34.4,20,39.4,39.3952159965683,0.00478400343173035,"tight_session+may_session+may_session_hour",0.294549384687266,39.412439809799,39.3882104249428,39.3821530787288,39.2418594468365,38.4701117084391,38.7209297234182,39.3779854800482,39.3470823549092,39.3988473386893,39.3962869362419,39.3610707258563,39.3307762145996,0,0,0,0,0,0,0.05,0.05,0.9,0,0,0
"all_measured_520_analysis_set","within_cow_random5",4,"StrictHierarchicalEBResidualXGB",261,"C017","stable_hot","S01","measurement_group_1","measurement_status_1",35.5,33.1,21,39.9,39.9267388347711,-0.0267388347711304,"tight_session+may_session+may_session_hour",0.294549384687266,39.3949566630553,39.3686931625558,39.3649370788719,39.2418594468365,39.2418594468365,39.2418594468365,39.8161929176527,39.6367278227014,39.9489919975038,39.5138655115987,39.4560230643107,39.6060791015625,0,0,0,0,0,0,0.05,0.05,0.9,0,0,0
"all_measured_520_analysis_set","within_cow_random5",4,"StrictHierarchicalEBResidualXGB",268,"C020","stable_hot","S01","measurement_group_1","measurement_status_1",32,27.4,1,39.6,39.5463830539357,0.053616946064345,"tight_session+may_session+may_session_hour",0.294549384687266,39.5210509209101,39.4694462802456,39.4565451200795,39.2418594468365,39.2418594468365,39.2418594468365,39.5354058181041,39.5167056360453,39.5486416458091,39.6634157483542,39.6129728790567,39.7285079956055,0,0,0,0,0,0,0.05,0.05,0.9,0,0,0
"all_measured_520_analysis_set","within_cow_random5",4,"StrictHierarchicalEBResidualXGB",269,"C020","stable_hot","S01","measurement_group_1","measurement_status_1",35.9,33.4,12,38.6,38.8565599230648,-0.256559923064842,"tight_session+may_session+may_session_hour",0.294549384687266,39.5210509209101,39.4080456642992,39.3797943501465,39.2418594468365,39.2418594468365,38.6209297234182,38.9833325784364,38.8876377974379,38.8477904491901,39.3889764107663,39.3485465160198,39.2132415771484,0,0,0,0,0,0,0.05,0.05,0.9,0,0,0
"all_measured_520_analysis_set","within_cow_random5",4,"StrictHierarchicalEBResidualXGB",283,"C020","stable_hot","S01","measurement_group_1","measurement_status_1",36.2,33.9,23,40.2,40.1992280743644,0.000771925635575599,"tight_session+may_session+may_session_hour",0.294549384687266,39.5173670097508,39.5321218873068,39.5364026638463,39.2418594468365,39.2418594468365,39.2418594468365,40.0480747007765,39.791036916441,40.2303027705595,39.810474218419,39.5900016109152,39.721248626709,0,0,0,0,0,0,0.05,0.05,0.9,0,0,0
"all_measured_520_analysis_set","within_cow_random5",4,"StrictHierarchicalEBResidualXGB",284,"C009","stable_hot","S01","measurement_group_1","measurement_status_1",32.1,23.6,1,40.4,40.4919029006966,-0.0919029006966312,"tight_session+may_session+may_session_hour",0.294549384687266,39.8290914289154,39.7158786866498,39.6875755010834,39.2418594468365,39.2418594468365,39.2418594468365,40.3605179049462,40.0530284924927,40.5235839786941,39.9860899017676,39.8258316654396,40.1103591918945,0,0,0,0,0,0,0.05,0.05,0.9,0,0,0
"all_measured_520_analysis_set","within_cow_random5",4,"StrictHierarchicalEBResidualXGB",286,"C009","stable_hot","S01","measurement_group_1","measurement_status_1",37.2,35.4,14,39.4,39.4990441492573,-0.0990441492573026,"tight_session+may_session+may_session_hour",0.294549384687266,39.8290914289154,39.6970462324102,39.6640349332839,39.2418594468365,39.2418594468365,39.2418594468365,39.2620270242379,39.1037891872089,39.5341703763166,39.5387527903811,39.6454562665899,39.6100234985352,0,0,0,0,0,0,0.05,0.05,0.9,0,0,0
"all_measured_520_analysis_set","within_cow_random5",4,"StrictHierarchicalEBResidualXGB",293,"C012","stable_hot","S01","measurement_group_1","measurement_status_1",34.1,30.2,1,40.3,40.3504311565889,-0.0504311565888926,"tight_session+may_session+may_session_hour",0.294549384687266,39.6853818313549,39.6009110086014,39.5797933029131,39.2418594468365,39.2418594468365,39.6709297234182,40.205020259488,39.9519550229449,40.3806471027414,39.8086899958364,39.7318021081736,39.9868812561035,0,0,0,0,0,0,0.05,0.05,0.9,0,0,0
"all_measured_520_analysis_set","within_cow_random5",4,"StrictHierarchicalEBResidualXGB",297,"C012","stable_hot","S01","measurement_group_1","measurement_status_1",38.4,37.9,15,39.7,39.4024166041396,0.297583395860428,"tight_session+may_session+may_session_hour",0.294549384687266,39.5654400108678,39.4377785858308,39.4251395935784,39.2418594468365,39.2418594468365,38.8806198156122,39.2044389731303,38.9613569539889,39.4379186753151,39.4823035400661,39.4005269717966,39.4275856018066,0,0,0,0,0,0,0.05,0.05,0.9,0,0,0
"all_measured_520_analysis_set","within_cow_random5",4,"StrictHierarchicalEBResidualXGB",311,"C006","stable_hot","S01","measurement_group_1","measurement_status_1",38.1,36.5,15,39.7,39.0558063835297,0.644193616470318,"tight_session+may_session+may_session_hour",0.294549384687266,39.0193566630553,39.0015282122416,39.0232808909791,39.2418594468365,39.2418594468365,39.4709297234182,39.0448646839429,38.8576336660171,39.0674238511463,38.8656238832904,38.9384809074921,38.9763031005859,0,0,0,0,0,0,0.05,0.05,0.9,0,0,0
"all_measured_520_analysis_set","within_cow_random5",4,"StrictHierarchicalEBResidualXGB",313,"C006","stable_hot","S01","measurement_group_1","measurement_status_1",36.4,33.4,19,38.9,39.8011348165893,-0.901134816589298,"tight_session+may_session+may_session_hour",0.294549384687266,39.0455128430841,39.081633921843,39.1126703111833,39.2418594468365,39.2418594468365,39.4209297234182,39.5312450073648,39.4299226890894,39.8367515908518,39.167941238864,39.0127782636695,39.063606262207,0,0,0,0,0,0,0.05,0.05,0.9,0,0,0
"all_measured_520_analysis_set","within_cow_random5",4,"StrictHierarchicalEBResidualXGB",314,"C006","stable_hot","S01","measurement_group_1","measurement_status_1",34.4,30.8,21,39.4,39.6339139761896,-0.233913976189612,"tight_session+may_session+may_session_hour",0.294549384687266,39.0630128430841,39.1045944468643,39.1341834674599,39.2418594468365,39.2418594468365,39.2418594468365,39.5985014241863,39.4952283519483,39.6435860970921,39.1819480700354,39.1063131902193,39.3266792297363,0,0,0,0,0,0,0.05,0.05,0.9,0,0,0
"all_measured_520_analysis_set","within_cow_random5",4,"StrictHierarchicalEBResidualXGB",321,"C015","stable_hot","S01","measurement_group_1","measurement_status_1",34.7,32,12,38.2,38.2718506629683,-0.0718506629683446,"tight_session+may_session+may_session_hour",0.294549384687266,39.0042003430842,39.3855363192132,39.2280145230357,39.2418594468365,39.5812228195502,39.4709297234182,38.5215111061446,38.6598433645664,38.2364254882587,38.7418004279032,39.3274586374035,38.6822128295898,0,0,0,0,0,0,0.05,0.05,0.9,0,0,0
"all_measured_520_analysis_set","within_cow_random5",4,"StrictHierarchicalEBResidualXGB",326,"C015","stable_hot","S01","measurement_group_1","measurement_status_1",36.9,35.6,14,38.2,38.2800587976428,-0.0800587976428275,"tight_session+may_session+may_session_hour",0.294549384687266,38.7592003430841,38.8425248799364,38.8790105713001,39.2418594468365,39.2418594468365,39.2418594468365,38.5215111061446,38.824006058056,38.2364254882587,38.6269210127479,38.7601633158962,38.594783782959,0,0,0,0,0,0,0.05,0.05,0.9,0,0,0
"all_measured_520_analysis_set","within_cow_random5",4,"StrictHierarchicalEBResidualXGB",335,"C015","stable_hot","S01","measurement_group_1","measurement_status_1",34.2,30.8,22,38.4,38.553547551514,-0.153547551514009,"tight_session+may_session+may_session_hour",0.294549384687266,38.8467003430842,38.9782496767371,39.012729067301,39.2418594468365,39.2418594468365,39.3209297234182,38.7208713887618,38.9384870380463,38.5228662557484,39.0931973455571,39.0525690766304,39.0802307128906,0,0,0,0,0,0,0.05,0.05,0.9,0,0,0
"all_measured_520_analysis_set","within_cow_random5",4,"StrictHierarchicalEBResidualXGB",344,"C007","stable_hot","S01","measurement_group_1","measurement_status_1",39.2,37.2,14,39.9,39.8040982246003,0.0959017753997387,"tight_session+may_session+may_session_hour",0.294549384687266,39.5350753430841,39.4625457132697,39.4524272379667,39.2418594468365,39.2418594468365,39.2418594468365,39.701198938015,39.5908031487717,39.8216645780677,39.3398098202515,39.4150014834941,39.4177055358887,0,0,0,0,0,0,0.05,0.05,0.9,0,0,0
"all_measured_520_analysis_set","within_cow_random5",4,"StrictHierarchicalEBResidualXGB",347,"C007","stable_hot","S01","measurement_group_1","measurement_status_1",37.6,33.4,18,39.5,39.5543390150015,-0.0543390150014602,"tight_session+may_session+may_session_hour",0.294549384687266,39.584939809799,39.5068747123262,39.4873584379581,39.2418594468365,39.2418594468365,39.2418594468365,39.5182473848101,39.4163775930044,39.5640086290119,39.5750805640446,39.5486929548463,39.6447906494141,0,0,0,0,0,0,0.05,0.05,0.9,0,0,0
"all_measured_520_analysis_set","within_cow_random5",4,"StrictHierarchicalEBResidualXGB",355,"C007","stable_hot","S01","measurement_group_1","measurement_status_1",34.9,27.6,23,38.3,39.5380277965226,-1.23802779652258,"tight_session+may_session+may_session_hour",0.294549384687266,39.584939809799,39.586127500043,39.586424422604,39.2418594468365,39.2418594468365,39.2418594468365,39.5278833938432,39.6295262589595,39.533508126536,40.0312163981525,39.7399005396224,39.9094276428223,0,0,0,0,0,0,0.05,0.05,0.9,0,0,0
"all_measured_520_analysis_set","within_cow_random5",4,"StrictHierarchicalEBResidualXGB",356,"C007","stable_hot","S01","measurement_group_1","measurement_status_1",34.6,27.1,24,40.2,39.5378179162787,0.662182083721341,"tight_session+may_session+may_session_hour",0.294549384687266,39.584939809799,39.5630925725292,39.5576307632117,39.2418594468365,39.2418594468365,39.2418594468365,39.5278833938432,39.6253286540812,39.533508126536,40.0953111352794,39.7127106915306,39.9046592712402,0,0,0,0,0,0,0.05,0.05,0.9,0,0,0
"all_measured_520_analysis_set","within_cow_random5",4,"StrictHierarchicalEBResidualXGB",359,"C013","stable_hot","S01","measurement_group_1","measurement_status_1",35.2,30.9,13,38.6,38.7572501813761,-0.157250181376142,"tight_session+may_session+may_session_hour",0.294549384687266,38.9974561347605,39.0128209380814,39.0166621389117,39.2418594468365,38.6923339306613,39.2418594468365,38.9287220589072,39.0205026904201,38.7330988265664,38.6658288053739,38.9734788028905,38.8402366638184,0,0,0,0,0,0,0.05,0.05,0.9,0,0,0
"all_measured_520_analysis_set","within_cow_random5",4,"StrictHierarchicalEBResidualXGB",365,"C013","stable_hot","S01","measurement_group_1","measurement_status_1",33,25.7,23,39.1,39.1386838838787,-0.0386838838786829,"tight_session+may_session+may_session_hour",0.294549384687266,38.9974561347605,39.1161405600122,39.1458116663251,39.2418594468365,39.2418594468365,39.2418594468365,39.1429633960951,39.3793282604232,39.1250770011697,39.2623249597795,39.1676209873966,39.1558685302734,0,0,0,0,0,0,0.05,0.05,0.9,0,0,0
"all_measured_520_analysis_set","within_cow_random5",4,"StrictHierarchicalEBResidualXGB",369,"C024","stable_hot","S01","measurement_group_1","measurement_status_1",36.9,34.5,13,38.6,39.1160027140471,-0.516002714047083,"tight_session+may_session+may_session_hour",0.294549384687266,38.8806378430841,38.9220349042649,38.9624059142106,39.2418594468365,39.2418594468365,39.6209297234182,39.148112949719,39.1631067694478,39.1116019200986,38.8339098096068,38.7736449836726,38.5985145568848,0,0,0,0,0,0,0.05,0.05,0.9,0,0,0
"all_measured_520_analysis_set","within_cow_random5",4,"StrictHierarchicalEBResidualXGB",371,"C024","stable_hot","S01","measurement_group_1","measurement_status_1",37.1,35.1,14,38.3,39.1194122383937,-0.819412238393674,"tight_session+may_session+may_session_hour",0.294549384687266,38.9331378430841,38.9822019632697,39.0160522379667,39.2418594468365,39.2418594468365,39.2418594468365,39.148112949719,39.2312972563794,39.1116019200986,38.8099889027284,38.8498820062518,38.640567779541,0,0,0,0,0,0,0.05,0.05,0.9,0,0,0
"all_measured_520_analysis_set","within_cow_random5",4,"StrictHierarchicalEBResidualXGB",372,"C024","stable_hot","S01","measurement_group_1","measurement_status_1",37.7,36.2,15,38.2,39.1128368808077,-0.912836880807738,"tight_session+may_session+may_session_hour",0.294549384687266,38.9506378430842,38.94589199655,38.9634772795671,39.2418594468365,39.2418594468365,39.1209297234182,39.148112949719,39.0997901046608,39.1116019200986,38.8015760656365,38.8306634851569,38.6719703674316,0,0,0,0,0,0,0.05,0.05,0.9,0,0,0
"all_measured_520_analysis_set","within_cow_random5",4,"StrictHierarchicalEBResidualXGB",388,"C002","stable_cool","S01","measurement_group_1","measurement_status_1",36.7,5.2,15,39,38.9704560088171,0.0295439911828907,"may_session_hour+direct_xgb+tight_session",0.30595805698311,39.0370519637721,38.9515112997199,38.9347983597445,38.6617380632342,38.6617380632342,38.6617380632342,39.065655879844,38.9215018969658,39.0846822698036,39.0099742616856,38.9045348712409,38.8943099975586,0,0,0,0,0,0,0,0.7,0.3,0,0,0
"all_measured_520_analysis_set","within_cow_random5",4,"StrictHierarchicalEBResidualXGB",396,"C003","stable_cool","S01","measurement_group_1","measurement_status_1",34.7,10.4,16,38.6,38.5938529998273,0.00614700017273861,"may_session_hour+direct_xgb+tight_session",0.30595805698311,38.5416653881166,38.5672184462378,38.5736067107681,38.6617380632342,38.6617380632342,38.4205793544114,38.541479979567,38.6186415283212,38.536013100008,38.5365128926271,38.5580923874582,38.5578308105469,0,0,0,0,0,0,0,0.7,0.3,0,0,0
"all_measured_520_analysis_set","within_cow_random5",4,"StrictHierarchicalEBResidualXGB",400,"C004","stable_cool","S01","measurement_group_1","measurement_status_1",27.6,7.5,13,37.5,37.6050441602005,-0.105044160200464,"may_session_hour+direct_xgb+tight_session",0.30595805698311,37.6344977842055,37.8244354379806,37.8765050031586,38.6617380632342,38.6617380632342,38.6617380632342,37.6633151596224,37.5999998997465,37.6168141012596,37.3794787051667,37.7517252144846,37.6915855407715,0,0,0,0,0,0,0,0.7,0.3,0,0,0
"all_measured_520_analysis_set","within_cow_random5",4,"StrictHierarchicalEBResidualXGB",404,"C005","stable_hot","S01","measurement_group_1","measurement_status_1",36.5,34,16,37.9,37.9700173690714,-0.0700173690713939,"tight_session+may_session+may_session_hour",0.294549384687266,37.9366064764656,38.2279772309068,38.3008199195171,39.2418594468365,39.2418594468365,39.2418594468365,38.1855111061446,38.650606058056,37.9202350120682,37.7457885393994,38.1353503016237,37.8259048461914,0,0,0,0,0,0,0.05,0.05,0.9,0,0,0
"all_measured_520_analysis_set","within_cow_random5",4,"StrictHierarchicalEBResidualXGB",412,"C008","stable_cool","S01","measurement_group_1","measurement_status_1",30.1,7.6,9,38.1,38.1597969776216,-0.0597969776215805,"may_session_hour+direct_xgb+tight_session",0.30595805698311,38.2079192580857,38.3278139512627,38.3577876245569,38.6617380632342,38.6617380632342,38.6617380632342,38.2079134975725,38.1481985429067,38.1868599919563,38.2010345255012,38.3069120756923,38.1969337463379,0,0,0,0,0,0,0,0.7,0.3,0,0,0
"all_measured_520_analysis_set","within_cow_random5",4,"StrictHierarchicalEBResidualXGB",413,"C008","stable_cool","S01","measurement_group_1","measurement_status_1",33.5,7.5,10,38.1,38.1597969776216,-0.0597969776215805,"may_session_hour+direct_xgb+tight_session",0.30595805698311,38.1890333879207,38.3016175180324,38.332798779694,38.6617380632342,38.6617380632342,38.6617380632342,38.2079134975725,38.1481985429067,38.1868599919563,38.1279483374383,38.3095138426521,38.2119636535645,0,0,0,0,0,0,0,0.7,0.3,0,0,0
"all_measured_520_analysis_set","within_cow_random5",4,"StrictHierarchicalEBResidualXGB",418,"C009","stable_hot","S01","measurement_group_1","measurement_status_1",32.6,22,23,40.5,40.5152678914315,-0.0152678914314706,"tight_session+may_session+may_session_hour",0.294549384687266,39.9990004288552,39.9149487238602,39.8666289940498,39.2418594468365,39.2418594468365,39.2418594468365,40.3605179049462,40.5203283071896,40.5235839786941,40.2665807827898,40.0737088393645,40.2321853637695,0,0,0,0,0,0,0.05,0.05,0.9,0,0,0
"all_measured_520_analysis_set","within_cow_random5",4,"StrictHierarchicalEBResidualXGB",420,"C009","stable_hot","S01","measurement_group_1","measurement_status_1",36.1,32.2,16,39.6,39.4978148924754,0.102185107524562,"tight_session+may_session+may_session_hour",0.294549384687266,39.7890004288552,39.7104651213907,39.6972744909629,39.2418594468365,39.2418594468365,39.2418594468365,39.2620270242379,39.0792040515717,39.5341703763166,39.6479991750155,39.6988276972719,39.7637825012207,0,0,0,0,0,0,0.05,0.05,0.9,0,0,0
"all_measured_520_analysis_set","within_cow_random5",4,"StrictHierarchicalEBResidualXGB",433,"C011","stable_cool","S01","measurement_group_1","measurement_status_1",30.8,20,15,38.1,38.1247848184427,-0.0247848184427255,"may_session_hour+direct_xgb+tight_session",0.30595805698311,38.2171293631529,38.2955128477075,38.3191017653173,38.6617380632342,38.6617380632342,38.6617380632342,38.2419508936944,38.0829120862932,38.2224878601248,38.0607109580154,38.2696238533714,38.1794052124023,0,0,0,0,0,0,0,0.7,0.3,0,0,0
"all_measured_520_analysis_set","within_cow_random5",4,"StrictHierarchicalEBResidualXGB",438,"C012","stable_hot","S01","measurement_group_1","measurement_status_1",32.7,27,23,40.4,40.3682704103667,0.0317295896332652,"tight_session+may_session+may_session_hour",0.294549384687266,39.8279400108678,39.7784911154764,39.7432177556354,39.2418594468365,39.2418594468365,39.2418594468365,40.205020259488,40.3087400985016,40.3806471027414,40.1287836065007,39.9435447811144,40.0610160827637,0,0,0,0,0,0,0.05,0.05,0.9,0,0,0
"all_measured_520_analysis_set","within_cow_random5",4,"StrictHierarchicalEBResidualXGB",443,"C013","stable_hot","S01","measurement_group_1","measurement_status_1",34.4,24.9,2,39.1,39.1338073369681,-0.0338073369681027,"tight_session+may_session+may_session_hour",0.294549384687266,38.9974561347605,39.0664389658317,39.0836846735995,39.2418594468365,39.2418594468365,39.2418594468365,39.1429633960951,39.2817973222116,39.1250770011697,39.0212341436052,39.0732955866091,39.0222930908203,0,0,0,0,0,0,0.05,0.05,0.9,0,0,0
"all_measured_520_analysis_set","within_cow_random5",4,"StrictHierarchicalEBResidualXGB",454,"C016","stable_cool","S01","measurement_group_1","measurement_status_1",27.6,7,23,38.7,38.7244762295574,-0.0244762295573722,"may_session_hour+direct_xgb+tight_session",0.30595805698311,38.7219627927027,38.6865236746815,38.6750035358365,38.6617380632342,38.6617380632342,38.6617380632342,38.7051892886479,38.7317247833701,38.7075629373277,38.8898425206148,38.6986096619365,38.8093032836914,0,0,0,0,0,0,0,0.7,0.3,0,0,0
"all_measured_520_analysis_set","within_cow_random5",4,"StrictHierarchicalEBResidualXGB",456,"C016","stable_cool","S01","measurement_group_1","measurement_status_1",31.1,4.5,9,38.8,38.8297529855261,-0.0297529855261445,"may_session_hour+direct_xgb+tight_session",0.30595805698311,38.7044627927027,38.7250623025706,38.7195199204486,38.6617380632342,38.6617380632342,38.6808690316171,38.7051892886479,38.8821201490398,38.7075629373277,38.7345910707113,38.738274226222,38.7534866333008,0,0,0,0,0,0,0,0.7,0.3,0,0,0
"all_measured_520_analysis_set","within_cow_random5",4,"StrictHierarchicalEBResidualXGB",472,"C021","stable_cool","S01","measurement_group_1","measurement_status_1",30,7.7,21,38.3,38.3540765530874,-0.0540765530874339,"may_session_hour+direct_xgb+tight_session",0.30595805698311,38.2795409177027,38.4062741357219,38.437259971512,38.6617380632342,39.2085987571348,39.0308690316171,38.2744615891174,38.39656821175,38.2549293495414,38.4923455168978,38.4193886169549,38.3522834777832,0,0,0,0,0,0,0,0.7,0.3,0,0,0
"all_measured_520_analysis_set","within_cow_random5",4,"StrictHierarchicalEBResidualXGB",478,"C021","stable_cool","S01","measurement_group_1","measurement_status_1",32,18.8,13,38.2,38.2615460053749,-0.0615460053748649,"may_session_hour+direct_xgb+tight_session",0.30595805698311,38.2541448009042,38.3200462867459,38.3399057082629,38.6617380632342,38.6617380632342,38.6617380632342,38.2744615891174,38.2643817150178,38.2549293495414,38.3190423433615,38.2934431486716,38.2261962890625,0,0,0,0,0,0,0,0.7,0.3,0,0,0
"all_measured_520_analysis_set","within_cow_random5",4,"StrictHierarchicalEBResidualXGB",479,"C022","stable_cool","S01","measurement_group_1","measurement_status_1",32.5,8.6,21,38.4,38.4492015449121,-0.0492015449121439,"may_session_hour+direct_xgb+tight_session",0.30595805698311,38.4714940427027,38.5601152815552,38.5847078881787,38.6617380632342,38.6617380632342,39.4308690316171,38.4861752041408,38.4371120932008,38.477410265572,38.7392562689818,38.5727494890498,38.611026763916,0,0,0,0,0,0,0,0.7,0.3,0,0,0
"all_measured_520_analysis_set","within_cow_random5",4,"StrictHierarchicalEBResidualXGB",482,"C023","stable_cool","S01","measurement_group_1","measurement_status_1",33.8,12,17,38.9,38.9840979822863,-0.0840979822862664,"may_session_hour+direct_xgb+tight_session",0.30595805698311,39.0481177790336,38.9586757375529,38.9363152271827,38.6617380632342,38.6617380632342,38.6617380632342,39.0483113543756,38.9480819219468,39.0681354564117,39.0490981158146,38.9491183302035,39.1229057312012,0,0,0,0,0,0,0,0.7,0.3,0,0,0
"all_measured_520_analysis_set","within_cow_random5",4,"StrictHierarchicalEBResidualXGB",487,"C025","stable_cool","S01","measurement_group_1","measurement_status_1",29.8,14.5,15,39.4,39.3884466553625,0.0115533446374698,"may_session_hour+direct_xgb+tight_session",0.30595805698311,39.3886541309547,39.2323433430635,39.1928788551006,38.6617380632342,38.6617380632342,38.6617380632342,39.3856074033897,39.3751019802659,39.4195842305879,39.224359593561,39.2478874055439,39.3699607849121,0,0,0,0,0,0,0,0.7,0.3,0,0,0
"all_measured_520_analysis_set","within_cow_random5",4,"StrictHierarchicalEBResidualXGB",492,"C025","stable_cool","S01","measurement_group_1","measurement_status_1",31.1,11.3,19,39.5,39.3987799203193,0.101220079680715,"may_session_hour+direct_xgb+tight_session",0.30595805698311,39.4061541309547,39.2858710440042,39.2526009812764,38.6617380632342,38.6617380632342,38.6617380632342,39.3856074033897,39.389863787347,39.4195842305879,39.5561750241684,39.2968933910298,39.4492492675781,0,0,0,0,0,0,0,0.7,0.3,0,0,0
"all_measured_520_analysis_set","within_cow_random5",4,"StrictHierarchicalEBResidualXGB",494,"C026","stable_cool","S01","measurement_group_1","measurement_status_1",32.1,3.1,1,38.6,38.6031007995502,-0.00310079955021791,"may_session_hour+direct_xgb+tight_session",0.30595805698311,38.6983217348659,38.6965561752212,38.69611478531,38.6617380632342,38.6617380632342,38.6617380632342,38.6980520017276,38.561614873536,38.6999012935833,38.7107911654069,38.6982738791038,38.7403793334961,0,0,0,0,0,0,0,0.7,0.3,0,0,0
"all_measured_520_analysis_set","within_cow_random5",4,"StrictHierarchicalEBResidualXGB",501,"C026","stable_cool","S01","measurement_group_1","measurement_status_1",31.2,8.7,1,38.6,38.6031007995502,-0.00310079955021791,"may_session_hour+direct_xgb+tight_session",0.30595805698311,38.6983217348659,38.6965561752212,38.69611478531,38.6617380632342,38.6617380632342,38.6617380632342,38.6980520017276,38.561614873536,38.6999012935833,38.7988168293709,38.7402183060538,38.8854866027832,0,0,0,0,0,0,0,0.7,0.3,0,0,0
"all_measured_520_analysis_set","within_cow_random5",4,"StrictHierarchicalEBResidualXGB",508,"C027","stable_cool","S01","measurement_group_1","measurement_status_1",30.5,6.1,13,38.8,38.7207169325179,0.079283067482109,"may_session_hour+direct_xgb+tight_session",0.30595805698311,38.9227408182612,38.8556002986617,38.849817696657,38.6617380632342,39.8011913497274,39.4308690316171,38.9907736083758,38.5983237779543,39.0063009598328,38.8124929151518,38.8342212804593,38.9095726013184,0,0,0,0,0,0,0,0.7,0.3,0,0,0
"all_measured_520_analysis_set","within_cow_random5",4,"StrictHierarchicalEBResidualXGB",510,"C028","stable_hot","S01","measurement_group_1","measurement_status_1",36.6,37.5,11,40.2,40.1639249882343,0.0360750117656679,"tight_session+may_session+may_session_hour",0.294549384687266,40.1553508716026,39.9517069423984,39.9007959600974,39.2418594468365,39.2418594468365,39.2418594468365,40.0641759318049,39.7617977923902,40.1918070022495,40.0470424920285,39.8787778878998,39.7690048217773,0,0,0,0,0,0,0.05,0.05,0.9,0,0,0
"all_measured_520_analysis_set","within_cow_random5",4,"StrictHierarchicalEBResidualXGB",520,"C030","stable_cool","S01","measurement_group_1","measurement_status_1",32.3,8.3,10,40.3,40.1994935013739,0.100506498626139,"may_session_hour+direct_xgb+tight_session",0.30595805698311,40.175503976156,39.8901469297971,39.8145634855764,38.6617380632342,38.6617380632342,38.6617380632342,40.1480450765199,40.1917127972927,40.2176484775633,40.1552195134564,39.9566445909705,40.0984573364258,0,0,0,0,0,0,0,0.7,0.3,0,0,0
"all_measured_520_analysis_set","within_cow_random5",5,"StrictHierarchicalEBResidualXGB",4,"C021","stable_cool","S01","measurement_group_1","measurement_status_1",32.6,20.8,14,38.4,38.21418070186,0.185819298139961,"may_session_hour+eb_exact+direct_xgb",0.322856247803966,38.2505969982079,38.324629672299,38.3431378408218,38.6454471544715,38.6454471544715,38.6454471544715,38.251119709626,38.2168739874954,38.2342371154555,38.1379561990409,38.2918109786314,38.1949768066406,0.05,0,0,0,0,0,0,0.75,0,0,0,0.2
"all_measured_520_analysis_set","within_cow_random5",5,"StrictHierarchicalEBResidualXGB",11,"C003","stable_cool","S01","measurement_group_1","measurement_status_1",33.3,6.1,11,38.8,38.5998281018937,0.200171898106333,"may_session_hour+eb_exact+direct_xgb",0.322856247803966,38.5624916670828,38.5884216075352,38.5936253994807,38.6454471544715,38.2414122252334,38.3727235772358,38.5543235644161,38.6122296506959,38.5502245684399,38.5217215966042,38.5844448093845,38.5626564025879,0.05,0,0,0,0,0,0,0.75,0,0,0,0.2
"all_measured_520_analysis_set","within_cow_random5",5,"StrictHierarchicalEBResidualXGB",15,"C003","stable_cool","S01","measurement_group_1","measurement_status_1",33.6,8,13,38.4,38.4850388016319,-0.0850388016319101,"may_session_hour+eb_exact+direct_xgb",0.322856247803966,38.5449916670828,38.5393382742019,38.539458732814,38.6454471544715,38.6454471544715,38.4484823848238,38.5543235644161,38.4923192181204,38.5502245684399,38.460657017486,38.5057405962558,38.4427490234375,0.05,0,0,0,0,0,0,0.75,0,0,0,0.2
"all_measured_520_analysis_set","within_cow_random5",5,"StrictHierarchicalEBResidualXGB",27,"C002","stable_cool","S01","measurement_group_1","measurement_status_1",32.8,8,13,39.2,38.9648925430575,0.235107456942465,"may_session_hour+eb_exact+direct_xgb",0.322856247803966,39.038683411565,38.9349257948001,38.9176541038317,38.6454471544715,38.6454471544715,38.6454471544715,39.0921144231419,38.9331886779542,39.1131448855029,38.9605330185529,38.9291496222963,39.0653343200684,0.05,0,0,0,0,0,0,0.75,0,0,0,0.2
"all_measured_520_analysis_set","within_cow_random5",5,"StrictHierarchicalEBResidualXGB",34,"C002","stable_cool","S01","measurement_group_1","measurement_status_1",33.5,5.5,23,39.2,39.2938188518464,-0.0938188518464358,"may_session_hour+eb_exact+direct_xgb",0.322856247803966,39.0926158493958,38.9856034322048,38.9588503279071,38.6454471544715,38.1673381511593,38.6484823848238,39.0921144231419,39.2901047497418,39.1131448855029,39.3958907851257,39.018392822739,39.3580474853516,0.05,0,0,0,0,0,0,0.75,0,0,0,0.2
"all_measured_520_analysis_set","within_cow_random5",5,"StrictHierarchicalEBResidualXGB",36,"C029","stable_cool","S01","measurement_group_1","measurement_status_1",35.7,6.1,11,38.1,38.4690282511898,-0.369028251189839,"may_session_hour+eb_exact+direct_xgb",0.322856247803966,38.3638232797363,38.4296005592729,38.4460448791571,38.6454471544715,38.6454471544715,38.6454471544715,38.3637141461336,38.5036205921822,38.3507085066961,38.3431275957795,38.4209701699253,38.365608215332,0.05,0,0,0,0,0,0,0.75,0,0,0,0.2
"all_measured_520_analysis_set","within_cow_random5",5,"StrictHierarchicalEBResidualXGB",40,"C029","stable_cool","S01","measurement_group_1","measurement_status_1",36.3,8,13,38.5,38.2859017359109,0.214098264089102,"may_session_hour+eb_exact+direct_xgb",0.322856247803966,38.3179527614102,38.3582261043976,38.3756664877326,38.6454471544715,38.6454471544715,38.6454471544715,38.3637141461336,38.2878741161309,38.3507085066961,38.290507903788,38.3246284264515,38.2704925537109,0.05,0,0,0,0,0,0,0.75,0,0,0,0.2
"all_measured_520_analysis_set","within_cow_random5",5,"StrictHierarchicalEBResidualXGB",50,"C001","stable_cool","S01","measurement_group_1","measurement_status_1",31.3,6.9,12,38.3,38.1754331693852,0.124566830614846,"may_session_hour+eb_exact+direct_xgb",0.322856247803966,38.23608707252,38.2860902134368,38.3070964406985,38.6454471544715,38.6454471544715,38.6454471544715,38.2898752116121,38.1585109063638,38.2757452334311,38.2026272997626,38.2507570643017,38.2237281799316,0.05,0,0,0,0,0,0,0.75,0,0,0,0.2
"all_measured_520_analysis_set","within_cow_random5",5,"StrictHierarchicalEBResidualXGB",59,"C001","stable_cool","S01","measurement_group_1","measurement_status_1",30.6,5.4,22,38.1,38.2532247482959,-0.153224748295933,"may_session_hour+eb_exact+direct_xgb",0.322856247803966,38.2890098229445,38.364695124909,38.3836164504002,38.8811442336646,38.8340048178259,38.7727235772358,38.2898752116121,38.2250134219665,38.2757452334311,38.4970020132166,38.3775240216625,38.3500709533691,0.05,0,0,0,0,0,0,0.75,0,0,0,0.2
"all_measured_520_analysis_set","within_cow_random5",5,"StrictHierarchicalEBResidualXGB",61,"C027","stable_cool","S01","measurement_group_1","measurement_status_1",29.5,5.4,0,38.9,38.8968136911063,0.0031863088937456,"may_session_hour+eb_exact+direct_xgb",0.322856247803966,38.8722740255376,38.8243076996928,38.8123161182316,38.6454471544715,38.6454471544715,38.6454471544715,38.8722633211578,38.9151756700329,38.8839695139756,38.8408021502456,38.8208247928465,38.8340911865234,0.05,0,0,0,0,0,0,0.75,0,0,0,0.2
"all_measured_520_analysis_set","within_cow_random5",5,"StrictHierarchicalEBResidualXGB",63,"C027","stable_cool","S01","measurement_group_1","measurement_status_1",31.5,5,11,38.7,39.9834042482281,-1.2834042482281,"may_session_hour+eb_exact+direct_xgb",0.322856247803966,39.3321260710685,39.1976734774026,39.0901555359543,38.6454471544715,38.6454471544715,38.6454471544715,38.8722633211578,40.3151900248657,38.8839695139756,38.8291991878674,39.1958406005824,38.902027130127,0.05,0,0,0,0,0,0,0.75,0,0,0,0.2
"all_measured_520_analysis_set","within_cow_random5",5,"StrictHierarchicalEBResidualXGB",73,"C026","stable_cool","S01","measurement_group_1","measurement_status_1",28.6,5.4,0,38.3,38.620845675706,-0.320845675705961,"may_session_hour+eb_exact+direct_xgb",0.322856247803966,38.6861139581045,38.6756405971344,38.6759579600091,38.6454471544715,38.6454471544715,38.7727235772358,38.7040881073524,38.6210171302317,38.7069871883815,38.5884436929627,38.670389378104,38.6038856506348,0.05,0,0,0,0,0,0,0.75,0,0,0,0.2
"all_measured_520_analysis_set","within_cow_random5",5,"StrictHierarchicalEBResidualXGB",83,"C016","stable_cool","S01","measurement_group_1","measurement_status_1",31.9,9.3,13,38.1,38.4532411131881,-0.353241113188069,"may_session_hour+eb_exact+direct_xgb",0.322856247803966,38.7233747759857,38.6819084229391,38.6715418346774,38.6454471544715,38.6454471544715,38.3227235772358,38.7229839071569,38.4000296046538,38.7264814127329,38.5597447937745,38.6530354673486,38.5852508544922,0.05,0,0,0,0,0,0,0.75,0,0,0,0.2
"all_measured_520_analysis_set","within_cow_random5",5,"StrictHierarchicalEBResidualXGB",90,"C022","stable_cool","S01","measurement_group_1","measurement_status_1",25.3,5,11,38.3,38.3128926512828,-0.01289265128284,"may_session_hour+eb_exact+direct_xgb",0.322856247803966,38.3612841901882,38.4283610579077,38.4540376904122,38.6454471544715,38.6454471544715,38.6454471544715,38.4169098330828,38.2947545727552,38.4071878144989,38.1885766381834,38.4158563713062,38.3688125610352,0.05,0,0,0,0,0,0,0.75,0,0,0,0.2
"all_measured_520_analysis_set","within_cow_random5",5,"StrictHierarchicalEBResidualXGB",95,"C022","stable_cool","S01","measurement_group_1","measurement_status_1",32.5,8,13,38.7,38.5091939370053,0.190806062994703,"may_session_hour+eb_exact+direct_xgb",0.322856247803966,38.3787841901882,38.4067777245744,38.4198710237455,38.6454471544715,38.6454471544715,38.6454471544715,38.4169098330828,38.5677873498773,38.4071878144989,38.2916599787245,38.3743433318539,38.3220710754395,0.05,0,0,0,0,0,0,0.75,0,0,0,0.2
"all_measured_520_analysis_set","within_cow_random5",5,"StrictHierarchicalEBResidualXGB",104,"C014","stable_cool","S01","measurement_group_1","measurement_status_1",30.4,5,11,38.5,38.2759938197794,0.224006180220606,"may_session_hour+eb_exact+direct_xgb",0.322856247803966,38.2804854460685,38.3637802482359,38.394165952621,38.325588678109,38.3895603733815,38.4727235772358,38.3393290488573,38.2605832166216,38.3239313460367,38.2658516820079,38.3666142390817,38.3326606750488,0.05,0,0,0,0,0,0,0.75,0,0,0,0.2
"all_measured_520_analysis_set","within_cow_random5",5,"StrictHierarchicalEBResidualXGB",107,"C014","stable_cool","S01","measurement_group_1","measurement_status_1",32,6.9,12,38.2,38.0592485733896,0.140751426610386,"may_session_hour+eb_exact+direct_xgb",0.322856247803966,38.2979854460685,38.3354528288811,38.2617230432748,38.6454471544715,38.1673381511593,38.5242411924119,38.3393290488573,38.003553788167,38.3239313460367,38.2400255225031,38.2962615418701,38.2084197998047,0.05,0,0,0,0,0,0,0.75,0,0,0,0.2
"all_measured_520_analysis_set","within_cow_random5",5,"StrictHierarchicalEBResidualXGB",122,"C023","stable_cool","S01","measurement_group_1","measurement_status_1",33,8,13,38.9,38.9142869223535,-0.0142869223535342,"may_session_hour+eb_exact+direct_xgb",0.322856247803966,38.9739777351942,38.8829179955641,38.8660841198109,38.6454471544715,38.6454471544715,38.6454471544715,39.0104246724494,38.9257899475235,39.0276380018984,38.8910200799798,38.8504836028436,38.8562278747559,0.05,0,0,0,0,0,0,0.75,0,0,0,0.2
"all_measured_520_analysis_set","within_cow_random5",5,"StrictHierarchicalEBResidualXGB",125,"C023","stable_cool","S01","measurement_group_1","measurement_status_1",35.3,9.1,15,39,38.9195288046778,0.0804711953222466,"may_session_hour+eb_exact+direct_xgb",0.322856247803966,39.0264777351942,38.9381679955641,38.9135841198109,38.6454471544715,38.6454471544715,38.6454471544715,39.0104246724494,38.9257899475235,39.0276380018984,38.9231766144612,38.904570317618,38.869312286377,0.05,0,0,0,0,0,0,0.75,0,0,0,0.2
"all_measured_520_analysis_set","within_cow_random5",5,"StrictHierarchicalEBResidualXGB",137,"C011","stable_cool","S01","measurement_group_1","measurement_status_1",30.6,10.9,23,38.2,38.439067270377,-0.23906727037695,"may_session_hour+eb_exact+direct_xgb",0.322856247803966,38.2609300235215,38.3198333473342,38.329818156362,38.6454471544715,38.6454471544715,38.6454471544715,38.2319900799964,38.4934010239736,38.2142812655659,38.5457438654009,38.3382152074414,38.2798500061035,0.05,0,0,0,0,0,0,0.75,0,0,0,0.2
"all_measured_520_analysis_set","within_cow_random5",5,"StrictHierarchicalEBResidualXGB",139,"C004","stable_cool","S01","measurement_group_1","measurement_status_1",28.8,7.9,1,37.8,37.9481665769298,-0.14816657692981,"may_session_hour+eb_exact+direct_xgb",0.322856247803966,37.6486530010986,37.8657611105563,37.9200381379207,38.6454471544715,38.6454471544715,38.6454471544715,37.648928827574,38.0139778367446,37.6025232751566,37.5890034596057,37.8478646967532,37.776252746582,0.05,0,0,0,0,0,0,0.75,0,0,0,0.2
"all_measured_520_analysis_set","within_cow_random5",5,"StrictHierarchicalEBResidualXGB",140,"C004","stable_cool","S01","measurement_group_1","measurement_status_1",27.6,3.5,14,37.6,37.6009884589008,-0.000988458900842204,"may_session_hour+eb_exact+direct_xgb",0.322856247803966,37.6486530010986,37.8430744746116,37.8916798429898,38.6454471544715,38.6454471544715,38.6454471544715,37.648928827574,37.5753341367294,37.6025232751566,37.3701728711542,37.8030678221372,37.6852760314941,0.05,0,0,0,0,0,0,0.75,0,0,0,0.2
"all_measured_520_analysis_set","within_cow_random5",5,"StrictHierarchicalEBResidualXGB",147,"C004","stable_cool","S01","measurement_group_1","measurement_status_1",31,8.6,13,37.5,37.5998723764889,-0.0998723764888823,"may_session_hour+eb_exact+direct_xgb",0.322856247803966,37.6226387259063,37.8016912153783,37.8506352034022,38.6454471544715,38.6454471544715,38.6227235772358,37.648928827574,37.5753341367294,37.6025232751566,37.4506609202376,37.7464687525156,37.6861991882324,0.05,0,0,0,0,0,0,0.75,0,0,0,0.2
"all_measured_520_analysis_set","within_cow_random5",5,"StrictHierarchicalEBResidualXGB",157,"C028","stable_hot","S01","measurement_group_1","measurement_status_1",38.4,38.5,20,40.1,40.0507119936631,0.0492880063368943,"tight_session+may_session+may_session_hour",0.296986198838704,40.1495075999191,39.9683578387292,39.9230703984318,39.2628426395939,39.2628426395939,39.381421319797,39.9337406492119,39.6595005139223,40.0897024418135,40.144018344382,39.9720368166844,39.9760932922363,0,0,0,0,0,0,0.25,0,0.75,0,0,0
"all_measured_520_analysis_set","within_cow_random5",5,"StrictHierarchicalEBResidualXGB",162,"C028","stable_hot","S01","measurement_group_1","measurement_status_1",37.2,34.8,20,40.3,40.2540678575302,0.0459321424697805,"tight_session+may_session+may_session_hour",0.296986198838704,40.1495075999191,39.9683578387292,39.9230703984318,39.2628426395939,39.4385147584132,39.431421319797,40.151085238287,39.8702649548525,40.288395397278,40.2237261325604,40.029185898641,40.0786552429199,0,0,0,0,0,0,0.25,0,0.75,0,0,0
"all_measured_520_analysis_set","within_cow_random5",5,"StrictHierarchicalEBResidualXGB",174,"C008","stable_cool","S01","measurement_group_1","measurement_status_1",31.6,3.5,22,38.3,38.3062380658318,-0.00623806583179487,"may_session_hour+eb_exact+direct_xgb",0.322856247803966,38.1799223509438,38.2774251473085,38.3018008463997,38.6454471544715,38.6454471544715,38.6454471544715,38.1799122070754,38.3098042464758,38.1583180185859,38.3772926033935,38.3065982011096,38.3244438171387,0.05,0,0,0,0,0,0,0.75,0,0,0,0.2
"all_measured_520_analysis_set","within_cow_random5",5,"StrictHierarchicalEBResidualXGB",175,"C008","stable_cool","S01","measurement_group_1","measurement_status_1",33.6,7.9,1,38.2,38.2379811337278,-0.0379811337278113,"may_session_hour+eb_exact+direct_xgb",0.322856247803966,38.1834359395286,38.2935372671777,38.2774629454923,38.6454471544715,38.6454471544715,38.4227235772358,38.1799122070754,38.2454620095487,38.1583180185859,38.2424117548127,38.3001395707683,38.2235641479492,0.05,0,0,0,0,0,0,0.75,0,0,0,0.2
"all_measured_520_analysis_set","within_cow_random5",5,"StrictHierarchicalEBResidualXGB",181,"C030","stable_cool","S01","measurement_group_1","measurement_status_1",30.4,10.5,10,40.3,40.2123267424595,0.0876732575404802,"may_session_hour+eb_exact+direct_xgb",0.322856247803966,40.1908072505743,39.9040535109913,39.8255405292564,38.6454471544715,38.6454471544715,38.6454471544715,40.1472737029203,40.2121288695301,40.2176087987278,40.1684242393648,39.9886981787955,40.218448638916,0.05,0,0,0,0,0,0,0.75,0,0,0,0.2
"all_measured_520_analysis_set","within_cow_random5",5,"StrictHierarchicalEBResidualXGB",185,"C030","stable_cool","S01","measurement_group_1","measurement_status_1",32.8,8.5,18,40.2,39.9862387769088,0.213761223091225,"may_session_hour+eb_exact+direct_xgb",0.322856247803966,40.1483434035754,39.8656072741799,39.7949232418311,38.6454471544715,38.6454471544715,38.6454471544715,40.1472737029203,39.9411835290254,40.2176087987278,40.2048195136818,39.9442786774092,40.1146697998047,0.05,0,0,0,0,0,0,0.75,0,0,0,0.2
"all_measured_520_analysis_set","within_cow_random5",5,"StrictHierarchicalEBResidualXGB",186,"C030","stable_cool","S01","measurement_group_1","measurement_status_1",32.2,3.5,20,40.2,40.0776247655338,0.122375234466226,"may_session_hour+eb_exact+direct_xgb",0.322856247803966,40.1483434035754,39.8419709105436,39.7653777872856,38.6454471544715,38.6454471544715,38.6454471544715,40.1472737029203,40.0551579787025,40.2176087987278,40.2216992416848,39.9232596431319,40.1441955566406,0.05,0,0,0,0,0,0,0.75,0,0,0,0.2
"all_measured_520_analysis_set","within_cow_random5",5,"StrictHierarchicalEBResidualXGB",190,"C018","stable_cool","S01","measurement_group_1","measurement_status_1",30.4,3.9,2,38.8,38.8225528282562,-0.0225528282561598,"may_session_hour+eb_exact+direct_xgb",0.322856247803966,38.792925446919,38.7619661639868,38.7542263432538,38.6454471544715,38.6454471544715,38.6454471544715,38.7925853372693,38.7910220143256,38.7996196456197,38.8729711283358,38.7888151581823,38.9482002258301,0.05,0,0,0,0,0,0,0.75,0,0,0,0.2
"all_measured_520_analysis_set","within_cow_random5",5,"StrictHierarchicalEBResidualXGB",194,"C018","stable_cool","S01","measurement_group_1","measurement_status_1",32.9,8.8,15,38.8,38.7556652733905,0.0443347266094847,"may_session_hour+eb_exact+direct_xgb",0.322856247803966,38.7949063217817,38.7791579383838,38.762930778381,38.6454471544715,38.7599307437519,38.7227235772358,38.7925853372693,38.7779750635113,38.7996196456197,38.7180555089392,38.7515197935927,38.6621932983398,0.05,0,0,0,0,0,0,0.75,0,0,0,0.2
"all_measured_520_analysis_set","within_cow_random5",5,"StrictHierarchicalEBResidualXGB",205,"C025","stable_cool","S01","measurement_group_1","measurement_status_1",31.2,21.3,15,39.4,39.3691542085208,0.0308457914791873,"may_session_hour+eb_exact+direct_xgb",0.322856247803966,39.3880334627484,39.2275991101152,39.1870825718233,38.6454471544715,38.6454471544715,38.6454471544715,39.3848360297901,39.3675574169695,39.4195445517524,39.0969405286911,39.217002454806,39.3704223632812,0.05,0,0,0,0,0,0,0.75,0,0,0,0.2
"all_measured_520_analysis_set","within_cow_random5",5,"StrictHierarchicalEBResidualXGB",206,"C025","stable_cool","S01","measurement_group_1","measurement_status_1",31.9,24.5,14,39.4,39.3546433413901,0.0453566586098546,"may_session_hour+eb_exact+direct_xgb",0.322856247803966,39.4035564765804,39.2467392354225,39.2046322049193,38.6454471544715,38.6454471544715,38.6454471544715,39.3848360297901,39.3675574169695,39.4195445517524,39.0286461051325,39.2197310148691,39.2939872741699,0.05,0,0,0,0,0,0,0.75,0,0,0,0.2
"all_measured_520_analysis_set","within_cow_random5",5,"StrictHierarchicalEBResidualXGB",223,"C010","stable_hot","S01","measurement_group_1","measurement_status_1",37.3,31.9,20,38.7,38.7375284645816,-0.0375284645816407,"tight_session+may_session+may_session_hour",0.296986198838704,38.6648334380235,38.7808149741764,38.8120205890564,39.2628426395939,39.2628426395939,39.2628426395939,38.8287071801976,39.0107192170944,38.7071355593763,38.7777001198226,38.8020812073524,38.7921981811523,0,0,0,0,0,0,0.25,0,0.75,0,0,0
"all_measured_520_analysis_set","within_cow_random5",5,"StrictHierarchicalEBResidualXGB",230,"C019","stable_hot","S01","measurement_group_1","measurement_status_1",35.7,34.8,19,39.5,39.4990374078601,0.000962592139941876,"tight_session+may_session+may_session_hour",0.296986198838704,39.4683930488355,39.4090342197902,39.3941945125289,39.2628426395939,39.2628426395939,39.2628426395939,39.4979338031859,39.5970895553474,39.4994052760848,39.381564931089,39.4141845169812,39.3848571777344,0,0,0,0,0,0,0.25,0,0.75,0,0,0
"all_measured_520_analysis_set","within_cow_random5",5,"StrictHierarchicalEBResidualXGB",234,"C019","stable_hot","S01","measurement_group_1","measurement_status_1",31.6,21.1,23,39.5,39.4990374078601,0.000962592139941876,"tight_session+may_session+may_session_hour",0.296986198838704,39.4772429951616,39.5099385520123,39.5166901284225,39.2628426395939,39.2628426395939,39.2628426395939,39.4979338031859,39.5435780361934,39.4994052760848,40.0056459201318,39.5694315125845,39.6826591491699,0,0,0,0,0,0,0.25,0,0.75,0,0,0
"all_measured_520_analysis_set","within_cow_random5",5,"StrictHierarchicalEBResidualXGB",235,"C019","stable_hot","S01","measurement_group_1","measurement_status_1",35.4,34,16,39.5,39.4792410086781,0.0207589913218769,"tight_session+may_session+may_session_hour",0.296986198838704,39.4632429951616,39.4066228637299,39.4023424059877,39.2628426395939,39.3644406843392,39.331421319797,39.4304803425268,39.3993305822625,39.4954945640619,39.1986048953747,39.3607729183337,39.2972259521484,0,0,0,0,0,0,0.25,0,0.75,0,0,0
"all_measured_520_analysis_set","within_cow_random5",5,"StrictHierarchicalEBResidualXGB",245,"C005","stable_hot","S01","measurement_group_1","measurement_status_1",36.8,31.9,17,38,38.1215002203803,-0.121500220380291,"tight_session+may_session+may_session_hour",0.296986198838704,37.9374748743719,38.2228994974874,38.2942556532663,39.2628426395939,39.2628426395939,39.2628426395939,38.3900404139008,38.6299360915875,38.0319868225401,37.8818362726728,38.1410393798732,37.9343032836914,0,0,0,0,0,0,0.25,0,0.75,0,0,0
"all_measured_520_analysis_set","within_cow_random5",5,"StrictHierarchicalEBResidualXGB",252,"C017","stable_hot","S01","measurement_group_1","measurement_status_1",34.4,30.1,1,40.1,39.8580407533681,0.241959246631886,"tight_session+may_session+may_session_hour",0.296986198838704,39.4196970965941,39.4088151870464,39.4060947096594,39.2628426395939,39.2628426395939,39.7814213197969,39.7769928944833,39.7164360859441,39.8850567063297,39.5586172225105,39.5205276651476,39.6477661132812,0,0,0,0,0,0,0.25,0,0.75,0,0,0
"all_measured_520_analysis_set","within_cow_random5",5,"StrictHierarchicalEBResidualXGB",253,"C017","stable_hot","S01","measurement_group_1","measurement_status_1",31.5,30,12,38.9,39.1102003688487,-0.210200368848724,"tight_session+may_session+may_session_hour",0.296986198838704,39.4196970965941,39.3100933556672,39.2826924204355,39.2628426395939,39.2628426395939,39.2628426395939,39.1152332447652,38.9513596780483,39.1085227435432,39.3460638344326,39.2989335063141,39.1995086669922,0,0,0,0,0,0,0.25,0,0.75,0,0,0
"all_measured_520_analysis_set","within_cow_random5",5,"StrictHierarchicalEBResidualXGB",257,"C017","stable_hot","S01","measurement_group_1","measurement_status_1",36.6,34.5,18,39.3,39.4263819697237,-0.126381969723688,"tight_session+may_session+may_session_hour",0.296986198838704,39.4196970965941,39.3695832758564,39.357054820672,39.2628426395939,39.2628426395939,39.2628426395939,39.4104021215671,39.348079874398,39.4317085857759,39.3481910062738,39.3368593423981,39.2756538391113,0,0,0,0,0,0,0.25,0,0.75,0,0,0
"all_measured_520_analysis_set","within_cow_random5",5,"StrictHierarchicalEBResidualXGB",274,"C020","stable_hot","S01","measurement_group_1","measurement_status_1",37,35.5,19,39.5,39.0936371859466,0.406362814053374,"tight_session+may_session+may_session_hour",0.296986198838704,39.4708082077052,39.4109663468859,39.3960058816811,39.2628426395939,39.2628426395939,39.381421319797,39.1719027845568,39.2135154934189,39.0675486530766,39.443767714883,39.3842358355484,39.2520179748535,0,0,0,0,0,0,0.25,0,0.75,0,0,0
"all_measured_520_analysis_set","within_cow_random5",5,"StrictHierarchicalEBResidualXGB",275,"C020","stable_hot","S01","measurement_group_1","measurement_status_1",37.1,35.5,19,40.2,40.1839318330626,0.016068166937373,"tight_session+may_session+may_session_hour",0.296986198838704,39.4708082077052,39.4109663468859,39.3960058816811,39.2628426395939,39.2628426395939,39.381421319797,40.0467658141351,39.657095153381,40.2296538393718,39.4464576530959,39.4036663844324,39.3836441040039,0,0,0,0,0,0,0.25,0,0.75,0,0,0
"all_measured_520_analysis_set","within_cow_random5",5,"StrictHierarchicalEBResidualXGB",280,"C020","stable_hot","S01","measurement_group_1","measurement_status_1",34.5,32.1,22,39.5,39.5683028450724,-0.0683028450724166,"tight_session+may_session+may_session_hour",0.296986198838704,39.5984167713568,39.5867194828308,39.563286641541,39.2628426395939,39.2628426395939,39.2628426395939,39.5557250301596,39.6362483377701,39.5724954500433,39.6511951080533,39.6529138010657,39.7278060913086,0,0,0,0,0,0,0.25,0,0.75,0,0,0
"all_measured_520_analysis_set","within_cow_random5",5,"StrictHierarchicalEBResidualXGB",285,"C009","stable_hot","S01","measurement_group_1","measurement_status_1",36.1,32.5,13,39.3,39.5016547367073,-0.20165473670734,"tight_session+may_session+may_session_hour",0.296986198838704,39.9180304299274,39.7611761027359,39.721962520938,39.2628426395939,39.2628426395939,38.931421319797,39.4817493799031,39.3325378185043,39.5082898556421,39.6820613828256,39.6962374382996,39.7114219665527,0,0,0,0,0,0,0.25,0,0.75,0,0,0
"all_measured_520_analysis_set","within_cow_random5",5,"StrictHierarchicalEBResidualXGB",294,"C012","stable_hot","S01","measurement_group_1","measurement_status_1",37,35,13,39.1,39.0601387396835,0.0398612603164707,"tight_session+may_session+may_session_hour",0.296986198838704,39.8221970965941,39.6845094360692,39.650087520938,39.2628426395939,39.2628426395939,39.2628426395939,39.1537806299031,39.1193581310043,39.028924776277,39.6119251794177,39.6073898025138,39.4181900024414,0,0,0,0,0,0,0.25,0,0.75,0,0,0
"all_measured_520_analysis_set","within_cow_random5",5,"StrictHierarchicalEBResidualXGB",298,"C012","stable_hot","S01","measurement_group_1","measurement_status_1",38.9,38.8,18,39.5,39.4756770926115,0.0243229073884521,"tight_session+may_session+may_session_hour",0.296986198838704,39.8221970965941,39.6915832758564,39.658929820672,39.2628426395939,39.2628426395939,39.2628426395939,39.4837116453766,39.3957310648742,39.4729989083565,39.6981574421036,39.6885383292716,39.6832962036133,0,0,0,0,0,0,0.25,0,0.75,0,0,0
"all_measured_520_analysis_set","within_cow_random5",5,"StrictHierarchicalEBResidualXGB",307,"C006","stable_hot","S01","measurement_group_1","measurement_status_1",35.1,31.4,13,38.5,39.4496672587297,-0.949667258729676,"tight_session+may_session+may_session_hour",0.296986198838704,39.1655626046901,39.1609156686209,39.1790344779453,39.2628426395939,38.7718480917466,39.2628426395939,39.3435769947652,39.2080747293385,39.4850306800512,39.0850526460278,39.1090444135807,39.0912437438965,0,0,0,0,0,0,0.25,0,0.75,0,0,0
"all_measured_520_analysis_set","within_cow_random5",5,"StrictHierarchicalEBResidualXGB",315,"C006","stable_hot","S01","measurement_group_1","measurement_status_1",35.3,31.5,21,38.5,38.5817765168995,-0.0817765168994953,"tight_session+may_session+may_session_hour",0.296986198838704,39.3055626046901,39.3090259980458,39.3066723897264,39.2628426395939,40.1051814250799,39.387614213198,38.8852191970466,39.0508321753918,38.4806289568505,39.3463524854354,39.3206738119992,39.3334159851074,0,0,0,0,0,0,0.25,0,0.75,0,0,0
"all_measured_520_analysis_set","within_cow_random5",5,"StrictHierarchicalEBResidualXGB",322,"C015","stable_hot","S01","measurement_group_1","measurement_status_1",34.7,32.2,12,39.7,38.3186285634068,1.38137143659323,"tight_session+may_session+may_session_hour",0.296986198838704,38.6001042713568,38.4025029034059,38.5105985283561,39.2628426395939,38.4755517954503,38.731421319797,38.4260110436307,38.5033652473109,38.2828344033321,38.5965335550261,38.3002376497429,38.440486907959,0,0,0,0,0,0,0.25,0,0.75,0,0,0
"all_measured_520_analysis_set","within_cow_random5",5,"StrictHierarchicalEBResidualXGB",331,"C015","stable_hot","S01","measurement_group_1","measurement_status_1",35.5,33.1,19,39,39.5723026686484,-0.572302668648419,"tight_session+may_session+may_session_hour",0.296986198838704,38.6526042713568,38.6141625044414,38.6852286105854,39.2628426395939,38.6977740176725,38.881421319797,39.4629021215671,39.4026650624756,39.6087695176755,38.7450316118903,38.567613076187,38.6449394226074,0,0,0,0,0,0,0.25,0,0.75,0,0,0
"all_measured_520_analysis_set","within_cow_random5",5,"StrictHierarchicalEBResidualXGB",336,"C015","stable_hot","S01","measurement_group_1","measurement_status_1",35,31.4,22,38.8,39.011709384042,-0.211709384041995,"tight_session+may_session+may_session_hour",0.296986198838704,38.6351042713568,38.8186048994975,38.8724949748744,39.2628426395939,39.7348110547095,39.2628426395939,39.0574594240094,39.3123756937724,38.9964593707195,38.9436467603576,38.8765413779037,38.8424949645996,0,0,0,0,0,0,0.25,0,0.75,0,0,0
"all_measured_520_analysis_set","within_cow_random5",5,"StrictHierarchicalEBResidualXGB",340,"C007","stable_hot","S01","measurement_group_1","measurement_status_1",37.4,32.8,12,39.8,39.8176167657583,-0.0176167657583335,"tight_session+may_session+may_session_hour",0.296986198838704,39.3943234027279,39.2928075017947,39.3013259152907,39.2628426395939,39.2628426395939,39.2628426395939,39.7100180192058,39.3151932999319,39.8534830146092,39.4470446780651,39.2558560753781,39.4320602416992,0,0,0,0,0,0,0.25,0,0.75,0,0,0
"all_measured_520_analysis_set","within_cow_random5",5,"StrictHierarchicalEBResidualXGB",341,"C007","stable_hot","S01","measurement_group_1","measurement_status_1",36.5,31.7,13,38.5,38.9048757453915,-0.404875745391543,"tight_session+may_session+may_session_hour",0.296986198838704,39.6743234027279,39.5652235821967,39.5268460157933,39.2628426395939,39.2628426395939,39.2628426395939,38.9895700150698,38.9779701925365,38.8766443221655,39.4503924815528,39.4956471474056,39.3082466125488,0,0,0,0,0,0,0.25,0,0.75,0,0,0
"all_measured_520_analysis_set","within_cow_random5",5,"StrictHierarchicalEBResidualXGB",345,"C007","stable_hot","S01","measurement_group_1","measurement_status_1",38.3,35.7,15,39.7,38.9048757453915,0.79512425460846,"tight_session+may_session+may_session_hour",0.296986198838704,39.6218234027279,39.4930232304379,39.4581580760948,39.2628426395939,39.2628426395939,39.481421319797,38.9895700150698,38.8758592224293,38.8766443221655,39.3161441719643,39.4018720749065,39.2761001586914,0,0,0,0,0,0,0.25,0,0.75,0,0,0
"all_measured_520_analysis_set","within_cow_random5",5,"StrictHierarchicalEBResidualXGB",358,"C013","stable_hot","S01","measurement_group_1","measurement_status_1",34.7,30,12,38.7,38.6905811548842,0.00941884511578195,"tight_session+may_session+may_session_hour",0.296986198838704,38.9848017175662,38.9621770524449,38.9565208861646,39.2628426395939,39.2628426395939,39.2628426395939,38.846084481666,38.753636500531,38.6387467126236,38.7154843535638,38.918531216032,38.7708358764648,0,0,0,0,0,0,0.25,0,0.75,0,0,0
"all_measured_520_analysis_set","within_cow_random5",5,"StrictHierarchicalEBResidualXGB",362,"C013","stable_hot","S01","measurement_group_1","measurement_status_1",34.5,29.7,21,39.2,39.1182992544362,0.0817007455638361,"tight_session+may_session+may_session_hour",0.296986198838704,38.9330572366476,39.0120470844072,38.9137366111968,39.2628426395939,39.3370191165353,39.1125685279188,39.1348432609571,39.153410192048,39.1127845855958,38.9113287278836,39.0331900104744,39.0613327026367,0,0,0,0,0,0,0.25,0,0.75,0,0,0
"all_measured_520_analysis_set","within_cow_random5",5,"StrictHierarchicalEBResidualXGB",367,"C024","stable_hot","S01","measurement_group_1","measurement_status_1",36.1,34,12,38,38.4368879928567,-0.436887992856654,"tight_session+may_session+may_session_hour",0.296986198838704,39.1066415410385,39.0596489112228,39.0479007537689,39.2628426395939,39.2628426395939,38.931421319797,38.5959519947652,38.6138268655483,38.3838666588871,38.9310854290905,38.9376995961517,38.6814346313477,0,0,0,0,0,0,0.25,0,0.75,0,0,0
"all_measured_520_analysis_set","within_cow_random5",5,"StrictHierarchicalEBResidualXGB",368,"C024","stable_hot","S01","measurement_group_1","measurement_status_1",36,33.2,13,38,38.4368879928567,-0.436887992856654,"tight_session+may_session+may_session_hour",0.296986198838704,39.0179792713568,39.042401779732,39.0627567001675,39.2628426395939,39.2628426395939,39.087614213198,38.5959519947652,38.7221184793385,38.3838666588871,38.9401735477837,38.9192583303063,38.6846504211426,0,0,0,0,0,0,0.25,0,0.75,0,0,0
"all_measured_520_analysis_set","within_cow_random5",5,"StrictHierarchicalEBResidualXGB",381,"C024","stable_hot","S01","measurement_group_1","measurement_status_1",36.3,33.3,22,38.5,38.4163559452392,0.0836440547608106,"tight_session+may_session+may_session_hour",0.296986198838704,39.4729792713568,39.4829590661642,39.4265783082077,39.2628426395939,39.4385147584132,39.931421319797,38.6422131979695,38.8855981246475,38.3410701943291,39.2769854231708,39.5000731168505,39.2648239135742,0,0,0,0,0,0,0.25,0,0.75,0,0,0
"all_measured_520_analysis_set","within_cow_random5",5,"StrictHierarchicalEBResidualXGB",389,"C002","stable_cool","S01","measurement_group_1","measurement_status_1",34.2,4.8,12,39,38.959250573457,0.040749426542952,"may_session_hour+eb_exact+direct_xgb",0.322856247803966,39.0368669687739,38.9267545037285,38.9081860289956,38.6454471544715,38.6454471544715,38.6454471544715,39.0921144231419,38.9331886779542,39.1131448855029,39.0409888275689,38.9250999241915,39.0375785827637,0.05,0,0,0,0,0,0,0.75,0,0,0,0.2
"all_measured_520_analysis_set","within_cow_random5",5,"StrictHierarchicalEBResidualXGB",394,"C003","stable_cool","S01","measurement_group_1","measurement_status_1",32.9,6.4,15,38.5,38.4856227338205,0.0143772661794799,"may_session_hour+eb_exact+direct_xgb",0.322856247803966,38.5121146467925,38.5275063296881,38.5245390554779,38.6454471544715,38.6454471544715,38.5727235772358,38.5543235644161,38.4923192181204,38.5502245684399,38.4962827135358,38.5041436670449,38.4538879394531,0.05,0,0,0,0,0,0,0.75,0,0,0,0.2
"all_measured_520_analysis_set","within_cow_random5",5,"StrictHierarchicalEBResidualXGB",402,"C005","stable_hot","S01","measurement_group_1","measurement_status_1",31.1,21,0,37.8,37.8588166573382,-0.0588166573382196,"tight_session+may_session+may_session_hour",0.296986198838704,37.9134167713568,38.1839967022613,38.2555081658291,39.2628426395939,39.2628426395939,39.2628426395939,37.9996403478758,38.0615958504785,37.811875427159,38.2067050380417,38.147285378255,37.9277648925781,0,0,0,0,0,0,0.25,0,0.75,0,0,0
"all_measured_520_analysis_set","within_cow_random5",5,"StrictHierarchicalEBResidualXGB",405,"C005","stable_hot","S01","measurement_group_1","measurement_status_1",36.3,32.3,17,37.7,37.8256281885139,-0.125628188513865,"tight_session+may_session+may_session_hour",0.296986198838704,37.9374748743719,38.2228994974874,38.2942556532663,39.2628426395939,39.2628426395939,39.2628426395939,37.9429127660094,38.3224761024746,37.7865333293487,37.906481004757,38.1538666719579,37.9414329528809,0,0,0,0,0,0,0.25,0,0.75,0,0,0
"all_measured_520_analysis_set","within_cow_random5",5,"StrictHierarchicalEBResidualXGB",408,"C006","stable_hot","S01","measurement_group_1","measurement_status_1",34.6,33,11,39.4,39.4496672587297,-0.0496672587296771,"tight_session+may_session+may_session_hour",0.296986198838704,39.2855304299274,39.2646772752652,39.2594639865997,39.2628426395939,39.2628426395939,39.2628426395939,39.3435769947652,39.1255121500238,39.4850306800512,39.0728380581959,39.2027178260634,39.1691284179688,0,0,0,0,0,0,0.25,0,0.75,0,0,0
"all_measured_520_analysis_set","within_cow_random5",5,"StrictHierarchicalEBResidualXGB",414,"C008","stable_cool","S01","measurement_group_1","measurement_status_1",33.2,8.4,15,38.2,38.2202165678928,-0.0202165678928452,"may_session_hour+eb_exact+direct_xgb",0.322856247803966,38.1799223509438,38.2611464829056,38.281452515896,38.6454471544715,38.6454471544715,38.7227235772358,38.1799122070754,38.24317511869,38.1583180185859,38.077243770605,38.2292374268977,38.1441955566406,0.05,0,0,0,0,0,0,0.75,0,0,0,0.2
"all_measured_520_analysis_set","within_cow_random5",5,"StrictHierarchicalEBResidualXGB",419,"C009","stable_hot","S01","measurement_group_1","measurement_status_1",35.6,31.7,16,39.6,39.5016547367073,0.0983452632926642,"tight_session+may_session+may_session_hour",0.296986198838704,39.8623751046901,39.7349286348946,39.7120116232874,39.2628426395939,39.2628426395939,39.2628426395939,39.4817493799031,39.3068186843851,39.5082898556421,39.700426501571,39.7165430085189,39.8262138366699,0,0,0,0,0,0,0.25,0,0.75,0,0,0
"all_measured_520_analysis_set","within_cow_random5",5,"StrictHierarchicalEBResidualXGB",424,"C010","stable_hot","S01","measurement_group_1","measurement_status_1",35.9,32.6,19,38.6,38.6374749036715,-0.037474903671459,"tight_session+may_session+may_session_hour",0.296986198838704,38.678585985483,38.7771885691082,38.8018392150145,39.2628426395939,39.2944659250459,39.4725685279188,38.7240211691861,38.922392443428,38.6086261484999,38.7443561968134,38.7691325077658,38.6888961791992,0,0,0,0,0,0,0.25,0,0.75,0,0,0
"all_measured_520_analysis_set","within_cow_random5",5,"StrictHierarchicalEBResidualXGB",425,"C010","stable_hot","S01","measurement_group_1","measurement_status_1",36.2,31.3,21,38.8,38.756000001748,0.0439999982520121,"tight_session+may_session+may_session_hour",0.296986198838704,38.6845819095477,38.812441959799,38.8434433417085,39.2628426395939,39.2628426395939,39.2814213197969,38.8790828334102,39.0468435390282,38.7149723911939,38.8603592237233,38.847225691945,38.8020248413086,0,0,0,0,0,0,0.25,0,0.75,0,0,0
"all_measured_520_analysis_set","within_cow_random5",5,"StrictHierarchicalEBResidualXGB",428,"C011","stable_cool","S01","measurement_group_1","measurement_status_1",29.5,11.7,21,38.3,38.3965359758674,-0.0965359758673685,"may_session_hour+eb_exact+direct_xgb",0.322856247803966,38.2609300235215,38.3726284488874,38.3958120333035,38.6454471544715,38.6454471544715,38.6454471544715,38.2319900799964,38.4213860313592,38.2142812655659,38.3743899251861,38.4005970101642,38.3372497558594,0.05,0,0,0,0,0,0,0.75,0,0,0,0.2
"all_measured_520_analysis_set","within_cow_random5",5,"StrictHierarchicalEBResidualXGB",440,"C013","stable_hot","S01","measurement_group_1","measurement_status_1",34,31.3,22,39.1,39.1182992544362,-0.0182992544361653,"tight_session+may_session+may_session_hour",0.296986198838704,38.9784544497513,39.0926632802817,39.1222355845274,39.2628426395939,39.2628426395939,39.2628426395939,39.1348432609571,39.1750500536538,39.1127845855958,38.9712281959468,39.107118706766,39.0239868164062,0,0,0,0,0,0,0.25,0,0.75,0,0,0
"all_measured_520_analysis_set","within_cow_random5",5,"StrictHierarchicalEBResidualXGB",446,"C014","stable_cool","S01","measurement_group_1","measurement_status_1",29.6,8.2,13,38,38.0607138674216,-0.0607138674215548,"may_session_hour+eb_exact+direct_xgb",0.322856247803966,38.1887872983871,38.2563983702957,38.297600344422,38.6454471544715,38.6454471544715,38.6454471544715,38.3393290488573,38.003553788167,38.3239313460367,38.1751685379053,38.2234457859694,38.2430458068848,0.05,0,0,0,0,0,0,0.75,0,0,0,0.2
"all_measured_520_analysis_set","within_cow_random5",5,"StrictHierarchicalEBResidualXGB",449,"C014","stable_cool","S01","measurement_group_1","measurement_status_1",32.8,6.1,10,38.3,38.2869806361856,0.0130193638143581,"may_session_hour+eb_exact+direct_xgb",0.322856247803966,38.3329854460685,38.4185026496696,38.4410064544131,38.6454471544715,38.6454471544715,38.1227235772358,38.3393290488573,38.2605832166216,38.3239313460367,38.3594606371267,38.4186923037912,38.3744697570801,0.05,0,0,0,0,0,0,0.75,0,0,0,0.2
"all_measured_520_analysis_set","within_cow_random5",5,"StrictHierarchicalEBResidualXGB",457,"C016","stable_cool","S01","measurement_group_1","measurement_status_1",30.8,11.7,12,38.6,38.4588363275505,0.141163672449458,"may_session_hour+eb_exact+direct_xgb",0.322856247803966,38.5967841901882,38.5757003052195,38.590774249552,38.6454471544715,38.6454471544715,38.6454471544715,38.7229839071569,38.4000296046538,38.7264814127329,38.6214873798395,38.5815871090663,38.6448745727539,0.05,0,0,0,0,0,0,0.75,0,0,0,0.2
"all_measured_520_analysis_set","within_cow_random5",5,"StrictHierarchicalEBResidualXGB",461,"C018","stable_cool","S01","measurement_group_1","measurement_status_1",32.7,4.6,9,38.8,38.7883836671513,0.0116163328487318,"may_session_hour+eb_exact+direct_xgb",0.322856247803966,38.7954015404974,38.7917120326908,38.7774417632078,38.6454471544715,38.7599307437519,38.6454471544715,38.7925853372693,38.7975706022649,38.7996196456197,38.8324690888204,38.7873233268635,38.7521781921387,0.05,0,0,0,0,0,0,0.75,0,0,0,0.2
"all_measured_520_analysis_set","within_cow_random5",5,"StrictHierarchicalEBResidualXGB",477,"C021","stable_cool","S01","measurement_group_1","measurement_status_1",31.8,23.2,12,38.2,38.2079017445199,-0.00790174451988435,"may_session_hour+eb_exact+direct_xgb",0.322856247803966,38.2504298387097,38.2968107750896,38.3084328741039,38.6454471544715,38.6454471544715,38.6454471544715,38.251119709626,38.2168739874954,38.2342371154555,38.118255741661,38.2669052845124,38.1636238098145,0.05,0,0,0,0,0,0,0.75,0,0,0,0.2
"all_measured_520_analysis_set","within_cow_random5",5,"StrictHierarchicalEBResidualXGB",483,"C023","stable_cool","S01","measurement_group_1","measurement_status_1",36.7,8.3,13,38.9,38.9116791953028,-0.0116791953027544,"may_session_hour+eb_exact+direct_xgb",0.322856247803966,38.9739777351942,38.8829179955641,38.8660841198109,38.6454471544715,38.6454471544715,38.6454471544715,39.0104246724494,38.9257899475235,39.0276380018984,38.9690344080015,38.8412931850175,38.843189239502,0.05,0,0,0,0,0,0,0.75,0,0,0,0.2
"all_measured_520_analysis_set","within_cow_random5",5,"StrictHierarchicalEBResidualXGB",491,"C025","stable_cool","S01","measurement_group_1","measurement_status_1",30.9,10.9,19,39.5,39.4004172225447,0.0995827774552822,"may_session_hour+eb_exact+direct_xgb",0.322856247803966,39.4055334627484,39.2829534111905,39.2490879481674,38.6454471544715,38.6454471544715,38.6454471544715,39.3848360297901,39.3778481251212,39.4195445517524,39.4007576693813,39.3036671186226,39.483772277832,0.05,0,0,0,0,0,0,0.75,0,0,0,0.2
"all_measured_520_analysis_set","within_cow_random5",5,"StrictHierarchicalEBResidualXGB",495,"C026","stable_cool","S01","measurement_group_1","measurement_status_1",27.8,8.6,22,38.7,38.7392737703075,-0.0392737703074886,"may_session_hour+eb_exact+direct_xgb",0.322856247803966,38.7311539998003,38.7180279886148,38.710443610806,38.6454471544715,38.6454471544715,38.6454471544715,38.7040881073524,38.7158986487697,38.7069871883815,38.836897497838,38.7468262223325,38.8289604187012,0.05,0,0,0,0,0,0,0.75,0,0,0,0.2
"all_measured_520_analysis_set","within_cow_random5",5,"StrictHierarchicalEBResidualXGB",502,"C026","stable_cool","S01","measurement_group_1","measurement_status_1",28.1,7.8,3,38.7,38.6577621183576,0.0422378816423929,"may_session_hour+eb_exact+direct_xgb",0.322856247803966,38.7043805552781,38.6964220069465,38.6944323698636,38.6454471544715,38.6454471544715,38.6454471544715,38.7040881073524,38.6210171302317,38.7069871883815,38.7258484217252,38.7162726149079,38.7839012145996,0.05,0,0,0,0,0,0,0.75,0,0,0,0.2
"all_measured_520_analysis_set","within_cow_random5",5,"StrictHierarchicalEBResidualXGB",505,"C027","stable_cool","S01","measurement_group_1","measurement_status_1",30.9,3.8,1,39,38.9372670297293,0.0627329702707016,"may_session_hour+eb_exact+direct_xgb",0.322856247803966,38.8722740255376,38.8446579301075,38.83775390625,38.6454471544715,38.6454471544715,38.6454471544715,38.8722633211578,38.9151756700329,38.8839695139756,38.8992884127707,38.8648844980912,39.0363578796387,0.05,0,0,0,0,0,0,0.75,0,0,0,0.2
"all_measured_520_analysis_set","within_cow_random5",5,"StrictHierarchicalEBResidualXGB",507,"C027","stable_cool","S01","measurement_group_1","measurement_status_1",32.3,3.4,10,39.8,39.9629163761762,-0.16291637617617,"may_session_hour+eb_exact+direct_xgb",0.322856247803966,38.8722740255376,38.8498335573477,38.8442234403002,38.6454471544715,38.6454471544715,38.6454471544715,38.8722633211578,40.3151900248657,38.8839695139756,38.846466314291,38.851292626432,38.91455078125,0.05,0,0,0,0,0,0,0.75,0,0,0,0.2
"all_measured_520_analysis_set","within_cow_random5",5,"StrictHierarchicalEBResidualXGB",511,"C028","stable_hot","S01","measurement_group_1","measurement_status_1",35.9,37.5,16,40.2,40.1629346818924,0.037065318107615,"tight_session+may_session+may_session_hour",0.296986198838704,40.1495075999191,39.9638395550029,39.9174225437739,39.2628426395939,39.2628426395939,39.2628426395939,40.0734493322041,39.6914236533807,40.1927631317885,39.9970818263227,39.9637970693476,39.9442291259766,0,0,0,0,0,0,0.25,0,0.75,0,0,0
"all_measured_520_analysis_set","within_cow_random5",5,"StrictHierarchicalEBResidualXGB",515,"C029","stable_cool","S01","measurement_group_1","measurement_status_1",36.8,6.4,11,38.3,38.4653295207211,-0.165329520721095,"may_session_hour+eb_exact+direct_xgb",0.322856247803966,38.3638232797363,38.4296005592729,38.4460448791571,38.6454471544715,38.6454471544715,38.6454471544715,38.3637141461336,38.5036205921822,38.3507085066961,38.3817201317905,38.4220774789389,38.3471145629883,0.05,0,0,0,0,0,0,0.75,0,0,0,0.2
