RecordID,CowKey,Source,RowID,SourceRowID,EarTemperature_C,CoreReferenceTemperature_C,AmbientTemperature_C,MeasurementTime_hour,SourceType,EarStatus,SourceWeight,MeasurementUnitID,AcquisitionSession,OuterFold_20260523,OuterFold_20260607,OuterFold_20260701,OuterFold_20260811,OuterFold_20260903,SeqInCowSource,CowSourceN,EarLag1_C,EarLag2_C,AmbientLag1_C,EarDelta1_C,AmbientDelta1_C,TimeSin,TimeCos,ThermalLoad,EarAirGap_C,HotFlag,NightFlag,FoldID,PredictedTHSHRC,DataClass,HeatSegment,SessionID,Ear,Air,Time,Actual,Predicted,Residual,BenchmarkSeed,FoldMode
MEAS_R000001,C021,S01,1,1,30.0,38.3,13.1,11.0,measurement_group_1,measurement_status_1,1.0,MEAS_UNIT_000001,0,4,5,1,4,5,3,17,27.2,30.7,10.1,2.8000000000000007,3.0,0.258819045102521,-0.9659258262890682,0.0,16.9,0,0,1,38.26395093009094,measured,cold,S01_C021,30.0,13.1,11.0,38.3,38.26395093009094,0.036049069909054765,20260701,fixed_outer_fold_20260701
MEAS_R000002,C021,S01,2,2,30.4,38.3,16.0,12.0,measurement_group_1,measurement_status_1,1.0,MEAS_UNIT_000002,0,4,2,2,5,4,5,17,32.9,30.0,15.1,-2.5,0.9000000000000004,1.2246467991473532e-16,-1.0,0.0,14.4,0,0,2,38.211330019703055,measured,cold,S01_C021,30.4,16.0,12.0,38.3,38.211330019703055,0.08866998029694173,20260701,fixed_outer_fold_20260701
MEAS_R000003,C021,S01,3,3,31.5,38.2,18.3,13.0,measurement_group_1,measurement_status_1,1.0,MEAS_UNIT_000003,0,3,4,2,2,2,8,17,31.8,31.1,23.2,-0.3000000000000007,-4.899999999999999,-0.2588190451025208,-0.9659258262890684,0.0176470588235294,13.2,0,0,2,38.18360744311498,measured,moderate,S01_C021,31.5,18.3,13.0,38.2,38.18360744311498,0.01639255688502317,20260701,fixed_outer_fold_20260701
MEAS_R000004,C021,S01,4,4,32.6,38.4,20.8,14.0,measurement_group_1,measurement_status_1,1.0,MEAS_UNIT_000004,0,1,3,5,2,2,11,17,32.0,31.6,18.8,0.6000000000000014,2.0,-0.4999999999999997,-0.8660254037844388,0.1647058823529412,11.8,0,0,5,38.14349494952258,measured,moderate,S01_C021,32.6,20.8,14.0,38.4,38.14349494952258,0.256505050477422,20260701,fixed_outer_fold_20260701
MEAS_R000005,C021,S01,5,5,32.8,38.1,22.0,15.0,measurement_group_1,measurement_status_1,1.0,MEAS_UNIT_000005,0,1,3,4,1,1,12,17,32.6,32.0,20.8,0.1999999999999957,1.1999999999999993,-0.7071067811865471,-0.7071067811865479,0.2352941176470588,10.799999999999995,0,0,4,38.24015454727558,measured,moderate,S01_C021,32.8,22.0,15.0,38.1,38.24015454727558,-0.14015454727557852,20260701,fixed_outer_fold_20260701
MEAS_R000006,C021,S01,6,6,28.1,38.3,13.4,21.0,measurement_group_1,measurement_status_1,1.0,MEAS_UNIT_000006,0,5,2,1,4,1,13,17,32.8,32.6,22.0,-4.699999999999996,-8.6,-0.7071067811865477,0.7071067811865474,0.0,14.7,0,1,1,38.28975105583335,measured,cold,S01_C021,28.1,13.4,21.0,38.3,38.28975105583335,0.010248944166647789,20260701,fixed_outer_fold_20260701
MEAS_R000007,C021,S01,7,7,29.3,38.3,11.8,22.0,measurement_group_1,measurement_status_1,1.0,MEAS_UNIT_000007,0,2,4,3,3,3,15,17,30.0,28.1,7.7,-0.6999999999999993,4.1000000000000005,-0.5000000000000004,0.8660254037844384,0.0,17.5,0,1,3,38.24914544627973,measured,cold,S01_C021,29.3,11.8,22.0,38.3,38.24914544627973,0.0508545537202707,20260701,fixed_outer_fold_20260701
MEAS_R000008,C021,S01,8,8,29.2,38.2,10.9,23.0,measurement_group_1,measurement_status_1,1.0,MEAS_UNIT_000008,0,3,1,4,1,3,16,17,29.3,30.0,11.8,-0.1000000000000014,-0.9000000000000004,-0.2588190451025215,0.965925826289068,0.0,18.3,0,1,4,38.20160602854169,measured,cold,S01_C021,29.2,10.9,23.0,38.2,38.20160602854169,-0.0016060285416870101,20260701,fixed_outer_fold_20260701
MEAS_R000009,C021,S01,9,9,28.6,38.0,10.9,24.0,measurement_group_1,measurement_status_1,1.0,MEAS_UNIT_000009,0,1,1,3,3,4,17,17,29.2,29.3,10.9,-0.5999999999999979,0.0,-2.4492935982947064e-16,1.0,0.0,17.700000000000003,0,1,3,38.23804383614534,measured,cold,S01_C021,28.6,10.9,24.0,38.0,38.23804383614534,-0.2380438361453372,20260701,fixed_outer_fold_20260701
MEAS_R000010,C003,S01,10,10,31.4,39.0,5.4,0.0,measurement_group_1,measurement_status_1,1.0,MEAS_UNIT_000010,0,1,2,3,1,1,1,17,31.4,31.4,5.4,0.0,0.0,0.0,1.0,0.0,26.0,0,1,3,38.46367042976864,measured,cold,S01_C003,31.4,5.4,0.0,39.0,38.46367042976864,0.5363295702313593,20260701,fixed_outer_fold_20260701
MEAS_R000011,C003,S01,11,11,33.3,38.8,6.1,11.0,measurement_group_1,measurement_status_1,1.0,MEAS_UNIT_000011,0,2,4,5,4,1,2,17,31.4,31.4,5.4,1.8999999999999984,0.6999999999999993,0.258819045102521,-0.9659258262890682,0.0,27.2,0,0,5,38.55884951596989,measured,cold,S01_C003,33.3,6.1,11.0,38.8,38.55884951596989,0.24115048403010775,20260701,fixed_outer_fold_20260701
MEAS_R000012,C003,S01,12,12,31.8,38.7,6.9,12.0,measurement_group_1,measurement_status_1,1.0,MEAS_UNIT_000012,0,4,2,1,3,4,4,17,34.1,33.3,10.9,-2.3000000000000007,-4.0,1.2246467991473532e-16,-1.0,0.0,24.9,0,0,1,38.514112632758525,measured,cold,S01_C003,31.8,6.9,12.0,38.7,38.514112632758525,0.18588736724147736,20260701,fixed_outer_fold_20260701
MEAS_R000013,C003,S01,13,13,33.6,38.4,6.8,12.0,measurement_group_1,measurement_status_1,1.0,MEAS_UNIT_000013,0,3,3,2,5,2,5,17,31.8,34.1,6.9,1.8000000000000007,-0.1000000000000005,1.2246467991473532e-16,-1.0,0.0,26.8,0,0,2,38.51346502883732,measured,cold,S01_C003,33.6,6.8,12.0,38.4,38.51346502883732,-0.11346502883731802,20260701,fixed_outer_fold_20260701
MEAS_R000014,C003,S01,14,14,33.3,38.5,9.3,13.0,measurement_group_1,measurement_status_1,1.0,MEAS_UNIT_000014,0,5,3,1,2,3,7,17,32.0,33.6,8.0,1.2999999999999972,1.3000000000000007,-0.2588190451025208,-0.9659258262890684,0.0,24.0,0,0,1,38.45699222972887,measured,cold,S01_C003,33.3,9.3,13.0,38.5,38.45699222972887,0.04300777027113156,20260701,fixed_outer_fold_20260701
MEAS_R000015,C003,S01,15,15,33.6,38.4,8.0,13.0,measurement_group_1,measurement_status_1,1.0,MEAS_UNIT_000015,0,4,1,5,5,4,8,17,33.3,32.0,9.3,0.3000000000000042,-1.3000000000000007,-0.2588190451025208,-0.9659258262890684,0.0,25.6,0,0,5,38.44703706942725,measured,cold,S01_C003,33.6,8.0,13.0,38.4,38.44703706942725,-0.04703706942725461,20260701,fixed_outer_fold_20260701
MEAS_R000016,C003,S01,16,16,33.1,38.5,11.2,14.0,measurement_group_1,measurement_status_1,1.0,MEAS_UNIT_000016,0,5,1,2,2,3,9,17,33.6,33.3,8.0,-0.5,3.1999999999999997,-0.4999999999999997,-0.8660254037844388,0.0,21.9,0,0,2,38.45814474426162,measured,cold,S01_C003,33.1,11.2,14.0,38.5,38.45814474426162,0.041855255738383335,20260701,fixed_outer_fold_20260701
MEAS_R000017,C003,S01,17,17,33.9,38.3,11.2,15.0,measurement_group_1,measurement_status_1,1.0,MEAS_UNIT_000017,0,1,1,4,1,5,10,17,33.1,33.6,11.2,0.7999999999999972,0.0,-0.7071067811865471,-0.7071067811865479,0.0,22.7,0,0,4,38.48160220996563,measured,cold,S01_C003,33.9,11.2,15.0,38.3,38.48160220996563,-0.18160220996563226,20260701,fixed_outer_fold_20260701
MEAS_R000018,C003,S01,18,18,36.4,38.5,9.1,15.0,measurement_group_1,measurement_status_1,1.0,MEAS_UNIT_000018,0,1,5,2,1,2,11,17,33.9,33.1,11.2,2.5,-2.1,-0.7071067811865471,-0.7071067811865479,0.0,27.3,0,0,2,38.54480814034188,measured,cold,S01_C003,36.4,9.1,15.0,38.5,38.54480814034188,-0.0448081403418783,20260701,fixed_outer_fold_20260701
MEAS_R000019,C003,S01,19,19,32.0,39.0,9.0,19.0,measurement_group_1,measurement_status_1,1.0,MEAS_UNIT_000019,0,2,2,4,3,1,15,17,34.7,32.9,10.4,-2.700000000000003,-1.4000000000000004,-0.9659258262890684,0.2588190451025203,0.0,23.0,0,0,4,38.61631449968167,measured,cold,S01_C003,32.0,9.0,19.0,39.0,38.61631449968167,0.3836855003183288,20260701,fixed_outer_fold_20260701
MEAS_R000020,C003,S01,20,20,32.0,38.6,6.0,21.0,measurement_group_1,measurement_status_1,1.0,MEAS_UNIT_000020,0,4,5,3,4,5,16,17,32.0,34.7,9.0,0.0,-3.0,-0.7071067811865477,0.7071067811865474,0.0,26.0,0,1,3,38.64333385932701,measured,cold,S01_C003,32.0,6.0,21.0,38.6,38.64333385932701,-0.04333385932700651,20260701,fixed_outer_fold_20260701
MEAS_R000021,C003,S01,21,21,33.7,38.0,5.5,23.0,measurement_group_1,measurement_status_1,1.0,MEAS_UNIT_000021,0,1,4,1,2,2,17,17,32.0,32.0,6.0,1.7000000000000028,-0.5,-0.2588190451025215,0.965925826289068,0.0,28.200000000000003,0,1,1,38.62315311800618,measured,cold,S01_C003,33.7,5.5,23.0,38.0,38.62315311800618,-0.6231531180061793,20260701,fixed_outer_fold_20260701
MEAS_R000022,C002,S01,22,22,32.9,38.2,5.4,0.0,measurement_group_1,measurement_status_1,1.0,MEAS_UNIT_000022,0,5,3,1,3,3,1,17,32.9,32.9,5.4,0.0,0.0,0.0,1.0,0.0,27.5,0,1,1,39.13096977848674,measured,cold,S01_C002,32.9,5.4,0.0,38.2,39.13096977848674,-0.9309697784867339,20260701,fixed_outer_fold_20260701
MEAS_R000023,C002,S01,23,23,30.8,39.5,6.1,11.0,measurement_group_1,measurement_status_1,1.0,MEAS_UNIT_000023,0,1,5,4,5,2,2,17,32.9,32.9,5.4,-2.099999999999998,0.6999999999999993,0.258819045102521,-0.9659258262890682,0.0,24.700000000000003,0,0,4,39.06691837786867,measured,cold,S01_C002,30.8,6.1,11.0,39.5,39.06691837786867,0.4330816221313327,20260701,fixed_outer_fold_20260701
MEAS_R000024,C002,S01,24,24,33.1,39.1,5.0,11.0,measurement_group_1,measurement_status_1,1.0,MEAS_UNIT_000024,0,2,3,3,5,3,3,17,30.8,32.9,6.1,2.3000000000000007,-1.0999999999999996,0.258819045102521,-0.9659258262890682,0.0,28.1,0,0,3,39.1446313610854,measured,cold,S01_C002,33.1,5.0,11.0,39.1,39.1446313610854,-0.044631361085400556,20260701,fixed_outer_fold_20260701
MEAS_R000025,C002,S01,25,25,34.2,38.5,6.9,12.0,measurement_group_1,measurement_status_1,1.0,MEAS_UNIT_000025,0,4,2,3,4,2,4,17,33.1,30.8,5.0,1.1000000000000014,1.9000000000000004,1.2246467991473532e-16,-1.0,0.0,27.300000000000004,0,0,3,39.046362910033466,measured,cold,S01_C002,34.2,6.9,12.0,38.5,39.046362910033466,-0.5463629100334657,20260701,fixed_outer_fold_20260701
MEAS_R000026,C002,S01,26,26,36.2,39.3,6.8,12.0,measurement_group_1,measurement_status_1,1.0,MEAS_UNIT_000026,0,5,1,4,4,5,5,17,34.2,33.1,6.9,2.0,-0.1000000000000005,1.2246467991473532e-16,-1.0,0.0,29.4,0,0,4,38.97382488358415,measured,cold,S01_C002,36.2,6.8,12.0,39.3,38.97382488358415,0.32617511641584684,20260701,fixed_outer_fold_20260701
MEAS_R000027,C002,S01,27,27,32.8,39.2,8.0,13.0,measurement_group_1,measurement_status_1,1.0,MEAS_UNIT_000027,0,2,4,5,2,1,8,17,33.4,34.2,11.7,-0.6000000000000014,-3.6999999999999993,-0.2588190451025208,-0.9659258262890684,0.0,24.8,0,0,5,39.012800075942096,measured,cold,S01_C002,32.8,8.0,13.0,39.2,39.012800075942096,0.1871999240579072,20260701,fixed_outer_fold_20260701
MEAS_R000028,C002,S01,28,28,33.9,38.8,9.3,13.0,measurement_group_1,measurement_status_1,1.0,MEAS_UNIT_000028,0,1,1,1,2,5,9,17,32.8,33.4,8.0,1.1000000000000014,1.3000000000000007,-0.2588190451025208,-0.9659258262890684,0.0,24.6,0,0,1,39.05713862680247,measured,cold,S01_C002,33.9,9.3,13.0,38.8,39.05713862680247,-0.25713862680247246,20260701,fixed_outer_fold_20260701
MEAS_R000029,C002,S01,29,29,36.2,39.0,8.8,14.0,measurement_group_1,measurement_status_1,1.0,MEAS_UNIT_000029,0,3,2,2,1,1,11,17,34.8,33.9,8.0,1.4000000000000057,0.8000000000000007,-0.4999999999999997,-0.8660254037844388,0.0,27.4,0,0,2,38.96493319853481,measured,cold,S01_C002,36.2,8.8,14.0,39.0,38.96493319853481,0.03506680146519159,20260701,fixed_outer_fold_20260701
MEAS_R000030,C002,S01,30,30,36.0,38.9,9.1,15.0,measurement_group_1,measurement_status_1,1.0,MEAS_UNIT_000030,0,4,4,1,3,1,12,17,36.2,34.8,8.8,-0.2000000000000028,0.2999999999999989,-0.7071067811865471,-0.7071067811865479,0.0,26.9,0,0,1,39.11326463996642,measured,cold,S01_C002,36.0,9.1,15.0,38.9,39.11326463996642,-0.2132646399664182,20260701,fixed_outer_fold_20260701
MEAS_R000031,C002,S01,31,31,33.7,40.0,9.0,19.0,measurement_group_1,measurement_status_1,1.0,MEAS_UNIT_000031,0,1,1,2,1,4,14,17,36.7,36.0,5.2,-3.0,3.8,-0.9659258262890684,0.2588190451025203,0.0,24.700000000000003,0,0,2,39.0903369957727,measured,cold,S01_C002,33.7,9.0,19.0,40.0,39.0903369957727,0.9096630042272977,20260701,fixed_outer_fold_20260701
MEAS_R000032,C002,S01,32,32,32.6,39.7,6.0,21.0,measurement_group_1,measurement_status_1,1.0,MEAS_UNIT_000032,0,3,5,2,1,2,15,17,33.7,36.7,9.0,-1.1000000000000014,-3.0,-0.7071067811865477,0.7071067811865474,0.0,26.6,0,1,2,39.156806768291794,measured,cold,S01_C002,32.6,6.0,21.0,39.7,39.156806768291794,0.5431932317082087,20260701,fixed_outer_fold_20260701
MEAS_R000033,C002,S01,33,33,33.2,39.6,5.4,22.0,measurement_group_1,measurement_status_1,1.0,MEAS_UNIT_000033,0,4,2,3,3,3,16,17,32.6,33.7,6.0,0.6000000000000014,-0.5999999999999996,-0.5000000000000004,0.8660254037844384,0.0,27.800000000000004,0,1,3,39.156410507074185,measured,cold,S01_C002,33.2,5.4,22.0,39.6,39.156410507074185,0.44358949292581684,20260701,fixed_outer_fold_20260701
MEAS_R000034,C002,S01,34,34,33.5,39.2,5.5,23.0,measurement_group_1,measurement_status_1,1.0,MEAS_UNIT_000034,0,2,3,5,2,4,17,17,33.2,32.6,5.4,0.2999999999999971,0.0999999999999996,-0.2588190451025215,0.965925826289068,0.0,28.0,0,1,5,39.31119063570729,measured,cold,S01_C002,33.5,5.5,23.0,39.2,39.31119063570729,-0.11119063570728827,20260701,fixed_outer_fold_20260701
MEAS_R000035,C029,S01,35,35,31.8,38.1,5.4,0.0,measurement_group_1,measurement_status_1,1.0,MEAS_UNIT_000035,0,3,2,2,4,3,1,17,31.8,31.8,5.4,0.0,0.0,0.0,1.0,0.0,26.4,0,1,2,38.41695396738875,measured,cold,S01_C029,31.8,5.4,0.0,38.1,38.41695396738875,-0.3169539673887485,20260701,fixed_outer_fold_20260701
MEAS_R000036,C029,S01,36,36,35.7,38.1,6.1,11.0,measurement_group_1,measurement_status_1,1.0,MEAS_UNIT_000036,0,4,1,5,2,1,2,17,31.8,31.8,5.4,3.900000000000002,0.6999999999999993,0.258819045102521,-0.9659258262890682,0.0,29.6,0,0,5,38.455802299537474,measured,cold,S01_C029,35.7,6.1,11.0,38.1,38.455802299537474,-0.3558022995374728,20260701,fixed_outer_fold_20260701
MEAS_R000037,C029,S01,37,37,32.9,38.0,6.9,12.0,measurement_group_1,measurement_status_1,1.0,MEAS_UNIT_000037,0,1,4,1,3,4,4,17,36.8,35.7,6.4,-3.899999999999999,0.5,1.2246467991473532e-16,-1.0,0.0,26.0,0,0,1,38.29964766475658,measured,cold,S01_C029,32.9,6.9,12.0,38.0,38.29964766475658,-0.2996476647565771,20260701,fixed_outer_fold_20260701
MEAS_R000038,C029,S01,38,38,33.1,38.2,6.8,12.0,measurement_group_1,measurement_status_1,1.0,MEAS_UNIT_000038,0,2,4,2,1,3,5,17,32.9,36.8,6.9,0.2000000000000028,-0.1000000000000005,1.2246467991473532e-16,-1.0,0.0,26.3,0,0,2,38.26418909471823,measured,cold,S01_C029,33.1,6.8,12.0,38.2,38.26418909471823,-0.06418909471823042,20260701,fixed_outer_fold_20260701
MEAS_R000039,C029,S01,39,39,33.2,38.1,9.3,13.0,measurement_group_1,measurement_status_1,1.0,MEAS_UNIT_000039,0,5,5,2,2,2,6,17,33.1,32.9,6.8,0.1000000000000014,2.500000000000001,-0.2588190451025208,-0.9659258262890684,0.0,23.9,0,0,2,38.32667941409684,measured,cold,S01_C029,33.2,9.3,13.0,38.1,38.32667941409684,-0.22667941409683579,20260701,fixed_outer_fold_20260701
MEAS_R000040,C029,S01,40,40,36.3,38.5,8.0,13.0,measurement_group_1,measurement_status_1,1.0,MEAS_UNIT_000040,0,2,1,5,5,2,7,17,33.2,33.1,9.3,3.0999999999999943,-1.3000000000000007,-0.2588190451025208,-0.9659258262890684,0.0,28.3,0,0,5,38.302567291701465,measured,cold,S01_C029,36.3,8.0,13.0,38.5,38.302567291701465,0.19743270829853543,20260701,fixed_outer_fold_20260701
MEAS_R000041,C029,S01,41,41,33.6,38.5,8.8,14.0,measurement_group_1,measurement_status_1,1.0,MEAS_UNIT_000041,0,1,5,3,4,5,9,17,35.0,36.3,6.4,-1.3999999999999986,2.4000000000000004,-0.4999999999999997,-0.8660254037844388,0.0,24.8,0,0,3,38.22814466227969,measured,cold,S01_C029,33.6,8.8,14.0,38.5,38.22814466227969,0.2718553377203108,20260701,fixed_outer_fold_20260701
MEAS_R000042,C029,S01,42,42,35.0,38.5,11.2,15.0,measurement_group_1,measurement_status_1,1.0,MEAS_UNIT_000042,0,3,3,1,5,4,12,17,36.1,34.2,8.8,-1.1000000000000014,2.3999999999999986,-0.7071067811865471,-0.7071067811865479,0.0,23.8,0,0,1,38.2908145242081,measured,cold,S01_C029,35.0,11.2,15.0,38.5,38.2908145242081,0.20918547579189806,20260701,fixed_outer_fold_20260701
MEAS_R000043,C029,S01,43,43,33.2,38.5,9.0,19.0,measurement_group_1,measurement_status_1,1.0,MEAS_UNIT_000043,0,5,2,4,1,1,14,17,34.6,35.0,10.9,-1.3999999999999986,-1.9000000000000004,-0.9659258262890684,0.2588190451025203,0.0,24.200000000000003,0,0,4,38.467955144463474,measured,cold,S01_C029,33.2,9.0,19.0,38.5,38.467955144463474,0.03204485553652603,20260701,fixed_outer_fold_20260701
MEAS_R000044,C029,S01,44,44,31.3,38.4,6.0,21.0,measurement_group_1,measurement_status_1,1.0,MEAS_UNIT_000044,0,2,2,1,2,2,15,17,33.2,34.6,9.0,-1.900000000000002,-3.0,-0.7071067811865477,0.7071067811865474,0.0,25.3,0,1,1,38.430405680117055,measured,cold,S01_C029,31.3,6.0,21.0,38.4,38.430405680117055,-0.030405680117056022,20260701,fixed_outer_fold_20260701
MEAS_R000045,C029,S01,45,45,32.1,38.4,5.4,22.0,measurement_group_1,measurement_status_1,1.0,MEAS_UNIT_000045,0,4,1,4,3,5,16,17,31.3,33.2,6.0,0.8000000000000007,-0.5999999999999996,-0.5000000000000004,0.8660254037844384,0.0,26.700000000000003,0,1,4,38.56276610811963,measured,cold,S01_C029,32.1,5.4,22.0,38.4,38.56276610811963,-0.16276610811963366,20260701,fixed_outer_fold_20260701
MEAS_R000046,C029,S01,46,46,32.2,38.9,5.5,23.0,measurement_group_1,measurement_status_1,1.0,MEAS_UNIT_000046,0,3,3,3,1,1,17,17,32.1,31.3,5.4,0.1000000000000014,0.0999999999999996,-0.2588190451025215,0.965925826289068,0.0,26.700000000000003,0,1,3,38.31783516192479,measured,cold,S01_C029,32.2,5.5,23.0,38.9,38.31783516192479,0.582164838075208,20260701,fixed_outer_fold_20260701
MEAS_R000047,C001,S01,47,47,29.8,38.0,5.4,0.0,measurement_group_1,measurement_status_1,1.0,MEAS_UNIT_000047,0,2,3,2,3,5,1,18,29.8,29.8,5.4,0.0,0.0,0.0,1.0,0.0,24.4,0,1,2,38.37768502224107,measured,cold,S01_C001,29.8,5.4,0.0,38.0,38.37768502224107,-0.37768502224106726,20260701,fixed_outer_fold_20260701
MEAS_R000048,C001,S01,48,48,26.6,38.9,5.0,11.0,measurement_group_1,measurement_status_1,1.0,MEAS_UNIT_000048,0,5,2,4,3,4,2,18,29.8,29.8,5.4,-3.1999999999999997,-0.4000000000000003,0.258819045102521,-0.9659258262890682,0.0,21.6,0,0,4,38.45174116339554,measured,cold,S01_C001,26.6,5.0,11.0,38.9,38.45174116339554,0.44825883660445953,20260701,fixed_outer_fold_20260701
MEAS_R000049,C001,S01,49,49,33.1,39.2,6.1,11.0,measurement_group_1,measurement_status_1,1.0,MEAS_UNIT_000049,0,4,4,3,5,3,3,18,26.6,29.8,5.0,6.5,1.0999999999999996,0.258819045102521,-0.9659258262890682,0.0,27.0,0,0,3,38.32583044181863,measured,cold,S01_C001,33.1,6.1,11.0,39.2,38.32583044181863,0.8741695581813715,20260701,fixed_outer_fold_20260701
MEAS_R000050,C001,S01,50,50,31.3,38.3,6.9,12.0,measurement_group_1,measurement_status_1,1.0,MEAS_UNIT_000050,0,3,3,5,4,4,4,18,33.1,26.6,6.1,-1.8000000000000007,0.8000000000000007,1.2246467991473532e-16,-1.0,0.0,24.4,0,0,5,38.14361815801545,measured,cold,S01_C001,31.3,6.9,12.0,38.3,38.14361815801545,0.15638184198454752,20260701,fixed_outer_fold_20260701
MEAS_R000051,C001,S01,51,51,31.9,38.0,6.8,12.0,measurement_group_1,measurement_status_1,1.0,MEAS_UNIT_000051,0,5,3,4,2,1,5,18,31.3,33.1,6.9,0.5999999999999979,-0.1000000000000005,1.2246467991473532e-16,-1.0,0.0,25.1,0,0,4,38.2218358149778,measured,cold,S01_C001,31.9,6.8,12.0,38.0,38.2218358149778,-0.22183581497780125,20260701,fixed_outer_fold_20260701
MEAS_R000052,C001,S01,52,52,31.6,38.0,9.3,13.0,measurement_group_1,measurement_status_1,1.0,MEAS_UNIT_000052,0,1,4,1,3,2,7,18,31.9,31.9,7.2,-0.2999999999999971,2.1000000000000005,-0.2588190451025208,-0.9659258262890684,0.0,22.3,0,0,1,38.13839057186083,measured,cold,S01_C001,31.6,9.3,13.0,38.0,38.13839057186083,-0.1383905718608318,20260701,fixed_outer_fold_20260701
MEAS_R000053,C001,S01,53,53,33.3,38.2,8.0,13.0,measurement_group_1,measurement_status_1,1.0,MEAS_UNIT_000053,0,2,1,1,5,3,8,18,31.6,31.9,9.3,1.6999999999999955,-1.3000000000000007,-0.2588190451025208,-0.9659258262890684,0.0,25.3,0,0,1,38.2025580481124,measured,cold,S01_C001,33.3,8.0,13.0,38.2,38.2025580481124,-0.002558048112398126,20260701,fixed_outer_fold_20260701
MEAS_R000054,C001,S01,54,54,31.8,38.0,8.8,14.0,measurement_group_1,measurement_status_1,1.0,MEAS_UNIT_000054,0,3,4,2,1,2,9,18,33.3,31.6,8.0,-1.4999999999999964,0.8000000000000007,-0.4999999999999997,-0.8660254037844388,0.0,23.0,0,0,2,38.20459339238616,measured,cold,S01_C001,31.8,8.8,14.0,38.0,38.20459339238616,-0.20459339238615826,20260701,fixed_outer_fold_20260701
MEAS_R000055,C001,S01,55,55,32.0,38.4,9.1,15.0,measurement_group_1,measurement_status_1,1.0,MEAS_UNIT_000055,0,1,1,1,1,1,11,18,35.3,31.8,14.4,-3.299999999999997,-5.300000000000001,-0.7071067811865471,-0.7071067811865479,0.0,22.9,0,0,1,38.17875770373334,measured,cold,S01_C001,32.0,9.1,15.0,38.4,38.17875770373334,0.22124229626665937,20260701,fixed_outer_fold_20260701
MEAS_R000056,C001,S01,56,56,33.9,38.1,11.2,15.0,measurement_group_1,measurement_status_1,1.0,MEAS_UNIT_000056,0,4,1,3,2,3,12,18,32.0,35.3,9.1,1.8999999999999984,2.1,-0.7071067811865471,-0.7071067811865479,0.0,22.7,0,0,3,38.16101073228795,measured,cold,S01_C001,33.9,11.2,15.0,38.1,38.16101073228795,-0.06101073228794718,20260701,fixed_outer_fold_20260701
MEAS_R000057,C001,S01,57,57,30.5,38.2,9.0,19.0,measurement_group_1,measurement_status_1,1.0,MEAS_UNIT_000057,0,3,2,2,1,1,15,18,32.5,30.7,12.3,-2.0,-3.3000000000000007,-0.9659258262890684,0.2588190451025203,0.0,21.5,0,0,2,38.40566122686758,measured,cold,S01_C001,30.5,9.0,19.0,38.2,38.40566122686758,-0.20566122686757637,20260701,fixed_outer_fold_20260701
MEAS_R000058,C001,S01,58,58,29.6,38.3,6.0,21.0,measurement_group_1,measurement_status_1,1.0,MEAS_UNIT_000058,0,2,5,4,2,4,16,18,30.5,32.5,9.0,-0.8999999999999986,-3.0,-0.7071067811865477,0.7071067811865474,0.0,23.6,0,1,4,38.24216954926608,measured,cold,S01_C001,29.6,6.0,21.0,38.3,38.24216954926608,0.057830450733916905,20260701,fixed_outer_fold_20260701
MEAS_R000059,C001,S01,59,59,30.6,38.1,5.4,22.0,measurement_group_1,measurement_status_1,1.0,MEAS_UNIT_000059,0,2,5,5,4,2,17,18,29.6,30.5,6.0,1.0,-0.5999999999999996,-0.5000000000000004,0.8660254037844384,0.0,25.200000000000003,0,1,5,38.24647036815716,measured,cold,S01_C001,30.6,5.4,22.0,38.1,38.24647036815716,-0.14647036815716064,20260701,fixed_outer_fold_20260701
MEAS_R000060,C001,S01,60,60,30.5,38.1,5.5,23.0,measurement_group_1,measurement_status_1,1.0,MEAS_UNIT_000060,0,4,2,3,4,5,18,18,30.6,29.6,5.4,-0.1000000000000014,0.0999999999999996,-0.2588190451025215,0.965925826289068,0.0,25.0,0,1,3,38.17258307439619,measured,cold,S01_C001,30.5,5.5,23.0,38.1,38.17258307439619,-0.07258307439618505,20260701,fixed_outer_fold_20260701
MEAS_R000061,C027,S01,61,61,29.5,38.9,5.4,0.0,measurement_group_1,measurement_status_1,1.0,MEAS_UNIT_000061,0,4,4,5,3,3,1,17,29.5,29.5,5.4,0.0,0.0,0.0,1.0,0.0,24.1,0,1,5,38.82354125589571,measured,cold,S01_C027,29.5,5.4,0.0,38.9,38.82354125589571,0.07645874410428632,20260701,fixed_outer_fold_20260701
MEAS_R000062,C027,S01,62,62,30.9,41.5,6.1,11.0,measurement_group_1,measurement_status_1,1.0,MEAS_UNIT_000062,0,2,2,2,2,5,5,17,32.3,31.6,3.4,-1.3999999999999986,2.7,0.258819045102521,-0.9659258262890682,0.0,24.8,0,0,2,38.904937023770565,measured,cold,S01_C027,30.9,6.1,11.0,41.5,38.904937023770565,2.5950629762294355,20260701,fixed_outer_fold_20260701
MEAS_R000063,C027,S01,63,63,31.5,38.7,5.0,11.0,measurement_group_1,measurement_status_1,1.0,MEAS_UNIT_000063,0,3,5,5,1,1,6,17,30.9,32.3,6.1,0.6000000000000014,-1.0999999999999996,0.258819045102521,-0.9659258262890682,0.0,26.5,0,0,5,39.57473852296221,measured,cold,S01_C027,31.5,5.0,11.0,38.7,39.57473852296221,-0.874738522962204,20260701,fixed_outer_fold_20260701
MEAS_R000064,C027,S01,64,64,31.9,38.5,6.9,12.0,measurement_group_1,measurement_status_1,1.0,MEAS_UNIT_000064,0,5,2,4,1,1,7,17,31.5,30.9,5.0,0.3999999999999986,1.9000000000000004,1.2246467991473532e-16,-1.0,0.0,25.0,0,0,4,38.870209584498085,measured,cold,S01_C027,31.9,6.9,12.0,38.5,38.870209584498085,-0.3702095844980846,20260701,fixed_outer_fold_20260701
MEAS_R000065,C027,S01,65,65,31.1,38.6,8.0,13.0,measurement_group_1,measurement_status_1,1.0,MEAS_UNIT_000065,0,4,2,1,4,4,9,17,30.1,31.9,7.7,1.0,0.2999999999999998,-0.2588190451025208,-0.9659258262890684,0.0,23.1,0,0,1,38.791910851797184,measured,cold,S01_C027,31.1,8.0,13.0,38.6,38.791910851797184,-0.19191085179718215,20260701,fixed_outer_fold_20260701
MEAS_R000066,C027,S01,66,66,32.8,38.5,9.3,13.0,measurement_group_1,measurement_status_1,1.0,MEAS_UNIT_000066,0,3,1,4,1,5,10,17,31.1,30.1,8.0,1.6999999999999955,1.3000000000000007,-0.2588190451025208,-0.9659258262890684,0.0,23.5,0,0,4,38.74853594305888,measured,cold,S01_C027,32.8,9.3,13.0,38.5,38.74853594305888,-0.24853594305888294,20260701,fixed_outer_fold_20260701
MEAS_R000067,C027,S01,67,67,33.8,38.6,8.8,14.0,measurement_group_1,measurement_status_1,1.0,MEAS_UNIT_000067,0,2,4,3,5,1,12,17,30.5,32.8,6.1,3.299999999999997,2.700000000000001,-0.4999999999999997,-0.8660254037844388,0.0,25.0,0,0,3,38.70551188933945,measured,cold,S01_C027,33.8,8.8,14.0,38.6,38.70551188933945,-0.10551188933944644,20260701,fixed_outer_fold_20260701
MEAS_R000068,C027,S01,68,68,30.7,38.5,11.2,15.0,measurement_group_1,measurement_status_1,1.0,MEAS_UNIT_000068,0,4,3,1,2,2,13,17,33.8,30.5,8.8,-3.099999999999998,2.3999999999999986,-0.7071067811865471,-0.7071067811865479,0.0,19.5,0,0,1,38.80733756477122,measured,cold,S01_C027,30.7,11.2,15.0,38.5,38.80733756477122,-0.3073375647712169,20260701,fixed_outer_fold_20260701
MEAS_R000069,C027,S01,69,69,33.9,38.5,9.1,15.0,measurement_group_1,measurement_status_1,1.0,MEAS_UNIT_000069,0,2,3,2,5,2,14,17,30.7,33.8,11.2,3.1999999999999997,-2.1,-0.7071067811865471,-0.7071067811865479,0.0,24.8,0,0,2,38.70105845702381,measured,cold,S01_C027,33.9,9.1,15.0,38.5,38.70105845702381,-0.2010584570238123,20260701,fixed_outer_fold_20260701
MEAS_R000070,C027,S01,70,70,32.3,39.1,9.0,19.0,measurement_group_1,measurement_status_1,1.0,MEAS_UNIT_000070,0,2,1,3,2,3,15,17,33.9,30.7,9.1,-1.6000000000000014,-0.0999999999999996,-0.9659258262890684,0.2588190451025203,0.0,23.3,0,0,3,38.95095026443894,measured,cold,S01_C027,32.3,9.0,19.0,39.1,38.95095026443894,0.14904973556106427,20260701,fixed_outer_fold_20260701
MEAS_R000071,C027,S01,71,71,32.5,39.1,6.0,21.0,measurement_group_1,measurement_status_1,1.0,MEAS_UNIT_000071,0,5,5,1,4,4,16,17,32.3,33.9,9.0,0.2000000000000028,-3.0,-0.7071067811865477,0.7071067811865474,0.0,26.5,0,1,1,38.99044776009627,measured,cold,S01_C027,32.5,6.0,21.0,39.1,38.99044776009627,0.10955223990373497,20260701,fixed_outer_fold_20260701
MEAS_R000072,C027,S01,72,72,32.7,38.2,5.5,23.0,measurement_group_1,measurement_status_1,1.0,MEAS_UNIT_000072,0,1,1,2,3,2,17,17,32.5,32.3,6.0,0.2000000000000028,-0.5,-0.2588190451025215,0.965925826289068,0.0,27.200000000000003,0,1,2,38.871706516069445,measured,cold,S01_C027,32.7,5.5,23.0,38.2,38.871706516069445,-0.6717065160694418,20260701,fixed_outer_fold_20260701
MEAS_R000073,C026,S01,73,73,28.6,38.3,5.4,0.0,measurement_group_1,measurement_status_1,1.0,MEAS_UNIT_000073,0,1,1,5,1,3,1,17,28.6,28.6,5.4,0.0,0.0,0.0,1.0,0.0,23.200000000000003,0,1,5,38.56888057016364,measured,cold,S01_C026,28.6,5.4,0.0,38.3,38.56888057016364,-0.2688805701636454,20260701,fixed_outer_fold_20260701
MEAS_R000074,C026,S01,74,74,33.9,38.5,8.0,13.0,measurement_group_1,measurement_status_1,1.0,MEAS_UNIT_000074,0,2,5,2,2,1,7,17,35.0,28.1,10.4,-1.1000000000000014,-2.4000000000000004,-0.2588190451025208,-0.9659258262890684,0.0,25.9,0,0,2,38.6388147024368,measured,cold,S01_C026,33.9,8.0,13.0,38.5,38.6388147024368,-0.13881470243679672,20260701,fixed_outer_fold_20260701
MEAS_R000075,C026,S01,75,75,33.9,38.6,11.2,15.0,measurement_group_1,measurement_status_1,1.0,MEAS_UNIT_000075,0,5,3,2,2,4,9,17,34.4,33.9,9.6,-0.5,1.5999999999999996,-0.7071067811865471,-0.7071067811865479,0.0,22.7,0,0,2,38.58382906707652,measured,cold,S01_C026,33.9,11.2,15.0,38.6,38.58382906707652,0.016170932923479597,20260701,fixed_outer_fold_20260701
MEAS_R000076,C026,S01,76,76,30.6,39.0,9.0,19.0,measurement_group_1,measurement_status_1,1.0,MEAS_UNIT_000076,0,2,2,1,4,2,12,17,31.4,32.5,8.2,-0.7999999999999972,0.8000000000000007,-0.9659258262890684,0.2588190451025203,0.0,21.6,0,0,1,38.662770241484026,measured,cold,S01_C026,30.6,9.0,19.0,39.0,38.662770241484026,0.33722975851597425,20260701,fixed_outer_fold_20260701
MEAS_R000077,C026,S01,77,77,30.7,39.1,6.0,21.0,measurement_group_1,measurement_status_1,1.0,MEAS_UNIT_000077,0,4,1,1,5,2,13,17,30.6,31.4,9.0,0.0999999999999978,-3.0,-0.7071067811865477,0.7071067811865474,0.0,24.7,0,1,1,38.67222663823425,measured,cold,S01_C026,30.7,6.0,21.0,39.1,38.67222663823425,0.42777336176575176,20260701,fixed_outer_fold_20260701
MEAS_R000078,C026,S01,78,78,30.6,38.9,5.4,22.0,measurement_group_1,measurement_status_1,1.0,MEAS_UNIT_000078,0,1,2,3,3,5,14,17,30.7,30.6,6.0,-0.0999999999999978,-0.5999999999999996,-0.5000000000000004,0.8660254037844384,0.0,25.200000000000003,0,1,3,38.67392221962339,measured,cold,S01_C026,30.6,5.4,22.0,38.9,38.67392221962339,0.22607778037660609,20260701,fixed_outer_fold_20260701
MEAS_R000079,C026,S01,79,79,30.7,38.6,5.5,23.0,measurement_group_1,measurement_status_1,1.0,MEAS_UNIT_000079,0,3,4,4,1,1,17,17,29.3,27.8,6.8,1.3999999999999986,-1.2999999999999998,-0.2588190451025215,0.965925826289068,0.0,25.2,0,1,4,38.7512215737245,measured,cold,S01_C026,30.7,5.5,23.0,38.6,38.7512215737245,-0.15122157372449863,20260701,fixed_outer_fold_20260701
MEAS_R000080,C016,S01,80,80,28.7,38.9,5.4,0.0,measurement_group_1,measurement_status_1,1.0,MEAS_UNIT_000080,0,2,3,4,1,5,1,17,28.7,28.7,5.4,0.0,0.0,0.0,1.0,0.0,23.3,0,1,4,38.6557088664675,measured,cold,S01_C016,28.7,5.4,0.0,38.9,38.6557088664675,0.24429113353249932,20260701,fixed_outer_fold_20260701
MEAS_R000081,C016,S01,81,81,31.8,39.2,6.1,11.0,measurement_group_1,measurement_status_1,1.0,MEAS_UNIT_000081,0,4,5,3,3,1,5,17,31.1,31.0,4.5,0.6999999999999993,1.5999999999999996,0.258819045102521,-0.9659258262890682,0.0,25.700000000000003,0,0,3,38.57472606183965,measured,cold,S01_C016,31.8,6.1,11.0,39.2,38.57472606183965,0.6252739381603547,20260701,fixed_outer_fold_20260701
MEAS_R000082,C016,S01,82,82,32.2,38.0,6.9,12.0,measurement_group_1,measurement_status_1,1.0,MEAS_UNIT_000082,0,3,4,4,2,4,6,17,31.8,31.1,6.1,0.4000000000000021,0.8000000000000007,1.2246467991473532e-16,-1.0,0.0,25.300000000000004,0,0,4,38.56671771838565,measured,cold,S01_C016,32.2,6.9,12.0,38.0,38.56671771838565,-0.5667177183856467,20260701,fixed_outer_fold_20260701
MEAS_R000083,C016,S01,83,83,31.9,38.1,9.3,13.0,measurement_group_1,measurement_status_1,1.0,MEAS_UNIT_000083,0,1,4,5,2,3,8,17,30.8,32.2,11.7,1.099999999999998,-2.3999999999999986,-0.2588190451025208,-0.9659258262890684,0.0,22.6,0,0,5,38.46797997551572,measured,cold,S01_C016,31.9,9.3,13.0,38.1,38.46797997551572,-0.36797997551571626,20260701,fixed_outer_fold_20260701
MEAS_R000084,C016,S01,84,84,33.0,38.3,8.8,14.0,measurement_group_1,measurement_status_1,1.0,MEAS_UNIT_000084,0,3,1,2,4,2,9,17,31.9,30.8,9.3,1.1000000000000014,-0.5,-0.4999999999999997,-0.8660254037844388,0.0,24.2,0,0,2,38.50469413472642,measured,cold,S01_C016,33.0,8.8,14.0,38.3,38.50469413472642,-0.20469413472642373,20260701,fixed_outer_fold_20260701
MEAS_R000085,C016,S01,85,85,33.2,38.7,9.1,15.0,measurement_group_1,measurement_status_1,1.0,MEAS_UNIT_000085,0,2,3,3,1,4,10,17,33.0,31.9,8.8,0.2000000000000028,0.2999999999999989,-0.7071067811865471,-0.7071067811865479,0.0,24.1,0,0,3,38.44785529455858,measured,cold,S01_C016,33.2,9.1,15.0,38.7,38.44785529455858,0.25214470544142387,20260701,fixed_outer_fold_20260701
MEAS_R000086,C016,S01,86,86,32.1,39.4,9.0,19.0,measurement_group_1,measurement_status_1,1.0,MEAS_UNIT_000086,0,5,1,1,4,2,13,17,33.5,34.3,5.8,-1.3999999999999986,3.2,-0.9659258262890684,0.2588190451025203,0.0,23.1,0,0,1,38.70688431412133,measured,cold,S01_C016,32.1,9.0,19.0,39.4,38.70688431412133,0.6931156858786665,20260701,fixed_outer_fold_20260701
MEAS_R000087,C016,S01,87,87,31.1,38.6,6.0,21.0,measurement_group_1,measurement_status_1,1.0,MEAS_UNIT_000087,0,5,2,1,5,3,15,17,31.0,32.1,2.3,0.1000000000000014,3.7,-0.7071067811865477,0.7071067811865474,0.0,25.1,0,1,1,38.728693046052015,measured,cold,S01_C016,31.1,6.0,21.0,38.6,38.728693046052015,-0.12869304605201393,20260701,fixed_outer_fold_20260701
MEAS_R000088,C016,S01,88,88,31.8,38.8,5.5,23.0,measurement_group_1,measurement_status_1,1.0,MEAS_UNIT_000088,0,2,2,2,3,1,16,17,31.1,31.0,6.0,0.6999999999999993,-0.5,-0.2588190451025215,0.965925826289068,0.0,26.3,0,1,2,38.658822497991,measured,cold,S01_C016,31.8,5.5,23.0,38.8,38.658822497991,0.14117750200900048,20260701,fixed_outer_fold_20260701
MEAS_R000089,C022,S01,89,89,25.4,38.1,5.4,0.0,measurement_group_1,measurement_status_1,1.0,MEAS_UNIT_000089,0,5,1,2,1,2,1,17,25.4,25.4,5.4,0.0,0.0,0.0,1.0,0.0,20.0,0,1,2,38.38885439835792,measured,cold,S01_C022,25.4,5.4,0.0,38.1,38.38885439835792,-0.2888543983579197,20260701,fixed_outer_fold_20260701
MEAS_R000090,C022,S01,90,90,25.3,38.3,5.0,11.0,measurement_group_1,measurement_status_1,1.0,MEAS_UNIT_000090,0,4,4,5,5,3,2,17,25.4,25.4,5.4,-0.0999999999999978,-0.4000000000000003,0.258819045102521,-0.9659258262890682,0.0,20.3,0,0,5,38.39719482673998,measured,cold,S01_C022,25.3,5.0,11.0,38.3,38.39719482673998,-0.09719482673997959,20260701,fixed_outer_fold_20260701
MEAS_R000091,C022,S01,91,91,32.2,38.1,6.1,11.0,measurement_group_1,measurement_status_1,1.0,MEAS_UNIT_000091,0,1,3,3,3,1,3,17,25.3,25.4,5.0,6.900000000000002,1.0999999999999996,0.258819045102521,-0.9659258262890682,0.0,26.1,0,0,3,38.40364939262014,measured,cold,S01_C022,32.2,6.1,11.0,38.1,38.40364939262014,-0.30364939262013735,20260701,fixed_outer_fold_20260701
MEAS_R000092,C022,S01,92,92,29.7,38.1,6.9,12.0,measurement_group_1,measurement_status_1,1.0,MEAS_UNIT_000092,0,4,3,4,3,5,4,17,32.2,25.3,6.1,-2.500000000000004,0.8000000000000007,1.2246467991473532e-16,-1.0,0.0,22.8,0,0,4,38.53649365696457,measured,cold,S01_C022,29.7,6.9,12.0,38.1,38.53649365696457,-0.4364936569645721,20260701,fixed_outer_fold_20260701
MEAS_R000093,C022,S01,93,93,32.8,38.7,6.8,12.0,measurement_group_1,measurement_status_1,1.0,MEAS_UNIT_000093,0,2,2,1,1,3,5,17,29.7,32.2,6.9,3.099999999999998,-0.1000000000000005,1.2246467991473532e-16,-1.0,0.0,26.0,0,0,1,38.43270307893928,measured,cold,S01_C022,32.8,6.8,12.0,38.7,38.43270307893928,0.26729692106072633,20260701,fixed_outer_fold_20260701
MEAS_R000094,C022,S01,94,94,31.3,38.2,9.3,13.0,measurement_group_1,measurement_status_1,1.0,MEAS_UNIT_000094,0,1,1,1,1,2,6,17,32.8,29.7,6.8,-1.4999999999999964,2.500000000000001,-0.2588190451025208,-0.9659258262890684,0.0,22.0,0,0,1,38.4977145093642,measured,cold,S01_C022,31.3,9.3,13.0,38.2,38.4977145093642,-0.29771450936419797,20260701,fixed_outer_fold_20260701
MEAS_R000095,C022,S01,95,95,32.5,38.7,8.0,13.0,measurement_group_1,measurement_status_1,1.0,MEAS_UNIT_000095,0,2,5,5,2,1,7,17,31.3,32.8,9.3,1.1999999999999993,-1.3000000000000007,-0.2588190451025208,-0.9659258262890684,0.0,24.5,0,0,5,38.45399716818749,measured,cold,S01_C022,32.5,8.0,13.0,38.7,38.45399716818749,0.24600283181251115,20260701,fixed_outer_fold_20260701
MEAS_R000096,C022,S01,96,96,31.2,39.0,8.8,14.0,measurement_group_1,measurement_status_1,1.0,MEAS_UNIT_000096,0,4,2,2,4,4,8,17,32.5,31.3,8.0,-1.3000000000000007,0.8000000000000007,-0.4999999999999997,-0.8660254037844388,0.0,22.4,0,0,2,38.38602651499889,measured,cold,S01_C022,31.2,8.8,14.0,39.0,38.38602651499889,0.6139734850011109,20260701,fixed_outer_fold_20260701
MEAS_R000097,C022,S01,97,97,32.3,39.5,9.1,15.0,measurement_group_1,measurement_status_1,1.0,MEAS_UNIT_000097,0,2,1,3,5,4,9,17,31.2,32.5,8.8,1.099999999999998,0.2999999999999989,-0.7071067811865471,-0.7071067811865479,0.0,23.2,0,0,3,38.40998690439178,measured,cold,S01_C022,32.3,9.1,15.0,39.5,38.40998690439178,1.0900130956082208,20260701,fixed_outer_fold_20260701
MEAS_R000098,C022,S01,98,98,33.3,38.0,11.2,15.0,measurement_group_1,measurement_status_1,1.0,MEAS_UNIT_000098,0,1,4,3,2,5,10,17,32.3,31.2,9.1,1.0,2.1,-0.7071067811865471,-0.7071067811865479,0.0,22.1,0,0,3,38.39971905205646,measured,cold,S01_C022,33.3,11.2,15.0,38.0,38.39971905205646,-0.3997190520564615,20260701,fixed_outer_fold_20260701
MEAS_R000099,C022,S01,99,99,32.9,38.3,9.0,19.0,measurement_group_1,measurement_status_1,1.0,MEAS_UNIT_000099,0,5,5,1,3,4,11,17,33.3,32.3,11.2,-0.3999999999999986,-2.1999999999999997,-0.9659258262890684,0.2588190451025203,0.0,23.9,0,0,1,38.428889802633776,measured,cold,S01_C022,32.9,9.0,19.0,38.3,38.428889802633776,-0.12888980263377903,20260701,fixed_outer_fold_20260701
MEAS_R000100,C022,S01,100,100,31.5,38.2,6.0,21.0,measurement_group_1,measurement_status_1,1.0,MEAS_UNIT_000100,0,3,3,4,2,3,12,17,32.9,33.3,9.0,-1.3999999999999986,-3.0,-0.7071067811865477,0.7071067811865474,0.0,25.5,0,1,4,38.51721555231136,measured,cold,S01_C022,31.5,6.0,21.0,38.2,38.51721555231136,-0.3172155523113602,20260701,fixed_outer_fold_20260701
MEAS_R000101,C022,S01,101,101,31.1,38.2,5.4,22.0,measurement_group_1,measurement_status_1,1.0,MEAS_UNIT_000101,0,1,2,4,4,1,15,17,30.7,32.5,2.3,0.4000000000000021,3.1000000000000005,-0.5000000000000004,0.8660254037844384,0.0,25.700000000000003,0,1,4,38.48107439559611,measured,cold,S01_C022,31.1,5.4,22.0,38.2,38.48107439559611,-0.28107439559610725,20260701,fixed_outer_fold_20260701
MEAS_R000102,C022,S01,102,102,32.1,38.5,5.5,23.0,measurement_group_1,measurement_status_1,1.0,MEAS_UNIT_000102,0,2,4,2,4,2,17,17,25.5,31.1,4.6,6.600000000000001,0.9000000000000004,-0.2588190451025215,0.965925826289068,0.0,26.6,0,1,2,38.34192812499258,measured,cold,S01_C022,32.1,5.5,23.0,38.5,38.34192812499258,0.1580718750074226,20260701,fixed_outer_fold_20260701
MEAS_R000103,C014,S01,103,103,28.2,38.5,5.4,0.0,measurement_group_1,measurement_status_1,1.0,MEAS_UNIT_000103,0,5,1,3,1,5,1,17,28.2,28.2,5.4,0.0,0.0,0.0,1.0,0.0,22.8,0,1,3,38.1846532707937,measured,cold,S01_C014,28.2,5.4,0.0,38.5,38.1846532707937,0.315346729206297,20260701,fixed_outer_fold_20260701
MEAS_R000104,C014,S01,104,104,30.4,38.5,5.0,11.0,measurement_group_1,measurement_status_1,1.0,MEAS_UNIT_000104,0,5,4,5,2,1,5,17,32.8,33.0,6.1,-2.3999999999999986,-1.0999999999999996,0.258819045102521,-0.9659258262890682,0.0,25.4,0,0,5,38.249845404246926,measured,cold,S01_C014,30.4,5.0,11.0,38.5,38.249845404246926,0.25015459575307375,20260701,fixed_outer_fold_20260701
MEAS_R000105,C014,S01,105,105,31.0,38.0,6.1,11.0,measurement_group_1,measurement_status_1,1.0,MEAS_UNIT_000105,0,2,5,2,4,3,6,17,30.4,32.8,5.0,0.6000000000000014,1.0999999999999996,0.258819045102521,-0.9659258262890682,0.0,24.9,0,0,2,38.31151096190177,measured,cold,S01_C014,31.0,6.1,11.0,38.0,38.31151096190177,-0.3115109619017673,20260701,fixed_outer_fold_20260701
MEAS_R000106,C014,S01,106,106,31.6,38.1,6.8,12.0,measurement_group_1,measurement_status_1,1.0,MEAS_UNIT_000106,0,4,1,1,2,2,7,17,31.0,30.4,6.1,0.6000000000000014,0.7000000000000002,1.2246467991473532e-16,-1.0,0.0,24.8,0,0,1,38.1043841766802,measured,cold,S01_C014,31.6,6.8,12.0,38.1,38.1043841766802,-0.004384176680197527,20260701,fixed_outer_fold_20260701
MEAS_R000107,C014,S01,107,107,32.0,38.2,6.9,12.0,measurement_group_1,measurement_status_1,1.0,MEAS_UNIT_000107,0,3,2,5,1,3,8,17,31.6,31.0,6.8,0.3999999999999986,0.1000000000000005,1.2246467991473532e-16,-1.0,0.0,25.1,0,0,5,38.07591224305584,measured,cold,S01_C014,32.0,6.9,12.0,38.2,38.07591224305584,0.12408775694416363,20260701,fixed_outer_fold_20260701
MEAS_R000108,C014,S01,108,108,30.8,37.5,8.0,13.0,measurement_group_1,measurement_status_1,1.0,MEAS_UNIT_000108,0,2,3,4,3,2,9,17,32.0,31.6,6.9,-1.1999999999999993,1.0999999999999996,-0.2588190451025208,-0.9659258262890684,0.0,22.8,0,0,4,38.17973804268654,measured,cold,S01_C014,30.8,8.0,13.0,37.5,38.17973804268654,-0.6797380426865374,20260701,fixed_outer_fold_20260701
MEAS_R000109,C014,S01,109,109,32.7,38.1,9.3,13.0,measurement_group_1,measurement_status_1,1.0,MEAS_UNIT_000109,0,1,3,4,5,1,10,17,30.8,32.0,8.0,1.900000000000002,1.3000000000000007,-0.2588190451025208,-0.9659258262890684,0.0,23.4,0,0,4,38.155824259123456,measured,cold,S01_C014,32.7,9.3,13.0,38.1,38.155824259123456,-0.05582425912345457,20260701,fixed_outer_fold_20260701
MEAS_R000110,C014,S01,110,110,33.2,38.0,8.8,14.0,measurement_group_1,measurement_status_1,1.0,MEAS_UNIT_000110,0,1,2,2,4,4,12,17,29.6,32.7,8.2,3.6000000000000014,0.6000000000000014,-0.4999999999999997,-0.8660254037844388,0.0,24.4,0,0,2,38.15475444500058,measured,cold,S01_C014,33.2,8.8,14.0,38.0,38.15475444500058,-0.15475444500057733,20260701,fixed_outer_fold_20260701
MEAS_R000111,C014,S01,111,111,33.5,38.0,11.2,15.0,measurement_group_1,measurement_status_1,1.0,MEAS_UNIT_000111,0,1,1,1,5,1,13,17,33.2,29.6,8.8,0.2999999999999971,2.3999999999999986,-0.7071067811865471,-0.7071067811865479,0.0,22.3,0,0,1,38.11230623582649,measured,cold,S01_C014,33.5,11.2,15.0,38.0,38.11230623582649,-0.11230623582648747,20260701,fixed_outer_fold_20260701
MEAS_R000112,C014,S01,112,112,32.1,39.0,9.0,19.0,measurement_group_1,measurement_status_1,1.0,MEAS_UNIT_000112,0,2,3,3,3,2,14,17,33.5,33.2,11.2,-1.3999999999999986,-2.1999999999999997,-0.9659258262890684,0.2588190451025203,0.0,23.1,0,0,3,38.29686420621182,measured,cold,S01_C014,32.1,9.0,19.0,39.0,38.29686420621182,0.7031357937881779,20260701,fixed_outer_fold_20260701
MEAS_R000113,C014,S01,113,113,31.2,39.2,6.0,21.0,measurement_group_1,measurement_status_1,1.0,MEAS_UNIT_000113,0,2,4,3,3,4,15,17,32.1,33.5,9.0,-0.9000000000000021,-3.0,-0.7071067811865477,0.7071067811865474,0.0,25.2,0,1,3,38.33869517153957,measured,cold,S01_C014,31.2,6.0,21.0,39.2,38.33869517153957,0.8613048284604332,20260701,fixed_outer_fold_20260701
MEAS_R000114,C014,S01,114,114,31.5,38.8,5.4,22.0,measurement_group_1,measurement_status_1,1.0,MEAS_UNIT_000114,0,5,5,1,1,3,16,17,31.2,32.1,6.0,0.3000000000000007,-0.5999999999999996,-0.5000000000000004,0.8660254037844384,0.0,26.1,0,1,1,38.40579745834569,measured,cold,S01_C014,31.5,5.4,22.0,38.8,38.40579745834569,0.3942025416543089,20260701,fixed_outer_fold_20260701
MEAS_R000115,C014,S01,115,115,31.0,38.4,5.5,23.0,measurement_group_1,measurement_status_1,1.0,MEAS_UNIT_000115,0,1,2,2,2,5,17,17,31.5,31.2,5.4,-0.5,0.0999999999999996,-0.2588190451025215,0.965925826289068,0.0,25.5,0,1,2,38.55103039176666,measured,cold,S01_C014,31.0,5.5,23.0,38.4,38.55103039176666,-0.15103039176666044,20260701,fixed_outer_fold_20260701
MEAS_R000116,C023,S01,116,116,30.7,38.3,5.4,0.0,measurement_group_1,measurement_status_1,1.0,MEAS_UNIT_000116,0,5,3,4,4,2,1,17,30.7,30.7,5.4,0.0,0.0,0.0,1.0,0.0,25.3,0,1,4,38.96225859718625,measured,cold,S01_C023,30.7,5.4,0.0,38.3,38.96225859718625,-0.662258597186252,20260701,fixed_outer_fold_20260701
MEAS_R000117,C023,S01,117,117,30.4,38.3,5.0,11.0,measurement_group_1,measurement_status_1,1.0,MEAS_UNIT_000117,0,1,4,2,3,1,2,17,30.7,30.7,5.4,-0.3000000000000007,-0.4000000000000003,0.258819045102521,-0.9659258262890682,0.0,25.4,0,0,2,39.0929775488265,measured,cold,S01_C023,30.4,5.0,11.0,38.3,39.0929775488265,-0.7929775488264994,20260701,fixed_outer_fold_20260701
MEAS_R000118,C023,S01,118,118,32.6,39.4,6.1,11.0,measurement_group_1,measurement_status_1,1.0,MEAS_UNIT_000118,0,3,1,2,2,4,3,17,30.4,30.7,5.0,2.200000000000003,1.0999999999999996,0.258819045102521,-0.9659258262890682,0.0,26.5,0,0,2,39.02895332183674,measured,cold,S01_C023,32.6,6.1,11.0,39.4,39.02895332183674,0.3710466781632604,20260701,fixed_outer_fold_20260701
MEAS_R000119,C023,S01,119,119,31.7,39.2,6.9,12.0,measurement_group_1,measurement_status_1,1.0,MEAS_UNIT_000119,0,4,2,3,3,3,4,17,32.6,30.4,6.1,-0.9000000000000021,0.8000000000000007,1.2246467991473532e-16,-1.0,0.0,24.8,0,0,3,38.90863413744387,measured,cold,S01_C023,31.7,6.9,12.0,39.2,38.90863413744387,0.29136586255613395,20260701,fixed_outer_fold_20260701
MEAS_R000120,C023,S01,120,120,33.2,39.0,6.8,12.0,measurement_group_1,measurement_status_1,1.0,MEAS_UNIT_000120,0,1,5,4,4,4,5,17,31.7,32.6,6.9,1.5000000000000036,-0.1000000000000005,1.2246467991473532e-16,-1.0,0.0,26.4,0,0,4,38.9967351520005,measured,cold,S01_C023,33.2,6.8,12.0,39.0,38.9967351520005,0.0032648479995032176,20260701,fixed_outer_fold_20260701
MEAS_R000121,C023,S01,121,121,32.8,38.8,9.3,13.0,measurement_group_1,measurement_status_1,1.0,MEAS_UNIT_000121,0,4,4,2,3,5,6,17,33.2,31.7,6.8,-0.4000000000000057,2.500000000000001,-0.2588190451025208,-0.9659258262890684,0.0,23.5,0,0,2,38.95919389627933,measured,cold,S01_C023,32.8,9.3,13.0,38.8,38.95919389627933,-0.15919389627933356,20260701,fixed_outer_fold_20260701
MEAS_R000122,C023,S01,122,122,33.0,38.9,8.0,13.0,measurement_group_1,measurement_status_1,1.0,MEAS_UNIT_000122,0,2,3,5,1,2,7,17,32.8,33.2,9.3,0.2000000000000028,-1.3000000000000007,-0.2588190451025208,-0.9659258262890684,0.0,25.0,0,0,5,38.88541642041061,measured,cold,S01_C023,33.0,8.0,13.0,38.9,38.88541642041061,0.014583579589391604,20260701,fixed_outer_fold_20260701
MEAS_R000123,C023,S01,123,123,33.7,38.6,8.8,14.0,measurement_group_1,measurement_status_1,1.0,MEAS_UNIT_000123,0,3,1,3,1,2,9,17,36.7,33.0,8.3,-3.0,0.5,-0.4999999999999997,-0.8660254037844388,0.0,24.9,0,0,3,38.93269552665875,measured,cold,S01_C023,33.7,8.8,14.0,38.6,38.93269552665875,-0.33269552665874613,20260701,fixed_outer_fold_20260701
MEAS_R000124,C023,S01,124,124,32.4,39.1,11.2,15.0,measurement_group_1,measurement_status_1,1.0,MEAS_UNIT_000124,0,3,4,4,5,5,10,17,33.7,36.7,8.8,-1.3000000000000045,2.3999999999999986,-0.7071067811865471,-0.7071067811865479,0.0,21.2,0,0,4,38.93224769916871,measured,cold,S01_C023,32.4,11.2,15.0,39.1,38.93224769916871,0.1677523008312889,20260701,fixed_outer_fold_20260701
MEAS_R000125,C023,S01,125,125,35.3,39.0,9.1,15.0,measurement_group_1,measurement_status_1,1.0,MEAS_UNIT_000125,0,5,1,5,5,1,11,17,32.4,33.7,11.2,2.8999999999999986,-2.1,-0.7071067811865471,-0.7071067811865479,0.0,26.2,0,0,5,38.843881826536254,measured,cold,S01_C023,35.3,9.1,15.0,39.0,38.843881826536254,0.1561181734637458,20260701,fixed_outer_fold_20260701
MEAS_R000126,C023,S01,126,126,32.1,39.1,9.0,19.0,measurement_group_1,measurement_status_1,1.0,MEAS_UNIT_000126,0,5,2,1,2,3,13,17,33.8,35.3,12.0,-1.6999999999999955,-3.0,-0.9659258262890684,0.2588190451025203,0.0,23.1,0,0,1,39.17702920344674,measured,cold,S01_C023,32.1,9.0,19.0,39.1,39.17702920344674,-0.07702920344674169,20260701,fixed_outer_fold_20260701
MEAS_R000127,C023,S01,127,127,33.5,39.9,6.0,21.0,measurement_group_1,measurement_status_1,1.0,MEAS_UNIT_000127,0,2,3,3,1,4,15,17,31.6,32.1,9.8,1.8999999999999984,-3.8000000000000007,-0.7071067811865477,0.7071067811865474,0.0,27.5,0,1,3,39.06820254747655,measured,cold,S01_C023,33.5,6.0,21.0,39.9,39.06820254747655,0.8317974525234462,20260701,fixed_outer_fold_20260701
MEAS_R000128,C023,S01,128,128,33.8,39.4,5.4,22.0,measurement_group_1,measurement_status_1,1.0,MEAS_UNIT_000128,0,4,5,1,2,1,16,17,33.5,31.6,6.0,0.2999999999999971,-0.5999999999999996,-0.5000000000000004,0.8660254037844384,0.0,28.4,0,1,1,39.026073857143714,measured,cold,S01_C023,33.8,5.4,22.0,39.4,39.026073857143714,0.3739261428562841,20260701,fixed_outer_fold_20260701
MEAS_R000129,C023,S01,129,129,33.3,39.3,5.5,23.0,measurement_group_1,measurement_status_1,1.0,MEAS_UNIT_000129,0,1,2,1,4,3,17,17,33.8,33.5,5.4,-0.5,0.0999999999999996,-0.2588190451025215,0.965925826289068,0.0,27.8,0,1,1,38.99916484703847,measured,cold,S01_C023,33.3,5.5,23.0,39.3,38.99916484703847,0.3008351529615254,20260701,fixed_outer_fold_20260701
MEAS_R000130,C011,S01,130,130,28.2,38.1,13.1,11.0,measurement_group_1,measurement_status_1,1.0,MEAS_UNIT_000130,0,3,1,1,4,2,3,17,30.0,31.2,19.1,-1.8000000000000007,-6.000000000000002,0.258819045102521,-0.9659258262890682,0.0,15.1,0,0,1,38.21121543007361,measured,cold,S01_C011,28.2,13.1,11.0,38.1,38.21121543007361,-0.11121543007360657,20260701,fixed_outer_fold_20260701
MEAS_R000131,C011,S01,131,131,30.2,38.0,16.0,12.0,measurement_group_1,measurement_status_1,1.0,MEAS_UNIT_000131,0,5,2,2,2,3,5,17,29.1,28.2,16.8,1.099999999999998,-0.8000000000000007,1.2246467991473532e-16,-1.0,0.0,14.2,0,0,2,38.1603011260027,measured,cold,S01_C011,30.2,16.0,12.0,38.0,38.1603011260027,-0.1603011260027003,20260701,fixed_outer_fold_20260701
MEAS_R000132,C011,S01,132,132,30.8,37.9,18.3,13.0,measurement_group_1,measurement_status_1,1.0,MEAS_UNIT_000132,0,2,4,2,1,1,7,17,27.7,30.2,9.9,3.1000000000000014,8.4,-0.2588190451025208,-0.9659258262890684,0.0176470588235294,12.5,0,0,2,38.13619457435139,measured,moderate,S01_C011,30.8,18.3,13.0,37.9,38.13619457435139,-0.23619457435139424,20260701,fixed_outer_fold_20260701
MEAS_R000133,C011,S01,133,133,31.9,38.1,20.8,14.0,measurement_group_1,measurement_status_1,1.0,MEAS_UNIT_000133,0,1,5,4,2,4,8,17,30.8,27.7,18.3,1.099999999999998,2.5,-0.4999999999999997,-0.8660254037844388,0.1647058823529412,11.099999999999998,0,0,4,38.094618940946845,measured,moderate,S01_C011,31.9,20.8,14.0,38.1,38.094618940946845,0.005381059053156889,20260701,fixed_outer_fold_20260701
MEAS_R000134,C011,S01,134,134,32.6,38.1,22.0,15.0,measurement_group_1,measurement_status_1,1.0,MEAS_UNIT_000134,0,2,4,3,3,5,10,17,34.0,31.9,24.4,-1.3999999999999986,-2.3999999999999986,-0.7071067811865471,-0.7071067811865479,0.2352941176470588,10.6,0,0,3,38.10938482967576,measured,moderate,S01_C011,32.6,22.0,15.0,38.1,38.10938482967576,-0.009384829675759931,20260701,fixed_outer_fold_20260701
MEAS_R000135,C011,S01,135,135,30.2,38.4,13.4,21.0,measurement_group_1,measurement_status_1,1.0,MEAS_UNIT_000135,0,4,1,4,5,2,12,17,30.8,32.6,20.0,-0.6000000000000014,-6.6,-0.7071067811865477,0.7071067811865474,0.0,16.799999999999997,0,1,4,38.36884759749982,measured,cold,S01_C011,30.2,13.4,21.0,38.4,38.36884759749982,0.031152402500175924,20260701,fixed_outer_fold_20260701
MEAS_R000136,C011,S01,136,136,30.7,39.1,11.8,22.0,measurement_group_1,measurement_status_1,1.0,MEAS_UNIT_000136,0,5,2,1,4,4,14,17,29.5,30.2,11.7,1.1999999999999993,0.1000000000000014,-0.5000000000000004,0.8660254037844384,0.0,18.9,0,1,1,38.18161312640856,measured,cold,S01_C011,30.7,11.8,22.0,39.1,38.18161312640856,0.9183868735914444,20260701,fixed_outer_fold_20260701
MEAS_R000137,C011,S01,137,137,30.6,38.2,10.9,23.0,measurement_group_1,measurement_status_1,1.0,MEAS_UNIT_000137,0,5,3,5,1,1,15,17,30.7,29.5,11.8,-0.0999999999999978,-0.9000000000000004,-0.2588190451025215,0.965925826289068,0.0,19.700000000000003,0,1,5,38.48837870088074,measured,cold,S01_C011,30.6,10.9,23.0,38.2,38.48837870088074,-0.2883787008807346,20260701,fixed_outer_fold_20260701
MEAS_R000138,C011,S01,138,138,29.6,38.1,10.9,24.0,measurement_group_1,measurement_status_1,1.0,MEAS_UNIT_000138,0,4,3,3,3,3,17,17,31.1,30.6,8.5,-1.5,2.4000000000000004,-2.4492935982947064e-16,1.0,0.0,18.700000000000003,0,1,3,38.35623899357503,measured,cold,S01_C011,29.6,10.9,24.0,38.1,38.35623899357503,-0.25623899357503177,20260701,fixed_outer_fold_20260701
MEAS_R000139,C004,S01,139,139,28.8,37.8,7.9,1.0,measurement_group_1,measurement_status_1,1.0,MEAS_UNIT_000139,0,4,5,5,2,2,1,17,28.8,28.8,7.9,0.0,0.0,0.2588190451025207,0.9659258262890684,0.0,20.9,0,1,5,37.90161103107274,measured,cold,S01_C004,28.8,7.9,1.0,37.8,37.90161103107274,-0.10161103107274272,20260701,fixed_outer_fold_20260701
MEAS_R000140,C004,S01,140,140,27.6,37.6,3.5,14.0,measurement_group_1,measurement_status_1,1.0,MEAS_UNIT_000140,0,1,1,5,3,2,11,17,27.6,31.0,7.5,0.0,-4.0,-0.4999999999999997,-0.8660254037844388,0.0,24.1,0,0,5,37.64156615786215,measured,cold,S01_C004,27.6,3.5,14.0,37.6,37.64156615786215,-0.041566157862149566,20260701,fixed_outer_fold_20260701
MEAS_R000141,C004,S01,141,141,32.4,37.5,4.6,12.0,measurement_group_1,measurement_status_1,1.0,MEAS_UNIT_000141,0,2,1,3,1,1,6,17,32.3,32.9,5.3,0.1000000000000014,-0.7000000000000002,1.2246467991473532e-16,-1.0,0.0,27.8,0,0,3,37.56835839266144,measured,cold,S01_C004,32.4,4.6,12.0,37.5,37.56835839266144,-0.0683583926614375,20260701,fixed_outer_fold_20260701
MEAS_R000142,C004,S01,142,142,30.6,37.6,9.4,9.0,measurement_group_1,measurement_status_1,1.0,MEAS_UNIT_000142,0,5,1,2,2,1,3,17,32.1,28.8,7.6,-1.5,1.8000000000000007,0.7071067811865476,-0.7071067811865475,0.0,21.200000000000003,0,0,2,37.65224692478084,measured,cold,S01_C004,30.6,9.4,9.0,37.6,37.65224692478084,-0.05224692478083881,20260701,fixed_outer_fold_20260701
MEAS_R000143,C004,S01,143,143,32.3,37.6,5.3,11.0,measurement_group_1,measurement_status_1,1.0,MEAS_UNIT_000143,0,4,1,1,3,4,5,17,32.9,30.6,5.5,-0.6000000000000014,-0.2000000000000001,0.258819045102521,-0.9659258262890682,0.0,27.0,0,0,1,37.60890235698305,measured,cold,S01_C004,32.3,5.3,11.0,37.6,37.60890235698305,-0.008902356983050197,20260701,fixed_outer_fold_20260701
MEAS_R000144,C004,S01,144,144,31.2,37.5,8.8,12.0,measurement_group_1,measurement_status_1,1.0,MEAS_UNIT_000144,0,1,5,3,1,1,7,17,32.4,32.3,4.6,-1.1999999999999993,4.200000000000001,1.2246467991473532e-16,-1.0,0.0,22.4,0,0,3,37.5236386099637,measured,cold,S01_C004,31.2,8.8,12.0,37.5,37.5236386099637,-0.023638609963697377,20260701,fixed_outer_fold_20260701
MEAS_R000145,C004,S01,145,145,32.9,37.6,5.5,10.0,measurement_group_1,measurement_status_1,1.0,MEAS_UNIT_000145,0,5,2,1,1,5,4,17,30.6,32.1,9.4,2.299999999999997,-3.9,0.4999999999999999,-0.8660254037844387,0.0,27.4,0,0,1,37.62652165027295,measured,cold,S01_C004,32.9,5.5,10.0,37.6,37.62652165027295,-0.026521650272947284,20260701,fixed_outer_fold_20260701
MEAS_R000146,C004,S01,146,146,31.1,37.5,11.3,12.0,measurement_group_1,measurement_status_1,1.0,MEAS_UNIT_000146,0,3,4,4,5,2,8,17,31.2,32.4,8.8,-0.0999999999999978,2.5,1.2246467991473532e-16,-1.0,0.0,19.8,0,0,4,37.5908823678578,measured,cold,S01_C004,31.1,11.3,12.0,37.5,37.5908823678578,-0.09088236785780168,20260701,fixed_outer_fold_20260701
MEAS_R000147,C004,S01,147,147,31.0,37.5,8.6,13.0,measurement_group_1,measurement_status_1,1.0,MEAS_UNIT_000147,0,3,2,5,4,3,9,17,31.1,31.2,11.3,-0.1000000000000014,-2.700000000000001,-0.2588190451025208,-0.9659258262890684,0.0,22.4,0,0,5,37.51981568371993,measured,cold,S01_C004,31.0,8.6,13.0,37.5,37.51981568371993,-0.019815683719933475,20260701,fixed_outer_fold_20260701
MEAS_R000148,C004,S01,148,148,34.3,37.7,12.7,17.0,measurement_group_1,measurement_status_1,1.0,MEAS_UNIT_000148,0,2,5,4,2,3,12,17,27.6,27.6,3.5,6.699999999999996,9.2,-0.9659258262890684,-0.2588190451025206,0.0,21.6,0,0,4,37.80268754600943,measured,cold,S01_C004,34.3,12.7,17.0,37.7,37.80268754600943,-0.10268754600942742,20260701,fixed_outer_fold_20260701
MEAS_R000149,C004,S01,149,149,30.1,37.7,9.5,22.0,measurement_group_1,measurement_status_1,1.0,MEAS_UNIT_000149,0,3,3,2,5,4,15,17,30.9,30.6,3.0,-0.7999999999999972,6.5,-0.5000000000000004,0.8660254037844384,0.0,20.6,0,1,2,37.7954484126461,measured,cold,S01_C004,30.1,9.5,22.0,37.7,37.7954484126461,-0.09544841264609971,20260701,fixed_outer_fold_20260701
MEAS_R000150,C004,S01,150,150,30.6,37.6,4.5,19.0,measurement_group_1,measurement_status_1,1.0,MEAS_UNIT_000150,0,2,2,3,5,1,13,17,34.3,27.6,12.7,-3.699999999999996,-8.2,-0.9659258262890684,0.2588190451025203,0.0,26.1,0,0,3,37.67920534747896,measured,cold,S01_C004,30.6,4.5,19.0,37.6,37.67920534747896,-0.07920534747896113,20260701,fixed_outer_fold_20260701
MEAS_R000151,C028,S01,151,151,34.5,40.3,29.7,23.0,measurement_group_1,measurement_status_1,1.0,MEAS_UNIT_000151,1,1,4,3,1,2,4,4,37.2,33.4,34.8,-2.700000000000003,-5.099999999999998,-0.2588190451025215,0.965925826289068,0.6882352941176471,4.800000000000001,0,1,3,40.20248321351201,measured,moderate,S01_C028,34.5,29.7,23.0,40.3,40.20248321351201,0.09751678648798645,20260701,fixed_outer_fold_20260701
MEAS_R000152,C028,S01,152,152,36.6,40.2,36.5,15.0,measurement_group_1,measurement_status_1,1.0,MEAS_UNIT_000152,4,5,1,4,5,2,4,6,38.6,37.6,37.4,-2.0,-0.8999999999999986,-0.7071067811865471,-0.7071067811865479,1.0,0.1000000000000014,1,0,4,40.21262436124029,measured,hot,S01_C028,36.6,36.5,15.0,40.2,40.21262436124029,-0.012624361240284543,20260701,fixed_outer_fold_20260701
MEAS_R000153,C028,S01,153,153,37.6,40.2,35.5,13.0,measurement_group_1,measurement_status_1,1.0,MEAS_UNIT_000153,4,3,1,1,2,3,2,6,36.6,36.6,37.5,1.0,-2.0,-0.2588190451025208,-0.9659258262890684,1.0,2.1000000000000014,1,0,1,40.13489052375526,measured,hot,S01_C028,37.6,35.5,13.0,40.2,40.13489052375526,0.06510947624474284,20260701,fixed_outer_fold_20260701
MEAS_R000154,C028,S01,154,154,38.6,40.2,37.4,14.0,measurement_group_1,measurement_status_1,1.0,MEAS_UNIT_000154,4,5,4,2,4,1,3,6,37.6,36.6,35.5,1.0,1.8999999999999984,-0.4999999999999997,-0.8660254037844388,1.0,1.2000000000000028,1,0,2,40.187990029465695,measured,hot,S01_C028,38.6,37.4,14.0,40.2,40.187990029465695,0.012009970534307968,20260701,fixed_outer_fold_20260701
MEAS_R000155,C028,S01,155,155,37.7,39.8,40.4,13.0,measurement_group_1,measurement_status_1,1.0,MEAS_UNIT_000155,2,1,1,2,3,1,1,1,37.7,37.7,40.4,0.0,0.0,-0.2588190451025208,-0.9659258262890684,1.0,-2.699999999999996,1,0,2,39.86214674416828,measured,hot,S01_C028,37.7,40.4,13.0,39.8,39.86214674416828,-0.06214674416828103,20260701,fixed_outer_fold_20260701
MEAS_R000156,C028,S01,156,156,39.9,40.3,38.3,21.0,measurement_group_1,measurement_status_1,1.0,MEAS_UNIT_000156,5,2,2,1,2,5,2,3,38.6,38.6,37.3,1.2999999999999972,1.0,-0.7071067811865477,0.7071067811865474,1.0,1.6000000000000014,1,1,1,40.25092103182456,measured,hot,S01_C028,39.9,38.3,21.0,40.3,40.25092103182456,0.049078968175436444,20260701,fixed_outer_fold_20260701
MEAS_R000157,C028,S01,157,157,38.4,40.1,38.5,20.0,measurement_group_1,measurement_status_1,1.0,MEAS_UNIT_000157,3,4,3,5,3,2,2,3,36.8,36.8,36.2,1.6000000000000014,2.299999999999997,-0.8660254037844386,0.5000000000000001,1.0,-0.1000000000000014,1,1,5,40.10195501164458,measured,hot,S01_C028,38.4,38.5,20.0,40.1,40.10195501164458,-0.001955011644575677,20260701,fixed_outer_fold_20260701
MEAS_R000158,C028,S01,158,158,37.3,40.3,36.7,22.0,measurement_group_1,measurement_status_1,1.0,MEAS_UNIT_000158,5,3,4,2,3,4,3,3,39.9,38.6,38.3,-2.6000000000000014,-1.5999999999999943,-0.5000000000000004,0.8660254037844384,1.0,0.5999999999999943,1,1,2,40.21616093279687,measured,hot,S01_C028,37.3,36.7,22.0,40.3,40.21616093279687,0.0838390672031295,20260701,fixed_outer_fold_20260701
MEAS_R000159,C028,S01,159,159,36.8,40.1,36.2,17.0,measurement_group_1,measurement_status_1,1.0,MEAS_UNIT_000159,3,2,1,1,5,3,1,3,36.8,36.8,36.2,0.0,0.0,-0.9659258262890684,-0.2588190451025206,1.0,0.5999999999999943,1,0,1,40.05948263273777,measured,hot,S01_C028,36.8,36.2,17.0,40.1,40.05948263273777,0.04051736726223254,20260701,fixed_outer_fold_20260701
MEAS_R000160,C028,S01,160,160,37.2,40.1,37.5,23.0,measurement_group_1,measurement_status_1,1.0,MEAS_UNIT_000160,3,3,3,4,4,4,3,3,38.4,36.8,38.5,-1.1999999999999955,-1.0,-0.2588190451025215,0.965925826289068,1.0,-0.2999999999999971,1,1,4,40.14076452743468,measured,hot,S01_C028,37.2,37.5,23.0,40.1,40.14076452743468,-0.04076452743468195,20260701,fixed_outer_fold_20260701
MEAS_R000161,C028,S01,161,161,38.6,40.2,37.3,0.0,measurement_group_1,measurement_status_1,1.0,MEAS_UNIT_000161,5,4,5,2,4,4,1,3,38.6,38.6,37.3,0.0,0.0,0.0,1.0,1.0,1.3000000000000045,1,1,2,40.14362243301734,measured,hot,S01_C028,38.6,37.3,0.0,40.2,40.14362243301734,0.056377566982661165,20260701,fixed_outer_fold_20260701
MEAS_R000162,C028,S01,162,162,37.2,40.3,34.8,20.0,measurement_group_1,measurement_status_1,1.0,MEAS_UNIT_000162,1,2,5,5,1,5,3,4,33.4,35.4,28.7,3.800000000000004,6.099999999999998,-0.8660254037844386,0.5000000000000001,0.9882352941176468,2.4000000000000057,1,1,5,40.30903040315069,measured,hot,S01_C028,37.2,34.8,20.0,40.3,40.30903040315069,-0.009030403150696031,20260701,fixed_outer_fold_20260701
MEAS_R000163,C028,S01,163,163,35.4,40.3,33.2,1.0,measurement_group_1,measurement_status_1,1.0,MEAS_UNIT_000163,1,2,3,3,5,5,1,4,35.4,35.4,33.2,0.0,0.0,0.2588190451025207,0.9659258262890684,0.8941176470588237,2.199999999999996,1,1,3,40.18669981014101,measured,hot,S01_C028,35.4,33.2,1.0,40.3,40.18669981014101,0.1133001898589896,20260701,fixed_outer_fold_20260701
MEAS_R000164,C008,S01,164,164,33.6,38.3,2.9,21.0,measurement_group_1,measurement_status_1,1.0,MEAS_UNIT_000164,0,3,1,1,3,1,16,17,34.4,35.0,7.5,-0.7999999999999972,-4.6,-0.7071067811865477,0.7071067811865474,0.0,30.700000000000003,0,1,1,38.34829996971686,measured,cold,S01_C008,33.6,2.9,21.0,38.3,38.34829996971686,-0.04829996971686512,20260701,fixed_outer_fold_20260701
MEAS_R000165,C008,S01,165,165,31.2,38.2,4.6,14.0,measurement_group_1,measurement_status_1,1.0,MEAS_UNIT_000165,0,4,4,3,1,5,11,17,33.3,36.6,5.5,-2.099999999999998,-0.9000000000000004,-0.4999999999999997,-0.8660254037844388,0.0,26.6,0,0,3,38.15958863090788,measured,cold,S01_C008,31.2,4.6,14.0,38.2,38.15958863090788,0.04041136909212639,20260701,fixed_outer_fold_20260701
MEAS_R000166,C008,S01,166,166,32.1,38.1,6.5,9.0,measurement_group_1,measurement_status_1,1.0,MEAS_UNIT_000166,0,3,1,4,5,4,4,17,34.2,33.9,6.0,-2.1000000000000014,0.5,0.7071067811865476,-0.7071067811865475,0.0,25.6,0,0,4,38.14663449429588,measured,cold,S01_C008,32.1,6.5,9.0,38.1,38.14663449429588,-0.04663449429587985,20260701,fixed_outer_fold_20260701
MEAS_R000167,C008,S01,167,167,33.2,38.1,8.4,11.0,measurement_group_1,measurement_status_1,1.0,MEAS_UNIT_000167,0,2,5,2,1,5,8,17,33.5,34.3,7.5,-0.2999999999999971,0.9000000000000004,0.258819045102521,-0.9659258262890682,0.0,24.800000000000004,0,0,2,38.085729509103146,measured,cold,S01_C008,33.2,8.4,11.0,38.1,38.085729509103146,0.014270490896855392,20260701,fixed_outer_fold_20260701
MEAS_R000168,C008,S01,168,168,36.6,38.1,9.3,11.0,measurement_group_1,measurement_status_1,1.0,MEAS_UNIT_000168,0,3,2,3,2,5,9,17,33.2,33.5,8.4,3.3999999999999986,0.9000000000000004,0.258819045102521,-0.9659258262890682,0.0,27.3,0,0,3,38.1441347730041,measured,cold,S01_C008,36.6,9.3,11.0,38.1,38.1441347730041,-0.04413477300409596,20260701,fixed_outer_fold_20260701
MEAS_R000169,C008,S01,169,169,33.3,38.1,5.5,11.0,measurement_group_1,measurement_status_1,1.0,MEAS_UNIT_000169,0,1,3,1,3,2,10,17,36.6,33.2,9.3,-3.3000000000000043,-3.8000000000000007,0.258819045102521,-0.9659258262890682,0.0,27.8,0,0,1,38.111623668070685,measured,cold,S01_C008,33.3,5.5,11.0,38.1,38.111623668070685,-0.01162366807068338,20260701,fixed_outer_fold_20260701
MEAS_R000170,C008,S01,170,170,34.3,38.1,10.8,10.0,measurement_group_1,measurement_status_1,1.0,MEAS_UNIT_000170,0,1,5,3,3,1,6,17,30.1,32.1,7.6,4.199999999999996,3.200000000000001,0.4999999999999999,-0.8660254037844387,0.0,23.5,0,0,3,38.1201853159281,measured,cold,S01_C008,34.3,10.8,10.0,38.1,38.1201853159281,-0.020185315928095804,20260701,fixed_outer_fold_20260701
MEAS_R000171,C008,S01,171,171,35.5,38.2,11.3,16.0,measurement_group_1,measurement_status_1,1.0,MEAS_UNIT_000171,0,2,3,2,4,1,13,17,33.2,31.2,8.4,2.299999999999997,2.9000000000000004,-0.8660254037844385,-0.5000000000000004,0.0,24.2,0,0,2,38.163581977987846,measured,cold,S01_C008,35.5,11.3,16.0,38.2,38.163581977987846,0.036418022012156825,20260701,fixed_outer_fold_20260701
MEAS_R000172,C008,S01,172,172,35.0,38.2,9.6,16.0,measurement_group_1,measurement_status_1,1.0,MEAS_UNIT_000172,0,2,2,2,1,2,14,17,35.5,33.2,11.3,-0.5,-1.700000000000001,-0.8660254037844385,-0.5000000000000004,0.0,25.4,0,0,2,38.18007928460969,measured,cold,S01_C008,35.0,9.6,16.0,38.2,38.18007928460969,0.01992071539031315,20260701,fixed_outer_fold_20260701
MEAS_R000173,C008,S01,173,173,34.4,38.2,7.5,17.0,measurement_group_1,measurement_status_1,1.0,MEAS_UNIT_000173,0,1,1,1,4,1,15,17,35.0,35.5,9.6,-0.6000000000000014,-2.1,-0.9659258262890684,-0.2588190451025206,0.0,26.9,0,0,1,38.20652261082058,measured,cold,S01_C008,34.4,7.5,17.0,38.2,38.20652261082058,-0.006522610820574926,20260701,fixed_outer_fold_20260701
MEAS_R000174,C008,S01,174,174,31.6,38.3,3.5,22.0,measurement_group_1,measurement_status_1,1.0,MEAS_UNIT_000174,0,1,4,5,4,3,17,17,33.6,34.4,2.9,-2.0,0.6000000000000001,-0.5000000000000004,0.8660254037844384,0.0,28.1,0,1,5,38.24617860716599,measured,cold,S01_C008,31.6,3.5,22.0,38.3,38.24617860716599,0.053821392834009885,20260701,fixed_outer_fold_20260701
MEAS_R000175,C008,S01,175,175,33.6,38.2,7.9,1.0,measurement_group_1,measurement_status_1,1.0,MEAS_UNIT_000175,0,4,2,5,2,3,1,17,33.6,33.6,7.9,0.0,0.0,0.2588190451025207,0.9659258262890684,0.0,25.700000000000003,0,1,5,38.18205501136064,measured,cold,S01_C008,33.6,7.9,1.0,38.2,38.18205501136064,0.017944988639364112,20260701,fixed_outer_fold_20260701
MEAS_R000176,C030,S01,176,176,27.8,40.1,6.9,1.0,measurement_group_1,measurement_status_1,1.0,MEAS_UNIT_000176,0,2,2,2,3,2,2,17,30.6,30.6,3.0,-2.8000000000000007,3.9,0.2588190451025207,0.9659258262890684,0.0,20.9,0,1,2,39.93802396130419,measured,cold,S01_C030,27.8,6.9,1.0,40.1,39.93802396130419,0.161976038695812,20260701,fixed_outer_fold_20260701
MEAS_R000177,C030,S01,177,177,30.0,40.2,2.5,14.0,measurement_group_1,measurement_status_1,1.0,MEAS_UNIT_000177,0,1,3,3,4,4,12,17,30.6,32.5,5.6,-0.6000000000000014,-3.1,-0.4999999999999997,-0.8660254037844388,0.0,27.5,0,0,3,40.17400359537495,measured,cold,S01_C030,30.0,2.5,14.0,40.2,40.17400359537495,0.02599640462505448,20260701,fixed_outer_fold_20260701
MEAS_R000178,C030,S01,178,178,32.0,40.3,6.6,8.0,measurement_group_1,measurement_status_1,1.0,MEAS_UNIT_000178,0,2,5,1,2,1,3,17,27.8,30.6,6.9,4.199999999999999,-0.3000000000000007,0.8660254037844387,-0.4999999999999998,0.0,25.4,0,0,1,40.26370712920548,measured,cold,S01_C030,32.0,6.6,8.0,40.3,40.26370712920548,0.036292870794518706,20260701,fixed_outer_fold_20260701
MEAS_R000179,C030,S01,179,179,30.6,40.3,4.3,9.0,measurement_group_1,measurement_status_1,1.0,MEAS_UNIT_000179,0,1,2,2,4,3,4,17,32.0,27.8,6.6,-1.3999999999999986,-2.3,0.7071067811865476,-0.7071067811865475,0.0,26.3,0,0,2,40.28427562813491,measured,cold,S01_C030,30.6,4.3,9.0,40.3,40.28427562813491,0.015724371865090347,20260701,fixed_outer_fold_20260701
MEAS_R000180,C030,S01,180,180,31.0,40.3,5.4,10.0,measurement_group_1,measurement_status_1,1.0,MEAS_UNIT_000180,0,5,2,4,1,1,6,17,30.0,30.6,6.5,1.0,-1.0999999999999996,0.4999999999999999,-0.8660254037844387,0.0,25.6,0,0,4,40.3048920609526,measured,cold,S01_C030,31.0,5.4,10.0,40.3,40.3048920609526,-0.004892060952599309,20260701,fixed_outer_fold_20260701
MEAS_R000181,C030,S01,181,181,30.4,40.3,10.5,10.0,measurement_group_1,measurement_status_1,1.0,MEAS_UNIT_000181,0,3,4,5,5,5,7,17,31.0,30.0,5.4,-0.6000000000000014,5.1,0.4999999999999999,-0.8660254037844387,0.0,19.9,0,0,5,40.21913829357634,measured,cold,S01_C030,30.4,10.5,10.0,40.3,40.21913829357634,0.08086170642365431,20260701,fixed_outer_fold_20260701
MEAS_R000182,C030,S01,182,182,31.7,40.2,11.8,12.0,measurement_group_1,measurement_status_1,1.0,MEAS_UNIT_000182,0,2,1,1,4,1,9,17,32.3,30.4,8.3,-0.5999999999999979,3.5,1.2246467991473532e-16,-1.0,0.0,19.9,0,0,1,40.13654929957802,measured,cold,S01_C030,31.7,11.8,12.0,40.2,40.13654929957802,0.06345070042198131,20260701,fixed_outer_fold_20260701
MEAS_R000183,C030,S01,183,183,34.2,40.2,8.3,16.0,measurement_group_1,measurement_status_1,1.0,MEAS_UNIT_000183,0,2,5,3,5,1,13,17,30.0,30.6,2.5,4.200000000000003,5.800000000000001,-0.8660254037844385,-0.5000000000000004,0.0,25.9,0,0,3,40.13880594636076,measured,cold,S01_C030,34.2,8.3,16.0,40.2,40.13880594636076,0.06119405363924102,20260701,fixed_outer_fold_20260701
MEAS_R000184,C030,S01,184,184,32.5,40.2,11.7,13.0,measurement_group_1,measurement_status_1,1.0,MEAS_UNIT_000184,0,5,4,1,3,4,10,17,31.7,32.3,11.8,0.8000000000000007,-0.1000000000000014,-0.2588190451025208,-0.9659258262890684,0.0,20.8,0,0,1,40.09807074272166,measured,cold,S01_C030,32.5,11.7,13.0,40.2,40.09807074272166,0.10192925727834279,20260701,fixed_outer_fold_20260701
MEAS_R000185,C030,S01,185,185,32.8,40.2,8.5,18.0,measurement_group_1,measurement_status_1,1.0,MEAS_UNIT_000185,0,1,3,5,1,3,14,17,34.2,30.0,8.3,-1.4000000000000057,0.1999999999999993,-1.0,-1.8369701987210294e-16,0.0,24.3,0,0,5,40.187746551456776,measured,cold,S01_C030,32.8,8.5,18.0,40.2,40.187746551456776,0.012253448543226853,20260701,fixed_outer_fold_20260701
MEAS_R000186,C030,S01,186,186,32.2,40.2,3.5,20.0,measurement_group_1,measurement_status_1,1.0,MEAS_UNIT_000186,0,4,1,5,2,5,15,17,32.8,34.2,8.5,-0.5999999999999943,-5.0,-0.8660254037844386,0.5000000000000001,0.0,28.700000000000003,0,1,5,40.14906681830649,measured,cold,S01_C030,32.2,3.5,20.0,40.2,40.14906681830649,0.050933181693515905,20260701,fixed_outer_fold_20260701
MEAS_R000187,C030,S01,187,187,32.2,40.2,7.9,21.0,measurement_group_1,measurement_status_1,1.0,MEAS_UNIT_000187,0,5,1,3,1,4,16,17,32.2,32.8,3.5,0.0,4.4,-0.7071067811865477,0.7071067811865474,0.0,24.300000000000004,0,1,3,40.17101188228995,measured,cold,S01_C030,32.2,7.9,21.0,40.2,40.17101188228995,0.02898811771004972,20260701,fixed_outer_fold_20260701
MEAS_R000188,C030,S01,188,188,30.6,40.1,3.0,0.0,measurement_group_1,measurement_status_1,1.0,MEAS_UNIT_000188,0,3,2,4,5,2,1,17,30.6,30.6,3.0,0.0,0.0,0.0,1.0,0.0,27.6,0,1,4,40.03709904058294,measured,cold,S01_C030,30.6,3.0,0.0,40.1,40.03709904058294,0.06290095941706397,20260701,fixed_outer_fold_20260701
MEAS_R000189,C030,S01,189,189,27.8,40.2,6.9,21.0,measurement_group_1,measurement_status_1,1.0,MEAS_UNIT_000189,0,3,3,1,2,2,17,17,32.2,32.2,7.9,-4.400000000000002,-1.0,-0.7071067811865477,0.7071067811865474,0.0,20.9,0,1,1,40.14459603841316,measured,cold,S01_C030,27.8,6.9,21.0,40.2,40.14459603841316,0.05540396158684047,20260701,fixed_outer_fold_20260701
MEAS_R000190,C018,S01,190,190,30.4,38.8,3.9,2.0,measurement_group_1,measurement_status_1,1.0,MEAS_UNIT_000190,0,1,4,5,1,1,3,17,34.1,32.4,4.0,-3.700000000000003,-0.1,0.4999999999999999,0.8660254037844387,0.0,26.5,0,1,5,38.80960302585386,measured,cold,S01_C018,30.4,3.9,2.0,38.8,38.80960302585386,-0.0096030258538633,20260701,fixed_outer_fold_20260701
MEAS_R000191,C018,S01,191,191,32.3,38.8,6.6,9.0,measurement_group_1,measurement_status_1,1.0,MEAS_UNIT_000191,0,2,2,4,4,4,5,17,30.7,30.4,2.9,1.599999999999998,3.7,0.7071067811865476,-0.7071067811865475,0.0,25.7,0,0,4,38.81219554947841,measured,cold,S01_C018,32.3,6.6,9.0,38.8,38.81219554947841,-0.01219554947841317,20260701,fixed_outer_fold_20260701
MEAS_R000192,C018,S01,192,192,30.8,38.8,4.4,9.0,measurement_group_1,measurement_status_1,1.0,MEAS_UNIT_000192,0,5,4,4,4,2,6,17,32.3,30.7,6.6,-1.4999999999999964,-2.1999999999999997,0.7071067811865476,-0.7071067811865475,0.0,26.4,0,0,4,38.80307112984672,measured,cold,S01_C018,30.8,4.4,9.0,38.8,38.80307112984672,-0.0030711298467238635,20260701,fixed_outer_fold_20260701
MEAS_R000193,C018,S01,193,193,32.6,38.8,5.3,9.0,measurement_group_1,measurement_status_1,1.0,MEAS_UNIT_000193,0,4,5,1,3,2,7,17,30.8,32.3,4.4,1.8000000000000007,0.8999999999999995,0.7071067811865476,-0.7071067811865475,0.0,27.3,0,0,1,38.78191662254719,measured,cold,S01_C018,32.6,5.3,9.0,38.8,38.78191662254719,0.018083377452803973,20260701,fixed_outer_fold_20260701
MEAS_R000194,C018,S01,194,194,32.9,38.8,8.8,15.0,measurement_group_1,measurement_status_1,1.0,MEAS_UNIT_000194,0,5,3,5,5,4,12,17,32.5,32.7,5.4,0.3999999999999986,3.4000000000000004,-0.7071067811865471,-0.7071067811865479,0.0,24.1,0,0,5,38.74892089804746,measured,cold,S01_C018,32.9,8.8,15.0,38.8,38.74892089804746,0.05107910195253851,20260701,fixed_outer_fold_20260701
MEAS_R000195,C018,S01,195,195,32.9,38.8,6.5,11.0,measurement_group_1,measurement_status_1,1.0,MEAS_UNIT_000195,0,3,1,1,4,2,9,17,32.7,32.6,4.6,0.1999999999999957,1.9000000000000004,0.258819045102521,-0.9659258262890682,0.0,26.4,0,0,1,38.75265282279813,measured,cold,S01_C018,32.9,6.5,11.0,38.8,38.75265282279813,0.0473471772018641,20260701,fixed_outer_fold_20260701
MEAS_R000196,C018,S01,196,196,32.7,38.8,11.7,11.0,measurement_group_1,measurement_status_1,1.0,MEAS_UNIT_000196,0,2,5,2,5,3,10,17,32.9,32.7,6.5,-0.1999999999999957,5.199999999999999,0.258819045102521,-0.9659258262890682,0.0,21.000000000000004,0,0,2,38.76862085423866,measured,cold,S01_C018,32.7,11.7,11.0,38.8,38.76862085423866,0.031379145761334826,20260701,fixed_outer_fold_20260701
MEAS_R000197,C018,S01,197,197,34.9,38.8,13.7,18.0,measurement_group_1,measurement_status_1,1.0,MEAS_UNIT_000197,0,5,1,2,2,5,16,17,31.0,33.0,7.5,3.899999999999999,6.199999999999999,-1.0,-1.8369701987210294e-16,0.0,21.2,0,0,2,38.71110502040469,measured,cold,S01_C018,34.9,13.7,18.0,38.8,38.71110502040469,0.08889497959530956,20260701,fixed_outer_fold_20260701
MEAS_R000198,C018,S01,198,198,36.0,38.8,10.6,18.0,measurement_group_1,measurement_status_1,1.0,MEAS_UNIT_000198,0,1,1,3,1,3,17,17,34.9,31.0,13.7,1.1000000000000014,-3.1,-1.0,-1.8369701987210294e-16,0.0,25.4,0,0,3,38.787803395573135,measured,cold,S01_C018,36.0,10.6,18.0,38.8,38.787803395573135,0.012196604426861768,20260701,fixed_outer_fold_20260701
MEAS_R000199,C018,S01,199,199,31.0,38.8,7.5,16.0,measurement_group_1,measurement_status_1,1.0,MEAS_UNIT_000199,0,4,2,3,3,1,15,17,33.0,34.0,8.8,-2.0,-1.3000000000000007,-0.8660254037844385,-0.5000000000000004,0.0,23.5,0,0,3,38.77797992955203,measured,cold,S01_C018,31.0,7.5,16.0,38.8,38.77797992955203,0.022020070447965168,20260701,fixed_outer_fold_20260701
MEAS_R000200,C018,S01,200,200,32.4,38.8,7.5,0.0,measurement_group_1,measurement_status_1,1.0,MEAS_UNIT_000200,0,1,3,4,1,2,1,17,32.4,32.4,7.5,0.0,0.0,0.0,1.0,0.0,24.9,0,1,4,38.75370817500504,measured,cold,S01_C018,32.4,7.5,0.0,38.8,38.75370817500504,0.04629182499495954,20260701,fixed_outer_fold_20260701
MEAS_R000201,C018,S01,201,201,34.1,38.8,4.0,0.0,measurement_group_1,measurement_status_1,1.0,MEAS_UNIT_000201,0,4,3,3,2,3,2,17,32.4,32.4,7.5,1.7000000000000028,-3.5,0.0,1.0,0.0,30.1,0,1,3,38.72504138009562,measured,cold,S01_C018,34.1,4.0,0.0,38.8,38.72504138009562,0.07495861990437902,20260701,fixed_outer_fold_20260701
MEAS_R000202,C025,S01,202,202,29.2,39.4,13.6,14.0,measurement_group_1,measurement_status_1,1.0,MEAS_UNIT_000202,0,2,1,3,2,4,7,17,31.5,30.9,15.8,-2.3000000000000007,-2.200000000000001,-0.4999999999999997,-0.8660254037844388,0.0,15.6,0,0,3,39.38502497536957,measured,cold,S01_C025,29.2,13.6,14.0,39.4,39.38502497536957,0.014975024630430767,20260701,fixed_outer_fold_20260701
MEAS_R000203,C025,S01,203,203,29.5,39.5,16.5,10.0,measurement_group_1,measurement_status_1,1.0,MEAS_UNIT_000203,0,3,4,3,4,3,3,17,31.4,31.3,11.4,-1.8999999999999984,5.1,0.4999999999999999,-0.8660254037844387,0.0,13.0,0,0,3,39.36636137047732,measured,cold,S01_C025,29.5,16.5,10.0,39.5,39.36636137047732,0.1336386295226788,20260701,fixed_outer_fold_20260701
MEAS_R000204,C025,S01,204,204,31.5,39.5,16.8,14.0,measurement_group_1,measurement_status_1,1.0,MEAS_UNIT_000204,0,3,5,1,4,1,8,17,29.2,31.5,13.6,2.3000000000000007,3.200000000000001,-0.4999999999999997,-0.8660254037844388,0.0,14.7,0,0,1,39.3738516424588,measured,cold,S01_C025,31.5,16.8,14.0,39.5,39.3738516424588,0.12614835754119724,20260701,fixed_outer_fold_20260701
MEAS_R000205,C025,S01,205,205,31.2,39.4,21.3,15.0,measurement_group_1,measurement_status_1,1.0,MEAS_UNIT_000205,0,4,5,5,5,1,10,17,31.9,31.5,24.5,-0.6999999999999993,-3.1999999999999997,-0.7071067811865471,-0.7071067811865479,0.1941176470588235,9.9,0,0,5,39.25861589207111,measured,moderate,S01_C025,31.2,21.3,15.0,39.4,39.25861589207111,0.14138410792888578,20260701,fixed_outer_fold_20260701
MEAS_R000206,C025,S01,206,206,31.9,39.4,24.5,14.0,measurement_group_1,measurement_status_1,1.0,MEAS_UNIT_000206,0,5,1,5,1,5,9,17,31.5,29.2,16.8,0.3999999999999986,7.699999999999999,-0.4999999999999997,-0.8660254037844388,0.3823529411764705,7.399999999999999,0,0,5,39.26747293611696,measured,moderate,S01_C025,31.9,24.5,14.0,39.4,39.26747293611696,0.13252706388303892,20260701,fixed_outer_fold_20260701
MEAS_R000207,C025,S01,207,207,29.8,39.4,14.9,23.0,measurement_group_1,measurement_status_1,1.0,MEAS_UNIT_000207,0,2,1,2,1,2,16,17,30.0,31.1,8.4,-0.1999999999999993,6.5,-0.2588190451025215,0.965925826289068,0.0,14.9,0,1,2,39.33778514640048,measured,cold,S01_C025,29.8,14.9,23.0,39.4,39.33778514640048,0.062214853599520836,20260701,fixed_outer_fold_20260701
MEAS_R000208,C025,S01,208,208,31.4,39.4,14.3,23.0,measurement_group_1,measurement_status_1,1.0,MEAS_UNIT_000208,0,5,2,4,3,3,17,17,29.8,30.0,14.9,1.599999999999998,-0.5999999999999996,-0.2588190451025215,0.965925826289068,0.0,17.099999999999998,0,1,4,39.40193904012503,measured,cold,S01_C025,31.4,14.3,23.0,39.4,39.40193904012503,-0.0019390401250305445,20260701,fixed_outer_fold_20260701
MEAS_R000209,C025,S01,209,209,31.3,39.5,12.4,1.0,measurement_group_1,measurement_status_1,1.0,MEAS_UNIT_000209,0,4,2,3,4,3,1,17,31.3,31.3,12.4,0.0,0.0,0.2588190451025207,0.9659258262890684,0.0,18.9,0,1,3,39.35350922603363,measured,cold,S01_C025,31.3,12.4,1.0,39.5,39.35350922603363,0.1464907739663701,20260701,fixed_outer_fold_20260701
MEAS_R000210,C025,S01,210,210,30.0,39.4,8.4,21.0,measurement_group_1,measurement_status_1,1.0,MEAS_UNIT_000210,0,1,4,1,1,2,15,17,31.1,30.9,11.3,-1.1000000000000014,-2.9000000000000004,-0.7071067811865477,0.7071067811865474,0.0,21.6,0,1,1,39.386010206039295,measured,cold,S01_C025,30.0,8.4,21.0,39.4,39.386010206039295,0.013989793960703878,20260701,fixed_outer_fold_20260701
MEAS_R000211,C010,S01,211,211,35.0,38.7,28.5,2.0,measurement_group_1,measurement_status_1,1.0,MEAS_UNIT_000211,1,1,4,2,1,4,1,4,35.0,35.0,28.5,0.0,0.0,0.4999999999999999,0.8660254037844387,0.6176470588235294,6.5,0,1,2,38.76009724393565,measured,moderate,S01_C010,35.0,28.5,2.0,38.7,38.76009724393565,-0.060097243935643974,20260701,fixed_outer_fold_20260701
MEAS_R000212,C010,S01,212,212,37.5,38.6,32.6,14.0,measurement_group_1,measurement_status_1,1.0,MEAS_UNIT_000212,2,3,1,4,1,2,3,4,39.0,37.8,34.2,-1.5,-1.6000000000000014,-0.4999999999999997,-0.8660254037844388,0.8588235294117648,4.899999999999999,1,0,4,38.59860480831958,measured,hot,S01_C010,37.5,32.6,14.0,38.6,38.59860480831958,0.0013951916804231246,20260701,fixed_outer_fold_20260701
MEAS_R000213,C010,S01,213,213,37.8,38.7,34.3,13.0,measurement_group_1,measurement_status_1,1.0,MEAS_UNIT_000213,4,2,5,1,4,2,3,4,39.6,38.4,36.7,-1.8000000000000045,-2.4000000000000057,-0.2588190451025208,-0.9659258262890684,0.9588235294117644,3.5,1,0,1,38.64091899835819,measured,hot,S01_C010,37.8,34.3,13.0,38.7,38.64091899835819,0.05908100164181462,20260701,fixed_outer_fold_20260701
MEAS_R000214,C010,S01,214,214,35.5,38.6,31.2,14.0,measurement_group_1,measurement_status_1,1.0,MEAS_UNIT_000214,2,4,3,2,2,2,4,4,37.5,39.0,32.6,-2.0,-1.400000000000002,-0.4999999999999997,-0.8660254037844388,0.776470588235294,4.300000000000001,1,0,2,38.58491453738793,measured,hot,S01_C010,35.5,31.2,14.0,38.6,38.58491453738793,0.015085462612070444,20260701,fixed_outer_fold_20260701
MEAS_R000215,C010,S01,215,215,38.4,38.7,33.8,11.0,measurement_group_1,measurement_status_1,1.0,MEAS_UNIT_000215,4,1,5,4,3,1,1,4,38.4,38.4,33.8,0.0,0.0,0.258819045102521,-0.9659258262890682,0.9294117647058822,4.600000000000001,1,0,4,38.71228691822048,measured,hot,S01_C010,38.4,33.8,11.0,38.7,38.71228691822048,-0.01228691822047523,20260701,fixed_outer_fold_20260701
MEAS_R000216,C010,S01,216,216,37.8,38.6,33.0,12.0,measurement_group_1,measurement_status_1,1.0,MEAS_UNIT_000216,2,3,2,3,5,4,1,4,37.8,37.8,33.0,0.0,0.0,1.2246467991473532e-16,-1.0,0.8823529411764706,4.799999999999997,1,0,3,38.5857422308636,measured,hot,S01_C010,37.8,33.0,12.0,38.6,38.5857422308636,0.014257769136399645,20260701,fixed_outer_fold_20260701
MEAS_R000217,C010,S01,217,217,39.6,38.7,36.7,12.0,measurement_group_1,measurement_status_1,1.0,MEAS_UNIT_000217,4,3,1,2,3,5,2,4,38.4,38.4,33.8,1.2000000000000028,2.9000000000000057,1.2246467991473532e-16,-1.0,1.0,2.8999999999999986,1,0,2,38.692813669301,measured,hot,S01_C010,39.6,36.7,12.0,38.7,38.692813669301,0.0071863306989996545,20260701,fixed_outer_fold_20260701
MEAS_R000218,C010,S01,218,218,39.0,38.6,34.2,12.0,measurement_group_1,measurement_status_1,1.0,MEAS_UNIT_000218,2,5,2,3,2,1,2,4,37.8,37.8,33.0,1.2000000000000028,1.2000000000000028,1.2246467991473532e-16,-1.0,0.9529411764705884,4.799999999999997,1,0,3,38.59003902283588,measured,hot,S01_C010,39.0,34.2,12.0,38.6,38.59003902283588,0.00996097716411981,20260701,fixed_outer_fold_20260701
MEAS_R000219,C010,S01,219,219,38.5,38.7,37.4,18.0,measurement_group_1,measurement_status_1,1.0,MEAS_UNIT_000219,4,3,3,4,3,1,4,4,37.8,39.6,34.3,0.7000000000000028,3.1000000000000014,-1.0,-1.8369701987210294e-16,1.0,1.1000000000000014,1,0,4,38.70992062422677,measured,hot,S01_C010,38.5,37.4,18.0,38.7,38.70992062422677,-0.00992062422676554,20260701,fixed_outer_fold_20260701
MEAS_R000220,C010,S01,220,220,38.0,38.6,32.9,20.0,measurement_group_1,measurement_status_1,1.0,MEAS_UNIT_000220,5,2,2,2,2,1,4,4,35.9,37.2,32.6,2.1000000000000014,0.2999999999999971,-0.8660254037844386,0.5000000000000001,0.876470588235294,5.100000000000001,1,1,2,38.62398265028803,measured,hot,S01_C010,38.0,32.9,20.0,38.6,38.62398265028803,-0.023982650288026264,20260701,fixed_outer_fold_20260701
MEAS_R000221,C010,S01,221,221,37.2,38.6,33.7,18.0,measurement_group_1,measurement_status_1,1.0,MEAS_UNIT_000221,5,4,5,3,1,2,2,4,37.3,37.3,32.3,-0.0999999999999943,1.4000000000000057,-1.0,-1.8369701987210294e-16,0.923529411764706,3.5,1,0,3,38.60173020038899,measured,hot,S01_C010,37.2,33.7,18.0,38.6,38.60173020038899,-0.0017302003889909656,20260701,fixed_outer_fold_20260701
MEAS_R000222,C010,S01,222,222,37.3,38.6,32.3,17.0,measurement_group_1,measurement_status_1,1.0,MEAS_UNIT_000222,5,5,1,1,5,4,1,4,37.3,37.3,32.3,0.0,0.0,-0.9659258262890684,-0.2588190451025206,0.8411764705882351,5.0,1,0,1,38.58369461740521,measured,hot,S01_C010,37.3,32.3,17.0,38.6,38.58369461740521,0.016305382594794082,20260701,fixed_outer_fold_20260701
MEAS_R000223,C010,S01,223,223,37.3,38.7,31.9,20.0,measurement_group_1,measurement_status_1,1.0,MEAS_UNIT_000223,1,2,4,5,4,5,2,4,35.0,35.0,28.5,2.299999999999997,3.3999999999999986,-0.8660254037844386,0.5000000000000001,0.8176470588235293,5.399999999999999,1,1,5,38.70871133157266,measured,hot,S01_C010,37.3,31.9,20.0,38.7,38.70871133157266,-0.008711331572655467,20260701,fixed_outer_fold_20260701
MEAS_R000224,C010,S01,224,224,38.7,38.7,32.6,22.0,measurement_group_1,measurement_status_1,1.0,MEAS_UNIT_000224,3,2,3,3,3,5,2,2,36.2,36.2,31.3,2.5,1.3000000000000007,-0.5000000000000004,0.8660254037844384,0.8588235294117648,6.100000000000001,1,1,3,38.79578096308249,measured,hot,S01_C010,38.7,32.6,22.0,38.7,38.79578096308249,-0.09578096308248973,20260701,fixed_outer_fold_20260701
MEAS_R000225,C019,S01,225,225,31.5,39.5,25.1,23.0,measurement_group_1,measurement_status_1,1.0,MEAS_UNIT_000225,1,4,5,3,1,4,6,7,35.4,34.4,30.8,-3.899999999999999,-5.699999999999999,-0.2588190451025215,0.965925826289068,0.4176470588235295,6.399999999999999,0,1,3,39.52072412881933,measured,moderate,S01_C019,31.5,25.1,23.0,39.5,39.52072412881933,-0.02072412881933161,20260701,fixed_outer_fold_20260701
MEAS_R000226,C019,S01,226,226,36.8,39.5,31.0,14.0,measurement_group_1,measurement_status_1,1.0,MEAS_UNIT_000226,4,1,1,1,4,1,1,4,36.8,36.8,31.0,0.0,0.0,-0.4999999999999997,-0.8660254037844388,0.7647058823529411,5.799999999999997,1,0,1,39.43161779171739,measured,hot,S01_C019,36.8,31.0,14.0,39.5,39.43161779171739,0.06838220828260688,20260701,fixed_outer_fold_20260701
MEAS_R000227,C019,S01,227,227,36.8,39.4,36.9,17.0,measurement_group_1,measurement_status_1,1.0,MEAS_UNIT_000227,2,5,4,4,5,3,2,2,36.2,36.2,36.9,0.5999999999999943,0.0,-0.9659258262890684,-0.2588190451025206,1.0,-0.1000000000000014,1,0,4,39.40218058543834,measured,hot,S01_C019,36.8,36.9,17.0,39.4,39.40218058543834,-0.002180585438338767,20260701,fixed_outer_fold_20260701
MEAS_R000228,C019,S01,228,228,38.9,39.5,41.3,14.0,measurement_group_1,measurement_status_1,1.0,MEAS_UNIT_000228,4,4,3,2,4,4,2,4,36.8,36.8,31.0,2.1000000000000014,10.299999999999995,-0.4999999999999997,-0.8660254037844388,1.0,-2.3999999999999986,1,0,2,39.49792447052771,measured,hot,S01_C019,38.9,41.3,14.0,39.5,39.49792447052771,0.0020755294722931694,20260701,fixed_outer_fold_20260701
MEAS_R000229,C019,S01,229,229,35.4,39.4,34.3,16.0,measurement_group_1,measurement_status_1,1.0,MEAS_UNIT_000229,3,3,2,1,1,3,1,2,35.4,35.4,34.3,0.0,0.0,-0.8660254037844385,-0.5000000000000004,0.9588235294117644,1.1000000000000014,1,0,1,39.38655717460137,measured,hot,S01_C019,35.4,34.3,16.0,39.4,39.38655717460137,0.013442825398627178,20260701,fixed_outer_fold_20260701
MEAS_R000230,C019,S01,230,230,35.7,39.5,34.8,19.0,measurement_group_1,measurement_status_1,1.0,MEAS_UNIT_000230,1,1,5,5,3,2,3,7,35.6,34.1,31.1,0.1000000000000014,3.699999999999996,-0.9659258262890684,0.2588190451025203,0.9882352941176468,0.9000000000000057,1,0,5,39.52320649006784,measured,hot,S01_C019,35.7,34.8,19.0,39.5,39.52320649006784,-0.023206490067842367,20260701,fixed_outer_fold_20260701
MEAS_R000231,C019,S01,231,231,37.1,39.6,30.5,0.0,measurement_group_1,measurement_status_1,1.0,MEAS_UNIT_000231,5,3,3,4,1,3,1,2,37.1,37.1,30.5,0.0,0.0,0.0,1.0,0.7352941176470589,6.600000000000001,1,1,4,39.50627905107912,measured,hot,S01_C019,37.1,30.5,0.0,39.6,39.50627905107912,0.09372094892088256,20260701,fixed_outer_fold_20260701
MEAS_R000232,C019,S01,232,232,34.1,39.5,25.0,0.0,measurement_group_1,measurement_status_1,1.0,MEAS_UNIT_000232,1,4,1,4,5,5,1,7,34.1,34.1,25.0,0.0,0.0,0.0,1.0,0.4117647058823529,9.1,0,1,4,39.51594053797222,measured,moderate,S01_C019,34.1,25.0,0.0,39.5,39.51594053797222,-0.01594053797222017,20260701,fixed_outer_fold_20260701
MEAS_R000233,C019,S01,233,233,35.6,39.5,31.1,2.0,measurement_group_1,measurement_status_1,1.0,MEAS_UNIT_000233,1,1,4,1,5,1,2,7,34.1,34.1,25.0,1.5,6.100000000000001,0.4999999999999999,0.8660254037844387,0.7705882352941177,4.5,1,1,1,39.58018300107127,measured,hot,S01_C019,35.6,31.1,2.0,39.5,39.58018300107127,-0.08018300107126919,20260701,fixed_outer_fold_20260701
MEAS_R000234,C019,S01,234,234,31.6,39.5,21.1,23.0,measurement_group_1,measurement_status_1,1.0,MEAS_UNIT_000234,1,2,5,5,2,2,7,7,31.5,35.4,25.1,0.1000000000000014,-4.0,-0.2588190451025215,0.965925826289068,0.1823529411764706,10.5,0,1,5,39.54122280249428,measured,moderate,S01_C019,31.6,21.1,23.0,39.5,39.54122280249428,-0.04122280249428201,20260701,fixed_outer_fold_20260701
MEAS_R000235,C019,S01,235,235,35.4,39.5,34.0,16.0,measurement_group_1,measurement_status_1,1.0,MEAS_UNIT_000235,4,5,1,5,2,5,3,4,38.9,36.8,41.3,-3.5,-7.299999999999997,-0.8660254037844385,-0.5000000000000004,0.9411764705882352,1.3999999999999986,1,0,5,39.48098409271319,measured,hot,S01_C019,35.4,34.0,16.0,39.5,39.48098409271319,0.01901590728680702,20260701,fixed_outer_fold_20260701
MEAS_R000236,C019,S01,236,236,36.2,39.4,36.9,11.0,measurement_group_1,measurement_status_1,1.0,MEAS_UNIT_000236,2,2,2,2,2,1,1,2,36.2,36.2,36.9,0.0,0.0,0.258819045102521,-0.9659258262890682,1.0,-0.6999999999999957,1,0,2,39.37484126197481,measured,hot,S01_C019,36.2,36.9,11.0,39.4,39.37484126197481,0.02515873802519053,20260701,fixed_outer_fold_20260701
MEAS_R000237,C019,S01,237,237,39.7,39.5,36.3,16.0,measurement_group_1,measurement_status_1,1.0,MEAS_UNIT_000237,4,5,3,3,4,2,4,4,35.4,38.9,34.0,4.300000000000004,2.299999999999997,-0.8660254037844385,-0.5000000000000004,1.0,3.4000000000000057,1,0,3,39.48713178897958,measured,hot,S01_C019,39.7,36.3,16.0,39.5,39.48713178897958,0.01286821102041813,20260701,fixed_outer_fold_20260701
MEAS_R000238,C005,S01,238,238,29.7,37.8,26.0,3.0,measurement_group_1,measurement_status_1,1.0,MEAS_UNIT_000238,1,3,3,2,5,2,4,6,32.4,31.1,27.2,-2.6999999999999997,-1.1999999999999993,0.7071067811865476,0.7071067811865476,0.4705882352941176,3.6999999999999993,0,1,2,37.85307570500219,measured,moderate,S01_C005,29.7,26.0,3.0,37.8,37.85307570500219,-0.053075705002193274,20260701,fixed_outer_fold_20260701
MEAS_R000239,C005,S01,239,239,34.1,37.8,33.9,11.0,measurement_group_1,measurement_status_1,1.0,MEAS_UNIT_000239,2,5,2,2,2,1,1,5,34.1,34.1,33.9,0.0,0.0,0.258819045102521,-0.9659258262890682,0.9352941176470588,0.2000000000000028,1,0,2,37.856879925180905,measured,hot,S01_C005,34.1,33.9,11.0,37.8,37.856879925180905,-0.05687992518090823,20260701,fixed_outer_fold_20260701
MEAS_R000240,C005,S01,240,240,35.4,37.9,31.0,12.0,measurement_group_1,measurement_status_1,1.0,MEAS_UNIT_000240,4,4,5,3,3,3,1,3,35.4,35.4,31.0,0.0,0.0,1.2246467991473532e-16,-1.0,0.7647058823529411,4.399999999999999,1,0,3,37.90569985649121,measured,hot,S01_C005,35.4,31.0,12.0,37.9,37.90569985649121,-0.005699856491212074,20260701,fixed_outer_fold_20260701
MEAS_R000241,C005,S01,241,241,36.0,37.8,31.3,15.0,measurement_group_1,measurement_status_1,1.0,MEAS_UNIT_000241,2,4,1,1,3,5,3,5,39.1,34.1,35.0,-3.1000000000000014,-3.6999999999999993,-0.7071067811865471,-0.7071067811865479,0.7823529411764706,4.699999999999999,1,0,1,37.73130670789712,measured,hot,S01_C005,36.0,31.3,15.0,37.8,37.73130670789712,0.06869329210287844,20260701,fixed_outer_fold_20260701
MEAS_R000242,C005,S01,242,242,38.4,37.9,33.6,18.0,measurement_group_1,measurement_status_1,1.0,MEAS_UNIT_000242,4,2,1,3,1,1,3,3,36.5,35.4,34.0,1.8999999999999984,-0.3999999999999986,-1.0,-1.8369701987210294e-16,0.9176470588235296,4.799999999999997,1,0,3,37.94476244491288,measured,hot,S01_C005,38.4,33.6,18.0,37.9,37.94476244491288,-0.044762444912883836,20260701,fixed_outer_fold_20260701
MEAS_R000243,C005,S01,243,243,39.1,37.8,35.0,14.0,measurement_group_1,measurement_status_1,1.0,MEAS_UNIT_000243,2,1,2,4,2,3,2,5,34.1,34.1,33.9,5.0,1.1000000000000014,-0.4999999999999997,-0.8660254037844388,1.0,4.100000000000001,1,0,4,37.75251492855743,measured,hot,S01_C005,39.1,35.0,14.0,37.8,37.75251492855743,0.04748507144256564,20260701,fixed_outer_fold_20260701
MEAS_R000244,C005,S01,244,244,34.3,38.2,33.6,21.0,measurement_group_1,measurement_status_1,1.0,MEAS_UNIT_000244,3,3,4,3,1,2,2,2,34.6,34.6,31.0,-0.3000000000000042,2.6000000000000014,-0.7071067811865477,0.7071067811865474,0.9176470588235296,0.6999999999999957,1,1,3,38.23272282175874,measured,hot,S01_C005,34.3,33.6,21.0,38.2,38.23272282175874,-0.032722821758738974,20260701,fixed_outer_fold_20260701
MEAS_R000245,C005,S01,245,245,36.8,38.0,31.9,17.0,measurement_group_1,measurement_status_1,1.0,MEAS_UNIT_000245,5,1,1,5,4,5,2,2,34.1,34.1,32.1,2.699999999999996,-0.2000000000000028,-0.9659258262890684,-0.2588190451025206,0.8176470588235293,4.899999999999999,1,0,5,38.07494717443987,measured,hot,S01_C005,36.8,31.9,17.0,38.0,38.07494717443987,-0.07494717443987042,20260701,fixed_outer_fold_20260701
MEAS_R000246,C005,S01,246,246,35.4,37.8,29.3,20.0,measurement_group_1,measurement_status_1,1.0,MEAS_UNIT_000246,1,3,2,1,4,4,5,6,29.7,32.4,26.0,5.699999999999999,3.3000000000000007,-0.8660254037844386,0.5000000000000001,0.6647058823529413,6.099999999999998,0,1,1,37.80336722160175,measured,moderate,S01_C005,35.4,29.3,20.0,37.8,37.80336722160175,-0.003367221601749293,20260701,fixed_outer_fold_20260701
MEAS_R000247,C005,S01,247,247,34.6,38.2,31.0,19.0,measurement_group_1,measurement_status_1,1.0,MEAS_UNIT_000247,3,1,1,3,1,4,1,2,34.6,34.6,31.0,0.0,0.0,-0.9659258262890684,0.2588190451025203,0.7647058823529411,3.6000000000000014,1,0,3,38.23130180713273,measured,hot,S01_C005,34.6,31.0,19.0,38.2,38.23130180713273,-0.03130180713272779,20260701,fixed_outer_fold_20260701
MEAS_R000248,C005,S01,248,248,33.6,37.8,31.4,21.0,measurement_group_1,measurement_status_1,1.0,MEAS_UNIT_000248,1,2,4,1,5,2,6,6,35.4,29.7,29.3,-1.7999999999999972,2.099999999999998,-0.7071067811865477,0.7071067811865474,0.7882352941176469,2.200000000000003,1,1,1,37.8194126404395,measured,hot,S01_C005,33.6,31.4,21.0,37.8,37.8194126404395,-0.01941264043950497,20260701,fixed_outer_fold_20260701
MEAS_R000249,C005,S01,249,249,34.1,38.0,32.1,1.0,measurement_group_1,measurement_status_1,1.0,MEAS_UNIT_000249,5,2,3,1,2,1,1,2,34.1,34.1,32.1,0.0,0.0,0.2588190451025207,0.9659258262890684,0.8294117647058824,2.0,1,1,1,38.02772136544016,measured,hot,S01_C005,34.1,32.1,1.0,38.0,38.02772136544016,-0.027721365440157797,20260701,fixed_outer_fold_20260701
MEAS_R000250,C005,S01,250,250,34.0,37.8,27.5,0.0,measurement_group_1,measurement_status_1,1.0,MEAS_UNIT_000250,1,4,2,4,4,3,1,6,34.0,34.0,27.5,0.0,0.0,0.0,1.0,0.5588235294117647,6.5,0,1,4,37.80337588431345,measured,moderate,S01_C005,34.0,27.5,0.0,37.8,37.80337588431345,-0.0033758843134563676,20260701,fixed_outer_fold_20260701
MEAS_R000251,C005,S01,251,251,32.4,37.8,27.2,1.0,measurement_group_1,measurement_status_1,1.0,MEAS_UNIT_000251,1,3,5,2,3,3,3,6,31.1,34.0,21.0,1.2999999999999972,6.199999999999999,0.2588190451025207,0.9659258262890684,0.5411764705882353,5.199999999999999,0,1,2,37.87640422054452,measured,moderate,S01_C005,32.4,27.2,1.0,37.8,37.87640422054452,-0.076404220544525,20260701,fixed_outer_fold_20260701
MEAS_R000252,C017,S01,252,252,34.4,40.1,30.1,1.0,measurement_group_1,measurement_status_1,1.0,MEAS_UNIT_000252,1,2,5,5,5,2,1,4,34.4,34.4,30.1,0.0,0.0,0.2588190451025207,0.9659258262890684,0.7117647058823531,4.299999999999997,1,1,5,39.90072048392774,measured,hot,S01_C017,34.4,30.1,1.0,40.1,39.90072048392774,0.19927951607225936,20260701,fixed_outer_fold_20260701
MEAS_R000253,C017,S01,253,253,31.5,38.9,30.0,12.0,measurement_group_1,measurement_status_1,1.0,MEAS_UNIT_000253,2,2,3,5,2,4,1,3,31.5,31.5,30.0,0.0,0.0,1.2246467991473532e-16,-1.0,0.7058823529411765,1.5,1,0,5,39.06993466015781,measured,hot,S01_C017,31.5,30.0,12.0,38.9,39.06993466015781,-0.16993466015781422,20260701,fixed_outer_fold_20260701
MEAS_R000254,C017,S01,254,254,38.1,39.4,37.8,13.0,measurement_group_1,measurement_status_1,1.0,MEAS_UNIT_000254,4,1,1,3,1,5,1,3,38.1,38.1,37.8,0.0,0.0,-0.2588190451025208,-0.9659258262890684,1.0,0.3000000000000042,1,0,3,39.1653531053515,measured,hot,S01_C017,38.1,37.8,13.0,39.4,39.1653531053515,0.23464689464849897,20260701,fixed_outer_fold_20260701
MEAS_R000255,C017,S01,255,255,36.1,39.2,33.9,14.0,measurement_group_1,measurement_status_1,1.0,MEAS_UNIT_000255,2,1,2,1,4,5,2,3,31.5,31.5,30.0,4.600000000000001,3.899999999999999,-0.4999999999999997,-0.8660254037844388,0.9352941176470588,2.200000000000003,1,0,1,39.0052552296256,measured,hot,S01_C017,36.1,33.9,14.0,39.2,39.0052552296256,0.19474477037440607,20260701,fixed_outer_fold_20260701
MEAS_R000256,C017,S01,256,256,38.2,39.0,37.7,15.0,measurement_group_1,measurement_status_1,1.0,MEAS_UNIT_000256,4,5,5,2,1,3,2,3,38.1,38.1,37.8,0.1000000000000014,-0.0999999999999943,-0.7071067811865471,-0.7071067811865479,1.0,0.5,1,0,2,39.373813750077886,measured,hot,S01_C017,38.2,37.7,15.0,39.0,39.373813750077886,-0.3738137500778862,20260701,fixed_outer_fold_20260701
MEAS_R000257,C017,S01,257,257,36.6,39.3,34.5,18.0,measurement_group_1,measurement_status_1,1.0,MEAS_UNIT_000257,5,4,5,5,5,1,1,4,36.6,36.6,34.5,0.0,0.0,-1.0,-1.8369701987210294e-16,0.9705882352941176,2.1000000000000014,1,0,5,39.42643189659504,measured,hot,S01_C017,36.6,34.5,18.0,39.3,39.42643189659504,-0.12643189659504372,20260701,fixed_outer_fold_20260701
MEAS_R000258,C017,S01,258,258,35.9,39.1,33.0,19.0,measurement_group_1,measurement_status_1,1.0,MEAS_UNIT_000258,3,4,1,4,2,5,1,4,35.9,35.9,33.0,0.0,0.0,-0.9659258262890684,0.2588190451025203,0.8823529411764706,2.8999999999999986,1,0,4,39.45238129524293,measured,hot,S01_C017,35.9,33.0,19.0,39.1,39.45238129524293,-0.35238129524292816,20260701,fixed_outer_fold_20260701
MEAS_R000259,C017,S01,259,259,36.7,39.6,34.5,19.0,measurement_group_1,measurement_status_1,1.0,MEAS_UNIT_000259,5,2,4,1,2,2,2,4,36.6,36.6,34.5,0.1000000000000014,0.0,-0.9659258262890684,0.2588190451025203,0.9705882352941176,2.200000000000003,1,0,1,39.32250270257312,measured,hot,S01_C017,36.7,34.5,19.0,39.6,39.32250270257312,0.27749729742688345,20260701,fixed_outer_fold_20260701
MEAS_R000260,C017,S01,260,260,36.7,39.4,34.4,20.0,measurement_group_1,measurement_status_1,1.0,MEAS_UNIT_000260,5,3,1,4,3,1,3,4,36.7,36.6,34.5,0.0,-0.1000000000000014,-0.8660254037844386,0.5000000000000001,0.9647058823529412,2.3000000000000043,1,1,4,39.42393153467011,measured,hot,S01_C017,36.7,34.4,20.0,39.4,39.42393153467011,-0.023931534670111887,20260701,fixed_outer_fold_20260701
MEAS_R000261,C017,S01,261,261,35.5,39.9,33.1,21.0,measurement_group_1,measurement_status_1,1.0,MEAS_UNIT_000261,1,2,4,4,3,4,2,4,34.4,34.4,30.1,1.1000000000000014,3.0,-0.7071067811865477,0.7071067811865474,0.8882352941176471,2.3999999999999986,1,1,4,39.97819548711959,measured,hot,S01_C017,35.5,33.1,21.0,39.9,39.97819548711959,-0.07819548711959357,20260701,fixed_outer_fold_20260701
MEAS_R000262,C017,S01,262,262,36.0,39.3,32.9,21.0,measurement_group_1,measurement_status_1,1.0,MEAS_UNIT_000262,5,5,3,3,3,4,4,4,36.7,36.7,34.4,-0.7000000000000028,-1.5,-0.7071067811865477,0.7071067811865474,0.876470588235294,3.1000000000000014,1,1,3,39.43525290544012,measured,hot,S01_C017,36.0,32.9,21.0,39.3,39.43525290544012,-0.13525290544012591,20260701,fixed_outer_fold_20260701
MEAS_R000263,C017,S01,263,263,36.6,39.4,33.9,21.0,measurement_group_1,measurement_status_1,1.0,MEAS_UNIT_000263,3,1,2,1,1,3,2,4,35.9,35.9,33.0,0.7000000000000028,0.8999999999999986,-0.7071067811865477,0.7071067811865474,0.9352941176470588,2.700000000000003,1,1,1,39.33620008278477,measured,hot,S01_C017,36.6,33.9,21.0,39.4,39.33620008278477,0.06379991721522771,20260701,fixed_outer_fold_20260701
MEAS_R000264,C017,S01,264,264,35.3,40.0,32.3,22.0,measurement_group_1,measurement_status_1,1.0,MEAS_UNIT_000264,1,4,3,2,4,1,3,4,35.5,34.4,33.1,-0.2000000000000028,-0.8000000000000043,-0.5000000000000004,0.8660254037844384,0.8411764705882351,3.0,1,1,2,39.90807490716908,measured,hot,S01_C017,35.3,32.3,22.0,40.0,39.90807490716908,0.09192509283091965,20260701,fixed_outer_fold_20260701
MEAS_R000265,C017,S01,265,265,36.2,39.5,32.9,22.0,measurement_group_1,measurement_status_1,1.0,MEAS_UNIT_000265,3,3,2,2,4,2,3,4,36.6,35.9,33.9,-0.3999999999999986,-1.0,-0.5000000000000004,0.8660254037844384,0.876470588235294,3.3000000000000043,1,1,2,39.31942641434682,measured,hot,S01_C017,36.2,32.9,22.0,39.5,39.31942641434682,0.18057358565317827,20260701,fixed_outer_fold_20260701
MEAS_R000266,C017,S01,266,266,34.8,39.8,31.4,23.0,measurement_group_1,measurement_status_1,1.0,MEAS_UNIT_000266,1,3,4,3,5,1,4,4,35.3,35.5,32.3,-0.5,-0.8999999999999986,-0.2588190451025215,0.965925826289068,0.7882352941176469,3.3999999999999986,1,1,3,39.98219791727493,measured,hot,S01_C017,34.8,31.4,23.0,39.8,39.98219791727493,-0.18219791727493373,20260701,fixed_outer_fold_20260701
MEAS_R000267,C017,S01,267,267,35.7,39.4,31.9,23.0,measurement_group_1,measurement_status_1,1.0,MEAS_UNIT_000267,3,5,1,1,1,3,4,4,36.2,36.6,32.9,-0.5,-1.0,-0.2588190451025215,0.965925826289068,0.8176470588235293,3.800000000000004,1,1,1,39.38366962859029,measured,hot,S01_C017,35.7,31.9,23.0,39.4,39.38366962859029,0.016330371409708277,20260701,fixed_outer_fold_20260701
MEAS_R000268,C020,S01,268,268,32.0,39.6,27.4,1.0,measurement_group_1,measurement_status_1,1.0,MEAS_UNIT_000268,1,5,5,4,3,5,1,5,32.0,32.0,27.4,0.0,0.0,0.2588190451025207,0.9659258262890684,0.5529411764705882,4.600000000000001,0,1,4,39.577798946517774,measured,moderate,S01_C020,32.0,27.4,1.0,39.6,39.577798946517774,0.02220105348222745,20260701,fixed_outer_fold_20260701
MEAS_R000269,C020,S01,269,269,35.9,38.6,33.4,12.0,measurement_group_1,measurement_status_1,1.0,MEAS_UNIT_000269,2,3,4,4,4,2,1,2,35.9,35.9,33.4,0.0,0.0,1.2246467991473532e-16,-1.0,0.9058823529411764,2.5,1,0,4,38.885552871318026,measured,hot,S01_C020,35.9,33.4,12.0,38.6,38.885552871318026,-0.28555287131802487,20260701,fixed_outer_fold_20260701
MEAS_R000270,C020,S01,270,270,35.8,39.2,34.1,13.0,measurement_group_1,measurement_status_1,1.0,MEAS_UNIT_000270,4,4,1,1,5,2,1,3,35.8,35.8,34.1,0.0,0.0,-0.2588190451025208,-0.9659258262890684,0.9470588235294118,1.6999999999999955,1,0,1,39.09734171768107,measured,hot,S01_C020,35.8,34.1,13.0,39.2,39.09734171768107,0.10265828231893437,20260701,fixed_outer_fold_20260701
MEAS_R000271,C020,S01,271,271,36.2,38.8,33.7,13.0,measurement_group_1,measurement_status_1,1.0,MEAS_UNIT_000271,2,2,2,1,4,1,2,2,35.9,35.9,33.4,0.3000000000000042,0.3000000000000042,-0.2588190451025208,-0.9659258262890684,0.923529411764706,2.5,1,0,1,38.77757508581498,measured,hot,S01_C020,36.2,33.7,13.0,38.8,38.77757508581498,0.022424914185016576,20260701,fixed_outer_fold_20260701
MEAS_R000272,C020,S01,272,272,37.7,39.1,36.9,14.0,measurement_group_1,measurement_status_1,1.0,MEAS_UNIT_000272,4,1,5,2,2,3,2,3,35.8,35.8,34.1,1.9000000000000057,2.799999999999997,-0.4999999999999997,-0.8660254037844388,1.0,0.8000000000000043,1,0,2,39.17789364198008,measured,hot,S01_C020,37.7,36.9,14.0,39.1,39.17789364198008,-0.07789364198007576,20260701,fixed_outer_fold_20260701
MEAS_R000273,C020,S01,273,273,36.6,39.1,35.0,15.0,measurement_group_1,measurement_status_1,1.0,MEAS_UNIT_000273,4,4,2,3,5,4,3,3,37.7,35.8,36.9,-1.1000000000000014,-1.8999999999999984,-0.7071067811865471,-0.7071067811865479,1.0,1.6000000000000014,1,0,3,39.17209218089946,measured,hot,S01_C020,36.6,35.0,15.0,39.1,39.17209218089946,-0.07209218089946035,20260701,fixed_outer_fold_20260701
MEAS_R000274,C020,S01,274,274,37.0,39.5,35.5,19.0,measurement_group_1,measurement_status_1,1.0,MEAS_UNIT_000274,5,2,1,5,1,1,1,3,37.0,37.0,35.5,0.0,0.0,-0.9659258262890684,0.2588190451025203,1.0,1.5,1,0,5,39.10915853134794,measured,hot,S01_C020,37.0,35.5,19.0,39.5,39.10915853134794,0.39084146865206293,20260701,fixed_outer_fold_20260701
MEAS_R000275,C020,S01,275,275,37.1,40.2,35.5,19.0,measurement_group_1,measurement_status_1,1.0,MEAS_UNIT_000275,3,1,1,5,2,4,1,5,37.1,37.1,35.5,0.0,0.0,-0.9659258262890684,0.2588190451025203,1.0,1.6000000000000014,1,0,5,40.21654594420376,measured,hot,S01_C020,37.1,35.5,19.0,40.2,40.21654594420376,-0.01654594420375588,20260701,fixed_outer_fold_20260701
MEAS_R000276,C020,S01,276,276,38.2,39.5,37.8,20.0,measurement_group_1,measurement_status_1,1.0,MEAS_UNIT_000276,5,3,4,2,1,2,2,3,37.0,37.0,35.5,1.2000000000000028,2.299999999999997,-0.8660254037844386,0.5000000000000001,1.0,0.4000000000000057,1,1,2,39.12335341972292,measured,hot,S01_C020,38.2,37.8,20.0,39.5,39.12335341972292,0.3766465802770824,20260701,fixed_outer_fold_20260701
MEAS_R000277,C020,S01,277,277,35.0,39.6,33.2,21.0,measurement_group_1,measurement_status_1,1.0,MEAS_UNIT_000277,1,4,2,3,3,4,3,5,32.8,32.0,33.3,2.200000000000003,-0.0999999999999943,-0.7071067811865477,0.7071067811865474,0.8941176470588237,1.7999999999999972,1,1,3,39.53825879993371,measured,hot,S01_C020,35.0,33.2,21.0,39.6,39.53825879993371,0.0617412000662938,20260701,fixed_outer_fold_20260701
MEAS_R000278,C020,S01,278,278,36.6,38.6,34.3,21.0,measurement_group_1,measurement_status_1,1.0,MEAS_UNIT_000278,5,5,3,3,1,1,3,3,38.2,37.0,37.8,-1.6000000000000014,-3.5,-0.7071067811865477,0.7071067811865474,0.9588235294117644,2.3000000000000043,1,1,3,39.52984876484625,measured,hot,S01_C020,36.6,34.3,21.0,38.6,39.52984876484625,-0.9298487648462483,20260701,fixed_outer_fold_20260701
MEAS_R000279,C020,S01,279,279,37.3,40.4,35.6,21.0,measurement_group_1,measurement_status_1,1.0,MEAS_UNIT_000279,3,1,5,2,3,5,2,5,37.1,37.1,35.5,0.1999999999999957,0.1000000000000014,-0.7071067811865477,0.7071067811865474,1.0,1.6999999999999955,1,1,2,40.19525630283808,measured,hot,S01_C020,37.3,35.6,21.0,40.4,40.19525630283808,0.20474369716191632,20260701,fixed_outer_fold_20260701
MEAS_R000280,C020,S01,280,280,34.5,39.5,32.1,22.0,measurement_group_1,measurement_status_1,1.0,MEAS_UNIT_000280,1,3,1,5,5,3,4,5,35.0,32.8,33.2,-0.5,-1.1000000000000014,-0.5000000000000004,0.8660254037844384,0.8294117647058824,2.3999999999999986,1,1,5,39.59952375239161,measured,hot,S01_C020,34.5,32.1,22.0,39.5,39.59952375239161,-0.09952375239161171,20260701,fixed_outer_fold_20260701
MEAS_R000281,C020,S01,281,281,37.0,40.2,35.2,22.0,measurement_group_1,measurement_status_1,1.0,MEAS_UNIT_000281,3,5,3,1,2,1,4,5,38.4,37.3,32.0,-1.3999999999999986,3.200000000000003,-0.5000000000000004,0.8660254037844384,1.0,1.7999999999999972,1,1,1,40.23367464348929,measured,hot,S01_C020,37.0,35.2,22.0,40.2,40.23367464348929,-0.033674643489284506,20260701,fixed_outer_fold_20260701
MEAS_R000282,C020,S01,282,282,33.9,39.5,30.9,23.0,measurement_group_1,measurement_status_1,1.0,MEAS_UNIT_000282,1,2,3,1,1,3,5,5,34.5,35.0,32.1,-0.6000000000000014,-1.2000000000000028,-0.2588190451025215,0.965925826289068,0.7588235294117647,3.0,1,1,1,39.58690274017714,measured,hot,S01_C020,33.9,30.9,23.0,39.5,39.58690274017714,-0.08690274017713762,20260701,fixed_outer_fold_20260701
MEAS_R000283,C020,S01,283,283,36.2,40.2,33.9,23.0,measurement_group_1,measurement_status_1,1.0,MEAS_UNIT_000283,3,3,4,4,4,5,5,5,37.0,38.4,35.2,-0.7999999999999972,-1.3000000000000045,-0.2588190451025215,0.965925826289068,0.9352941176470588,2.3000000000000043,1,1,4,40.26486191174989,measured,hot,S01_C020,36.2,33.9,23.0,40.2,40.26486191174989,-0.06486191174988676,20260701,fixed_outer_fold_20260701
MEAS_R000284,C009,S01,284,284,32.1,40.4,23.6,1.0,measurement_group_1,measurement_status_1,1.0,MEAS_UNIT_000284,1,2,5,4,1,4,1,7,32.1,32.1,23.6,0.0,0.0,0.2588190451025207,0.9659258262890684,0.3294117647058824,8.5,0,1,4,40.5540551382424,measured,moderate,S01_C009,32.1,23.6,1.0,40.4,40.5540551382424,-0.15405513824239847,20260701,fixed_outer_fold_20260701
MEAS_R000285,C009,S01,285,285,36.1,39.3,32.5,13.0,measurement_group_1,measurement_status_1,1.0,MEAS_UNIT_000285,4,1,1,5,3,1,1,4,36.1,36.1,32.5,0.0,0.0,-0.2588190451025208,-0.9659258262890684,0.8529411764705882,3.6000000000000014,1,0,5,39.46746877461193,measured,hot,S01_C009,36.1,32.5,13.0,39.3,39.46746877461193,-0.1674687746119332,20260701,fixed_outer_fold_20260701
MEAS_R000286,C009,S01,286,286,37.2,39.4,35.4,14.0,measurement_group_1,measurement_status_1,1.0,MEAS_UNIT_000286,2,4,4,4,2,2,1,2,37.2,37.2,35.4,0.0,0.0,-0.4999999999999997,-0.8660254037844388,1.0,1.8000000000000045,1,0,4,39.54900670419414,measured,hot,S01_C009,37.2,35.4,14.0,39.4,39.54900670419414,-0.14900670419414297,20260701,fixed_outer_fold_20260701
MEAS_R000287,C009,S01,287,287,39.3,39.5,38.8,15.0,measurement_group_1,measurement_status_1,1.0,MEAS_UNIT_000287,4,1,3,1,1,3,2,4,36.1,36.1,32.5,3.199999999999996,6.299999999999997,-0.7071067811865471,-0.7071067811865479,1.0,0.5,1,0,1,39.52293813033984,measured,hot,S01_C009,39.3,38.8,15.0,39.5,39.52293813033984,-0.02293813033983838,20260701,fixed_outer_fold_20260701
MEAS_R000288,C009,S01,288,288,36.1,39.5,32.8,19.0,measurement_group_1,measurement_status_1,1.0,MEAS_UNIT_000288,3,1,4,2,3,1,2,2,36.9,36.9,32.0,-0.7999999999999972,0.7999999999999972,-0.9659258262890684,0.2588190451025203,0.8705882352941174,3.3000000000000043,1,0,2,39.67443729289839,measured,hot,S01_C009,36.1,32.8,19.0,39.5,39.67443729289839,-0.17443729289838927,20260701,fixed_outer_fold_20260701
MEAS_R000289,C009,S01,289,289,36.4,40.5,32.3,21.0,measurement_group_1,measurement_status_1,1.0,MEAS_UNIT_000289,1,3,2,2,4,3,3,7,35.7,32.1,32.0,0.6999999999999957,0.2999999999999971,-0.7071067811865477,0.7071067811865474,0.8411764705882351,4.100000000000001,1,1,2,40.42221938849645,measured,hot,S01_C009,36.4,32.3,21.0,40.5,40.42221938849645,0.07778061150354887,20260701,fixed_outer_fold_20260701
MEAS_R000290,C009,S01,290,290,36.7,38.7,33.0,21.0,measurement_group_1,measurement_status_1,1.0,MEAS_UNIT_000290,5,5,2,1,2,2,2,2,35.9,35.9,33.8,0.8000000000000043,-0.7999999999999972,-0.7071067811865477,0.7071067811865474,0.8823529411764706,3.700000000000003,1,1,1,39.77693310528528,measured,hot,S01_C009,36.7,33.0,21.0,38.7,39.77693310528528,-1.0769331052852777,20260701,fixed_outer_fold_20260701
MEAS_R000291,C009,S01,291,291,33.4,40.8,26.5,23.0,measurement_group_1,measurement_status_1,1.0,MEAS_UNIT_000291,1,1,3,3,5,4,5,7,34.8,36.4,27.3,-1.3999999999999986,-0.8000000000000007,-0.2588190451025215,0.965925826289068,0.5,6.899999999999999,0,1,3,40.40334572972773,measured,moderate,S01_C009,33.4,26.5,23.0,40.8,40.40334572972773,0.39665427027226485,20260701,fixed_outer_fold_20260701
MEAS_R000292,C009,S01,292,292,34.6,40.6,29.6,24.0,measurement_group_1,measurement_status_1,1.0,MEAS_UNIT_000292,1,5,1,3,4,5,7,7,32.6,33.4,22.0,2.0,7.600000000000001,-2.4492935982947064e-16,1.0,0.6823529411764707,5.0,0,1,3,40.37665716760715,measured,moderate,S01_C009,34.6,29.6,24.0,40.6,40.37665716760715,0.22334283239285213,20260701,fixed_outer_fold_20260701
MEAS_R000293,C012,S01,293,293,34.1,40.3,30.2,1.0,measurement_group_1,measurement_status_1,1.0,MEAS_UNIT_000293,1,5,1,4,5,3,1,6,34.1,34.1,30.2,0.0,0.0,0.2588190451025207,0.9659258262890684,0.7176470588235294,3.900000000000002,1,1,4,40.409530958851306,measured,hot,S01_C012,34.1,30.2,1.0,40.3,40.409530958851306,-0.10953095885130892,20260701,fixed_outer_fold_20260701
MEAS_R000294,C012,S01,294,294,37.0,39.1,35.0,13.0,measurement_group_1,measurement_status_1,1.0,MEAS_UNIT_000294,4,4,1,5,3,3,1,3,37.0,37.0,35.0,0.0,0.0,-0.2588190451025208,-0.9659258262890684,1.0,2.0,1,0,5,39.06483918761725,measured,hot,S01_C012,37.0,35.0,13.0,39.1,39.06483918761725,0.03516081238274893,20260701,fixed_outer_fold_20260701
MEAS_R000295,C012,S01,295,295,36.6,39.0,35.0,14.0,measurement_group_1,measurement_status_1,1.0,MEAS_UNIT_000295,4,4,3,1,4,3,2,3,37.0,37.0,35.0,-0.3999999999999986,0.0,-0.4999999999999997,-0.8660254037844388,1.0,1.6000000000000014,1,0,1,39.13078446709811,measured,hot,S01_C012,36.6,35.0,14.0,39.0,39.13078446709811,-0.13078446709810976,20260701,fixed_outer_fold_20260701
MEAS_R000296,C012,S01,296,296,37.9,39.0,36.9,15.0,measurement_group_1,measurement_status_1,1.0,MEAS_UNIT_000296,4,1,2,3,2,1,3,3,36.6,37.0,35.0,1.2999999999999972,1.8999999999999984,-0.7071067811865471,-0.7071067811865479,1.0,1.0,1,0,3,39.1297004122511,measured,hot,S01_C012,37.9,36.9,15.0,39.0,39.1297004122511,-0.12970041225109696,20260701,fixed_outer_fold_20260701
MEAS_R000297,C012,S01,297,297,38.4,39.7,37.9,15.0,measurement_group_1,measurement_status_1,1.0,MEAS_UNIT_000297,2,1,2,4,3,1,1,1,38.4,38.4,37.9,0.0,0.0,-0.7071067811865471,-0.7071067811865479,1.0,0.5,1,0,4,39.4057704061841,measured,hot,S01_C012,38.4,37.9,15.0,39.7,39.4057704061841,0.2942295938159063,20260701,fixed_outer_fold_20260701
MEAS_R000298,C012,S01,298,298,38.9,39.5,38.8,18.0,measurement_group_1,measurement_status_1,1.0,MEAS_UNIT_000298,5,2,3,5,5,1,1,4,38.9,38.9,38.8,0.0,0.0,-1.0,-1.8369701987210294e-16,1.0,0.1000000000000014,1,0,5,39.48294386165684,measured,hot,S01_C012,38.9,38.8,18.0,39.5,39.48294386165684,0.017056138343157556,20260701,fixed_outer_fold_20260701
MEAS_R000299,C012,S01,299,299,37.4,39.5,36.0,19.0,measurement_group_1,measurement_status_1,1.0,MEAS_UNIT_000299,3,5,5,2,3,5,1,3,37.4,37.4,36.0,0.0,0.0,-0.9659258262890684,0.2588190451025203,1.0,1.3999999999999986,1,0,2,39.871808876719925,measured,hot,S01_C012,37.4,36.0,19.0,39.5,39.871808876719925,-0.3718088767199248,20260701,fixed_outer_fold_20260701
MEAS_R000300,C012,S01,300,300,37.7,39.5,36.2,19.0,measurement_group_1,measurement_status_1,1.0,MEAS_UNIT_000300,5,2,3,2,1,4,2,4,38.9,38.9,38.8,-1.1999999999999955,-2.5999999999999943,-0.9659258262890684,0.2588190451025203,1.0,1.5,1,0,2,39.4814229533198,measured,hot,S01_C012,37.7,36.2,19.0,39.5,39.4814229533198,0.01857704668019977,20260701,fixed_outer_fold_20260701
MEAS_R000301,C012,S01,301,301,37.5,39.8,35.7,20.0,measurement_group_1,measurement_status_1,1.0,MEAS_UNIT_000301,3,2,1,1,2,5,2,3,37.4,37.4,36.0,0.1000000000000014,-0.2999999999999971,-0.8660254037844386,0.5000000000000001,1.0,1.7999999999999972,1,1,1,39.727904708353634,measured,hot,S01_C012,37.5,35.7,20.0,39.8,39.727904708353634,0.07209529164636308,20260701,fixed_outer_fold_20260701
MEAS_R000302,C012,S01,302,302,36.8,40.0,35.0,21.0,measurement_group_1,measurement_status_1,1.0,MEAS_UNIT_000302,3,3,2,3,2,4,3,3,37.5,37.4,35.7,-0.7000000000000028,-0.7000000000000028,-0.7071067811865477,0.7071067811865474,1.0,1.7999999999999972,1,1,3,39.65909128246595,measured,hot,S01_C012,36.8,35.0,21.0,40.0,39.65909128246595,0.34090871753404883,20260701,fixed_outer_fold_20260701
MEAS_R000303,C012,S01,303,303,38.2,39.4,36.8,21.0,measurement_group_1,measurement_status_1,1.0,MEAS_UNIT_000303,5,2,4,3,1,2,4,4,37.1,37.7,35.2,1.1000000000000014,1.5999999999999943,-0.7071067811865477,0.7071067811865474,1.0,1.4000000000000057,1,1,3,39.50647126526783,measured,hot,S01_C012,38.2,36.8,21.0,39.4,39.50647126526783,-0.10647126526782813,20260701,fixed_outer_fold_20260701
MEAS_R000304,C012,S01,304,304,36.2,40.6,34.3,22.0,measurement_group_1,measurement_status_1,1.0,MEAS_UNIT_000304,1,4,4,2,1,2,4,6,35.5,35.7,35.9,0.7000000000000028,-1.6000000000000014,-0.5000000000000004,0.8660254037844384,0.9588235294117644,1.9000000000000057,1,1,2,40.32182263588483,measured,hot,S01_C012,36.2,34.3,22.0,40.6,40.32182263588483,0.278177364115173,20260701,fixed_outer_fold_20260701
MEAS_R000305,C012,S01,305,305,35.0,40.5,32.7,23.0,measurement_group_1,measurement_status_1,1.0,MEAS_UNIT_000305,1,5,5,1,4,2,5,6,36.2,35.5,34.3,-1.2000000000000028,-1.5999999999999943,-0.2588190451025215,0.965925826289068,0.8647058823529413,2.299999999999997,1,1,1,40.35066153763437,measured,hot,S01_C012,35.0,32.7,23.0,40.5,40.35066153763437,0.14933846236562687,20260701,fixed_outer_fold_20260701
MEAS_R000306,C006,S01,306,306,30.1,39.8,23.5,1.0,measurement_group_1,measurement_status_1,1.0,MEAS_UNIT_000306,1,3,4,2,2,3,1,7,30.1,30.1,23.5,0.0,0.0,0.2588190451025207,0.9659258262890684,0.3235294117647059,6.600000000000001,0,1,2,39.58175458342037,measured,moderate,S01_C006,30.1,23.5,1.0,39.8,39.58175458342037,0.21824541657962726,20260701,fixed_outer_fold_20260701
MEAS_R000307,C006,S01,307,307,35.1,38.5,31.4,13.0,measurement_group_1,measurement_status_1,1.0,MEAS_UNIT_000307,2,1,1,5,2,4,2,4,34.6,34.6,33.0,0.5,-1.6000000000000014,-0.2588190451025208,-0.9659258262890684,0.7882352941176469,3.700000000000003,1,0,5,39.415370241510544,measured,hot,S01_C006,35.1,31.4,13.0,38.5,39.415370241510544,-0.9153702415105442,20260701,fixed_outer_fold_20260701
MEAS_R000308,C006,S01,308,308,35.8,38.6,32.5,13.0,measurement_group_1,measurement_status_1,1.0,MEAS_UNIT_000308,4,2,2,1,1,1,1,3,35.8,35.8,32.5,0.0,0.0,-0.2588190451025208,-0.9659258262890684,0.8529411764705882,3.299999999999997,1,0,1,38.6415889221405,measured,hot,S01_C006,35.8,32.5,13.0,38.6,38.6415889221405,-0.04158892214049814,20260701,fixed_outer_fold_20260701
MEAS_R000309,C006,S01,309,309,35.3,39.3,31.8,14.0,measurement_group_1,measurement_status_1,1.0,MEAS_UNIT_000309,2,5,2,3,4,2,3,4,35.1,34.6,31.4,0.1999999999999957,0.4000000000000021,-0.4999999999999997,-0.8660254037844388,0.8117647058823529,3.4999999999999964,1,0,3,39.11620342491376,measured,hot,S01_C006,35.3,31.8,14.0,39.3,39.11620342491376,0.18379657508623382,20260701,fixed_outer_fold_20260701
MEAS_R000310,C006,S01,310,310,37.4,38.5,36.1,15.0,measurement_group_1,measurement_status_1,1.0,MEAS_UNIT_000310,4,1,4,3,4,4,2,3,35.8,35.8,32.5,1.6000000000000014,3.6000000000000014,-0.7071067811865471,-0.7071067811865479,1.0,1.2999999999999972,1,0,3,38.804887294935085,measured,hot,S01_C006,37.4,36.1,15.0,38.5,38.804887294935085,-0.30488729493508515,20260701,fixed_outer_fold_20260701
MEAS_R000311,C006,S01,311,311,38.1,39.7,36.5,15.0,measurement_group_1,measurement_status_1,1.0,MEAS_UNIT_000311,2,3,3,4,3,2,4,4,35.3,35.1,31.8,2.8000000000000043,4.699999999999999,-0.7071067811865471,-0.7071067811865479,1.0,1.6000000000000014,1,0,4,39.078055644148606,measured,hot,S01_C006,38.1,36.5,15.0,39.7,39.078055644148606,0.6219443558513973,20260701,fixed_outer_fold_20260701
MEAS_R000312,C006,S01,312,312,35.3,38.4,32.1,19.0,measurement_group_1,measurement_status_1,1.0,MEAS_UNIT_000312,3,4,1,3,4,5,1,2,35.3,35.3,32.1,0.0,0.0,-0.9659258262890684,0.2588190451025203,0.8294117647058824,3.199999999999996,1,0,3,38.70346414183898,measured,hot,S01_C006,35.3,32.1,19.0,38.4,38.70346414183898,-0.30346414183897963,20260701,fixed_outer_fold_20260701
MEAS_R000313,C006,S01,313,313,36.4,38.9,33.4,19.0,measurement_group_1,measurement_status_1,1.0,MEAS_UNIT_000313,5,3,5,4,3,1,1,2,36.4,36.4,33.4,0.0,0.0,-0.9659258262890684,0.2588190451025203,0.9058823529411764,3.0,1,0,4,39.683401766793,measured,hot,S01_C006,36.4,33.4,19.0,38.9,39.683401766793,-0.7834017667929984,20260701,fixed_outer_fold_20260701
MEAS_R000314,C006,S01,314,314,34.4,39.4,30.8,21.0,measurement_group_1,measurement_status_1,1.0,MEAS_UNIT_000314,1,2,3,4,2,3,3,7,29.3,30.1,25.1,5.099999999999998,5.699999999999999,-0.7071067811865477,0.7071067811865474,0.7529411764705882,3.599999999999998,1,1,4,39.641945093947946,measured,hot,S01_C006,34.4,30.8,21.0,39.4,39.641945093947946,-0.2419450939479475,20260701,fixed_outer_fold_20260701
MEAS_R000315,C006,S01,315,315,35.3,38.5,31.5,21.0,measurement_group_1,measurement_status_1,1.0,MEAS_UNIT_000315,3,4,1,5,5,2,2,2,35.3,35.3,32.1,0.0,-0.6000000000000014,-0.7071067811865477,0.7071067811865474,0.7941176470588235,3.799999999999997,1,1,5,38.64067689603379,measured,hot,S01_C006,35.3,31.5,21.0,38.5,38.64067689603379,-0.14067689603378852,20260701,fixed_outer_fold_20260701
MEAS_R000316,C006,S01,316,316,34.0,39.4,29.9,22.0,measurement_group_1,measurement_status_1,1.0,MEAS_UNIT_000316,1,2,2,2,1,5,4,7,34.4,29.3,30.8,-0.3999999999999986,-0.9000000000000021,-0.5000000000000004,0.8660254037844384,0.7,4.100000000000001,0,1,2,39.606023957077895,measured,moderate,S01_C006,34.0,29.9,22.0,39.4,39.606023957077895,-0.2060239570778961,20260701,fixed_outer_fold_20260701
MEAS_R000317,C006,S01,317,317,35.1,39.9,30.6,22.0,measurement_group_1,measurement_status_1,1.0,MEAS_UNIT_000317,5,4,4,1,5,1,2,2,36.4,36.4,33.4,-1.2999999999999972,-2.799999999999997,-0.5000000000000004,0.8660254037844384,0.7411764705882353,4.5,1,1,1,38.98758517532643,measured,hot,S01_C006,35.1,30.6,22.0,39.9,38.98758517532643,0.9124148246735686,20260701,fixed_outer_fold_20260701
MEAS_R000318,C006,S01,318,318,33.3,39.6,28.0,23.0,measurement_group_1,measurement_status_1,1.0,MEAS_UNIT_000318,1,2,3,2,3,3,5,7,34.0,34.4,29.9,-0.7000000000000028,-1.8999999999999984,-0.2588190451025215,0.965925826289068,0.5882352941176471,5.299999999999997,0,1,2,39.64938644115579,measured,moderate,S01_C006,33.3,28.0,23.0,39.6,39.64938644115579,-0.049386441155789385,20260701,fixed_outer_fold_20260701
MEAS_R000319,C006,S01,319,319,32.8,40.0,27.7,24.0,measurement_group_1,measurement_status_1,1.0,MEAS_UNIT_000319,1,5,5,1,1,4,7,7,33.4,33.3,30.1,-0.6000000000000014,-2.400000000000002,-2.4492935982947064e-16,1.0,0.5705882352941176,5.099999999999998,0,1,1,39.56516161532856,measured,moderate,S01_C006,32.8,27.7,24.0,40.0,39.56516161532856,0.434838384671437,20260701,fixed_outer_fold_20260701
MEAS_R000320,C015,S01,320,320,31.7,38.9,26.6,1.0,measurement_group_1,measurement_status_1,1.0,MEAS_UNIT_000320,1,3,1,2,5,3,1,3,31.7,31.7,26.6,0.0,0.0,0.2588190451025207,0.9659258262890684,0.5058823529411766,5.099999999999998,0,1,2,38.98376079685174,measured,moderate,S01_C015,31.7,26.6,1.0,38.9,38.98376079685174,-0.08376079685174176,20260701,fixed_outer_fold_20260701
MEAS_R000321,C015,S01,321,321,34.7,38.2,32.0,12.0,measurement_group_1,measurement_status_1,1.0,MEAS_UNIT_000321,4,1,3,4,2,1,1,4,34.7,34.7,32.0,0.0,0.0,1.2246467991473532e-16,-1.0,0.8235294117647058,2.700000000000003,1,0,4,38.30437436993358,measured,hot,S01_C015,34.7,32.0,12.0,38.2,38.30437436993358,-0.10437436993358062,20260701,fixed_outer_fold_20260701
MEAS_R000322,C015,S01,322,322,34.7,39.7,32.2,12.0,measurement_group_1,measurement_status_1,1.0,MEAS_UNIT_000322,2,5,5,5,1,2,1,4,34.7,34.7,32.2,0.0,0.0,1.2246467991473532e-16,-1.0,0.835294117647059,2.5,1,0,5,38.2768480600631,measured,hot,S01_C015,34.7,32.2,12.0,39.7,38.2768480600631,1.4231519399369006,20260701,fixed_outer_fold_20260701
MEAS_R000323,C015,S01,323,323,34.6,38.2,32.1,13.0,measurement_group_1,measurement_status_1,1.0,MEAS_UNIT_000323,4,1,1,2,5,3,2,4,34.7,34.7,32.0,-0.1000000000000014,0.1000000000000014,-0.2588190451025208,-0.9659258262890684,0.8294117647058824,2.5,1,0,2,38.261491038852384,measured,hot,S01_C015,34.6,32.1,13.0,38.2,38.261491038852384,-0.06149103885238105,20260701,fixed_outer_fold_20260701
MEAS_R000324,C015,S01,324,324,34.9,38.5,32.4,13.0,measurement_group_1,measurement_status_1,1.0,MEAS_UNIT_000324,2,1,2,2,2,3,2,4,34.7,34.7,32.2,0.1999999999999957,0.1999999999999957,-0.2588190451025208,-0.9659258262890684,0.8470588235294116,2.5,1,0,2,38.640552472182165,measured,hot,S01_C015,34.9,32.4,13.0,38.5,38.640552472182165,-0.14055247218216493,20260701,fixed_outer_fold_20260701
MEAS_R000325,C015,S01,325,325,36.6,38.3,35.5,14.0,measurement_group_1,measurement_status_1,1.0,MEAS_UNIT_000325,2,3,5,1,4,1,3,4,34.9,34.7,32.4,1.7000000000000028,3.1000000000000014,-0.4999999999999997,-0.8660254037844388,1.0,1.1000000000000014,1,0,1,38.69093322049748,measured,hot,S01_C015,36.6,35.5,14.0,38.3,38.69093322049748,-0.39093322049748025,20260701,fixed_outer_fold_20260701
MEAS_R000326,C015,S01,326,326,36.9,38.2,35.6,14.0,measurement_group_1,measurement_status_1,1.0,MEAS_UNIT_000326,4,2,3,4,1,5,3,4,34.6,34.7,32.1,2.299999999999997,3.5,-0.4999999999999997,-0.8660254037844388,1.0,1.2999999999999972,1,0,4,38.27297200885552,measured,hot,S01_C015,36.9,35.6,14.0,38.2,38.27297200885552,-0.07297200885551547,20260701,fixed_outer_fold_20260701
MEAS_R000327,C015,S01,327,327,36.5,38.2,34.8,15.0,measurement_group_1,measurement_status_1,1.0,MEAS_UNIT_000327,4,2,2,3,2,4,4,4,36.9,34.6,35.6,-0.3999999999999986,-0.8000000000000043,-0.7071067811865471,-0.7071067811865479,0.9882352941176468,1.7000000000000028,1,0,3,38.25051382340458,measured,hot,S01_C015,36.5,34.8,15.0,38.2,38.25051382340458,-0.05051382340457877,20260701,fixed_outer_fold_20260701
MEAS_R000328,C015,S01,328,328,36.9,38.0,35.3,15.0,measurement_group_1,measurement_status_1,1.0,MEAS_UNIT_000328,2,4,5,3,4,2,4,4,36.6,34.9,35.5,0.2999999999999971,-0.2000000000000028,-0.7071067811865471,-0.7071067811865479,1.0,1.6000000000000014,1,0,3,38.74841118093251,measured,hot,S01_C015,36.9,35.3,15.0,38.0,38.74841118093251,-0.7484111809325071,20260701,fixed_outer_fold_20260701
MEAS_R000329,C015,S01,329,329,35.8,39.2,33.3,18.0,measurement_group_1,measurement_status_1,1.0,MEAS_UNIT_000329,5,4,2,1,3,4,1,4,35.8,35.8,33.3,0.0,0.0,-1.0,-1.8369701987210294e-16,0.8999999999999998,2.5,1,0,1,39.31105742078179,measured,hot,S01_C015,35.8,33.3,18.0,39.2,39.31105742078179,-0.11105742078179048,20260701,fixed_outer_fold_20260701
MEAS_R000330,C015,S01,330,330,35.5,38.5,33.2,19.0,measurement_group_1,measurement_status_1,1.0,MEAS_UNIT_000330,3,4,1,3,2,3,1,3,35.5,35.5,33.2,0.0,0.0,-0.9659258262890684,0.2588190451025203,0.8941176470588237,2.299999999999997,1,0,3,38.55538624534616,measured,hot,S01_C015,35.5,33.2,19.0,38.5,38.55538624534616,-0.05538624534616332,20260701,fixed_outer_fold_20260701
MEAS_R000331,C015,S01,331,331,35.5,39.0,33.1,19.0,measurement_group_1,measurement_status_1,1.0,MEAS_UNIT_000331,5,5,3,5,3,4,2,4,35.8,35.8,33.3,-0.2999999999999971,-0.1999999999999957,-0.9659258262890684,0.2588190451025203,0.8882352941176471,2.3999999999999986,1,0,5,39.5497413709284,measured,hot,S01_C015,35.5,33.1,19.0,39.0,39.5497413709284,-0.5497413709284018,20260701,fixed_outer_fold_20260701
MEAS_R000332,C015,S01,332,332,35.6,39.7,33.0,20.0,measurement_group_1,measurement_status_1,1.0,MEAS_UNIT_000332,5,5,4,1,4,5,3,4,35.5,35.8,33.1,0.1000000000000014,-0.1000000000000014,-0.8660254037844386,0.5000000000000001,0.8823529411764706,2.6000000000000014,1,1,1,39.32742082967884,measured,hot,S01_C015,35.6,33.0,20.0,39.7,39.32742082967884,0.37257917032115984,20260701,fixed_outer_fold_20260701
MEAS_R000333,C015,S01,333,333,34.6,40.0,30.4,21.0,measurement_group_1,measurement_status_1,1.0,MEAS_UNIT_000333,5,2,1,3,1,5,4,4,35.6,35.5,33.0,-1.0,-2.6000000000000014,-0.7071067811865477,0.7071067811865474,0.7294117647058823,4.200000000000003,1,1,3,39.22689418665419,measured,hot,S01_C015,34.6,30.4,21.0,40.0,39.22689418665419,0.7731058133458077,20260701,fixed_outer_fold_20260701
MEAS_R000334,C015,S01,334,334,35.1,38.5,32.4,21.0,measurement_group_1,measurement_status_1,1.0,MEAS_UNIT_000334,3,3,3,2,5,2,2,3,35.5,35.5,33.2,-0.3999999999999986,-0.8000000000000043,-0.7071067811865477,0.7071067811865474,0.8470588235294116,2.700000000000003,1,1,2,38.544104628932686,measured,hot,S01_C015,35.1,32.4,21.0,38.5,38.544104628932686,-0.044104628932686296,20260701,fixed_outer_fold_20260701
MEAS_R000335,C015,S01,335,335,34.2,38.4,30.8,22.0,measurement_group_1,measurement_status_1,1.0,MEAS_UNIT_000335,3,1,4,4,3,2,3,3,35.1,35.5,32.4,-0.8999999999999986,-1.599999999999998,-0.5000000000000004,0.8660254037844384,0.7529411764705882,3.400000000000002,1,1,4,38.615639140425415,measured,hot,S01_C015,34.2,30.8,22.0,38.4,38.615639140425415,-0.21563914042541654,20260701,fixed_outer_fold_20260701
MEAS_R000336,C015,S01,336,336,35.0,38.8,31.4,22.0,measurement_group_1,measurement_status_1,1.0,MEAS_UNIT_000336,1,3,4,5,3,1,2,3,31.7,31.7,26.6,3.3000000000000007,4.799999999999997,-0.5000000000000004,0.8660254037844384,0.7882352941176469,3.6000000000000014,1,1,5,38.99103038459769,measured,hot,S01_C015,35.0,31.4,22.0,38.8,38.99103038459769,-0.1910303845976955,20260701,fixed_outer_fold_20260701
MEAS_R000337,C015,S01,337,337,33.8,39.1,29.5,23.0,measurement_group_1,measurement_status_1,1.0,MEAS_UNIT_000337,1,2,2,1,1,1,3,3,35.0,31.7,31.4,-1.2000000000000028,-1.8999999999999984,-0.2588190451025215,0.965925826289068,0.6764705882352942,4.299999999999997,0,1,1,38.84143205673651,measured,moderate,S01_C015,33.8,29.5,23.0,39.1,38.84143205673651,0.2585679432634933,20260701,fixed_outer_fold_20260701
MEAS_R000338,C007,S01,338,338,35.7,40.1,29.0,1.0,measurement_group_1,measurement_status_1,1.0,MEAS_UNIT_000338,1,4,5,3,1,4,1,5,35.7,35.7,29.0,0.0,0.0,0.2588190451025207,0.9659258262890684,0.6470588235294118,6.700000000000003,0,1,3,39.241944401768,measured,moderate,S01_C007,35.7,29.0,1.0,40.1,39.241944401768,0.8580555982319993,20260701,fixed_outer_fold_20260701
MEAS_R000339,C007,S01,339,339,36.5,38.4,32.1,12.0,measurement_group_1,measurement_status_1,1.0,MEAS_UNIT_000339,2,3,3,2,3,3,1,4,36.5,36.5,32.1,0.0,0.0,1.2246467991473532e-16,-1.0,0.8294117647058824,4.399999999999999,1,0,2,39.167718274389614,measured,hot,S01_C007,36.5,32.1,12.0,38.4,39.167718274389614,-0.7677182743896154,20260701,fixed_outer_fold_20260701
MEAS_R000340,C007,S01,340,340,37.4,39.8,32.8,12.0,measurement_group_1,measurement_status_1,1.0,MEAS_UNIT_000340,4,1,1,5,4,2,1,4,37.4,37.4,32.8,0.0,0.0,1.2246467991473532e-16,-1.0,0.8705882352941174,4.600000000000001,1,0,5,39.827114413800366,measured,hot,S01_C007,37.4,32.8,12.0,39.8,39.827114413800366,-0.027114413800369164,20260701,fixed_outer_fold_20260701
MEAS_R000341,C007,S01,341,341,36.5,38.5,31.7,13.0,measurement_group_1,measurement_status_1,1.0,MEAS_UNIT_000341,2,4,3,5,3,5,2,4,36.5,36.5,32.1,0.0,-0.4000000000000021,-0.2588190451025208,-0.9659258262890684,0.8058823529411764,4.800000000000001,1,0,5,38.91065043969395,measured,hot,S01_C007,36.5,31.7,13.0,38.5,38.91065043969395,-0.41065043969395276,20260701,fixed_outer_fold_20260701
MEAS_R000342,C007,S01,342,342,37.4,40.0,33.3,13.0,measurement_group_1,measurement_status_1,1.0,MEAS_UNIT_000342,4,1,5,1,5,4,2,4,37.4,37.4,32.8,0.0,0.5,-0.2588190451025208,-0.9659258262890684,0.8999999999999998,4.100000000000001,1,0,1,39.71688013637098,measured,hot,S01_C007,37.4,33.3,13.0,40.0,39.71688013637098,0.2831198636290182,20260701,fixed_outer_fold_20260701
MEAS_R000343,C007,S01,343,343,37.1,39.3,33.5,14.0,measurement_group_1,measurement_status_1,1.0,MEAS_UNIT_000343,2,5,4,3,2,3,3,4,36.5,36.5,31.7,0.6000000000000014,1.8000000000000007,-0.4999999999999997,-0.8660254037844388,0.9117647058823528,3.6000000000000014,1,0,3,38.888011128838045,measured,hot,S01_C007,37.1,33.5,14.0,39.3,38.888011128838045,0.4119888711619524,20260701,fixed_outer_fold_20260701
MEAS_R000344,C007,S01,344,344,39.2,39.9,37.2,14.0,measurement_group_1,measurement_status_1,1.0,MEAS_UNIT_000344,4,2,4,4,2,4,3,4,37.4,37.4,33.3,1.8000000000000045,3.9000000000000057,-0.4999999999999997,-0.8660254037844388,1.0,2.0,1,0,4,39.83117015853505,measured,hot,S01_C007,39.2,37.2,14.0,39.9,39.83117015853505,0.06882984146494664,20260701,fixed_outer_fold_20260701
MEAS_R000345,C007,S01,345,345,38.3,39.7,35.7,15.0,measurement_group_1,measurement_status_1,1.0,MEAS_UNIT_000345,2,3,5,5,3,4,4,4,37.1,36.5,33.5,1.1999999999999955,2.200000000000003,-0.7071067811865471,-0.7071067811865479,1.0,2.5999999999999943,1,0,5,38.93295205369956,measured,hot,S01_C007,38.3,35.7,15.0,39.7,38.93295205369956,0.767047946300444,20260701,fixed_outer_fold_20260701
MEAS_R000346,C007,S01,346,346,38.9,39.7,35.9,15.0,measurement_group_1,measurement_status_1,1.0,MEAS_UNIT_000346,4,5,4,2,4,1,4,4,39.2,37.4,37.2,-0.3000000000000042,-1.3000000000000045,-0.7071067811865471,-0.7071067811865479,1.0,3.0,1,0,2,39.83066636631947,measured,hot,S01_C007,38.9,35.9,15.0,39.7,39.83066636631947,-0.13066636631946693,20260701,fixed_outer_fold_20260701
MEAS_R000347,C007,S01,347,347,37.6,39.5,33.4,18.0,measurement_group_1,measurement_status_1,1.0,MEAS_UNIT_000347,5,5,2,4,3,1,1,4,37.6,37.6,33.4,0.0,0.0,-1.0,-1.8369701987210294e-16,0.9058823529411764,4.200000000000003,1,0,4,39.59597034520115,measured,hot,S01_C007,37.6,33.4,18.0,39.5,39.59597034520115,-0.09597034520115244,20260701,fixed_outer_fold_20260701
MEAS_R000348,C007,S01,348,348,37.6,39.7,34.2,19.0,measurement_group_1,measurement_status_1,1.0,MEAS_UNIT_000348,5,4,2,1,1,5,2,4,37.6,37.6,33.4,0.0,0.8000000000000043,-0.9659258262890684,0.2588190451025203,0.9529411764705884,3.3999999999999986,1,0,1,39.51079614736948,measured,hot,S01_C007,37.6,34.2,19.0,39.7,39.51079614736948,0.18920385263051998,20260701,fixed_outer_fold_20260701
MEAS_R000349,C007,S01,349,349,36.9,39.6,33.8,20.0,measurement_group_1,measurement_status_1,1.0,MEAS_UNIT_000349,5,2,1,2,4,3,3,4,37.6,37.6,34.2,-0.7000000000000028,-0.4000000000000057,-0.8660254037844386,0.5000000000000001,0.9294117647058822,3.1000000000000014,1,1,2,39.52062175386198,measured,hot,S01_C007,36.9,33.8,20.0,39.6,39.52062175386198,0.07937824613802036,20260701,fixed_outer_fold_20260701
MEAS_R000350,C007,S01,350,350,36.9,39.3,32.4,21.0,measurement_group_1,measurement_status_1,1.0,MEAS_UNIT_000350,1,1,1,1,1,1,2,5,35.7,35.7,29.0,1.1999999999999955,3.3999999999999986,-0.7071067811865477,0.7071067811865474,0.8470588235294116,4.5,1,1,1,39.608120304844725,measured,hot,S01_C007,36.9,32.4,21.0,39.3,39.608120304844725,-0.30812030484472785,20260701,fixed_outer_fold_20260701
MEAS_R000351,C007,S01,351,351,37.7,40.7,33.1,21.0,measurement_group_1,measurement_status_1,1.0,MEAS_UNIT_000351,3,3,2,3,2,1,1,2,37.7,37.7,33.1,0.0,0.0,-0.7071067811865477,0.7071067811865474,0.8882352941176471,4.600000000000001,1,1,3,40.29582140022792,measured,hot,S01_C007,37.7,33.1,21.0,40.7,40.29582140022792,0.4041785997720808,20260701,fixed_outer_fold_20260701
MEAS_R000352,C007,S01,352,352,35.0,39.2,28.7,22.0,measurement_group_1,measurement_status_1,1.0,MEAS_UNIT_000352,1,2,4,1,2,2,3,5,36.9,35.7,32.4,-1.8999999999999984,-3.6999999999999993,-0.5000000000000004,0.8660254037844384,0.6294117647058823,6.300000000000001,0,1,1,39.58970187651812,measured,moderate,S01_C007,35.0,28.7,22.0,39.2,39.58970187651812,-0.3897018765181173,20260701,fixed_outer_fold_20260701
MEAS_R000353,C007,S01,353,353,35.2,39.4,30.1,22.0,measurement_group_1,measurement_status_1,1.0,MEAS_UNIT_000353,5,2,2,3,5,2,4,4,36.9,37.6,33.8,-1.6999999999999955,-3.699999999999996,-0.5000000000000004,0.8660254037844384,0.7117647058823531,5.100000000000001,1,1,3,39.534715396082376,measured,hot,S01_C007,35.2,30.1,22.0,39.4,39.534715396082376,-0.13471539608237748,20260701,fixed_outer_fold_20260701
MEAS_R000354,C007,S01,354,354,37.2,40.6,31.8,22.0,measurement_group_1,measurement_status_1,1.0,MEAS_UNIT_000354,3,1,1,2,1,3,2,2,37.7,37.7,33.1,-0.5,-1.3000000000000007,-0.5000000000000004,0.8660254037844384,0.8117647058823529,5.400000000000002,1,1,2,40.398724508379146,measured,hot,S01_C007,37.2,31.8,22.0,40.6,40.398724508379146,0.201275491620855,20260701,fixed_outer_fold_20260701
MEAS_R000355,C007,S01,355,355,34.9,38.3,27.6,23.0,measurement_group_1,measurement_status_1,1.0,MEAS_UNIT_000355,1,3,3,4,4,5,4,5,35.0,36.9,28.7,-0.1000000000000014,-1.099999999999998,-0.2588190451025215,0.965925826289068,0.5647058823529413,7.299999999999997,0,1,4,39.54905667854336,measured,moderate,S01_C007,34.9,27.6,23.0,38.3,39.54905667854336,-1.2490566785433614,20260701,fixed_outer_fold_20260701
MEAS_R000356,C007,S01,356,356,34.6,40.2,27.1,24.0,measurement_group_1,measurement_status_1,1.0,MEAS_UNIT_000356,1,4,3,4,5,2,5,5,34.9,35.0,27.6,-0.2999999999999971,-0.5,-2.4492935982947064e-16,1.0,0.5352941176470589,7.5,0,1,4,39.55777507084511,measured,moderate,S01_C007,34.6,27.1,24.0,40.2,39.55777507084511,0.6422249291548923,20260701,fixed_outer_fold_20260701
MEAS_R000357,C013,S01,357,357,29.3,39.3,20.6,1.0,measurement_group_1,measurement_status_1,1.0,MEAS_UNIT_000357,1,3,1,2,3,5,1,10,29.3,29.3,20.6,0.0,0.0,0.2588190451025207,0.9659258262890684,0.1529411764705883,8.7,0,1,2,39.07034054879736,measured,moderate,S01_C013,29.3,20.6,1.0,39.3,39.07034054879736,0.22965945120263598,20260701,fixed_outer_fold_20260701
MEAS_R000358,C013,S01,358,358,34.7,38.7,30.0,12.0,measurement_group_1,measurement_status_1,1.0,MEAS_UNIT_000358,4,4,1,5,2,2,1,2,34.7,34.7,30.0,0.0,0.0,1.2246467991473532e-16,-1.0,0.7058823529411765,4.700000000000003,1,0,5,38.66765348477578,measured,hot,S01_C013,34.7,30.0,12.0,38.7,38.66765348477578,0.03234651522422638,20260701,fixed_outer_fold_20260701
MEAS_R000359,C013,S01,359,359,35.2,38.6,30.9,13.0,measurement_group_1,measurement_status_1,1.0,MEAS_UNIT_000359,4,4,4,4,5,4,2,2,34.7,34.7,30.0,0.5,0.8999999999999986,-0.2588190451025208,-0.9659258262890684,0.7588235294117647,4.300000000000004,1,0,4,38.73218700827266,measured,hot,S01_C013,35.2,30.9,13.0,38.6,38.73218700827266,-0.13218700827265906,20260701,fixed_outer_fold_20260701
MEAS_R000360,C013,S01,360,360,34.8,38.6,30.3,19.0,measurement_group_1,measurement_status_1,1.0,MEAS_UNIT_000360,3,5,5,3,1,2,1,3,34.8,34.8,30.3,0.0,0.0,-0.9659258262890684,0.2588190451025203,0.723529411764706,4.4999999999999964,1,0,3,38.66085476944615,measured,hot,S01_C013,34.8,30.3,19.0,38.6,38.66085476944615,-0.06085476944615209,20260701,fixed_outer_fold_20260701
MEAS_R000361,C013,S01,361,361,35.8,39.3,32.1,19.0,measurement_group_1,measurement_status_1,1.0,MEAS_UNIT_000361,5,5,2,1,4,5,2,2,35.3,35.3,30.5,0.5,1.6000000000000014,-0.9659258262890684,0.2588190451025203,0.8294117647058824,3.699999999999996,1,0,1,39.01869102715554,measured,hot,S01_C013,35.8,32.1,19.0,39.3,39.01869102715554,0.28130897284445666,20260701,fixed_outer_fold_20260701
MEAS_R000362,C013,S01,362,362,34.5,39.2,29.7,21.0,measurement_group_1,measurement_status_1,1.0,MEAS_UNIT_000362,1,1,2,5,3,4,4,10,28.5,34.4,18.2,6.0,11.5,-0.7071067811865477,0.7071067811865474,0.6882352941176471,4.800000000000001,0,1,5,39.10495679029077,measured,moderate,S01_C013,34.5,29.7,21.0,39.2,39.10495679029077,0.09504320970923175,20260701,fixed_outer_fold_20260701
MEAS_R000363,C013,S01,363,363,34.8,38.5,29.8,21.0,measurement_group_1,measurement_status_1,1.0,MEAS_UNIT_000363,3,2,3,2,4,3,2,3,34.8,34.8,30.3,0.0,-0.5,-0.7071067811865477,0.7071067811865474,0.6941176470588236,4.9999999999999964,0,1,2,38.75485298319355,measured,moderate,S01_C013,34.8,29.8,21.0,38.5,38.75485298319355,-0.2548529831935511,20260701,fixed_outer_fold_20260701
MEAS_R000364,C013,S01,364,364,33.8,39.1,27.6,22.0,measurement_group_1,measurement_status_1,1.0,MEAS_UNIT_000364,1,2,5,3,2,1,6,10,34.6,34.5,29.2,-0.8000000000000043,-1.599999999999998,-0.5000000000000004,0.8660254037844384,0.5647058823529413,6.199999999999996,0,1,3,39.12656830792939,measured,moderate,S01_C013,33.8,27.6,22.0,39.1,39.12656830792939,-0.026568307929387913,20260701,fixed_outer_fold_20260701
MEAS_R000365,C013,S01,365,365,33.0,39.1,25.7,23.0,measurement_group_1,measurement_status_1,1.0,MEAS_UNIT_000365,1,1,3,4,1,3,9,10,34.1,34.0,22.9,-1.1000000000000014,2.8000000000000007,-0.2588190451025215,0.965925826289068,0.4529411764705882,7.300000000000001,0,1,4,39.15397154989684,measured,moderate,S01_C013,33.0,25.7,23.0,39.1,39.15397154989684,-0.05397154989683628,20260701,fixed_outer_fold_20260701
MEAS_R000366,C013,S01,366,366,32.9,39.0,25.3,24.0,measurement_group_1,measurement_status_1,1.0,MEAS_UNIT_000366,1,5,4,1,5,1,10,10,33.0,34.1,25.7,-0.1000000000000014,-0.3999999999999986,-2.4492935982947064e-16,1.0,0.4294117647058824,7.599999999999998,0,1,1,39.12809163340041,measured,moderate,S01_C013,32.9,25.3,24.0,39.0,39.12809163340041,-0.12809163340040897,20260701,fixed_outer_fold_20260701
MEAS_R000367,C024,S01,367,367,36.1,38.0,34.0,12.0,measurement_group_1,measurement_status_1,1.0,MEAS_UNIT_000367,2,4,1,5,4,5,1,4,36.1,36.1,34.0,0.0,0.0,1.2246467991473532e-16,-1.0,0.9411764705882352,2.1000000000000014,1,0,5,38.43043185614004,measured,hot,S01_C024,36.1,34.0,12.0,38.0,38.43043185614004,-0.4304318561400393,20260701,fixed_outer_fold_20260701
MEAS_R000368,C024,S01,368,368,36.0,38.0,33.2,13.0,measurement_group_1,measurement_status_1,1.0,MEAS_UNIT_000368,2,1,5,5,4,5,2,4,36.1,36.1,34.0,-0.1000000000000014,-0.7999999999999972,-0.2588190451025208,-0.9659258262890684,0.8941176470588237,2.799999999999997,1,0,5,38.42909289143872,measured,hot,S01_C024,36.0,33.2,13.0,38.0,38.42909289143872,-0.42909289143872087,20260701,fixed_outer_fold_20260701
MEAS_R000369,C024,S01,369,369,36.9,38.6,34.5,13.0,measurement_group_1,measurement_status_1,1.0,MEAS_UNIT_000369,4,1,2,4,3,1,1,3,36.9,36.9,34.5,0.0,0.0,-0.2588190451025208,-0.9659258262890684,0.9705882352941176,2.3999999999999986,1,0,4,38.97912180986184,measured,hot,S01_C024,36.9,34.5,13.0,38.6,38.97912180986184,-0.37912180986183586,20260701,fixed_outer_fold_20260701
MEAS_R000370,C024,S01,370,370,36.0,38.3,33.0,14.0,measurement_group_1,measurement_status_1,1.0,MEAS_UNIT_000370,2,5,4,3,2,1,3,4,36.0,36.1,33.2,0.0,-0.2000000000000028,-0.4999999999999997,-0.8660254037844388,0.8823529411764706,3.0,1,0,3,38.16077526485495,measured,hot,S01_C024,36.0,33.0,14.0,38.3,38.16077526485495,0.1392247351450493,20260701,fixed_outer_fold_20260701
MEAS_R000371,C024,S01,371,371,37.1,38.3,35.1,14.0,measurement_group_1,measurement_status_1,1.0,MEAS_UNIT_000371,4,5,2,4,4,4,2,3,36.9,36.9,34.5,0.2000000000000028,0.6000000000000014,-0.4999999999999997,-0.8660254037844388,1.0,2.0,1,0,4,38.99719687941271,measured,hot,S01_C024,37.1,35.1,14.0,38.3,38.99719687941271,-0.697196879412715,20260701,fixed_outer_fold_20260701
MEAS_R000372,C024,S01,372,372,37.7,38.2,36.2,15.0,measurement_group_1,measurement_status_1,1.0,MEAS_UNIT_000372,4,2,2,4,2,2,3,3,37.1,36.9,35.1,0.6000000000000014,1.1000000000000014,-0.7071067811865471,-0.7071067811865479,1.0,1.5,1,0,4,39.00479265429926,measured,hot,S01_C024,37.7,36.2,15.0,38.2,39.00479265429926,-0.8047926542992556,20260701,fixed_outer_fold_20260701
MEAS_R000373,C024,S01,373,373,38.2,38.4,37.2,15.0,measurement_group_1,measurement_status_1,1.0,MEAS_UNIT_000373,2,3,4,1,5,1,4,4,36.0,36.0,33.0,2.200000000000003,4.200000000000003,-0.7071067811865471,-0.7071067811865479,1.0,1.0,1,0,1,38.20791725851323,measured,hot,S01_C024,38.2,37.2,15.0,38.4,38.20791725851323,0.19208274148677162,20260701,fixed_outer_fold_20260701
MEAS_R000374,C024,S01,374,374,37.7,38.7,35.7,19.0,measurement_group_1,measurement_status_1,1.0,MEAS_UNIT_000374,5,3,3,2,2,2,1,4,37.7,37.7,35.7,0.0,0.0,-0.9659258262890684,0.2588190451025203,1.0,2.0,1,0,2,39.19125476825268,measured,hot,S01_C024,37.7,35.7,19.0,38.7,39.19125476825268,-0.49125476825268066,20260701,fixed_outer_fold_20260701
MEAS_R000375,C024,S01,375,375,36.7,38.2,33.9,20.0,measurement_group_1,measurement_status_1,1.0,MEAS_UNIT_000375,3,2,1,3,3,1,1,3,36.7,36.7,33.9,0.0,0.0,-0.8660254037844386,0.5000000000000001,0.9352941176470588,2.8000000000000043,1,1,3,38.517018264642,measured,hot,S01_C024,36.7,33.9,20.0,38.2,38.517018264642,-0.31701826464199456,20260701,fixed_outer_fold_20260701
MEAS_R000376,C024,S01,376,376,37.9,38.9,35.1,20.0,measurement_group_1,measurement_status_1,1.0,MEAS_UNIT_000376,5,1,5,2,1,3,2,4,37.7,37.7,35.7,0.1999999999999957,-0.6000000000000014,-0.8660254037844386,0.5000000000000001,1.0,2.799999999999997,1,1,2,39.19081584484158,measured,hot,S01_C024,37.9,35.1,20.0,38.9,39.19081584484158,-0.29081584484158185,20260701,fixed_outer_fold_20260701
MEAS_R000377,C024,S01,377,377,35.4,40.4,31.9,21.0,measurement_group_1,measurement_status_1,1.0,MEAS_UNIT_000377,1,4,3,1,5,2,1,4,35.4,35.4,31.9,0.0,0.0,-0.7071067811865477,0.7071067811865474,0.8176470588235293,3.5,1,1,1,40.45240911460617,measured,hot,S01_C024,35.4,31.9,21.0,40.4,40.45240911460617,-0.052409114606170704,20260701,fixed_outer_fold_20260701
MEAS_R000378,C024,S01,378,378,36.5,38.4,33.6,21.0,measurement_group_1,measurement_status_1,1.0,MEAS_UNIT_000378,3,4,5,2,3,3,2,3,36.7,36.7,33.9,-0.2000000000000028,-0.2999999999999971,-0.7071067811865477,0.7071067811865474,0.9176470588235296,2.8999999999999986,1,1,2,38.45955659073441,measured,hot,S01_C024,36.5,33.6,21.0,38.4,38.45955659073441,-0.059556590734409554,20260701,fixed_outer_fold_20260701
MEAS_R000379,C024,S01,379,379,38.1,39.2,35.1,21.0,measurement_group_1,measurement_status_1,1.0,MEAS_UNIT_000379,5,2,1,1,2,4,3,4,37.9,37.7,35.1,0.2000000000000028,0.0,-0.7071067811865477,0.7071067811865474,1.0,3.0,1,1,1,38.86754930995655,measured,hot,S01_C024,38.1,35.1,21.0,39.2,38.86754930995655,0.3324506900434514,20260701,fixed_outer_fold_20260701
MEAS_R000380,C024,S01,380,380,35.9,41.2,32.3,22.0,measurement_group_1,measurement_status_1,1.0,MEAS_UNIT_000380,1,5,2,3,1,2,2,4,35.4,35.4,31.9,0.5,0.3999999999999986,-0.5000000000000004,0.8660254037844384,0.8411764705882351,3.6000000000000014,1,1,3,40.21461305298045,measured,hot,S01_C024,35.9,32.3,22.0,41.2,40.21461305298045,0.9853869470195562,20260701,fixed_outer_fold_20260701
MEAS_R000381,C024,S01,381,381,36.3,38.5,33.3,22.0,measurement_group_1,measurement_status_1,1.0,MEAS_UNIT_000381,3,2,1,5,5,5,3,3,36.5,36.7,33.6,-0.2000000000000028,-0.3000000000000042,-0.5000000000000004,0.8660254037844384,0.8999999999999998,3.0,1,1,5,38.46288009767405,measured,hot,S01_C024,36.3,33.3,22.0,38.5,38.46288009767405,0.03711990232594786,20260701,fixed_outer_fold_20260701
MEAS_R000382,C024,S01,382,382,35.2,40.5,30.6,23.0,measurement_group_1,measurement_status_1,1.0,MEAS_UNIT_000382,1,1,4,2,1,4,3,4,35.9,35.4,32.3,-0.6999999999999957,-1.6999999999999955,-0.2588190451025215,0.965925826289068,0.7411764705882353,4.600000000000001,1,1,2,40.43298631121702,measured,hot,S01_C024,35.2,30.6,23.0,40.5,40.43298631121702,0.06701368878297842,20260701,fixed_outer_fold_20260701
MEAS_R000383,C024,S01,383,383,34.0,40.2,28.8,24.0,measurement_group_1,measurement_status_1,1.0,MEAS_UNIT_000383,1,3,3,1,1,3,4,4,35.2,35.9,30.6,-1.2000000000000028,-1.8000000000000007,-2.4492935982947064e-16,1.0,0.6352941176470589,5.199999999999999,0,1,1,40.48882364381697,measured,moderate,S01_C024,34.0,28.8,24.0,40.2,40.48882364381697,-0.28882364381696846,20260701,fixed_outer_fold_20260701
MEAS_R000384,C001,S01,384,384,31.9,38.2,7.2,12.0,measurement_group_1,measurement_status_1,1.0,MEAS_UNIT_000384,0,2,1,1,5,3,6,18,31.9,31.3,6.8,0.0,0.4000000000000003,1.2246467991473532e-16,-1.0,0.0,24.7,0,0,1,38.18140939559403,measured,cold,S01_C001,31.9,7.2,12.0,38.2,38.18140939559403,0.018590604405972044,20260701,fixed_outer_fold_20260701
MEAS_R000385,C001,S01,385,385,30.7,38.3,11.2,16.0,measurement_group_1,measurement_status_1,1.0,MEAS_UNIT_000385,0,3,4,2,1,2,13,18,33.9,32.0,11.2,-3.1999999999999997,0.0,-0.8660254037844385,-0.5000000000000004,0.0,19.5,0,0,2,38.30818452930068,measured,cold,S01_C001,30.7,11.2,16.0,38.3,38.30818452930068,-0.008184529300685028,20260701,fixed_outer_fold_20260701
MEAS_R000386,C001,S01,386,386,32.5,38.3,12.3,17.0,measurement_group_1,measurement_status_1,1.0,MEAS_UNIT_000386,0,1,1,1,1,1,14,18,30.7,33.9,11.2,1.8000000000000007,1.1000000000000014,-0.9659258262890684,-0.2588190451025206,0.0,20.2,0,0,1,38.24709326711402,measured,cold,S01_C001,32.5,12.3,17.0,38.3,38.24709326711402,0.05290673288597958,20260701,fixed_outer_fold_20260701
MEAS_R000387,C001,S01,387,387,35.3,38.2,14.4,14.0,measurement_group_1,measurement_status_1,1.0,MEAS_UNIT_000387,0,4,1,3,2,3,10,18,31.8,33.3,8.8,3.4999999999999964,5.6,-0.4999999999999997,-0.8660254037844388,0.0,20.9,0,0,3,38.18162057066219,measured,cold,S01_C001,35.3,14.4,14.0,38.2,38.18162057066219,0.01837942933781278,20260701,fixed_outer_fold_20260701
MEAS_R000388,C002,S01,388,388,36.7,39.0,5.2,15.0,measurement_group_1,measurement_status_1,1.0,MEAS_UNIT_000388,0,5,1,4,4,5,13,17,36.0,36.2,9.1,0.7000000000000028,-3.9,-0.7071067811865471,-0.7071067811865479,0.0,31.500000000000004,0,0,4,38.99283657458808,measured,cold,S01_C002,36.7,5.2,15.0,39.0,38.99283657458808,0.007163425411917501,20260701,fixed_outer_fold_20260701
MEAS_R000389,C002,S01,389,389,34.2,39.0,4.8,12.0,measurement_group_1,measurement_status_1,1.0,MEAS_UNIT_000389,0,2,4,5,2,1,6,17,36.2,34.2,6.8,-2.0,-2.0,1.2246467991473532e-16,-1.0,0.0,29.4,0,0,5,38.94535249982505,measured,cold,S01_C002,34.2,4.8,12.0,39.0,38.94535249982505,0.05464750017495135,20260701,fixed_outer_fold_20260701
MEAS_R000390,C002,S01,390,390,33.4,39.0,11.7,12.0,measurement_group_1,measurement_status_1,1.0,MEAS_UNIT_000390,0,1,1,1,2,5,7,17,34.2,36.2,4.8,-0.8000000000000043,6.9,1.2246467991473532e-16,-1.0,0.0,21.7,0,0,1,39.05992237886976,measured,cold,S01_C002,33.4,11.7,12.0,39.0,39.05992237886976,-0.059922378869757154,20260701,fixed_outer_fold_20260701
MEAS_R000391,C002,S01,391,391,34.8,39.0,8.0,13.0,measurement_group_1,measurement_status_1,1.0,MEAS_UNIT_000391,0,3,2,2,1,1,10,17,33.9,32.8,9.3,0.8999999999999986,-1.3000000000000007,-0.2588190451025208,-0.9659258262890684,0.0,26.8,0,0,2,38.91773677637076,measured,cold,S01_C002,34.8,8.0,13.0,39.0,38.91773677637076,0.08226322362924066,20260701,fixed_outer_fold_20260701
MEAS_R000392,C003,S01,392,392,32.8,38.5,6.0,15.0,measurement_group_1,measurement_status_1,1.0,MEAS_UNIT_000392,0,3,3,2,5,2,12,17,36.4,33.9,9.1,-3.6000000000000014,-3.1,-0.7071067811865471,-0.7071067811865479,0.0,26.8,0,0,2,38.51715709362525,measured,cold,S01_C003,32.8,6.0,15.0,38.5,38.51715709362525,-0.017157093625250752,20260701,fixed_outer_fold_20260701
MEAS_R000393,C003,S01,393,393,34.1,38.6,10.9,11.0,measurement_group_1,measurement_status_1,1.0,MEAS_UNIT_000393,0,5,3,1,2,3,3,17,33.3,31.4,6.1,0.8000000000000043,4.800000000000001,0.258819045102521,-0.9659258262890682,0.0,23.200000000000003,0,0,1,38.57414735616872,measured,cold,S01_C003,34.1,10.9,11.0,38.6,38.57414735616872,0.0258526438312785,20260701,fixed_outer_fold_20260701
MEAS_R000394,C003,S01,394,394,32.9,38.5,6.4,15.0,measurement_group_1,measurement_status_1,1.0,MEAS_UNIT_000394,0,4,1,5,5,4,13,17,32.8,36.4,6.0,0.1000000000000014,0.4000000000000003,-0.7071067811865471,-0.7071067811865479,0.0,26.5,0,0,5,38.46947818480555,measured,cold,S01_C003,32.9,6.4,15.0,38.5,38.46947818480555,0.0305218151944473,20260701,fixed_outer_fold_20260701
MEAS_R000395,C003,S01,395,395,32.0,38.5,8.0,12.0,measurement_group_1,measurement_status_1,1.0,MEAS_UNIT_000395,0,5,1,2,2,3,6,17,33.6,31.8,6.8,-1.6000000000000014,1.2000000000000002,1.2246467991473532e-16,-1.0,0.0,24.0,0,0,2,38.52484970922801,measured,cold,S01_C003,32.0,8.0,12.0,38.5,38.52484970922801,-0.024849709228007555,20260701,fixed_outer_fold_20260701
MEAS_R000396,C003,S01,396,396,34.7,38.6,10.4,16.0,measurement_group_1,measurement_status_1,1.0,MEAS_UNIT_000396,0,1,1,4,1,5,14,17,32.9,32.8,6.4,1.8000000000000045,4.0,-0.8660254037844385,-0.5000000000000004,0.0,24.300000000000004,0,0,4,38.5494189557014,measured,cold,S01_C003,34.7,10.4,16.0,38.6,38.5494189557014,0.05058104429860322,20260701,fixed_outer_fold_20260701
MEAS_R000397,C004,S01,397,397,29.6,37.6,4.9,23.0,measurement_group_1,measurement_status_1,1.0,MEAS_UNIT_000397,0,2,4,1,4,3,16,17,30.1,30.9,9.5,-0.5,-4.6,-0.2588190451025215,0.965925826289068,0.0,24.700000000000003,0,1,1,37.6676356273418,measured,cold,S01_C004,29.6,4.9,23.0,37.6,37.6676356273418,-0.06763562734180084,20260701,fixed_outer_fold_20260701
MEAS_R000398,C004,S01,398,398,30.9,37.7,3.0,20.0,measurement_group_1,measurement_status_1,1.0,MEAS_UNIT_000398,0,1,3,1,1,4,14,17,30.6,34.3,4.5,0.2999999999999971,-1.5,-0.8660254037844386,0.5000000000000001,0.0,27.9,0,1,1,37.70381956018333,measured,cold,S01_C004,30.9,3.0,20.0,37.7,37.70381956018333,-0.0038195601833237447,20260701,fixed_outer_fold_20260701
MEAS_R000399,C004,S01,399,399,28.8,37.7,2.9,23.0,measurement_group_1,measurement_status_1,1.0,MEAS_UNIT_000399,0,1,4,2,4,5,17,17,29.6,30.1,4.9,-0.8000000000000007,-2.0000000000000004,-0.2588190451025215,0.965925826289068,0.0,25.9,0,1,2,37.63292630920245,measured,cold,S01_C004,28.8,2.9,23.0,37.7,37.63292630920245,0.06707369079754955,20260701,fixed_outer_fold_20260701
MEAS_R000400,C004,S01,400,400,27.6,37.5,7.5,13.0,measurement_group_1,measurement_status_1,1.0,MEAS_UNIT_000400,0,4,3,4,2,5,10,17,31.0,31.1,8.6,-3.3999999999999986,-1.0999999999999996,-0.2588190451025208,-0.9659258262890684,0.0,20.1,0,0,4,37.57947884341691,measured,cold,S01_C004,27.6,7.5,13.0,37.5,37.57947884341691,-0.07947884341690781,20260701,fixed_outer_fold_20260701
MEAS_R000401,C004,S01,401,401,32.1,37.6,7.6,8.0,measurement_group_1,measurement_status_1,1.0,MEAS_UNIT_000401,0,5,2,2,3,2,2,17,28.8,28.8,7.9,3.3000000000000007,-0.3000000000000007,0.8660254037844387,-0.4999999999999998,0.0,24.5,0,0,2,37.70199435111227,measured,cold,S01_C004,32.1,7.6,8.0,37.6,37.70199435111227,-0.10199435111226762,20260701,fixed_outer_fold_20260701
MEAS_R000402,C005,S01,402,402,31.1,37.8,21.0,0.0,measurement_group_1,measurement_status_1,1.0,MEAS_UNIT_000402,1,5,3,5,3,4,2,6,34.0,34.0,27.5,-2.8999999999999986,-6.5,0.0,1.0,0.1764705882352941,10.1,0,1,5,37.80823038668515,measured,moderate,S01_C005,31.1,21.0,0.0,37.8,37.80823038668515,-0.008230386685156077,20260701,fixed_outer_fold_20260701
MEAS_R000403,C005,S01,403,403,35.8,37.7,28.9,15.0,measurement_group_1,measurement_status_1,1.0,MEAS_UNIT_000403,2,5,3,2,5,5,4,5,36.0,39.1,31.3,-0.2000000000000028,-2.400000000000002,-0.7071067811865471,-0.7071067811865479,0.6411764705882352,6.899999999999999,0,0,2,37.79365771662938,measured,moderate,S01_C005,35.8,28.9,15.0,37.7,37.79365771662938,-0.09365771662938016,20260701,fixed_outer_fold_20260701
MEAS_R000404,C005,S01,404,404,36.5,37.9,34.0,16.0,measurement_group_1,measurement_status_1,1.0,MEAS_UNIT_000404,4,1,5,4,1,2,2,3,35.4,35.4,31.0,1.1000000000000014,3.0,-0.8660254037844385,-0.5000000000000004,0.9411764705882352,2.5,1,0,4,37.91751373695568,measured,hot,S01_C005,36.5,34.0,16.0,37.9,37.91751373695568,-0.017513736955677928,20260701,fixed_outer_fold_20260701
MEAS_R000405,C005,S01,405,405,36.3,37.7,32.3,17.0,measurement_group_1,measurement_status_1,1.0,MEAS_UNIT_000405,2,2,4,5,2,1,5,5,35.8,36.0,28.9,0.5,3.3999999999999986,-0.9659258262890684,-0.2588190451025206,0.8411764705882351,4.0,1,0,5,37.78669975476072,measured,hot,S01_C005,36.3,32.3,17.0,37.7,37.78669975476072,-0.08669975476071556,20260701,fixed_outer_fold_20260701
MEAS_R000406,C006,S01,406,406,33.4,39.5,30.1,23.0,measurement_group_1,measurement_status_1,1.0,MEAS_UNIT_000406,1,5,5,1,1,4,6,7,33.3,34.0,28.0,0.1000000000000014,2.1000000000000014,-0.2588190451025215,0.965925826289068,0.7117647058823531,3.299999999999997,1,1,1,39.55564924204278,measured,hot,S01_C006,33.4,30.1,23.0,39.5,39.55564924204278,-0.05564924204278299,20260701,fixed_outer_fold_20260701
MEAS_R000407,C006,S01,407,407,29.3,39.6,25.1,4.0,measurement_group_1,measurement_status_1,1.0,MEAS_UNIT_000407,1,3,4,2,2,3,2,7,30.1,30.1,23.5,-0.8000000000000007,1.6000000000000014,0.8660254037844386,0.5000000000000001,0.4176470588235295,4.199999999999999,0,1,2,39.59503282066812,measured,moderate,S01_C006,29.3,25.1,4.0,39.6,39.59503282066812,0.004967179331877958,20260701,fixed_outer_fold_20260701
MEAS_R000408,C006,S01,408,408,34.6,39.4,33.0,11.0,measurement_group_1,measurement_status_1,1.0,MEAS_UNIT_000408,2,1,1,5,2,4,1,4,34.6,34.6,33.0,0.0,0.0,0.258819045102521,-0.9659258262890682,0.8823529411764706,1.6000000000000014,1,0,5,39.427027397921705,measured,hot,S01_C006,34.6,33.0,11.0,39.4,39.427027397921705,-0.02702739792170661,20260701,fixed_outer_fold_20260701
MEAS_R000409,C006,S01,409,409,34.7,38.7,33.3,15.0,measurement_group_1,measurement_status_1,1.0,MEAS_UNIT_000409,4,2,2,1,1,1,3,3,37.4,35.8,36.1,-2.699999999999996,-2.8000000000000043,-0.7071067811865471,-0.7071067811865479,0.8999999999999998,1.4000000000000057,1,0,1,38.67456975974314,measured,hot,S01_C006,34.7,33.3,15.0,38.7,38.67456975974314,0.025430240256859804,20260701,fixed_outer_fold_20260701
MEAS_R000410,C008,S01,410,410,34.2,38.2,6.0,2.0,measurement_group_1,measurement_status_1,1.0,MEAS_UNIT_000410,0,5,2,1,5,4,3,17,33.9,33.6,7.9,0.3000000000000042,-1.9000000000000004,0.4999999999999999,0.8660254037844387,0.0,28.200000000000003,0,1,1,38.16564857941299,measured,cold,S01_C008,34.2,6.0,2.0,38.2,38.16564857941299,0.034351420587015014,20260701,fixed_outer_fold_20260701
MEAS_R000411,C008,S01,411,411,33.9,38.2,7.9,1.0,measurement_group_1,measurement_status_1,1.0,MEAS_UNIT_000411,0,5,3,2,2,2,2,17,33.6,33.6,7.9,0.2999999999999971,0.0,0.2588190451025207,0.9659258262890684,0.0,26.0,0,1,2,38.186264920888576,measured,cold,S01_C008,33.9,7.9,1.0,38.2,38.186264920888576,0.01373507911142724,20260701,fixed_outer_fold_20260701
MEAS_R000412,C008,S01,412,412,30.1,38.1,7.6,9.0,measurement_group_1,measurement_status_1,1.0,MEAS_UNIT_000412,0,2,5,4,5,4,5,17,32.1,34.2,6.5,-2.0,1.0999999999999996,0.7071067811865476,-0.7071067811865475,0.0,22.5,0,0,4,38.115980927836056,measured,cold,S01_C008,30.1,7.6,9.0,38.1,38.115980927836056,-0.015980927836054093,20260701,fixed_outer_fold_20260701
MEAS_R000413,C008,S01,413,413,33.5,38.1,7.5,10.0,measurement_group_1,measurement_status_1,1.0,MEAS_UNIT_000413,0,5,1,4,2,2,7,17,34.3,30.1,10.8,-0.7999999999999972,-3.3000000000000007,0.4999999999999999,-0.8660254037844387,0.0,26.0,0,0,4,38.12647606503357,measured,cold,S01_C008,33.5,7.5,10.0,38.1,38.12647606503357,-0.02647606503357025,20260701,fixed_outer_fold_20260701
MEAS_R000414,C008,S01,414,414,33.2,38.2,8.4,15.0,measurement_group_1,measurement_status_1,1.0,MEAS_UNIT_000414,0,4,4,5,1,3,12,17,31.2,33.3,4.6,2.000000000000004,3.8000000000000007,-0.7071067811865471,-0.7071067811865479,0.0,24.800000000000004,0,0,5,38.155850022163904,measured,cold,S01_C008,33.2,8.4,15.0,38.2,38.155850022163904,0.0441499778360992,20260701,fixed_outer_fold_20260701
MEAS_R000415,C009,S01,415,415,35.9,39.7,33.8,18.0,measurement_group_1,measurement_status_1,1.0,MEAS_UNIT_000415,5,5,2,1,2,2,1,2,35.9,35.9,33.8,0.0,0.0,-1.0,-1.8369701987210294e-16,0.9294117647058822,2.1000000000000014,1,0,1,39.74355356602793,measured,hot,S01_C009,35.9,33.8,18.0,39.7,39.74355356602793,-0.04355356602792426,20260701,fixed_outer_fold_20260701
MEAS_R000416,C009,S01,416,416,34.8,40.4,27.3,22.0,measurement_group_1,measurement_status_1,1.0,MEAS_UNIT_000416,1,1,3,3,5,4,4,7,36.4,35.7,32.3,-1.6000000000000014,-4.9999999999999964,-0.5000000000000004,0.8660254037844384,0.5470588235294118,7.4999999999999964,0,1,3,40.37315381150097,measured,moderate,S01_C009,34.8,27.3,22.0,40.4,40.37315381150097,0.026846188499028756,20260701,fixed_outer_fold_20260701
MEAS_R000417,C009,S01,417,417,35.7,40.4,32.0,2.0,measurement_group_1,measurement_status_1,1.0,MEAS_UNIT_000417,1,5,1,3,4,5,2,7,32.1,32.1,23.6,3.6000000000000014,8.399999999999999,0.4999999999999999,0.8660254037844387,0.8235294117647058,3.700000000000003,1,1,3,40.356501639990654,measured,hot,S01_C009,35.7,32.0,2.0,40.4,40.356501639990654,0.043498360009344594,20260701,fixed_outer_fold_20260701
MEAS_R000418,C009,S01,418,418,32.6,40.5,22.0,23.0,measurement_group_1,measurement_status_1,1.0,MEAS_UNIT_000418,1,2,5,4,1,4,6,7,33.4,34.8,26.5,-0.7999999999999972,-4.5,-0.2588190451025215,0.965925826289068,0.2352941176470588,10.6,0,1,4,40.59685853857224,measured,moderate,S01_C009,32.6,22.0,23.0,40.5,40.59685853857224,-0.09685853857224203,20260701,fixed_outer_fold_20260701
MEAS_R000419,C009,S01,419,419,35.6,39.6,31.7,16.0,measurement_group_1,measurement_status_1,1.0,MEAS_UNIT_000419,4,1,1,5,3,1,3,4,39.3,36.1,38.8,-3.699999999999996,-7.099999999999998,-0.8660254037844385,-0.5000000000000004,0.8058823529411764,3.900000000000002,1,0,5,39.4918980433399,measured,hot,S01_C009,35.6,31.7,16.0,39.6,39.4918980433399,0.10810195666010003,20260701,fixed_outer_fold_20260701
MEAS_R000420,C009,S01,420,420,36.1,39.6,32.2,16.0,measurement_group_1,measurement_status_1,1.0,MEAS_UNIT_000420,2,4,4,4,2,2,2,2,37.2,37.2,35.4,-1.1000000000000014,-3.199999999999996,-0.8660254037844385,-0.5000000000000004,0.835294117647059,3.899999999999999,1,0,4,39.57412244887339,measured,hot,S01_C009,36.1,32.2,16.0,39.6,39.57412244887339,0.025877551126612275,20260701,fixed_outer_fold_20260701
MEAS_R000421,C009,S01,421,421,39.8,39.5,40.4,18.0,measurement_group_1,measurement_status_1,1.0,MEAS_UNIT_000421,4,1,3,1,1,3,4,4,35.6,39.3,31.7,4.199999999999996,8.7,-1.0,-1.8369701987210294e-16,1.0,-0.6000000000000014,1,0,1,39.56726081299396,measured,hot,S01_C009,39.8,40.4,18.0,39.5,39.56726081299396,-0.06726081299395759,20260701,fixed_outer_fold_20260701
MEAS_R000422,C009,S01,422,422,36.9,39.7,32.0,18.0,measurement_group_1,measurement_status_1,1.0,MEAS_UNIT_000422,3,1,4,2,3,1,1,2,36.9,36.9,32.0,0.0,0.0,-1.0,-1.8369701987210294e-16,0.8235294117647058,4.899999999999999,1,0,2,39.673553716670696,measured,hot,S01_C009,36.9,32.0,18.0,39.7,39.673553716670696,0.026446283329306652,20260701,fixed_outer_fold_20260701
MEAS_R000423,C010,S01,423,423,34.0,38.7,28.2,21.0,measurement_group_1,measurement_status_1,1.0,MEAS_UNIT_000423,1,4,4,1,2,3,3,4,37.3,35.0,31.9,-3.299999999999997,-3.6999999999999993,-0.7071067811865477,0.7071067811865474,0.6,5.800000000000001,0,1,1,38.73485302433805,measured,moderate,S01_C010,34.0,28.2,21.0,38.7,38.73485302433805,-0.034853024338048044,20260701,fixed_outer_fold_20260701
MEAS_R000424,C010,S01,424,424,35.9,38.6,32.6,19.0,measurement_group_1,measurement_status_1,1.0,MEAS_UNIT_000424,5,1,3,5,5,3,3,4,37.2,37.3,33.7,-1.3000000000000045,-1.1000000000000014,-0.9659258262890684,0.2588190451025203,0.8588235294117648,3.299999999999997,1,0,5,38.603813328673866,measured,hot,S01_C010,35.9,32.6,19.0,38.6,38.603813328673866,-0.0038133286738641914,20260701,fixed_outer_fold_20260701
MEAS_R000425,C010,S01,425,425,36.2,38.8,31.3,21.0,measurement_group_1,measurement_status_1,1.0,MEAS_UNIT_000425,3,1,1,5,1,3,1,2,36.2,36.2,31.3,0.0,0.0,-0.7071067811865477,0.7071067811865474,0.7823529411764706,4.900000000000002,1,1,5,38.70990509858388,measured,hot,S01_C010,36.2,31.3,21.0,38.8,38.70990509858388,0.09009490141611565,20260701,fixed_outer_fold_20260701
MEAS_R000426,C010,S01,426,426,34.5,38.7,30.1,21.0,measurement_group_1,measurement_status_1,1.0,MEAS_UNIT_000426,1,5,2,1,4,3,4,4,34.0,37.3,28.2,0.5,1.900000000000002,-0.7071067811865477,0.7071067811865474,0.7117647058823531,4.399999999999999,1,1,1,38.70867209866573,measured,hot,S01_C010,34.5,30.1,21.0,38.7,38.70867209866573,-0.008672098665726935,20260701,fixed_outer_fold_20260701
MEAS_R000427,C011,S01,427,427,31.2,38.3,14.2,1.0,measurement_group_1,measurement_status_1,1.0,MEAS_UNIT_000427,0,5,2,1,4,4,1,17,31.2,31.2,14.2,0.0,0.0,0.2588190451025207,0.9659258262890684,0.0,17.0,0,1,1,38.32403914776832,measured,cold,S01_C011,31.2,14.2,1.0,38.3,38.32403914776832,-0.02403914776832039,20260701,fixed_outer_fold_20260701
MEAS_R000428,C011,S01,428,428,29.5,38.3,11.7,21.0,measurement_group_1,measurement_status_1,1.0,MEAS_UNIT_000428,0,5,3,5,1,1,13,17,30.2,30.8,13.4,-0.6999999999999993,-1.700000000000001,-0.7071067811865477,0.7071067811865474,0.0,17.8,0,1,5,38.37608793083295,measured,cold,S01_C011,29.5,11.7,21.0,38.3,38.37608793083295,-0.07608793083295495,20260701,fixed_outer_fold_20260701
MEAS_R000429,C011,S01,429,429,31.1,38.4,8.5,23.0,measurement_group_1,measurement_status_1,1.0,MEAS_UNIT_000429,0,4,3,3,3,3,16,17,30.6,30.7,10.9,0.5,-2.4000000000000004,-0.2588190451025215,0.965925826289068,0.0,22.6,0,1,3,38.371405106334194,measured,cold,S01_C011,31.1,8.5,23.0,38.4,38.371405106334194,0.028594893665804477,20260701,fixed_outer_fold_20260701
MEAS_R000430,C011,S01,430,430,27.7,38.1,9.9,12.0,measurement_group_1,measurement_status_1,1.0,MEAS_UNIT_000430,0,3,1,1,4,2,6,17,30.2,29.1,16.0,-2.5,-6.1,1.2246467991473532e-16,-1.0,0.0,17.799999999999997,0,0,1,38.11946517318975,measured,cold,S01_C011,27.7,9.9,12.0,38.1,38.11946517318975,-0.01946517318975083,20260701,fixed_outer_fold_20260701
MEAS_R000431,C011,S01,431,431,29.1,38.2,16.8,11.0,measurement_group_1,measurement_status_1,1.0,MEAS_UNIT_000431,0,5,2,2,2,3,4,17,28.2,30.0,13.1,0.9000000000000021,3.700000000000001,0.258819045102521,-0.9659258262890682,0.0,12.3,0,0,2,38.24671831100636,measured,cold,S01_C011,29.1,16.8,11.0,38.2,38.24671831100636,-0.046718311006358704,20260701,fixed_outer_fold_20260701
MEAS_R000432,C011,S01,432,432,30.0,38.2,19.1,10.0,measurement_group_1,measurement_status_1,1.0,MEAS_UNIT_000432,0,2,4,2,1,1,2,17,31.2,31.2,14.2,-1.1999999999999993,4.900000000000002,0.4999999999999999,-0.8660254037844387,0.0647058823529412,10.9,0,0,2,38.285900476630125,measured,moderate,S01_C011,30.0,19.1,10.0,38.2,38.285900476630125,-0.08590047663012257,20260701,fixed_outer_fold_20260701
MEAS_R000433,C011,S01,433,433,30.8,38.1,20.0,15.0,measurement_group_1,measurement_status_1,1.0,MEAS_UNIT_000433,0,1,5,4,2,4,11,17,32.6,34.0,22.0,-1.8000000000000007,-2.0,-0.7071067811865471,-0.7071067811865479,0.1176470588235294,10.8,0,0,4,38.10666631847116,measured,moderate,S01_C011,30.8,20.0,15.0,38.1,38.10666631847116,-0.006666318471161503,20260701,fixed_outer_fold_20260701
MEAS_R000434,C011,S01,434,434,34.0,38.1,24.4,14.0,measurement_group_1,measurement_status_1,1.0,MEAS_UNIT_000434,0,2,4,3,3,5,9,17,31.9,30.8,20.8,2.1000000000000014,3.599999999999998,-0.4999999999999997,-0.8660254037844388,0.376470588235294,9.6,0,0,3,38.11613663898056,measured,moderate,S01_C011,34.0,24.4,14.0,38.1,38.11613663898056,-0.016136638980555063,20260701,fixed_outer_fold_20260701
MEAS_R000435,C012,S01,435,435,37.1,39.5,35.2,20.0,measurement_group_1,measurement_status_1,1.0,MEAS_UNIT_000435,5,2,4,3,1,2,3,4,37.7,38.9,36.2,-0.6000000000000014,-1.0,-0.8660254037844386,0.5000000000000001,1.0,1.8999999999999984,1,1,3,39.51755819758436,measured,hot,S01_C012,37.1,35.2,20.0,39.5,39.51755819758436,-0.01755819758435706,20260701,fixed_outer_fold_20260701
MEAS_R000436,C012,S01,436,436,35.7,40.2,31.9,19.0,measurement_group_1,measurement_status_1,1.0,MEAS_UNIT_000436,1,4,4,2,1,2,2,6,34.1,34.1,30.2,1.6000000000000014,1.6999999999999993,-0.9659258262890684,0.2588190451025203,0.8176470588235293,3.800000000000004,1,0,2,40.32785108474197,measured,hot,S01_C012,35.7,31.9,19.0,40.2,40.32785108474197,-0.1278510847419696,20260701,fixed_outer_fold_20260701
MEAS_R000437,C012,S01,437,437,35.5,40.3,35.9,20.0,measurement_group_1,measurement_status_1,1.0,MEAS_UNIT_000437,1,5,5,1,4,2,3,6,35.7,34.1,31.9,-0.2000000000000028,4.0,-0.8660254037844386,0.5000000000000001,1.0,-0.3999999999999986,1,1,1,40.30226367274688,measured,hot,S01_C012,35.5,35.9,20.0,40.3,40.30226367274688,-0.0022636727468849926,20260701,fixed_outer_fold_20260701
MEAS_R000438,C012,S01,438,438,32.7,40.4,27.0,23.0,measurement_group_1,measurement_status_1,1.0,MEAS_UNIT_000438,1,5,1,4,5,3,6,6,35.0,36.2,32.7,-2.299999999999997,-5.700000000000003,-0.2588190451025215,0.965925826289068,0.5294117647058824,5.700000000000003,0,1,4,40.43541899862439,measured,moderate,S01_C012,32.7,27.0,23.0,40.4,40.43541899862439,-0.035418998624393794,20260701,fixed_outer_fold_20260701
MEAS_R000439,C013,S01,439,439,35.3,39.0,30.5,18.0,measurement_group_1,measurement_status_1,1.0,MEAS_UNIT_000439,5,5,2,1,4,5,1,2,35.3,35.3,30.5,0.0,0.0,-1.0,-1.8369701987210294e-16,0.7352941176470589,4.799999999999997,1,0,1,39.00446880790816,measured,hot,S01_C013,35.3,30.5,18.0,39.0,39.00446880790816,-0.004468807908160954,20260701,fixed_outer_fold_20260701
MEAS_R000440,C013,S01,440,440,34.0,39.1,31.3,22.0,measurement_group_1,measurement_status_1,1.0,MEAS_UNIT_000440,1,1,2,5,3,4,7,10,33.8,34.6,27.6,0.2000000000000028,3.6999999999999993,-0.5000000000000004,0.8660254037844384,0.7823529411764706,2.6999999999999997,1,1,5,39.11914154414898,measured,hot,S01_C013,34.0,31.3,22.0,39.1,39.11914154414898,-0.019141544148979506,20260701,fixed_outer_fold_20260701
MEAS_R000441,C013,S01,441,441,35.3,38.7,31.4,22.0,measurement_group_1,measurement_status_1,1.0,MEAS_UNIT_000441,3,2,3,2,4,3,3,3,34.8,34.8,29.8,0.5,1.599999999999998,-0.5000000000000004,0.8660254037844384,0.7882352941176469,3.899999999999999,1,1,2,38.72480346615156,measured,hot,S01_C013,35.3,31.4,22.0,38.7,38.72480346615156,-0.02480346615156037,20260701,fixed_outer_fold_20260701
MEAS_R000442,C013,S01,442,442,34.6,39.1,29.2,21.0,measurement_group_1,measurement_status_1,1.0,MEAS_UNIT_000442,1,2,5,3,2,1,5,10,34.5,28.5,29.7,0.1000000000000014,-0.5,-0.7071067811865477,0.7071067811865474,0.6588235294117647,5.400000000000002,0,1,3,39.07834162431845,measured,moderate,S01_C013,34.6,29.2,21.0,39.1,39.07834162431845,0.02165837568155382,20260701,fixed_outer_fold_20260701
MEAS_R000443,C013,S01,443,443,34.4,39.1,24.9,2.0,measurement_group_1,measurement_status_1,1.0,MEAS_UNIT_000443,1,1,3,4,1,3,2,10,29.3,29.3,20.6,5.099999999999998,4.299999999999997,0.4999999999999999,0.8660254037844387,0.4058823529411763,9.5,0,1,4,39.14336838132474,measured,moderate,S01_C013,34.4,24.9,2.0,39.1,39.14336838132474,-0.04336838132473986,20260701,fixed_outer_fold_20260701
MEAS_R000444,C013,S01,444,444,34.1,39.1,22.9,22.0,measurement_group_1,measurement_status_1,1.0,MEAS_UNIT_000444,1,5,4,1,5,1,8,10,34.0,33.8,31.3,0.1000000000000014,-8.400000000000002,-0.5000000000000004,0.8660254037844384,0.288235294117647,11.200000000000005,0,1,1,39.12080004016449,measured,moderate,S01_C013,34.1,22.9,22.0,39.1,39.12080004016449,-0.02080004016448811,20260701,fixed_outer_fold_20260701
MEAS_R000445,C013,S01,445,445,28.5,39.1,18.2,4.0,measurement_group_1,measurement_status_1,1.0,MEAS_UNIT_000445,1,3,1,2,3,5,3,10,34.4,29.3,24.9,-5.899999999999999,-6.699999999999999,0.8660254037844386,0.5000000000000001,0.0117647058823529,10.3,0,1,2,39.07915613695136,measured,moderate,S01_C013,28.5,18.2,4.0,39.1,39.07915613695136,0.020843863048639832,20260701,fixed_outer_fold_20260701
MEAS_R000446,C014,S01,446,446,29.6,38.0,8.2,13.0,measurement_group_1,measurement_status_1,1.0,MEAS_UNIT_000446,0,5,4,5,2,1,11,17,32.7,30.8,9.3,-3.1000000000000014,-1.1000000000000014,-0.2588190451025208,-0.9659258262890684,0.0,21.4,0,0,5,37.96373661744963,measured,cold,S01_C014,29.6,8.2,13.0,38.0,37.96373661744963,0.036263382550373535,20260701,fixed_outer_fold_20260701
MEAS_R000447,C014,S01,447,447,30.5,38.3,7.7,9.0,measurement_group_1,measurement_status_1,1.0,MEAS_UNIT_000447,0,2,5,2,4,3,2,17,28.2,28.2,5.4,2.3000000000000007,2.3,0.7071067811865476,-0.7071067811865475,0.0,22.8,0,0,2,38.371639901658405,measured,cold,S01_C014,30.5,7.7,9.0,38.3,38.371639901658405,-0.07163990165840772,20260701,fixed_outer_fold_20260701
MEAS_R000448,C014,S01,448,448,33.0,38.3,3.6,10.0,measurement_group_1,measurement_status_1,1.0,MEAS_UNIT_000448,0,4,1,1,2,2,3,17,30.5,28.2,7.7,2.5,-4.1,0.4999999999999999,-0.8660254037844387,0.0,29.4,0,0,1,38.37323457162373,measured,cold,S01_C014,33.0,3.6,10.0,38.3,38.37323457162373,-0.07323457162373614,20260701,fixed_outer_fold_20260701
MEAS_R000449,C014,S01,449,449,32.8,38.3,6.1,10.0,measurement_group_1,measurement_status_1,1.0,MEAS_UNIT_000449,0,3,2,5,1,3,4,17,33.0,30.5,3.6,-0.2000000000000028,2.5,0.4999999999999999,-0.8660254037844387,0.0,26.7,0,0,5,38.28043804022599,measured,cold,S01_C014,32.8,6.1,10.0,38.3,38.28043804022599,0.019561959774009097,20260701,fixed_outer_fold_20260701
MEAS_R000450,C016,S01,450,450,34.3,38.6,9.9,16.0,measurement_group_1,measurement_status_1,1.0,MEAS_UNIT_000450,0,2,3,3,1,4,11,17,33.2,33.0,9.1,1.0999999999999943,0.8000000000000007,-0.8660254037844385,-0.5000000000000004,0.0,24.4,0,0,3,38.59686351005945,measured,cold,S01_C016,34.3,9.9,16.0,38.6,38.59686351005945,0.003136489940551712,20260701,fixed_outer_fold_20260701
MEAS_R000451,C016,S01,451,451,33.5,38.7,5.8,17.0,measurement_group_1,measurement_status_1,1.0,MEAS_UNIT_000451,0,5,1,1,4,2,12,17,34.3,33.2,9.9,-0.7999999999999972,-4.1000000000000005,-0.9659258262890684,-0.2588190451025206,0.0,27.7,0,0,1,38.666109223801605,measured,cold,S01_C016,33.5,5.8,17.0,38.7,38.666109223801605,0.03389077619839753,20260701,fixed_outer_fold_20260701
MEAS_R000452,C016,S01,452,452,30.6,38.7,2.8,0.0,measurement_group_1,measurement_status_1,1.0,MEAS_UNIT_000452,0,5,2,1,5,3,2,17,28.7,28.7,5.4,1.900000000000002,-2.6000000000000005,0.0,1.0,0.0,27.8,0,1,1,38.728651828571046,measured,cold,S01_C016,30.6,2.8,0.0,38.7,38.728651828571046,-0.02865182857104287,20260701,fixed_outer_fold_20260701
MEAS_R000453,C016,S01,453,453,31.0,38.8,2.3,20.0,measurement_group_1,measurement_status_1,1.0,MEAS_UNIT_000453,0,2,2,2,3,1,14,17,32.1,33.5,9.0,-1.1000000000000014,-6.7,-0.8660254037844386,0.5000000000000001,0.0,28.7,0,1,2,38.78411707531313,measured,cold,S01_C016,31.0,2.3,20.0,38.8,38.78411707531313,0.01588292468687058,20260701,fixed_outer_fold_20260701
MEAS_R000454,C016,S01,454,454,27.6,38.7,7.0,23.0,measurement_group_1,measurement_status_1,1.0,MEAS_UNIT_000454,0,2,3,4,1,5,17,17,31.8,31.1,5.5,-4.199999999999999,1.5,-0.2588190451025215,0.965925826289068,0.0,20.6,0,1,4,38.69431261818576,measured,cold,S01_C016,27.6,7.0,23.0,38.7,38.69431261818576,0.005687381814240666,20260701,fixed_outer_fold_20260701
MEAS_R000455,C016,S01,455,455,31.0,38.7,4.5,9.0,measurement_group_1,measurement_status_1,1.0,MEAS_UNIT_000455,0,4,5,3,3,1,3,17,30.6,28.7,2.8,0.3999999999999986,1.7000000000000002,0.7071067811865476,-0.7071067811865475,0.0,26.5,0,0,3,38.67985435140842,measured,cold,S01_C016,31.0,4.5,9.0,38.7,38.67985435140842,0.020145648591579857,20260701,fixed_outer_fold_20260701
MEAS_R000456,C016,S01,456,456,31.1,38.8,4.5,9.0,measurement_group_1,measurement_status_1,1.0,MEAS_UNIT_000456,0,3,4,4,2,4,4,17,31.0,30.6,4.5,0.1000000000000014,0.0,0.7071067811865476,-0.7071067811865475,0.0,26.6,0,0,4,38.82201720133478,measured,cold,S01_C016,31.1,4.5,9.0,38.8,38.82201720133478,-0.022017201334783465,20260701,fixed_outer_fold_20260701
MEAS_R000457,C016,S01,457,457,30.8,38.6,11.7,12.0,measurement_group_1,measurement_status_1,1.0,MEAS_UNIT_000457,0,1,4,5,2,3,7,17,32.2,31.8,6.9,-1.400000000000002,4.799999999999999,1.2246467991473532e-16,-1.0,0.0,19.1,0,0,5,38.52589138590768,measured,cold,S01_C016,30.8,11.7,12.0,38.6,38.52589138590768,0.07410861409232439,20260701,fixed_outer_fold_20260701
MEAS_R000458,C017,S01,458,458,35.0,39.0,36.3,15.0,measurement_group_1,measurement_status_1,1.0,MEAS_UNIT_000458,2,1,2,1,4,5,3,3,36.1,31.5,33.9,-1.1000000000000014,2.3999999999999986,-0.7071067811865471,-0.7071067811865479,1.0,-1.2999999999999972,1,0,1,39.02590496817541,measured,hot,S01_C017,35.0,36.3,15.0,39.0,39.02590496817541,-0.02590496817541066,20260701,fixed_outer_fold_20260701
MEAS_R000459,C017,S01,459,459,39.3,39.4,40.9,16.0,measurement_group_1,measurement_status_1,1.0,MEAS_UNIT_000459,4,5,5,2,1,3,3,3,38.2,38.1,37.7,1.0999999999999943,3.199999999999996,-0.8660254037844385,-0.5000000000000004,1.0,-1.6000000000000014,1,0,2,39.40423543189708,measured,hot,S01_C017,39.3,40.9,16.0,39.4,39.40423543189708,-0.0042354318970794225,20260701,fixed_outer_fold_20260701
MEAS_R000460,C018,S01,460,460,30.7,38.8,2.9,3.0,measurement_group_1,measurement_status_1,1.0,MEAS_UNIT_000460,0,3,2,2,3,5,4,17,30.4,34.1,3.9,0.3000000000000007,-1.0,0.7071067811865476,0.7071067811865476,0.0,27.8,0,1,2,38.78512075143416,measured,cold,S01_C018,30.7,2.9,3.0,38.8,38.78512075143416,0.014879248565840442,20260701,fixed_outer_fold_20260701
MEAS_R000461,C018,S01,461,461,32.7,38.8,4.6,9.0,measurement_group_1,measurement_status_1,1.0,MEAS_UNIT_000461,0,2,2,5,1,1,8,17,32.6,30.8,5.3,0.1000000000000014,-0.7000000000000002,0.7071067811865476,-0.7071067811865475,0.0,28.1,0,0,5,38.7852170188762,measured,cold,S01_C018,32.7,4.6,9.0,38.8,38.7852170188762,0.014782981123794059,20260701,fixed_outer_fold_20260701
MEAS_R000462,C018,S01,462,462,32.5,38.8,5.4,14.0,measurement_group_1,measurement_status_1,1.0,MEAS_UNIT_000462,0,3,1,1,2,5,11,17,32.7,32.9,11.7,-0.2000000000000028,-6.299999999999999,-0.4999999999999997,-0.8660254037844388,0.0,27.1,0,0,1,38.70473367385124,measured,cold,S01_C018,32.5,5.4,14.0,38.8,38.70473367385124,0.09526632614876007,20260701,fixed_outer_fold_20260701
MEAS_R000463,C018,S01,463,463,34.0,38.8,6.3,15.0,measurement_group_1,measurement_status_1,1.0,MEAS_UNIT_000463,0,2,5,1,2,4,13,17,32.9,32.5,8.8,1.1000000000000014,-2.500000000000001,-0.7071067811865471,-0.7071067811865479,0.0,27.7,0,0,1,38.72425994293364,measured,cold,S01_C018,34.0,6.3,15.0,38.8,38.72425994293364,0.0757400570663549,20260701,fixed_outer_fold_20260701
MEAS_R000464,C018,S01,464,464,33.0,38.8,8.8,15.0,measurement_group_1,measurement_status_1,1.0,MEAS_UNIT_000464,0,1,4,2,5,1,14,17,34.0,32.9,6.3,-1.0,2.500000000000001,-0.7071067811865471,-0.7071067811865479,0.0,24.2,0,0,2,38.76094636630229,measured,cold,S01_C018,33.0,8.8,15.0,38.8,38.76094636630229,0.03905363369770498,20260701,fixed_outer_fold_20260701
MEAS_R000465,C019,S01,465,465,36.8,39.4,31.3,21.0,measurement_group_1,measurement_status_1,1.0,MEAS_UNIT_000465,3,2,4,3,3,5,2,2,35.4,35.4,34.3,1.3999999999999986,-2.9999999999999964,-0.7071067811865477,0.7071067811865474,0.7823529411764706,5.4999999999999964,1,1,3,39.409120908880055,measured,hot,S01_C019,36.8,31.3,21.0,39.4,39.409120908880055,-0.009120908880056788,20260701,fixed_outer_fold_20260701
MEAS_R000466,C019,S01,466,466,35.4,39.5,30.8,22.0,measurement_group_1,measurement_status_1,1.0,MEAS_UNIT_000466,1,3,2,2,2,4,5,7,34.4,35.7,29.0,1.0,1.8000000000000007,-0.5000000000000004,0.8660254037844384,0.7529411764705882,4.599999999999998,1,1,2,39.54534489522543,measured,hot,S01_C019,35.4,30.8,22.0,39.5,39.54534489522543,-0.04534489522543339,20260701,fixed_outer_fold_20260701
MEAS_R000467,C019,S01,467,467,37.4,39.5,32.5,23.0,measurement_group_1,measurement_status_1,1.0,MEAS_UNIT_000467,5,2,1,2,3,2,2,2,37.1,37.1,30.5,0.2999999999999971,2.0,-0.2588190451025215,0.965925826289068,0.8529411764705882,4.899999999999999,1,1,2,39.59444736528517,measured,hot,S01_C019,37.4,32.5,23.0,39.5,39.59444736528517,-0.09444736528516984,20260701,fixed_outer_fold_20260701
MEAS_R000468,C019,S01,468,468,34.4,39.5,29.0,20.0,measurement_group_1,measurement_status_1,1.0,MEAS_UNIT_000468,1,1,2,1,1,1,4,7,35.7,35.6,34.8,-1.3000000000000045,-5.799999999999997,-0.8660254037844386,0.5000000000000001,0.6470588235294118,5.399999999999999,0,1,1,39.52358462454912,measured,moderate,S01_C019,34.4,29.0,20.0,39.5,39.52358462454912,-0.023584624549123134,20260701,fixed_outer_fold_20260701
MEAS_R000469,C020,S01,469,469,38.4,40.2,32.0,21.0,measurement_group_1,measurement_status_1,1.0,MEAS_UNIT_000469,3,5,3,1,2,1,3,5,37.3,37.1,35.6,1.1000000000000014,-3.6000000000000014,-0.7071067811865477,0.7071067811865474,0.8235294117647058,6.399999999999999,1,1,1,40.167374020822464,measured,hot,S01_C020,38.4,32.0,21.0,40.2,40.167374020822464,0.03262597917753851,20260701,fixed_outer_fold_20260701
MEAS_R000470,C020,S01,470,470,32.8,39.6,33.3,2.0,measurement_group_1,measurement_status_1,1.0,MEAS_UNIT_000470,1,2,3,1,1,3,2,5,32.0,32.0,27.4,0.7999999999999972,5.899999999999999,0.4999999999999999,0.8660254037844387,0.8999999999999998,-0.5,1,1,1,39.59572227071705,measured,hot,S01_C020,32.8,33.3,2.0,39.6,39.59572227071705,0.0042777292829541125,20260701,fixed_outer_fold_20260701
MEAS_R000471,C021,S01,471,471,30.7,38.3,9.4,1.0,measurement_group_1,measurement_status_1,1.0,MEAS_UNIT_000471,0,2,4,3,3,3,1,17,30.7,30.7,9.4,0.0,0.0,0.2588190451025207,0.9659258262890684,0.0,21.3,0,1,3,38.33177341706413,measured,cold,S01_C021,30.7,9.4,1.0,38.3,38.33177341706413,-0.03177341706413017,20260701,fixed_outer_fold_20260701
MEAS_R000472,C021,S01,472,472,30.0,38.3,7.7,21.0,measurement_group_1,measurement_status_1,1.0,MEAS_UNIT_000472,0,3,1,4,1,3,14,17,28.1,32.8,13.4,1.8999999999999984,-5.7,-0.7071067811865477,0.7071067811865474,0.0,22.3,0,1,4,38.37688301109858,measured,cold,S01_C021,30.0,7.7,21.0,38.3,38.37688301109858,-0.07688301109858031,20260701,fixed_outer_fold_20260701
MEAS_R000473,C021,S01,473,473,27.2,38.3,10.1,1.0,measurement_group_1,measurement_status_1,1.0,MEAS_UNIT_000473,0,1,1,3,3,4,2,17,30.7,30.7,9.4,-3.5,0.6999999999999993,0.2588190451025207,0.9659258262890684,0.0,17.1,0,1,3,38.31606102243042,measured,cold,S01_C021,27.2,10.1,1.0,38.3,38.31606102243042,-0.016061022430420735,20260701,fixed_outer_fold_20260701
MEAS_R000474,C021,S01,474,474,31.1,38.2,12.3,12.0,measurement_group_1,measurement_status_1,1.0,MEAS_UNIT_000474,0,4,5,1,4,5,6,17,30.4,32.9,16.0,0.7000000000000028,-3.6999999999999993,1.2246467991473532e-16,-1.0,0.0,18.8,0,0,1,38.162461783742295,measured,cold,S01_C021,31.1,12.3,12.0,38.2,38.162461783742295,0.03753821625770826,20260701,fixed_outer_fold_20260701
MEAS_R000475,C021,S01,475,475,31.6,38.2,12.8,13.0,measurement_group_1,measurement_status_1,1.0,MEAS_UNIT_000475,0,4,2,2,5,4,9,17,31.5,31.8,18.3,0.1000000000000014,-5.5,-0.2588190451025208,-0.9659258262890684,0.0,18.8,0,0,2,38.21071038205072,measured,cold,S01_C021,31.6,12.8,13.0,38.2,38.21071038205072,-0.010710382050717726,20260701,fixed_outer_fold_20260701
MEAS_R000476,C021,S01,476,476,32.9,38.3,15.1,11.0,measurement_group_1,measurement_status_1,1.0,MEAS_UNIT_000476,0,3,4,2,2,2,4,17,30.0,27.2,13.1,2.8999999999999986,2.0,0.258819045102521,-0.9659258262890682,0.0,17.799999999999997,0,0,2,38.28439655637338,measured,cold,S01_C021,32.9,15.1,11.0,38.3,38.28439655637338,0.015603443626616809,20260701,fixed_outer_fold_20260701
MEAS_R000477,C021,S01,477,477,31.8,38.2,23.2,12.0,measurement_group_1,measurement_status_1,1.0,MEAS_UNIT_000477,0,1,3,5,2,2,7,17,31.1,30.4,12.3,0.6999999999999993,10.9,1.2246467991473532e-16,-1.0,0.3058823529411764,8.600000000000001,0,0,5,38.26457727199379,measured,moderate,S01_C021,31.8,23.2,12.0,38.2,38.26457727199379,-0.06457727199378382,20260701,fixed_outer_fold_20260701
MEAS_R000478,C021,S01,478,478,32.0,38.2,18.8,13.0,measurement_group_1,measurement_status_1,1.0,MEAS_UNIT_000478,0,1,3,4,1,1,10,17,31.6,31.5,12.8,0.3999999999999986,6.0,-0.2588190451025208,-0.9659258262890684,0.0470588235294118,13.2,0,0,4,38.24017966166346,measured,moderate,S01_C021,32.0,18.8,13.0,38.2,38.24017966166346,-0.04017966166345843,20260701,fixed_outer_fold_20260701
MEAS_R000479,C022,S01,479,479,32.5,38.4,8.6,21.0,measurement_group_1,measurement_status_1,1.0,MEAS_UNIT_000479,0,1,2,4,4,1,13,17,31.5,32.9,6.0,1.0,2.6,-0.7071067811865477,0.7071067811865474,0.0,23.9,0,1,4,38.50523911440341,measured,cold,S01_C022,32.5,8.6,21.0,38.4,38.50523911440341,-0.10523911440341038,20260701,fixed_outer_fold_20260701
MEAS_R000480,C022,S01,480,480,30.7,38.4,2.3,21.0,measurement_group_1,measurement_status_1,1.0,MEAS_UNIT_000480,0,2,4,2,4,2,14,17,32.5,31.5,8.6,-1.8000000000000007,-6.3,-0.7071067811865477,0.7071067811865474,0.0,28.4,0,1,2,38.36944030720609,measured,cold,S01_C022,30.7,2.3,21.0,38.4,38.36944030720609,0.0305596927939078,20260701,fixed_outer_fold_20260701
MEAS_R000481,C022,S01,481,481,25.5,38.4,4.6,22.0,measurement_group_1,measurement_status_1,1.0,MEAS_UNIT_000481,0,5,1,2,1,2,16,17,31.1,30.7,5.4,-5.600000000000001,-0.8000000000000007,-0.5000000000000004,0.8660254037844384,0.0,20.9,0,1,2,38.41541781349089,measured,cold,S01_C022,25.5,4.6,22.0,38.4,38.41541781349089,-0.015417813490891774,20260701,fixed_outer_fold_20260701
MEAS_R000482,C023,S01,482,482,33.8,38.9,12.0,17.0,measurement_group_1,measurement_status_1,1.0,MEAS_UNIT_000482,0,3,4,4,5,5,12,17,35.3,32.4,9.1,-1.5,2.9000000000000004,-0.9659258262890684,-0.2588190451025206,0.0,21.8,0,0,4,38.96444881958777,measured,cold,S01_C023,33.8,12.0,17.0,38.9,38.96444881958777,-0.06444881958777415,20260701,fixed_outer_fold_20260701
MEAS_R000483,C023,S01,483,483,36.7,38.9,8.3,13.0,measurement_group_1,measurement_status_1,1.0,MEAS_UNIT_000483,0,5,1,5,5,1,8,17,33.0,32.8,8.0,3.700000000000003,0.3000000000000007,-0.2588190451025208,-0.9659258262890684,0.0,28.4,0,0,5,38.89695137419577,measured,cold,S01_C023,36.7,8.3,13.0,38.9,38.89695137419577,0.003048625804225935,20260701,fixed_outer_fold_20260701
MEAS_R000484,C023,S01,484,484,31.6,39.1,9.8,20.0,measurement_group_1,measurement_status_1,1.0,MEAS_UNIT_000484,0,5,2,1,2,3,14,17,32.1,33.8,9.0,-0.5,0.8000000000000007,-0.8660254037844386,0.5000000000000001,0.0,21.8,0,1,1,39.12327104506556,measured,cold,S01_C023,31.6,9.8,20.0,39.1,39.12327104506556,-0.023271045065555995,20260701,fixed_outer_fold_20260701
MEAS_R000485,C024,S01,485,485,38.4,39.0,35.9,21.0,measurement_group_1,measurement_status_1,1.0,MEAS_UNIT_000485,5,1,5,2,1,3,4,4,38.1,37.9,35.1,0.2999999999999971,0.7999999999999972,-0.7071067811865477,0.7071067811865474,1.0,2.5,1,1,2,39.19639314221626,measured,hot,S01_C024,38.4,35.9,21.0,39.0,39.19639314221626,-0.1963931422162588,20260701,fixed_outer_fold_20260701
MEAS_R000486,C025,S01,486,486,27.5,39.4,12.6,10.0,measurement_group_1,measurement_status_1,1.0,MEAS_UNIT_000486,0,5,2,2,3,5,4,17,29.5,31.4,16.5,-2.0,-3.9,0.4999999999999999,-0.8660254037844387,0.0,14.9,0,0,2,39.35378963267736,measured,cold,S01_C025,27.5,12.6,10.0,39.4,39.35378963267736,0.046210367322636614,20260701,fixed_outer_fold_20260701
MEAS_R000487,C025,S01,487,487,29.8,39.4,14.5,15.0,measurement_group_1,measurement_status_1,1.0,MEAS_UNIT_000487,0,1,5,4,2,5,11,17,31.2,31.9,21.3,-1.3999999999999986,-6.800000000000001,-0.7071067811865471,-0.7071067811865479,0.0,15.3,0,0,4,39.4282435831408,measured,cold,S01_C025,29.8,14.5,15.0,39.4,39.4282435831408,-0.028243583140799444,20260701,fixed_outer_fold_20260701
MEAS_R000488,C025,S01,488,488,31.5,39.4,15.8,12.0,measurement_group_1,measurement_status_1,1.0,MEAS_UNIT_000488,0,1,3,2,3,4,6,17,30.9,27.5,22.3,0.6000000000000014,-6.5,1.2246467991473532e-16,-1.0,0.0,15.7,0,0,2,39.38955956521227,measured,cold,S01_C025,31.5,15.8,12.0,39.4,39.38955956521227,0.010440434787732045,20260701,fixed_outer_fold_20260701
MEAS_R000489,C025,S01,489,489,30.9,39.4,22.3,11.0,measurement_group_1,measurement_status_1,1.0,MEAS_UNIT_000489,0,1,3,1,2,2,5,17,27.5,29.5,12.6,3.3999999999999986,9.7,0.258819045102521,-0.9659258262890682,0.2529411764705883,8.599999999999998,0,0,1,39.38615403807055,measured,moderate,S01_C025,30.9,22.3,11.0,39.4,39.38615403807055,0.01384596192944798,20260701,fixed_outer_fold_20260701
MEAS_R000490,C025,S01,490,490,31.6,39.3,20.5,18.0,measurement_group_1,measurement_status_1,1.0,MEAS_UNIT_000490,0,2,1,1,1,4,12,17,29.8,31.2,14.5,1.8000000000000007,6.0,-1.0,-1.8369701987210294e-16,0.1470588235294117,11.1,0,0,1,39.29663848961312,measured,moderate,S01_C025,31.6,20.5,18.0,39.3,39.29663848961312,0.003361510386874045,20260701,fixed_outer_fold_20260701
MEAS_R000491,C025,S01,491,491,30.9,39.5,10.9,19.0,measurement_group_1,measurement_status_1,1.0,MEAS_UNIT_000491,0,2,2,5,5,1,13,17,31.6,29.8,20.5,-0.7000000000000028,-9.6,-0.9659258262890684,0.2588190451025203,0.0,20.0,0,0,5,39.47195024167869,measured,cold,S01_C025,30.9,10.9,19.0,39.5,39.47195024167869,0.02804975832130907,20260701,fixed_outer_fold_20260701
MEAS_R000492,C025,S01,492,492,31.1,39.5,11.3,19.0,measurement_group_1,measurement_status_1,1.0,MEAS_UNIT_000492,0,4,4,4,2,1,14,17,30.9,31.6,10.9,0.2000000000000028,0.4000000000000003,-0.9659258262890684,0.2588190451025203,0.0,19.8,0,0,4,39.46518478296617,measured,cold,S01_C025,31.1,11.3,19.0,39.5,39.46518478296617,0.03481521703383095,20260701,fixed_outer_fold_20260701
MEAS_R000493,C025,S01,493,493,31.4,39.4,11.4,1.0,measurement_group_1,measurement_status_1,1.0,MEAS_UNIT_000493,0,3,3,2,5,2,2,17,31.3,31.3,12.4,0.0999999999999978,-1.0,0.2588190451025207,0.9659258262890684,0.0,20.0,0,1,2,39.436735275555705,measured,cold,S01_C025,31.4,11.4,1.0,39.4,39.436735275555705,-0.03673527555570644,20260701,fixed_outer_fold_20260701
MEAS_R000494,C026,S01,494,494,32.1,38.6,3.1,1.0,measurement_group_1,measurement_status_1,1.0,MEAS_UNIT_000494,0,3,4,4,1,1,3,17,31.5,28.6,6.2,0.6000000000000014,-3.1,0.2588190451025207,0.9659258262890684,0.0,29.0,0,1,4,38.66377513010519,measured,cold,S01_C026,32.1,3.1,1.0,38.6,38.66377513010519,-0.06377513010519209,20260701,fixed_outer_fold_20260701
MEAS_R000495,C026,S01,495,495,27.8,38.7,8.6,22.0,measurement_group_1,measurement_status_1,1.0,MEAS_UNIT_000495,0,1,1,5,1,3,15,17,30.6,30.7,5.4,-2.8000000000000007,3.1999999999999997,-0.5000000000000004,0.8660254037844384,0.0,19.200000000000003,0,1,5,38.71575823782601,measured,cold,S01_C026,27.8,8.6,22.0,38.7,38.71575823782601,-0.01575823782600594,20260701,fixed_outer_fold_20260701
MEAS_R000496,C026,S01,496,496,35.0,38.7,10.4,10.0,measurement_group_1,measurement_status_1,1.0,MEAS_UNIT_000496,0,2,5,2,2,1,6,17,28.1,31.2,7.8,6.899999999999999,2.6000000000000005,0.4999999999999999,-0.8660254037844387,0.0,24.6,0,0,2,38.71556805863044,measured,cold,S01_C026,35.0,10.4,10.0,38.7,38.71556805863044,-0.015568058630435644,20260701,fixed_outer_fold_20260701
MEAS_R000497,C026,S01,497,497,32.5,38.7,14.4,16.0,measurement_group_1,measurement_status_1,1.0,MEAS_UNIT_000497,0,5,3,2,2,4,10,17,33.9,34.4,11.2,-1.3999999999999986,3.200000000000001,-0.8660254037844385,-0.5000000000000004,0.0,18.1,0,0,2,38.6612587759328,measured,cold,S01_C026,32.5,14.4,16.0,38.7,38.6612587759328,0.03874122406720204,20260701,fixed_outer_fold_20260701
MEAS_R000498,C026,S01,498,498,31.4,38.7,8.2,17.0,measurement_group_1,measurement_status_1,1.0,MEAS_UNIT_000498,0,2,2,1,4,2,11,17,32.5,33.9,14.4,-1.1000000000000014,-6.200000000000001,-0.9659258262890684,-0.2588190451025206,0.0,23.2,0,0,1,38.66563597678989,measured,cold,S01_C026,31.4,8.2,17.0,38.7,38.66563597678989,0.03436402321010945,20260701,fixed_outer_fold_20260701
MEAS_R000499,C026,S01,499,499,29.3,38.7,6.8,22.0,measurement_group_1,measurement_status_1,1.0,MEAS_UNIT_000499,0,4,1,1,5,2,16,17,27.8,30.6,8.6,1.5,-1.7999999999999998,-0.5000000000000004,0.8660254037844384,0.0,22.5,0,1,1,38.63499410267325,measured,cold,S01_C026,29.3,6.8,22.0,38.7,38.63499410267325,0.06500589732675621,20260701,fixed_outer_fold_20260701
MEAS_R000500,C026,S01,500,500,31.5,38.6,6.2,0.0,measurement_group_1,measurement_status_1,1.0,MEAS_UNIT_000500,0,1,2,3,3,5,2,17,28.6,28.6,5.4,2.8999999999999986,0.7999999999999998,0.0,1.0,0.0,25.3,0,1,3,38.573792279181376,measured,cold,S01_C026,31.5,6.2,0.0,38.6,38.573792279181376,0.026207720818625546,20260701,fixed_outer_fold_20260701
MEAS_R000501,C026,S01,501,501,31.2,38.6,8.7,1.0,measurement_group_1,measurement_status_1,1.0,MEAS_UNIT_000501,0,3,4,4,1,1,4,17,32.1,31.5,3.1,-0.9000000000000021,5.6,0.2588190451025207,0.9659258262890684,0.0,22.5,0,1,4,38.637086797778245,measured,cold,S01_C026,31.2,8.7,1.0,38.6,38.637086797778245,-0.03708679777824386,20260701,fixed_outer_fold_20260701
MEAS_R000502,C026,S01,502,502,28.1,38.7,7.8,3.0,measurement_group_1,measurement_status_1,1.0,MEAS_UNIT_000502,0,1,1,5,1,3,5,17,31.2,32.1,8.7,-3.099999999999998,-0.8999999999999995,0.7071067811865476,0.7071067811865476,0.0,20.3,0,1,5,38.74134179501026,measured,cold,S01_C026,28.1,7.8,3.0,38.7,38.74134179501026,-0.041341795010254145,20260701,fixed_outer_fold_20260701
MEAS_R000503,C026,S01,503,503,34.4,38.6,9.6,14.0,measurement_group_1,measurement_status_1,1.0,MEAS_UNIT_000503,0,2,5,2,2,1,8,17,33.9,35.0,8.0,0.5,1.5999999999999996,-0.4999999999999997,-0.8660254037844388,0.0,24.8,0,0,2,38.62802622464328,measured,cold,S01_C026,34.4,9.6,14.0,38.6,38.62802622464328,-0.028026224643276976,20260701,fixed_outer_fold_20260701
MEAS_R000504,C027,S01,504,504,31.6,39.0,8.7,2.0,measurement_group_1,measurement_status_1,1.0,MEAS_UNIT_000504,0,1,1,2,3,2,3,17,30.9,29.5,3.8,0.7000000000000028,4.9,0.4999999999999999,0.8660254037844387,0.0,22.9,0,1,2,38.8584642232142,measured,cold,S01_C027,31.6,8.7,2.0,39.0,38.8584642232142,0.1415357767858012,20260701,fixed_outer_fold_20260701
MEAS_R000505,C027,S01,505,505,30.9,39.0,3.8,1.0,measurement_group_1,measurement_status_1,1.0,MEAS_UNIT_000505,0,4,4,5,3,3,2,17,29.5,29.5,5.4,1.3999999999999986,-1.6000000000000003,0.2588190451025207,0.9659258262890684,0.0,27.1,0,1,5,38.91407053091915,measured,cold,S01_C027,30.9,3.8,1.0,39.0,38.91407053091915,0.08592946908085253,20260701,fixed_outer_fold_20260701
MEAS_R000506,C027,S01,506,506,30.1,38.6,7.7,12.0,measurement_group_1,measurement_status_1,1.0,MEAS_UNIT_000506,0,2,2,2,2,5,8,17,31.9,31.5,6.9,-1.7999999999999972,0.7999999999999998,1.2246467991473532e-16,-1.0,0.0,22.4,0,0,2,38.66712889376223,measured,cold,S01_C027,30.1,7.7,12.0,38.6,38.66712889376223,-0.06712889376223075,20260701,fixed_outer_fold_20260701
MEAS_R000507,C027,S01,507,507,32.3,39.8,3.4,10.0,measurement_group_1,measurement_status_1,1.0,MEAS_UNIT_000507,0,3,5,5,1,1,4,17,31.6,30.9,8.7,0.6999999999999957,-5.299999999999999,0.4999999999999999,-0.8660254037844387,0.0,28.9,0,0,5,39.43560994712405,measured,cold,S01_C027,32.3,3.4,10.0,39.8,39.43560994712405,0.3643900528759474,20260701,fixed_outer_fold_20260701
MEAS_R000508,C027,S01,508,508,30.5,38.8,6.1,13.0,measurement_group_1,measurement_status_1,1.0,MEAS_UNIT_000508,0,5,2,4,1,1,11,17,32.8,31.1,9.3,-2.299999999999997,-3.200000000000001,-0.2588190451025208,-0.9659258262890684,0.0,24.4,0,0,4,38.8459005828916,measured,cold,S01_C027,30.5,6.1,13.0,38.8,38.8459005828916,-0.04590058289160481,20260701,fixed_outer_fold_20260701
MEAS_R000509,C028,S01,509,509,33.4,40.3,28.7,3.0,measurement_group_1,measurement_status_1,1.0,MEAS_UNIT_000509,1,1,2,3,2,1,2,4,35.4,35.4,33.2,-2.0,-4.500000000000004,0.7071067811865476,0.7071067811865476,0.6294117647058823,4.699999999999999,0,1,3,40.18988162432375,measured,moderate,S01_C028,33.4,28.7,3.0,40.3,40.18988162432375,0.11011837567624383,20260701,fixed_outer_fold_20260701
MEAS_R000510,C028,S01,510,510,36.6,40.2,37.5,11.0,measurement_group_1,measurement_status_1,1.0,MEAS_UNIT_000510,4,5,5,4,2,1,1,6,36.6,36.6,37.5,0.0,0.0,0.258819045102521,-0.9659258262890682,1.0,-0.8999999999999986,1,0,4,40.226885118494494,measured,hot,S01_C028,36.6,37.5,11.0,40.2,40.226885118494494,-0.026885118494490712,20260701,fixed_outer_fold_20260701
MEAS_R000511,C028,S01,511,511,35.9,40.2,37.5,16.0,measurement_group_1,measurement_status_1,1.0,MEAS_UNIT_000511,4,4,2,5,1,2,5,6,36.6,38.6,36.5,-0.7000000000000028,1.0,-0.8660254037844385,-0.5000000000000004,1.0,-1.6000000000000014,1,0,5,40.21366605865831,measured,hot,S01_C028,35.9,37.5,16.0,40.2,40.21366605865831,-0.013666058658309055,20260701,fixed_outer_fold_20260701
MEAS_R000512,C028,S01,512,512,37.5,40.2,38.4,17.0,measurement_group_1,measurement_status_1,1.0,MEAS_UNIT_000512,4,1,2,1,1,3,6,6,35.9,36.6,37.5,1.6000000000000014,0.8999999999999986,-0.9659258262890684,-0.2588190451025206,1.0,-0.8999999999999986,1,0,1,40.17844228265501,measured,hot,S01_C028,37.5,38.4,17.0,40.2,40.17844228265501,0.021557717344990124,20260701,fixed_outer_fold_20260701
MEAS_R000513,C029,S01,513,513,34.2,38.3,5.2,14.0,measurement_group_1,measurement_status_1,1.0,MEAS_UNIT_000513,0,2,4,2,1,3,10,17,33.6,35.0,8.8,0.6000000000000014,-3.6000000000000005,-0.4999999999999997,-0.8660254037844388,0.0,29.000000000000004,0,0,2,38.3300297708644,measured,cold,S01_C029,34.2,5.2,14.0,38.3,38.3300297708644,-0.030029770864402394,20260701,fixed_outer_fold_20260701
MEAS_R000514,C029,S01,514,514,34.6,38.4,10.9,16.0,measurement_group_1,measurement_status_1,1.0,MEAS_UNIT_000514,0,5,5,2,2,2,13,17,35.0,36.1,11.2,-0.3999999999999986,-0.2999999999999989,-0.8660254037844385,-0.5000000000000004,0.0,23.700000000000003,0,0,2,38.439826135380045,measured,cold,S01_C029,34.6,10.9,16.0,38.4,38.439826135380045,-0.039826135380046424,20260701,fixed_outer_fold_20260701
MEAS_R000515,C029,S01,515,515,36.8,38.3,6.4,11.0,measurement_group_1,measurement_status_1,1.0,MEAS_UNIT_000515,0,2,1,5,5,2,3,17,35.7,31.8,6.1,1.0999999999999943,0.3000000000000007,0.258819045102521,-0.9659258262890682,0.0,30.4,0,0,5,38.48717446481574,measured,cold,S01_C029,36.8,6.4,11.0,38.3,38.48717446481574,-0.1871744648157403,20260701,fixed_outer_fold_20260701
MEAS_R000516,C029,S01,516,516,35.0,38.3,6.4,13.0,measurement_group_1,measurement_status_1,1.0,MEAS_UNIT_000516,0,1,5,3,4,5,8,17,36.3,33.2,8.0,-1.2999999999999972,-1.5999999999999996,-0.2588190451025208,-0.9659258262890684,0.0,28.6,0,0,3,38.229799028452376,measured,cold,S01_C029,35.0,6.4,13.0,38.3,38.229799028452376,0.07020097154762084,20260701,fixed_outer_fold_20260701
MEAS_R000517,C029,S01,517,517,36.1,38.3,8.8,14.0,measurement_group_1,measurement_status_1,1.0,MEAS_UNIT_000517,0,3,3,1,5,4,11,17,34.2,33.6,5.2,1.8999999999999984,3.6000000000000005,-0.4999999999999997,-0.8660254037844388,0.0,27.3,0,0,1,38.31712743153436,measured,cold,S01_C029,36.1,8.8,14.0,38.3,38.31712743153436,-0.01712743153436236,20260701,fixed_outer_fold_20260701
MEAS_R000518,C030,S01,518,518,30.0,40.3,6.5,9.0,measurement_group_1,measurement_status_1,1.0,MEAS_UNIT_000518,0,4,5,2,1,5,5,17,30.6,32.0,4.3,-0.6000000000000014,2.2,0.7071067811865476,-0.7071067811865475,0.0,23.5,0,0,2,40.28201702458274,measured,cold,S01_C030,30.0,6.5,9.0,40.3,40.28201702458274,0.017982975417254465,20260701,fixed_outer_fold_20260701
MEAS_R000519,C030,S01,519,519,30.6,40.2,5.6,13.0,measurement_group_1,measurement_status_1,1.0,MEAS_UNIT_000519,0,1,1,2,2,2,11,17,32.5,31.7,11.7,-1.8999999999999984,-6.1,-0.2588190451025208,-0.9659258262890684,0.0,25.0,0,0,2,40.18793071576745,measured,cold,S01_C030,30.6,5.6,13.0,40.2,40.18793071576745,0.01206928423255249,20260701,fixed_outer_fold_20260701
MEAS_R000520,C030,S01,520,520,32.3,40.3,8.3,10.0,measurement_group_1,measurement_status_1,1.0,MEAS_UNIT_000520,0,4,4,4,3,3,8,17,30.4,31.0,10.5,1.8999999999999984,-2.1999999999999997,0.4999999999999999,-0.8660254037844387,0.0,24.0,0,0,4,40.283875958210245,measured,cold,S01_C030,32.3,8.3,10.0,40.3,40.283875958210245,0.016124041789751686,20260701,fixed_outer_fold_20260701
