ISO-10303-21;
HEADER;
FILE_DESCRIPTION(('Open CASCADE Model'),'2;1');
FILE_NAME('Open CASCADE Shape Model','2026-07-19T15:12:01',('Author'),(
    'Open CASCADE'),'Open CASCADE STEP processor 7.8','Open CASCADE 7.8'
  ,'Unknown');
FILE_SCHEMA(('AUTOMOTIVE_DESIGN { 1 0 10303 214 1 1 1 1 }'));
ENDSEC;
DATA;
#1 = APPLICATION_PROTOCOL_DEFINITION('international standard',
  'automotive_design',2000,#2);
#2 = APPLICATION_CONTEXT(
  'core data for automotive mechanical design processes');
#3 = SHAPE_DEFINITION_REPRESENTATION(#4,#10);
#4 = PRODUCT_DEFINITION_SHAPE('','',#5);
#5 = PRODUCT_DEFINITION('design','',#6,#9);
#6 = PRODUCT_DEFINITION_FORMATION('','',#7);
#7 = PRODUCT('001-SOLID(1)-1','001-SOLID(1)-1','',(#8));
#8 = PRODUCT_CONTEXT('',#2,'mechanical');
#9 = PRODUCT_DEFINITION_CONTEXT('part definition',#2,'design');
#10 = SHAPE_REPRESENTATION('',(#11,#15),#19);
#11 = AXIS2_PLACEMENT_3D('',#12,#13,#14);
#12 = CARTESIAN_POINT('',(0.,0.,0.));
#13 = DIRECTION('',(0.,0.,1.));
#14 = DIRECTION('',(1.,0.,-0.));
#15 = AXIS2_PLACEMENT_3D('',#16,#17,#18);
#16 = CARTESIAN_POINT('',(0.,0.,0.));
#17 = DIRECTION('',(0.,0.,1.));
#18 = DIRECTION('',(1.,0.,0.));
#19 = ( GEOMETRIC_REPRESENTATION_CONTEXT(3) 
GLOBAL_UNCERTAINTY_ASSIGNED_CONTEXT((#23)) GLOBAL_UNIT_ASSIGNED_CONTEXT(
(#20,#21,#22)) REPRESENTATION_CONTEXT('Context #1',
  '3D Context with UNIT and UNCERTAINTY') );
#20 = ( LENGTH_UNIT() NAMED_UNIT(*) SI_UNIT(.MILLI.,.METRE.) );
#21 = ( NAMED_UNIT(*) PLANE_ANGLE_UNIT() SI_UNIT($,.RADIAN.) );
#22 = ( NAMED_UNIT(*) SI_UNIT($,.STERADIAN.) SOLID_ANGLE_UNIT() );
#23 = UNCERTAINTY_MEASURE_WITH_UNIT(LENGTH_MEASURE(1.E-07),#20,
  'distance_accuracy_value','confusion accuracy');
#24 = PRODUCT_RELATED_PRODUCT_CATEGORY('part',$,(#7));
#25 = SHAPE_DEFINITION_REPRESENTATION(#26,#32);
#26 = PRODUCT_DEFINITION_SHAPE('','',#27);
#27 = PRODUCT_DEFINITION('design','',#28,#31);
#28 = PRODUCT_DEFINITION_FORMATION('','',#29);
#29 = PRODUCT('SOLID','SOLID','',(#30));
#30 = PRODUCT_CONTEXT('',#2,'mechanical');
#31 = PRODUCT_DEFINITION_CONTEXT('part definition',#2,'design');
#32 = ADVANCED_BREP_SHAPE_REPRESENTATION('',(#11,#33),#4841);
#33 = MANIFOLD_SOLID_BREP('',#34);
#34 = CLOSED_SHELL('',(#35,#75,#108,#141,#753,#1365,#1382,#1399,#1416,
    #1433,#1450,#1467,#1484,#1501,#1518,#1535,#1552,#1569,#1586,#1603,
    #1620,#1637,#1654,#1671,#1688,#1705,#1722,#1739,#1756,#1773,#1790,
    #1807,#1824,#1841,#1858,#1875,#1892,#1909,#1926,#1943,#2008,#2034,
    #2100,#2117,#2134,#2151,#2168,#2185,#2254,#2280,#2346,#2363,#2380,
    #2397,#2414,#2431,#2448,#2465,#2482,#2499,#2516,#2533,#2550,#2567,
    #2584,#2601,#2618,#2635,#2652,#2669,#2686,#2703,#2720,#2737,#2754,
    #2771,#2788,#2805,#2817,#2835,#2853,#2871,#2889,#3384,#3886,#3898,
    #3916,#3934,#4305,#4829));
#35 = ADVANCED_FACE('',(#36),#70,.F.);
#36 = FACE_BOUND('',#37,.F.);
#37 = EDGE_LOOP('',(#38,#48,#56,#64));
#38 = ORIENTED_EDGE('',*,*,#39,.T.);
#39 = EDGE_CURVE('',#40,#42,#44,.T.);
#40 = VERTEX_POINT('',#41);
#41 = CARTESIAN_POINT('',(58.99999934,-24.600005,0.));
#42 = VERTEX_POINT('',#43);
#43 = CARTESIAN_POINT('',(58.99999934,-24.600005,110.));
#44 = LINE('',#45,#46);
#45 = CARTESIAN_POINT('',(58.99999934,-24.600005,0.));
#46 = VECTOR('',#47,1.);
#47 = DIRECTION('',(0.,0.,1.));
#48 = ORIENTED_EDGE('',*,*,#49,.T.);
#49 = EDGE_CURVE('',#42,#50,#52,.T.);
#50 = VERTEX_POINT('',#51);
#51 = CARTESIAN_POINT('',(58.99999934,-24.700005,110.));
#52 = LINE('',#53,#54);
#53 = CARTESIAN_POINT('',(58.99999934,-24.600005,110.));
#54 = VECTOR('',#55,1.);
#55 = DIRECTION('',(0.,-1.,-0.));
#56 = ORIENTED_EDGE('',*,*,#57,.F.);
#57 = EDGE_CURVE('',#58,#50,#60,.T.);
#58 = VERTEX_POINT('',#59);
#59 = CARTESIAN_POINT('',(58.99999934,-24.700005,0.));
#60 = LINE('',#61,#62);
#61 = CARTESIAN_POINT('',(58.99999934,-24.700005,0.));
#62 = VECTOR('',#63,1.);
#63 = DIRECTION('',(0.,0.,1.));
#64 = ORIENTED_EDGE('',*,*,#65,.F.);
#65 = EDGE_CURVE('',#40,#58,#66,.T.);
#66 = LINE('',#67,#68);
#67 = CARTESIAN_POINT('',(58.99999934,-24.600005,0.));
#68 = VECTOR('',#69,1.);
#69 = DIRECTION('',(0.,-1.,-0.));
#70 = PLANE('',#71);
#71 = AXIS2_PLACEMENT_3D('',#72,#73,#74);
#72 = CARTESIAN_POINT('',(58.99999934,-24.600005,0.));
#73 = DIRECTION('',(1.,0.,-0.));
#74 = DIRECTION('',(0.,-1.,0.));
#75 = ADVANCED_FACE('',(#76),#103,.F.);
#76 = FACE_BOUND('',#77,.F.);
#77 = EDGE_LOOP('',(#78,#87,#95,#102));
#78 = ORIENTED_EDGE('',*,*,#79,.T.);
#79 = EDGE_CURVE('',#40,#80,#82,.T.);
#80 = VERTEX_POINT('',#81);
#81 = CARTESIAN_POINT('',(58.49999934,-24.100005,0.));
#82 = CIRCLE('',#83,0.5);
#83 = AXIS2_PLACEMENT_3D('',#84,#85,#86);
#84 = CARTESIAN_POINT('',(58.49999934,-24.600005,0.));
#85 = DIRECTION('',(0.,-0.,1.));
#86 = DIRECTION('',(1.,0.,0.));
#87 = ORIENTED_EDGE('',*,*,#88,.T.);
#88 = EDGE_CURVE('',#80,#89,#91,.T.);
#89 = VERTEX_POINT('',#90);
#90 = CARTESIAN_POINT('',(58.49999934,-24.100005,110.));
#91 = LINE('',#92,#93);
#92 = CARTESIAN_POINT('',(58.49999934,-24.100005,0.));
#93 = VECTOR('',#94,1.);
#94 = DIRECTION('',(0.,0.,1.));
#95 = ORIENTED_EDGE('',*,*,#96,.F.);
#96 = EDGE_CURVE('',#42,#89,#97,.T.);
#97 = CIRCLE('',#98,0.5);
#98 = AXIS2_PLACEMENT_3D('',#99,#100,#101);
#99 = CARTESIAN_POINT('',(58.49999934,-24.600005,110.));
#100 = DIRECTION('',(0.,-0.,1.));
#101 = DIRECTION('',(1.,0.,0.));
#102 = ORIENTED_EDGE('',*,*,#39,.F.);
#103 = CYLINDRICAL_SURFACE('',#104,0.5);
#104 = AXIS2_PLACEMENT_3D('',#105,#106,#107);
#105 = CARTESIAN_POINT('',(58.49999934,-24.600005,0.));
#106 = DIRECTION('',(-0.,0.,-1.));
#107 = DIRECTION('',(1.,0.,0.));
#108 = ADVANCED_FACE('',(#109),#136,.T.);
#109 = FACE_BOUND('',#110,.T.);
#110 = EDGE_LOOP('',(#111,#120,#128,#135));
#111 = ORIENTED_EDGE('',*,*,#112,.T.);
#112 = EDGE_CURVE('',#58,#113,#115,.T.);
#113 = VERTEX_POINT('',#114);
#114 = CARTESIAN_POINT('',(59.29999934,-25.000005,0.));
#115 = CIRCLE('',#116,0.3);
#116 = AXIS2_PLACEMENT_3D('',#117,#118,#119);
#117 = CARTESIAN_POINT('',(59.29999934,-24.700005,0.));
#118 = DIRECTION('',(0.,-0.,1.));
#119 = DIRECTION('',(1.,0.,0.));
#120 = ORIENTED_EDGE('',*,*,#121,.T.);
#121 = EDGE_CURVE('',#113,#122,#124,.T.);
#122 = VERTEX_POINT('',#123);
#123 = CARTESIAN_POINT('',(59.29999934,-25.000005,110.));
#124 = LINE('',#125,#126);
#125 = CARTESIAN_POINT('',(59.29999934,-25.000005,0.));
#126 = VECTOR('',#127,1.);
#127 = DIRECTION('',(0.,0.,1.));
#128 = ORIENTED_EDGE('',*,*,#129,.F.);
#129 = EDGE_CURVE('',#50,#122,#130,.T.);
#130 = CIRCLE('',#131,0.3);
#131 = AXIS2_PLACEMENT_3D('',#132,#133,#134);
#132 = CARTESIAN_POINT('',(59.29999934,-24.700005,110.));
#133 = DIRECTION('',(0.,-0.,1.));
#134 = DIRECTION('',(1.,0.,0.));
#135 = ORIENTED_EDGE('',*,*,#57,.F.);
#136 = CYLINDRICAL_SURFACE('',#137,0.3);
#137 = AXIS2_PLACEMENT_3D('',#138,#139,#140);
#138 = CARTESIAN_POINT('',(59.29999934,-24.700005,0.));
#139 = DIRECTION('',(-0.,0.,-1.));
#140 = DIRECTION('',(1.,0.,0.));
#141 = ADVANCED_FACE('',(#142),#748,.F.);
#142 = FACE_BOUND('',#143,.F.);
#143 = EDGE_LOOP('',(#144,#145,#146,#147,#155,#164,#172,#181,#189,#197,
    #206,#214,#223,#231,#239,#248,#256,#264,#272,#280,#288,#296,#304,
    #312,#320,#328,#336,#344,#352,#360,#368,#376,#385,#393,#402,#410,
    #419,#427,#435,#443,#452,#460,#469,#477,#486,#494,#502,#510,#518,
    #526,#534,#542,#550,#558,#566,#574,#582,#590,#598,#607,#615,#624,
    #632,#640,#649,#657,#666,#674,#682,#691,#699,#708,#716,#725,#733,
    #742));
#144 = ORIENTED_EDGE('',*,*,#79,.F.);
#145 = ORIENTED_EDGE('',*,*,#65,.T.);
#146 = ORIENTED_EDGE('',*,*,#112,.T.);
#147 = ORIENTED_EDGE('',*,*,#148,.F.);
#148 = EDGE_CURVE('',#149,#113,#151,.T.);
#149 = VERTEX_POINT('',#150);
#150 = CARTESIAN_POINT('',(59.99999934,-25.000005,0.));
#151 = LINE('',#152,#153);
#152 = CARTESIAN_POINT('',(59.99999934,-25.000005,0.));
#153 = VECTOR('',#154,1.);
#154 = DIRECTION('',(-1.,0.,0.));
#155 = ORIENTED_EDGE('',*,*,#156,.T.);
#156 = EDGE_CURVE('',#149,#157,#159,.T.);
#157 = VERTEX_POINT('',#158);
#158 = CARTESIAN_POINT('',(69.99999934,-15.000005,0.));
#159 = CIRCLE('',#160,10.);
#160 = AXIS2_PLACEMENT_3D('',#161,#162,#163);
#161 = CARTESIAN_POINT('',(59.99999934,-15.000005,0.));
#162 = DIRECTION('',(0.,-0.,1.));
#163 = DIRECTION('',(1.,0.,0.));
#164 = ORIENTED_EDGE('',*,*,#165,.F.);
#165 = EDGE_CURVE('',#166,#157,#168,.T.);
#166 = VERTEX_POINT('',#167);
#167 = CARTESIAN_POINT('',(69.99999934,-0.120005,0.));
#168 = LINE('',#169,#170);
#169 = CARTESIAN_POINT('',(69.99999934,-0.120005,0.));
#170 = VECTOR('',#171,1.);
#171 = DIRECTION('',(0.,-1.,-0.));
#172 = ORIENTED_EDGE('',*,*,#173,.T.);
#173 = EDGE_CURVE('',#166,#174,#176,.T.);
#174 = VERTEX_POINT('',#175);
#175 = CARTESIAN_POINT('',(69.89999934,-2.0005E-02,0.));
#176 = CIRCLE('',#177,0.1);
#177 = AXIS2_PLACEMENT_3D('',#178,#179,#180);
#178 = CARTESIAN_POINT('',(69.89999934,-0.120005,0.));
#179 = DIRECTION('',(0.,-0.,1.));
#180 = DIRECTION('',(1.,0.,0.));
#181 = ORIENTED_EDGE('',*,*,#182,.F.);
#182 = EDGE_CURVE('',#183,#174,#185,.T.);
#183 = VERTEX_POINT('',#184);
#184 = CARTESIAN_POINT('',(68.59999934,-2.0005E-02,0.));
#185 = LINE('',#186,#187);
#186 = CARTESIAN_POINT('',(68.59999934,-2.0005E-02,0.));
#187 = VECTOR('',#188,1.);
#188 = DIRECTION('',(1.,0.,0.));
#189 = ORIENTED_EDGE('',*,*,#190,.F.);
#190 = EDGE_CURVE('',#191,#183,#193,.T.);
#191 = VERTEX_POINT('',#192);
#192 = CARTESIAN_POINT('',(68.59999934,0.679995,0.));
#193 = LINE('',#194,#195);
#194 = CARTESIAN_POINT('',(68.59999934,0.679995,0.));
#195 = VECTOR('',#196,1.);
#196 = DIRECTION('',(0.,-1.,-0.));
#197 = ORIENTED_EDGE('',*,*,#198,.T.);
#198 = EDGE_CURVE('',#191,#199,#201,.T.);
#199 = VERTEX_POINT('',#200);
#200 = CARTESIAN_POINT('',(68.09999934,1.179995,0.));
#201 = CIRCLE('',#202,0.5);
#202 = AXIS2_PLACEMENT_3D('',#203,#204,#205);
#203 = CARTESIAN_POINT('',(68.09999934,0.679995,0.));
#204 = DIRECTION('',(0.,-0.,1.));
#205 = DIRECTION('',(1.,0.,0.));
#206 = ORIENTED_EDGE('',*,*,#207,.F.);
#207 = EDGE_CURVE('',#208,#199,#210,.T.);
#208 = VERTEX_POINT('',#209);
#209 = CARTESIAN_POINT('',(67.99999934,1.179995,0.));
#210 = LINE('',#211,#212);
#211 = CARTESIAN_POINT('',(67.99999934,1.179995,0.));
#212 = VECTOR('',#213,1.);
#213 = DIRECTION('',(1.,0.,0.));
#214 = ORIENTED_EDGE('',*,*,#215,.T.);
#215 = EDGE_CURVE('',#208,#216,#218,.T.);
#216 = VERTEX_POINT('',#217);
#217 = CARTESIAN_POINT('',(67.49999934,0.679995,0.));
#218 = CIRCLE('',#219,0.5);
#219 = AXIS2_PLACEMENT_3D('',#220,#221,#222);
#220 = CARTESIAN_POINT('',(67.99999934,0.679995,0.));
#221 = DIRECTION('',(0.,-0.,1.));
#222 = DIRECTION('',(1.,0.,0.));
#223 = ORIENTED_EDGE('',*,*,#224,.F.);
#224 = EDGE_CURVE('',#225,#216,#227,.T.);
#225 = VERTEX_POINT('',#226);
#226 = CARTESIAN_POINT('',(67.49999934,-2.0005E-02,0.));
#227 = LINE('',#228,#229);
#228 = CARTESIAN_POINT('',(67.49999934,-2.0005E-02,0.));
#229 = VECTOR('',#230,1.);
#230 = DIRECTION('',(0.,1.,0.));
#231 = ORIENTED_EDGE('',*,*,#232,.F.);
#232 = EDGE_CURVE('',#233,#225,#235,.T.);
#233 = VERTEX_POINT('',#234);
#234 = CARTESIAN_POINT('',(66.19999934,-2.0005E-02,0.));
#235 = LINE('',#236,#237);
#236 = CARTESIAN_POINT('',(66.19999934,-2.0005E-02,0.));
#237 = VECTOR('',#238,1.);
#238 = DIRECTION('',(1.,0.,0.));
#239 = ORIENTED_EDGE('',*,*,#240,.T.);
#240 = EDGE_CURVE('',#233,#241,#243,.T.);
#241 = VERTEX_POINT('',#242);
#242 = CARTESIAN_POINT('',(66.09999934,-0.120005,0.));
#243 = CIRCLE('',#244,0.1);
#244 = AXIS2_PLACEMENT_3D('',#245,#246,#247);
#245 = CARTESIAN_POINT('',(66.19999934,-0.120005,0.));
#246 = DIRECTION('',(0.,-0.,1.));
#247 = DIRECTION('',(1.,0.,0.));
#248 = ORIENTED_EDGE('',*,*,#249,.T.);
#249 = EDGE_CURVE('',#241,#250,#252,.T.);
#250 = VERTEX_POINT('',#251);
#251 = CARTESIAN_POINT('',(66.09999934,-1.900005,0.));
#252 = LINE('',#253,#254);
#253 = CARTESIAN_POINT('',(66.09999934,-0.120005,0.));
#254 = VECTOR('',#255,1.);
#255 = DIRECTION('',(0.,-1.,-0.));
#256 = ORIENTED_EDGE('',*,*,#257,.T.);
#257 = EDGE_CURVE('',#250,#258,#260,.T.);
#258 = VERTEX_POINT('',#259);
#259 = CARTESIAN_POINT('',(67.99999934,-1.900005,0.));
#260 = LINE('',#261,#262);
#261 = CARTESIAN_POINT('',(66.09999934,-1.900005,0.));
#262 = VECTOR('',#263,1.);
#263 = DIRECTION('',(1.,0.,0.));
#264 = ORIENTED_EDGE('',*,*,#265,.T.);
#265 = EDGE_CURVE('',#258,#266,#268,.T.);
#266 = VERTEX_POINT('',#267);
#267 = CARTESIAN_POINT('',(67.99999934,-6.500005,0.));
#268 = LINE('',#269,#270);
#269 = CARTESIAN_POINT('',(67.99999934,-1.900005,0.));
#270 = VECTOR('',#271,1.);
#271 = DIRECTION('',(0.,-1.,-0.));
#272 = ORIENTED_EDGE('',*,*,#273,.T.);
#273 = EDGE_CURVE('',#266,#274,#276,.T.);
#274 = VERTEX_POINT('',#275);
#275 = CARTESIAN_POINT('',(65.99999934,-6.500005,0.));
#276 = LINE('',#277,#278);
#277 = CARTESIAN_POINT('',(67.99999934,-6.500005,0.));
#278 = VECTOR('',#279,1.);
#279 = DIRECTION('',(-1.,0.,0.));
#280 = ORIENTED_EDGE('',*,*,#281,.T.);
#281 = EDGE_CURVE('',#274,#282,#284,.T.);
#282 = VERTEX_POINT('',#283);
#283 = CARTESIAN_POINT('',(65.99999934,-8.000005,0.));
#284 = LINE('',#285,#286);
#285 = CARTESIAN_POINT('',(65.99999934,-6.500005,0.));
#286 = VECTOR('',#287,1.);
#287 = DIRECTION('',(0.,-1.,-0.));
#288 = ORIENTED_EDGE('',*,*,#289,.T.);
#289 = EDGE_CURVE('',#282,#290,#292,.T.);
#290 = VERTEX_POINT('',#291);
#291 = CARTESIAN_POINT('',(67.99999934,-8.000005,0.));
#292 = LINE('',#293,#294);
#293 = CARTESIAN_POINT('',(65.99999934,-8.000005,0.));
#294 = VECTOR('',#295,1.);
#295 = DIRECTION('',(1.,0.,0.));
#296 = ORIENTED_EDGE('',*,*,#297,.T.);
#297 = EDGE_CURVE('',#290,#298,#300,.T.);
#298 = VERTEX_POINT('',#299);
#299 = CARTESIAN_POINT('',(67.99999934,-10.000005,0.));
#300 = LINE('',#301,#302);
#301 = CARTESIAN_POINT('',(67.99999934,-8.000005,0.));
#302 = VECTOR('',#303,1.);
#303 = DIRECTION('',(0.,-1.,-0.));
#304 = ORIENTED_EDGE('',*,*,#305,.T.);
#305 = EDGE_CURVE('',#298,#306,#308,.T.);
#306 = VERTEX_POINT('',#307);
#307 = CARTESIAN_POINT('',(65.99999934,-10.000005,0.));
#308 = LINE('',#309,#310);
#309 = CARTESIAN_POINT('',(67.99999934,-10.000005,0.));
#310 = VECTOR('',#311,1.);
#311 = DIRECTION('',(-1.,0.,0.));
#312 = ORIENTED_EDGE('',*,*,#313,.T.);
#313 = EDGE_CURVE('',#306,#314,#316,.T.);
#314 = VERTEX_POINT('',#315);
#315 = CARTESIAN_POINT('',(65.99999934,-11.500005,0.));
#316 = LINE('',#317,#318);
#317 = CARTESIAN_POINT('',(65.99999934,-10.000005,0.));
#318 = VECTOR('',#319,1.);
#319 = DIRECTION('',(0.,-1.,-0.));
#320 = ORIENTED_EDGE('',*,*,#321,.T.);
#321 = EDGE_CURVE('',#314,#322,#324,.T.);
#322 = VERTEX_POINT('',#323);
#323 = CARTESIAN_POINT('',(67.99999934,-11.500005,0.));
#324 = LINE('',#325,#326);
#325 = CARTESIAN_POINT('',(65.99999934,-11.500005,0.));
#326 = VECTOR('',#327,1.);
#327 = DIRECTION('',(1.,0.,0.));
#328 = ORIENTED_EDGE('',*,*,#329,.T.);
#329 = EDGE_CURVE('',#322,#330,#332,.T.);
#330 = VERTEX_POINT('',#331);
#331 = CARTESIAN_POINT('',(67.99999934,-13.500005,0.));
#332 = LINE('',#333,#334);
#333 = CARTESIAN_POINT('',(67.99999934,-11.500005,0.));
#334 = VECTOR('',#335,1.);
#335 = DIRECTION('',(0.,-1.,-0.));
#336 = ORIENTED_EDGE('',*,*,#337,.T.);
#337 = EDGE_CURVE('',#330,#338,#340,.T.);
#338 = VERTEX_POINT('',#339);
#339 = CARTESIAN_POINT('',(65.99999934,-13.500005,0.));
#340 = LINE('',#341,#342);
#341 = CARTESIAN_POINT('',(67.99999934,-13.500005,0.));
#342 = VECTOR('',#343,1.);
#343 = DIRECTION('',(-1.,0.,0.));
#344 = ORIENTED_EDGE('',*,*,#345,.T.);
#345 = EDGE_CURVE('',#338,#346,#348,.T.);
#346 = VERTEX_POINT('',#347);
#347 = CARTESIAN_POINT('',(65.99999934,-15.000005,0.));
#348 = LINE('',#349,#350);
#349 = CARTESIAN_POINT('',(65.99999934,-13.500005,0.));
#350 = VECTOR('',#351,1.);
#351 = DIRECTION('',(0.,-1.,-0.));
#352 = ORIENTED_EDGE('',*,*,#353,.T.);
#353 = EDGE_CURVE('',#346,#354,#356,.T.);
#354 = VERTEX_POINT('',#355);
#355 = CARTESIAN_POINT('',(67.99999934,-15.000005,0.));
#356 = LINE('',#357,#358);
#357 = CARTESIAN_POINT('',(65.99999934,-15.000005,0.));
#358 = VECTOR('',#359,1.);
#359 = DIRECTION('',(1.,0.,0.));
#360 = ORIENTED_EDGE('',*,*,#361,.T.);
#361 = EDGE_CURVE('',#354,#362,#364,.T.);
#362 = VERTEX_POINT('',#363);
#363 = CARTESIAN_POINT('',(67.99999934,-17.000005,0.));
#364 = LINE('',#365,#366);
#365 = CARTESIAN_POINT('',(67.99999934,-15.000005,0.));
#366 = VECTOR('',#367,1.);
#367 = DIRECTION('',(0.,-1.,-0.));
#368 = ORIENTED_EDGE('',*,*,#369,.T.);
#369 = EDGE_CURVE('',#362,#370,#372,.T.);
#370 = VERTEX_POINT('',#371);
#371 = CARTESIAN_POINT('',(63.45679684,-17.000005,0.));
#372 = LINE('',#373,#374);
#373 = CARTESIAN_POINT('',(67.99999934,-17.000005,0.));
#374 = VECTOR('',#375,1.);
#375 = DIRECTION('',(-1.,0.,0.));
#376 = ORIENTED_EDGE('',*,*,#377,.T.);
#377 = EDGE_CURVE('',#370,#378,#380,.T.);
#378 = VERTEX_POINT('',#379);
#379 = CARTESIAN_POINT('',(63.26361168,-17.25176881,0.));
#380 = CIRCLE('',#381,0.199999993834);
#381 = AXIS2_PLACEMENT_3D('',#382,#383,#384);
#382 = CARTESIAN_POINT('',(63.456796836959,-17.20000499383,0.));
#383 = DIRECTION('',(0.,-0.,1.));
#384 = DIRECTION('',(1.,0.,0.));
#385 = ORIENTED_EDGE('',*,*,#386,.T.);
#386 = EDGE_CURVE('',#378,#387,#389,.T.);
#387 = VERTEX_POINT('',#388);
#388 = CARTESIAN_POINT('',(63.547064922291,-18.30963073158,0.));
#389 = LINE('',#390,#391);
#390 = CARTESIAN_POINT('',(63.26361168,-17.25176881,0.));
#391 = VECTOR('',#392,1.);
#392 = DIRECTION('',(0.258819040587,-0.965925827499,-0.));
#393 = ORIENTED_EDGE('',*,*,#394,.F.);
#394 = EDGE_CURVE('',#395,#387,#397,.T.);
#395 = VERTEX_POINT('',#396);
#396 = CARTESIAN_POINT('',(62.309629300579,-19.54707171086,0.));
#397 = CIRCLE('',#398,1.75);
#398 = AXIS2_PLACEMENT_3D('',#399,#400,#401);
#399 = CARTESIAN_POINT('',(64.00000078,-20.00000025,0.));
#400 = DIRECTION('',(-0.,0.,1.));
#401 = DIRECTION('',(5.551115123126E-17,-1.,0.));
#402 = ORIENTED_EDGE('',*,*,#403,.T.);
#403 = EDGE_CURVE('',#395,#404,#406,.T.);
#404 = VERTEX_POINT('',#405);
#405 = CARTESIAN_POINT('',(61.251763148987,-19.26361733473,0.));
#406 = LINE('',#407,#408);
#407 = CARTESIAN_POINT('',(62.79259206,-19.67648119,0.));
#408 = VECTOR('',#409,1.);
#409 = DIRECTION('',(-0.965925827404,0.258819040942,0.));
#410 = ORIENTED_EDGE('',*,*,#411,.T.);
#411 = EDGE_CURVE('',#404,#412,#414,.T.);
#412 = VERTEX_POINT('',#413);
#413 = CARTESIAN_POINT('',(60.99999934,-19.4568025,0.));
#414 = CIRCLE('',#415,0.2);
#415 = AXIS2_PLACEMENT_3D('',#416,#417,#418);
#416 = CARTESIAN_POINT('',(61.19999934,-19.4568025,0.));
#417 = DIRECTION('',(0.,-0.,1.));
#418 = DIRECTION('',(1.,0.,0.));
#419 = ORIENTED_EDGE('',*,*,#420,.T.);
#420 = EDGE_CURVE('',#412,#421,#423,.T.);
#421 = VERTEX_POINT('',#422);
#422 = CARTESIAN_POINT('',(60.99999934,-22.100005,0.));
#423 = LINE('',#424,#425);
#424 = CARTESIAN_POINT('',(60.99999934,-19.4568025,0.));
#425 = VECTOR('',#426,1.);
#426 = DIRECTION('',(0.,-1.,-0.));
#427 = ORIENTED_EDGE('',*,*,#428,.T.);
#428 = EDGE_CURVE('',#421,#429,#431,.T.);
#429 = VERTEX_POINT('',#430);
#430 = CARTESIAN_POINT('',(-61.00000066,-22.100005,0.));
#431 = LINE('',#432,#433);
#432 = CARTESIAN_POINT('',(60.99999934,-22.100005,0.));
#433 = VECTOR('',#434,1.);
#434 = DIRECTION('',(-1.,0.,0.));
#435 = ORIENTED_EDGE('',*,*,#436,.T.);
#436 = EDGE_CURVE('',#429,#437,#439,.T.);
#437 = VERTEX_POINT('',#438);
#438 = CARTESIAN_POINT('',(-61.00000066,-19.4568025,0.));
#439 = LINE('',#440,#441);
#440 = CARTESIAN_POINT('',(-61.00000066,-22.100005,0.));
#441 = VECTOR('',#442,1.);
#442 = DIRECTION('',(0.,1.,0.));
#443 = ORIENTED_EDGE('',*,*,#444,.T.);
#444 = EDGE_CURVE('',#437,#445,#447,.T.);
#445 = VERTEX_POINT('',#446);
#446 = CARTESIAN_POINT('',(-61.25176446,-19.26361733,0.));
#447 = CIRCLE('',#448,0.20000000287);
#448 = AXIS2_PLACEMENT_3D('',#449,#450,#451);
#449 = CARTESIAN_POINT('',(-61.20000066287,-19.45680250141,0.));
#450 = DIRECTION('',(0.,-0.,1.));
#451 = DIRECTION('',(1.,0.,0.));
#452 = ORIENTED_EDGE('',*,*,#453,.T.);
#453 = EDGE_CURVE('',#445,#454,#456,.T.);
#454 = VERTEX_POINT('',#455);
#455 = CARTESIAN_POINT('',(-62.30962793292,-19.54707099299,0.));
#456 = LINE('',#457,#458);
#457 = CARTESIAN_POINT('',(-61.25176446,-19.26361733,0.));
#458 = VECTOR('',#459,1.);
#459 = DIRECTION('',(-0.965925826352,-0.258819044869,0.));
#460 = ORIENTED_EDGE('',*,*,#461,.F.);
#461 = EDGE_CURVE('',#462,#454,#464,.T.);
#462 = VERTEX_POINT('',#463);
#463 = CARTESIAN_POINT('',(-63.54706604217,-18.3096300135,0.));
#464 = CIRCLE('',#465,1.75);
#465 = AXIS2_PLACEMENT_3D('',#466,#467,#468);
#466 = CARTESIAN_POINT('',(-63.99999922,-20.00000025,0.));
#467 = DIRECTION('',(-0.,0.,1.));
#468 = DIRECTION('',(1.387778780781E-16,-1.,0.));
#469 = ORIENTED_EDGE('',*,*,#470,.T.);
#470 = EDGE_CURVE('',#462,#471,#473,.T.);
#471 = VERTEX_POINT('',#472);
#472 = CARTESIAN_POINT('',(-63.26361298476,-17.25176880912,0.));
#473 = LINE('',#474,#475);
#474 = CARTESIAN_POINT('',(-63.67647685,-18.79259772,0.));
#475 = VECTOR('',#476,1.);
#476 = DIRECTION('',(0.258819046791,0.965925825837,0.));
#477 = ORIENTED_EDGE('',*,*,#478,.T.);
#478 = EDGE_CURVE('',#471,#479,#481,.T.);
#479 = VERTEX_POINT('',#480);
#480 = CARTESIAN_POINT('',(-63.45679815,-17.000005,0.));
#481 = CIRCLE('',#482,0.2);
#482 = AXIS2_PLACEMENT_3D('',#483,#484,#485);
#483 = CARTESIAN_POINT('',(-63.45679815,-17.200005,0.));
#484 = DIRECTION('',(0.,-0.,1.));
#485 = DIRECTION('',(1.,0.,0.));
#486 = ORIENTED_EDGE('',*,*,#487,.T.);
#487 = EDGE_CURVE('',#479,#488,#490,.T.);
#488 = VERTEX_POINT('',#489);
#489 = CARTESIAN_POINT('',(-68.00000066,-17.000005,0.));
#490 = LINE('',#491,#492);
#491 = CARTESIAN_POINT('',(-63.45679815,-17.000005,0.));
#492 = VECTOR('',#493,1.);
#493 = DIRECTION('',(-1.,0.,0.));
#494 = ORIENTED_EDGE('',*,*,#495,.T.);
#495 = EDGE_CURVE('',#488,#496,#498,.T.);
#496 = VERTEX_POINT('',#497);
#497 = CARTESIAN_POINT('',(-68.00000066,-15.000005,0.));
#498 = LINE('',#499,#500);
#499 = CARTESIAN_POINT('',(-68.00000066,-17.000005,0.));
#500 = VECTOR('',#501,1.);
#501 = DIRECTION('',(0.,1.,0.));
#502 = ORIENTED_EDGE('',*,*,#503,.T.);
#503 = EDGE_CURVE('',#496,#504,#506,.T.);
#504 = VERTEX_POINT('',#505);
#505 = CARTESIAN_POINT('',(-66.00000066,-15.000005,0.));
#506 = LINE('',#507,#508);
#507 = CARTESIAN_POINT('',(-68.00000066,-15.000005,0.));
#508 = VECTOR('',#509,1.);
#509 = DIRECTION('',(1.,0.,0.));
#510 = ORIENTED_EDGE('',*,*,#511,.T.);
#511 = EDGE_CURVE('',#504,#512,#514,.T.);
#512 = VERTEX_POINT('',#513);
#513 = CARTESIAN_POINT('',(-66.00000066,-13.500005,0.));
#514 = LINE('',#515,#516);
#515 = CARTESIAN_POINT('',(-66.00000066,-15.000005,0.));
#516 = VECTOR('',#517,1.);
#517 = DIRECTION('',(0.,1.,0.));
#518 = ORIENTED_EDGE('',*,*,#519,.T.);
#519 = EDGE_CURVE('',#512,#520,#522,.T.);
#520 = VERTEX_POINT('',#521);
#521 = CARTESIAN_POINT('',(-68.00000066,-13.500005,0.));
#522 = LINE('',#523,#524);
#523 = CARTESIAN_POINT('',(-66.00000066,-13.500005,0.));
#524 = VECTOR('',#525,1.);
#525 = DIRECTION('',(-1.,0.,0.));
#526 = ORIENTED_EDGE('',*,*,#527,.T.);
#527 = EDGE_CURVE('',#520,#528,#530,.T.);
#528 = VERTEX_POINT('',#529);
#529 = CARTESIAN_POINT('',(-68.00000066,-11.500005,0.));
#530 = LINE('',#531,#532);
#531 = CARTESIAN_POINT('',(-68.00000066,-13.500005,0.));
#532 = VECTOR('',#533,1.);
#533 = DIRECTION('',(0.,1.,0.));
#534 = ORIENTED_EDGE('',*,*,#535,.T.);
#535 = EDGE_CURVE('',#528,#536,#538,.T.);
#536 = VERTEX_POINT('',#537);
#537 = CARTESIAN_POINT('',(-66.00000066,-11.500005,0.));
#538 = LINE('',#539,#540);
#539 = CARTESIAN_POINT('',(-68.00000066,-11.500005,0.));
#540 = VECTOR('',#541,1.);
#541 = DIRECTION('',(1.,0.,0.));
#542 = ORIENTED_EDGE('',*,*,#543,.T.);
#543 = EDGE_CURVE('',#536,#544,#546,.T.);
#544 = VERTEX_POINT('',#545);
#545 = CARTESIAN_POINT('',(-66.00000066,-10.000005,0.));
#546 = LINE('',#547,#548);
#547 = CARTESIAN_POINT('',(-66.00000066,-11.500005,0.));
#548 = VECTOR('',#549,1.);
#549 = DIRECTION('',(0.,1.,0.));
#550 = ORIENTED_EDGE('',*,*,#551,.T.);
#551 = EDGE_CURVE('',#544,#552,#554,.T.);
#552 = VERTEX_POINT('',#553);
#553 = CARTESIAN_POINT('',(-68.00000066,-10.000005,0.));
#554 = LINE('',#555,#556);
#555 = CARTESIAN_POINT('',(-66.00000066,-10.000005,0.));
#556 = VECTOR('',#557,1.);
#557 = DIRECTION('',(-1.,0.,0.));
#558 = ORIENTED_EDGE('',*,*,#559,.T.);
#559 = EDGE_CURVE('',#552,#560,#562,.T.);
#560 = VERTEX_POINT('',#561);
#561 = CARTESIAN_POINT('',(-68.00000066,-8.000005,0.));
#562 = LINE('',#563,#564);
#563 = CARTESIAN_POINT('',(-68.00000066,-10.000005,0.));
#564 = VECTOR('',#565,1.);
#565 = DIRECTION('',(0.,1.,0.));
#566 = ORIENTED_EDGE('',*,*,#567,.T.);
#567 = EDGE_CURVE('',#560,#568,#570,.T.);
#568 = VERTEX_POINT('',#569);
#569 = CARTESIAN_POINT('',(-66.00000066,-8.000005,0.));
#570 = LINE('',#571,#572);
#571 = CARTESIAN_POINT('',(-68.00000066,-8.000005,0.));
#572 = VECTOR('',#573,1.);
#573 = DIRECTION('',(1.,0.,0.));
#574 = ORIENTED_EDGE('',*,*,#575,.T.);
#575 = EDGE_CURVE('',#568,#576,#578,.T.);
#576 = VERTEX_POINT('',#577);
#577 = CARTESIAN_POINT('',(-66.00000066,-6.500005,0.));
#578 = LINE('',#579,#580);
#579 = CARTESIAN_POINT('',(-66.00000066,-8.000005,0.));
#580 = VECTOR('',#581,1.);
#581 = DIRECTION('',(0.,1.,0.));
#582 = ORIENTED_EDGE('',*,*,#583,.T.);
#583 = EDGE_CURVE('',#576,#584,#586,.T.);
#584 = VERTEX_POINT('',#585);
#585 = CARTESIAN_POINT('',(-68.00000066,-6.500005,0.));
#586 = LINE('',#587,#588);
#587 = CARTESIAN_POINT('',(-66.00000066,-6.500005,0.));
#588 = VECTOR('',#589,1.);
#589 = DIRECTION('',(-1.,0.,0.));
#590 = ORIENTED_EDGE('',*,*,#591,.T.);
#591 = EDGE_CURVE('',#584,#592,#594,.T.);
#592 = VERTEX_POINT('',#593);
#593 = CARTESIAN_POINT('',(-68.00000066009,-3.400005005548,0.));
#594 = LINE('',#595,#596);
#595 = CARTESIAN_POINT('',(-68.00000066,-6.500005,0.));
#596 = VECTOR('',#597,1.);
#597 = DIRECTION('',(-2.922851929881E-11,1.,0.));
#598 = ORIENTED_EDGE('',*,*,#599,.T.);
#599 = EDGE_CURVE('',#592,#600,#602,.T.);
#600 = VERTEX_POINT('',#601);
#601 = CARTESIAN_POINT('',(-66.10000066,-1.40250657,0.));
#602 = CIRCLE('',#603,2.);
#603 = AXIS2_PLACEMENT_3D('',#604,#605,#606);
#604 = CARTESIAN_POINT('',(-68.10000066,-1.40250657,0.));
#605 = DIRECTION('',(0.,-0.,1.));
#606 = DIRECTION('',(1.,0.,0.));
#607 = ORIENTED_EDGE('',*,*,#608,.T.);
#608 = EDGE_CURVE('',#600,#609,#611,.T.);
#609 = VERTEX_POINT('',#610);
#610 = CARTESIAN_POINT('',(-66.10000066,-0.100005,0.));
#611 = LINE('',#612,#613);
#612 = CARTESIAN_POINT('',(-66.10000066,-1.40250657,0.));
#613 = VECTOR('',#614,1.);
#614 = DIRECTION('',(0.,1.,0.));
#615 = ORIENTED_EDGE('',*,*,#616,.T.);
#616 = EDGE_CURVE('',#609,#617,#619,.T.);
#617 = VERTEX_POINT('',#618);
#618 = CARTESIAN_POINT('',(-66.20000066,-4.999999999996E-06,0.));
#619 = CIRCLE('',#620,0.1);
#620 = AXIS2_PLACEMENT_3D('',#621,#622,#623);
#621 = CARTESIAN_POINT('',(-66.20000066,-0.100005,0.));
#622 = DIRECTION('',(0.,-0.,1.));
#623 = DIRECTION('',(1.,0.,0.));
#624 = ORIENTED_EDGE('',*,*,#625,.F.);
#625 = EDGE_CURVE('',#626,#617,#628,.T.);
#626 = VERTEX_POINT('',#627);
#627 = CARTESIAN_POINT('',(-67.40000066,-5.E-06,0.));
#628 = LINE('',#629,#630);
#629 = CARTESIAN_POINT('',(-67.40000066,-5.E-06,0.));
#630 = VECTOR('',#631,1.);
#631 = DIRECTION('',(1.,0.,0.));
#632 = ORIENTED_EDGE('',*,*,#633,.T.);
#633 = EDGE_CURVE('',#626,#634,#636,.T.);
#634 = VERTEX_POINT('',#635);
#635 = CARTESIAN_POINT('',(-67.40000066,-0.700005,0.));
#636 = LINE('',#637,#638);
#637 = CARTESIAN_POINT('',(-67.40000066,-5.E-06,0.));
#638 = VECTOR('',#639,1.);
#639 = DIRECTION('',(0.,-1.,-0.));
#640 = ORIENTED_EDGE('',*,*,#641,.F.);
#641 = EDGE_CURVE('',#642,#634,#644,.T.);
#642 = VERTEX_POINT('',#643);
#643 = CARTESIAN_POINT('',(-67.90000066,-1.200005,0.));
#644 = CIRCLE('',#645,0.5);
#645 = AXIS2_PLACEMENT_3D('',#646,#647,#648);
#646 = CARTESIAN_POINT('',(-67.90000066,-0.700005,0.));
#647 = DIRECTION('',(0.,-0.,1.));
#648 = DIRECTION('',(1.,0.,0.));
#649 = ORIENTED_EDGE('',*,*,#650,.T.);
#650 = EDGE_CURVE('',#642,#651,#653,.T.);
#651 = VERTEX_POINT('',#652);
#652 = CARTESIAN_POINT('',(-68.20000066,-1.200005,0.));
#653 = LINE('',#654,#655);
#654 = CARTESIAN_POINT('',(-67.90000066,-1.200005,0.));
#655 = VECTOR('',#656,1.);
#656 = DIRECTION('',(-1.,0.,0.));
#657 = ORIENTED_EDGE('',*,*,#658,.F.);
#658 = EDGE_CURVE('',#659,#651,#661,.T.);
#659 = VERTEX_POINT('',#660);
#660 = CARTESIAN_POINT('',(-68.70000066,-0.700005,0.));
#661 = CIRCLE('',#662,0.5);
#662 = AXIS2_PLACEMENT_3D('',#663,#664,#665);
#663 = CARTESIAN_POINT('',(-68.20000066,-0.700005,0.));
#664 = DIRECTION('',(0.,-0.,1.));
#665 = DIRECTION('',(1.,0.,0.));
#666 = ORIENTED_EDGE('',*,*,#667,.T.);
#667 = EDGE_CURVE('',#659,#668,#670,.T.);
#668 = VERTEX_POINT('',#669);
#669 = CARTESIAN_POINT('',(-68.70000066,-5.000000000016E-06,0.));
#670 = LINE('',#671,#672);
#671 = CARTESIAN_POINT('',(-68.70000066,-0.700005,0.));
#672 = VECTOR('',#673,1.);
#673 = DIRECTION('',(0.,1.,0.));
#674 = ORIENTED_EDGE('',*,*,#675,.F.);
#675 = EDGE_CURVE('',#676,#668,#678,.T.);
#676 = VERTEX_POINT('',#677);
#677 = CARTESIAN_POINT('',(-69.90000066,-4.999999999996E-06,0.));
#678 = LINE('',#679,#680);
#679 = CARTESIAN_POINT('',(-69.90000066,-5.E-06,0.));
#680 = VECTOR('',#681,1.);
#681 = DIRECTION('',(1.,0.,0.));
#682 = ORIENTED_EDGE('',*,*,#683,.T.);
#683 = EDGE_CURVE('',#676,#684,#686,.T.);
#684 = VERTEX_POINT('',#685);
#685 = CARTESIAN_POINT('',(-70.00000066,-0.100005,0.));
#686 = CIRCLE('',#687,0.1);
#687 = AXIS2_PLACEMENT_3D('',#688,#689,#690);
#688 = CARTESIAN_POINT('',(-69.90000066,-0.100005,0.));
#689 = DIRECTION('',(0.,-0.,1.));
#690 = DIRECTION('',(1.,0.,0.));
#691 = ORIENTED_EDGE('',*,*,#692,.F.);
#692 = EDGE_CURVE('',#693,#684,#695,.T.);
#693 = VERTEX_POINT('',#694);
#694 = CARTESIAN_POINT('',(-70.00000066,-15.000005,0.));
#695 = LINE('',#696,#697);
#696 = CARTESIAN_POINT('',(-70.00000066,-15.000005,0.));
#697 = VECTOR('',#698,1.);
#698 = DIRECTION('',(0.,1.,0.));
#699 = ORIENTED_EDGE('',*,*,#700,.T.);
#700 = EDGE_CURVE('',#693,#701,#703,.T.);
#701 = VERTEX_POINT('',#702);
#702 = CARTESIAN_POINT('',(-60.00000066,-25.000005,0.));
#703 = CIRCLE('',#704,10.);
#704 = AXIS2_PLACEMENT_3D('',#705,#706,#707);
#705 = CARTESIAN_POINT('',(-60.00000066,-15.000005,0.));
#706 = DIRECTION('',(0.,-0.,1.));
#707 = DIRECTION('',(1.,0.,0.));
#708 = ORIENTED_EDGE('',*,*,#709,.F.);
#709 = EDGE_CURVE('',#710,#701,#712,.T.);
#710 = VERTEX_POINT('',#711);
#711 = CARTESIAN_POINT('',(-59.30000066,-25.000005,0.));
#712 = LINE('',#713,#714);
#713 = CARTESIAN_POINT('',(-59.30000066,-25.000005,0.));
#714 = VECTOR('',#715,1.);
#715 = DIRECTION('',(-1.,0.,0.));
#716 = ORIENTED_EDGE('',*,*,#717,.T.);
#717 = EDGE_CURVE('',#710,#718,#720,.T.);
#718 = VERTEX_POINT('',#719);
#719 = CARTESIAN_POINT('',(-59.00000066,-24.700005,0.));
#720 = CIRCLE('',#721,0.3);
#721 = AXIS2_PLACEMENT_3D('',#722,#723,#724);
#722 = CARTESIAN_POINT('',(-59.30000066,-24.700005,0.));
#723 = DIRECTION('',(0.,-0.,1.));
#724 = DIRECTION('',(1.,0.,0.));
#725 = ORIENTED_EDGE('',*,*,#726,.T.);
#726 = EDGE_CURVE('',#718,#727,#729,.T.);
#727 = VERTEX_POINT('',#728);
#728 = CARTESIAN_POINT('',(-59.00000066,-24.600005,0.));
#729 = LINE('',#730,#731);
#730 = CARTESIAN_POINT('',(-59.00000066,-24.700005,0.));
#731 = VECTOR('',#732,1.);
#732 = DIRECTION('',(0.,1.,0.));
#733 = ORIENTED_EDGE('',*,*,#734,.F.);
#734 = EDGE_CURVE('',#735,#727,#737,.T.);
#735 = VERTEX_POINT('',#736);
#736 = CARTESIAN_POINT('',(-58.50000066,-24.100005,0.));
#737 = CIRCLE('',#738,0.5);
#738 = AXIS2_PLACEMENT_3D('',#739,#740,#741);
#739 = CARTESIAN_POINT('',(-58.50000066,-24.600005,0.));
#740 = DIRECTION('',(0.,-0.,1.));
#741 = DIRECTION('',(1.,0.,0.));
#742 = ORIENTED_EDGE('',*,*,#743,.T.);
#743 = EDGE_CURVE('',#735,#80,#744,.T.);
#744 = LINE('',#745,#746);
#745 = CARTESIAN_POINT('',(-58.50000066,-24.100005,0.));
#746 = VECTOR('',#747,1.);
#747 = DIRECTION('',(1.,0.,0.));
#748 = PLANE('',#749);
#749 = AXIS2_PLACEMENT_3D('',#750,#751,#752);
#750 = CARTESIAN_POINT('',(0.,0.,0.));
#751 = DIRECTION('',(0.,0.,1.));
#752 = DIRECTION('',(1.,0.,-0.));
#753 = ADVANCED_FACE('',(#754),#1360,.T.);
#754 = FACE_BOUND('',#755,.T.);
#755 = EDGE_LOOP('',(#756,#757,#758,#759,#767,#776,#784,#793,#801,#809,
    #818,#826,#835,#843,#851,#860,#868,#876,#884,#892,#900,#908,#916,
    #924,#932,#940,#948,#956,#964,#972,#980,#988,#997,#1005,#1014,#1022,
    #1031,#1039,#1047,#1055,#1064,#1072,#1081,#1089,#1098,#1106,#1114,
    #1122,#1130,#1138,#1146,#1154,#1162,#1170,#1178,#1186,#1194,#1202,
    #1210,#1219,#1227,#1236,#1244,#1252,#1261,#1269,#1278,#1286,#1294,
    #1303,#1311,#1320,#1328,#1337,#1345,#1354));
#756 = ORIENTED_EDGE('',*,*,#96,.F.);
#757 = ORIENTED_EDGE('',*,*,#49,.T.);
#758 = ORIENTED_EDGE('',*,*,#129,.T.);
#759 = ORIENTED_EDGE('',*,*,#760,.F.);
#760 = EDGE_CURVE('',#761,#122,#763,.T.);
#761 = VERTEX_POINT('',#762);
#762 = CARTESIAN_POINT('',(59.99999934,-25.000005,110.));
#763 = LINE('',#764,#765);
#764 = CARTESIAN_POINT('',(59.99999934,-25.000005,110.));
#765 = VECTOR('',#766,1.);
#766 = DIRECTION('',(-1.,0.,0.));
#767 = ORIENTED_EDGE('',*,*,#768,.T.);
#768 = EDGE_CURVE('',#761,#769,#771,.T.);
#769 = VERTEX_POINT('',#770);
#770 = CARTESIAN_POINT('',(69.99999934,-15.000005,110.));
#771 = CIRCLE('',#772,10.);
#772 = AXIS2_PLACEMENT_3D('',#773,#774,#775);
#773 = CARTESIAN_POINT('',(59.99999934,-15.000005,110.));
#774 = DIRECTION('',(0.,-0.,1.));
#775 = DIRECTION('',(1.,0.,0.));
#776 = ORIENTED_EDGE('',*,*,#777,.F.);
#777 = EDGE_CURVE('',#778,#769,#780,.T.);
#778 = VERTEX_POINT('',#779);
#779 = CARTESIAN_POINT('',(69.99999934,-0.120005,110.));
#780 = LINE('',#781,#782);
#781 = CARTESIAN_POINT('',(69.99999934,-0.120005,110.));
#782 = VECTOR('',#783,1.);
#783 = DIRECTION('',(0.,-1.,-0.));
#784 = ORIENTED_EDGE('',*,*,#785,.T.);
#785 = EDGE_CURVE('',#778,#786,#788,.T.);
#786 = VERTEX_POINT('',#787);
#787 = CARTESIAN_POINT('',(69.89999934,-2.0005E-02,110.));
#788 = CIRCLE('',#789,0.1);
#789 = AXIS2_PLACEMENT_3D('',#790,#791,#792);
#790 = CARTESIAN_POINT('',(69.89999934,-0.120005,110.));
#791 = DIRECTION('',(0.,-0.,1.));
#792 = DIRECTION('',(1.,0.,0.));
#793 = ORIENTED_EDGE('',*,*,#794,.F.);
#794 = EDGE_CURVE('',#795,#786,#797,.T.);
#795 = VERTEX_POINT('',#796);
#796 = CARTESIAN_POINT('',(68.59999934,-2.0005E-02,110.));
#797 = LINE('',#798,#799);
#798 = CARTESIAN_POINT('',(68.59999934,-2.0005E-02,110.));
#799 = VECTOR('',#800,1.);
#800 = DIRECTION('',(1.,0.,0.));
#801 = ORIENTED_EDGE('',*,*,#802,.F.);
#802 = EDGE_CURVE('',#803,#795,#805,.T.);
#803 = VERTEX_POINT('',#804);
#804 = CARTESIAN_POINT('',(68.59999934,0.679995,110.));
#805 = LINE('',#806,#807);
#806 = CARTESIAN_POINT('',(68.59999934,0.679995,110.));
#807 = VECTOR('',#808,1.);
#808 = DIRECTION('',(0.,-1.,-0.));
#809 = ORIENTED_EDGE('',*,*,#810,.T.);
#810 = EDGE_CURVE('',#803,#811,#813,.T.);
#811 = VERTEX_POINT('',#812);
#812 = CARTESIAN_POINT('',(68.09999934,1.179995,110.));
#813 = CIRCLE('',#814,0.5);
#814 = AXIS2_PLACEMENT_3D('',#815,#816,#817);
#815 = CARTESIAN_POINT('',(68.09999934,0.679995,110.));
#816 = DIRECTION('',(0.,-0.,1.));
#817 = DIRECTION('',(1.,0.,0.));
#818 = ORIENTED_EDGE('',*,*,#819,.F.);
#819 = EDGE_CURVE('',#820,#811,#822,.T.);
#820 = VERTEX_POINT('',#821);
#821 = CARTESIAN_POINT('',(67.99999934,1.179995,110.));
#822 = LINE('',#823,#824);
#823 = CARTESIAN_POINT('',(67.99999934,1.179995,110.));
#824 = VECTOR('',#825,1.);
#825 = DIRECTION('',(1.,0.,0.));
#826 = ORIENTED_EDGE('',*,*,#827,.T.);
#827 = EDGE_CURVE('',#820,#828,#830,.T.);
#828 = VERTEX_POINT('',#829);
#829 = CARTESIAN_POINT('',(67.49999934,0.679995,110.));
#830 = CIRCLE('',#831,0.5);
#831 = AXIS2_PLACEMENT_3D('',#832,#833,#834);
#832 = CARTESIAN_POINT('',(67.99999934,0.679995,110.));
#833 = DIRECTION('',(0.,-0.,1.));
#834 = DIRECTION('',(1.,0.,0.));
#835 = ORIENTED_EDGE('',*,*,#836,.F.);
#836 = EDGE_CURVE('',#837,#828,#839,.T.);
#837 = VERTEX_POINT('',#838);
#838 = CARTESIAN_POINT('',(67.49999934,-2.0005E-02,110.));
#839 = LINE('',#840,#841);
#840 = CARTESIAN_POINT('',(67.49999934,-2.0005E-02,110.));
#841 = VECTOR('',#842,1.);
#842 = DIRECTION('',(0.,1.,0.));
#843 = ORIENTED_EDGE('',*,*,#844,.F.);
#844 = EDGE_CURVE('',#845,#837,#847,.T.);
#845 = VERTEX_POINT('',#846);
#846 = CARTESIAN_POINT('',(66.19999934,-2.0005E-02,110.));
#847 = LINE('',#848,#849);
#848 = CARTESIAN_POINT('',(66.19999934,-2.0005E-02,110.));
#849 = VECTOR('',#850,1.);
#850 = DIRECTION('',(1.,0.,0.));
#851 = ORIENTED_EDGE('',*,*,#852,.T.);
#852 = EDGE_CURVE('',#845,#853,#855,.T.);
#853 = VERTEX_POINT('',#854);
#854 = CARTESIAN_POINT('',(66.09999934,-0.120005,110.));
#855 = CIRCLE('',#856,0.1);
#856 = AXIS2_PLACEMENT_3D('',#857,#858,#859);
#857 = CARTESIAN_POINT('',(66.19999934,-0.120005,110.));
#858 = DIRECTION('',(0.,-0.,1.));
#859 = DIRECTION('',(1.,0.,0.));
#860 = ORIENTED_EDGE('',*,*,#861,.T.);
#861 = EDGE_CURVE('',#853,#862,#864,.T.);
#862 = VERTEX_POINT('',#863);
#863 = CARTESIAN_POINT('',(66.09999934,-1.900005,110.));
#864 = LINE('',#865,#866);
#865 = CARTESIAN_POINT('',(66.09999934,-0.120005,110.));
#866 = VECTOR('',#867,1.);
#867 = DIRECTION('',(0.,-1.,-0.));
#868 = ORIENTED_EDGE('',*,*,#869,.T.);
#869 = EDGE_CURVE('',#862,#870,#872,.T.);
#870 = VERTEX_POINT('',#871);
#871 = CARTESIAN_POINT('',(67.99999934,-1.900005,110.));
#872 = LINE('',#873,#874);
#873 = CARTESIAN_POINT('',(66.09999934,-1.900005,110.));
#874 = VECTOR('',#875,1.);
#875 = DIRECTION('',(1.,0.,0.));
#876 = ORIENTED_EDGE('',*,*,#877,.T.);
#877 = EDGE_CURVE('',#870,#878,#880,.T.);
#878 = VERTEX_POINT('',#879);
#879 = CARTESIAN_POINT('',(67.99999934,-6.500005,110.));
#880 = LINE('',#881,#882);
#881 = CARTESIAN_POINT('',(67.99999934,-1.900005,110.));
#882 = VECTOR('',#883,1.);
#883 = DIRECTION('',(0.,-1.,-0.));
#884 = ORIENTED_EDGE('',*,*,#885,.T.);
#885 = EDGE_CURVE('',#878,#886,#888,.T.);
#886 = VERTEX_POINT('',#887);
#887 = CARTESIAN_POINT('',(65.99999934,-6.500005,110.));
#888 = LINE('',#889,#890);
#889 = CARTESIAN_POINT('',(67.99999934,-6.500005,110.));
#890 = VECTOR('',#891,1.);
#891 = DIRECTION('',(-1.,0.,0.));
#892 = ORIENTED_EDGE('',*,*,#893,.T.);
#893 = EDGE_CURVE('',#886,#894,#896,.T.);
#894 = VERTEX_POINT('',#895);
#895 = CARTESIAN_POINT('',(65.99999934,-8.000005,110.));
#896 = LINE('',#897,#898);
#897 = CARTESIAN_POINT('',(65.99999934,-6.500005,110.));
#898 = VECTOR('',#899,1.);
#899 = DIRECTION('',(0.,-1.,-0.));
#900 = ORIENTED_EDGE('',*,*,#901,.T.);
#901 = EDGE_CURVE('',#894,#902,#904,.T.);
#902 = VERTEX_POINT('',#903);
#903 = CARTESIAN_POINT('',(67.99999934,-8.000005,110.));
#904 = LINE('',#905,#906);
#905 = CARTESIAN_POINT('',(65.99999934,-8.000005,110.));
#906 = VECTOR('',#907,1.);
#907 = DIRECTION('',(1.,0.,0.));
#908 = ORIENTED_EDGE('',*,*,#909,.T.);
#909 = EDGE_CURVE('',#902,#910,#912,.T.);
#910 = VERTEX_POINT('',#911);
#911 = CARTESIAN_POINT('',(67.99999934,-10.000005,110.));
#912 = LINE('',#913,#914);
#913 = CARTESIAN_POINT('',(67.99999934,-8.000005,110.));
#914 = VECTOR('',#915,1.);
#915 = DIRECTION('',(0.,-1.,-0.));
#916 = ORIENTED_EDGE('',*,*,#917,.T.);
#917 = EDGE_CURVE('',#910,#918,#920,.T.);
#918 = VERTEX_POINT('',#919);
#919 = CARTESIAN_POINT('',(65.99999934,-10.000005,110.));
#920 = LINE('',#921,#922);
#921 = CARTESIAN_POINT('',(67.99999934,-10.000005,110.));
#922 = VECTOR('',#923,1.);
#923 = DIRECTION('',(-1.,0.,0.));
#924 = ORIENTED_EDGE('',*,*,#925,.T.);
#925 = EDGE_CURVE('',#918,#926,#928,.T.);
#926 = VERTEX_POINT('',#927);
#927 = CARTESIAN_POINT('',(65.99999934,-11.500005,110.));
#928 = LINE('',#929,#930);
#929 = CARTESIAN_POINT('',(65.99999934,-10.000005,110.));
#930 = VECTOR('',#931,1.);
#931 = DIRECTION('',(0.,-1.,-0.));
#932 = ORIENTED_EDGE('',*,*,#933,.T.);
#933 = EDGE_CURVE('',#926,#934,#936,.T.);
#934 = VERTEX_POINT('',#935);
#935 = CARTESIAN_POINT('',(67.99999934,-11.500005,110.));
#936 = LINE('',#937,#938);
#937 = CARTESIAN_POINT('',(65.99999934,-11.500005,110.));
#938 = VECTOR('',#939,1.);
#939 = DIRECTION('',(1.,0.,0.));
#940 = ORIENTED_EDGE('',*,*,#941,.T.);
#941 = EDGE_CURVE('',#934,#942,#944,.T.);
#942 = VERTEX_POINT('',#943);
#943 = CARTESIAN_POINT('',(67.99999934,-13.500005,110.));
#944 = LINE('',#945,#946);
#945 = CARTESIAN_POINT('',(67.99999934,-11.500005,110.));
#946 = VECTOR('',#947,1.);
#947 = DIRECTION('',(0.,-1.,-0.));
#948 = ORIENTED_EDGE('',*,*,#949,.T.);
#949 = EDGE_CURVE('',#942,#950,#952,.T.);
#950 = VERTEX_POINT('',#951);
#951 = CARTESIAN_POINT('',(65.99999934,-13.500005,110.));
#952 = LINE('',#953,#954);
#953 = CARTESIAN_POINT('',(67.99999934,-13.500005,110.));
#954 = VECTOR('',#955,1.);
#955 = DIRECTION('',(-1.,0.,0.));
#956 = ORIENTED_EDGE('',*,*,#957,.T.);
#957 = EDGE_CURVE('',#950,#958,#960,.T.);
#958 = VERTEX_POINT('',#959);
#959 = CARTESIAN_POINT('',(65.99999934,-15.000005,110.));
#960 = LINE('',#961,#962);
#961 = CARTESIAN_POINT('',(65.99999934,-13.500005,110.));
#962 = VECTOR('',#963,1.);
#963 = DIRECTION('',(0.,-1.,-0.));
#964 = ORIENTED_EDGE('',*,*,#965,.T.);
#965 = EDGE_CURVE('',#958,#966,#968,.T.);
#966 = VERTEX_POINT('',#967);
#967 = CARTESIAN_POINT('',(67.99999934,-15.000005,110.));
#968 = LINE('',#969,#970);
#969 = CARTESIAN_POINT('',(65.99999934,-15.000005,110.));
#970 = VECTOR('',#971,1.);
#971 = DIRECTION('',(1.,0.,0.));
#972 = ORIENTED_EDGE('',*,*,#973,.T.);
#973 = EDGE_CURVE('',#966,#974,#976,.T.);
#974 = VERTEX_POINT('',#975);
#975 = CARTESIAN_POINT('',(67.99999934,-17.000005,110.));
#976 = LINE('',#977,#978);
#977 = CARTESIAN_POINT('',(67.99999934,-15.000005,110.));
#978 = VECTOR('',#979,1.);
#979 = DIRECTION('',(0.,-1.,-0.));
#980 = ORIENTED_EDGE('',*,*,#981,.T.);
#981 = EDGE_CURVE('',#974,#982,#984,.T.);
#982 = VERTEX_POINT('',#983);
#983 = CARTESIAN_POINT('',(63.45679684,-17.000005,110.));
#984 = LINE('',#985,#986);
#985 = CARTESIAN_POINT('',(67.99999934,-17.000005,110.));
#986 = VECTOR('',#987,1.);
#987 = DIRECTION('',(-1.,0.,0.));
#988 = ORIENTED_EDGE('',*,*,#989,.T.);
#989 = EDGE_CURVE('',#982,#990,#992,.T.);
#990 = VERTEX_POINT('',#991);
#991 = CARTESIAN_POINT('',(63.26361168,-17.25176881,110.));
#992 = CIRCLE('',#993,0.199999993834);
#993 = AXIS2_PLACEMENT_3D('',#994,#995,#996);
#994 = CARTESIAN_POINT('',(63.456796836959,-17.20000499383,110.));
#995 = DIRECTION('',(0.,-0.,1.));
#996 = DIRECTION('',(1.,0.,0.));
#997 = ORIENTED_EDGE('',*,*,#998,.T.);
#998 = EDGE_CURVE('',#990,#999,#1001,.T.);
#999 = VERTEX_POINT('',#1000);
#1000 = CARTESIAN_POINT('',(63.547064922291,-18.30963073158,110.));
#1001 = LINE('',#1002,#1003);
#1002 = CARTESIAN_POINT('',(63.26361168,-17.25176881,110.));
#1003 = VECTOR('',#1004,1.);
#1004 = DIRECTION('',(0.258819040587,-0.965925827499,-0.));
#1005 = ORIENTED_EDGE('',*,*,#1006,.T.);
#1006 = EDGE_CURVE('',#999,#1007,#1009,.T.);
#1007 = VERTEX_POINT('',#1008);
#1008 = CARTESIAN_POINT('',(62.309629300579,-19.54707171086,110.));
#1009 = CIRCLE('',#1010,1.75);
#1010 = AXIS2_PLACEMENT_3D('',#1011,#1012,#1013);
#1011 = CARTESIAN_POINT('',(64.00000078,-20.00000025,110.));
#1012 = DIRECTION('',(0.,-0.,-1.));
#1013 = DIRECTION('',(5.551115123126E-17,-1.,0.));
#1014 = ORIENTED_EDGE('',*,*,#1015,.T.);
#1015 = EDGE_CURVE('',#1007,#1016,#1018,.T.);
#1016 = VERTEX_POINT('',#1017);
#1017 = CARTESIAN_POINT('',(61.251763148987,-19.26361733473,110.));
#1018 = LINE('',#1019,#1020);
#1019 = CARTESIAN_POINT('',(62.79259206,-19.67648119,110.));
#1020 = VECTOR('',#1021,1.);
#1021 = DIRECTION('',(-0.965925827404,0.258819040942,0.));
#1022 = ORIENTED_EDGE('',*,*,#1023,.T.);
#1023 = EDGE_CURVE('',#1016,#1024,#1026,.T.);
#1024 = VERTEX_POINT('',#1025);
#1025 = CARTESIAN_POINT('',(60.99999934,-19.4568025,110.));
#1026 = CIRCLE('',#1027,0.2);
#1027 = AXIS2_PLACEMENT_3D('',#1028,#1029,#1030);
#1028 = CARTESIAN_POINT('',(61.19999934,-19.4568025,110.));
#1029 = DIRECTION('',(0.,-0.,1.));
#1030 = DIRECTION('',(1.,0.,0.));
#1031 = ORIENTED_EDGE('',*,*,#1032,.T.);
#1032 = EDGE_CURVE('',#1024,#1033,#1035,.T.);
#1033 = VERTEX_POINT('',#1034);
#1034 = CARTESIAN_POINT('',(60.99999934,-22.100005,110.));
#1035 = LINE('',#1036,#1037);
#1036 = CARTESIAN_POINT('',(60.99999934,-19.4568025,110.));
#1037 = VECTOR('',#1038,1.);
#1038 = DIRECTION('',(0.,-1.,-0.));
#1039 = ORIENTED_EDGE('',*,*,#1040,.T.);
#1040 = EDGE_CURVE('',#1033,#1041,#1043,.T.);
#1041 = VERTEX_POINT('',#1042);
#1042 = CARTESIAN_POINT('',(-61.00000066,-22.100005,110.));
#1043 = LINE('',#1044,#1045);
#1044 = CARTESIAN_POINT('',(60.99999934,-22.100005,110.));
#1045 = VECTOR('',#1046,1.);
#1046 = DIRECTION('',(-1.,0.,0.));
#1047 = ORIENTED_EDGE('',*,*,#1048,.T.);
#1048 = EDGE_CURVE('',#1041,#1049,#1051,.T.);
#1049 = VERTEX_POINT('',#1050);
#1050 = CARTESIAN_POINT('',(-61.00000066,-19.4568025,110.));
#1051 = LINE('',#1052,#1053);
#1052 = CARTESIAN_POINT('',(-61.00000066,-22.100005,110.));
#1053 = VECTOR('',#1054,1.);
#1054 = DIRECTION('',(0.,1.,0.));
#1055 = ORIENTED_EDGE('',*,*,#1056,.T.);
#1056 = EDGE_CURVE('',#1049,#1057,#1059,.T.);
#1057 = VERTEX_POINT('',#1058);
#1058 = CARTESIAN_POINT('',(-61.25176446,-19.26361733,110.));
#1059 = CIRCLE('',#1060,0.20000000287);
#1060 = AXIS2_PLACEMENT_3D('',#1061,#1062,#1063);
#1061 = CARTESIAN_POINT('',(-61.20000066287,-19.45680250141,110.));
#1062 = DIRECTION('',(0.,-0.,1.));
#1063 = DIRECTION('',(1.,0.,0.));
#1064 = ORIENTED_EDGE('',*,*,#1065,.T.);
#1065 = EDGE_CURVE('',#1057,#1066,#1068,.T.);
#1066 = VERTEX_POINT('',#1067);
#1067 = CARTESIAN_POINT('',(-62.30962793292,-19.54707099299,110.));
#1068 = LINE('',#1069,#1070);
#1069 = CARTESIAN_POINT('',(-61.25176446,-19.26361733,110.));
#1070 = VECTOR('',#1071,1.);
#1071 = DIRECTION('',(-0.965925826352,-0.258819044869,0.));
#1072 = ORIENTED_EDGE('',*,*,#1073,.T.);
#1073 = EDGE_CURVE('',#1066,#1074,#1076,.T.);
#1074 = VERTEX_POINT('',#1075);
#1075 = CARTESIAN_POINT('',(-63.54706604217,-18.3096300135,110.));
#1076 = CIRCLE('',#1077,1.75);
#1077 = AXIS2_PLACEMENT_3D('',#1078,#1079,#1080);
#1078 = CARTESIAN_POINT('',(-63.99999922,-20.00000025,110.));
#1079 = DIRECTION('',(-0.,0.,-1.));
#1080 = DIRECTION('',(-8.326672684689E-17,-1.,0.));
#1081 = ORIENTED_EDGE('',*,*,#1082,.T.);
#1082 = EDGE_CURVE('',#1074,#1083,#1085,.T.);
#1083 = VERTEX_POINT('',#1084);
#1084 = CARTESIAN_POINT('',(-63.26361298476,-17.25176880912,110.));
#1085 = LINE('',#1086,#1087);
#1086 = CARTESIAN_POINT('',(-63.67647685,-18.79259772,110.));
#1087 = VECTOR('',#1088,1.);
#1088 = DIRECTION('',(0.258819046791,0.965925825837,0.));
#1089 = ORIENTED_EDGE('',*,*,#1090,.T.);
#1090 = EDGE_CURVE('',#1083,#1091,#1093,.T.);
#1091 = VERTEX_POINT('',#1092);
#1092 = CARTESIAN_POINT('',(-63.45679815,-17.000005,110.));
#1093 = CIRCLE('',#1094,0.2);
#1094 = AXIS2_PLACEMENT_3D('',#1095,#1096,#1097);
#1095 = CARTESIAN_POINT('',(-63.45679815,-17.200005,110.));
#1096 = DIRECTION('',(0.,-0.,1.));
#1097 = DIRECTION('',(1.,0.,0.));
#1098 = ORIENTED_EDGE('',*,*,#1099,.T.);
#1099 = EDGE_CURVE('',#1091,#1100,#1102,.T.);
#1100 = VERTEX_POINT('',#1101);
#1101 = CARTESIAN_POINT('',(-68.00000066,-17.000005,110.));
#1102 = LINE('',#1103,#1104);
#1103 = CARTESIAN_POINT('',(-63.45679815,-17.000005,110.));
#1104 = VECTOR('',#1105,1.);
#1105 = DIRECTION('',(-1.,0.,0.));
#1106 = ORIENTED_EDGE('',*,*,#1107,.T.);
#1107 = EDGE_CURVE('',#1100,#1108,#1110,.T.);
#1108 = VERTEX_POINT('',#1109);
#1109 = CARTESIAN_POINT('',(-68.00000066,-15.000005,110.));
#1110 = LINE('',#1111,#1112);
#1111 = CARTESIAN_POINT('',(-68.00000066,-17.000005,110.));
#1112 = VECTOR('',#1113,1.);
#1113 = DIRECTION('',(0.,1.,0.));
#1114 = ORIENTED_EDGE('',*,*,#1115,.T.);
#1115 = EDGE_CURVE('',#1108,#1116,#1118,.T.);
#1116 = VERTEX_POINT('',#1117);
#1117 = CARTESIAN_POINT('',(-66.00000066,-15.000005,110.));
#1118 = LINE('',#1119,#1120);
#1119 = CARTESIAN_POINT('',(-68.00000066,-15.000005,110.));
#1120 = VECTOR('',#1121,1.);
#1121 = DIRECTION('',(1.,0.,0.));
#1122 = ORIENTED_EDGE('',*,*,#1123,.T.);
#1123 = EDGE_CURVE('',#1116,#1124,#1126,.T.);
#1124 = VERTEX_POINT('',#1125);
#1125 = CARTESIAN_POINT('',(-66.00000066,-13.500005,110.));
#1126 = LINE('',#1127,#1128);
#1127 = CARTESIAN_POINT('',(-66.00000066,-15.000005,110.));
#1128 = VECTOR('',#1129,1.);
#1129 = DIRECTION('',(0.,1.,0.));
#1130 = ORIENTED_EDGE('',*,*,#1131,.T.);
#1131 = EDGE_CURVE('',#1124,#1132,#1134,.T.);
#1132 = VERTEX_POINT('',#1133);
#1133 = CARTESIAN_POINT('',(-68.00000066,-13.500005,110.));
#1134 = LINE('',#1135,#1136);
#1135 = CARTESIAN_POINT('',(-66.00000066,-13.500005,110.));
#1136 = VECTOR('',#1137,1.);
#1137 = DIRECTION('',(-1.,0.,0.));
#1138 = ORIENTED_EDGE('',*,*,#1139,.T.);
#1139 = EDGE_CURVE('',#1132,#1140,#1142,.T.);
#1140 = VERTEX_POINT('',#1141);
#1141 = CARTESIAN_POINT('',(-68.00000066,-11.500005,110.));
#1142 = LINE('',#1143,#1144);
#1143 = CARTESIAN_POINT('',(-68.00000066,-13.500005,110.));
#1144 = VECTOR('',#1145,1.);
#1145 = DIRECTION('',(0.,1.,0.));
#1146 = ORIENTED_EDGE('',*,*,#1147,.T.);
#1147 = EDGE_CURVE('',#1140,#1148,#1150,.T.);
#1148 = VERTEX_POINT('',#1149);
#1149 = CARTESIAN_POINT('',(-66.00000066,-11.500005,110.));
#1150 = LINE('',#1151,#1152);
#1151 = CARTESIAN_POINT('',(-68.00000066,-11.500005,110.));
#1152 = VECTOR('',#1153,1.);
#1153 = DIRECTION('',(1.,0.,0.));
#1154 = ORIENTED_EDGE('',*,*,#1155,.T.);
#1155 = EDGE_CURVE('',#1148,#1156,#1158,.T.);
#1156 = VERTEX_POINT('',#1157);
#1157 = CARTESIAN_POINT('',(-66.00000066,-10.000005,110.));
#1158 = LINE('',#1159,#1160);
#1159 = CARTESIAN_POINT('',(-66.00000066,-11.500005,110.));
#1160 = VECTOR('',#1161,1.);
#1161 = DIRECTION('',(0.,1.,0.));
#1162 = ORIENTED_EDGE('',*,*,#1163,.T.);
#1163 = EDGE_CURVE('',#1156,#1164,#1166,.T.);
#1164 = VERTEX_POINT('',#1165);
#1165 = CARTESIAN_POINT('',(-68.00000066,-10.000005,110.));
#1166 = LINE('',#1167,#1168);
#1167 = CARTESIAN_POINT('',(-66.00000066,-10.000005,110.));
#1168 = VECTOR('',#1169,1.);
#1169 = DIRECTION('',(-1.,0.,0.));
#1170 = ORIENTED_EDGE('',*,*,#1171,.T.);
#1171 = EDGE_CURVE('',#1164,#1172,#1174,.T.);
#1172 = VERTEX_POINT('',#1173);
#1173 = CARTESIAN_POINT('',(-68.00000066,-8.000005,110.));
#1174 = LINE('',#1175,#1176);
#1175 = CARTESIAN_POINT('',(-68.00000066,-10.000005,110.));
#1176 = VECTOR('',#1177,1.);
#1177 = DIRECTION('',(0.,1.,0.));
#1178 = ORIENTED_EDGE('',*,*,#1179,.T.);
#1179 = EDGE_CURVE('',#1172,#1180,#1182,.T.);
#1180 = VERTEX_POINT('',#1181);
#1181 = CARTESIAN_POINT('',(-66.00000066,-8.000005,110.));
#1182 = LINE('',#1183,#1184);
#1183 = CARTESIAN_POINT('',(-68.00000066,-8.000005,110.));
#1184 = VECTOR('',#1185,1.);
#1185 = DIRECTION('',(1.,0.,0.));
#1186 = ORIENTED_EDGE('',*,*,#1187,.T.);
#1187 = EDGE_CURVE('',#1180,#1188,#1190,.T.);
#1188 = VERTEX_POINT('',#1189);
#1189 = CARTESIAN_POINT('',(-66.00000066,-6.500005,110.));
#1190 = LINE('',#1191,#1192);
#1191 = CARTESIAN_POINT('',(-66.00000066,-8.000005,110.));
#1192 = VECTOR('',#1193,1.);
#1193 = DIRECTION('',(0.,1.,0.));
#1194 = ORIENTED_EDGE('',*,*,#1195,.T.);
#1195 = EDGE_CURVE('',#1188,#1196,#1198,.T.);
#1196 = VERTEX_POINT('',#1197);
#1197 = CARTESIAN_POINT('',(-68.00000066,-6.500005,110.));
#1198 = LINE('',#1199,#1200);
#1199 = CARTESIAN_POINT('',(-66.00000066,-6.500005,110.));
#1200 = VECTOR('',#1201,1.);
#1201 = DIRECTION('',(-1.,0.,0.));
#1202 = ORIENTED_EDGE('',*,*,#1203,.T.);
#1203 = EDGE_CURVE('',#1196,#1204,#1206,.T.);
#1204 = VERTEX_POINT('',#1205);
#1205 = CARTESIAN_POINT('',(-68.00000066009,-3.400005005548,110.));
#1206 = LINE('',#1207,#1208);
#1207 = CARTESIAN_POINT('',(-68.00000066,-6.500005,110.));
#1208 = VECTOR('',#1209,1.);
#1209 = DIRECTION('',(-2.922851929881E-11,1.,0.));
#1210 = ORIENTED_EDGE('',*,*,#1211,.T.);
#1211 = EDGE_CURVE('',#1204,#1212,#1214,.T.);
#1212 = VERTEX_POINT('',#1213);
#1213 = CARTESIAN_POINT('',(-66.10000066,-1.40250657,110.));
#1214 = CIRCLE('',#1215,2.);
#1215 = AXIS2_PLACEMENT_3D('',#1216,#1217,#1218);
#1216 = CARTESIAN_POINT('',(-68.10000066,-1.40250657,110.));
#1217 = DIRECTION('',(0.,-0.,1.));
#1218 = DIRECTION('',(1.,0.,0.));
#1219 = ORIENTED_EDGE('',*,*,#1220,.T.);
#1220 = EDGE_CURVE('',#1212,#1221,#1223,.T.);
#1221 = VERTEX_POINT('',#1222);
#1222 = CARTESIAN_POINT('',(-66.10000066,-0.100005,110.));
#1223 = LINE('',#1224,#1225);
#1224 = CARTESIAN_POINT('',(-66.10000066,-1.40250657,110.));
#1225 = VECTOR('',#1226,1.);
#1226 = DIRECTION('',(0.,1.,0.));
#1227 = ORIENTED_EDGE('',*,*,#1228,.T.);
#1228 = EDGE_CURVE('',#1221,#1229,#1231,.T.);
#1229 = VERTEX_POINT('',#1230);
#1230 = CARTESIAN_POINT('',(-66.20000066,-4.999999999996E-06,110.));
#1231 = CIRCLE('',#1232,0.1);
#1232 = AXIS2_PLACEMENT_3D('',#1233,#1234,#1235);
#1233 = CARTESIAN_POINT('',(-66.20000066,-0.100005,110.));
#1234 = DIRECTION('',(0.,-0.,1.));
#1235 = DIRECTION('',(1.,0.,0.));
#1236 = ORIENTED_EDGE('',*,*,#1237,.F.);
#1237 = EDGE_CURVE('',#1238,#1229,#1240,.T.);
#1238 = VERTEX_POINT('',#1239);
#1239 = CARTESIAN_POINT('',(-67.40000066,-5.E-06,110.));
#1240 = LINE('',#1241,#1242);
#1241 = CARTESIAN_POINT('',(-67.40000066,-5.E-06,110.));
#1242 = VECTOR('',#1243,1.);
#1243 = DIRECTION('',(1.,0.,0.));
#1244 = ORIENTED_EDGE('',*,*,#1245,.T.);
#1245 = EDGE_CURVE('',#1238,#1246,#1248,.T.);
#1246 = VERTEX_POINT('',#1247);
#1247 = CARTESIAN_POINT('',(-67.40000066,-0.700005,110.));
#1248 = LINE('',#1249,#1250);
#1249 = CARTESIAN_POINT('',(-67.40000066,-5.E-06,110.));
#1250 = VECTOR('',#1251,1.);
#1251 = DIRECTION('',(0.,-1.,-0.));
#1252 = ORIENTED_EDGE('',*,*,#1253,.F.);
#1253 = EDGE_CURVE('',#1254,#1246,#1256,.T.);
#1254 = VERTEX_POINT('',#1255);
#1255 = CARTESIAN_POINT('',(-67.90000066,-1.200005,110.));
#1256 = CIRCLE('',#1257,0.5);
#1257 = AXIS2_PLACEMENT_3D('',#1258,#1259,#1260);
#1258 = CARTESIAN_POINT('',(-67.90000066,-0.700005,110.));
#1259 = DIRECTION('',(0.,-0.,1.));
#1260 = DIRECTION('',(1.,0.,0.));
#1261 = ORIENTED_EDGE('',*,*,#1262,.T.);
#1262 = EDGE_CURVE('',#1254,#1263,#1265,.T.);
#1263 = VERTEX_POINT('',#1264);
#1264 = CARTESIAN_POINT('',(-68.20000066,-1.200005,110.));
#1265 = LINE('',#1266,#1267);
#1266 = CARTESIAN_POINT('',(-67.90000066,-1.200005,110.));
#1267 = VECTOR('',#1268,1.);
#1268 = DIRECTION('',(-1.,0.,0.));
#1269 = ORIENTED_EDGE('',*,*,#1270,.F.);
#1270 = EDGE_CURVE('',#1271,#1263,#1273,.T.);
#1271 = VERTEX_POINT('',#1272);
#1272 = CARTESIAN_POINT('',(-68.70000066,-0.700005,110.));
#1273 = CIRCLE('',#1274,0.5);
#1274 = AXIS2_PLACEMENT_3D('',#1275,#1276,#1277);
#1275 = CARTESIAN_POINT('',(-68.20000066,-0.700005,110.));
#1276 = DIRECTION('',(0.,-0.,1.));
#1277 = DIRECTION('',(1.,0.,0.));
#1278 = ORIENTED_EDGE('',*,*,#1279,.T.);
#1279 = EDGE_CURVE('',#1271,#1280,#1282,.T.);
#1280 = VERTEX_POINT('',#1281);
#1281 = CARTESIAN_POINT('',(-68.70000066,-5.000000000016E-06,110.));
#1282 = LINE('',#1283,#1284);
#1283 = CARTESIAN_POINT('',(-68.70000066,-0.700005,110.));
#1284 = VECTOR('',#1285,1.);
#1285 = DIRECTION('',(0.,1.,0.));
#1286 = ORIENTED_EDGE('',*,*,#1287,.F.);
#1287 = EDGE_CURVE('',#1288,#1280,#1290,.T.);
#1288 = VERTEX_POINT('',#1289);
#1289 = CARTESIAN_POINT('',(-69.90000066,-4.999999999996E-06,110.));
#1290 = LINE('',#1291,#1292);
#1291 = CARTESIAN_POINT('',(-69.90000066,-5.E-06,110.));
#1292 = VECTOR('',#1293,1.);
#1293 = DIRECTION('',(1.,0.,0.));
#1294 = ORIENTED_EDGE('',*,*,#1295,.T.);
#1295 = EDGE_CURVE('',#1288,#1296,#1298,.T.);
#1296 = VERTEX_POINT('',#1297);
#1297 = CARTESIAN_POINT('',(-70.00000066,-0.100005,110.));
#1298 = CIRCLE('',#1299,0.1);
#1299 = AXIS2_PLACEMENT_3D('',#1300,#1301,#1302);
#1300 = CARTESIAN_POINT('',(-69.90000066,-0.100005,110.));
#1301 = DIRECTION('',(0.,-0.,1.));
#1302 = DIRECTION('',(1.,0.,0.));
#1303 = ORIENTED_EDGE('',*,*,#1304,.F.);
#1304 = EDGE_CURVE('',#1305,#1296,#1307,.T.);
#1305 = VERTEX_POINT('',#1306);
#1306 = CARTESIAN_POINT('',(-70.00000066,-15.000005,110.));
#1307 = LINE('',#1308,#1309);
#1308 = CARTESIAN_POINT('',(-70.00000066,-15.000005,110.));
#1309 = VECTOR('',#1310,1.);
#1310 = DIRECTION('',(0.,1.,0.));
#1311 = ORIENTED_EDGE('',*,*,#1312,.T.);
#1312 = EDGE_CURVE('',#1305,#1313,#1315,.T.);
#1313 = VERTEX_POINT('',#1314);
#1314 = CARTESIAN_POINT('',(-60.00000066,-25.000005,110.));
#1315 = CIRCLE('',#1316,10.);
#1316 = AXIS2_PLACEMENT_3D('',#1317,#1318,#1319);
#1317 = CARTESIAN_POINT('',(-60.00000066,-15.000005,110.));
#1318 = DIRECTION('',(0.,-0.,1.));
#1319 = DIRECTION('',(1.,0.,0.));
#1320 = ORIENTED_EDGE('',*,*,#1321,.F.);
#1321 = EDGE_CURVE('',#1322,#1313,#1324,.T.);
#1322 = VERTEX_POINT('',#1323);
#1323 = CARTESIAN_POINT('',(-59.30000066,-25.000005,110.));
#1324 = LINE('',#1325,#1326);
#1325 = CARTESIAN_POINT('',(-59.30000066,-25.000005,110.));
#1326 = VECTOR('',#1327,1.);
#1327 = DIRECTION('',(-1.,0.,0.));
#1328 = ORIENTED_EDGE('',*,*,#1329,.T.);
#1329 = EDGE_CURVE('',#1322,#1330,#1332,.T.);
#1330 = VERTEX_POINT('',#1331);
#1331 = CARTESIAN_POINT('',(-59.00000066,-24.700005,110.));
#1332 = CIRCLE('',#1333,0.3);
#1333 = AXIS2_PLACEMENT_3D('',#1334,#1335,#1336);
#1334 = CARTESIAN_POINT('',(-59.30000066,-24.700005,110.));
#1335 = DIRECTION('',(0.,-0.,1.));
#1336 = DIRECTION('',(1.,0.,0.));
#1337 = ORIENTED_EDGE('',*,*,#1338,.T.);
#1338 = EDGE_CURVE('',#1330,#1339,#1341,.T.);
#1339 = VERTEX_POINT('',#1340);
#1340 = CARTESIAN_POINT('',(-59.00000066,-24.600005,110.));
#1341 = LINE('',#1342,#1343);
#1342 = CARTESIAN_POINT('',(-59.00000066,-24.700005,110.));
#1343 = VECTOR('',#1344,1.);
#1344 = DIRECTION('',(0.,1.,0.));
#1345 = ORIENTED_EDGE('',*,*,#1346,.F.);
#1346 = EDGE_CURVE('',#1347,#1339,#1349,.T.);
#1347 = VERTEX_POINT('',#1348);
#1348 = CARTESIAN_POINT('',(-58.50000066,-24.100005,110.));
#1349 = CIRCLE('',#1350,0.5);
#1350 = AXIS2_PLACEMENT_3D('',#1351,#1352,#1353);
#1351 = CARTESIAN_POINT('',(-58.50000066,-24.600005,110.));
#1352 = DIRECTION('',(0.,-0.,1.));
#1353 = DIRECTION('',(1.,0.,0.));
#1354 = ORIENTED_EDGE('',*,*,#1355,.T.);
#1355 = EDGE_CURVE('',#1347,#89,#1356,.T.);
#1356 = LINE('',#1357,#1358);
#1357 = CARTESIAN_POINT('',(-58.50000066,-24.100005,110.));
#1358 = VECTOR('',#1359,1.);
#1359 = DIRECTION('',(1.,0.,0.));
#1360 = PLANE('',#1361);
#1361 = AXIS2_PLACEMENT_3D('',#1362,#1363,#1364);
#1362 = CARTESIAN_POINT('',(0.,0.,110.));
#1363 = DIRECTION('',(0.,0.,1.));
#1364 = DIRECTION('',(1.,0.,-0.));
#1365 = ADVANCED_FACE('',(#1366),#1377,.F.);
#1366 = FACE_BOUND('',#1367,.F.);
#1367 = EDGE_LOOP('',(#1368,#1374,#1375,#1376));
#1368 = ORIENTED_EDGE('',*,*,#1369,.T.);
#1369 = EDGE_CURVE('',#735,#1347,#1370,.T.);
#1370 = LINE('',#1371,#1372);
#1371 = CARTESIAN_POINT('',(-58.50000066,-24.100005,0.));
#1372 = VECTOR('',#1373,1.);
#1373 = DIRECTION('',(0.,0.,1.));
#1374 = ORIENTED_EDGE('',*,*,#1355,.T.);
#1375 = ORIENTED_EDGE('',*,*,#88,.F.);
#1376 = ORIENTED_EDGE('',*,*,#743,.F.);
#1377 = PLANE('',#1378);
#1378 = AXIS2_PLACEMENT_3D('',#1379,#1380,#1381);
#1379 = CARTESIAN_POINT('',(-58.50000066,-24.100005,0.));
#1380 = DIRECTION('',(0.,1.,0.));
#1381 = DIRECTION('',(1.,0.,0.));
#1382 = ADVANCED_FACE('',(#1383),#1394,.T.);
#1383 = FACE_BOUND('',#1384,.T.);
#1384 = EDGE_LOOP('',(#1385,#1391,#1392,#1393));
#1385 = ORIENTED_EDGE('',*,*,#1386,.T.);
#1386 = EDGE_CURVE('',#149,#761,#1387,.T.);
#1387 = LINE('',#1388,#1389);
#1388 = CARTESIAN_POINT('',(59.99999934,-25.000005,0.));
#1389 = VECTOR('',#1390,1.);
#1390 = DIRECTION('',(0.,0.,1.));
#1391 = ORIENTED_EDGE('',*,*,#760,.T.);
#1392 = ORIENTED_EDGE('',*,*,#121,.F.);
#1393 = ORIENTED_EDGE('',*,*,#148,.F.);
#1394 = PLANE('',#1395);
#1395 = AXIS2_PLACEMENT_3D('',#1396,#1397,#1398);
#1396 = CARTESIAN_POINT('',(59.99999934,-25.000005,0.));
#1397 = DIRECTION('',(0.,-1.,0.));
#1398 = DIRECTION('',(-1.,0.,0.));
#1399 = ADVANCED_FACE('',(#1400),#1411,.F.);
#1400 = FACE_BOUND('',#1401,.F.);
#1401 = EDGE_LOOP('',(#1402,#1403,#1409,#1410));
#1402 = ORIENTED_EDGE('',*,*,#734,.T.);
#1403 = ORIENTED_EDGE('',*,*,#1404,.T.);
#1404 = EDGE_CURVE('',#727,#1339,#1405,.T.);
#1405 = LINE('',#1406,#1407);
#1406 = CARTESIAN_POINT('',(-59.00000066,-24.600005,0.));
#1407 = VECTOR('',#1408,1.);
#1408 = DIRECTION('',(0.,0.,1.));
#1409 = ORIENTED_EDGE('',*,*,#1346,.F.);
#1410 = ORIENTED_EDGE('',*,*,#1369,.F.);
#1411 = CYLINDRICAL_SURFACE('',#1412,0.5);
#1412 = AXIS2_PLACEMENT_3D('',#1413,#1414,#1415);
#1413 = CARTESIAN_POINT('',(-58.50000066,-24.600005,0.));
#1414 = DIRECTION('',(-0.,0.,-1.));
#1415 = DIRECTION('',(1.,0.,0.));
#1416 = ADVANCED_FACE('',(#1417),#1428,.F.);
#1417 = FACE_BOUND('',#1418,.F.);
#1418 = EDGE_LOOP('',(#1419,#1425,#1426,#1427));
#1419 = ORIENTED_EDGE('',*,*,#1420,.T.);
#1420 = EDGE_CURVE('',#718,#1330,#1421,.T.);
#1421 = LINE('',#1422,#1423);
#1422 = CARTESIAN_POINT('',(-59.00000066,-24.700005,0.));
#1423 = VECTOR('',#1424,1.);
#1424 = DIRECTION('',(0.,0.,1.));
#1425 = ORIENTED_EDGE('',*,*,#1338,.T.);
#1426 = ORIENTED_EDGE('',*,*,#1404,.F.);
#1427 = ORIENTED_EDGE('',*,*,#726,.F.);
#1428 = PLANE('',#1429);
#1429 = AXIS2_PLACEMENT_3D('',#1430,#1431,#1432);
#1430 = CARTESIAN_POINT('',(-59.00000066,-24.700005,0.));
#1431 = DIRECTION('',(-1.,0.,0.));
#1432 = DIRECTION('',(0.,1.,0.));
#1433 = ADVANCED_FACE('',(#1434),#1445,.T.);
#1434 = FACE_BOUND('',#1435,.T.);
#1435 = EDGE_LOOP('',(#1436,#1437,#1438,#1439));
#1436 = ORIENTED_EDGE('',*,*,#717,.T.);
#1437 = ORIENTED_EDGE('',*,*,#1420,.T.);
#1438 = ORIENTED_EDGE('',*,*,#1329,.F.);
#1439 = ORIENTED_EDGE('',*,*,#1440,.F.);
#1440 = EDGE_CURVE('',#710,#1322,#1441,.T.);
#1441 = LINE('',#1442,#1443);
#1442 = CARTESIAN_POINT('',(-59.30000066,-25.000005,0.));
#1443 = VECTOR('',#1444,1.);
#1444 = DIRECTION('',(0.,0.,1.));
#1445 = CYLINDRICAL_SURFACE('',#1446,0.3);
#1446 = AXIS2_PLACEMENT_3D('',#1447,#1448,#1449);
#1447 = CARTESIAN_POINT('',(-59.30000066,-24.700005,0.));
#1448 = DIRECTION('',(-0.,0.,-1.));
#1449 = DIRECTION('',(1.,0.,0.));
#1450 = ADVANCED_FACE('',(#1451),#1462,.T.);
#1451 = FACE_BOUND('',#1452,.T.);
#1452 = EDGE_LOOP('',(#1453,#1454,#1455,#1461));
#1453 = ORIENTED_EDGE('',*,*,#1440,.T.);
#1454 = ORIENTED_EDGE('',*,*,#1321,.T.);
#1455 = ORIENTED_EDGE('',*,*,#1456,.F.);
#1456 = EDGE_CURVE('',#701,#1313,#1457,.T.);
#1457 = LINE('',#1458,#1459);
#1458 = CARTESIAN_POINT('',(-60.00000066,-25.000005,0.));
#1459 = VECTOR('',#1460,1.);
#1460 = DIRECTION('',(0.,0.,1.));
#1461 = ORIENTED_EDGE('',*,*,#709,.F.);
#1462 = PLANE('',#1463);
#1463 = AXIS2_PLACEMENT_3D('',#1464,#1465,#1466);
#1464 = CARTESIAN_POINT('',(-59.30000066,-25.000005,0.));
#1465 = DIRECTION('',(0.,-1.,0.));
#1466 = DIRECTION('',(-1.,0.,0.));
#1467 = ADVANCED_FACE('',(#1468),#1479,.T.);
#1468 = FACE_BOUND('',#1469,.T.);
#1469 = EDGE_LOOP('',(#1470,#1471,#1472,#1473));
#1470 = ORIENTED_EDGE('',*,*,#700,.T.);
#1471 = ORIENTED_EDGE('',*,*,#1456,.T.);
#1472 = ORIENTED_EDGE('',*,*,#1312,.F.);
#1473 = ORIENTED_EDGE('',*,*,#1474,.F.);
#1474 = EDGE_CURVE('',#693,#1305,#1475,.T.);
#1475 = LINE('',#1476,#1477);
#1476 = CARTESIAN_POINT('',(-70.00000066,-15.000005,0.));
#1477 = VECTOR('',#1478,1.);
#1478 = DIRECTION('',(0.,0.,1.));
#1479 = CYLINDRICAL_SURFACE('',#1480,10.);
#1480 = AXIS2_PLACEMENT_3D('',#1481,#1482,#1483);
#1481 = CARTESIAN_POINT('',(-60.00000066,-15.000005,0.));
#1482 = DIRECTION('',(-0.,0.,-1.));
#1483 = DIRECTION('',(1.,0.,0.));
#1484 = ADVANCED_FACE('',(#1485),#1496,.T.);
#1485 = FACE_BOUND('',#1486,.T.);
#1486 = EDGE_LOOP('',(#1487,#1488,#1489,#1495));
#1487 = ORIENTED_EDGE('',*,*,#1474,.T.);
#1488 = ORIENTED_EDGE('',*,*,#1304,.T.);
#1489 = ORIENTED_EDGE('',*,*,#1490,.F.);
#1490 = EDGE_CURVE('',#684,#1296,#1491,.T.);
#1491 = LINE('',#1492,#1493);
#1492 = CARTESIAN_POINT('',(-70.00000066,-0.100005,0.));
#1493 = VECTOR('',#1494,1.);
#1494 = DIRECTION('',(0.,0.,1.));
#1495 = ORIENTED_EDGE('',*,*,#692,.F.);
#1496 = PLANE('',#1497);
#1497 = AXIS2_PLACEMENT_3D('',#1498,#1499,#1500);
#1498 = CARTESIAN_POINT('',(-70.00000066,-15.000005,0.));
#1499 = DIRECTION('',(-1.,0.,0.));
#1500 = DIRECTION('',(0.,1.,0.));
#1501 = ADVANCED_FACE('',(#1502),#1513,.T.);
#1502 = FACE_BOUND('',#1503,.T.);
#1503 = EDGE_LOOP('',(#1504,#1505,#1506,#1507));
#1504 = ORIENTED_EDGE('',*,*,#683,.T.);
#1505 = ORIENTED_EDGE('',*,*,#1490,.T.);
#1506 = ORIENTED_EDGE('',*,*,#1295,.F.);
#1507 = ORIENTED_EDGE('',*,*,#1508,.F.);
#1508 = EDGE_CURVE('',#676,#1288,#1509,.T.);
#1509 = LINE('',#1510,#1511);
#1510 = CARTESIAN_POINT('',(-69.90000066,-4.999999999996E-06,0.));
#1511 = VECTOR('',#1512,1.);
#1512 = DIRECTION('',(0.,0.,1.));
#1513 = CYLINDRICAL_SURFACE('',#1514,0.1);
#1514 = AXIS2_PLACEMENT_3D('',#1515,#1516,#1517);
#1515 = CARTESIAN_POINT('',(-69.90000066,-0.100005,0.));
#1516 = DIRECTION('',(-0.,0.,-1.));
#1517 = DIRECTION('',(1.,0.,0.));
#1518 = ADVANCED_FACE('',(#1519),#1530,.T.);
#1519 = FACE_BOUND('',#1520,.T.);
#1520 = EDGE_LOOP('',(#1521,#1522,#1523,#1529));
#1521 = ORIENTED_EDGE('',*,*,#1508,.T.);
#1522 = ORIENTED_EDGE('',*,*,#1287,.T.);
#1523 = ORIENTED_EDGE('',*,*,#1524,.F.);
#1524 = EDGE_CURVE('',#668,#1280,#1525,.T.);
#1525 = LINE('',#1526,#1527);
#1526 = CARTESIAN_POINT('',(-68.70000066,-5.000000000016E-06,0.));
#1527 = VECTOR('',#1528,1.);
#1528 = DIRECTION('',(0.,0.,1.));
#1529 = ORIENTED_EDGE('',*,*,#675,.F.);
#1530 = PLANE('',#1531);
#1531 = AXIS2_PLACEMENT_3D('',#1532,#1533,#1534);
#1532 = CARTESIAN_POINT('',(-69.90000066,-5.E-06,0.));
#1533 = DIRECTION('',(0.,1.,0.));
#1534 = DIRECTION('',(1.,0.,0.));
#1535 = ADVANCED_FACE('',(#1536),#1547,.F.);
#1536 = FACE_BOUND('',#1537,.F.);
#1537 = EDGE_LOOP('',(#1538,#1544,#1545,#1546));
#1538 = ORIENTED_EDGE('',*,*,#1539,.T.);
#1539 = EDGE_CURVE('',#659,#1271,#1540,.T.);
#1540 = LINE('',#1541,#1542);
#1541 = CARTESIAN_POINT('',(-68.70000066,-0.700005,0.));
#1542 = VECTOR('',#1543,1.);
#1543 = DIRECTION('',(0.,0.,1.));
#1544 = ORIENTED_EDGE('',*,*,#1279,.T.);
#1545 = ORIENTED_EDGE('',*,*,#1524,.F.);
#1546 = ORIENTED_EDGE('',*,*,#667,.F.);
#1547 = PLANE('',#1548);
#1548 = AXIS2_PLACEMENT_3D('',#1549,#1550,#1551);
#1549 = CARTESIAN_POINT('',(-68.70000066,-0.700005,0.));
#1550 = DIRECTION('',(-1.,0.,0.));
#1551 = DIRECTION('',(0.,1.,0.));
#1552 = ADVANCED_FACE('',(#1553),#1564,.F.);
#1553 = FACE_BOUND('',#1554,.F.);
#1554 = EDGE_LOOP('',(#1555,#1556,#1562,#1563));
#1555 = ORIENTED_EDGE('',*,*,#658,.T.);
#1556 = ORIENTED_EDGE('',*,*,#1557,.T.);
#1557 = EDGE_CURVE('',#651,#1263,#1558,.T.);
#1558 = LINE('',#1559,#1560);
#1559 = CARTESIAN_POINT('',(-68.20000066,-1.200005,0.));
#1560 = VECTOR('',#1561,1.);
#1561 = DIRECTION('',(0.,0.,1.));
#1562 = ORIENTED_EDGE('',*,*,#1270,.F.);
#1563 = ORIENTED_EDGE('',*,*,#1539,.F.);
#1564 = CYLINDRICAL_SURFACE('',#1565,0.5);
#1565 = AXIS2_PLACEMENT_3D('',#1566,#1567,#1568);
#1566 = CARTESIAN_POINT('',(-68.20000066,-0.700005,0.));
#1567 = DIRECTION('',(-0.,0.,-1.));
#1568 = DIRECTION('',(1.,0.,0.));
#1569 = ADVANCED_FACE('',(#1570),#1581,.F.);
#1570 = FACE_BOUND('',#1571,.F.);
#1571 = EDGE_LOOP('',(#1572,#1578,#1579,#1580));
#1572 = ORIENTED_EDGE('',*,*,#1573,.T.);
#1573 = EDGE_CURVE('',#642,#1254,#1574,.T.);
#1574 = LINE('',#1575,#1576);
#1575 = CARTESIAN_POINT('',(-67.90000066,-1.200005,0.));
#1576 = VECTOR('',#1577,1.);
#1577 = DIRECTION('',(0.,0.,1.));
#1578 = ORIENTED_EDGE('',*,*,#1262,.T.);
#1579 = ORIENTED_EDGE('',*,*,#1557,.F.);
#1580 = ORIENTED_EDGE('',*,*,#650,.F.);
#1581 = PLANE('',#1582);
#1582 = AXIS2_PLACEMENT_3D('',#1583,#1584,#1585);
#1583 = CARTESIAN_POINT('',(-67.90000066,-1.200005,0.));
#1584 = DIRECTION('',(0.,-1.,0.));
#1585 = DIRECTION('',(-1.,0.,0.));
#1586 = ADVANCED_FACE('',(#1587),#1598,.F.);
#1587 = FACE_BOUND('',#1588,.F.);
#1588 = EDGE_LOOP('',(#1589,#1590,#1596,#1597));
#1589 = ORIENTED_EDGE('',*,*,#641,.T.);
#1590 = ORIENTED_EDGE('',*,*,#1591,.T.);
#1591 = EDGE_CURVE('',#634,#1246,#1592,.T.);
#1592 = LINE('',#1593,#1594);
#1593 = CARTESIAN_POINT('',(-67.40000066,-0.700005,0.));
#1594 = VECTOR('',#1595,1.);
#1595 = DIRECTION('',(0.,0.,1.));
#1596 = ORIENTED_EDGE('',*,*,#1253,.F.);
#1597 = ORIENTED_EDGE('',*,*,#1573,.F.);
#1598 = CYLINDRICAL_SURFACE('',#1599,0.5);
#1599 = AXIS2_PLACEMENT_3D('',#1600,#1601,#1602);
#1600 = CARTESIAN_POINT('',(-67.90000066,-0.700005,0.));
#1601 = DIRECTION('',(-0.,0.,-1.));
#1602 = DIRECTION('',(1.,0.,0.));
#1603 = ADVANCED_FACE('',(#1604),#1615,.F.);
#1604 = FACE_BOUND('',#1605,.F.);
#1605 = EDGE_LOOP('',(#1606,#1612,#1613,#1614));
#1606 = ORIENTED_EDGE('',*,*,#1607,.T.);
#1607 = EDGE_CURVE('',#626,#1238,#1608,.T.);
#1608 = LINE('',#1609,#1610);
#1609 = CARTESIAN_POINT('',(-67.40000066,-5.E-06,0.));
#1610 = VECTOR('',#1611,1.);
#1611 = DIRECTION('',(0.,0.,1.));
#1612 = ORIENTED_EDGE('',*,*,#1245,.T.);
#1613 = ORIENTED_EDGE('',*,*,#1591,.F.);
#1614 = ORIENTED_EDGE('',*,*,#633,.F.);
#1615 = PLANE('',#1616);
#1616 = AXIS2_PLACEMENT_3D('',#1617,#1618,#1619);
#1617 = CARTESIAN_POINT('',(-67.40000066,-5.E-06,0.));
#1618 = DIRECTION('',(1.,0.,-0.));
#1619 = DIRECTION('',(0.,-1.,0.));
#1620 = ADVANCED_FACE('',(#1621),#1632,.T.);
#1621 = FACE_BOUND('',#1622,.T.);
#1622 = EDGE_LOOP('',(#1623,#1624,#1625,#1631));
#1623 = ORIENTED_EDGE('',*,*,#1607,.T.);
#1624 = ORIENTED_EDGE('',*,*,#1237,.T.);
#1625 = ORIENTED_EDGE('',*,*,#1626,.F.);
#1626 = EDGE_CURVE('',#617,#1229,#1627,.T.);
#1627 = LINE('',#1628,#1629);
#1628 = CARTESIAN_POINT('',(-66.20000066,-4.999999999996E-06,0.));
#1629 = VECTOR('',#1630,1.);
#1630 = DIRECTION('',(0.,0.,1.));
#1631 = ORIENTED_EDGE('',*,*,#625,.F.);
#1632 = PLANE('',#1633);
#1633 = AXIS2_PLACEMENT_3D('',#1634,#1635,#1636);
#1634 = CARTESIAN_POINT('',(-67.40000066,-5.E-06,0.));
#1635 = DIRECTION('',(0.,1.,0.));
#1636 = DIRECTION('',(1.,0.,0.));
#1637 = ADVANCED_FACE('',(#1638),#1649,.T.);
#1638 = FACE_BOUND('',#1639,.T.);
#1639 = EDGE_LOOP('',(#1640,#1641,#1642,#1643));
#1640 = ORIENTED_EDGE('',*,*,#616,.T.);
#1641 = ORIENTED_EDGE('',*,*,#1626,.T.);
#1642 = ORIENTED_EDGE('',*,*,#1228,.F.);
#1643 = ORIENTED_EDGE('',*,*,#1644,.F.);
#1644 = EDGE_CURVE('',#609,#1221,#1645,.T.);
#1645 = LINE('',#1646,#1647);
#1646 = CARTESIAN_POINT('',(-66.10000066,-0.100005,0.));
#1647 = VECTOR('',#1648,1.);
#1648 = DIRECTION('',(0.,0.,1.));
#1649 = CYLINDRICAL_SURFACE('',#1650,0.1);
#1650 = AXIS2_PLACEMENT_3D('',#1651,#1652,#1653);
#1651 = CARTESIAN_POINT('',(-66.20000066,-0.100005,0.));
#1652 = DIRECTION('',(-0.,0.,-1.));
#1653 = DIRECTION('',(1.,0.,0.));
#1654 = ADVANCED_FACE('',(#1655),#1666,.F.);
#1655 = FACE_BOUND('',#1656,.F.);
#1656 = EDGE_LOOP('',(#1657,#1663,#1664,#1665));
#1657 = ORIENTED_EDGE('',*,*,#1658,.T.);
#1658 = EDGE_CURVE('',#600,#1212,#1659,.T.);
#1659 = LINE('',#1660,#1661);
#1660 = CARTESIAN_POINT('',(-66.10000066,-1.40250657,0.));
#1661 = VECTOR('',#1662,1.);
#1662 = DIRECTION('',(0.,0.,1.));
#1663 = ORIENTED_EDGE('',*,*,#1220,.T.);
#1664 = ORIENTED_EDGE('',*,*,#1644,.F.);
#1665 = ORIENTED_EDGE('',*,*,#608,.F.);
#1666 = PLANE('',#1667);
#1667 = AXIS2_PLACEMENT_3D('',#1668,#1669,#1670);
#1668 = CARTESIAN_POINT('',(-66.10000066,-1.40250657,0.));
#1669 = DIRECTION('',(-1.,0.,0.));
#1670 = DIRECTION('',(0.,1.,0.));
#1671 = ADVANCED_FACE('',(#1672),#1683,.T.);
#1672 = FACE_BOUND('',#1673,.T.);
#1673 = EDGE_LOOP('',(#1674,#1675,#1676,#1677));
#1674 = ORIENTED_EDGE('',*,*,#599,.T.);
#1675 = ORIENTED_EDGE('',*,*,#1658,.T.);
#1676 = ORIENTED_EDGE('',*,*,#1211,.F.);
#1677 = ORIENTED_EDGE('',*,*,#1678,.F.);
#1678 = EDGE_CURVE('',#592,#1204,#1679,.T.);
#1679 = LINE('',#1680,#1681);
#1680 = CARTESIAN_POINT('',(-68.00000066009,-3.400005005548,0.));
#1681 = VECTOR('',#1682,1.);
#1682 = DIRECTION('',(0.,0.,1.));
#1683 = CYLINDRICAL_SURFACE('',#1684,2.);
#1684 = AXIS2_PLACEMENT_3D('',#1685,#1686,#1687);
#1685 = CARTESIAN_POINT('',(-68.10000066,-1.40250657,0.));
#1686 = DIRECTION('',(-0.,0.,-1.));
#1687 = DIRECTION('',(1.,0.,0.));
#1688 = ADVANCED_FACE('',(#1689),#1700,.F.);
#1689 = FACE_BOUND('',#1690,.F.);
#1690 = EDGE_LOOP('',(#1691,#1697,#1698,#1699));
#1691 = ORIENTED_EDGE('',*,*,#1692,.T.);
#1692 = EDGE_CURVE('',#584,#1196,#1693,.T.);
#1693 = LINE('',#1694,#1695);
#1694 = CARTESIAN_POINT('',(-68.00000066,-6.500005,0.));
#1695 = VECTOR('',#1696,1.);
#1696 = DIRECTION('',(0.,0.,1.));
#1697 = ORIENTED_EDGE('',*,*,#1203,.T.);
#1698 = ORIENTED_EDGE('',*,*,#1678,.F.);
#1699 = ORIENTED_EDGE('',*,*,#591,.F.);
#1700 = PLANE('',#1701);
#1701 = AXIS2_PLACEMENT_3D('',#1702,#1703,#1704);
#1702 = CARTESIAN_POINT('',(-68.00000066,-6.500005,0.));
#1703 = DIRECTION('',(-1.,-2.922851929881E-11,0.));
#1704 = DIRECTION('',(-2.922851929881E-11,1.,0.));
#1705 = ADVANCED_FACE('',(#1706),#1717,.F.);
#1706 = FACE_BOUND('',#1707,.F.);
#1707 = EDGE_LOOP('',(#1708,#1714,#1715,#1716));
#1708 = ORIENTED_EDGE('',*,*,#1709,.T.);
#1709 = EDGE_CURVE('',#576,#1188,#1710,.T.);
#1710 = LINE('',#1711,#1712);
#1711 = CARTESIAN_POINT('',(-66.00000066,-6.500005,0.));
#1712 = VECTOR('',#1713,1.);
#1713 = DIRECTION('',(0.,0.,1.));
#1714 = ORIENTED_EDGE('',*,*,#1195,.T.);
#1715 = ORIENTED_EDGE('',*,*,#1692,.F.);
#1716 = ORIENTED_EDGE('',*,*,#583,.F.);
#1717 = PLANE('',#1718);
#1718 = AXIS2_PLACEMENT_3D('',#1719,#1720,#1721);
#1719 = CARTESIAN_POINT('',(-66.00000066,-6.500005,0.));
#1720 = DIRECTION('',(0.,-1.,0.));
#1721 = DIRECTION('',(-1.,0.,0.));
#1722 = ADVANCED_FACE('',(#1723),#1734,.F.);
#1723 = FACE_BOUND('',#1724,.F.);
#1724 = EDGE_LOOP('',(#1725,#1731,#1732,#1733));
#1725 = ORIENTED_EDGE('',*,*,#1726,.T.);
#1726 = EDGE_CURVE('',#568,#1180,#1727,.T.);
#1727 = LINE('',#1728,#1729);
#1728 = CARTESIAN_POINT('',(-66.00000066,-8.000005,0.));
#1729 = VECTOR('',#1730,1.);
#1730 = DIRECTION('',(0.,0.,1.));
#1731 = ORIENTED_EDGE('',*,*,#1187,.T.);
#1732 = ORIENTED_EDGE('',*,*,#1709,.F.);
#1733 = ORIENTED_EDGE('',*,*,#575,.F.);
#1734 = PLANE('',#1735);
#1735 = AXIS2_PLACEMENT_3D('',#1736,#1737,#1738);
#1736 = CARTESIAN_POINT('',(-66.00000066,-8.000005,0.));
#1737 = DIRECTION('',(-1.,0.,0.));
#1738 = DIRECTION('',(0.,1.,0.));
#1739 = ADVANCED_FACE('',(#1740),#1751,.F.);
#1740 = FACE_BOUND('',#1741,.F.);
#1741 = EDGE_LOOP('',(#1742,#1748,#1749,#1750));
#1742 = ORIENTED_EDGE('',*,*,#1743,.T.);
#1743 = EDGE_CURVE('',#560,#1172,#1744,.T.);
#1744 = LINE('',#1745,#1746);
#1745 = CARTESIAN_POINT('',(-68.00000066,-8.000005,0.));
#1746 = VECTOR('',#1747,1.);
#1747 = DIRECTION('',(0.,0.,1.));
#1748 = ORIENTED_EDGE('',*,*,#1179,.T.);
#1749 = ORIENTED_EDGE('',*,*,#1726,.F.);
#1750 = ORIENTED_EDGE('',*,*,#567,.F.);
#1751 = PLANE('',#1752);
#1752 = AXIS2_PLACEMENT_3D('',#1753,#1754,#1755);
#1753 = CARTESIAN_POINT('',(-68.00000066,-8.000005,0.));
#1754 = DIRECTION('',(0.,1.,0.));
#1755 = DIRECTION('',(1.,0.,0.));
#1756 = ADVANCED_FACE('',(#1757),#1768,.F.);
#1757 = FACE_BOUND('',#1758,.F.);
#1758 = EDGE_LOOP('',(#1759,#1765,#1766,#1767));
#1759 = ORIENTED_EDGE('',*,*,#1760,.T.);
#1760 = EDGE_CURVE('',#552,#1164,#1761,.T.);
#1761 = LINE('',#1762,#1763);
#1762 = CARTESIAN_POINT('',(-68.00000066,-10.000005,0.));
#1763 = VECTOR('',#1764,1.);
#1764 = DIRECTION('',(0.,0.,1.));
#1765 = ORIENTED_EDGE('',*,*,#1171,.T.);
#1766 = ORIENTED_EDGE('',*,*,#1743,.F.);
#1767 = ORIENTED_EDGE('',*,*,#559,.F.);
#1768 = PLANE('',#1769);
#1769 = AXIS2_PLACEMENT_3D('',#1770,#1771,#1772);
#1770 = CARTESIAN_POINT('',(-68.00000066,-10.000005,0.));
#1771 = DIRECTION('',(-1.,0.,0.));
#1772 = DIRECTION('',(0.,1.,0.));
#1773 = ADVANCED_FACE('',(#1774),#1785,.F.);
#1774 = FACE_BOUND('',#1775,.F.);
#1775 = EDGE_LOOP('',(#1776,#1782,#1783,#1784));
#1776 = ORIENTED_EDGE('',*,*,#1777,.T.);
#1777 = EDGE_CURVE('',#544,#1156,#1778,.T.);
#1778 = LINE('',#1779,#1780);
#1779 = CARTESIAN_POINT('',(-66.00000066,-10.000005,0.));
#1780 = VECTOR('',#1781,1.);
#1781 = DIRECTION('',(0.,0.,1.));
#1782 = ORIENTED_EDGE('',*,*,#1163,.T.);
#1783 = ORIENTED_EDGE('',*,*,#1760,.F.);
#1784 = ORIENTED_EDGE('',*,*,#551,.F.);
#1785 = PLANE('',#1786);
#1786 = AXIS2_PLACEMENT_3D('',#1787,#1788,#1789);
#1787 = CARTESIAN_POINT('',(-66.00000066,-10.000005,0.));
#1788 = DIRECTION('',(0.,-1.,0.));
#1789 = DIRECTION('',(-1.,0.,0.));
#1790 = ADVANCED_FACE('',(#1791),#1802,.F.);
#1791 = FACE_BOUND('',#1792,.F.);
#1792 = EDGE_LOOP('',(#1793,#1799,#1800,#1801));
#1793 = ORIENTED_EDGE('',*,*,#1794,.T.);
#1794 = EDGE_CURVE('',#536,#1148,#1795,.T.);
#1795 = LINE('',#1796,#1797);
#1796 = CARTESIAN_POINT('',(-66.00000066,-11.500005,0.));
#1797 = VECTOR('',#1798,1.);
#1798 = DIRECTION('',(0.,0.,1.));
#1799 = ORIENTED_EDGE('',*,*,#1155,.T.);
#1800 = ORIENTED_EDGE('',*,*,#1777,.F.);
#1801 = ORIENTED_EDGE('',*,*,#543,.F.);
#1802 = PLANE('',#1803);
#1803 = AXIS2_PLACEMENT_3D('',#1804,#1805,#1806);
#1804 = CARTESIAN_POINT('',(-66.00000066,-11.500005,0.));
#1805 = DIRECTION('',(-1.,0.,0.));
#1806 = DIRECTION('',(0.,1.,0.));
#1807 = ADVANCED_FACE('',(#1808),#1819,.F.);
#1808 = FACE_BOUND('',#1809,.F.);
#1809 = EDGE_LOOP('',(#1810,#1816,#1817,#1818));
#1810 = ORIENTED_EDGE('',*,*,#1811,.T.);
#1811 = EDGE_CURVE('',#528,#1140,#1812,.T.);
#1812 = LINE('',#1813,#1814);
#1813 = CARTESIAN_POINT('',(-68.00000066,-11.500005,0.));
#1814 = VECTOR('',#1815,1.);
#1815 = DIRECTION('',(0.,0.,1.));
#1816 = ORIENTED_EDGE('',*,*,#1147,.T.);
#1817 = ORIENTED_EDGE('',*,*,#1794,.F.);
#1818 = ORIENTED_EDGE('',*,*,#535,.F.);
#1819 = PLANE('',#1820);
#1820 = AXIS2_PLACEMENT_3D('',#1821,#1822,#1823);
#1821 = CARTESIAN_POINT('',(-68.00000066,-11.500005,0.));
#1822 = DIRECTION('',(0.,1.,0.));
#1823 = DIRECTION('',(1.,0.,0.));
#1824 = ADVANCED_FACE('',(#1825),#1836,.F.);
#1825 = FACE_BOUND('',#1826,.F.);
#1826 = EDGE_LOOP('',(#1827,#1833,#1834,#1835));
#1827 = ORIENTED_EDGE('',*,*,#1828,.T.);
#1828 = EDGE_CURVE('',#520,#1132,#1829,.T.);
#1829 = LINE('',#1830,#1831);
#1830 = CARTESIAN_POINT('',(-68.00000066,-13.500005,0.));
#1831 = VECTOR('',#1832,1.);
#1832 = DIRECTION('',(0.,0.,1.));
#1833 = ORIENTED_EDGE('',*,*,#1139,.T.);
#1834 = ORIENTED_EDGE('',*,*,#1811,.F.);
#1835 = ORIENTED_EDGE('',*,*,#527,.F.);
#1836 = PLANE('',#1837);
#1837 = AXIS2_PLACEMENT_3D('',#1838,#1839,#1840);
#1838 = CARTESIAN_POINT('',(-68.00000066,-13.500005,0.));
#1839 = DIRECTION('',(-1.,0.,0.));
#1840 = DIRECTION('',(0.,1.,0.));
#1841 = ADVANCED_FACE('',(#1842),#1853,.F.);
#1842 = FACE_BOUND('',#1843,.F.);
#1843 = EDGE_LOOP('',(#1844,#1850,#1851,#1852));
#1844 = ORIENTED_EDGE('',*,*,#1845,.T.);
#1845 = EDGE_CURVE('',#512,#1124,#1846,.T.);
#1846 = LINE('',#1847,#1848);
#1847 = CARTESIAN_POINT('',(-66.00000066,-13.500005,0.));
#1848 = VECTOR('',#1849,1.);
#1849 = DIRECTION('',(0.,0.,1.));
#1850 = ORIENTED_EDGE('',*,*,#1131,.T.);
#1851 = ORIENTED_EDGE('',*,*,#1828,.F.);
#1852 = ORIENTED_EDGE('',*,*,#519,.F.);
#1853 = PLANE('',#1854);
#1854 = AXIS2_PLACEMENT_3D('',#1855,#1856,#1857);
#1855 = CARTESIAN_POINT('',(-66.00000066,-13.500005,0.));
#1856 = DIRECTION('',(0.,-1.,0.));
#1857 = DIRECTION('',(-1.,0.,0.));
#1858 = ADVANCED_FACE('',(#1859),#1870,.F.);
#1859 = FACE_BOUND('',#1860,.F.);
#1860 = EDGE_LOOP('',(#1861,#1867,#1868,#1869));
#1861 = ORIENTED_EDGE('',*,*,#1862,.T.);
#1862 = EDGE_CURVE('',#504,#1116,#1863,.T.);
#1863 = LINE('',#1864,#1865);
#1864 = CARTESIAN_POINT('',(-66.00000066,-15.000005,0.));
#1865 = VECTOR('',#1866,1.);
#1866 = DIRECTION('',(0.,0.,1.));
#1867 = ORIENTED_EDGE('',*,*,#1123,.T.);
#1868 = ORIENTED_EDGE('',*,*,#1845,.F.);
#1869 = ORIENTED_EDGE('',*,*,#511,.F.);
#1870 = PLANE('',#1871);
#1871 = AXIS2_PLACEMENT_3D('',#1872,#1873,#1874);
#1872 = CARTESIAN_POINT('',(-66.00000066,-15.000005,0.));
#1873 = DIRECTION('',(-1.,0.,0.));
#1874 = DIRECTION('',(0.,1.,0.));
#1875 = ADVANCED_FACE('',(#1876),#1887,.F.);
#1876 = FACE_BOUND('',#1877,.F.);
#1877 = EDGE_LOOP('',(#1878,#1884,#1885,#1886));
#1878 = ORIENTED_EDGE('',*,*,#1879,.T.);
#1879 = EDGE_CURVE('',#496,#1108,#1880,.T.);
#1880 = LINE('',#1881,#1882);
#1881 = CARTESIAN_POINT('',(-68.00000066,-15.000005,0.));
#1882 = VECTOR('',#1883,1.);
#1883 = DIRECTION('',(0.,0.,1.));
#1884 = ORIENTED_EDGE('',*,*,#1115,.T.);
#1885 = ORIENTED_EDGE('',*,*,#1862,.F.);
#1886 = ORIENTED_EDGE('',*,*,#503,.F.);
#1887 = PLANE('',#1888);
#1888 = AXIS2_PLACEMENT_3D('',#1889,#1890,#1891);
#1889 = CARTESIAN_POINT('',(-68.00000066,-15.000005,0.));
#1890 = DIRECTION('',(0.,1.,0.));
#1891 = DIRECTION('',(1.,0.,0.));
#1892 = ADVANCED_FACE('',(#1893),#1904,.F.);
#1893 = FACE_BOUND('',#1894,.F.);
#1894 = EDGE_LOOP('',(#1895,#1901,#1902,#1903));
#1895 = ORIENTED_EDGE('',*,*,#1896,.T.);
#1896 = EDGE_CURVE('',#488,#1100,#1897,.T.);
#1897 = LINE('',#1898,#1899);
#1898 = CARTESIAN_POINT('',(-68.00000066,-17.000005,0.));
#1899 = VECTOR('',#1900,1.);
#1900 = DIRECTION('',(0.,0.,1.));
#1901 = ORIENTED_EDGE('',*,*,#1107,.T.);
#1902 = ORIENTED_EDGE('',*,*,#1879,.F.);
#1903 = ORIENTED_EDGE('',*,*,#495,.F.);
#1904 = PLANE('',#1905);
#1905 = AXIS2_PLACEMENT_3D('',#1906,#1907,#1908);
#1906 = CARTESIAN_POINT('',(-68.00000066,-17.000005,0.));
#1907 = DIRECTION('',(-1.,0.,0.));
#1908 = DIRECTION('',(0.,1.,0.));
#1909 = ADVANCED_FACE('',(#1910),#1921,.F.);
#1910 = FACE_BOUND('',#1911,.F.);
#1911 = EDGE_LOOP('',(#1912,#1918,#1919,#1920));
#1912 = ORIENTED_EDGE('',*,*,#1913,.T.);
#1913 = EDGE_CURVE('',#479,#1091,#1914,.T.);
#1914 = LINE('',#1915,#1916);
#1915 = CARTESIAN_POINT('',(-63.45679815,-17.000005,0.));
#1916 = VECTOR('',#1917,1.);
#1917 = DIRECTION('',(0.,0.,1.));
#1918 = ORIENTED_EDGE('',*,*,#1099,.T.);
#1919 = ORIENTED_EDGE('',*,*,#1896,.F.);
#1920 = ORIENTED_EDGE('',*,*,#487,.F.);
#1921 = PLANE('',#1922);
#1922 = AXIS2_PLACEMENT_3D('',#1923,#1924,#1925);
#1923 = CARTESIAN_POINT('',(-63.45679815,-17.000005,0.));
#1924 = DIRECTION('',(0.,-1.,0.));
#1925 = DIRECTION('',(-1.,0.,0.));
#1926 = ADVANCED_FACE('',(#1927),#1938,.T.);
#1927 = FACE_BOUND('',#1928,.T.);
#1928 = EDGE_LOOP('',(#1929,#1930,#1931,#1932));
#1929 = ORIENTED_EDGE('',*,*,#478,.T.);
#1930 = ORIENTED_EDGE('',*,*,#1913,.T.);
#1931 = ORIENTED_EDGE('',*,*,#1090,.F.);
#1932 = ORIENTED_EDGE('',*,*,#1933,.F.);
#1933 = EDGE_CURVE('',#471,#1083,#1934,.T.);
#1934 = LINE('',#1935,#1936);
#1935 = CARTESIAN_POINT('',(-63.26361298476,-17.25176880912,0.));
#1936 = VECTOR('',#1937,1.);
#1937 = DIRECTION('',(0.,0.,1.));
#1938 = CYLINDRICAL_SURFACE('',#1939,0.2);
#1939 = AXIS2_PLACEMENT_3D('',#1940,#1941,#1942);
#1940 = CARTESIAN_POINT('',(-63.45679815,-17.200005,0.));
#1941 = DIRECTION('',(-0.,0.,-1.));
#1942 = DIRECTION('',(1.,0.,0.));
#1943 = ADVANCED_FACE('',(#1944),#2003,.F.);
#1944 = FACE_BOUND('',#1945,.F.);
#1945 = EDGE_LOOP('',(#1946,#1956,#1964,#1972,#1980,#1988,#1994,#1995,
    #1996,#1997));
#1946 = ORIENTED_EDGE('',*,*,#1947,.F.);
#1947 = EDGE_CURVE('',#1948,#1950,#1952,.T.);
#1948 = VERTEX_POINT('',#1949);
#1949 = CARTESIAN_POINT('',(-63.56000699451,-18.35792630479,0.));
#1950 = VERTEX_POINT('',#1951);
#1951 = CARTESIAN_POINT('',(-63.56000699451,-18.35792630479,5.E-02));
#1952 = LINE('',#1953,#1954);
#1953 = CARTESIAN_POINT('',(-63.56000699451,-18.35792630479,0.));
#1954 = VECTOR('',#1955,1.);
#1955 = DIRECTION('',(-0.,-0.,1.));
#1956 = ORIENTED_EDGE('',*,*,#1957,.F.);
#1957 = EDGE_CURVE('',#1958,#1948,#1960,.T.);
#1958 = VERTEX_POINT('',#1959);
#1959 = CARTESIAN_POINT('',(-63.67647685,-18.79259772,0.270390260437));
#1960 = LINE('',#1961,#1962);
#1961 = CARTESIAN_POINT('',(-63.99999922,-20.00000025,1.021463052347));
#1962 = VECTOR('',#1963,1.);
#1963 = DIRECTION('',(0.221851223708,0.827960032811,-0.51503807491));
#1964 = ORIENTED_EDGE('',*,*,#1965,.T.);
#1965 = EDGE_CURVE('',#1958,#1966,#1968,.T.);
#1966 = VERTEX_POINT('',#1967);
#1967 = CARTESIAN_POINT('',(-63.67647685,-18.79259772,109.72960973956));
#1968 = LINE('',#1969,#1970);
#1969 = CARTESIAN_POINT('',(-63.67647685,-18.79259772,0.));
#1970 = VECTOR('',#1971,1.);
#1971 = DIRECTION('',(0.,0.,1.));
#1972 = ORIENTED_EDGE('',*,*,#1973,.T.);
#1973 = EDGE_CURVE('',#1966,#1974,#1976,.T.);
#1974 = VERTEX_POINT('',#1975);
#1975 = CARTESIAN_POINT('',(-63.56000699451,-18.35792630479,110.));
#1976 = LINE('',#1977,#1978);
#1977 = CARTESIAN_POINT('',(-63.99999922,-20.00000025,108.97853694765));
#1978 = VECTOR('',#1979,1.);
#1979 = DIRECTION('',(0.221851223708,0.827960032811,0.51503807491));
#1980 = ORIENTED_EDGE('',*,*,#1981,.T.);
#1981 = EDGE_CURVE('',#1974,#1982,#1984,.T.);
#1982 = VERTEX_POINT('',#1983);
#1983 = CARTESIAN_POINT('',(-63.56000699451,-18.35792630479,109.95));
#1984 = LINE('',#1985,#1986);
#1985 = CARTESIAN_POINT('',(-63.56000699451,-18.35792630479,110.));
#1986 = VECTOR('',#1987,1.);
#1987 = DIRECTION('',(-0.,-0.,-1.));
#1988 = ORIENTED_EDGE('',*,*,#1989,.T.);
#1989 = EDGE_CURVE('',#1982,#1074,#1990,.T.);
#1990 = LINE('',#1991,#1992);
#1991 = CARTESIAN_POINT('',(-63.99999922,-20.00000025,108.25));
#1992 = VECTOR('',#1993,1.);
#1993 = DIRECTION('',(0.183012703086,0.683012701572,0.707106781187));
#1994 = ORIENTED_EDGE('',*,*,#1082,.T.);
#1995 = ORIENTED_EDGE('',*,*,#1933,.F.);
#1996 = ORIENTED_EDGE('',*,*,#470,.F.);
#1997 = ORIENTED_EDGE('',*,*,#1998,.F.);
#1998 = EDGE_CURVE('',#1950,#462,#1999,.T.);
#1999 = LINE('',#2000,#2001);
#2000 = CARTESIAN_POINT('',(-63.99999922,-20.00000025,1.75));
#2001 = VECTOR('',#2002,1.);
#2002 = DIRECTION('',(0.183012703086,0.683012701572,-0.707106781187));
#2003 = PLANE('',#2004);
#2004 = AXIS2_PLACEMENT_3D('',#2005,#2006,#2007);
#2005 = CARTESIAN_POINT('',(-63.67647685,-18.79259772,0.));
#2006 = DIRECTION('',(-0.965925825837,0.258819046791,0.));
#2007 = DIRECTION('',(0.258819046791,0.965925825837,0.));
#2008 = ADVANCED_FACE('',(#2009),#2029,.F.);
#2009 = FACE_BOUND('',#2010,.F.);
#2010 = EDGE_LOOP('',(#2011,#2012,#2013,#2022));
#2011 = ORIENTED_EDGE('',*,*,#1998,.T.);
#2012 = ORIENTED_EDGE('',*,*,#461,.T.);
#2013 = ORIENTED_EDGE('',*,*,#2014,.F.);
#2014 = EDGE_CURVE('',#2015,#454,#2017,.T.);
#2015 = VERTEX_POINT('',#2016);
#2016 = CARTESIAN_POINT('',(-62.35792422424,-19.56001194524,5.E-02));
#2017 = HYPERBOLA('',#2018,4.215145507303E-06,4.215145507303E-06);
#2018 = AXIS2_PLACEMENT_3D('',#2019,#2020,#2021);
#2019 = CARTESIAN_POINT('',(-63.99999812904,-20.00000432151,1.75));
#2020 = DIRECTION('',(0.258819044869,-0.965925826352,0.));
#2021 = DIRECTION('',(0.,0.,-1.));
#2022 = ORIENTED_EDGE('',*,*,#2023,.F.);
#2023 = EDGE_CURVE('',#1950,#2015,#2024,.T.);
#2024 = CIRCLE('',#2025,1.7);
#2025 = AXIS2_PLACEMENT_3D('',#2026,#2027,#2028);
#2026 = CARTESIAN_POINT('',(-63.99999922,-20.00000025,5.E-02));
#2027 = DIRECTION('',(-0.,0.,1.));
#2028 = DIRECTION('',(2.775557561563E-16,-1.,0.));
#2029 = CONICAL_SURFACE('',#2030,1.7,0.785398163397);
#2030 = AXIS2_PLACEMENT_3D('',#2031,#2032,#2033);
#2031 = CARTESIAN_POINT('',(-63.99999922,-20.00000025,5.E-02));
#2032 = DIRECTION('',(0.,0.,-1.));
#2033 = DIRECTION('',(0.,-1.,0.));
#2034 = ADVANCED_FACE('',(#2035),#2095,.F.);
#2035 = FACE_BOUND('',#2036,.F.);
#2036 = EDGE_LOOP('',(#2037,#2048,#2054,#2055,#2056,#2062,#2063,#2072,
    #2080,#2089));
#2037 = ORIENTED_EDGE('',*,*,#2038,.T.);
#2038 = EDGE_CURVE('',#2039,#2041,#2043,.T.);
#2039 = VERTEX_POINT('',#2040);
#2040 = CARTESIAN_POINT('',(-62.79259337713,-19.67648119362,
    0.270388853007));
#2041 = VERTEX_POINT('',#2042);
#2042 = CARTESIAN_POINT('',(-62.35792422424,-19.56001194524,0.));
#2043 = HYPERBOLA('',#2044,2.532714938809E-06,4.215145507303E-06);
#2044 = AXIS2_PLACEMENT_3D('',#2045,#2046,#2047);
#2045 = CARTESIAN_POINT('',(-63.99999812904,-20.00000432151,
    1.021463052347));
#2046 = DIRECTION('',(0.258819044869,-0.965925826352,0.));
#2047 = DIRECTION('',(0.,0.,-1.));
#2048 = ORIENTED_EDGE('',*,*,#2049,.T.);
#2049 = EDGE_CURVE('',#2041,#2015,#2050,.T.);
#2050 = LINE('',#2051,#2052);
#2051 = CARTESIAN_POINT('',(-62.35792422424,-19.56001194524,0.));
#2052 = VECTOR('',#2053,1.);
#2053 = DIRECTION('',(-0.,-0.,1.));
#2054 = ORIENTED_EDGE('',*,*,#2014,.T.);
#2055 = ORIENTED_EDGE('',*,*,#453,.F.);
#2056 = ORIENTED_EDGE('',*,*,#2057,.T.);
#2057 = EDGE_CURVE('',#445,#1057,#2058,.T.);
#2058 = LINE('',#2059,#2060);
#2059 = CARTESIAN_POINT('',(-61.25176446,-19.26361733,0.));
#2060 = VECTOR('',#2061,1.);
#2061 = DIRECTION('',(0.,0.,1.));
#2062 = ORIENTED_EDGE('',*,*,#1065,.T.);
#2063 = ORIENTED_EDGE('',*,*,#2064,.T.);
#2064 = EDGE_CURVE('',#1066,#2065,#2067,.T.);
#2065 = VERTEX_POINT('',#2066);
#2066 = CARTESIAN_POINT('',(-62.35792422424,-19.56001194524,109.95));
#2067 = HYPERBOLA('',#2068,4.215145507302E-06,4.215145507303E-06);
#2068 = AXIS2_PLACEMENT_3D('',#2069,#2070,#2071);
#2069 = CARTESIAN_POINT('',(-63.99999812904,-20.00000432151,108.25));
#2070 = DIRECTION('',(0.258819044869,-0.965925826352,0.));
#2071 = DIRECTION('',(0.,0.,1.));
#2072 = ORIENTED_EDGE('',*,*,#2073,.F.);
#2073 = EDGE_CURVE('',#2074,#2065,#2076,.T.);
#2074 = VERTEX_POINT('',#2075);
#2075 = CARTESIAN_POINT('',(-62.35792422424,-19.56001194524,110.));
#2076 = LINE('',#2077,#2078);
#2077 = CARTESIAN_POINT('',(-62.35792422424,-19.56001194524,110.));
#2078 = VECTOR('',#2079,1.);
#2079 = DIRECTION('',(-0.,-0.,-1.));
#2080 = ORIENTED_EDGE('',*,*,#2081,.T.);
#2081 = EDGE_CURVE('',#2074,#2082,#2084,.T.);
#2082 = VERTEX_POINT('',#2083);
#2083 = CARTESIAN_POINT('',(-62.79259337713,-19.67648119362,
    109.72961114699));
#2084 = HYPERBOLA('',#2085,2.532714938809E-06,4.215145507303E-06);
#2085 = AXIS2_PLACEMENT_3D('',#2086,#2087,#2088);
#2086 = CARTESIAN_POINT('',(-63.99999812904,-20.00000432151,
    108.97853694765));
#2087 = DIRECTION('',(0.258819044869,-0.965925826352,0.));
#2088 = DIRECTION('',(0.,0.,1.));
#2089 = ORIENTED_EDGE('',*,*,#2090,.F.);
#2090 = EDGE_CURVE('',#2039,#2082,#2091,.T.);
#2091 = LINE('',#2092,#2093);
#2092 = CARTESIAN_POINT('',(-62.79259337713,-19.67648119362,0.));
#2093 = VECTOR('',#2094,1.);
#2094 = DIRECTION('',(0.,0.,1.));
#2095 = PLANE('',#2096);
#2096 = AXIS2_PLACEMENT_3D('',#2097,#2098,#2099);
#2097 = CARTESIAN_POINT('',(-61.25176446,-19.26361733,0.));
#2098 = DIRECTION('',(0.258819044869,-0.965925826352,0.));
#2099 = DIRECTION('',(-0.965925826352,-0.258819044869,0.));
#2100 = ADVANCED_FACE('',(#2101),#2112,.T.);
#2101 = FACE_BOUND('',#2102,.T.);
#2102 = EDGE_LOOP('',(#2103,#2104,#2105,#2106));
#2103 = ORIENTED_EDGE('',*,*,#444,.T.);
#2104 = ORIENTED_EDGE('',*,*,#2057,.T.);
#2105 = ORIENTED_EDGE('',*,*,#1056,.F.);
#2106 = ORIENTED_EDGE('',*,*,#2107,.F.);
#2107 = EDGE_CURVE('',#437,#1049,#2108,.T.);
#2108 = LINE('',#2109,#2110);
#2109 = CARTESIAN_POINT('',(-61.00000066,-19.4568025,0.));
#2110 = VECTOR('',#2111,1.);
#2111 = DIRECTION('',(0.,0.,1.));
#2112 = CYLINDRICAL_SURFACE('',#2113,0.20000000287);
#2113 = AXIS2_PLACEMENT_3D('',#2114,#2115,#2116);
#2114 = CARTESIAN_POINT('',(-61.20000066287,-19.45680250141,0.));
#2115 = DIRECTION('',(-0.,0.,-1.));
#2116 = DIRECTION('',(1.,0.,0.));
#2117 = ADVANCED_FACE('',(#2118),#2129,.F.);
#2118 = FACE_BOUND('',#2119,.F.);
#2119 = EDGE_LOOP('',(#2120,#2126,#2127,#2128));
#2120 = ORIENTED_EDGE('',*,*,#2121,.T.);
#2121 = EDGE_CURVE('',#429,#1041,#2122,.T.);
#2122 = LINE('',#2123,#2124);
#2123 = CARTESIAN_POINT('',(-61.00000066,-22.100005,0.));
#2124 = VECTOR('',#2125,1.);
#2125 = DIRECTION('',(0.,0.,1.));
#2126 = ORIENTED_EDGE('',*,*,#1048,.T.);
#2127 = ORIENTED_EDGE('',*,*,#2107,.F.);
#2128 = ORIENTED_EDGE('',*,*,#436,.F.);
#2129 = PLANE('',#2130);
#2130 = AXIS2_PLACEMENT_3D('',#2131,#2132,#2133);
#2131 = CARTESIAN_POINT('',(-61.00000066,-22.100005,0.));
#2132 = DIRECTION('',(-1.,0.,0.));
#2133 = DIRECTION('',(0.,1.,0.));
#2134 = ADVANCED_FACE('',(#2135),#2146,.F.);
#2135 = FACE_BOUND('',#2136,.F.);
#2136 = EDGE_LOOP('',(#2137,#2143,#2144,#2145));
#2137 = ORIENTED_EDGE('',*,*,#2138,.T.);
#2138 = EDGE_CURVE('',#421,#1033,#2139,.T.);
#2139 = LINE('',#2140,#2141);
#2140 = CARTESIAN_POINT('',(60.99999934,-22.100005,0.));
#2141 = VECTOR('',#2142,1.);
#2142 = DIRECTION('',(0.,0.,1.));
#2143 = ORIENTED_EDGE('',*,*,#1040,.T.);
#2144 = ORIENTED_EDGE('',*,*,#2121,.F.);
#2145 = ORIENTED_EDGE('',*,*,#428,.F.);
#2146 = PLANE('',#2147);
#2147 = AXIS2_PLACEMENT_3D('',#2148,#2149,#2150);
#2148 = CARTESIAN_POINT('',(60.99999934,-22.100005,0.));
#2149 = DIRECTION('',(0.,-1.,0.));
#2150 = DIRECTION('',(-1.,0.,0.));
#2151 = ADVANCED_FACE('',(#2152),#2163,.F.);
#2152 = FACE_BOUND('',#2153,.F.);
#2153 = EDGE_LOOP('',(#2154,#2160,#2161,#2162));
#2154 = ORIENTED_EDGE('',*,*,#2155,.T.);
#2155 = EDGE_CURVE('',#412,#1024,#2156,.T.);
#2156 = LINE('',#2157,#2158);
#2157 = CARTESIAN_POINT('',(60.99999934,-19.4568025,0.));
#2158 = VECTOR('',#2159,1.);
#2159 = DIRECTION('',(0.,0.,1.));
#2160 = ORIENTED_EDGE('',*,*,#1032,.T.);
#2161 = ORIENTED_EDGE('',*,*,#2138,.F.);
#2162 = ORIENTED_EDGE('',*,*,#420,.F.);
#2163 = PLANE('',#2164);
#2164 = AXIS2_PLACEMENT_3D('',#2165,#2166,#2167);
#2165 = CARTESIAN_POINT('',(60.99999934,-19.4568025,0.));
#2166 = DIRECTION('',(1.,0.,-0.));
#2167 = DIRECTION('',(0.,-1.,0.));
#2168 = ADVANCED_FACE('',(#2169),#2180,.T.);
#2169 = FACE_BOUND('',#2170,.T.);
#2170 = EDGE_LOOP('',(#2171,#2172,#2173,#2174));
#2171 = ORIENTED_EDGE('',*,*,#411,.T.);
#2172 = ORIENTED_EDGE('',*,*,#2155,.T.);
#2173 = ORIENTED_EDGE('',*,*,#1023,.F.);
#2174 = ORIENTED_EDGE('',*,*,#2175,.F.);
#2175 = EDGE_CURVE('',#404,#1016,#2176,.T.);
#2176 = LINE('',#2177,#2178);
#2177 = CARTESIAN_POINT('',(61.251763148987,-19.26361733473,0.));
#2178 = VECTOR('',#2179,1.);
#2179 = DIRECTION('',(0.,0.,1.));
#2180 = CYLINDRICAL_SURFACE('',#2181,0.2);
#2181 = AXIS2_PLACEMENT_3D('',#2182,#2183,#2184);
#2182 = CARTESIAN_POINT('',(61.19999934,-19.4568025,0.));
#2183 = DIRECTION('',(-0.,0.,-1.));
#2184 = DIRECTION('',(1.,0.,0.));
#2185 = ADVANCED_FACE('',(#2186),#2249,.F.);
#2186 = FACE_BOUND('',#2187,.F.);
#2187 = EDGE_LOOP('',(#2188,#2198,#2207,#2215,#2224,#2232,#2239,#2240,
    #2241,#2242));
#2188 = ORIENTED_EDGE('',*,*,#2189,.F.);
#2189 = EDGE_CURVE('',#2190,#2192,#2194,.T.);
#2190 = VERTEX_POINT('',#2191);
#2191 = CARTESIAN_POINT('',(62.357925591949,-19.56001266291,0.));
#2192 = VERTEX_POINT('',#2193);
#2193 = CARTESIAN_POINT('',(62.357925591949,-19.56001266291,5.E-02));
#2194 = LINE('',#2195,#2196);
#2195 = CARTESIAN_POINT('',(62.357925591949,-19.56001266291,0.));
#2196 = VECTOR('',#2197,1.);
#2197 = DIRECTION('',(-0.,-0.,1.));
#2198 = ORIENTED_EDGE('',*,*,#2199,.T.);
#2199 = EDGE_CURVE('',#2190,#2200,#2202,.T.);
#2200 = VERTEX_POINT('',#2201);
#2201 = CARTESIAN_POINT('',(62.79259206,-19.67648119,0.270387182589));
#2202 = HYPERBOLA('',#2203,2.97499533808E-06,4.951223701255E-06);
#2203 = AXIS2_PLACEMENT_3D('',#2204,#2205,#2206);
#2204 = CARTESIAN_POINT('',(63.999999498529,-20.00000503251,
    1.021463052347));
#2205 = DIRECTION('',(-0.258819040942,-0.965925827404,0.));
#2206 = DIRECTION('',(0.,-0.,-1.));
#2207 = ORIENTED_EDGE('',*,*,#2208,.T.);
#2208 = EDGE_CURVE('',#2200,#2209,#2211,.T.);
#2209 = VERTEX_POINT('',#2210);
#2210 = CARTESIAN_POINT('',(62.79259206,-19.67648119,109.72961281741));
#2211 = LINE('',#2212,#2213);
#2212 = CARTESIAN_POINT('',(62.79259206,-19.67648119,0.));
#2213 = VECTOR('',#2214,1.);
#2214 = DIRECTION('',(0.,0.,1.));
#2215 = ORIENTED_EDGE('',*,*,#2216,.T.);
#2216 = EDGE_CURVE('',#2209,#2217,#2219,.T.);
#2217 = VERTEX_POINT('',#2218);
#2218 = CARTESIAN_POINT('',(62.357925591949,-19.56001266291,110.));
#2219 = HYPERBOLA('',#2220,2.97499533808E-06,4.951223701255E-06);
#2220 = AXIS2_PLACEMENT_3D('',#2221,#2222,#2223);
#2221 = CARTESIAN_POINT('',(63.999999498529,-20.00000503251,
    108.97853694765));
#2222 = DIRECTION('',(-0.258819040942,-0.965925827404,0.));
#2223 = DIRECTION('',(0.,0.,1.));
#2224 = ORIENTED_EDGE('',*,*,#2225,.T.);
#2225 = EDGE_CURVE('',#2217,#2226,#2228,.T.);
#2226 = VERTEX_POINT('',#2227);
#2227 = CARTESIAN_POINT('',(62.357925591949,-19.56001266291,109.95));
#2228 = LINE('',#2229,#2230);
#2229 = CARTESIAN_POINT('',(62.357925591949,-19.56001266291,110.));
#2230 = VECTOR('',#2231,1.);
#2231 = DIRECTION('',(-0.,-0.,-1.));
#2232 = ORIENTED_EDGE('',*,*,#2233,.T.);
#2233 = EDGE_CURVE('',#2226,#1007,#2234,.T.);
#2234 = HYPERBOLA('',#2235,4.951223701255E-06,4.951223701255E-06);
#2235 = AXIS2_PLACEMENT_3D('',#2236,#2237,#2238);
#2236 = CARTESIAN_POINT('',(63.999999498529,-20.00000503251,108.25));
#2237 = DIRECTION('',(-0.258819040942,-0.965925827404,0.));
#2238 = DIRECTION('',(0.,0.,1.));
#2239 = ORIENTED_EDGE('',*,*,#1015,.T.);
#2240 = ORIENTED_EDGE('',*,*,#2175,.F.);
#2241 = ORIENTED_EDGE('',*,*,#403,.F.);
#2242 = ORIENTED_EDGE('',*,*,#2243,.T.);
#2243 = EDGE_CURVE('',#395,#2192,#2244,.T.);
#2244 = HYPERBOLA('',#2245,4.951223701255E-06,4.951223701255E-06);
#2245 = AXIS2_PLACEMENT_3D('',#2246,#2247,#2248);
#2246 = CARTESIAN_POINT('',(63.999999498529,-20.00000503251,1.75));
#2247 = DIRECTION('',(-0.258819040942,-0.965925827404,0.));
#2248 = DIRECTION('',(0.,-0.,-1.));
#2249 = PLANE('',#2250);
#2250 = AXIS2_PLACEMENT_3D('',#2251,#2252,#2253);
#2251 = CARTESIAN_POINT('',(62.79259206,-19.67648119,0.));
#2252 = DIRECTION('',(-0.258819040942,-0.965925827404,0.));
#2253 = DIRECTION('',(-0.965925827404,0.258819040942,0.));
#2254 = ADVANCED_FACE('',(#2255),#2275,.F.);
#2255 = FACE_BOUND('',#2256,.F.);
#2256 = EDGE_LOOP('',(#2257,#2258,#2259,#2268));
#2257 = ORIENTED_EDGE('',*,*,#2243,.F.);
#2258 = ORIENTED_EDGE('',*,*,#394,.T.);
#2259 = ORIENTED_EDGE('',*,*,#2260,.F.);
#2260 = EDGE_CURVE('',#2261,#387,#2263,.T.);
#2261 = VERTEX_POINT('',#2262);
#2262 = CARTESIAN_POINT('',(63.56000587432,-18.35792702295,5.E-02));
#2263 = HYPERBOLA('',#2264,2.626167322717E-06,2.626167322717E-06);
#2264 = AXIS2_PLACEMENT_3D('',#2265,#2266,#2267);
#2265 = CARTESIAN_POINT('',(63.999998243317,-20.0000009297,1.75));
#2266 = DIRECTION('',(0.965925827499,0.258819040587,0.));
#2267 = DIRECTION('',(0.,0.,-1.));
#2268 = ORIENTED_EDGE('',*,*,#2269,.F.);
#2269 = EDGE_CURVE('',#2192,#2261,#2270,.T.);
#2270 = CIRCLE('',#2271,1.7);
#2271 = AXIS2_PLACEMENT_3D('',#2272,#2273,#2274);
#2272 = CARTESIAN_POINT('',(64.00000078,-20.00000025,5.E-02));
#2273 = DIRECTION('',(-0.,0.,1.));
#2274 = DIRECTION('',(3.053113317719E-16,-1.,0.));
#2275 = CONICAL_SURFACE('',#2276,1.7,0.785398163397);
#2276 = AXIS2_PLACEMENT_3D('',#2277,#2278,#2279);
#2277 = CARTESIAN_POINT('',(64.00000078,-20.00000025,5.E-02));
#2278 = DIRECTION('',(0.,0.,-1.));
#2279 = DIRECTION('',(0.,-1.,0.));
#2280 = ADVANCED_FACE('',(#2281),#2341,.F.);
#2281 = FACE_BOUND('',#2282,.F.);
#2282 = EDGE_LOOP('',(#2283,#2294,#2300,#2301,#2302,#2308,#2309,#2318,
    #2326,#2335));
#2283 = ORIENTED_EDGE('',*,*,#2284,.T.);
#2284 = EDGE_CURVE('',#2285,#2287,#2289,.T.);
#2285 = VERTEX_POINT('',#2286);
#2286 = CARTESIAN_POINT('',(63.676475533622,-18.79259771713,
    0.270389811458));
#2287 = VERTEX_POINT('',#2288);
#2288 = CARTESIAN_POINT('',(63.56000587432,-18.35792702295,0.));
#2289 = HYPERBOLA('',#2290,1.577960523198E-06,2.626167322717E-06);
#2290 = AXIS2_PLACEMENT_3D('',#2291,#2292,#2293);
#2291 = CARTESIAN_POINT('',(63.999998243317,-20.0000009297,
    1.021463052347));
#2292 = DIRECTION('',(0.965925827499,0.258819040587,0.));
#2293 = DIRECTION('',(0.,0.,-1.));
#2294 = ORIENTED_EDGE('',*,*,#2295,.T.);
#2295 = EDGE_CURVE('',#2287,#2261,#2296,.T.);
#2296 = LINE('',#2297,#2298);
#2297 = CARTESIAN_POINT('',(63.56000587432,-18.35792702295,0.));
#2298 = VECTOR('',#2299,1.);
#2299 = DIRECTION('',(-0.,-0.,1.));
#2300 = ORIENTED_EDGE('',*,*,#2260,.T.);
#2301 = ORIENTED_EDGE('',*,*,#386,.F.);
#2302 = ORIENTED_EDGE('',*,*,#2303,.T.);
#2303 = EDGE_CURVE('',#378,#990,#2304,.T.);
#2304 = LINE('',#2305,#2306);
#2305 = CARTESIAN_POINT('',(63.26361168,-17.25176881,0.));
#2306 = VECTOR('',#2307,1.);
#2307 = DIRECTION('',(0.,0.,1.));
#2308 = ORIENTED_EDGE('',*,*,#998,.T.);
#2309 = ORIENTED_EDGE('',*,*,#2310,.T.);
#2310 = EDGE_CURVE('',#999,#2311,#2313,.T.);
#2311 = VERTEX_POINT('',#2312);
#2312 = CARTESIAN_POINT('',(63.56000587432,-18.35792702295,109.95));
#2313 = HYPERBOLA('',#2314,2.626167322717E-06,2.626167322717E-06);
#2314 = AXIS2_PLACEMENT_3D('',#2315,#2316,#2317);
#2315 = CARTESIAN_POINT('',(63.999998243317,-20.0000009297,108.25));
#2316 = DIRECTION('',(0.965925827499,0.258819040587,-0.));
#2317 = DIRECTION('',(0.,0.,1.));
#2318 = ORIENTED_EDGE('',*,*,#2319,.F.);
#2319 = EDGE_CURVE('',#2320,#2311,#2322,.T.);
#2320 = VERTEX_POINT('',#2321);
#2321 = CARTESIAN_POINT('',(63.56000587432,-18.35792702295,110.));
#2322 = LINE('',#2323,#2324);
#2323 = CARTESIAN_POINT('',(63.56000587432,-18.35792702295,110.));
#2324 = VECTOR('',#2325,1.);
#2325 = DIRECTION('',(-0.,-0.,-1.));
#2326 = ORIENTED_EDGE('',*,*,#2327,.T.);
#2327 = EDGE_CURVE('',#2320,#2328,#2330,.T.);
#2328 = VERTEX_POINT('',#2329);
#2329 = CARTESIAN_POINT('',(63.676475533622,-18.79259771713,
    109.72961018854));
#2330 = HYPERBOLA('',#2331,1.577960523198E-06,2.626167322717E-06);
#2331 = AXIS2_PLACEMENT_3D('',#2332,#2333,#2334);
#2332 = CARTESIAN_POINT('',(63.999998243317,-20.0000009297,
    108.97853694765));
#2333 = DIRECTION('',(0.965925827499,0.258819040587,-0.));
#2334 = DIRECTION('',(0.,0.,1.));
#2335 = ORIENTED_EDGE('',*,*,#2336,.F.);
#2336 = EDGE_CURVE('',#2285,#2328,#2337,.T.);
#2337 = LINE('',#2338,#2339);
#2338 = CARTESIAN_POINT('',(63.676475533622,-18.79259771713,0.));
#2339 = VECTOR('',#2340,1.);
#2340 = DIRECTION('',(0.,0.,1.));
#2341 = PLANE('',#2342);
#2342 = AXIS2_PLACEMENT_3D('',#2343,#2344,#2345);
#2343 = CARTESIAN_POINT('',(63.26361168,-17.25176881,0.));
#2344 = DIRECTION('',(0.965925827499,0.258819040587,-0.));
#2345 = DIRECTION('',(0.258819040587,-0.965925827499,0.));
#2346 = ADVANCED_FACE('',(#2347),#2358,.T.);
#2347 = FACE_BOUND('',#2348,.T.);
#2348 = EDGE_LOOP('',(#2349,#2350,#2351,#2352));
#2349 = ORIENTED_EDGE('',*,*,#377,.T.);
#2350 = ORIENTED_EDGE('',*,*,#2303,.T.);
#2351 = ORIENTED_EDGE('',*,*,#989,.F.);
#2352 = ORIENTED_EDGE('',*,*,#2353,.F.);
#2353 = EDGE_CURVE('',#370,#982,#2354,.T.);
#2354 = LINE('',#2355,#2356);
#2355 = CARTESIAN_POINT('',(63.45679684,-17.000005,0.));
#2356 = VECTOR('',#2357,1.);
#2357 = DIRECTION('',(0.,0.,1.));
#2358 = CYLINDRICAL_SURFACE('',#2359,0.199999993834);
#2359 = AXIS2_PLACEMENT_3D('',#2360,#2361,#2362);
#2360 = CARTESIAN_POINT('',(63.456796836959,-17.20000499383,0.));
#2361 = DIRECTION('',(-0.,0.,-1.));
#2362 = DIRECTION('',(1.,0.,0.));
#2363 = ADVANCED_FACE('',(#2364),#2375,.F.);
#2364 = FACE_BOUND('',#2365,.F.);
#2365 = EDGE_LOOP('',(#2366,#2372,#2373,#2374));
#2366 = ORIENTED_EDGE('',*,*,#2367,.T.);
#2367 = EDGE_CURVE('',#362,#974,#2368,.T.);
#2368 = LINE('',#2369,#2370);
#2369 = CARTESIAN_POINT('',(67.99999934,-17.000005,0.));
#2370 = VECTOR('',#2371,1.);
#2371 = DIRECTION('',(0.,0.,1.));
#2372 = ORIENTED_EDGE('',*,*,#981,.T.);
#2373 = ORIENTED_EDGE('',*,*,#2353,.F.);
#2374 = ORIENTED_EDGE('',*,*,#369,.F.);
#2375 = PLANE('',#2376);
#2376 = AXIS2_PLACEMENT_3D('',#2377,#2378,#2379);
#2377 = CARTESIAN_POINT('',(67.99999934,-17.000005,0.));
#2378 = DIRECTION('',(0.,-1.,0.));
#2379 = DIRECTION('',(-1.,0.,0.));
#2380 = ADVANCED_FACE('',(#2381),#2392,.F.);
#2381 = FACE_BOUND('',#2382,.F.);
#2382 = EDGE_LOOP('',(#2383,#2389,#2390,#2391));
#2383 = ORIENTED_EDGE('',*,*,#2384,.T.);
#2384 = EDGE_CURVE('',#354,#966,#2385,.T.);
#2385 = LINE('',#2386,#2387);
#2386 = CARTESIAN_POINT('',(67.99999934,-15.000005,0.));
#2387 = VECTOR('',#2388,1.);
#2388 = DIRECTION('',(0.,0.,1.));
#2389 = ORIENTED_EDGE('',*,*,#973,.T.);
#2390 = ORIENTED_EDGE('',*,*,#2367,.F.);
#2391 = ORIENTED_EDGE('',*,*,#361,.F.);
#2392 = PLANE('',#2393);
#2393 = AXIS2_PLACEMENT_3D('',#2394,#2395,#2396);
#2394 = CARTESIAN_POINT('',(67.99999934,-15.000005,0.));
#2395 = DIRECTION('',(1.,0.,-0.));
#2396 = DIRECTION('',(0.,-1.,0.));
#2397 = ADVANCED_FACE('',(#2398),#2409,.F.);
#2398 = FACE_BOUND('',#2399,.F.);
#2399 = EDGE_LOOP('',(#2400,#2406,#2407,#2408));
#2400 = ORIENTED_EDGE('',*,*,#2401,.T.);
#2401 = EDGE_CURVE('',#346,#958,#2402,.T.);
#2402 = LINE('',#2403,#2404);
#2403 = CARTESIAN_POINT('',(65.99999934,-15.000005,0.));
#2404 = VECTOR('',#2405,1.);
#2405 = DIRECTION('',(0.,0.,1.));
#2406 = ORIENTED_EDGE('',*,*,#965,.T.);
#2407 = ORIENTED_EDGE('',*,*,#2384,.F.);
#2408 = ORIENTED_EDGE('',*,*,#353,.F.);
#2409 = PLANE('',#2410);
#2410 = AXIS2_PLACEMENT_3D('',#2411,#2412,#2413);
#2411 = CARTESIAN_POINT('',(65.99999934,-15.000005,0.));
#2412 = DIRECTION('',(0.,1.,0.));
#2413 = DIRECTION('',(1.,0.,0.));
#2414 = ADVANCED_FACE('',(#2415),#2426,.F.);
#2415 = FACE_BOUND('',#2416,.F.);
#2416 = EDGE_LOOP('',(#2417,#2423,#2424,#2425));
#2417 = ORIENTED_EDGE('',*,*,#2418,.T.);
#2418 = EDGE_CURVE('',#338,#950,#2419,.T.);
#2419 = LINE('',#2420,#2421);
#2420 = CARTESIAN_POINT('',(65.99999934,-13.500005,0.));
#2421 = VECTOR('',#2422,1.);
#2422 = DIRECTION('',(0.,0.,1.));
#2423 = ORIENTED_EDGE('',*,*,#957,.T.);
#2424 = ORIENTED_EDGE('',*,*,#2401,.F.);
#2425 = ORIENTED_EDGE('',*,*,#345,.F.);
#2426 = PLANE('',#2427);
#2427 = AXIS2_PLACEMENT_3D('',#2428,#2429,#2430);
#2428 = CARTESIAN_POINT('',(65.99999934,-13.500005,0.));
#2429 = DIRECTION('',(1.,0.,-0.));
#2430 = DIRECTION('',(0.,-1.,0.));
#2431 = ADVANCED_FACE('',(#2432),#2443,.F.);
#2432 = FACE_BOUND('',#2433,.F.);
#2433 = EDGE_LOOP('',(#2434,#2440,#2441,#2442));
#2434 = ORIENTED_EDGE('',*,*,#2435,.T.);
#2435 = EDGE_CURVE('',#330,#942,#2436,.T.);
#2436 = LINE('',#2437,#2438);
#2437 = CARTESIAN_POINT('',(67.99999934,-13.500005,0.));
#2438 = VECTOR('',#2439,1.);
#2439 = DIRECTION('',(0.,0.,1.));
#2440 = ORIENTED_EDGE('',*,*,#949,.T.);
#2441 = ORIENTED_EDGE('',*,*,#2418,.F.);
#2442 = ORIENTED_EDGE('',*,*,#337,.F.);
#2443 = PLANE('',#2444);
#2444 = AXIS2_PLACEMENT_3D('',#2445,#2446,#2447);
#2445 = CARTESIAN_POINT('',(67.99999934,-13.500005,0.));
#2446 = DIRECTION('',(0.,-1.,0.));
#2447 = DIRECTION('',(-1.,0.,0.));
#2448 = ADVANCED_FACE('',(#2449),#2460,.F.);
#2449 = FACE_BOUND('',#2450,.F.);
#2450 = EDGE_LOOP('',(#2451,#2457,#2458,#2459));
#2451 = ORIENTED_EDGE('',*,*,#2452,.T.);
#2452 = EDGE_CURVE('',#322,#934,#2453,.T.);
#2453 = LINE('',#2454,#2455);
#2454 = CARTESIAN_POINT('',(67.99999934,-11.500005,0.));
#2455 = VECTOR('',#2456,1.);
#2456 = DIRECTION('',(0.,0.,1.));
#2457 = ORIENTED_EDGE('',*,*,#941,.T.);
#2458 = ORIENTED_EDGE('',*,*,#2435,.F.);
#2459 = ORIENTED_EDGE('',*,*,#329,.F.);
#2460 = PLANE('',#2461);
#2461 = AXIS2_PLACEMENT_3D('',#2462,#2463,#2464);
#2462 = CARTESIAN_POINT('',(67.99999934,-11.500005,0.));
#2463 = DIRECTION('',(1.,0.,-0.));
#2464 = DIRECTION('',(0.,-1.,0.));
#2465 = ADVANCED_FACE('',(#2466),#2477,.F.);
#2466 = FACE_BOUND('',#2467,.F.);
#2467 = EDGE_LOOP('',(#2468,#2474,#2475,#2476));
#2468 = ORIENTED_EDGE('',*,*,#2469,.T.);
#2469 = EDGE_CURVE('',#314,#926,#2470,.T.);
#2470 = LINE('',#2471,#2472);
#2471 = CARTESIAN_POINT('',(65.99999934,-11.500005,0.));
#2472 = VECTOR('',#2473,1.);
#2473 = DIRECTION('',(0.,0.,1.));
#2474 = ORIENTED_EDGE('',*,*,#933,.T.);
#2475 = ORIENTED_EDGE('',*,*,#2452,.F.);
#2476 = ORIENTED_EDGE('',*,*,#321,.F.);
#2477 = PLANE('',#2478);
#2478 = AXIS2_PLACEMENT_3D('',#2479,#2480,#2481);
#2479 = CARTESIAN_POINT('',(65.99999934,-11.500005,0.));
#2480 = DIRECTION('',(0.,1.,0.));
#2481 = DIRECTION('',(1.,0.,0.));
#2482 = ADVANCED_FACE('',(#2483),#2494,.F.);
#2483 = FACE_BOUND('',#2484,.F.);
#2484 = EDGE_LOOP('',(#2485,#2491,#2492,#2493));
#2485 = ORIENTED_EDGE('',*,*,#2486,.T.);
#2486 = EDGE_CURVE('',#306,#918,#2487,.T.);
#2487 = LINE('',#2488,#2489);
#2488 = CARTESIAN_POINT('',(65.99999934,-10.000005,0.));
#2489 = VECTOR('',#2490,1.);
#2490 = DIRECTION('',(0.,0.,1.));
#2491 = ORIENTED_EDGE('',*,*,#925,.T.);
#2492 = ORIENTED_EDGE('',*,*,#2469,.F.);
#2493 = ORIENTED_EDGE('',*,*,#313,.F.);
#2494 = PLANE('',#2495);
#2495 = AXIS2_PLACEMENT_3D('',#2496,#2497,#2498);
#2496 = CARTESIAN_POINT('',(65.99999934,-10.000005,0.));
#2497 = DIRECTION('',(1.,0.,-0.));
#2498 = DIRECTION('',(0.,-1.,0.));
#2499 = ADVANCED_FACE('',(#2500),#2511,.F.);
#2500 = FACE_BOUND('',#2501,.F.);
#2501 = EDGE_LOOP('',(#2502,#2508,#2509,#2510));
#2502 = ORIENTED_EDGE('',*,*,#2503,.T.);
#2503 = EDGE_CURVE('',#298,#910,#2504,.T.);
#2504 = LINE('',#2505,#2506);
#2505 = CARTESIAN_POINT('',(67.99999934,-10.000005,0.));
#2506 = VECTOR('',#2507,1.);
#2507 = DIRECTION('',(0.,0.,1.));
#2508 = ORIENTED_EDGE('',*,*,#917,.T.);
#2509 = ORIENTED_EDGE('',*,*,#2486,.F.);
#2510 = ORIENTED_EDGE('',*,*,#305,.F.);
#2511 = PLANE('',#2512);
#2512 = AXIS2_PLACEMENT_3D('',#2513,#2514,#2515);
#2513 = CARTESIAN_POINT('',(67.99999934,-10.000005,0.));
#2514 = DIRECTION('',(0.,-1.,0.));
#2515 = DIRECTION('',(-1.,0.,0.));
#2516 = ADVANCED_FACE('',(#2517),#2528,.F.);
#2517 = FACE_BOUND('',#2518,.F.);
#2518 = EDGE_LOOP('',(#2519,#2525,#2526,#2527));
#2519 = ORIENTED_EDGE('',*,*,#2520,.T.);
#2520 = EDGE_CURVE('',#290,#902,#2521,.T.);
#2521 = LINE('',#2522,#2523);
#2522 = CARTESIAN_POINT('',(67.99999934,-8.000005,0.));
#2523 = VECTOR('',#2524,1.);
#2524 = DIRECTION('',(0.,0.,1.));
#2525 = ORIENTED_EDGE('',*,*,#909,.T.);
#2526 = ORIENTED_EDGE('',*,*,#2503,.F.);
#2527 = ORIENTED_EDGE('',*,*,#297,.F.);
#2528 = PLANE('',#2529);
#2529 = AXIS2_PLACEMENT_3D('',#2530,#2531,#2532);
#2530 = CARTESIAN_POINT('',(67.99999934,-8.000005,0.));
#2531 = DIRECTION('',(1.,0.,-0.));
#2532 = DIRECTION('',(0.,-1.,0.));
#2533 = ADVANCED_FACE('',(#2534),#2545,.F.);
#2534 = FACE_BOUND('',#2535,.F.);
#2535 = EDGE_LOOP('',(#2536,#2542,#2543,#2544));
#2536 = ORIENTED_EDGE('',*,*,#2537,.T.);
#2537 = EDGE_CURVE('',#282,#894,#2538,.T.);
#2538 = LINE('',#2539,#2540);
#2539 = CARTESIAN_POINT('',(65.99999934,-8.000005,0.));
#2540 = VECTOR('',#2541,1.);
#2541 = DIRECTION('',(0.,0.,1.));
#2542 = ORIENTED_EDGE('',*,*,#901,.T.);
#2543 = ORIENTED_EDGE('',*,*,#2520,.F.);
#2544 = ORIENTED_EDGE('',*,*,#289,.F.);
#2545 = PLANE('',#2546);
#2546 = AXIS2_PLACEMENT_3D('',#2547,#2548,#2549);
#2547 = CARTESIAN_POINT('',(65.99999934,-8.000005,0.));
#2548 = DIRECTION('',(0.,1.,0.));
#2549 = DIRECTION('',(1.,0.,0.));
#2550 = ADVANCED_FACE('',(#2551),#2562,.F.);
#2551 = FACE_BOUND('',#2552,.F.);
#2552 = EDGE_LOOP('',(#2553,#2559,#2560,#2561));
#2553 = ORIENTED_EDGE('',*,*,#2554,.T.);
#2554 = EDGE_CURVE('',#274,#886,#2555,.T.);
#2555 = LINE('',#2556,#2557);
#2556 = CARTESIAN_POINT('',(65.99999934,-6.500005,0.));
#2557 = VECTOR('',#2558,1.);
#2558 = DIRECTION('',(0.,0.,1.));
#2559 = ORIENTED_EDGE('',*,*,#893,.T.);
#2560 = ORIENTED_EDGE('',*,*,#2537,.F.);
#2561 = ORIENTED_EDGE('',*,*,#281,.F.);
#2562 = PLANE('',#2563);
#2563 = AXIS2_PLACEMENT_3D('',#2564,#2565,#2566);
#2564 = CARTESIAN_POINT('',(65.99999934,-6.500005,0.));
#2565 = DIRECTION('',(1.,0.,-0.));
#2566 = DIRECTION('',(0.,-1.,0.));
#2567 = ADVANCED_FACE('',(#2568),#2579,.F.);
#2568 = FACE_BOUND('',#2569,.F.);
#2569 = EDGE_LOOP('',(#2570,#2576,#2577,#2578));
#2570 = ORIENTED_EDGE('',*,*,#2571,.T.);
#2571 = EDGE_CURVE('',#266,#878,#2572,.T.);
#2572 = LINE('',#2573,#2574);
#2573 = CARTESIAN_POINT('',(67.99999934,-6.500005,0.));
#2574 = VECTOR('',#2575,1.);
#2575 = DIRECTION('',(0.,0.,1.));
#2576 = ORIENTED_EDGE('',*,*,#885,.T.);
#2577 = ORIENTED_EDGE('',*,*,#2554,.F.);
#2578 = ORIENTED_EDGE('',*,*,#273,.F.);
#2579 = PLANE('',#2580);
#2580 = AXIS2_PLACEMENT_3D('',#2581,#2582,#2583);
#2581 = CARTESIAN_POINT('',(67.99999934,-6.500005,0.));
#2582 = DIRECTION('',(0.,-1.,0.));
#2583 = DIRECTION('',(-1.,0.,0.));
#2584 = ADVANCED_FACE('',(#2585),#2596,.F.);
#2585 = FACE_BOUND('',#2586,.F.);
#2586 = EDGE_LOOP('',(#2587,#2593,#2594,#2595));
#2587 = ORIENTED_EDGE('',*,*,#2588,.T.);
#2588 = EDGE_CURVE('',#258,#870,#2589,.T.);
#2589 = LINE('',#2590,#2591);
#2590 = CARTESIAN_POINT('',(67.99999934,-1.900005,0.));
#2591 = VECTOR('',#2592,1.);
#2592 = DIRECTION('',(0.,0.,1.));
#2593 = ORIENTED_EDGE('',*,*,#877,.T.);
#2594 = ORIENTED_EDGE('',*,*,#2571,.F.);
#2595 = ORIENTED_EDGE('',*,*,#265,.F.);
#2596 = PLANE('',#2597);
#2597 = AXIS2_PLACEMENT_3D('',#2598,#2599,#2600);
#2598 = CARTESIAN_POINT('',(67.99999934,-1.900005,0.));
#2599 = DIRECTION('',(1.,0.,-0.));
#2600 = DIRECTION('',(0.,-1.,0.));
#2601 = ADVANCED_FACE('',(#2602),#2613,.F.);
#2602 = FACE_BOUND('',#2603,.F.);
#2603 = EDGE_LOOP('',(#2604,#2610,#2611,#2612));
#2604 = ORIENTED_EDGE('',*,*,#2605,.T.);
#2605 = EDGE_CURVE('',#250,#862,#2606,.T.);
#2606 = LINE('',#2607,#2608);
#2607 = CARTESIAN_POINT('',(66.09999934,-1.900005,0.));
#2608 = VECTOR('',#2609,1.);
#2609 = DIRECTION('',(0.,0.,1.));
#2610 = ORIENTED_EDGE('',*,*,#869,.T.);
#2611 = ORIENTED_EDGE('',*,*,#2588,.F.);
#2612 = ORIENTED_EDGE('',*,*,#257,.F.);
#2613 = PLANE('',#2614);
#2614 = AXIS2_PLACEMENT_3D('',#2615,#2616,#2617);
#2615 = CARTESIAN_POINT('',(66.09999934,-1.900005,0.));
#2616 = DIRECTION('',(0.,1.,0.));
#2617 = DIRECTION('',(1.,0.,0.));
#2618 = ADVANCED_FACE('',(#2619),#2630,.F.);
#2619 = FACE_BOUND('',#2620,.F.);
#2620 = EDGE_LOOP('',(#2621,#2627,#2628,#2629));
#2621 = ORIENTED_EDGE('',*,*,#2622,.T.);
#2622 = EDGE_CURVE('',#241,#853,#2623,.T.);
#2623 = LINE('',#2624,#2625);
#2624 = CARTESIAN_POINT('',(66.09999934,-0.120005,0.));
#2625 = VECTOR('',#2626,1.);
#2626 = DIRECTION('',(0.,0.,1.));
#2627 = ORIENTED_EDGE('',*,*,#861,.T.);
#2628 = ORIENTED_EDGE('',*,*,#2605,.F.);
#2629 = ORIENTED_EDGE('',*,*,#249,.F.);
#2630 = PLANE('',#2631);
#2631 = AXIS2_PLACEMENT_3D('',#2632,#2633,#2634);
#2632 = CARTESIAN_POINT('',(66.09999934,-0.120005,0.));
#2633 = DIRECTION('',(1.,0.,-0.));
#2634 = DIRECTION('',(0.,-1.,0.));
#2635 = ADVANCED_FACE('',(#2636),#2647,.T.);
#2636 = FACE_BOUND('',#2637,.T.);
#2637 = EDGE_LOOP('',(#2638,#2639,#2640,#2641));
#2638 = ORIENTED_EDGE('',*,*,#240,.T.);
#2639 = ORIENTED_EDGE('',*,*,#2622,.T.);
#2640 = ORIENTED_EDGE('',*,*,#852,.F.);
#2641 = ORIENTED_EDGE('',*,*,#2642,.F.);
#2642 = EDGE_CURVE('',#233,#845,#2643,.T.);
#2643 = LINE('',#2644,#2645);
#2644 = CARTESIAN_POINT('',(66.19999934,-2.0005E-02,0.));
#2645 = VECTOR('',#2646,1.);
#2646 = DIRECTION('',(0.,0.,1.));
#2647 = CYLINDRICAL_SURFACE('',#2648,0.1);
#2648 = AXIS2_PLACEMENT_3D('',#2649,#2650,#2651);
#2649 = CARTESIAN_POINT('',(66.19999934,-0.120005,0.));
#2650 = DIRECTION('',(-0.,0.,-1.));
#2651 = DIRECTION('',(1.,0.,0.));
#2652 = ADVANCED_FACE('',(#2653),#2664,.T.);
#2653 = FACE_BOUND('',#2654,.T.);
#2654 = EDGE_LOOP('',(#2655,#2656,#2657,#2663));
#2655 = ORIENTED_EDGE('',*,*,#2642,.T.);
#2656 = ORIENTED_EDGE('',*,*,#844,.T.);
#2657 = ORIENTED_EDGE('',*,*,#2658,.F.);
#2658 = EDGE_CURVE('',#225,#837,#2659,.T.);
#2659 = LINE('',#2660,#2661);
#2660 = CARTESIAN_POINT('',(67.49999934,-2.0005E-02,0.));
#2661 = VECTOR('',#2662,1.);
#2662 = DIRECTION('',(0.,0.,1.));
#2663 = ORIENTED_EDGE('',*,*,#232,.F.);
#2664 = PLANE('',#2665);
#2665 = AXIS2_PLACEMENT_3D('',#2666,#2667,#2668);
#2666 = CARTESIAN_POINT('',(66.19999934,-2.0005E-02,0.));
#2667 = DIRECTION('',(0.,1.,0.));
#2668 = DIRECTION('',(1.,0.,0.));
#2669 = ADVANCED_FACE('',(#2670),#2681,.T.);
#2670 = FACE_BOUND('',#2671,.T.);
#2671 = EDGE_LOOP('',(#2672,#2673,#2674,#2680));
#2672 = ORIENTED_EDGE('',*,*,#2658,.T.);
#2673 = ORIENTED_EDGE('',*,*,#836,.T.);
#2674 = ORIENTED_EDGE('',*,*,#2675,.F.);
#2675 = EDGE_CURVE('',#216,#828,#2676,.T.);
#2676 = LINE('',#2677,#2678);
#2677 = CARTESIAN_POINT('',(67.49999934,0.679995,0.));
#2678 = VECTOR('',#2679,1.);
#2679 = DIRECTION('',(0.,0.,1.));
#2680 = ORIENTED_EDGE('',*,*,#224,.F.);
#2681 = PLANE('',#2682);
#2682 = AXIS2_PLACEMENT_3D('',#2683,#2684,#2685);
#2683 = CARTESIAN_POINT('',(67.49999934,-2.0005E-02,0.));
#2684 = DIRECTION('',(-1.,0.,0.));
#2685 = DIRECTION('',(0.,1.,0.));
#2686 = ADVANCED_FACE('',(#2687),#2698,.T.);
#2687 = FACE_BOUND('',#2688,.T.);
#2688 = EDGE_LOOP('',(#2689,#2690,#2691,#2692));
#2689 = ORIENTED_EDGE('',*,*,#215,.T.);
#2690 = ORIENTED_EDGE('',*,*,#2675,.T.);
#2691 = ORIENTED_EDGE('',*,*,#827,.F.);
#2692 = ORIENTED_EDGE('',*,*,#2693,.F.);
#2693 = EDGE_CURVE('',#208,#820,#2694,.T.);
#2694 = LINE('',#2695,#2696);
#2695 = CARTESIAN_POINT('',(67.99999934,1.179995,0.));
#2696 = VECTOR('',#2697,1.);
#2697 = DIRECTION('',(0.,0.,1.));
#2698 = CYLINDRICAL_SURFACE('',#2699,0.5);
#2699 = AXIS2_PLACEMENT_3D('',#2700,#2701,#2702);
#2700 = CARTESIAN_POINT('',(67.99999934,0.679995,0.));
#2701 = DIRECTION('',(-0.,0.,-1.));
#2702 = DIRECTION('',(1.,0.,0.));
#2703 = ADVANCED_FACE('',(#2704),#2715,.T.);
#2704 = FACE_BOUND('',#2705,.T.);
#2705 = EDGE_LOOP('',(#2706,#2707,#2708,#2714));
#2706 = ORIENTED_EDGE('',*,*,#2693,.T.);
#2707 = ORIENTED_EDGE('',*,*,#819,.T.);
#2708 = ORIENTED_EDGE('',*,*,#2709,.F.);
#2709 = EDGE_CURVE('',#199,#811,#2710,.T.);
#2710 = LINE('',#2711,#2712);
#2711 = CARTESIAN_POINT('',(68.09999934,1.179995,0.));
#2712 = VECTOR('',#2713,1.);
#2713 = DIRECTION('',(0.,0.,1.));
#2714 = ORIENTED_EDGE('',*,*,#207,.F.);
#2715 = PLANE('',#2716);
#2716 = AXIS2_PLACEMENT_3D('',#2717,#2718,#2719);
#2717 = CARTESIAN_POINT('',(67.99999934,1.179995,0.));
#2718 = DIRECTION('',(0.,1.,0.));
#2719 = DIRECTION('',(1.,0.,0.));
#2720 = ADVANCED_FACE('',(#2721),#2732,.T.);
#2721 = FACE_BOUND('',#2722,.T.);
#2722 = EDGE_LOOP('',(#2723,#2724,#2725,#2726));
#2723 = ORIENTED_EDGE('',*,*,#198,.T.);
#2724 = ORIENTED_EDGE('',*,*,#2709,.T.);
#2725 = ORIENTED_EDGE('',*,*,#810,.F.);
#2726 = ORIENTED_EDGE('',*,*,#2727,.F.);
#2727 = EDGE_CURVE('',#191,#803,#2728,.T.);
#2728 = LINE('',#2729,#2730);
#2729 = CARTESIAN_POINT('',(68.59999934,0.679995,0.));
#2730 = VECTOR('',#2731,1.);
#2731 = DIRECTION('',(0.,0.,1.));
#2732 = CYLINDRICAL_SURFACE('',#2733,0.5);
#2733 = AXIS2_PLACEMENT_3D('',#2734,#2735,#2736);
#2734 = CARTESIAN_POINT('',(68.09999934,0.679995,0.));
#2735 = DIRECTION('',(-0.,0.,-1.));
#2736 = DIRECTION('',(1.,0.,0.));
#2737 = ADVANCED_FACE('',(#2738),#2749,.T.);
#2738 = FACE_BOUND('',#2739,.T.);
#2739 = EDGE_LOOP('',(#2740,#2741,#2742,#2748));
#2740 = ORIENTED_EDGE('',*,*,#2727,.T.);
#2741 = ORIENTED_EDGE('',*,*,#802,.T.);
#2742 = ORIENTED_EDGE('',*,*,#2743,.F.);
#2743 = EDGE_CURVE('',#183,#795,#2744,.T.);
#2744 = LINE('',#2745,#2746);
#2745 = CARTESIAN_POINT('',(68.59999934,-2.0005E-02,0.));
#2746 = VECTOR('',#2747,1.);
#2747 = DIRECTION('',(0.,0.,1.));
#2748 = ORIENTED_EDGE('',*,*,#190,.F.);
#2749 = PLANE('',#2750);
#2750 = AXIS2_PLACEMENT_3D('',#2751,#2752,#2753);
#2751 = CARTESIAN_POINT('',(68.59999934,0.679995,0.));
#2752 = DIRECTION('',(1.,0.,-0.));
#2753 = DIRECTION('',(0.,-1.,0.));
#2754 = ADVANCED_FACE('',(#2755),#2766,.T.);
#2755 = FACE_BOUND('',#2756,.T.);
#2756 = EDGE_LOOP('',(#2757,#2758,#2759,#2765));
#2757 = ORIENTED_EDGE('',*,*,#2743,.T.);
#2758 = ORIENTED_EDGE('',*,*,#794,.T.);
#2759 = ORIENTED_EDGE('',*,*,#2760,.F.);
#2760 = EDGE_CURVE('',#174,#786,#2761,.T.);
#2761 = LINE('',#2762,#2763);
#2762 = CARTESIAN_POINT('',(69.89999934,-2.0005E-02,0.));
#2763 = VECTOR('',#2764,1.);
#2764 = DIRECTION('',(0.,0.,1.));
#2765 = ORIENTED_EDGE('',*,*,#182,.F.);
#2766 = PLANE('',#2767);
#2767 = AXIS2_PLACEMENT_3D('',#2768,#2769,#2770);
#2768 = CARTESIAN_POINT('',(68.59999934,-2.0005E-02,0.));
#2769 = DIRECTION('',(0.,1.,0.));
#2770 = DIRECTION('',(1.,0.,0.));
#2771 = ADVANCED_FACE('',(#2772),#2783,.T.);
#2772 = FACE_BOUND('',#2773,.T.);
#2773 = EDGE_LOOP('',(#2774,#2775,#2776,#2777));
#2774 = ORIENTED_EDGE('',*,*,#173,.T.);
#2775 = ORIENTED_EDGE('',*,*,#2760,.T.);
#2776 = ORIENTED_EDGE('',*,*,#785,.F.);
#2777 = ORIENTED_EDGE('',*,*,#2778,.F.);
#2778 = EDGE_CURVE('',#166,#778,#2779,.T.);
#2779 = LINE('',#2780,#2781);
#2780 = CARTESIAN_POINT('',(69.99999934,-0.120005,0.));
#2781 = VECTOR('',#2782,1.);
#2782 = DIRECTION('',(0.,0.,1.));
#2783 = CYLINDRICAL_SURFACE('',#2784,0.1);
#2784 = AXIS2_PLACEMENT_3D('',#2785,#2786,#2787);
#2785 = CARTESIAN_POINT('',(69.89999934,-0.120005,0.));
#2786 = DIRECTION('',(-0.,0.,-1.));
#2787 = DIRECTION('',(1.,0.,0.));
#2788 = ADVANCED_FACE('',(#2789),#2800,.T.);
#2789 = FACE_BOUND('',#2790,.T.);
#2790 = EDGE_LOOP('',(#2791,#2792,#2793,#2799));
#2791 = ORIENTED_EDGE('',*,*,#2778,.T.);
#2792 = ORIENTED_EDGE('',*,*,#777,.T.);
#2793 = ORIENTED_EDGE('',*,*,#2794,.F.);
#2794 = EDGE_CURVE('',#157,#769,#2795,.T.);
#2795 = LINE('',#2796,#2797);
#2796 = CARTESIAN_POINT('',(69.99999934,-15.000005,0.));
#2797 = VECTOR('',#2798,1.);
#2798 = DIRECTION('',(0.,0.,1.));
#2799 = ORIENTED_EDGE('',*,*,#165,.F.);
#2800 = PLANE('',#2801);
#2801 = AXIS2_PLACEMENT_3D('',#2802,#2803,#2804);
#2802 = CARTESIAN_POINT('',(69.99999934,-0.120005,0.));
#2803 = DIRECTION('',(1.,0.,-0.));
#2804 = DIRECTION('',(0.,-1.,0.));
#2805 = ADVANCED_FACE('',(#2806),#2812,.T.);
#2806 = FACE_BOUND('',#2807,.T.);
#2807 = EDGE_LOOP('',(#2808,#2809,#2810,#2811));
#2808 = ORIENTED_EDGE('',*,*,#156,.T.);
#2809 = ORIENTED_EDGE('',*,*,#2794,.T.);
#2810 = ORIENTED_EDGE('',*,*,#768,.F.);
#2811 = ORIENTED_EDGE('',*,*,#1386,.F.);
#2812 = CYLINDRICAL_SURFACE('',#2813,10.);
#2813 = AXIS2_PLACEMENT_3D('',#2814,#2815,#2816);
#2814 = CARTESIAN_POINT('',(59.99999934,-15.000005,0.));
#2815 = DIRECTION('',(-0.,0.,-1.));
#2816 = DIRECTION('',(1.,0.,0.));
#2817 = ADVANCED_FACE('',(#2818),#2830,.F.);
#2818 = FACE_BOUND('',#2819,.F.);
#2819 = EDGE_LOOP('',(#2820,#2821,#2828,#2829));
#2820 = ORIENTED_EDGE('',*,*,#2233,.F.);
#2821 = ORIENTED_EDGE('',*,*,#2822,.F.);
#2822 = EDGE_CURVE('',#2311,#2226,#2823,.T.);
#2823 = CIRCLE('',#2824,1.7);
#2824 = AXIS2_PLACEMENT_3D('',#2825,#2826,#2827);
#2825 = CARTESIAN_POINT('',(64.00000078,-20.00000025,109.95));
#2826 = DIRECTION('',(-0.,0.,-1.));
#2827 = DIRECTION('',(-1.110223024625E-16,-1.,0.));
#2828 = ORIENTED_EDGE('',*,*,#2310,.F.);
#2829 = ORIENTED_EDGE('',*,*,#1006,.T.);
#2830 = CONICAL_SURFACE('',#2831,1.7,0.785398163397);
#2831 = AXIS2_PLACEMENT_3D('',#2832,#2833,#2834);
#2832 = CARTESIAN_POINT('',(64.00000078,-20.00000025,109.95));
#2833 = DIRECTION('',(0.,0.,1.));
#2834 = DIRECTION('',(0.,-1.,0.));
#2835 = ADVANCED_FACE('',(#2836),#2848,.F.);
#2836 = FACE_BOUND('',#2837,.F.);
#2837 = EDGE_LOOP('',(#2838,#2839,#2846,#2847));
#2838 = ORIENTED_EDGE('',*,*,#1989,.F.);
#2839 = ORIENTED_EDGE('',*,*,#2840,.F.);
#2840 = EDGE_CURVE('',#2065,#1982,#2841,.T.);
#2841 = CIRCLE('',#2842,1.7);
#2842 = AXIS2_PLACEMENT_3D('',#2843,#2844,#2845);
#2843 = CARTESIAN_POINT('',(-63.99999922,-20.00000025,109.95));
#2844 = DIRECTION('',(0.,-0.,-1.));
#2845 = DIRECTION('',(2.498001805407E-16,-1.,0.));
#2846 = ORIENTED_EDGE('',*,*,#2064,.F.);
#2847 = ORIENTED_EDGE('',*,*,#1073,.T.);
#2848 = CONICAL_SURFACE('',#2849,1.7,0.785398163397);
#2849 = AXIS2_PLACEMENT_3D('',#2850,#2851,#2852);
#2850 = CARTESIAN_POINT('',(-63.99999922,-20.00000025,109.95));
#2851 = DIRECTION('',(0.,0.,1.));
#2852 = DIRECTION('',(0.,-1.,0.));
#2853 = ADVANCED_FACE('',(#2854),#2866,.T.);
#2854 = FACE_BOUND('',#2855,.T.);
#2855 = EDGE_LOOP('',(#2856,#2863,#2864,#2865));
#2856 = ORIENTED_EDGE('',*,*,#2857,.T.);
#2857 = EDGE_CURVE('',#1948,#2041,#2858,.T.);
#2858 = CIRCLE('',#2859,1.7);
#2859 = AXIS2_PLACEMENT_3D('',#2860,#2861,#2862);
#2860 = CARTESIAN_POINT('',(-63.99999922,-20.00000025,0.));
#2861 = DIRECTION('',(0.,0.,1.));
#2862 = DIRECTION('',(-8.326672684689E-17,-1.,0.));
#2863 = ORIENTED_EDGE('',*,*,#2049,.T.);
#2864 = ORIENTED_EDGE('',*,*,#2023,.F.);
#2865 = ORIENTED_EDGE('',*,*,#1947,.F.);
#2866 = CYLINDRICAL_SURFACE('',#2867,1.7);
#2867 = AXIS2_PLACEMENT_3D('',#2868,#2869,#2870);
#2868 = CARTESIAN_POINT('',(-63.99999922,-20.00000025,0.));
#2869 = DIRECTION('',(-0.,-0.,1.));
#2870 = DIRECTION('',(0.,-1.,0.));
#2871 = ADVANCED_FACE('',(#2872),#2884,.T.);
#2872 = FACE_BOUND('',#2873,.T.);
#2873 = EDGE_LOOP('',(#2874,#2881,#2882,#2883));
#2874 = ORIENTED_EDGE('',*,*,#2875,.F.);
#2875 = EDGE_CURVE('',#1974,#2074,#2876,.T.);
#2876 = CIRCLE('',#2877,1.7);
#2877 = AXIS2_PLACEMENT_3D('',#2878,#2879,#2880);
#2878 = CARTESIAN_POINT('',(-63.99999922,-20.00000025,110.));
#2879 = DIRECTION('',(0.,0.,1.));
#2880 = DIRECTION('',(-3.330669073875E-16,-1.,0.));
#2881 = ORIENTED_EDGE('',*,*,#1981,.T.);
#2882 = ORIENTED_EDGE('',*,*,#2840,.F.);
#2883 = ORIENTED_EDGE('',*,*,#2073,.F.);
#2884 = CYLINDRICAL_SURFACE('',#2885,1.7);
#2885 = AXIS2_PLACEMENT_3D('',#2886,#2887,#2888);
#2886 = CARTESIAN_POINT('',(-63.99999922,-20.00000025,110.));
#2887 = DIRECTION('',(-0.,-0.,-1.));
#2888 = DIRECTION('',(0.,-1.,0.));
#2889 = ADVANCED_FACE('',(#2890),#3379,.F.);
#2890 = FACE_BOUND('',#2891,.F.);
#2891 = EDGE_LOOP('',(#2892,#2893,#2894,#2895));
#2892 = ORIENTED_EDGE('',*,*,#2081,.F.);
#2893 = ORIENTED_EDGE('',*,*,#2875,.F.);
#2894 = ORIENTED_EDGE('',*,*,#1973,.F.);
#2895 = ORIENTED_EDGE('',*,*,#2896,.T.);
#2896 = EDGE_CURVE('',#1966,#2082,#2897,.T.);
#2897 = B_SPLINE_CURVE_WITH_KNOTS('',7,(#2898,#2899,#2900,#2901,#2902,
    #2903,#2904,#2905,#2906,#2907,#2908,#2909,#2910,#2911,#2912,#2913,
    #2914,#2915,#2916,#2917,#2918,#2919,#2920,#2921,#2922,#2923,#2924,
    #2925,#2926,#2927,#2928,#2929,#2930,#2931,#2932,#2933,#2934,#2935,
    #2936,#2937,#2938,#2939,#2940,#2941,#2942,#2943,#2944,#2945,#2946,
    #2947,#2948,#2949,#2950,#2951,#2952,#2953,#2954,#2955,#2956,#2957,
    #2958,#2959,#2960,#2961,#2962,#2963,#2964,#2965,#2966,#2967,#2968,
    #2969,#2970,#2971,#2972,#2973,#2974,#2975,#2976,#2977,#2978,#2979,
    #2980,#2981,#2982,#2983,#2984,#2985,#2986,#2987,#2988,#2989,#2990,
    #2991,#2992,#2993,#2994,#2995,#2996,#2997,#2998,#2999,#3000,#3001,
    #3002,#3003,#3004,#3005,#3006,#3007,#3008,#3009,#3010,#3011,#3012,
    #3013,#3014,#3015,#3016,#3017,#3018,#3019,#3020,#3021,#3022,#3023,
    #3024,#3025,#3026,#3027,#3028,#3029,#3030,#3031,#3032,#3033,#3034,
    #3035,#3036,#3037,#3038,#3039,#3040,#3041,#3042,#3043,#3044,#3045,
    #3046,#3047,#3048,#3049,#3050,#3051,#3052,#3053,#3054,#3055,#3056,
    #3057,#3058,#3059,#3060,#3061,#3062,#3063,#3064,#3065,#3066,#3067,
    #3068,#3069,#3070,#3071,#3072,#3073,#3074,#3075,#3076,#3077,#3078,
    #3079,#3080,#3081,#3082,#3083,#3084,#3085,#3086,#3087,#3088,#3089,
    #3090,#3091,#3092,#3093,#3094,#3095,#3096,#3097,#3098,#3099,#3100,
    #3101,#3102,#3103,#3104,#3105,#3106,#3107,#3108,#3109,#3110,#3111,
    #3112,#3113,#3114,#3115,#3116,#3117,#3118,#3119,#3120,#3121,#3122,
    #3123,#3124,#3125,#3126,#3127,#3128,#3129,#3130,#3131,#3132,#3133,
    #3134,#3135,#3136,#3137,#3138,#3139,#3140,#3141,#3142,#3143,#3144,
    #3145,#3146,#3147,#3148,#3149,#3150,#3151,#3152,#3153,#3154,#3155,
    #3156,#3157,#3158,#3159,#3160,#3161,#3162,#3163,#3164,#3165,#3166,
    #3167,#3168,#3169,#3170,#3171,#3172,#3173,#3174,#3175,#3176,#3177,
    #3178,#3179,#3180,#3181,#3182,#3183,#3184,#3185,#3186,#3187,#3188,
    #3189,#3190,#3191,#3192,#3193,#3194,#3195,#3196,#3197,#3198,#3199,
    #3200,#3201,#3202,#3203,#3204,#3205,#3206,#3207,#3208,#3209,#3210,
    #3211,#3212,#3213,#3214,#3215,#3216,#3217,#3218,#3219,#3220,#3221,
    #3222,#3223,#3224,#3225,#3226,#3227,#3228,#3229,#3230,#3231,#3232,
    #3233,#3234,#3235,#3236,#3237,#3238,#3239,#3240,#3241,#3242,#3243,
    #3244,#3245,#3246,#3247,#3248,#3249,#3250,#3251,#3252,#3253,#3254,
    #3255,#3256,#3257,#3258,#3259,#3260,#3261,#3262,#3263,#3264,#3265,
    #3266,#3267,#3268,#3269,#3270,#3271,#3272,#3273,#3274,#3275,#3276,
    #3277,#3278,#3279,#3280,#3281,#3282,#3283,#3284,#3285,#3286,#3287,
    #3288,#3289,#3290,#3291,#3292,#3293,#3294,#3295,#3296,#3297,#3298,
    #3299,#3300,#3301,#3302,#3303,#3304,#3305,#3306,#3307,#3308,#3309,
    #3310,#3311,#3312,#3313,#3314,#3315,#3316,#3317,#3318,#3319,#3320,
    #3321,#3322,#3323,#3324,#3325,#3326,#3327,#3328,#3329,#3330,#3331,
    #3332,#3333,#3334,#3335,#3336,#3337,#3338,#3339,#3340,#3341,#3342,
    #3343,#3344,#3345,#3346,#3347,#3348,#3349,#3350,#3351,#3352,#3353,
    #3354,#3355,#3356,#3357,#3358,#3359,#3360,#3361,#3362,#3363,#3364,
    #3365,#3366,#3367,#3368,#3369,#3370,#3371,#3372,#3373,#3374,#3375,
    #3376,#3377,#3378),.UNSPECIFIED.,.F.,.F.,(8,6,6,6,6,6,6,6,6,6,6,6,6,
    6,6,6,6,6,6,6,6,6,6,6,6,6,6,6,6,6,6,6,6,6,6,6,6,6,6,6,6,6,6,6,6,6,6,
    6,6,6,6,6,6,6,6,6,6,6,6,6,6,6,6,6,6,6,6,6,6,6,6,6,6,6,6,6,6,6,6,5,8)
  ,(0.,0.194645846919,0.285730270961,0.360654645762,0.395913211055,
    0.412807939634,0.430437220474,0.715372988021,1.,1.005799094422,
    1.012526044001,1.019252993636,1.025979943332,1.032011001734,
    1.038042060191,1.044769010075,1.051495960033,1.058222910068,
    1.064022004992,1.070748955181,1.077475905458,1.083970892018,
    1.090697842477,1.097424793033,1.104151743689,1.110646730629,
    1.117141717667,1.123868668636,1.130595619718,1.137090607079,
    1.14312166687,1.14984861829,1.155879678289,1.162374666094,
    1.169101617875,1.175828569787,1.182555521833,1.189282474015,
    1.196009426335,1.202736378796,1.209231367515,1.215494392479,
    1.22222134536,1.22894829839,1.234979359856,1.241474349263,
    1.24820130273,1.254696292432,1.260959318355,1.267686272277,
    1.273717334551,1.280444288778,1.287171243169,1.293898197723,
    1.300393188484,1.307120143364,1.313151206502,1.319182269775,
    1.325677261144,1.331708324699,1.338435280363,1.345162236198,
    1.351425264198,1.358152220363,1.364415248671,1.371142205167,
    1.377637197809,1.384132190611,1.390627183573,1.397122176694,
    1.403849134024,1.41034412747,1.417071085136,1.422870186708,
    1.429597144689,1.435628210609,1.441659276664,1.447922306941,
    1.454649265546,1.461608188415,1.538544269236),.UNSPECIFIED.);
#2898 = CARTESIAN_POINT('',(-63.67647685,-18.79259772,109.72960973956));
#2899 = CARTESIAN_POINT('',(-63.79072423109,-18.76198522621,
    109.72960974867));
#2900 = CARTESIAN_POINT('',(-63.90837114455,-18.74397948748,
    109.72960978892));
#2901 = CARTESIAN_POINT('',(-64.02771191637,-18.73904537688,
    109.7296098602));
#2902 = CARTESIAN_POINT('',(-64.14700701143,-18.74733735837,
    109.72960996167));
#2903 = CARTESIAN_POINT('',(-64.26451755262,-18.76873456802,
    109.72961009182));
#2904 = CARTESIAN_POINT('',(-64.37854210065,-18.80284337017,
    109.72961024861));
#2905 = CARTESIAN_POINT('',(-64.53842175542,-18.87055109923,
    109.72961051385));
#2906 = CARTESIAN_POINT('',(-64.58827325472,-18.89476782226,
    109.72961060365));
#2907 = CARTESIAN_POINT('',(-64.63684626117,-18.92154811707,
    109.72961069841));
#2908 = CARTESIAN_POINT('',(-64.68398305155,-18.95081023411,
    109.72961079786));
#2909 = CARTESIAN_POINT('',(-64.7295328006,-18.98246054288,
    109.72961090166));
#2910 = CARTESIAN_POINT('',(-64.77335227042,-19.01639395989,
    109.72961100947));
#2911 = CARTESIAN_POINT('',(-64.84981727896,-19.08218991663,
    109.72961121265));
#2912 = CARTESIAN_POINT('',(-64.88306643444,-19.11335215701,
    109.72961130683));
#2913 = CARTESIAN_POINT('',(-64.91497872005,-19.14591628305,
    109.72961140328));
#2914 = CARTESIAN_POINT('',(-64.94548356301,-19.17981327401,
    109.7296115018));
#2915 = CARTESIAN_POINT('',(-64.97451506419,-19.2149699032,
    109.72961160219));
#2916 = CARTESIAN_POINT('',(-65.00201199805,-19.25130873791,
    109.72961170421));
#2917 = CARTESIAN_POINT('',(-65.04010879676,-19.30636669936,
    109.72961185632));
#2918 = CARTESIAN_POINT('',(-65.05194747143,-19.32422904583,
    109.7296119053));
#2919 = CARTESIAN_POINT('',(-65.06342797866,-19.34232671186,
    109.72961195458));
#2920 = CARTESIAN_POINT('',(-65.07454472406,-19.36065107043,
    109.72961200412));
#2921 = CARTESIAN_POINT('',(-65.08529237685,-19.37919333462,
    109.72961205391));
#2922 = CARTESIAN_POINT('',(-65.09566586991,-19.39794455753,
    109.72961210392));
#2923 = CARTESIAN_POINT('',(-65.11044944513,-19.42597635535,
    109.72961217817));
#2924 = CARTESIAN_POINT('',(-65.11515148125,-19.43510296615,
    109.72961220227));
#2925 = CARTESIAN_POINT('',(-65.1197659803,-19.44427446396,
    109.72961222641));
#2926 = CARTESIAN_POINT('',(-65.12429242909,-19.45348984082,
    109.72961225059));
#2927 = CARTESIAN_POINT('',(-65.128730329,-19.46274808161,109.7296122748
    ));
#2928 = CARTESIAN_POINT('',(-65.13307919601,-19.47204816403,
    109.72961229905));
#2929 = CARTESIAN_POINT('',(-65.1417831148,-19.49113607846,
    109.72961234867));
#2930 = CARTESIAN_POINT('',(-65.14613021479,-19.50092753689,
    109.72961237404));
#2931 = CARTESIAN_POINT('',(-65.15037932725,-19.51076226424,
    109.72961239945));
#2932 = CARTESIAN_POINT('',(-65.1545299366,-19.52063908333,
    109.72961242488));
#2933 = CARTESIAN_POINT('',(-65.15858154501,-19.53055680954,
    109.72961245033));
#2934 = CARTESIAN_POINT('',(-65.16253367239,-19.54051425076,
    109.72961247581));
#2935 = CARTESIAN_POINT('',(-65.22864733144,-19.71207128381,
    109.72961291339));
#2936 = CARTESIAN_POINT('',(-65.26484963341,-19.88382175169,
    109.72961333072));
#2937 = CARTESIAN_POINT('',(-65.27287766139,-20.06049095489,
    109.72961373978));
#2938 = CARTESIAN_POINT('',(-65.2521717963,-20.23652536424,
    109.72961412755));
#2939 = CARTESIAN_POINT('',(-65.20336895652,-20.4065099569,
    109.72961448203));
#2940 = CARTESIAN_POINT('',(-65.12830208402,-20.56517260815,
    109.72961479251));
#2941 = CARTESIAN_POINT('',(-64.93230722341,-20.85042728792,
    109.72961530847));
#2942 = CARTESIAN_POINT('',(-64.81127443654,-20.97727886514,
    109.72961551447));
#2943 = CARTESIAN_POINT('',(-64.67029411111,-21.08372322202,
    109.72961566009));
#2944 = CARTESIAN_POINT('',(-64.51361498057,-21.16616915263,109.72961574
    ));
#2945 = CARTESIAN_POINT('',(-64.34604654483,-21.22208585173,
    109.72961575182));
#2946 = CARTESIAN_POINT('',(-64.17295472858,-21.25000520026,
    109.72961569585));
#2947 = CARTESIAN_POINT('',(-63.99647536146,-21.25000499709,
    109.72961557377));
#2948 = CARTESIAN_POINT('',(-63.99295150294,-21.24999340329,
    109.72961557131));
#2949 = CARTESIAN_POINT('',(-63.98942769019,-21.24997021975,
    109.72961556882));
#2950 = CARTESIAN_POINT('',(-63.98590396893,-21.2499354467,
    109.7296155663));
#2951 = CARTESIAN_POINT('',(-63.98238038491,-21.24988908458,
    109.72961556376));
#2952 = CARTESIAN_POINT('',(-63.97885698387,-21.24983113408,
    109.72961556119));
#2953 = CARTESIAN_POINT('',(-63.97124693161,-21.24968093204,
    109.72961555558));
#2954 = CARTESIAN_POINT('',(-63.96716035942,-21.24958467586,
    109.72961555254));
#2955 = CARTESIAN_POINT('',(-63.96307416638,-21.24947282897,
    109.72961554945));
#2956 = CARTESIAN_POINT('',(-63.95898842385,-21.24934539319,
    109.72961554633));
#2957 = CARTESIAN_POINT('',(-63.95490320319,-21.24920237074,
    109.72961554318));
#2958 = CARTESIAN_POINT('',(-63.95081857575,-21.24904376426,
    109.72961553999));
#2959 = CARTESIAN_POINT('',(-63.94265064998,-21.24869538933,
    109.72961553355));
#2960 = CARTESIAN_POINT('',(-63.93856735163,-21.24850562088,
    109.72961553029));
#2961 = CARTESIAN_POINT('',(-63.93448478918,-21.24830027447,
    109.729615527));
#2962 = CARTESIAN_POINT('',(-63.93040303393,-21.24807935358,
    109.72961552367));
#2963 = CARTESIAN_POINT('',(-63.92632215719,-21.24784286204,
    109.72961552031));
#2964 = CARTESIAN_POINT('',(-63.92224223022,-21.24759080414,
    109.72961551691));
#2965 = CARTESIAN_POINT('',(-63.91408441828,-21.24705556494,
    109.72961551004));
#2966 = CARTESIAN_POINT('',(-63.91000653331,-21.24677238364,
    109.72961550658));
#2967 = CARTESIAN_POINT('',(-63.90592974061,-21.24647364532,
    109.72961550307));
#2968 = CARTESIAN_POINT('',(-63.90185411138,-21.24615935507,
    109.72961549954));
#2969 = CARTESIAN_POINT('',(-63.89777971683,-21.24582951836,
    109.72961549596));
#2970 = CARTESIAN_POINT('',(-63.8937066281,-21.2454841411,
    109.72961549236));
#2971 = CARTESIAN_POINT('',(-63.88598441606,-21.24479965376,
    109.72961548545));
#2972 = CARTESIAN_POINT('',(-63.88233502259,-21.24446359142,
    109.72961548216));
#2973 = CARTESIAN_POINT('',(-63.87868678718,-21.24411504711,
    109.72961547884));
#2974 = CARTESIAN_POINT('',(-63.87503976104,-21.24375402565,
    109.72961547549));
#2975 = CARTESIAN_POINT('',(-63.87139399537,-21.24338053209,
    109.72961547212));
#2976 = CARTESIAN_POINT('',(-63.86774954136,-21.24299457178,
    109.72961546872));
#2977 = CARTESIAN_POINT('',(-63.86046335892,-21.24219772883,
    109.72961546186));
#2978 = CARTESIAN_POINT('',(-63.85682163048,-21.24178684619,
    109.7296154584));
#2979 = CARTESIAN_POINT('',(-63.853181316,-21.24136350798,
    109.72961545491));
#2980 = CARTESIAN_POINT('',(-63.84954246659,-21.24092772005,
    109.7296154514));
#2981 = CARTESIAN_POINT('',(-63.84590513333,-21.24047948853,
    109.72961544786));
#2982 = CARTESIAN_POINT('',(-63.84226936729,-21.24001881979,
    109.72961544429));
#2983 = CARTESIAN_POINT('',(-63.8345817469,-21.23901803279,
    109.72961543669));
#2984 = CARTESIAN_POINT('',(-63.83053028753,-21.23847488043,
    109.72961543265));
#2985 = CARTESIAN_POINT('',(-63.82648091219,-21.23791627263,
    109.72961542857));
#2986 = CARTESIAN_POINT('',(-63.82243369162,-21.237342219,
    109.72961542446));
#2987 = CARTESIAN_POINT('',(-63.81838869651,-21.23675272958,
    109.72961542031));
#2988 = CARTESIAN_POINT('',(-63.81434599749,-21.23614781479,
    109.72961541614));
#2989 = CARTESIAN_POINT('',(-63.80626533275,-21.23490715614,
    109.72961540771));
#2990 = CARTESIAN_POINT('',(-63.80222736702,-21.23427141229,
    109.72961540347));
#2991 = CARTESIAN_POINT('',(-63.79819183852,-21.23362026474,
    109.72961539919));
#2992 = CARTESIAN_POINT('',(-63.79415881778,-21.23295372473,
    109.72961539488));
#2993 = CARTESIAN_POINT('',(-63.79012837522,-21.23227180391,
    109.72961539053));
#2994 = CARTESIAN_POINT('',(-63.78610058122,-21.23157451432,
    109.72961538615));
#2995 = CARTESIAN_POINT('',(-63.77805043093,-21.23014922249,
    109.72961537733));
#2996 = CARTESIAN_POINT('',(-63.77402807462,-21.22942122025,
    109.72961537288));
#2997 = CARTESIAN_POINT('',(-63.77000850749,-21.22867787414,
    109.72961536841));
#2998 = CARTESIAN_POINT('',(-63.76599179977,-21.227919197,
    109.72961536389));
#2999 = CARTESIAN_POINT('',(-63.76197802161,-21.22714520209,
    109.72961535935));
#3000 = CARTESIAN_POINT('',(-63.7579672431,-21.22635590306,
    109.72961535477));
#3001 = CARTESIAN_POINT('',(-63.75050461276,-21.22485770267,
    109.72961534619));
#3002 = CARTESIAN_POINT('',(-63.74705197254,-21.22415272837,
    109.72961534219));
#3003 = CARTESIAN_POINT('',(-63.74360165841,-21.22343640006,
    109.72961533817));
#3004 = CARTESIAN_POINT('',(-63.74015371517,-21.22270872696,
    109.72961533412));
#3005 = CARTESIAN_POINT('',(-63.73670818759,-21.22196971853,
    109.72961533005));
#3006 = CARTESIAN_POINT('',(-63.73326512038,-21.22121938444,
    109.72961532595));
#3007 = CARTESIAN_POINT('',(-63.72583350599,-21.21957422068,
    109.72961531706));
#3008 = CARTESIAN_POINT('',(-63.72184582456,-21.21867548029,
    109.72961531224));
#3009 = CARTESIAN_POINT('',(-63.71786158359,-21.21776152882,
    109.7296153074));
#3010 = CARTESIAN_POINT('',(-63.71388085272,-21.21683238209,
    109.72961530252));
#3011 = CARTESIAN_POINT('',(-63.70990370147,-21.21588805634,
    109.72961529762));
#3012 = CARTESIAN_POINT('',(-63.70593019927,-21.21492856818,
    109.72961529268));
#3013 = CARTESIAN_POINT('',(-63.69799063162,-21.21297930111,
    109.72961528273));
#3014 = CARTESIAN_POINT('',(-63.69402456616,-21.2119895222,
    109.72961527773));
#3015 = CARTESIAN_POINT('',(-63.69006228844,-21.21098461493,
    109.72961527269));
#3016 = CARTESIAN_POINT('',(-63.68610386769,-21.20996459673,
    109.72961526762));
#3017 = CARTESIAN_POINT('',(-63.68214937306,-21.20892948542,
    109.72961526252));
#3018 = CARTESIAN_POINT('',(-63.67819887358,-21.20787929921,
    109.72961525739));
#3019 = CARTESIAN_POINT('',(-63.67044208673,-21.20578554667,
    109.72961524724));
#3020 = CARTESIAN_POINT('',(-63.66663552389,-21.20474300081,
    109.72961524223));
#3021 = CARTESIAN_POINT('',(-63.66283281174,-21.20368643587,
    109.72961523719));
#3022 = CARTESIAN_POINT('',(-63.65903401222,-21.20261586892,
    109.72961523211));
#3023 = CARTESIAN_POINT('',(-63.65523918718,-21.20153131742,
    109.72961522701));
#3024 = CARTESIAN_POINT('',(-63.65144839838,-21.20043279912,
    109.72961522188));
#3025 = CARTESIAN_POINT('',(-63.64373977756,-21.19816813418,
    109.72961521138));
#3026 = CARTESIAN_POINT('',(-63.63982224348,-21.19700097342,
    109.729615206));
#3027 = CARTESIAN_POINT('',(-63.63590917374,-21.19581886998,
    109.72961520059));
#3028 = CARTESIAN_POINT('',(-63.63200063672,-21.19462184438,
    109.72961519516));
#3029 = CARTESIAN_POINT('',(-63.62809670069,-21.19340991752,
    109.72961518969));
#3030 = CARTESIAN_POINT('',(-63.6241974338,-21.19218311071,
    109.72961518419));
#3031 = CARTESIAN_POINT('',(-63.61640837431,-21.18969978054,
    109.72961517313));
#3032 = CARTESIAN_POINT('',(-63.61251858169,-21.18844325718,
    109.72961516757));
#3033 = CARTESIAN_POINT('',(-63.60863359427,-21.18717189723,
    109.72961516198));
#3034 = CARTESIAN_POINT('',(-63.60475347994,-21.18588572279,
    109.72961515635));
#3035 = CARTESIAN_POINT('',(-63.60087830647,-21.18458475631,
    109.7296151507));
#3036 = CARTESIAN_POINT('',(-63.59700814151,-21.18326902064,
    109.72961514502));
#3037 = CARTESIAN_POINT('',(-63.58927796355,-21.1806080574,
    109.72961513359));
#3038 = CARTESIAN_POINT('',(-63.58541795056,-21.17926282982,
    109.72961512785));
#3039 = CARTESIAN_POINT('',(-63.5815630811,-21.17790287953,
    109.72961512208));
#3040 = CARTESIAN_POINT('',(-63.57771342253,-21.17652823017,
    109.72961511628));
#3041 = CARTESIAN_POINT('',(-63.57386904211,-21.17513890573,
    109.72961511044));
#3042 = CARTESIAN_POINT('',(-63.57003000694,-21.17373493062,
    109.72961510458));
#3043 = CARTESIAN_POINT('',(-63.56249495484,-21.17094664585,
    109.729615093));
#3044 = CARTESIAN_POINT('',(-63.55879857109,-21.16956332749,
    109.72961508728));
#3045 = CARTESIAN_POINT('',(-63.55510729301,-21.16816639683,
    109.72961508154));
#3046 = CARTESIAN_POINT('',(-63.55142118072,-21.1667558765,
    109.72961507577));
#3047 = CARTESIAN_POINT('',(-63.54774029425,-21.16533178947,
    109.72961506997));
#3048 = CARTESIAN_POINT('',(-63.5440646935,-21.16389415903,
    109.72961506414));
#3049 = CARTESIAN_POINT('',(-63.53672418289,-21.16099185859,
    109.72961505244));
#3050 = CARTESIAN_POINT('',(-63.53305927304,-21.15952718858,
    109.72961504656));
#3051 = CARTESIAN_POINT('',(-63.52939976842,-21.15804902244,
    109.72961504065));
#3052 = CARTESIAN_POINT('',(-63.52574572867,-21.1565573841,
    109.72961503471));
#3053 = CARTESIAN_POINT('',(-63.52209721329,-21.15505229787,
    109.72961502875));
#3054 = CARTESIAN_POINT('',(-63.51845428164,-21.15353378835,
    109.72961502276));
#3055 = CARTESIAN_POINT('',(-63.51104980102,-21.15041526163,
    109.72961501052));
#3056 = CARTESIAN_POINT('',(-63.50728866232,-21.14881427031,
    109.72961500426));
#3057 = CARTESIAN_POINT('',(-63.50353364264,-21.14719893425,
    109.72961499797));
#3058 = CARTESIAN_POINT('',(-63.49978480763,-21.14556928154,
    109.72961499166));
#3059 = CARTESIAN_POINT('',(-63.49604222276,-21.14392534064,
    109.72961498531));
#3060 = CARTESIAN_POINT('',(-63.49230595334,-21.1422671404,
    109.72961497894));
#3061 = CARTESIAN_POINT('',(-63.48484617566,-21.13892227963,
    109.72961496614));
#3062 = CARTESIAN_POINT('',(-63.4811226674,-21.13723561909,
    109.72961495971));
#3063 = CARTESIAN_POINT('',(-63.47740560489,-21.13553475764,
    109.72961495326));
#3064 = CARTESIAN_POINT('',(-63.47369505312,-21.13381972484,
    109.72961494677));
#3065 = CARTESIAN_POINT('',(-63.4699910769,-21.13209055067,
    109.72961494026));
#3066 = CARTESIAN_POINT('',(-63.46629374086,-21.13034726544,
    109.72961493372));
#3067 = CARTESIAN_POINT('',(-63.45903974117,-21.12689313304,
    109.72961492082));
#3068 = CARTESIAN_POINT('',(-63.4554826231,-21.1251832402,
    109.72961491445));
#3069 = CARTESIAN_POINT('',(-63.45193181329,-21.12346024893,
    109.72961490806));
#3070 = CARTESIAN_POINT('',(-63.4483873696,-21.12172418721,
    109.72961490164));
#3071 = CARTESIAN_POINT('',(-63.44484934974,-21.11997508328,
    109.7296148952));
#3072 = CARTESIAN_POINT('',(-63.44131781128,-21.11821296574,
    109.72961488873));
#3073 = CARTESIAN_POINT('',(-63.43451959757,-21.11478955424,
    109.72961487621));
#3074 = CARTESIAN_POINT('',(-63.43125202157,-21.11313004899,
    109.72961487016));
#3075 = CARTESIAN_POINT('',(-63.42799012956,-21.11145937088,
    109.72961486409));
#3076 = CARTESIAN_POINT('',(-63.42473396738,-21.10977754329,
    109.72961485799));
#3077 = CARTESIAN_POINT('',(-63.42148358074,-21.10808458984,
    109.72961485188));
#3078 = CARTESIAN_POINT('',(-63.41823901525,-21.10638053436,
    109.72961484574));
#3079 = CARTESIAN_POINT('',(-63.41138792138,-21.1027523675,
    109.72961483271));
#3080 = CARTESIAN_POINT('',(-63.40778282495,-21.10082555217,
    109.72961482582));
#3081 = CARTESIAN_POINT('',(-63.40418509017,-21.09888498838,
    109.7296148189));
#3082 = CARTESIAN_POINT('',(-63.40059477994,-21.09693070991,
    109.72961481195));
#3083 = CARTESIAN_POINT('',(-63.39701195696,-21.09496275089,
    109.72961480498));
#3084 = CARTESIAN_POINT('',(-63.39343668376,-21.09298114581,
    109.72961479798));
#3085 = CARTESIAN_POINT('',(-63.38667042987,-21.0891971149,
    109.72961478466));
#3086 = CARTESIAN_POINT('',(-63.38347795572,-21.08739735951,
    109.72961477834));
#3087 = CARTESIAN_POINT('',(-63.38029164512,-21.08558668848,
    109.729614772));
#3088 = CARTESIAN_POINT('',(-63.37711154284,-21.08376512716,
    109.72961476564));
#3089 = CARTESIAN_POINT('',(-63.37393769353,-21.08193270111,
    109.72961475926));
#3090 = CARTESIAN_POINT('',(-63.3707701417,-21.08008943614,
    109.72961475285));
#3091 = CARTESIAN_POINT('',(-63.36420455173,-21.07623865902,
    109.72961473952));
#3092 = CARTESIAN_POINT('',(-63.36080752678,-21.07422941937,
    109.72961473258));
#3093 = CARTESIAN_POINT('',(-63.35741791232,-21.07220767184,
    109.72961472562));
#3094 = CARTESIAN_POINT('',(-63.35403576362,-21.07017344924,
    109.72961471863));
#3095 = CARTESIAN_POINT('',(-63.35066113574,-21.06812678471,
    109.72961471162));
#3096 = CARTESIAN_POINT('',(-63.34729408357,-21.06606771166,
    109.72961470459));
#3097 = CARTESIAN_POINT('',(-63.34045526064,-21.06185083569,
    109.72961469023));
#3098 = CARTESIAN_POINT('',(-63.33698404463,-21.05969213306,
    109.7296146829));
#3099 = CARTESIAN_POINT('',(-63.33352107457,-21.05752019343,
    109.72961467554));
#3100 = CARTESIAN_POINT('',(-63.33006641102,-21.05533505461,
    109.72961466816));
#3101 = CARTESIAN_POINT('',(-63.32662011431,-21.05313675478,
    109.72961466075));
#3102 = CARTESIAN_POINT('',(-63.32318224457,-21.05092533243,
    109.72961465332));
#3103 = CARTESIAN_POINT('',(-63.31632347875,-21.0464763204,
    109.72961463842));
#3104 = CARTESIAN_POINT('',(-63.31290258267,-21.04423873071,
    109.72961463094));
#3105 = CARTESIAN_POINT('',(-63.30949023336,-21.04198809623,
    109.72961462344));
#3106 = CARTESIAN_POINT('',(-63.3060864905,-21.03972445614,
    109.72961461592));
#3107 = CARTESIAN_POINT('',(-63.30269141353,-21.03744785,109.72961460837
    ));
#3108 = CARTESIAN_POINT('',(-63.29930506168,-21.03515831767,
    109.7296146008));
#3109 = CARTESIAN_POINT('',(-63.29254992614,-21.03055348103,
    109.7296145856));
#3110 = CARTESIAN_POINT('',(-63.28918114245,-21.02823817671,
    109.72961457799));
#3111 = CARTESIAN_POINT('',(-63.28582120188,-21.02591002665,
    109.72961457034));
#3112 = CARTESIAN_POINT('',(-63.28247016318,-21.02356907139,
    109.72961456268));
#3113 = CARTESIAN_POINT('',(-63.27912808488,-21.02121535181,
    109.72961455499));
#3114 = CARTESIAN_POINT('',(-63.27579502528,-21.01884890915,
    109.72961454728));
#3115 = CARTESIAN_POINT('',(-63.26914705955,-21.01409066072,
    109.72961453181));
#3116 = CARTESIAN_POINT('',(-63.2658321534,-21.01169885494,
    109.72961452406));
#3117 = CARTESIAN_POINT('',(-63.26252638208,-21.00929440919,
    109.72961451628));
#3118 = CARTESIAN_POINT('',(-63.2592298034,-21.00687736535,
    109.72961450848));
#3119 = CARTESIAN_POINT('',(-63.25594247494,-21.00444776564,
    109.72961450066));
#3120 = CARTESIAN_POINT('',(-63.25266445404,-21.0020056526,
    109.72961449281));
#3121 = CARTESIAN_POINT('',(-63.24612714146,-20.99709648558,
    109.72961447708));
#3122 = CARTESIAN_POINT('',(-63.24286784979,-20.99462943158,
    109.72961446919));
#3123 = CARTESIAN_POINT('',(-63.23961797986,-20.99214995001,
    109.72961446127));
#3124 = CARTESIAN_POINT('',(-63.23637758853,-20.98965808406,
    109.72961445334));
#3125 = CARTESIAN_POINT('',(-63.23314673238,-20.98715387726,
    109.72961444539));
#3126 = CARTESIAN_POINT('',(-63.22992546776,-20.98463737345,
    109.72961443741));
#3127 = CARTESIAN_POINT('',(-63.22350223374,-20.97957986011,
    109.72961442141));
#3128 = CARTESIAN_POINT('',(-63.22030026432,-20.97703885057,
    109.7296144134));
#3129 = CARTESIAN_POINT('',(-63.21710799864,-20.97448563237,
    109.72961440536));
#3130 = CARTESIAN_POINT('',(-63.21392549252,-20.97192024998,
    109.7296143973));
#3131 = CARTESIAN_POINT('',(-63.21075280157,-20.96934274823,
    109.72961438921));
#3132 = CARTESIAN_POINT('',(-63.20758998111,-20.96675317223,
    109.72961438111));
#3133 = CARTESIAN_POINT('',(-63.20139291176,-20.96163967309,
    109.72961436514));
#3134 = CARTESIAN_POINT('',(-63.19835799014,-20.95911656521,
    109.72961435728));
#3135 = CARTESIAN_POINT('',(-63.19533237094,-20.95658228471,
    109.7296143494));
#3136 = CARTESIAN_POINT('',(-63.19231610349,-20.95403687274,
    109.7296143415));
#3137 = CARTESIAN_POINT('',(-63.18930923691,-20.95148037077,
    109.72961433358));
#3138 = CARTESIAN_POINT('',(-63.18631182007,-20.9489128205,
    109.72961432564));
#3139 = CARTESIAN_POINT('',(-63.1804426945,-20.9438477986,
    109.72961431002));
#3140 = CARTESIAN_POINT('',(-63.17757031943,-20.94135109909,
    109.72961430233));
#3141 = CARTESIAN_POINT('',(-63.17470682004,-20.93884420305,
    109.72961429462));
#3142 = CARTESIAN_POINT('',(-63.17185223975,-20.93632714836,
    109.7296142869));
#3143 = CARTESIAN_POINT('',(-63.16900662179,-20.93379997312,
    109.72961427916));
#3144 = CARTESIAN_POINT('',(-63.16617000916,-20.93126271567,
    109.7296142714));
#3145 = CARTESIAN_POINT('',(-63.16030543092,-20.92597942446,
    109.72961425527));
#3146 = CARTESIAN_POINT('',(-63.15727885542,-20.92323184765,
    109.7296142469));
#3147 = CARTESIAN_POINT('',(-63.15426277123,-20.92047273192,
    109.72961423852));
#3148 = CARTESIAN_POINT('',(-63.15125723112,-20.91770212539,
    109.72961423011));
#3149 = CARTESIAN_POINT('',(-63.14826228759,-20.91492007643,
    109.72961422168));
#3150 = CARTESIAN_POINT('',(-63.14527799285,-20.91212663374,
    109.72961421324));
#3151 = CARTESIAN_POINT('',(-63.13933080479,-20.90651705883,
    109.72961419631));
#3152 = CARTESIAN_POINT('',(-63.13636791146,-20.9037009266,
    109.72961418783));
#3153 = CARTESIAN_POINT('',(-63.1334157708,-20.90087349862,
    109.72961417933));
#3154 = CARTESIAN_POINT('',(-63.13047443448,-20.89803482418,
    109.72961417081));
#3155 = CARTESIAN_POINT('',(-63.12754395387,-20.89518495287,
    109.72961416228));
#3156 = CARTESIAN_POINT('',(-63.12462438005,-20.89232393454,
    109.72961415372));
#3157 = CARTESIAN_POINT('',(-63.1191080389,-20.88687681953,
    109.72961413746));
#3158 = CARTESIAN_POINT('',(-63.11650912173,-20.88429289999,
    109.72961412976));
#3159 = CARTESIAN_POINT('',(-63.11391904896,-20.8817000969,
    109.72961412205));
#3160 = CARTESIAN_POINT('',(-63.11133785699,-20.87909844661,
    109.72961411432));
#3161 = CARTESIAN_POINT('',(-63.10876558208,-20.87648798565,
    109.72961410658));
#3162 = CARTESIAN_POINT('',(-63.10620226027,-20.87386875072,
    109.72961409883));
#3163 = CARTESIAN_POINT('',(-63.10089710739,-20.86841065499,
    109.72961408269));
#3164 = CARTESIAN_POINT('',(-63.09815671242,-20.86557039832,
    109.72961407431));
#3165 = CARTESIAN_POINT('',(-63.09542678732,-20.8627200548,
    109.72961406591));
#3166 = CARTESIAN_POINT('',(-63.09270737662,-20.85985967077,
    109.72961405749));
#3167 = CARTESIAN_POINT('',(-63.08999852459,-20.85698929279,
    109.72961404906));
#3168 = CARTESIAN_POINT('',(-63.08730027527,-20.85410896769,
    109.72961404062));
#3169 = CARTESIAN_POINT('',(-63.08182908367,-20.84822529497,
    109.7296140234));
#3170 = CARTESIAN_POINT('',(-63.07905691543,-20.84522122758,
    109.72961401462));
#3171 = CARTESIAN_POINT('',(-63.07629621632,-20.84220659264,
    109.72961400582));
#3172 = CARTESIAN_POINT('',(-63.07354703466,-20.83918144271,
    109.72961399701));
#3173 = CARTESIAN_POINT('',(-63.07080941846,-20.83614583063,
    109.72961398818));
#3174 = CARTESIAN_POINT('',(-63.06808341543,-20.83309980952,
    109.72961397934));
#3175 = CARTESIAN_POINT('',(-63.06274832852,-20.82709244823,
    109.72961396193));
#3176 = CARTESIAN_POINT('',(-63.06013845432,-20.82413180992,
    109.72961395336));
#3177 = CARTESIAN_POINT('',(-63.05753949307,-20.82116156588,
    109.72961394478));
#3178 = CARTESIAN_POINT('',(-63.05495148718,-20.81818176439,
    109.72961393618));
#3179 = CARTESIAN_POINT('',(-63.05237447878,-20.81519245398,
    109.72961392757));
#3180 = CARTESIAN_POINT('',(-63.04980850974,-20.8121936834,
    109.72961391895));
#3181 = CARTESIAN_POINT('',(-63.04478997957,-20.80628475485,
    109.72961390198));
#3182 = CARTESIAN_POINT('',(-63.04233664106,-20.8033752571,
    109.72961389364));
#3183 = CARTESIAN_POINT('',(-63.03989364345,-20.80045705231,
    109.72961388528));
#3184 = CARTESIAN_POINT('',(-63.03746102382,-20.79753018459,
    109.72961387691));
#3185 = CARTESIAN_POINT('',(-63.03503881899,-20.79459469824,
    109.72961386853));
#3186 = CARTESIAN_POINT('',(-63.03262706556,-20.79165063779,
    109.72961386014));
#3187 = CARTESIAN_POINT('',(-63.02764666261,-20.78552674766,
    109.72961384271));
#3188 = CARTESIAN_POINT('',(-63.02507962438,-20.78234560755,
    109.72961383367));
#3189 = CARTESIAN_POINT('',(-63.02252473024,-20.77915468302,
    109.72961382461));
#3190 = CARTESIAN_POINT('',(-63.01998202493,-20.77595402971,
    109.72961381554));
#3191 = CARTESIAN_POINT('',(-63.01745155285,-20.77274370353,
    109.72961380646));
#3192 = CARTESIAN_POINT('',(-63.01493335809,-20.76952376063,
    109.72961379736));
#3193 = CARTESIAN_POINT('',(-63.01018083903,-20.7633988407,
    109.72961378008));
#3194 = CARTESIAN_POINT('',(-63.00794409738,-20.76049573934,
    109.72961377191));
#3195 = CARTESIAN_POINT('',(-63.00571729104,-20.75758499402,
    109.72961376372));
#3196 = CARTESIAN_POINT('',(-63.00350045133,-20.75466664554,
    109.72961375552));
#3197 = CARTESIAN_POINT('',(-63.00129360938,-20.75174073487,
    109.72961374731));
#3198 = CARTESIAN_POINT('',(-62.99909679609,-20.74880730314,
    109.72961373909));
#3199 = CARTESIAN_POINT('',(-62.99447097046,-20.74258614416,
    109.72961372168));
#3200 = CARTESIAN_POINT('',(-62.99204441342,-20.73929659121,
    109.72961371249));
#3201 = CARTESIAN_POINT('',(-62.98963041369,-20.73599779011,
    109.72961370328));
#3202 = CARTESIAN_POINT('',(-62.98722901352,-20.7326897984,
    109.72961369407));
#3203 = CARTESIAN_POINT('',(-62.98484025486,-20.72937267385,
    109.72961368484));
#3204 = CARTESIAN_POINT('',(-62.98246417933,-20.7260464745,
    109.7296136756));
#3205 = CARTESIAN_POINT('',(-62.97773747703,-20.71937604258,
    109.72961365709));
#3206 = CARTESIAN_POINT('',(-62.97538685025,-20.71603181002,
    109.72961364783));
#3207 = CARTESIAN_POINT('',(-62.97304898917,-20.71267861916,
    109.72961363855));
#3208 = CARTESIAN_POINT('',(-62.97072393471,-20.70931652849,
    109.72961362926));
#3209 = CARTESIAN_POINT('',(-62.96841172749,-20.70594559673,
    109.72961361996));
#3210 = CARTESIAN_POINT('',(-62.9661124078,-20.70256588283,
    109.72961361066));
#3211 = CARTESIAN_POINT('',(-62.96153962325,-20.69578900906,
    109.72961359201));
#3212 = CARTESIAN_POINT('',(-62.9592661584,-20.69239184919,
    109.72961358268));
#3213 = CARTESIAN_POINT('',(-62.95700566094,-20.68898602555,
    109.72961357334));
#3214 = CARTESIAN_POINT('',(-62.95475817046,-20.68557159756,
    109.72961356399));
#3215 = CARTESIAN_POINT('',(-62.95252372623,-20.68214862486,
    109.72961355462));
#3216 = CARTESIAN_POINT('',(-62.95030236714,-20.67871716731,
    109.72961354525));
#3217 = CARTESIAN_POINT('',(-62.94596204243,-20.67195601923,
    109.7296135268));
#3218 = CARTESIAN_POINT('',(-62.94384218731,-20.6686268997,
    109.72961351773));
#3219 = CARTESIAN_POINT('',(-62.94173460115,-20.66528998048,
    109.72961350865));
#3220 = CARTESIAN_POINT('',(-62.93963931838,-20.66194531585,
    109.72961349956));
#3221 = CARTESIAN_POINT('',(-62.9375563731,-20.65859296027,
    109.72961349047));
#3222 = CARTESIAN_POINT('',(-62.93548579913,-20.65523296838,
    109.72961348136));
#3223 = CARTESIAN_POINT('',(-62.93129595475,-20.64837755109,
    109.7296134628));
#3224 = CARTESIAN_POINT('',(-62.92917758622,-20.64488157448,
    109.72961345335));
#3225 = CARTESIAN_POINT('',(-62.92707256163,-20.64137752612,
    109.72961344389));
#3226 = CARTESIAN_POINT('',(-62.92498091786,-20.63786546715,
    109.72961343442));
#3227 = CARTESIAN_POINT('',(-62.92290269145,-20.63434545889,
    109.72961342495));
#3228 = CARTESIAN_POINT('',(-62.92083791858,-20.6308175629,
    109.72961341546));
#3229 = CARTESIAN_POINT('',(-62.91694755327,-20.62411188326,
    109.72961339745));
#3230 = CARTESIAN_POINT('',(-62.91511931429,-20.62093563502,
    109.72961338893));
#3231 = CARTESIAN_POINT('',(-62.91330194395,-20.61775314074,
    109.72961338041));
#3232 = CARTESIAN_POINT('',(-62.91149546784,-20.61456444504,
    109.72961337187));
#3233 = CARTESIAN_POINT('',(-62.90969991133,-20.6113695927,
    109.72961336333));
#3234 = CARTESIAN_POINT('',(-62.90791529955,-20.60816862862,
    109.72961335479));
#3235 = CARTESIAN_POINT('',(-62.9043680152,-20.60175456695,
    109.72961333769));
#3236 = CARTESIAN_POINT('',(-62.90260534264,-20.59854146937,
    109.72961332913));
#3237 = CARTESIAN_POINT('',(-62.90085366461,-20.59532235009,
    109.72961332056));
#3238 = CARTESIAN_POINT('',(-62.89911300578,-20.59209725428,
    109.72961331199));
#3239 = CARTESIAN_POINT('',(-62.89738339059,-20.5888662272,
    109.72961330342));
#3240 = CARTESIAN_POINT('',(-62.89566484325,-20.58562931428,
    109.72961329483));
#3241 = CARTESIAN_POINT('',(-62.89211858942,-20.57889436514,
    109.729613277));
#3242 = CARTESIAN_POINT('',(-62.890292655,-20.57539539585,
    109.72961326774));
#3243 = CARTESIAN_POINT('',(-62.88847961441,-20.57188971003,
    109.72961325848));
#3244 = CARTESIAN_POINT('',(-62.88667949727,-20.56837736471,
    109.72961324921));
#3245 = CARTESIAN_POINT('',(-62.88489233289,-20.56485841707,
    109.72961323994));
#3246 = CARTESIAN_POINT('',(-62.88311815026,-20.56133292447,
    109.72961323066));
#3247 = CARTESIAN_POINT('',(-62.87972160386,-20.55452124857,
    109.72961321275));
#3248 = CARTESIAN_POINT('',(-62.87809744782,-20.55123595896,
    109.72961320413));
#3249 = CARTESIAN_POINT('',(-62.87648453292,-20.54794512162,
    109.72961319549));
#3250 = CARTESIAN_POINT('',(-62.87488288189,-20.54464878273,
    109.72961318686));
#3251 = CARTESIAN_POINT('',(-62.87329251721,-20.54134698854,
    109.72961317822));
#3252 = CARTESIAN_POINT('',(-62.87171346112,-20.53803978547,
    109.72961316957));
#3253 = CARTESIAN_POINT('',(-62.86839711873,-20.5310324354,
    109.72961315127));
#3254 = CARTESIAN_POINT('',(-62.86666259803,-20.52733097952,
    109.72961314162));
#3255 = CARTESIAN_POINT('',(-62.86494220409,-20.52362291694,
    109.72961313196));
#3256 = CARTESIAN_POINT('',(-62.86323596708,-20.51990831236,
    109.72961312229));
#3257 = CARTESIAN_POINT('',(-62.86154391681,-20.51618723066,
    109.72961311262));
#3258 = CARTESIAN_POINT('',(-62.8598660827,-20.51245973689,
    109.72961310295));
#3259 = CARTESIAN_POINT('',(-62.85653890489,-20.50499205556,
    109.72961308359));
#3260 = CARTESIAN_POINT('',(-62.85488956118,-20.501251868,
    109.72961307391));
#3261 = CARTESIAN_POINT('',(-62.85325449175,-20.49750539881,
    109.72961306422));
#3262 = CARTESIAN_POINT('',(-62.85163372529,-20.49375271338,
    109.72961305453));
#3263 = CARTESIAN_POINT('',(-62.8500272901,-20.48999387724,
    109.72961304483));
#3264 = CARTESIAN_POINT('',(-62.84843521411,-20.4862289561,
    109.72961303513));
#3265 = CARTESIAN_POINT('',(-62.84538864179,-20.47894714034,
    109.72961301639));
#3266 = CARTESIAN_POINT('',(-62.84393222949,-20.47543104731,
    109.72961300735));
#3267 = CARTESIAN_POINT('',(-62.84248831024,-20.4719097899,
    109.72961299831));
#3268 = CARTESIAN_POINT('',(-62.841056906,-20.4683834214,109.72961298926
    ));
#3269 = CARTESIAN_POINT('',(-62.83963803843,-20.46485199518,
    109.72961298022));
#3270 = CARTESIAN_POINT('',(-62.83823172893,-20.46131556476,
    109.72961297116));
#3271 = CARTESIAN_POINT('',(-62.83534102894,-20.45397047814,
    109.72961295239));
#3272 = CARTESIAN_POINT('',(-62.83385857105,-20.45016106135,
    109.72961294266));
#3273 = CARTESIAN_POINT('',(-62.83239065107,-20.44634599984,
    109.72961293294));
#3274 = CARTESIAN_POINT('',(-62.83093729478,-20.44252536018,
    109.7296129232));
#3275 = CARTESIAN_POINT('',(-62.82949852755,-20.43869920911,
    109.72961291347));
#3276 = CARTESIAN_POINT('',(-62.82807437439,-20.4348676135,
    109.72961290373));
#3277 = CARTESIAN_POINT('',(-62.82535255332,-20.42745828602,
    109.72961288492));
#3278 = CARTESIAN_POINT('',(-62.82405293589,-20.42388127029,
    109.72961287586));
#3279 = CARTESIAN_POINT('',(-62.82276602752,-20.42029964729,
    109.72961286679));
#3280 = CARTESIAN_POINT('',(-62.82149184779,-20.4167134712,
    109.72961285771));
#3281 = CARTESIAN_POINT('',(-62.82023041597,-20.41312279632,
    109.72961284864));
#3282 = CARTESIAN_POINT('',(-62.81898175109,-20.40952767705,
    109.72961283956));
#3283 = CARTESIAN_POINT('',(-62.81641844596,-20.40206202834,
    109.72961282074));
#3284 = CARTESIAN_POINT('',(-62.81510577003,-20.39819082445,
    109.72961281099));
#3285 = CARTESIAN_POINT('',(-62.81380786726,-20.39431462375,
    109.72961280124));
#3286 = CARTESIAN_POINT('',(-62.81252476043,-20.39043349392,
    109.72961279149));
#3287 = CARTESIAN_POINT('',(-62.81125647196,-20.38654750273,
    109.72961278173));
#3288 = CARTESIAN_POINT('',(-62.81000302387,-20.38265671811,
    109.72961277198));
#3289 = CARTESIAN_POINT('',(-62.80756856155,-20.37500002593,
    109.72961275281));
#3290 = CARTESIAN_POINT('',(-62.80638654003,-20.37123443863,
    109.72961274339));
#3291 = CARTESIAN_POINT('',(-62.80521839271,-20.36746450745,
    109.72961273397));
#3292 = CARTESIAN_POINT('',(-62.80406413871,-20.36369029374,
    109.72961272455));
#3293 = CARTESIAN_POINT('',(-62.80292379683,-20.35991185896,
    109.72961271513));
#3294 = CARTESIAN_POINT('',(-62.80179738553,-20.35612926466,
    109.72961270571));
#3295 = CARTESIAN_POINT('',(-62.79957246028,-20.34855588025,
    109.72961268687));
#3296 = CARTESIAN_POINT('',(-62.79847394633,-20.34476509013,
    109.72961267746));
#3297 = CARTESIAN_POINT('',(-62.79738939918,-20.34097026382,
    109.72961266804));
#3298 = CARTESIAN_POINT('',(-62.79631883661,-20.33717146307,
    109.72961265862));
#3299 = CARTESIAN_POINT('',(-62.79526227605,-20.33336874972,
    109.72961264921));
#3300 = CARTESIAN_POINT('',(-62.79421973459,-20.32956218574,
    109.72961263979));
#3301 = CARTESIAN_POINT('',(-62.79216272333,-20.32194148049,
    109.72961262096));
#3302 = CARTESIAN_POINT('',(-62.79114825353,-20.31812733922,
    109.72961261155));
#3303 = CARTESIAN_POINT('',(-62.79014783632,-20.3143094714,
    109.72961260213));
#3304 = CARTESIAN_POINT('',(-62.78916148811,-20.31048793917,
    109.72961259272));
#3305 = CARTESIAN_POINT('',(-62.78818922496,-20.30666280475,
    109.72961258331));
#3306 = CARTESIAN_POINT('',(-62.78723106258,-20.30283413045,
    109.72961257391));
#3307 = CARTESIAN_POINT('',(-62.78534297008,-20.29516982679,
    109.72961255509));
#3308 = CARTESIAN_POINT('',(-62.78441303996,-20.29133419743,
    109.72961254569));
#3309 = CARTESIAN_POINT('',(-62.78349724136,-20.287495153,
    109.72961253629));
#3310 = CARTESIAN_POINT('',(-62.7825955893,-20.28365275596,
    109.72961252689));
#3311 = CARTESIAN_POINT('',(-62.78170809847,-20.2798070689,
    109.72961251749));
#3312 = CARTESIAN_POINT('',(-62.7808347832,-20.27595815444,
    109.7296125081));
#3313 = CARTESIAN_POINT('',(-62.77908584866,-20.26811642184,
    109.72961248898));
#3314 = CARTESIAN_POINT('',(-62.77821126104,-20.26412337362,
    109.72961247925));
#3315 = CARTESIAN_POINT('',(-62.77735191015,-20.26012700033,
    109.72961246953));
#3316 = CARTESIAN_POINT('',(-62.77650781112,-20.25612737175,
    109.72961245981));
#3317 = CARTESIAN_POINT('',(-62.77567897872,-20.25212455774,
    109.72961245009));
#3318 = CARTESIAN_POINT('',(-62.77486542727,-20.24811862825,
    109.72961244038));
#3319 = CARTESIAN_POINT('',(-62.77329644024,-20.24023891875,
    109.7296124213));
#3320 = CARTESIAN_POINT('',(-62.77253996802,-20.23636534516,
    109.72961241193));
#3321 = CARTESIAN_POINT('',(-62.77179776663,-20.23248899554,
    109.72961240256));
#3322 = CARTESIAN_POINT('',(-62.77106984825,-20.228609933,
    109.72961239319));
#3323 = CARTESIAN_POINT('',(-62.77035622474,-20.22472822068,
    109.72961238383));
#3324 = CARTESIAN_POINT('',(-62.76965690761,-20.22084392183,
    109.72961237448));
#3325 = CARTESIAN_POINT('',(-62.7682624441,-20.21293146243,
    109.72961235544));
#3326 = CARTESIAN_POINT('',(-62.76756833868,-20.20890311844,
    109.72961234576));
#3327 = CARTESIAN_POINT('',(-62.76688960411,-20.20487213806,
    109.72961233608));
#3328 = CARTESIAN_POINT('',(-62.7662262524,-20.20083859168,
    109.72961232641));
#3329 = CARTESIAN_POINT('',(-62.76557829512,-20.19680254974,
    109.72961231675));
#3330 = CARTESIAN_POINT('',(-62.76494574347,-20.19276408277,
    109.72961230708));
#3331 = CARTESIAN_POINT('',(-62.76379659505,-20.18523979452,
    109.7296122891));
#3332 = CARTESIAN_POINT('',(-62.76327603878,-20.18175457794,
    109.72961228078));
#3333 = CARTESIAN_POINT('',(-62.76276694631,-20.17826765684,
    109.72961227246));
#3334 = CARTESIAN_POINT('',(-62.76226932433,-20.17477907647,
    109.72961226415));
#3335 = CARTESIAN_POINT('',(-62.7617831793,-20.1712888821,
    109.72961225585));
#3336 = CARTESIAN_POINT('',(-62.76130851744,-20.16779711906,
    109.72961224754));
#3337 = CARTESIAN_POINT('',(-62.76030806447,-20.16025162039,
    109.72961222962));
#3338 = CARTESIAN_POINT('',(-62.75978624403,-20.15619735831,109.72961222
    ));
#3339 = CARTESIAN_POINT('',(-62.75927989283,-20.1521411172,
    109.72961221038));
#3340 = CARTESIAN_POINT('',(-62.75878901984,-20.14808296792,
    109.72961220077));
#3341 = CARTESIAN_POINT('',(-62.75831363365,-20.14402298133,
    109.72961219117));
#3342 = CARTESIAN_POINT('',(-62.75785374243,-20.13996122836,
    109.72961218157));
#3343 = CARTESIAN_POINT('',(-62.75701093664,-20.13225468828,
    109.72961216339));
#3344 = CARTESIAN_POINT('',(-62.75662498052,-20.12861023379,
    109.7296121548));
#3345 = CARTESIAN_POINT('',(-62.75625149117,-20.12496446767,
    109.72961214621));
#3346 = CARTESIAN_POINT('',(-62.7558904739,-20.12131744112,
    109.72961213763));
#3347 = CARTESIAN_POINT('',(-62.7555419338,-20.11766920532,
    109.72961212906));
#3348 = CARTESIAN_POINT('',(-62.75520587566,-20.11401981151,
    109.72961212049));
#3349 = CARTESIAN_POINT('',(-62.75455873239,-20.10671881028,
    109.72961210337));
#3350 = CARTESIAN_POINT('',(-62.75424764727,-20.10306720287,
    109.72961209481));
#3351 = CARTESIAN_POINT('',(-62.75394905319,-20.09941453995,
    109.72961208626));
#3352 = CARTESIAN_POINT('',(-62.75366295445,-20.09576087279,
    109.72961207772));
#3353 = CARTESIAN_POINT('',(-62.75338935506,-20.0921062527,
    109.72961206918));
#3354 = CARTESIAN_POINT('',(-62.75312825877,-20.08845073099,
    109.72961206065));
#3355 = CARTESIAN_POINT('',(-62.75262151822,-20.08099735721,
    109.72961204328));
#3356 = CARTESIAN_POINT('',(-62.75237685451,-20.07719943849,
    109.72961203443));
#3357 = CARTESIAN_POINT('',(-62.75214568185,-20.0734006603,
    109.7296120256));
#3358 = CARTESIAN_POINT('',(-62.75192800384,-20.06960108016,
    109.72961201677));
#3359 = CARTESIAN_POINT('',(-62.75172382377,-20.0658007556,
    109.72961200795));
#3360 = CARTESIAN_POINT('',(-62.75153314464,-20.06199974415,
    109.72961199913));
#3361 = CARTESIAN_POINT('',(-62.75116566949,-20.0541148595,
    109.72961198087));
#3362 = CARTESIAN_POINT('',(-62.7509909481,-20.05003088961,
    109.72961197142));
#3363 = CARTESIAN_POINT('',(-62.75083180829,-20.04594626503,
    109.72961196198));
#3364 = CARTESIAN_POINT('',(-62.75068825296,-20.04186105711,
    109.72961195255));
#3365 = CARTESIAN_POINT('',(-62.75056028462,-20.03777533719,
    109.72961194313));
#3366 = CARTESIAN_POINT('',(-62.75044790537,-20.03368917664,
    109.72961193372));
#3367 = CARTESIAN_POINT('',(-62.75025099091,-20.02537520214,
    109.72961191459));
#3368 = CARTESIAN_POINT('',(-62.75016754946,-20.02114736227,
    109.72961190488));
#3369 = CARTESIAN_POINT('',(-62.75010079443,-20.01691920627,
    109.72961189518));
#3370 = CARTESIAN_POINT('',(-62.75005072722,-20.01269081317,
    109.72961188548));
#3371 = CARTESIAN_POINT('',(-62.75001734877,-20.008462262,109.7296118758
    ));
#3372 = CARTESIAN_POINT('',(-62.74981614729,-19.95748293957,
    109.72961175922));
#3373 = CARTESIAN_POINT('',(-62.75204058468,-19.90650440681,
    109.72961164432));
#3374 = CARTESIAN_POINT('',(-62.7561202862,-19.85986168682,
    109.72961154061));
#3375 = CARTESIAN_POINT('',(-62.76223278436,-19.81343255685,
    109.72961143879));
#3376 = CARTESIAN_POINT('',(-62.77036420082,-19.76732291714,
    109.7296113391));
#3377 = CARTESIAN_POINT('',(-62.78049369114,-19.72163783624,
    109.72961124176));
#3378 = CARTESIAN_POINT('',(-62.79259337713,-19.67648119362,
    109.72961114699));
#3379 = CONICAL_SURFACE('',#3380,0.,1.029744258677);
#3380 = AXIS2_PLACEMENT_3D('',#3381,#3382,#3383);
#3381 = CARTESIAN_POINT('',(-63.99999922,-20.00000025,108.97853694765));
#3382 = DIRECTION('',(0.,0.,1.));
#3383 = DIRECTION('',(0.,-1.,0.));
#3384 = ADVANCED_FACE('',(#3385),#3881,.F.);
#3385 = FACE_BOUND('',#3386,.F.);
#3386 = EDGE_LOOP('',(#3387,#3388,#3389,#3390));
#3387 = ORIENTED_EDGE('',*,*,#2090,.T.);
#3388 = ORIENTED_EDGE('',*,*,#2896,.F.);
#3389 = ORIENTED_EDGE('',*,*,#1965,.F.);
#3390 = ORIENTED_EDGE('',*,*,#3391,.F.);
#3391 = EDGE_CURVE('',#2039,#1958,#3392,.T.);
#3392 = B_SPLINE_CURVE_WITH_KNOTS('',7,(#3393,#3394,#3395,#3396,#3397,
    #3398,#3399,#3400,#3401,#3402,#3403,#3404,#3405,#3406,#3407,#3408,
    #3409,#3410,#3411,#3412,#3413,#3414,#3415,#3416,#3417,#3418,#3419,
    #3420,#3421,#3422,#3423,#3424,#3425,#3426,#3427,#3428,#3429,#3430,
    #3431,#3432,#3433,#3434,#3435,#3436,#3437,#3438,#3439,#3440,#3441,
    #3442,#3443,#3444,#3445,#3446,#3447,#3448,#3449,#3450,#3451,#3452,
    #3453,#3454,#3455,#3456,#3457,#3458,#3459,#3460,#3461,#3462,#3463,
    #3464,#3465,#3466,#3467,#3468,#3469,#3470,#3471,#3472,#3473,#3474,
    #3475,#3476,#3477,#3478,#3479,#3480,#3481,#3482,#3483,#3484,#3485,
    #3486,#3487,#3488,#3489,#3490,#3491,#3492,#3493,#3494,#3495,#3496,
    #3497,#3498,#3499,#3500,#3501,#3502,#3503,#3504,#3505,#3506,#3507,
    #3508,#3509,#3510,#3511,#3512,#3513,#3514,#3515,#3516,#3517,#3518,
    #3519,#3520,#3521,#3522,#3523,#3524,#3525,#3526,#3527,#3528,#3529,
    #3530,#3531,#3532,#3533,#3534,#3535,#3536,#3537,#3538,#3539,#3540,
    #3541,#3542,#3543,#3544,#3545,#3546,#3547,#3548,#3549,#3550,#3551,
    #3552,#3553,#3554,#3555,#3556,#3557,#3558,#3559,#3560,#3561,#3562,
    #3563,#3564,#3565,#3566,#3567,#3568,#3569,#3570,#3571,#3572,#3573,
    #3574,#3575,#3576,#3577,#3578,#3579,#3580,#3581,#3582,#3583,#3584,
    #3585,#3586,#3587,#3588,#3589,#3590,#3591,#3592,#3593,#3594,#3595,
    #3596,#3597,#3598,#3599,#3600,#3601,#3602,#3603,#3604,#3605,#3606,
    #3607,#3608,#3609,#3610,#3611,#3612,#3613,#3614,#3615,#3616,#3617,
    #3618,#3619,#3620,#3621,#3622,#3623,#3624,#3625,#3626,#3627,#3628,
    #3629,#3630,#3631,#3632,#3633,#3634,#3635,#3636,#3637,#3638,#3639,
    #3640,#3641,#3642,#3643,#3644,#3645,#3646,#3647,#3648,#3649,#3650,
    #3651,#3652,#3653,#3654,#3655,#3656,#3657,#3658,#3659,#3660,#3661,
    #3662,#3663,#3664,#3665,#3666,#3667,#3668,#3669,#3670,#3671,#3672,
    #3673,#3674,#3675,#3676,#3677,#3678,#3679,#3680,#3681,#3682,#3683,
    #3684,#3685,#3686,#3687,#3688,#3689,#3690,#3691,#3692,#3693,#3694,
    #3695,#3696,#3697,#3698,#3699,#3700,#3701,#3702,#3703,#3704,#3705,
    #3706,#3707,#3708,#3709,#3710,#3711,#3712,#3713,#3714,#3715,#3716,
    #3717,#3718,#3719,#3720,#3721,#3722,#3723,#3724,#3725,#3726,#3727,
    #3728,#3729,#3730,#3731,#3732,#3733,#3734,#3735,#3736,#3737,#3738,
    #3739,#3740,#3741,#3742,#3743,#3744,#3745,#3746,#3747,#3748,#3749,
    #3750,#3751,#3752,#3753,#3754,#3755,#3756,#3757,#3758,#3759,#3760,
    #3761,#3762,#3763,#3764,#3765,#3766,#3767,#3768,#3769,#3770,#3771,
    #3772,#3773,#3774,#3775,#3776,#3777,#3778,#3779,#3780,#3781,#3782,
    #3783,#3784,#3785,#3786,#3787,#3788,#3789,#3790,#3791,#3792,#3793,
    #3794,#3795,#3796,#3797,#3798,#3799,#3800,#3801,#3802,#3803,#3804,
    #3805,#3806,#3807,#3808,#3809,#3810,#3811,#3812,#3813,#3814,#3815,
    #3816,#3817,#3818,#3819,#3820,#3821,#3822,#3823,#3824,#3825,#3826,
    #3827,#3828,#3829,#3830,#3831,#3832,#3833,#3834,#3835,#3836,#3837,
    #3838,#3839,#3840,#3841,#3842,#3843,#3844,#3845,#3846,#3847,#3848,
    #3849,#3850,#3851,#3852,#3853,#3854,#3855,#3856,#3857,#3858,#3859,
    #3860,#3861,#3862,#3863,#3864,#3865,#3866,#3867,#3868,#3869,#3870,
    #3871,#3872,#3873,#3874,#3875,#3876,#3877,#3878,#3879,#3880),
  .UNSPECIFIED.,.F.,.F.,(8,6,6,6,6,6,6,6,6,6,6,6,6,6,6,6,6,6,6,6,6,6,6,6
    ,6,6,6,6,6,6,6,6,6,6,6,6,6,6,6,6,6,6,6,6,6,6,6,6,6,6,6,6,6,6,6,6,6,6
    ,6,6,6,6,6,6,6,6,6,6,6,6,6,6,6,6,6,6,6,6,6,6,6,8),(0.,1.,
    1.111555871063,1.198991551353,1.28341220613,1.370847882151,
    1.452253509585,1.533659135114,1.621094804848,1.70853047237,
    1.79295111477,1.87134170943,1.958777370591,2.037167961464,
    2.109528505294,2.184904070158,2.266309678348,2.353745329434,
    2.432135911274,2.516556535872,2.597962136203,2.679367734615,
    2.760773331113,2.84820896967,2.935644606036,3.02006521839,
    3.107500850479,3.194936480411,3.282372108199,3.366792712319,
    3.451213314469,3.538648936061,3.626084555574,3.689400002902,
    3.77080557646,3.858241190545,3.945676802625,4.021052328692,
    4.105472916154,4.192908522692,4.262254002382,4.349689605511,
    4.434110186075,4.52154578557,4.608981383258,4.696416979171,
    4.78385257334,4.871288165798,4.952693715889,5.040129305136,
    5.094399670066,5.172790196106,5.260225781365,5.344646345,
    5.426051887196,5.513487468156,5.600923047707,5.688358625889,
    5.760719103383,5.839109619666,5.91750013494,5.995890649235,
    6.08031120203,6.161716734079,6.24915230448,6.336587873829,
    6.421008422591,6.508443990006,6.592864536987,6.674270063665,
    6.749645550692,6.837081114911,6.924516678392,6.999892163601,
    10.527750189332,14.059621831518,14.298311301331,14.546548367356,
    15.03347493523,16.083707222961,17.334436630245,19.998030044889),
  .UNSPECIFIED.);
#3393 = CARTESIAN_POINT('',(-62.79259337713,-19.67648119362,
    0.270388853008));
#3394 = CARTESIAN_POINT('',(-62.78049369114,-19.72163783624,
    0.270388758237));
#3395 = CARTESIAN_POINT('',(-62.77036420082,-19.76732291714,
    0.270388660896));
#3396 = CARTESIAN_POINT('',(-62.76223278436,-19.81343255685,
    0.270388561203));
#3397 = CARTESIAN_POINT('',(-62.7561202862,-19.85986168682,
    0.270388459385));
#3398 = CARTESIAN_POINT('',(-62.75204058468,-19.90650440681,
    0.270388355672));
#3399 = CARTESIAN_POINT('',(-62.75000065954,-19.95325434225,
    0.270388250304));
#3400 = CARTESIAN_POINT('',(-62.75000065954,-20.00522031216,
    0.27038813161));
#3401 = CARTESIAN_POINT('',(-62.75002604571,-20.01043562273,
    0.270388119681));
#3402 = CARTESIAN_POINT('',(-62.75007681804,-20.01565078503,
    0.270388107734));
#3403 = CARTESIAN_POINT('',(-62.75015297546,-20.02086565078,
    0.27038809577));
#3404 = CARTESIAN_POINT('',(-62.75025451579,-20.02608007172,
    0.27038808379));
#3405 = CARTESIAN_POINT('',(-62.7503814358,-20.03129389961,
    0.270388071793));
#3406 = CARTESIAN_POINT('',(-62.75065309778,-20.04059291881,
    0.270388050366));
#3407 = CARTESIAN_POINT('',(-62.75078805291,-20.04467839604,
    0.270388040941));
#3408 = CARTESIAN_POINT('',(-62.75093859446,-20.04876334652,
    0.270388031507));
#3409 = CARTESIAN_POINT('',(-62.75110471993,-20.05284769888,
    0.270388022063));
#3410 = CARTESIAN_POINT('',(-62.75128642643,-20.0569313818,0.27038801261
    ));
#3411 = CARTESIAN_POINT('',(-62.75148371064,-20.06101432395,
    0.270388003148));
#3412 = CARTESIAN_POINT('',(-62.75190208712,-20.06903782089,
    0.270387984532));
#3413 = CARTESIAN_POINT('',(-62.75212212383,-20.07297843073,
    0.270387975379));
#3414 = CARTESIAN_POINT('',(-62.75235667565,-20.07691821936,
    0.270387966218));
#3415 = CARTESIAN_POINT('',(-62.75260573886,-20.08085712263,
    0.270387957049));
#3416 = CARTESIAN_POINT('',(-62.75286930942,-20.08479507639,
    0.270387947872));
#3417 = CARTESIAN_POINT('',(-62.75314738291,-20.08873201653,
    0.270387938688));
#3418 = CARTESIAN_POINT('',(-62.75374297522,-20.09674430783,
    0.270387919975));
#3419 = CARTESIAN_POINT('',(-62.75406154811,-20.10081958063,
    0.270387910447));
#3420 = CARTESIAN_POINT('',(-62.75439566795,-20.10489362617,
    0.27038790091));
#3421 = CARTESIAN_POINT('',(-62.75474532905,-20.10896637328,
    0.270387891366));
#3422 = CARTESIAN_POINT('',(-62.7551105253,-20.11303775083,
    0.270387881814));
#3423 = CARTESIAN_POINT('',(-62.75549125017,-20.11710768771,
    0.270387872255));
#3424 = CARTESIAN_POINT('',(-62.75625641599,-20.12496395687,
    0.270387853781));
#3425 = CARTESIAN_POINT('',(-62.75663878983,-20.12875049049,
    0.270387844868));
#3426 = CARTESIAN_POINT('',(-62.75703461269,-20.13253565634,
    0.270387835949));
#3427 = CARTESIAN_POINT('',(-62.75744387869,-20.13631939712,
    0.270387827023));
#3428 = CARTESIAN_POINT('',(-62.75786658163,-20.14010165554,
    0.270387818092));
#3429 = CARTESIAN_POINT('',(-62.758302715,-20.14388237434,0.270387809155
    ));
#3430 = CARTESIAN_POINT('',(-62.75920182899,-20.15144061819,
    0.27038779127));
#3431 = CARTESIAN_POINT('',(-62.75966480961,-20.15521814324,
    0.270387782321));
#3432 = CARTESIAN_POINT('',(-62.76014120705,-20.15899401423,
    0.270387773367));
#3433 = CARTESIAN_POINT('',(-62.76063101421,-20.16276817399,
    0.270387764408));
#3434 = CARTESIAN_POINT('',(-62.76113422366,-20.16654056538,
    0.270387755444));
#3435 = CARTESIAN_POINT('',(-62.76165082768,-20.17031113129,
    0.270387746474));
#3436 = CARTESIAN_POINT('',(-62.76275006739,-20.17812765966,
    0.27038772786));
#3437 = CARTESIAN_POINT('',(-62.76333475971,-20.1821733329,
    0.270387718215));
#3438 = CARTESIAN_POINT('',(-62.76393488528,-20.18621676368,
    0.270387708565));
#3439 = CARTESIAN_POINT('',(-62.76455043376,-20.19025788134,
    0.270387698909));
#3440 = CARTESIAN_POINT('',(-62.76518139439,-20.19429661531,
    0.270387689248));
#3441 = CARTESIAN_POINT('',(-62.76582775603,-20.19833289507,
    0.270387679581));
#3442 = CARTESIAN_POINT('',(-62.76715125816,-20.20640040514,
    0.270387660239));
#3443 = CARTESIAN_POINT('',(-62.76782839865,-20.21043163545,
    0.270387650563));
#3444 = CARTESIAN_POINT('',(-62.76852091703,-20.21446027064,
    0.270387640883));
#3445 = CARTESIAN_POINT('',(-62.76922880133,-20.2184862403,
    0.270387631197));
#3446 = CARTESIAN_POINT('',(-62.76995203919,-20.22250947413,
    0.270387621508));
#3447 = CARTESIAN_POINT('',(-62.77069061783,-20.22652990187,
    0.270387611814));
#3448 = CARTESIAN_POINT('',(-62.77217243358,-20.23442646848,
    0.270387592753));
#3449 = CARTESIAN_POINT('',(-62.77291463183,-20.23830280229,
    0.270387583386));
#3450 = CARTESIAN_POINT('',(-62.77367110699,-20.24217639163,
    0.270387574015));
#3451 = CARTESIAN_POINT('',(-62.77444184688,-20.24604717339,
    0.270387564641));
#3452 = CARTESIAN_POINT('',(-62.77522683892,-20.24991508455,
    0.270387555263));
#3453 = CARTESIAN_POINT('',(-62.77602607024,-20.25378006215,
    0.270387545882));
#3454 = CARTESIAN_POINT('',(-62.77759488081,-20.26122816859,
    0.270387527785));
#3455 = CARTESIAN_POINT('',(-62.77836250035,-20.26481171021,
    0.270387519069));
#3456 = CARTESIAN_POINT('',(-62.77914237561,-20.2683926178,
    0.270387510351));
#3457 = CARTESIAN_POINT('',(-62.77993449571,-20.27197084109,
    0.27038750163));
#3458 = CARTESIAN_POINT('',(-62.78073884954,-20.27554632984,
    0.270387492907));
#3459 = CARTESIAN_POINT('',(-62.78155542571,-20.27911903386,
    0.270387484182));
#3460 = CARTESIAN_POINT('',(-62.78330862872,-20.28667068009,
    0.270387465721));
#3461 = CARTESIAN_POINT('',(-62.78424823598,-20.29064893037,
    0.270387455984));
#3462 = CARTESIAN_POINT('',(-62.78520301823,-20.29462358432,
    0.270387446245));
#3463 = CARTESIAN_POINT('',(-62.78617295893,-20.29859457248,
    0.270387436504));
#3464 = CARTESIAN_POINT('',(-62.78715804113,-20.30256182549,
    0.270387426762));
#3465 = CARTESIAN_POINT('',(-62.7881582475,-20.3065252741,0.270387417017
    ));
#3466 = CARTESIAN_POINT('',(-62.79008384072,-20.31403481288,
    0.270387398533));
#3467 = CARTESIAN_POINT('',(-62.79100626377,-20.31758166303,
    0.270387389793));
#3468 = CARTESIAN_POINT('',(-62.79194081666,-20.32112534975,
    0.270387381053));
#3469 = CARTESIAN_POINT('',(-62.79288748636,-20.32466582325,
    0.270387372311));
#3470 = CARTESIAN_POINT('',(-62.79384625959,-20.32820303384,
    0.270387363569));
#3471 = CARTESIAN_POINT('',(-62.79481712278,-20.33173693188,
    0.270387354826));
#3472 = CARTESIAN_POINT('',(-62.79670739078,-20.33852642394,
    0.270387338011));
#3473 = CARTESIAN_POINT('',(-62.79762500917,-20.34178251533,
    0.270387329939));
#3474 = CARTESIAN_POINT('',(-62.79855290646,-20.34503570297,
    0.270387321867));
#3475 = CARTESIAN_POINT('',(-62.79949107161,-20.34828594791,
    0.270387313794));
#3476 = CARTESIAN_POINT('',(-62.80043949341,-20.35153321128,
    0.270387305721));
#3477 = CARTESIAN_POINT('',(-62.80139816044,-20.35477745426,
    0.270387297648));
#3478 = CARTESIAN_POINT('',(-62.80337633262,-20.36139487111,
    0.270387281165));
#3479 = CARTESIAN_POINT('',(-62.80439670835,-20.36476778475,
    0.270387272755));
#3480 = CARTESIAN_POINT('',(-62.80542817519,-20.36813733515,
    0.270387264345));
#3481 = CARTESIAN_POINT('',(-62.80647071982,-20.37150347854,
    0.270387255936));
#3482 = CARTESIAN_POINT('',(-62.80752432872,-20.37486617124,
    0.270387247526));
#3483 = CARTESIAN_POINT('',(-62.80858898813,-20.37822536961,
    0.270387239117));
#3484 = CARTESIAN_POINT('',(-62.81082643571,-20.38520514336,
    0.270387221627));
#3485 = CARTESIAN_POINT('',(-62.81200106036,-20.38882513003,
    0.270387212546));
#3486 = CARTESIAN_POINT('',(-62.81318854045,-20.39244093524,
    0.270387203466));
#3487 = CARTESIAN_POINT('',(-62.81438885811,-20.39605250421,
    0.270387194387));
#3488 = CARTESIAN_POINT('',(-62.81560199515,-20.39965978228,
    0.270387185308));
#3489 = CARTESIAN_POINT('',(-62.81682793312,-20.40326271484,
    0.270387176231));
#3490 = CARTESIAN_POINT('',(-62.81939713042,-20.41072633789,
    0.270387157407));
#3491 = CARTESIAN_POINT('',(-62.82074235354,-20.41458635238,
    0.27038714766));
#3492 = CARTESIAN_POINT('',(-62.82210229937,-20.41844122338,
    0.270387137914));
#3493 = CARTESIAN_POINT('',(-62.82347694431,-20.42229088353,
    0.27038712817));
#3494 = CARTESIAN_POINT('',(-62.82486626433,-20.42613526557,
    0.270387118429));
#3495 = CARTESIAN_POINT('',(-62.82627023504,-20.42997430242,
    0.270387108689));
#3496 = CARTESIAN_POINT('',(-62.82896067688,-20.43724496983,
    0.270387090221));
#3497 = CARTESIAN_POINT('',(-62.83024427848,-20.44067766224,
    0.270387081493));
#3498 = CARTESIAN_POINT('',(-62.83153961861,-20.44410595607,
    0.270387072766));
#3499 = CARTESIAN_POINT('',(-62.83284667916,-20.44752980316,
    0.270387064042));
#3500 = CARTESIAN_POINT('',(-62.83416544178,-20.45094915544,
    0.27038705532));
#3501 = CARTESIAN_POINT('',(-62.83549588787,-20.45436396493,0.2703870466
    ));
#3502 = CARTESIAN_POINT('',(-62.83828334857,-20.46144672702,
    0.270387028494));
#3503 = CARTESIAN_POINT('',(-62.83974222676,-20.4651139462,
    0.270387019109));
#3504 = CARTESIAN_POINT('',(-62.84121460963,-20.46877578149,
    0.270387009726));
#3505 = CARTESIAN_POINT('',(-62.84270047331,-20.47243217322,
    0.270387000347));
#3506 = CARTESIAN_POINT('',(-62.8441997936,-20.47608306187,
    0.270386990971));
#3507 = CARTESIAN_POINT('',(-62.845712546,-20.47972838802,0.270386981599
    ));
#3508 = CARTESIAN_POINT('',(-62.84871035954,-20.48687780729,
    0.270386963195));
#3509 = CARTESIAN_POINT('',(-62.85019448013,-20.49038229479,
    0.270386954164));
#3510 = CARTESIAN_POINT('',(-62.85169104512,-20.49388150177,
    0.270386945137));
#3511 = CARTESIAN_POINT('',(-62.85320003195,-20.49737537522,
    0.270386936113));
#3512 = CARTESIAN_POINT('',(-62.85472141778,-20.50086386224,
    0.270386927092));
#3513 = CARTESIAN_POINT('',(-62.85625517947,-20.50434691005,
    0.270386918076));
#3514 = CARTESIAN_POINT('',(-62.85934740773,-20.51130202187,
    0.270386900051));
#3515 = CARTESIAN_POINT('',(-62.8609058743,-20.51477408588,
    0.270386891043));
#3516 = CARTESIAN_POINT('',(-62.86247666992,-20.51824060538,
    0.270386882038));
#3517 = CARTESIAN_POINT('',(-62.86405977089,-20.52170152783,
    0.270386873038));
#3518 = CARTESIAN_POINT('',(-62.86565515326,-20.52515680085,
    0.270386864043));
#3519 = CARTESIAN_POINT('',(-62.86726279276,-20.52860637216,
    0.270386855051));
#3520 = CARTESIAN_POINT('',(-62.87050253697,-20.53549400699,
    0.270386837079));
#3521 = CARTESIAN_POINT('',(-62.87213464167,-20.53893207051,
    0.270386828097));
#3522 = CARTESIAN_POINT('',(-62.87377895446,-20.54236432804,
    0.27038681912));
#3523 = CARTESIAN_POINT('',(-62.87543545053,-20.54579072756,
    0.270386810148));
#3524 = CARTESIAN_POINT('',(-62.87710410482,-20.54921121721,
    0.270386801181));
#3525 = CARTESIAN_POINT('',(-62.87878489195,-20.55262574523,
    0.27038679222));
#3526 = CARTESIAN_POINT('',(-62.8822960802,-20.55969525729,
    0.270386773644));
#3527 = CARTESIAN_POINT('',(-62.8841283414,-20.56334931749,0.27038676403
    ));
#3528 = CARTESIAN_POINT('',(-62.88597453816,-20.56699637668,
    0.270386754423));
#3529 = CARTESIAN_POINT('',(-62.88783463834,-20.57063637107,
    0.270386744822));
#3530 = CARTESIAN_POINT('',(-62.88970860947,-20.57426923711,
    0.270386735228));
#3531 = CARTESIAN_POINT('',(-62.89159641868,-20.5778949114,
    0.270386725641));
#3532 = CARTESIAN_POINT('',(-62.8953996468,-20.58513174996,
    0.270386706481));
#3533 = CARTESIAN_POINT('',(-62.89731506571,-20.58874291425,
    0.270386696908));
#3534 = CARTESIAN_POINT('',(-62.89924425627,-20.59234676038,
    0.270386687342));
#3535 = CARTESIAN_POINT('',(-62.90118718492,-20.59594322534,
    0.270386677784));
#3536 = CARTESIAN_POINT('',(-62.90314381771,-20.59953224631,
    0.270386668233));
#3537 = CARTESIAN_POINT('',(-62.90511412035,-20.60311376068,
    0.270386658689));
#3538 = CARTESIAN_POINT('',(-62.90901358432,-20.61013841176,
    0.270386639947));
#3539 = CARTESIAN_POINT('',(-62.91094182151,-20.61358206149,
    0.270386630748));
#3540 = CARTESIAN_POINT('',(-62.91288273856,-20.61701859899,
    0.270386621556));
#3541 = CARTESIAN_POINT('',(-62.91483630397,-20.62044796826,
    0.270386612372));
#3542 = CARTESIAN_POINT('',(-62.91680248593,-20.62387011346,
    0.270386603195));
#3543 = CARTESIAN_POINT('',(-62.91878125232,-20.62728497892,
    0.270386594027));
#3544 = CARTESIAN_POINT('',(-62.92283500759,-20.63422173682,
    0.270386575379));
#3545 = CARTESIAN_POINT('',(-62.92491090905,-20.63774309597,0.2703865659
    ));
#3546 = CARTESIAN_POINT('',(-62.92700023908,-20.64125652494,
    0.27038655643));
#3547 = CARTESIAN_POINT('',(-62.9291029613,-20.64476196232,
    0.270386546969));
#3548 = CARTESIAN_POINT('',(-62.93121903898,-20.64825934687,
    0.270386537517));
#3549 = CARTESIAN_POINT('',(-62.93334843505,-20.65174861757,
    0.270386528074));
#3550 = CARTESIAN_POINT('',(-62.93763378906,-20.65871080958,
    0.270386509208));
#3551 = CARTESIAN_POINT('',(-62.939789747,-20.66218373089,0.270386499784
    ));
#3552 = CARTESIAN_POINT('',(-62.94195894848,-20.66564841675,
    0.27038649037));
#3553 = CARTESIAN_POINT('',(-62.94414135572,-20.66910480657,
    0.270386480966));
#3554 = CARTESIAN_POINT('',(-62.9463369306,-20.67255283997,
    0.270386471571));
#3555 = CARTESIAN_POINT('',(-62.94854563466,-20.67599245681,
    0.270386462187));
#3556 = CARTESIAN_POINT('',(-62.95298922348,-20.68285473741,
    0.27038644344));
#3557 = CARTESIAN_POINT('',(-62.95522410823,-20.68627740117,
    0.270386434076));
#3558 = CARTESIAN_POINT('',(-62.95747204455,-20.68969152851,
    0.270386424723));
#3559 = CARTESIAN_POINT('',(-62.95973299328,-20.69309705971,
    0.270386415381));
#3560 = CARTESIAN_POINT('',(-62.96200691494,-20.69649393529,
    0.270386406049));
#3561 = CARTESIAN_POINT('',(-62.9642937697,-20.699882096,0.270386396728)
  );
#3562 = CARTESIAN_POINT('',(-62.96881396335,-20.70652433895,
    0.27038637843));
#3563 = CARTESIAN_POINT('',(-62.97104642842,-20.70977901586,
    0.270386369452));
#3564 = CARTESIAN_POINT('',(-62.97329087642,-20.71302546041,
    0.270386360485));
#3565 = CARTESIAN_POINT('',(-62.9755472709,-20.71626361966,
    0.270386351528));
#3566 = CARTESIAN_POINT('',(-62.97781557513,-20.71949344089,
    0.270386342581));
#3567 = CARTESIAN_POINT('',(-62.98009575207,-20.72271487157,
    0.270386333646));
#3568 = CARTESIAN_POINT('',(-62.98467977669,-20.72914084715,
    0.270386315798));
#3569 = CARTESIAN_POINT('',(-62.98698362436,-20.73234539205,
    0.270386306885));
#3570 = CARTESIAN_POINT('',(-62.9892992701,-20.73554144176,
    0.270386297983));
#3571 = CARTESIAN_POINT('',(-62.99162667631,-20.7387289442,
    0.270386289093));
#3572 = CARTESIAN_POINT('',(-62.99396580509,-20.74190784744,
    0.270386280214));
#3573 = CARTESIAN_POINT('',(-62.99631661824,-20.7450780998,
    0.270386271347));
#3574 = CARTESIAN_POINT('',(-63.00112590987,-20.75151411224,
    0.27038625332));
#3575 = CARTESIAN_POINT('',(-63.00358523505,-20.75477923961,
    0.270386244161));
#3576 = CARTESIAN_POINT('',(-63.00605701011,-20.75803497474,
    0.270386235015));
#3577 = CARTESIAN_POINT('',(-63.00854119198,-20.76128126067,
    0.270386225882));
#3578 = CARTESIAN_POINT('',(-63.01103773729,-20.7645180407,
    0.270386216762));
#3579 = CARTESIAN_POINT('',(-63.01354660231,-20.76774525837,
    0.270386207655));
#3580 = CARTESIAN_POINT('',(-63.01858888365,-20.77418045654,
    0.270386189469));
#3581 = CARTESIAN_POINT('',(-63.02112229997,-20.77738843704,
    0.270386180389));
#3582 = CARTESIAN_POINT('',(-63.02366794793,-20.78058674278,
    0.270386171323));
#3583 = CARTESIAN_POINT('',(-63.02622578318,-20.78377531782,
    0.270386162271));
#3584 = CARTESIAN_POINT('',(-63.02879576104,-20.78695410646,
    0.270386153233));
#3585 = CARTESIAN_POINT('',(-63.03137783651,-20.79012305327,
    0.270386144209));
#3586 = CARTESIAN_POINT('',(-63.03585047056,-20.79556969081,
    0.270386128674));
#3587 = CARTESIAN_POINT('',(-63.03773529678,-20.79785208879,
    0.270386122157));
#3588 = CARTESIAN_POINT('',(-63.03962642573,-20.80012927608,
    0.270386115648));
#3589 = CARTESIAN_POINT('',(-63.04152384011,-20.80240123177,
    0.270386109146));
#3590 = CARTESIAN_POINT('',(-63.04342752256,-20.80466793508,
    0.270386102652));
#3591 = CARTESIAN_POINT('',(-63.0453374556,-20.80692936525,
    0.270386096166));
#3592 = CARTESIAN_POINT('',(-63.04971726374,-20.81208624834,
    0.270386081357));
#3593 = CARTESIAN_POINT('',(-63.05219120941,-20.81497824408,
    0.270386073041));
#3594 = CARTESIAN_POINT('',(-63.05467542138,-20.81786144494,
    0.270386064737));
#3595 = CARTESIAN_POINT('',(-63.05716986212,-20.82073580719,
    0.270386056446));
#3596 = CARTESIAN_POINT('',(-63.05967449386,-20.82360128732,
    0.270386048169));
#3597 = CARTESIAN_POINT('',(-63.06218927861,-20.826457842,0.270386039905
    ));
#3598 = CARTESIAN_POINT('',(-63.06742610718,-20.83236394648,
    0.270386022792));
#3599 = CARTESIAN_POINT('',(-63.07014970499,-20.8354121184,
    0.270386013946));
#3600 = CARTESIAN_POINT('',(-63.0728849242,-20.83844989046,
    0.270386005116));
#3601 = CARTESIAN_POINT('',(-63.07563171712,-20.8414772095,
    0.270385996301));
#3602 = CARTESIAN_POINT('',(-63.07839003579,-20.84449402264,
    0.270385987502));
#3603 = CARTESIAN_POINT('',(-63.08115983192,-20.84750027729,
    0.27038597872));
#3604 = CARTESIAN_POINT('',(-63.08672228188,-20.85349156489,
    0.270385961188));
#3605 = CARTESIAN_POINT('',(-63.08951493571,-20.85647659784,
    0.270385952438));
#3606 = CARTESIAN_POINT('',(-63.09231896984,-20.85945096764,
    0.270385943705));
#3607 = CARTESIAN_POINT('',(-63.09513433541,-20.86241462225,
    0.270385934988));
#3608 = CARTESIAN_POINT('',(-63.09796098322,-20.86536750991,
    0.270385926288));
#3609 = CARTESIAN_POINT('',(-63.10079886382,-20.86830957914,
    0.270385917605));
#3610 = CARTESIAN_POINT('',(-63.1061040167,-20.87376767488,
    0.270385901469));
#3611 = CARTESIAN_POINT('',(-63.10856841678,-20.87628649312,
    0.270385894011));
#3612 = CARTESIAN_POINT('',(-63.11104109578,-20.87879720065,
    0.270385886566));
#3613 = CARTESIAN_POINT('',(-63.11352202166,-20.88129976482,
    0.270385879134));
#3614 = CARTESIAN_POINT('',(-63.11601116221,-20.88379415316,
    0.270385871715));
#3615 = CARTESIAN_POINT('',(-63.11850848508,-20.88628033334,
    0.270385864309));
#3616 = CARTESIAN_POINT('',(-63.12382008706,-20.89153356576,
    0.270385848636));
#3617 = CARTESIAN_POINT('',(-63.12663643947,-20.89429852166,
    0.270385840373));
#3618 = CARTESIAN_POINT('',(-63.12946296929,-20.89705309571,
    0.270385832126));
#3619 = CARTESIAN_POINT('',(-63.13229963058,-20.89979724297,
    0.270385823896));
#3620 = CARTESIAN_POINT('',(-63.13514637714,-20.90253091875,
    0.270385815683));
#3621 = CARTESIAN_POINT('',(-63.13800316254,-20.90525407862,
    0.270385807487));
#3622 = CARTESIAN_POINT('',(-63.14383910251,-20.91077615674,
    0.270385790837));
#3623 = CARTESIAN_POINT('',(-63.14681898355,-20.91357430721,
    0.270385782385));
#3624 = CARTESIAN_POINT('',(-63.14980953136,-20.91636108079,
    0.270385773951));
#3625 = CARTESIAN_POINT('',(-63.1528106938,-20.91913642868,
    0.270385765536));
#3626 = CARTESIAN_POINT('',(-63.15582241845,-20.92190030242,
    0.27038575714));
#3627 = CARTESIAN_POINT('',(-63.15884465261,-20.92465265383,
    0.270385748763));
#3628 = CARTESIAN_POINT('',(-63.16428258072,-20.92956715801,
    0.270385733776));
#3629 = CARTESIAN_POINT('',(-63.16669439543,-20.93173360319,
    0.270385727159));
#3630 = CARTESIAN_POINT('',(-63.16911276102,-20.93389274667,
    0.270385720555));
#3631 = CARTESIAN_POINT('',(-63.17153765094,-20.9360445647,
    0.270385713963));
#3632 = CARTESIAN_POINT('',(-63.17396903857,-20.93818903363,
    0.270385707383));
#3633 = CARTESIAN_POINT('',(-63.17640689714,-20.94032612995,
    0.270385700815));
#3634 = CARTESIAN_POINT('',(-63.18193314661,-20.94514110451,
    0.270385685995));
#3635 = CARTESIAN_POINT('',(-63.18502533817,-20.94781462063,
    0.270385677749));
#3636 = CARTESIAN_POINT('',(-63.18812772067,-20.95047633173,
    0.270385669524));
#3637 = CARTESIAN_POINT('',(-63.19124024002,-20.9531261912,
    0.270385661318));
#3638 = CARTESIAN_POINT('',(-63.19436284184,-20.95576415278,
    0.270385653133));
#3639 = CARTESIAN_POINT('',(-63.19749547151,-20.95839017047,
    0.270385644968));
#3640 = CARTESIAN_POINT('',(-63.2036723111,-20.96352808783,0.27038562896
    ));
#3641 = CARTESIAN_POINT('',(-63.20671584509,-20.96604080011,
    0.270385621116));
#3642 = CARTESIAN_POINT('',(-63.20976862669,-20.96854229437,
    0.27038561329));
#3643 = CARTESIAN_POINT('',(-63.21283060628,-20.97103252977,
    0.270385605484));
#3644 = CARTESIAN_POINT('',(-63.215901734,-20.97351146579,0.270385597698
    ));
#3645 = CARTESIAN_POINT('',(-63.21898195977,-20.97597906213,
    0.270385589931));
#3646 = CARTESIAN_POINT('',(-63.22527083794,-20.98097921748,
    0.27038557416));
#3647 = CARTESIAN_POINT('',(-63.22848014814,-20.98351094913,
    0.270385566158));
#3648 = CARTESIAN_POINT('',(-63.23169910801,-20.98603042934,
    0.270385558176));
#3649 = CARTESIAN_POINT('',(-63.23492766141,-20.98853761399,
    0.270385550217));
#3650 = CARTESIAN_POINT('',(-63.23816575195,-20.99103245929,
    0.270385542278));
#3651 = CARTESIAN_POINT('',(-63.24141332298,-20.99351492178,
    0.270385534362));
#3652 = CARTESIAN_POINT('',(-63.24792731218,-20.99845499477,
    0.270385518572));
#3653 = CARTESIAN_POINT('',(-63.25119373036,-21.00091260529,0.2703855107
    ));
#3654 = CARTESIAN_POINT('',(-63.25446951525,-21.0033577467,
    0.270385502849));
#3655 = CARTESIAN_POINT('',(-63.25775460973,-21.00579037619,
    0.27038549502));
#3656 = CARTESIAN_POINT('',(-63.2610489564,-21.00821045126,
    0.270385487214));
#3657 = CARTESIAN_POINT('',(-63.26435249766,-21.01061792977,
    0.27038547943));
#3658 = CARTESIAN_POINT('',(-63.27097785354,-21.01540760992,
    0.270385463907));
#3659 = CARTESIAN_POINT('',(-63.27429966817,-21.01778981158,
    0.270385456168));
#3660 = CARTESIAN_POINT('',(-63.27763056166,-21.020159333,0.270385448452
    ));
#3661 = CARTESIAN_POINT('',(-63.2809704759,-21.02251613269,
    0.270385440758));
#3662 = CARTESIAN_POINT('',(-63.28431935257,-21.02486016948,
    0.270385433088));
#3663 = CARTESIAN_POINT('',(-63.28767713308,-21.02719140255,
    0.270385425441));
#3664 = CARTESIAN_POINT('',(-63.29441038413,-21.03182818019,
    0.270385410192));
#3665 = CARTESIAN_POINT('',(-63.29778585467,-21.03413372477,
    0.270385402591));
#3666 = CARTESIAN_POINT('',(-63.30117011144,-21.03642638463,
    0.270385395014));
#3667 = CARTESIAN_POINT('',(-63.30456309542,-21.03870611962,
    0.27038538746));
#3668 = CARTESIAN_POINT('',(-63.30796474735,-21.04097288991,
    0.270385379929));
#3669 = CARTESIAN_POINT('',(-63.31137500773,-21.04322665604,
    0.270385372423));
#3670 = CARTESIAN_POINT('',(-63.31821262589,-21.04770810161,
    0.270385357457));
#3671 = CARTESIAN_POINT('',(-63.32163998368,-21.04993578107,
    0.270385349998));
#3672 = CARTESIAN_POINT('',(-63.32507583048,-21.05215037808,
    0.270385342563));
#3673 = CARTESIAN_POINT('',(-63.32852010637,-21.05435185385,
    0.270385335152));
#3674 = CARTESIAN_POINT('',(-63.33197275118,-21.05654016991,
    0.270385327766));
#3675 = CARTESIAN_POINT('',(-63.33543370453,-21.05871528818,
    0.270385320404));
#3676 = CARTESIAN_POINT('',(-63.34213285181,-21.06288995817,
    0.270385306234));
#3677 = CARTESIAN_POINT('',(-63.34536994732,-21.06489127255,
    0.270385299424));
#3678 = CARTESIAN_POINT('',(-63.34861414346,-21.06688108354,
    0.270385292635));
#3679 = CARTESIAN_POINT('',(-63.35186539116,-21.06885936091,
    0.270385285868));
#3680 = CARTESIAN_POINT('',(-63.35512364119,-21.07082607472,
    0.270385279122));
#3681 = CARTESIAN_POINT('',(-63.35838884418,-21.07278119528,
    0.270385272397));
#3682 = CARTESIAN_POINT('',(-63.36517543515,-21.07681215381,
    0.270385258496));
#3683 = CARTESIAN_POINT('',(-63.36869788375,-21.07888620613,
    0.270385251322));
#3684 = CARTESIAN_POINT('',(-63.37222823498,-21.08094681366,
    0.270385244174));
#3685 = CARTESIAN_POINT('',(-63.37576642724,-21.08299394028,
    0.27038523705));
#3686 = CARTESIAN_POINT('',(-63.37931239874,-21.08502755026,
    0.270385229953));
#3687 = CARTESIAN_POINT('',(-63.38286608747,-21.08704760817,
    0.27038522288));
#3688 = CARTESIAN_POINT('',(-63.38863792042,-21.09029947464,
    0.27038521146));
#3689 = CARTESIAN_POINT('',(-63.39085135876,-21.09153963579,
    0.270385207097));
#3690 = CARTESIAN_POINT('',(-63.39306773136,-21.09277455404,
    0.270385202743));
#3691 = CARTESIAN_POINT('',(-63.39528702333,-21.09400422109,
    0.270385198399));
#3692 = CARTESIAN_POINT('',(-63.39750921973,-21.09522862864,
    0.270385194065));
#3693 = CARTESIAN_POINT('',(-63.39973430559,-21.09644776847,
    0.270385189742));
#3694 = CARTESIAN_POINT('',(-63.40518043082,-21.09941499145,
    0.270385179197));
#3695 = CARTESIAN_POINT('',(-63.40840459306,-21.10115734277,
    0.270385172987));
#3696 = CARTESIAN_POINT('',(-63.41163470749,-21.10288866177,
    0.270385166798));
#3697 = CARTESIAN_POINT('',(-63.41487072878,-21.10460892407,
    0.270385160631));
#3698 = CARTESIAN_POINT('',(-63.4181126115,-21.10631810551,
    0.270385154484));
#3699 = CARTESIAN_POINT('',(-63.42136031011,-21.10801618218,
    0.270385148359));
#3700 = CARTESIAN_POINT('',(-63.42824264792,-21.11158472643,
    0.270385135448));
#3701 = CARTESIAN_POINT('',(-63.43187869552,-21.11345247775,
    0.270385128667));
#3702 = CARTESIAN_POINT('',(-63.43552185835,-21.11530635148,
    0.270385121912));
#3703 = CARTESIAN_POINT('',(-63.43917207283,-21.11714631511,
    0.270385115185));
#3704 = CARTESIAN_POINT('',(-63.4428292752,-21.11897233651,
    0.270385108484));
#3705 = CARTESIAN_POINT('',(-63.44649340153,-21.12078438392,
    0.270385101811));
#3706 = CARTESIAN_POINT('',(-63.45370878808,-21.12431846642,
    0.270385088748));
#3707 = CARTESIAN_POINT('',(-63.45725958336,-21.12604145076,
    0.270385082356));
#3708 = CARTESIAN_POINT('',(-63.46081671582,-21.12775135066,
    0.27038507599));
#3709 = CARTESIAN_POINT('',(-63.46438012761,-21.12944813817,
    0.270385069649));
#3710 = CARTESIAN_POINT('',(-63.46794976069,-21.13113178567,
    0.270385063335));
#3711 = CARTESIAN_POINT('',(-63.47152555689,-21.13280226584,
    0.270385057046));
#3712 = CARTESIAN_POINT('',(-63.4785614338,-21.13605764875,
    0.270385044743));
#3713 = CARTESIAN_POINT('',(-63.48202108625,-21.13764347711,
    0.270385038728));
#3714 = CARTESIAN_POINT('',(-63.48548636292,-21.13921701259,
    0.270385032737));
#3715 = CARTESIAN_POINT('',(-63.4889572114,-21.14077823127,0.27038502677
    ));
#3716 = CARTESIAN_POINT('',(-63.49243357915,-21.1423271095,
    0.270385020828));
#3717 = CARTESIAN_POINT('',(-63.49591541347,-21.14386362394,
    0.27038501491));
#3718 = CARTESIAN_POINT('',(-63.50314822431,-21.14702477739,
    0.270385002686));
#3719 = CARTESIAN_POINT('',(-63.50690003258,-21.14864751333,
    0.270384996385));
#3720 = CARTESIAN_POINT('',(-63.51065802095,-21.15025593075,
    0.270384990111));
#3721 = CARTESIAN_POINT('',(-63.51442212384,-21.15185000143,
    0.270384983867));
#3722 = CARTESIAN_POINT('',(-63.51819227552,-21.15342969751,
    0.270384977651));
#3723 = CARTESIAN_POINT('',(-63.52196841007,-21.15499499155,
    0.270384971463));
#3724 = CARTESIAN_POINT('',(-63.52953251273,-21.1580967213,
    0.270384959146));
#3725 = CARTESIAN_POINT('',(-63.53332048085,-21.15963315703,
    0.270384953017));
#3726 = CARTESIAN_POINT('',(-63.53711429972,-21.16115513652,
    0.270384946916));
#3727 = CARTESIAN_POINT('',(-63.54091390313,-21.16266263307,
    0.270384940845));
#3728 = CARTESIAN_POINT('',(-63.54471922471,-21.16415562035,
    0.270384934802));
#3729 = CARTESIAN_POINT('',(-63.54853019796,-21.16563407241,
    0.270384928789));
#3730 = CARTESIAN_POINT('',(-63.55616331437,-21.16856185491,
    0.270384916822));
#3731 = CARTESIAN_POINT('',(-63.55998545755,-21.17001118536,
    0.270384910868));
#3732 = CARTESIAN_POINT('',(-63.56381311905,-21.17144592945,
    0.270384904943));
#3733 = CARTESIAN_POINT('',(-63.56764623208,-21.17286606198,
    0.270384899048));
#3734 = CARTESIAN_POINT('',(-63.57148472969,-21.17427155817,
    0.270384893182));
#3735 = CARTESIAN_POINT('',(-63.57532854477,-21.17566239357,
    0.270384887347));
#3736 = CARTESIAN_POINT('',(-63.58236304344,-21.1781774274,
    0.270384876736));
#3737 = CARTESIAN_POINT('',(-63.58555207267,-21.17930625303,
    0.270384871952));
#3738 = CARTESIAN_POINT('',(-63.58874465968,-21.18042500741,
    0.270384867188));
#3739 = CARTESIAN_POINT('',(-63.5919407663,-21.18153367712,
    0.270384862445));
#3740 = CARTESIAN_POINT('',(-63.5951403543,-21.18263224888,
    0.270384857723));
#3741 = CARTESIAN_POINT('',(-63.59834338538,-21.18372070962,
    0.270384853021));
#3742 = CARTESIAN_POINT('',(-63.60502345993,-21.18596724463,
    0.270384843269));
#3743 = CARTESIAN_POINT('',(-63.60850109449,-21.18712356127,
    0.270384838222));
#3744 = CARTESIAN_POINT('',(-63.61198267611,-21.18826797997,0.2703848332
    ));
#3745 = CARTESIAN_POINT('',(-63.61546815592,-21.18940048456,
    0.270384828202));
#3746 = CARTESIAN_POINT('',(-63.61895748499,-21.19052105915,
    0.270384823229));
#3747 = CARTESIAN_POINT('',(-63.62245061432,-21.19162968808,
    0.270384818281));
#3748 = CARTESIAN_POINT('',(-63.62944437522,-21.19382302384,
    0.270384808433));
#3749 = CARTESIAN_POINT('',(-63.6329450068,-21.19490773066,
    0.270384803534));
#3750 = CARTESIAN_POINT('',(-63.63644934043,-21.19598046104,
    0.27038479866));
#3751 = CARTESIAN_POINT('',(-63.63995732695,-21.19704119982,
    0.270384793811));
#3752 = CARTESIAN_POINT('',(-63.6434689171,-21.19808993212,
    0.270384788986));
#3753 = CARTESIAN_POINT('',(-63.64698406155,-21.1991266433,
    0.270384784187));
#3754 = CARTESIAN_POINT('',(-63.65402136021,-21.20117599462,
    0.270384774638));
#3755 = CARTESIAN_POINT('',(-63.65754351442,-21.20218863477,
    0.270384769889));
#3756 = CARTESIAN_POINT('',(-63.66106912413,-21.20318922502,
    0.270384765164));
#3757 = CARTESIAN_POINT('',(-63.66459813987,-21.20417775124,
    0.270384760465));
#3758 = CARTESIAN_POINT('',(-63.66813051209,-21.20515419955,
    0.270384755792));
#3759 = CARTESIAN_POINT('',(-63.67166619117,-21.20611855633,
    0.270384751143));
#3760 = CARTESIAN_POINT('',(-63.67901628951,-21.20809631023,
    0.270384741542));
#3761 = CARTESIAN_POINT('',(-63.68283122914,-21.20910777342,
    0.270384736593));
#3762 = CARTESIAN_POINT('',(-63.68664988427,-21.21010518109,
    0.270384731673));
#3763 = CARTESIAN_POINT('',(-63.69047219275,-21.21108851689,
    0.270384726783));
#3764 = CARTESIAN_POINT('',(-63.69429809234,-21.21205776481,
    0.270384721923));
#3765 = CARTESIAN_POINT('',(-63.69812752072,-21.21301290917,
    0.270384717092));
#3766 = CARTESIAN_POINT('',(-63.70565642108,-21.21486135208,
    0.270384707662));
#3767 = CARTESIAN_POINT('',(-63.70935564989,-21.21575564111,
    0.270384703061));
#3768 = CARTESIAN_POINT('',(-63.71305804594,-21.21663678801,
    0.270384698487));
#3769 = CARTESIAN_POINT('',(-63.71676355319,-21.21750477933,
    0.270384693941));
#3770 = CARTESIAN_POINT('',(-63.72047211555,-21.21835960194,
    0.270384689423));
#3771 = CARTESIAN_POINT('',(-63.72418367684,-21.219201243,0.270384684934
    ));
#3772 = CARTESIAN_POINT('',(-63.73188783319,-21.22091950334,
    0.27038467568));
#3773 = CARTESIAN_POINT('',(-63.73588088036,-21.22179409555,
    0.27038467092));
#3774 = CARTESIAN_POINT('',(-63.73987725264,-21.22265345104,
    0.270384666193));
#3775 = CARTESIAN_POINT('',(-63.74387688024,-21.22349755467,
    0.270384661498));
#3776 = CARTESIAN_POINT('',(-63.74787969332,-21.22432639169,
    0.270384656836));
#3777 = CARTESIAN_POINT('',(-63.75188562193,-21.22513994776,
    0.270384652207));
#3778 = CARTESIAN_POINT('',(-63.75990357011,-21.22673647011,
    0.270384643014));
#3779 = CARTESIAN_POINT('',(-63.76391558968,-21.22751943639,
    0.270384638451));
#3780 = CARTESIAN_POINT('',(-63.76793058474,-21.22828709383,
    0.27038463392));
#3781 = CARTESIAN_POINT('',(-63.77194848517,-21.22903942889,
    0.270384629422));
#3782 = CARTESIAN_POINT('',(-63.7759692208,-21.22977642844,
    0.270384624958));
#3783 = CARTESIAN_POINT('',(-63.77999272138,-21.23049807973,
    0.270384620526));
#3784 = CARTESIAN_POINT('',(-63.78790627742,-21.23188630625,
    0.270384611881));
#3785 = CARTESIAN_POINT('',(-63.79179615025,-21.23255392258,
    0.270384607666));
#3786 = CARTESIAN_POINT('',(-63.79568847178,-21.23320720829,
    0.270384603481));
#3787 = CARTESIAN_POINT('',(-63.79958317864,-21.23384615264,
    0.270384599327));
#3788 = CARTESIAN_POINT('',(-63.80348020741,-21.23447074522,
    0.270384595205));
#3789 = CARTESIAN_POINT('',(-63.80737949464,-21.23508097598,
    0.270384591114));
#3790 = CARTESIAN_POINT('',(-63.81532179752,-21.23629397512,
    0.27038458285));
#3791 = CARTESIAN_POINT('',(-63.81936497277,-21.23689569864,
    0.270384578678));
#3792 = CARTESIAN_POINT('',(-63.82341043193,-21.23748199499,
    0.270384574541));
#3793 = CARTESIAN_POINT('',(-63.82745810436,-21.23805285379,
    0.270384570437));
#3794 = CARTESIAN_POINT('',(-63.83150791938,-21.23860826507,
    0.270384566367));
#3795 = CARTESIAN_POINT('',(-63.83555980622,-21.23914821926,
    0.270384562331));
#3796 = CARTESIAN_POINT('',(-63.84352779265,-21.24017910936,
    0.270384554465));
#3797 = CARTESIAN_POINT('',(-63.84744375662,-21.24067109351,
    0.270384550632));
#3798 = CARTESIAN_POINT('',(-63.85136152225,-21.24114865141,
    0.270384546831));
#3799 = CARTESIAN_POINT('',(-63.85528102576,-21.24161177518,
    0.270384543062));
#3800 = CARTESIAN_POINT('',(-63.85920220333,-21.24206045727,
    0.270384539325));
#3801 = CARTESIAN_POINT('',(-63.86312499111,-21.24249469049,
    0.27038453562));
#3802 = CARTESIAN_POINT('',(-63.87083350443,-21.24331925347,
    0.270384528404));
#3803 = CARTESIAN_POINT('',(-63.87461912151,-21.24371059733,
    0.270384524892));
#3804 = CARTESIAN_POINT('',(-63.87840611912,-21.24408849348,
    0.270384521409));
#3805 = CARTESIAN_POINT('',(-63.88219443992,-21.24445293609,
    0.270384517956));
#3806 = CARTESIAN_POINT('',(-63.88598402658,-21.24480391963,
    0.270384514533));
#3807 = CARTESIAN_POINT('',(-63.88977482169,-21.2451414389,0.27038451114
    ));
#3808 = CARTESIAN_POINT('',(-63.89707782908,-21.24576553537,
    0.270384504663));
#3809 = CARTESIAN_POINT('',(-63.90058987715,-21.2460540341,
    0.270384501574));
#3810 = CARTESIAN_POINT('',(-63.90410286648,-21.24633098129,
    0.270384498512));
#3811 = CARTESIAN_POINT('',(-63.90761675147,-21.24659637325,
    0.270384495475));
#3812 = CARTESIAN_POINT('',(-63.91113148653,-21.24685020656,
    0.270384492464));
#3813 = CARTESIAN_POINT('',(-63.914647026,-21.24709247799,0.270384489479
    ));
#3814 = CARTESIAN_POINT('',(-63.92224223022,-21.24759080414,
    0.270384483087));
#3815 = CARTESIAN_POINT('',(-63.92632215719,-21.24784286204,
    0.270384479689));
#3816 = CARTESIAN_POINT('',(-63.93040303393,-21.24807935358,
    0.270384476326));
#3817 = CARTESIAN_POINT('',(-63.93448478918,-21.24830027447,
    0.270384472997));
#3818 = CARTESIAN_POINT('',(-63.93856735163,-21.24850562088,
    0.270384469704));
#3819 = CARTESIAN_POINT('',(-63.94265064998,-21.24869538933,
    0.270384466446));
#3820 = CARTESIAN_POINT('',(-63.95081857575,-21.24904376426,
    0.270384460001));
#3821 = CARTESIAN_POINT('',(-63.95490320319,-21.24920237074,
    0.270384456813));
#3822 = CARTESIAN_POINT('',(-63.95898842385,-21.24934539319,
    0.27038445366));
#3823 = CARTESIAN_POINT('',(-63.96307416638,-21.24947282897,
    0.270384450543));
#3824 = CARTESIAN_POINT('',(-63.96716035942,-21.24958467586,
    0.270384447461));
#3825 = CARTESIAN_POINT('',(-63.97124693161,-21.24968093204,
    0.270384444414));
#3826 = CARTESIAN_POINT('',(-63.97885698387,-21.24983113408,
    0.270384438807));
#3827 = CARTESIAN_POINT('',(-63.98238038491,-21.24988908458,
    0.270384436238));
#3828 = CARTESIAN_POINT('',(-63.98590396893,-21.2499354467,
    0.270384433694));
#3829 = CARTESIAN_POINT('',(-63.98942769019,-21.24997021975,
    0.270384431177));
#3830 = CARTESIAN_POINT('',(-63.99295150294,-21.24999340329,
    0.270384428687));
#3831 = CARTESIAN_POINT('',(-63.99647536146,-21.25000499709,
    0.270384426223));
#3832 = CARTESIAN_POINT('',(-64.16492913819,-21.25000519102,
    0.270384309697));
#3833 = CARTESIAN_POINT('',(-64.32996667105,-21.22461683609,
    0.270384253524));
#3834 = CARTESIAN_POINT('',(-64.49022464821,-21.17378127912,
    0.270384258777));
#3835 = CARTESIAN_POINT('',(-64.64104612852,-21.09870014188,
    0.27038432594));
#3836 = CARTESIAN_POINT('',(-64.77821044951,-21.00147453504,
    0.270384453125));
#3837 = CARTESIAN_POINT('',(-64.89795166195,-20.88509588062,
    0.270384636111));
#3838 = CARTESIAN_POINT('',(-65.0969026595,-20.62175237719,
    0.270385099979));
#3839 = CARTESIAN_POINT('',(-65.1761963851,-20.47458052894,
    0.270385381277));
#3840 = CARTESIAN_POINT('',(-65.23224837052,-20.31586100577,
    0.270385705028));
#3841 = CARTESIAN_POINT('',(-65.26320528109,-20.15004999306,
    0.270386062335));
#3842 = CARTESIAN_POINT('',(-65.26819889563,-19.98179792816,
    0.270386443177));
#3843 = CARTESIAN_POINT('',(-65.24734983464,-19.81592951915,
    0.270386836452));
#3844 = CARTESIAN_POINT('',(-65.1989993376,-19.64641386979,
    0.270387257081));
#3845 = CARTESIAN_POINT('',(-65.1958268228,-19.63571482441,
    0.270387283713));
#3846 = CARTESIAN_POINT('',(-65.19254294432,-19.62504905388,
    0.270387310346));
#3847 = CARTESIAN_POINT('',(-65.18914812235,-19.61441794865,
    0.270387336976));
#3848 = CARTESIAN_POINT('',(-65.18564279871,-19.60382289228,
    0.270387363601));
#3849 = CARTESIAN_POINT('',(-65.18202743684,-19.59326526143,
    0.270387390216));
#3850 = CARTESIAN_POINT('',(-65.17442860984,-19.57180683606,
    0.270387444485));
#3851 = CARTESIAN_POINT('',(-65.17043620493,-19.56090920661,
    0.270387472137));
#3852 = CARTESIAN_POINT('',(-65.16632585271,-19.55005507833,
    0.270387499772));
#3853 = CARTESIAN_POINT('',(-65.16209812355,-19.53924598237,
    0.270387527385));
#3854 = CARTESIAN_POINT('',(-65.15775361256,-19.5284834402,
    0.270387554973));
#3855 = CARTESIAN_POINT('',(-65.15329293954,-19.51776896365,
    0.270387582531));
#3856 = CARTESIAN_POINT('',(-65.13974037514,-19.48618442542,
    0.270387664046));
#3857 = CARTESIAN_POINT('',(-65.13031952742,-19.46545550413,
    0.270387717909));
#3858 = CARTESIAN_POINT('',(-65.12045907736,-19.44492864184,
    0.270387771615));
#3859 = CARTESIAN_POINT('',(-65.11016424693,-19.42461501176,
    0.270387825133));
#3860 = CARTESIAN_POINT('',(-65.09944060867,-19.40452560946,
    0.270387878437));
#3861 = CARTESIAN_POINT('',(-65.08829408565,-19.38467125282,
    0.270387931496));
#3862 = CARTESIAN_POINT('',(-65.05179089346,-19.32276943056,
    0.270388098134));
#3863 = CARTESIAN_POINT('',(-65.02491258074,-19.28161896833,
    0.270388210717));
#3864 = CARTESIAN_POINT('',(-64.99615909183,-19.24171814708,
    0.270388321743));
#3865 = CARTESIAN_POINT('',(-64.96560058339,-19.20316915748,
    0.270388430929));
#3866 = CARTESIAN_POINT('',(-64.9333140144,-19.16606908119,
    0.270388538002));
#3867 = CARTESIAN_POINT('',(-64.8993828702,-19.13050954285,
    0.270388642694));
#3868 = CARTESIAN_POINT('',(-64.82163636601,-19.05616508582,
    0.270388866281));
#3869 = CARTESIAN_POINT('',(-64.77716997423,-19.01805976,0.270388984075)
  );
#3870 = CARTESIAN_POINT('',(-64.73064951977,-18.9824055192,
    0.270389097692));
#3871 = CARTESIAN_POINT('',(-64.68223778516,-18.94933427906,
    0.270389206717));
#3872 = CARTESIAN_POINT('',(-64.63210764335,-18.91896413263,
    0.270389310761));
#3873 = CARTESIAN_POINT('',(-64.58044117405,-18.89139874681,
    0.270389409462));
#3874 = CARTESIAN_POINT('',(-64.41453188757,-18.8141845024,0.27038970059
    ));
#3875 = CARTESIAN_POINT('',(-64.29550388608,-18.77475224245,
    0.270389872992));
#3876 = CARTESIAN_POINT('',(-64.17221553027,-18.74931189058,
    0.270390016383));
#3877 = CARTESIAN_POINT('',(-64.04664209626,-18.73837280782,
    0.270390128233));
#3878 = CARTESIAN_POINT('',(-63.92081186217,-18.74211168092,
    0.270390206735));
#3879 = CARTESIAN_POINT('',(-63.79675842448,-18.76036836895,
    0.270390250848));
#3880 = CARTESIAN_POINT('',(-63.67647685,-18.79259772,0.270390260438));
#3881 = CYLINDRICAL_SURFACE('',#3882,1.249999999511);
#3882 = AXIS2_PLACEMENT_3D('',#3883,#3884,#3885);
#3883 = CARTESIAN_POINT('',(-64.00000065905,-20.00000500163,0.));
#3884 = DIRECTION('',(-0.,0.,-1.));
#3885 = DIRECTION('',(1.,0.,0.));
#3886 = ADVANCED_FACE('',(#3887),#3893,.F.);
#3887 = FACE_BOUND('',#3888,.F.);
#3888 = EDGE_LOOP('',(#3889,#3890,#3891,#3892));
#3889 = ORIENTED_EDGE('',*,*,#1957,.T.);
#3890 = ORIENTED_EDGE('',*,*,#2857,.T.);
#3891 = ORIENTED_EDGE('',*,*,#2038,.F.);
#3892 = ORIENTED_EDGE('',*,*,#3391,.T.);
#3893 = CONICAL_SURFACE('',#3894,2.22044604925E-16,1.029744258677);
#3894 = AXIS2_PLACEMENT_3D('',#3895,#3896,#3897);
#3895 = CARTESIAN_POINT('',(-63.99999922,-20.00000025,1.021463052347));
#3896 = DIRECTION('',(0.,0.,-1.));
#3897 = DIRECTION('',(0.,-1.,0.));
#3898 = ADVANCED_FACE('',(#3899),#3911,.T.);
#3899 = FACE_BOUND('',#3900,.T.);
#3900 = EDGE_LOOP('',(#3901,#3908,#3909,#3910));
#3901 = ORIENTED_EDGE('',*,*,#3902,.T.);
#3902 = EDGE_CURVE('',#2190,#2287,#3903,.T.);
#3903 = CIRCLE('',#3904,1.7);
#3904 = AXIS2_PLACEMENT_3D('',#3905,#3906,#3907);
#3905 = CARTESIAN_POINT('',(64.00000078,-20.00000025,0.));
#3906 = DIRECTION('',(-0.,0.,1.));
#3907 = DIRECTION('',(3.053113317719E-16,-1.,0.));
#3908 = ORIENTED_EDGE('',*,*,#2295,.T.);
#3909 = ORIENTED_EDGE('',*,*,#2269,.F.);
#3910 = ORIENTED_EDGE('',*,*,#2189,.F.);
#3911 = CYLINDRICAL_SURFACE('',#3912,1.7);
#3912 = AXIS2_PLACEMENT_3D('',#3913,#3914,#3915);
#3913 = CARTESIAN_POINT('',(64.00000078,-20.00000025,0.));
#3914 = DIRECTION('',(-0.,-0.,1.));
#3915 = DIRECTION('',(0.,-1.,0.));
#3916 = ADVANCED_FACE('',(#3917),#3929,.T.);
#3917 = FACE_BOUND('',#3918,.T.);
#3918 = EDGE_LOOP('',(#3919,#3926,#3927,#3928));
#3919 = ORIENTED_EDGE('',*,*,#3920,.F.);
#3920 = EDGE_CURVE('',#2217,#2320,#3921,.T.);
#3921 = CIRCLE('',#3922,1.7);
#3922 = AXIS2_PLACEMENT_3D('',#3923,#3924,#3925);
#3923 = CARTESIAN_POINT('',(64.00000078,-20.00000025,110.));
#3924 = DIRECTION('',(-0.,0.,1.));
#3925 = DIRECTION('',(8.326672684689E-17,-1.,0.));
#3926 = ORIENTED_EDGE('',*,*,#2225,.T.);
#3927 = ORIENTED_EDGE('',*,*,#2822,.F.);
#3928 = ORIENTED_EDGE('',*,*,#2319,.F.);
#3929 = CYLINDRICAL_SURFACE('',#3930,1.7);
#3930 = AXIS2_PLACEMENT_3D('',#3931,#3932,#3933);
#3931 = CARTESIAN_POINT('',(64.00000078,-20.00000025,110.));
#3932 = DIRECTION('',(-0.,-0.,-1.));
#3933 = DIRECTION('',(0.,-1.,0.));
#3934 = ADVANCED_FACE('',(#3935),#4300,.F.);
#3935 = FACE_BOUND('',#3936,.F.);
#3936 = EDGE_LOOP('',(#3937,#3974,#3975,#3976,#3977));
#3937 = ORIENTED_EDGE('',*,*,#3938,.T.);
#3938 = EDGE_CURVE('',#3939,#2328,#3941,.T.);
#3939 = VERTEX_POINT('',#3940);
#3940 = CARTESIAN_POINT('',(65.249999341148,-20.00000499905,
    109.72961185689));
#3941 = B_SPLINE_CURVE_WITH_KNOTS('',7,(#3942,#3943,#3944,#3945,#3946,
    #3947,#3948,#3949,#3950,#3951,#3952,#3953,#3954,#3955,#3956,#3957,
    #3958,#3959,#3960,#3961,#3962,#3963,#3964,#3965,#3966,#3967,#3968,
    #3969,#3970,#3971,#3972,#3973),.UNSPECIFIED.,.F.,.F.,(8,6,6,6,6,8),(
    0.,0.182678052871,0.277464561486,0.332613095072,0.379144674019,1.),
  .UNSPECIFIED.);
#3942 = CARTESIAN_POINT('',(65.249999341148,-20.00000499905,
    109.72961185689));
#3943 = CARTESIAN_POINT('',(65.249999341148,-19.940239659,
    109.72961172045));
#3944 = CARTESIAN_POINT('',(65.246665531233,-19.88047464044,
    109.72961158633));
#3945 = CARTESIAN_POINT('',(65.239998130074,-19.82093352611,
    109.72961145502));
#3946 = CARTESIAN_POINT('',(65.230015832598,-19.7618388753,
    109.72961132702));
#3947 = CARTESIAN_POINT('',(65.216755767298,-19.703411021,109.7296112028
    ));
#3948 = CARTESIAN_POINT('',(65.200273453532,-19.64586686724,
    109.72961108284));
#3949 = CARTESIAN_POINT('',(65.17045694295,-19.56012931134,
    109.72961090773));
#3950 = CARTESIAN_POINT('',(65.159423397243,-19.53113469743,
    109.72961084917));
#3951 = CARTESIAN_POINT('',(65.147552397488,-19.50246437675,
    109.72961079193));
#3952 = CARTESIAN_POINT('',(65.134855454252,-19.47414732783,
    109.72961073606));
#3953 = CARTESIAN_POINT('',(65.121345312899,-19.44621197551,
    109.72961068163));
#3954 = CARTESIAN_POINT('',(65.107035953584,-19.41868619096,
    109.72961062869));
#3955 = CARTESIAN_POINT('',(65.083160995528,-19.37583647198,
    109.72961054738));
#3956 = CARTESIAN_POINT('',(65.074113996191,-19.3602235262,
    109.72961051799));
#3957 = CARTESIAN_POINT('',(65.064804584763,-19.34476382293,
    109.72961048914));
#3958 = CARTESIAN_POINT('',(65.055235884241,-19.32946264855,
    109.72961046082));
#3959 = CARTESIAN_POINT('',(65.045411149098,-19.31432520724,
    109.72961043306));
#3960 = CARTESIAN_POINT('',(65.035333765291,-19.29935662091,
    109.72961040585));
#3961 = CARTESIAN_POINT('',(65.016294252487,-19.27207890725,
    109.72961035675));
#3962 = CARTESIAN_POINT('',(65.007403892622,-19.25971968031,
    109.72961033468));
#3963 = CARTESIAN_POINT('',(64.998338283013,-19.2474872747,
    109.72961031303));
#3964 = CARTESIAN_POINT('',(64.989099598491,-19.23538466895,
    109.72961029179));
#3965 = CARTESIAN_POINT('',(64.979690076355,-19.22341479388,
    109.72961027097));
#3966 = CARTESIAN_POINT('',(64.97011201638,-19.21158053265,
    109.72961025057));
#3967 = CARTESIAN_POINT('',(64.830353698147,-19.04383140595,
    109.72960996426));
#3968 = CARTESIAN_POINT('',(64.6705612196,-18.91219302169,
    109.72960977424));
#3969 = CARTESIAN_POINT('',(64.486808668803,-18.81226889394,
    109.72960967317));
#3970 = CARTESIAN_POINT('',(64.28687699552,-18.74884490234,
    109.72960966663));
#3971 = CARTESIAN_POINT('',(64.079125466293,-18.72457284273,
    109.72960975485));
#3972 = CARTESIAN_POINT('',(63.872670970175,-18.74002730804,
    109.72960993288));
#3973 = CARTESIAN_POINT('',(63.676475533622,-18.79259771713,
    109.72961018854));
#3974 = ORIENTED_EDGE('',*,*,#2327,.F.);
#3975 = ORIENTED_EDGE('',*,*,#3920,.F.);
#3976 = ORIENTED_EDGE('',*,*,#2216,.F.);
#3977 = ORIENTED_EDGE('',*,*,#3978,.T.);
#3978 = EDGE_CURVE('',#2209,#3939,#3979,.T.);
#3979 = B_SPLINE_CURVE_WITH_KNOTS('',5,(#3980,#3981,#3982,#3983,#3984,
    #3985,#3986,#3987,#3988,#3989,#3990,#3991,#3992,#3993,#3994,#3995,
    #3996,#3997,#3998,#3999,#4000,#4001,#4002,#4003,#4004,#4005,#4006,
    #4007,#4008,#4009,#4010,#4011,#4012,#4013,#4014,#4015,#4016,#4017,
    #4018,#4019,#4020,#4021,#4022,#4023,#4024,#4025,#4026,#4027,#4028,
    #4029,#4030,#4031,#4032,#4033,#4034,#4035,#4036,#4037,#4038,#4039,
    #4040,#4041,#4042,#4043,#4044,#4045,#4046,#4047,#4048,#4049,#4050,
    #4051,#4052,#4053,#4054,#4055,#4056,#4057,#4058,#4059,#4060,#4061,
    #4062,#4063,#4064,#4065,#4066,#4067,#4068,#4069,#4070,#4071,#4072,
    #4073,#4074,#4075,#4076,#4077,#4078,#4079,#4080,#4081,#4082,#4083,
    #4084,#4085,#4086,#4087,#4088,#4089,#4090,#4091,#4092,#4093,#4094,
    #4095,#4096,#4097,#4098,#4099,#4100,#4101,#4102,#4103,#4104,#4105,
    #4106,#4107,#4108,#4109,#4110,#4111,#4112,#4113,#4114,#4115,#4116,
    #4117,#4118,#4119,#4120,#4121,#4122,#4123,#4124,#4125,#4126,#4127,
    #4128,#4129,#4130,#4131,#4132,#4133,#4134,#4135,#4136,#4137,#4138,
    #4139,#4140,#4141,#4142,#4143,#4144,#4145,#4146,#4147,#4148,#4149,
    #4150,#4151,#4152,#4153,#4154,#4155,#4156,#4157,#4158,#4159,#4160,
    #4161,#4162,#4163,#4164,#4165,#4166,#4167,#4168,#4169,#4170,#4171,
    #4172,#4173,#4174,#4175,#4176,#4177,#4178,#4179,#4180,#4181,#4182,
    #4183,#4184,#4185,#4186,#4187,#4188,#4189,#4190,#4191,#4192,#4193,
    #4194,#4195,#4196,#4197,#4198,#4199,#4200,#4201,#4202,#4203,#4204,
    #4205,#4206,#4207,#4208,#4209,#4210,#4211,#4212,#4213,#4214,#4215,
    #4216,#4217,#4218,#4219,#4220,#4221,#4222,#4223,#4224,#4225,#4226,
    #4227,#4228,#4229,#4230,#4231,#4232,#4233,#4234,#4235,#4236,#4237,
    #4238,#4239,#4240,#4241,#4242,#4243,#4244,#4245,#4246,#4247,#4248,
    #4249,#4250,#4251,#4252,#4253,#4254,#4255,#4256,#4257,#4258,#4259,
    #4260,#4261,#4262,#4263,#4264,#4265,#4266,#4267,#4268,#4269,#4270,
    #4271,#4272,#4273,#4274,#4275,#4276,#4277,#4278,#4279,#4280,#4281,
    #4282,#4283,#4284,#4285,#4286,#4287,#4288,#4289,#4290,#4291,#4292,
    #4293,#4294,#4295,#4296,#4297,#4298,#4299),.UNSPECIFIED.,.F.,.F.,(6,
    4,4,4,4,4,4,4,4,2,4,4,4,4,4,4,4,4,4,4,4,4,4,4,4,4,4,4,4,4,4,4,4,4,4,
    4,4,4,4,4,4,4,4,4,4,4,4,4,4,4,4,4,4,4,4,4,4,4,4,4,4,4,4,4,4,4,4,4,4,
    4,4,4,4,4,4,4,4,4,4,4,6),(0.,0.223042880501,0.445152466727,
    0.551541875737,0.719524755452,0.740989290659,0.79791696826,
    0.862310568744,0.879108900309,1.,1.012491058553,1.024982117206,
    1.037473175965,1.049102782497,1.059440210613,1.070208364991,
    1.082699424191,1.094759757342,1.106820090627,1.118880424052,
    1.131371483824,1.143862543759,1.155922877649,1.16841393792,
    1.180904998372,1.192103880316,1.204594941127,1.215793823402,
    1.228284884592,1.240775945991,1.251544102541,1.26360443807,
    1.274803321248,1.286432930895,1.298923993334,1.31141505601,
    1.323475392617,1.335966455774,1.348026792854,1.359656403836,
    1.372147467733,1.384638531895,1.395837417233,1.407897755533,
    1.419527367709,1.432018432907,1.444509498386,1.457000564151,
    1.469491630204,1.481982696549,1.494473763188,1.506964830123,
    1.519455897359,1.531516238424,1.544007306255,1.5560676479,
    1.568558716335,1.580619058566,1.592248674564,1.6047397439,
    1.616800087006,1.628860430405,1.641351500666,1.653842571243,
    1.666333642138,1.67882471335,1.691315784882,1.703376130111,
    1.715867202268,1.728358274744,1.740849347538,1.751617513995,
    1.76410858738,1.776599661081,1.789090735097,1.801581809427,
    1.81278070392,1.825271778842,1.837762854074,1.850253929613,
    1.857145557629),.UNSPECIFIED.);
#3980 = CARTESIAN_POINT('',(62.79259206,-19.67648119,109.72961281741));
#3981 = CARTESIAN_POINT('',(62.766144269315,-19.77518568766,
    109.72961306102));
#3982 = CARTESIAN_POINT('',(62.749782033232,-19.87659651186,
    109.72961330383));
#3983 = CARTESIAN_POINT('',(62.743876150045,-19.97932879556,
    109.72961354243));
#3984 = CARTESIAN_POINT('',(62.748509173022,-20.08194662041,
    109.72961377349));
#3985 = CARTESIAN_POINT('',(62.778371134035,-20.28369389494,
    109.72961421339));
#3986 = CARTESIAN_POINT('',(62.803514892301,-20.3828434876,
    109.72961442235));
#3987 = CARTESIAN_POINT('',(62.838695194239,-20.47908017794,
    109.72961461771));
#3988 = CARTESIAN_POINT('',(62.883424441685,-20.57107011575,
    109.72961479678));
#3989 = CARTESIAN_POINT('',(62.96260048439,-20.69906107297,
    109.72961503422));
#3990 = CARTESIAN_POINT('',(62.990263403536,-20.73926318252,
    109.72961510687));
#3991 = CARTESIAN_POINT('',(63.019865295552,-20.77808377303,
    109.72961517502));
#3992 = CARTESIAN_POINT('',(63.051312614356,-20.81540016557,
    109.72961523846));
#3993 = CARTESIAN_POINT('',(63.136900612093,-20.90746495096,
    109.72961538945));
#3994 = CARTESIAN_POINT('',(63.193640041144,-20.95979892868,
    109.72961546969));
#3995 = CARTESIAN_POINT('',(63.254302440167,-21.00765366836,
    109.729615537));
#3996 = CARTESIAN_POINT('',(63.318407717074,-21.0506504388,
    109.72961559082));
#3997 = CARTESIAN_POINT('',(63.393987562031,-21.0933239954,
    109.72961563598));
#3998 = CARTESIAN_POINT('',(63.402598362108,-21.09807473127,
    109.72961564088));
#3999 = CARTESIAN_POINT('',(63.411255604404,-21.10274063329,
    109.72961564554));
#4000 = CARTESIAN_POINT('',(63.41995817275,-21.10732109989,
    109.72961564998));
#4001 = CARTESIAN_POINT('',(63.451902883689,-21.1237356181,
    109.72961566536));
#4002 = CARTESIAN_POINT('',(63.475411725924,-21.13505065629,
    109.72961567494));
#4003 = CARTESIAN_POINT('',(63.499210401726,-21.14574984335,
    109.72961568291));
#4004 = CARTESIAN_POINT('',(63.52327734102,-21.15582348201,
    109.72961568927));
#4005 = CARTESIAN_POINT('',(63.575092200458,-21.17594048801,
    109.72961569937));
#4006 = CARTESIAN_POINT('',(63.602908951658,-21.18580663079,
    109.72961570265));
#4007 = CARTESIAN_POINT('',(63.63100875968,-21.19484902154,
    109.72961570387));
#4008 = CARTESIAN_POINT('',(63.659359044036,-21.203057176,
    109.72961570301));
#4009 = CARTESIAN_POINT('',(63.695379013221,-21.21234393039,
    109.7296156993));
#4010 = CARTESIAN_POINT('',(63.702846208298,-21.21420797337,
    109.72961569839));
#4011 = CARTESIAN_POINT('',(63.71032760208,-21.21601451004,
    109.72961569735));
#4012 = CARTESIAN_POINT('',(63.717822603769,-21.21776339772,
    109.72961569615));
#4013 = CARTESIAN_POINT('',(63.779362914005,-21.23162473291,
    109.72961568525));
#4014 = CARTESIAN_POINT('',(63.834069602101,-21.24080238304,
    109.72961566838));
#4015 = CARTESIAN_POINT('',(63.894927837734,-21.2475714082,
    109.72961564175));
#4016 = CARTESIAN_POINT('',(63.956062776002,-21.25060622086,
    109.72961560641));
#4017 = CARTESIAN_POINT('',(64.017168768752,-21.24990672933,
    109.72961556256));
#4018 = CARTESIAN_POINT('',(64.022890765198,-21.24980847613,
    109.72961555838));
#4019 = CARTESIAN_POINT('',(64.03433325881,-21.24954648725,
    109.72961554987));
#4020 = CARTESIAN_POINT('',(64.040053755983,-21.24938275156,
    109.72961554554));
#4021 = CARTESIAN_POINT('',(64.04577325366,-21.24918628036,
    109.72961554114));
#4022 = CARTESIAN_POINT('',(64.0514915021,-21.2489570822,109.72961553667
    ));
#4023 = CARTESIAN_POINT('',(64.062925001265,-21.24843325488,
    109.72961552757));
#4024 = CARTESIAN_POINT('',(64.068640251998,-21.24813862571,
    109.72961552294));
#4025 = CARTESIAN_POINT('',(64.074353754214,-21.24781129248,
    109.72961551824));
#4026 = CARTESIAN_POINT('',(64.080065258432,-21.24745126946,
    109.72961551347));
#4027 = CARTESIAN_POINT('',(64.091090030431,-21.24669296064,
    109.72961550412));
#4028 = CARTESIAN_POINT('',(64.096403597503,-21.24629902599,
    109.72961549954));
#4029 = CARTESIAN_POINT('',(64.101715015345,-21.24587678373,
    109.72961549491));
#4030 = CARTESIAN_POINT('',(64.107024082918,-21.24542624983,
    109.72961549021));
#4031 = CARTESIAN_POINT('',(64.117047502894,-21.24452183584,
    109.72961548122));
#4032 = CARTESIAN_POINT('',(64.121762390725,-21.24407388968,
    109.72961547693));
#4033 = CARTESIAN_POINT('',(64.126475121773,-21.24360361669,
    109.7296154726));
#4034 = CARTESIAN_POINT('',(64.131185555097,-21.24311103093,
    109.72961546822));
#4035 = CARTESIAN_POINT('',(64.140797711172,-21.24205981119,
    109.72961545917));
#4036 = CARTESIAN_POINT('',(64.145699226483,-21.24149928039,
    109.72961545451));
#4037 = CARTESIAN_POINT('',(64.150597936668,-21.2409145728,
    109.72961544978));
#4038 = CARTESIAN_POINT('',(64.155493682762,-21.24030570739,
    109.72961544501));
#4039 = CARTESIAN_POINT('',(64.166061748981,-21.23893842158,
    109.72961543458));
#4040 = CARTESIAN_POINT('',(64.17173298985,-21.23817165934,
    109.72961542891));
#4041 = CARTESIAN_POINT('',(64.177399780752,-21.23737245005,
    109.72961542317));
#4042 = CARTESIAN_POINT('',(64.183061874246,-21.2365408286,
    109.72961541735));
#4043 = CARTESIAN_POINT('',(64.194181098291,-21.2348426298,
    109.72961540579));
#4044 = CARTESIAN_POINT('',(64.199638563966,-21.23397824667,
    109.72961540004));
#4045 = CARTESIAN_POINT('',(64.205091197961,-21.23308371731,
    109.72961539423));
#4046 = CARTESIAN_POINT('',(64.210538778323,-21.23215907811,
    109.72961538835));
#4047 = CARTESIAN_POINT('',(64.22142338874,-21.23024965777,
    109.72961537647));
#4048 = CARTESIAN_POINT('',(64.226860418802,-21.22926487662,
    109.72961537046));
#4049 = CARTESIAN_POINT('',(64.232291952136,-21.22825006338,
    109.72961536439));
#4050 = CARTESIAN_POINT('',(64.237717767648,-21.22720525935,
    109.72961535825));
#4051 = CARTESIAN_POINT('',(64.248557521816,-21.22505575718,
    109.72961534585));
#4052 = CARTESIAN_POINT('',(64.253971460478,-21.22395105905,
    109.72961533959));
#4053 = CARTESIAN_POINT('',(64.25937924005,-21.22281645763,
    109.72961533326));
#4054 = CARTESIAN_POINT('',(64.264780640404,-21.22165199911,
    109.72961532687));
#4055 = CARTESIAN_POINT('',(64.275762914994,-21.21922081268,
    109.72961531372));
#4056 = CARTESIAN_POINT('',(64.281343309475,-21.21795191758,
    109.72961530697));
#4057 = CARTESIAN_POINT('',(64.286916381368,-21.2166511008,
    109.72961530014));
#4058 = CARTESIAN_POINT('',(64.292481887325,-21.21531841915,
    109.72961529325));
#4059 = CARTESIAN_POINT('',(64.303597282042,-21.21258944526,
    109.72961527934));
#4060 = CARTESIAN_POINT('',(64.30914717081,-21.21119315301,
    109.72961527231));
#4061 = CARTESIAN_POINT('',(64.314689008254,-21.20976511507,
    109.72961526522));
#4062 = CARTESIAN_POINT('',(64.320222552387,-21.20830539378,
    109.72961525806));
#4063 = CARTESIAN_POINT('',(64.331082053994,-21.20537414023,
    109.72961524386));
#4064 = CARTESIAN_POINT('',(64.336408589918,-21.20390475095,
    109.72961523683));
#4065 = CARTESIAN_POINT('',(64.341726952551,-21.20240594503,
    109.72961522973));
#4066 = CARTESIAN_POINT('',(64.347036925404,-21.20087778348,
    109.72961522257));
#4067 = CARTESIAN_POINT('',(64.357828994548,-21.19770725258,
    109.72961520787));
#4068 = CARTESIAN_POINT('',(64.363310465183,-21.19606275355,
    109.72961520033));
#4069 = CARTESIAN_POINT('',(64.3687824648,-21.19438690307,
    109.72961519272));
#4070 = CARTESIAN_POINT('',(64.374244754462,-21.19267977433,
    109.72961518504));
#4071 = CARTESIAN_POINT('',(64.385149437764,-21.18920311209,
    109.72961516957));
#4072 = CARTESIAN_POINT('',(64.39059183141,-21.18743357859,
    109.72961516176));
#4073 = CARTESIAN_POINT('',(64.396024038915,-21.18563291865,
    109.7296151539));
#4074 = CARTESIAN_POINT('',(64.401445823081,-21.18380121088,
    109.72961514597));
#4075 = CARTESIAN_POINT('',(64.411708300708,-21.18026855278,
    109.72961513081));
#4076 = CARTESIAN_POINT('',(64.41655108554,-21.17857367793,
    109.72961512359));
#4077 = CARTESIAN_POINT('',(64.421385131822,-21.17685397067,
    109.72961511632));
#4078 = CARTESIAN_POINT('',(64.426210269887,-21.17510949138,
    109.729615109));
#4079 = CARTESIAN_POINT('',(64.436398090887,-21.17136697566,
    109.72961509342));
#4080 = CARTESIAN_POINT('',(64.441758558225,-21.16936290797,
    109.72961508513));
#4081 = CARTESIAN_POINT('',(64.44710749812,-21.16732818523,
    109.72961507679));
#4082 = CARTESIAN_POINT('',(64.452444677011,-21.1652628963,
    109.72961506839));
#4083 = CARTESIAN_POINT('',(64.462544166528,-21.16128817219,
    109.72961505233));
#4084 = CARTESIAN_POINT('',(64.467308830231,-21.15938471599,
    109.72961504469));
#4085 = CARTESIAN_POINT('',(64.472063685884,-21.15745683004,
    109.729615037));
#4086 = CARTESIAN_POINT('',(64.476808566599,-21.15550458202,
    109.72961502927));
#4087 = CARTESIAN_POINT('',(64.48682436195,-21.15132343814,
    109.7296150128));
#4088 = CARTESIAN_POINT('',(64.492092801317,-21.14908861286,
    109.72961500405));
#4089 = CARTESIAN_POINT('',(64.497348393665,-21.14682366171,
    109.72961499525));
#4090 = CARTESIAN_POINT('',(64.502590909507,-21.1445286836,
    109.72961498639));
#4091 = CARTESIAN_POINT('',(64.513049331562,-21.13987887648,
    109.72961496854));
#4092 = CARTESIAN_POINT('',(64.518265237782,-21.13752404745,
    109.72961495956));
#4093 = CARTESIAN_POINT('',(64.523467610797,-21.13513939452,
    109.72961495052));
#4094 = CARTESIAN_POINT('',(64.528656223445,-21.13272502179,
    109.72961494142));
#4095 = CARTESIAN_POINT('',(64.538291734581,-21.12817415167,
    109.72961492437));
#4096 = CARTESIAN_POINT('',(64.542742225282,-21.12604526001,
    109.72961491643));
#4097 = CARTESIAN_POINT('',(64.547182177094,-21.12389442939,
    109.72961490845));
#4098 = CARTESIAN_POINT('',(64.551611445938,-21.12172172961,
    109.72961490043));
#4099 = CARTESIAN_POINT('',(64.560978544089,-21.1170693944,
    109.72961488333));
#4100 = CARTESIAN_POINT('',(64.565913619174,-21.11458421356,
    109.72961487425));
#4101 = CARTESIAN_POINT('',(64.570834912227,-21.11207178944,
    109.72961486511));
#4102 = CARTESIAN_POINT('',(64.575742222923,-21.10953222431,
    109.72961485592));
#4103 = CARTESIAN_POINT('',(64.585178972065,-21.10458234962,
    109.72961483809));
#4104 = CARTESIAN_POINT('',(64.589710364095,-21.10217576448,
    109.72961482947));
#4105 = CARTESIAN_POINT('',(64.594229368675,-21.09974595089,
    109.7296148208));
#4106 = CARTESIAN_POINT('',(64.598735827195,-21.09729299411,
    109.72961481208));
#4107 = CARTESIAN_POINT('',(64.607896173443,-21.09224573672,
    109.72961479422));
#4108 = CARTESIAN_POINT('',(64.612549065169,-21.08964962843,
    109.72961478508));
#4109 = CARTESIAN_POINT('',(64.617188080452,-21.08702875354,
    109.72961477589));
#4110 = CARTESIAN_POINT('',(64.621813043707,-21.08438321124,
    109.72961476665));
#4111 = CARTESIAN_POINT('',(64.631376053238,-21.07884520809,
    109.7296147474));
#4112 = CARTESIAN_POINT('',(64.636311913822,-21.07594897299,
    109.72961473738));
#4113 = CARTESIAN_POINT('',(64.641231145893,-21.07302452254,
    109.7296147273));
#4114 = CARTESIAN_POINT('',(64.646133534655,-21.07007198444,
    109.72961471717));
#4115 = CARTESIAN_POINT('',(64.655904198978,-21.06411099317,
    109.7296146968));
#4116 = CARTESIAN_POINT('',(64.660772474546,-21.06110254,109.72961468657
    ));
#4117 = CARTESIAN_POINT('',(64.665623480136,-21.05806625949,
    109.72961467629));
#4118 = CARTESIAN_POINT('',(64.670457003932,-21.0550022842,
    109.72961466595));
#4119 = CARTESIAN_POINT('',(64.679922604254,-21.0489258187,
    109.72961464553));
#4120 = CARTESIAN_POINT('',(64.684555879895,-21.04591519638,
    109.72961463546));
#4121 = CARTESIAN_POINT('',(64.689172473264,-21.04287900371,
    109.72961462534));
#4122 = CARTESIAN_POINT('',(64.693772196441,-21.03981736427,
    109.72961461516));
#4123 = CARTESIAN_POINT('',(64.703101196051,-21.03353319456,
    109.72961459437));
#4124 = CARTESIAN_POINT('',(64.707829232394,-21.03030882334,
    109.72961458374));
#4125 = CARTESIAN_POINT('',(64.712538764633,-21.02705742968,
    109.72961457306));
#4126 = CARTESIAN_POINT('',(64.717229587127,-21.02377915557,
    109.72961456233));
#4127 = CARTESIAN_POINT('',(64.72641230438,-21.0172831009,
    109.72961454116));
#4128 = CARTESIAN_POINT('',(64.730905481052,-21.01406713241,
    109.72961453071));
#4129 = CARTESIAN_POINT('',(64.735380842245,-21.01082636977,
    109.72961452022));
#4130 = CARTESIAN_POINT('',(64.739838205788,-21.0075609449,
    109.72961450968));
#4131 = CARTESIAN_POINT('',(64.748558033898,-21.00109853683,
    109.7296144889));
#4132 = CARTESIAN_POINT('',(64.752821773737,-20.99790327436,
    109.72961447866));
#4133 = CARTESIAN_POINT('',(64.757068448449,-20.99468532441,
    109.72961446837));
#4134 = CARTESIAN_POINT('',(64.761297897296,-20.99144480877,
    109.72961445805));
#4135 = CARTESIAN_POINT('',(64.770034029182,-20.98467719251,
    109.72961443656));
#4136 = CARTESIAN_POINT('',(64.774538041232,-20.98114664398,
    109.72961442539));
#4137 = CARTESIAN_POINT('',(64.77902179943,-20.97759035841,
    109.72961441417));
#4138 = CARTESIAN_POINT('',(64.783485107993,-20.9740084911,
    109.72961440291));
#4139 = CARTESIAN_POINT('',(64.792370437932,-20.96679390794,
    109.7296143803));
#4140 = CARTESIAN_POINT('',(64.796792459314,-20.9631611921,
    109.72961436894));
#4141 = CARTESIAN_POINT('',(64.801193643055,-20.95950320956,
    109.72961435755));
#4142 = CARTESIAN_POINT('',(64.805573796977,-20.95582012004,
    109.72961434612));
#4143 = CARTESIAN_POINT('',(64.813840740387,-20.94878764061,
    109.72961432435));
#4144 = CARTESIAN_POINT('',(64.817731693168,-20.9454431448,
    109.72961431402));
#4145 = CARTESIAN_POINT('',(64.821605451902,-20.94207871472,
    109.72961430366));
#4146 = CARTESIAN_POINT('',(64.825461880626,-20.93869446846,
    109.72961429327));
#4147 = CARTESIAN_POINT('',(64.83343511356,-20.93162474069,
    109.72961427162));
#4148 = CARTESIAN_POINT('',(64.837549127545,-20.92793611237,
    109.72961426035));
#4149 = CARTESIAN_POINT('',(64.841642718245,-20.92422478977,
    109.72961424905));
#4150 = CARTESIAN_POINT('',(64.845715719027,-20.92049092396,
    109.72961423771));
#4151 = CARTESIAN_POINT('',(64.853675487846,-20.91311256366,
    109.72961421536));
#4152 = CARTESIAN_POINT('',(64.857563711905,-20.90946963992,
    109.72961420436));
#4153 = CARTESIAN_POINT('',(64.861432489195,-20.90580603373,
    109.72961419332));
#4154 = CARTESIAN_POINT('',(64.865281673284,-20.90212188377,
    109.72961418225));
#4155 = CARTESIAN_POINT('',(64.873224227896,-20.89443836528,
    109.72961415922));
#4156 = CARTESIAN_POINT('',(64.877314565951,-20.89043586205,
    109.72961414725));
#4157 = CARTESIAN_POINT('',(64.881381953763,-20.88640999431,
    109.72961413525));
#4158 = CARTESIAN_POINT('',(64.885426213733,-20.88236093787,
    109.72961412321));
#4159 = CARTESIAN_POINT('',(64.893468126896,-20.87421680312,
    109.72961409906));
#4160 = CARTESIAN_POINT('',(64.897465780095,-20.8701217248,
    109.72961408695));
#4161 = CARTESIAN_POINT('',(64.901439954274,-20.86600381341,
    109.7296140748));
#4162 = CARTESIAN_POINT('',(64.905390475904,-20.86186324876,
    109.72961406262));
#4163 = CARTESIAN_POINT('',(64.913243871203,-20.85353717643,
    109.72961403818));
#4164 = CARTESIAN_POINT('',(64.917146744878,-20.84935166874,
    109.72961402593));
#4165 = CARTESIAN_POINT('',(64.92102562306,-20.84514387138,
    109.72961401364));
#4166 = CARTESIAN_POINT('',(64.924880336377,-20.84091396807,
    109.72961400132));
#4167 = CARTESIAN_POINT('',(64.932541098836,-20.8324103208,
    109.72961397661));
#4168 = CARTESIAN_POINT('',(64.936347147982,-20.82813657684,
    109.72961396422));
#4169 = CARTESIAN_POINT('',(64.940128697733,-20.82384109828,
    109.7296139518));
#4170 = CARTESIAN_POINT('',(64.943885582967,-20.81952407267,
    109.72961393935));
#4171 = CARTESIAN_POINT('',(64.951349698542,-20.81084730617,
    109.72961391438));
#4172 = CARTESIAN_POINT('',(64.955056928887,-20.80648756527,
    109.72961390186));
#4173 = CARTESIAN_POINT('',(64.958739168772,-20.80210665623,
    109.72961388932));
#4174 = CARTESIAN_POINT('',(64.962396257412,-20.79770477033,
    109.72961387674));
#4175 = CARTESIAN_POINT('',(64.969659815099,-20.788859431,
    109.72961385153));
#4176 = CARTESIAN_POINT('',(64.97326628415,-20.78441597756,
    109.72961383889));
#4177 = CARTESIAN_POINT('',(64.97684728477,-20.77995193352,
    109.72961382622));
#4178 = CARTESIAN_POINT('',(64.980402660595,-20.77546749381,
    109.72961381353));
#4179 = CARTESIAN_POINT('',(64.987461854476,-20.76645821637,
    109.72961378808));
#4180 = CARTESIAN_POINT('',(64.990965672535,-20.76193337863,
    109.72961377533));
#4181 = CARTESIAN_POINT('',(64.994443557538,-20.75738853864,
    109.72961376255));
#4182 = CARTESIAN_POINT('',(64.997895357623,-20.75282389485,
    109.72961374974));
#4183 = CARTESIAN_POINT('',(65.004746488861,-20.74365539994,
    109.72961372407));
#4184 = CARTESIAN_POINT('',(65.008145820018,-20.73905154881,
    109.72961371122));
#4185 = CARTESIAN_POINT('',(65.011518767081,-20.73442829425,
    109.72961369833));
#4186 = CARTESIAN_POINT('',(65.014865182772,-20.72978583814,
    109.72961368542));
#4187 = CARTESIAN_POINT('',(65.021390187776,-20.72062366961,
    109.72961365999));
#4188 = CARTESIAN_POINT('',(65.024570585121,-20.71610524481,
    109.72961364748));
#4189 = CARTESIAN_POINT('',(65.027725983673,-20.71156929284,
    109.72961363494));
#4190 = CARTESIAN_POINT('',(65.030856254991,-20.70701599835,
    109.72961362238));
#4191 = CARTESIAN_POINT('',(65.037177183919,-20.69771186592,
    109.72961359677));
#4192 = CARTESIAN_POINT('',(65.040366005491,-20.69295978064,
    109.72961358372));
#4193 = CARTESIAN_POINT('',(65.043527596952,-20.68818949825,
    109.72961357064));
#4194 = CARTESIAN_POINT('',(65.046661820254,-20.68340122706,
    109.72961355755));
#4195 = CARTESIAN_POINT('',(65.052768131019,-20.67395485255,
    109.72961353176));
#4196 = CARTESIAN_POINT('',(65.055742082598,-20.66929795423,
    109.72961351907));
#4197 = CARTESIAN_POINT('',(65.058690272354,-20.66462467086,
    109.72961350636));
#4198 = CARTESIAN_POINT('',(65.061612580283,-20.65993519268,
    109.72961349364));
#4199 = CARTESIAN_POINT('',(65.067508636323,-20.65035617677,
    109.72961346769));
#4200 = CARTESIAN_POINT('',(65.070480494151,-20.64546547553,
    109.72961345448));
#4201 = CARTESIAN_POINT('',(65.073424330966,-20.64055782035,
    109.72961344124));
#4202 = CARTESIAN_POINT('',(65.076340018227,-20.63563342551,
    109.72961342798));
#4203 = CARTESIAN_POINT('',(65.082015275611,-20.62592196444,
    109.72961340189));
#4204 = CARTESIAN_POINT('',(65.08477676216,-20.62113601814,
    109.72961338905));
#4205 = CARTESIAN_POINT('',(65.087511776001,-20.61633486207,
    109.7296133762));
#4206 = CARTESIAN_POINT('',(65.090220205804,-20.61151869168,
    109.72961336333));
#4207 = CARTESIAN_POINT('',(65.095487902748,-20.60202925074,
    109.72961333803));
#4208 = CARTESIAN_POINT('',(65.098049042501,-20.5973570197,
    109.72961332559));
#4209 = CARTESIAN_POINT('',(65.100585263772,-20.59267118683,
    109.72961331314));
#4210 = CARTESIAN_POINT('',(65.103096470566,-20.5879719295,
    109.72961330068));
#4211 = CARTESIAN_POINT('',(65.108252822476,-20.5781978482,
    109.7296132748));
#4212 = CARTESIAN_POINT('',(65.110894110034,-20.57312098917,
    109.72961326139));
#4213 = CARTESIAN_POINT('',(65.113506314845,-20.56802907002,
    109.72961324796));
#4214 = CARTESIAN_POINT('',(65.116089322847,-20.56292231309,
    109.72961323451));
#4215 = CARTESIAN_POINT('',(65.121108663655,-20.55285616982,
    109.72961320806));
#4216 = CARTESIAN_POINT('',(65.123546982876,-20.54789777397,
    109.72961319506));
#4217 = CARTESIAN_POINT('',(65.125957879815,-20.54292595577,
    109.72961318204));
#4218 = CARTESIAN_POINT('',(65.128341256337,-20.5379409176,
    109.72961316901));
#4219 = CARTESIAN_POINT('',(65.133052776803,-20.52794480811,
    109.72961314294));
#4220 = CARTESIAN_POINT('',(65.135380920749,-20.5229337368,
    109.72961312989));
#4221 = CARTESIAN_POINT('',(65.137681352479,-20.51790985243,
    109.72961311683));
#4222 = CARTESIAN_POINT('',(65.139953978353,-20.51287335951,
    109.72961310376));
#4223 = CARTESIAN_POINT('',(65.144523604567,-20.50259524982,
    109.72961307714));
#4224 = CARTESIAN_POINT('',(65.146818576667,-20.49735273128,
    109.72961306358));
#4225 = CARTESIAN_POINT('',(65.149083521764,-20.49209713633,
    109.72961305002));
#4226 = CARTESIAN_POINT('',(65.151318340962,-20.48682869444,
    109.72961303645));
#4227 = CARTESIAN_POINT('',(65.155727535072,-20.47626657792,
    109.72961300929));
#4228 = CARTESIAN_POINT('',(65.157901909985,-20.47097290327,
    109.7296129957));
#4229 = CARTESIAN_POINT('',(65.160045966457,-20.46566684291,
    109.7296129821));
#4230 = CARTESIAN_POINT('',(65.162159610869,-20.46034862855,
    109.7296129685));
#4231 = CARTESIAN_POINT('',(65.16632589369,-20.44968835718,
    109.72961294128));
#4232 = CARTESIAN_POINT('',(65.1683785321,-20.44434630017,
    109.72961292767));
#4233 = CARTESIAN_POINT('',(65.170400576517,-20.43899255466,
    109.72961291405));
#4234 = CARTESIAN_POINT('',(65.172391938648,-20.43362735442,
    109.72961290043));
#4235 = CARTESIAN_POINT('',(65.176313127155,-20.42287451392,
    109.72961287317));
#4236 = CARTESIAN_POINT('',(65.178242953533,-20.41748687364,
    109.72961285954));
#4237 = CARTESIAN_POINT('',(65.180141926394,-20.4120882482,
    109.7296128459));
#4238 = CARTESIAN_POINT('',(65.182009962821,-20.40667887332,
    109.72961283226));
#4239 = CARTESIAN_POINT('',(65.185684002413,-20.39583909789,
    109.72961280497));
#4240 = CARTESIAN_POINT('',(65.187490005579,-20.39040869734,
    109.72961279133));
#4241 = CARTESIAN_POINT('',(65.189264911872,-20.3849680207,
    109.72961277768));
#4242 = CARTESIAN_POINT('',(65.191008643792,-20.37951730555,
    109.72961276403));
#4243 = CARTESIAN_POINT('',(65.194374558234,-20.3687845686,
    109.7296127372));
#4244 = CARTESIAN_POINT('',(65.195998858713,-20.36350321101,
    109.72961272403));
#4245 = CARTESIAN_POINT('',(65.197593960687,-20.3582129322,
    109.72961271085));
#4246 = CARTESIAN_POINT('',(65.199159799226,-20.35291394749,
    109.72961269767));
#4247 = CARTESIAN_POINT('',(65.202287699825,-20.34210944563,
    109.72961267084));
#4248 = CARTESIAN_POINT('',(65.203847629767,-20.33660331122,
    109.72961265719));
#4249 = CARTESIAN_POINT('',(65.205376032114,-20.33108830978,
    109.72961264354));
#4250 = CARTESIAN_POINT('',(65.206872840128,-20.32556468212,
    109.7296126299));
#4251 = CARTESIAN_POINT('',(65.20980313957,-20.31450065738,
    109.72961260262));
#4252 = CARTESIAN_POINT('',(65.211236630997,-20.3089602603,
    109.72961258898));
#4253 = CARTESIAN_POINT('',(65.212638400132,-20.30341172014,
    109.72961257534));
#4254 = CARTESIAN_POINT('',(65.214008385766,-20.29785527918,
    109.72961256171));
#4255 = CARTESIAN_POINT('',(65.216684673201,-20.28672708149,
    109.72961253446));
#4256 = CARTESIAN_POINT('',(65.217990975001,-20.28115532475,
    109.72961252083));
#4257 = CARTESIAN_POINT('',(65.219265376433,-20.27557615317,
    109.72961250722));
#4258 = CARTESIAN_POINT('',(65.22050782185,-20.26998981034,
    109.72961249361));
#4259 = CARTESIAN_POINT('',(65.222761738201,-20.25957475611,
    109.72961246827));
#4260 = CARTESIAN_POINT('',(65.2237814302,-20.25474782381,
    109.72961245655));
#4261 = CARTESIAN_POINT('',(65.22477730053,-20.2499159001,
    109.72961244483));
#4262 = CARTESIAN_POINT('',(65.225749316874,-20.24507914179,
    109.72961243312));
#4263 = CARTESIAN_POINT('',(65.227797281136,-20.23462164033,
    109.72961240783));
#4264 = CARTESIAN_POINT('',(65.228864974482,-20.22899928064,
    109.72961239425));
#4265 = CARTESIAN_POINT('',(65.229900480475,-20.22337087217,
    109.72961238069));
#4266 = CARTESIAN_POINT('',(65.2309037539,-20.21773666067,
    109.72961236713));
#4267 = CARTESIAN_POINT('',(65.232845750838,-20.20645712406,
    109.72961234004));
#4268 = CARTESIAN_POINT('',(65.23378447435,-20.20081179894,
    109.72961232651));
#4269 = CARTESIAN_POINT('',(65.234690880492,-20.19516116336,
    109.72961231298));
#4270 = CARTESIAN_POINT('',(65.235564929685,-20.18950546404,
    109.72961229946));
#4271 = CARTESIAN_POINT('',(65.237248240691,-20.17818443219,
    109.72961227246));
#4272 = CARTESIAN_POINT('',(65.238057502502,-20.17251909964,
    109.72961225896));
#4273 = CARTESIAN_POINT('',(65.238834333859,-20.16684919773,
    109.72961224548));
#4274 = CARTESIAN_POINT('',(65.239578700841,-20.16117497404,
    109.72961223202));
#4275 = CARTESIAN_POINT('',(65.241002443902,-20.14981837887,
    109.72961220511));
#4276 = CARTESIAN_POINT('',(65.241681819981,-20.14413600738,
    109.72961219166));
#4277 = CARTESIAN_POINT('',(65.242328669512,-20.13844981003,
    109.72961217824));
#4278 = CARTESIAN_POINT('',(65.242942964254,-20.1327600351,
    109.72961216482));
#4279 = CARTESIAN_POINT('',(65.244046215997,-20.12196276898,
    109.72961213941));
#4280 = CARTESIAN_POINT('',(65.244541565068,-20.11685593091,
    109.72961212741));
#4281 = CARTESIAN_POINT('',(65.245010707712,-20.11174659615,
    109.72961211542));
#4282 = CARTESIAN_POINT('',(65.245453627463,-20.10663494404,
    109.72961210345));
#4283 = CARTESIAN_POINT('',(65.246335070656,-20.09581731127,
    109.72961207814));
#4284 = CARTESIAN_POINT('',(65.24676718997,-20.0901108088,
    109.72961206482));
#4285 = CARTESIAN_POINT('',(65.247166647341,-20.08440189573,
    109.72961205151));
#4286 = CARTESIAN_POINT('',(65.247533425328,-20.07869082135,
    109.72961203822));
#4287 = CARTESIAN_POINT('',(65.248201593366,-20.06726484876,
    109.72961201167));
#4288 = CARTESIAN_POINT('',(65.248502983415,-20.06154995054,
    109.72961199842));
#4289 = CARTESIAN_POINT('',(65.248771664903,-20.05583338996,
    109.72961198518));
#4290 = CARTESIAN_POINT('',(65.249007626098,-20.05011541663,
    109.72961197197));
#4291 = CARTESIAN_POINT('',(65.249414090159,-20.0386771438,
    109.72961194558));
#4292 = CARTESIAN_POINT('',(65.249584593023,-20.03295684431,
    109.7296119324));
#4293 = CARTESIAN_POINT('',(65.249722357845,-20.02723563155,
    109.72961191924));
#4294 = CARTESIAN_POINT('',(65.24982737861,-20.02151375533,
    109.72961190611));
#4295 = CARTESIAN_POINT('',(65.249939527227,-20.01263434011,
    109.72961188576));
#4296 = CARTESIAN_POINT('',(65.249969434055,-20.00947708876,
    109.72961187853));
#4297 = CARTESIAN_POINT('',(65.249989372117,-20.00631975349,
    109.72961187131));
#4298 = CARTESIAN_POINT('',(65.249999341148,-20.00316237627,
    109.7296118641));
#4299 = CARTESIAN_POINT('',(65.249999341148,-20.00000499905,
    109.72961185689));
#4300 = CONICAL_SURFACE('',#4301,0.,1.029744258677);
#4301 = AXIS2_PLACEMENT_3D('',#4302,#4303,#4304);
#4302 = CARTESIAN_POINT('',(64.00000078,-20.00000025,108.97853694765));
#4303 = DIRECTION('',(0.,0.,1.));
#4304 = DIRECTION('',(0.,-1.,0.));
#4305 = ADVANCED_FACE('',(#4306),#4824,.F.);
#4306 = FACE_BOUND('',#4307,.F.);
#4307 = EDGE_LOOP('',(#4308,#4309,#4310,#4311,#4312));
#4308 = ORIENTED_EDGE('',*,*,#2336,.T.);
#4309 = ORIENTED_EDGE('',*,*,#3938,.F.);
#4310 = ORIENTED_EDGE('',*,*,#3978,.F.);
#4311 = ORIENTED_EDGE('',*,*,#2208,.F.);
#4312 = ORIENTED_EDGE('',*,*,#4313,.F.);
#4313 = EDGE_CURVE('',#2285,#2200,#4314,.T.);
#4314 = B_SPLINE_CURVE_WITH_KNOTS('',7,(#4315,#4316,#4317,#4318,#4319,
    #4320,#4321,#4322,#4323,#4324,#4325,#4326,#4327,#4328,#4329,#4330,
    #4331,#4332,#4333,#4334,#4335,#4336,#4337,#4338,#4339,#4340,#4341,
    #4342,#4343,#4344,#4345,#4346,#4347,#4348,#4349,#4350,#4351,#4352,
    #4353,#4354,#4355,#4356,#4357,#4358,#4359,#4360,#4361,#4362,#4363,
    #4364,#4365,#4366,#4367,#4368,#4369,#4370,#4371,#4372,#4373,#4374,
    #4375,#4376,#4377,#4378,#4379,#4380,#4381,#4382,#4383,#4384,#4385,
    #4386,#4387,#4388,#4389,#4390,#4391,#4392,#4393,#4394,#4395,#4396,
    #4397,#4398,#4399,#4400,#4401,#4402,#4403,#4404,#4405,#4406,#4407,
    #4408,#4409,#4410,#4411,#4412,#4413,#4414,#4415,#4416,#4417,#4418,
    #4419,#4420,#4421,#4422,#4423,#4424,#4425,#4426,#4427,#4428,#4429,
    #4430,#4431,#4432,#4433,#4434,#4435,#4436,#4437,#4438,#4439,#4440,
    #4441,#4442,#4443,#4444,#4445,#4446,#4447,#4448,#4449,#4450,#4451,
    #4452,#4453,#4454,#4455,#4456,#4457,#4458,#4459,#4460,#4461,#4462,
    #4463,#4464,#4465,#4466,#4467,#4468,#4469,#4470,#4471,#4472,#4473,
    #4474,#4475,#4476,#4477,#4478,#4479,#4480,#4481,#4482,#4483,#4484,
    #4485,#4486,#4487,#4488,#4489,#4490,#4491,#4492,#4493,#4494,#4495,
    #4496,#4497,#4498,#4499,#4500,#4501,#4502,#4503,#4504,#4505,#4506,
    #4507,#4508,#4509,#4510,#4511,#4512,#4513,#4514,#4515,#4516,#4517,
    #4518,#4519,#4520,#4521,#4522,#4523,#4524,#4525,#4526,#4527,#4528,
    #4529,#4530,#4531,#4532,#4533,#4534,#4535,#4536,#4537,#4538,#4539,
    #4540,#4541,#4542,#4543,#4544,#4545,#4546,#4547,#4548,#4549,#4550,
    #4551,#4552,#4553,#4554,#4555,#4556,#4557,#4558,#4559,#4560,#4561,
    #4562,#4563,#4564,#4565,#4566,#4567,#4568,#4569,#4570,#4571,#4572,
    #4573,#4574,#4575,#4576,#4577,#4578,#4579,#4580,#4581,#4582,#4583,
    #4584,#4585,#4586,#4587,#4588,#4589,#4590,#4591,#4592,#4593,#4594,
    #4595,#4596,#4597,#4598,#4599,#4600,#4601,#4602,#4603,#4604,#4605,
    #4606,#4607,#4608,#4609,#4610,#4611,#4612,#4613,#4614,#4615,#4616,
    #4617,#4618,#4619,#4620,#4621,#4622,#4623,#4624,#4625,#4626,#4627,
    #4628,#4629,#4630,#4631,#4632,#4633,#4634,#4635,#4636,#4637,#4638,
    #4639,#4640,#4641,#4642,#4643,#4644,#4645,#4646,#4647,#4648,#4649,
    #4650,#4651,#4652,#4653,#4654,#4655,#4656,#4657,#4658,#4659,#4660,
    #4661,#4662,#4663,#4664,#4665,#4666,#4667,#4668,#4669,#4670,#4671,
    #4672,#4673,#4674,#4675,#4676,#4677,#4678,#4679,#4680,#4681,#4682,
    #4683,#4684,#4685,#4686,#4687,#4688,#4689,#4690,#4691,#4692,#4693,
    #4694,#4695,#4696,#4697,#4698,#4699,#4700,#4701,#4702,#4703,#4704,
    #4705,#4706,#4707,#4708,#4709,#4710,#4711,#4712,#4713,#4714,#4715,
    #4716,#4717,#4718,#4719,#4720,#4721,#4722,#4723,#4724,#4725,#4726,
    #4727,#4728,#4729,#4730,#4731,#4732,#4733,#4734,#4735,#4736,#4737,
    #4738,#4739,#4740,#4741,#4742,#4743,#4744,#4745,#4746,#4747,#4748,
    #4749,#4750,#4751,#4752,#4753,#4754,#4755,#4756,#4757,#4758,#4759,
    #4760,#4761,#4762,#4763,#4764,#4765,#4766,#4767,#4768,#4769,#4770,
    #4771,#4772,#4773,#4774,#4775,#4776,#4777,#4778,#4779,#4780,#4781,
    #4782,#4783,#4784,#4785,#4786,#4787,#4788,#4789,#4790,#4791,#4792,
    #4793,#4794,#4795,#4796,#4797,#4798,#4799,#4800,#4801,#4802,#4803,
    #4804,#4805,#4806,#4807,#4808,#4809,#4810,#4811,#4812,#4813,#4814,
    #4815,#4816,#4817,#4818,#4819,#4820,#4821,#4822,#4823),
  .UNSPECIFIED.,.F.,.F.,(8,6,6,6,6,4,6,6,6,6,6,6,6,6,6,6,6,6,6,6,6,6,6,6
    ,6,6,6,6,6,6,6,6,6,6,6,6,6,6,6,6,6,6,6,6,6,6,6,6,6,6,6,6,6,6,6,6,6,6
    ,6,6,6,6,6,6,6,6,6,6,6,6,6,6,6,6,6,6,5,6,6,6,6,6,6,6,6,8),(0.,
    0.620855325981,0.667386904928,0.722535438514,0.817321947129,1.,
    1.006893430702,1.019387773609,1.031882116209,1.044376458499,
    1.055578282357,1.068072624055,1.080566965439,1.093061306507,
    1.105555647259,1.116326630413,1.128820970574,1.141315310417,
    1.153809649942,1.16587314987,1.178367488769,1.190861827348,
    1.20335616561,1.215850503554,1.228344841181,1.240408339279,
    1.252471837084,1.264966173787,1.276598831815,1.288662328745,
    1.301156664546,1.313220160889,1.325714496086,1.33777799185,
    1.350272326451,1.362766660753,1.375260994757,1.387755328468,
    1.400249661886,1.412743995017,1.425238327862,1.437732660425,
    1.44936531463,1.461428807628,1.472630622328,1.485124953855,
    1.497619285117,1.509251938128,1.521315429905,1.533809760427,
    1.545873251731,1.558367581772,1.570861911575,1.582494563252,
    1.593696375791,1.605759866016,1.616530839259,1.629025168023,
    1.641519496578,1.652721308213,1.665215636388,1.676417447693,
    1.688911775509,1.701406103145,1.713469591731,1.725963919029,
    1.738458246165,1.750521734286,1.762585222267,1.774648710115,
    1.787143036679,1.79791400775,1.808254139891,1.819886788451,
    1.832381114574,1.84487544059,1.857369766507,1.978292488431,
    1.99509521404,2.059505658356,2.116448226882,2.1379183767,
    2.305945196737,2.412362434683,2.634530119488,2.857631342696),
  .UNSPECIFIED.);
#4315 = CARTESIAN_POINT('',(63.676475533622,-18.79259771713,
    0.270389811458));
#4316 = CARTESIAN_POINT('',(63.872670970175,-18.74002730804,
    0.270390067118));
#4317 = CARTESIAN_POINT('',(64.079125466293,-18.72457284273,
    0.270390245139));
#4318 = CARTESIAN_POINT('',(64.28687699552,-18.74884490234,
    0.270390333377));
#4319 = CARTESIAN_POINT('',(64.486808668804,-18.81226889394,
    0.270390326819));
#4320 = CARTESIAN_POINT('',(64.670561219599,-18.91219302169,
    0.270390225761));
#4321 = CARTESIAN_POINT('',(64.830353698147,-19.04383140595,
    0.270390035734));
#4322 = CARTESIAN_POINT('',(64.97011201638,-19.21158053265,
    0.270389749423));
#4323 = CARTESIAN_POINT('',(64.979690076355,-19.22341479388,
    0.270389729029));
#4324 = CARTESIAN_POINT('',(64.989099598491,-19.23538466895,
    0.27038970821));
#4325 = CARTESIAN_POINT('',(64.998338283013,-19.2474872747,0.27038968697
    ));
#4326 = CARTESIAN_POINT('',(65.007403892622,-19.25971968031,
    0.270389665313));
#4327 = CARTESIAN_POINT('',(65.016294252487,-19.27207890725,
    0.270389643246));
#4328 = CARTESIAN_POINT('',(65.035333765291,-19.29935662091,
    0.27038959414));
#4329 = CARTESIAN_POINT('',(65.045411149098,-19.31432520724,
    0.270389566937));
#4330 = CARTESIAN_POINT('',(65.055235884241,-19.32946264855,
    0.270389539174));
#4331 = CARTESIAN_POINT('',(65.064804584763,-19.34476382293,
    0.27038951086));
#4332 = CARTESIAN_POINT('',(65.074113996191,-19.3602235262,
    0.270389482005));
#4333 = CARTESIAN_POINT('',(65.083160995528,-19.37583647198,
    0.270389452618));
#4334 = CARTESIAN_POINT('',(65.107035953584,-19.41868619096,
    0.270389371307));
#4335 = CARTESIAN_POINT('',(65.121345312899,-19.44621197551,
    0.270389318364));
#4336 = CARTESIAN_POINT('',(65.134855454252,-19.47414732783,
    0.270389263934));
#4337 = CARTESIAN_POINT('',(65.147552397488,-19.50246437675,
    0.27038920807));
#4338 = CARTESIAN_POINT('',(65.159423397243,-19.53113469743,
    0.270389150828));
#4339 = CARTESIAN_POINT('',(65.17045694295,-19.56012931134,
    0.270389092267));
#4340 = CARTESIAN_POINT('',(65.200273453532,-19.64586686724,
    0.270388917159));
#4341 = CARTESIAN_POINT('',(65.216755767298,-19.703411021,0.270388797192
    ));
#4342 = CARTESIAN_POINT('',(65.230015832598,-19.7618388753,0.27038867298
    ));
#4343 = CARTESIAN_POINT('',(65.239998130074,-19.82093352611,
    0.270388544979));
#4344 = CARTESIAN_POINT('',(65.246917128331,-19.88272144863,
    0.270388408713));
#4345 = CARTESIAN_POINT('',(65.250246197546,-19.94475050703,
    0.270388269413));
#4346 = CARTESIAN_POINT('',(65.249985099675,-20.00677079539,
    0.270388127652));
#4347 = CARTESIAN_POINT('',(65.24997085824,-20.00902602888,
    0.270388122493));
#4348 = CARTESIAN_POINT('',(65.249951869761,-20.01128122639,
    0.270388117332));
#4349 = CARTESIAN_POINT('',(65.249928134352,-20.01353637595,
    0.270388112168));
#4350 = CARTESIAN_POINT('',(65.249848028197,-20.0198788154,
    0.270388097634));
#4351 = CARTESIAN_POINT('',(65.24978081032,-20.0239659683,0.270388088257
    ));
#4352 = CARTESIAN_POINT('',(65.249697999434,-20.02805285288,
    0.27038807887));
#4353 = CARTESIAN_POINT('',(65.249599596849,-20.03213939773,
    0.270388069473));
#4354 = CARTESIAN_POINT('',(65.249485604283,-20.0362255315,
    0.270388060066));
#4355 = CARTESIAN_POINT('',(65.249356023863,-20.0403111828,0.27038805065
    ));
#4356 = CARTESIAN_POINT('',(65.249065692392,-20.04848137767,
    0.270388031798));
#4357 = CARTESIAN_POINT('',(65.24890494134,-20.05256592125,
    0.270388022363));
#4358 = CARTESIAN_POINT('',(65.248728607506,-20.05664983965,
    0.270388012918));
#4359 = CARTESIAN_POINT('',(65.248536693833,-20.06073306155,
    0.270388003464));
#4360 = CARTESIAN_POINT('',(65.248329203674,-20.06481551562,
    0.270387994001));
#4361 = CARTESIAN_POINT('',(65.248106140788,-20.06889713057,
    0.270387984529));
#4362 = CARTESIAN_POINT('',(65.247628877904,-20.07705853957,
    0.270387965568));
#4363 = CARTESIAN_POINT('',(65.247374677906,-20.08113833362,
    0.270387956079));
#4364 = CARTESIAN_POINT('',(65.247104913519,-20.08521714598,
    0.270387946581));
#4365 = CARTESIAN_POINT('',(65.246819589317,-20.08929490542,
    0.270387937075));
#4366 = CARTESIAN_POINT('',(65.246518710284,-20.09337154071,
    0.270387927561));
#4367 = CARTESIAN_POINT('',(65.24620228181,-20.09744698064,
    0.270387918039));
#4368 = CARTESIAN_POINT('',(65.245572679529,-20.10517386119,
    0.270387899964));
#4369 = CARTESIAN_POINT('',(65.245262555307,-20.10882555028,
    0.270387891414));
#4370 = CARTESIAN_POINT('',(65.244939941207,-20.11247617006,
    0.270387882857));
#4371 = CARTESIAN_POINT('',(65.244604841671,-20.11612566927,
    0.270387874294));
#4372 = CARTESIAN_POINT('',(65.244257261403,-20.11977399667,
    0.270387865726));
#4373 = CARTESIAN_POINT('',(65.24389720537,-20.12342110105,
    0.270387857151));
#4374 = CARTESIAN_POINT('',(65.243109168411,-20.13113343399,0.270387839)
  );
#4375 = CARTESIAN_POINT('',(65.242678143641,-20.13519835155,
    0.270387829423));
#4376 = CARTESIAN_POINT('',(65.242231611752,-20.13926161285,
    0.270387819838));
#4377 = CARTESIAN_POINT('',(65.241769580407,-20.14332314692,
    0.270387810247));
#4378 = CARTESIAN_POINT('',(65.241292057676,-20.14738288281,
    0.270387800649));
#4379 = CARTESIAN_POINT('',(65.240799052034,-20.15144074962,
    0.270387791045));
#4380 = CARTESIAN_POINT('',(65.239782092704,-20.15955260332,
    0.270387771824));
#4381 = CARTESIAN_POINT('',(65.239258139017,-20.1636065902,
    0.270387762207));
#4382 = CARTESIAN_POINT('',(65.238718720183,-20.16765856632,
    0.270387752584));
#4383 = CARTESIAN_POINT('',(65.238163845488,-20.17170846089,
    0.270387742956));
#4384 = CARTESIAN_POINT('',(65.237593524624,-20.17575620316,
    0.270387733321));
#4385 = CARTESIAN_POINT('',(65.237007767687,-20.17980172247,
    0.270387723681));
#4386 = CARTESIAN_POINT('',(65.235805402683,-20.1878881738,0.27038770439
    ));
#4387 = CARTESIAN_POINT('',(65.235188794617,-20.19192910582,
    0.270387694739));
#4388 = CARTESIAN_POINT('',(65.234556771479,-20.19596767362,
    0.270387685082));
#4389 = CARTESIAN_POINT('',(65.233909344175,-20.20000380665,
    0.270387675421));
#4390 = CARTESIAN_POINT('',(65.233246524012,-20.2040374344,
    0.270387665755));
#4391 = CARTESIAN_POINT('',(65.232568322701,-20.20806848646,
    0.270387656084));
#4392 = CARTESIAN_POINT('',(65.231181182031,-20.21612529832,
    0.270387636732));
#4393 = CARTESIAN_POINT('',(65.230472242672,-20.22015105813,
    0.270387627052));
#4394 = CARTESIAN_POINT('',(65.229747946395,-20.22417410152,
    0.270387617367));
#4395 = CARTESIAN_POINT('',(65.229008305716,-20.22819435817,
    0.270387607678));
#4396 = CARTESIAN_POINT('',(65.228253333554,-20.23221175789,
    0.270387597985));
#4397 = CARTESIAN_POINT('',(65.22748304323,-20.23622623052,
    0.270387588289));
#4398 = CARTESIAN_POINT('',(65.226020211614,-20.24369587442,
    0.270387570225));
#4399 = CARTESIAN_POINT('',(65.225331601072,-20.24715181547,
    0.27038756186));
#4400 = CARTESIAN_POINT('',(65.224631625627,-20.25060548426,
    0.270387553492));
#4401 = CARTESIAN_POINT('',(65.223920294294,-20.25405683593,
    0.270387545121));
#4402 = CARTESIAN_POINT('',(65.223197616305,-20.2575058257,
    0.270387536748));
#4403 = CARTESIAN_POINT('',(65.222463601114,-20.26095240881,
    0.270387528373));
#4404 = CARTESIAN_POINT('',(65.220853660863,-20.26839173326,
    0.270387510277));
#4405 = CARTESIAN_POINT('',(65.219973821011,-20.27238362741,
    0.270387500556));
#4406 = CARTESIAN_POINT('',(65.21907875394,-20.27637215322,
    0.270387490832));
#4407 = CARTESIAN_POINT('',(65.218168475153,-20.28035724098,
    0.270387481105));
#4408 = CARTESIAN_POINT('',(65.217243000547,-20.28433882109,
    0.270387471376));
#4409 = CARTESIAN_POINT('',(65.21630234642,-20.28831682404,
    0.270387461645));
#4410 = CARTESIAN_POINT('',(65.214390712538,-20.29626553667,
    0.270387442178));
#4411 = CARTESIAN_POINT('',(65.213419732783,-20.30023624636,
    0.270387432442));
#4412 = CARTESIAN_POINT('',(65.212433606898,-20.30420324004,
    0.270387422704));
#4413 = CARTESIAN_POINT('',(65.211432351974,-20.30816644841,
    0.270387412965));
#4414 = CARTESIAN_POINT('',(65.2104159855,-20.31212580222,0.270387403224
    ));
#4415 = CARTESIAN_POINT('',(65.209384525359,-20.31608123237,
    0.270387393481));
#4416 = CARTESIAN_POINT('',(65.207291454329,-20.32398410718,
    0.270387373993));
#4417 = CARTESIAN_POINT('',(65.20622984344,-20.32793155185,
    0.270387364248));
#4418 = CARTESIAN_POINT('',(65.205153175445,-20.33187493481,
    0.270387354501));
#4419 = CARTESIAN_POINT('',(65.204061469017,-20.33581418715,
    0.270387344754));
#4420 = CARTESIAN_POINT('',(65.202954743224,-20.33974924007,
    0.270387335006));
#4421 = CARTESIAN_POINT('',(65.201833017527,-20.34368002486,
    0.270387325257));
#4422 = CARTESIAN_POINT('',(65.199598802813,-20.3513975262,
    0.270387306094));
#4423 = CARTESIAN_POINT('',(65.198487329091,-20.35518453666,
    0.270387296681));
#4424 = CARTESIAN_POINT('',(65.197361908486,-20.35896744261,
    0.270387287267));
#4425 = CARTESIAN_POINT('',(65.196222559209,-20.36274618243,
    0.270387277853));
#4426 = CARTESIAN_POINT('',(65.195069299811,-20.36652069459,
    0.270387268439));
#4427 = CARTESIAN_POINT('',(65.193902149183,-20.37029091766,
    0.270387259026));
#4428 = CARTESIAN_POINT('',(65.191497924582,-20.37795715834,
    0.270387239863));
#4429 = CARTESIAN_POINT('',(65.190259842057,-20.38185285966,
    0.270387230113));
#4430 = CARTESIAN_POINT('',(65.189006900348,-20.38574382615,
    0.270387220365));
#4431 = CARTESIAN_POINT('',(65.18773912121,-20.38962998981,
    0.270387210617));
#4432 = CARTESIAN_POINT('',(65.186456526786,-20.39351128276,
    0.27038720087));
#4433 = CARTESIAN_POINT('',(65.185159139607,-20.39738763726,
    0.270387191124));
#4434 = CARTESIAN_POINT('',(65.182534825613,-20.40513033399,
    0.270387171634));
#4435 = CARTESIAN_POINT('',(65.181207898797,-20.40899667623,
    0.270387161891));
#4436 = CARTESIAN_POINT('',(65.179866225066,-20.41285794477,
    0.270387152148));
#4437 = CARTESIAN_POINT('',(65.178509827725,-20.41671407213,
    0.270387142408));
#4438 = CARTESIAN_POINT('',(65.177138730465,-20.42056499094,
    0.270387132669));
#4439 = CARTESIAN_POINT('',(65.175752957361,-20.42441063401,
    0.270387122932));
#4440 = CARTESIAN_POINT('',(65.172952108427,-20.43209123437,
    0.270387103462));
#4441 = CARTESIAN_POINT('',(65.171537032596,-20.43592619167,
    0.270387093729));
#4442 = CARTESIAN_POINT('',(65.170107329845,-20.43975573906,
    0.270387083998));
#4443 = CARTESIAN_POINT('',(65.168663025018,-20.4435798096,0.27038707427
    ));
#4444 = CARTESIAN_POINT('',(65.167204143341,-20.4473983365,
    0.270387064544));
#4445 = CARTESIAN_POINT('',(65.165730710422,-20.45121125311,
    0.270387054822));
#4446 = CARTESIAN_POINT('',(65.162754794121,-20.45882573266,
    0.270387035382));
#4447 = CARTESIAN_POINT('',(65.161252310739,-20.4626272956,
    0.270387025664));
#4448 = CARTESIAN_POINT('',(65.159735328095,-20.46642311525,
    0.27038701595));
#4449 = CARTESIAN_POINT('',(65.158203872561,-20.47021312526,
    0.27038700624));
#4450 = CARTESIAN_POINT('',(65.156657970883,-20.47399725943,
    0.270386996532));
#4451 = CARTESIAN_POINT('',(65.155097650191,-20.47777545172,
    0.270386986829));
#4452 = CARTESIAN_POINT('',(65.151948225827,-20.48531982067,
    0.270386967429));
#4453 = CARTESIAN_POINT('',(65.150359122155,-20.48908599733,
    0.270386957733));
#4454 = CARTESIAN_POINT('',(65.148755654479,-20.49284610033,
    0.27038694804));
#4455 = CARTESIAN_POINT('',(65.14713785068,-20.49660006394,
    0.270386938352));
#4456 = CARTESIAN_POINT('',(65.145505739016,-20.5003478226,
    0.270386928668));
#4457 = CARTESIAN_POINT('',(65.143859348117,-20.50408931089,
    0.270386918989));
#4458 = CARTESIAN_POINT('',(65.140595329392,-20.51143081782,
    0.270386899973));
#4459 = CARTESIAN_POINT('',(65.138978667396,-20.51503126586,
    0.270386890636));
#4460 = CARTESIAN_POINT('',(65.137348747109,-20.51862574897,
    0.270386881303));
#4461 = CARTESIAN_POINT('',(65.135705594965,-20.52221420859,
    0.270386871975));
#4462 = CARTESIAN_POINT('',(65.134049237717,-20.52579658629,
    0.270386862652));
#4463 = CARTESIAN_POINT('',(65.132379702443,-20.52937282377,
    0.270386853334));
#4464 = CARTESIAN_POINT('',(65.129014330681,-20.53651290198,
    0.270386834708));
#4465 = CARTESIAN_POINT('',(65.127318494194,-20.5400767427,0.2703868254)
  );
#4466 = CARTESIAN_POINT('',(65.125609534478,-20.54363432695,
    0.270386816097));
#4467 = CARTESIAN_POINT('',(65.123887479255,-20.54718559675,
    0.270386806799));
#4468 = CARTESIAN_POINT('',(65.122152356563,-20.55073049428,
    0.270386797507));
#4469 = CARTESIAN_POINT('',(65.12040419476,-20.55426896188,
    0.270386788221));
#4470 = CARTESIAN_POINT('',(65.116818951327,-20.56145906421,
    0.270386769328));
#4471 = CARTESIAN_POINT('',(65.114980923783,-20.56511022729,
    0.270386759723));
#4472 = CARTESIAN_POINT('',(65.113128971756,-20.56875436736,
    0.270386750123));
#4473 = CARTESIAN_POINT('',(65.111263127472,-20.57239142071,
    0.270386740531));
#4474 = CARTESIAN_POINT('',(65.109383423518,-20.5760213238,
    0.270386730945));
#4475 = CARTESIAN_POINT('',(65.107489892848,-20.57964401331,
    0.270386721365));
#4476 = CARTESIAN_POINT('',(65.103806784341,-20.58662549995,
    0.270386702881));
#4477 = CARTESIAN_POINT('',(65.102019043436,-20.58998526616,
    0.270386693976));
#4478 = CARTESIAN_POINT('',(65.100219372951,-20.59333867375,
    0.270386685076));
#4479 = CARTESIAN_POINT('',(65.098407800042,-20.59668567189,
    0.270386676183));
#4480 = CARTESIAN_POINT('',(65.096584352137,-20.60002620991,
    0.270386667296));
#4481 = CARTESIAN_POINT('',(65.094749056934,-20.60336023728,
    0.270386658417));
#4482 = CARTESIAN_POINT('',(65.090986416259,-20.61013840938,
    0.270386640342));
#4483 = CARTESIAN_POINT('',(65.089058179069,-20.6135820591,
    0.270386631147));
#4484 = CARTESIAN_POINT('',(65.087117262018,-20.6170185966,0.27038662196
    ));
#4485 = CARTESIAN_POINT('',(65.085163696608,-20.62044796587,
    0.270386612781));
#4486 = CARTESIAN_POINT('',(65.083197514646,-20.62387011107,
    0.27038660361));
#4487 = CARTESIAN_POINT('',(65.081218748249,-20.62728497654,
    0.270386594446));
#4488 = CARTESIAN_POINT('',(65.077164992975,-20.63422173444,
    0.270386575808));
#4489 = CARTESIAN_POINT('',(65.075089091513,-20.63774309359,
    0.270386566334));
#4490 = CARTESIAN_POINT('',(65.072999761485,-20.64125652257,
    0.270386556869));
#4491 = CARTESIAN_POINT('',(65.070897039266,-20.64476195994,
    0.270386547413));
#4492 = CARTESIAN_POINT('',(65.068780961582,-20.64825934449,
    0.270386537966));
#4493 = CARTESIAN_POINT('',(65.06665156551,-20.65174861519,
    0.270386528528));
#4494 = CARTESIAN_POINT('',(65.06244009691,-20.65859076941,
    0.270386509997));
#4495 = CARTESIAN_POINT('',(65.060358924517,-20.66194420699,
    0.270386500903));
#4496 = CARTESIAN_POINT('',(65.058265404985,-20.66528996923,
    0.270386491818));
#4497 = CARTESIAN_POINT('',(65.056159572303,-20.6686280016,
    0.270386482742));
#4498 = CARTESIAN_POINT('',(65.054041460757,-20.67195824975,
    0.270386473675));
#4499 = CARTESIAN_POINT('',(65.051911104937,-20.67528065952,
    0.270386464617));
#4500 = CARTESIAN_POINT('',(65.04754945439,-20.68202806988,
    0.270386446199));
#4501 = CARTESIAN_POINT('',(65.04531727199,-20.68545249667,
    0.270386436838));
#4502 = CARTESIAN_POINT('',(65.043072031292,-20.68886839734,
    0.270386427488));
#4503 = CARTESIAN_POINT('',(65.040813771398,-20.69227571214,
    0.270386418148));
#4504 = CARTESIAN_POINT('',(65.038542531751,-20.69567438157,
    0.270386408819));
#4505 = CARTESIAN_POINT('',(65.036258352134,-20.69906434634,
    0.270386399501));
#4506 = CARTESIAN_POINT('',(65.0317434029,-20.70571015521,0.270386381208
    ));
#4507 = CARTESIAN_POINT('',(65.029513507586,-20.7089665933,
    0.270386372233));
#4508 = CARTESIAN_POINT('',(65.027271622847,-20.71221480847,
    0.270386363268));
#4509 = CARTESIAN_POINT('',(65.025017785087,-20.71545474779,
    0.270386354313));
#4510 = CARTESIAN_POINT('',(65.022752031005,-20.71868635848,
    0.27038634537));
#4511 = CARTESIAN_POINT('',(65.020474397589,-20.72190958801,
    0.270386336437));
#4512 = CARTESIAN_POINT('',(65.015813679729,-20.72845399411,
    0.270386318275));
#4513 = CARTESIAN_POINT('',(65.013429734317,-20.73177455752,
    0.270386309046));
#4514 = CARTESIAN_POINT('',(65.011033127305,-20.73508601611,
    0.27038629983));
#4515 = CARTESIAN_POINT('',(65.008623900442,-20.73838831196,
    0.270386290625));
#4516 = CARTESIAN_POINT('',(65.006202095809,-20.74168138738,
    0.270386281434));
#4517 = CARTESIAN_POINT('',(65.003767755816,-20.74496518495,
    0.270386272254));
#4518 = CARTESIAN_POINT('',(64.998874090645,-20.75151410988,
    0.270386253921));
#4519 = CARTESIAN_POINT('',(64.996414765467,-20.75477923726,
    0.270386244767));
#4520 = CARTESIAN_POINT('',(64.993942990406,-20.75803497239,
    0.270386235625));
#4521 = CARTESIAN_POINT('',(64.991458808527,-20.76128125831,
    0.270386226497));
#4522 = CARTESIAN_POINT('',(64.988962263219,-20.76451803834,
    0.270386217382));
#4523 = CARTESIAN_POINT('',(64.986453398195,-20.76774525602,
    0.27038620828));
#4524 = CARTESIAN_POINT('',(64.981411116852,-20.77418045419,
    0.270386190104));
#4525 = CARTESIAN_POINT('',(64.978877700531,-20.77738843469,
    0.270386181029));
#4526 = CARTESIAN_POINT('',(64.976332052568,-20.78058674043,
    0.270386171968));
#4527 = CARTESIAN_POINT('',(64.97377421732,-20.78377531547,0.27038616292
    ));
#4528 = CARTESIAN_POINT('',(64.971204239462,-20.78695410411,
    0.270386153887));
#4529 = CARTESIAN_POINT('',(64.968622163989,-20.79012305092,
    0.270386144867));
#4530 = CARTESIAN_POINT('',(64.963433908498,-20.79644115044,
    0.270386126857));
#4531 = CARTESIAN_POINT('',(64.960827728479,-20.79959030316,
    0.270386117866));
#4532 = CARTESIAN_POINT('',(64.958209541468,-20.80272950369,
    0.27038610889));
#4533 = CARTESIAN_POINT('',(64.955579393091,-20.8058586971,
    0.270386099928));
#4534 = CARTESIAN_POINT('',(64.952937329286,-20.80897782876,
    0.270386090981));
#4535 = CARTESIAN_POINT('',(64.950283396305,-20.81208684426,
    0.270386082049));
#4536 = CARTESIAN_POINT('',(64.94495188518,-20.81828453461,
    0.270386064214));
#4537 = CARTESIAN_POINT('',(64.942274307034,-20.82137320948,
    0.270386055312));
#4538 = CARTESIAN_POINT('',(64.939584952837,-20.82445165993,
    0.270386046425));
#4539 = CARTESIAN_POINT('',(64.936883869461,-20.82751983211,
    0.270386037554));
#4540 = CARTESIAN_POINT('',(64.934171104083,-20.83057767243,
    0.270386028698));
#4541 = CARTESIAN_POINT('',(64.931446704186,-20.83362512757,
    0.270386019857));
#4542 = CARTESIAN_POINT('',(64.925974731001,-20.83969916133,
    0.270386002208));
#4543 = CARTESIAN_POINT('',(64.923227157711,-20.84272573995,
    0.270385993399));
#4544 = CARTESIAN_POINT('',(64.920468045482,-20.84574182729,
    0.270385984606));
#4545 = CARTESIAN_POINT('',(64.917697442405,-20.84874737059,
    0.27038597583));
#4546 = CARTESIAN_POINT('',(64.914915396873,-20.85174231735,
    0.270385967069));
#4547 = CARTESIAN_POINT('',(64.912121957576,-20.85472661535,
    0.270385958325));
#4548 = CARTESIAN_POINT('',(64.906512389505,-20.86067380987,
    0.27038594087));
#4549 = CARTESIAN_POINT('',(64.903696260728,-20.8636367064,0.27038593216
    ));
#4550 = CARTESIAN_POINT('',(64.90086883617,-20.86658885029,
    0.270385923465));
#4551 = CARTESIAN_POINT('',(64.898030165118,-20.86953018988,
    0.270385914788));
#4552 = CARTESIAN_POINT('',(64.895180297151,-20.8724606738,
    0.270385906128));
#4553 = CARTESIAN_POINT('',(64.892319282146,-20.87538025095,
    0.270385897485));
#4554 = CARTESIAN_POINT('',(64.886575058458,-20.88119749006,
    0.270385880234));
#4555 = CARTESIAN_POINT('',(64.883691849773,-20.88409515202,
    0.270385871626));
#4556 = CARTESIAN_POINT('',(64.880797594384,-20.8869818056,
    0.270385863035));
#4557 = CARTESIAN_POINT('',(64.877892342746,-20.8898574003,
    0.270385854462));
#4558 = CARTESIAN_POINT('',(64.874976145604,-20.89272188588,
    0.270385845906));
#4559 = CARTESIAN_POINT('',(64.872049053988,-20.89557521241,
    0.270385837369));
#4560 = CARTESIAN_POINT('',(64.866375800693,-20.9010634399,
    0.270385820918));
#4561 = CARTESIAN_POINT('',(64.863631083048,-20.90369983358,
    0.270385813002));
#4562 = CARTESIAN_POINT('',(64.860877007697,-20.90632647122,
    0.270385805102));
#4563 = CARTESIAN_POINT('',(64.858113616265,-20.90894331297,
    0.270385797217));
#4564 = CARTESIAN_POINT('',(64.855340950593,-20.91155031922,
    0.270385789349));
#4565 = CARTESIAN_POINT('',(64.852559052727,-20.91414745057,
    0.270385781497));
#4566 = CARTESIAN_POINT('',(64.846873503571,-20.91941770792,
    0.270385765535));
#4567 = CARTESIAN_POINT('',(64.843969158935,-20.92209008596,
    0.270385757426));
#4568 = CARTESIAN_POINT('',(64.841054978156,-20.92475175825,
    0.270385749335));
#4569 = CARTESIAN_POINT('',(64.838131008604,-20.92740268139,
    0.270385741262));
#4570 = CARTESIAN_POINT('',(64.835197297888,-20.9300428122,
    0.270385733207));
#4571 = CARTESIAN_POINT('',(64.832253893855,-20.93267210778,
    0.270385725169));
#4572 = CARTESIAN_POINT('',(64.826558727473,-20.93772191332,
    0.270385709704));
#4573 = CARTESIAN_POINT('',(64.823808293803,-20.94014392177,
    0.270385702273));
#4574 = CARTESIAN_POINT('',(64.821049582081,-20.9425565167,
    0.270385694858));
#4575 = CARTESIAN_POINT('',(64.81828263098,-20.94495966418,
    0.270385687459));
#4576 = CARTESIAN_POINT('',(64.815507479347,-20.94735333046,
    0.270385680076));
#4577 = CARTESIAN_POINT('',(64.8127241662,-20.949737482,0.270385672709)
  );
#4578 = CARTESIAN_POINT('',(64.806819206622,-20.95476068159,
    0.27038565716));
#4579 = CARTESIAN_POINT('',(64.803695577669,-20.95739739911,
    0.270385648981));
#4580 = CARTESIAN_POINT('',(64.80056189826,-20.96002219178,
    0.270385640822));
#4581 = CARTESIAN_POINT('',(64.797418223042,-20.96263501364,
    0.270385632684));
#4582 = CARTESIAN_POINT('',(64.794264606923,-20.96523581905,
    0.270385624567));
#4583 = CARTESIAN_POINT('',(64.79110110507,-20.96782456269,0.27038561647
    ));
#4584 = CARTESIAN_POINT('',(64.784754440828,-20.97297783637,
    0.270385600318));
#4585 = CARTESIAN_POINT('',(64.781571278435,-20.97554236641,
    0.270385592263));
#4586 = CARTESIAN_POINT('',(64.778378341168,-20.97809474467,
    0.270385584228));
#4587 = CARTESIAN_POINT('',(64.77517568471,-20.98063492647,
    0.270385576215));
#4588 = CARTESIAN_POINT('',(64.771963364999,-20.98316286742,
    0.270385568223));
#4589 = CARTESIAN_POINT('',(64.768741438227,-20.9856785235,
    0.270385560253));
#4590 = CARTESIAN_POINT('',(64.762501344023,-20.99051253511,
    0.270385544903));
#4591 = CARTESIAN_POINT('',(64.75948444849,-20.99283253251,
    0.270385537521));
#4592 = CARTESIAN_POINT('',(64.756459319795,-20.99514180788,
    0.270385530158));
#4593 = CARTESIAN_POINT('',(64.753426003678,-20.99744032616,
    0.270385522814));
#4594 = CARTESIAN_POINT('',(64.750384546063,-20.99972805256,
    0.270385515489));
#4595 = CARTESIAN_POINT('',(64.74733499306,-21.00200495252,
    0.270385508182));
#4596 = CARTESIAN_POINT('',(64.74110654441,-21.00662095828,
    0.270385493339));
#4597 = CARTESIAN_POINT('',(64.73792704149,-21.00895924469,
    0.270385485802));
#4598 = CARTESIAN_POINT('',(64.734738933839,-21.01128581269,
    0.270385478287));
#4599 = CARTESIAN_POINT('',(64.731542273297,-21.0136006243,
    0.270385470793));
#4600 = CARTESIAN_POINT('',(64.728337111913,-21.01590364183,
    0.270385463319));
#4601 = CARTESIAN_POINT('',(64.725123501946,-21.01819482788,
    0.270385455867));
#4602 = CARTESIAN_POINT('',(64.718564418193,-21.02283486693,
    0.27038544074));
#4603 = CARTESIAN_POINT('',(64.715218333974,-21.02518285704,
    0.270385433066));
#4604 = CARTESIAN_POINT('',(64.711863301492,-21.02751807442,
    0.270385425416));
#4605 = CARTESIAN_POINT('',(64.70849937927,-21.02984047818,
    0.270385417788));
#4606 = CARTESIAN_POINT('',(64.705126626063,-21.03215002775,
    0.270385410184));
#4607 = CARTESIAN_POINT('',(64.701745100857,-21.0344466829,
    0.270385402603));
#4608 = CARTESIAN_POINT('',(64.695081529707,-21.03893537555,
    0.270385387749));
#4609 = CARTESIAN_POINT('',(64.691800074282,-21.04112828969,
    0.270385380474));
#4610 = CARTESIAN_POINT('',(64.688510549898,-21.04330911027,
    0.270385373221));
#4611 = CARTESIAN_POINT('',(64.685213010052,-21.04547780166,
    0.270385365991));
#4612 = CARTESIAN_POINT('',(64.681907508434,-21.04763432857,
    0.270385358782));
#4613 = CARTESIAN_POINT('',(64.678594098933,-21.04977865597,
    0.270385351596));
#4614 = CARTESIAN_POINT('',(64.671832955845,-21.05411898847,
    0.270385337014));
#4615 = CARTESIAN_POINT('',(64.668384651253,-21.05631410409,
    0.270385329618));
#4616 = CARTESIAN_POINT('',(64.664927981938,-21.05849605745,
    0.270385322247));
#4617 = CARTESIAN_POINT('',(64.661463008205,-21.06066481031,
    0.270385314901));
#4618 = CARTESIAN_POINT('',(64.657989790572,-21.06282032479,
    0.270385307579));
#4619 = CARTESIAN_POINT('',(64.654508389776,-21.06496256336,
    0.270385300282));
#4620 = CARTESIAN_POINT('',(64.647529343831,-21.06922041426,
    0.270385285736));
#4621 = CARTESIAN_POINT('',(64.644031698679,-21.0713360266,
    0.270385278489));
#4622 = CARTESIAN_POINT('',(64.640525992267,-21.07343828866,
    0.270385271266));
#4623 = CARTESIAN_POINT('',(64.637012285759,-21.07552716359,
    0.270385264068));
#4624 = CARTESIAN_POINT('',(64.633490640524,-21.07760261493,
    0.270385256895));
#4625 = CARTESIAN_POINT('',(64.629961118142,-21.07966460653,
    0.270385249748));
#4626 = CARTESIAN_POINT('',(64.623130397048,-21.08362032306,
    0.270385235995));
#4627 = CARTESIAN_POINT('',(64.619830239142,-21.08551584526,
    0.270385229386));
#4628 = CARTESIAN_POINT('',(64.61652335655,-21.08739964032,
    0.270385222799));
#4629 = CARTESIAN_POINT('',(64.613209799289,-21.08927167965,
    0.270385216235));
#4630 = CARTESIAN_POINT('',(64.609889617526,-21.09113193489,
    0.270385209692));
#4631 = CARTESIAN_POINT('',(64.60656286158,-21.09298037797,
    0.270385203173));
#4632 = CARTESIAN_POINT('',(64.600019757116,-21.09658556182,
    0.270385190419));
#4633 = CARTESIAN_POINT('',(64.596803882886,-21.09834316338,
    0.270385184183));
#4634 = CARTESIAN_POINT('',(64.593582004298,-21.10008976095,
    0.270385177968));
#4635 = CARTESIAN_POINT('',(64.590354166542,-21.1018253299,
    0.270385171774));
#4636 = CARTESIAN_POINT('',(64.587120414936,-21.10354984589,
    0.270385165602));
#4637 = CARTESIAN_POINT('',(64.583880794923,-21.10526328476,
    0.270385159451));
#4638 = CARTESIAN_POINT('',(64.577140259822,-21.10879890954,
    0.270385146719));
#4639 = CARTESIAN_POINT('',(64.573638414456,-21.11061932191,
    0.270385140142));
#4640 = CARTESIAN_POINT('',(64.570129872883,-21.11242682989,
    0.27038513359));
#4641 = CARTESIAN_POINT('',(64.566614692177,-21.11422140393,
    0.270385127063));
#4642 = CARTESIAN_POINT('',(64.563092929574,-21.11600301483,
    0.270385120561));
#4643 = CARTESIAN_POINT('',(64.55956464247,-21.11777163368,
    0.270385114084));
#4644 = CARTESIAN_POINT('',(64.552873858077,-21.12109473026,
    0.270385101872));
#4645 = CARTESIAN_POINT('',(64.549712672321,-21.12265184866,
    0.270385096132));
#4646 = CARTESIAN_POINT('',(64.546546372126,-21.12419856674,
    0.270385090412));
#4647 = CARTESIAN_POINT('',(64.543374998557,-21.12573486436,
    0.270385084712));
#4648 = CARTESIAN_POINT('',(64.54019859278,-21.12726072156,
    0.270385079033));
#4649 = CARTESIAN_POINT('',(64.53701719606,-21.12877611863,
    0.270385073374));
#4650 = CARTESIAN_POINT('',(64.530134688106,-21.13202674014,
    0.270385061195));
#4651 = CARTESIAN_POINT('',(64.526431866294,-21.13375834281,
    0.270385054681));
#4652 = CARTESIAN_POINT('',(64.522722448885,-21.13547581354,
    0.270385048196));
#4653 = CARTESIAN_POINT('',(64.519006500612,-21.13717912219,
    0.270385041739));
#4654 = CARTESIAN_POINT('',(64.515284086378,-21.13886823902,
    0.270385035309));
#4655 = CARTESIAN_POINT('',(64.511555271256,-21.14054313464,
    0.270385028907));
#4656 = CARTESIAN_POINT('',(64.504084969788,-21.14386442545,
    0.270385016161));
#4657 = CARTESIAN_POINT('',(64.500343483439,-21.14551082063,
    0.270385009815));
#4658 = CARTESIAN_POINT('',(64.496595726686,-21.1471429366,
    0.270385003498));
#4659 = CARTESIAN_POINT('',(64.492841764936,-21.14876074472,
    0.27038499721));
#4660 = CARTESIAN_POINT('',(64.489081663755,-21.15036421673,
    0.270384990949));
#4661 = CARTESIAN_POINT('',(64.485315488873,-21.15195332476,
    0.270384984718));
#4662 = CARTESIAN_POINT('',(64.478161349337,-21.1549398561,
    0.270384972954));
#4663 = CARTESIAN_POINT('',(64.474774563381,-21.15634010295,
    0.270384967416));
#4664 = CARTESIAN_POINT('',(64.4713829958,-21.15772876202,0.270384961901
    ));
#4665 = CARTESIAN_POINT('',(64.467986694175,-21.15910581375,
    0.270384956409));
#4666 = CARTESIAN_POINT('',(64.464585706188,-21.16047123878,
    0.27038495094));
#4667 = CARTESIAN_POINT('',(64.461180079621,-21.16182501805,
    0.270384945495));
#4668 = CARTESIAN_POINT('',(64.453966158538,-21.1646641067,
    0.270384934027));
#4669 = CARTESIAN_POINT('',(64.450156743508,-21.16614656895,
    0.270384928009));
#4670 = CARTESIAN_POINT('',(64.446341683705,-21.16761449331,
    0.27038492202));
#4671 = CARTESIAN_POINT('',(64.442521045718,-21.169067854,0.27038491606)
  );
#4672 = CARTESIAN_POINT('',(64.438694896276,-21.17050662564,
    0.270384910131));
#4673 = CARTESIAN_POINT('',(64.434863302259,-21.17193078323,
    0.27038490423));
#4674 = CARTESIAN_POINT('',(64.427586287258,-21.17460400874,
    0.270384893097));
#4675 = CARTESIAN_POINT('',(64.424141921323,-21.1758559487,
    0.270384887857));
#4676 = CARTESIAN_POINT('',(64.42069328118,-21.17709610427,
    0.270384882642));
#4677 = CARTESIAN_POINT('',(64.417240415216,-21.17832445798,
    0.27038487745));
#4678 = CARTESIAN_POINT('',(64.413783371909,-21.17954099256,
    0.270384872283));
#4679 = CARTESIAN_POINT('',(64.410322199823,-21.18074569102,
    0.27038486714));
#4680 = CARTESIAN_POINT('',(64.402991858662,-21.18326901823,
    0.270384856311));
#4681 = CARTESIAN_POINT('',(64.399121693694,-21.1845847539,
    0.270384850632));
#4682 = CARTESIAN_POINT('',(64.395246520223,-21.18588572038,
    0.270384844983));
#4683 = CARTESIAN_POINT('',(64.391366405891,-21.18717189482,
    0.270384839364));
#4684 = CARTESIAN_POINT('',(64.387481418467,-21.18844325476,
    0.270384833776));
#4685 = CARTESIAN_POINT('',(64.383591625852,-21.18969977813,
    0.270384828218));
#4686 = CARTESIAN_POINT('',(64.375802566351,-21.1921831083,
    0.270384817163));
#4687 = CARTESIAN_POINT('',(64.371903299462,-21.19340991511,
    0.270384811667));
#4688 = CARTESIAN_POINT('',(64.367999363433,-21.19462184196,
    0.270384806201));
#4689 = CARTESIAN_POINT('',(64.364090826412,-21.19581886756,
    0.270384800766));
#4690 = CARTESIAN_POINT('',(64.360177756666,-21.197000971,0.270384795362
    ));
#4691 = CARTESIAN_POINT('',(64.356260222582,-21.19816813176,
    0.270384789989));
#4692 = CARTESIAN_POINT('',(64.348551601765,-21.20043279669,
    0.27038477949));
#4693 = CARTESIAN_POINT('',(64.344760812963,-21.20153131499,
    0.270384774361));
#4694 = CARTESIAN_POINT('',(64.34096598792,-21.2026158665,0.270384769261
    ));
#4695 = CARTESIAN_POINT('',(64.337167188396,-21.20368643344,
    0.270384764191));
#4696 = CARTESIAN_POINT('',(64.333364476241,-21.20474299838,
    0.27038475915));
#4697 = CARTESIAN_POINT('',(64.329557913408,-21.20578554424,
    0.270384754138));
#4698 = CARTESIAN_POINT('',(64.321801126545,-21.20787929677,
    0.270384743995));
#4699 = CARTESIAN_POINT('',(64.317850627064,-21.20892948299,
    0.270384738867));
#4700 = CARTESIAN_POINT('',(64.313896132432,-21.2099645943,0.27038473377
    ));
#4701 = CARTESIAN_POINT('',(64.309937711684,-21.21098461249,
    0.270384728704));
#4702 = CARTESIAN_POINT('',(64.305975433961,-21.21198951976,
    0.270384723671));
#4703 = CARTESIAN_POINT('',(64.302009368501,-21.21297929867,
    0.270384718669));
#4704 = CARTESIAN_POINT('',(64.294069800846,-21.21492856574,
    0.27038470873));
#4705 = CARTESIAN_POINT('',(64.290096298647,-21.21588805389,
    0.270384703792));
#4706 = CARTESIAN_POINT('',(64.286119147392,-21.21683237964,
    0.270384698887));
#4707 = CARTESIAN_POINT('',(64.282138416518,-21.21776152637,
    0.270384694013));
#4708 = CARTESIAN_POINT('',(64.278154175553,-21.21867547784,
    0.270384689172));
#4709 = CARTESIAN_POINT('',(64.274166494116,-21.21957421823,
    0.270384684363));
#4710 = CARTESIAN_POINT('',(64.266322012266,-21.22131077997,
    0.270384674976));
#4711 = CARTESIAN_POINT('',(64.262465440307,-21.22214963331,
    0.270384670394));
#4712 = CARTESIAN_POINT('',(64.258605788794,-21.22297427825,
    0.270384665843));
#4713 = CARTESIAN_POINT('',(64.254743120547,-21.22378470124,
    0.270384661322));
#4714 = CARTESIAN_POINT('',(64.250877498459,-21.22458088908,
    0.270384656832));
#4715 = CARTESIAN_POINT('',(64.247008985497,-21.22536282892,
    0.270384652372));
#4716 = CARTESIAN_POINT('',(64.239266303948,-21.22689818761,
    0.270384643514));
#4717 = CARTESIAN_POINT('',(64.235392135359,-21.22765160645,
    0.270384639116));
#4718 = CARTESIAN_POINT('',(64.231515201971,-21.2283907523,
    0.270384634748));
#4719 = CARTESIAN_POINT('',(64.227635566888,-21.229115613,0.270384630411
    ));
#4720 = CARTESIAN_POINT('',(64.223753293282,-21.22982617675,
    0.270384626104));
#4721 = CARTESIAN_POINT('',(64.219868444386,-21.2305224321,
    0.270384621829));
#4722 = CARTESIAN_POINT('',(64.21209372266,-21.23188630377,0.27038461334
    ));
#4723 = CARTESIAN_POINT('',(64.208203849826,-21.2325539201,
    0.270384609127));
#4724 = CARTESIAN_POINT('',(64.2043115283,-21.23320720581,0.270384604944
    ));
#4725 = CARTESIAN_POINT('',(64.200416821439,-21.23384615016,
    0.270384600793));
#4726 = CARTESIAN_POINT('',(64.19651979266,-21.23447074274,
    0.270384596672));
#4727 = CARTESIAN_POINT('',(64.192620505434,-21.23508097349,
    0.270384592583));
#4728 = CARTESIAN_POINT('',(64.184678202544,-21.23629397263,
    0.270384584323));
#4729 = CARTESIAN_POINT('',(64.180635027298,-21.23689569615,
    0.270384580154));
#4730 = CARTESIAN_POINT('',(64.176589568136,-21.2374819925,
    0.270384576019));
#4731 = CARTESIAN_POINT('',(64.172541895698,-21.23805285129,
    0.270384571917));
#4732 = CARTESIAN_POINT('',(64.168492080681,-21.23860826257,
    0.270384567849));
#4733 = CARTESIAN_POINT('',(64.16444019384,-21.23914821676,
    0.270384563815));
#4734 = CARTESIAN_POINT('',(64.156891575112,-21.24012484948,
    0.270384556366));
#4735 = CARTESIAN_POINT('',(64.153395357156,-21.24056550031,
    0.270384552943));
#4736 = CARTESIAN_POINT('',(64.149897697486,-21.24099465134,
    0.270384549545));
#4737 = CARTESIAN_POINT('',(64.146398641491,-21.24141229691,
    0.270384546172));
#4738 = CARTESIAN_POINT('',(64.142898234592,-21.2418184316,
    0.270384542825));
#4739 = CARTESIAN_POINT('',(64.139396522234,-21.24221305022,
    0.270384539503));
#4740 = CARTESIAN_POINT('',(64.132530696466,-21.24296392146,
    0.270384533042));
#4741 = CARTESIAN_POINT('',(64.129166681837,-21.24332107733,
    0.270384529901));
#4742 = CARTESIAN_POINT('',(64.125801546234,-21.24366761101,
    0.270384526783));
#4743 = CARTESIAN_POINT('',(64.122435329906,-21.24400351828,
    0.270384523689));
#4744 = CARTESIAN_POINT('',(64.119068073121,-21.24432879512,
    0.270384520618));
#4745 = CARTESIAN_POINT('',(64.115699816169,-21.24464343772,
    0.270384517571));
#4746 = CARTESIAN_POINT('',(64.108540230471,-21.24528944772,
    0.270384511146));
#4747 = CARTESIAN_POINT('',(64.104748646761,-21.24561798943,
    0.270384507775));
#4748 = CARTESIAN_POINT('',(64.100955905614,-21.24593306239,
    0.270384504433));
#4749 = CARTESIAN_POINT('',(64.097162064447,-21.24623466172,
    0.270384501122));
#4750 = CARTESIAN_POINT('',(64.093367180699,-21.24652278286,
    0.27038449784));
#4751 = CARTESIAN_POINT('',(64.089571311832,-21.24679742155,
    0.270384494589));
#4752 = CARTESIAN_POINT('',(64.081696474691,-21.24733907071,
    0.270384487908));
#4753 = CARTESIAN_POINT('',(64.077617363895,-21.2476040092,
    0.270384484482));
#4754 = CARTESIAN_POINT('',(64.073537254184,-21.2478533844,
    0.270384481092));
#4755 = CARTESIAN_POINT('',(64.069456216812,-21.24808719181,
    0.270384477737));
#4756 = CARTESIAN_POINT('',(64.065374323062,-21.24830542736,
    0.270384474416));
#4757 = CARTESIAN_POINT('',(64.061291644235,-21.24850808736,
    0.270384471131));
#4758 = CARTESIAN_POINT('',(64.053124859117,-21.24888224973,
    0.27038446463));
#4759 = CARTESIAN_POINT('',(64.049040752822,-21.2490537521,
    0.270384461415));
#4760 = CARTESIAN_POINT('',(64.044956004101,-21.24920967239,
    0.270384458235));
#4761 = CARTESIAN_POINT('',(64.040870684294,-21.24935000775,
    0.27038445509));
#4762 = CARTESIAN_POINT('',(64.036784864757,-21.24947475571,
    0.27038445198));
#4763 = CARTESIAN_POINT('',(64.032698616859,-21.24958391423,
    0.270384448906));
#4764 = CARTESIAN_POINT('',(64.024525407136,-21.24977104915,
    0.270384442828));
#4765 = CARTESIAN_POINT('',(64.020438445309,-21.24984902554,
    0.270384439824));
#4766 = CARTESIAN_POINT('',(64.016351197882,-21.24991140923,
    0.270384436855));
#4767 = CARTESIAN_POINT('',(64.012263736243,-21.24995819899,
    0.270384433923));
#4768 = CARTESIAN_POINT('',(64.008176131784,-21.249989394,0.270384431025
    ));
#4769 = CARTESIAN_POINT('',(63.964527074743,-21.25015597319,
    0.270384400467));
#4770 = CARTESIAN_POINT('',(63.92087783752,-21.24854431443,
    0.270384373966));
#4771 = CARTESIAN_POINT('',(63.881381174865,-21.24562283157,
    0.270384353327));
#4772 = CARTESIAN_POINT('',(63.842014059302,-21.2412441802,
    0.270384336104));
#4773 = CARTESIAN_POINT('',(63.802840751497,-21.23541550773,
    0.270384322325));
#4774 = CARTESIAN_POINT('',(63.763925115824,-21.22814752432,
    0.27038431201));
#4775 = CARTESIAN_POINT('',(63.71996775137,-21.21824657062,0.27038430422
    ));
#4776 = CARTESIAN_POINT('',(63.714611079946,-21.21701112288,
    0.270384303337));
#4777 = CARTESIAN_POINT('',(63.709260775526,-21.2157481978,
    0.270384302521));
#4778 = CARTESIAN_POINT('',(63.703917007224,-21.21445783485,
    0.270384301772));
#4779 = CARTESIAN_POINT('',(63.69857994384,-21.21314007478,0.27038430109
    ));
#4780 = CARTESIAN_POINT('',(63.693249753858,-21.21179495966,
    0.270384300475));
#4781 = CARTESIAN_POINT('',(63.66752120444,-21.20516156367,
    0.270384297829));
#4782 = CARTESIAN_POINT('',(63.647219268696,-21.1994992623,
    0.270384296718));
#4783 = CARTESIAN_POINT('',(63.627030283724,-21.19343807482,
    0.270384296596));
#4784 = CARTESIAN_POINT('',(63.606963646636,-21.18698072204,
    0.270384297463));
#4785 = CARTESIAN_POINT('',(63.58702866614,-21.18013019945,
    0.270384299318));
#4786 = CARTESIAN_POINT('',(63.567234562551,-21.17288977725,
    0.270384302161));
#4787 = CARTESIAN_POINT('',(63.530223948667,-21.15852048725,
    0.270384309374));
#4788 = CARTESIAN_POINT('',(63.512974661678,-21.15147601209,
    0.270384313529));
#4789 = CARTESIAN_POINT('',(63.495848914253,-21.144132024,0.270384318453
    ));
#4790 = CARTESIAN_POINT('',(63.478852941548,-21.13649113285,
    0.270384324145));
#4791 = CARTESIAN_POINT('',(63.461992906442,-21.1285561093,
    0.270384330602));
#4792 = CARTESIAN_POINT('',(63.445274899533,-21.12032988477,
    0.270384337822));
#4793 = CARTESIAN_POINT('',(63.422457248863,-21.10860522891,
    0.270384348811));
#4794 = CARTESIAN_POINT('',(63.416230605271,-21.10535394682,
    0.270384351928));
#4795 = CARTESIAN_POINT('',(63.410025330655,-21.1020618708,
    0.270384355153));
#4796 = CARTESIAN_POINT('',(63.40384174561,-21.09872916958,
    0.270384358485));
#4797 = CARTESIAN_POINT('',(63.397680169043,-21.09535601504,
    0.270384361926));
#4798 = CARTESIAN_POINT('',(63.391540918168,-21.0919425822,
    0.270384365473));
#4799 = CARTESIAN_POINT('',(63.337555314627,-21.06146147034,
    0.27038439773));
#4800 = CARTESIAN_POINT('',(63.291072660996,-21.0319776248,
    0.270384432898));
#4801 = CARTESIAN_POINT('',(63.246128222862,-21.00012328137,
    0.27038447454));
#4802 = CARTESIAN_POINT('',(63.202866522429,-20.96599542892,
    0.270384522536));
#4803 = CARTESIAN_POINT('',(63.16142411322,-20.92970179067,
    0.270384576734));
#4804 = CARTESIAN_POINT('',(63.121928964425,-20.89136033856,
    0.270384636954));
#4805 = CARTESIAN_POINT('',(63.060794680327,-20.82559977757,
    0.270384744804));
#4806 = CARTESIAN_POINT('',(63.037918044968,-20.79933039017,
    0.270384788955));
#4807 = CARTESIAN_POINT('',(63.015900086234,-20.77232308896,
    0.270384835384));
#4808 = CARTESIAN_POINT('',(62.994769241377,-20.7446116213,
    0.270384884034));
#4809 = CARTESIAN_POINT('',(62.97455223785,-20.71623103831,
    0.270384934844));
#4810 = CARTESIAN_POINT('',(62.9552740933,-20.68721769489,0.270384987747
    ));
#4811 = CARTESIAN_POINT('',(62.898719777082,-20.59579558259,
    0.270385157344));
#4812 = CARTESIAN_POINT('',(62.86467402261,-20.5313862946,0.270385280839
    ));
#4813 = CARTESIAN_POINT('',(62.835033571892,-20.46472540039,
    0.270385412519));
#4814 = CARTESIAN_POINT('',(62.809974441674,-20.39617545732,
    0.27038555168));
#4815 = CARTESIAN_POINT('',(62.789634843846,-20.32611455104,
    0.270385697553));
#4816 = CARTESIAN_POINT('',(62.77411408357,-20.25493328111,
    0.270385849315));
#4817 = CARTESIAN_POINT('',(62.752784111417,-20.11082808502,
    0.270386163533));
#4818 = CARTESIAN_POINT('',(62.747015461337,-20.03789456697,
    0.270386326038));
#4819 = CARTESIAN_POINT('',(62.746225405666,-19.96463640377,
    0.270386492726));
#4820 = CARTESIAN_POINT('',(62.750432100333,-19.89146133232,
    0.27038666268));
#4821 = CARTESIAN_POINT('',(62.759612146927,-19.81877634216,
    0.270386834953));
#4822 = CARTESIAN_POINT('',(62.773700780939,-19.74698440261,
    0.270387008582));
#4823 = CARTESIAN_POINT('',(62.79259206,-19.67648119,0.270387182589));
#4824 = CYLINDRICAL_SURFACE('',#4825,1.249999999511);
#4825 = AXIS2_PLACEMENT_3D('',#4826,#4827,#4828);
#4826 = CARTESIAN_POINT('',(63.999999341638,-20.00000499905,0.));
#4827 = DIRECTION('',(-0.,0.,-1.));
#4828 = DIRECTION('',(1.,0.,0.));
#4829 = ADVANCED_FACE('',(#4830),#4836,.F.);
#4830 = FACE_BOUND('',#4831,.F.);
#4831 = EDGE_LOOP('',(#4832,#4833,#4834,#4835));
#4832 = ORIENTED_EDGE('',*,*,#2199,.F.);
#4833 = ORIENTED_EDGE('',*,*,#3902,.T.);
#4834 = ORIENTED_EDGE('',*,*,#2284,.F.);
#4835 = ORIENTED_EDGE('',*,*,#4313,.T.);
#4836 = CONICAL_SURFACE('',#4837,2.22044604925E-16,1.029744258677);
#4837 = AXIS2_PLACEMENT_3D('',#4838,#4839,#4840);
#4838 = CARTESIAN_POINT('',(64.00000078,-20.00000025,1.021463052347));
#4839 = DIRECTION('',(0.,0.,-1.));
#4840 = DIRECTION('',(0.,-1.,0.));
#4841 = ( GEOMETRIC_REPRESENTATION_CONTEXT(3) 
GLOBAL_UNCERTAINTY_ASSIGNED_CONTEXT((#4845)) 
GLOBAL_UNIT_ASSIGNED_CONTEXT((#4842,#4843,#4844)) REPRESENTATION_CONTEXT
('Context #1','3D Context with UNIT and UNCERTAINTY') );
#4842 = ( LENGTH_UNIT() NAMED_UNIT(*) SI_UNIT(.MILLI.,.METRE.) );
#4843 = ( NAMED_UNIT(*) PLANE_ANGLE_UNIT() SI_UNIT($,.RADIAN.) );
#4844 = ( NAMED_UNIT(*) SI_UNIT($,.STERADIAN.) SOLID_ANGLE_UNIT() );
#4845 = UNCERTAINTY_MEASURE_WITH_UNIT(LENGTH_MEASURE(1.E-07),#4842,
  'distance_accuracy_value','confusion accuracy');
#4846 = CONTEXT_DEPENDENT_SHAPE_REPRESENTATION(#4847,#4849);
#4847 = ( REPRESENTATION_RELATIONSHIP('','',#32,#10) 
REPRESENTATION_RELATIONSHIP_WITH_TRANSFORMATION(#4848) 
SHAPE_REPRESENTATION_RELATIONSHIP() );
#4848 = ITEM_DEFINED_TRANSFORMATION('','',#11,#15);
#4849 = PRODUCT_DEFINITION_SHAPE('Placement','Placement of an item',
  #4850);
#4850 = NEXT_ASSEMBLY_USAGE_OCCURRENCE('1','001-SOLID(1)-1','',#5,#27,$
  );
#4851 = PRODUCT_RELATED_PRODUCT_CATEGORY('part',$,(#29));
ENDSEC;
END-ISO-10303-21;
