RecordID,CowKey,Seed,FoldID,BaseValue,SHAPSum,UnclippedPredicted,ClipAdjustment,Predicted,SavedPredicted
MEAS_R000004,C021,20260523,1,38.920347394886576,-0.689052723517269,38.231294671369305,7.105427357601002e-15,38.23129467136931,38.23129467136931
MEAS_R000005,C021,20260523,1,38.920347394886576,-0.681053292400127,38.23929410248645,7.105427357601002e-15,38.239294102486454,38.23929410248645
MEAS_R000009,C021,20260523,1,38.920347394886576,-0.6147424912733177,38.30560490361326,7.105427357601002e-15,38.305604903613265,38.30560490361327
MEAS_R000010,C003,20260523,1,38.920347394886576,-0.33742129477317806,38.5829261001134,7.105427357601002e-15,38.582926100113404,38.58292610011341
MEAS_R000017,C003,20260523,1,38.920347394886576,-0.41295968012232603,38.50738771476425,7.105427357601002e-15,38.507387714764256,38.507387714764256
MEAS_R000018,C003,20260523,1,38.920347394886576,-0.4036198714180729,38.516727523468504,7.105427357601002e-15,38.51672752346851,38.51672752346851
MEAS_R000021,C003,20260523,1,38.920347394886576,-0.2616557581631524,38.658691636723425,7.105427357601002e-15,38.65869163672343,38.65869163672343
MEAS_R000023,C002,20260523,1,38.920347394886576,0.153164579604596,39.073511974491176,0.0,39.073511974491176,39.073511974491176
MEAS_R000028,C002,20260523,1,38.920347394886576,0.043086841005993526,38.96343423589257,7.105427357601002e-15,38.96343423589258,38.96343423589258
MEAS_R000031,C002,20260523,1,38.920347394886576,0.3912264619483373,39.31157385683491,7.105427357601002e-15,39.31157385683492,39.31157385683492
MEAS_R000037,C029,20260523,1,38.920347394886576,-0.6268705086002367,38.29347688628634,0.0,38.29347688628634,38.29347688628634
MEAS_R000041,C029,20260523,1,38.920347394886576,-0.616685921264402,38.30366147362217,7.105427357601002e-15,38.30366147362218,38.30366147362218
MEAS_R000052,C001,20260523,1,38.920347394886576,-0.7477347915545227,38.172612603332055,0.0,38.172612603332055,38.172612603332055
MEAS_R000055,C001,20260523,1,38.920347394886576,-0.740252655202073,38.180094739684506,0.0,38.180094739684506,38.180094739684506
MEAS_R000072,C027,20260523,1,38.920347394886576,0.06261907448507253,38.98296646937165,7.105427357601002e-15,38.982966469371654,38.98296646937165
MEAS_R000073,C026,20260523,1,38.920347394886576,-0.2841248383045371,38.63622255658204,7.105427357601002e-15,38.63622255658205,38.63622255658205
MEAS_R000078,C026,20260523,1,38.920347394886576,-0.20467869697384453,38.71566869791273,0.0,38.71566869791273,38.71566869791273
MEAS_R000083,C016,20260523,1,38.920347394886576,-0.4165298588157389,38.50381753607084,0.0,38.50381753607084,38.50381753607084
MEAS_R000091,C022,20260523,1,38.920347394886576,-0.3859400161659311,38.534407378720644,7.105427357601002e-15,38.53440737872065,38.53440737872065
MEAS_R000094,C022,20260523,1,38.920347394886576,-0.2186771429945189,38.701670251892054,7.105427357601002e-15,38.70167025189206,38.70167025189206
MEAS_R000098,C022,20260523,1,38.920347394886576,-0.20730717743351396,38.71304021745306,7.105427357601002e-15,38.71304021745307,38.71304021745307
MEAS_R000101,C022,20260523,1,38.920347394886576,-0.44059658723658923,38.479750807649985,7.105427357601002e-15,38.47975080764999,38.47975080764999
MEAS_R000109,C014,20260523,1,38.920347394886576,-0.7870890840573128,38.13325831082926,7.105427357601002e-15,38.13325831082927,38.13325831082927
MEAS_R000110,C014,20260523,1,38.920347394886576,-0.737070059751719,38.18327733513486,0.0,38.18327733513486,38.18327733513486
MEAS_R000111,C014,20260523,1,38.920347394886576,-0.6907232946262726,38.2296241002603,7.105427357601002e-15,38.22962410026031,38.22962410026031
MEAS_R000115,C014,20260523,1,38.920347394886576,-0.25792755488938574,38.66241983999719,0.0,38.66241983999719,38.66241983999719
MEAS_R000117,C023,20260523,1,38.920347394886576,0.24931648549634156,39.16966388038292,7.105427357601002e-15,39.16966388038293,39.16966388038293
MEAS_R000120,C023,20260523,1,38.920347394886576,0.03643892037405396,38.95678631526063,7.105427357601002e-15,38.956786315260636,38.95678631526064
MEAS_R000129,C023,20260523,1,38.920347394886576,0.3300470473442887,39.25039444223086,7.105427357601002e-15,39.25039444223087,39.25039444223087
MEAS_R000133,C011,20260523,1,38.920347394886576,-0.8234237017955772,38.096923693091,0.0,38.096923693091,38.096923693091
MEAS_R000140,C004,20260523,1,38.920347394886576,-1.3061891641007202,37.614158230785854,7.105427357601002e-15,37.61415823078586,37.61415823078586
MEAS_R000144,C004,20260523,1,38.920347394886576,-1.3401505161775842,37.58019687870899,7.105427357601002e-15,37.580196878708996,37.580196878709
MEAS_R000151,C028,20260523,1,38.920347394886576,1.3506049371948463,40.27095233208142,7.105427357601002e-15,40.27095233208143,40.27095233208143
MEAS_R000155,C028,20260523,1,38.920347394886576,0.9337915269705628,39.85413892185714,0.0,39.85413892185714,39.85413892185714
MEAS_R000169,C008,20260523,1,38.920347394886576,-0.7708147919610502,38.149532602925525,7.105427357601002e-15,38.14953260292553,38.14953260292553
MEAS_R000170,C008,20260523,1,38.920347394886576,-0.7736921128311853,38.14665528205539,7.105427357601002e-15,38.1466552820554,38.1466552820554
MEAS_R000173,C008,20260523,1,38.920347394886576,-0.669746110418775,38.2506012844678,7.105427357601002e-15,38.250601284467805,38.250601284467805
MEAS_R000174,C008,20260523,1,38.920347394886576,-0.5908938824934227,38.32945351239315,7.105427357601002e-15,38.32945351239316,38.32945351239316
MEAS_R000177,C030,20260523,1,38.920347394886576,1.1775841408771166,40.09793153576369,7.105427357601002e-15,40.0979315357637,40.0979315357637
MEAS_R000179,C030,20260523,1,38.920347394886576,1.3232581497935603,40.243605544680136,7.105427357601002e-15,40.24360554468014,40.24360554468014
MEAS_R000185,C030,20260523,1,38.920347394886576,1.1724871679367777,40.092834562823356,0.0,40.092834562823356,40.09283456282336
MEAS_R000190,C018,20260523,1,38.920347394886576,-0.11158932644823925,38.80875806843834,0.0,38.80875806843834,38.80875806843834
MEAS_R000198,C018,20260523,1,38.920347394886576,-0.13715386437656255,38.78319353051001,7.105427357601002e-15,38.78319353051002,38.78319353051002
MEAS_R000200,C018,20260523,1,38.920347394886576,-0.16713101010053721,38.753216384786036,7.105427357601002e-15,38.75321638478604,38.75321638478604
MEAS_R000210,C025,20260523,1,38.920347394886576,0.48908181538934614,39.409429210275924,0.0,39.409429210275924,39.40942921027592
MEAS_R000211,C010,20260523,1,38.920347394886576,-0.19376320451072623,38.72658419037585,0.0,38.72658419037585,38.72658419037585
MEAS_R000215,C010,20260523,1,38.920347394886576,-0.22570678548844203,38.694640609398135,0.0,38.694640609398135,38.694640609398135
MEAS_R000226,C019,20260523,1,38.920347394886576,0.496903166730043,39.41725056161662,7.105427357601002e-15,39.417250561616626,39.41725056161663
MEAS_R000230,C019,20260523,1,38.920347394886576,0.5722273278650243,39.4925747227516,7.105427357601002e-15,39.492574722751606,39.492574722751606
MEAS_R000233,C019,20260523,1,38.920347394886576,0.6322404458011076,39.552587840687686,0.0,39.552587840687686,39.552587840687686
MEAS_R000243,C005,20260523,1,38.920347394886576,-1.1370942388610228,37.78325315602555,7.105427357601002e-15,37.78325315602556,37.78325315602556
MEAS_R000245,C005,20260523,1,38.920347394886576,-0.9559251963281026,37.964422198558474,7.105427357601002e-15,37.96442219855848,37.96442219855848
MEAS_R000247,C005,20260523,1,38.920347394886576,-0.7716392760728483,38.14870811881373,0.0,38.14870811881373,38.14870811881373
MEAS_R000254,C017,20260523,1,38.920347394886576,0.2431499061514808,39.163497301038056,7.105427357601002e-15,39.16349730103806,39.16349730103806
MEAS_R000255,C017,20260523,1,38.920347394886576,0.16037849697742607,39.080725891864006,0.0,39.080725891864006,39.080725891864006
MEAS_R000263,C017,20260523,1,38.920347394886576,0.4412831227155644,39.361630517602144,0.0,39.361630517602144,39.361630517602144
MEAS_R000272,C020,20260523,1,38.920347394886576,0.24422265587762249,39.1645700507642,7.105427357601002e-15,39.164570050764205,39.164570050764205
MEAS_R000275,C020,20260523,1,38.920347394886576,1.0889330926988592,40.009280487585436,7.105427357601002e-15,40.00928048758544,40.00928048758544
MEAS_R000279,C020,20260523,1,38.920347394886576,1.1304236796135287,40.050771074500105,7.105427357601002e-15,40.05077107450011,40.05077107450011
MEAS_R000285,C009,20260523,1,38.920347394886576,0.6893533248829445,39.60970071976952,7.105427357601002e-15,39.60970071976953,39.60970071976953
MEAS_R000287,C009,20260523,1,38.920347394886576,0.7083166665632908,39.62866406144987,0.0,39.62866406144987,39.62866406144987
MEAS_R000288,C009,20260523,1,38.920347394886576,0.780109347986954,39.70045674287353,7.105427357601002e-15,39.700456742873534,39.700456742873534
MEAS_R000291,C009,20260523,1,38.920347394886576,1.4758463993709792,40.396193794257556,7.105427357601002e-15,40.39619379425756,40.39619379425756
MEAS_R000296,C012,20260523,1,38.920347394886576,0.25231373334607055,39.17266112823265,7.105427357601002e-15,39.172661128232654,39.172661128232654
MEAS_R000297,C012,20260523,1,38.920347394886576,0.6064070798709396,39.52675447475752,0.0,39.52675447475752,39.52675447475752
MEAS_R000307,C006,20260523,1,38.920347394886576,0.40554271164539624,39.32589010653197,7.105427357601002e-15,39.32589010653198,39.32589010653198
MEAS_R000310,C006,20260523,1,38.920347394886576,0.008886699343194082,38.92923409422977,0.0,38.92923409422977,38.92923409422977
MEAS_R000321,C015,20260523,1,38.920347394886576,-0.3284809196893371,38.591866475197236,7.105427357601002e-15,38.59186647519724,38.59186647519724
MEAS_R000323,C015,20260523,1,38.920347394886576,-0.32651602456253004,38.59383137032405,7.105427357601002e-15,38.593831370324054,38.59383137032405
MEAS_R000324,C015,20260523,1,38.920347394886576,-0.07953689311852244,38.840810501768054,7.105427357601002e-15,38.84081050176806,38.84081050176806
MEAS_R000335,C015,20260523,1,38.920347394886576,-0.17644241528536433,38.74390497960121,7.105427357601002e-15,38.74390497960122,38.74390497960122
MEAS_R000340,C007,20260523,1,38.920347394886576,0.5464467043203673,39.46679409920694,7.105427357601002e-15,39.46679409920695,39.46679409920695
MEAS_R000342,C007,20260523,1,38.920347394886576,0.5766594208117993,39.49700681569838,0.0,39.49700681569838,39.49700681569838
MEAS_R000350,C007,20260523,1,38.920347394886576,0.5902603545066559,39.51060774939323,7.105427357601002e-15,39.51060774939324,39.51060774939324
MEAS_R000354,C007,20260523,1,38.920347394886576,1.3938093066411779,40.31415670152776,7.105427357601002e-15,40.314156701527764,40.31415670152776
MEAS_R000362,C013,20260523,1,38.920347394886576,0.17967413488567663,39.100021529772256,0.0,39.100021529772256,39.100021529772256
MEAS_R000365,C013,20260523,1,38.920347394886576,0.200062441453291,39.12040983633987,7.105427357601002e-15,39.120409836339874,39.120409836339874
MEAS_R000368,C024,20260523,1,38.920347394886576,-0.6137754776408326,38.30657191724574,7.105427357601002e-15,38.30657191724575,38.30657191724575
MEAS_R000369,C024,20260523,1,38.920347394886576,-0.5689296156848311,38.351417779201746,7.105427357601002e-15,38.35141777920175,38.35141777920175
MEAS_R000376,C024,20260523,1,38.920347394886576,0.016025546238705373,38.936372941125285,0.0,38.936372941125285,38.936372941125285
MEAS_R000382,C024,20260523,1,38.920347394886576,1.3804681800074536,40.30081557489403,7.105427357601002e-15,40.30081557489404,40.30081557489404
MEAS_R000386,C001,20260523,1,38.920347394886576,-0.6389876932302859,38.28135970165629,7.105427357601002e-15,38.2813597016563,38.2813597016563
MEAS_R000390,C002,20260523,1,38.920347394886576,0.043650395582184386,38.96399779046876,7.105427357601002e-15,38.96399779046877,38.96399779046877
MEAS_R000396,C003,20260523,1,38.920347394886576,-0.3491336419512184,38.57121375293536,7.105427357601002e-15,38.571213752935364,38.57121375293536
MEAS_R000398,C004,20260523,1,38.920347394886576,-1.1380546458605878,37.78229274902599,0.0,37.78229274902599,37.78229274902599
MEAS_R000399,C004,20260523,1,38.920347394886576,-1.1826273649184755,37.7377200299681,0.0,37.7377200299681,37.7377200299681
MEAS_R000404,C005,20260523,1,38.920347394886576,-1.0429635357174234,37.87738385916915,7.105427357601002e-15,37.87738385916916,37.87738385916916
MEAS_R000408,C006,20260523,1,38.920347394886576,0.4461483624930359,39.36649575737961,7.105427357601002e-15,39.36649575737962,39.36649575737962
MEAS_R000416,C009,20260523,1,38.920347394886576,1.4663566442328992,40.38670403911948,0.0,40.38670403911948,40.38670403911948
MEAS_R000419,C009,20260523,1,38.920347394886576,0.7433549787482885,39.66370237363486,7.105427357601002e-15,39.66370237363487,39.66370237363487
MEAS_R000421,C009,20260523,1,38.920347394886576,0.7503573088642619,39.670704703750836,7.105427357601002e-15,39.67070470375084,39.67070470375084
MEAS_R000422,C009,20260523,1,38.920347394886576,0.7062555829107164,39.62660297779729,7.105427357601002e-15,39.6266029777973,39.6266029777973
MEAS_R000424,C010,20260523,1,38.920347394886576,-0.28871959945774006,38.631627795428834,7.105427357601002e-15,38.63162779542884,38.63162779542884
MEAS_R000425,C010,20260523,1,38.920347394886576,-0.1989156164296063,38.72143177845697,7.105427357601002e-15,38.721431778456974,38.721431778456974
MEAS_R000433,C011,20260523,1,38.920347394886576,-0.817892154636426,38.10245524025015,0.0,38.10245524025015,38.10245524025015
MEAS_R000440,C013,20260523,1,38.920347394886576,0.19488250666205864,39.11522990154864,0.0,39.11522990154864,39.11522990154864
MEAS_R000443,C013,20260523,1,38.920347394886576,0.18153806415527834,39.10188545904185,7.105427357601002e-15,39.10188545904186,39.10188545904186
MEAS_R000457,C016,20260523,1,38.920347394886576,-0.39375688240067297,38.5265905124859,7.105427357601002e-15,38.52659051248591,38.52659051248591
MEAS_R000458,C017,20260523,1,38.920347394886576,0.13815493108030438,39.05850232596688,7.105427357601002e-15,39.058502325966884,39.05850232596688
MEAS_R000464,C018,20260523,1,38.920347394886576,-0.1504604576268029,38.76988693725978,0.0,38.76988693725978,38.76988693725978
MEAS_R000468,C019,20260523,1,38.920347394886576,0.5953490009792136,39.51569639586579,7.105427357601002e-15,39.515696395865795,39.5156963958658
MEAS_R000473,C021,20260523,1,38.920347394886576,-0.5892689862489549,38.33107840863762,7.105427357601002e-15,38.33107840863763,38.33107840863763
MEAS_R000477,C021,20260523,1,38.920347394886576,-0.6725707906311038,38.24777660425547,7.105427357601002e-15,38.24777660425548,38.24777660425548
MEAS_R000478,C021,20260523,1,38.920347394886576,-0.6844145892791681,38.235932805607405,7.105427357601002e-15,38.23593280560741,38.23593280560741
MEAS_R000479,C022,20260523,1,38.920347394886576,-0.4703814738695571,38.44996592101702,7.105427357601002e-15,38.449965921017025,38.44996592101703
MEAS_R000485,C024,20260523,1,38.920347394886576,0.08591322540366012,39.006260620290234,7.105427357601002e-15,39.00626062029024,39.00626062029024
MEAS_R000487,C025,20260523,1,38.920347394886576,0.4521479526471993,39.37249534753378,7.105427357601002e-15,39.372495347533786,39.372495347533786
MEAS_R000488,C025,20260523,1,38.920347394886576,0.43910863164576447,39.35945602653234,0.0,39.35945602653234,39.35945602653234
MEAS_R000489,C025,20260523,1,38.920347394886576,0.4543841366623895,39.37473153154897,7.105427357601002e-15,39.374731531548974,39.374731531548974
MEAS_R000495,C026,20260523,1,38.920347394886576,-0.23348587017276243,38.68686152471381,7.105427357601002e-15,38.68686152471382,38.68686152471382
MEAS_R000500,C026,20260523,1,38.920347394886576,-0.2880152199880087,38.632332174898565,7.105427357601002e-15,38.63233217489857,38.63233217489857
MEAS_R000502,C026,20260523,1,38.920347394886576,-0.23622991771612456,38.68411747717045,7.105427357601002e-15,38.68411747717046,38.68411747717046
MEAS_R000504,C027,20260523,1,38.920347394886576,0.07089278252040632,38.99124017740698,7.105427357601002e-15,38.991240177406986,38.991240177406986
MEAS_R000509,C028,20260523,1,38.920347394886576,1.3714686366946958,40.29181603158127,7.105427357601002e-15,40.29181603158128,40.29181603158128
MEAS_R000512,C028,20260523,1,38.920347394886576,1.2191820201580978,40.13952941504468,0.0,40.13952941504468,40.13952941504468
MEAS_R000516,C029,20260523,1,38.920347394886576,-0.6044152585737628,38.31593213631281,7.105427357601002e-15,38.31593213631282,38.31593213631282
MEAS_R000519,C030,20260523,1,38.920347394886576,1.1767228020788747,40.097070196965454,7.105427357601002e-15,40.09707019696546,40.09707019696546
MEAS_R000007,C021,20260523,2,38.90954773814833,-0.7052148321834717,38.20433290596486,0.0,38.20433290596486,38.20433290596486
MEAS_R000011,C003,20260523,2,38.90954773814833,-0.3939016134460417,38.51564612470229,7.105427357601002e-15,38.5156461247023,38.5156461247023
MEAS_R000019,C003,20260523,2,38.90954773814833,-0.36189559418891726,38.54765214395942,7.105427357601002e-15,38.547652143959425,38.54765214395943
MEAS_R000024,C002,20260523,2,38.90954773814833,0.1879148311806717,39.097462569329004,7.105427357601002e-15,39.09746256932901,39.09746256932901
MEAS_R000027,C002,20260523,2,38.90954773814833,0.07321428746938002,38.98276202561772,0.0,38.98276202561772,38.98276202561772
MEAS_R000034,C002,20260523,2,38.90954773814833,0.3335890870189987,39.24313682516733,0.0,39.24313682516733,39.24313682516733
MEAS_R000038,C029,20260523,2,38.90954773814833,-0.6660003165395667,38.24354742160877,7.105427357601002e-15,38.243547421608774,38.24354742160877
MEAS_R000040,C029,20260523,2,38.90954773814833,-0.6465187452056598,38.26302899294267,0.0,38.26302899294267,38.26302899294267
MEAS_R000044,C029,20260523,2,38.90954773814833,-0.4965228293551049,38.413024908793226,7.105427357601002e-15,38.41302490879323,38.41302490879323
MEAS_R000047,C001,20260523,2,38.90954773814833,-0.610589266256227,38.29895847189211,0.0,38.29895847189211,38.29895847189211
MEAS_R000053,C001,20260523,2,38.90954773814833,-0.6732170463448168,38.236330691803516,7.105427357601002e-15,38.23633069180352,38.23633069180352
MEAS_R000058,C001,20260523,2,38.90954773814833,-0.6285469726006448,38.28100076554769,0.0,38.28100076554769,38.28100076554769
MEAS_R000059,C001,20260523,2,38.90954773814833,-0.6571320804562052,38.252415657692126,7.105427357601002e-15,38.25241565769213,38.25241565769213
MEAS_R000062,C027,20260523,2,38.90954773814833,-0.03400173100619633,38.875546007142134,7.105427357601002e-15,38.87554600714214,38.87554600714214
MEAS_R000067,C027,20260523,2,38.90954773814833,-0.2689704208153457,38.64057731733299,0.0,38.64057731733299,38.64057731733299
MEAS_R000069,C027,20260523,2,38.90954773814833,-0.2613686892567855,38.64817904889155,0.0,38.64817904889155,38.64817904889155
MEAS_R000070,C027,20260523,2,38.90954773814833,-0.017165932635954097,38.89238180551238,0.0,38.89238180551238,38.89238180551238
MEAS_R000074,C026,20260523,2,38.90954773814833,-0.3218660969347919,38.58768164121354,0.0,38.58768164121354,38.58768164121354
MEAS_R000076,C026,20260523,2,38.90954773814833,-0.10901534331538179,38.80053239483295,7.105427357601002e-15,38.800532394832956,38.80053239483296
MEAS_R000080,C016,20260523,2,38.90954773814833,-0.29829773754271743,38.611250000605615,7.105427357601002e-15,38.61125000060562,38.61125000060562
MEAS_R000085,C016,20260523,2,38.90954773814833,-0.4667768730200733,38.44277086512826,7.105427357601002e-15,38.44277086512827,38.44277086512827
MEAS_R000088,C016,20260523,2,38.90954773814833,-0.30150242639361713,38.608045311754715,7.105427357601002e-15,38.60804531175472,38.60804531175472
MEAS_R000093,C022,20260523,2,38.90954773814833,-0.6931784649613353,38.216369273187,0.0,38.216369273187,38.216369273187
MEAS_R000095,C022,20260523,2,38.90954773814833,-0.6808722484022235,38.22867548974611,0.0,38.22867548974611,38.22867548974611
MEAS_R000097,C022,20260523,2,38.90954773814833,-0.6589073069256833,38.25064043122265,0.0,38.25064043122265,38.25064043122265
MEAS_R000102,C022,20260523,2,38.90954773814833,-0.6357699515804941,38.27377778656784,7.105427357601002e-15,38.27377778656785,38.27377778656785
MEAS_R000105,C014,20260523,2,38.90954773814833,-0.6309953310435431,38.27855240710479,7.105427357601002e-15,38.2785524071048,38.2785524071048
MEAS_R000108,C014,20260523,2,38.90954773814833,-0.7721590600978797,38.137388678050456,0.0,38.137388678050456,38.137388678050456
MEAS_R000112,C014,20260523,2,38.90954773814833,-0.5197530571367754,38.38979468101156,0.0,38.38979468101156,38.38979468101156
MEAS_R000113,C014,20260523,2,38.90954773814833,-0.5207741083645119,38.38877362978382,7.105427357601002e-15,38.38877362978383,38.38877362978383
MEAS_R000122,C023,20260523,2,38.90954773814833,-0.02878328928064725,38.88076444886769,7.105427357601002e-15,38.880764448867694,38.880764448867694
MEAS_R000127,C023,20260523,2,38.90954773814833,0.13775662743923317,39.047304365587564,7.105427357601002e-15,39.04730436558757,39.04730436558757
MEAS_R000132,C011,20260523,2,38.90954773814833,-0.7842357630421518,38.12531197510618,7.105427357601002e-15,38.125311975106186,38.125311975106186
MEAS_R000134,C011,20260523,2,38.90954773814833,-0.7743633412704138,38.13518439687792,7.105427357601002e-15,38.135184396877925,38.135184396877925
MEAS_R000141,C004,20260523,2,38.90954773814833,-1.3399485087726815,37.569599229375655,0.0,37.569599229375655,37.569599229375655
MEAS_R000148,C004,20260523,2,38.90954773814833,-1.1800769343299335,37.7294708038184,0.0,37.7294708038184,37.7294708038184
MEAS_R000150,C004,20260523,2,38.90954773814833,-1.2031660534956354,37.7063816846527,0.0,37.7063816846527,37.7063816846527
MEAS_R000156,C028,20260523,2,38.90954773814833,1.3223104085409345,40.23185814668927,0.0,40.23185814668927,40.23185814668927
MEAS_R000159,C028,20260523,2,38.90954773814833,1.12069165919285,40.030239397341184,0.0,40.030239397341184,40.030239397341184
MEAS_R000162,C028,20260523,2,38.90954773814833,1.3359163643171437,40.245464102465476,7.105427357601002e-15,40.24546410246548,40.24546410246548
MEAS_R000163,C028,20260523,2,38.90954773814833,1.3342831690127692,40.243830907161104,0.0,40.243830907161104,40.243830907161104
MEAS_R000167,C008,20260523,2,38.90954773814833,-0.8046060922192693,38.10494164592907,0.0,38.10494164592907,38.10494164592907
MEAS_R000171,C008,20260523,2,38.90954773814833,-0.7337942499468869,38.175753488201444,7.105427357601002e-15,38.17575348820145,38.17575348820145
MEAS_R000172,C008,20260523,2,38.90954773814833,-0.7355878872040011,38.173959850944335,0.0,38.173959850944335,38.173959850944335
MEAS_R000176,C030,20260523,2,38.90954773814833,1.1799219585611997,40.089469696709536,0.0,40.089469696709536,40.089469696709536
MEAS_R000178,C030,20260523,2,38.90954773814833,1.3355025138301377,40.24505025197847,0.0,40.24505025197847,40.24505025197847
MEAS_R000182,C030,20260523,2,38.90954773814833,1.2501705794484956,40.15971831759683,0.0,40.15971831759683,40.15971831759683
MEAS_R000183,C030,20260523,2,38.90954773814833,1.201010535122538,40.11055827327087,7.105427357601002e-15,40.110558273270875,40.11055827327088
MEAS_R000191,C018,20260523,2,38.90954773814833,-0.13542163005850835,38.774126108089824,7.105427357601002e-15,38.77412610808983,38.77412610808983
MEAS_R000196,C018,20260523,2,38.90954773814833,-0.15189678386189492,38.75765095428644,0.0,38.75765095428644,38.75765095428644
MEAS_R000202,C025,20260523,2,38.90954773814833,0.4602725277697042,39.36982026591804,7.105427357601002e-15,39.369820265918044,39.36982026591805
MEAS_R000207,C025,20260523,2,38.90954773814833,0.44841388212351085,39.357961620271844,7.105427357601002e-15,39.35796162027185,39.35796162027185
MEAS_R000213,C010,20260523,2,38.90954773814833,-0.2872619488728383,38.622285789275494,0.0,38.622285789275494,38.62228578927549
MEAS_R000220,C010,20260523,2,38.90954773814833,-0.29878976671383184,38.6107579714345,7.105427357601002e-15,38.61075797143451,38.61075797143451
MEAS_R000223,C010,20260523,2,38.90954773814833,-0.21710087311881976,38.69244686502952,0.0,38.69244686502952,38.69244686502952
MEAS_R000224,C010,20260523,2,38.90954773814833,-0.10794564889943707,38.801602089248895,7.105427357601002e-15,38.8016020892489,38.8016020892489
MEAS_R000234,C019,20260523,2,38.90954773814833,0.6176543881026446,39.52720212625098,7.105427357601002e-15,39.527202126250984,39.52720212625098
MEAS_R000236,C019,20260523,2,38.90954773814833,0.4475163525470366,39.35706409069537,7.105427357601002e-15,39.357064090695374,39.357064090695374
MEAS_R000242,C005,20260523,2,38.90954773814833,-1.0200510007287726,37.88949673741956,0.0,37.88949673741956,37.88949673741956
MEAS_R000248,C005,20260523,2,38.90954773814833,-1.102728873862823,37.80681886428551,0.0,37.80681886428551,37.80681886428551
MEAS_R000249,C005,20260523,2,38.90954773814833,-0.9331158826849832,37.97643185546335,0.0,37.97643185546335,37.97643185546335
MEAS_R000252,C017,20260523,2,38.90954773814833,0.8799323860832579,39.78948012423159,7.105427357601002e-15,39.789480124231595,39.7894801242316
MEAS_R000253,C017,20260523,2,38.90954773814833,0.15205164673411123,39.06159938488244,7.105427357601002e-15,39.06159938488245,39.06159938488245
MEAS_R000259,C017,20260523,2,38.90954773814833,0.38721159332525035,39.29675933147358,7.105427357601002e-15,39.29675933147359,39.29675933147359
MEAS_R000261,C017,20260523,2,38.90954773814833,0.8683240853939992,39.777871823542334,7.105427357601002e-15,39.77787182354234,39.77787182354234
MEAS_R000271,C020,20260523,2,38.90954773814833,-0.1177720471660485,38.791775690982284,7.105427357601002e-15,38.79177569098229,38.79177569098229
MEAS_R000274,C020,20260523,2,38.90954773814833,0.22495899196917582,39.13450673011751,7.105427357601002e-15,39.134506730117515,39.13450673011752
MEAS_R000282,C020,20260523,2,38.90954773814833,0.6718776159897242,39.581425354138055,7.105427357601002e-15,39.58142535413806,39.58142535413806
MEAS_R000284,C009,20260523,2,38.90954773814833,1.5295455930695758,40.43909333121791,0.0,40.43909333121791,40.43909333121791
MEAS_R000298,C012,20260523,2,38.90954773814833,0.7448842170376488,39.654431955185984,0.0,39.654431955185984,39.654431955185984
MEAS_R000300,C012,20260523,2,38.90954773814833,0.7539237471286261,39.66347148527696,7.105427357601002e-15,39.663471485276965,39.663471485276965
MEAS_R000301,C012,20260523,2,38.90954773814833,0.8424494457118987,39.75199718386023,0.0,39.75199718386023,39.75199718386023
MEAS_R000303,C012,20260523,2,38.90954773814833,0.780851769610434,39.69039950775877,0.0,39.69039950775877,39.69039950775877
MEAS_R000308,C006,20260523,2,38.90954773814833,-0.24493135344730751,38.66461638470103,0.0,38.66461638470103,38.66461638470103
MEAS_R000314,C006,20260523,2,38.90954773814833,0.721227573246806,39.63077531139514,0.0,39.63077531139514,39.63077531139514
MEAS_R000316,C006,20260523,2,38.90954773814833,0.7749761311962571,39.68452386934459,0.0,39.68452386934459,39.68452386934459
MEAS_R000318,C006,20260523,2,38.90954773814833,0.7920364631518667,39.7015842013002,7.105427357601002e-15,39.70158420130021,39.70158420130021
MEAS_R000326,C015,20260523,2,38.90954773814833,-0.6201643562043263,38.289383381944006,0.0,38.289383381944006,38.289383381944006
MEAS_R000327,C015,20260523,2,38.90954773814833,-0.6306756646758035,38.27887207347253,7.105427357601002e-15,38.278872073472535,38.278872073472535
MEAS_R000333,C015,20260523,2,38.90954773814833,0.27277479715868647,39.18232253530702,0.0,39.18232253530702,39.18232253530702
MEAS_R000337,C015,20260523,2,38.90954773814833,-0.07275165456831638,38.83679608358002,0.0,38.83679608358002,38.83679608358002
MEAS_R000344,C007,20260523,2,38.90954773814833,0.8498305944078314,39.75937833255617,0.0,39.75937833255617,39.75937833255617
MEAS_R000349,C007,20260523,2,38.90954773814833,0.6799424470267399,39.58949018517507,0.0,39.58949018517507,39.58949018517507
MEAS_R000352,C007,20260523,2,38.90954773814833,0.6313221355275422,39.540869873675874,7.105427357601002e-15,39.54086987367588,39.54086987367588
MEAS_R000353,C007,20260523,2,38.90954773814833,0.7117501726538474,39.621297910802184,0.0,39.621297910802184,39.62129791080218
MEAS_R000363,C013,20260523,2,38.90954773814833,-0.18068079938688075,38.728866938761456,0.0,38.728866938761456,38.728866938761456
MEAS_R000364,C013,20260523,2,38.90954773814833,0.2241929945627955,39.13374073271113,0.0,39.13374073271113,39.13374073271113
MEAS_R000372,C024,20260523,2,38.90954773814833,-0.4116154607600697,38.497932277388266,0.0,38.497932277388266,38.497932277388266
MEAS_R000375,C024,20260523,2,38.90954773814833,-0.29038548443321766,38.61916225371512,0.0,38.61916225371512,38.61916225371512
MEAS_R000379,C024,20260523,2,38.90954773814833,-0.007630528657072818,38.90191720949126,7.105427357601002e-15,38.901917209491266,38.90191720949127
MEAS_R000381,C024,20260523,2,38.90954773814833,-0.23483176364882377,38.67471597449951,0.0,38.67471597449951,38.67471597449951
MEAS_R000384,C001,20260523,2,38.90954773814833,-0.7260289737883892,38.183518764359945,0.0,38.183518764359945,38.183518764359945
MEAS_R000389,C002,20260523,2,38.90954773814833,0.049965818953567186,38.9595135571019,7.105427357601002e-15,38.95951355710191,38.95951355710191
MEAS_R000397,C004,20260523,2,38.90954773814833,-1.239421111137549,37.67012662701079,0.0,37.67012662701079,37.67012662701079
MEAS_R000405,C005,20260523,2,38.90954773814833,-1.1332688021992463,37.77627893594909,0.0,37.77627893594909,37.77627893594909
MEAS_R000409,C006,20260523,2,38.90954773814833,-0.23391172000645788,38.67563601814187,7.105427357601002e-15,38.67563601814188,38.67563601814188
MEAS_R000412,C008,20260523,2,38.90954773814833,-0.7840363207806265,38.125511417367704,7.105427357601002e-15,38.12551141736771,38.12551141736771
MEAS_R000418,C009,20260523,2,38.90954773814833,1.5637246672298735,40.473272405378204,7.105427357601002e-15,40.47327240537821,40.47327240537821
MEAS_R000432,C011,20260523,2,38.90954773814833,-0.7045243868894158,38.205023351258916,0.0,38.205023351258916,38.20502335125892
MEAS_R000434,C011,20260523,2,38.90954773814833,-0.7719038131025828,38.13764392504575,0.0,38.13764392504575,38.13764392504575
MEAS_R000435,C012,20260523,2,38.90954773814833,0.7755657781590499,39.68511351630738,7.105427357601002e-15,39.68511351630739,39.68511351630739
MEAS_R000441,C013,20260523,2,38.90954773814833,-0.16605218874231112,38.74349554940602,0.0,38.74349554940602,38.74349554940602
MEAS_R000442,C013,20260523,2,38.90954773814833,0.1826904856876757,39.092238223836006,7.105427357601002e-15,39.09223822383601,39.09223822383601
MEAS_R000447,C014,20260523,2,38.90954773814833,-0.6138638749785494,38.295683863169785,0.0,38.295683863169785,38.295683863169785
MEAS_R000450,C016,20260523,2,38.90954773814833,-0.3001686895084761,38.60937904863986,0.0,38.60937904863986,38.60937904863986
MEAS_R000453,C016,20260523,2,38.90954773814833,-0.17451663519297075,38.73503110295536,7.105427357601002e-15,38.73503110295537,38.73503110295537
MEAS_R000454,C016,20260523,2,38.90954773814833,-0.29972407358595576,38.60982366456238,7.105427357601002e-15,38.609823664562384,38.609823664562384
MEAS_R000461,C018,20260523,2,38.90954773814833,-0.13056149321911772,38.778986244929214,0.0,38.778986244929214,38.778986244929214
MEAS_R000463,C018,20260523,2,38.90954773814833,-0.15829794878005418,38.75124978936828,7.105427357601002e-15,38.75124978936829,38.75124978936829
MEAS_R000465,C019,20260523,2,38.90954773814833,0.4998324437981463,39.40938018194648,0.0,39.40938018194648,39.40938018194648
MEAS_R000467,C019,20260523,2,38.90954773814833,0.6929369273011622,39.602484665449495,0.0,39.602484665449495,39.602484665449495
MEAS_R000470,C020,20260523,2,38.90954773814833,0.6486984285294013,39.55824616667773,7.105427357601002e-15,39.55824616667774,39.55824616667774
MEAS_R000471,C021,20260523,2,38.90954773814833,-0.6426522267431208,38.26689551140521,7.105427357601002e-15,38.26689551140522,38.26689551140522
MEAS_R000480,C022,20260523,2,38.90954773814833,-0.6205492562964706,38.28899848185186,0.0,38.28899848185186,38.28899848185186
MEAS_R000490,C025,20260523,2,38.90954773814833,0.3838072200692744,39.293354958217606,7.105427357601002e-15,39.29335495821761,39.29335495821761
MEAS_R000491,C025,20260523,2,38.90954773814833,0.5100895145542412,39.41963725270257,7.105427357601002e-15,39.41963725270258,39.41963725270258
MEAS_R000496,C026,20260523,2,38.90954773814833,-0.2652883200860276,38.644259418062305,0.0,38.644259418062305,38.64425941806231
MEAS_R000498,C026,20260523,2,38.90954773814833,-0.22195705549302303,38.68759068265531,0.0,38.68759068265531,38.68759068265531
MEAS_R000503,C026,20260523,2,38.90954773814833,-0.321244434197396,38.58830330395094,0.0,38.58830330395094,38.58830330395094
MEAS_R000506,C027,20260523,2,38.90954773814833,-0.24057287201631095,38.668974866132025,0.0,38.668974866132025,38.668974866132025
MEAS_R000513,C029,20260523,2,38.90954773814833,-0.617383668073598,38.29216407007473,7.105427357601002e-15,38.29216407007474,38.29216407007474
MEAS_R000515,C029,20260523,2,38.90954773814833,-0.6423846153520452,38.26716312279629,0.0,38.26716312279629,38.26716312279629
MEAS_R000003,C021,20260523,3,38.91674418646186,-0.7098036781193146,38.20694050834255,7.105427357601002e-15,38.206940508342555,38.20694050834256
MEAS_R000008,C021,20260523,3,38.91674418646186,-0.6978832853529308,38.21886090110893,7.105427357601002e-15,38.21886090110894,38.21886090110894
MEAS_R000013,C003,20260523,3,38.91674418646186,-0.41259555969158007,38.50414862677028,7.105427357601002e-15,38.50414862677029,38.50414862677029
MEAS_R000029,C002,20260523,3,38.91674418646186,0.05090824509920477,38.96765243156107,0.0,38.96765243156107,38.96765243156107
MEAS_R000032,C002,20260523,3,38.91674418646186,0.526337261053317,39.443081447515176,7.105427357601002e-15,39.44308144751518,39.44308144751518
MEAS_R000035,C029,20260523,3,38.91674418646186,-0.5574768322857758,38.35926735417608,7.105427357601002e-15,38.35926735417609,38.35926735417609
MEAS_R000042,C029,20260523,3,38.91674418646186,-0.6454282538819205,38.271315932579945,7.105427357601002e-15,38.27131593257995,38.27131593257995
MEAS_R000046,C029,20260523,3,38.91674418646186,-0.5437811234136514,38.37296306304821,7.105427357601002e-15,38.37296306304822,38.37296306304822
MEAS_R000050,C001,20260523,3,38.91674418646186,-0.7343836805416644,38.1823605059202,0.0,38.1823605059202,38.1823605059202
MEAS_R000054,C001,20260523,3,38.91674418646186,-0.7170429241953346,38.19970126226653,0.0,38.19970126226653,38.19970126226653
MEAS_R000057,C001,20260523,3,38.91674418646186,-0.5466751125728115,38.37006907388905,7.105427357601002e-15,38.370069073889056,38.370069073889056
MEAS_R000063,C027,20260523,3,38.91674418646186,0.9338155000536453,39.85055968651551,0.0,39.85055968651551,39.85055968651551
MEAS_R000066,C027,20260523,3,38.91674418646186,-0.24524609163552333,38.67149809482634,7.105427357601002e-15,38.67149809482635,38.67149809482635
MEAS_R000079,C026,20260523,3,38.91674418646186,-0.1869820073446123,38.72976217911725,0.0,38.72976217911725,38.72976217911725
MEAS_R000082,C016,20260523,3,38.91674418646186,-0.34968225592094243,38.56706193054092,0.0,38.56706193054092,38.56706193054092
MEAS_R000084,C016,20260523,3,38.91674418646186,-0.35246424160748646,38.56427994485438,0.0,38.56427994485438,38.56427994485438
MEAS_R000100,C022,20260523,3,38.91674418646186,-0.4727739806610677,38.443970205800795,0.0,38.443970205800795,38.4439702058008
MEAS_R000107,C014,20260523,3,38.91674418646186,-0.8404054271406378,38.076338759321224,7.105427357601002e-15,38.07633875932123,38.07633875932123
MEAS_R000118,C023,20260523,3,38.91674418646186,-0.1836459162147124,38.73309827024715,7.105427357601002e-15,38.733098270247154,38.733098270247154
MEAS_R000123,C023,20260523,3,38.91674418646186,0.03581982856752092,38.95256401502938,7.105427357601002e-15,38.95256401502939,38.95256401502939
MEAS_R000124,C023,20260523,3,38.91674418646186,0.01999001660641496,38.936734203068276,0.0,38.936734203068276,38.93673420306828
MEAS_R000130,C011,20260523,3,38.91674418646186,-0.6681165431952338,38.24862764326663,0.0,38.24862764326663,38.24862764326663
MEAS_R000146,C004,20260523,3,38.91674418646186,-1.3138678381523188,37.60287634830954,7.105427357601002e-15,37.60287634830955,37.60287634830955
MEAS_R000147,C004,20260523,3,38.91674418646186,-1.334299020540716,37.58244516592114,7.105427357601002e-15,37.58244516592115,37.58244516592115
MEAS_R000149,C004,20260523,3,38.91674418646186,-1.1612250485991211,37.75551913786274,0.0,37.75551913786274,37.75551913786274
MEAS_R000153,C028,20260523,3,38.91674418646186,1.2541457386560062,40.17088992511787,7.105427357601002e-15,40.170889925117876,40.17088992511788
MEAS_R000158,C028,20260523,3,38.91674418646186,1.2997504221807914,40.216494608642655,0.0,40.216494608642655,40.216494608642655
MEAS_R000160,C028,20260523,3,38.91674418646186,1.1644033099931588,40.081147496455024,0.0,40.081147496455024,40.081147496455024
MEAS_R000164,C008,20260523,3,38.91674418646186,-0.5585465039089736,38.35819768255289,0.0,38.35819768255289,38.35819768255289
MEAS_R000166,C008,20260523,3,38.91674418646186,-0.7754605934996084,38.14128359296225,7.105427357601002e-15,38.14128359296226,38.14128359296226
MEAS_R000168,C008,20260523,3,38.91674418646186,-0.7808656915091714,38.13587849495269,0.0,38.13587849495269,38.13587849495269
MEAS_R000181,C030,20260523,3,38.91674418646186,1.3038242100900161,40.220568396551876,7.105427357601002e-15,40.22056839655188,40.22056839655188
MEAS_R000188,C030,20260523,3,38.91674418646186,1.0768896617490977,39.99363384821096,0.0,39.99363384821096,39.99363384821096
MEAS_R000189,C030,20260523,3,38.91674418646186,1.184318800533044,40.101062986994904,7.105427357601002e-15,40.10106298699491,40.10106298699491
MEAS_R000195,C018,20260523,3,38.91674418646186,-0.12691539930633752,38.78982878715553,0.0,38.78982878715553,38.78982878715553
MEAS_R000203,C025,20260523,3,38.91674418646186,0.44344055452389464,39.36018474098576,7.105427357601002e-15,39.360184740985765,39.360184740985765
MEAS_R000204,C025,20260523,3,38.91674418646186,0.4464119644613122,39.363156150923174,7.105427357601002e-15,39.36315615092318,39.36315615092318
MEAS_R000212,C010,20260523,3,38.91674418646186,-0.31198383908656707,38.6047603473753,0.0,38.6047603473753,38.6047603473753
MEAS_R000216,C010,20260523,3,38.91674418646186,-0.3100369026941842,38.606707283767676,0.0,38.606707283767676,38.60670728376768
MEAS_R000217,C010,20260523,3,38.91674418646186,-0.21094297098519965,38.70580121547666,7.105427357601002e-15,38.70580121547667,38.70580121547667
MEAS_R000219,C010,20260523,3,38.91674418646186,-0.20311204009341138,38.713632146368454,0.0,38.713632146368454,38.71363214636845
MEAS_R000229,C019,20260523,3,38.91674418646186,0.4777568797595826,39.394501066221444,7.105427357601002e-15,39.39450106622145,39.39450106622145
MEAS_R000231,C019,20260523,3,38.91674418646186,0.5623345854284542,39.479078771890315,7.105427357601002e-15,39.47907877189032,39.47907877189032
MEAS_R000238,C005,20260523,3,38.91674418646186,-1.0478319844251711,37.86891220203669,7.105427357601002e-15,37.8689122020367,37.8689122020367
MEAS_R000244,C005,20260523,3,38.91674418646186,-0.675792222355025,38.240951964106834,7.105427357601002e-15,38.24095196410684,38.24095196410684
MEAS_R000246,C005,20260523,3,38.91674418646186,-1.0377333082981584,37.879010878163704,0.0,37.879010878163704,37.8790108781637
MEAS_R000251,C005,20260523,3,38.91674418646186,-1.0387019292475959,37.87804225721427,7.105427357601002e-15,37.878042257214275,37.87804225721428
MEAS_R000260,C017,20260523,3,38.91674418646186,0.4803051000025446,39.39704928646441,0.0,39.39704928646441,39.39704928646441
MEAS_R000265,C017,20260523,3,38.91674418646186,0.3954005417061116,39.31214472816797,7.105427357601002e-15,39.31214472816798,39.31214472816798
MEAS_R000266,C017,20260523,3,38.91674418646186,1.0706900276330482,39.98743421409491,7.105427357601002e-15,39.98743421409492,39.98743421409492
MEAS_R000269,C020,20260523,3,38.91674418646186,-0.0339639181793433,38.88278026828252,7.105427357601002e-15,38.882780268282524,38.88278026828253
MEAS_R000276,C020,20260523,3,38.91674418646186,0.20589505990314577,39.12263924636501,0.0,39.12263924636501,39.12263924636501
MEAS_R000280,C020,20260523,3,38.91674418646186,0.6719155174608753,39.58865970392274,7.105427357601002e-15,39.588659703922744,39.58865970392274
MEAS_R000283,C020,20260523,3,38.91674418646186,1.2924246041697327,40.209168790631594,7.105427357601002e-15,40.2091687906316,40.2091687906316
MEAS_R000289,C009,20260523,3,38.91674418646186,1.5542012880237774,40.47094547448564,7.105427357601002e-15,40.470945474485646,40.470945474485646
MEAS_R000302,C012,20260523,3,38.91674418646186,0.716764254295075,39.633508440756934,7.105427357601002e-15,39.63350844075694,39.63350844075694
MEAS_R000306,C006,20260523,3,38.91674418646186,0.6639325494025481,39.58067673586441,7.105427357601002e-15,39.580676735864415,39.580676735864415
MEAS_R000311,C006,20260523,3,38.91674418646186,0.13372483244173716,39.0504690189036,7.105427357601002e-15,39.050469018903605,39.050469018903605
MEAS_R000313,C006,20260523,3,38.91674418646186,0.8090511270525269,39.72579531351439,0.0,39.72579531351439,39.72579531351439
MEAS_R000320,C015,20260523,3,38.91674418646186,0.1984034457550338,39.115147632216896,7.105427357601002e-15,39.1151476322169,39.1151476322169
MEAS_R000325,C015,20260523,3,38.91674418646186,-0.20501593127254156,38.71172825518932,0.0,38.71172825518932,38.71172825518932
MEAS_R000334,C015,20260523,3,38.91674418646186,-0.3955079433626201,38.521236243099246,7.105427357601002e-15,38.52123624309925,38.52123624309925
MEAS_R000336,C015,20260523,3,38.91674418646186,0.20924982561115757,39.12599401207302,0.0,39.12599401207302,39.12599401207302
MEAS_R000339,C007,20260523,3,38.91674418646186,0.02291551096659101,38.93965969742845,7.105427357601002e-15,38.93965969742846,38.93965969742846
MEAS_R000345,C007,20260523,3,38.91674418646186,0.039102623883364045,38.95584681034523,0.0,38.95584681034523,38.95584681034523
MEAS_R000351,C007,20260523,3,38.91674418646186,1.461442421843006,40.378186608304866,7.105427357601002e-15,40.37818660830487,40.37818660830487
MEAS_R000355,C007,20260523,3,38.91674418646186,0.805380564923933,39.72212475138579,7.105427357601002e-15,39.7221247513858,39.7221247513858
MEAS_R000357,C013,20260523,3,38.91674418646186,0.18126879326538825,39.09801297972725,7.105427357601002e-15,39.09801297972726,39.09801297972726
MEAS_R000373,C024,20260523,3,38.91674418646186,-0.7521941054596741,38.16455008100219,0.0,38.16455008100219,38.16455008100219
MEAS_R000374,C024,20260523,3,38.91674418646186,0.1240463329728671,39.04079051943473,7.105427357601002e-15,39.040790519434736,39.040790519434736
MEAS_R000383,C024,20260523,3,38.91674418646186,1.6588884783450406,40.5756326648069,7.105427357601002e-15,40.57563266480691,40.57563266480691
MEAS_R000385,C001,20260523,3,38.91674418646186,-0.5953415106395394,38.32140267582232,7.105427357601002e-15,38.32140267582233,38.32140267582233
MEAS_R000391,C002,20260523,3,38.91674418646186,0.040838020973558764,38.95758220743542,0.0,38.95758220743542,38.95758220743542
MEAS_R000392,C003,20260523,3,38.91674418646186,-0.416522905863704,38.50022128059816,7.105427357601002e-15,38.50022128059817,38.50022128059817
MEAS_R000407,C006,20260523,3,38.91674418646186,0.65457586751722,39.57132005397908,7.105427357601002e-15,39.571320053979086,39.571320053979086
MEAS_R000430,C011,20260523,3,38.91674418646186,-0.7918274109323077,38.124916775529556,0.0,38.124916775529556,38.12491677552956
MEAS_R000445,C013,20260523,3,38.91674418646186,0.1805013131634299,39.097245499625295,0.0,39.097245499625295,39.097245499625295
MEAS_R000449,C014,20260523,3,38.91674418646186,-0.6147009201983674,38.302043266263496,0.0,38.302043266263496,38.302043266263496
MEAS_R000456,C016,20260523,3,38.91674418646186,-0.08501866641997985,38.831725520041886,0.0,38.831725520041886,38.831725520041886
MEAS_R000460,C018,20260523,3,38.91674418646186,-0.1180341621771685,38.798710024284695,7.105427357601002e-15,38.7987100242847,38.7987100242847
MEAS_R000462,C018,20260523,3,38.91674418646186,-0.15843041049569867,38.758313775966165,7.105427357601002e-15,38.75831377596617,38.75831377596617
MEAS_R000466,C019,20260523,3,38.91674418646186,0.607319751002676,39.52406393746454,7.105427357601002e-15,39.52406393746455,39.52406393746455
MEAS_R000472,C021,20260523,3,38.91674418646186,-0.5445022024173506,38.372241984044514,7.105427357601002e-15,38.37224198404452,38.37224198404452
MEAS_R000476,C021,20260523,3,38.91674418646186,-0.6073058644214134,38.30943832204045,7.105427357601002e-15,38.30943832204046,38.30943832204046
MEAS_R000482,C023,20260523,3,38.91674418646186,0.012134350673862522,38.92887853713572,7.105427357601002e-15,38.92887853713573,38.92887853713573
MEAS_R000493,C025,20260523,3,38.91674418646186,0.476246022363488,39.39299020882535,0.0,39.39299020882535,39.39299020882535
MEAS_R000494,C026,20260523,3,38.91674418646186,-0.29176228528050124,38.624981901181364,0.0,38.624981901181364,38.62498190118136
MEAS_R000501,C026,20260523,3,38.91674418646186,-0.2860166081760541,38.63072757828581,7.105427357601002e-15,38.630727578285814,38.63072757828581
MEAS_R000507,C027,20260523,3,38.91674418646186,0.840836341213359,39.75758052767522,0.0,39.75758052767522,39.75758052767522
MEAS_R000517,C029,20260523,3,38.91674418646186,-0.6354784313857622,38.2812657550761,7.105427357601002e-15,38.281265755076106,38.281265755076106
MEAS_R000001,C021,20260523,4,38.91511627920176,-0.6309520069860013,38.28416427221576,0.0,38.28416427221576,38.28416427221576
MEAS_R000002,C021,20260523,4,38.91511627920176,-0.7041767296092145,38.210939549592545,0.0,38.210939549592545,38.21093954959255
MEAS_R000012,C003,20260523,4,38.91511627920176,-0.42532535960008117,38.48979091960168,0.0,38.48979091960168,38.48979091960168
MEAS_R000015,C003,20260523,4,38.91511627920176,-0.44074316358206245,38.4743731156197,0.0,38.4743731156197,38.4743731156197
MEAS_R000020,C003,20260523,4,38.91511627920176,-0.18606940122150767,38.72904687798025,0.0,38.72904687798025,38.72904687798025
MEAS_R000025,C002,20260523,4,38.91511627920176,0.1350235330365482,39.05013981223831,0.0,39.05013981223831,39.05013981223831
MEAS_R000030,C002,20260523,4,38.91511627920176,0.1449042132964165,39.060020492498175,0.0,39.060020492498175,39.060020492498175
MEAS_R000033,C002,20260523,4,38.91511627920176,0.22330973499730966,39.13842601419907,0.0,39.13842601419907,39.13842601419907
MEAS_R000036,C029,20260523,4,38.91511627920176,-0.557650255451746,38.357466023750014,0.0,38.357466023750014,38.357466023750014
MEAS_R000045,C029,20260523,4,38.91511627920176,-0.3656168771515881,38.549499402050174,0.0,38.549499402050174,38.549499402050174
MEAS_R000049,C001,20260523,4,38.91511627920176,-0.48893219039484587,38.42618408880691,7.105427357601002e-15,38.42618408880692,38.42618408880692
MEAS_R000056,C001,20260523,4,38.91511627920176,-0.7377096169077989,38.17740666229396,0.0,38.17740666229396,38.17740666229396
MEAS_R000060,C001,20260523,4,38.91511627920176,-0.7195978763871238,38.195518402814635,0.0,38.195518402814635,38.19551840281464
MEAS_R000061,C027,20260523,4,38.91511627920176,0.02069419976314629,38.93581047896491,0.0,38.93581047896491,38.93581047896491
MEAS_R000065,C027,20260523,4,38.91511627920176,-0.12704861777415916,38.788067661427604,0.0,38.788067661427604,38.7880676614276
MEAS_R000068,C027,20260523,4,38.91511627920176,-0.12184761495561588,38.79326866424615,-7.105427357601002e-15,38.79326866424614,38.79326866424614
MEAS_R000077,C026,20260523,4,38.91511627920176,-0.1343823050599566,38.7807339741418,0.0,38.7807339741418,38.7807339741418
MEAS_R000081,C016,20260523,4,38.91511627920176,-0.28070168495196623,38.6344145942498,0.0,38.6344145942498,38.6344145942498
MEAS_R000090,C022,20260523,4,38.91511627920176,-0.602085760058492,38.31303051914327,0.0,38.31303051914327,38.31303051914327
MEAS_R000092,C022,20260523,4,38.91511627920176,-0.452714054495032,38.46240222470673,0.0,38.46240222470673,38.46240222470673
MEAS_R000096,C022,20260523,4,38.91511627920176,-0.4184141136242566,38.4967021655775,0.0,38.4967021655775,38.4967021655775
MEAS_R000106,C014,20260523,4,38.91511627920176,-0.8167174828632215,38.09839879633854,0.0,38.09839879633854,38.09839879633854
MEAS_R000119,C023,20260523,4,38.91511627920176,0.011514805074606596,38.926631084276366,0.0,38.926631084276366,38.926631084276366
MEAS_R000121,C023,20260523,4,38.91511627920176,0.0049651789976544874,38.92008145819942,-7.105427357601002e-15,38.92008145819941,38.92008145819941
MEAS_R000128,C023,20260523,4,38.91511627920176,0.18638303041398424,39.10149930961575,0.0,39.10149930961575,39.10149930961575
MEAS_R000135,C011,20260523,4,38.91511627920176,-0.59109874135151,38.32401753785025,0.0,38.32401753785025,38.32401753785025
MEAS_R000138,C011,20260523,4,38.91511627920176,-0.511631710762114,38.403484568439644,0.0,38.403484568439644,38.40348456843965
MEAS_R000139,C004,20260523,4,38.91511627920176,-1.1132674699658365,37.80184880923593,-7.105427357601002e-15,37.80184880923592,37.80184880923592
MEAS_R000143,C004,20260523,4,38.91511627920176,-1.2947705788565957,37.62034570034517,0.0,37.62034570034517,37.62034570034517
MEAS_R000157,C028,20260523,4,38.91511627920176,1.1666819104851143,40.08179818968688,0.0,40.08179818968688,40.08179818968688
MEAS_R000161,C028,20260523,4,38.91511627920176,1.3185062412142545,40.23362252041601,7.105427357601002e-15,40.23362252041602,40.23362252041602
MEAS_R000165,C008,20260523,4,38.91511627920176,-0.708141979276773,38.20697429992499,0.0,38.20697429992499,38.20697429992499
MEAS_R000175,C008,20260523,4,38.91511627920176,-0.7311043186810562,38.18401196052071,0.0,38.18401196052071,38.18401196052071
MEAS_R000186,C030,20260523,4,38.91511627920176,1.2378524826614195,40.15296876186318,0.0,40.15296876186318,40.15296876186318
MEAS_R000193,C018,20260523,4,38.91511627920176,-0.12695162967638468,38.78816464952538,0.0,38.78816464952538,38.78816464952538
MEAS_R000199,C018,20260523,4,38.91511627920176,-0.12279154539558781,38.792324733806176,-7.105427357601002e-15,38.79232473380617,38.79232473380617
MEAS_R000201,C018,20260523,4,38.91511627920176,-0.15277574091526355,38.762340538286495,0.0,38.762340538286495,38.762340538286495
MEAS_R000205,C025,20260523,4,38.91511627920176,0.4598030986558621,39.37491937785762,0.0,39.37491937785762,39.37491937785762
MEAS_R000209,C025,20260523,4,38.91511627920176,0.4287364880983515,39.34385276730011,0.0,39.34385276730011,39.34385276730011
MEAS_R000214,C010,20260523,4,38.91511627920176,-0.33029843261237835,38.58481784658938,0.0,38.58481784658938,38.58481784658938
MEAS_R000221,C010,20260523,4,38.91511627920176,-0.30158628734849324,38.61352999185327,0.0,38.61352999185327,38.61352999185327
MEAS_R000225,C019,20260523,4,38.91511627920176,0.5942528740840185,39.50936915328578,0.0,39.50936915328578,39.50936915328578
MEAS_R000228,C019,20260523,4,38.91511627920176,0.5833820357105011,39.49849831491226,0.0,39.49849831491226,39.49849831491226
MEAS_R000232,C019,20260523,4,38.91511627920176,0.5640571673058463,39.47917344650761,0.0,39.47917344650761,39.47917344650761
MEAS_R000240,C005,20260523,4,38.91511627920176,-1.0084329612246643,37.9066833179771,0.0,37.9066833179771,37.9066833179771
MEAS_R000241,C005,20260523,4,38.91511627920176,-1.164689207427051,37.75042707177471,0.0,37.75042707177471,37.75042707177471
MEAS_R000250,C005,20260523,4,38.91511627920176,-1.1233588891160204,37.79175739008574,0.0,37.79175739008574,37.79175739008574
MEAS_R000257,C017,20260523,4,38.91511627920176,0.5146802392940428,39.429796518495806,0.0,39.429796518495806,39.429796518495806
MEAS_R000258,C017,20260523,4,38.91511627920176,0.5136150408335783,39.42873132003534,0.0,39.42873132003534,39.42873132003534
MEAS_R000264,C017,20260523,4,38.91511627920176,0.9866396411317799,39.90175592033354,0.0,39.90175592033354,39.90175592033354
MEAS_R000270,C020,20260523,4,38.91511627920176,0.20383037109304333,39.1189466502948,0.0,39.1189466502948,39.1189466502948
MEAS_R000273,C020,20260523,4,38.91511627920176,0.21966066456639996,39.13477694376816,0.0,39.13477694376816,39.13477694376816
MEAS_R000277,C020,20260523,4,38.91511627920176,0.6282614831552678,39.54337776235703,0.0,39.54337776235703,39.54337776235703
MEAS_R000286,C009,20260523,4,38.91511627920176,0.6587653375849848,39.57388161678675,0.0,39.57388161678675,39.57388161678675
MEAS_R000294,C012,20260523,4,38.91511627920176,0.17917165378897437,39.09428793299074,-7.105427357601002e-15,39.09428793299073,39.09428793299073
MEAS_R000295,C012,20260523,4,38.91511627920176,0.175146600621826,39.09026287982359,-7.105427357601002e-15,39.090262879823584,39.090262879823584
MEAS_R000304,C012,20260523,4,38.91511627920176,1.422910586221494,40.33802686542325,0.0,40.33802686542325,40.33802686542325
MEAS_R000312,C006,20260523,4,38.91511627920176,0.3422743415822019,39.257390620783966,-7.105427357601002e-15,39.25739062078396,39.25739062078396
MEAS_R000315,C006,20260523,4,38.91511627920176,0.3416885604454585,39.25680483964722,0.0,39.25680483964722,39.25680483964722
MEAS_R000317,C006,20260523,4,38.91511627920176,0.0790972945138289,38.99421357371559,0.0,38.99421357371559,38.99421357371559
MEAS_R000328,C015,20260523,4,38.91511627920176,-0.12741775721501733,38.78769852198674,0.0,38.78769852198674,38.78769852198674
MEAS_R000329,C015,20260523,4,38.91511627920176,0.5933542610826328,39.50847054028439,0.0,39.50847054028439,39.50847054028439
MEAS_R000330,C015,20260523,4,38.91511627920176,-0.38253606158240516,38.532580217619355,0.0,38.532580217619355,38.53258021761936
MEAS_R000338,C007,20260523,4,38.91511627920176,0.05417851547820603,38.96929479467997,0.0,38.96929479467997,38.96929479467997
MEAS_R000341,C007,20260523,4,38.91511627920176,0.1941644222886187,39.10928070149038,0.0,39.10928070149038,39.10928070149038
MEAS_R000348,C007,20260523,4,38.91511627920176,0.5858808537018034,39.500997132903564,0.0,39.500997132903564,39.50099713290357
MEAS_R000356,C007,20260523,4,38.91511627920176,0.04968785522763622,38.9648041344294,-7.105427357601002e-15,38.96480413442939,38.96480413442939
MEAS_R000358,C013,20260523,4,38.91511627920176,0.10472135611380683,39.01983763531557,0.0,39.01983763531557,39.01983763531557
MEAS_R000359,C013,20260523,4,38.91511627920176,0.10224823933732083,39.01736451853908,0.0,39.01736451853908,39.01736451853908
MEAS_R000367,C024,20260523,4,38.91511627920176,-0.6539433860712667,38.26117289313049,0.0,38.26117289313049,38.26117289313049
MEAS_R000377,C024,20260523,4,38.91511627920176,1.6040490930069344,40.5191653722087,-7.105427357601002e-15,40.51916537220869,40.51916537220869
MEAS_R000378,C024,20260523,4,38.91511627920176,-0.4777488825014997,38.43736739670026,0.0,38.43736739670026,38.43736739670026
MEAS_R000387,C001,20260523,4,38.91511627920176,-0.731852839986172,38.18326343921559,0.0,38.18326343921559,38.18326343921559
MEAS_R000394,C003,20260523,4,38.91511627920176,-0.4366319291349491,38.478484350066815,-7.105427357601002e-15,38.47848435006681,38.47848435006681
MEAS_R000400,C004,20260523,4,38.91511627920176,-1.3453712428388653,37.569745036362896,0.0,37.569745036362896,37.569745036362896
MEAS_R000414,C008,20260523,4,38.91511627920176,-0.7069624141715272,38.20815386503023,0.0,38.20815386503023,38.20815386503023
MEAS_R000420,C009,20260523,4,38.91511627920176,0.6713613331283557,39.586477612330114,0.0,39.586477612330114,39.586477612330114
MEAS_R000423,C010,20260523,4,38.91511627920176,-0.20232820890478093,38.71278807029698,0.0,38.71278807029698,38.71278807029698
MEAS_R000429,C011,20260523,4,38.91511627920176,-0.5034778169697001,38.41163846223206,0.0,38.41163846223206,38.41163846223206
MEAS_R000436,C012,20260523,4,38.91511627920176,1.426197739205601,40.34131401840736,0.0,40.34131401840736,40.34131401840736
MEAS_R000448,C014,20260523,4,38.91511627920176,-0.6006359225246294,38.31448035667713,0.0,38.31448035667713,38.31448035667713
MEAS_R000455,C016,20260523,4,38.91511627920176,-0.22677888549271213,38.68833739370905,0.0,38.68833739370905,38.68833739370905
MEAS_R000474,C021,20260523,4,38.91511627920176,-0.7040545178361632,38.2110617613656,0.0,38.2110617613656,38.2110617613656
MEAS_R000475,C021,20260523,4,38.91511627920176,-0.6989559748032075,38.21616030439856,-7.105427357601002e-15,38.21616030439855,38.21616030439855
MEAS_R000492,C025,20260523,4,38.91511627920176,0.49490152600434223,39.4100178052061,0.0,39.4100178052061,39.4100178052061
MEAS_R000499,C026,20260523,4,38.91511627920176,-0.23685916852562156,38.67825711067614,0.0,38.67825711067614,38.67825711067614
MEAS_R000505,C027,20260523,4,38.91511627920176,0.03803820804096238,38.95315448724272,0.0,38.95315448724272,38.95315448724272
MEAS_R000511,C028,20260523,4,38.91511627920176,1.2724690501814986,40.18758532938326,0.0,40.18758532938326,40.18758532938326
MEAS_R000518,C030,20260523,4,38.91511627920176,1.3217130644630324,40.236829343664795,0.0,40.236829343664795,40.2368293436648
MEAS_R000520,C030,20260523,4,38.91511627920176,1.3066484004959666,40.22176467969773,0.0,40.22176467969773,40.22176467969773
MEAS_R000006,C021,20260523,5,38.890214795702306,-0.6129683308122353,38.27724646489007,0.0,38.27724646489007,38.27724646489007
MEAS_R000014,C003,20260523,5,38.890214795702306,-0.4220772911380759,38.46813750456423,-7.105427357601002e-15,38.468137504564226,38.46813750456423
MEAS_R000016,C003,20260523,5,38.890214795702306,-0.4293303076051762,38.46088448809713,0.0,38.46088448809713,38.46088448809713
MEAS_R000022,C002,20260523,5,38.890214795702306,0.2802214156337219,39.170436211336025,0.0,39.170436211336025,39.170436211336025
MEAS_R000026,C002,20260523,5,38.890214795702306,0.11392870831349708,39.0041435040158,0.0,39.0041435040158,39.0041435040158
MEAS_R000039,C029,20260523,5,38.890214795702306,-0.6068748858255839,38.28333990987672,0.0,38.28333990987672,38.28333990987672
MEAS_R000043,C029,20260523,5,38.890214795702306,-0.4621556654139585,38.42805913028835,0.0,38.42805913028835,38.42805913028835
MEAS_R000048,C001,20260523,5,38.890214795702306,-0.43277360604404347,38.45744118965826,0.0,38.45744118965826,38.45744118965826
MEAS_R000051,C001,20260523,5,38.890214795702306,-0.6933786590213256,38.19683613668098,0.0,38.19683613668098,38.19683613668098
MEAS_R000064,C027,20260523,5,38.890214795702306,-0.05682437546130945,38.833390420240995,0.0,38.833390420240995,38.833390420241
MEAS_R000071,C027,20260523,5,38.890214795702306,0.04821349649852909,38.93842829220083,0.0,38.93842829220083,38.93842829220083
MEAS_R000075,C026,20260523,5,38.890214795702306,-0.30536025031996045,38.58485454538235,-7.105427357601002e-15,38.58485454538234,38.58485454538234
MEAS_R000086,C016,20260523,5,38.890214795702306,-0.2011414639264466,38.68907333177586,0.0,38.68907333177586,38.68907333177586
MEAS_R000087,C016,20260523,5,38.890214795702306,-0.16335638246673181,38.726858413235576,0.0,38.726858413235576,38.726858413235576
MEAS_R000089,C022,20260523,5,38.890214795702306,-0.4523186651334463,38.43789613056886,0.0,38.43789613056886,38.43789613056886
MEAS_R000099,C022,20260523,5,38.890214795702306,-0.46105398112073587,38.42916081458157,0.0,38.42916081458157,38.42916081458157
MEAS_R000103,C014,20260523,5,38.890214795702306,-0.5226021590161387,38.36761263668617,0.0,38.36761263668617,38.36761263668617
MEAS_R000104,C014,20260523,5,38.890214795702306,-0.6893422013041148,38.20087259439819,0.0,38.20087259439819,38.20087259439819
MEAS_R000114,C014,20260523,5,38.890214795702306,-0.4811764204657558,38.40903837523655,0.0,38.40903837523655,38.40903837523655
MEAS_R000116,C023,20260523,5,38.890214795702306,0.16429333770281787,39.05450813340512,0.0,39.05450813340512,39.05450813340512
MEAS_R000125,C023,20260523,5,38.890214795702306,0.037026473389173274,38.92724126909148,0.0,38.92724126909148,38.92724126909148
MEAS_R000126,C023,20260523,5,38.890214795702306,0.40613565346917313,39.29635044917148,0.0,39.29635044917148,39.29635044917148
MEAS_R000131,C011,20260523,5,38.890214795702306,-0.8281874121797421,38.06202738352256,0.0,38.06202738352256,38.06202738352256
MEAS_R000136,C011,20260523,5,38.890214795702306,-0.6814684781417681,38.20874631756054,0.0,38.20874631756054,38.20874631756054
MEAS_R000137,C011,20260523,5,38.890214795702306,-0.6872353944395481,38.20297940126276,0.0,38.20297940126276,38.20297940126276
MEAS_R000142,C004,20260523,5,38.890214795702306,-1.2382744646426649,37.65194033105964,0.0,37.65194033105964,37.65194033105964
MEAS_R000145,C004,20260523,5,38.890214795702306,-1.2257533077261862,37.66446148797612,0.0,37.66446148797612,37.66446148797612
MEAS_R000152,C028,20260523,5,38.890214795702306,1.2746842721998777,40.164899067902184,0.0,40.164899067902184,40.16489906790218
MEAS_R000154,C028,20260523,5,38.890214795702306,1.2760833733560435,40.16629816905835,0.0,40.16629816905835,40.16629816905835
MEAS_R000180,C030,20260523,5,38.890214795702306,1.3703009651704914,40.2605157608728,-7.105427357601002e-15,40.26051576087279,40.26051576087279
MEAS_R000184,C030,20260523,5,38.890214795702306,1.2607175910871589,40.150932386789464,0.0,40.150932386789464,40.15093238678946
MEAS_R000187,C030,20260523,5,38.890214795702306,1.2776997217252628,40.16791451742757,0.0,40.16791451742757,40.16791451742757
MEAS_R000192,C018,20260523,5,38.890214795702306,-0.09652449280280387,38.7936903028995,7.105427357601002e-15,38.793690302899506,38.79369030289951
MEAS_R000194,C018,20260523,5,38.890214795702306,-0.1305905313800771,38.75962426432223,0.0,38.75962426432223,38.75962426432223
MEAS_R000197,C018,20260523,5,38.890214795702306,-0.13418625136675882,38.75602854433555,0.0,38.75602854433555,38.75602854433555
MEAS_R000206,C025,20260523,5,38.890214795702306,0.4862828842869187,39.37649767998923,-7.105427357601002e-15,39.37649767998922,39.37649767998922
MEAS_R000208,C025,20260523,5,38.890214795702306,0.4705169307945999,39.36073172649691,0.0,39.36073172649691,39.36073172649691
MEAS_R000218,C010,20260523,5,38.890214795702306,-0.3226021810955252,38.56761261460678,0.0,38.56761261460678,38.56761261460678
MEAS_R000222,C010,20260523,5,38.890214795702306,-0.3044392206778056,38.5857755750245,0.0,38.5857755750245,38.5857755750245
MEAS_R000227,C019,20260523,5,38.890214795702306,0.49932034285559435,39.3895351385579,-7.105427357601002e-15,39.389535138557896,39.389535138557896
MEAS_R000235,C019,20260523,5,38.890214795702306,0.5855065738393943,39.4757213695417,0.0,39.4757213695417,39.4757213695417
MEAS_R000237,C019,20260523,5,38.890214795702306,0.5946404211994227,39.48485521690173,0.0,39.48485521690173,39.48485521690173
MEAS_R000239,C005,20260523,5,38.890214795702306,-1.1231451389451732,37.76706965675713,0.0,37.76706965675713,37.76706965675713
MEAS_R000256,C017,20260523,5,38.890214795702306,0.5009726494203971,39.3911874451227,0.0,39.3911874451227,39.3911874451227
MEAS_R000262,C017,20260523,5,38.890214795702306,0.5773910198568454,39.46760581555915,0.0,39.46760581555915,39.46760581555915
MEAS_R000267,C017,20260523,5,38.890214795702306,0.48819706519752404,39.37841186089983,0.0,39.37841186089983,39.37841186089983
MEAS_R000268,C020,20260523,5,38.890214795702306,0.6834529777067686,39.57366777340908,0.0,39.57366777340908,39.57366777340908
MEAS_R000278,C020,20260523,5,38.890214795702306,0.6561374526175161,39.54635224831982,0.0,39.54635224831982,39.54635224831982
MEAS_R000281,C020,20260523,5,38.890214795702306,1.3418238121475672,40.23203860784987,0.0,40.23203860784987,40.23203860784987
MEAS_R000290,C009,20260523,5,38.890214795702306,0.8206056789975436,39.71082047469985,0.0,39.71082047469985,39.71082047469985
MEAS_R000292,C009,20260523,5,38.890214795702306,1.5763416364351168,40.46655643213742,0.0,40.46655643213742,40.46655643213742
MEAS_R000293,C012,20260523,5,38.890214795702306,1.4282649814232573,40.31847977712556,0.0,40.31847977712556,40.31847977712556
MEAS_R000299,C012,20260523,5,38.890214795702306,0.9592979247865835,39.84951272048889,0.0,39.84951272048889,39.84951272048889
MEAS_R000305,C012,20260523,5,38.890214795702306,1.4260811489018765,40.316295944604185,0.0,40.316295944604185,40.316295944604185
MEAS_R000309,C006,20260523,5,38.890214795702306,0.23230102741687603,39.12251582311918,7.105427357601002e-15,39.12251582311919,39.12251582311919
MEAS_R000319,C006,20260523,5,38.890214795702306,0.6728185227416907,39.563033318444,0.0,39.563033318444,39.563033318444
MEAS_R000322,C015,20260523,5,38.890214795702306,-0.6277675135530221,38.26244728214928,0.0,38.26244728214928,38.26244728214928
MEAS_R000331,C015,20260523,5,38.890214795702306,0.5245564410082975,39.41477123671061,0.0,39.41477123671061,39.41477123671061
MEAS_R000332,C015,20260523,5,38.890214795702306,0.5386102453752319,39.42882504107754,0.0,39.42882504107754,39.42882504107754
MEAS_R000343,C007,20260523,5,38.890214795702306,0.024558565246740167,38.91477336094905,-7.105427357601002e-15,38.91477336094904,38.91477336094904
MEAS_R000346,C007,20260523,5,38.890214795702306,0.976371962283189,39.866586757985495,0.0,39.866586757985495,39.866586757985495
MEAS_R000347,C007,20260523,5,38.890214795702306,0.6814321293496688,39.57164692505197,0.0,39.57164692505197,39.57164692505197
MEAS_R000360,C013,20260523,5,38.890214795702306,-0.24616701768678484,38.64404777801552,0.0,38.64404777801552,38.64404777801552
MEAS_R000361,C013,20260523,5,38.890214795702306,0.1268751121968491,39.017089907899155,0.0,39.017089907899155,39.01708990789916
MEAS_R000366,C013,20260523,5,38.890214795702306,0.232028741827348,39.122243537529656,0.0,39.122243537529656,39.122243537529656
MEAS_R000370,C024,20260523,5,38.890214795702306,-0.6991970847015712,38.19101771100073,0.0,38.19101771100073,38.19101771100073
MEAS_R000371,C024,20260523,5,38.890214795702306,-0.44340527667129437,38.446809519031014,0.0,38.446809519031014,38.44680951903101
MEAS_R000380,C024,20260523,5,38.890214795702306,1.3345987052748485,40.224813500977156,0.0,40.224813500977156,40.22481350097716
MEAS_R000388,C002,20260523,5,38.890214795702306,0.14206255191320166,39.032277347615505,0.0,39.032277347615505,39.03227734761551
MEAS_R000393,C003,20260523,5,38.890214795702306,-0.30421994523805973,38.585994850464246,0.0,38.585994850464246,38.585994850464246
MEAS_R000395,C003,20260523,5,38.890214795702306,-0.38490922288767393,38.505305572814635,0.0,38.505305572814635,38.50530557281464
MEAS_R000401,C004,20260523,5,38.890214795702306,-1.2242823002954397,37.665932495406864,0.0,37.665932495406864,37.665932495406864
MEAS_R000402,C005,20260523,5,38.890214795702306,-1.1038234837461913,37.786391311956116,-7.105427357601002e-15,37.78639131195611,37.78639131195611
MEAS_R000403,C005,20260523,5,38.890214795702306,-1.117363818660404,37.772850977041905,-7.105427357601002e-15,37.7728509770419,37.7728509770419
MEAS_R000406,C006,20260523,5,38.890214795702306,0.6508796596471298,39.54109445534944,0.0,39.54109445534944,39.54109445534944
MEAS_R000410,C008,20260523,5,38.890214795702306,-0.6769088051831246,38.21330599051918,0.0,38.21330599051918,38.21330599051918
MEAS_R000411,C008,20260523,5,38.890214795702306,-0.6866693934101991,38.20354540229211,0.0,38.20354540229211,38.20354540229211
MEAS_R000413,C008,20260523,5,38.890214795702306,-0.7770385157603891,38.11317627994192,0.0,38.11317627994192,38.11317627994192
MEAS_R000415,C009,20260523,5,38.890214795702306,0.7574026650091965,39.6476174607115,0.0,39.6476174607115,39.6476174607115
MEAS_R000417,C009,20260523,5,38.890214795702306,1.5737720814847793,40.46398687718708,0.0,40.46398687718708,40.46398687718708
MEAS_R000426,C010,20260523,5,38.890214795702306,-0.18588326718107828,38.70433152852123,0.0,38.70433152852123,38.70433152852123
MEAS_R000427,C011,20260523,5,38.890214795702306,-0.6100639473367158,38.280150848365594,-7.105427357601002e-15,38.28015084836559,38.28015084836559
MEAS_R000428,C011,20260523,5,38.890214795702306,-0.625669260224279,38.26454553547803,-7.105427357601002e-15,38.26454553547802,38.26454553547802
MEAS_R000431,C011,20260523,5,38.890214795702306,-0.752018341205956,38.13819645449635,0.0,38.13819645449635,38.13819645449635
MEAS_R000437,C012,20260523,5,38.890214795702306,1.3833017240604648,40.27351651976277,-7.105427357601002e-15,40.273516519762765,40.273516519762765
MEAS_R000438,C012,20260523,5,38.890214795702306,1.4240992887685413,40.314314084470844,7.105427357601002e-15,40.31431408447085,40.31431408447085
MEAS_R000439,C013,20260523,5,38.890214795702306,0.12174213298793722,39.011956928690246,-7.105427357601002e-15,39.01195692869024,39.01195692869024
MEAS_R000444,C013,20260523,5,38.890214795702306,0.23671556701124014,39.126930362713544,0.0,39.126930362713544,39.12693036271354
MEAS_R000446,C014,20260523,5,38.890214795702306,-0.8493393071807228,38.040875488521586,0.0,38.040875488521586,38.04087548852159
MEAS_R000451,C016,20260523,5,38.890214795702306,-0.27260070050241797,38.61761409519989,0.0,38.61761409519989,38.61761409519989
MEAS_R000452,C016,20260523,5,38.890214795702306,-0.1609999376727282,38.72921485802958,0.0,38.72921485802958,38.72921485802958
MEAS_R000459,C017,20260523,5,38.890214795702306,0.5237747387603726,39.41398953446268,0.0,39.41398953446268,39.41398953446268
MEAS_R000469,C020,20260523,5,38.890214795702306,1.3348283169997208,40.225043112702025,0.0,40.225043112702025,40.225043112702025
MEAS_R000481,C022,20260523,5,38.890214795702306,-0.49274037160991535,38.397474424092394,0.0,38.397474424092394,38.3974744240924
MEAS_R000483,C023,20260523,5,38.890214795702306,0.026265426234602887,38.91648022193691,0.0,38.91648022193691,38.91648022193691
MEAS_R000484,C023,20260523,5,38.890214795702306,0.3924392238965557,39.28265401959886,0.0,39.28265401959886,39.28265401959886
MEAS_R000486,C025,20260523,5,38.890214795702306,0.5232049560512119,39.413419751753516,0.0,39.413419751753516,39.41341975175352
MEAS_R000497,C026,20260523,5,38.890214795702306,-0.2207815825719875,38.66943321313032,0.0,38.66943321313032,38.66943321313032
MEAS_R000508,C027,20260523,5,38.890214795702306,-0.05248252704868145,38.837732268653625,0.0,38.837732268653625,38.837732268653625
MEAS_R000510,C028,20260523,5,38.890214795702306,1.2836614265427673,40.17387622224507,0.0,40.17387622224507,40.17387622224507
MEAS_R000514,C029,20260523,5,38.890214795702306,-0.5082592480539738,38.38195554764833,0.0,38.38195554764833,38.38195554764833
MEAS_R000008,C021,20260607,1,38.92040302369604,-0.6328406308659891,38.28756239283005,7.105427357601002e-15,38.287562392830054,38.28756239283005
MEAS_R000009,C021,20260607,1,38.92040302369604,-0.6235626329459671,38.29684039075007,7.105427357601002e-15,38.29684039075008,38.29684039075008
MEAS_R000015,C003,20260607,1,38.92040302369604,-0.4097300944237388,38.5106729292723,0.0,38.5106729292723,38.5106729292723
MEAS_R000016,C003,20260607,1,38.92040302369604,-0.40138060573315054,38.51902241796289,7.105427357601002e-15,38.519022417962894,38.519022417962894
MEAS_R000017,C003,20260607,1,38.92040302369604,-0.4023670270720112,38.51803599662403,7.105427357601002e-15,38.518035996624036,38.51803599662404
MEAS_R000026,C002,20260607,1,38.92040302369604,0.04489216314074111,38.965295186836784,7.105427357601002e-15,38.96529518683679,38.96529518683679
MEAS_R000028,C002,20260607,1,38.92040302369604,0.030869759118228996,38.95127278281427,0.0,38.95127278281427,38.95127278281427
MEAS_R000031,C002,20260607,1,38.92040302369604,0.30151704940379986,39.22192007309984,7.105427357601002e-15,39.221920073099845,39.221920073099845
MEAS_R000036,C029,20260607,1,38.92040302369604,-0.490003318057175,38.43039970563886,7.105427357601002e-15,38.43039970563887,38.43039970563887
MEAS_R000040,C029,20260607,1,38.92040302369604,-0.6473431531580741,38.27305987053796,7.105427357601002e-15,38.27305987053797,38.27305987053797
MEAS_R000045,C029,20260607,1,38.92040302369604,-0.400242115901719,38.52016090779432,7.105427357601002e-15,38.52016090779433,38.52016090779433
MEAS_R000053,C001,20260607,1,38.92040302369604,-0.7218520850996709,38.19855093859637,7.105427357601002e-15,38.19855093859638,38.19855093859638
MEAS_R000055,C001,20260607,1,38.92040302369604,-0.7516756280851348,38.1687273956109,1.4210854715202004e-14,38.168727395610915,38.16872739561092
MEAS_R000056,C001,20260607,1,38.92040302369604,-0.7399601363104804,38.18044288738556,7.105427357601002e-15,38.18044288738557,38.18044288738557
MEAS_R000066,C027,20260607,1,38.92040302369604,-0.13561182672626027,38.78479119696978,7.105427357601002e-15,38.784791196969785,38.784791196969785
MEAS_R000070,C027,20260607,1,38.92040302369604,0.1113155112501007,39.03171853494614,7.105427357601002e-15,39.031718534946144,39.031718534946144
MEAS_R000072,C027,20260607,1,38.92040302369604,0.06376277485032546,38.984165798546364,7.105427357601002e-15,38.98416579854637,38.98416579854637
MEAS_R000073,C026,20260607,1,38.92040302369604,-0.3038364404996354,38.6165665831964,7.105427357601002e-15,38.61656658319641,38.61656658319641
MEAS_R000077,C026,20260607,1,38.92040302369604,-0.15500159526647467,38.76540142842956,7.105427357601002e-15,38.76540142842957,38.76540142842957
MEAS_R000084,C016,20260607,1,38.92040302369604,-0.4285733675530802,38.49182965614296,7.105427357601002e-15,38.49182965614297,38.49182965614297
MEAS_R000086,C016,20260607,1,38.92040302369604,-0.25841797107362424,38.66198505262241,1.4210854715202004e-14,38.66198505262243,38.66198505262243
MEAS_R000089,C022,20260607,1,38.92040302369604,-0.5719137621514325,38.34848926154461,7.105427357601002e-15,38.348489261544614,38.34848926154461
MEAS_R000094,C022,20260607,1,38.92040302369604,-0.5239763931975434,38.396426630498496,0.0,38.396426630498496,38.396426630498496
MEAS_R000097,C022,20260607,1,38.92040302369604,-0.5454595662649814,38.37494345743106,7.105427357601002e-15,38.374943457431065,38.374943457431065
MEAS_R000103,C014,20260607,1,38.92040302369604,-0.5836075669636581,38.33679545673238,7.105427357601002e-15,38.33679545673239,38.33679545673239
MEAS_R000106,C014,20260607,1,38.92040302369604,-0.7859307921028442,38.13447223159319,7.105427357601002e-15,38.1344722315932,38.1344722315932
MEAS_R000111,C014,20260607,1,38.92040302369604,-0.7725697166345917,38.14783330706145,7.105427357601002e-15,38.147833307061454,38.147833307061454
MEAS_R000118,C023,20260607,1,38.92040302369604,-0.08140235824552941,38.83900066545051,0.0,38.83900066545051,38.83900066545051
MEAS_R000123,C023,20260607,1,38.92040302369604,0.051938588574309774,38.97234161227035,7.105427357601002e-15,38.972341612270355,38.97234161227036
MEAS_R000125,C023,20260607,1,38.92040302369604,0.04183348046457099,38.96223650416061,7.105427357601002e-15,38.962236504160614,38.96223650416061
MEAS_R000130,C011,20260607,1,38.92040302369604,-0.7003766025513949,38.220026421144645,7.105427357601002e-15,38.22002642114465,38.22002642114465
MEAS_R000135,C011,20260607,1,38.92040302369604,-0.6367342368202504,38.283668786875786,7.105427357601002e-15,38.28366878687579,38.28366878687579
MEAS_R000140,C004,20260607,1,38.92040302369604,-1.343624140928239,37.5767788827678,1.4210854715202004e-14,37.57677888276781,37.57677888276781
MEAS_R000141,C004,20260607,1,38.92040302369604,-1.3365921691919547,37.58381085450409,7.105427357601002e-15,37.583810854504094,37.583810854504094
MEAS_R000142,C004,20260607,1,38.92040302369604,-1.2756128685498183,37.64479015514622,7.105427357601002e-15,37.644790155146225,37.64479015514623
MEAS_R000143,C004,20260607,1,38.92040302369604,-1.247942688942437,37.6724603347536,7.105427357601002e-15,37.67246033475361,37.67246033475361
MEAS_R000152,C028,20260607,1,38.92040302369604,1.210492581198371,40.13089560489441,7.105427357601002e-15,40.13089560489442,40.13089560489442
MEAS_R000153,C028,20260607,1,38.92040302369604,1.2062476195801626,40.1266506432762,7.105427357601002e-15,40.12665064327621,40.12665064327621
MEAS_R000155,C028,20260607,1,38.92040302369604,0.8847276842003766,39.80513070789642,7.105427357601002e-15,39.805130707896424,39.80513070789642
MEAS_R000159,C028,20260607,1,38.92040302369604,1.1499682911432074,40.07037131483925,0.0,40.07037131483925,40.07037131483925
MEAS_R000164,C008,20260607,1,38.92040302369604,-0.6257009987345585,38.29470202496148,7.105427357601002e-15,38.29470202496149,38.29470202496149
MEAS_R000166,C008,20260607,1,38.92040302369604,-0.803723075871534,38.11667994782451,0.0,38.11667994782451,38.11667994782451
MEAS_R000173,C008,20260607,1,38.92040302369604,-0.7308633968200109,38.18953962687603,7.105427357601002e-15,38.189539626876034,38.189539626876034
MEAS_R000182,C030,20260607,1,38.92040302369604,1.224188831472003,40.144591855168045,0.0,40.144591855168045,40.144591855168045
MEAS_R000186,C030,20260607,1,38.92040302369604,1.2732442197565548,40.193647243452595,7.105427357601002e-15,40.1936472434526,40.1936472434526
MEAS_R000187,C030,20260607,1,38.92040302369604,1.2363511607787492,40.156754184474785,7.105427357601002e-15,40.15675418447479,40.15675418447479
MEAS_R000195,C018,20260607,1,38.92040302369604,-0.15367175077630135,38.766731272919735,7.105427357601002e-15,38.76673127291974,38.76673127291974
MEAS_R000197,C018,20260607,1,38.92040302369604,-0.13886152975385202,38.781541493942186,7.105427357601002e-15,38.78154149394219,38.78154149394219
MEAS_R000198,C018,20260607,1,38.92040302369604,-0.1330443700100784,38.78735865368596,7.105427357601002e-15,38.78735865368597,38.78735865368597
MEAS_R000202,C025,20260607,1,38.92040302369604,0.46220073971829845,39.38260376341434,7.105427357601002e-15,39.382603763414345,39.382603763414345
MEAS_R000206,C025,20260607,1,38.92040302369604,0.45741602672024234,39.377819050416285,0.0,39.377819050416285,39.377819050416285
MEAS_R000207,C025,20260607,1,38.92040302369604,0.4689007898649201,39.38930381356096,7.105427357601002e-15,39.389303813560964,39.38930381356096
MEAS_R000212,C010,20260607,1,38.92040302369604,-0.3663201830060828,38.55408284068996,7.105427357601002e-15,38.554082840689965,38.554082840689965
MEAS_R000217,C010,20260607,1,38.92040302369604,-0.2727077128749363,38.647695310821106,0.0,38.647695310821106,38.64769531082111
MEAS_R000222,C010,20260607,1,38.92040302369604,-0.3190384153736829,38.601364608322356,7.105427357601002e-15,38.60136460832236,38.60136460832236
MEAS_R000226,C019,20260607,1,38.92040302369604,0.4971967283904004,39.41759975208644,7.105427357601002e-15,39.417599752086446,39.417599752086446
MEAS_R000232,C019,20260607,1,38.92040302369604,0.5565089724508584,39.476911996146896,7.105427357601002e-15,39.4769119961469,39.4769119961469
MEAS_R000235,C019,20260607,1,38.92040302369604,0.5072733884652607,39.4276764121613,7.105427357601002e-15,39.427676412161304,39.4276764121613
MEAS_R000241,C005,20260607,1,38.92040302369604,-1.1876355133680003,37.73276751032804,7.105427357601002e-15,37.732767510328046,37.732767510328046
MEAS_R000242,C005,20260607,1,38.92040302369604,-1.0168838133879345,37.903519210308104,7.105427357601002e-15,37.90351921030811,37.90351921030811
MEAS_R000245,C005,20260607,1,38.92040302369604,-0.9063158645941907,38.01408715910185,7.105427357601002e-15,38.014087159101855,38.014087159101855
MEAS_R000247,C005,20260607,1,38.92040302369604,-0.7566255877989623,38.163777435897074,7.105427357601002e-15,38.16377743589708,38.16377743589708
MEAS_R000254,C017,20260607,1,38.92040302369604,0.25781156451984055,39.17821458821588,7.105427357601002e-15,39.17821458821589,39.17821458821589
MEAS_R000258,C017,20260607,1,38.92040302369604,0.5109327302908395,39.43133575398688,7.105427357601002e-15,39.431335753986886,39.431335753986886
MEAS_R000260,C017,20260607,1,38.92040302369604,0.4793398946117909,39.39974291830783,7.105427357601002e-15,39.39974291830784,39.39974291830784
MEAS_R000267,C017,20260607,1,38.92040302369604,0.5373880366256301,39.45779106032167,7.105427357601002e-15,39.457791060321675,39.45779106032168
MEAS_R000270,C020,20260607,1,38.92040302369604,0.18763676862885703,39.108039792324895,7.105427357601002e-15,39.1080397923249,39.1080397923249
MEAS_R000274,C020,20260607,1,38.92040302369604,0.1888435857347741,39.10924660943081,7.105427357601002e-15,39.10924660943082,39.10924660943082
MEAS_R000275,C020,20260607,1,38.92040302369604,1.211839834388861,40.1322428580849,7.105427357601002e-15,40.13224285808491,40.13224285808491
MEAS_R000280,C020,20260607,1,38.92040302369604,0.6726875832158317,39.59309060691187,7.105427357601002e-15,39.59309060691188,39.59309060691188
MEAS_R000285,C009,20260607,1,38.92040302369604,0.5497769661356734,39.47017998983171,7.105427357601002e-15,39.47017998983172,39.47017998983172
MEAS_R000292,C009,20260607,1,38.92040302369604,1.547789456435671,40.46819248013171,7.105427357601002e-15,40.46819248013172,40.46819248013172
MEAS_R000293,C012,20260607,1,38.92040302369604,1.4004178097688855,40.32082083346492,7.105427357601002e-15,40.32082083346493,40.32082083346493
MEAS_R000294,C012,20260607,1,38.92040302369604,0.1376230873682736,39.058026111064315,7.105427357601002e-15,39.05802611106432,39.05802611106432
MEAS_R000301,C012,20260607,1,38.92040302369604,0.7896327762579571,39.710035799954,0.0,39.710035799954,39.710035799954
MEAS_R000307,C006,20260607,1,38.92040302369604,0.44777674949658686,39.36817977319263,0.0,39.36817977319263,39.36817977319263
MEAS_R000312,C006,20260607,1,38.92040302369604,0.3913397685062763,39.31174279220232,7.105427357601002e-15,39.311742792202324,39.31174279220232
MEAS_R000315,C006,20260607,1,38.92040302369604,0.401813975581529,39.322216999277565,7.105427357601002e-15,39.32221699927757,39.32221699927757
MEAS_R000320,C015,20260607,1,38.92040302369604,-0.020801470928332212,38.899601552767706,7.105427357601002e-15,38.89960155276771,38.89960155276771
MEAS_R000323,C015,20260607,1,38.92040302369604,-0.64956044160711,38.27084258208893,0.0,38.27084258208893,38.27084258208893
MEAS_R000330,C015,20260607,1,38.92040302369604,-0.3759935150686624,38.544409508627375,7.105427357601002e-15,38.54440950862738,38.54440950862738
MEAS_R000333,C015,20260607,1,38.92040302369604,0.29605016286173946,39.21645318655778,7.105427357601002e-15,39.216453186557786,39.216453186557786
MEAS_R000340,C007,20260607,1,38.92040302369604,0.8416233848479633,39.762026408544,7.105427357601002e-15,39.76202640854401,39.76202640854401
MEAS_R000349,C007,20260607,1,38.92040302369604,0.6016976676869794,39.52210069138302,7.105427357601002e-15,39.522100691383024,39.522100691383024
MEAS_R000350,C007,20260607,1,38.92040302369604,0.5835471153153671,39.50395013901141,0.0,39.50395013901141,39.50395013901141
MEAS_R000354,C007,20260607,1,38.92040302369604,1.386579900016742,40.30698292371278,7.105427357601002e-15,40.30698292371279,40.30698292371279
MEAS_R000357,C013,20260607,1,38.92040302369604,0.13532188908322418,39.05572491277926,7.105427357601002e-15,39.05572491277927,39.05572491277927
MEAS_R000358,C013,20260607,1,38.92040302369604,-0.2534469762256032,38.666956047470435,7.105427357601002e-15,38.66695604747044,38.66695604747044
MEAS_R000367,C024,20260607,1,38.92040302369604,-0.6218395875769025,38.29856343611914,0.0,38.29856343611914,38.29856343611914
MEAS_R000375,C024,20260607,1,38.92040302369604,-0.27007791270393444,38.65032511099211,7.105427357601002e-15,38.650325110992114,38.650325110992114
MEAS_R000379,C024,20260607,1,38.92040302369604,-0.0350336738553303,38.88536934984071,7.105427357601002e-15,38.885369349840715,38.88536934984072
MEAS_R000381,C024,20260607,1,38.92040302369604,-0.24301558845064078,38.6773874352454,7.105427357601002e-15,38.67738743524541,38.67738743524541
MEAS_R000384,C001,20260607,1,38.92040302369604,-0.7459031864274586,38.174499837268584,0.0,38.174499837268584,38.17449983726858
MEAS_R000386,C001,20260607,1,38.92040302369604,-0.6481354145202467,38.27226760917579,7.105427357601002e-15,38.2722676091758,38.2722676091758
MEAS_R000387,C001,20260607,1,38.92040302369604,-0.6960310172023837,38.22437200649365,7.105427357601002e-15,38.22437200649366,38.22437200649366
MEAS_R000388,C002,20260607,1,38.92040302369604,0.07708180210255637,38.997484825798594,7.105427357601002e-15,38.9974848257986,38.9974848257986
MEAS_R000390,C002,20260607,1,38.92040302369604,0.03131894350704134,38.95172196720308,7.105427357601002e-15,38.951721967203085,38.951721967203085
MEAS_R000394,C003,20260607,1,38.92040302369604,-0.39940563457175204,38.52099738912429,0.0,38.52099738912429,38.52099738912429
MEAS_R000395,C003,20260607,1,38.92040302369604,-0.38903408161826425,38.531368942077776,0.0,38.531368942077776,38.531368942077776
MEAS_R000396,C003,20260607,1,38.92040302369604,-0.32941212514280016,38.59099089855324,7.105427357601002e-15,38.590990898553244,38.59099089855325
MEAS_R000408,C006,20260607,1,38.92040302369604,0.49257681220302474,39.412979835899066,7.105427357601002e-15,39.41297983589907,39.41297983589907
MEAS_R000413,C008,20260607,1,38.92040302369604,-0.8047017396589855,38.11570128403705,7.105427357601002e-15,38.11570128403706,38.11570128403706
MEAS_R000417,C009,20260607,1,38.92040302369604,1.5104892560416874,40.430892279737726,7.105427357601002e-15,40.43089227973773,40.43089227973773
MEAS_R000419,C009,20260607,1,38.92040302369604,0.5701686547123079,39.490571678408344,7.105427357601002e-15,39.49057167840835,39.49057167840835
MEAS_R000425,C010,20260607,1,38.92040302369604,-0.21485137186775416,38.70555165182829,7.105427357601002e-15,38.705551651828294,38.70555165182829
MEAS_R000430,C011,20260607,1,38.92040302369604,-0.794670584414123,38.12573243928192,0.0,38.12573243928192,38.12573243928192
MEAS_R000438,C012,20260607,1,38.92040302369604,1.4046982583755785,40.325101282071614,7.105427357601002e-15,40.32510128207162,40.32510128207162
MEAS_R000445,C013,20260607,1,38.92040302369604,0.15796465693982759,39.078367680635864,7.105427357601002e-15,39.07836768063587,39.07836768063587
MEAS_R000448,C014,20260607,1,38.92040302369604,-0.5866629108585333,38.3337401128375,7.105427357601002e-15,38.33374011283751,38.33374011283751
MEAS_R000451,C016,20260607,1,38.92040302369604,-0.28606241580743197,38.63434060788861,7.105427357601002e-15,38.63434060788862,38.63434060788862
MEAS_R000462,C018,20260607,1,38.92040302369604,-0.16319392145157152,38.75720910224447,7.105427357601002e-15,38.757209102244474,38.75720910224448
MEAS_R000467,C019,20260607,1,38.92040302369604,0.6507376986877577,39.571140722383795,7.105427357601002e-15,39.5711407223838,39.5711407223838
MEAS_R000472,C021,20260607,1,38.92040302369604,-0.6191809674053541,38.30122205629068,7.105427357601002e-15,38.30122205629069,38.30122205629069
MEAS_R000473,C021,20260607,1,38.92040302369604,-0.6393245728453943,38.28107845085064,7.105427357601002e-15,38.28107845085065,38.28107845085065
MEAS_R000481,C022,20260607,1,38.92040302369604,-0.5307252444734505,38.38967777922259,7.105427357601002e-15,38.389677779222595,38.3896777792226
MEAS_R000483,C023,20260607,1,38.92040302369604,0.04540158612060176,38.965804609816644,0.0,38.965804609816644,38.96580460981664
MEAS_R000490,C025,20260607,1,38.92040302369604,0.3830366006926239,39.303439624388666,7.105427357601002e-15,39.30343962438867,39.30343962438867
MEAS_R000495,C026,20260607,1,38.92040302369604,-0.22342450391331692,38.696978519782725,7.105427357601002e-15,38.69697851978273,38.69697851978273
MEAS_R000499,C026,20260607,1,38.92040302369604,-0.2258316667133823,38.69457135698266,7.105427357601002e-15,38.694571356982664,38.69457135698266
MEAS_R000502,C026,20260607,1,38.92040302369604,-0.26157177796130404,38.65883124573474,7.105427357601002e-15,38.658831245734746,38.658831245734746
MEAS_R000504,C027,20260607,1,38.92040302369604,0.06409471340841368,38.984497737104455,7.105427357601002e-15,38.98449773710446,38.98449773710446
MEAS_R000515,C029,20260607,1,38.92040302369604,-0.5049878814403211,38.41541514225572,7.105427357601002e-15,38.415415142255725,38.415415142255725
MEAS_R000519,C030,20260607,1,38.92040302369604,1.2305902072168728,40.15099323091291,7.105427357601002e-15,40.15099323091292,40.15099323091292
MEAS_R000002,C021,20260607,2,38.904679802745385,-0.740096713633229,38.164583089112156,0.0,38.164583089112156,38.16458308911216
MEAS_R000006,C021,20260607,2,38.904679802745385,-0.5717396189231627,38.332940183822224,0.0,38.332940183822224,38.332940183822224
MEAS_R000010,C003,20260607,2,38.904679802745385,-0.5115114752155678,38.393168327529814,0.0,38.393168327529814,38.39316832752981
MEAS_R000012,C003,20260607,2,38.904679802745385,-0.4737943064062502,38.43088549633914,-7.105427357601002e-15,38.43088549633913,38.43088549633913
MEAS_R000019,C003,20260607,2,38.904679802745385,-0.243401912914314,38.66127788983107,0.0,38.66127788983107,38.66127788983107
MEAS_R000025,C002,20260607,2,38.904679802745385,0.13359621956561268,39.038276022310995,0.0,39.038276022310995,39.038276022311
MEAS_R000029,C002,20260607,2,38.904679802745385,0.11224580535459927,39.01692560809998,0.0,39.01692560809998,39.01692560809998
MEAS_R000033,C002,20260607,2,38.904679802745385,0.29752735820905324,39.20220716095444,0.0,39.20220716095444,39.20220716095444
MEAS_R000035,C029,20260607,2,38.904679802745385,-0.5947305322225332,38.30994927052285,0.0,38.30994927052285,38.30994927052285
MEAS_R000043,C029,20260607,2,38.904679802745385,-0.35330577424917675,38.551374028496205,0.0,38.551374028496205,38.551374028496205
MEAS_R000044,C029,20260607,2,38.904679802745385,-0.3959038924303033,38.50877591031508,0.0,38.50877591031508,38.50877591031508
MEAS_R000048,C001,20260607,2,38.904679802745385,-0.5638890345227361,38.34079076822265,0.0,38.34079076822265,38.34079076822265
MEAS_R000057,C001,20260607,2,38.904679802745385,-0.5564098570428503,38.34826994570253,0.0,38.34826994570253,38.34826994570253
MEAS_R000060,C001,20260607,2,38.904679802745385,-0.7508827874181829,38.1537970153272,0.0,38.1537970153272,38.1537970153272
MEAS_R000062,C027,20260607,2,38.904679802745385,-0.08078652848800638,38.82389327425738,0.0,38.82389327425738,38.82389327425738
MEAS_R000064,C027,20260607,2,38.904679802745385,-0.27015073552312086,38.63452906722226,0.0,38.63452906722226,38.63452906722226
MEAS_R000065,C027,20260607,2,38.904679802745385,-0.3052656005620645,38.59941420218332,0.0,38.59941420218332,38.59941420218332
MEAS_R000076,C026,20260607,2,38.904679802745385,-0.06603276527741744,38.838647037467965,0.0,38.838647037467965,38.838647037467965
MEAS_R000078,C026,20260607,2,38.904679802745385,-0.25733924117299556,38.64734056157239,0.0,38.64734056157239,38.64734056157239
MEAS_R000087,C016,20260607,2,38.904679802745385,0.07243827143079658,38.97711807417618,0.0,38.97711807417618,38.97711807417618
MEAS_R000088,C016,20260607,2,38.904679802745385,-0.1538743487250691,38.750805454020316,-7.105427357601002e-15,38.75080545402031,38.75080545402031
MEAS_R000093,C022,20260607,2,38.904679802745385,-0.5632031533570234,38.34147664938836,-7.105427357601002e-15,38.341476649388355,38.34147664938836
MEAS_R000096,C022,20260607,2,38.904679802745385,-0.544729342182309,38.35995046056308,0.0,38.35995046056308,38.35995046056308
MEAS_R000101,C022,20260607,2,38.904679802745385,-0.5417758436528463,38.36290395909254,0.0,38.36290395909254,38.36290395909254
MEAS_R000107,C014,20260607,2,38.904679802745385,-0.799110232288872,38.10556957045651,0.0,38.10556957045651,38.10556957045651
MEAS_R000110,C014,20260607,2,38.904679802745385,-0.767365063459363,38.13731473928602,0.0,38.13731473928602,38.13731473928602
MEAS_R000115,C014,20260607,2,38.904679802745385,-0.3883364556735024,38.51634334707188,0.0,38.51634334707188,38.51634334707188
MEAS_R000119,C023,20260607,2,38.904679802745385,-0.03250709828353493,38.872172704461846,0.0,38.872172704461846,38.872172704461846
MEAS_R000126,C023,20260607,2,38.904679802745385,0.37220465399284386,39.27688445673823,0.0,39.27688445673823,39.27688445673823
MEAS_R000129,C023,20260607,2,38.904679802745385,0.22671217590273457,39.13139197864812,0.0,39.13139197864812,39.13139197864812
MEAS_R000131,C011,20260607,2,38.904679802745385,-0.8528797861816166,38.05180001656377,0.0,38.05180001656377,38.05180001656377
MEAS_R000136,C011,20260607,2,38.904679802745385,-0.7063227711645093,38.198357031580876,-7.105427357601002e-15,38.19835703158087,38.19835703158087
MEAS_R000145,C004,20260607,2,38.904679802745385,-1.2405965340906426,37.66408326865474,0.0,37.66408326865474,37.66408326865474
MEAS_R000147,C004,20260607,2,38.904679802745385,-1.3735424595670134,37.53113734317837,0.0,37.53113734317837,37.53113734317837
MEAS_R000150,C004,20260607,2,38.904679802745385,-1.1936583571656803,37.7110214455797,0.0,37.7110214455797,37.7110214455797
MEAS_R000156,C028,20260607,2,38.904679802745385,1.2658673791304382,40.170547181875826,-7.105427357601002e-15,40.17054718187582,40.17054718187582
MEAS_R000168,C008,20260607,2,38.904679802745385,-0.7499935021124798,38.1546863006329,0.0,38.1546863006329,38.1546863006329
MEAS_R000172,C008,20260607,2,38.904679802745385,-0.7526286861608273,38.15205111658456,0.0,38.15205111658456,38.15205111658456
MEAS_R000175,C008,20260607,2,38.904679802745385,-0.7282530753324596,38.176426727412924,0.0,38.176426727412924,38.17642672741293
MEAS_R000176,C030,20260607,2,38.904679802745385,0.9009890417319943,39.80566884447738,0.0,39.80566884447738,39.80566884447738
MEAS_R000179,C030,20260607,2,38.904679802745385,1.3133272273502836,40.21800703009567,-7.105427357601002e-15,40.21800703009566,40.21800703009566
MEAS_R000180,C030,20260607,2,38.904679802745385,1.3263666242533234,40.23104642699871,-7.105427357601002e-15,40.2310464269987,40.2310464269987
MEAS_R000188,C030,20260607,2,38.904679802745385,0.9293369062831112,39.8340167090285,0.0,39.8340167090285,39.8340167090285
MEAS_R000191,C018,20260607,2,38.904679802745385,-0.11746854395501749,38.787211258790364,0.0,38.787211258790364,38.78721125879037
MEAS_R000199,C018,20260607,2,38.904679802745385,-0.0727558469583497,38.83192395578703,0.0,38.83192395578703,38.83192395578703
MEAS_R000208,C025,20260607,2,38.904679802745385,0.4094171585429104,39.31409696128829,0.0,39.31409696128829,39.31409696128829
MEAS_R000209,C025,20260607,2,38.904679802745385,0.4773206367265643,39.38200043947195,0.0,39.38200043947195,39.38200043947195
MEAS_R000216,C010,20260607,2,38.904679802745385,-0.327424417629649,38.577255385115734,0.0,38.577255385115734,38.57725538511573
MEAS_R000218,C010,20260607,2,38.904679802745385,-0.3206224617998955,38.58405734094549,-7.105427357601002e-15,38.584057340945485,38.584057340945485
MEAS_R000220,C010,20260607,2,38.904679802745385,-0.29346513234103944,38.611214670404344,0.0,38.611214670404344,38.61121467040434
MEAS_R000229,C019,20260607,2,38.904679802745385,0.4511787079321281,39.355858510677514,0.0,39.355858510677514,39.35585851067752
MEAS_R000236,C019,20260607,2,38.904679802745385,0.45389398993412544,39.35857379267951,0.0,39.35857379267951,39.35857379267951
MEAS_R000239,C005,20260607,2,38.904679802745385,-1.1238905990278631,37.78078920371752,0.0,37.78078920371752,37.78078920371752
MEAS_R000243,C005,20260607,2,38.904679802745385,-1.1362992590690264,37.76838054367636,0.0,37.76838054367636,37.76838054367636
MEAS_R000246,C005,20260607,2,38.904679802745385,-1.0640719442380246,37.84060785850736,0.0,37.84060785850736,37.84060785850736
MEAS_R000250,C005,20260607,2,38.904679802745385,-1.0781081544419737,37.826571648303414,0.0,37.826571648303414,37.82657164830341
MEAS_R000255,C017,20260607,2,38.904679802745385,0.0896780708592339,38.99435787360462,-7.105427357601002e-15,38.99435787360461,38.99435787360461
MEAS_R000263,C017,20260607,2,38.904679802745385,0.3373234312544233,39.24200323399981,0.0,39.24200323399981,39.24200323399981
MEAS_R000265,C017,20260607,2,38.904679802745385,0.3700801782514473,39.27475998099683,0.0,39.27475998099683,39.27475998099683
MEAS_R000271,C020,20260607,2,38.904679802745385,-0.13641746268306862,38.768262340062314,0.0,38.768262340062314,38.76826234006232
MEAS_R000273,C020,20260607,2,38.904679802745385,0.2605191736002471,39.16519897634563,0.0,39.16519897634563,39.16519897634563
MEAS_R000277,C020,20260607,2,38.904679802745385,0.6164021940606159,39.521081996806004,0.0,39.521081996806004,39.521081996806
MEAS_R000289,C009,20260607,2,38.904679802745385,1.4505072709848936,40.35518707373028,0.0,40.35518707373028,40.35518707373028
MEAS_R000290,C009,20260607,2,38.904679802745385,0.7915942382990337,39.69627404104442,0.0,39.69627404104442,39.69627404104442
MEAS_R000296,C012,20260607,2,38.904679802745385,0.22380229524280715,39.12848209798819,0.0,39.12848209798819,39.12848209798819
MEAS_R000297,C012,20260607,2,38.904679802745385,0.6114252108140359,39.51610501355942,0.0,39.51610501355942,39.51610501355942
MEAS_R000302,C012,20260607,2,38.904679802745385,0.7154830506960794,39.620162853441464,0.0,39.620162853441464,39.62016285344146
MEAS_R000308,C006,20260607,2,38.904679802745385,-0.2718171456591054,38.63286265708628,0.0,38.63286265708628,38.63286265708628
MEAS_R000309,C006,20260607,2,38.904679802745385,0.14829674386602254,39.052976546611404,0.0,39.052976546611404,39.05297654661141
MEAS_R000316,C006,20260607,2,38.904679802745385,0.6657703318118262,39.57045013455721,0.0,39.57045013455721,39.57045013455721
MEAS_R000324,C015,20260607,2,38.904679802745385,-0.19497202317166024,38.709707779573726,-7.105427357601002e-15,38.70970777957372,38.70970777957372
MEAS_R000327,C015,20260607,2,38.904679802745385,-0.6588794303467471,38.24580037239864,-7.105427357601002e-15,38.245800372398634,38.24580037239864
MEAS_R000329,C015,20260607,2,38.904679802745385,0.4306969140213657,39.33537671676675,-7.105427357601002e-15,39.335376716766746,39.335376716766746
MEAS_R000337,C015,20260607,2,38.904679802745385,-0.06296257752329432,38.84171722522209,0.0,38.84171722522209,38.84171722522209
MEAS_R000347,C007,20260607,2,38.904679802745385,0.5917035435695126,39.4963833463149,0.0,39.4963833463149,39.4963833463149
MEAS_R000348,C007,20260607,2,38.904679802745385,0.6099743731914709,39.514654175936855,0.0,39.514654175936855,39.514654175936855
MEAS_R000351,C007,20260607,2,38.904679802745385,1.3390122161641616,40.24369201890955,0.0,40.24369201890955,40.24369201890955
MEAS_R000353,C007,20260607,2,38.904679802745385,0.5911931791614076,39.49587298190679,0.0,39.49587298190679,39.49587298190679
MEAS_R000361,C013,20260607,2,38.904679802745385,0.004679810581962825,38.90935961332735,0.0,38.90935961332735,38.90935961332735
MEAS_R000362,C013,20260607,2,38.904679802745385,0.17531263735172936,39.079992440097115,0.0,39.079992440097115,39.07999244009712
MEAS_R000369,C024,20260607,2,38.904679802745385,-0.1322002054947251,38.77247959725066,0.0,38.77247959725066,38.77247959725066
MEAS_R000371,C024,20260607,2,38.904679802745385,-0.08581275567801527,38.81886704706737,-7.105427357601002e-15,38.818867047067364,38.81886704706736
MEAS_R000372,C024,20260607,2,38.904679802745385,-0.06409029158031843,38.840589511165064,0.0,38.840589511165064,38.84058951116506
MEAS_R000380,C024,20260607,2,38.904679802745385,1.2196566152519082,40.12433641799729,0.0,40.12433641799729,40.12433641799729
MEAS_R000391,C002,20260607,2,38.904679802745385,0.10690053690043247,39.01158033964582,0.0,39.01158033964582,39.01158033964582
MEAS_R000401,C004,20260607,2,38.904679802745385,-1.1950689421490872,37.7096108605963,0.0,37.7096108605963,37.7096108605963
MEAS_R000409,C006,20260607,2,38.904679802745385,-0.25350044513485426,38.65117935761053,0.0,38.65117935761053,38.65117935761053
MEAS_R000410,C008,20260607,2,38.904679802745385,-0.7343593739207928,38.17032042882459,0.0,38.17032042882459,38.17032042882459
MEAS_R000415,C009,20260607,2,38.904679802745385,0.7569933313047785,39.66167313405016,0.0,39.66167313405016,39.66167313405016
MEAS_R000426,C010,20260607,2,38.904679802745385,-0.18910357604578704,38.715576226699596,0.0,38.715576226699596,38.7155762266996
MEAS_R000427,C011,20260607,2,38.904679802745385,-0.5498742624415663,38.354805540303815,0.0,38.354805540303815,38.354805540303815
MEAS_R000431,C011,20260607,2,38.904679802745385,-0.7796895955404852,38.1249902072049,0.0,38.1249902072049,38.1249902072049
MEAS_R000439,C013,20260607,2,38.904679802745385,-0.010701463345594804,38.89397833939979,0.0,38.89397833939979,38.89397833939979
MEAS_R000440,C013,20260607,2,38.904679802745385,0.17222465700319575,39.07690445974858,-7.105427357601002e-15,39.076904459748576,39.076904459748576
MEAS_R000449,C014,20260607,2,38.904679802745385,-0.6257777979961282,38.278902004749256,0.0,38.278902004749256,38.278902004749256
MEAS_R000452,C016,20260607,2,38.904679802745385,-0.17438923277455515,38.730290569970826,7.105427357601002e-15,38.73029056997083,38.73029056997083
MEAS_R000453,C016,20260607,2,38.904679802745385,-0.007961877364020004,38.89671792538137,0.0,38.89671792538137,38.89671792538137
MEAS_R000458,C017,20260607,2,38.904679802745385,0.10917162393694822,39.01385142668233,0.0,39.01385142668233,39.01385142668233
MEAS_R000460,C018,20260607,2,38.904679802745385,-0.116529915867082,38.7881498868783,0.0,38.7881498868783,38.7881498868783
MEAS_R000461,C018,20260607,2,38.904679802745385,-0.11562372415533285,38.78905607859005,0.0,38.78905607859005,38.78905607859005
MEAS_R000466,C019,20260607,2,38.904679802745385,0.6067857387353082,39.511465541480696,-7.105427357601002e-15,39.51146554148069,39.51146554148069
MEAS_R000468,C019,20260607,2,38.904679802745385,0.5864417744626327,39.49112157720802,-7.105427357601002e-15,39.49112157720801,39.49112157720801
MEAS_R000475,C021,20260607,2,38.904679802745385,-0.7092693343299717,38.19541046841541,0.0,38.19541046841541,38.19541046841541
MEAS_R000479,C022,20260607,2,38.904679802745385,-0.5182493886797132,38.38643041406567,0.0,38.38643041406567,38.38643041406567
MEAS_R000484,C023,20260607,2,38.904679802745385,0.3363932603816138,39.241073063127,0.0,39.241073063127,39.241073063127
MEAS_R000486,C025,20260607,2,38.904679802745385,0.4070835571429485,39.31176335988833,0.0,39.31176335988833,39.31176335988833
MEAS_R000491,C025,20260607,2,38.904679802745385,0.5279829055607098,39.4326627083061,-7.105427357601002e-15,39.43266270830609,39.43266270830609
MEAS_R000498,C026,20260607,2,38.904679802745385,-0.13972991046171584,38.76494989228367,0.0,38.76494989228367,38.76494989228367
MEAS_R000500,C026,20260607,2,38.904679802745385,-0.3425519041244669,38.562127898620915,0.0,38.562127898620915,38.56212789862092
MEAS_R000506,C027,20260607,2,38.904679802745385,-0.33108087218760013,38.573598930557786,0.0,38.573598930557786,38.573598930557786
MEAS_R000508,C027,20260607,2,38.904679802745385,-0.28943292816486793,38.615246874580514,7.105427357601002e-15,38.61524687458052,38.61524687458052
MEAS_R000509,C028,20260607,2,38.904679802745385,1.3484128284706243,40.253092631216006,0.0,40.253092631216006,40.253092631216006
MEAS_R000511,C028,20260607,2,38.904679802745385,1.224528432020521,40.129208234765905,0.0,40.129208234765905,40.12920823476591
MEAS_R000512,C028,20260607,2,38.904679802745385,1.2223421559070862,40.12702195865247,-7.105427357601002e-15,40.12702195865246,40.12702195865246
MEAS_R000004,C021,20260607,3,38.92119047613949,-0.7321183748802897,38.18907210125921,-7.105427357601002e-15,38.1890721012592,38.1890721012592
MEAS_R000005,C021,20260607,3,38.92119047613949,-0.7440971564385077,38.17709331970099,0.0,38.17709331970099,38.17709331970099
MEAS_R000013,C003,20260607,3,38.92119047613949,-0.4119573014342509,38.509233174705244,-7.105427357601002e-15,38.50923317470524,38.50923317470524
MEAS_R000014,C003,20260607,3,38.92119047613949,-0.4165715047151557,38.504618971424335,0.0,38.504618971424335,38.504618971424335
MEAS_R000022,C002,20260607,3,38.92119047613949,0.31775143972511294,39.23894191586461,-7.105427357601002e-15,39.2389419158646,39.2389419158646
MEAS_R000024,C002,20260607,3,38.92119047613949,0.28175350159673807,39.20294397773623,-7.105427357601002e-15,39.202943977736226,39.20294397773623
MEAS_R000034,C002,20260607,3,38.92119047613949,0.4250551551291184,39.34624563126861,0.0,39.34624563126861,39.34624563126861
MEAS_R000042,C029,20260607,3,38.92119047613949,-0.6408525952812855,38.280337880858205,0.0,38.280337880858205,38.280337880858205
MEAS_R000046,C029,20260607,3,38.92119047613949,-0.575823659055754,38.345366817083736,0.0,38.345366817083736,38.345366817083736
MEAS_R000047,C001,20260607,3,38.92119047613949,-0.6079716936874606,38.31321878245203,-7.105427357601002e-15,38.313218782452026,38.313218782452026
MEAS_R000050,C001,20260607,3,38.92119047613949,-0.7140056303724566,38.20718484576704,-7.105427357601002e-15,38.20718484576703,38.20718484576703
MEAS_R000051,C001,20260607,3,38.92119047613949,-0.6956856678064843,38.22550480833301,0.0,38.22550480833301,38.22550480833301
MEAS_R000068,C027,20260607,3,38.92119047613949,-0.0942718341537559,38.826918641985735,0.0,38.826918641985735,38.826918641985735
MEAS_R000069,C027,20260607,3,38.92119047613949,-0.16173155416711582,38.759458921972374,0.0,38.759458921972374,38.75945892197237
MEAS_R000075,C026,20260607,3,38.92119047613949,-0.30539050181108746,38.615799974328404,0.0,38.615799974328404,38.6157999743284
MEAS_R000080,C016,20260607,3,38.92119047613949,-0.25402398182714314,38.66716649431235,0.0,38.66716649431235,38.66716649431235
MEAS_R000085,C016,20260607,3,38.92119047613949,-0.4676636921983246,38.45352678394117,-7.105427357601002e-15,38.453526783941165,38.453526783941165
MEAS_R000091,C022,20260607,3,38.92119047613949,-0.4483417430646276,38.47284873307487,-7.105427357601002e-15,38.47284873307486,38.47284873307486
MEAS_R000092,C022,20260607,3,38.92119047613949,-0.389254329788079,38.53193614635141,0.0,38.53193614635141,38.53193614635141
MEAS_R000100,C022,20260607,3,38.92119047613949,-0.4566921876549759,38.46449828848452,-7.105427357601002e-15,38.46449828848451,38.46449828848451
MEAS_R000108,C014,20260607,3,38.92119047613949,-0.7495240804556618,38.17166639568383,0.0,38.17166639568383,38.17166639568383
MEAS_R000109,C014,20260607,3,38.92119047613949,-0.760215583249173,38.16097489289032,-7.105427357601002e-15,38.160974892890316,38.16097489289032
MEAS_R000112,C014,20260607,3,38.92119047613949,-0.2977465718616127,38.62344390427788,0.0,38.62344390427788,38.62344390427788
MEAS_R000116,C023,20260607,3,38.92119047613949,0.07294997112975429,38.994140447269245,0.0,38.994140447269245,38.994140447269245
MEAS_R000122,C023,20260607,3,38.92119047613949,0.033763313523518246,38.95495378966301,0.0,38.95495378966301,38.95495378966301
MEAS_R000127,C023,20260607,3,38.92119047613949,0.1512801496534208,39.07247062579292,-7.105427357601002e-15,39.07247062579291,39.07247062579291
MEAS_R000137,C011,20260607,3,38.92119047613949,-0.42819369015968484,38.492996785979805,0.0,38.492996785979805,38.492996785979805
MEAS_R000138,C011,20260607,3,38.92119047613949,-0.4229692711089602,38.49822120503053,0.0,38.49822120503053,38.49822120503053
MEAS_R000149,C004,20260607,3,38.92119047613949,-1.2861880480333903,37.635002428106105,-7.105427357601002e-15,37.6350024281061,37.6350024281061
MEAS_R000157,C028,20260607,3,38.92119047613949,1.1693837524264603,40.090574228565956,-7.105427357601002e-15,40.09057422856595,40.09057422856595
MEAS_R000160,C028,20260607,3,38.92119047613949,1.2228474465231347,40.144037922662626,-7.105427357601002e-15,40.14403792266262,40.14403792266262
MEAS_R000163,C028,20260607,3,38.92119047613949,1.4046282344118424,40.32581871055134,-7.105427357601002e-15,40.32581871055133,40.32581871055133
MEAS_R000169,C008,20260607,3,38.92119047613949,-0.7956471584919209,38.12554331764757,0.0,38.12554331764757,38.12554331764757
MEAS_R000171,C008,20260607,3,38.92119047613949,-0.7483459825062772,38.172844493633214,0.0,38.172844493633214,38.172844493633214
MEAS_R000177,C030,20260607,3,38.92119047613949,1.3075764722742336,40.22876694841373,-7.105427357601002e-15,40.22876694841372,40.22876694841372
MEAS_R000185,C030,20260607,3,38.92119047613949,1.239738129398488,40.16092860553798,-7.105427357601002e-15,40.160928605537975,40.160928605537975
MEAS_R000189,C030,20260607,3,38.92119047613949,1.3311128363508262,40.25230331249032,-7.105427357601002e-15,40.25230331249031,40.25230331249031
MEAS_R000194,C018,20260607,3,38.92119047613949,-0.14486343966243892,38.776327036477056,0.0,38.776327036477056,38.776327036477056
MEAS_R000200,C018,20260607,3,38.92119047613949,-0.12867407549754672,38.792516400641944,0.0,38.792516400641944,38.79251640064194
MEAS_R000201,C018,20260607,3,38.92119047613949,-0.117811962936348,38.80337851320314,0.0,38.80337851320314,38.80337851320314
MEAS_R000214,C010,20260607,3,38.92119047613949,-0.30848992013130594,38.612700556008186,-7.105427357601002e-15,38.61270055600818,38.61270055600818
MEAS_R000219,C010,20260607,3,38.92119047613949,-0.21717494564994233,38.70401553048955,0.0,38.70401553048955,38.70401553048955
MEAS_R000224,C010,20260607,3,38.92119047613949,-0.1405702640688392,38.78062021207065,0.0,38.78062021207065,38.78062021207065
MEAS_R000228,C019,20260607,3,38.92119047613949,0.5335212539500179,39.454711730089514,-7.105427357601002e-15,39.45471173008951,39.45471173008951
MEAS_R000231,C019,20260607,3,38.92119047613949,0.5574891814856608,39.47867965762516,-7.105427357601002e-15,39.47867965762515,39.47867965762515
MEAS_R000237,C019,20260607,3,38.92119047613949,0.5363807552227968,39.45757123136229,0.0,39.45757123136229,39.45757123136229
MEAS_R000238,C005,20260607,3,38.92119047613949,-1.100653193178693,37.8205372829608,0.0,37.8205372829608,37.8205372829608
MEAS_R000249,C005,20260607,3,38.92119047613949,-0.9116713685258573,38.009519107613635,-7.105427357601002e-15,38.00951910761363,38.00951910761363
MEAS_R000253,C017,20260607,3,38.92119047613949,0.22198568632151666,39.14317616246101,-7.105427357601002e-15,39.143176162461,39.143176162461
MEAS_R000262,C017,20260607,3,38.92119047613949,0.5624271432760768,39.48361761941557,0.0,39.48361761941557,39.48361761941557
MEAS_R000264,C017,20260607,3,38.92119047613949,0.9899527811364407,39.91114325727593,0.0,39.91114325727593,39.91114325727593
MEAS_R000278,C020,20260607,3,38.92119047613949,0.6044357638396758,39.52562623997917,0.0,39.52562623997917,39.52562623997917
MEAS_R000281,C020,20260607,3,38.92119047613949,1.3187100306178117,40.23990050675731,-7.105427357601002e-15,40.2399005067573,40.2399005067573
MEAS_R000282,C020,20260607,3,38.92119047613949,0.6963377305441426,39.61752820668364,-7.105427357601002e-15,39.61752820668363,39.61752820668363
MEAS_R000287,C009,20260607,3,38.92119047613949,0.5395204586133642,39.46071093475286,-7.105427357601002e-15,39.46071093475285,39.46071093475285
MEAS_R000291,C009,20260607,3,38.92119047613949,1.5551982519716203,40.47638872811111,0.0,40.47638872811111,40.47638872811111
MEAS_R000295,C012,20260607,3,38.92119047613949,0.2482978060067992,39.16948828214629,0.0,39.16948828214629,39.16948828214629
MEAS_R000298,C012,20260607,3,38.92119047613949,0.5850122906561538,39.506202766795646,-7.105427357601002e-15,39.50620276679564,39.50620276679564
MEAS_R000300,C012,20260607,3,38.92119047613949,0.6137212736766369,39.53491174981613,-7.105427357601002e-15,39.534911749816125,39.534911749816125
MEAS_R000311,C006,20260607,3,38.92119047613949,0.10825831790512445,39.02944879404462,-7.105427357601002e-15,39.02944879404461,39.02944879404461
MEAS_R000314,C006,20260607,3,38.92119047613949,0.6940286474623869,39.61521912360188,-7.105427357601002e-15,39.615219123601875,39.61521912360188
MEAS_R000318,C006,20260607,3,38.92119047613949,0.7521863672026828,39.673376843342176,-7.105427357601002e-15,39.67337684334217,39.67337684334217
MEAS_R000321,C015,20260607,3,38.92119047613949,-0.5807292214851268,38.340461254654365,-7.105427357601002e-15,38.34046125465436,38.34046125465436
MEAS_R000326,C015,20260607,3,38.92119047613949,-0.6279054099900274,38.293285066149465,0.0,38.293285066149465,38.293285066149465
MEAS_R000331,C015,20260607,3,38.92119047613949,0.5994328942868689,39.520623370426364,-7.105427357601002e-15,39.52062337042636,39.52062337042636
MEAS_R000334,C015,20260607,3,38.92119047613949,-0.37320009258802794,38.547990383551465,0.0,38.547990383551465,38.547990383551465
MEAS_R000339,C007,20260607,3,38.92119047613949,0.6141225990134288,39.53531307515292,0.0,39.53531307515292,39.53531307515292
MEAS_R000341,C007,20260607,3,38.92119047613949,0.6004245606593134,39.521615036798806,0.0,39.521615036798806,39.521615036798806
MEAS_R000355,C007,20260607,3,38.92119047613949,0.7224019848504284,39.64359246098992,-7.105427357601002e-15,39.643592460989915,39.64359246098992
MEAS_R000356,C007,20260607,3,38.92119047613949,0.7261108538935104,39.647301330033,0.0,39.647301330033,39.647301330033
MEAS_R000363,C013,20260607,3,38.92119047613949,-0.1884603889445537,38.73273008719494,0.0,38.73273008719494,38.73273008719494
MEAS_R000365,C013,20260607,3,38.92119047613949,0.2519475431059027,39.17313801924539,0.0,39.17313801924539,39.17313801924539
MEAS_R000374,C024,20260607,3,38.92119047613949,0.09262664371608628,39.01381711985558,-7.105427357601002e-15,39.013817119855574,39.01381711985557
MEAS_R000377,C024,20260607,3,38.92119047613949,1.5762823301413644,40.49747280628086,-7.105427357601002e-15,40.497472806280854,40.49747280628085
MEAS_R000383,C024,20260607,3,38.92119047613949,1.6231489354065436,40.544339411546034,0.0,40.544339411546034,40.544339411546034
MEAS_R000392,C003,20260607,3,38.92119047613949,-0.40515950839008286,38.51603096774941,0.0,38.51603096774941,38.51603096774941
MEAS_R000393,C003,20260607,3,38.92119047613949,-0.2896308672404553,38.63155960889904,0.0,38.63155960889904,38.63155960889904
MEAS_R000398,C004,20260607,3,38.92119047613949,-1.2278415366153053,37.693348939524185,0.0,37.693348939524185,37.693348939524185
MEAS_R000400,C004,20260607,3,38.92119047613949,-1.369457661569652,37.55173281456984,0.0,37.55173281456984,37.55173281456984
MEAS_R000402,C005,20260607,3,38.92119047613949,-1.0989581148246514,37.82223236131484,0.0,37.82223236131484,37.82223236131484
MEAS_R000403,C005,20260607,3,38.92119047613949,-1.1380493919962062,37.78314108414329,-7.105427357601002e-15,37.78314108414328,37.78314108414328
MEAS_R000411,C008,20260607,3,38.92119047613949,-0.7287093129881934,38.1924811631513,0.0,38.1924811631513,38.1924811631513
MEAS_R000416,C009,20260607,3,38.92119047613949,1.5414893396033016,40.462679815742796,-7.105427357601002e-15,40.46267981574279,40.46267981574279
MEAS_R000421,C009,20260607,3,38.92119047613949,0.5742291186332493,39.49541959477274,0.0,39.49541959477274,39.49541959477274
MEAS_R000424,C010,20260607,3,38.92119047613949,-0.2808183398227163,38.64037213631678,-7.105427357601002e-15,38.64037213631677,38.64037213631677
MEAS_R000428,C011,20260607,3,38.92119047613949,-0.5669032690088248,38.35428720713067,0.0,38.35428720713067,38.35428720713067
MEAS_R000429,C011,20260607,3,38.92119047613949,-0.410617601205014,38.51057287493448,-7.105427357601002e-15,38.510572874934475,38.51057287493448
MEAS_R000441,C013,20260607,3,38.92119047613949,-0.19059772541882664,38.73059275072067,-7.105427357601002e-15,38.73059275072066,38.73059275072066
MEAS_R000443,C013,20260607,3,38.92119047613949,0.20138746948732755,39.12257794562682,-7.105427357601002e-15,39.122577945626816,39.122577945626816
MEAS_R000450,C016,20260607,3,38.92119047613949,-0.2930078049853656,38.62818267115413,-7.105427357601002e-15,38.62818267115412,38.62818267115412
MEAS_R000454,C016,20260607,3,38.92119047613949,-0.22338844390203383,38.69780203223746,-7.105427357601002e-15,38.697802032237455,38.697802032237455
MEAS_R000469,C020,20260607,3,38.92119047613949,1.2947043203659394,40.21589479650543,-7.105427357601002e-15,40.215894796505424,40.215894796505424
MEAS_R000470,C020,20260607,3,38.92119047613949,0.6648329697351425,39.58602344587464,-7.105427357601002e-15,39.58602344587463,39.58602344587463
MEAS_R000477,C021,20260607,3,38.92119047613949,-0.7526236125105596,38.16856686362893,0.0,38.16856686362893,38.16856686362893
MEAS_R000478,C021,20260607,3,38.92119047613949,-0.7137831779059782,38.20740729823351,0.0,38.20740729823351,38.20740729823351
MEAS_R000488,C025,20260607,3,38.92119047613949,0.48089819979614806,39.402088675935644,-7.105427357601002e-15,39.40208867593564,39.40208867593564
MEAS_R000489,C025,20260607,3,38.92119047613949,0.49982223815266286,39.421012714292154,0.0,39.421012714292154,39.42101271429216
MEAS_R000493,C025,20260607,3,38.92119047613949,0.5154062077767109,39.43659668391621,-7.105427357601002e-15,39.4365966839162,39.4365966839162
MEAS_R000497,C026,20260607,3,38.92119047613949,-0.23869809107346862,38.68249238506603,-7.105427357601002e-15,38.68249238506602,38.68249238506602
MEAS_R000517,C029,20260607,3,38.92119047613949,-0.6503849308593965,38.2708055452801,-7.105427357601002e-15,38.27080554528009,38.27080554528009
MEAS_R000003,C021,20260607,4,38.91235154376939,-0.7219660181822722,38.19038552558712,0.0,38.19038552558712,38.19038552558712
MEAS_R000007,C021,20260607,4,38.91235154376939,-0.6926945762257084,38.219656967543685,-7.105427357601002e-15,38.21965696754368,38.21965696754368
MEAS_R000011,C003,20260607,4,38.91235154376939,-0.3622550424722979,38.55009650129709,0.0,38.55009650129709,38.55009650129709
MEAS_R000021,C003,20260607,4,38.91235154376939,-0.3047340258860548,38.607617517883334,0.0,38.607617517883334,38.60761751788333
MEAS_R000027,C002,20260607,4,38.91235154376939,0.11329392897241726,39.02564547274181,-7.105427357601002e-15,39.0256454727418,39.0256454727418
MEAS_R000030,C002,20260607,4,38.91235154376939,0.10285142534368552,39.015202969113076,0.0,39.015202969113076,39.01520296911308
MEAS_R000037,C029,20260607,4,38.91235154376939,-0.5795616221358597,38.33278992163353,0.0,38.33278992163353,38.33278992163353
MEAS_R000038,C029,20260607,4,38.91235154376939,-0.5941565561202878,38.3181949876491,0.0,38.3181949876491,38.3181949876491
MEAS_R000049,C001,20260607,4,38.91235154376939,-0.5971744371186235,38.315177106650765,0.0,38.315177106650765,38.315177106650765
MEAS_R000052,C001,20260607,4,38.91235154376939,-0.7267057251176807,38.18564581865171,0.0,38.18564581865171,38.18564581865171
MEAS_R000054,C001,20260607,4,38.91235154376939,-0.6870938696960643,38.225257674073326,-7.105427357601002e-15,38.22525767407332,38.22525767407332
MEAS_R000061,C027,20260607,4,38.91235154376939,-0.023585313606178434,38.88876623016321,-7.105427357601002e-15,38.888766230163206,38.888766230163206
MEAS_R000067,C027,20260607,4,38.91235154376939,-0.21911222980605188,38.69323931396334,-7.105427357601002e-15,38.69323931396333,38.69323931396333
MEAS_R000079,C026,20260607,4,38.91235154376939,-0.16025420963689407,38.75209733413249,0.0,38.75209733413249,38.75209733413249
MEAS_R000082,C016,20260607,4,38.91235154376939,-0.20864462267916117,38.70370692109023,0.0,38.70370692109023,38.70370692109023
MEAS_R000083,C016,20260607,4,38.91235154376939,-0.2709713740109376,38.64138016975845,0.0,38.64138016975845,38.64138016975845
MEAS_R000090,C022,20260607,4,38.91235154376939,-0.5370944150675638,38.375257128701826,-7.105427357601002e-15,38.37525712870182,38.37525712870182
MEAS_R000098,C022,20260607,4,38.91235154376939,-0.30456561676289173,38.607785927006496,-7.105427357601002e-15,38.60778592700649,38.60778592700649
MEAS_R000102,C022,20260607,4,38.91235154376939,-0.5491672123201138,38.363184331449276,0.0,38.363184331449276,38.36318433144928
MEAS_R000104,C014,20260607,4,38.91235154376939,-0.6844885360502471,38.227863007719144,-7.105427357601002e-15,38.22786300771914,38.22786300771914
MEAS_R000113,C014,20260607,4,38.91235154376939,-0.3494519634129723,38.562899580356415,0.0,38.562899580356415,38.562899580356415
MEAS_R000117,C023,20260607,4,38.91235154376939,0.2676921623430518,39.18004370611244,-7.105427357601002e-15,39.180043706112436,39.18004370611244
MEAS_R000121,C023,20260607,4,38.91235154376939,0.008874726239462956,38.92122627000885,-7.105427357601002e-15,38.921226270008844,38.921226270008844
MEAS_R000124,C023,20260607,4,38.91235154376939,-0.0033196644214803055,38.90903187934791,0.0,38.90903187934791,38.90903187934791
MEAS_R000132,C011,20260607,4,38.91235154376939,-0.8106638998939337,38.10168764387546,-7.105427357601002e-15,38.10168764387545,38.10168764387545
MEAS_R000134,C011,20260607,4,38.91235154376939,-0.7896331174780296,38.12271842629136,0.0,38.12271842629136,38.12271842629136
MEAS_R000146,C004,20260607,4,38.91235154376939,-1.300420278869952,37.61193126489944,0.0,37.61193126489944,37.61193126489944
MEAS_R000151,C028,20260607,4,38.91235154376939,1.3502234697468616,40.262575013516255,-7.105427357601002e-15,40.26257501351625,40.26257501351625
MEAS_R000154,C028,20260607,4,38.91235154376939,1.2485691026951298,40.16092064646452,0.0,40.16092064646452,40.16092064646452
MEAS_R000158,C028,20260607,4,38.91235154376939,1.2654736082782048,40.177825152047596,-7.105427357601002e-15,40.17782515204759,40.17782515204759
MEAS_R000165,C008,20260607,4,38.91235154376939,-0.7160404006216077,38.19631114314778,0.0,38.19631114314778,38.19631114314778
MEAS_R000174,C008,20260607,4,38.91235154376939,-0.6269177576689762,38.28543378610041,0.0,38.28543378610041,38.28543378610041
MEAS_R000181,C030,20260607,4,38.91235154376939,1.2761050993657213,40.18845664313511,0.0,40.18845664313511,40.18845664313511
MEAS_R000184,C030,20260607,4,38.91235154376939,1.2146993123001701,40.12705085606956,0.0,40.12705085606956,40.12705085606956
MEAS_R000190,C018,20260607,4,38.91235154376939,-0.11805256089917507,38.79429898287022,-7.105427357601002e-15,38.79429898287021,38.79429898287021
MEAS_R000192,C018,20260607,4,38.91235154376939,-0.10008832652305921,38.81226321724633,-7.105427357601002e-15,38.812263217246326,38.812263217246326
MEAS_R000203,C025,20260607,4,38.91235154376939,0.4424313614842786,39.35478290525367,-7.105427357601002e-15,39.354782905253664,39.354782905253664
MEAS_R000210,C025,20260607,4,38.91235154376939,0.4217559610532384,39.334107504822626,0.0,39.334107504822626,39.33410750482263
MEAS_R000211,C010,20260607,4,38.91235154376939,-0.13891708841546446,38.77343445535392,0.0,38.77343445535392,38.77343445535392
MEAS_R000223,C010,20260607,4,38.91235154376939,-0.15522688587380365,38.75712465789559,-7.105427357601002e-15,38.75712465789558,38.75712465789558
MEAS_R000227,C019,20260607,4,38.91235154376939,0.43529527816359986,39.34764682193299,-7.105427357601002e-15,39.34764682193298,39.34764682193298
MEAS_R000233,C019,20260607,4,38.91235154376939,0.6178979244826694,39.53024946825206,-7.105427357601002e-15,39.53024946825205,39.53024946825205
MEAS_R000244,C005,20260607,4,38.91235154376939,-0.6898634914896271,38.222488052279765,-7.105427357601002e-15,38.22248805227976,38.22248805227976
MEAS_R000248,C005,20260607,4,38.91235154376939,-1.0634417166033365,37.848909827166054,0.0,37.848909827166054,37.84890982716605
MEAS_R000259,C017,20260607,4,38.91235154376939,0.39911820817820054,39.31146975194759,-7.105427357601002e-15,39.311469751947584,39.311469751947584
MEAS_R000261,C017,20260607,4,38.91235154376939,1.0422998300716022,39.95465137384099,0.0,39.95465137384099,39.95465137384099
MEAS_R000266,C017,20260607,4,38.91235154376939,1.0659844080053007,39.97833595177469,-7.105427357601002e-15,39.97833595177468,39.97833595177468
MEAS_R000269,C020,20260607,4,38.91235154376939,-0.016339224353694202,38.896012319415696,-7.105427357601002e-15,38.89601231941569,38.89601231941569
MEAS_R000276,C020,20260607,4,38.91235154376939,0.2584284934992137,39.17078003726861,-7.105427357601002e-15,39.1707800372686,39.1707800372686
MEAS_R000283,C020,20260607,4,38.91235154376939,1.278609960219827,40.190961503989215,0.0,40.190961503989215,40.190961503989215
MEAS_R000286,C009,20260607,4,38.91235154376939,0.664189635936043,39.57654117970543,0.0,39.57654117970543,39.57654117970543
MEAS_R000288,C009,20260607,4,38.91235154376939,0.7791284714390585,39.69148001520845,-7.105427357601002e-15,39.69148001520844,39.69148001520844
MEAS_R000303,C012,20260607,4,38.91235154376939,0.5737319474508106,39.4860834912202,0.0,39.4860834912202,39.4860834912202
MEAS_R000304,C012,20260607,4,38.91235154376939,1.3855527847926674,40.297904328562055,0.0,40.297904328562055,40.297904328562055
MEAS_R000306,C006,20260607,4,38.91235154376939,0.6485484739830015,39.56090001775239,0.0,39.56090001775239,39.56090001775239
MEAS_R000310,C006,20260607,4,38.91235154376939,-0.13823722572866345,38.77411431804072,-7.105427357601002e-15,38.774114318040716,38.77411431804072
MEAS_R000317,C006,20260607,4,38.91235154376939,0.030886786460691668,38.94323833023008,-7.105427357601002e-15,38.94323833023007,38.94323833023007
MEAS_R000332,C015,20260607,4,38.91235154376939,0.39310887857319243,39.305460422342584,-7.105427357601002e-15,39.30546042234258,39.30546042234258
MEAS_R000335,C015,20260607,4,38.91235154376939,-0.3124380710388024,38.599913472730584,0.0,38.599913472730584,38.59991347273058
MEAS_R000336,C015,20260607,4,38.91235154376939,0.10078196316089838,39.01313350693029,0.0,39.01313350693029,39.01313350693029
MEAS_R000343,C007,20260607,4,38.91235154376939,-0.038911440787966406,38.87344010298143,-7.105427357601002e-15,38.87344010298142,38.87344010298142
MEAS_R000344,C007,20260607,4,38.91235154376939,0.8714659417915629,39.78381748556095,-7.105427357601002e-15,39.783817485560945,39.78381748556095
MEAS_R000346,C007,20260607,4,38.91235154376939,0.8712864901645367,39.783638033933926,0.0,39.783638033933926,39.783638033933926
MEAS_R000352,C007,20260607,4,38.91235154376939,0.5077263841686172,39.42007792793801,-7.105427357601002e-15,39.420077927938,39.420077927938
MEAS_R000359,C013,20260607,4,38.91235154376939,-0.172865958980003,38.739485584789385,-7.105427357601002e-15,38.73948558478938,38.73948558478938
MEAS_R000366,C013,20260607,4,38.91235154376939,0.24571051045363168,39.15806205422302,-7.105427357601002e-15,39.158062054223016,39.158062054223016
MEAS_R000370,C024,20260607,4,38.91235154376939,-0.7703401043457365,38.142011439423655,-7.105427357601002e-15,38.14201143942365,38.14201143942365
MEAS_R000373,C024,20260607,4,38.91235154376939,-0.7302236567738247,38.182127886995566,-7.105427357601002e-15,38.18212788699556,38.18212788699556
MEAS_R000382,C024,20260607,4,38.91235154376939,1.5187626579701567,40.43111420173955,0.0,40.43111420173955,40.43111420173955
MEAS_R000385,C001,20260607,4,38.91235154376939,-0.674188828955905,38.238162714813484,0.0,38.238162714813484,38.23816271481349
MEAS_R000389,C002,20260607,4,38.91235154376939,0.038986880243282694,38.951338424012675,-7.105427357601002e-15,38.95133842401267,38.95133842401267
MEAS_R000397,C004,20260607,4,38.91235154376939,-1.1882560847291177,37.72409545904027,0.0,37.72409545904027,37.72409545904027
MEAS_R000399,C004,20260607,4,38.91235154376939,-1.167171045695369,37.74518049807402,0.0,37.74518049807402,37.74518049807402
MEAS_R000405,C005,20260607,4,38.91235154376939,-1.1082455387073282,37.80410600506206,-7.105427357601002e-15,37.80410600506205,37.80410600506205
MEAS_R000407,C006,20260607,4,38.91235154376939,0.650388501368313,39.5627400451377,0.0,39.5627400451377,39.5627400451377
MEAS_R000414,C008,20260607,4,38.91235154376939,-0.7245885600396793,38.18776298372971,-7.105427357601002e-15,38.187762983729705,38.187762983729705
MEAS_R000420,C009,20260607,4,38.91235154376939,0.6902947998785189,39.60264634364791,-7.105427357601002e-15,39.602646343647905,39.60264634364791
MEAS_R000422,C009,20260607,4,38.91235154376939,0.7633953779563705,39.67574692172576,-7.105427357601002e-15,39.675746921725754,39.67574692172576
MEAS_R000423,C010,20260607,4,38.91235154376939,-0.14421279185078495,38.768138751918606,-7.105427357601002e-15,38.7681387519186,38.7681387519186
MEAS_R000432,C011,20260607,4,38.91235154376939,-0.6876477471210113,38.22470379664838,-7.105427357601002e-15,38.22470379664837,38.22470379664837
MEAS_R000434,C011,20260607,4,38.91235154376939,-0.7916047699601725,38.120746773809216,0.0,38.120746773809216,38.120746773809216
MEAS_R000435,C012,20260607,4,38.91235154376939,0.5814514922829342,39.49380303605233,-7.105427357601002e-15,39.49380303605232,39.49380303605232
MEAS_R000436,C012,20260607,4,38.91235154376939,1.3879542262417477,40.300305770011136,0.0,40.300305770011136,40.300305770011136
MEAS_R000444,C013,20260607,4,38.91235154376939,0.2252142136036752,39.13756575737307,-7.105427357601002e-15,39.13756575737306,39.13756575737306
MEAS_R000446,C014,20260607,4,38.91235154376939,-0.9469649790714468,37.965386564697944,-7.105427357601002e-15,37.96538656469794,37.96538656469794
MEAS_R000456,C016,20260607,4,38.91235154376939,-0.09392654160795466,38.81842500216143,0.0,38.81842500216143,38.81842500216143
MEAS_R000457,C016,20260607,4,38.91235154376939,-0.1855279892804601,38.72682355448893,0.0,38.72682355448893,38.72682355448893
MEAS_R000464,C018,20260607,4,38.91235154376939,-0.1576610070326392,38.75469053673675,-7.105427357601002e-15,38.754690536736746,38.754690536736746
MEAS_R000465,C019,20260607,4,38.91235154376939,0.47528357621490686,39.387635119984296,0.0,39.387635119984296,39.387635119984296
MEAS_R000471,C021,20260607,4,38.91235154376939,-0.5870735525962848,38.3252779911731,0.0,38.3252779911731,38.3252779911731
MEAS_R000476,C021,20260607,4,38.91235154376939,-0.6454629099324949,38.26688863383689,0.0,38.26688863383689,38.26688863383689
MEAS_R000480,C022,20260607,4,38.91235154376939,-0.5169527476501189,38.395398796119274,-7.105427357601002e-15,38.39539879611927,38.39539879611927
MEAS_R000482,C023,20260607,4,38.91235154376939,-0.0038065973965315317,38.90854494637286,0.0,38.90854494637286,38.90854494637286
MEAS_R000492,C025,20260607,4,38.91235154376939,0.5163737826768244,39.42872532644621,0.0,39.42872532644621,39.42872532644621
MEAS_R000494,C026,20260607,4,38.91235154376939,-0.20352054290233448,38.70883100086706,-7.105427357601002e-15,38.70883100086705,38.70883100086705
MEAS_R000501,C026,20260607,4,38.91235154376939,-0.27416407518416064,38.63818746858523,0.0,38.63818746858523,38.63818746858523
MEAS_R000505,C027,20260607,4,38.91235154376939,0.042107899590647715,38.95445944336004,0.0,38.95445944336004,38.95445944336004
MEAS_R000513,C029,20260607,4,38.91235154376939,-0.5891634143705103,38.32318812939888,-7.105427357601002e-15,38.32318812939887,38.32318812939887
MEAS_R000520,C030,20260607,4,38.91235154376939,1.32538433280427,40.23773587657366,0.0,40.23773587657366,40.23773587657366
MEAS_R000001,C021,20260607,5,38.894266054817926,-0.60743811761172,38.286827937206205,0.0,38.286827937206205,38.286827937206205
MEAS_R000018,C003,20260607,5,38.894266054817926,-0.4297356037596496,38.46453045105827,7.105427357601002e-15,38.46453045105828,38.46453045105828
MEAS_R000020,C003,20260607,5,38.894266054817926,-0.12036002562877277,38.773906029189156,-7.105427357601002e-15,38.77390602918915,38.77390602918915
MEAS_R000023,C002,20260607,5,38.894266054817926,0.13349045864294345,39.02775651346087,-7.105427357601002e-15,39.027756513460865,39.02775651346087
MEAS_R000032,C002,20260607,5,38.894266054817926,0.5285324887019206,39.422798543519846,0.0,39.422798543519846,39.422798543519846
MEAS_R000039,C029,20260607,5,38.894266054817926,-0.6347032565156351,38.25956279830229,0.0,38.25956279830229,38.25956279830229
MEAS_R000041,C029,20260607,5,38.894266054817926,-0.6143248592137556,38.279941195604174,0.0,38.279941195604174,38.279941195604174
MEAS_R000058,C001,20260607,5,38.894266054817926,-0.5930786837475217,38.301187371070405,0.0,38.301187371070405,38.301187371070405
MEAS_R000059,C001,20260607,5,38.894266054817926,-0.6861227037660764,38.20814335105185,-7.105427357601002e-15,38.208143351051845,38.208143351051845
MEAS_R000063,C027,20260607,5,38.894266054817926,1.025164459681892,39.919430514499815,0.0,39.919430514499815,39.919430514499815
MEAS_R000071,C027,20260607,5,38.894266054817926,0.04456963695558695,38.93883569177351,0.0,38.93883569177351,38.93883569177351
MEAS_R000074,C026,20260607,5,38.894266054817926,-0.2978375966689686,38.59642845814896,0.0,38.59642845814896,38.59642845814896
MEAS_R000081,C016,20260607,5,38.894266054817926,-0.2222676121840618,38.671998442633864,0.0,38.671998442633864,38.67199844263386
MEAS_R000095,C022,20260607,5,38.894266054817926,-0.40821639317423175,38.4860496616437,-7.105427357601002e-15,38.48604966164369,38.48604966164369
MEAS_R000099,C022,20260607,5,38.894266054817926,-0.5300901263090569,38.36417592850887,0.0,38.36417592850887,38.36417592850887
MEAS_R000105,C014,20260607,5,38.894266054817926,-0.5672894824890979,38.32697657232883,0.0,38.32697657232883,38.32697657232883
MEAS_R000114,C014,20260607,5,38.894266054817926,-0.5201797837566325,38.374086271061294,0.0,38.374086271061294,38.374086271061294
MEAS_R000120,C023,20260607,5,38.894266054817926,0.006426208792351876,38.90069226361028,0.0,38.90069226361028,38.90069226361028
MEAS_R000128,C023,20260607,5,38.894266054817926,0.1901291190214512,39.084395173839376,0.0,39.084395173839376,39.084395173839376
MEAS_R000133,C011,20260607,5,38.894266054817926,-0.826046692522458,38.068219362295466,0.0,38.068219362295466,38.068219362295466
MEAS_R000139,C004,20260607,5,38.894266054817926,-1.0782624134108667,37.81600364140706,0.0,37.81600364140706,37.81600364140706
MEAS_R000144,C004,20260607,5,38.894266054817926,-1.360977151948486,37.533288902869444,0.0,37.533288902869444,37.53328890286944
MEAS_R000148,C004,20260607,5,38.894266054817926,-1.0623293751008465,37.83193667971708,0.0,37.83193667971708,37.83193667971708
MEAS_R000161,C028,20260607,5,38.894266054817926,1.3744040097776682,40.2686700645956,-7.105427357601002e-15,40.26867006459559,40.26867006459559
MEAS_R000162,C028,20260607,5,38.894266054817926,1.4160952195676886,40.31036127438561,0.0,40.31036127438561,40.31036127438561
MEAS_R000167,C008,20260607,5,38.894266054817926,-0.7759327824232481,38.11833327239468,0.0,38.11833327239468,38.11833327239468
MEAS_R000170,C008,20260607,5,38.894266054817926,-0.7859802348897276,38.1082858199282,0.0,38.1082858199282,38.1082858199282
MEAS_R000178,C030,20260607,5,38.894266054817926,1.3281188037605696,40.22238485857849,7.105427357601002e-15,40.2223848585785,40.2223848585785
MEAS_R000183,C030,20260607,5,38.894266054817926,1.169667519300257,40.06393357411818,0.0,40.06393357411818,40.06393357411818
MEAS_R000193,C018,20260607,5,38.894266054817926,-0.12367223767174357,38.770593817146185,0.0,38.770593817146185,38.770593817146185
MEAS_R000196,C018,20260607,5,38.894266054817926,-0.1234231195690671,38.77084293524886,0.0,38.77084293524886,38.77084293524886
MEAS_R000204,C025,20260607,5,38.894266054817926,0.44248551416769116,39.33675156898562,0.0,39.33675156898562,39.33675156898562
MEAS_R000205,C025,20260607,5,38.894266054817926,0.44904555895446396,39.34331161377239,-7.105427357601002e-15,39.343311613772386,39.34331161377239
MEAS_R000213,C010,20260607,5,38.894266054817926,-0.22620610375868327,38.66805995105924,0.0,38.66805995105924,38.66805995105924
MEAS_R000215,C010,20260607,5,38.894266054817926,-0.21907404320579962,38.675192011612125,0.0,38.675192011612125,38.675192011612125
MEAS_R000221,C010,20260607,5,38.894266054817926,-0.31068073688633535,38.58358531793159,0.0,38.58358531793159,38.58358531793159
MEAS_R000225,C019,20260607,5,38.894266054817926,0.6140592969979282,39.508325351815856,0.0,39.508325351815856,39.508325351815856
MEAS_R000230,C019,20260607,5,38.894266054817926,0.6105133516495099,39.504779406467435,0.0,39.504779406467435,39.50477940646744
MEAS_R000234,C019,20260607,5,38.894266054817926,0.6119857404486629,39.506251795266586,0.0,39.506251795266586,39.506251795266586
MEAS_R000240,C005,20260607,5,38.894266054817926,-1.0088805386438833,37.88538551617404,0.0,37.88538551617404,37.88538551617404
MEAS_R000251,C005,20260607,5,38.894266054817926,-1.1351649127048025,37.759101142113124,0.0,37.759101142113124,37.75910114211312
MEAS_R000252,C017,20260607,5,38.894266054817926,0.9885214305638691,39.8827874853818,0.0,39.8827874853818,39.8827874853818
MEAS_R000256,C017,20260607,5,38.894266054817926,0.49130678520486426,39.38557284002279,7.105427357601002e-15,39.385572840022796,39.3855728400228
MEAS_R000257,C017,20260607,5,38.894266054817926,0.5341811607991455,39.42844721561707,0.0,39.42844721561707,39.42844721561707
MEAS_R000268,C020,20260607,5,38.894266054817926,0.6436247988654511,39.53789085368338,-7.105427357601002e-15,39.53789085368337,39.53789085368337
MEAS_R000272,C020,20260607,5,38.894266054817926,0.2620921467616808,39.15635820157961,0.0,39.15635820157961,39.15635820157961
MEAS_R000279,C020,20260607,5,38.894266054817926,1.296768721941221,40.191034776759146,0.0,40.191034776759146,40.191034776759146
MEAS_R000284,C009,20260607,5,38.894266054817926,1.6390501114724625,40.53331616629039,0.0,40.53331616629039,40.53331616629039
MEAS_R000299,C012,20260607,5,38.894266054817926,0.9919061531258794,39.88617220794381,0.0,39.88617220794381,39.88617220794381
MEAS_R000305,C012,20260607,5,38.894266054817926,1.4761239863151054,40.370390041133035,0.0,40.370390041133035,40.37039004113304
MEAS_R000313,C006,20260607,5,38.894266054817926,0.8799572485127565,39.774223303330686,0.0,39.774223303330686,39.774223303330686
MEAS_R000319,C006,20260607,5,38.894266054817926,0.6645427236091699,39.55880877842709,0.0,39.55880877842709,39.55880877842709
MEAS_R000322,C015,20260607,5,38.894266054817926,-0.3864072509111577,38.50785880390677,0.0,38.50785880390677,38.50785880390677
MEAS_R000325,C015,20260607,5,38.894266054817926,-0.3808222194697696,38.513443835348156,0.0,38.513443835348156,38.51344383534816
MEAS_R000328,C015,20260607,5,38.894266054817926,-0.38036896420906763,38.51389709060886,0.0,38.51389709060886,38.51389709060886
MEAS_R000338,C007,20260607,5,38.894266054817926,0.3480271978654488,39.242293252683375,0.0,39.242293252683375,39.242293252683375
MEAS_R000342,C007,20260607,5,38.894266054817926,0.8872347151455958,39.78150076996352,0.0,39.78150076996352,39.78150076996352
MEAS_R000345,C007,20260607,5,38.894266054817926,-0.135257250681965,38.75900880413596,0.0,38.75900880413596,38.75900880413596
MEAS_R000360,C013,20260607,5,38.894266054817926,-0.2858209603149061,38.60844509450302,0.0,38.60844509450302,38.60844509450302
MEAS_R000364,C013,20260607,5,38.894266054817926,0.2309996730031103,39.12526572782104,0.0,39.12526572782104,39.12526572782104
MEAS_R000368,C024,20260607,5,38.894266054817926,-0.661870556816943,38.23239549800098,0.0,38.23239549800098,38.23239549800098
MEAS_R000376,C024,20260607,5,38.894266054817926,0.04342886449883192,38.937694919316755,0.0,38.937694919316755,38.93769491931676
MEAS_R000378,C024,20260607,5,38.894266054817926,-0.5104736882341075,38.38379236658382,0.0,38.38379236658382,38.38379236658382
MEAS_R000404,C005,20260607,5,38.894266054817926,-0.9998452430940283,37.8944208117239,0.0,37.8944208117239,37.8944208117239
MEAS_R000406,C006,20260607,5,38.894266054817926,0.6634343745588049,39.55770042937673,0.0,39.55770042937673,39.55770042937673
MEAS_R000412,C008,20260607,5,38.894266054817926,-0.7773523578361221,38.116913696981804,0.0,38.116913696981804,38.11691369698181
MEAS_R000418,C009,20260607,5,38.894266054817926,1.6540632829736652,40.54832933779159,-7.105427357601002e-15,40.548329337791586,40.54832933779159
MEAS_R000433,C011,20260607,5,38.894266054817926,-0.8322857842232452,38.06198027059468,0.0,38.06198027059468,38.06198027059468
MEAS_R000437,C012,20260607,5,38.894266054817926,1.4717828032365716,40.3660488580545,0.0,40.3660488580545,40.3660488580545
MEAS_R000442,C013,20260607,5,38.894266054817926,0.21287247658652253,39.10713853140445,0.0,39.10713853140445,39.10713853140445
MEAS_R000447,C014,20260607,5,38.894266054817926,-0.5671161155133837,38.32714993930454,0.0,38.32714993930454,38.32714993930454
MEAS_R000455,C016,20260607,5,38.894266054817926,-0.1848125076324564,38.70945354718547,0.0,38.70945354718547,38.70945354718547
MEAS_R000459,C017,20260607,5,38.894266054817926,0.49386111568756696,39.38812717050549,0.0,39.38812717050549,39.38812717050549
MEAS_R000463,C018,20260607,5,38.894266054817926,-0.14882239638898465,38.74544365842894,0.0,38.74544365842894,38.74544365842894
MEAS_R000474,C021,20260607,5,38.894266054817926,-0.7035889795696939,38.19067707524823,0.0,38.19067707524823,38.19067707524823
MEAS_R000485,C024,20260607,5,38.894266054817926,0.047390271286511305,38.941656326104436,0.0,38.941656326104436,38.94165632610444
MEAS_R000487,C025,20260607,5,38.894266054817926,0.4462587204963564,39.340524775314286,-7.105427357601002e-15,39.34052477531428,39.34052477531428
MEAS_R000496,C026,20260607,5,38.894266054817926,-0.23205899209396744,38.66220706272396,0.0,38.66220706272396,38.66220706272396
MEAS_R000503,C026,20260607,5,38.894266054817926,-0.2933367547282399,38.60092930008969,0.0,38.60092930008969,38.60092930008969
MEAS_R000507,C027,20260607,5,38.894266054817926,0.9449480862537677,39.83921414107169,0.0,39.83921414107169,39.83921414107169
MEAS_R000510,C028,20260607,5,38.894266054817926,1.3155786366580926,40.20984469147602,-7.105427357601002e-15,40.209844691476015,40.209844691476015
MEAS_R000514,C029,20260607,5,38.894266054817926,-0.4974128574356663,38.396853197382256,0.0,38.396853197382256,38.396853197382256
MEAS_R000516,C029,20260607,5,38.894266054817926,-0.6195490819262799,38.274716972891646,0.0,38.274716972891646,38.274716972891646
MEAS_R000518,C030,20260607,5,38.894266054817926,1.336024523410908,40.23029057822883,0.0,40.23029057822883,40.23029057822883
MEAS_R000001,C021,20260701,1,38.89673366723968,-0.6327827371487385,38.26395093009094,0.0,38.26395093009094,38.26395093009094
MEAS_R000006,C021,20260701,1,38.89673366723968,-0.6069826114063281,38.28975105583335,0.0,38.28975105583335,38.28975105583335
MEAS_R000012,C003,20260701,1,38.89673366723968,-0.3826210344811515,38.514112632758525,0.0,38.514112632758525,38.514112632758525
MEAS_R000014,C003,20260701,1,38.89673366723968,-0.4397414375108084,38.45699222972887,0.0,38.45699222972887,38.45699222972887
MEAS_R000021,C003,20260701,1,38.89673366723968,-0.27358054923349573,38.623153118006186,-7.105427357601002e-15,38.62315311800618,38.62315311800618
MEAS_R000022,C002,20260701,1,38.89673366723968,0.23423611124706378,39.130969778486744,0.0,39.130969778486744,39.13096977848674
MEAS_R000028,C002,20260701,1,38.89673366723968,0.16040495956279163,39.05713862680247,0.0,39.05713862680247,39.05713862680247
MEAS_R000030,C002,20260701,1,38.89673366723968,0.21653097272674682,39.113264639966424,0.0,39.113264639966424,39.11326463996642
MEAS_R000037,C029,20260701,1,38.89673366723968,-0.5970860024830984,38.299647664756584,-7.105427357601002e-15,38.29964766475658,38.29964766475658
MEAS_R000042,C029,20260701,1,38.89673366723968,-0.6059191430315789,38.2908145242081,0.0,38.2908145242081,38.2908145242081
MEAS_R000044,C029,20260701,1,38.89673366723968,-0.46632798712262147,38.43040568011706,-7.105427357601002e-15,38.430405680117055,38.430405680117055
MEAS_R000052,C001,20260701,1,38.89673366723968,-0.7583430953788446,38.13839057186083,0.0,38.13839057186083,38.13839057186083
MEAS_R000053,C001,20260701,1,38.89673366723968,-0.6941756191272832,38.202558048112394,0.0,38.202558048112394,38.2025580481124
MEAS_R000055,C001,20260701,1,38.89673366723968,-0.7179759635063389,38.17875770373334,0.0,38.17875770373334,38.17875770373334
MEAS_R000065,C027,20260701,1,38.89673366723968,-0.10482281544249923,38.791910851797184,0.0,38.791910851797184,38.791910851797184
MEAS_R000068,C027,20260701,1,38.89673366723968,-0.08939610246846068,38.80733756477122,0.0,38.80733756477122,38.80733756477122
MEAS_R000071,C027,20260701,1,38.89673366723968,0.09371409285658791,38.99044776009627,0.0,38.99044776009627,38.99044776009627
MEAS_R000076,C026,20260701,1,38.89673366723968,-0.2339634257556541,38.662770241484026,0.0,38.662770241484026,38.662770241484026
MEAS_R000077,C026,20260701,1,38.89673366723968,-0.22450702900542593,38.67222663823426,-7.105427357601002e-15,38.67222663823425,38.67222663823425
MEAS_R000086,C016,20260701,1,38.89673366723968,-0.1898493531183483,38.70688431412133,0.0,38.70688431412133,38.70688431412133
MEAS_R000087,C016,20260701,1,38.89673366723968,-0.16804062118765803,38.72869304605202,-7.105427357601002e-15,38.728693046052015,38.728693046052015
MEAS_R000093,C022,20260701,1,38.89673366723968,-0.46403058830040056,38.43270307893928,7.105427357601002e-15,38.432703078939284,38.43270307893928
MEAS_R000094,C022,20260701,1,38.89673366723968,-0.3990191578754755,38.4977145093642,0.0,38.4977145093642,38.4977145093642
MEAS_R000099,C022,20260701,1,38.89673366723968,-0.4678438646059029,38.428889802633776,0.0,38.428889802633776,38.428889802633776
MEAS_R000106,C014,20260701,1,38.89673366723968,-0.7923494905594771,38.104384176680206,-7.105427357601002e-15,38.1043841766802,38.1043841766802
MEAS_R000111,C014,20260701,1,38.89673366723968,-0.7844274314131902,38.11230623582649,0.0,38.11230623582649,38.11230623582649
MEAS_R000114,C014,20260701,1,38.89673366723968,-0.49093620889399037,38.40579745834569,0.0,38.40579745834569,38.40579745834569
MEAS_R000126,C023,20260701,1,38.89673366723968,0.28029553620706404,39.17702920344674,0.0,39.17702920344674,39.17702920344674
MEAS_R000128,C023,20260701,1,38.89673366723968,0.12934018990403714,39.026073857143714,0.0,39.026073857143714,39.026073857143714
MEAS_R000129,C023,20260701,1,38.89673366723968,0.1024311797987893,38.99916484703847,0.0,38.99916484703847,38.99916484703847
MEAS_R000130,C011,20260701,1,38.89673366723968,-0.6855182371660669,38.211215430073615,-7.105427357601002e-15,38.21121543007361,38.21121543007361
MEAS_R000136,C011,20260701,1,38.89673366723968,-0.7151205408311214,38.18161312640856,0.0,38.18161312640856,38.18161312640856
MEAS_R000143,C004,20260701,1,38.89673366723968,-1.2878313102566246,37.60890235698305,0.0,37.60890235698305,37.60890235698305
MEAS_R000145,C004,20260701,1,38.89673366723968,-1.2702120169667346,37.62652165027295,0.0,37.62652165027295,37.62652165027295
MEAS_R000153,C028,20260701,1,38.89673366723968,1.2381568565155845,40.13489052375527,-7.105427357601002e-15,40.13489052375526,40.13489052375526
MEAS_R000156,C028,20260701,1,38.89673366723968,1.3541873645848845,40.25092103182456,0.0,40.25092103182456,40.25092103182456
MEAS_R000159,C028,20260701,1,38.89673366723968,1.1627489654980878,40.05948263273777,0.0,40.05948263273777,40.05948263273777
MEAS_R000164,C008,20260701,1,38.89673366723968,-0.5484336975228175,38.34829996971686,0.0,38.34829996971686,38.34829996971686
MEAS_R000169,C008,20260701,1,38.89673366723968,-0.785109999168994,38.111623668070685,0.0,38.111623668070685,38.111623668070685
MEAS_R000173,C008,20260701,1,38.89673366723968,-0.6902110564191017,38.20652261082058,0.0,38.20652261082058,38.20652261082058
MEAS_R000178,C030,20260701,1,38.89673366723968,1.3669734619657974,40.26370712920548,0.0,40.26370712920548,40.26370712920548
MEAS_R000182,C030,20260701,1,38.89673366723968,1.239815632338344,40.13654929957802,0.0,40.13654929957802,40.13654929957802
MEAS_R000184,C030,20260701,1,38.89673366723968,1.2013370754819854,40.09807074272167,-7.105427357601002e-15,40.09807074272166,40.09807074272166
MEAS_R000189,C030,20260701,1,38.89673366723968,1.2478623711734818,40.14459603841316,-7.105427357601002e-15,40.144596038413155,40.14459603841316
MEAS_R000193,C018,20260701,1,38.89673366723968,-0.11481704469249304,38.781916622547186,0.0,38.781916622547186,38.78191662254719
MEAS_R000195,C018,20260701,1,38.89673366723968,-0.14408084444154348,38.75265282279813,0.0,38.75265282279813,38.75265282279813
MEAS_R000204,C025,20260701,1,38.89673366723968,0.47711797521911714,39.373851642458796,0.0,39.373851642458796,39.3738516424588
MEAS_R000210,C025,20260701,1,38.89673366723968,0.4892765387996175,39.386010206039295,0.0,39.386010206039295,39.386010206039295
MEAS_R000213,C010,20260701,1,38.89673366723968,-0.2558146688814923,38.64091899835819,0.0,38.64091899835819,38.64091899835819
MEAS_R000222,C010,20260701,1,38.89673366723968,-0.31303904983446895,38.58369461740521,0.0,38.58369461740521,38.58369461740521
MEAS_R000226,C019,20260701,1,38.89673366723968,0.534884124477716,39.43161779171739,0.0,39.43161779171739,39.43161779171739
MEAS_R000229,C019,20260701,1,38.89673366723968,0.48982350736169233,39.38655717460137,0.0,39.38655717460137,39.38655717460137
MEAS_R000233,C019,20260701,1,38.89673366723968,0.6834493338315915,39.58018300107127,0.0,39.58018300107127,39.58018300107127
MEAS_R000241,C005,20260701,1,38.89673366723968,-1.1654269593425635,37.73130670789712,0.0,37.73130670789712,37.73130670789712
MEAS_R000246,C005,20260701,1,38.89673366723968,-1.0933664456379346,37.80336722160175,0.0,37.80336722160175,37.80336722160175
MEAS_R000248,C005,20260701,1,38.89673366723968,-1.0773210268001754,37.8194126404395,0.0,37.8194126404395,37.8194126404395
MEAS_R000249,C005,20260701,1,38.89673366723968,-0.8690123017995168,38.027721365440165,-7.105427357601002e-15,38.02772136544016,38.02772136544016
MEAS_R000255,C017,20260701,1,38.89673366723968,0.10852156238592198,39.005255229625604,0.0,39.005255229625604,39.0052552296256
MEAS_R000259,C017,20260701,1,38.89673366723968,0.4257690353334423,39.322502702573125,-7.105427357601002e-15,39.32250270257312,39.32250270257312
MEAS_R000263,C017,20260701,1,38.89673366723968,0.43946641554509214,39.33620008278477,0.0,39.33620008278477,39.33620008278477
MEAS_R000267,C017,20260701,1,38.89673366723968,0.48693596135061257,39.38366962859029,0.0,39.38366962859029,39.38366962859029
MEAS_R000270,C020,20260701,1,38.89673366723968,0.20060805044138974,39.09734171768107,0.0,39.09734171768107,39.09734171768107
MEAS_R000271,C020,20260701,1,38.89673366723968,-0.11915858142469757,38.77757508581498,0.0,38.77757508581498,38.77757508581498
MEAS_R000281,C020,20260701,1,38.89673366723968,1.336940976249606,40.23367464348929,0.0,40.23367464348929,40.23367464348929
MEAS_R000282,C020,20260701,1,38.89673366723968,0.6901690729374585,39.58690274017714,0.0,39.58690274017714,39.58690274017714
MEAS_R000287,C009,20260701,1,38.89673366723968,0.6262044631001626,39.522938130339845,-7.105427357601002e-15,39.52293813033984,39.52293813033984
MEAS_R000290,C009,20260701,1,38.89673366723968,0.8801994380456022,39.77693310528528,0.0,39.77693310528528,39.77693310528528
MEAS_R000295,C012,20260701,1,38.89673366723968,0.2340507998584268,39.13078446709811,0.0,39.13078446709811,39.13078446709811
MEAS_R000301,C012,20260701,1,38.89673366723968,0.8311710411139579,39.727904708353634,0.0,39.727904708353634,39.727904708353634
MEAS_R000305,C012,20260701,1,38.89673366723968,1.4539278703946916,40.35066153763437,0.0,40.35066153763437,40.35066153763437
MEAS_R000308,C006,20260701,1,38.89673366723968,-0.25514474509918195,38.6415889221405,0.0,38.6415889221405,38.6415889221405
MEAS_R000317,C006,20260701,1,38.89673366723968,0.09085150808674769,38.98758517532643,0.0,38.98758517532643,38.98758517532643
MEAS_R000319,C006,20260701,1,38.89673366723968,0.6684279480888793,39.565161615328556,7.105427357601002e-15,39.56516161532856,39.56516161532856
MEAS_R000325,C015,20260701,1,38.89673366723968,-0.20580044674220238,38.69093322049748,0.0,38.69093322049748,38.69093322049748
MEAS_R000329,C015,20260701,1,38.89673366723968,0.4143237535421137,39.31105742078179,0.0,39.31105742078179,39.31105742078179
MEAS_R000332,C015,20260701,1,38.89673366723968,0.43068716243915894,39.327420829678836,0.0,39.327420829678836,39.32742082967884
MEAS_R000337,C015,20260701,1,38.89673366723968,-0.055301610503172706,38.84143205673651,0.0,38.84143205673651,38.84143205673651
MEAS_R000342,C007,20260701,1,38.89673366723968,0.820146469131303,39.71688013637098,0.0,39.71688013637098,39.71688013637098
MEAS_R000348,C007,20260701,1,38.89673366723968,0.614062480129795,39.510796147369476,0.0,39.510796147369476,39.51079614736948
MEAS_R000350,C007,20260701,1,38.89673366723968,0.7113866376050448,39.608120304844725,0.0,39.608120304844725,39.608120304844725
MEAS_R000352,C007,20260701,1,38.89673366723968,0.6929682092784459,39.58970187651813,-7.105427357601002e-15,39.58970187651812,39.58970187651812
MEAS_R000361,C013,20260701,1,38.89673366723968,0.1219573599158626,39.01869102715554,0.0,39.01869102715554,39.01869102715554
MEAS_R000366,C013,20260701,1,38.89673366723968,0.23135796616073234,39.12809163340041,0.0,39.12809163340041,39.12809163340041
MEAS_R000373,C024,20260701,1,38.89673366723968,-0.6888164087264541,38.20791725851323,0.0,38.20791725851323,38.20791725851323
MEAS_R000377,C024,20260701,1,38.89673366723968,1.5556754473664935,40.452409114606176,-7.105427357601002e-15,40.45240911460617,40.45240911460617
MEAS_R000379,C024,20260701,1,38.89673366723968,-0.029184357283123047,38.86754930995656,-7.105427357601002e-15,38.86754930995655,38.86754930995655
MEAS_R000383,C024,20260701,1,38.89673366723968,1.5920899765772902,40.48882364381697,0.0,40.48882364381697,40.48882364381697
MEAS_R000384,C001,20260701,1,38.89673366723968,-0.7153242716456496,38.18140939559403,0.0,38.18140939559403,38.18140939559403
MEAS_R000386,C001,20260701,1,38.89673366723968,-0.6496404001256608,38.24709326711402,0.0,38.24709326711402,38.24709326711402
MEAS_R000390,C002,20260701,1,38.89673366723968,0.1631887116300777,39.05992237886976,0.0,39.05992237886976,39.05992237886976
MEAS_R000393,C003,20260701,1,38.89673366723968,-0.32258631107095104,38.57414735616873,-7.105427357601002e-15,38.57414735616872,38.57414735616872
MEAS_R000397,C004,20260701,1,38.89673366723968,-1.2290980398978752,37.6676356273418,0.0,37.6676356273418,37.6676356273418
MEAS_R000398,C004,20260701,1,38.89673366723968,-1.1929141070563416,37.70381956018334,-7.105427357601002e-15,37.703819560183334,37.70381956018333
MEAS_R000406,C006,20260701,1,38.89673366723968,0.6589155748031066,39.55564924204278,0.0,39.55564924204278,39.55564924204278
MEAS_R000409,C006,20260701,1,38.89673366723968,-0.22216390749653334,38.67456975974314,0.0,38.67456975974314,38.67456975974314
MEAS_R000410,C008,20260701,1,38.89673366723968,-0.7310850878266861,38.165648579412995,-7.105427357601002e-15,38.16564857941299,38.16564857941299
MEAS_R000415,C009,20260701,1,38.89673366723968,0.846819898788244,39.74355356602793,0.0,39.74355356602793,39.74355356602793
MEAS_R000421,C009,20260701,1,38.89673366723968,0.6705271457542792,39.56726081299396,0.0,39.56726081299396,39.56726081299396
MEAS_R000423,C010,20260701,1,38.89673366723968,-0.16188064290162643,38.73485302433805,0.0,38.73485302433805,38.73485302433805
MEAS_R000426,C010,20260701,1,38.89673366723968,-0.18806156857394685,38.70867209866573,0.0,38.70867209866573,38.70867209866573
MEAS_R000427,C011,20260701,1,38.89673366723968,-0.5726945194713605,38.32403914776832,0.0,38.32403914776832,38.32403914776832
MEAS_R000430,C011,20260701,1,38.89673366723968,-0.7772684940499217,38.11946517318976,-7.105427357601002e-15,38.11946517318975,38.11946517318975
MEAS_R000437,C012,20260701,1,38.89673366723968,1.4055300055071964,40.302263672746875,0.0,40.302263672746875,40.30226367274688
MEAS_R000439,C013,20260701,1,38.89673366723968,0.10773514066847906,39.00446880790816,-7.105427357601002e-15,39.004468807908154,39.00446880790816
MEAS_R000444,C013,20260701,1,38.89673366723968,0.22406637292481252,39.12080004016449,0.0,39.12080004016449,39.12080004016449
MEAS_R000448,C014,20260701,1,38.89673366723968,-0.5234990956159435,38.37323457162373,0.0,38.37323457162373,38.37323457162373
MEAS_R000451,C016,20260701,1,38.89673366723968,-0.23062444343807087,38.66610922380161,-7.105427357601002e-15,38.666109223801605,38.666109223801605
MEAS_R000452,C016,20260701,1,38.89673366723968,-0.16808183866863505,38.728651828571046,0.0,38.728651828571046,38.728651828571046
MEAS_R000458,C017,20260701,1,38.89673366723968,0.12917130093573054,39.02590496817541,0.0,39.02590496817541,39.02590496817541
MEAS_R000462,C018,20260701,1,38.89673366723968,-0.19199999338844,38.70473367385124,0.0,38.70473367385124,38.70473367385124
MEAS_R000463,C018,20260701,1,38.89673366723968,-0.17247372430604643,38.724259942933635,0.0,38.724259942933635,38.72425994293364
MEAS_R000468,C019,20260701,1,38.89673366723968,0.626850957309437,39.523584624549116,0.0,39.523584624549116,39.52358462454912
MEAS_R000469,C020,20260701,1,38.89673366723968,1.270640353582786,40.167374020822464,0.0,40.167374020822464,40.167374020822464
MEAS_R000470,C020,20260701,1,38.89673366723968,0.6989886034773687,39.59572227071705,0.0,39.59572227071705,39.59572227071705
MEAS_R000474,C021,20260701,1,38.89673366723968,-0.7342718834973834,38.162461783742295,0.0,38.162461783742295,38.162461783742295
MEAS_R000484,C023,20260701,1,38.89673366723968,0.2265373778258783,39.12327104506556,0.0,39.12327104506556,39.12327104506556
MEAS_R000489,C025,20260701,1,38.89673366723968,0.48942037083087075,39.38615403807055,0.0,39.38615403807055,39.38615403807055
MEAS_R000490,C025,20260701,1,38.89673366723968,0.39990482237343217,39.29663848961311,7.105427357601002e-15,39.296638489613116,39.29663848961312
MEAS_R000498,C026,20260701,1,38.89673366723968,-0.23109769044978537,38.66563597678989,0.0,38.66563597678989,38.66563597678989
MEAS_R000499,C026,20260701,1,38.89673366723968,-0.2617395645664248,38.634994102673254,0.0,38.634994102673254,38.63499410267325
MEAS_R000512,C028,20260701,1,38.89673366723968,1.281708615415335,40.17844228265501,0.0,40.17844228265501,40.17844228265501
MEAS_R000517,C029,20260701,1,38.89673366723968,-0.5796062357053233,38.31712743153436,0.0,38.31712743153436,38.31712743153436
MEAS_R000002,C021,20260701,2,38.91608040415947,-0.7047503844564199,38.211330019703055,0.0,38.211330019703055,38.211330019703055
MEAS_R000003,C021,20260701,2,38.91608040415947,-0.7324729610444916,38.18360744311498,0.0,38.18360744311498,38.18360744311498
MEAS_R000013,C003,20260701,2,38.91608040415947,-0.40261537532216474,38.51346502883731,7.105427357601002e-15,38.51346502883732,38.51346502883732
MEAS_R000016,C003,20260701,2,38.91608040415947,-0.4579356598978578,38.45814474426162,0.0,38.45814474426162,38.45814474426162
MEAS_R000018,C003,20260701,2,38.91608040415947,-0.3712722638175999,38.54480814034187,7.105427357601002e-15,38.54480814034188,38.54480814034188
MEAS_R000029,C002,20260701,2,38.91608040415947,0.04885279437533497,38.96493319853481,0.0,38.96493319853481,38.96493319853481
MEAS_R000031,C002,20260701,2,38.91608040415947,0.17425659161322243,39.090336995772695,7.105427357601002e-15,39.0903369957727,39.0903369957727
MEAS_R000032,C002,20260701,2,38.91608040415947,0.24072636413231696,39.15680676829179,7.105427357601002e-15,39.156806768291794,39.156806768291794
MEAS_R000035,C029,20260701,2,38.91608040415947,-0.49912643677072666,38.41695396738875,0.0,38.41695396738875,38.41695396738875
MEAS_R000038,C029,20260701,2,38.91608040415947,-0.6518913094412471,38.264189094718226,7.105427357601002e-15,38.26418909471823,38.26418909471823
MEAS_R000039,C029,20260701,2,38.91608040415947,-0.5894009900626398,38.32667941409683,7.105427357601002e-15,38.32667941409684,38.32667941409684
MEAS_R000047,C001,20260701,2,38.91608040415947,-0.5383953819184073,38.37768502224107,0.0,38.37768502224107,38.37768502224107
MEAS_R000054,C001,20260701,2,38.91608040415947,-0.711487011773315,38.20459339238616,0.0,38.20459339238616,38.20459339238616
MEAS_R000057,C001,20260701,2,38.91608040415947,-0.5104191772918989,38.40566122686757,7.105427357601002e-15,38.40566122686758,38.40566122686758
MEAS_R000062,C027,20260701,2,38.91608040415947,-0.01114338038891223,38.90493702377056,7.105427357601002e-15,38.904937023770565,38.904937023770565
MEAS_R000069,C027,20260701,2,38.91608040415947,-0.21502194713566564,38.701058457023805,7.105427357601002e-15,38.70105845702381,38.70105845702381
MEAS_R000072,C027,20260701,2,38.91608040415947,-0.04437388809003116,38.871706516069445,0.0,38.871706516069445,38.871706516069445
MEAS_R000074,C026,20260701,2,38.91608040415947,-0.2772657017226706,38.638814702436804,0.0,38.638814702436804,38.6388147024368
MEAS_R000075,C026,20260701,2,38.91608040415947,-0.3322513370829564,38.583829067076515,7.105427357601002e-15,38.58382906707652,38.58382906707652
MEAS_R000084,C016,20260701,2,38.91608040415947,-0.41138626943305234,38.50469413472642,0.0,38.50469413472642,38.50469413472642
MEAS_R000088,C016,20260701,2,38.91608040415947,-0.25725790616848476,38.65882249799099,7.105427357601002e-15,38.658822497991,38.658822497991
MEAS_R000089,C022,20260701,2,38.91608040415947,-0.5272260058015636,38.38885439835791,7.105427357601002e-15,38.388854398357914,38.38885439835792
MEAS_R000096,C022,20260701,2,38.91608040415947,-0.5300538891605884,38.38602651499888,7.105427357601002e-15,38.38602651499889,38.38602651499889
MEAS_R000102,C022,20260701,2,38.91608040415947,-0.5741522791668985,38.34192812499258,0.0,38.34192812499258,38.34192812499258
MEAS_R000105,C014,20260701,2,38.91608040415947,-0.6045694422577097,38.31151096190176,7.105427357601002e-15,38.31151096190177,38.31151096190177
MEAS_R000110,C014,20260701,2,38.91608040415947,-0.7613259591588961,38.15475444500058,0.0,38.15475444500058,38.15475444500058
MEAS_R000115,C014,20260701,2,38.91608040415947,-0.3650500123928196,38.55103039176665,7.105427357601002e-15,38.55103039176666,38.55103039176666
MEAS_R000117,C023,20260701,2,38.91608040415947,0.17689714466702894,39.092977548826504,0.0,39.092977548826504,39.0929775488265
MEAS_R000118,C023,20260701,2,38.91608040415947,0.11287291767726321,39.02895332183674,0.0,39.02895332183674,39.02895332183674
MEAS_R000121,C023,20260701,2,38.91608040415947,0.043113492119846816,38.95919389627932,7.105427357601002e-15,38.959193896279324,38.95919389627933
MEAS_R000131,C011,20260701,2,38.91608040415947,-0.7557792781567736,38.1603011260027,0.0,38.1603011260027,38.1603011260027
MEAS_R000132,C011,20260701,2,38.91608040415947,-0.7798858298080846,38.136194574351386,7.105427357601002e-15,38.13619457435139,38.13619457435139
MEAS_R000142,C004,20260701,2,38.91608040415947,-1.2638334793786359,37.65224692478084,0.0,37.65224692478084,37.65224692478084
MEAS_R000149,C004,20260701,2,38.91608040415947,-1.120631991513375,37.795448412646095,7.105427357601002e-15,37.7954484126461,37.7954484126461
MEAS_R000154,C028,20260701,2,38.91608040415947,1.2719096253062165,40.18799002946569,7.105427357601002e-15,40.187990029465695,40.187990029465695
MEAS_R000155,C028,20260701,2,38.91608040415947,0.9460663400088046,39.86214674416828,0.0,39.86214674416828,39.86214674416828
MEAS_R000158,C028,20260701,2,38.91608040415947,1.30008052863739,40.21616093279686,7.105427357601002e-15,40.21616093279687,40.21616093279687
MEAS_R000161,C028,20260701,2,38.91608040415947,1.2275420288578691,40.14362243301734,0.0,40.14362243301734,40.14362243301734
MEAS_R000167,C008,20260701,2,38.91608040415947,-0.8303508950563316,38.08572950910314,7.105427357601002e-15,38.085729509103146,38.085729509103146
MEAS_R000171,C008,20260701,2,38.91608040415947,-0.7524984261716279,38.163581977987846,0.0,38.163581977987846,38.163581977987846
MEAS_R000172,C008,20260701,2,38.91608040415947,-0.7360011195497869,38.18007928460969,0.0,38.18007928460969,38.18007928460969
MEAS_R000176,C030,20260701,2,38.91608040415947,1.02194355714471,39.93802396130418,7.105427357601002e-15,39.93802396130419,39.93802396130419
MEAS_R000179,C030,20260701,2,38.91608040415947,1.3681952239754316,40.28427562813491,0.0,40.28427562813491,40.28427562813491
MEAS_R000196,C018,20260701,2,38.91608040415947,-0.14745954992081808,38.768620854238655,7.105427357601002e-15,38.76862085423866,38.76862085423866
MEAS_R000197,C018,20260701,2,38.91608040415947,-0.20497538375478655,38.71110502040469,0.0,38.71110502040469,38.71110502040469
MEAS_R000207,C025,20260701,2,38.91608040415947,0.42170474224099597,39.33778514640047,7.105427357601002e-15,39.33778514640048,39.33778514640048
MEAS_R000211,C010,20260701,2,38.91608040415947,-0.15598316022382291,38.76009724393565,7.105427357601002e-15,38.760097243935654,38.76009724393565
MEAS_R000214,C010,20260701,2,38.91608040415947,-0.3311658667715429,38.58491453738793,0.0,38.58491453738793,38.58491453738793
MEAS_R000217,C010,20260701,2,38.91608040415947,-0.2232667348584817,38.69281366930099,7.105427357601002e-15,38.692813669300996,38.692813669301
MEAS_R000220,C010,20260701,2,38.91608040415947,-0.29209775387145,38.62398265028802,7.105427357601002e-15,38.62398265028803,38.62398265028803
MEAS_R000228,C019,20260701,2,38.91608040415947,0.5818440663682297,39.4979244705277,7.105427357601002e-15,39.49792447052771,39.49792447052771
MEAS_R000236,C019,20260701,2,38.91608040415947,0.45876085781532877,39.3748412619748,7.105427357601002e-15,39.37484126197481,39.37484126197481
MEAS_R000238,C005,20260701,2,38.91608040415947,-1.0630046991572837,37.85307570500219,0.0,37.85307570500219,37.85307570500219
MEAS_R000239,C005,20260701,2,38.91608040415947,-1.0592004789785743,37.8568799251809,7.105427357601002e-15,37.856879925180905,37.856879925180905
MEAS_R000251,C005,20260701,2,38.91608040415947,-1.0396761836149535,37.87640422054452,0.0,37.87640422054452,37.87640422054452
MEAS_R000256,C017,20260701,2,38.91608040415947,0.4577333459184059,39.37381375007788,7.105427357601002e-15,39.373813750077886,39.373813750077886
MEAS_R000264,C017,20260701,2,38.91608040415947,0.991994503009603,39.90807490716907,7.105427357601002e-15,39.90807490716908,39.90807490716908
MEAS_R000265,C017,20260701,2,38.91608040415947,0.4033460101873467,39.31942641434682,0.0,39.31942641434682,39.31942641434682
MEAS_R000272,C020,20260701,2,38.91608040415947,0.2618132378205999,39.17789364198007,7.105427357601002e-15,39.17789364198008,39.17789364198008
MEAS_R000276,C020,20260701,2,38.91608040415947,0.20727301556344674,39.12335341972292,0.0,39.12335341972292,39.12335341972292
MEAS_R000279,C020,20260701,2,38.91608040415947,1.279175898678596,40.19525630283807,7.105427357601002e-15,40.195256302838075,40.19525630283808
MEAS_R000288,C009,20260701,2,38.91608040415947,0.7583568887389136,39.67443729289839,0.0,39.67443729289839,39.67443729289839
MEAS_R000289,C009,20260701,2,38.91608040415947,1.5061389843369681,40.422219388496444,0.0,40.422219388496444,40.42221938849645
MEAS_R000299,C012,20260701,2,38.91608040415947,0.9557284725604447,39.87180887671992,7.105427357601002e-15,39.871808876719925,39.871808876719925
MEAS_R000300,C012,20260701,2,38.91608040415947,0.5653425491603261,39.4814229533198,0.0,39.4814229533198,39.4814229533198
MEAS_R000304,C012,20260701,2,38.91608040415947,1.4057422317253496,40.32182263588482,7.105427357601002e-15,40.32182263588483,40.32182263588483
MEAS_R000306,C006,20260701,2,38.91608040415947,0.6656741792608949,39.58175458342037,0.0,39.58175458342037,39.58175458342037
MEAS_R000316,C006,20260701,2,38.91608040415947,0.6899435529184215,39.606023957077895,0.0,39.606023957077895,39.606023957077895
MEAS_R000318,C006,20260701,2,38.91608040415947,0.7333060369963158,39.64938644115579,0.0,39.64938644115579,39.64938644115579
MEAS_R000320,C015,20260701,2,38.91608040415947,0.06768039269226682,38.98376079685174,0.0,38.98376079685174,38.98376079685174
MEAS_R000323,C015,20260701,2,38.91608040415947,-0.6545893653070961,38.26149103885238,7.105427357601002e-15,38.261491038852384,38.261491038852384
MEAS_R000324,C015,20260701,2,38.91608040415947,-0.27552793197731473,38.64055247218216,7.105427357601002e-15,38.640552472182165,38.640552472182165
MEAS_R000334,C015,20260701,2,38.91608040415947,-0.3719757752267952,38.54410462893268,7.105427357601002e-15,38.544104628932686,38.544104628932686
MEAS_R000339,C007,20260701,2,38.91608040415947,0.2516378702301333,39.16771827438961,7.105427357601002e-15,39.167718274389614,39.167718274389614
MEAS_R000346,C007,20260701,2,38.91608040415947,0.9145859621599906,39.83066636631946,7.105427357601002e-15,39.83066636631947,39.83066636631947
MEAS_R000349,C007,20260701,2,38.91608040415947,0.6045413497025053,39.52062175386198,0.0,39.52062175386198,39.52062175386198
MEAS_R000354,C007,20260701,2,38.91608040415947,1.4826441042196676,40.39872450837914,7.105427357601002e-15,40.398724508379146,40.398724508379146
MEAS_R000357,C013,20260701,2,38.91608040415947,0.15426014463787696,39.07034054879735,7.105427357601002e-15,39.070340548797354,39.07034054879736
MEAS_R000363,C013,20260701,2,38.91608040415947,-0.16122742096592457,38.75485298319355,0.0,38.75485298319355,38.75485298319355
MEAS_R000374,C024,20260701,2,38.91608040415947,0.2751743640932096,39.19125476825268,0.0,39.19125476825268,39.19125476825268
MEAS_R000376,C024,20260701,2,38.91608040415947,0.274735440682108,39.19081584484158,0.0,39.19081584484158,39.19081584484158
MEAS_R000378,C024,20260701,2,38.91608040415947,-0.4565238134250693,38.4595565907344,7.105427357601002e-15,38.45955659073441,38.45955659073441
MEAS_R000382,C024,20260701,2,38.91608040415947,1.5169059070575484,40.43298631121702,0.0,40.43298631121702,40.43298631121702
MEAS_R000385,C001,20260701,2,38.91608040415947,-0.6078958748588021,38.30818452930067,7.105427357601002e-15,38.308184529300675,38.30818452930068
MEAS_R000391,C002,20260701,2,38.91608040415947,0.0016563722112837784,38.91773677637076,0.0,38.91773677637076,38.91773677637076
MEAS_R000392,C003,20260701,2,38.91608040415947,-0.398923310534231,38.517157093625244,0.0,38.517157093625244,38.51715709362525
MEAS_R000395,C003,20260701,2,38.91608040415947,-0.39123069493147233,38.524849709228,7.105427357601002e-15,38.52484970922801,38.52484970922801
MEAS_R000399,C004,20260701,2,38.91608040415947,-1.2831540949570246,37.632926309202446,7.105427357601002e-15,37.63292630920245,37.63292630920245
MEAS_R000401,C004,20260701,2,38.91608040415947,-1.2140860530472035,37.70199435111227,0.0,37.70199435111227,37.70199435111227
MEAS_R000403,C005,20260701,2,38.91608040415947,-1.1224226875300958,37.793657716629376,7.105427357601002e-15,37.79365771662938,37.79365771662938
MEAS_R000407,C006,20260701,2,38.91608040415947,0.6789524165086491,39.59503282066812,0.0,39.59503282066812,39.59503282066812
MEAS_R000411,C008,20260701,2,38.91608040415947,-0.7298154832709041,38.18626492088857,7.105427357601002e-15,38.186264920888576,38.186264920888576
MEAS_R000422,C009,20260701,2,38.91608040415947,0.7574733125112179,39.67355371667069,7.105427357601002e-15,39.673553716670696,39.673553716670696
MEAS_R000431,C011,20260701,2,38.91608040415947,-0.669362093153115,38.24671831100636,0.0,38.24671831100636,38.24671831100636
MEAS_R000432,C011,20260701,2,38.91608040415947,-0.6301799275293543,38.28590047663012,7.105427357601002e-15,38.285900476630125,38.285900476630125
MEAS_R000436,C012,20260701,2,38.91608040415947,1.4117706805824963,40.32785108474197,0.0,40.32785108474197,40.32785108474197
MEAS_R000441,C013,20260701,2,38.91608040415947,-0.19127693800791373,38.724803466151556,7.105427357601002e-15,38.72480346615156,38.72480346615156
MEAS_R000445,C013,20260701,2,38.91608040415947,0.16307573279188026,39.079156136951354,0.0,39.079156136951354,39.07915613695136
MEAS_R000447,C014,20260701,2,38.91608040415947,-0.544440502501076,38.3716399016584,7.105427357601002e-15,38.371639901658405,38.371639901658405
MEAS_R000453,C016,20260701,2,38.91608040415947,-0.1319633288463514,38.78411707531312,7.105427357601002e-15,38.78411707531313,38.78411707531313
MEAS_R000459,C017,20260701,2,38.91608040415947,0.48815502773760433,39.40423543189708,0.0,39.40423543189708,39.40423543189708
MEAS_R000460,C018,20260701,2,38.91608040415947,-0.13095965272531712,38.78512075143416,7.105427357601002e-15,38.785120751434164,38.78512075143416
MEAS_R000464,C018,20260701,2,38.91608040415947,-0.15513403785718685,38.760946366302285,7.105427357601002e-15,38.76094636630229,38.76094636630229
MEAS_R000466,C019,20260701,2,38.91608040415947,0.6292644910659546,39.545344895225426,7.105427357601002e-15,39.54534489522543,39.54534489522543
MEAS_R000467,C019,20260701,2,38.91608040415947,0.6783669611256943,39.59444736528517,0.0,39.59444736528517,39.59444736528517
MEAS_R000475,C021,20260701,2,38.91608040415947,-0.7053700221087568,38.21071038205071,7.105427357601002e-15,38.21071038205072,38.21071038205072
MEAS_R000476,C021,20260701,2,38.91608040415947,-0.6316838477860937,38.28439655637338,0.0,38.28439655637338,38.28439655637338
MEAS_R000480,C022,20260701,2,38.91608040415947,-0.5466400969533846,38.36944030720609,0.0,38.36944030720609,38.36944030720609
MEAS_R000481,C022,20260701,2,38.91608040415947,-0.5006625906685817,38.41541781349089,0.0,38.41541781349089,38.41541781349089
MEAS_R000485,C024,20260701,2,38.91608040415947,0.2803127380567817,39.19639314221625,7.105427357601002e-15,39.19639314221626,39.19639314221626
MEAS_R000486,C025,20260701,2,38.91608040415947,0.43770922851787925,39.353789632677355,0.0,39.353789632677355,39.35378963267736
MEAS_R000488,C025,20260701,2,38.91608040415947,0.4734791610527873,39.38955956521226,7.105427357601002e-15,39.38955956521227,39.38955956521227
MEAS_R000493,C025,20260701,2,38.91608040415947,0.5206548713962313,39.436735275555705,0.0,39.436735275555705,39.436735275555705
MEAS_R000496,C026,20260701,2,38.91608040415947,-0.20051234552903868,38.71556805863043,7.105427357601002e-15,38.71556805863044,38.71556805863044
MEAS_R000497,C026,20260701,2,38.91608040415947,-0.2548216282266825,38.661258775932794,0.0,38.661258775932794,38.6612587759328
MEAS_R000503,C026,20260701,2,38.91608040415947,-0.2880541795162,38.62802622464327,7.105427357601002e-15,38.62802622464328,38.62802622464328
MEAS_R000504,C027,20260701,2,38.91608040415947,-0.05761618094527991,38.85846422321419,7.105427357601002e-15,38.8584642232142,38.8584642232142
MEAS_R000506,C027,20260701,2,38.91608040415947,-0.24895151039724106,38.66712889376223,0.0,38.66712889376223,38.66712889376223
MEAS_R000513,C029,20260701,2,38.91608040415947,-0.5860506332950786,38.33002977086439,7.105427357601002e-15,38.3300297708644,38.3300297708644
MEAS_R000514,C029,20260701,2,38.91608040415947,-0.4762542687794345,38.43982613538004,7.105427357601002e-15,38.439826135380045,38.439826135380045
MEAS_R000518,C030,20260701,2,38.91608040415947,1.3659366204232595,40.282017024582736,7.105427357601002e-15,40.28201702458274,40.28201702458274
MEAS_R000519,C030,20260701,2,38.91608040415947,1.2718503116079742,40.18793071576745,0.0,40.18793071576745,40.18793071576745
MEAS_R000007,C021,20260701,3,38.89858156098377,-0.6494361147040321,38.24914544627974,-7.105427357601002e-15,38.249145446279734,38.24914544627973
MEAS_R000009,C021,20260701,3,38.89858156098377,-0.6605377248384272,38.238043836145344,-7.105427357601002e-15,38.23804383614534,38.23804383614534
MEAS_R000010,C003,20260701,3,38.89858156098377,-0.4349111312151194,38.463670429768655,-1.4210854715202004e-14,38.46367042976864,38.46367042976864
MEAS_R000020,C003,20260701,3,38.89858156098377,-0.25524770165675775,38.643333859327015,-7.105427357601002e-15,38.64333385932701,38.64333385932701
MEAS_R000024,C002,20260701,3,38.89858156098377,0.24604980010163865,39.14463136108541,-7.105427357601002e-15,39.1446313610854,39.1446313610854
MEAS_R000025,C002,20260701,3,38.89858156098377,0.14778134904970192,39.04636291003347,-7.105427357601002e-15,39.046362910033466,39.046362910033466
MEAS_R000033,C002,20260701,3,38.89858156098377,0.257828946090416,39.156410507074185,0.0,39.156410507074185,39.156410507074185
MEAS_R000041,C029,20260701,3,38.89858156098377,-0.6704368987040745,38.228144662279696,-7.105427357601002e-15,38.22814466227969,38.22814466227969
MEAS_R000046,C029,20260701,3,38.89858156098377,-0.5807463990589734,38.3178351619248,-7.105427357601002e-15,38.31783516192479,38.31783516192479
MEAS_R000049,C001,20260701,3,38.89858156098377,-0.572751119165134,38.32583044181864,-7.105427357601002e-15,38.32583044181863,38.32583044181863
MEAS_R000056,C001,20260701,3,38.89858156098377,-0.737570828695816,38.161010732287956,-7.105427357601002e-15,38.16101073228795,38.16101073228795
MEAS_R000060,C001,20260701,3,38.89858156098377,-0.725998486587582,38.17258307439619,0.0,38.17258307439619,38.17258307439619
MEAS_R000067,C027,20260701,3,38.89858156098377,-0.19306967164432334,38.70551188933945,0.0,38.70551188933945,38.70551188933945
MEAS_R000070,C027,20260701,3,38.89858156098377,0.0523687034551684,38.95095026443894,0.0,38.95095026443894,38.95095026443894
MEAS_R000078,C026,20260701,3,38.89858156098377,-0.22465934136037446,38.6739222196234,-7.105427357601002e-15,38.67392221962339,38.67392221962339
MEAS_R000081,C016,20260701,3,38.89858156098377,-0.3238554991441196,38.574726061839655,-7.105427357601002e-15,38.57472606183965,38.57472606183965
MEAS_R000085,C016,20260701,3,38.89858156098377,-0.45072626642518404,38.447855294558586,-7.105427357601002e-15,38.44785529455858,38.44785529455858
MEAS_R000091,C022,20260701,3,38.89858156098377,-0.49493216836362314,38.403649392620146,-7.105427357601002e-15,38.40364939262014,38.40364939262014
MEAS_R000097,C022,20260701,3,38.89858156098377,-0.48859465659198514,38.409986904391786,-7.105427357601002e-15,38.40998690439178,38.40998690439178
MEAS_R000098,C022,20260701,3,38.89858156098377,-0.49886250892730527,38.39971905205647,-7.105427357601002e-15,38.39971905205646,38.39971905205646
MEAS_R000103,C014,20260701,3,38.89858156098377,-0.7139282901900628,38.18465327079371,-7.105427357601002e-15,38.1846532707937,38.1846532707937
MEAS_R000112,C014,20260701,3,38.89858156098377,-0.6017173547719471,38.29686420621182,0.0,38.29686420621182,38.29686420621182
MEAS_R000113,C014,20260701,3,38.89858156098377,-0.5598863894441919,38.33869517153958,-7.105427357601002e-15,38.33869517153957,38.33869517153957
MEAS_R000119,C023,20260701,3,38.89858156098377,0.010052576460103747,38.908634137443876,-7.105427357601002e-15,38.90863413744387,38.90863413744387
MEAS_R000123,C023,20260701,3,38.89858156098377,0.03411396567498011,38.932695526658755,-7.105427357601002e-15,38.93269552665875,38.93269552665875
MEAS_R000127,C023,20260701,3,38.89858156098377,0.16962098649278715,39.06820254747656,-7.105427357601002e-15,39.06820254747655,39.06820254747655
MEAS_R000134,C011,20260701,3,38.89858156098377,-0.7891967313080073,38.10938482967576,0.0,38.10938482967576,38.10938482967576
MEAS_R000138,C011,20260701,3,38.89858156098377,-0.5423425674087292,38.35623899357504,-7.105427357601002e-15,38.35623899357503,38.35623899357503
MEAS_R000141,C004,20260701,3,38.89858156098377,-1.330223168322325,37.568358392661445,-7.105427357601002e-15,37.56835839266144,37.56835839266144
MEAS_R000144,C004,20260701,3,38.89858156098377,-1.3749429510200621,37.52363860996371,-7.105427357601002e-15,37.523638609963704,37.5236386099637
MEAS_R000150,C004,20260701,3,38.89858156098377,-1.2193762135048067,37.67920534747896,-7.105427357601002e-15,37.679205347478955,37.67920534747896
MEAS_R000151,C028,20260701,3,38.89858156098377,1.3039016525282434,40.20248321351202,-7.105427357601002e-15,40.20248321351201,40.20248321351201
MEAS_R000163,C028,20260701,3,38.89858156098377,1.2881182491572378,40.18669981014101,0.0,40.18669981014101,40.18669981014101
MEAS_R000165,C008,20260701,3,38.89858156098377,-0.7389929300758933,38.15958863090788,0.0,38.15958863090788,38.15958863090788
MEAS_R000168,C008,20260701,3,38.89858156098377,-0.7544467879796686,38.144134773004104,-7.105427357601002e-15,38.1441347730041,38.1441347730041
MEAS_R000170,C008,20260701,3,38.89858156098377,-0.7783962450556667,38.120185315928104,-7.105427357601002e-15,38.1201853159281,38.1201853159281
MEAS_R000177,C030,20260701,3,38.89858156098377,1.2754220343911835,40.174003595374955,-7.105427357601002e-15,40.17400359537495,40.17400359537495
MEAS_R000183,C030,20260701,3,38.89858156098377,1.240224385376991,40.13880594636076,0.0,40.13880594636076,40.13880594636076
MEAS_R000187,C030,20260701,3,38.89858156098377,1.2724303213061847,40.17101188228995,0.0,40.17101188228995,40.17101188228995
MEAS_R000198,C018,20260701,3,38.89858156098377,-0.11077816541063526,38.787803395573135,0.0,38.787803395573135,38.787803395573135
MEAS_R000199,C018,20260701,3,38.89858156098377,-0.12060163143173114,38.77797992955204,-7.105427357601002e-15,38.77797992955203,38.77797992955203
MEAS_R000201,C018,20260701,3,38.89858156098377,-0.1735401808881507,38.72504138009562,0.0,38.72504138009562,38.72504138009562
MEAS_R000202,C025,20260701,3,38.89858156098377,0.4864434143858015,39.385024975369575,-7.105427357601002e-15,39.38502497536957,39.38502497536957
MEAS_R000203,C025,20260701,3,38.89858156098377,0.46777980949355724,39.36636137047733,-7.105427357601002e-15,39.36636137047732,39.36636137047732
MEAS_R000209,C025,20260701,3,38.89858156098377,0.4549276650498649,39.35350922603364,-7.105427357601002e-15,39.35350922603363,39.35350922603363
MEAS_R000216,C010,20260701,3,38.89858156098377,-0.3128393301201613,38.58574223086361,-7.105427357601002e-15,38.5857422308636,38.5857422308636
MEAS_R000218,C010,20260701,3,38.89858156098377,-0.3085425381478909,38.59003902283588,0.0,38.59003902283588,38.59003902283588
MEAS_R000221,C010,20260701,3,38.89858156098377,-0.29685136059477646,38.60173020038899,0.0,38.60173020038899,38.60173020038899
MEAS_R000224,C010,20260701,3,38.89858156098377,-0.1028005979012758,38.79578096308249,0.0,38.79578096308249,38.79578096308249
MEAS_R000225,C019,20260701,3,38.89858156098377,0.6221425678355659,39.52072412881934,-7.105427357601002e-15,39.52072412881933,39.52072412881933
MEAS_R000237,C019,20260701,3,38.89858156098377,0.5885502279958152,39.48713178897959,-7.105427357601002e-15,39.48713178897958,39.48713178897958
MEAS_R000240,C005,20260701,3,38.89858156098377,-0.9928817044925596,37.90569985649121,0.0,37.90569985649121,37.90569985649121
MEAS_R000242,C005,20260701,3,38.89858156098377,-0.9538191160708811,37.94476244491289,-7.105427357601002e-15,37.94476244491288,37.94476244491288
MEAS_R000244,C005,20260701,3,38.89858156098377,-0.6658587392250304,38.23272282175874,0.0,38.23272282175874,38.23272282175874
MEAS_R000247,C005,20260701,3,38.89858156098377,-0.6672797538510361,38.23130180713274,-7.105427357601002e-15,38.23130180713273,38.23130180713273
MEAS_R000254,C017,20260701,3,38.89858156098377,0.2667715443677356,39.16535310535151,-7.105427357601002e-15,39.1653531053515,39.1653531053515
MEAS_R000262,C017,20260701,3,38.89858156098377,0.5366713444563536,39.43525290544012,0.0,39.43525290544012,39.43525290544012
MEAS_R000266,C017,20260701,3,38.89858156098377,1.0836163562911578,39.98219791727493,-7.105427357601002e-15,39.982197917274924,39.98219791727493
MEAS_R000273,C020,20260701,3,38.89858156098377,0.2735106199156967,39.17209218089947,-7.105427357601002e-15,39.17209218089946,39.17209218089946
MEAS_R000277,C020,20260701,3,38.89858156098377,0.6396772389499379,39.53825879993371,0.0,39.53825879993371,39.53825879993371
MEAS_R000278,C020,20260701,3,38.89858156098377,0.6312672038624904,39.529848764846264,-1.4210854715202004e-14,39.52984876484625,39.52984876484625
MEAS_R000291,C009,20260701,3,38.89858156098377,1.5047641687439643,40.40334572972773,0.0,40.40334572972773,40.40334572972773
MEAS_R000292,C009,20260701,3,38.89858156098377,1.4780756066233784,40.37665716760715,0.0,40.37665716760715,40.37665716760715
MEAS_R000296,C012,20260701,3,38.89858156098377,0.23111885126733506,39.129700412251104,-7.105427357601002e-15,39.1297004122511,39.1297004122511
MEAS_R000302,C012,20260701,3,38.89858156098377,0.7605097214821819,39.65909128246595,0.0,39.65909128246595,39.65909128246595
MEAS_R000303,C012,20260701,3,38.89858156098377,0.6078897042840583,39.50647126526783,0.0,39.50647126526783,39.50647126526783
MEAS_R000309,C006,20260701,3,38.89858156098377,0.21762186392999147,39.11620342491376,-7.105427357601002e-15,39.116203424913756,39.11620342491376
MEAS_R000310,C006,20260701,3,38.89858156098377,-0.09369426604868038,38.80488729493509,-7.105427357601002e-15,38.804887294935085,38.804887294935085
MEAS_R000312,C006,20260701,3,38.89858156098377,-0.19511741914478595,38.703464141838985,-7.105427357601002e-15,38.70346414183898,38.70346414183898
MEAS_R000327,C015,20260701,3,38.89858156098377,-0.6480677375791857,38.25051382340459,-7.105427357601002e-15,38.25051382340458,38.25051382340458
MEAS_R000328,C015,20260701,3,38.89858156098377,-0.15017038005126382,38.74841118093251,0.0,38.74841118093251,38.74841118093251
MEAS_R000330,C015,20260701,3,38.89858156098377,-0.3431953156376095,38.55538624534616,-7.105427357601002e-15,38.555386245346156,38.55538624534616
MEAS_R000333,C015,20260701,3,38.89858156098377,0.3283126256704244,39.2268941866542,-7.105427357601002e-15,39.22689418665419,39.22689418665419
MEAS_R000338,C007,20260701,3,38.89858156098377,0.3433628407842243,39.241944401767995,0.0,39.241944401767995,39.241944401768
MEAS_R000343,C007,20260701,3,38.89858156098377,-0.010570432145727324,38.888011128838045,0.0,38.888011128838045,38.888011128838045
MEAS_R000351,C007,20260701,3,38.89858156098377,1.3972398392441527,40.29582140022792,0.0,40.29582140022792,40.29582140022792
MEAS_R000353,C007,20260701,3,38.89858156098377,0.6361338350986063,39.534715396082376,0.0,39.534715396082376,39.534715396082376
MEAS_R000360,C013,20260701,3,38.89858156098377,-0.23772679153762039,38.66085476944615,-7.105427357601002e-15,38.660854769446146,38.66085476944615
MEAS_R000364,C013,20260701,3,38.89858156098377,0.22798674694562188,39.126568307929396,-7.105427357601002e-15,39.12656830792939,39.12656830792939
MEAS_R000370,C024,20260701,3,38.89858156098377,-0.7378062961288188,38.160775264854955,-7.105427357601002e-15,38.16077526485495,38.16077526485495
MEAS_R000375,C024,20260701,3,38.89858156098377,-0.3815632963417672,38.517018264642005,-7.105427357601002e-15,38.517018264642,38.517018264642
MEAS_R000380,C024,20260701,3,38.89858156098377,1.3160314919966871,40.21461305298046,-7.105427357601002e-15,40.214613052980454,40.21461305298045
MEAS_R000387,C001,20260701,3,38.89858156098377,-0.7169609903215796,38.18162057066219,0.0,38.18162057066219,38.18162057066219
MEAS_R000416,C009,20260701,3,38.89858156098377,1.4745722505172005,40.37315381150097,0.0,40.37315381150097,40.37315381150097
MEAS_R000417,C009,20260701,3,38.89858156098377,1.4579200790068878,40.35650163999066,-7.105427357601002e-15,40.356501639990654,40.356501639990654
MEAS_R000429,C011,20260701,3,38.89858156098377,-0.5271764546495759,38.371405106334194,0.0,38.371405106334194,38.371405106334194
MEAS_R000434,C011,20260701,3,38.89858156098377,-0.7824449220032061,38.116136638980564,0.0,38.116136638980564,38.11613663898056
MEAS_R000435,C012,20260701,3,38.89858156098377,0.6189766366005902,39.517558197584364,-7.105427357601002e-15,39.51755819758436,39.51755819758436
MEAS_R000442,C013,20260701,3,38.89858156098377,0.17976006333468322,39.078341624318455,-7.105427357601002e-15,39.07834162431845,39.07834162431845
MEAS_R000450,C016,20260701,3,38.89858156098377,-0.30171805092431664,38.59686351005946,-7.105427357601002e-15,38.59686351005945,38.59686351005945
MEAS_R000455,C016,20260701,3,38.89858156098377,-0.21872720957534075,38.67985435140843,-7.105427357601002e-15,38.67985435140842,38.67985435140842
MEAS_R000465,C019,20260701,3,38.89858156098377,0.5105393478962879,39.40912090888006,-7.105427357601002e-15,39.409120908880055,39.409120908880055
MEAS_R000471,C021,20260701,3,38.89858156098377,-0.5668081439196431,38.33177341706413,0.0,38.33177341706413,38.33177341706413
MEAS_R000473,C021,20260701,3,38.89858156098377,-0.5825205385533501,38.31606102243042,0.0,38.31606102243042,38.31606102243042
MEAS_R000500,C026,20260701,3,38.89858156098377,-0.32478928180239175,38.57379227918138,-7.105427357601002e-15,38.573792279181376,38.573792279181376
MEAS_R000509,C028,20260701,3,38.89858156098377,1.2913000633399863,40.18988162432376,-7.105427357601002e-15,40.18988162432375,40.18988162432375
MEAS_R000516,C029,20260701,3,38.89858156098377,-0.6687825325313885,38.22979902845238,-7.105427357601002e-15,38.229799028452376,38.229799028452376
MEAS_R000005,C021,20260701,4,38.91971830990193,-0.6795637626263487,38.24015454727558,0.0,38.24015454727558,38.24015454727558
MEAS_R000008,C021,20260701,4,38.91971830990193,-0.718112281360239,38.20160602854169,0.0,38.20160602854169,38.20160602854169
MEAS_R000017,C003,20260701,4,38.91971830990193,-0.4381160999363004,38.48160220996563,0.0,38.48160220996563,38.48160220996563
MEAS_R000019,C003,20260701,4,38.91971830990193,-0.3034038102202569,38.61631449968167,0.0,38.61631449968167,38.61631449968167
MEAS_R000023,C002,20260701,4,38.91971830990193,0.14720006796673757,39.06691837786867,0.0,39.06691837786867,39.06691837786867
MEAS_R000026,C002,20260701,4,38.91971830990193,0.054106573682222124,38.97382488358415,0.0,38.97382488358415,38.97382488358415
MEAS_R000043,C029,20260701,4,38.91971830990193,-0.45176316543845807,38.467955144463474,0.0,38.467955144463474,38.467955144463474
MEAS_R000045,C029,20260701,4,38.91971830990193,-0.35695220178230247,38.56276610811963,0.0,38.56276610811963,38.56276610811963
MEAS_R000048,C001,20260701,4,38.91971830990193,-0.46797714650638866,38.45174116339554,0.0,38.45174116339554,38.45174116339554
MEAS_R000051,C001,20260701,4,38.91971830990193,-0.6978824949241311,38.2218358149778,0.0,38.2218358149778,38.2218358149778
MEAS_R000058,C001,20260701,4,38.91971830990193,-0.677548760635847,38.24216954926609,-7.105427357601002e-15,38.24216954926608,38.24216954926608
MEAS_R000064,C027,20260701,4,38.91971830990193,-0.04950872540384514,38.870209584498085,0.0,38.870209584498085,38.870209584498085
MEAS_R000066,C027,20260701,4,38.91971830990193,-0.17118236684304583,38.74853594305888,0.0,38.74853594305888,38.74853594305888
MEAS_R000079,C026,20260701,4,38.91971830990193,-0.16849673617742938,38.7512215737245,0.0,38.7512215737245,38.7512215737245
MEAS_R000080,C016,20260701,4,38.91971830990193,-0.2640094434344324,38.6557088664675,0.0,38.6557088664675,38.6557088664675
MEAS_R000082,C016,20260701,4,38.91971830990193,-0.35300059151627544,38.566717718385654,0.0,38.566717718385654,38.56671771838565
MEAS_R000092,C022,20260701,4,38.91971830990193,-0.38322465293735697,38.53649365696457,0.0,38.53649365696457,38.53649365696457
MEAS_R000100,C022,20260701,4,38.91971830990193,-0.40250275759056964,38.51721555231136,0.0,38.51721555231136,38.51721555231136
MEAS_R000101,C022,20260701,4,38.91971830990193,-0.4386439143058238,38.48107439559611,0.0,38.48107439559611,38.48107439559611
MEAS_R000108,C014,20260701,4,38.91971830990193,-0.7399802672153937,38.17973804268654,0.0,38.17973804268654,38.17973804268654
MEAS_R000109,C014,20260701,4,38.91971830990193,-0.7638940507784742,38.155824259123456,0.0,38.155824259123456,38.155824259123456
MEAS_R000116,C023,20260701,4,38.91971830990193,0.042540287284318926,38.96225859718625,0.0,38.96225859718625,38.96225859718625
MEAS_R000120,C023,20260701,4,38.91971830990193,0.07701684209856433,38.9967351520005,0.0,38.9967351520005,38.9967351520005
MEAS_R000124,C023,20260701,4,38.91971830990193,0.012529389266773522,38.932247699168705,0.0,38.932247699168705,38.93224769916871
MEAS_R000133,C011,20260701,4,38.91971830990193,-0.8250993689550856,38.094618940946845,0.0,38.094618940946845,38.094618940946845
MEAS_R000135,C011,20260701,4,38.91971830990193,-0.5508707124021059,38.36884759749982,0.0,38.36884759749982,38.36884759749982
MEAS_R000146,C004,20260701,4,38.91971830990193,-1.3288359420441267,37.5908823678578,0.0,37.5908823678578,37.5908823678578
MEAS_R000148,C004,20260701,4,38.91971830990193,-1.1170307638925037,37.80268754600943,0.0,37.80268754600943,37.80268754600943
MEAS_R000152,C028,20260701,4,38.91971830990193,1.2929060513383641,40.212624361240294,0.0,40.212624361240294,40.21262436124029
MEAS_R000160,C028,20260701,4,38.91971830990193,1.2210462175327508,40.14076452743468,0.0,40.14076452743468,40.14076452743468
MEAS_R000166,C008,20260701,4,38.91971830990193,-0.7730838156060504,38.14663449429588,0.0,38.14663449429588,38.14663449429588
MEAS_R000180,C030,20260701,4,38.91971830990193,1.3851737510506612,40.30489206095259,7.105427357601002e-15,40.3048920609526,40.3048920609526
MEAS_R000188,C030,20260701,4,38.91971830990193,1.1173807306810069,40.03709904058294,0.0,40.03709904058294,40.03709904058294
MEAS_R000191,C018,20260701,4,38.91971830990193,-0.10752276042351841,38.81219554947841,0.0,38.81219554947841,38.81219554947841
MEAS_R000192,C018,20260701,4,38.91971830990193,-0.11664718005521148,38.80307112984672,0.0,38.80307112984672,38.80307112984672
MEAS_R000200,C018,20260701,4,38.91971830990193,-0.16601013489689417,38.75370817500504,0.0,38.75370817500504,38.75370817500504
MEAS_R000208,C025,20260701,4,38.91971830990193,0.4822207302230933,39.40193904012502,7.105427357601002e-15,39.40193904012503,39.40193904012503
MEAS_R000212,C010,20260701,4,38.91971830990193,-0.32111350158235286,38.59860480831958,0.0,38.59860480831958,38.59860480831958
MEAS_R000215,C010,20260701,4,38.91971830990193,-0.2074313916814532,38.71228691822048,0.0,38.71228691822048,38.71228691822048
MEAS_R000219,C010,20260701,4,38.91971830990193,-0.20979768567516682,38.70992062422676,7.105427357601002e-15,38.70992062422677,38.70992062422677
MEAS_R000227,C019,20260701,4,38.91971830990193,0.48246227553641513,39.402180585438344,0.0,39.402180585438344,39.40218058543834
MEAS_R000231,C019,20260701,4,38.91971830990193,0.5865607411771889,39.50627905107912,0.0,39.50627905107912,39.50627905107912
MEAS_R000232,C019,20260701,4,38.91971830990193,0.5962222280702886,39.51594053797222,0.0,39.51594053797222,39.51594053797222
MEAS_R000243,C005,20260701,4,38.91971830990193,-1.1672033813445,37.75251492855743,0.0,37.75251492855743,37.75251492855743
MEAS_R000250,C005,20260701,4,38.91971830990193,-1.11634242558848,37.80337588431345,0.0,37.80337588431345,37.80337588431345
MEAS_R000258,C017,20260701,4,38.91971830990193,0.5326629853409983,39.45238129524293,0.0,39.45238129524293,39.45238129524293
MEAS_R000260,C017,20260701,4,38.91971830990193,0.5042132247681792,39.42393153467011,0.0,39.42393153467011,39.42393153467011
MEAS_R000261,C017,20260701,4,38.91971830990193,1.0584771772176529,39.978195487119585,0.0,39.978195487119585,39.97819548711959
MEAS_R000268,C020,20260701,4,38.91971830990193,0.6580806366158423,39.577798946517774,0.0,39.577798946517774,39.577798946517774
MEAS_R000269,C020,20260701,4,38.91971830990193,-0.034165438583901094,38.88555287131803,-7.105427357601002e-15,38.885552871318026,38.885552871318026
MEAS_R000283,C020,20260701,4,38.91971830990193,1.3451436018479606,40.26486191174989,0.0,40.26486191174989,40.26486191174989
MEAS_R000284,C009,20260701,4,38.91971830990193,1.6343368283404716,40.554055138242404,0.0,40.554055138242404,40.5540551382424
MEAS_R000286,C009,20260701,4,38.91971830990193,0.6292883942922158,39.54900670419415,-7.105427357601002e-15,39.54900670419414,39.54900670419414
MEAS_R000293,C012,20260701,4,38.91971830990193,1.4898126489493744,40.409530958851306,0.0,40.409530958851306,40.409530958851306
MEAS_R000297,C012,20260701,4,38.91971830990193,0.4860520962821665,39.4057704061841,0.0,39.4057704061841,39.4057704061841
MEAS_R000311,C006,20260701,4,38.91971830990193,0.1583373342466733,39.078055644148606,0.0,39.078055644148606,39.078055644148606
MEAS_R000313,C006,20260701,4,38.91971830990193,0.763683456891071,39.683401766793004,-7.105427357601002e-15,39.683401766793,39.683401766793
MEAS_R000314,C006,20260701,4,38.91971830990193,0.7222267840460133,39.641945093947946,0.0,39.641945093947946,39.641945093947946
MEAS_R000321,C015,20260701,4,38.91971830990193,-0.615343939968349,38.30437436993358,0.0,38.30437436993358,38.30437436993358
MEAS_R000326,C015,20260701,4,38.91971830990193,-0.6467463010464101,38.27297200885552,0.0,38.27297200885552,38.27297200885552
MEAS_R000335,C015,20260701,4,38.91971830990193,-0.30407916947651237,38.61563914042542,-7.105427357601002e-15,38.615639140425415,38.615639140425415
MEAS_R000344,C007,20260701,4,38.91971830990193,0.9114518486331237,39.83117015853505,0.0,39.83117015853505,39.83117015853505
MEAS_R000347,C007,20260701,4,38.91971830990193,0.6762520352992168,39.595970345201145,7.105427357601002e-15,39.59597034520115,39.59597034520115
MEAS_R000355,C007,20260701,4,38.91971830990193,0.6293383686414256,39.54905667854336,0.0,39.54905667854336,39.54905667854336
MEAS_R000356,C007,20260701,4,38.91971830990193,0.6380567609431763,39.55777507084511,0.0,39.55777507084511,39.55777507084511
MEAS_R000359,C013,20260701,4,38.91971830990193,-0.1875313016292719,38.73218700827266,0.0,38.73218700827266,38.73218700827266
MEAS_R000365,C013,20260701,4,38.91971830990193,0.23425323999490777,39.15397154989684,0.0,39.15397154989684,39.15397154989684
MEAS_R000369,C024,20260701,4,38.91971830990193,0.05940349995990389,38.97912180986184,0.0,38.97912180986184,38.97912180986184
MEAS_R000371,C024,20260701,4,38.91971830990193,0.07747856951077522,38.997196879412705,0.0,38.997196879412705,38.99719687941271
MEAS_R000372,C024,20260701,4,38.91971830990193,0.08507434439732736,39.00479265429926,0.0,39.00479265429926,39.00479265429926
MEAS_R000388,C002,20260701,4,38.91971830990193,0.07311826468614893,38.99283657458808,0.0,38.99283657458808,38.99283657458808
MEAS_R000396,C003,20260701,4,38.91971830990193,-0.37029935420053,38.5494189557014,0.0,38.5494189557014,38.5494189557014
MEAS_R000400,C004,20260701,4,38.91971830990193,-1.3402394664850221,37.57947884341691,0.0,37.57947884341691,37.57947884341691
MEAS_R000404,C005,20260701,4,38.91971830990193,-1.0022045729462552,37.91751373695568,0.0,37.91751373695568,37.91751373695568
MEAS_R000412,C008,20260701,4,38.91971830990193,-0.8037373820658749,38.115980927836056,0.0,38.115980927836056,38.115980927836056
MEAS_R000413,C008,20260701,4,38.91971830990193,-0.7932422448683605,38.12647606503357,0.0,38.12647606503357,38.12647606503357
MEAS_R000418,C009,20260701,4,38.91971830990193,1.6771402286703028,40.596858538572235,0.0,40.596858538572235,40.59685853857224
MEAS_R000420,C009,20260701,4,38.91971830990193,0.6544041389714585,39.57412244887339,0.0,39.57412244887339,39.57412244887339
MEAS_R000433,C011,20260701,4,38.91971830990193,-0.8130519914307737,38.106666318471156,0.0,38.106666318471156,38.10666631847116
MEAS_R000438,C012,20260701,4,38.91971830990193,1.5157006887224624,40.43541899862439,0.0,40.43541899862439,40.43541899862439
MEAS_R000443,C013,20260701,4,38.91971830990193,0.2236500714228112,39.14336838132474,0.0,39.14336838132474,39.14336838132474
MEAS_R000454,C016,20260701,4,38.91971830990193,-0.22540569171617553,38.694312618185755,0.0,38.694312618185755,38.69431261818576
MEAS_R000456,C016,20260701,4,38.91971830990193,-0.09770110856714728,38.82201720133478,0.0,38.82201720133478,38.82201720133478
MEAS_R000472,C021,20260701,4,38.91971830990193,-0.5428352988033522,38.37688301109858,0.0,38.37688301109858,38.37688301109858
MEAS_R000478,C021,20260701,4,38.91971830990193,-0.6795386482384711,38.24017966166346,0.0,38.24017966166346,38.24017966166346
MEAS_R000479,C022,20260701,4,38.91971830990193,-0.4144791954985254,38.50523911440341,0.0,38.50523911440341,38.50523911440341
MEAS_R000482,C023,20260701,4,38.91971830990193,0.04473050968584462,38.96444881958777,0.0,38.96444881958777,38.96444881958777
MEAS_R000487,C025,20260701,4,38.91971830990193,0.5085252732388712,39.428243583140805,-7.105427357601002e-15,39.4282435831408,39.4282435831408
MEAS_R000492,C025,20260701,4,38.91971830990193,0.5454664730642389,39.46518478296617,0.0,39.46518478296617,39.46518478296617
MEAS_R000494,C026,20260701,4,38.91971830990193,-0.25594317979674264,38.663775130105186,0.0,38.663775130105186,38.66377513010519
MEAS_R000501,C026,20260701,4,38.91971830990193,-0.28263151212368415,38.637086797778245,0.0,38.637086797778245,38.637086797778245
MEAS_R000508,C027,20260701,4,38.91971830990193,-0.07381772701033809,38.845900582891595,0.0,38.845900582891595,38.8459005828916
MEAS_R000510,C028,20260701,4,38.91971830990193,1.30716680859256,40.226885118494494,0.0,40.226885118494494,40.226885118494494
MEAS_R000520,C030,20260701,4,38.91971830990193,1.3641576483083173,40.283875958210245,0.0,40.283875958210245,40.283875958210245
MEAS_R000004,C021,20260701,5,38.92000000022668,-0.7765050507041024,38.14349494952258,0.0,38.14349494952258,38.14349494952258
MEAS_R000011,C003,20260701,5,38.92000000022668,-0.3611504842567864,38.55884951596989,0.0,38.55884951596989,38.55884951596989
MEAS_R000015,C003,20260701,5,38.92000000022668,-0.47296293079942875,38.44703706942725,0.0,38.44703706942725,38.44703706942725
MEAS_R000027,C002,20260701,5,38.92000000022668,0.09280007571541421,39.012800075942096,0.0,39.012800075942096,39.012800075942096
MEAS_R000034,C002,20260701,5,38.92000000022668,0.3911906354806096,39.31119063570729,0.0,39.31119063570729,39.31119063570729
MEAS_R000036,C029,20260701,5,38.92000000022668,-0.4641977006892003,38.45580229953748,-7.105427357601002e-15,38.455802299537474,38.455802299537474
MEAS_R000040,C029,20260701,5,38.92000000022668,-0.6174327085252092,38.30256729170147,-7.105427357601002e-15,38.302567291701465,38.302567291701465
MEAS_R000050,C001,20260701,5,38.92000000022668,-0.7763818422112307,38.14361815801545,0.0,38.14361815801545,38.14361815801545
MEAS_R000059,C001,20260701,5,38.92000000022668,-0.6735296320695243,38.246470368157155,0.0,38.246470368157155,38.24647036815716
MEAS_R000061,C027,20260701,5,38.92000000022668,-0.09645874433096693,38.82354125589571,0.0,38.82354125589571,38.82354125589571
MEAS_R000063,C027,20260701,5,38.92000000022668,0.6547385227355307,39.57473852296221,0.0,39.57473852296221,39.57473852296221
MEAS_R000073,C026,20260701,5,38.92000000022668,-0.3511194300630386,38.56888057016364,0.0,38.56888057016364,38.56888057016364
MEAS_R000083,C016,20260701,5,38.92000000022668,-0.4520200247109612,38.46797997551572,0.0,38.46797997551572,38.46797997551572
MEAS_R000090,C022,20260701,5,38.92000000022668,-0.5228051734866956,38.397194826739984,-7.105427357601002e-15,38.39719482673998,38.39719482673998
MEAS_R000095,C022,20260701,5,38.92000000022668,-0.4660028320391848,38.45399716818749,0.0,38.45399716818749,38.45399716818749
MEAS_R000104,C014,20260701,5,38.92000000022668,-0.6701545959797506,38.249845404246926,0.0,38.249845404246926,38.249845404246926
MEAS_R000107,C014,20260701,5,38.92000000022668,-0.8440877571708393,38.07591224305584,0.0,38.07591224305584,38.07591224305584
MEAS_R000122,C023,20260701,5,38.92000000022668,-0.03458357981606766,38.885416420410614,-7.105427357601002e-15,38.88541642041061,38.88541642041061
MEAS_R000125,C023,20260701,5,38.92000000022668,-0.07611817369041973,38.84388182653626,-7.105427357601002e-15,38.843881826536254,38.843881826536254
MEAS_R000137,C011,20260701,5,38.92000000022668,-0.43162129934594173,38.48837870088074,0.0,38.48837870088074,38.48837870088074
MEAS_R000139,C004,20260701,5,38.92000000022668,-1.0183889691539365,37.90161103107274,0.0,37.90161103107274,37.90161103107274
MEAS_R000140,C004,20260701,5,38.92000000022668,-1.2784338423645272,37.64156615786215,0.0,37.64156615786215,37.64156615786215
MEAS_R000147,C004,20260701,5,38.92000000022668,-1.400184316506748,37.51981568371993,0.0,37.51981568371993,37.51981568371993
MEAS_R000157,C028,20260701,5,38.92000000022668,1.1819550114178983,40.10195501164458,0.0,40.10195501164458,40.10195501164458
MEAS_R000162,C028,20260701,5,38.92000000022668,1.3890304029240148,40.30903040315069,0.0,40.30903040315069,40.30903040315069
MEAS_R000174,C008,20260701,5,38.92000000022668,-0.673821393060694,38.24617860716599,0.0,38.24617860716599,38.24617860716599
MEAS_R000175,C008,20260701,5,38.92000000022668,-0.7379449888660397,38.18205501136064,0.0,38.18205501136064,38.18205501136064
MEAS_R000181,C030,20260701,5,38.92000000022668,1.299138293349666,40.21913829357634,0.0,40.21913829357634,40.21913829357634
MEAS_R000185,C030,20260701,5,38.92000000022668,1.267746551230098,40.187746551456776,0.0,40.187746551456776,40.187746551456776
MEAS_R000186,C030,20260701,5,38.92000000022668,1.2290668180798061,40.14906681830649,0.0,40.14906681830649,40.14906681830649
MEAS_R000190,C018,20260701,5,38.92000000022668,-0.11039697437281532,38.80960302585386,0.0,38.80960302585386,38.80960302585386
MEAS_R000194,C018,20260701,5,38.92000000022668,-0.17107910217922345,38.74892089804746,0.0,38.74892089804746,38.74892089804746
MEAS_R000205,C025,20260701,5,38.92000000022668,0.33861589184442253,39.2586158920711,7.105427357601002e-15,39.258615892071106,39.25861589207111
MEAS_R000206,C025,20260701,5,38.92000000022668,0.3474729358902845,39.26747293611697,-7.105427357601002e-15,39.26747293611696,39.26747293611696
MEAS_R000223,C010,20260701,5,38.92000000022668,-0.21128866865401674,38.708711331572665,-7.105427357601002e-15,38.70871133157266,38.70871133157266
MEAS_R000230,C019,20260701,5,38.92000000022668,0.6032064898411567,39.523206490067835,0.0,39.523206490067835,39.52320649006784
MEAS_R000234,C019,20260701,5,38.92000000022668,0.6212228022676046,39.54122280249428,0.0,39.54122280249428,39.54122280249428
MEAS_R000235,C019,20260701,5,38.92000000022668,0.5609840924865033,39.480984092713186,0.0,39.480984092713186,39.48098409271319
MEAS_R000245,C005,20260701,5,38.92000000022668,-0.8450528257868047,38.07494717443988,-7.105427357601002e-15,38.07494717443987,38.07494717443987
MEAS_R000252,C017,20260701,5,38.92000000022668,0.9807204837010622,39.90072048392774,0.0,39.90072048392774,39.90072048392774
MEAS_R000253,C017,20260701,5,38.92000000022668,0.14993465993113525,39.06993466015781,0.0,39.06993466015781,39.06993466015781
MEAS_R000257,C017,20260701,5,38.92000000022668,0.5064318963683598,39.42643189659504,-7.105427357601002e-15,39.426431896595034,39.42643189659504
MEAS_R000274,C020,20260701,5,38.92000000022668,0.18915853112125766,39.10915853134794,0.0,39.10915853134794,39.10915853134794
MEAS_R000275,C020,20260701,5,38.92000000022668,1.2965459439770828,40.21654594420376,0.0,40.21654594420376,40.21654594420376
MEAS_R000280,C020,20260701,5,38.92000000022668,0.6795237521649325,39.59952375239161,0.0,39.59952375239161,39.59952375239161
MEAS_R000285,C009,20260701,5,38.92000000022668,0.5474687743852492,39.46746877461193,0.0,39.46746877461193,39.46746877461193
MEAS_R000294,C012,20260701,5,38.92000000022668,0.14483918739057078,39.06483918761725,0.0,39.06483918761725,39.06483918761725
MEAS_R000298,C012,20260701,5,38.92000000022668,0.5629438614301623,39.48294386165684,0.0,39.48294386165684,39.48294386165684
MEAS_R000307,C006,20260701,5,38.92000000022668,0.49537024128386453,39.415370241510544,0.0,39.415370241510544,39.415370241510544
MEAS_R000315,C006,20260701,5,38.92000000022668,-0.2793231041928922,38.64067689603379,0.0,38.64067689603379,38.64067689603379
MEAS_R000322,C015,20260701,5,38.92000000022668,-0.643151940163572,38.27684806006311,-7.105427357601002e-15,38.2768480600631,38.2768480600631
MEAS_R000331,C015,20260701,5,38.92000000022668,0.6297413707017163,39.549741370928395,0.0,39.549741370928395,39.5497413709284
MEAS_R000336,C015,20260701,5,38.92000000022668,0.07103038437101578,38.99103038459769,0.0,38.99103038459769,38.99103038459769
MEAS_R000340,C007,20260701,5,38.92000000022668,0.9071144135736857,39.827114413800366,0.0,39.827114413800366,39.827114413800366
MEAS_R000341,C007,20260701,5,38.92000000022668,-0.009349560532730328,38.910650439693946,7.105427357601002e-15,38.91065043969395,38.91065043969395
MEAS_R000345,C007,20260701,5,38.92000000022668,0.012952053472880852,38.93295205369956,0.0,38.93295205369956,38.93295205369956
MEAS_R000358,C013,20260701,5,38.92000000022668,-0.2523465154508929,38.667653484775784,0.0,38.667653484775784,38.66765348477578
MEAS_R000362,C013,20260701,5,38.92000000022668,0.184956790064094,39.10495679029077,0.0,39.10495679029077,39.10495679029077
MEAS_R000367,C024,20260701,5,38.92000000022668,-0.4895681440866395,38.43043185614004,0.0,38.43043185614004,38.43043185614004
MEAS_R000368,C024,20260701,5,38.92000000022668,-0.4909071087879644,38.429092891438714,0.0,38.429092891438714,38.42909289143872
MEAS_R000381,C024,20260701,5,38.92000000022668,-0.45711990255262724,38.46288009767405,0.0,38.46288009767405,38.46288009767405
MEAS_R000389,C002,20260701,5,38.92000000022668,0.02535249959837029,38.94535249982505,0.0,38.94535249982505,38.94535249982505
MEAS_R000394,C003,20260701,5,38.92000000022668,-0.4505218154211279,38.46947818480555,0.0,38.46947818480555,38.46947818480555
MEAS_R000402,C005,20260701,5,38.92000000022668,-1.1117696135415258,37.80823038668515,0.0,37.80823038668515,37.80823038668515
MEAS_R000405,C005,20260701,5,38.92000000022668,-1.1333002454659618,37.78669975476072,0.0,37.78669975476072,37.78669975476072
MEAS_R000408,C006,20260701,5,38.92000000022668,0.5070273976950306,39.42702739792171,-7.105427357601002e-15,39.427027397921705,39.427027397921705
MEAS_R000414,C008,20260701,5,38.92000000022668,-0.7641499780627697,38.15585002216391,-7.105427357601002e-15,38.155850022163904,38.155850022163904
MEAS_R000419,C009,20260701,5,38.92000000022668,0.5718980431132226,39.4918980433399,0.0,39.4918980433399,39.4918980433399
MEAS_R000424,C010,20260701,5,38.92000000022668,-0.31618667155281543,38.603813328673866,0.0,38.603813328673866,38.603813328673866
MEAS_R000425,C010,20260701,5,38.92000000022668,-0.21009490164279826,38.70990509858388,0.0,38.70990509858388,38.70990509858388
MEAS_R000428,C011,20260701,5,38.92000000022668,-0.5439120693937314,38.376087930832945,7.105427357601002e-15,38.37608793083295,38.37608793083295
MEAS_R000440,C013,20260701,5,38.92000000022668,0.19914154392230132,39.11914154414898,0.0,39.11914154414898,39.11914154414898
MEAS_R000446,C014,20260701,5,38.92000000022668,-0.9562633827770464,37.963736617449634,-7.105427357601002e-15,37.96373661744963,37.96373661744963
MEAS_R000449,C014,20260701,5,38.92000000022668,-0.6395619600006883,38.28043804022599,0.0,38.28043804022599,38.28043804022599
MEAS_R000457,C016,20260701,5,38.92000000022668,-0.3941086143189949,38.525891385907684,0.0,38.525891385907684,38.52589138590768
MEAS_R000461,C018,20260701,5,38.92000000022668,-0.13478298135048322,38.785217018876196,0.0,38.785217018876196,38.7852170188762
MEAS_R000477,C021,20260701,5,38.92000000022668,-0.6554227282328864,38.264577271993794,-7.105427357601002e-15,38.26457727199379,38.26457727199379
MEAS_R000483,C023,20260701,5,38.92000000022668,-0.023048626030904434,38.89695137419577,0.0,38.89695137419577,38.89695137419577
MEAS_R000491,C025,20260701,5,38.92000000022668,0.5519502414520068,39.471950241678684,0.0,39.471950241678684,39.47195024167869
MEAS_R000495,C026,20260701,5,38.92000000022668,-0.20424176240066869,38.71575823782601,0.0,38.71575823782601,38.71575823782601
MEAS_R000502,C026,20260701,5,38.92000000022668,-0.17865820521641987,38.74134179501026,0.0,38.74134179501026,38.74134179501026
MEAS_R000505,C027,20260701,5,38.92000000022668,-0.005929469307527397,38.914070530919155,-7.105427357601002e-15,38.91407053091915,38.91407053091915
MEAS_R000507,C027,20260701,5,38.92000000022668,0.5156099468973698,39.43560994712405,0.0,39.43560994712405,39.43560994712405
MEAS_R000511,C028,20260701,5,38.92000000022668,1.293666058431627,40.213666058658305,0.0,40.213666058658305,40.21366605865831
MEAS_R000515,C029,20260701,5,38.92000000022668,-0.43282553541093693,38.487174464815745,-7.105427357601002e-15,38.48717446481574,38.48717446481574
MEAS_R000005,C021,20260811,1,38.88295165275932,-0.66335951157811,38.21959214118121,0.0,38.21959214118121,38.21959214118121
MEAS_R000008,C021,20260811,1,38.88295165275932,-0.6791686348371234,38.20378301792219,0.0,38.20378301792219,38.20378301792219
MEAS_R000010,C003,20260811,1,38.88295165275932,-0.3506445129433766,38.53230713981594,0.0,38.53230713981594,38.53230713981594
MEAS_R000017,C003,20260811,1,38.88295165275932,-0.4184388053665567,38.46451284739276,0.0,38.46451284739276,38.46451284739276
MEAS_R000018,C003,20260811,1,38.88295165275932,-0.42346953971172735,38.45948211304759,0.0,38.45948211304759,38.45948211304759
MEAS_R000029,C002,20260811,1,38.88295165275932,0.049048510476721874,38.93200016323604,0.0,38.93200016323604,38.93200016323604
MEAS_R000031,C002,20260811,1,38.88295165275932,0.12856048730244343,39.01151214006176,0.0,39.01151214006176,39.01151214006176
MEAS_R000032,C002,20260811,1,38.88295165275932,0.10649143946416481,38.98944309222348,0.0,38.98944309222348,38.98944309222348
MEAS_R000038,C029,20260811,1,38.88295165275932,-0.6150737804883467,38.26787787227097,0.0,38.26787787227097,38.26787787227097
MEAS_R000043,C029,20260811,1,38.88295165275932,-0.475105304366832,38.40784634839248,0.0,38.40784634839248,38.40784634839248
MEAS_R000046,C029,20260811,1,38.88295165275932,-0.536952072429101,38.345999580330215,0.0,38.345999580330215,38.345999580330215
MEAS_R000054,C001,20260811,1,38.88295165275932,-0.7218134426084082,38.16113821015091,0.0,38.16113821015091,38.16113821015091
MEAS_R000055,C001,20260811,1,38.88295165275932,-0.7280948708026982,38.15485678195662,0.0,38.15485678195662,38.15485678195662
MEAS_R000057,C001,20260811,1,38.88295165275932,-0.5648755682855009,38.318076084473816,0.0,38.318076084473816,38.318076084473816
MEAS_R000063,C027,20260811,1,38.88295165275932,1.0765055853234795,39.9594572380828,0.0,39.9594572380828,39.9594572380828
MEAS_R000064,C027,20260811,1,38.88295165275932,-0.2165707725806015,38.666380880178714,0.0,38.666380880178714,38.66638088017872
MEAS_R000066,C027,20260811,1,38.88295165275932,-0.24607682524309915,38.636874827516216,0.0,38.636874827516216,38.636874827516216
MEAS_R000073,C026,20260811,1,38.88295165275932,-0.24971993522107444,38.633231717538244,0.0,38.633231717538244,38.63323171753824
MEAS_R000079,C026,20260811,1,38.88295165275932,-0.14887587306817401,38.734075779691146,0.0,38.734075779691146,38.734075779691146
MEAS_R000080,C016,20260811,1,38.88295165275932,-0.2552842329503089,38.62766741980901,0.0,38.62766741980901,38.62766741980901
MEAS_R000085,C016,20260811,1,38.88295165275932,-0.5168538974622054,38.36609775529711,0.0,38.36609775529711,38.36609775529711
MEAS_R000089,C022,20260811,1,38.88295165275932,-0.4609296897586692,38.422021963000645,0.0,38.422021963000645,38.422021963000645
MEAS_R000093,C022,20260811,1,38.88295165275932,-0.3671229853662832,38.51582866739303,7.105427357601002e-15,38.51582866739304,38.51582866739304
MEAS_R000094,C022,20260811,1,38.88295165275932,-0.3321631565764035,38.55078849618291,7.105427357601002e-15,38.55078849618292,38.55078849618292
MEAS_R000103,C014,20260811,1,38.88295165275932,-0.5631588434557735,38.31979280930354,0.0,38.31979280930354,38.31979280930354
MEAS_R000107,C014,20260811,1,38.88295165275932,-0.8615330388493834,38.02141861390994,0.0,38.02141861390994,38.02141861390994
MEAS_R000114,C014,20260811,1,38.88295165275932,-0.538271883483157,38.34467976927616,0.0,38.34467976927616,38.34467976927616
MEAS_R000122,C023,20260811,1,38.88295165275932,0.04307092973491468,38.926022582494234,0.0,38.926022582494234,38.92602258249424
MEAS_R000123,C023,20260811,1,38.88295165275932,0.07008444659997755,38.953036099359295,0.0,38.953036099359295,38.953036099359295
MEAS_R000127,C023,20260811,1,38.88295165275932,0.13277304907711274,39.01572470183643,-7.105427357601002e-15,39.015724701836426,39.015724701836426
MEAS_R000132,C011,20260811,1,38.88295165275932,-0.7837362591461323,38.099215393613186,0.0,38.099215393613186,38.09921539361319
MEAS_R000137,C011,20260811,1,38.88295165275932,-0.4711942206715184,38.411757432087796,0.0,38.411757432087796,38.4117574320878
MEAS_R000141,C004,20260811,1,38.88295165275932,-1.2963211531520735,37.586630499607246,0.0,37.586630499607246,37.586630499607246
MEAS_R000144,C004,20260811,1,38.88295165275932,-1.2951536125337615,37.58779804022556,0.0,37.58779804022556,37.58779804022556
MEAS_R000145,C004,20260811,1,38.88295165275932,-1.2213332984582332,37.66161835430108,0.0,37.66161835430108,37.66161835430108
MEAS_R000151,C028,20260811,1,38.88295165275932,1.311105796849286,40.1940574496086,0.0,40.1940574496086,40.1940574496086
MEAS_R000162,C028,20260811,1,38.88295165275932,1.3044232000453648,40.18737485280468,0.0,40.18737485280468,40.18737485280468
MEAS_R000165,C008,20260811,1,38.88295165275932,-0.6416643530337193,38.2412872997256,0.0,38.2412872997256,38.2412872997256
MEAS_R000167,C008,20260811,1,38.88295165275932,-0.7663757221616682,38.11657593059765,0.0,38.11657593059765,38.11657593059765
MEAS_R000172,C008,20260811,1,38.88295165275932,-0.6908634243799381,38.192088228379376,0.0,38.192088228379376,38.192088228379376
MEAS_R000180,C030,20260811,1,38.88295165275932,1.2870994644130511,40.17005111717237,0.0,40.17005111717237,40.17005111717237
MEAS_R000185,C030,20260811,1,38.88295165275932,1.118438760170458,40.00139041292977,7.105427357601002e-15,40.00139041292978,40.00139041292978
MEAS_R000187,C030,20260811,1,38.88295165275932,1.2061454171680452,40.08909706992736,0.0,40.08909706992736,40.08909706992736
MEAS_R000190,C018,20260811,1,38.88295165275932,-0.06835939319066792,38.81459225956865,0.0,38.81459225956865,38.81459225956865
MEAS_R000198,C018,20260811,1,38.88295165275932,-0.1269098787710109,38.75604177398831,-7.105427357601002e-15,38.7560417739883,38.7560417739883
MEAS_R000200,C018,20260811,1,38.88295165275932,-0.12977048776908057,38.75318116499024,0.0,38.75318116499024,38.75318116499024
MEAS_R000206,C025,20260811,1,38.88295165275932,0.4827508194121269,39.36570247217144,0.0,39.36570247217144,39.36570247217144
MEAS_R000207,C025,20260811,1,38.88295165275932,0.4507697551483009,39.33372140790762,0.0,39.33372140790762,39.33372140790762
MEAS_R000210,C025,20260811,1,38.88295165275932,0.5603098283322,39.44326148109152,0.0,39.44326148109152,39.44326148109152
MEAS_R000211,C010,20260811,1,38.88295165275932,-0.16342327481255683,38.71952837794676,7.105427357601002e-15,38.719528377946766,38.719528377946766
MEAS_R000212,C010,20260811,1,38.88295165275932,-0.30266092490570246,38.580290727853615,0.0,38.580290727853615,38.580290727853615
MEAS_R000221,C010,20260811,1,38.88295165275932,-0.24151031878447737,38.64144133397484,0.0,38.64144133397484,38.64144133397484
MEAS_R000225,C019,20260811,1,38.88295165275932,0.6400460573882473,39.522997710147564,0.0,39.522997710147564,39.52299771014757
MEAS_R000229,C019,20260811,1,38.88295165275932,0.4611652807088731,39.34411693346819,0.0,39.34411693346819,39.34411693346819
MEAS_R000231,C019,20260811,1,38.88295165275932,0.5799966607364482,39.462948313495765,0.0,39.462948313495765,39.462948313495765
MEAS_R000242,C005,20260811,1,38.88295165275932,-0.8769369766672498,38.006014676092065,7.105427357601002e-15,38.00601467609207,38.00601467609207
MEAS_R000244,C005,20260811,1,38.88295165275932,-0.5737543289048024,38.30919732385451,0.0,38.30919732385451,38.30919732385451
MEAS_R000247,C005,20260811,1,38.88295165275932,-0.5827810312728416,38.30017062148647,7.105427357601002e-15,38.30017062148648,38.30017062148648
MEAS_R000254,C017,20260811,1,38.88295165275932,0.42540937968081816,39.30836103244013,7.105427357601002e-15,39.30836103244014,39.30836103244014
MEAS_R000256,C017,20260811,1,38.88295165275932,0.44313850640956,39.32609015916888,0.0,39.32609015916888,39.32609015916888
MEAS_R000263,C017,20260811,1,38.88295165275932,0.46873843930062076,39.35169009205994,0.0,39.35169009205994,39.35169009205994
MEAS_R000267,C017,20260811,1,38.88295165275932,0.46524474673556687,39.34819639949488,0.0,39.34819639949488,39.34819639949488
MEAS_R000274,C020,20260811,1,38.88295165275932,0.5291733998750447,39.41212505263436,7.105427357601002e-15,39.412125052634366,39.412125052634366
MEAS_R000276,C020,20260811,1,38.88295165275932,0.5819402460542864,39.464891898813605,0.0,39.464891898813605,39.464891898813605
MEAS_R000278,C020,20260811,1,38.88295165275932,0.6039548896603182,39.48690654241963,7.105427357601002e-15,39.48690654241964,39.48690654241964
MEAS_R000282,C020,20260811,1,38.88295165275932,0.6759246712089019,39.55887632396822,0.0,39.55887632396822,39.55887632396822
MEAS_R000284,C009,20260811,1,38.88295165275932,1.487576637602647,40.37052829036196,7.105427357601002e-15,40.37052829036197,40.37052829036197
MEAS_R000287,C009,20260811,1,38.88295165275932,0.6023844763144808,39.4853361290738,-7.105427357601002e-15,39.485336129073794,39.485336129073794
MEAS_R000300,C012,20260811,1,38.88295165275932,0.6578979722539062,39.54084962501322,0.0,39.54084962501322,39.54084962501322
MEAS_R000303,C012,20260811,1,38.88295165275932,0.7011281255988775,39.584079778358195,7.105427357601002e-15,39.5840797783582,39.5840797783582
MEAS_R000304,C012,20260811,1,38.88295165275932,1.2853820826404068,40.16833373539973,0.0,40.16833373539973,40.16833373539973
MEAS_R000308,C006,20260811,1,38.88295165275932,-0.13479212871486712,38.74815952404445,0.0,38.74815952404445,38.74815952404445
MEAS_R000316,C006,20260811,1,38.88295165275932,0.6011669789716135,39.48411863173093,0.0,39.48411863173093,39.48411863173093
MEAS_R000319,C006,20260811,1,38.88295165275932,0.618162105135877,39.5011137578952,0.0,39.5011137578952,39.5011137578952
MEAS_R000322,C015,20260811,1,38.88295165275932,-0.5551916980741592,38.327759954685156,0.0,38.327759954685156,38.32775995468516
MEAS_R000326,C015,20260811,1,38.88295165275932,-0.579403106997023,38.3035485457623,0.0,38.3035485457623,38.3035485457623
MEAS_R000333,C015,20260811,1,38.88295165275932,0.24523342217301566,39.12818507493233,0.0,39.12818507493233,39.12818507493233
MEAS_R000337,C015,20260811,1,38.88295165275932,-0.07358366307322271,38.809367989686095,0.0,38.809367989686095,38.809367989686095
MEAS_R000338,C007,20260811,1,38.88295165275932,0.43003888639615506,39.31299053915547,0.0,39.31299053915547,39.31299053915547
MEAS_R000348,C007,20260811,1,38.88295165275932,0.6009835392727894,39.483935192032106,0.0,39.483935192032106,39.483935192032106
MEAS_R000350,C007,20260811,1,38.88295165275932,0.41990383020630084,39.30285548296562,0.0,39.30285548296562,39.30285548296562
MEAS_R000354,C007,20260811,1,38.88295165275932,1.29658720369272,40.179538856452034,7.105427357601002e-15,40.17953885645204,40.17953885645204
MEAS_R000360,C013,20260811,1,38.88295165275932,-0.14480315834065952,38.73814849441866,0.0,38.73814849441866,38.73814849441866
MEAS_R000365,C013,20260811,1,38.88295165275932,0.22837964911544553,39.11133130187476,0.0,39.11133130187476,39.11133130187476
MEAS_R000376,C024,20260811,1,38.88295165275932,-0.009797030956419593,38.8731546218029,7.105427357601002e-15,38.873154621802904,38.8731546218029
MEAS_R000380,C024,20260811,1,38.88295165275932,0.7865207416640418,39.66947239442336,0.0,39.66947239442336,39.66947239442336
MEAS_R000382,C024,20260811,1,38.88295165275932,0.7900346409985842,39.6729862937579,0.0,39.6729862937579,39.6729862937579
MEAS_R000383,C024,20260811,1,38.88295165275932,0.8158907185288932,39.69884237128821,0.0,39.69884237128821,39.69884237128821
MEAS_R000385,C001,20260811,1,38.88295165275932,-0.5482225870748912,38.33472906568443,0.0,38.33472906568443,38.33472906568443
MEAS_R000386,C001,20260811,1,38.88295165275932,-0.5478980887067768,38.335053564052544,0.0,38.335053564052544,38.335053564052544
MEAS_R000391,C002,20260811,1,38.88295165275932,0.026174014334090247,38.909125667093406,0.0,38.909125667093406,38.909125667093406
MEAS_R000396,C003,20260811,1,38.88295165275932,-0.3406095085287185,38.542342144230595,7.105427357601002e-15,38.5423421442306,38.5423421442306
MEAS_R000398,C004,20260811,1,38.88295165275932,-1.1148065062425112,37.76814514651681,0.0,37.76814514651681,37.76814514651681
MEAS_R000404,C005,20260811,1,38.88295165275932,-0.8972664225588092,37.98568523020051,0.0,37.98568523020051,37.98568523020051
MEAS_R000406,C006,20260811,1,38.88295165275932,0.6083705478212679,39.49132220058058,0.0,39.49132220058058,39.49132220058058
MEAS_R000409,C006,20260811,1,38.88295165275932,-0.08916057275645878,38.79379108000286,0.0,38.79379108000286,38.79379108000286
MEAS_R000414,C008,20260811,1,38.88295165275932,-0.6435006563843758,38.23945099637494,0.0,38.23945099637494,38.23945099637494
MEAS_R000418,C009,20260811,1,38.88295165275932,1.4797664301580338,40.362718082917354,0.0,40.362718082917354,40.36271808291736
MEAS_R000421,C009,20260811,1,38.88295165275932,0.657865460719763,39.54081711347908,0.0,39.54081711347908,39.54081711347908
MEAS_R000425,C010,20260811,1,38.88295165275932,-0.15098866866766555,38.73196298409165,7.105427357601002e-15,38.73196298409166,38.73196298409166
MEAS_R000428,C011,20260811,1,38.88295165275932,-0.5169138459554549,38.36603780680386,7.105427357601002e-15,38.36603780680387,38.36603780680387
MEAS_R000432,C011,20260811,1,38.88295165275932,-0.6939494636605883,38.18900218909873,0.0,38.18900218909873,38.18900218909873
MEAS_R000435,C012,20260811,1,38.88295165275932,0.6956745058387428,39.57862615859806,0.0,39.57862615859806,39.57862615859806
MEAS_R000436,C012,20260811,1,38.88295165275932,1.2692361485401111,40.152187801299426,0.0,40.152187801299426,40.15218780129943
MEAS_R000443,C013,20260811,1,38.88295165275932,0.21893150196072722,39.10188315472004,7.105427357601002e-15,39.10188315472005,39.10188315472005
MEAS_R000449,C014,20260811,1,38.88295165275932,-0.6252137699531107,38.257737882806204,7.105427357601002e-15,38.25773788280621,38.25773788280621
MEAS_R000450,C016,20260811,1,38.88295165275932,-0.2423625237885011,38.64058912897082,7.105427357601002e-15,38.640589128970824,38.64058912897082
MEAS_R000454,C016,20260811,1,38.88295165275932,-0.19727324270571,38.685678410053605,0.0,38.685678410053605,38.685678410053605
MEAS_R000459,C017,20260811,1,38.88295165275932,0.45748224058545056,39.340433893344766,0.0,39.340433893344766,39.340433893344766
MEAS_R000461,C018,20260811,1,38.88295165275932,-0.10205314603006868,38.78089850672925,0.0,38.78089850672925,38.78089850672925
MEAS_R000468,C019,20260811,1,38.88295165275932,0.619433741020782,39.5023853937801,0.0,39.5023853937801,39.5023853937801
MEAS_R000470,C020,20260811,1,38.88295165275932,0.7076054272475462,39.59055708000686,0.0,39.59055708000686,39.59055708000686
MEAS_R000472,C021,20260811,1,38.88295165275932,-0.5562554189582118,38.32669623380111,0.0,38.32669623380111,38.32669623380111
MEAS_R000478,C021,20260811,1,38.88295165275932,-0.6716633829455911,38.21128826981373,0.0,38.21128826981373,38.21128826981373
MEAS_R000481,C022,20260811,1,38.88295165275932,-0.5105216047469097,38.372430048012404,7.105427357601002e-15,38.37243004801241,38.37243004801241
MEAS_R000485,C024,20260811,1,38.88295165275932,0.011250858981753285,38.89420251174107,0.0,38.89420251174107,38.89420251174107
MEAS_R000490,C025,20260811,1,38.88295165275932,0.310041493959999,39.19299314671932,0.0,39.19299314671932,39.19299314671932
MEAS_R000494,C026,20260811,1,38.88295165275932,-0.22843177414275342,38.65451987861656,7.105427357601002e-15,38.65451987861657,38.65451987861657
MEAS_R000495,C026,20260811,1,38.88295165275932,-0.1318569466212385,38.751094706138076,7.105427357601002e-15,38.75109470613808,38.75109470613808
MEAS_R000501,C026,20260811,1,38.88295165275932,-0.19405183733952386,38.688899815419795,0.0,38.688899815419795,38.6888998154198
MEAS_R000502,C026,20260811,1,38.88295165275932,-0.18157211286640004,38.70137953989292,0.0,38.70137953989292,38.70137953989292
MEAS_R000507,C027,20260811,1,38.88295165275932,1.1139351278987883,39.99688678065811,0.0,39.99688678065811,39.99688678065811
MEAS_R000508,C027,20260811,1,38.88295165275932,-0.2130606606721215,38.6698909920872,0.0,38.6698909920872,38.6698909920872
MEAS_R000511,C028,20260811,1,38.88295165275932,1.1976476680960653,40.080599320855384,0.0,40.080599320855384,40.08059932085538
MEAS_R000512,C028,20260811,1,38.88295165275932,1.185757889869342,40.06870954262866,0.0,40.06870954262866,40.06870954262866
MEAS_R000513,C029,20260811,1,38.88295165275932,-0.6035776481053701,38.279374004653945,0.0,38.279374004653945,38.279374004653945
MEAS_R000518,C030,20260811,1,38.88295165275932,1.3125986467990594,40.19555029955838,0.0,40.19555029955838,40.19555029955838
MEAS_R000003,C021,20260811,2,38.926817043320064,-0.7592719138422948,38.167545129477766,7.105427357601002e-15,38.16754512947777,38.16754512947777
MEAS_R000004,C021,20260811,2,38.926817043320064,-0.7967306249955655,38.130086418324495,0.0,38.130086418324495,38.130086418324495
MEAS_R000014,C003,20260811,2,38.926817043320064,-0.46899592131565626,38.457821122004404,0.0,38.457821122004404,38.4578211220044
MEAS_R000016,C003,20260811,2,38.926817043320064,-0.4792619219563766,38.447555121363685,7.105427357601002e-15,38.44755512136369,38.44755512136369
MEAS_R000021,C003,20260811,2,38.926817043320064,-0.24827319353625005,38.678543849783814,0.0,38.678543849783814,38.67854384978381
MEAS_R000027,C002,20260811,2,38.926817043320064,0.117517169254027,39.04433421257409,-7.105427357601002e-15,39.044334212574086,39.044334212574086
MEAS_R000028,C002,20260811,2,38.926817043320064,0.021268446491817597,38.94808548981188,0.0,38.94808548981188,38.94808548981188
MEAS_R000034,C002,20260811,2,38.926817043320064,0.42911177135402745,39.355928814674094,-7.105427357601002e-15,39.35592881467409,39.35592881467409
MEAS_R000036,C029,20260811,2,38.926817043320064,-0.5648056268985419,38.362011416421524,0.0,38.362011416421524,38.36201141642152
MEAS_R000039,C029,20260811,2,38.926817043320064,-0.6370246036570981,38.28979243966297,-7.105427357601002e-15,38.28979243966296,38.28979243966296
MEAS_R000044,C029,20260811,2,38.926817043320064,-0.45983084223943826,38.46698620108062,7.105427357601002e-15,38.46698620108063,38.46698620108063
MEAS_R000051,C001,20260811,2,38.926817043320064,-0.7134486652304022,38.21336837808966,0.0,38.21336837808966,38.21336837808966
MEAS_R000056,C001,20260811,2,38.926817043320064,-0.7157709142982347,38.21104612902183,-7.105427357601002e-15,38.211046129021824,38.211046129021824
MEAS_R000058,C001,20260811,2,38.926817043320064,-0.692763337579962,38.2340537057401,0.0,38.2340537057401,38.2340537057401
MEAS_R000062,C027,20260811,2,38.926817043320064,-0.09913502975240152,38.82768201356766,0.0,38.82768201356766,38.82768201356766
MEAS_R000068,C027,20260811,2,38.926817043320064,-0.2673101729039507,38.659506870416116,-7.105427357601002e-15,38.65950687041611,38.65950687041611
MEAS_R000070,C027,20260811,2,38.926817043320064,0.0011406884990631614,38.92795773181913,0.0,38.92795773181913,38.92795773181913
MEAS_R000074,C026,20260811,2,38.926817043320064,-0.2610467414097873,38.66577030191028,0.0,38.66577030191028,38.66577030191028
MEAS_R000075,C026,20260811,2,38.926817043320064,-0.30678823347045125,38.620028809849615,0.0,38.620028809849615,38.620028809849615
MEAS_R000082,C016,20260811,2,38.926817043320064,-0.23668464529952563,38.69013239802054,0.0,38.69013239802054,38.69013239802054
MEAS_R000083,C016,20260811,2,38.926817043320064,-0.27188453574835114,38.654932507571715,0.0,38.654932507571715,38.65493250757172
MEAS_R000095,C022,20260811,2,38.926817043320064,-0.3725169169155136,38.55430012640455,7.105427357601002e-15,38.554300126404556,38.55430012640456
MEAS_R000098,C022,20260811,2,38.926817043320064,-0.33875788629524556,38.588059157024816,0.0,38.588059157024816,38.588059157024816
MEAS_R000100,C022,20260811,2,38.926817043320064,-0.4970515965670519,38.42976544675301,0.0,38.42976544675301,38.42976544675301
MEAS_R000104,C014,20260811,2,38.926817043320064,-0.753045823960649,38.173771219359416,0.0,38.173771219359416,38.173771219359416
MEAS_R000106,C014,20260811,2,38.926817043320064,-0.8383754447871264,38.08844159853294,0.0,38.08844159853294,38.08844159853294
MEAS_R000115,C014,20260811,2,38.926817043320064,-0.32822839155004213,38.59858865177002,0.0,38.59858865177002,38.59858865177002
MEAS_R000118,C023,20260811,2,38.926817043320064,-0.12059163420164408,38.80622540911842,0.0,38.80622540911842,38.80622540911842
MEAS_R000126,C023,20260811,2,38.926817043320064,0.30030925889209503,39.227126302212156,0.0,39.227126302212156,39.22712630221216
MEAS_R000128,C023,20260811,2,38.926817043320064,0.30396617236791906,39.230783215687985,-7.105427357601002e-15,39.23078321568798,39.23078321568798
MEAS_R000131,C011,20260811,2,38.926817043320064,-0.8274084656134237,38.09940857770664,0.0,38.09940857770664,38.09940857770664
MEAS_R000133,C011,20260811,2,38.926817043320064,-0.8460828776225557,38.08073416569751,0.0,38.08073416569751,38.08073416569751
MEAS_R000139,C004,20260811,2,38.926817043320064,-1.0897236982500795,37.83709334506998,7.105427357601002e-15,37.83709334506999,37.83709334506999
MEAS_R000142,C004,20260811,2,38.926817043320064,-1.344913437715425,37.58190360560464,0.0,37.58190360560464,37.58190360560464
MEAS_R000148,C004,20260811,2,38.926817043320064,-1.1496175061247806,37.77719953719528,7.105427357601002e-15,37.77719953719529,37.77719953719529
MEAS_R000153,C028,20260811,2,38.926817043320064,1.2533472721291785,40.18016431544924,7.105427357601002e-15,40.18016431544925,40.18016431544925
MEAS_R000156,C028,20260811,2,38.926817043320064,1.2899913236734648,40.216808366993526,0.0,40.216808366993526,40.216808366993526
MEAS_R000168,C008,20260811,2,38.926817043320064,-0.779039678166592,38.14777736515347,0.0,38.14777736515347,38.14777736515347
MEAS_R000175,C008,20260811,2,38.926817043320064,-0.6980378953788263,38.22877914794124,0.0,38.22877914794124,38.22877914794124
MEAS_R000178,C030,20260811,2,38.926817043320064,1.3520950982913242,40.278912141611386,0.0,40.278912141611386,40.278912141611386
MEAS_R000186,C030,20260811,2,38.926817043320064,1.2323580452237581,40.15917508854382,0.0,40.15917508854382,40.15917508854382
MEAS_R000189,C030,20260811,2,38.926817043320064,1.0954419493462977,40.02225899266636,0.0,40.02225899266636,40.02225899266636
MEAS_R000197,C018,20260811,2,38.926817043320064,-0.17399408635449964,38.75282295696557,-7.105427357601002e-15,38.75282295696556,38.75282295696556
MEAS_R000201,C018,20260811,2,38.926817043320064,-0.18883261981059665,38.73798442350947,0.0,38.73798442350947,38.73798442350947
MEAS_R000202,C025,20260811,2,38.926817043320064,0.40747914192552925,39.33429618524559,0.0,39.33429618524559,39.33429618524559
MEAS_R000214,C010,20260811,2,38.926817043320064,-0.3360948606065691,38.59072218271349,0.0,38.59072218271349,38.59072218271349
MEAS_R000218,C010,20260811,2,38.926817043320064,-0.3316529823722708,38.595164060947795,0.0,38.595164060947795,38.5951640609478
MEAS_R000220,C010,20260811,2,38.926817043320064,-0.328060776331553,38.59875626698851,0.0,38.59875626698851,38.59875626698851
MEAS_R000234,C019,20260811,2,38.926817043320064,0.6035929710788732,39.53041001439894,0.0,39.53041001439894,39.53041001439894
MEAS_R000235,C019,20260811,2,38.926817043320064,0.5615879599581075,39.488405003278174,0.0,39.488405003278174,39.488405003278174
MEAS_R000236,C019,20260811,2,38.926817043320064,0.45349745185988566,39.38031449517995,-7.105427357601002e-15,39.380314495179945,39.380314495179945
MEAS_R000239,C005,20260811,2,38.926817043320064,-1.1038398130484497,37.82297723027161,7.105427357601002e-15,37.82297723027162,37.82297723027162
MEAS_R000243,C005,20260811,2,38.926817043320064,-1.1015757106995476,37.825241332620514,7.105427357601002e-15,37.82524133262052,37.82524133262052
MEAS_R000249,C005,20260811,2,38.926817043320064,-0.9027067211748706,38.02411032214519,0.0,38.02411032214519,38.02411032214519
MEAS_R000253,C017,20260811,2,38.926817043320064,0.1502080323652904,39.077025075685356,0.0,39.077025075685356,39.07702507568536
MEAS_R000258,C017,20260811,2,38.926817043320064,0.4936731243569166,39.42049016767698,0.0,39.42049016767698,39.42049016767698
MEAS_R000259,C017,20260811,2,38.926817043320064,0.39913920086908783,39.32595624418915,0.0,39.32595624418915,39.32595624418915
MEAS_R000272,C020,20260811,2,38.926817043320064,0.20846703076649314,39.135284074086556,0.0,39.135284074086556,39.13528407408656
MEAS_R000275,C020,20260811,2,38.926817043320064,1.2269073246009805,40.15372436792104,0.0,40.15372436792104,40.15372436792104
MEAS_R000281,C020,20260811,2,38.926817043320064,1.2824583835450443,40.209275426865105,0.0,40.209275426865105,40.20927542686511
MEAS_R000286,C009,20260811,2,38.926817043320064,0.7312573712864794,39.658074414606546,0.0,39.658074414606546,39.65807441460655
MEAS_R000290,C009,20260811,2,38.926817043320064,0.9424093495272505,39.86922639284732,-7.105427357601002e-15,39.86922639284731,39.86922639284731
MEAS_R000296,C012,20260811,2,38.926817043320064,0.24688624205628606,39.17370328537635,0.0,39.17370328537635,39.17370328537635
MEAS_R000301,C012,20260811,2,38.926817043320064,0.567963090965619,39.49478013428568,-7.105427357601002e-15,39.494780134285676,39.49478013428568
MEAS_R000302,C012,20260811,2,38.926817043320064,0.5990188233632769,39.52583586668334,0.0,39.52583586668334,39.52583586668334
MEAS_R000306,C006,20260811,2,38.926817043320064,0.7125494688963222,39.639366512216384,0.0,39.639366512216384,39.639366512216384
MEAS_R000307,C006,20260811,2,38.926817043320064,0.45414614206503,39.38096318538509,7.105427357601002e-15,39.3809631853851,39.3809631853851
MEAS_R000314,C006,20260811,2,38.926817043320064,0.6375964105003358,39.5644134538204,0.0,39.5644134538204,39.5644134538204
MEAS_R000321,C015,20260811,2,38.926817043320064,-0.6118793680837646,38.3149376752363,-7.105427357601002e-15,38.314937675236294,38.31493767523629
MEAS_R000324,C015,20260811,2,38.926817043320064,-0.10693133071967045,38.819885712600396,0.0,38.819885712600396,38.8198857126004
MEAS_R000327,C015,20260811,2,38.926817043320064,-0.672606249253072,38.25421079406699,0.0,38.25421079406699,38.25421079406699
MEAS_R000330,C015,20260811,2,38.926817043320064,-0.35461892106276904,38.5721981222573,-7.105427357601002e-15,38.57219812225729,38.57219812225729
MEAS_R000343,C007,20260811,2,38.926817043320064,-0.08952214971424143,38.83729489360582,0.0,38.83729489360582,38.83729489360582
MEAS_R000344,C007,20260811,2,38.926817043320064,0.8600845628321878,39.78690160615225,7.105427357601002e-15,39.786901606152256,39.786901606152256
MEAS_R000351,C007,20260811,2,38.926817043320064,1.4181243034658828,40.344941346785944,0.0,40.344941346785944,40.34494134678594
MEAS_R000352,C007,20260811,2,38.926817043320064,0.4578933904237955,39.38471043374386,0.0,39.38471043374386,39.38471043374386
MEAS_R000358,C013,20260811,2,38.926817043320064,-0.2774341499801823,38.64938289333988,0.0,38.64938289333988,38.64938289333988
MEAS_R000364,C013,20260811,2,38.926817043320064,0.2184566693783489,39.14527371269841,0.0,39.14527371269841,39.14527371269841
MEAS_R000370,C024,20260811,2,38.926817043320064,-0.7753197366889917,38.15149730663107,0.0,38.15149730663107,38.15149730663107
MEAS_R000372,C024,20260811,2,38.926817043320064,-0.4294505626225901,38.49736648069747,0.0,38.49736648069747,38.49736648069747
MEAS_R000374,C024,20260811,2,38.926817043320064,0.016894473667671408,38.94371151698773,0.0,38.94371151698773,38.94371151698773
MEAS_R000379,C024,20260811,2,38.926817043320064,0.023925686767953192,38.95074273008802,0.0,38.95074273008802,38.95074273008802
MEAS_R000387,C001,20260811,2,38.926817043320064,-0.7086457375710992,38.21817130574897,0.0,38.21817130574897,38.21817130574897
MEAS_R000389,C002,20260811,2,38.926817043320064,0.05100016909279801,38.97781721241286,0.0,38.97781721241286,38.97781721241286
MEAS_R000390,C002,20260811,2,38.926817043320064,-0.022527320723219803,38.90428972259684,0.0,38.90428972259684,38.90428972259684
MEAS_R000393,C003,20260811,2,38.926817043320064,-0.3823635740459219,38.54445346927414,7.105427357601002e-15,38.544453469274146,38.54445346927415
MEAS_R000395,C003,20260811,2,38.926817043320064,-0.3981497992285493,38.528667244091515,0.0,38.528667244091515,38.52866724409152
MEAS_R000400,C004,20260811,2,38.926817043320064,-1.382057754828395,37.54475928849167,0.0,37.54475928849167,37.54475928849167
MEAS_R000405,C005,20260811,2,38.926817043320064,-1.1188484322175913,37.807968611102474,-7.105427357601002e-15,37.80796861110247,37.80796861110247
MEAS_R000407,C006,20260811,2,38.926817043320064,0.7078152459370348,39.6346322892571,0.0,39.6346322892571,39.6346322892571
MEAS_R000408,C006,20260811,2,38.926817043320064,0.4548097667244642,39.38162681004453,-7.105427357601002e-15,39.38162681004452,39.38162681004452
MEAS_R000411,C008,20260811,2,38.926817043320064,-0.6986578451466436,38.22815919817342,0.0,38.22815919817342,38.22815919817342
MEAS_R000413,C008,20260811,2,38.926817043320064,-0.8294015624946607,38.097415480825404,0.0,38.097415480825404,38.09741548082541
MEAS_R000415,C009,20260811,2,38.926817043320064,0.8163246057933271,39.74314164911339,0.0,39.74314164911339,39.74314164911339
MEAS_R000420,C009,20260811,2,38.926817043320064,0.7913442637544936,39.71816130707456,-7.105427357601002e-15,39.71816130707455,39.71816130707455
MEAS_R000423,C010,20260811,2,38.926817043320064,-0.21499277612560042,38.711824267194466,-7.105427357601002e-15,38.71182426719446,38.71182426719446
MEAS_R000431,C011,20260811,2,38.926817043320064,-0.7455355926315745,38.18128145068849,0.0,38.18128145068849,38.18128145068849
MEAS_R000433,C011,20260811,2,38.926817043320064,-0.8272489016754523,38.09956814164461,0.0,38.09956814164461,38.09956814164461
MEAS_R000442,C013,20260811,2,38.926817043320064,0.18804276876963802,39.114859812089705,0.0,39.114859812089705,39.114859812089705
MEAS_R000446,C014,20260811,2,38.926817043320064,-0.9406784880885577,37.986138555231506,0.0,37.986138555231506,37.98613855523151
MEAS_R000448,C014,20260811,2,38.926817043320064,-0.5229375981012128,38.40387944521885,0.0,38.40387944521885,38.40387944521885
MEAS_R000456,C016,20260811,2,38.926817043320064,-0.11777169555353423,38.80904534776653,0.0,38.80904534776653,38.80904534776653
MEAS_R000457,C016,20260811,2,38.926817043320064,-0.2522343433408602,38.674582699979204,0.0,38.674582699979204,38.6745826999792
MEAS_R000462,C018,20260811,2,38.926817043320064,-0.19170952201437935,38.735107521305686,-7.105427357601002e-15,38.73510752130568,38.73510752130568
MEAS_R000463,C018,20260811,2,38.926817043320064,-0.18362395125535194,38.743193092064715,0.0,38.743193092064715,38.74319309206472
MEAS_R000466,C019,20260811,2,38.926817043320064,0.603293742801454,39.53011078612152,0.0,39.53011078612152,39.53011078612152
MEAS_R000469,C020,20260811,2,38.926817043320064,1.2955434343401906,40.22236047766025,7.105427357601002e-15,40.22236047766026,40.22236047766026
MEAS_R000476,C021,20260811,2,38.926817043320064,-0.6328840946642992,38.293932948655765,0.0,38.293932948655765,38.293932948655765
MEAS_R000477,C021,20260811,2,38.926817043320064,-0.7272180194284976,38.199599023891565,0.0,38.199599023891565,38.199599023891565
MEAS_R000484,C023,20260811,2,38.926817043320064,0.19888046251529976,39.12569750583536,0.0,39.12569750583536,39.12569750583536
MEAS_R000487,C025,20260811,2,38.926817043320064,0.43139516825253366,39.3582122115726,-7.105427357601002e-15,39.35821221157259,39.35821221157259
MEAS_R000489,C025,20260811,2,38.926817043320064,0.4110415692417988,39.33785861256186,0.0,39.33785861256186,39.33785861256186
MEAS_R000492,C025,20260811,2,38.926817043320064,0.508347021071051,39.43516406439112,0.0,39.43516406439112,39.43516406439112
MEAS_R000496,C026,20260811,2,38.926817043320064,-0.21997675763128827,38.70684028568878,0.0,38.70684028568878,38.70684028568878
MEAS_R000497,C026,20260811,2,38.926817043320064,-0.22614895054965578,38.70066809277041,0.0,38.70066809277041,38.70066809277041
MEAS_R000503,C026,20260811,2,38.926817043320064,-0.3072509211795611,38.619566122140505,-7.105427357601002e-15,38.6195661221405,38.6195661221405
MEAS_R000506,C027,20260811,2,38.926817043320064,-0.2929481726134632,38.6338688707066,0.0,38.6338688707066,38.6338688707066
MEAS_R000509,C028,20260811,2,38.926817043320064,1.3484965152973316,40.2753135586174,0.0,40.2753135586174,40.2753135586174
MEAS_R000510,C028,20260811,2,38.926817043320064,1.244322697202273,40.171139740522335,0.0,40.171139740522335,40.171139740522335
MEAS_R000514,C029,20260811,2,38.926817043320064,-0.5018361280269991,38.42498091529306,0.0,38.42498091529306,38.42498091529306
MEAS_R000519,C030,20260811,2,38.926817043320064,1.257774499091631,40.184591542411695,0.0,40.184591542411695,40.184591542411695
MEAS_R000007,C021,20260811,3,38.92222222242296,-0.6485094511237525,38.27371277129921,-7.105427357601002e-15,38.2737127712992,38.2737127712992
MEAS_R000009,C021,20260811,3,38.92222222242296,-0.6746571436317081,38.247565078791254,-7.105427357601002e-15,38.24756507879125,38.24756507879125
MEAS_R000012,C003,20260811,3,38.92222222242296,-0.40196918888539473,38.520253033537564,0.0,38.520253033537564,38.52025303353757
MEAS_R000019,C003,20260811,3,38.92222222242296,-0.34775436283365346,38.574467859589305,0.0,38.574467859589305,38.574467859589305
MEAS_R000022,C002,20260811,3,38.92222222242296,0.14969319741450143,39.07191541983746,0.0,39.07191541983746,39.07191541983746
MEAS_R000030,C002,20260811,3,38.92222222242296,0.1272316526837017,39.049453875106664,-7.105427357601002e-15,39.04945387510666,39.04945387510666
MEAS_R000033,C002,20260811,3,38.92222222242296,0.362236039570505,39.284458261993464,-7.105427357601002e-15,39.28445826199346,39.28445826199346
MEAS_R000037,C029,20260811,3,38.92222222242296,-0.6071781550607294,38.31504406736223,-7.105427357601002e-15,38.31504406736222,38.31504406736222
MEAS_R000045,C029,20260811,3,38.92222222242296,-0.34653405053481656,38.575688171888146,-7.105427357601002e-15,38.57568817188814,38.57568817188814
MEAS_R000047,C001,20260811,3,38.92222222242296,-0.6036032836018543,38.3186189388211,0.0,38.3186189388211,38.3186189388211
MEAS_R000048,C001,20260811,3,38.92222222242296,-0.4529440962670528,38.469278126155906,-7.105427357601002e-15,38.4692781261559,38.4692781261559
MEAS_R000052,C001,20260811,3,38.92222222242296,-0.7772298410238272,38.144992381399135,-7.105427357601002e-15,38.14499238139913,38.14499238139913
MEAS_R000061,C027,20260811,3,38.92222222242296,0.03415403888226524,38.95637626130522,0.0,38.95637626130522,38.95637626130522
MEAS_R000072,C027,20260811,3,38.92222222242296,0.08418136600068138,39.00640358842364,0.0,39.00640358842364,39.00640358842364
MEAS_R000078,C026,20260811,3,38.92222222242296,-0.2026443425442177,38.71957787987874,0.0,38.71957787987874,38.71957787987874
MEAS_R000081,C016,20260811,3,38.92222222242296,-0.356487123690728,38.56573509873223,-7.105427357601002e-15,38.565735098732226,38.56573509873223
MEAS_R000088,C016,20260811,3,38.92222222242296,-0.26338737921628946,38.65883484320667,0.0,38.65883484320667,38.65883484320667
MEAS_R000091,C022,20260811,3,38.92222222242296,-0.37930163933492234,38.54292058308804,-7.105427357601002e-15,38.54292058308803,38.54292058308803
MEAS_R000092,C022,20260811,3,38.92222222242296,-0.36129343916228895,38.56092878326067,-7.105427357601002e-15,38.560928783260664,38.56092878326066
MEAS_R000099,C022,20260811,3,38.92222222242296,-0.41735694223624664,38.50486528018671,-7.105427357601002e-15,38.504865280186706,38.50486528018671
MEAS_R000108,C014,20260811,3,38.92222222242296,-0.7809186693726387,38.14130355305032,0.0,38.14130355305032,38.14130355305032
MEAS_R000112,C014,20260811,3,38.92222222242296,-0.4830163529107586,38.4392058695122,-7.105427357601002e-15,38.43920586951219,38.43920586951219
MEAS_R000113,C014,20260811,3,38.92222222242296,-0.46832712868665904,38.4538950937363,-7.105427357601002e-15,38.45389509373629,38.45389509373629
MEAS_R000117,C023,20260811,3,38.92222222242296,0.2932167063129105,39.21543892873587,-7.105427357601002e-15,39.215438928735864,39.21543892873586
MEAS_R000119,C023,20260811,3,38.92222222242296,0.09603398291625136,39.01825620533921,-7.105427357601002e-15,39.018256205339206,39.018256205339206
MEAS_R000121,C023,20260811,3,38.92222222242296,0.02271698085839359,38.94493920328135,0.0,38.94493920328135,38.94493920328135
MEAS_R000134,C011,20260811,3,38.92222222242296,-0.7902933379221655,38.131928884500795,0.0,38.131928884500795,38.1319288845008
MEAS_R000138,C011,20260811,3,38.92222222242296,-0.5715546755623793,38.35066754686058,0.0,38.35066754686058,38.35066754686058
MEAS_R000140,C004,20260811,3,38.92222222242296,-1.2224523853671214,37.69976983705584,0.0,37.69976983705584,37.69976983705584
MEAS_R000143,C004,20260811,3,38.92222222242296,-1.294782377844382,37.627439844578575,0.0,37.627439844578575,37.627439844578575
MEAS_R000155,C028,20260811,3,38.92222222242296,0.9884248068776466,39.910647029300605,0.0,39.910647029300605,39.910647029300605
MEAS_R000157,C028,20260811,3,38.92222222242296,1.1886666942626807,40.11088891668564,0.0,40.11088891668564,40.11088891668564
MEAS_R000158,C028,20260811,3,38.92222222242296,1.331830022673445,40.2540522450964,0.0,40.2540522450964,40.2540522450964
MEAS_R000164,C008,20260811,3,38.92222222242296,-0.6166121734213849,38.30561004900157,0.0,38.30561004900157,38.30561004900157
MEAS_R000169,C008,20260811,3,38.92222222242296,-0.7895913065351963,38.132630915887766,-7.105427357601002e-15,38.13263091588776,38.13263091588776
MEAS_R000170,C008,20260811,3,38.92222222242296,-0.7626883481038547,38.1595338743191,0.0,38.1595338743191,38.1595338743191
MEAS_R000176,C030,20260811,3,38.92222222242296,1.047791066431695,39.97001328885465,0.0,39.97001328885465,39.97001328885465
MEAS_R000184,C030,20260811,3,38.92222222242296,1.215882477468554,40.138104699891514,0.0,40.138104699891514,40.13810469989152
MEAS_R000193,C018,20260811,3,38.92222222242296,-0.10751548791720106,38.81470673450576,-7.105427357601002e-15,38.814706734505755,38.81470673450576
MEAS_R000199,C018,20260811,3,38.92222222242296,-0.11254129783736747,38.80968092458559,0.0,38.80968092458559,38.80968092458559
MEAS_R000208,C025,20260811,3,38.92222222242296,0.47561766157053,39.39783988399349,-7.105427357601002e-15,39.397839883993484,39.39783988399349
MEAS_R000215,C010,20260811,3,38.92222222242296,-0.20548797142967867,38.716734250993284,-7.105427357601002e-15,38.71673425099328,38.71673425099328
MEAS_R000217,C010,20260811,3,38.92222222242296,-0.24742512287179927,38.674797099551164,-7.105427357601002e-15,38.67479709955116,38.67479709955116
MEAS_R000219,C010,20260811,3,38.92222222242296,-0.21873992133125114,38.70348230109171,-7.105427357601002e-15,38.703482301091704,38.7034823010917
MEAS_R000224,C010,20260811,3,38.92222222242296,-0.1324131004338702,38.78980912198909,0.0,38.78980912198909,38.78980912198909
MEAS_R000230,C019,20260811,3,38.92222222242296,0.6052100886921983,39.527432311115156,0.0,39.527432311115156,39.52743231111516
MEAS_R000240,C005,20260811,3,38.92222222242296,-1.0201570581573538,37.90206516426561,-7.105427357601002e-15,37.9020651642656,37.9020651642656
MEAS_R000241,C005,20260811,3,38.92222222242296,-1.1640813016436777,37.75814092077928,0.0,37.75814092077928,37.75814092077928
MEAS_R000251,C005,20260811,3,38.92222222242296,-1.0989282876389195,37.82329393478404,-7.105427357601002e-15,37.82329393478403,37.82329393478403
MEAS_R000260,C017,20260811,3,38.92222222242296,0.5277205615818814,39.44994278400484,0.0,39.44994278400484,39.44994278400484
MEAS_R000261,C017,20260811,3,38.92222222242296,1.0094348912693418,39.9316571136923,-7.105427357601002e-15,39.931657113692296,39.931657113692296
MEAS_R000262,C017,20260811,3,38.92222222242296,0.5407267655636214,39.46294898798658,0.0,39.46294898798658,39.46294898798658
MEAS_R000268,C020,20260811,3,38.92222222242296,0.6539123613477041,39.57613458377067,-7.105427357601002e-15,39.57613458377066,39.57613458377066
MEAS_R000277,C020,20260811,3,38.92222222242296,0.6126589367103357,39.53488115913329,0.0,39.53488115913329,39.53488115913329
MEAS_R000279,C020,20260811,3,38.92222222242296,1.2407646781255388,40.162986900548496,0.0,40.162986900548496,40.162986900548496
MEAS_R000285,C009,20260811,3,38.92222222242296,0.587506785934974,39.50972900835794,-7.105427357601002e-15,39.50972900835793,39.50972900835793
MEAS_R000288,C009,20260811,3,38.92222222242296,0.8684207020073466,39.79064292443031,-7.105427357601002e-15,39.7906429244303,39.7906429244303
MEAS_R000294,C012,20260811,3,38.92222222242296,0.16124428518072736,39.08346650760369,-7.105427357601002e-15,39.08346650760368,39.08346650760368
MEAS_R000297,C012,20260811,3,38.92222222242296,0.6179729072317399,39.5401951296547,0.0,39.5401951296547,39.5401951296547
MEAS_R000299,C012,20260811,3,38.92222222242296,0.9758230154635251,39.898045237886485,-7.105427357601002e-15,39.89804523788648,39.89804523788648
MEAS_R000311,C006,20260811,3,38.92222222242296,0.1313708904470703,39.05359311287003,-7.105427357601002e-15,39.053593112870026,39.053593112870026
MEAS_R000313,C006,20260811,3,38.92222222242296,0.7344963818126287,39.656718604235586,0.0,39.656718604235586,39.65671860423559
MEAS_R000318,C006,20260811,3,38.92222222242296,0.7306041290285852,39.652826351451544,0.0,39.652826351451544,39.65282635145154
MEAS_R000329,C015,20260811,3,38.92222222242296,0.7423415644653604,39.66456378688832,-7.105427357601002e-15,39.664563786888316,39.66456378688832
MEAS_R000331,C015,20260811,3,38.92222222242296,0.7414198519496746,39.66364207437263,0.0,39.66364207437263,39.66364207437263
MEAS_R000335,C015,20260811,3,38.92222222242296,-0.30791538110513145,38.61430684131783,0.0,38.61430684131783,38.61430684131783
MEAS_R000336,C015,20260811,3,38.92222222242296,0.11249272697837856,39.03471494940134,-7.105427357601002e-15,39.034714949401334,39.03471494940133
MEAS_R000339,C007,20260811,3,38.92222222242296,0.4389701469508267,39.36119236937379,-7.105427357601002e-15,39.36119236937378,39.36119236937378
MEAS_R000341,C007,20260811,3,38.92222222242296,0.4222133861000357,39.34443560852299,0.0,39.34443560852299,39.34443560852299
MEAS_R000345,C007,20260811,3,38.92222222242296,0.4144674921758915,39.336689714598855,-7.105427357601002e-15,39.33668971459885,39.33668971459885
MEAS_R000347,C007,20260811,3,38.92222222242296,0.6672346195573768,39.589456841980336,-7.105427357601002e-15,39.58945684198033,39.58945684198033
MEAS_R000357,C013,20260811,3,38.92222222242296,0.13363572696983061,39.05585794939279,0.0,39.05585794939279,39.05585794939279
MEAS_R000362,C013,20260811,3,38.92222222242296,0.16514606561822526,39.08736828804118,0.0,39.08736828804118,39.08736828804118
MEAS_R000369,C024,20260811,3,38.92222222242296,-0.5633666918079706,38.35885553061499,0.0,38.35885553061499,38.35885553061499
MEAS_R000375,C024,20260811,3,38.92222222242296,-0.26341757413183353,38.658804648291124,0.0,38.658804648291124,38.65880464829112
MEAS_R000378,C024,20260811,3,38.92222222242296,-0.2704730979504421,38.651749124472516,0.0,38.651749124472516,38.65174912447252
MEAS_R000401,C004,20260811,3,38.92222222242296,-1.2366074619046787,37.685614760518284,-7.105427357601002e-15,37.68561476051828,37.68561476051828
MEAS_R000402,C005,20260811,3,38.92222222242296,-1.1176043884921005,37.80461783393086,-7.105427357601002e-15,37.804617833930855,37.804617833930855
MEAS_R000419,C009,20260811,3,38.92222222242296,0.5991356093220239,39.521357831744986,-7.105427357601002e-15,39.52135783174498,39.52135783174498
MEAS_R000422,C009,20260811,3,38.92222222242296,0.8462301346882859,39.768452357111244,0.0,39.768452357111244,39.76845235711125
MEAS_R000429,C011,20260811,3,38.92222222242296,-0.5223487563086977,38.399873466114265,-7.105427357601002e-15,38.39987346611426,38.39987346611426
MEAS_R000434,C011,20260811,3,38.92222222242296,-0.7738076052357553,38.14841461718721,-7.105427357601002e-15,38.1484146171872,38.1484146171872
MEAS_R000440,C013,20260811,3,38.92222222242296,0.1805633113569003,39.10278553377986,0.0,39.10278553377986,39.10278553377986
MEAS_R000445,C013,20260811,3,38.92222222242296,0.14984836800048032,39.07207059042344,-7.105427357601002e-15,39.072070590423436,39.07207059042344
MEAS_R000453,C016,20260811,3,38.92222222242296,-0.19280241303337214,38.72941980938959,-7.105427357601002e-15,38.72941980938958,38.72941980938958
MEAS_R000455,C016,20260811,3,38.92222222242296,-0.1962925016620692,38.72592972076089,0.0,38.72592972076089,38.72592972076089
MEAS_R000460,C018,20260811,3,38.92222222242296,-0.12134937004364049,38.80087285237932,-7.105427357601002e-15,38.800872852379314,38.800872852379314
MEAS_R000465,C019,20260811,3,38.92222222242296,0.4994044646642173,39.421626687087176,0.0,39.421626687087176,39.421626687087176
MEAS_R000467,C019,20260811,3,38.92222222242296,0.6945328998055984,39.61675512222856,-7.105427357601002e-15,39.616755122228554,39.61675512222856
MEAS_R000471,C021,20260811,3,38.92222222242296,-0.49460889256887197,38.42761332985409,-7.105427357601002e-15,38.42761332985408,38.42761332985408
MEAS_R000473,C021,20260811,3,38.92222222242296,-0.49229996342084315,38.42992225900212,-7.105427357601002e-15,38.42992225900211,38.42992225900211
MEAS_R000486,C025,20260811,3,38.92222222242296,0.46451793928353124,39.38674016170649,-7.105427357601002e-15,39.386740161706484,39.38674016170648
MEAS_R000488,C025,20260811,3,38.92222222242296,0.44545728811278895,39.36767951053575,-7.105427357601002e-15,39.367679510535744,39.367679510535744
MEAS_R000500,C026,20260811,3,38.92222222242296,-0.26443135667791395,38.65779086574504,0.0,38.65779086574504,38.65779086574504
MEAS_R000504,C027,20260811,3,38.92222222242296,0.08945523948645216,39.011677461909414,-7.105427357601002e-15,39.01167746190941,39.01167746190941
MEAS_R000505,C027,20260811,3,38.92222222242296,0.12244068606159719,39.044662908484554,0.0,39.044662908484554,39.04466290848456
MEAS_R000520,C030,20260811,3,38.92222222242296,1.3473648707242463,40.26958709314721,0.0,40.26958709314721,40.26958709314721
MEAS_R000001,C021,20260811,4,38.91896955437967,-0.6507122726746324,38.26825728170504,0.0,38.26825728170504,38.26825728170504
MEAS_R000006,C021,20260811,4,38.91896955437967,-0.5611803089167551,38.35778924546292,0.0,38.35778924546292,38.35778924546292
MEAS_R000011,C003,20260811,4,38.91896955437967,-0.3413432941285485,38.57762626025112,0.0,38.57762626025112,38.57762626025112
MEAS_R000020,C003,20260811,4,38.91896955437967,-0.17437235940432944,38.74459719497534,0.0,38.74459719497534,38.74459719497534
MEAS_R000025,C002,20260811,4,38.91896955437967,0.14033926883168213,39.05930882321135,0.0,39.05930882321135,39.05930882321135
MEAS_R000026,C002,20260811,4,38.91896955437967,0.08183510889607941,39.00080466327575,-7.105427357601002e-15,39.000804663275744,39.000804663275744
MEAS_R000035,C029,20260811,4,38.91896955437967,-0.5191694024446665,38.399800151935004,0.0,38.399800151935004,38.39980015193501
MEAS_R000041,C029,20260811,4,38.91896955437967,-0.648248588135043,38.27072096624463,-7.105427357601002e-15,38.270720966244625,38.27072096624463
MEAS_R000050,C001,20260811,4,38.91896955437967,-0.7555896110098048,38.16337994336987,-7.105427357601002e-15,38.16337994336986,38.16337994336986
MEAS_R000059,C001,20260811,4,38.91896955437967,-0.5519854159462456,38.36698413843342,0.0,38.36698413843342,38.36698413843342
MEAS_R000060,C001,20260811,4,38.91896955437967,-0.5590917055058623,38.35987784887381,0.0,38.35987784887381,38.35987784887381
MEAS_R000065,C027,20260811,4,38.91896955437967,-0.21918855793330297,38.69978099644637,-7.105427357601002e-15,38.699780996446364,38.69978099644637
MEAS_R000071,C027,20260811,4,38.91896955437967,0.13262565295905032,39.05159520733872,0.0,39.05159520733872,39.05159520733872
MEAS_R000076,C026,20260811,4,38.91896955437967,-0.1594212313783715,38.7595483230013,0.0,38.7595483230013,38.7595483230013
MEAS_R000084,C016,20260811,4,38.91896955437967,-0.4358887687778249,38.48308078560185,-7.105427357601002e-15,38.48308078560184,38.48308078560184
MEAS_R000086,C016,20260811,4,38.91896955437967,-0.21094010077745703,38.708029453602215,-7.105427357601002e-15,38.70802945360221,38.70802945360221
MEAS_R000096,C022,20260811,4,38.91896955437967,-0.5463285494542869,38.372641004925384,0.0,38.372641004925384,38.37264100492538
MEAS_R000101,C022,20260811,4,38.91896955437967,-0.4647256417883444,38.45424391259133,-7.105427357601002e-15,38.45424391259132,38.45424391259132
MEAS_R000102,C022,20260811,4,38.91896955437967,-0.4956220640324882,38.42334749034718,0.0,38.42334749034718,38.42334749034718
MEAS_R000105,C014,20260811,4,38.91896955437967,-0.4664816374900642,38.45248791688961,0.0,38.45248791688961,38.45248791688961
MEAS_R000110,C014,20260811,4,38.91896955437967,-0.7502383581921988,38.16873119618747,0.0,38.16873119618747,38.16873119618747
MEAS_R000116,C023,20260811,4,38.91896955437967,0.04948198882815087,38.96845154320782,0.0,38.96845154320782,38.96845154320782
MEAS_R000120,C023,20260811,4,38.91896955437967,0.02027721260215121,38.939246766981825,0.0,38.939246766981825,38.93924676698183
MEAS_R000129,C023,20260811,4,38.91896955437967,0.24626508680411496,39.16523464118379,0.0,39.16523464118379,39.16523464118379
MEAS_R000130,C011,20260811,4,38.91896955437967,-0.6844691653999126,38.23450038897976,0.0,38.23450038897976,38.23450038897976
MEAS_R000136,C011,20260811,4,38.91896955437967,-0.6918269295975743,38.2271426247821,0.0,38.2271426247821,38.2271426247821
MEAS_R000147,C004,20260811,4,38.91896955437967,-1.3643039779097625,37.55466557646991,0.0,37.55466557646991,37.55466557646991
MEAS_R000154,C028,20260811,4,38.91896955437967,1.2773654618799504,40.196335016259624,-7.105427357601002e-15,40.19633501625962,40.19633501625962
MEAS_R000160,C028,20260811,4,38.91896955437967,1.2109144322070846,40.129883986586755,0.0,40.129883986586755,40.12988398658676
MEAS_R000161,C028,20260811,4,38.91896955437967,1.3373230000762963,40.25629255445597,0.0,40.25629255445597,40.25629255445597
MEAS_R000171,C008,20260811,4,38.91896955437967,-0.720395492278781,38.19857406210089,0.0,38.19857406210089,38.19857406210089
MEAS_R000173,C008,20260811,4,38.91896955437967,-0.6432401516129804,38.27572940276669,-7.105427357601002e-15,38.275729402766686,38.275729402766686
MEAS_R000174,C008,20260811,4,38.91896955437967,-0.6087559294209797,38.31021362495869,0.0,38.31021362495869,38.31021362495869
MEAS_R000177,C030,20260811,4,38.91896955437967,1.1558468964834772,40.074816450863146,0.0,40.074816450863146,40.074816450863146
MEAS_R000179,C030,20260811,4,38.91896955437967,1.3121816984062717,40.23115125278594,0.0,40.23115125278594,40.23115125278594
MEAS_R000182,C030,20260811,4,38.91896955437967,1.1657022944146458,40.084671848794315,0.0,40.084671848794315,40.08467184879432
MEAS_R000191,C018,20260811,4,38.91896955437967,-0.0746599363553601,38.84430961802431,0.0,38.84430961802431,38.84430961802431
MEAS_R000192,C018,20260811,4,38.91896955437967,-0.056104182759256854,38.862865371620416,-7.105427357601002e-15,38.86286537162041,38.86286537162041
MEAS_R000195,C018,20260811,4,38.91896955437967,-0.1520594323751641,38.76691012200451,-7.105427357601002e-15,38.766910122004504,38.7669101220045
MEAS_R000203,C025,20260811,4,38.91896955437967,0.42125199308199934,39.340221547461674,-7.105427357601002e-15,39.34022154746167,39.34022154746167
MEAS_R000204,C025,20260811,4,38.91896955437967,0.3969591767997832,39.315928731179454,0.0,39.315928731179454,39.315928731179454
MEAS_R000209,C025,20260811,4,38.91896955437967,0.4938462119944671,39.41281576637414,0.0,39.41281576637414,39.41281576637414
MEAS_R000213,C010,20260811,4,38.91896955437967,-0.24041855813054136,38.67855099624913,0.0,38.67855099624913,38.67855099624913
MEAS_R000223,C010,20260811,4,38.91896955437967,-0.21332266394571586,38.705646890433954,0.0,38.705646890433954,38.705646890433954
MEAS_R000226,C019,20260811,4,38.91896955437967,0.5393941228132921,39.45836367719296,0.0,39.45836367719296,39.45836367719296
MEAS_R000228,C019,20260811,4,38.91896955437967,0.5606605652226732,39.47963011960235,-7.105427357601002e-15,39.47963011960234,39.47963011960234
MEAS_R000237,C019,20260811,4,38.91896955437967,0.560534094591242,39.47950364897091,0.0,39.47950364897091,39.47950364897091
MEAS_R000245,C005,20260811,4,38.91896955437967,-0.8948960219669269,38.02407353241274,0.0,38.02407353241274,38.02407353241274
MEAS_R000246,C005,20260811,4,38.91896955437967,-1.0784994149430427,37.840470139436626,0.0,37.840470139436626,37.84047013943663
MEAS_R000250,C005,20260811,4,38.91896955437967,-1.0985155757213323,37.82045397865834,-7.105427357601002e-15,37.820453978658335,37.820453978658335
MEAS_R000255,C017,20260811,4,38.91896955437967,0.10202183943201357,39.020991393811684,0.0,39.020991393811684,39.02099139381168
MEAS_R000264,C017,20260811,4,38.91896955437967,0.9963440813158493,39.91531363569552,0.0,39.91531363569552,39.91531363569552
MEAS_R000265,C017,20260811,4,38.91896955437967,0.40618635610230314,39.325155910481975,-7.105427357601002e-15,39.32515591048197,39.32515591048197
MEAS_R000269,C020,20260811,4,38.91896955437967,0.4218436315058104,39.34081318588548,0.0,39.34081318588548,39.34081318588548
MEAS_R000271,C020,20260811,4,38.91896955437967,0.41507174302203476,39.334041297401704,0.0,39.334041297401704,39.3340412974017
MEAS_R000283,C020,20260811,4,38.91896955437967,1.3168577022154166,40.23582725659509,0.0,40.23582725659509,40.23582725659509
MEAS_R000289,C009,20260811,4,38.91896955437967,1.5309172250423244,40.449886779421995,0.0,40.449886779421995,40.449886779422
MEAS_R000292,C009,20260811,4,38.91896955437967,1.580885362823504,40.49985491720317,0.0,40.49985491720317,40.49985491720317
MEAS_R000295,C012,20260811,4,38.91896955437967,0.18418452492438908,39.10315407930406,0.0,39.10315407930406,39.10315407930406
MEAS_R000305,C012,20260811,4,38.91896955437967,1.4611707799889175,40.38014033436859,-7.105427357601002e-15,40.38014033436858,40.38014033436858
MEAS_R000309,C006,20260811,4,38.91896955437967,0.17590603601111532,39.094875590390785,0.0,39.094875590390785,39.09487559039079
MEAS_R000310,C006,20260811,4,38.91896955437967,-0.06940725129124667,38.849562303088426,-7.105427357601002e-15,38.84956230308842,38.84956230308842
MEAS_R000312,C006,20260811,4,38.91896955437967,-0.23521994292491466,38.68374961145476,0.0,38.68374961145476,38.68374961145476
MEAS_R000325,C015,20260811,4,38.91896955437967,0.016575630802127497,38.9355451851818,-7.105427357601002e-15,38.935545185181795,38.9355451851818
MEAS_R000328,C015,20260811,4,38.91896955437967,0.02075630549080261,38.93972585987047,0.0,38.93972585987047,38.93972585987047
MEAS_R000332,C015,20260811,4,38.91896955437967,0.405325101368305,39.32429465574798,0.0,39.32429465574798,39.32429465574798
MEAS_R000340,C007,20260811,4,38.91896955437967,0.9471230944444716,39.86609264882414,0.0,39.86609264882414,39.86609264882414
MEAS_R000346,C007,20260811,4,38.91896955437967,0.9650916553671259,39.8840612097468,0.0,39.8840612097468,39.8840612097468
MEAS_R000349,C007,20260811,4,38.91896955437967,0.6220070431080126,39.540976597487685,0.0,39.540976597487685,39.540976597487685
MEAS_R000355,C007,20260811,4,38.91896955437967,0.822160060297954,39.741129614677625,0.0,39.741129614677625,39.741129614677625
MEAS_R000361,C013,20260811,4,38.91896955437967,0.12050706872278563,39.03947662310246,-7.105427357601002e-15,39.03947662310245,39.03947662310245
MEAS_R000363,C013,20260811,4,38.91896955437967,-0.1713198629145039,38.74764969146517,0.0,38.74764969146517,38.74764969146517
MEAS_R000367,C024,20260811,4,38.91896955437967,-0.49758998268004384,38.421379571699624,7.105427357601002e-15,38.42137957169963,38.42137957169963
MEAS_R000368,C024,20260811,4,38.91896955437967,-0.5077377953357155,38.41123175904396,0.0,38.41123175904396,38.41123175904396
MEAS_R000371,C024,20260811,4,38.91896955437967,-0.4444938889098695,38.474475665469804,-7.105427357601002e-15,38.4744756654698,38.4744756654698
MEAS_R000388,C002,20260811,4,38.91896955437967,0.13798791300795868,39.05695746738763,0.0,39.05695746738763,39.05695746738763
MEAS_R000397,C004,20260811,4,38.91896955437967,-1.1273019600087424,37.79166759437093,0.0,37.79166759437093,37.79166759437093
MEAS_R000399,C004,20260811,4,38.91896955437967,-1.1154647709781194,37.80350478340155,0.0,37.80350478340155,37.80350478340155
MEAS_R000417,C009,20260811,4,38.91896955437967,1.5437288916132177,40.46269844599289,-7.105427357601002e-15,40.462698445992885,40.462698445992885
MEAS_R000426,C010,20260811,4,38.91896955437967,-0.2049341923789046,38.714035362000764,0.0,38.714035362000764,38.714035362000764
MEAS_R000427,C011,20260811,4,38.91896955437967,-0.5830200148176331,38.33594953956204,0.0,38.33594953956204,38.33594953956204
MEAS_R000430,C011,20260811,4,38.91896955437967,-0.7964456368533296,38.122523917526344,-7.105427357601002e-15,38.12252391752634,38.12252391752634
MEAS_R000437,C012,20260811,4,38.91896955437967,1.4188806753101795,40.33785022968985,0.0,40.33785022968985,40.33785022968985
MEAS_R000439,C013,20260811,4,38.91896955437967,0.11707172589252565,39.036041280272194,0.0,39.036041280272194,39.036041280272194
MEAS_R000441,C013,20260811,4,38.91896955437967,-0.17015940262508608,38.74881015175458,0.0,38.74881015175458,38.74881015175458
MEAS_R000447,C014,20260811,4,38.91896955437967,-0.5884962576958143,38.330473296683856,0.0,38.330473296683856,38.330473296683856
MEAS_R000451,C016,20260811,4,38.91896955437967,-0.2000797972165925,38.718889757163076,0.0,38.718889757163076,38.71888975716308
MEAS_R000458,C017,20260811,4,38.91896955437967,0.10164308876549631,39.02061264314517,-7.105427357601002e-15,39.020612643145164,39.02061264314517
MEAS_R000474,C021,20260811,4,38.91896955437967,-0.7507767477604138,38.16819280661926,-7.105427357601002e-15,38.16819280661925,38.16819280661925
MEAS_R000479,C022,20260811,4,38.91896955437967,-0.4918598645558151,38.42710968982386,-7.105427357601002e-15,38.42710968982385,38.42710968982385
MEAS_R000480,C022,20260811,4,38.91896955437967,-0.5004825166949012,38.41848703768477,0.0,38.41848703768477,38.41848703768477
MEAS_R000498,C026,20260811,4,38.91896955437967,-0.2115286039741456,38.70744095040553,0.0,38.70744095040553,38.70744095040553
MEAS_R000516,C029,20260811,4,38.91896955437967,-0.6360098153711764,38.2829597390085,-7.105427357601002e-15,38.28295973900849,38.28295973900849
MEAS_R000002,C021,20260811,5,38.900228311757246,-0.72389597085674,38.17633234090051,-7.105427357601002e-15,38.1763323409005,38.1763323409005
MEAS_R000013,C003,20260811,5,38.900228311757246,-0.3950971349126762,38.50513117684457,0.0,38.50513117684457,38.50513117684457
MEAS_R000015,C003,20260811,5,38.900228311757246,-0.40618932859594453,38.4940389831613,0.0,38.4940389831613,38.4940389831613
MEAS_R000023,C002,20260811,5,38.900228311757246,0.11206244096534568,39.01229075272259,0.0,39.01229075272259,39.01229075272259
MEAS_R000024,C002,20260811,5,38.900228311757246,0.05650170861684853,38.956730020374096,0.0,38.956730020374096,38.956730020374096
MEAS_R000040,C029,20260811,5,38.900228311757246,-0.6683541555321254,38.23187415622512,0.0,38.23187415622512,38.23187415622512
MEAS_R000042,C029,20260811,5,38.900228311757246,-0.6525587372914328,38.24766957446581,0.0,38.24766957446581,38.24766957446581
MEAS_R000049,C001,20260811,5,38.900228311757246,-0.583613485673703,38.316614826083544,0.0,38.316614826083544,38.31661482608354
MEAS_R000053,C001,20260811,5,38.900228311757246,-0.7853695304871362,38.11485878127011,0.0,38.11485878127011,38.11485878127011
MEAS_R000067,C027,20260811,5,38.900228311757246,-0.17145607753677206,38.72877223422047,0.0,38.72877223422047,38.72877223422047
MEAS_R000069,C027,20260811,5,38.900228311757246,-0.16248769381295414,38.73774061794429,0.0,38.73774061794429,38.73774061794429
MEAS_R000077,C026,20260811,5,38.900228311757246,-0.13668787827602263,38.763540433481225,0.0,38.763540433481225,38.763540433481225
MEAS_R000087,C016,20260811,5,38.900228311757246,-0.01354303929181544,38.88668527246543,0.0,38.88668527246543,38.88668527246543
MEAS_R000090,C022,20260811,5,38.900228311757246,-0.629465155321565,38.270763156435684,-7.105427357601002e-15,38.27076315643568,38.27076315643568
MEAS_R000097,C022,20260811,5,38.900228311757246,-0.5502323663014712,38.349995945455774,0.0,38.349995945455774,38.349995945455774
MEAS_R000109,C014,20260811,5,38.900228311757246,-0.811251716398589,38.08897659535866,0.0,38.08897659535866,38.08897659535866
MEAS_R000111,C014,20260811,5,38.900228311757246,-0.7854529659031484,38.1147753458541,0.0,38.1147753458541,38.1147753458541
MEAS_R000124,C023,20260811,5,38.900228311757246,-0.015118137327492134,38.885110174429755,0.0,38.885110174429755,38.88511017442976
MEAS_R000125,C023,20260811,5,38.900228311757246,-0.03574085556783221,38.864487456189416,0.0,38.864487456189416,38.864487456189416
MEAS_R000135,C011,20260811,5,38.900228311757246,-0.5656230819925643,38.33460522976468,-7.105427357601002e-15,38.334605229764676,38.33460522976468
MEAS_R000146,C004,20260811,5,38.900228311757246,-1.3273515959391464,37.5728767158181,0.0,37.5728767158181,37.5728767158181
MEAS_R000149,C004,20260811,5,38.900228311757246,-1.1811743048842462,37.719054006873,0.0,37.719054006873,37.719054006873
MEAS_R000150,C004,20260811,5,38.900228311757246,-1.1955619016833987,37.70466641007385,0.0,37.70466641007385,37.70466641007385
MEAS_R000152,C028,20260811,5,38.900228311757246,1.2827702573059838,40.18299856906323,0.0,40.18299856906323,40.18299856906323
MEAS_R000159,C028,20260811,5,38.900228311757246,1.1697899620552485,40.070018273812494,0.0,40.070018273812494,40.070018273812494
MEAS_R000163,C028,20260811,5,38.900228311757246,1.4065369031278119,40.30676521488506,-7.105427357601002e-15,40.306765214885054,40.306765214885054
MEAS_R000166,C008,20260811,5,38.900228311757246,-0.8000452625725,38.10018304918474,0.0,38.10018304918474,38.10018304918474
MEAS_R000181,C030,20260811,5,38.900228311757246,1.3115062795150285,40.211734591272275,0.0,40.211734591272275,40.21173459127228
MEAS_R000183,C030,20260811,5,38.900228311757246,1.2095703088060548,40.1097986205633,-7.105427357601002e-15,40.109798620563296,40.109798620563296
MEAS_R000188,C030,20260811,5,38.900228311757246,1.1303241491974705,40.030552460954716,0.0,40.030552460954716,40.03055246095472
MEAS_R000194,C018,20260811,5,38.900228311757246,-0.16745638589493902,38.73277192586231,0.0,38.73277192586231,38.73277192586231
MEAS_R000196,C018,20260811,5,38.900228311757246,-0.13737260792350592,38.76285570383374,-7.105427357601002e-15,38.762855703833736,38.762855703833736
MEAS_R000205,C025,20260811,5,38.900228311757246,0.43742051755598543,39.33764882931323,0.0,39.33764882931323,39.33764882931323
MEAS_R000216,C010,20260811,5,38.900228311757246,-0.3381198882580266,38.56210842349922,0.0,38.56210842349922,38.56210842349922
MEAS_R000222,C010,20260811,5,38.900228311757246,-0.315981018040693,38.58424729371655,0.0,38.58424729371655,38.58424729371655
MEAS_R000227,C019,20260811,5,38.900228311757246,0.4667374211974221,39.36696573295467,0.0,39.36696573295467,39.36696573295467
MEAS_R000232,C019,20260811,5,38.900228311757246,0.5802272908719086,39.480455602629156,-7.105427357601002e-15,39.48045560262915,39.48045560262915
MEAS_R000233,C019,20260811,5,38.900228311757246,0.6281431459041056,39.52837145766135,0.0,39.52837145766135,39.52837145766135
MEAS_R000238,C005,20260811,5,38.900228311757246,-1.117001640432149,37.783226671325096,0.0,37.783226671325096,37.783226671325096
MEAS_R000248,C005,20260811,5,38.900228311757246,-1.1091103211653301,37.791117990591914,0.0,37.791117990591914,37.79111799059192
MEAS_R000252,C017,20260811,5,38.900228311757246,1.0034433726414502,39.903671684398695,0.0,39.903671684398695,39.903671684398695
MEAS_R000257,C017,20260811,5,38.900228311757246,0.5249836336206273,39.425211945377875,0.0,39.425211945377875,39.42521194537788
MEAS_R000266,C017,20260811,5,38.900228311757246,0.9952687529733178,39.89549706473056,0.0,39.89549706473056,39.89549706473056
MEAS_R000270,C020,20260811,5,38.900228311757246,0.18091003310125814,39.0811383448585,0.0,39.0811383448585,39.0811383448585
MEAS_R000273,C020,20260811,5,38.900228311757246,0.22051963626538268,39.120747948022625,0.0,39.120747948022625,39.12074794802263
MEAS_R000280,C020,20260811,5,38.900228311757246,0.6685507876828449,39.56877909944009,0.0,39.56877909944009,39.56877909944009
MEAS_R000291,C009,20260811,5,38.900228311757246,1.5484867316118152,40.44871504336906,0.0,40.44871504336906,40.44871504336906
MEAS_R000293,C012,20260811,5,38.900228311757246,1.4753743426673283,40.375602654424576,-7.105427357601002e-15,40.37560265442457,40.37560265442457
MEAS_R000298,C012,20260811,5,38.900228311757246,0.5701950523670809,39.47042336412433,0.0,39.47042336412433,39.47042336412433
MEAS_R000315,C006,20260811,5,38.900228311757246,-0.3706920078600245,38.529536303897224,-7.105427357601002e-15,38.52953630389722,38.52953630389722
MEAS_R000317,C006,20260811,5,38.900228311757246,0.062486399037797596,38.96271471079504,0.0,38.96271471079504,38.96271471079504
MEAS_R000320,C015,20260811,5,38.900228311757246,0.01608041028165104,38.9163087220389,-7.105427357601002e-15,38.91630872203889,38.91630872203889
MEAS_R000323,C015,20260811,5,38.900228311757246,-0.7148992130892928,38.18532909866795,0.0,38.18532909866795,38.18532909866795
MEAS_R000334,C015,20260811,5,38.900228311757246,-0.4136831421855771,38.48654516957167,0.0,38.48654516957167,38.48654516957167
MEAS_R000342,C007,20260811,5,38.900228311757246,0.8510002607346605,39.751228572491904,7.105427357601002e-15,39.75122857249191,39.75122857249191
MEAS_R000353,C007,20260811,5,38.900228311757246,0.6891169219345605,39.58934523369181,0.0,39.58934523369181,39.58934523369181
MEAS_R000356,C007,20260811,5,38.900228311757246,0.278329746144665,39.17855805790191,0.0,39.17855805790191,39.17855805790191
MEAS_R000359,C013,20260811,5,38.900228311757246,-0.20973403009870367,38.690494281658545,-7.105427357601002e-15,38.69049428165854,38.69049428165854
MEAS_R000366,C013,20260811,5,38.900228311757246,0.2275618746225509,39.1277901863798,0.0,39.1277901863798,39.1277901863798
MEAS_R000373,C024,20260811,5,38.900228311757246,-0.7629435785037584,38.13728473325349,0.0,38.13728473325349,38.13728473325349
MEAS_R000377,C024,20260811,5,38.900228311757246,1.649868324362355,40.5500966361196,7.105427357601002e-15,40.550096636119605,40.550096636119605
MEAS_R000381,C024,20260811,5,38.900228311757246,-0.5135568232850233,38.386671488472224,-7.105427357601002e-15,38.38667148847222,38.38667148847222
MEAS_R000384,C001,20260811,5,38.900228311757246,-0.7764092460455347,38.123819065711714,0.0,38.123819065711714,38.123819065711714
MEAS_R000392,C003,20260811,5,38.900228311757246,-0.3938972712149657,38.50633104054228,0.0,38.50633104054228,38.50633104054228
MEAS_R000394,C003,20260811,5,38.900228311757246,-0.4017094981497999,38.49851881360745,0.0,38.49851881360745,38.49851881360745
MEAS_R000403,C005,20260811,5,38.900228311757246,-1.1564731554511565,37.74375515630609,0.0,37.74375515630609,37.74375515630609
MEAS_R000410,C008,20260811,5,38.900228311757246,-0.7312893099236784,38.168939001833564,0.0,38.168939001833564,38.16893900183357
MEAS_R000412,C008,20260811,5,38.900228311757246,-0.7789799892480835,38.12124832250916,0.0,38.12124832250916,38.12124832250916
MEAS_R000416,C009,20260811,5,38.900228311757246,1.5572164551171035,40.457444766874346,0.0,40.457444766874346,40.457444766874346
MEAS_R000424,C010,20260811,5,38.900228311757246,-0.29807333098668104,38.602154980770564,0.0,38.602154980770564,38.60215498077056
MEAS_R000438,C012,20260811,5,38.900228311757246,1.4958293837748529,40.3960576955321,0.0,40.3960576955321,40.3960576955321
MEAS_R000444,C013,20260811,5,38.900228311757246,0.22163006728787177,39.121858379045115,0.0,39.121858379045115,39.12185837904512
MEAS_R000452,C016,20260811,5,38.900228311757246,-0.1891309415950571,38.711097370162186,7.105427357601002e-15,38.71109737016219,38.71109737016219
MEAS_R000464,C018,20260811,5,38.900228311757246,-0.16640974130085814,38.733818570456386,0.0,38.733818570456386,38.73381857045639
MEAS_R000475,C021,20260811,5,38.900228311757246,-0.70798287558186,38.192245436175384,0.0,38.192245436175384,38.19224543617538
MEAS_R000482,C023,20260811,5,38.900228311757246,-0.010618962180508083,38.88960934957674,0.0,38.88960934957674,38.88960934957674
MEAS_R000483,C023,20260811,5,38.900228311757246,-0.034094567393470956,38.86613374436377,0.0,38.86613374436377,38.86613374436377
MEAS_R000491,C025,20260811,5,38.900228311757246,0.5335499964295926,39.43377830818684,0.0,39.43377830818684,39.43377830818684
MEAS_R000493,C025,20260811,5,38.900228311757246,0.508508859067671,39.408737170824914,0.0,39.408737170824914,39.408737170824914
MEAS_R000499,C026,20260811,5,38.900228311757246,-0.22495006651553026,38.675278245241714,0.0,38.675278245241714,38.675278245241714
MEAS_R000515,C029,20260811,5,38.900228311757246,-0.6574811123990787,38.24274719935817,-7.105427357601002e-15,38.24274719935816,38.24274719935816
MEAS_R000517,C029,20260811,5,38.900228311757246,-0.6558797952401152,38.24434851651713,0.0,38.24434851651713,38.24434851651713
MEAS_R000005,C021,20260903,1,38.92155388873298,-0.6810130856308827,38.2405408031021,0.0,38.2405408031021,38.2405408031021
MEAS_R000006,C021,20260903,1,38.92155388873298,-0.5504315546560891,38.371122334076894,0.0,38.371122334076894,38.371122334076894
MEAS_R000010,C003,20260903,1,38.92155388873298,-0.363774581475752,38.55777930725723,7.105427357601002e-15,38.557779307257235,38.55777930725724
MEAS_R000011,C003,20260903,1,38.92155388873298,-0.36015958351087873,38.5613943052221,0.0,38.5613943052221,38.5613943052221
MEAS_R000019,C003,20260903,1,38.92155388873298,-0.3541029231796051,38.56745096555338,0.0,38.56745096555338,38.56745096555338
MEAS_R000027,C002,20260903,1,38.92155388873298,0.03619837943199943,38.95775226816498,0.0,38.95775226816498,38.95775226816498
MEAS_R000029,C002,20260903,1,38.92155388873298,0.023738627012202335,38.94529251574518,7.105427357601002e-15,38.94529251574519,38.94529251574519
MEAS_R000030,C002,20260903,1,38.92155388873298,0.030086145742554887,38.95164003447554,-7.105427357601002e-15,38.95164003447553,38.95164003447553
MEAS_R000036,C029,20260903,1,38.92155388873298,-0.5759342533464663,38.34561963538651,0.0,38.34561963538651,38.34561963538651
MEAS_R000043,C029,20260903,1,38.92155388873298,-0.5169753102789552,38.40457857845402,7.105427357601002e-15,38.40457857845403,38.40457857845403
MEAS_R000046,C029,20260903,1,38.92155388873298,-0.542526385678024,38.37902750305496,0.0,38.37902750305496,38.37902750305496
MEAS_R000051,C001,20260903,1,38.92155388873298,-0.7578001832163819,38.1637537055166,0.0,38.1637537055166,38.1637537055166
MEAS_R000055,C001,20260903,1,38.92155388873298,-0.7341447289696019,38.18740915976338,0.0,38.18740915976338,38.18740915976338
MEAS_R000057,C001,20260903,1,38.92155388873298,-0.5371442959646311,38.38440959276835,0.0,38.38440959276835,38.38440959276835
MEAS_R000063,C027,20260903,1,38.92155388873298,1.1997369900948731,40.12129087882785,0.0,40.12129087882785,40.12129087882785
MEAS_R000064,C027,20260903,1,38.92155388873298,-0.37481899097098464,38.54673489776199,7.105427357601002e-15,38.546734897762,38.546734897762
MEAS_R000067,C027,20260903,1,38.92155388873298,-0.2806701531502055,38.640883735582776,0.0,38.640883735582776,38.640883735582776
MEAS_R000074,C026,20260903,1,38.92155388873298,-0.27622233963219744,38.64533154910078,0.0,38.64533154910078,38.64533154910078
MEAS_R000079,C026,20260903,1,38.92155388873298,-0.20284624952984534,38.71870763920313,0.0,38.71870763920313,38.71870763920313
MEAS_R000081,C016,20260903,1,38.92155388873298,-0.15544177132653073,38.76611211740645,0.0,38.76611211740645,38.76611211740645
MEAS_R000088,C016,20260903,1,38.92155388873298,-0.26205826898903606,38.65949561974394,7.105427357601002e-15,38.65949561974395,38.65949561974395
MEAS_R000091,C022,20260903,1,38.92155388873298,-0.5559554022145405,38.36559848651844,0.0,38.36559848651844,38.36559848651844
MEAS_R000095,C022,20260903,1,38.92155388873298,-0.38527362223239436,38.53628026650058,7.105427357601002e-15,38.53628026650059,38.53628026650059
MEAS_R000101,C022,20260903,1,38.92155388873298,-0.4745932573095022,38.44696063142348,0.0,38.44696063142348,38.44696063142348
MEAS_R000104,C014,20260903,1,38.92155388873298,-0.656393209070201,38.26516067966278,7.105427357601002e-15,38.265160679662785,38.26516067966279
MEAS_R000109,C014,20260903,1,38.92155388873298,-0.8322478068427066,38.08930608189027,0.0,38.08930608189027,38.08930608189027
MEAS_R000111,C014,20260903,1,38.92155388873298,-0.8507439798829445,38.07080990885004,0.0,38.07080990885004,38.07080990885004
MEAS_R000117,C023,20260903,1,38.92155388873298,0.21795502428010446,39.13950891301308,0.0,39.13950891301308,39.13950891301308
MEAS_R000125,C023,20260903,1,38.92155388873298,0.06255309068152876,38.984106979414506,0.0,38.984106979414506,38.984106979414506
MEAS_R000128,C023,20260903,1,38.92155388873298,0.07358839347945334,38.995142282212434,0.0,38.995142282212434,38.995142282212434
MEAS_R000132,C011,20260903,1,38.92155388873298,-0.7669872148693638,38.15456667386361,7.105427357601002e-15,38.15456667386362,38.15456667386362
MEAS_R000137,C011,20260903,1,38.92155388873298,-0.5215769612420526,38.399976927490926,0.0,38.399976927490926,38.399976927490926
MEAS_R000141,C004,20260903,1,38.92155388873298,-1.3515135328795076,37.57004035585347,0.0,37.57004035585347,37.57004035585347
MEAS_R000142,C004,20260903,1,38.92155388873298,-1.250645366489823,37.67090852224316,-7.105427357601002e-15,37.67090852224315,37.67090852224315
MEAS_R000144,C004,20260903,1,38.92155388873298,-1.3184362476253284,37.60311764110765,0.0,37.60311764110765,37.60311764110765
MEAS_R000150,C004,20260903,1,38.92155388873298,-1.080897781390156,37.840656107342824,0.0,37.840656107342824,37.84065610734282
MEAS_R000154,C028,20260903,1,38.92155388873298,1.2916734503322196,40.2132273390652,0.0,40.2132273390652,40.2132273390652
MEAS_R000155,C028,20260903,1,38.92155388873298,0.810312888794507,39.731866777527486,0.0,39.731866777527486,39.731866777527486
MEAS_R000164,C008,20260903,1,38.92155388873298,-0.5245353896608422,38.39701849907214,0.0,38.39701849907214,38.39701849907214
MEAS_R000170,C008,20260903,1,38.92155388873298,-0.7942947418518074,38.12725914688117,0.0,38.12725914688117,38.12725914688117
MEAS_R000171,C008,20260903,1,38.92155388873298,-0.659194288789591,38.26235959994339,7.105427357601002e-15,38.262359599943395,38.2623595999434
MEAS_R000173,C008,20260903,1,38.92155388873298,-0.7094802610439401,38.21207362768904,7.105427357601002e-15,38.212073627689044,38.21207362768904
MEAS_R000178,C030,20260903,1,38.92155388873298,1.2572590156475005,40.17881290438048,0.0,40.17881290438048,40.17881290438048
MEAS_R000180,C030,20260903,1,38.92155388873298,1.2568535923233328,40.17840748105631,0.0,40.17840748105631,40.17840748105631
MEAS_R000182,C030,20260903,1,38.92155388873298,1.1621689445687742,40.083722833301756,0.0,40.083722833301756,40.08372283330176
MEAS_R000183,C030,20260903,1,38.92155388873298,1.036159447863595,39.957713336596576,7.105427357601002e-15,39.95771333659658,39.95771333659658
MEAS_R000190,C018,20260903,1,38.92155388873298,-0.15894348663479846,38.76261040209818,0.0,38.76261040209818,38.76261040209818
MEAS_R000199,C018,20260903,1,38.92155388873298,-0.15030611149888787,38.771247777234095,0.0,38.771247777234095,38.771247777234095
MEAS_R000204,C025,20260903,1,38.92155388873298,0.44854119354070454,39.370095082273686,0.0,39.370095082273686,39.370095082273686
MEAS_R000205,C025,20260903,1,38.92155388873298,0.4617582232120594,39.38331211194504,7.105427357601002e-15,39.383312111945045,39.383312111945045
MEAS_R000215,C010,20260903,1,38.92155388873298,-0.2051261348409646,38.71642775389201,7.105427357601002e-15,38.71642775389202,38.71642775389202
MEAS_R000218,C010,20260903,1,38.92155388873298,-0.30030545420347454,38.621248434529505,0.0,38.621248434529505,38.62124843452951
MEAS_R000219,C010,20260903,1,38.92155388873298,-0.19695076575354362,38.72460312297944,0.0,38.72460312297944,38.72460312297944
MEAS_R000220,C010,20260903,1,38.92155388873298,-0.2866891922868484,38.63486469644613,0.0,38.63486469644613,38.63486469644613
MEAS_R000226,C019,20260903,1,38.92155388873298,0.621759376153543,39.54331326488652,0.0,39.54331326488652,39.54331326488652
MEAS_R000233,C019,20260903,1,38.92155388873298,0.5743463514290408,39.49590024016202,0.0,39.49590024016202,39.49590024016202
MEAS_R000236,C019,20260903,1,38.92155388873298,0.4783075717584512,39.39986146049143,0.0,39.39986146049143,39.39986146049143
MEAS_R000239,C005,20260903,1,38.92155388873298,-1.1486718185312959,37.77288207020168,7.105427357601002e-15,37.77288207020169,37.77288207020169
MEAS_R000242,C005,20260903,1,38.92155388873298,-1.0112654377723063,37.91028845096067,7.105427357601002e-15,37.91028845096068,37.91028845096068
MEAS_R000249,C005,20260903,1,38.92155388873298,-0.8576795569138087,38.06387433181917,0.0,38.06387433181917,38.06387433181917
MEAS_R000257,C017,20260903,1,38.92155388873298,0.5397056640470163,39.46125955278,-7.105427357601002e-15,39.46125955277999,39.46125955277999
MEAS_R000260,C017,20260903,1,38.92155388873298,0.5480888246369578,39.469642713369936,0.0,39.469642713369936,39.469642713369936
MEAS_R000264,C017,20260903,1,38.92155388873298,1.1217235876168599,40.04327747634984,0.0,40.04327747634984,40.04327747634984
MEAS_R000266,C017,20260903,1,38.92155388873298,1.097415373954756,40.01896926268773,0.0,40.01896926268773,40.01896926268773
MEAS_R000271,C020,20260903,1,38.92155388873298,-0.33616895527670143,38.585384933456275,0.0,38.585384933456275,38.58538493345628
MEAS_R000274,C020,20260903,1,38.92155388873298,0.5603812717599526,39.48193516049293,0.0,39.48193516049293,39.48193516049293
MEAS_R000278,C020,20260903,1,38.92155388873298,0.5441388113028325,39.46569270003581,7.105427357601002e-15,39.46569270003582,39.46569270003582
MEAS_R000281,C020,20260903,1,38.92155388873298,1.331476045569188,40.25302993430217,0.0,40.25302993430217,40.25302993430217
MEAS_R000285,C009,20260903,1,38.92155388873298,0.6429662195970358,39.564520108330015,0.0,39.564520108330015,39.564520108330015
MEAS_R000288,C009,20260903,1,38.92155388873298,0.8328216367770273,39.75437552551001,0.0,39.75437552551001,39.75437552551001
MEAS_R000296,C012,20260903,1,38.92155388873298,0.1243358859802102,39.04588977471319,0.0,39.04588977471319,39.04588977471319
MEAS_R000297,C012,20260903,1,38.92155388873298,0.6634585323407076,39.585012421073685,7.105427357601002e-15,39.58501242107369,39.58501242107369
MEAS_R000298,C012,20260903,1,38.92155388873298,0.5705341442617619,39.492088032994744,0.0,39.492088032994744,39.49208803299474
MEAS_R000308,C006,20260903,1,38.92155388873298,-0.4160344350490653,38.50551945368392,0.0,38.50551945368392,38.50551945368392
MEAS_R000313,C006,20260903,1,38.92155388873298,0.4642820423794089,39.38583593111239,7.105427357601002e-15,39.385835931112396,39.3858359311124
MEAS_R000317,C006,20260903,1,38.92155388873298,0.41074467979618046,39.33229856852916,0.0,39.33229856852916,39.33229856852916
MEAS_R000321,C015,20260903,1,38.92155388873298,-0.7043370461801814,38.2172168425528,0.0,38.2172168425528,38.2172168425528
MEAS_R000325,C015,20260903,1,38.92155388873298,-0.10988896783462368,38.81166492089836,0.0,38.81166492089836,38.81166492089836
MEAS_R000336,C015,20260903,1,38.92155388873298,0.0021264154084103468,38.92368030414139,0.0,38.92368030414139,38.92368030414139
MEAS_R000337,C015,20260903,1,38.92155388873298,0.025988911519649584,38.94754280025263,7.105427357601002e-15,38.947542800252634,38.94754280025264
MEAS_R000346,C007,20260903,1,38.92155388873298,0.982096517613805,39.903650406346785,0.0,39.903650406346785,39.90365040634679
MEAS_R000347,C007,20260903,1,38.92155388873298,0.6543306798735458,39.575884568606526,0.0,39.575884568606526,39.575884568606526
MEAS_R000350,C007,20260903,1,38.92155388873298,0.5281862942366239,39.449740182969606,0.0,39.449740182969606,39.449740182969606
MEAS_R000351,C007,20260903,1,38.92155388873298,1.6805949182997506,40.602148807032734,0.0,40.602148807032734,40.602148807032734
MEAS_R000364,C013,20260903,1,38.92155388873298,0.24327880817077227,39.16483269690375,7.105427357601002e-15,39.16483269690376,39.16483269690376
MEAS_R000366,C013,20260903,1,38.92155388873298,0.26134115924703366,39.18289504798001,0.0,39.18289504798001,39.18289504798001
MEAS_R000369,C024,20260903,1,38.92155388873298,-0.6417969241425017,38.279756964590476,0.0,38.279756964590476,38.27975696459048
MEAS_R000370,C024,20260903,1,38.92155388873298,-0.9235589691661876,37.99799491956679,0.0,37.99799491956679,37.99799491956679
MEAS_R000373,C024,20260903,1,38.92155388873298,-0.9596833399573517,37.96187054877563,7.105427357601002e-15,37.961870548775636,37.96187054877564
MEAS_R000375,C024,20260903,1,38.92155388873298,-0.44220210375416275,38.47935178497882,0.0,38.47935178497882,38.47935178497882
MEAS_R000386,C001,20260903,1,38.92155388873298,-0.5515832954554291,38.36997059327755,7.105427357601002e-15,38.36997059327756,38.36997059327756
MEAS_R000389,C002,20260903,1,38.92155388873298,0.0756645403760771,38.997218429109054,7.105427357601002e-15,38.99721842910906,38.99721842910906
MEAS_R000391,C002,20260903,1,38.92155388873298,0.08410361756067565,39.00565750629366,0.0,39.00565750629366,39.00565750629366
MEAS_R000405,C005,20260903,1,38.92155388873298,-1.1533958277168987,37.76815806101608,0.0,37.76815806101608,37.76815806101608
MEAS_R000409,C006,20260903,1,38.92155388873298,-0.45456782708023474,38.46698606165275,0.0,38.46698606165275,38.46698606165275
MEAS_R000419,C009,20260903,1,38.92155388873298,0.6260916825953874,39.54764557132837,7.105427357601002e-15,39.547645571328374,39.54764557132837
MEAS_R000422,C009,20260903,1,38.92155388873298,0.8772012305702751,39.79875511930325,7.105427357601002e-15,39.79875511930326,39.79875511930326
MEAS_R000428,C011,20260903,1,38.92155388873298,-0.5314732031438931,38.39008068558908,7.105427357601002e-15,38.39008068558909,38.39008068558909
MEAS_R000432,C011,20260903,1,38.92155388873298,-0.7113338074964977,38.210220081236486,0.0,38.210220081236486,38.210220081236486
MEAS_R000442,C013,20260903,1,38.92155388873298,0.2651456157226335,39.18669950445561,7.105427357601002e-15,39.18669950445562,39.18669950445562
MEAS_R000444,C013,20260903,1,38.92155388873298,0.24864229633598928,39.17019618506897,7.105427357601002e-15,39.170196185068974,39.170196185068974
MEAS_R000446,C014,20260903,1,38.92155388873298,-0.7776349208766558,38.14391896785632,0.0,38.14391896785632,38.14391896785632
MEAS_R000453,C016,20260903,1,38.92155388873298,-0.016867560539149826,38.90468632819383,0.0,38.90468632819383,38.90468632819383
MEAS_R000455,C016,20260903,1,38.92155388873298,-0.23647798828047584,38.6850759004525,0.0,38.6850759004525,38.6850759004525
MEAS_R000461,C018,20260903,1,38.92155388873298,-0.13332639945702765,38.788227489275954,0.0,38.788227489275954,38.788227489275954
MEAS_R000464,C018,20260903,1,38.92155388873298,-0.13459229887199076,38.78696158986099,7.105427357601002e-15,38.786961589860994,38.786961589860994
MEAS_R000468,C019,20260903,1,38.92155388873298,0.600879170302592,39.52243305903557,7.105427357601002e-15,39.52243305903558,39.52243305903558
MEAS_R000469,C020,20260903,1,38.92155388873298,1.3683854219530902,40.28993931068607,0.0,40.28993931068607,40.28993931068607
MEAS_R000478,C021,20260903,1,38.92155388873298,-0.6626826056620543,38.258871283070924,7.105427357601002e-15,38.25887128307093,38.25887128307093
MEAS_R000479,C022,20260903,1,38.92155388873298,-0.5673849254004597,38.35416896333252,7.105427357601002e-15,38.354168963332526,38.354168963332526
MEAS_R000483,C023,20260903,1,38.92155388873298,0.058483495984989135,38.98003738471797,0.0,38.98003738471797,38.98003738471797
MEAS_R000491,C025,20260903,1,38.92155388873298,0.3910840094658106,39.312637898198794,0.0,39.312637898198794,39.3126378981988
MEAS_R000492,C025,20260903,1,38.92155388873298,0.3869282215399456,39.30848211027293,0.0,39.30848211027293,39.30848211027293
MEAS_R000494,C026,20260903,1,38.92155388873298,-0.37498079099205334,38.546573097740925,0.0,38.546573097740925,38.546573097740925
MEAS_R000496,C026,20260903,1,38.92155388873298,-0.18386233109028022,38.7376915576427,0.0,38.7376915576427,38.7376915576427
MEAS_R000501,C026,20260903,1,38.92155388873298,-0.35058247642288276,38.570971412310094,7.105427357601002e-15,38.5709714123101,38.5709714123101
MEAS_R000503,C026,20260903,1,38.92155388873298,-0.2769370887613134,38.644616799971665,0.0,38.644616799971665,38.64461679997167
MEAS_R000507,C027,20260903,1,38.92155388873298,1.1826109663612447,40.104164855094226,0.0,40.104164855094226,40.10416485509423
MEAS_R000508,C027,20260903,1,38.92155388873298,-0.37750597253453627,38.544047916198444,7.105427357601002e-15,38.54404791619845,38.54404791619845
MEAS_R000509,C028,20260903,1,38.92155388873298,1.3954256010128108,40.31697948974579,0.0,40.31697948974579,40.31697948974579
MEAS_R000510,C028,20260903,1,38.92155388873298,1.2867711864089595,40.20832507514194,0.0,40.20832507514194,40.20832507514194
MEAS_R000003,C021,20260903,2,38.91777777756364,-0.7058153580983455,38.211962419465294,7.105427357601002e-15,38.2119624194653,38.2119624194653
MEAS_R000004,C021,20260903,2,38.91777777756364,-0.7088659949504206,38.20891178261322,7.105427357601002e-15,38.20891178261323,38.20891178261323
MEAS_R000013,C003,20260903,2,38.91777777756364,-0.3682190672831675,38.54955871028047,7.105427357601002e-15,38.54955871028048,38.54955871028048
MEAS_R000018,C003,20260903,2,38.91777777756364,-0.3594391479480072,38.55833862961563,7.105427357601002e-15,38.55833862961564,38.55833862961564
MEAS_R000021,C003,20260903,2,38.91777777756364,-0.2820938295733167,38.63568394799032,7.105427357601002e-15,38.63568394799033,38.63568394799033
MEAS_R000023,C002,20260903,2,38.91777777756364,0.18823187123031654,39.10600964879396,7.105427357601002e-15,39.106009648793965,39.106009648793965
MEAS_R000025,C002,20260903,2,38.91777777756364,0.1405666585915072,39.05834443615515,0.0,39.05834443615515,39.05834443615515
MEAS_R000032,C002,20260903,2,38.91777777756364,0.38939848351446893,39.30717626107811,0.0,39.30717626107811,39.30717626107811
MEAS_R000039,C029,20260903,2,38.91777777756364,-0.6112567294916739,38.30652104807197,7.105427357601002e-15,38.30652104807198,38.30652104807198
MEAS_R000040,C029,20260903,2,38.91777777756364,-0.6030473285715096,38.31473044899214,0.0,38.31473044899214,38.31473044899214
MEAS_R000044,C029,20260903,2,38.91777777756364,-0.48243456106309335,38.43534321650055,7.105427357601002e-15,38.435343216500556,38.43534321650056
MEAS_R000052,C001,20260903,2,38.91777777756364,-0.6670273946304627,38.25075038293318,7.105427357601002e-15,38.250750382933184,38.250750382933184
MEAS_R000054,C001,20260903,2,38.91777777756364,-0.6560444502891816,38.26173332727446,7.105427357601002e-15,38.26173332727447,38.26173332727447
MEAS_R000059,C001,20260903,2,38.91777777756364,-0.6242046772678771,38.29357310029577,7.105427357601002e-15,38.293573100295774,38.293573100295774
MEAS_R000068,C027,20260903,2,38.91777777756364,-0.04874319756020606,38.86903458000344,7.105427357601002e-15,38.869034580003444,38.86903458000344
MEAS_R000069,C027,20260903,2,38.91777777756364,-0.05389777077863575,38.86388000678501,0.0,38.86388000678501,38.86388000678501
MEAS_R000072,C027,20260903,2,38.91777777756364,0.07623745463649761,38.99401523220014,7.105427357601002e-15,38.99401523220015,38.99401523220015
MEAS_R000076,C026,20260903,2,38.91777777756364,-0.27549173115420694,38.64228604640944,0.0,38.64228604640944,38.64228604640944
MEAS_R000077,C026,20260903,2,38.91777777756364,-0.2640631958991132,38.65371458166453,0.0,38.65371458166453,38.65371458166453
MEAS_R000084,C016,20260903,2,38.91777777756364,-0.38652666510461176,38.53125111245903,7.105427357601002e-15,38.53125111245904,38.53125111245904
MEAS_R000086,C016,20260903,2,38.91777777756364,-0.24300466611364674,38.674773111449994,7.105427357601002e-15,38.67477311145,38.67477311145
MEAS_R000089,C022,20260903,2,38.91777777756364,-0.45547635961466654,38.46230141794898,7.105427357601002e-15,38.462301417948986,38.462301417948986
MEAS_R000094,C022,20260903,2,38.91777777756364,-0.40022538265361995,38.51755239491002,7.105427357601002e-15,38.51755239491003,38.51755239491003
MEAS_R000102,C022,20260903,2,38.91777777756364,-0.495313993270824,38.422463784292816,7.105427357601002e-15,38.42246378429282,38.42246378429282
MEAS_R000106,C014,20260903,2,38.91777777756364,-0.6956682607058111,38.222109516857834,7.105427357601002e-15,38.22210951685784,38.22210951685784
MEAS_R000108,C014,20260903,2,38.91777777756364,-0.7120545109264436,38.2057232666372,7.105427357601002e-15,38.20572326663721,38.20572326663721
MEAS_R000112,C014,20260903,2,38.91777777756364,-0.3441763905538611,38.57360138700978,7.105427357601002e-15,38.57360138700979,38.57360138700979
MEAS_R000116,C023,20260903,2,38.91777777756364,0.09229168177049685,39.01006945933414,7.105427357601002e-15,39.01006945933415,39.01006945933415
MEAS_R000122,C023,20260903,2,38.91777777756364,0.1123531068387501,39.030130884402396,7.105427357601002e-15,39.0301308844024,39.0301308844024
MEAS_R000123,C023,20260903,2,38.91777777756364,0.13244535410561553,39.050223131669256,1.4210854715202004e-14,39.05022313166927,39.05022313166927
MEAS_R000130,C011,20260903,2,38.91777777756364,-0.6785070421998578,38.23927073536378,7.105427357601002e-15,38.23927073536379,38.23927073536379
MEAS_R000135,C011,20260903,2,38.91777777756364,-0.6512197945590569,38.26655798300459,0.0,38.26655798300459,38.26655798300459
MEAS_R000139,C004,20260903,2,38.91777777756364,-1.159297273387434,37.758480504176205,7.105427357601002e-15,37.75848050417621,37.75848050417621
MEAS_R000140,C004,20260903,2,38.91777777756364,-1.3381655626264108,37.579612214937235,0.0,37.579612214937235,37.57961221493724
MEAS_R000146,C004,20260903,2,38.91777777756364,-1.3381704345663379,37.579607342997306,7.105427357601002e-15,37.57960734299731,37.57960734299731
MEAS_R000151,C028,20260903,2,38.91777777756364,1.388092584875203,40.305870362438846,0.0,40.305870362438846,40.305870362438846
MEAS_R000152,C028,20260903,2,38.91777777756364,1.2343954618450628,40.152173239408704,7.105427357601002e-15,40.15217323940871,40.15217323940871
MEAS_R000157,C028,20260903,2,38.91777777756364,1.1674334349408502,40.08521121250449,7.105427357601002e-15,40.0852112125045,40.0852112125045
MEAS_R000169,C008,20260903,2,38.91777777756364,-0.7583515463311152,38.15942623123253,7.105427357601002e-15,38.15942623123254,38.15942623123254
MEAS_R000172,C008,20260903,2,38.91777777756364,-0.7277524457777604,38.19002533178588,7.105427357601002e-15,38.19002533178589,38.19002533178589
MEAS_R000176,C030,20260903,2,38.91777777756364,1.0949164351039462,40.01269421266759,7.105427357601002e-15,40.0126942126676,40.0126942126676
MEAS_R000188,C030,20260903,2,38.91777777756364,1.0849049231814187,40.00268270074506,7.105427357601002e-15,40.00268270074507,40.00268270074507
MEAS_R000189,C030,20260903,2,38.91777777756364,1.274462626849043,40.192240404412686,7.105427357601002e-15,40.19224040441269,40.19224040441269
MEAS_R000192,C018,20260903,2,38.91777777756364,-0.10525291583579031,38.81252486172785,7.105427357601002e-15,38.81252486172786,38.81252486172786
MEAS_R000193,C018,20260903,2,38.91777777756364,-0.11763577053425969,38.800142007029386,0.0,38.800142007029386,38.800142007029386
MEAS_R000195,C018,20260903,2,38.91777777756364,-0.1326943830589134,38.78508339450473,0.0,38.78508339450473,38.78508339450473
MEAS_R000200,C018,20260903,2,38.91777777756364,-0.1386435687808388,38.77913420878281,0.0,38.77913420878281,38.77913420878281
MEAS_R000207,C025,20260903,2,38.91777777756364,0.44545403157135294,39.363231809134994,7.105427357601002e-15,39.363231809135,39.363231809135
MEAS_R000210,C025,20260903,2,38.91777777756364,0.5118124649822858,39.42959024254593,7.105427357601002e-15,39.429590242545935,39.429590242545935
MEAS_R000212,C010,20260903,2,38.91777777756364,-0.30092468750616813,38.616853090057475,7.105427357601002e-15,38.61685309005748,38.61685309005748
MEAS_R000213,C010,20260903,2,38.91777777756364,-0.2325919548115708,38.685185822752075,7.105427357601002e-15,38.68518582275208,38.68518582275208
MEAS_R000214,C010,20260903,2,38.91777777756364,-0.3032127240006664,38.61456505356298,7.105427357601002e-15,38.614565053562984,38.61456505356298
MEAS_R000221,C010,20260903,2,38.91777777756364,-0.290885374990591,38.62689240257305,7.105427357601002e-15,38.626892402573056,38.626892402573056
MEAS_R000230,C019,20260903,2,38.91777777756364,0.5522611373080315,39.47003891487167,7.105427357601002e-15,39.47003891487168,39.47003891487168
MEAS_R000234,C019,20260903,2,38.91777777756364,0.6174750245195858,39.53525280208323,7.105427357601002e-15,39.535252802083235,39.53525280208324
MEAS_R000237,C019,20260903,2,38.91777777756364,0.5683246540395401,39.486102431603186,0.0,39.486102431603186,39.48610243160319
MEAS_R000238,C005,20260903,2,38.91777777756364,-1.0803274726582353,37.83745030490541,7.105427357601002e-15,37.83745030490542,37.83745030490542
MEAS_R000244,C005,20260903,2,38.91777777756364,-0.7436472791046589,38.174130498458986,7.105427357601002e-15,38.17413049845899,38.17413049845899
MEAS_R000248,C005,20260903,2,38.91777777756364,-1.0764201723571847,37.84135760520646,0.0,37.84135760520646,37.84135760520646
MEAS_R000252,C017,20260903,2,38.91777777756364,0.9181909025883973,39.83596868015204,7.105427357601002e-15,39.83596868015205,39.83596868015205
MEAS_R000259,C017,20260903,2,38.91777777756364,0.3938504037302148,39.311628181293855,1.4210854715202004e-14,39.31162818129387,39.31162818129387
MEAS_R000265,C017,20260903,2,38.91777777756364,0.4255427053085349,39.34332048287218,0.0,39.34332048287218,39.34332048287218
MEAS_R000269,C020,20260903,2,38.91777777756364,0.009676898398741826,38.92745467596239,0.0,38.92745467596239,38.92745467596239
MEAS_R000270,C020,20260903,2,38.91777777756364,0.20075203368545094,39.1185298112491,7.105427357601002e-15,39.118529811249104,39.118529811249104
MEAS_R000276,C020,20260903,2,38.91777777756364,0.30156670433790944,39.21934448190155,7.105427357601002e-15,39.21934448190156,39.21934448190156
MEAS_R000286,C009,20260903,2,38.91777777756364,0.7316168052810651,39.64939458284471,7.105427357601002e-15,39.649394582844714,39.64939458284472
MEAS_R000290,C009,20260903,2,38.91777777756364,0.9235331250651008,39.84131090262874,7.105427357601002e-15,39.84131090262875,39.84131090262875
MEAS_R000303,C012,20260903,2,38.91777777756364,0.6530508820617932,39.570828659625434,7.105427357601002e-15,39.57082865962544,39.57082865962544
MEAS_R000304,C012,20260903,2,38.91777777756364,1.2638500992073907,40.18162787677103,1.4210854715202004e-14,40.181627876771046,40.181627876771046
MEAS_R000305,C012,20260903,2,38.91777777756364,1.3014256487274567,40.2192034262911,7.105427357601002e-15,40.21920342629111,40.21920342629111
MEAS_R000309,C006,20260903,2,38.91777777756364,0.020347093475490213,38.938124871039136,7.105427357601002e-15,38.93812487103914,38.93812487103914
MEAS_R000311,C006,20260903,2,38.91777777756364,0.024918979766400895,38.94269675733004,1.4210854715202004e-14,38.942696757330054,38.94269675733005
MEAS_R000315,C006,20260903,2,38.91777777756364,-0.2208606558873091,38.696917121676336,0.0,38.696917121676336,38.696917121676336
MEAS_R000322,C015,20260903,2,38.91777777756364,-0.48231491252259556,38.435462865041046,7.105427357601002e-15,38.43546286504105,38.43546286504105
MEAS_R000328,C015,20260903,2,38.91777777756364,-0.47019822632720576,38.44757955123644,7.105427357601002e-15,38.447579551236444,38.44757955123645
MEAS_R000334,C015,20260903,2,38.91777777756364,-0.2787820867371068,38.63899569082653,7.105427357601002e-15,38.63899569082654,38.63899569082654
MEAS_R000335,C015,20260903,2,38.91777777756364,-0.18860293505904702,38.7291748425046,7.105427357601002e-15,38.729174842504605,38.729174842504605
MEAS_R000340,C007,20260903,2,38.91777777756364,0.8737585051255067,39.79153628268915,7.105427357601002e-15,39.79153628268916,39.79153628268916
MEAS_R000352,C007,20260903,2,38.91777777756364,0.3766179595017773,39.29439573706542,7.105427357601002e-15,39.29439573706543,39.29439573706543
MEAS_R000353,C007,20260903,2,38.91777777756364,0.7516909853512999,39.669468762914946,7.105427357601002e-15,39.66946876291495,39.66946876291495
MEAS_R000356,C007,20260903,2,38.91777777756364,0.356824435783407,39.27460221334705,7.105427357601002e-15,39.27460221334706,39.27460221334706
MEAS_R000358,C013,20260903,2,38.91777777756364,-0.24873015122361275,38.66904762634003,0.0,38.66904762634003,38.66904762634003
MEAS_R000360,C013,20260903,2,38.91777777756364,-0.2306583302236647,38.68711944733998,0.0,38.68711944733998,38.68711944733998
MEAS_R000372,C024,20260903,2,38.91777777756364,-0.43086790180833207,38.48690987575531,7.105427357601002e-15,38.486909875755316,38.48690987575532
MEAS_R000374,C024,20260903,2,38.91777777756364,0.07702732416327691,38.99480510172692,7.105427357601002e-15,38.994805101726925,38.994805101726925
MEAS_R000377,C024,20260903,2,38.91777777756364,1.086485111123022,40.00426288868667,7.105427357601002e-15,40.004262888686675,40.00426288868668
MEAS_R000380,C024,20260903,2,38.91777777756364,1.0693431075890196,39.98712088515266,7.105427357601002e-15,39.98712088515267,39.98712088515267
MEAS_R000385,C001,20260903,2,38.91777777756364,-0.5875760241445153,38.330201753419125,7.105427357601002e-15,38.33020175341913,38.33020175341913
MEAS_R000392,C003,20260903,2,38.91777777756364,-0.36081841319640984,38.55695936436723,7.105427357601002e-15,38.55695936436724,38.55695936436724
MEAS_R000401,C004,20260903,2,38.91777777756364,-1.262141103036628,37.65563667452702,7.105427357601002e-15,37.655636674527024,37.655636674527024
MEAS_R000404,C005,20260903,2,38.91777777756364,-1.027821852515054,37.88995592504859,7.105427357601002e-15,37.889955925048596,37.8899559250486
MEAS_R000411,C008,20260903,2,38.91777777756364,-0.7232456521310322,38.19453212543261,7.105427357601002e-15,38.194532125432616,38.194532125432616
MEAS_R000413,C008,20260903,2,38.91777777756364,-0.7657094444324131,38.15206833313123,7.105427357601002e-15,38.15206833313124,38.15206833313124
MEAS_R000415,C009,20260903,2,38.91777777756364,0.8251805134589763,39.74295829102262,7.105427357601002e-15,39.742958291022624,39.742958291022624
MEAS_R000420,C009,20260903,2,38.91777777756364,0.7594737581645452,39.67725153572819,0.0,39.67725153572819,39.67725153572819
MEAS_R000430,C011,20260903,2,38.91777777756364,-0.7754880991641725,38.14228967839947,7.105427357601002e-15,38.14228967839948,38.14228967839948
MEAS_R000435,C012,20260903,2,38.91777777756364,0.6476851333919044,39.565462910955546,7.105427357601002e-15,39.56546291095555,39.56546291095555
MEAS_R000436,C012,20260903,2,38.91777777756364,1.205746222492705,40.12352400005635,0.0,40.12352400005635,40.12352400005635
MEAS_R000437,C012,20260903,2,38.91777777756364,1.2278244539870737,40.14560223155072,0.0,40.14560223155072,40.14560223155072
MEAS_R000448,C014,20260903,2,38.91777777756364,-0.5965467829736824,38.32123099458996,7.105427357601002e-15,38.32123099458997,38.32123099458997
MEAS_R000451,C016,20260903,2,38.91777777756364,-0.25869511161143094,38.65908266595221,7.105427357601002e-15,38.65908266595222,38.65908266595222
MEAS_R000467,C019,20260903,2,38.91777777756364,0.7052538317932151,39.62303160935686,7.105427357601002e-15,39.623031609356865,39.62303160935687
MEAS_R000476,C021,20260903,2,38.91777777756364,-0.6346723210933867,38.28310545647025,7.105427357601002e-15,38.28310545647026,38.28310545647026
MEAS_R000477,C021,20260903,2,38.91777777756364,-0.7022505137834649,38.215527263780174,7.105427357601002e-15,38.21552726378018,38.21552726378018
MEAS_R000480,C022,20260903,2,38.91777777756364,-0.49080822044318406,38.42696955712046,7.105427357601002e-15,38.426969557120465,38.42696955712047
MEAS_R000481,C022,20260903,2,38.91777777756364,-0.4920425403284578,38.42573523723519,0.0,38.42573523723519,38.42573523723519
MEAS_R000489,C025,20260903,2,38.91777777756364,0.47607250324238465,39.39385028080603,7.105427357601002e-15,39.393850280806035,39.39385028080604
MEAS_R000493,C025,20260903,2,38.91777777756364,0.48599191619879156,39.403769693762435,7.105427357601002e-15,39.40376969376244,39.40376969376244
MEAS_R000498,C026,20260903,2,38.91777777756364,-0.2725301599467168,38.645247617616924,7.105427357601002e-15,38.64524761761693,38.64524761761693
MEAS_R000499,C026,20260903,2,38.91777777756364,-0.26649530173883784,38.65128247582481,0.0,38.65128247582481,38.65128247582481
MEAS_R000504,C027,20260903,2,38.91777777756364,0.09917427929628067,39.01695205685992,7.105427357601002e-15,39.01695205685993,39.01695205685993
MEAS_R000511,C028,20260903,2,38.91777777756364,1.2428479244611876,40.16062570202483,7.105427357601002e-15,40.16062570202484,40.16062570202484
MEAS_R000514,C029,20260903,2,38.91777777756364,-0.5262393861541242,38.39153839140952,7.105427357601002e-15,38.391538391409526,38.391538391409526
MEAS_R000515,C029,20260903,2,38.91777777756364,-0.6051520013449971,38.312625776218646,7.105427357601002e-15,38.31262577621865,38.31262577621865
MEAS_R000519,C030,20260903,2,38.91777777756364,1.25715701268453,40.17493479024817,7.105427357601002e-15,40.17493479024818,40.17493479024818
MEAS_R000007,C021,20260903,3,38.92043795698664,-0.721541952224289,38.19889600476235,7.105427357601002e-15,38.198896004762354,38.198896004762354
MEAS_R000008,C021,20260903,3,38.92043795698664,-0.7217114564045658,38.198726500582076,-7.105427357601002e-15,38.19872650058207,38.19872650058207
MEAS_R000014,C003,20260903,3,38.92043795698664,-0.40395275897445393,38.516485198012184,0.0,38.516485198012184,38.51648519801218
MEAS_R000016,C003,20260903,3,38.92043795698664,-0.39086587181452026,38.52957208517212,-7.105427357601002e-15,38.52957208517211,38.52957208517211
MEAS_R000022,C002,20260903,3,38.92043795698664,0.20624368270877383,39.12668163969541,0.0,39.12668163969541,39.12668163969541
MEAS_R000024,C002,20260903,3,38.92043795698664,0.31538282797421563,39.23582078496086,0.0,39.23582078496086,39.23582078496086
MEAS_R000033,C002,20260903,3,38.92043795698664,0.24180823655157116,39.16224619353821,0.0,39.16224619353821,39.16224619353821
MEAS_R000035,C029,20260903,3,38.92043795698664,-0.5150409692104734,38.405396987776165,0.0,38.405396987776165,38.405396987776165
MEAS_R000038,C029,20260903,3,38.92043795698664,-0.5924074025436256,38.32803055444301,0.0,38.32803055444301,38.32803055444301
MEAS_R000049,C001,20260903,3,38.92043795698664,-0.47995145645497517,38.44048650053166,7.105427357601002e-15,38.44048650053167,38.44048650053167
MEAS_R000053,C001,20260903,3,38.92043795698664,-0.7417635004030853,38.17867445658355,0.0,38.17867445658355,38.17867445658355
MEAS_R000056,C001,20260903,3,38.92043795698664,-0.7421863110526721,38.17825164593397,0.0,38.17825164593397,38.17825164593397
MEAS_R000061,C027,20260903,3,38.92043795698664,0.030101194394548052,38.950539151381186,0.0,38.950539151381186,38.95053915138119
MEAS_R000070,C027,20260903,3,38.92043795698664,0.05727309287282787,38.977711049859465,7.105427357601002e-15,38.97771104985947,38.97771104985947
MEAS_R000073,C026,20260903,3,38.92043795698664,-0.24788197092458283,38.67255598606206,0.0,38.67255598606206,38.67255598606206
MEAS_R000083,C016,20260903,3,38.92043795698664,-0.3619998931569959,38.55843806382964,0.0,38.55843806382964,38.55843806382964
MEAS_R000087,C016,20260903,3,38.92043795698664,-0.038027735937845884,38.882410221048794,0.0,38.882410221048794,38.8824102210488
MEAS_R000090,C022,20260903,3,38.92043795698664,-0.6026583256503782,38.31777963133626,0.0,38.31777963133626,38.31777963133626
MEAS_R000093,C022,20260903,3,38.92043795698664,-0.4377577910373266,38.48268016594931,7.105427357601002e-15,38.48268016594932,38.48268016594932
MEAS_R000100,C022,20260903,3,38.92043795698664,-0.4758465226749621,38.444591434311675,0.0,38.444591434311675,38.44459143431168
MEAS_R000105,C014,20260903,3,38.92043795698664,-0.5957176400459321,38.324720316940706,0.0,38.324720316940706,38.32472031694071
MEAS_R000107,C014,20260903,3,38.92043795698664,-0.8065914772227865,38.11384647976385,0.0,38.11384647976385,38.11384647976385
MEAS_R000114,C014,20260903,3,38.92043795698664,-0.5944557853443575,38.32598217164228,0.0,38.32598217164228,38.32598217164228
MEAS_R000119,C023,20260903,3,38.92043795698664,-0.022925364806444866,38.89751259218019,0.0,38.89751259218019,38.89751259218019
MEAS_R000126,C023,20260903,3,38.92043795698664,0.3096727390270393,39.230110696013675,0.0,39.230110696013675,39.23011069601368
MEAS_R000129,C023,20260903,3,38.92043795698664,0.1744498989537765,39.094887855940414,0.0,39.094887855940414,39.094887855940414
MEAS_R000131,C011,20260903,3,38.92043795698664,-0.7741381699435848,38.146299787043056,0.0,38.146299787043056,38.146299787043056
MEAS_R000138,C011,20260903,3,38.92043795698664,-0.4995936556985552,38.420844301288085,0.0,38.420844301288085,38.420844301288085
MEAS_R000147,C004,20260903,3,38.92043795698664,-1.3205793357203095,37.59985862126633,0.0,37.59985862126633,37.59985862126633
MEAS_R000148,C004,20260903,3,38.92043795698664,-1.1128110098319777,37.80762694715466,0.0,37.80762694715466,37.80762694715466
MEAS_R000153,C028,20260903,3,38.92043795698664,1.2485963861835816,40.16903434317022,7.105427357601002e-15,40.169034343170225,40.16903434317023
MEAS_R000159,C028,20260903,3,38.92043795698664,1.1516377588612854,40.07207571584792,0.0,40.07207571584792,40.07207571584792
MEAS_R000174,C008,20260903,3,38.92043795698664,-0.6536759093933165,38.266762047593325,-7.105427357601002e-15,38.26676204759332,38.26676204759332
MEAS_R000175,C008,20260903,3,38.92043795698664,-0.7200391826309809,38.200398774355655,7.105427357601002e-15,38.20039877435566,38.20039877435566
MEAS_R000179,C030,20260903,3,38.92043795698664,1.3003945151985365,40.22083247218517,0.0,40.22083247218517,40.22083247218517
MEAS_R000185,C030,20260903,3,38.92043795698664,1.1472142616827716,40.06765221866941,0.0,40.06765221866941,40.06765221866941
MEAS_R000196,C018,20260903,3,38.92043795698664,-0.11879573932798003,38.80164221765866,-7.105427357601002e-15,38.80164221765865,38.80164221765865
MEAS_R000198,C018,20260903,3,38.92043795698664,-0.1640873415918928,38.756350615394744,0.0,38.756350615394744,38.75635061539474
MEAS_R000201,C018,20260903,3,38.92043795698664,-0.12195726410657459,38.79848069288006,0.0,38.79848069288006,38.79848069288006
MEAS_R000203,C025,20260903,3,38.92043795698664,0.5118316009104767,39.432269557897115,0.0,39.432269557897115,39.43226955789712
MEAS_R000208,C025,20260903,3,38.92043795698664,0.46381634673094646,39.38425430371758,0.0,39.38425430371758,39.38425430371758
MEAS_R000209,C025,20260903,3,38.92043795698664,0.5096891302138316,39.43012708720047,0.0,39.43012708720047,39.43012708720047
MEAS_R000227,C019,20260903,3,38.92043795698664,0.433437582337696,39.353875539324335,-7.105427357601002e-15,39.35387553932433,39.35387553932433
MEAS_R000229,C019,20260903,3,38.92043795698664,0.4929980123350634,39.413435969321704,0.0,39.413435969321704,39.4134359693217
MEAS_R000231,C019,20260903,3,38.92043795698664,0.5846042986936232,39.50504225568026,0.0,39.50504225568026,39.50504225568026
MEAS_R000240,C005,20260903,3,38.92043795698664,-0.9438825680160815,37.97655538897056,-7.105427357601002e-15,37.97655538897055,37.97655538897055
MEAS_R000243,C005,20260903,3,38.92043795698664,-1.126552501579653,37.793885455406986,0.0,37.793885455406986,37.793885455406986
MEAS_R000250,C005,20260903,3,38.92043795698664,-1.100087222128303,37.82035073485834,-7.105427357601002e-15,37.82035073485833,37.82035073485833
MEAS_R000251,C005,20260903,3,38.92043795698664,-1.0256944205473455,37.89474353643929,0.0,37.89474353643929,37.89474353643929
MEAS_R000256,C017,20260903,3,38.92043795698664,0.4666521653346146,39.387090122321254,0.0,39.387090122321254,39.38709012232125
MEAS_R000263,C017,20260903,3,38.92043795698664,0.4061466879721896,39.32658464495883,0.0,39.32658464495883,39.32658464495883
MEAS_R000267,C017,20260903,3,38.92043795698664,0.39975273041579806,39.32019068740244,0.0,39.32019068740244,39.32019068740244
MEAS_R000272,C020,20260903,3,38.92043795698664,0.25603319302101324,39.17647115000765,0.0,39.17647115000765,39.17647115000765
MEAS_R000280,C020,20260903,3,38.92043795698664,0.6928975886258429,39.61333554561248,0.0,39.61333554561248,39.61333554561248
MEAS_R000282,C020,20260903,3,38.92043795698664,0.6985627595371119,39.61900071652375,0.0,39.61900071652375,39.61900071652375
MEAS_R000287,C009,20260903,3,38.92043795698664,0.5379775320102446,39.458415488996884,0.0,39.458415488996884,39.45841548899688
MEAS_R000289,C009,20260903,3,38.92043795698664,1.5934084483912387,40.513846405377876,0.0,40.513846405377876,40.51384640537788
MEAS_R000293,C012,20260903,3,38.92043795698664,1.4613172642622947,40.38175522124893,7.105427357601002e-15,40.38175522124894,40.38175522124894
MEAS_R000294,C012,20260903,3,38.92043795698664,0.15330153951775838,39.073739496504395,0.0,39.073739496504395,39.0737394965044
MEAS_R000295,C012,20260903,3,38.92043795698664,0.15694364106826764,39.077381598054906,0.0,39.077381598054906,39.077381598054906
MEAS_R000306,C006,20260903,3,38.92043795698664,0.725455410497921,39.64589336748456,-7.105427357601002e-15,39.645893367484554,39.64589336748456
MEAS_R000314,C006,20260903,3,38.92043795698664,0.715752159650424,39.63619011663706,0.0,39.63619011663706,39.63619011663706
MEAS_R000318,C006,20260903,3,38.92043795698664,0.7047253533331814,39.62516331031982,0.0,39.62516331031982,39.62516331031982
MEAS_R000320,C015,20260903,3,38.92043795698664,0.08016359817139028,39.00060155515803,0.0,39.00060155515803,39.00060155515803
MEAS_R000323,C015,20260903,3,38.92043795698664,-0.6610942672657077,38.25934368972093,7.105427357601002e-15,38.259343689720936,38.259343689720936
MEAS_R000324,C015,20260903,3,38.92043795698664,-0.2395706909865463,38.68086726600009,0.0,38.68086726600009,38.68086726600009
MEAS_R000330,C015,20260903,3,38.92043795698664,-0.4159071067997708,38.50453085018687,0.0,38.50453085018687,38.50453085018687
MEAS_R000339,C007,20260903,3,38.92043795698664,0.18648988951462964,39.10692784650127,-7.105427357601002e-15,39.106927846501264,39.106927846501264
MEAS_R000343,C007,20260903,3,38.92043795698664,0.18249784692532928,39.10293580391197,0.0,39.10293580391197,39.10293580391197
MEAS_R000349,C007,20260903,3,38.92043795698664,0.6120154776725933,39.53245343465923,0.0,39.53245343465923,39.53245343465923
MEAS_R000354,C007,20260903,3,38.92043795698664,1.6100267327471922,40.53046468973383,0.0,40.53046468973383,40.53046468973383
MEAS_R000363,C013,20260903,3,38.92043795698664,-0.22176714813887188,38.698670808847766,0.0,38.698670808847766,38.698670808847766
MEAS_R000365,C013,20260903,3,38.92043795698664,0.24193687714166934,39.16237483412831,0.0,39.16237483412831,39.16237483412831
MEAS_R000376,C024,20260903,3,38.92043795698664,0.06537130770587973,38.98580926469252,0.0,38.98580926469252,38.98580926469252
MEAS_R000378,C024,20260903,3,38.92043795698664,-0.48865258616010776,38.43178537082653,0.0,38.43178537082653,38.43178537082653
MEAS_R000383,C024,20260903,3,38.92043795698664,1.7046128426543221,40.62505079964096,0.0,40.62505079964096,40.62505079964096
MEAS_R000384,C001,20260903,3,38.92043795698664,-0.7568918653681544,38.163546091618485,-7.105427357601002e-15,38.16354609161848,38.16354609161848
MEAS_R000387,C001,20260903,3,38.92043795698664,-0.7662085774882806,38.15422937949836,0.0,38.15422937949836,38.15422937949836
MEAS_R000393,C003,20260903,3,38.92043795698664,-0.2579169329124432,38.662521024074195,0.0,38.662521024074195,38.6625210240742
MEAS_R000395,C003,20260903,3,38.92043795698664,-0.4116700802827246,38.508767876703914,0.0,38.508767876703914,38.50876787670392
MEAS_R000397,C004,20260903,3,38.92043795698664,-1.1993636988632703,37.721074258123366,0.0,37.721074258123366,37.721074258123366
MEAS_R000407,C006,20260903,3,38.92043795698664,0.7133294397919945,39.63376739677863,7.105427357601002e-15,39.63376739677864,39.63376739677864
MEAS_R000414,C008,20260903,3,38.92043795698664,-0.7361132344328547,38.18432472255378,0.0,38.18432472255378,38.18432472255378
MEAS_R000421,C009,20260903,3,38.92043795698664,0.5168618491369958,39.43729980612363,7.105427357601002e-15,39.43729980612364,39.43729980612364
MEAS_R000423,C010,20260903,3,38.92043795698664,-0.1694397378145381,38.750998219172104,-7.105427357601002e-15,38.7509982191721,38.7509982191721
MEAS_R000424,C010,20260903,3,38.92043795698664,-0.278506134284061,38.64193182270258,0.0,38.64193182270258,38.64193182270258
MEAS_R000425,C010,20260903,3,38.92043795698664,-0.15655056711876003,38.76388738986788,0.0,38.76388738986788,38.76388738986788
MEAS_R000426,C010,20260903,3,38.92043795698664,-0.1697727199131761,38.75066523707346,-7.105427357601002e-15,38.750665237073456,38.750665237073456
MEAS_R000429,C011,20260903,3,38.92043795698664,-0.5305115322729415,38.3899264247137,0.0,38.3899264247137,38.3899264247137
MEAS_R000431,C011,20260903,3,38.92043795698664,-0.691545183503042,38.228892773483594,0.0,38.228892773483594,38.2288927734836
MEAS_R000438,C012,20260903,3,38.92043795698664,1.4832473731961293,40.40368533018277,0.0,40.40368533018277,40.40368533018277
MEAS_R000441,C013,20260903,3,38.92043795698664,-0.23525566816618085,38.68518228882046,0.0,38.68518228882046,38.68518228882046
MEAS_R000443,C013,20260903,3,38.92043795698664,0.2233843914837878,39.14382234847043,0.0,39.14382234847043,39.14382234847043
MEAS_R000447,C014,20260903,3,38.92043795698664,-0.5818076121047159,38.33863034488192,0.0,38.33863034488192,38.33863034488192
MEAS_R000449,C014,20260903,3,38.92043795698664,-0.5545430945493687,38.36589486243727,-7.105427357601002e-15,38.365894862437266,38.36589486243727
MEAS_R000452,C016,20260903,3,38.92043795698664,-0.192730029482743,38.72770792750389,0.0,38.72770792750389,38.72770792750389
MEAS_R000457,C016,20260903,3,38.92043795698664,-0.3511351851028871,38.56930277188375,7.105427357601002e-15,38.569302771883756,38.56930277188376
MEAS_R000459,C017,20260903,3,38.92043795698664,0.4732977202761943,39.39373567726283,0.0,39.39373567726283,39.39373567726283
MEAS_R000470,C020,20260903,3,38.92043795698664,0.6956338981067223,39.61607185509336,0.0,39.61607185509336,39.61607185509336
MEAS_R000471,C021,20260903,3,38.92043795698664,-0.6769939814158685,38.24344397557077,0.0,38.24344397557077,38.24344397557077
MEAS_R000472,C021,20260903,3,38.92043795698664,-0.6394614090332945,38.280976547953344,0.0,38.280976547953344,38.280976547953344
MEAS_R000484,C023,20260903,3,38.92043795698664,0.3503207347616622,39.2707586917483,7.105427357601002e-15,39.270758691748306,39.27075869174831
MEAS_R000485,C024,20260903,3,38.92043795698664,0.06484703186827245,38.985284988854914,0.0,38.985284988854914,38.985284988854914
MEAS_R000495,C026,20260903,3,38.92043795698664,-0.1979948327580846,38.722443124228555,0.0,38.722443124228555,38.72244312422856
MEAS_R000502,C026,20260903,3,38.92043795698664,-0.2527065312630209,38.667731425723616,0.0,38.667731425723616,38.667731425723616
MEAS_R000505,C027,20260903,3,38.92043795698664,0.03944288358648289,38.95988084057312,0.0,38.95988084057312,38.95988084057312
MEAS_R000512,C028,20260903,3,38.92043795698664,1.245150683011428,40.16558863999807,-7.105427357601002e-15,40.16558863999806,40.16558863999806
MEAS_R000513,C029,20260903,3,38.92043795698664,-0.5876452140937976,38.33279274289284,0.0,38.33279274289284,38.33279274289284
MEAS_R000520,C030,20260903,3,38.92043795698664,1.2878592487932148,40.20829720577986,0.0,40.20829720577986,40.20829720577986
MEAS_R000002,C021,20260903,4,38.887149530636805,-0.6839827368831162,38.20316679375369,7.105427357601002e-15,38.203166793753695,38.203166793753695
MEAS_R000009,C021,20260903,4,38.887149530636805,-0.6504495278771546,38.23670000275965,7.105427357601002e-15,38.236700002759655,38.236700002759655
MEAS_R000012,C003,20260903,4,38.887149530636805,-0.4367626059959036,38.4503869246409,0.0,38.4503869246409,38.4503869246409
MEAS_R000015,C003,20260903,4,38.887149530636805,-0.4239764068671489,38.46317312376966,0.0,38.46317312376966,38.46317312376966
MEAS_R000031,C002,20260903,4,38.887149530636805,0.3855651685416069,39.27271469917841,7.105427357601002e-15,39.272714699178415,39.272714699178415
MEAS_R000034,C002,20260903,4,38.887149530636805,0.30005585839506316,39.18720538903187,7.105427357601002e-15,39.187205389031874,39.187205389031874
MEAS_R000037,C029,20260903,4,38.887149530636805,-0.5811333082335135,38.306016222403294,0.0,38.306016222403294,38.306016222403294
MEAS_R000042,C029,20260903,4,38.887149530636805,-0.5789779889160287,38.308171541720775,7.105427357601002e-15,38.30817154172078,38.30817154172078
MEAS_R000048,C001,20260903,4,38.887149530636805,-0.16249075541595856,38.724658775220846,0.0,38.724658775220846,38.724658775220846
MEAS_R000050,C001,20260903,4,38.887149530636805,-0.7507952453729645,38.13635428526384,0.0,38.13635428526384,38.13635428526384
MEAS_R000058,C001,20260903,4,38.887149530636805,-0.6262986955350538,38.26085083510175,7.105427357601002e-15,38.260850835101756,38.26085083510176
MEAS_R000065,C027,20260903,4,38.887149530636805,-0.2473210082614776,38.639828522375325,0.0,38.639828522375325,38.639828522375325
MEAS_R000071,C027,20260903,4,38.887149530636805,0.11345495960341806,39.00060449024022,7.105427357601002e-15,39.00060449024023,39.00060449024023
MEAS_R000075,C026,20260903,4,38.887149530636805,-0.30356252117113364,38.583587009465674,0.0,38.583587009465674,38.58358700946568
MEAS_R000082,C016,20260903,4,38.887149530636805,-0.45077441991852596,38.43637511071828,0.0,38.43637511071828,38.43637511071828
MEAS_R000085,C016,20260903,4,38.887149530636805,-0.43056971875354816,38.45657981188326,0.0,38.45657981188326,38.45657981188326
MEAS_R000096,C022,20260903,4,38.887149530636805,-0.5730492147056879,38.314100315931114,7.105427357601002e-15,38.31410031593112,38.31410031593112
MEAS_R000097,C022,20260903,4,38.887149530636805,-0.5827710170488831,38.30437851358792,7.105427357601002e-15,38.30437851358793,38.30437851358793
MEAS_R000099,C022,20260903,4,38.887149530636805,-0.576692294286552,38.31045723635025,7.105427357601002e-15,38.31045723635026,38.31045723635026
MEAS_R000110,C014,20260903,4,38.887149530636805,-0.8432720469247681,38.04387748371204,0.0,38.04387748371204,38.04387748371204
MEAS_R000113,C014,20260903,4,38.887149530636805,-0.27680448387679546,38.61034504676001,0.0,38.61034504676001,38.61034504676001
MEAS_R000118,C023,20260903,4,38.887149530636805,-0.2928649401033191,38.59428459053348,7.105427357601002e-15,38.59428459053349,38.59428459053349
MEAS_R000120,C023,20260903,4,38.887149530636805,0.019983052901425574,38.90713258353823,7.105427357601002e-15,38.907132583538235,38.90713258353824
MEAS_R000127,C023,20260903,4,38.887149530636805,0.0776204133982518,38.964769944035055,7.105427357601002e-15,38.96476994403506,38.96476994403506
MEAS_R000133,C011,20260903,4,38.887149530636805,-0.8313537433239818,38.055795787312825,0.0,38.055795787312825,38.055795787312825
MEAS_R000136,C011,20260903,4,38.887149530636805,-0.7057102496508874,38.18143928098592,0.0,38.18143928098592,38.18143928098592
MEAS_R000143,C004,20260903,4,38.887149530636805,-1.2767589575494545,37.61039057308735,0.0,37.61039057308735,37.61039057308735
MEAS_R000149,C004,20260903,4,38.887149530636805,-1.2608733112293231,37.62627621940748,7.105427357601002e-15,37.62627621940749,37.62627621940749
MEAS_R000158,C028,20260903,4,38.887149530636805,1.35686792535433,40.244017455991134,0.0,40.244017455991134,40.244017455991134
MEAS_R000160,C028,20260903,4,38.887149530636805,1.184760294802263,40.071909825439064,7.105427357601002e-15,40.07190982543907,40.07190982543907
MEAS_R000161,C028,20260903,4,38.887149530636805,1.3696564532394349,40.25680598387624,7.105427357601002e-15,40.25680598387625,40.25680598387625
MEAS_R000166,C008,20260903,4,38.887149530636805,-0.7817604485248243,38.105389082111984,0.0,38.105389082111984,38.105389082111984
MEAS_R000177,C030,20260903,4,38.887149530636805,1.2019033001628663,40.08905283079967,0.0,40.08905283079967,40.08905283079967
MEAS_R000184,C030,20260903,4,38.887149530636805,1.2048505446741007,40.09200007531091,0.0,40.09200007531091,40.09200007531091
MEAS_R000187,C030,20260903,4,38.887149530636805,1.2244257989605443,40.11157532959735,0.0,40.11157532959735,40.11157532959735
MEAS_R000191,C018,20260903,4,38.887149530636805,-0.11294580933227474,38.77420372130453,7.105427357601002e-15,38.77420372130454,38.77420372130454
MEAS_R000194,C018,20260903,4,38.887149530636805,-0.12857858092358795,38.75857094971322,0.0,38.75857094971322,38.75857094971322
MEAS_R000202,C025,20260903,4,38.887149530636805,0.5029974929682495,39.39014702360505,0.0,39.39014702360505,39.39014702360505
MEAS_R000211,C010,20260903,4,38.887149530636805,-0.17585737451165775,38.71129215612515,0.0,38.71129215612515,38.71129215612515
MEAS_R000216,C010,20260903,4,38.887149530636805,-0.30385058505628326,38.58329894558052,0.0,38.58329894558052,38.58329894558052
MEAS_R000222,C010,20260903,4,38.887149530636805,-0.2937496371833566,38.59339989345345,0.0,38.59339989345345,38.59339989345345
MEAS_R000225,C019,20260903,4,38.887149530636805,0.6020474874312338,39.48919701806804,0.0,39.48919701806804,39.48919701806804
MEAS_R000228,C019,20260903,4,38.887149530636805,0.5998506017804165,39.48700013241722,7.105427357601002e-15,39.48700013241723,39.48700013241723
MEAS_R000246,C005,20260903,4,38.887149530636805,-1.0703164402570233,37.81683309037978,0.0,37.81683309037978,37.81683309037978
MEAS_R000247,C005,20260903,4,38.887149530636805,-0.6803154949998131,38.206834035636994,0.0,38.206834035636994,38.206834035636994
MEAS_R000253,C017,20260903,4,38.887149530636805,0.20347103361288257,39.09062056424969,0.0,39.09062056424969,39.09062056424969
MEAS_R000261,C017,20260903,4,38.887149530636805,1.0516734457168726,39.93882297635368,7.105427357601002e-15,39.938822976353684,39.93882297635368
MEAS_R000262,C017,20260903,4,38.887149530636805,0.5343370210681698,39.42148655170497,7.105427357601002e-15,39.42148655170498,39.42148655170498
MEAS_R000273,C020,20260903,4,38.887149530636805,0.2760349251090744,39.16318445574588,0.0,39.16318445574588,39.16318445574588
MEAS_R000275,C020,20260903,4,38.887149530636805,1.3224775485873996,40.209627079224205,0.0,40.209627079224205,40.209627079224205
MEAS_R000277,C020,20260903,4,38.887149530636805,0.6612305195095449,39.54838005014635,7.105427357601002e-15,39.548380050146356,39.54838005014636
MEAS_R000284,C009,20260903,4,38.887149530636805,1.5941383008745245,40.48128783151133,0.0,40.48128783151133,40.48128783151133
MEAS_R000291,C009,20260903,4,38.887149530636805,1.5891419619427989,40.476291492579605,0.0,40.476291492579605,40.476291492579605
MEAS_R000300,C012,20260903,4,38.887149530636805,0.5725355189320774,39.45968504956888,7.105427357601002e-15,39.45968504956889,39.45968504956889
MEAS_R000302,C012,20260903,4,38.887149530636805,0.7570143532051394,39.64416388384194,7.105427357601002e-15,39.64416388384195,39.64416388384195
MEAS_R000307,C006,20260903,4,38.887149530636805,0.5774054197908588,39.46455495042766,7.105427357601002e-15,39.46455495042767,39.46455495042767
MEAS_R000310,C006,20260903,4,38.887149530636805,-0.23168913621937418,38.65546039441743,0.0,38.65546039441743,38.65546039441743
MEAS_R000319,C006,20260903,4,38.887149530636805,0.6636948961307367,39.55084442676754,7.105427357601002e-15,39.55084442676755,39.55084442676755
MEAS_R000327,C015,20260903,4,38.887149530636805,-0.6732406546201887,38.21390887601662,0.0,38.21390887601662,38.21390887601662
MEAS_R000329,C015,20260903,4,38.887149530636805,0.912209666901642,39.79935919753844,7.105427357601002e-15,39.79935919753845,39.79935919753845
MEAS_R000331,C015,20260903,4,38.887149530636805,0.9113220617394755,39.79847159237628,0.0,39.79847159237628,39.79847159237628
MEAS_R000338,C007,20260903,4,38.887149530636805,0.36483738108313346,39.25198691171994,0.0,39.25198691171994,39.25198691171994
MEAS_R000342,C007,20260903,4,38.887149530636805,0.8345460811776584,39.72169561181446,7.105427357601002e-15,39.72169561181447,39.72169561181447
MEAS_R000344,C007,20260903,4,38.887149530636805,0.8394967990120678,39.72664632964887,7.105427357601002e-15,39.72664632964888,39.72664632964888
MEAS_R000345,C007,20260903,4,38.887149530636805,-0.16385169926376736,38.72329783137304,0.0,38.72329783137304,38.72329783137304
MEAS_R000359,C013,20260903,4,38.887149530636805,-0.16139404014955688,38.725755490487245,0.0,38.725755490487245,38.725755490487245
MEAS_R000362,C013,20260903,4,38.887149530636805,0.21833899910379215,39.1054885297406,7.105427357601002e-15,39.105488529740605,39.105488529740605
MEAS_R000371,C024,20260903,4,38.887149530636805,-0.4651050724160581,38.422044458220746,7.105427357601002e-15,38.42204445822075,38.42204445822075
MEAS_R000379,C024,20260903,4,38.887149530636805,-0.02465248784970457,38.8624970427871,7.105427357601002e-15,38.862497042787105,38.86249704278711
MEAS_R000382,C024,20260903,4,38.887149530636805,1.6723113838389598,40.559460914475764,7.105427357601002e-15,40.55946091447577,40.55946091447577
MEAS_R000394,C003,20260903,4,38.887149530636805,-0.42626727842555545,38.46088225221125,0.0,38.46088225221125,38.46088225221125
MEAS_R000398,C004,20260903,4,38.887149530636805,-1.2063299597963444,37.68081957084046,0.0,37.68081957084046,37.68081957084046
MEAS_R000402,C005,20260903,4,38.887149530636805,-1.0993171427135815,37.787832387923224,7.105427357601002e-15,37.78783238792323,37.78783238792323
MEAS_R000406,C006,20260903,4,38.887149530636805,0.6592076728207014,39.546357203457504,7.105427357601002e-15,39.54635720345751,39.54635720345751
MEAS_R000408,C006,20260903,4,38.887149530636805,0.567978868806424,39.455128399443225,7.105427357601002e-15,39.45512839944323,39.45512839944323
MEAS_R000410,C008,20260903,4,38.887149530636805,-0.6921715755234711,38.19497795511333,7.105427357601002e-15,38.19497795511334,38.19497795511334
MEAS_R000412,C008,20260903,4,38.887149530636805,-0.7842150839316075,38.1029344467052,7.105427357601002e-15,38.102934446705206,38.102934446705206
MEAS_R000416,C009,20260903,4,38.887149530636805,1.593336606682869,40.48048613731967,0.0,40.48048613731967,40.48048613731967
MEAS_R000418,C009,20260903,4,38.887149530636805,1.5852418299106397,40.47239136054745,0.0,40.47239136054745,40.47239136054745
MEAS_R000427,C011,20260903,4,38.887149530636805,-0.6365215630990467,38.25062796753776,7.105427357601002e-15,38.25062796753777,38.25062796753777
MEAS_R000433,C011,20260903,4,38.887149530636805,-0.8333491858388253,38.05380034479798,7.105427357601002e-15,38.053800344797985,38.05380034479799
MEAS_R000440,C013,20260903,4,38.887149530636805,0.20906562375743437,39.09621515439424,7.105427357601002e-15,39.096215154394244,39.09621515439424
MEAS_R000450,C016,20260903,4,38.887149530636805,-0.1894828807093427,38.69766664992746,0.0,38.69766664992746,38.69766664992746
MEAS_R000456,C016,20260903,4,38.887149530636805,-0.05547880659175184,38.831670724045054,0.0,38.831670724045054,38.831670724045054
MEAS_R000463,C018,20260903,4,38.887149530636805,-0.13098554166349693,38.756163988973306,0.0,38.756163988973306,38.756163988973306
MEAS_R000466,C019,20260903,4,38.887149530636805,0.6056991281009716,39.49284865873778,7.105427357601002e-15,39.492848658737785,39.492848658737785
MEAS_R000473,C021,20260903,4,38.887149530636805,-0.607837105459449,38.27931242517736,7.105427357601002e-15,38.279312425177366,38.279312425177366
MEAS_R000475,C021,20260903,4,38.887149530636805,-0.6866976934139597,38.20045183722284,0.0,38.20045183722284,38.20045183722284
MEAS_R000488,C025,20260903,4,38.887149530636805,0.4988374531187896,39.38598698375559,0.0,39.38598698375559,39.38598698375559
MEAS_R000490,C025,20260903,4,38.887149530636805,0.30983296372578867,39.196982494362594,0.0,39.196982494362594,39.196982494362594
MEAS_R000497,C026,20260903,4,38.887149530636805,-0.21783158240666192,38.669317948230145,7.105427357601002e-15,38.66931794823015,38.66931794823015
MEAS_R000517,C029,20260903,4,38.887149530636805,-0.5915469017788645,38.29560262885794,0.0,38.29560262885794,38.29560262885794
MEAS_R000001,C021,20260903,5,38.90663615432866,-0.593107599505966,38.313528554822696,0.0,38.313528554822696,38.313528554822696
MEAS_R000017,C003,20260903,5,38.90663615432866,-0.41287768602457653,38.49375846830408,7.105427357601002e-15,38.49375846830409,38.49375846830409
MEAS_R000020,C003,20260903,5,38.90663615432866,-0.0878595355450225,38.81877661878364,0.0,38.81877661878364,38.81877661878364
MEAS_R000026,C002,20260903,5,38.90663615432866,0.03319408000595865,38.939830234334615,0.0,38.939830234334615,38.939830234334615
MEAS_R000028,C002,20260903,5,38.90663615432866,0.037424433248444564,38.944060587577106,0.0,38.944060587577106,38.94406058757711
MEAS_R000041,C029,20260903,5,38.90663615432866,-0.6405841515181572,38.266052002810504,0.0,38.266052002810504,38.2660520028105
MEAS_R000045,C029,20260903,5,38.90663615432866,-0.26955226945601146,38.637083884872645,0.0,38.637083884872645,38.637083884872645
MEAS_R000047,C001,20260903,5,38.90663615432866,-0.5212264720640667,38.385409682264594,0.0,38.385409682264594,38.385409682264594
MEAS_R000060,C001,20260903,5,38.90663615432866,-0.6790510341658231,38.227585120162836,0.0,38.227585120162836,38.22758512016284
MEAS_R000062,C027,20260903,5,38.90663615432866,0.1390388640032353,39.04567501833189,7.105427357601002e-15,39.0456750183319,39.0456750183319
MEAS_R000066,C027,20260903,5,38.90663615432866,-0.30194101393149547,38.60469514039716,0.0,38.60469514039716,38.60469514039716
MEAS_R000078,C026,20260903,5,38.90663615432866,-0.2392325031192701,38.66740365120939,0.0,38.66740365120939,38.66740365120939
MEAS_R000080,C016,20260903,5,38.90663615432866,-0.23892093021146996,38.66771522411719,7.105427357601002e-15,38.667715224117195,38.6677152241172
MEAS_R000092,C022,20260903,5,38.90663615432866,-0.20534674760493538,38.701289406723724,0.0,38.701289406723724,38.70128940672373
MEAS_R000098,C022,20260903,5,38.90663615432866,-0.17259832438052444,38.734037829948136,0.0,38.734037829948136,38.734037829948136
MEAS_R000103,C014,20260903,5,38.90663615432866,-0.5018244004226745,38.40481175390598,7.105427357601002e-15,38.40481175390599,38.40481175390599
MEAS_R000115,C014,20260903,5,38.90663615432866,-0.33065939253847554,38.57597676179018,0.0,38.57597676179018,38.57597676179018
MEAS_R000121,C023,20260903,5,38.90663615432866,0.008489854319865259,38.91512600864852,0.0,38.91512600864852,38.91512600864852
MEAS_R000124,C023,20260903,5,38.90663615432866,0.012500950015979409,38.919137104344635,0.0,38.919137104344635,38.91913710434464
MEAS_R000134,C011,20260903,5,38.90663615432866,-0.8262724632080057,38.08036369112065,7.105427357601002e-15,38.08036369112066,38.08036369112066
MEAS_R000145,C004,20260903,5,38.90663615432866,-1.2475477004201279,37.65908845390853,0.0,37.65908845390853,37.65908845390853
MEAS_R000156,C028,20260903,5,38.90663615432866,1.3321747769758159,40.23881093130448,0.0,40.23881093130448,40.23881093130448
MEAS_R000162,C028,20260903,5,38.90663615432866,1.3807356084913833,40.287371762820044,0.0,40.287371762820044,40.28737176282005
MEAS_R000163,C028,20260903,5,38.90663615432866,1.400474165673016,40.30711032000168,0.0,40.30711032000168,40.30711032000168
MEAS_R000165,C008,20260903,5,38.90663615432866,-0.695790067220597,38.21084608710806,7.105427357601002e-15,38.21084608710807,38.21084608710807
MEAS_R000167,C008,20260903,5,38.90663615432866,-0.784202834231014,38.12243332009764,0.0,38.12243332009764,38.12243332009764
MEAS_R000168,C008,20260903,5,38.90663615432866,-0.7833775065358107,38.123258647792845,0.0,38.123258647792845,38.123258647792845
MEAS_R000181,C030,20260903,5,38.90663615432866,1.3108933674874037,40.21752952181606,0.0,40.21752952181606,40.21752952181606
MEAS_R000186,C030,20260903,5,38.90663615432866,1.2026248692450536,40.109261023573715,-7.105427357601002e-15,40.10926102357371,40.10926102357371
MEAS_R000197,C018,20260903,5,38.90663615432866,-0.11832801101990174,38.788308143308754,0.0,38.788308143308754,38.788308143308754
MEAS_R000206,C025,20260903,5,38.90663615432866,0.46525258050263324,39.371888734831295,0.0,39.371888734831295,39.371888734831295
MEAS_R000217,C010,20260903,5,38.90663615432866,-0.24600871747729947,38.66062743685136,7.105427357601002e-15,38.660627436851364,38.66062743685136
MEAS_R000223,C010,20260903,5,38.90663615432866,-0.20636154223200617,38.700274612096656,0.0,38.700274612096656,38.700274612096656
MEAS_R000224,C010,20260903,5,38.90663615432866,-0.0986860230140523,38.807950131314605,7.105427357601002e-15,38.80795013131461,38.80795013131461
MEAS_R000232,C019,20260903,5,38.90663615432866,0.6119114819192821,39.51854763624794,0.0,39.51854763624794,39.51854763624794
MEAS_R000235,C019,20260903,5,38.90663615432866,0.5685093879605067,39.47514554228916,0.0,39.47514554228916,39.47514554228916
MEAS_R000241,C005,20260903,5,38.90663615432866,-1.1498482594206894,37.75678789490797,-7.105427357601002e-15,37.756787894907966,37.756787894907966
MEAS_R000245,C005,20260903,5,38.90663615432866,-0.9222784574662775,37.98435769686238,0.0,37.98435769686238,37.98435769686238
MEAS_R000254,C017,20260903,5,38.90663615432866,0.30520823555837867,39.21184438988704,0.0,39.21184438988704,39.21184438988704
MEAS_R000255,C017,20260903,5,38.90663615432866,0.08939418637826863,38.99603034070693,0.0,38.99603034070693,38.99603034070693
MEAS_R000258,C017,20260903,5,38.90663615432866,0.5343230090761201,39.44095916340478,0.0,39.44095916340478,39.44095916340478
MEAS_R000268,C020,20260903,5,38.90663615432866,0.6681762169050824,39.57481237123374,0.0,39.57481237123374,39.57481237123374
MEAS_R000279,C020,20260903,5,38.90663615432866,1.1867606242003454,40.093396778529005,0.0,40.093396778529005,40.093396778529005
MEAS_R000283,C020,20260903,5,38.90663615432866,1.208756786023727,40.115392940352386,0.0,40.115392940352386,40.11539294035239
MEAS_R000292,C009,20260903,5,38.90663615432866,1.574379729408598,40.48101588373726,0.0,40.48101588373726,40.48101588373726
MEAS_R000299,C012,20260903,5,38.90663615432866,1.0376837330661013,39.94431988739476,0.0,39.94431988739476,39.94431988739476
MEAS_R000301,C012,20260903,5,38.90663615432866,1.034782818219274,39.941418972547936,-7.105427357601002e-15,39.94141897254793,39.94141897254793
MEAS_R000312,C006,20260903,5,38.90663615432866,-0.22945380795464787,38.67718234637401,0.0,38.67718234637401,38.67718234637401
MEAS_R000316,C006,20260903,5,38.90663615432866,0.7310417161061977,39.63767787043486,0.0,39.63767787043486,39.63767787043486
MEAS_R000326,C015,20260903,5,38.90663615432866,-0.659551171979373,38.247084982349286,7.105427357601002e-15,38.24708498234929,38.24708498234929
MEAS_R000332,C015,20260903,5,38.90663615432866,0.1068180422916566,39.013454196620316,0.0,39.013454196620316,39.01345419662032
MEAS_R000333,C015,20260903,5,38.90663615432866,0.11987268914440334,39.02650884347306,0.0,39.02650884347306,39.02650884347306
MEAS_R000341,C007,20260903,5,38.90663615432866,0.2862983014653505,39.19293445579401,0.0,39.19293445579401,39.19293445579401
MEAS_R000348,C007,20260903,5,38.90663615432866,0.6326222125337824,39.53925836686244,0.0,39.53925836686244,39.53925836686244
MEAS_R000355,C007,20260903,5,38.90663615432866,0.8521216757164591,39.75875783004512,0.0,39.75875783004512,39.75875783004512
MEAS_R000357,C013,20260903,5,38.90663615432866,0.1731974670285876,39.079833621357245,0.0,39.079833621357245,39.079833621357245
MEAS_R000361,C013,20260903,5,38.90663615432866,0.10539502768885381,39.012031182017516,0.0,39.012031182017516,39.01203118201752
MEAS_R000367,C024,20260903,5,38.90663615432866,-0.4810225864869626,38.425613567841694,0.0,38.425613567841694,38.425613567841694
MEAS_R000368,C024,20260903,5,38.90663615432866,-0.4815671098716864,38.425069044456976,0.0,38.425069044456976,38.425069044456976
MEAS_R000381,C024,20260903,5,38.90663615432866,-0.4343890087859701,38.47224714554269,0.0,38.47224714554269,38.47224714554269
MEAS_R000388,C002,20260903,5,38.90663615432866,0.04275964602598553,38.949395800354644,0.0,38.949395800354644,38.94939580035464
MEAS_R000390,C002,20260903,5,38.90663615432866,0.03430798130582376,38.94094413563448,7.105427357601002e-15,38.94094413563449,38.94094413563449
MEAS_R000396,C003,20260903,5,38.90663615432866,-0.3141772066525931,38.592458947676064,0.0,38.592458947676064,38.592458947676064
MEAS_R000399,C004,20260903,5,38.90663615432866,-1.1953157798459553,37.7113203744827,0.0,37.7113203744827,37.7113203744827
MEAS_R000400,C004,20260903,5,38.90663615432866,-1.348843961851271,37.557792192477386,0.0,37.557792192477386,37.557792192477386
MEAS_R000403,C005,20260903,5,38.90663615432866,-1.1348110105861455,37.77182514374251,0.0,37.77182514374251,37.77182514374251
MEAS_R000417,C009,20260903,5,38.90663615432866,1.5582086281750585,40.46484478250372,0.0,40.46484478250372,40.46484478250372
MEAS_R000434,C011,20260903,5,38.90663615432866,-0.8298369406383455,38.076799213690315,-7.105427357601002e-15,38.07679921369031,38.07679921369031
MEAS_R000439,C013,20260903,5,38.90663615432866,0.10326875621100454,39.00990491053966,7.105427357601002e-15,39.00990491053967,39.00990491053967
MEAS_R000445,C013,20260903,5,38.90663615432866,0.17333784066869298,39.07997399499735,0.0,39.07997399499735,39.07997399499735
MEAS_R000454,C016,20260903,5,38.90663615432866,-0.18919690982155418,38.717439244507105,0.0,38.717439244507105,38.71743924450711
MEAS_R000458,C017,20260903,5,38.90663615432866,0.072996085624015,38.97963223995267,7.105427357601002e-15,38.97963223995268,38.97963223995268
MEAS_R000460,C018,20260903,5,38.90663615432866,-0.115703156540478,38.79093299778818,-7.105427357601002e-15,38.790932997788175,38.790932997788175
MEAS_R000462,C018,20260903,5,38.90663615432866,-0.13960284405904125,38.76703331026962,0.0,38.76703331026962,38.76703331026962
MEAS_R000465,C019,20260903,5,38.90663615432866,0.5143731812894309,39.42100933561809,0.0,39.42100933561809,39.42100933561809
MEAS_R000474,C021,20260903,5,38.90663615432866,-0.6908762043854508,38.215759949943205,0.0,38.215759949943205,38.215759949943205
MEAS_R000482,C023,20260903,5,38.90663615432866,0.0041282909085480326,38.910764445237206,0.0,38.910764445237206,38.910764445237206
MEAS_R000486,C025,20260903,5,38.90663615432866,0.4753841339479024,39.382020288276564,0.0,39.382020288276564,39.38202028827656
MEAS_R000487,C025,20260903,5,38.90663615432866,0.46900784800507694,39.375644002333736,0.0,39.375644002333736,39.375644002333736
MEAS_R000500,C026,20260903,5,38.90663615432866,-0.3364835337622843,38.570152620566375,0.0,38.570152620566375,38.570152620566375
MEAS_R000506,C027,20260903,5,38.90663615432866,-0.29892517406966385,38.60771098025899,7.105427357601002e-15,38.607710980259,38.607710980259
MEAS_R000516,C029,20260903,5,38.90663615432866,-0.6382812627647855,38.268354891563874,0.0,38.268354891563874,38.268354891563874
MEAS_R000518,C030,20260903,5,38.90663615432866,1.3115597321273857,40.218195886456044,0.0,40.218195886456044,40.21819588645605
