"Dataset","FoldMode","FoldID","Model","RowID","CowKey","ThermalRegime","Source","SourceType","EarStatus","Ear","Air","Time","Actual","Predicted","Residual","ChosenModel","InnerChoiceRMSE","eb_exact","eb_medium","eb_coarse","global_exact","global_medium","global_coarse","may_session","may_session_hour","tight_session","ridge","xgb_residual","direct_xgb","W_eb_exact","W_eb_medium","W_eb_coarse","W_global_exact","W_global_medium","W_global_coarse","W_may_session","W_may_session_hour","W_tight_session","W_ridge","W_xgb_residual","W_direct_xgb"
"all_measured_520_analysis_set","within_cow_random5",1,"StrictHierarchicalEBResidualXGB",5,"C021","stable_cool","S01","measurement_group_1","measurement_status_1",32.8,22,15,38.1,38.2635028557141,-0.1635028557141,"may_session_hour+eb_exact+may_session",0.329874417608744,38.2684693314279,38.3353586805755,38.3520810178624,38.6452720690615,38.2413668327197,38.6452720690615,38.2683854516438,38.2614103146014,38.2509494069781,38.1580638721825,38.2934264851504,38.2029876708984,0,0,0,0,0,0,0.3,0.7,0,0,0,0
"all_measured_520_analysis_set","within_cow_random5",1,"StrictHierarchicalEBResidualXGB",6,"C021","stable_cool","S01","measurement_group_1","measurement_status_1",28.1,13.4,21,38.3,38.3610476655788,-0.0610476655788332,"may_session_hour+eb_exact+may_session",0.329874417608744,38.273987198428,38.3956246834097,38.4251472546015,38.6452720690615,38.6452720690615,38.6452720690615,38.2683854516438,38.4007600429796,38.2509494069781,38.3388925801166,38.4178499907104,38.353702545166,0,0,0,0,0,0,0.3,0.7,0,0,0,0
"all_measured_520_analysis_set","within_cow_random5",1,"StrictHierarchicalEBResidualXGB",10,"C003","stable_cool","S01","measurement_group_1","measurement_status_1",31.4,5.4,0,39,38.5202363086195,0.479763691380505,"may_session_hour+eb_exact+may_session",0.329874417608744,38.4796148422638,38.5062523298169,38.5129117017052,38.6452720690615,38.6452720690615,38.6226360345308,38.4794173075995,38.5377301661995,38.4718421896231,38.4844674414511,38.4885922633315,38.4278182983398,0,0,0,0,0,0,0.3,0.7,0,0,0,0
"all_measured_520_analysis_set","within_cow_random5",1,"StrictHierarchicalEBResidualXGB",11,"C003","stable_cool","S01","measurement_group_1","measurement_status_1",33.3,6.1,11,38.8,38.5579803913555,0.24201960864454,"may_session_hour+eb_exact+may_session",0.329874417608744,38.5006822448676,38.5366700065215,38.5422811143736,38.6452720690615,38.2413668327197,38.3726360345308,38.4794173075995,38.5916502843937,38.4718421896231,38.477480478152,38.5446836572964,38.5210075378418,0,0,0,0,0,0,0.3,0.7,0,0,0,0
"all_measured_520_analysis_set","within_cow_random5",1,"StrictHierarchicalEBResidualXGB",19,"C003","stable_cool","S01","measurement_group_1","measurement_status_1",32,9,19,39,38.5836992199032,0.416300780096762,"may_session_hour+eb_exact+may_session",0.329874417608744,38.4796148422638,38.558113875953,38.5777386343753,38.6452720690615,39.1121926042303,38.6452720690615,38.4794173075995,38.6283914680334,38.4718421896231,38.5777126772666,38.5867267857915,38.6589317321777,0,0,0,0,0,0,0.3,0.7,0,0,0,0
"all_measured_520_analysis_set","within_cow_random5",1,"StrictHierarchicalEBResidualXGB",27,"C002","stable_cool","S01","measurement_group_1","measurement_status_1",32.8,8,13,39.2,38.9816030921138,0.218396907886159,"may_session_hour+eb_exact+may_session",0.329874417608744,39.0708445689892,38.9566801905208,38.9373724334829,38.6452720690615,38.6452720690615,38.7726360345308,39.1295994016902,38.9181761022954,39.1567986787824,38.9341268881629,38.9660835785368,39.0888786315918,0,0,0,0,0,0,0.3,0.7,0,0,0,0
"all_measured_520_analysis_set","within_cow_random5",1,"StrictHierarchicalEBResidualXGB",29,"C002","stable_cool","S01","measurement_group_1","measurement_status_1",36.2,8.8,14,39,38.9816030921138,0.0183969078861566,"may_session_hour+eb_exact+may_session",0.329874417608744,39.1282964472596,39.0143530849236,38.9858672443396,38.6452720690615,38.6452720690615,38.4726360345308,39.1295994016902,38.9181761022954,39.1567986787824,39.064168796506,38.9845063887405,38.9998664855957,0,0,0,0,0,0,0.3,0.7,0,0,0,0
"all_measured_520_analysis_set","within_cow_random5",1,"StrictHierarchicalEBResidualXGB",30,"C002","stable_cool","S01","measurement_group_1","measurement_status_1",36,9.1,15,38.9,38.9816030921138,-0.0816030921138449,"may_session_hour+eb_exact+may_session",0.329874417608744,39.1058445689892,39.0055796117427,38.9841217100102,38.6452720690615,38.6452720690615,38.6452720690615,39.1295994016902,38.9181761022954,39.1567986787824,39.0748454100777,38.9544438295903,38.9809646606445,0,0,0,0,0,0,0.3,0.7,0,0,0,0
"all_measured_520_analysis_set","within_cow_random5",1,"StrictHierarchicalEBResidualXGB",36,"C029","stable_cool","S01","measurement_group_1","measurement_status_1",35.7,6.1,11,38.1,38.3626797757814,-0.262679775781422,"may_session_hour+eb_exact+may_session",0.329874417608744,38.3189407587995,38.3916351768001,38.4104544889866,38.6452720690615,38.6452720690615,38.6452720690615,38.3228452854388,38.379751700214,38.3079539960478,38.3498564844168,38.385228437446,38.3545570373535,0,0,0,0,0,0,0.3,0.7,0,0,0,0
"all_measured_520_analysis_set","within_cow_random5",1,"StrictHierarchicalEBResidualXGB",43,"C029","stable_cool","S01","measurement_group_1","measurement_status_1",33.2,9,19,38.5,38.4272874932181,0.0727125067818974,"may_session_hour+eb_exact+may_session",0.329874417608744,38.3229584955146,38.4327887985536,38.4602463743133,38.6452720690615,38.6452720690615,38.4726360345308,38.3228452854388,38.4720484394092,38.3079539960478,38.4252379456208,38.4808209258743,38.4967231750488,0,0,0,0,0,0,0.3,0.7,0,0,0,0
"all_measured_520_analysis_set","within_cow_random5",1,"StrictHierarchicalEBResidualXGB",46,"C029","stable_cool","S01","measurement_group_1","measurement_status_1",32.2,5.5,23,38.9,38.3738850728568,0.526114927143219,"may_session_hour+eb_exact+may_session",0.329874417608744,38.3229584955146,38.3700181615084,38.3817830780069,38.6452720690615,38.537663129016,38.5726360345308,38.3228452854388,38.3957592674645,38.3079539960478,38.5536426410207,38.3795871824503,38.3870468139648,0,0,0,0,0,0,0.3,0.7,0,0,0,0
"all_measured_520_analysis_set","within_cow_random5",1,"StrictHierarchicalEBResidualXGB",51,"C001","stable_cool","S01","measurement_group_1","measurement_status_1",31.9,6.8,12,38,38.2046108653384,-0.204610865338445,"may_session_hour+eb_exact+may_session",0.329874417608744,38.2829140176993,38.2548733124939,38.3356598130704,38.6452720690615,38.6942821564691,38.5690544138123,38.2956153685413,38.1656089353944,38.279451701513,38.2559433071161,38.2317324927506,38.2070426940918,0,0,0,0,0,0,0.3,0.7,0,0,0,0
"all_measured_520_analysis_set","within_cow_random5",1,"StrictHierarchicalEBResidualXGB",55,"C001","stable_cool","S01","measurement_group_1","measurement_status_1",32,9.1,15,38.4,38.2046108653384,0.195389134661553,"may_session_hour+eb_exact+may_session",0.329874417608744,38.2614639786138,38.3302436831079,38.3529430630478,38.6452720690615,38.6452720690615,38.6452720690615,38.2956153685413,38.1656089353944,38.279451701513,38.141592322767,38.3076396478943,38.2550392150879,0,0,0,0,0,0,0.3,0.7,0,0,0,0
"all_measured_520_analysis_set","within_cow_random5",1,"StrictHierarchicalEBResidualXGB",57,"C001","stable_cool","S01","measurement_group_1","measurement_status_1",30.5,9,19,38.2,38.374723134954,-0.174723134954021,"may_session_hour+eb_exact+may_session",0.329874417608744,38.2957139134712,38.4109931329189,38.4398129377808,38.6452720690615,38.9080334993863,38.8226360345308,38.2956153685413,38.4086264634166,38.279451701513,38.3321300839416,38.434386965066,38.3770523071289,0,0,0,0,0,0,0.3,0.7,0,0,0,0
"all_measured_520_analysis_set","within_cow_random5",1,"StrictHierarchicalEBResidualXGB",63,"C027","stable_cool","S01","measurement_group_1","measurement_status_1",31.5,5,11,38.7,39.9174358359242,-1.21743583592421,"may_session_hour+eb_exact+may_session",0.329874417608744,39.3880504513421,39.2404656874782,39.1315712164444,38.6452720690615,38.6452720690615,38.6452720690615,38.9407223963426,40.3360273100306,38.9573937201047,38.8935158845952,39.2340291336945,38.9013786315918,0,0,0,0,0,0,0.3,0.7,0,0,0,0
"all_measured_520_analysis_set","within_cow_random5",1,"StrictHierarchicalEBResidualXGB",64,"C027","stable_cool","S01","measurement_group_1","measurement_status_1",31.9,6.9,12,38.5,38.6837759853464,-0.183775985346365,"may_session_hour+eb_exact+may_session",0.329874417608744,38.8805504513421,38.8022413972545,38.7922283536647,38.6452720690615,38.6942821564691,38.5690544138123,38.9407223963426,38.5736560949194,38.9573937201047,38.8846117631829,38.7696486349928,38.8381309509277,0,0,0,0,0,0,0.3,0.7,0,0,0,0
"all_measured_520_analysis_set","within_cow_random5",1,"StrictHierarchicalEBResidualXGB",67,"C027","stable_cool","S01","measurement_group_1","measurement_status_1",33.8,8.8,14,38.6,38.6837759853464,-0.0837759853463638,"may_session_hour+eb_exact+may_session",0.329874417608744,38.940061153142,38.8637648496295,38.8446907737513,38.6452720690615,38.6452720690615,38.5817573563538,38.9407223963426,38.5736560949194,38.9573937201047,38.9134670475352,38.834574922126,38.8716583251953,0,0,0,0,0,0,0.3,0.7,0,0,0,0
"all_measured_520_analysis_set","within_cow_random5",1,"StrictHierarchicalEBResidualXGB",74,"C026","stable_cool","S01","measurement_group_1","measurement_status_1",33.9,8,13,38.5,38.6496363201955,-0.149636320195498,"may_session_hour+eb_exact+may_session",0.329874417608744,38.7219446163,38.6767394872514,38.6654382049892,38.6452720690615,38.6452720690615,38.4150906896872,38.7220404681944,38.6186059710531,38.7269894071569,38.5560355373442,38.6726008368787,38.671688079834,0,0,0,0,0,0,0.3,0.7,0,0,0,0
"all_measured_520_analysis_set","within_cow_random5",1,"StrictHierarchicalEBResidualXGB",79,"C026","stable_cool","S01","measurement_group_1","measurement_status_1",30.7,5.5,23,38.6,38.7360762782289,-0.13607627822892,"may_session_hour+eb_exact+may_session",0.329874417608744,38.7219446163,38.6892070581368,38.681022668596,38.6452720690615,38.2413668327197,38.3726360345308,38.7220404681944,38.7420916253866,38.7269894071569,38.8608838178052,38.7058394325129,38.7319984436035,0,0,0,0,0,0,0.3,0.7,0,0,0,0
"all_measured_520_analysis_set","within_cow_random5",1,"StrictHierarchicalEBResidualXGB",81,"C016","stable_cool","S01","measurement_group_1","measurement_status_1",31.8,6.1,11,39.2,38.7083816407712,0.491618359228852,"may_session_hour+eb_exact+may_session",0.329874417608744,38.6243597015667,38.635912934775,38.6388012430771,38.6452720690615,38.6452720690615,38.6452720690615,38.6240215652856,38.7445359588364,38.6231286570889,38.5968201165909,38.6466739014634,38.6190872192383,0,0,0,0,0,0,0.3,0.7,0,0,0,0
"all_measured_520_analysis_set","within_cow_random5",1,"StrictHierarchicalEBResidualXGB",88,"C016","stable_cool","S01","measurement_group_1","measurement_status_1",31.8,5.5,23,38.8,38.6418091600687,0.158190839931265,"may_session_hour+eb_exact+may_session",0.329874417608744,38.6375967537925,38.6215396673847,38.6153980123893,38.6452720690615,38.6452720690615,38.6452720690615,38.6240215652856,38.6494324149758,38.6231286570889,38.8628700455743,38.6223884698898,38.5897216796875,0,0,0,0,0,0,0.3,0.7,0,0,0,0
"all_measured_520_analysis_set","within_cow_random5",1,"StrictHierarchicalEBResidualXGB",91,"C022","stable_cool","S01","measurement_group_1","measurement_status_1",32.2,6.1,11,38.1,38.4259422041514,-0.325942204151438,"may_session_hour+eb_exact+may_session",0.329874417608744,38.4232217537925,38.4753759758096,38.4926152729205,38.6452720690615,38.6452720690615,38.5484240230205,38.44881029768,38.4161415926392,38.4390065196843,38.3725347729251,38.4812409638908,38.4721984863281,0,0,0,0,0,0,0.3,0.7,0,0,0,0
"all_measured_520_analysis_set","within_cow_random5",1,"StrictHierarchicalEBResidualXGB",95,"C022","stable_cool","S01","measurement_group_1","measurement_status_1",32.5,8,13,38.7,38.5331706983422,0.166829301657813,"may_session_hour+eb_exact+may_session",0.329874417608744,38.4057217537925,38.4243845964993,38.4360635487825,38.6452720690615,38.6452720690615,38.6452720690615,38.44881029768,38.5693251557688,38.4390065196843,38.3733656954475,38.3881753335918,38.3703193664551,0,0,0,0,0,0,0.3,0.7,0,0,0,0
"all_measured_520_analysis_set","within_cow_random5",1,"StrictHierarchicalEBResidualXGB",101,"C022","stable_cool","S01","measurement_group_1","measurement_status_1",31.1,5.4,22,38.2,38.4541102112544,-0.254110211254364,"may_session_hour+eb_exact+may_session",0.329874417608744,38.4407217537925,38.4745173038944,38.4843544330264,38.6452720690615,38.6452720690615,38.7226360345308,38.44881029768,38.4563816027862,38.4390065196843,38.7100450880289,38.4878788035392,38.5929527282715,0,0,0,0,0,0,0.3,0.7,0,0,0,0
"all_measured_520_analysis_set","within_cow_random5",1,"StrictHierarchicalEBResidualXGB",104,"C014","stable_cool","S01","measurement_group_1","measurement_status_1",30.4,5,11,38.5,38.3011988997818,0.198801100218205,"may_session_hour+eb_exact+may_session",0.329874417608744,38.3045498787925,38.3809879549763,38.4104798562538,38.6452720690615,38.6452720690615,38.6452720690615,38.3685051333607,38.2723533711051,38.3546172067072,38.2980352392503,38.380510233731,38.3361968994141,0,0,0,0,0,0,0.3,0.7,0,0,0,0
"all_measured_520_analysis_set","within_cow_random5",1,"StrictHierarchicalEBResidualXGB",109,"C014","stable_cool","S01","measurement_group_1","measurement_status_1",32.7,9.3,13,38.1,38.1294591778514,-0.029459177851443,"may_session_hour+eb_exact+may_session",0.329874417608744,38.2170498787925,38.2749965756659,38.3139281321159,38.6452720690615,38.649295840073,38.5113180172654,38.3685051333607,38.0270109112046,38.3546172067072,38.2728372344448,38.2379335246508,38.2650146484375,0,0,0,0,0,0,0.3,0.7,0,0,0,0
"all_measured_520_analysis_set","within_cow_random5",1,"StrictHierarchicalEBResidualXGB",111,"C014","stable_cool","S01","measurement_group_1","measurement_status_1",33.5,11.2,15,38,38.1294591778514,-0.129459177851444,"may_session_hour+eb_exact+may_session",0.329874417608744,38.3691513682334,38.4159043100199,38.4275925454665,38.6452720690615,38.6452720690615,38.3290544138123,38.3685051333607,38.0270109112046,38.3546172067072,38.2705580286554,38.3749645058533,38.2800102233887,0,0,0,0,0,0,0.3,0.7,0,0,0,0
"all_measured_520_analysis_set","within_cow_random5",1,"StrictHierarchicalEBResidualXGB",117,"C023","stable_cool","S01","measurement_group_1","measurement_status_1",30.4,5,11,38.3,39.1433701645062,-0.843370164506155,"may_session_hour+eb_exact+may_session",0.329874417608744,39.0909561287925,39.0082535799763,38.9770423562538,38.6452720690615,38.6452720690615,38.6452720690615,39.0255473868819,39.1938656406309,39.0450752219744,38.9347745246978,38.9946986381135,38.9765548706055,0,0,0,0,0,0,0.3,0.7,0,0,0,0
"all_measured_520_analysis_set","within_cow_random5",1,"StrictHierarchicalEBResidualXGB",125,"C023","stable_cool","S01","measurement_group_1","measurement_status_1",35.3,9.1,15,39,38.9532406928189,0.0467593071811478,"may_session_hour+eb_exact+may_session",0.329874417608744,39.0384561287925,38.9511616218878,38.9272399086431,38.6452720690615,38.6452720690615,38.6452720690615,39.0255473868819,38.922252109649,39.0450752219744,38.9661712625595,38.9181110661519,38.8920631408691,0,0,0,0,0,0,0.3,0.7,0,0,0,0
"all_measured_520_analysis_set","within_cow_random5",1,"StrictHierarchicalEBResidualXGB",128,"C023","stable_cool","S01","measurement_group_1","measurement_status_1",33.8,5.4,22,39.4,39.0767976838037,0.323202316196266,"may_session_hour+eb_exact+may_session",0.329874417608744,39.0254013682334,38.9421375961931,38.9213216531831,38.6452720690615,38.6452720690615,38.6452720690615,39.0255473868819,39.0987620967702,39.0450752219744,39.2427192618519,38.9457507769069,39.0766067504883,0,0,0,0,0,0,0.3,0.7,0,0,0,0
"all_measured_520_analysis_set","within_cow_random5",1,"StrictHierarchicalEBResidualXGB",132,"C011","stable_cool","S01","measurement_group_1","measurement_status_1",30.8,18.3,13,37.9,38.157242971195,-0.257242971194977,"may_session_hour+eb_exact+may_session",0.329874417608744,38.2597763682334,38.307004888798,38.3188120189392,38.6452720690615,38.6452720690615,38.6452720690615,38.2589980911072,38.1136336340897,38.2395408708293,38.2546937572068,38.2829348643077,38.1586532592773,0,0,0,0,0,0,0.3,0.7,0,0,0,0
"all_measured_520_analysis_set","within_cow_random5",1,"StrictHierarchicalEBResidualXGB",137,"C011","stable_cool","S01","measurement_group_1","measurement_status_1",30.6,10.9,23,38.2,38.423861611087,-0.223861611087031,"may_session_hour+eb_exact+may_session",0.329874417608744,38.2843155037925,38.3387532090514,38.3484188457226,38.6452720690615,38.6452720690615,38.6452720690615,38.2589980911072,38.4945174053641,38.2395408708293,38.526562893029,38.3331966633654,38.2375526428223,0,0,0,0,0,0,0.3,0.7,0,0,0,0
"all_measured_520_analysis_set","within_cow_random5",1,"StrictHierarchicalEBResidualXGB",141,"C004","stable_cool","S01","measurement_group_1","measurement_status_1",32.4,4.6,12,37.5,37.6208853319985,-0.120885331998544,"may_session_hour+eb_exact+may_session",0.329874417608744,37.6455655037925,37.8138443939192,37.8608765768074,38.6452720690615,38.6452720690615,38.6452720690615,37.6749605324218,37.5977102461029,37.6258004128141,37.6189537005337,37.7611037529809,37.7409820556641,0,0,0,0,0,0,0.3,0.7,0,0,0,0
"all_measured_520_analysis_set","within_cow_random5",1,"StrictHierarchicalEBResidualXGB",142,"C004","stable_cool","S01","measurement_group_1","measurement_status_1",30.6,9.4,9,37.6,37.6900294997716,-0.0900294997716458,"may_session_hour+eb_exact+may_session",0.329874417608744,37.6764430349,37.8997620768688,37.955591837361,38.6452720690615,38.6452720690615,38.6452720690615,37.6749605324218,37.6964876286359,37.6258004128141,37.6557109315699,37.8686892703018,37.7686233520508,0,0,0,0,0,0,0.3,0.7,0,0,0,0
"all_measured_520_analysis_set","within_cow_random5",1,"StrictHierarchicalEBResidualXGB",144,"C004","stable_cool","S01","measurement_group_1","measurement_status_1",31.2,8.8,12,37.5,37.6208853319985,-0.120885331998544,"may_session_hour+eb_exact+may_session",0.329874417608744,37.6455655037925,37.8138443939192,37.8608765768074,38.6452720690615,38.6452720690615,38.6452720690615,37.6749605324218,37.5977102461029,37.6258004128141,37.6274134027418,37.8098054374372,37.8025665283203,0,0,0,0,0,0,0.3,0.7,0,0,0,0
"all_measured_520_analysis_set","within_cow_random5",1,"StrictHierarchicalEBResidualXGB",150,"C004","stable_cool","S01","measurement_group_1","measurement_status_1",30.6,4.5,19,37.6,37.8296831505918,-0.229683150591768,"may_session_hour+eb_exact+may_session",0.329874417608744,37.6764430349,37.9155764300619,37.9753597788524,38.6452720690615,38.6452720690615,38.6452720690615,37.6749605324218,37.8959928440932,37.6258004128141,37.6022556282802,37.9078365788107,37.8757362365723,0,0,0,0,0,0,0.3,0.7,0,0,0,0
"all_measured_520_analysis_set","within_cow_random5",1,"StrictHierarchicalEBResidualXGB",154,"C028","stable_hot","S01","measurement_group_1","measurement_status_1",38.6,37.4,14,40.2,40.1668596417516,0.0331403582483745,"tight_session+may_session+may_session_hour",0.319297963373907,40.1655936716792,39.944619584676,39.8893760629252,39.2631110743893,39.2631110743893,39.2631110743893,40.0569984581885,39.6982006490399,40.1915259045259,40.0273551728406,39.8787456563079,39.7885475158691,0,0,0,0,0,0,0,0.0499999999999999,0.95,0,0,0
"all_measured_520_analysis_set","within_cow_random5",1,"StrictHierarchicalEBResidualXGB",155,"C028","stable_hot","S01","measurement_group_1","measurement_status_1",37.7,40.4,13,39.8,39.7589525167223,0.0410474832777226,"tight_session+may_session+may_session_hour",0.319297963373907,40.1716147791353,39.9469576871867,39.8898257362155,39.2631110743893,39.2631110743893,39.2631110743893,39.4578785261728,39.1349107665304,39.791796819364,39.9495760596976,39.8966114095325,39.7812919616699,0,0,0,0,0,0,0,0.0499999999999999,0.95,0,0,0
"all_measured_520_analysis_set","within_cow_random5",1,"StrictHierarchicalEBResidualXGB",164,"C008","stable_cool","S01","measurement_group_1","measurement_status_1",33.6,2.9,21,38.3,38.3870067013799,-0.0870067013798845,"may_session_hour+eb_exact+may_session",0.329874417608744,38.1868597015667,38.3260015125921,38.3607869653484,38.6452720690615,38.6452720690615,38.6452720690615,38.1859933962715,38.473155260712,38.1628233135774,38.2852458591411,38.3680973004153,38.3479232788086,0,0,0,0,0,0,0.3,0.7,0,0,0,0
"all_measured_520_analysis_set","within_cow_random5",1,"StrictHierarchicalEBResidualXGB",170,"C008","stable_cool","S01","measurement_group_1","measurement_status_1",34.3,10.8,10,38.1,38.1497205269127,-0.0497205269127434,"may_session_hour+eb_exact+may_session",0.329874417608744,38.1716592537925,38.299815179296,38.3342970897784,38.6452720690615,38.6452720690615,38.6452720690615,38.1859933962715,38.1341750114733,38.1628233135774,38.1772351497117,38.275383112468,38.1894760131836,0,0,0,0,0,0,0.3,0.7,0,0,0,0
"all_measured_520_analysis_set","within_cow_random5",1,"StrictHierarchicalEBResidualXGB",171,"C008","stable_cool","S01","measurement_group_1","measurement_status_1",35.5,11.3,16,38.2,38.2472791068346,-0.0472791068346083,"may_session_hour+eb_exact+may_session",0.329874417608744,38.1891592537925,38.2653181260114,38.2839882731727,38.6452720690615,38.6452720690615,38.6452720690615,38.1859933962715,38.2735444113616,38.1628233135774,38.1352070894542,38.2542048390617,38.2380599975586,0,0,0,0,0,0,0.3,0.7,0,0,0,0
"all_measured_520_analysis_set","within_cow_random5",1,"StrictHierarchicalEBResidualXGB",173,"C008","stable_cool","S01","measurement_group_1","measurement_status_1",34.4,7.5,17,38.2,38.2472791068346,-0.0472791068346083,"may_session_hour+eb_exact+may_session",0.329874417608744,38.1868597015667,38.2691819305974,38.2897624878551,38.6452720690615,38.6452720690615,38.6452720690615,38.1859933962715,38.2735444113616,38.1628233135774,38.1829870435205,38.287528730135,38.2457275390625,0,0,0,0,0,0,0.3,0.7,0,0,0,0
"all_measured_520_analysis_set","within_cow_random5",1,"StrictHierarchicalEBResidualXGB",178,"C030","stable_cool","S01","measurement_group_1","measurement_status_1",32,6.6,8,40.3,40.1756054334281,0.12439456657188,"may_session_hour+eb_exact+may_session",0.329874417608744,40.1337347015667,39.8132466537121,39.7331246417485,38.6452720690615,38.6452720690615,38.6452720690615,40.1352187483842,40.1929140127327,40.2111820922034,40.2377108503646,39.8752139819029,40.1645278930664,0,0,0,0,0,0,0.3,0.7,0,0,0,0
"all_measured_520_analysis_set","within_cow_random5",1,"StrictHierarchicalEBResidualXGB",180,"C030","stable_cool","S01","measurement_group_1","measurement_status_1",31,5.4,10,40.3,40.1756054334281,0.12439456657188,"may_session_hour+eb_exact+may_session",0.329874417608744,40.180288985128,39.9058367539167,39.8297417576844,38.6452720690615,38.6452720690615,38.6452720690615,40.1352187483842,40.1929140127327,40.2111820922034,40.1221158820712,39.9636266831279,40.0866889953613,0,0,0,0,0,0,0.3,0.7,0,0,0,0
"all_measured_520_analysis_set","within_cow_random5",1,"StrictHierarchicalEBResidualXGB",182,"C030","stable_cool","S01","measurement_group_1","measurement_status_1",31.7,11.8,12,40.2,40.0863131028089,0.113686897191059,"may_session_hour+eb_exact+may_session",0.329874417608744,40.1337347015667,39.8039386445513,39.7214896302974,38.6452720690615,38.6452720690615,38.6452720690615,40.1352187483842,40.0653535404196,40.2111820922034,40.0767811311422,39.8580824794104,40.0705795288086,0,0,0,0,0,0,0.3,0.7,0,0,0,0
"all_measured_520_analysis_set","within_cow_random5",1,"StrictHierarchicalEBResidualXGB",183,"C030","stable_cool","S01","measurement_group_1","measurement_status_1",34.2,8.3,16,40.2,40.0040011725623,0.195998827437698,"may_session_hour+eb_exact+may_session",0.329874417608744,40.1337347015667,39.8210113349768,39.7428304933294,38.6452720690615,38.6452720690615,38.6452720690615,40.1352187483842,39.9477650686386,40.2111820922034,40.2142609370962,39.8842734995696,40.1485290527344,0,0,0,0,0,0,0.3,0.7,0,0,0,0
"all_measured_520_analysis_set","within_cow_random5",1,"StrictHierarchicalEBResidualXGB",190,"C018","stable_cool","S01","measurement_group_1","measurement_status_1",30.4,3.9,2,38.8,38.7888650704396,0.011134929560356,"may_session_hour+eb_exact+may_session",0.329874417608744,38.7920680349,38.7612874311329,38.7535922801911,38.6452720690615,38.6452720690615,38.6452720690615,38.7919323634077,38.7875505163105,38.7995790387683,38.843380117231,38.7843361076833,38.9229965209961,0,0,0,0,0,0,0.3,0.7,0,0,0,0
"all_measured_520_analysis_set","within_cow_random5",1,"StrictHierarchicalEBResidualXGB",199,"C018","stable_cool","S01","measurement_group_1","measurement_status_1",31,7.5,16,38.8,38.7894467598627,0.0105532401372557,"may_session_hour+eb_exact+may_session",0.329874417608744,38.7920680349,38.7476780016435,38.7365804933294,38.6452720690615,38.6452720690615,38.6452720690615,38.7919323634077,38.7883815012006,38.7995790387683,38.6943219807744,38.745173737639,38.8428649902344,0,0,0,0,0,0,0.3,0.7,0,0,0,0
"all_measured_520_analysis_set","within_cow_random5",1,"StrictHierarchicalEBResidualXGB",204,"C025","stable_cool","S01","measurement_group_1","measurement_status_1",31.5,16.8,14,39.5,39.3511876011691,0.148812398830877,"may_session_hour+eb_exact+may_session",0.329874417608744,39.377038985128,39.2132195540246,39.1708296328192,38.6452720690615,38.6452720690615,38.6452720690615,39.3686694526096,39.3436953791232,39.4056477410583,39.3079794589169,39.1848424364354,39.3072509765625,0,0,0,0,0,0,0.3,0.7,0,0,0,0
"all_measured_520_analysis_set","within_cow_random5",1,"StrictHierarchicalEBResidualXGB",205,"C025","stable_cool","S01","measurement_group_1","measurement_status_1",31.2,21.3,15,39.4,39.3511876011691,0.0488123988308757,"may_session_hour+eb_exact+may_session",0.329874417608744,39.3736905037925,39.2194558927211,39.1800003253098,38.6452720690615,38.6452720690615,38.6452720690615,39.3686694526096,39.3436953791232,39.4056477410583,39.1165184757155,39.220922416577,39.398323059082,0,0,0,0,0,0,0.3,0.7,0,0,0,0
"all_measured_520_analysis_set","within_cow_random5",1,"StrictHierarchicalEBResidualXGB",215,"C010","stable_hot","S01","measurement_group_1","measurement_status_1",38.4,33.8,11,38.7,38.7169325236933,-0.0169325236932494,"tight_session+may_session+may_session_hour",0.319297963373907,38.6919225307852,38.8085422017376,38.8376971194757,39.2631110743893,39.2631110743893,39.2631110743893,38.7972677188385,38.9128306221148,38.7066220974605,38.5776634334659,38.7441467218797,38.5352897644043,0,0,0,0,0,0,0,0.0499999999999999,0.95,0,0,0
"all_measured_520_analysis_set","within_cow_random5",1,"StrictHierarchicalEBResidualXGB",218,"C010","stable_hot","S01","measurement_group_1","measurement_status_1",39,34.2,12,38.6,38.6075216401191,-0.00752164011905876,"tight_session+may_session+may_session_hour",0.319297963373907,38.6801842221653,38.7373727119657,38.7535563483011,39.2631110743893,39.2631110743893,39.2631110743893,38.6676949878835,38.6411529046724,38.6057515735636,38.541520578264,38.6928844384047,38.583194732666,0,0,0,0,0,0,0,0.0499999999999999,0.95,0,0,0
"all_measured_520_analysis_set","within_cow_random5",1,"StrictHierarchicalEBResidualXGB",219,"C010","stable_hot","S01","measurement_group_1","measurement_status_1",38.5,37.4,18,38.7,38.7191057469454,-0.0191057469454208,"tight_session+may_session+may_session_hour",0.319297963373907,38.6758360878978,38.7882092607979,38.8188878752012,39.2631110743893,39.2631110743893,39.2631110743893,38.7972677188385,38.9562950871582,38.7066220974605,38.631504056402,38.7500897323552,38.6118698120117,0,0,0,0,0,0,0,0.0499999999999999,0.95,0,0,0
"all_measured_520_analysis_set","within_cow_random5",1,"StrictHierarchicalEBResidualXGB",220,"C010","stable_hot","S01","measurement_group_1","measurement_status_1",38,32.9,20,38.6,38.6267249973386,-0.0267249973385617,"tight_session+may_session+may_session_hour",0.319297963373907,38.6933360878978,38.8312296026444,38.8654758025094,39.2631110743893,39.2631110743893,39.2631110743893,38.7263920254952,38.9633421176346,38.6090083067967,38.6752536458383,38.851796107093,38.8400840759277,0,0,0,0,0,0,0,0.0499999999999999,0.95,0,0,0
"all_measured_520_analysis_set","within_cow_random5",1,"StrictHierarchicalEBResidualXGB",226,"C019","stable_hot","S01","measurement_group_1","measurement_status_1",36.8,31,14,39.5,39.4917403309837,0.00825966901627595,"tight_session+may_session+may_session_hour",0.319297963373907,39.4776304041353,39.3941811839868,39.3725562790906,39.2631110743893,39.2631110743893,39.2631110743893,39.4400139641063,39.409849212394,39.4960503898569,39.3442414682,39.3485251325,39.2216453552246,0,0,0,0,0,0,0,0.0499999999999999,0.95,0,0,0
"all_measured_520_analysis_set","within_cow_random5",1,"StrictHierarchicalEBResidualXGB",233,"C019","stable_hot","S01","measurement_group_1","measurement_status_1",35.6,31.1,2,39.5,39.4990636194157,0.000936380584342089,"tight_session+may_session+may_session_hour",0.319297963373907,39.4728853383459,39.4428947368421,39.4353970864662,39.2631110743893,39.2631110743893,39.2631110743893,39.4967910840463,39.4929164835028,39.4993871528848,39.5702117857021,39.5196040967264,39.6524620056152,0,0,0,0,0,0,0,0.0499999999999999,0.95,0,0,0
"all_measured_520_analysis_set","within_cow_random5",1,"StrictHierarchicalEBResidualXGB",236,"C019","stable_hot","S01","measurement_group_1","measurement_status_1",36.2,36.9,11,39.4,39.3823401049669,0.0176598950330913,"tight_session+may_session+may_session_hour",0.319297963373907,39.4728853383459,39.4333124477861,39.4234192251462,39.2631110743893,39.2631110743893,39.2631110743893,39.2732367718519,39.1905166840732,39.3924360744876,39.1999971520994,39.359447786629,39.2345008850098,0,0,0,0,0,0,0,0.0499999999999999,0.95,0,0,0
"all_measured_520_analysis_set","within_cow_random5",1,"StrictHierarchicalEBResidualXGB",239,"C005","stable_hot","S01","measurement_group_1","measurement_status_1",34.1,33.9,11,37.8,37.8110153062304,-0.0110153062304263,"tight_session+may_session+may_session_hour",0.319297963373907,37.9426965245932,38.209161396784,38.2757776148317,39.2631110743893,39.2631110743893,39.2631110743893,37.9814794490364,38.3508744242431,37.7826016684403,37.7402376529148,38.1048091907923,37.7298431396484,0,0,0,0,0,0,0,0.0499999999999999,0.95,0,0,0
"all_measured_520_analysis_set","within_cow_random5",1,"StrictHierarchicalEBResidualXGB",242,"C005","stable_hot","S01","measurement_group_1","measurement_status_1",38.4,33.6,18,37.9,37.9517480996102,-0.0517480996101725,"tight_session+may_session+may_session_hour",0.319297963373907,37.9426965245932,38.2014678038273,38.2661606236358,39.2631110743893,39.2631110743893,39.2631110743893,38.1778598241017,38.5536799555793,37.9200674756118,37.8524319512922,38.0937647662673,37.8190307617188,0,0,0,0,0,0,0,0.0499999999999999,0.95,0,0,0
"all_measured_520_analysis_set","within_cow_random5",1,"StrictHierarchicalEBResidualXGB",249,"C005","stable_hot","S01","measurement_group_1","measurement_status_1",34.1,32.1,1,38,38.0670214487239,-0.0670214487238567,"tight_session+may_session+may_session_hour",0.319297963373907,37.9177246327894,38.2309274249866,38.3132414627901,39.2631110743893,39.2631110743893,39.2631110743893,38.3948823836009,38.7158291030601,38.032873677443,37.8973351245281,38.1783695914939,37.9293518066406,0,0,0,0,0,0,0,0.0499999999999999,0.95,0,0,0
"all_measured_520_analysis_set","within_cow_random5",1,"StrictHierarchicalEBResidualXGB",257,"C017","stable_hot","S01","measurement_group_1","measurement_status_1",36.6,34.5,18,39.3,39.4391836354851,-0.139183635485139,"tight_session+may_session+may_session_hour",0.319297963373907,39.3662259363579,39.340291333239,39.3338076824593,39.2631110743893,39.2631110743893,39.2631110743893,39.4046066387256,39.3285461664115,39.4450066601732,39.3592822905933,39.3296164449709,39.2511558532715,0,0,0,0,0,0,0,0.0499999999999999,0.95,0,0,0
"all_measured_520_analysis_set","within_cow_random5",1,"StrictHierarchicalEBResidualXGB",260,"C017","stable_hot","S01","measurement_group_1","measurement_status_1",36.7,34.4,20,39.4,39.4429654079763,-0.0429654079762827,"tight_session+may_session+may_session_hour",0.319297963373907,39.3662259363579,39.3695616750855,39.3703956097674,39.2631110743893,39.2631110743893,39.2631110743893,39.4046066387256,39.4041816162344,39.4450066601732,39.3446284274621,39.3787173452665,39.3482971191406,0,0,0,0,0,0,0,0.0499999999999999,0.95,0,0,0
"all_measured_520_analysis_set","within_cow_random5",1,"StrictHierarchicalEBResidualXGB",264,"C017","stable_hot","S01","measurement_group_1","measurement_status_1",35.3,32.3,22,40,39.9623739492863,0.0376260507137189,"tight_session+may_session+may_session_hour",0.319297963373907,39.3896363974953,39.4036679159198,39.403413399986,39.2631110743893,39.2631110743893,38.9815555371946,39.7897492215518,39.7938383613323,39.9712442433891,39.5350116076324,39.4331181182806,39.4414482116699,0,0,0,0,0,0,0,0.0499999999999999,0.95,0,0,0
"all_measured_520_analysis_set","within_cow_random5",1,"StrictHierarchicalEBResidualXGB",266,"C017","stable_hot","S01","measurement_group_1","measurement_status_1",34.8,31.4,23,39.8,39.9624822598309,-0.162482259830888,"tight_session+may_session+may_session_hour",0.319297963373907,39.3721363974953,39.4278261865965,39.4407987383319,39.2631110743893,39.2631110743893,39.8815555371946,39.7897492215518,39.7960045722244,39.9712442433891,39.6458316502491,39.4914125855557,39.5439147949219,0,0,0,0,0,0,0,0.0499999999999999,0.95,0,0,0
"all_measured_520_analysis_set","within_cow_random5",1,"StrictHierarchicalEBResidualXGB",271,"C020","stable_hot","S01","measurement_group_1","measurement_status_1",36.2,33.7,13,38.8,38.6747195581349,0.125280441865058,"tight_session+may_session+may_session_hour",0.319297963373907,39.4732554041353,39.3891842496867,39.3140955625671,39.2631110743893,39.2631110743893,38.8210370247964,38.9229337415488,38.7871966565248,38.6687997108513,39.3880871792526,39.3236817253108,39.2393264770508,0,0,0,0,0,0,0,0.0499999999999999,0.95,0,0,0
"all_measured_520_analysis_set","within_cow_random5",1,"StrictHierarchicalEBResidualXGB",274,"C020","stable_hot","S01","measurement_group_1","measurement_status_1",37,35.5,19,39.5,39.4897193628791,0.0102806371208644,"tight_session+may_session+may_session_hour",0.319297963373907,39.6482554041353,39.5558922697368,39.7589948643931,39.2631110743893,39.2631110743893,39.6543703581298,39.4440826315348,39.3673549446575,39.4961595954171,39.5494872337045,39.555347939166,39.4400787353516,0,0,0,0,0,0,0,0.0499999999999999,0.95,0,0,0
"all_measured_520_analysis_set","within_cow_random5",1,"StrictHierarchicalEBResidualXGB",278,"C020","stable_hot","S01","measurement_group_1","measurement_status_1",36.6,34.3,21,38.6,39.4926360295458,-0.892636029545798,"tight_session+may_session+may_session_hour",0.319297963373907,39.662477443609,39.5767844058676,39.5342659866578,39.2631110743893,38.9540803727814,39.0210370247964,39.4440826315348,39.4256882779909,39.4961595954171,39.5266768216173,39.6232561804457,39.6302871704102,0,0,0,0,0,0,0,0.0499999999999999,0.95,0,0,0
"all_measured_520_analysis_set","within_cow_random5",1,"StrictHierarchicalEBResidualXGB",281,"C020","stable_hot","S01","measurement_group_1","measurement_status_1",37,35.2,22,40.2,40.2123535384741,-0.0123535384741302,"tight_session+may_session+may_session_hour",0.319297963373907,39.5257554041353,39.5129756030702,39.5106586779449,39.2631110743893,39.2631110743893,39.7815555371946,40.0054718546135,39.6895955939286,40.2398671145028,39.6761203818694,39.6361977902316,39.8197555541992,0,0,0,0,0,0,0,0.0499999999999999,0.95,0,0,0
"all_measured_520_analysis_set","within_cow_random5",1,"StrictHierarchicalEBResidualXGB",285,"C009","stable_hot","S01","measurement_group_1","measurement_status_1",36.1,32.5,13,39.3,39.5036982426591,-0.203698242659151,"tight_session+may_session+may_session_hour",0.319297963373907,39.9614270050125,39.7788934837093,39.7332601033835,39.2631110743893,39.2631110743893,39.2631110743893,39.4980391612229,39.3816467757688,39.5101220040744,39.7309988137682,39.707662908267,39.6977424621582,0,0,0,0,0,0,0,0.0499999999999999,0.95,0,0,0
"all_measured_520_analysis_set","within_cow_random5",1,"StrictHierarchicalEBResidualXGB",288,"C009","stable_hot","S01","measurement_group_1","measurement_status_1",36.1,32.8,19,39.5,39.7115030350569,-0.2115030350569,"tight_session+may_session+may_session_hour",0.319297963373907,39.9614270050125,39.8081015037594,39.7697701284461,39.2631110743893,38.911527181292,39.2926222148779,39.5327626022583,39.3433302589611,39.7308805495883,39.9554626117519,39.8673194112477,40.0316200256348,0,0,0,0,0,0,0,0.0499999999999999,0.95,0,0,0
"all_measured_520_analysis_set","within_cow_random5",1,"StrictHierarchicalEBResidualXGB",296,"C012","stable_hot","S01","measurement_group_1","measurement_status_1",37.9,36.9,15,39,39.0800822102927,-0.0800822102926517,"tight_session+may_session+may_session_hour",0.319297963373907,39.8361949766056,39.665862533379,39.6232794225724,39.2631110743893,39.2631110743893,38.7315555371946,39.1983861398911,39.1271969031225,39.0776024896174,39.6378626920765,39.5947750537876,39.5248146057129,0,0,0,0,0,0,0,0.0499999999999999,0.95,0,0,0
"all_measured_520_analysis_set","within_cow_random5",1,"StrictHierarchicalEBResidualXGB",297,"C012","stable_hot","S01","measurement_group_1","measurement_status_1",38.4,37.9,15,39.7,39.5457215976772,0.154278402322852,"tight_session+may_session+may_session_hour",0.319297963373907,39.8361949766056,39.665862533379,39.6232794225724,39.2631110743893,39.2631110743893,39.1315555371946,39.3232482470659,39.1055786539814,39.5688870157664,39.6052096331701,39.6142205438797,39.5613784790039,0,0,0,0,0,0,0,0.0499999999999999,0.95,0,0,0
"all_measured_520_analysis_set","within_cow_random5",1,"StrictHierarchicalEBResidualXGB",298,"C012","stable_hot","S01","measurement_group_1","measurement_status_1",38.9,38.8,18,39.5,39.4685799594734,0.0314200405266476,"tight_session+may_session+may_session_hour",0.319297963373907,39.8361949766056,39.7162665654372,39.6862844626451,39.2631110743893,39.2631110743893,39.2631110743893,39.4843870129639,39.3804034096663,39.4732208305158,39.7233141429107,39.7329616420369,39.732738494873,0,0,0,0,0,0,0,0.0499999999999999,0.95,0,0,0
"all_measured_520_analysis_set","within_cow_random5",1,"StrictHierarchicalEBResidualXGB",308,"C006","stable_hot","S01","measurement_group_1","measurement_status_1",35.8,32.5,13,38.6,38.5870642658171,0.0129357341828751,"tight_session+may_session+may_session_hour",0.319297963373907,39.1247292767523,39.1114284201215,39.129400794944,39.2631110743893,39.2631110743893,39.2631110743893,38.8816238589804,38.9809768293112,38.5663320256332,39.0455921667754,39.0279270886134,39.0193672180176,0,0,0,0,0,0,0,0.0499999999999999,0.95,0,0,0
"all_measured_520_analysis_set","within_cow_random5",1,"StrictHierarchicalEBResidualXGB",313,"C006","stable_hot","S01","measurement_group_1","measurement_status_1",36.4,33.4,19,38.9,39.2694741659308,-0.369474165930832,"tight_session+may_session+may_session_hour",0.319297963373907,39.1072292767523,39.1268864401716,39.1559108200067,39.2631110743893,39.2631110743893,39.4315555371946,39.282635247128,39.2624141447931,39.2698457459907,39.2317240999886,39.091767178579,39.1408424377441,0,0,0,0,0,0,0,0.0499999999999999,0.95,0,0,0
"all_measured_520_analysis_set","within_cow_random5",1,"StrictHierarchicalEBResidualXGB",317,"C006","stable_hot","S01","measurement_group_1","measurement_status_1",35.1,30.6,22,39.9,39.2757054930658,0.624294506934177,"tight_session+may_session+may_session_hour",0.319297963373907,39.2822292767523,39.317719773505,39.3225774866733,39.2631110743893,39.2631110743893,39.3877036914631,39.282635247128,39.3870406874929,39.2698457459907,39.3562539936205,39.35149119154,39.3860321044922,0,0,0,0,0,0,0,0.0499999999999999,0.95,0,0,0
"all_measured_520_analysis_set","within_cow_random5",1,"StrictHierarchicalEBResidualXGB",321,"C015","stable_hot","S01","measurement_group_1","measurement_status_1",34.7,32,12,38.2,38.2416626231232,-0.0416626231231731,"tight_session+may_session+may_session_hour",0.319297963373907,38.9638624036872,39.3719630431428,39.2090724087419,39.2631110743893,39.5867325007676,39.4815555371946,38.4310260313958,38.5925357886972,38.2231956144088,38.7333001893787,39.3295958865478,38.6201286315918,0,0,0,0,0,0,0,0.0499999999999999,0.95,0,0,0
"all_measured_520_analysis_set","within_cow_random5",1,"StrictHierarchicalEBResidualXGB",325,"C015","stable_hot","S01","measurement_group_1","measurement_status_1",36.6,35.5,14,38.3,38.7411304127448,-0.441130412744791,"tight_session+may_session+may_session_hour",0.319297963373907,38.7013624036872,38.7747538502936,38.8101936120709,39.2631110743893,39.2631110743893,39.1315555371946,38.7769932334975,38.8126831958966,38.7373644767894,38.6352816742681,38.712654579771,38.6124534606934,0,0,0,0,0,0,0,0.0499999999999999,0.95,0,0,0
"all_measured_520_analysis_set","within_cow_random5",1,"StrictHierarchicalEBResidualXGB",336,"C015","stable_hot","S01","measurement_group_1","measurement_status_1",35,31.4,22,38.8,38.930649356859,-0.130649356858967,"tight_session+may_session+may_session_hour",0.319297963373907,38.7363624036872,38.8824024360437,38.9303793442585,39.2631110743893,39.2631110743893,39.3815555371946,39.064707001683,39.3225609184176,38.9100224325664,39.0447797808505,38.973735929634,38.9819488525391,0,0,0,0,0,0,0,0.0499999999999999,0.95,0,0,0
"all_measured_520_analysis_set","within_cow_random5",1,"StrictHierarchicalEBResidualXGB",337,"C015","stable_hot","S01","measurement_group_1","measurement_status_1",33.8,29.5,23,39.1,38.9307576674036,0.169242332596433,"tight_session+may_session+may_session_hour",0.319297963373907,38.8077120044694,38.9763711073349,39.0185358830513,39.2631110743893,39.2631110743893,39.4210370247964,39.064707001683,39.3247271293097,38.9100224325664,39.0572594464789,39.0901211180637,39.0764541625977,0,0,0,0,0,0,0,0.0499999999999999,0.95,0,0,0
"all_measured_520_analysis_set","within_cow_random5",1,"StrictHierarchicalEBResidualXGB",346,"C007","stable_hot","S01","measurement_group_1","measurement_status_1",38.9,35.9,15,39.7,39.8633295380054,-0.163329538005428,"tight_session+may_session+may_session_hour",0.319297963373907,39.5372709899749,39.4262302258623,39.3929224549469,39.2631110743893,39.2631110743893,39.2631110743893,39.7300797490991,39.4727977491077,39.8838838426843,39.2394949804895,39.3581728303445,39.2879180908203,0,0,0,0,0,0,0,0.0499999999999999,0.95,0,0,0
"all_measured_520_analysis_set","within_cow_random5",1,"StrictHierarchicalEBResidualXGB",347,"C007","stable_hot","S01","measurement_group_1","measurement_status_1",37.6,33.4,18,39.5,39.554507497414,-0.0545074974140434,"tight_session+may_session+may_session_hour",0.319297963373907,39.5027527151211,39.4495127562496,39.4362027665317,39.2631110743893,39.2631110743893,39.2631110743893,39.515696369765,39.400754491587,39.5625997608786,39.4745170380914,39.4491263893961,39.4361763000488,0,0,0,0,0,0,0,0.0499999999999999,0.95,0,0,0
"all_measured_520_analysis_set","within_cow_random5",1,"StrictHierarchicalEBResidualXGB",350,"C007","stable_hot","S01","measurement_group_1","measurement_status_1",36.9,32.4,21,39.3,39.4503170614149,-0.150317061414952,"tight_session+may_session+may_session_hour",0.319297963373907,39.5027527151211,39.4508797483906,39.437911506708,39.2631110743893,39.2631110743893,39.2631110743893,39.461227118857,39.4370715975513,39.451014191092,39.5975050265157,39.4980551073715,39.6941223144531,0,0,0,0,0,0,0,0.0499999999999999,0.95,0,0,0
"all_measured_520_analysis_set","within_cow_random5",1,"StrictHierarchicalEBResidualXGB",351,"C007","stable_hot","S01","measurement_group_1","measurement_status_1",37.7,33.1,21,40.7,40.4484655672119,0.251534432788091,"tight_session+may_session+may_session_hour",0.319297963373907,39.5027527151211,39.4508797483906,39.437911506708,39.2631110743893,39.2631110743893,39.2631110743893,39.9145112513695,39.6097082390101,40.4926106897489,39.5464647410742,39.4753344593957,39.6070899963379,0,0,0,0,0,0,0,0.0499999999999999,0.95,0,0,0
"all_measured_520_analysis_set","within_cow_random5",1,"StrictHierarchicalEBResidualXGB",364,"C013","stable_hot","S01","measurement_group_1","measurement_status_1",33.8,27.6,22,39.1,39.1534788083354,-0.0534788083353845,"tight_session+may_session+may_session_hour",0.319297963373907,38.944977443609,39.0485250626567,39.0772230576441,39.2631110743893,39.2631110743893,39.2631110743893,39.1699219520028,39.2293113938335,39.149487619625,39.0214156392319,39.095487610704,39.1153945922852,0,0,0,0,0,0,0,0.0499999999999999,0.95,0,0,0
"all_measured_520_analysis_set","within_cow_random5",1,"StrictHierarchicalEBResidualXGB",366,"C013","stable_hot","S01","measurement_group_1","measurement_status_1",32.9,25.3,24,39,39.1653691493608,-0.165369149360771,"tight_session+may_session+may_session_hour",0.319297963373907,38.9624686716792,39.0878947368421,39.1192512531328,39.2631110743893,39.2631110743893,39.2631110743893,39.1699219520028,39.4671182143412,39.149487619625,39.2297176987815,39.0784271248214,38.9594192504883,0,0,0,0,0,0,0,0.0499999999999999,0.95,0,0,0
"all_measured_520_analysis_set","within_cow_random5",1,"StrictHierarchicalEBResidualXGB",369,"C024","stable_hot","S01","measurement_group_1","measurement_status_1",36.9,34.5,13,38.6,38.3167009924337,0.283299007566264,"tight_session+may_session+may_session_hour",0.319297963373907,38.919226180777,38.947918358202,38.9864286587211,39.2631110743893,39.2631110743893,39.6315555371946,38.5833203504175,38.7870795487453,38.2919442263121,38.9159121926493,38.8045332459164,38.6426887512207,0,0,0,0,0,0,0,0.0499999999999999,0.95,0,0,0
"all_measured_520_analysis_set","within_cow_random5",1,"StrictHierarchicalEBResidualXGB",370,"C024","stable_hot","S01","measurement_group_1","measurement_status_1",36,33,14,38.3,38.0761769634659,0.2238230365341,"tight_session+may_session+may_session_hour",0.319297963373907,38.971726180777,38.9915611258354,39.0194196182628,39.2631110743893,39.2631110743893,39.2631110743893,38.381152303176,38.5553865911876,38.0509554041121,38.9567276210972,38.8849953896012,38.8926277160645,0,0,0,0,0,0,0,0.0499999999999999,0.95,0,0,0
"all_measured_520_analysis_set","within_cow_random5",1,"StrictHierarchicalEBResidualXGB",373,"C024","stable_hot","S01","measurement_group_1","measurement_status_1",38.2,37.2,15,38.4,38.0730684484292,0.32693155157083,"tight_session+may_session+may_session_hour",0.319297963373907,38.954226180777,38.9625730305973,38.9903719992152,39.2631110743893,39.2631110743893,39.1315555371946,38.381152303176,38.493216290453,38.0509554041121,38.910261565397,38.9084050782088,38.9626045227051,0,0,0,0,0,0,0,0.0499999999999999,0.95,0,0,0
"all_measured_520_analysis_set","within_cow_random5",1,"StrictHierarchicalEBResidualXGB",375,"C024","stable_hot","S01","measurement_group_1","measurement_status_1",36.7,33.9,20,38.2,38.5102779100759,-0.310277910075875,"tight_session+may_session+may_session_hour",0.319297963373907,39.076726180777,39.138497404502,39.1599649665961,39.2631110743893,39.2631110743893,39.2631110743893,38.7225671650414,39.0229964341367,38.483292724599,39.0635772410579,39.0827119087141,39.0356216430664,0,0,0,0,0,0,0,0.0499999999999999,0.95,0,0,0
"all_measured_520_analysis_set","within_cow_random5",1,"StrictHierarchicalEBResidualXGB",386,"C001","stable_cool","S01","measurement_group_1","measurement_status_1",32.5,12.3,17,38.3,38.3412225862412,-0.0412225862412114,"may_session_hour+eb_exact+may_session",0.329874417608744,38.2957139134712,38.3562653001211,38.3714031467835,38.6452720690615,38.6452720690615,38.6452720690615,38.2956153685413,38.360768536684,38.279451701513,38.3051196319594,38.3482115689478,38.3178749084473,0,0,0,0,0,0,0.3,0.7,0,0,0,0
"all_measured_520_analysis_set","within_cow_random5",1,"StrictHierarchicalEBResidualXGB",389,"C002","stable_cool","S01","measurement_group_1","measurement_status_1",34.2,4.8,12,39,38.9816030921138,0.0183969078861566,"may_session_hour+eb_exact+may_session",0.329874417608744,39.0600593573854,38.9459731847759,38.9284183167818,38.6452720690615,38.6452720690615,38.6452720690615,39.1295994016902,38.9181761022954,39.1567986787824,39.0499400957064,38.9453217026324,39.0981140136719,0,0,0,0,0,0,0.3,0.7,0,0,0,0
"all_measured_520_analysis_set","within_cow_random5",1,"StrictHierarchicalEBResidualXGB",391,"C002","stable_cool","S01","measurement_group_1","measurement_status_1",34.8,8,13,39,38.9816030921138,0.0183969078861566,"may_session_hour+eb_exact+may_session",0.329874417608744,39.0708445689892,38.9566801905208,38.9373724334829,38.6452720690615,38.6452720690615,38.6452720690615,39.1295994016902,38.9181761022954,39.1567986787824,38.9976159328346,38.9349528017962,39.0028038024902,0,0,0,0,0,0,0.3,0.7,0,0,0,0
"all_measured_520_analysis_set","within_cow_random5",1,"StrictHierarchicalEBResidualXGB",405,"C005","stable_hot","S01","measurement_group_1","measurement_status_1",36.3,32.3,17,37.7,37.8110153062304,-0.111015306230421,"tight_session+may_session+may_session_hour",0.319297963373907,37.9527246327894,38.2139624163111,38.2776602019457,39.2631110743893,39.2631110743893,39.2631110743893,37.9814794490364,38.3508744242431,37.7826016684403,37.907367143578,38.150842162927,37.995174407959,0,0,0,0,0,0,0,0.0499999999999999,0.95,0,0,0
"all_measured_520_analysis_set","within_cow_random5",1,"StrictHierarchicalEBResidualXGB",409,"C006","stable_hot","S01","measurement_group_1","measurement_status_1",34.7,33.3,15,38.7,38.5723776781411,0.127622321858873,"tight_session+may_session+may_session_hour",0.319297963373907,39.2132182778929,39.1681101648416,39.163909278947,39.2631110743893,39.2631110743893,39.2631110743893,38.8816238589804,38.6872450757914,38.5663320256332,38.9904171007882,39.0996350078191,39.0395050048828,0,0,0,0,0,0,0,0.0499999999999999,0.95,0,0,0
"all_measured_520_analysis_set","within_cow_random5",1,"StrictHierarchicalEBResidualXGB",419,"C009","stable_hot","S01","measurement_group_1","measurement_status_1",35.6,31.7,16,39.6,39.5051894138229,0.0948105861771253,"tight_session+may_session+may_session_hour",0.319297963373907,39.8981772791353,39.7804478970865,39.7611806860902,39.2631110743893,39.2631110743893,39.2631110743893,39.4980391612229,39.4114701990434,39.5101220040744,39.6986872381621,39.7480912064711,39.8517990112305,0,0,0,0,0,0,0,0.0499999999999999,0.95,0,0,0
"all_measured_520_analysis_set","within_cow_random5",1,"StrictHierarchicalEBResidualXGB",422,"C009","stable_hot","S01","measurement_group_1","measurement_status_1",36.9,32,18,39.7,39.7153590843682,-0.0153590843682068,"tight_session+may_session+may_session_hour",0.319297963373907,39.860227443609,39.73693824706,39.7223801631483,39.2631110743893,39.2631110743893,39.2631110743893,39.5327626022583,39.4204512451874,39.7308805495883,39.9051477523357,39.7470050375662,39.8357467651367,0,0,0,0,0,0,0,0.0499999999999999,0.95,0,0,0
"all_measured_520_analysis_set","within_cow_random5",1,"StrictHierarchicalEBResidualXGB",428,"C011","stable_cool","S01","measurement_group_1","measurement_status_1",29.5,11.7,21,38.3,38.3952220133982,-0.0952220133982351,"may_session_hour+eb_exact+may_session",0.329874417608744,38.2843155037925,38.4036155952933,38.4294968285251,38.6452720690615,38.6452720690615,38.6452720690615,38.2589980911072,38.4536036943801,38.2395408708293,38.3693852872726,38.4490895955684,38.3279609680176,0,0,0,0,0,0,0.3,0.7,0,0,0,0
"all_measured_520_analysis_set","within_cow_random5",1,"StrictHierarchicalEBResidualXGB",432,"C011","stable_cool","S01","measurement_group_1","measurement_status_1",30,19.1,10,38.2,38.2402875571653,-0.0402875571653425,"may_session_hour+eb_exact+may_session",0.329874417608744,38.2597763682334,38.3700917215947,38.3976705599351,38.6452720690615,38.6452720690615,38.6452720690615,38.2589980911072,38.2322687569046,38.2395408708293,38.2851704811489,38.39536307025,38.2479019165039,0,0,0,0,0,0,0.3,0.7,0,0,0,0
"all_measured_520_analysis_set","within_cow_random5",1,"StrictHierarchicalEBResidualXGB",442,"C013","stable_hot","S01","measurement_group_1","measurement_status_1",34.6,29.2,21,39.1,39.1530737550681,-0.0530737550680627,"tight_session+may_session+may_session_hour",0.319297963373907,38.930977443609,38.9939094058676,38.9280174410484,39.2631110743893,39.2631110743893,39.1326222148779,39.1699219520028,39.2212103284871,39.149487619625,38.8399013959502,38.9898077103747,38.9434051513672,0,0,0,0,0,0,0,0.0499999999999999,0.95,0,0,0
"all_measured_520_analysis_set","within_cow_random5",1,"StrictHierarchicalEBResidualXGB",444,"C013","stable_hot","S01","measurement_group_1","measurement_status_1",34.1,22.9,22,39.1,39.1534788083354,-0.0534788083353845,"tight_session+may_session+may_session_hour",0.319297963373907,38.944977443609,39.0485250626567,39.0772230576441,39.2631110743893,39.2631110743893,39.2631110743893,39.1699219520028,39.2293113938335,39.149487619625,39.0639783166299,39.0661064007195,39.0058975219727,0,0,0,0,0,0,0,0.0499999999999999,0.95,0,0,0
"all_measured_520_analysis_set","within_cow_random5",1,"StrictHierarchicalEBResidualXGB",446,"C014","stable_cool","S01","measurement_group_1","measurement_status_1",29.6,8.2,13,38,38.1294591778514,-0.129459177851444,"may_session_hour+eb_exact+may_session",0.329874417608744,38.2170498787925,38.2749965756659,38.3139281321159,38.6452720690615,38.6452720690615,38.6452720690615,38.3685051333607,38.0270109112046,38.3546172067072,38.1865802591686,38.242772863013,38.236946105957,0,0,0,0,0,0,0.3,0.7,0,0,0,0
"all_measured_520_analysis_set","within_cow_random5",1,"StrictHierarchicalEBResidualXGB",453,"C016","stable_cool","S01","measurement_group_1","measurement_status_1",31,2.3,20,38.8,38.8387811836999,-0.0387811836999248,"may_session_hour+eb_exact+may_session",0.329874417608744,38.6243597015667,38.6482450369014,38.6542163707351,38.6452720690615,38.6452720690615,38.6452720690615,38.6240215652856,38.9308210201632,38.6231286570889,38.5914075793288,38.6923508051052,38.7644348144531,0,0,0,0,0,0,0.3,0.7,0,0,0,0
"all_measured_520_analysis_set","within_cow_random5",1,"StrictHierarchicalEBResidualXGB",455,"C016","stable_cool","S01","measurement_group_1","measurement_status_1",31,4.5,9,38.7,38.7083816407712,-0.00838164077114811,"may_session_hour+eb_exact+may_session",0.329874417608744,38.6550967537925,38.6822459512367,38.7254885932028,38.6452720690615,38.7598853512382,38.7226360345308,38.6240215652856,38.7445359588364,38.6231286570889,38.6578731406338,38.6921666060551,38.6890411376953,0,0,0,0,0,0,0.3,0.7,0,0,0,0
"all_measured_520_analysis_set","within_cow_random5",1,"StrictHierarchicalEBResidualXGB",461,"C018","stable_cool","S01","measurement_group_1","measurement_status_1",32.7,4.6,9,38.8,38.7960684743068,0.00393152569316157,"may_session_hour+eb_exact+may_session",0.329874417608744,38.794844222685,38.7975303854539,38.7938969803809,38.6452720690615,38.7598853512382,38.6452720690615,38.7919323634077,38.7978410932636,38.7995790387683,38.8232385733247,38.792797869791,38.7735786437988,0,0,0,0,0,0,0.3,0.7,0,0,0,0
"all_measured_520_analysis_set","within_cow_random5",1,"StrictHierarchicalEBResidualXGB",464,"C018","stable_cool","S01","measurement_group_1","measurement_status_1",33,8.8,15,38.8,38.7809702809656,0.0190297190343927,"may_session_hour+eb_exact+may_session",0.329874417608744,38.794288985128,38.7804367447445,38.7653173170673,38.6452720690615,38.7598853512382,38.5484240230205,38.7919323634077,38.7762722456333,38.7995790387683,38.7355576182733,38.7707056373531,38.7803726196289,0,0,0,0,0,0,0.3,0.7,0,0,0,0
"all_measured_520_analysis_set","within_cow_random5",1,"StrictHierarchicalEBResidualXGB",468,"C019","stable_hot","S01","measurement_group_1","measurement_status_1",34.4,29,20,39.5,39.497021952749,0.00297804725101258,"tight_session+may_session+may_session_hour",0.319297963373907,39.4728853383459,39.4548891966759,39.4503901612584,39.2631110743893,39.2631110743893,39.2631110743893,39.4967910840463,39.4520831501695,39.4993871528848,39.4119682962886,39.4885813368081,39.561164855957,0,0,0,0,0,0,0,0.0499999999999999,0.95,0,0,0
"all_measured_520_analysis_set","within_cow_random5",1,"StrictHierarchicalEBResidualXGB",469,"C020","stable_hot","S01","measurement_group_1","measurement_status_1",38.4,32,21,40.2,40.2316255950248,-0.0316255950247779,"tight_session+may_session+may_session_hour",0.319297963373907,39.662477443609,39.5767844058676,39.5342659866578,39.2631110743893,39.2631110743893,39.2631110743893,40.0054718546135,40.0750367249416,40.2398671145028,39.6147690030442,39.6399928592248,39.652416229248,0,0,0,0,0,0,0,0.0499999999999999,0.95,0,0,0
"all_measured_520_analysis_set","within_cow_random5",1,"StrictHierarchicalEBResidualXGB",478,"C021","stable_cool","S01","measurement_group_1","measurement_status_1",32,18.8,13,38.2,38.2635028557141,-0.0635028557140984,"may_session_hour+eb_exact+may_session",0.329874417608744,38.2492979186281,38.2988960064395,38.3143766483066,38.6452720690615,38.6452720690615,38.6452720690615,38.2683854516438,38.2614103146014,38.2509494069781,38.3070728880931,38.2816385898187,38.1912040710449,0,0,0,0,0,0,0.3,0.7,0,0,0,0
"all_measured_520_analysis_set","within_cow_random5",1,"StrictHierarchicalEBResidualXGB",479,"C022","stable_cool","S01","measurement_group_1","measurement_status_1",32.5,8.6,21,38.4,38.3953357993333,0.0046642006666886,"may_session_hour+eb_exact+may_session",0.329874417608744,38.407538985128,38.5031423782474,38.5337644130977,38.6452720690615,38.6452720690615,39.4226360345308,38.44881029768,38.3724181571847,38.4390065196843,38.6323684019889,38.5183112648791,38.5724029541016,0,0,0,0,0,0,0.3,0.7,0,0,0,0
"all_measured_520_analysis_set","within_cow_random5",1,"StrictHierarchicalEBResidualXGB",483,"C023","stable_cool","S01","measurement_group_1","measurement_status_1",36.7,8.3,13,38.9,38.9532406928189,-0.0532406928188536,"may_session_hour+eb_exact+may_session",0.329874417608744,38.976288985128,38.8809165877867,38.8649665500218,38.6452720690615,38.6452720690615,38.6452720690615,39.0255473868819,38.922252109649,39.0450752219744,39.027372375134,38.8455057514477,38.876895904541,0,0,0,0,0,0,0.3,0.7,0,0,0,0
"all_measured_520_analysis_set","within_cow_random5",1,"StrictHierarchicalEBResidualXGB",491,"C025","stable_cool","S01","measurement_group_1","measurement_status_1",30.9,10.9,19,39.5,39.3414125193972,0.158587480602819,"may_session_hour+eb_exact+may_session",0.329874417608744,39.3681097015667,39.2689097633953,39.2441097788524,38.6452720690615,38.6452720690615,38.6452720690615,39.3686694526096,39.3297309765919,39.4056477410583,39.3620917502765,39.315128166079,39.5491790771484,0,0,0,0,0,0,0.3,0.7,0,0,0,0
"all_measured_520_analysis_set","within_cow_random5",1,"StrictHierarchicalEBResidualXGB",492,"C025","stable_cool","S01","measurement_group_1","measurement_status_1",31.1,11.3,19,39.5,39.3414125193972,0.158587480602819,"may_session_hour+eb_exact+may_session",0.329874417608744,39.3681097015667,39.2689097633953,39.2441097788524,38.6452720690615,38.6452720690615,38.6452720690615,39.3686694526096,39.3297309765919,39.4056477410583,39.5357819623272,39.2817345949257,39.4445114135742,0,0,0,0,0,0,0.3,0.7,0,0,0,0
"all_measured_520_analysis_set","within_cow_random5",1,"StrictHierarchicalEBResidualXGB",494,"C026","stable_cool","S01","measurement_group_1","measurement_status_1",32.1,3.1,1,38.6,38.6138341729658,-0.0138341729657583,"may_session_hour+eb_exact+may_session",0.329874417608744,38.7219446163,38.7140184726027,38.7120369366784,38.6452720690615,38.6452720690615,38.6452720690615,38.7220404681944,38.5674600464392,38.7269894071569,38.6962146333766,38.7291802672131,38.7439231872559,0,0,0,0,0,0,0.3,0.7,0,0,0,0
"all_measured_520_analysis_set","within_cow_random5",1,"StrictHierarchicalEBResidualXGB",496,"C026","stable_cool","S01","measurement_group_1","measurement_status_1",35,10.4,10,38.7,38.7338548764491,-0.0338548764491264,"may_session_hour+eb_exact+may_session",0.329874417608744,38.7219446163,38.7398263200481,38.7442967459851,38.6452720690615,38.6452720690615,38.6452720690615,38.7220404681944,38.7389181942726,38.7269894071569,38.7392148606488,38.7348847452846,38.7168807983398,0,0,0,0,0,0,0.3,0.7,0,0,0,0
"all_measured_520_analysis_set","within_cow_random5",1,"StrictHierarchicalEBResidualXGB",501,"C026","stable_cool","S01","measurement_group_1","measurement_status_1",31.2,8.7,1,38.6,38.6138341729658,-0.0138341729657583,"may_session_hour+eb_exact+may_session",0.329874417608744,38.7219446163,38.7140184726027,38.7120369366784,38.6452720690615,38.6452720690615,38.6452720690615,38.7220404681944,38.5674600464392,38.7269894071569,38.8001928156462,38.7879364650158,38.9211578369141,0,0,0,0,0,0,0.3,0.7,0,0,0,0
"all_measured_520_analysis_set","within_cow_random5",1,"StrictHierarchicalEBResidualXGB",503,"C026","stable_cool","S01","measurement_group_1","measurement_status_1",34.4,9.6,14,38.6,38.6496363201955,-0.0496363201954964,"may_session_hour+eb_exact+may_session",0.329874417608744,38.7219446163,38.6892716201559,38.6811033711199,38.6452720690615,38.6452720690615,38.6452720690615,38.7220404681944,38.6186059710531,38.7269894071569,38.6852156609589,38.6527669789806,38.5842399597168,0,0,0,0,0,0,0.3,0.7,0,0,0,0
"all_measured_520_analysis_set","within_cow_random5",1,"StrictHierarchicalEBResidualXGB",507,"C027","stable_cool","S01","measurement_group_1","measurement_status_1",32.3,3.4,10,39.8,39.9174358359242,-0.117435835924212,"may_session_hour+eb_exact+may_session",0.329874417608744,38.940061153142,38.9143195495216,38.9078841486166,38.6452720690615,38.6452720690615,38.6452720690615,38.9407223963426,40.3360273100306,38.9573937201047,38.8862872965839,38.9177851316726,38.9451599121094,0,0,0,0,0,0,0.3,0.7,0,0,0,0
"all_measured_520_analysis_set","within_cow_random5",1,"StrictHierarchicalEBResidualXGB",508,"C027","stable_cool","S01","measurement_group_1","measurement_status_1",30.5,6.1,13,38.8,38.6837759853464,0.116224014653632,"may_session_hour+eb_exact+may_session",0.329874417608744,38.8308440302622,38.7654192630337,38.766615823118,38.6452720690615,39.7969223882752,39.4226360345308,38.9407223963426,38.5736560949194,38.9573937201047,38.7738792241978,38.7539745686711,38.9057006835938,0,0,0,0,0,0,0.3,0.7,0,0,0,0
"all_measured_520_analysis_set","within_cow_random5",1,"StrictHierarchicalEBResidualXGB",509,"C028","stable_hot","S01","measurement_group_1","measurement_status_1",33.4,28.7,3,40.3,40.2609456432509,0.0390543567490838,"tight_session+may_session+may_session_hour",0.319297963373907,40.1655936716792,39.9519235588972,39.8985060307018,39.2631110743893,39.2631110743893,39.2631110743893,40.1496281081953,39.7372628280724,40.2885078966814,40.3565337559342,40.0438585974638,40.3443756103516,0,0,0,0,0,0,0,0.0499999999999999,0.95,0,0,0
"all_measured_520_analysis_set","within_cow_random5",1,"StrictHierarchicalEBResidualXGB",510,"C028","stable_hot","S01","measurement_group_1","measurement_status_1",36.6,37.5,11,40.2,40.1685323894342,0.0314676105657554,"tight_session+may_session+may_session_hour",0.319297963373907,40.1655936716792,39.9874791144528,39.9429504751462,39.2631110743893,39.2631110743893,39.2631110743893,40.0569984581885,39.7316556026923,40.1915259045259,40.0528291872949,39.9396165101924,39.8420333862305,0,0,0,0,0,0,0,0.0499999999999999,0.95,0,0,0
"all_measured_520_analysis_set","within_cow_random5",2,"StrictHierarchicalEBResidualXGB",3,"C021","stable_cool","S01","measurement_group_1","measurement_status_1",31.5,18.3,13,38.2,38.2272774191285,-0.0272774191285237,"may_session_hour+tight_session+may_session",0.317014046024191,38.2387565217391,38.2963047763753,38.313114122643,38.6713645224172,38.6713645224172,38.6713645224172,38.2530490204635,38.2226151029629,38.2319397352942,38.1604353068862,38.2569118803787,38.1464500427246,0,0,0,0,0,0,0,0.5,0.5,0,0,0
"all_measured_520_analysis_set","within_cow_random5",2,"StrictHierarchicalEBResidualXGB",4,"C021","stable_cool","S01","measurement_group_1","measurement_status_1",32.6,20.8,14,38.4,38.2272774191285,0.172722580871472,"may_session_hour+tight_session+may_session",0.317014046024191,38.2538285024155,38.3422017094017,38.3642950111483,38.6713645224172,38.6713645224172,38.6713645224172,38.2530490204635,38.2226151029629,38.2319397352942,38.1574663576897,38.3143640771777,38.1837844848633,0,0,0,0,0,0,0,0.5,0.5,0,0,0
"all_measured_520_analysis_set","within_cow_random5",2,"StrictHierarchicalEBResidualXGB",13,"C003","stable_cool","S01","measurement_group_1","measurement_status_1",33.6,6.8,12,38.4,38.556544517428,-0.156544517427982,"may_session_hour+tight_session+may_session",0.317014046024191,38.6132565217391,38.6000203822109,38.5975398799375,38.6713645224172,38.6713645224172,38.6713645224172,38.6180724946419,38.4975615133023,38.6155275215537,38.6051868707066,38.5726741418543,38.4758567810059,0,0,0,0,0,0,0,0.5,0.5,0,0,0
"all_measured_520_analysis_set","within_cow_random5",2,"StrictHierarchicalEBResidualXGB",18,"C003","stable_cool","S01","measurement_group_1","measurement_status_1",36.4,9.1,15,38.5,38.556544517428,-0.0565445174279802,"may_session_hour+tight_session+may_session",0.317014046024191,38.5572565217391,38.5736985935796,38.5876376441484,38.6713645224172,38.6713645224172,38.6713645224172,38.6180724946419,38.4975615133023,38.6155275215537,38.6905147683379,38.5547095744837,38.5257759094238,0,0,0,0,0,0,0,0.5,0.5,0,0,0
"all_measured_520_analysis_set","within_cow_random5",2,"StrictHierarchicalEBResidualXGB",21,"C003","stable_cool","S01","measurement_group_1","measurement_status_1",33.7,5.5,23,38,38.6072052914066,-0.607205291406622,"may_session_hour+tight_session+may_session",0.317014046024191,38.6184118357488,38.6118936319719,38.6102640810277,38.6713645224172,39.0629463576637,39.0571215074724,38.6180724946419,38.5988830612595,38.6155275215537,39.0349093941155,38.6384806153248,38.712574005127,0,0,0,0,0,0,0,0.5,0.5,0,0,0
"all_measured_520_analysis_set","within_cow_random5",2,"StrictHierarchicalEBResidualXGB",23,"C002","stable_cool","S01","measurement_group_1","measurement_status_1",30.8,6.1,11,39.5,39.0716670169465,0.428332983053501,"may_session_hour+tight_session+may_session",0.317014046024191,39.0780407188047,38.9946974660503,38.9731130410027,38.6713645224172,39.5893521629132,38.6713645224172,39.0729139273729,39.0515029592907,39.0918310746023,38.9189876279293,39.0151536087738,39.1770133972168,0,0,0,0,0,0,0,0.5,0.5,0,0,0
"all_measured_520_analysis_set","within_cow_random5",2,"StrictHierarchicalEBResidualXGB",25,"C002","stable_cool","S01","measurement_group_1","measurement_status_1",34.2,6.9,12,38.5,39.0519102999939,-0.551910299993885,"may_session_hour+tight_session+may_session",0.317014046024191,39.0826987481491,38.9753674294432,38.9470373760488,38.6713645224172,38.6713645224172,38.6713645224172,39.0729139273729,39.0119895253855,39.0918310746023,38.9767276618758,38.9484645824512,38.9803924560547,0,0,0,0,0,0,0,0.5,0.5,0,0,0
"all_measured_520_analysis_set","within_cow_random5",2,"StrictHierarchicalEBResidualXGB",32,"C002","stable_cool","S01","measurement_group_1","measurement_status_1",32.6,6,21,39.7,39.3198340797035,0.380165920296513,"may_session_hour+tight_session+may_session",0.317014046024191,39.0733826894602,39.0024019417683,38.9846567548453,38.6713645224172,38.6713645224172,38.8856822612086,39.0729139273729,39.5478370848047,39.0918310746023,39.1884920020292,39.0631461118678,39.3475303649902,0,0,0,0,0,0,0,0.5,0.5,0,0,0
"all_measured_520_analysis_set","within_cow_random5",2,"StrictHierarchicalEBResidualXGB",39,"C029","stable_cool","S01","measurement_group_1","measurement_status_1",33.2,9.3,13,38.1,38.3281594195645,-0.228159419564463,"may_session_hour+tight_session+may_session",0.317014046024191,38.350479028133,38.3856204342326,38.3961266617166,38.6713645224172,38.5444278391452,38.5178411306043,38.3598267247579,38.3136784619766,38.3426403771523,38.1961139537086,38.3341328654667,38.2353744506836,0,0,0,0,0,0,0,0.5,0.5,0,0,0
"all_measured_520_analysis_set","within_cow_random5",2,"StrictHierarchicalEBResidualXGB",40,"C029","stable_cool","S01","measurement_group_1","measurement_status_1",36.3,8,13,38.5,38.3281594195645,0.171840580435536,"may_session_hour+tight_session+may_session",0.317014046024191,38.350479028133,38.3856204342326,38.3961266617166,38.6713645224172,38.6713645224172,38.6713645224172,38.3598267247579,38.3136784619766,38.3426403771523,38.3407885145098,38.3460533287605,38.2306098937988,0,0,0,0,0,0,0,0.5,0.5,0,0,0
"all_measured_520_analysis_set","within_cow_random5",2,"StrictHierarchicalEBResidualXGB",44,"C029","stable_cool","S01","measurement_group_1","measurement_status_1",31.3,6,21,38.4,38.4255705794897,-0.0255705794896528,"may_session_hour+tight_session+may_session",0.317014046024191,38.3611867007673,38.432645150814,38.4505097633256,38.6713645224172,38.865947907594,38.6678411306043,38.3598267247579,38.508500781827,38.3426403771523,38.4203406432594,38.4740866547262,38.5258255004883,0,0,0,0,0,0,0,0.5,0.5,0,0,0
"all_measured_520_analysis_set","within_cow_random5",2,"StrictHierarchicalEBResidualXGB",52,"C001","stable_cool","S01","measurement_group_1","measurement_status_1",31.6,9.3,13,38,38.2685749426192,-0.268574942619153,"may_session_hour+tight_session+may_session",0.317014046024191,38.3080484587428,38.3518504315405,38.3664843949243,38.6713645224172,38.6713645224172,38.3856822612086,38.3308986919158,38.2220063367103,38.3151435485281,38.2274567456884,38.3107434959499,38.2004623413086,0,0,0,0,0,0,0,0.5,0.5,0,0,0
"all_measured_520_analysis_set","within_cow_random5",2,"StrictHierarchicalEBResidualXGB",54,"C001","stable_cool","S01","measurement_group_1","measurement_status_1",31.8,8.8,14,38,38.2685749426192,-0.268574942619153,"may_session_hour+tight_session+may_session",0.317014046024191,38.3080484587428,38.3859050940355,38.4090527230431,38.6713645224172,38.6713645224172,38.6713645224172,38.3308986919158,38.2220063367103,38.3151435485281,38.2271600318695,38.3729540142795,38.2942581176758,0,0,0,0,0,0,0,0.5,0.5,0,0,0
"all_measured_520_analysis_set","within_cow_random5",2,"StrictHierarchicalEBResidualXGB",59,"C001","stable_cool","S01","measurement_group_1","measurement_status_1",30.6,5.4,22,38.1,38.2769540163724,-0.176954016372378,"may_session_hour+tight_session+may_session",0.317014046024191,38.3309678287791,38.3993853995603,38.4164897922556,38.8830640386976,38.8407241354415,38.7856822612086,38.3308986919158,38.2387644842167,38.3151435485281,38.537690528698,38.4116764593896,38.402587890625,0,0,0,0,0,0,0,0.5,0.5,0,0,0
"all_measured_520_analysis_set","within_cow_random5",2,"StrictHierarchicalEBResidualXGB",68,"C027","stable_cool","S01","measurement_group_1","measurement_status_1",30.7,11.2,15,38.5,38.8423915724191,-0.342391572419089,"may_session_hour+tight_session+may_session",0.317014046024191,39.0340368357488,38.9542491974443,38.9343022878682,38.6713645224172,38.6713645224172,38.6713645224172,39.0341992552053,38.6319655469486,39.0528175978896,38.925037118212,38.9398208072543,39.0103340148926,0,0,0,0,0,0,0,0.5,0.5,0,0,0
"all_measured_520_analysis_set","within_cow_random5",2,"StrictHierarchicalEBResidualXGB",69,"C027","stable_cool","S01","measurement_group_1","measurement_status_1",33.9,9.1,15,38.5,38.8423915724191,-0.342391572419089,"may_session_hour+tight_session+may_session",0.317014046024191,39.0340368357488,38.9542491974443,38.9343022878682,38.6713645224172,38.6713645224172,38.6713645224172,39.0341992552053,38.6319655469486,39.0528175978896,38.9782037743426,38.9274580719083,38.929801940918,0,0,0,0,0,0,0,0.5,0.5,0,0,0
"all_measured_520_analysis_set","within_cow_random5",2,"StrictHierarchicalEBResidualXGB",72,"C027","stable_cool","S01","measurement_group_1","measurement_status_1",32.7,5.5,23,38.2,38.9610915267577,-0.761091526757653,"may_session_hour+tight_session+may_session",0.317014046024191,39.0340368357488,38.9443936319719,38.9219828310277,38.6713645224172,38.6713645224172,38.6713645224172,39.0341992552053,38.8693654556257,39.0528175978896,39.4620572606668,38.9650824507396,39.1937065124512,0,0,0,0,0,0,0,0.5,0.5,0,0,0
"all_measured_520_analysis_set","within_cow_random5",2,"StrictHierarchicalEBResidualXGB",76,"C026","stable_cool","S01","measurement_group_1","measurement_status_1",30.6,9,19,39,38.6574655459893,0.342534454010689,"may_session_hour+tight_session+may_session",0.317014046024191,38.6257035024155,38.6582078904992,38.6663339875201,38.6713645224172,38.322205616923,38.4356822612086,38.6253729641255,38.6917318146997,38.6231992772789,38.5810943033973,38.6692441468274,38.6771430969238,0,0,0,0,0,0,0,0.5,0.5,0,0,0
"all_measured_520_analysis_set","within_cow_random5",2,"StrictHierarchicalEBResidualXGB",77,"C026","stable_cool","S01","measurement_group_1","measurement_status_1",30.7,6,21,39.1,38.6574655459893,0.442534454010691,"may_session_hour+tight_session+may_session",0.317014046024191,38.6257035024155,38.6442585921325,38.6488973645618,38.6713645224172,38.6713645224172,38.6713645224172,38.6253729641255,38.6917318146997,38.6231992772789,38.6470912278213,38.6520288086906,38.6784057617188,0,0,0,0,0,0,0,0.5,0.5,0,0,0
"all_measured_520_analysis_set","within_cow_random5",2,"StrictHierarchicalEBResidualXGB",84,"C016","stable_cool","S01","measurement_group_1","measurement_status_1",33,8.8,14,38.3,38.5266651360335,-0.226665136033503,"may_session_hour+tight_session+may_session",0.317014046024191,38.6579028132992,38.6654611581087,38.6673507443111,38.6713645224172,38.6713645224172,38.3356822612086,38.6576576946859,38.3961591891209,38.6571710829461,38.4999235558092,38.6326940857888,38.5424041748047,0,0,0,0,0,0,0,0.5,0.5,0,0,0
"all_measured_520_analysis_set","within_cow_random5",2,"StrictHierarchicalEBResidualXGB",86,"C016","stable_cool","S01","measurement_group_1","measurement_status_1",32.1,9,19,39.4,38.6804022399822,0.719597760017813,"may_session_hour+tight_session+may_session",0.317014046024191,38.6579028132992,38.6839673392062,38.690483470683,39.0682492238828,38.9936074820621,38.9571215074724,38.6576576946859,38.7036333970183,38.6571710829461,38.7471748073898,38.6892255957757,38.7176818847656,0,0,0,0,0,0,0,0.5,0.5,0,0,0
"all_measured_520_analysis_set","within_cow_random5",2,"StrictHierarchicalEBResidualXGB",89,"C022","stable_cool","S01","measurement_group_1","measurement_status_1",25.4,5.4,0,38.1,38.4846704310511,-0.38467043105112,"may_session_hour+tight_session+may_session",0.317014046024191,38.4709906223359,38.4966667923004,38.5030858347916,38.6713645224172,38.6713645224172,38.6713645224172,38.4700049778773,38.5103809257213,38.4589599363809,38.3936304220641,38.4898314904281,38.4269027709961,0,0,0,0,0,0,0,0.5,0.5,0,0,0
"all_measured_520_analysis_set","within_cow_random5",2,"StrictHierarchicalEBResidualXGB",94,"C022","stable_cool","S01","measurement_group_1","measurement_status_1",31.3,9.3,13,38.2,38.5533023722375,-0.353302372237522,"may_session_hour+tight_session+may_session",0.317014046024191,38.5110672634271,38.5133655322718,38.5074992107362,38.6713645224172,38.6713645224172,38.6713645224172,38.4700049778773,38.6476448080941,38.4589599363809,38.3622449322417,38.4965907810258,38.4091148376465,0,0,0,0,0,0,0,0.5,0.5,0,0,0
"all_measured_520_analysis_set","within_cow_random5",2,"StrictHierarchicalEBResidualXGB",102,"C022","stable_cool","S01","measurement_group_1","measurement_status_1",32.1,5.5,23,38.5,38.396733118271,0.10326688172897,"may_session_hour+tight_session+may_session",0.317014046024191,38.4709906223359,38.4939566612416,38.499698170968,38.6713645224172,38.8407241354415,38.7856822612086,38.4700049778773,38.3345063001611,38.4589599363809,38.7629012527347,38.5170217570089,38.5928840637207,0,0,0,0,0,0,0,0.5,0.5,0,0,0
"all_measured_520_analysis_set","within_cow_random5",2,"StrictHierarchicalEBResidualXGB",106,"C014","stable_cool","S01","measurement_group_1","measurement_status_1",31.6,6.8,12,38.1,38.2210534152827,-0.121053415282688,"may_session_hour+tight_session+may_session",0.317014046024191,38.3226116394927,38.3678023794935,38.3178228614816,38.6713645224172,38.6713645224172,38.5452274204029,38.3479551237499,38.1104342708437,38.3316725597216,38.2264421800361,38.3273664916203,38.2212142944336,0,0,0,0,0,0,0,0.5,0.5,0,0,0
"all_measured_520_analysis_set","within_cow_random5",2,"StrictHierarchicalEBResidualXGB",108,"C014","stable_cool","S01","measurement_group_1","measurement_status_1",30.8,8,13,37.5,38.2210534152827,-0.72105341528269,"may_session_hour+tight_session+may_session",0.317014046024191,38.2650065217391,38.3182839430419,38.3450412059763,38.6713645224172,38.6713645224172,38.6713645224172,38.3479551237499,38.1104342708437,38.3316725597216,38.1946703323806,38.2996887504605,38.2895088195801,0,0,0,0,0,0,0,0.5,0.5,0,0,0
"all_measured_520_analysis_set","within_cow_random5",2,"StrictHierarchicalEBResidualXGB",112,"C014","stable_cool","S01","measurement_group_1","measurement_status_1",32.1,9,19,39,38.6128163284065,0.38718367159349,"may_session_hour+tight_session+may_session",0.317014046024191,38.3486201690821,38.4365412238325,38.4585214875201,39.0682492238828,38.9936074820621,38.9571215074724,38.3479551237499,38.8939600970914,38.3316725597216,38.4196140183809,38.4645805618997,38.4623870849609,0,0,0,0,0,0,0,0.5,0.5,0,0,0
"all_measured_520_analysis_set","within_cow_random5",2,"StrictHierarchicalEBResidualXGB",116,"C023","stable_cool","S01","measurement_group_1","measurement_status_1",30.7,5.4,0,38.3,39.0028266263126,-0.702826626312643,"may_session_hour+tight_session+may_session",0.317014046024191,39.0801938349711,38.9840293624086,38.959988244268,38.6713645224172,38.6713645224172,38.6713645224172,39.0797214065973,38.9066966043893,39.098956648236,39.029014524448,38.9811374302601,39.1099281311035,0,0,0,0,0,0,0,0.5,0.5,0,0,0
"all_measured_520_analysis_set","within_cow_random5",2,"StrictHierarchicalEBResidualXGB",122,"C023","stable_cool","S01","measurement_group_1","measurement_status_1",33,8,13,38.9,39.0436722386749,-0.143672238674945,"may_session_hour+tight_session+may_session",0.317014046024191,39.0157395611792,38.9185966692575,38.9046696688508,38.6713645224172,38.6713645224172,38.9356822612086,39.0797214065973,38.9883878291139,39.098956648236,38.9396833849164,38.892710621626,38.9214057922363,0,0,0,0,0,0,0,0.5,0.5,0,0,0
"all_measured_520_analysis_set","within_cow_random5",2,"StrictHierarchicalEBResidualXGB",123,"C023","stable_cool","S01","measurement_group_1","measurement_status_1",33.7,8.8,14,38.6,39.0436722386749,-0.443672238674942,"may_session_hour+tight_session+may_session",0.317014046024191,39.0801938349711,39.0032939754462,38.984069010565,38.6713645224172,38.5444278391452,38.5904548408057,39.0797214065973,38.9883878291139,39.098956648236,39.0095859867802,39.0030609311659,39.058521270752,0,0,0,0,0,0,0,0.5,0.5,0,0,0
"all_measured_520_analysis_set","within_cow_random5",2,"StrictHierarchicalEBResidualXGB",130,"C011","stable_cool","S01","measurement_group_1","measurement_status_1",28.2,13.1,11,38.1,38.2471196250608,-0.147119625060775,"may_session_hour+tight_session+may_session",0.317014046024191,38.234998923139,38.3204366301369,38.3429892019934,38.6713645224172,38.6713645224172,38.6713645224172,38.2424014619989,38.2717281588317,38.2225110912898,38.1017929146022,38.3014849757027,38.2186317443848,0,0,0,0,0,0,0,0.5,0.5,0,0,0
"all_measured_520_analysis_set","within_cow_random5",2,"StrictHierarchicalEBResidualXGB",135,"C011","stable_cool","S01","measurement_group_1","measurement_status_1",30.2,13.4,21,38.4,38.2929889541599,0.107011045840089,"may_session_hour+tight_session+may_session",0.317014046024191,38.252498923139,38.3455509860542,38.36719464689,38.6713645224172,38.6713645224172,38.6713645224172,38.2424014619989,38.36346681703,38.2225110912898,38.3166247274327,38.3702900987592,38.3078269958496,0,0,0,0,0,0,0,0.5,0.5,0,0,0
"all_measured_520_analysis_set","within_cow_random5",2,"StrictHierarchicalEBResidualXGB",139,"C004","stable_cool","S01","measurement_group_1","measurement_status_1",28.8,7.9,1,37.8,37.7915501478783,0.00844985212165739,"may_session_hour+tight_session+may_session",0.317014046024191,37.6559118357488,37.8520801932367,37.9011222826087,38.6713645224172,38.6713645224172,38.6713645224172,37.654410522811,37.9802445299282,37.6028557658285,37.6202227130819,37.8389320139589,37.7903060913086,0,0,0,0,0,0,0,0.5,0.5,0,0,0
"all_measured_520_analysis_set","within_cow_random5",2,"StrictHierarchicalEBResidualXGB",140,"C004","stable_cool","S01","measurement_group_1","measurement_status_1",27.6,3.5,14,37.6,37.5909982556648,0.00900174433517975,"may_session_hour+tight_session+may_session",0.317014046024191,37.6559118357488,37.8638683760684,37.9158575111483,38.6713645224172,38.6713645224172,38.6713645224172,37.654410522811,37.5791407455011,37.6028557658285,37.3249970058607,37.8188816921931,37.6915740966797,0,0,0,0,0,0,0,0.5,0.5,0,0,0
"all_measured_520_analysis_set","within_cow_random5",2,"StrictHierarchicalEBResidualXGB",146,"C004","stable_cool","S01","measurement_group_1","measurement_status_1",31.1,11.3,12,37.5,37.5909982556648,-0.0909982556648217,"may_session_hour+tight_session+may_session",0.317014046024191,37.6122565217391,37.7997703822109,37.8536648799375,38.6713645224172,38.6713645224172,38.4356822612086,37.654410522811,37.5791407455011,37.6028557658285,37.4961139885282,37.7280137436243,37.6466903686523,0,0,0,0,0,0,0,0.5,0.5,0,0,0
"all_measured_520_analysis_set","within_cow_random5",2,"StrictHierarchicalEBResidualXGB",151,"C028","stable_hot","S01","measurement_group_1","measurement_status_1",34.5,29.7,23,40.3,40.2938974938646,0.00610250613538454,"tight_session+may_session+direct_xgb",0.340045752128709,40.1342984068627,40.0209838752777,39.9938245062518,39.2214654654655,39.2214654654655,39.2214654654655,40.1327546594213,39.9743122169789,40.2871837502018,40.5264873994536,40.1434730668695,40.3593597412109,0,0,0,0,0,0,0.05,0,0.75,0,0,0.2
"all_measured_520_analysis_set","within_cow_random5",2,"StrictHierarchicalEBResidualXGB",152,"C028","stable_hot","S01","measurement_group_1","measurement_status_1",36.6,36.5,15,40.2,40.1311241599865,0.0688758400134617,"tight_session+may_session+direct_xgb",0.340045752128709,40.1415738265003,39.9109476043861,39.8532910488576,39.2214654654655,39.2214654654655,39.1607327327327,40.0500880990881,39.6787361432861,40.1908625135454,39.9582017911337,39.8759560867231,39.9273643493652,0,0,0,0,0,0,0.05,0,0.75,0,0,0.2
"all_measured_520_analysis_set","within_cow_random5",2,"StrictHierarchicalEBResidualXGB",157,"C028","stable_hot","S01","measurement_group_1","measurement_status_1",38.4,38.5,20,40.1,40.0698579410829,0.0301420589171357,"tight_session+may_session+direct_xgb",0.340045752128709,40.1692984068627,39.9692083416401,39.9147300892047,39.2214654654655,39.2214654654655,39.2214654654655,39.941854394836,39.6786401296517,40.0898669748089,40.1741766312668,40.0011586626886,40.0268249511719,0,0,0,0,0,0,0.05,0,0.75,0,0,0.2
"all_measured_520_analysis_set","within_cow_random5",2,"StrictHierarchicalEBResidualXGB",169,"C008","stable_cool","S01","measurement_group_1","measurement_status_1",33.3,5.5,11,38.1,38.1615154352132,-0.061515435213245,"may_session_hour+tight_session+may_session",0.317014046024191,38.1740065217391,38.2719477990172,38.3010585259454,38.6713645224172,38.7666500613674,38.7356822612086,38.2019457340786,38.1447934252087,38.1782374452178,38.1440812679556,38.2668245893433,38.2117042541504,0,0,0,0,0,0,0,0.5,0.5,0,0,0
"all_measured_520_analysis_set","within_cow_random5",2,"StrictHierarchicalEBResidualXGB",172,"C008","stable_cool","S01","measurement_group_1","measurement_status_1",35,9.6,16,38.2,38.2187810251709,-0.0187810251709095,"may_session_hour+tight_session+may_session",0.317014046024191,38.2022991394928,38.3116756782695,38.3390981927191,38.6713645224172,38.6713645224172,38.6356822612086,38.2019457340786,38.259324605124,38.1782374452178,38.1097125151119,38.3085579711772,38.1598052978516,0,0,0,0,0,0,0,0.5,0.5,0,0,0
"all_measured_520_analysis_set","within_cow_random5",2,"StrictHierarchicalEBResidualXGB",176,"C030","stable_cool","S01","measurement_group_1","measurement_status_1",27.8,6.9,1,40.1,39.9272846208741,0.172715379125925,"may_session_hour+tight_session+may_session",0.317014046024191,40.1642451690821,39.8587468599034,39.7823722826087,38.6713645224172,38.6713645224172,38.6713645224172,40.1657720251584,39.612629506454,40.2419397352942,40.2561972560422,39.9321249683452,40.4128570556641,0,0,0,0,0,0,0,0.5,0.5,0,0,0
"all_measured_520_analysis_set","within_cow_random5",2,"StrictHierarchicalEBResidualXGB",188,"C030","stable_cool","S01","measurement_group_1","measurement_status_1",30.6,3,0,40.1,39.9272846208741,0.172715379125925,"may_session_hour+tight_session+may_session",0.317014046024191,40.1642451690821,39.8512704296974,39.7730267448513,38.6713645224172,38.6925759872933,38.6713645224172,40.1657720251584,39.612629506454,40.2419397352942,40.1975536276217,39.8870906381873,40.199390411377,0,0,0,0,0,0,0,0.5,0.5,0,0,0
"all_measured_520_analysis_set","within_cow_random5",2,"StrictHierarchicalEBResidualXGB",189,"C030","stable_cool","S01","measurement_group_1","measurement_status_1",27.8,6.9,21,40.2,40.1485400397001,0.0514599602999084,"may_session_hour+tight_session+may_session",0.317014046024191,40.1705022644928,39.8800082147171,39.8063790976536,38.6713645224172,38.6713645224172,38.6713645224172,40.1657720251584,40.055140344106,40.2419397352942,40.2959035909467,39.9246944204022,40.2235527038574,0,0,0,0,0,0,0,0.5,0.5,0,0,0
"all_measured_520_analysis_set","within_cow_random5",2,"StrictHierarchicalEBResidualXGB",192,"C018","stable_cool","S01","measurement_group_1","measurement_status_1",30.8,4.4,9,38.8,38.8007850453815,-0.000785045381526572,"may_session_hour+tight_session+may_session",0.317014046024191,38.7952565217391,38.78271284219,38.7792804549114,38.6713645224172,38.6925759872933,39.4856822612086,38.7932837622476,38.8019204318048,38.7996496589583,38.7908558211154,38.8049629804132,38.8442153930664,0,0,0,0,0,0,0,0.5,0.5,0,0,0
"all_measured_520_analysis_set","within_cow_random5",2,"StrictHierarchicalEBResidualXGB",193,"C018","stable_cool","S01","measurement_group_1","measurement_status_1",32.6,5.3,9,38.8,38.8007850453815,-0.000785045381526572,"may_session_hour+tight_session+may_session",0.317014046024191,38.7952565217391,38.7923168187511,38.7866802924431,38.6713645224172,38.7666500613674,38.523788174139,38.7932837622476,38.8019204318048,38.7996496589583,38.8511446601042,38.8066874743921,38.8287582397461,0,0,0,0,0,0,0,0.5,0.5,0,0,0
"all_measured_520_analysis_set","within_cow_random5",2,"StrictHierarchicalEBResidualXGB",195,"C018","stable_cool","S01","measurement_group_1","measurement_status_1",32.9,6.5,11,38.8,38.8007850453815,-0.000785045381526572,"may_session_hour+tight_session+may_session",0.317014046024191,38.7945647644928,38.7679667754664,38.7611319860903,38.6713645224172,39.0629463576637,38.9356822612086,38.7932837622476,38.8019204318048,38.7996496589583,38.7694039468712,38.7652950449947,38.7854232788086,0,0,0,0,0,0,0,0.5,0.5,0,0,0
"all_measured_520_analysis_set","within_cow_random5",2,"StrictHierarchicalEBResidualXGB",200,"C018","stable_cool","S01","measurement_group_1","measurement_status_1",32.4,7.5,0,38.8,38.7914576858541,0.00854231414591311,"may_session_hour+tight_session+may_session",0.317014046024191,38.7945647644928,38.7555096356153,38.7455605612764,38.6713645224172,38.6713645224172,38.6713645224172,38.7932837622476,38.7832657127499,38.7996496589583,38.8286051213667,38.7496565964028,38.7865562438965,0,0,0,0,0,0,0,0.5,0.5,0,0,0
"all_measured_520_analysis_set","within_cow_random5",2,"StrictHierarchicalEBResidualXGB",207,"C025","stable_cool","S01","measurement_group_1","measurement_status_1",29.8,14.9,23,39.4,39.3481191272514,0.0518808727486046,"may_session_hour+tight_session+may_session",0.317014046024191,39.3928460144928,39.2314192962231,39.1908187307861,38.6713645224172,38.6713645224172,38.6713645224172,39.3919222599002,39.2675046260788,39.4287336284239,39.7931134196057,39.2307451158277,39.5219917297363,0,0,0,0,0,0,0,0.5,0.5,0,0,0
"all_measured_520_analysis_set","within_cow_random5",2,"StrictHierarchicalEBResidualXGB",210,"C025","stable_cool","S01","measurement_group_1","measurement_status_1",30,8.4,21,39.4,39.4200795080624,-0.0200795080624374,"may_session_hour+tight_session+may_session",0.317014046024191,39.3913285024155,39.2567585921325,39.2231161145618,38.6713645224172,38.396279690997,38.4856822612086,39.3919222599002,39.4114253877009,39.4287336284239,39.5871797801846,39.2828709604629,39.577564239502,0,0,0,0,0,0,0,0.5,0.5,0,0,0
"all_measured_520_analysis_set","within_cow_random5",2,"StrictHierarchicalEBResidualXGB",212,"C010","stable_hot","S01","measurement_group_1","measurement_status_1",37.5,32.6,14,38.6,38.6271420851683,-0.0271420851683359,"tight_session+may_session+direct_xgb",0.340045752128709,38.6968212446814,38.770273564797,38.7886366448259,39.2214654654655,39.2214654654655,39.2214654654655,38.6678278842165,38.6528610226386,38.6072539323444,38.5214636615672,38.7420569103622,38.6915512084961,0,0,0,0,0,0,0.05,0,0.75,0,0,0.2
"all_measured_520_analysis_set","within_cow_random5",2,"StrictHierarchicalEBResidualXGB",213,"C010","stable_hot","S01","measurement_group_1","measurement_status_1",37.8,34.3,13,38.7,38.6923799843032,0.00762001569676585,"tight_session+may_session+direct_xgb",0.340045752128709,38.6968212446814,38.7648112544446,38.7818087568854,39.2214654654655,39.2214654654655,39.2214654654655,38.7690948478016,38.8878015409609,38.7042560761316,38.5079949599782,38.7187109918921,38.6286659240723,0,0,0,0,0,0,0.05,0,0.75,0,0,0.2
"all_measured_520_analysis_set","within_cow_random5",2,"StrictHierarchicalEBResidualXGB",214,"C010","stable_hot","S01","measurement_group_1","measurement_status_1",35.5,31.2,14,38.6,38.6241399184203,-0.0241399184202891,"tight_session+may_session+direct_xgb",0.340045752128709,38.6968212446814,38.770273564797,38.7886366448259,39.2214654654655,39.2214654654655,39.2214654654655,38.6678278842165,38.6528610226386,38.6072539323444,38.4866663343847,38.7325269081109,38.6765403747559,0,0,0,0,0,0,0.05,0,0.75,0,0,0.2
"all_measured_520_analysis_set","within_cow_random5",2,"StrictHierarchicalEBResidualXGB",221,"C010","stable_hot","S01","measurement_group_1","measurement_status_1",37.2,33.7,18,38.6,38.6387461300873,-0.0387461300873397,"tight_session+may_session+direct_xgb",0.340045752128709,38.6973775268621,38.7937263069596,38.8177240994906,39.2214654654655,39.2214654654655,39.2214654654655,38.7195891298388,38.9193252981876,38.6086714013824,38.5967306719001,38.8019604111012,38.731315612793,0,0,0,0,0,0,0.05,0,0.75,0,0,0.2
"all_measured_520_analysis_set","within_cow_random5",2,"StrictHierarchicalEBResidualXGB",230,"C019","stable_hot","S01","measurement_group_1","measurement_status_1",35.7,34.8,19,39.5,39.460576774942,0.0394232250579734,"tight_session+may_session+direct_xgb",0.340045752128709,39.4634488265003,39.4039021498407,39.3890154806757,39.2214654654655,39.2214654654655,39.2214654654655,39.4865434789628,39.477405079811,39.4987783579658,39.3956692860296,39.3703913978184,39.3108291625977,0,0,0,0,0,0,0.05,0,0.75,0,0,0.2
"all_measured_520_analysis_set","within_cow_random5",2,"StrictHierarchicalEBResidualXGB",234,"C019","stable_hot","S01","measurement_group_1","measurement_status_1",31.6,21.1,23,39.5,39.5290231250397,-0.0290231250396857,"tight_session+may_session+direct_xgb",0.340045752128709,39.4698452818627,39.4892260627777,39.4930432562518,39.2214654654655,39.2214654654655,39.2214654654655,39.4865434789628,39.5241221998582,39.4987783579658,39.8880687589014,39.5473210858137,39.6530609130859,0,0,0,0,0,0,0.05,0,0.75,0,0,0.2
"all_measured_520_analysis_set","within_cow_random5",2,"StrictHierarchicalEBResidualXGB",237,"C019","stable_hot","S01","measurement_group_1","measurement_status_1",39.7,36.3,16,39.5,39.4805232660065,0.0194767339934785,"tight_session+may_session+direct_xgb",0.340045752128709,39.4596831550802,39.4285626485443,39.4213877191028,39.2214654654655,39.2214654654655,39.2214654654655,39.4332043131567,39.4555291383598,39.4954955824311,39.3556330943296,39.4042297359055,39.436206817627,0,0,0,0,0,0,0.05,0,0.75,0,0,0.2
"all_measured_520_analysis_set","within_cow_random5",2,"StrictHierarchicalEBResidualXGB",238,"C005","stable_hot","S01","measurement_group_1","measurement_status_1",29.7,26,3,37.8,37.8514722588506,-0.0514722588506089,"tight_session+may_session+direct_xgb",0.340045752128709,37.9203506564461,38.2039636307223,38.2748668742914,39.2214654654655,39.2214654654655,39.2214654654655,38.025251887515,38.6255149392082,37.8139707554326,38.1454478088205,38.208915723843,37.948657989502,0,0,0,0,0,0,0.05,0,0.75,0,0,0.2
"all_measured_520_analysis_set","within_cow_random5",2,"StrictHierarchicalEBResidualXGB",244,"C005","stable_hot","S01","measurement_group_1","measurement_status_1",34.3,33.6,21,38.2,38.1774607091242,0.0225392908757556,"tight_session+may_session+direct_xgb",0.340045752128709,37.9203506564461,38.2134413985972,38.2867140841349,39.2214654654655,39.2214654654655,39.2214654654655,38.4943974131745,38.8482436905664,38.2143010170426,37.9681559672627,38.1714373087947,37.960075378418,0,0,0,0,0,0,0.05,0,0.75,0,0,0.2
"all_measured_520_analysis_set","within_cow_random5",2,"StrictHierarchicalEBResidualXGB",248,"C005","stable_hot","S01","measurement_group_1","measurement_status_1",33.6,31.4,21,37.8,37.8578267815557,-0.0578267815556899,"tight_session+may_session+direct_xgb",0.340045752128709,37.9203506564461,38.2134413985972,38.2867140841349,39.2214654654655,39.2214654654655,39.2214654654655,38.025251887515,38.5038958757003,37.8139707554326,37.9864923413661,38.1791971927945,37.9804306030273,0,0,0,0,0,0,0.05,0,0.75,0,0,0.2
"all_measured_520_analysis_set","within_cow_random5",2,"StrictHierarchicalEBResidualXGB",252,"C017","stable_hot","S01","measurement_group_1","measurement_status_1",34.4,30.1,1,40.1,39.8192437991387,0.280756200861333,"tight_session+may_session+direct_xgb",0.340045752128709,39.3604812834225,39.3577821350763,39.3571073479897,39.2214654654655,39.2214654654655,39.7607327327327,39.7539704847705,39.6943811457345,39.8828532132132,39.4627386913296,39.4255725539396,39.5970268249512,0,0,0,0,0,0,0.05,0,0.75,0,0,0.2
"all_measured_520_analysis_set","within_cow_random5",2,"StrictHierarchicalEBResidualXGB",259,"C017","stable_hot","S01","measurement_group_1","measurement_status_1",36.7,34.5,19,39.6,39.3078196602339,0.292180339766084,"tight_session+may_session+direct_xgb",0.340045752128709,39.3148970588235,39.2857119389078,39.2857416950251,39.2214654654655,39.2214654654655,39.0607327327327,39.3242001348287,39.2897463705883,39.3331610158546,39.3838190397487,39.2676974091878,39.2086944580078,0,0,0,0,0,0,0.05,0,0.75,0,0,0.2
"all_measured_520_analysis_set","within_cow_random5",2,"StrictHierarchicalEBResidualXGB",265,"C017","stable_hot","S01","measurement_group_1","measurement_status_1",36.2,32.9,22,39.5,39.3460593259451,0.153940674054901,"tight_session+may_session+direct_xgb",0.340045752128709,39.4723970588235,39.4558666815211,39.4337476232917,39.2214654654655,38.6870466021577,39.2214654654655,39.3150096499861,39.3277189999243,39.3017083814303,39.594534397576,39.4997910318126,39.5201377868652,0,0,0,0,0,0,0.05,0,0.75,0,0,0.2
"all_measured_520_analysis_set","within_cow_random5",2,"StrictHierarchicalEBResidualXGB",269,"C020","stable_hot","S01","measurement_group_1","measurement_status_1",35.9,33.4,12,38.6,38.9322554159285,-0.332255415928515,"tight_session+may_session+direct_xgb",0.340045752128709,39.5904812834225,39.4354567736185,39.3967006461676,39.2214654654655,39.2214654654655,38.6107327327327,38.9978252047502,38.8473592809855,38.8519555116245,39.3833767920406,39.3270553558863,39.2169876098633,0,0,0,0,0,0,0.05,0,0.75,0,0,0.2
"all_measured_520_analysis_set","within_cow_random5",2,"StrictHierarchicalEBResidualXGB",270,"C020","stable_hot","S01","measurement_group_1","measurement_status_1",35.8,34.1,13,39.2,39.1428039301457,0.0571960698542782,"tight_session+may_session+direct_xgb",0.340045752128709,39.4521470588235,39.3710481089669,39.1683607798851,39.2214654654655,39.2214654654655,38.6738218218218,39.1838639317889,39.1574014455527,39.1167198289865,39.3247160343119,39.2654170853215,39.230354309082,0,0,0,0,0,0,0.05,0,0.75,0,0,0.2
"all_measured_520_analysis_set","within_cow_random5",2,"StrictHierarchicalEBResidualXGB",276,"C020","stable_hot","S01","measurement_group_1","measurement_status_1",38.2,37.8,20,39.5,39.1745105211001,0.325489478899932,"tight_session+may_session+direct_xgb",0.340045752128709,39.5904812834225,39.5065507083216,39.4855680645464,39.2214654654655,39.2214654654655,39.2214654654655,39.1813876769627,39.2044943538181,39.0708567376901,39.5545395029848,39.5199594921449,39.5614929199219,0,0,0,0,0,0,0.05,0,0.75,0,0,0.2
"all_measured_520_analysis_set","within_cow_random5",2,"StrictHierarchicalEBResidualXGB",286,"C009","stable_hot","S01","measurement_group_1","measurement_status_1",37.2,35.4,14,39.4,39.6771739596955,-0.277173959695503,"tight_session+may_session+direct_xgb",0.340045752128709,40.0103238265003,39.8210756302521,39.77376358119,39.2214654654655,38.5388984540096,38.5738218218218,39.33442415332,39.0861485975559,39.6557572745159,39.689533623572,39.798904574354,39.8431739807129,0,0,0,0,0,0,0.05,0,0.75,0,0,0.2
"all_measured_520_analysis_set","within_cow_random5",2,"StrictHierarchicalEBResidualXGB",290,"C009","stable_hot","S01","measurement_group_1","measurement_status_1",36.7,33,21,38.7,39.8285674247384,-1.12856742473843,"tight_session+may_session+direct_xgb",0.340045752128709,40.0960171568627,39.9527504084967,40.116318157945,39.2214654654655,39.2214654654655,39.7071551551552,39.5721117498451,39.5001409557176,39.7722381381381,40.0065450007271,39.9687172504477,40.1039161682129,0,0,0,0,0,0,0.05,0,0.75,0,0,0.2
"all_measured_520_analysis_set","within_cow_random5",2,"StrictHierarchicalEBResidualXGB",303,"C012","stable_hot","S01","measurement_group_1","measurement_status_1",38.2,36.8,21,39.4,39.5707006656974,-0.170700665697431,"tight_session+may_session+direct_xgb",0.340045752128709,39.6629037552521,39.60646237387,39.5808601110899,39.2214654654655,39.2214654654655,39.1404884884885,39.4593050052284,39.4268165717168,39.4990740597741,39.7446863705725,39.713440201717,39.8671493530273,0,0,0,0,0,0,0.05,0,0.75,0,0,0.2
"all_measured_520_analysis_set","within_cow_random5",2,"StrictHierarchicalEBResidualXGB",304,"C012","stable_hot","S01","measurement_group_1","measurement_status_1",36.2,34.3,22,40.6,40.183771584308,0.416228415691961,"tight_session+may_session+direct_xgb",0.340045752128709,39.5913984912147,39.5526666242255,39.5429836574781,39.2214654654655,39.2214654654655,38.8607327327327,40.023378589527,39.8185873229171,40.3105244463511,39.7676044123585,39.6355356175078,39.7485466003418,0,0,0,0,0,0,0.05,0,0.75,0,0,0.2
"all_measured_520_analysis_set","within_cow_random5",2,"StrictHierarchicalEBResidualXGB",305,"C012","stable_hot","S01","measurement_group_1","measurement_status_1",35,32.7,23,40.5,40.1995468833803,0.300453116619693,"tight_session+may_session+direct_xgb",0.340045752128709,39.7329037552521,39.697742715651,39.6662105383161,39.2214654654655,39.2214654654655,39.5107327327327,40.023378589527,40.1792078984656,40.3105244463511,39.8819303886416,39.80061207729,39.8274230957031,0,0,0,0,0,0,0.05,0,0.75,0,0,0.2
"all_measured_520_analysis_set","within_cow_random5",2,"StrictHierarchicalEBResidualXGB",309,"C006","stable_hot","S01","measurement_group_1","measurement_status_1",35.3,31.8,14,39.3,38.9706162065494,0.329383793450596,"tight_session+may_session+direct_xgb",0.340045752128709,39.213536838978,39.1836460402343,39.1761733405483,39.2214654654655,39.2214654654655,39.2214654654655,38.9689110782658,38.8485650987706,38.9575851621737,38.9471717937539,39.0949342345926,39.0199089050293,0,0,0,0,0,0,0.05,0,0.75,0,0,0.2
"all_measured_520_analysis_set","within_cow_random5",2,"StrictHierarchicalEBResidualXGB",311,"C006","stable_hot","S01","measurement_group_1","measurement_status_1",38.1,36.5,15,39.7,38.9705605119693,0.729439488030678,"tight_session+may_session+direct_xgb",0.340045752128709,39.0417465240642,39.0335399097931,39.0590974139794,39.2214654654655,39.2214654654655,39.4607327327327,38.9689110782658,38.8824684865334,38.9575851621737,38.9502003529984,38.9479134268296,39.0196304321289,0,0,0,0,0,0,0.05,0,0.75,0,0,0.2
"all_measured_520_analysis_set","within_cow_random5",2,"StrictHierarchicalEBResidualXGB",315,"C006","stable_hot","S01","measurement_group_1","measurement_status_1",35.3,31.5,21,38.5,38.6720387615715,-0.172038761571542,"tight_session+may_session+direct_xgb",0.340045752128709,39.2461678921569,39.2736290292632,39.2752500371361,39.2214654654655,39.2214654654655,39.2214654654655,38.8850638772462,39.1021768922131,38.4773397820107,39.2588906559816,39.2874295674082,39.3489036560059,0,0,0,0,0,0,0.05,0,0.75,0,0,0.2
"all_measured_520_analysis_set","within_cow_random5",2,"StrictHierarchicalEBResidualXGB",322,"C015","stable_hot","S01","measurement_group_1","measurement_status_1",34.7,32.2,12,39.7,38.4423942423872,1.25760575761277,"tight_session+may_session+direct_xgb",0.340045752128709,38.6885462575123,38.4290618649311,38.5463424465093,39.2214654654655,38.4648243799355,38.7107327327327,38.5580252526375,38.5614893121123,38.4199149967702,38.6617209790681,38.3246441832371,38.4977836608887,0,0,0,0,0,0,0.05,0,0.75,0,0,0.2
"all_measured_520_analysis_set","within_cow_random5",2,"StrictHierarchicalEBResidualXGB",328,"C015","stable_hot","S01","measurement_group_1","measurement_status_1",36.9,35.3,15,38,38.4560043192915,-0.45600431929153,"tight_session+may_session+direct_xgb",0.340045752128709,38.6885462575123,38.7500059924003,38.7820259121738,39.2214654654655,39.2214654654655,38.8607327327327,38.5580252526375,38.615392699875,38.4199149967702,38.6089177907005,38.6634407139298,38.5658340454102,0,0,0,0,0,0,0.05,0,0.75,0,0,0.2
"all_measured_520_analysis_set","within_cow_random5",2,"StrictHierarchicalEBResidualXGB",334,"C015","stable_hot","S01","measurement_group_1","measurement_status_1",35.1,32.4,21,38.5,38.6260983705264,-0.126098370526421,"tight_session+may_session+direct_xgb",0.340045752128709,39.0035462575123,39.0769783226547,39.0613663249919,39.2214654654655,39.2214654654655,39.2214654654655,38.832866312696,39.0682484752554,38.5417876480586,38.9257724650668,39.0932469503728,38.8905715942383,0,0,0,0,0,0,0.05,0,0.75,0,0,0.2
"all_measured_520_analysis_set","within_cow_random5",2,"StrictHierarchicalEBResidualXGB",335,"C015","stable_hot","S01","measurement_group_1","measurement_status_1",34.2,30.8,22,38.4,38.6751836061221,-0.27518360612212,"tight_session+may_session+direct_xgb",0.340045752128709,38.7935462575123,38.9143652804681,38.9443500222586,39.2214654654655,39.2214654654655,39.3107327327327,38.832866312696,39.0143258306857,38.5417876480586,39.0337501985394,39.0137870200464,39.1359977722168,0,0,0,0,0,0,0.05,0,0.75,0,0,0.2
"all_measured_520_analysis_set","within_cow_random5",2,"StrictHierarchicalEBResidualXGB",340,"C007","stable_hot","S01","measurement_group_1","measurement_status_1",37.4,32.8,12,39.8,39.7713065561289,0.0286934438711413,"tight_session+may_session+direct_xgb",0.340045752128709,39.3399803921569,39.2379044860368,39.2444302956031,39.2214654654655,39.2214654654655,39.2214654654655,39.7052296623154,39.3177570382627,39.852114866231,39.44673378829,39.2459406999638,39.4847946166992,0,0,0,0,0,0,0.05,0,0.75,0,0,0.2
"all_measured_520_analysis_set","within_cow_random5",2,"StrictHierarchicalEBResidualXGB",352,"C007","stable_hot","S01","measurement_group_1","measurement_status_1",35,28.7,22,39.2,39.3582628664277,-0.158262866427719,"tight_session+may_session+direct_xgb",0.340045752128709,39.7249803921569,39.65688057041,39.6100254010695,39.2214654654655,39.2214654654655,39.8107327327327,39.29978000858,39.3482482453016,39.2417062598082,39.8321062029915,39.7546898776872,39.8099708557129,0,0,0,0,0,0,0.05,0,0.75,0,0,0.2
"all_measured_520_analysis_set","within_cow_random5",2,"StrictHierarchicalEBResidualXGB",353,"C007","stable_hot","S01","measurement_group_1","measurement_status_1",35.2,30.1,22,39.4,39.6754121554411,-0.275412155441117,"tight_session+may_session+direct_xgb",0.340045752128709,39.7249803921569,39.65688057041,39.6100254010695,39.2214654654655,39.2214654654655,39.5404884884885,39.5366763253049,39.5878762480848,39.5952398689012,39.7684846916212,39.8048349747641,40.0107421875,0,0,0,0,0,0,0.05,0,0.75,0,0,0.2
"all_measured_520_analysis_set","within_cow_random5",2,"StrictHierarchicalEBResidualXGB",356,"C007","stable_hot","S01","measurement_group_1","measurement_status_1",34.6,27.1,24,40.2,39.3290613588594,0.87093864114064,"tight_session+may_session+direct_xgb",0.340045752128709,39.5393701723114,39.5239251336898,39.5200638740345,39.2214654654655,39.2214654654655,39.2214654654655,39.29978000858,39.4702409450721,39.2417062598082,40.016235594098,39.5795624113526,39.6639633178711,0,0,0,0,0,0,0.05,0,0.75,0,0,0.2
"all_measured_520_analysis_set","within_cow_random5",2,"StrictHierarchicalEBResidualXGB",358,"C013","stable_hot","S01","measurement_group_1","measurement_status_1",34.7,30,12,38.7,38.6806641070208,0.0193358929791998,"tight_session+may_session+direct_xgb",0.340045752128709,39.0282590612002,38.9856789958408,38.9750339795009,39.2214654654655,39.2214654654655,39.2214654654655,38.8627111735112,38.77012002054,38.6418186634187,38.6980925419076,38.9183792573144,38.7808227539062,0,0,0,0,0,0,0.05,0,0.75,0,0,0.2
"all_measured_520_analysis_set","within_cow_random5",2,"StrictHierarchicalEBResidualXGB",360,"C013","stable_hot","S01","measurement_group_1","measurement_status_1",34.8,30.3,19,38.6,38.7009933363477,-0.100993336347678,"tight_session+may_session+direct_xgb",0.340045752128709,39.0758137254902,39.0931147166856,39.0897972505807,39.2214654654655,39.2214654654655,39.2214654654655,38.8285751656068,38.9336559789814,38.6248499387252,38.846110545217,39.0765153558321,38.9546356201172,0,0,0,0,0,0,0.05,0,0.75,0,0,0.2
"all_measured_520_analysis_set","within_cow_random5",2,"StrictHierarchicalEBResidualXGB",372,"C024","stable_hot","S01","measurement_group_1","measurement_status_1",37.7,36.2,15,38.2,38.4903001969154,-0.290300196915382,"tight_session+may_session+direct_xgb",0.340045752128709,38.706688672373,38.7639688406975,38.7887441784277,39.2214654654655,39.2214654654655,39.1107327327327,38.6463777772133,38.7663244340675,38.4706525269506,38.555619233411,38.6994130392463,38.524959564209,0,0,0,0,0,0,0.05,0,0.75,0,0,0.2
"all_measured_520_analysis_set","within_cow_random5",2,"StrictHierarchicalEBResidualXGB",374,"C024","stable_hot","S01","measurement_group_1","measurement_status_1",37.7,35.7,19,38.7,38.9993305964256,-0.299330596425641,"tight_session+may_session+direct_xgb",0.340045752128709,38.7717438453006,38.8505381648809,38.870236744776,39.2214654654655,39.4277873428985,39.3607327327327,39.0382106837235,39.1038532273699,39.0296960693141,38.7742419493457,38.9177674283654,38.8757400512695,0,0,0,0,0,0,0.05,0,0.75,0,0,0.2
"all_measured_520_analysis_set","within_cow_random5",2,"StrictHierarchicalEBResidualXGB",377,"C024","stable_hot","S01","measurement_group_1","measurement_status_1",35.4,31.9,21,40.4,39.9824420776438,0.41755792235616,"tight_session+may_session+direct_xgb",0.340045752128709,38.8049668327787,38.9206597255564,38.944243540049,39.2214654654655,39.2214654654655,39.2214654654655,39.8954751066856,39.7195409681611,40.2838588698502,38.8538717371861,38.9197729084429,38.8738708496094,0,0,0,0,0,0,0.05,0,0.75,0,0,0.2
"all_measured_520_analysis_set","within_cow_random5",2,"StrictHierarchicalEBResidualXGB",380,"C024","stable_hot","S01","measurement_group_1","measurement_status_1",35.9,32.3,22,41.2,39.9996829834056,1.20031701659445,"tight_session+may_session+direct_xgb",0.340045752128709,38.724188672373,38.8595781287653,38.9010682885125,39.2214654654655,39.2214654654655,39.2214654654655,39.8954751066856,39.7354500590702,40.2838588698502,38.9510362012395,38.8734732436491,38.960075378418,0,0,0,0,0,0,0.05,0,0.75,0,0,0.2
"all_measured_520_analysis_set","within_cow_random5",2,"StrictHierarchicalEBResidualXGB",385,"C001","stable_cool","S01","measurement_group_1","measurement_status_1",30.7,11.2,16,38.3,38.350117449937,-0.0501174499369554,"may_session_hour+tight_session+may_session",0.317014046024191,38.3309678287791,38.4146036626092,38.4355126210667,38.6713645224172,38.6713645224172,38.6713645224172,38.3308986919158,38.3850913513458,38.3151435485281,38.2263556691062,38.4130339535671,38.3127555847168,0,0,0,0,0,0,0,0.5,0.5,0,0,0
"all_measured_520_analysis_set","within_cow_random5",2,"StrictHierarchicalEBResidualXGB",392,"C003","stable_cool","S01","measurement_group_1","measurement_status_1",32.8,6,15,38.5,38.556544517428,-0.0565445174279802,"may_session_hour+tight_session+may_session",0.317014046024191,38.5572565217391,38.5736985935796,38.556338485524,38.6713645224172,38.6713645224172,38.5856822612086,38.6180724946419,38.4975615133023,38.6155275215537,38.5743321012353,38.5876208360273,38.6169929504395,0,0,0,0,0,0,0,0.5,0.5,0,0,0
"all_measured_520_analysis_set","within_cow_random5",2,"StrictHierarchicalEBResidualXGB",401,"C004","stable_cool","S01","measurement_group_1","measurement_status_1",32.1,7.6,8,37.6,37.6507809824341,-0.0507809824341336,"may_session_hour+tight_session+may_session",0.317014046024191,37.6559118357488,37.8955752012883,37.9554910426731,38.6713645224172,38.6713645224172,38.6713645224172,37.654410522811,37.6987061990398,37.6028557658285,37.6910805893789,37.8752982711051,37.7607192993164,0,0,0,0,0,0,0,0.5,0.5,0,0,0
"all_measured_520_analysis_set","within_cow_random5",2,"StrictHierarchicalEBResidualXGB",404,"C005","stable_hot","S01","measurement_group_1","measurement_status_1",36.5,34,16,37.9,37.9057882642994,-0.00578826429938317,"tight_session+may_session+direct_xgb",0.340045752128709,37.9203506564461,38.197042854331,38.2662159038022,39.2214654654655,39.2214654654655,39.2214654654655,38.1669369877396,38.5768667997885,37.9188317986592,37.7439587496717,38.1075524406652,37.7915878295898,0,0,0,0,0,0,0.05,0,0.75,0,0,0.2
"all_measured_520_analysis_set","within_cow_random5",2,"StrictHierarchicalEBResidualXGB",411,"C008","stable_cool","S01","measurement_group_1","measurement_status_1",33.9,7.9,1,38.2,38.2085676393592,-0.00856763935921379,"may_session_hour+tight_session+may_session",0.317014046024191,38.2022991394928,38.2891970033213,38.2713570458075,38.6713645224172,38.6713645224172,38.4356822612086,38.2019457340786,38.2388978335006,38.1782374452178,38.3012463280362,38.2892231474086,38.2452239990234,0,0,0,0,0,0,0,0.5,0.5,0,0,0
"all_measured_520_analysis_set","within_cow_random5",2,"StrictHierarchicalEBResidualXGB",413,"C008","stable_cool","S01","measurement_group_1","measurement_status_1",33.5,7.5,10,38.1,38.1615154352132,-0.061515435213245,"may_session_hour+tight_session+may_session",0.317014046024191,38.1847991394928,38.3363916257469,38.3771806270659,38.6713645224172,38.6713645224172,38.6713645224172,38.2019457340786,38.1447934252087,38.1782374452178,38.1434109152785,38.346299062304,38.2254409790039,0,0,0,0,0,0,0,0.5,0.5,0,0,0
"all_measured_520_analysis_set","within_cow_random5",2,"StrictHierarchicalEBResidualXGB",415,"C009","stable_hot","S01","measurement_group_1","measurement_status_1",35.9,33.8,18,39.7,39.7750693473459,-0.0750693473458597,"tight_session+may_session+direct_xgb",0.340045752128709,39.8954331550802,39.7538200517284,39.7368813480829,39.2214654654655,39.2214654654655,39.2107327327327,39.5721117498451,39.4734650011917,39.7722381381381,39.7933256943156,39.699951884626,39.83642578125,0,0,0,0,0,0,0.05,0,0.75,0,0,0.2
"all_measured_520_analysis_set","within_cow_random5",2,"StrictHierarchicalEBResidualXGB",420,"C009","stable_hot","S01","measurement_group_1","measurement_status_1",36.1,32.2,16,39.6,39.6889674777619,-0.0889674777619049,"tight_session+may_session+direct_xgb",0.340045752128709,39.9385171568627,39.8126018642305,39.7926633986928,39.2214654654655,39.2214654654655,39.2214654654655,39.33442415332,39.1255808423006,39.6557572745159,39.7476930083206,39.8125526527528,39.9021415710449,0,0,0,0,0,0,0.05,0,0.75,0,0,0.2
"all_measured_520_analysis_set","within_cow_random5",2,"StrictHierarchicalEBResidualXGB",430,"C011","stable_cool","S01","measurement_group_1","measurement_status_1",27.7,9.9,12,38.1,38.1543166387907,-0.0543166387907377,"may_session_hour+tight_session+may_session",0.317014046024191,38.199998923139,38.2699467133306,38.2942518059856,38.6713645224172,38.6713645224172,38.6713645224172,38.2424014619989,38.0861221862916,38.2225110912898,38.0446147560213,38.2232181470417,38.1313896179199,0,0,0,0,0,0,0,0.5,0.5,0,0,0
"all_measured_520_analysis_set","within_cow_random5",2,"StrictHierarchicalEBResidualXGB",435,"C012","stable_hot","S01","measurement_group_1","measurement_status_1",37.1,35.2,20,39.5,39.5589857303947,-0.0589857303946957,"tight_session+may_session+direct_xgb",0.340045752128709,39.6279037552521,39.5359671820134,39.6117175065301,39.2214654654655,40.020379935491,39.5107327327327,39.4593050052284,39.3851406171908,39.4990740597741,39.6439161855631,39.6178939525216,39.8085746765137,0,0,0,0,0,0,0.05,0,0.75,0,0,0.2
"all_measured_520_analysis_set","within_cow_random5",2,"StrictHierarchicalEBResidualXGB",436,"C012","stable_hot","S01","measurement_group_1","measurement_status_1",35.7,31.9,19,40.2,40.1218315818666,0.0781684181333659,"tight_session+may_session+direct_xgb",0.340045752128709,39.5658069136746,39.4861542135449,39.4703539706172,39.2214654654655,39.2796391947503,39.1442930930931,40.023378589527,39.8263479016777,40.3105244463511,39.6177541465622,39.4979251800077,39.4388465881348,0,0,0,0,0,0,0.05,0,0.75,0,0,0.2
"all_measured_520_analysis_set","within_cow_random5",2,"StrictHierarchicalEBResidualXGB",437,"C012","stable_hot","S01","measurement_group_1","measurement_status_1",35.5,35.9,20,40.3,40.1478462913393,0.152153708660705,"tight_session+may_session+direct_xgb",0.340045752128709,39.6279037552521,39.5359671820134,39.5071161212691,39.2214654654655,39.2214654654655,39.2214654654655,40.023378589527,39.7364133560209,40.3105244463511,39.559292177943,39.5761127282112,39.568920135498,0,0,0,0,0,0,0.05,0,0.75,0,0,0.2
"all_measured_520_analysis_set","within_cow_random5",2,"StrictHierarchicalEBResidualXGB",448,"C014","stable_cool","S01","measurement_group_1","measurement_status_1",33,3.6,10,38.3,38.3237244828649,-0.023724482864921,"may_session_hour+tight_session+may_session",0.317014046024191,38.3401116394927,38.4605062090802,38.4919722937325,38.6713645224172,38.6713645224172,38.6713645224172,38.3479551237499,38.3157764060082,38.3316725597216,38.3449583854737,38.4589463250256,38.3389778137207,0,0,0,0,0,0,0,0.5,0.5,0,0,0
"all_measured_520_analysis_set","within_cow_random5",2,"StrictHierarchicalEBResidualXGB",451,"C016","stable_cool","S01","measurement_group_1","measurement_status_1",33.5,5.8,17,38.7,38.6516630731016,0.048336926898358,"may_session_hour+tight_session+may_session",0.317014046024191,38.6579028132992,38.6344565501563,38.6285949843706,38.6713645224172,38.6713645224172,38.6713645224172,38.6576576946859,38.6461550632572,38.6571710829461,38.6379824891313,38.6430378029249,38.6449928283691,0,0,0,0,0,0,0,0.5,0.5,0,0,0
"all_measured_520_analysis_set","within_cow_random5",2,"StrictHierarchicalEBResidualXGB",467,"C019","stable_hot","S01","measurement_group_1","measurement_status_1",37.4,32.5,23,39.5,39.6228739979929,-0.12287399799294,"tight_session+may_session+direct_xgb",0.340045752128709,39.4698452818627,39.4892260627777,39.4930432562518,39.2214654654655,39.2214654654655,39.2214654654655,39.4597882271882,39.3919356209456,39.5815671034671,39.8244920558639,39.5869826348455,39.818546295166,0,0,0,0,0,0,0.05,0,0.75,0,0,0.2
"all_measured_520_analysis_set","within_cow_random5",2,"StrictHierarchicalEBResidualXGB",476,"C021","stable_cool","S01","measurement_group_1","measurement_status_1",32.9,15.1,11,38.3,38.3010741940722,-0.00107419407219567,"may_session_hour+tight_session+may_session",0.317014046024191,38.2619085144928,38.3417428171331,38.3604028194236,38.6713645224172,38.6713645224172,38.6713645224172,38.2530490204635,38.3702086528502,38.2319397352942,38.2829178319124,38.3339789014379,38.2359962463379,0,0,0,0,0,0,0,0.5,0.5,0,0,0
"all_measured_520_analysis_set","within_cow_random5",2,"StrictHierarchicalEBResidualXGB",477,"C021","stable_cool","S01","measurement_group_1","measurement_status_1",31.8,23.2,12,38.2,38.2272774191285,-0.0272774191285237,"may_session_hour+tight_session+may_session",0.317014046024191,38.2527565217391,38.3115620488775,38.3264357132708,38.6713645224172,38.6713645224172,38.6713645224172,38.2530490204635,38.2226151029629,38.2319397352942,38.1865518854573,38.2762981528891,38.148754119873,0,0,0,0,0,0,0,0.5,0.5,0,0,0
"all_measured_520_analysis_set","within_cow_random5",2,"StrictHierarchicalEBResidualXGB",480,"C022","stable_cool","S01","measurement_group_1","measurement_status_1",30.7,2.3,21,38.4,38.4100844548892,-0.0100844548892454,"may_session_hour+tight_session+may_session",0.317014046024191,38.4231132480818,38.482870351155,38.5055042049284,38.6713645224172,38.6713645224172,38.6713645224172,38.4700049778773,38.3612089733976,38.4589599363809,38.6113549537929,38.5271804068281,38.6216201782227,0,0,0,0,0,0,0,0.5,0.5,0,0,0
"all_measured_520_analysis_set","within_cow_random5",2,"StrictHierarchicalEBResidualXGB",481,"C022","stable_cool","S01","measurement_group_1","measurement_status_1",25.5,4.6,22,38.4,38.396733118271,0.00326688172896894,"may_session_hour+tight_session+may_session",0.317014046024191,38.4235672634271,38.4741424238345,38.4944078251896,38.6713645224172,38.6713645224172,38.6713645224172,38.4700049778773,38.3345063001611,38.4589599363809,38.6992035008231,38.5026716431639,38.6044273376465,0,0,0,0,0,0,0,0.5,0.5,0,0,0
"all_measured_520_analysis_set","within_cow_random5",2,"StrictHierarchicalEBResidualXGB",489,"C025","stable_cool","S01","measurement_group_1","measurement_status_1",30.9,22.3,11,39.4,39.4034006820044,-0.00340068200437571,"may_session_hour+tight_session+may_session",0.317014046024191,39.3913285024155,39.2453942362152,39.2089106696652,38.6713645224172,38.6713645224172,38.6713645224172,39.3919222599002,39.3780677355848,39.4287336284239,39.293956935055,39.2415464471959,39.3915481567383,0,0,0,0,0,0,0,0.5,0.5,0,0,0
"all_measured_520_analysis_set","within_cow_random5",2,"StrictHierarchicalEBResidualXGB",493,"C025","stable_cool","S01","measurement_group_1","measurement_status_1",31.4,11.4,1,39.4,39.3776172939978,0.0223827060022117,"may_session_hour+tight_session+may_session",0.317014046024191,39.4103460144928,39.2553558574879,39.3158548136646,38.6713645224172,38.6713645224172,39.0856822612086,39.3919222599002,39.3265009595716,39.4287336284239,39.5796527475726,39.2740361356998,39.5933609008789,0,0,0,0,0,0,0,0.5,0.5,0,0,0
"all_measured_520_analysis_set","within_cow_random5",2,"StrictHierarchicalEBResidualXGB",498,"C026","stable_cool","S01","measurement_group_1","measurement_status_1",31.4,8.2,17,38.7,38.657791598076,0.0422084019240074,"may_session_hour+tight_session+may_session",0.317014046024191,38.6257035024155,38.6086971014493,38.6044455012077,38.6713645224172,38.6713645224172,38.6713645224172,38.6253729641255,38.6923839188731,38.6231992772789,38.4459150680899,38.623180658532,38.630298614502,0,0,0,0,0,0,0,0.5,0.5,0,0,0
"all_measured_520_analysis_set","within_cow_random5",2,"StrictHierarchicalEBResidualXGB",499,"C026","stable_cool","S01","measurement_group_1","measurement_status_1",29.3,6.8,22,38.7,38.6646131508946,0.0353868491054072,"may_session_hour+tight_session+may_session",0.317014046024191,38.6745065217391,38.673519167938,38.6654289870964,38.6713645224172,38.6713645224172,38.6713645224172,38.6253729641255,38.7060270245103,38.6231992772789,38.6795762502708,38.6784799670621,38.6852493286133,0,0,0,0,0,0,0,0.5,0.5,0,0,0
"all_measured_520_analysis_set","within_cow_random5",2,"StrictHierarchicalEBResidualXGB",504,"C027","stable_cool","S01","measurement_group_1","measurement_status_1",31.6,8.7,2,39,38.9909955426569,0.00900445734313848,"may_session_hour+tight_session+may_session",0.317014046024191,39.0340368357488,38.9549906280193,38.935229076087,38.6713645224172,38.6713645224172,38.6713645224172,39.0341992552053,38.9291734874242,39.0528175978896,39.2312390392677,38.967003670365,39.2913627624512,0,0,0,0,0,0,0,0.5,0.5,0,0,0
"all_measured_520_analysis_set","within_cow_random5",2,"StrictHierarchicalEBResidualXGB",511,"C028","stable_hot","S01","measurement_group_1","measurement_status_1",35.9,37.5,16,40.2,40.1409973594494,0.0590026405505739,"tight_session+may_session+direct_xgb",0.340045752128709,40.1415738265003,39.9740213903743,39.9321332813428,39.2214654654655,39.2214654654655,39.2214654654655,40.0500880990881,39.800915022165,40.1908625135454,39.9396699093253,39.9786180731054,39.9767303466797,0,0,0,0,0,0,0.05,0,0.75,0,0,0.2
"all_measured_520_analysis_set","within_cow_random5",2,"StrictHierarchicalEBResidualXGB",514,"C029","stable_cool","S01","measurement_group_1","measurement_status_1",34.6,10.9,16,38.4,38.4264495695139,-0.0264495695139075,"may_session_hour+tight_session+may_session",0.317014046024191,38.3611867007673,38.4387787601997,38.4581767750579,38.6713645224172,38.6713645224172,38.6356822612086,38.3598267247579,38.5102587618755,38.3426403771523,38.2812528706703,38.4143026604404,38.3237190246582,0,0,0,0,0,0,0,0.5,0.5,0,0,0
"all_measured_520_analysis_set","within_cow_random5",2,"StrictHierarchicalEBResidualXGB",515,"C029","stable_cool","S01","measurement_group_1","measurement_status_1",36.8,6.4,11,38.3,38.3162924056216,-0.0162924056215559,"may_session_hour+tight_session+may_session",0.317014046024191,38.315479028133,38.3853676235412,38.4101856483523,38.6713645224172,38.6713645224172,38.6713645224172,38.3598267247579,38.2899444340908,38.3426403771523,38.5123707038168,38.3642472969477,38.3254547119141,0,0,0,0,0,0,0,0.5,0.5,0,0,0
"all_measured_520_analysis_set","within_cow_random5",2,"StrictHierarchicalEBResidualXGB",519,"C030","stable_cool","S01","measurement_group_1","measurement_status_1",30.6,5.6,13,40.2,40.1585729675979,0.041427032402126,"may_session_hour+tight_session+may_session",0.317014046024191,40.1705022644928,39.8413966694912,39.7581146661212,38.6713645224172,38.7666500613674,38.7356822612086,40.1657720251584,40.0752061999016,40.2419397352942,40.0039773890002,39.8991699205777,40.0199966430664,0,0,0,0,0,0,0,0.5,0.5,0,0,0
"all_measured_520_analysis_set","within_cow_random5",3,"StrictHierarchicalEBResidualXGB",7,"C021","stable_cool","S01","measurement_group_1","measurement_status_1",29.3,11.8,22,38.3,38.2180995672993,0.0819004327007349,"direct_xgb+may_session_hour+tight_session",0.337580046845778,38.2532050290734,38.3224733463842,38.3397904257119,38.6593237257471,38.6593237257471,38.6593237257471,38.2524303380013,38.1532517058181,38.2319073504589,38.5895139211189,38.3475354678351,38.3182563781738,0,0,0,0,0,0,0,0.45,0.3,0,0,0.25
"all_measured_520_analysis_set","within_cow_random5",3,"StrictHierarchicalEBResidualXGB",8,"C021","stable_cool","S01","measurement_group_1","measurement_status_1",29.2,10.9,23,38.2,38.2108154028706,-0.0108154028705485,"direct_xgb+may_session_hour+tight_session",0.337580046845778,38.2532050290734,38.3167763324555,38.3326691583011,38.6593237257471,38.6593237257471,38.6593237257471,38.2524303380013,38.1532517058181,38.2319073504589,38.6535030865456,38.3262100769308,38.289119720459,0,0,0,0,0,0,0,0.45,0.3,0,0,0.25
"all_measured_520_analysis_set","within_cow_random5",3,"StrictHierarchicalEBResidualXGB",14,"C003","stable_cool","S01","measurement_group_1","measurement_status_1",33.3,9.3,13,38.5,38.5065430839263,-0.00654308392625325,"direct_xgb+may_session_hour+tight_session",0.337580046845778,38.5375660239855,38.541854214303,38.5476160127001,38.6593237257471,38.2450098548233,38.7296618628735,38.5663505257948,38.4808005692861,38.5617928466421,38.4790383273082,38.5152466896994,38.4865798950195,0,0,0,0,0,0,0,0.45,0.3,0,0,0.25
"all_measured_520_analysis_set","within_cow_random5",3,"StrictHierarchicalEBResidualXGB",16,"C003","stable_cool","S01","measurement_group_1","measurement_status_1",33.1,11.2,14,38.5,38.5206269462309,-0.0206269462309407,"direct_xgb+may_session_hour+tight_session",0.337580046845778,38.56674669574,38.5811994456325,38.5848126331056,38.6593237257471,38.6593237257471,38.6593237257471,38.5663505257948,38.4808005692861,38.5617928466421,38.4924358489753,38.5650604468409,38.5429153442383,0,0,0,0,0,0,0,0.45,0.3,0,0,0.25
"all_measured_520_analysis_set","within_cow_random5",3,"StrictHierarchicalEBResidualXGB",22,"C002","stable_cool","S01","measurement_group_1","measurement_status_1",32.9,5.4,0,38.2,39.1052682659343,-0.905268265934339,"direct_xgb+may_session_hour+tight_session",0.337580046845778,39.1273159392357,39.0382326627494,39.0159618436278,38.6593237257471,38.6593237257471,38.6593237257471,39.1268034251259,38.9714837680599,39.1488063291252,39.2201474994211,39.0636322470725,39.2938346862793,0,0,0,0,0,0,0,0.45,0.3,0,0,0.25
"all_measured_520_analysis_set","within_cow_random5",3,"StrictHierarchicalEBResidualXGB",24,"C002","stable_cool","S01","measurement_group_1","measurement_status_1",33.1,5,11,39.1,39.212341312406,-0.112341312406016,"direct_xgb+may_session_hour+tight_session",0.337580046845778,39.1925356498694,39.0868367577827,39.0499302955521,38.6593237257471,38.6593237257471,38.6593237257471,39.1268034251259,39.2726164508116,39.1488063291252,39.0558760539747,39.08545865928,39.1800880432129,0,0,0,0,0,0,0,0.45,0.3,0,0,0.25
"all_measured_520_analysis_set","within_cow_random5",3,"StrictHierarchicalEBResidualXGB",33,"C002","stable_cool","S01","measurement_group_1","measurement_status_1",33.2,5.4,22,39.6,39.1705058225281,0.429494177471916,"direct_xgb+may_session_hour+tight_session",0.337580046845778,39.1273159392357,39.0217620745141,38.9953736083337,38.6593237257471,38.6593237257471,38.6593237257471,39.1268034251259,39.0725150420985,39.1488063291252,39.3696681122283,39.0637350991208,39.3729286193848,0,0,0,0,0,0,0,0.45,0.3,0,0,0.25
"all_measured_520_analysis_set","within_cow_random5",3,"StrictHierarchicalEBResidualXGB",35,"C029","stable_cool","S01","measurement_group_1","measurement_status_1",31.8,5.4,0,38.1,38.422475473799,-0.322475473798981,"direct_xgb+may_session_hour+tight_session",0.337580046845778,38.3849010785546,38.4443007742045,38.459150698117,38.6593237257471,38.6593237257471,38.6593237257471,38.3847881896689,38.4891738650128,38.3721188030509,38.4155478088508,38.4645326507268,38.3628463745117,0,0,0,0,0,0,0,0.45,0.3,0,0,0.25
"all_measured_520_analysis_set","within_cow_random5",3,"StrictHierarchicalEBResidualXGB",38,"C029","stable_cool","S01","measurement_group_1","measurement_status_1",33.1,6.8,12,38.2,38.3265065406727,-0.126506540672736,"direct_xgb+may_session_hour+tight_session",0.337580046845778,38.3175433898075,38.1569216855346,38.2396454016812,38.6593237257471,38.1709357807492,38.5531079085824,38.3847881896689,38.3276707725187,38.3721188030509,38.3447221408251,38.1296483211695,38.2696762084961,0,0,0,0,0,0,0,0.45,0.3,0,0,0.25
"all_measured_520_analysis_set","within_cow_random5",3,"StrictHierarchicalEBResidualXGB",49,"C001","stable_cool","S01","measurement_group_1","measurement_status_1",33.1,6.1,11,39.2,38.4223848096978,0.777615190302235,"direct_xgb+may_session_hour+tight_session",0.337580046845778,38.3603785239855,38.4204075506335,38.4170186206132,38.6593237257471,38.7635283733418,38.7296618628735,38.2451298685178,38.6845774233471,38.2242355947337,38.1292997876765,38.4016746769106,38.1882171630859,0,0,0,0,0,0,0,0.45,0.3,0,0,0.25
"all_measured_520_analysis_set","within_cow_random5",3,"StrictHierarchicalEBResidualXGB",53,"C001","stable_cool","S01","measurement_group_1","measurement_status_1",33.3,8,13,38.2,38.1813950327228,0.0186049672772413,"direct_xgb+may_session_hour+tight_session",0.337580046845778,38.2028785239855,38.2743021309697,38.2990743460334,38.6593237257471,38.6593237257471,38.519774575249,38.2451298685178,38.1695189135599,38.2242355947337,38.1311721568852,38.2450635586255,38.1513633728027,0,0,0,0,0,0,0,0.45,0.3,0,0,0.25
"all_measured_520_analysis_set","within_cow_random5",3,"StrictHierarchicalEBResidualXGB",56,"C001","stable_cool","S01","measurement_group_1","measurement_status_1",33.9,11.2,15,38.1,38.1886753824542,-0.0886753824542055,"direct_xgb+may_session_hour+tight_session",0.337580046845778,38.2728785239855,38.3469617993561,38.3611489315164,38.4580509125287,38.4811758740474,38.3118647451494,38.2451298685178,38.1695189135599,38.2242355947337,38.2184041938983,38.3183224101541,38.1804847717285,0,0,0,0,0,0,0,0.45,0.3,0,0,0.25
"all_measured_520_analysis_set","within_cow_random5",3,"StrictHierarchicalEBResidualXGB",61,"C027","stable_cool","S01","measurement_group_1","measurement_status_1",29.5,5.4,0,38.9,38.9338541228349,-0.0338541228349101,"direct_xgb+may_session_hour+tight_session",0.337580046845778,38.9093592828889,38.863867337672,38.8524943513677,38.6593237257471,38.6593237257471,38.6593237257471,38.9089640899459,38.9243947556413,38.9207879728465,38.9406210179426,38.8617998087741,38.9665603637695,0,0,0,0,0,0,0,0.45,0.3,0,0,0.25
"all_measured_520_analysis_set","within_cow_random5",3,"StrictHierarchicalEBResidualXGB",70,"C027","stable_cool","S01","measurement_group_1","measurement_status_1",32.3,9,19,39.1,38.9833800325374,0.116619967462618,"direct_xgb+may_session_hour+tight_session",0.337580046845778,38.9093592828889,38.8884589259498,38.883233836715,38.6593237257471,38.6593237257471,39.019774575249,38.9089640899459,39.0161036389102,38.9207879728465,39.0418970519037,38.9016810932182,38.9995880126953,0,0,0,0,0,0,0,0.45,0.3,0,0,0.25
"all_measured_520_analysis_set","within_cow_random5",3,"StrictHierarchicalEBResidualXGB",73,"C026","stable_cool","S01","measurement_group_1","measurement_status_1",28.6,5.4,0,38.3,38.6596193545333,-0.359619354533301,"direct_xgb+may_session_hour+tight_session",0.337580046845778,38.6866455569902,38.6859589192469,38.6887410856175,38.6593237257471,38.6593237257471,38.7796618628735,38.7047397132146,38.6204510221721,38.7070207638352,38.6224079009618,38.6821625045419,38.6732406616211,0,0,0,0,0,0,0,0.45,0.3,0,0,0.25
"all_measured_520_analysis_set","within_cow_random5",3,"StrictHierarchicalEBResidualXGB",83,"C016","stable_cool","S01","measurement_group_1","measurement_status_1",31.9,9.3,13,38.1,38.5543748513709,-0.454374851370922,"direct_xgb+may_session_hour+tight_session",0.337580046845778,38.7344550290734,38.6989485516339,38.6900719322741,38.6593237257471,38.6593237257471,38.3296618628735,38.7342613239168,38.4046205409092,38.7382432283215,38.561853442823,38.6712413213342,38.6032905578613,0,0,0,0,0,0,0,0.45,0.3,0,0,0.25
"all_measured_520_analysis_set","within_cow_random5",3,"StrictHierarchicalEBResidualXGB",87,"C016","stable_cool","S01","measurement_group_1","measurement_status_1",31.1,6,21,38.6,38.9024334174616,-0.302433417461593,"direct_xgb+may_session_hour+tight_session",0.337580046845778,38.7344550290734,38.759502362984,38.7657641964617,38.6593237257471,38.779048214473,38.7531079085824,38.7342613239168,39.0136218256083,38.7382432283215,38.8734973999653,38.7915059594091,38.8993225097656,0,0,0,0,0,0,0,0.45,0.3,0,0,0.25
"all_measured_520_analysis_set","within_cow_random5",3,"StrictHierarchicalEBResidualXGB",90,"C022","stable_cool","S01","measurement_group_1","measurement_status_1",25.3,5,11,38.3,38.3525421361519,-0.0525421361519349,"direct_xgb+may_session_hour+tight_session",0.337580046845778,38.3743777551326,38.434073599888,38.4583513481836,38.6593237257471,38.6593237257471,38.6593237257471,38.4324405442395,38.2942449518889,38.4219978184869,38.1229132235919,38.409680166183,38.3741302490234,0,0,0,0,0,0,0,0.45,0.3,0,0,0.25
"all_measured_520_analysis_set","within_cow_random5",3,"StrictHierarchicalEBResidualXGB",93,"C022","stable_cool","S01","measurement_group_1","measurement_status_1",32.8,6.8,12,38.7,38.4656350697297,0.234364930270289,"direct_xgb+may_session_hour+tight_session",0.337580046845778,38.3743777551326,38.3984104797593,38.4137724480228,38.6593237257471,38.6593237257471,38.5531079085824,38.4324405442395,38.5706781250034,38.4219978184869,38.3383854989132,38.3675978847197,38.3289222717285,0,0,0,0,0,0,0,0.45,0.3,0,0,0.25
"all_measured_520_analysis_set","within_cow_random5",3,"StrictHierarchicalEBResidualXGB",100,"C022","stable_cool","S01","measurement_group_1","measurement_status_1",31.5,6,21,38.2,38.4695266961429,-0.269526696142854,"direct_xgb+may_session_hour+tight_session",0.337580046845778,38.4234569499339,38.510834216061,38.5341445919636,38.6593237257471,38.6593237257471,38.7531079085824,38.4324405442395,38.4161037648082,38.4219978184869,38.5958832512095,38.5524676618305,38.6227226257324,0,0,0,0,0,0,0,0.45,0.3,0,0,0.25
"all_measured_520_analysis_set","within_cow_random5",3,"StrictHierarchicalEBResidualXGB",105,"C014","stable_cool","S01","measurement_group_1","measurement_status_1",31,6.1,11,38,38.3484942034928,-0.348494203492827,"direct_xgb+may_session_hour+tight_session",0.337580046845778,38.3525451565013,38.415329240381,38.4259983916863,38.6593237257471,40.2258567251113,40.0796618628735,38.3198019590459,38.4182388746783,38.3010616210527,38.2995950956598,38.4072520454668,38.2798728942871,0,0,0,0,0,0,0,0.45,0.3,0,0,0.25
"all_measured_520_analysis_set","within_cow_random5",3,"StrictHierarchicalEBResidualXGB",107,"C014","stable_cool","S01","measurement_group_1","measurement_status_1",32,6.9,12,38.2,38.1324149318122,0.0675850681877677,"direct_xgb+may_session_hour+tight_session",0.337580046845778,38.2825451565013,38.3246661202524,38.2551982445521,38.6593237257471,38.1709357807492,38.3918647451494,38.3198019590459,38.0032410567239,38.3010616210527,38.2365807692607,38.2774372959051,38.1625518798828,0,0,0,0,0,0,0,0.45,0.3,0,0,0.25
"all_measured_520_analysis_set","within_cow_random5",3,"StrictHierarchicalEBResidualXGB",114,"C014","stable_cool","S01","measurement_group_1","measurement_status_1",31.5,5.4,22,38.8,38.3570340908538,0.442965909146189,"direct_xgb+may_session_hour+tight_session",0.337580046845778,38.3212668563652,38.3769228082177,38.3908367961808,38.6593237257471,38.6593237257471,38.4296618628735,38.3198019590459,38.3949368407865,38.3010616210527,38.560991384081,38.4046862456974,38.3559761047363,0,0,0,0,0,0,0,0.45,0.3,0,0,0.25
"all_measured_520_analysis_set","within_cow_random5",3,"StrictHierarchicalEBResidualXGB",119,"C023","stable_cool","S01","measurement_group_1","measurement_status_1",31.7,6.9,12,39.2,38.894309153796,0.30569084620403,"direct_xgb+may_session_hour+tight_session",0.337580046845778,38.9553785239855,38.8622444305049,38.8374397204524,38.6593237257471,38.4270935235855,38.3918647451494,38.9459749389403,38.8907242481112,38.960724144352,38.8597228663233,38.8191045667456,38.8210639953613,0,0,0,0,0,0,0,0.45,0.3,0,0,0.25
"all_measured_520_analysis_set","within_cow_random5",3,"StrictHierarchicalEBResidualXGB",126,"C023","stable_cool","S01","measurement_group_1","measurement_status_1",32.1,9,19,39.1,39.2152041089335,-0.115204108933504,"direct_xgb+may_session_hour+tight_session",0.337580046845778,38.9459133624067,38.917702189564,38.9106493963533,39.1792047586826,39.083809941496,39.019774575249,38.9459749389403,39.4712401063975,38.960724144352,39.114236722804,38.9534154412441,39.0597152709961,0,0,0,0,0,0,0,0.45,0.3,0,0,0.25
"all_measured_520_analysis_set","within_cow_random5",3,"StrictHierarchicalEBResidualXGB",129,"C023","stable_cool","S01","measurement_group_1","measurement_status_1",33.3,5.5,23,39.3,39.0933484654179,0.206651534582122,"direct_xgb+may_session_hour+tight_session",0.337580046845778,38.9459133624067,38.8709429991222,38.8522004083011,38.6593237257471,38.6593237257471,38.619774575249,38.9459749389403,39.131386812756,38.960724144352,39.3240995716542,38.9137915489054,39.1840286254883,0,0,0,0,0,0,0,0.45,0.3,0,0,0.25
"all_measured_520_analysis_set","within_cow_random5",3,"StrictHierarchicalEBResidualXGB",131,"C011","stable_cool","S01","measurement_group_1","measurement_status_1",30.2,16,12,38,38.1550853866214,-0.155085386621408,"direct_xgb+may_session_hour+tight_session",0.337580046845778,38.2263941489855,38.2795751596715,38.2971793037857,38.6593237257471,38.3931580029715,38.6593237257471,38.2524303380013,38.1010302857028,38.2319073504589,38.0759549494375,38.2409486527469,38.1601982116699,0,0,0,0,0,0,0,0.45,0.3,0,0,0.25
"all_measured_520_analysis_set","within_cow_random5",3,"StrictHierarchicalEBResidualXGB",138,"C011","stable_cool","S01","measurement_group_1","measurement_status_1",29.6,10.9,24,38.1,38.4054959344725,-0.305495934472468,"direct_xgb+may_session_hour+tight_session",0.337580046845778,38.2532050290734,38.3201705224958,38.3369118958514,38.6593237257471,38.6593237257471,38.6593237257471,38.2524303380013,38.5628046680259,38.2319073504589,38.6505093432023,38.3356592383381,38.3306465148926,0,0,0,0,0,0,0,0.45,0.3,0,0,0.25
"all_measured_520_analysis_set","within_cow_random5",3,"StrictHierarchicalEBResidualXGB",147,"C004","stable_cool","S01","measurement_group_1","measurement_status_1",31,8.6,13,37.5,37.6203495558199,-0.120349555819942,"direct_xgb+may_session_hour+tight_session",0.337580046845778,37.6287895198385,37.8148064155183,37.8657011912509,38.6593237257471,38.6593237257471,38.6296618628735,37.6563879126606,37.5822523933796,37.6096824242441,37.4822495333875,37.7604400169156,37.7017250061035,0,0,0,0,0,0,0,0.45,0.3,0,0,0.25
"all_measured_520_analysis_set","within_cow_random5",3,"StrictHierarchicalEBResidualXGB",148,"C004","stable_cool","S01","measurement_group_1","measurement_status_1",34.3,12.7,17,37.7,37.8313159833104,-0.131315983310401,"direct_xgb+may_session_hour+tight_session",0.337580046845778,37.6561085088951,37.8493836142802,37.8977023906265,38.6593237257471,38.6593237257471,38.6593237257471,37.6563879126606,38.0140641132152,37.6096824242441,37.5615762473609,37.8170226731086,37.7683296203613,0,0,0,0,0,0,0,0.45,0.3,0,0,0.25
"all_measured_520_analysis_set","within_cow_random5",3,"StrictHierarchicalEBResidualXGB",153,"C028","stable_hot","S01","measurement_group_1","measurement_status_1",37.6,35.5,13,40.2,40.1356071054631,0.0643928945369012,"tight_session+may_session+may_session_hour",0.37122704089805,40.0934948927708,39.8849942319155,39.8428745744098,39.250712172026,39.250712172026,39.250712172026,40.0526436085861,39.7042620770862,40.1912337850884,39.9572792384301,39.8248677894533,39.7803382873535,0,0,0,0,0,0,0.05,0.0999999999999999,0.85,0,0,0
"all_measured_520_analysis_set","within_cow_random5",3,"StrictHierarchicalEBResidualXGB",159,"C028","stable_hot","S01","measurement_group_1","measurement_status_1",36.8,36.2,17,40.1,40.0458421811831,0.0541578188169112,"tight_session+may_session+may_session_hour",0.37122704089805,40.1557513851767,39.9114636285009,39.8503916893319,39.250712172026,39.250712172026,39.250712172026,39.9382031990785,39.7233400245961,40.0901153161995,40.0429736732359,39.8660726649465,39.8317184448242,0,0,0,0,0,0,0.05,0.0999999999999999,0.85,0,0,0
"all_measured_520_analysis_set","within_cow_random5",3,"StrictHierarchicalEBResidualXGB",174,"C008","stable_cool","S01","measurement_group_1","measurement_status_1",31.6,3.5,22,38.3,38.2771184855411,0.0228815144589092,"direct_xgb+may_session_hour+tight_session",0.337580046845778,38.1805667132295,38.2643626937091,38.285311688829,38.6593237257471,38.6593237257471,38.6593237257471,38.1805638129376,38.2981030967992,38.1583515940397,38.4115268803876,38.3131738835394,38.3818664550781,0,0,0,0,0,0,0,0.45,0.3,0,0,0.25
"all_measured_520_analysis_set","within_cow_random5",3,"StrictHierarchicalEBResidualXGB",175,"C008","stable_cool","S01","measurement_group_1","measurement_status_1",33.6,7.9,1,38.2,38.2095805047076,-0.00958050470760696,"direct_xgb+may_session_hour+tight_session",0.337580046845778,38.1839675384143,38.2795291033354,38.2661326000269,38.6593237257471,38.6593237257471,38.4296618628735,38.1805638129376,38.2446937200393,38.1583515940397,38.3076862718339,38.3043018796262,38.2078514099121,0,0,0,0,0,0,0,0.45,0.3,0,0,0.25
"all_measured_520_analysis_set","within_cow_random5",3,"StrictHierarchicalEBResidualXGB",179,"C030","stable_cool","S01","measurement_group_1","measurement_status_1",30.6,4.3,9,40.3,40.1898975199807,0.11010248001925,"direct_xgb+may_session_hour+tight_session",0.337580046845778,40.169795711789,39.8698008161561,39.7903633096953,38.6593237257471,38.6593237257471,38.7296618628735,40.1411178295581,40.1912818962012,40.2105168005478,40.1310747280805,39.9592076194064,40.1626625061035,0,0,0,0,0,0,0,0.45,0.3,0,0,0.25
"all_measured_520_analysis_set","within_cow_random5",3,"StrictHierarchicalEBResidualXGB",185,"C030","stable_cool","S01","measurement_group_1","measurement_status_1",32.8,8.5,18,40.2,40.0584977895407,0.141502210459322,"direct_xgb+may_session_hour+tight_session",0.337580046845778,40.1421766203502,39.8615871455936,39.7914397769044,38.6593237257471,38.6593237257471,38.6593237257471,40.1411178295581,39.9462838040883,40.2105168005478,40.1804467784664,39.937815682259,40.0780601501465,0,0,0,0,0,0,0,0.45,0.3,0,0,0.25
"all_measured_520_analysis_set","within_cow_random5",3,"StrictHierarchicalEBResidualXGB",196,"C018","stable_cool","S01","measurement_group_1","measurement_status_1",32.7,11.7,11,38.8,38.7839489897194,0.0160510102805986,"direct_xgb+may_session_hour+tight_session",0.337580046845778,38.7946950925939,38.7694799466372,38.7629953110319,38.6593237257471,38.6593237257471,38.6593237257471,38.7932369431315,38.7960784553145,38.7996532210734,38.7809700889196,38.7758318892994,38.7432708740234,0,0,0,0,0,0,0,0.45,0.3,0,0,0.25
"all_measured_520_analysis_set","within_cow_random5",3,"StrictHierarchicalEBResidualXGB",198,"C018","stable_cool","S01","measurement_group_1","measurement_status_1",36,10.6,18,38.8,38.7676718450473,0.0323281549527294,"direct_xgb+may_session_hour+tight_session",0.337580046845778,38.7946950925939,38.7835858479115,38.7806276876248,38.6593237257471,38.6593237257471,38.6593237257471,38.7932369431315,38.786575995149,38.7996532210734,38.7819258759966,38.7583331406089,38.6952667236328,0,0,0,0,0,0,0,0.45,0.3,0,0,0.25
"all_measured_520_analysis_set","within_cow_random5",3,"StrictHierarchicalEBResidualXGB",201,"C018","stable_cool","S01","measurement_group_1","measurement_status_1",34.1,4,0,38.8,38.7959394877892,0.00406051221079906,"direct_xgb+may_session_hour+tight_session",0.337580046845778,38.7946950925939,38.7721199099589,38.7662952651841,38.6593237257471,38.6593237257471,38.6593237257471,38.7932369431315,38.790455906266,38.7996532210734,38.8410645670351,38.7920342203845,38.8013534545898,0,0,0,0,0,0,0,0.45,0.3,0,0,0.25
"all_measured_520_analysis_set","within_cow_random5",3,"StrictHierarchicalEBResidualXGB",203,"C025","stable_cool","S01","measurement_group_1","measurement_status_1",29.5,16.5,10,39.5,39.3955782417654,0.104421758234622,"direct_xgb+may_session_hour+tight_session",0.337580046845778,39.3829458665877,39.2628860414743,39.2322896942842,38.6593237257471,38.6593237257471,38.6593237257471,39.3786801564279,39.3291733970493,39.4124525535724,39.441898735631,39.2805911169171,39.4948577880859,0,0,0,0,0,0,0,0.45,0.3,0,0,0.25
"all_measured_520_analysis_set","within_cow_random5",3,"StrictHierarchicalEBResidualXGB",208,"C025","stable_cool","S01","measurement_group_1","measurement_status_1",31.4,14.3,23,39.4,39.3691240222923,0.0308759777076588,"direct_xgb+may_session_hour+tight_session",0.337580046845778,39.3829458665877,39.2205173232749,39.1793287965349,38.6593237257471,38.6593237257471,38.6593237257471,39.3786801564279,39.2563905422524,39.4124525535724,39.6895707130615,39.2357002952292,39.5200500488281,0,0,0,0,0,0,0,0.45,0.3,0,0,0.25
"all_measured_520_analysis_set","within_cow_random5",3,"StrictHierarchicalEBResidualXGB",209,"C025","stable_cool","S01","measurement_group_1","measurement_status_1",31.3,12.4,1,39.5,39.4065649163838,0.0934350836161855,"direct_xgb+may_session_hour+tight_session",0.337580046845778,39.3829458665877,39.2387086698989,39.2727579870239,38.6593237257471,38.6593237257471,39.0296618628735,39.3786801564279,39.2823127304027,39.4124525535724,39.5730896666991,39.2728339420835,39.6231536865234,0,0,0,0,0,0,0,0.45,0.3,0,0,0.25
"all_measured_520_analysis_set","within_cow_random5",3,"StrictHierarchicalEBResidualXGB",227,"C019","stable_hot","S01","measurement_group_1","measurement_status_1",36.8,36.9,17,39.4,39.3448853108632,0.0551146891368148,"tight_session+may_session+may_session_hour",0.37122704089805,39.4746368340931,39.366571987634,39.3395557760193,39.250712172026,39.250712172026,39.250712172026,39.2670721294934,38.9820921860419,39.3921441009227,39.2465693421809,39.3067395339063,39.2510375976562,0,0,0,0,0,0,0.05,0.0999999999999999,0.85,0,0,0
"all_measured_520_analysis_set","within_cow_random5",3,"StrictHierarchicalEBResidualXGB",229,"C019","stable_hot","S01","measurement_group_1","measurement_status_1",35.4,34.3,16,39.4,39.3977249252795,0.00227507472051514,"tight_session+may_session+may_session_hour",0.37122704089805,39.481738520547,39.4761758354537,39.459126220107,39.250712172026,39.4353698223771,39.375356086013,39.3885826436357,39.3660866635582,39.4019848549904,39.2203541689444,39.4316774328284,39.3399276733398,0,0,0,0,0,0,0.05,0.0999999999999999,0.85,0,0,0
"all_measured_520_analysis_set","within_cow_random5",3,"StrictHierarchicalEBResidualXGB",231,"C019","stable_hot","S01","measurement_group_1","measurement_status_1",37.1,30.5,0,39.6,39.4876489109742,0.11235108902585,"tight_session+may_session+may_session_hour",0.37122704089805,39.4790753881268,39.428241241128,39.4148193653372,39.250712172026,39.250712172026,39.250712172026,39.4241037925433,39.4818965701706,39.492063605094,39.5431300557833,39.4648479813345,39.5639495849609,0,0,0,0,0,0,0.05,0.0999999999999999,0.85,0,0,0
"all_measured_520_analysis_set","within_cow_random5",3,"StrictHierarchicalEBResidualXGB",240,"C005","stable_hot","S01","measurement_group_1","measurement_status_1",35.4,31,12,37.9,37.9840440624282,-0.0840440624282266,"tight_session+may_session+may_session_hour",0.37122704089805,37.9489402396659,38.156679287508,38.2086140494685,39.250712172026,39.250712172026,39.250712172026,38.1713353376367,38.4364408553059,37.9198037764892,37.8473996721411,38.0787644460349,37.8706817626953,0,0,0,0,0,0,0.05,0.0999999999999999,0.85,0,0,0
"all_measured_520_analysis_set","within_cow_random5",3,"StrictHierarchicalEBResidualXGB",243,"C005","stable_hot","S01","measurement_group_1","measurement_status_1",39.1,35,14,37.8,37.818041552606,-0.0180415526060429,"tight_session+may_session+may_session_hour",0.37122704089805,37.9489402396659,38.1808420833496,38.2388175442705,39.250712172026,39.250712172026,39.250712172026,37.9248948887938,38.2373467783397,37.7624260356852,37.6872237021064,38.0778999593405,37.8294792175293,0,0,0,0,0,0,0.05,0.0999999999999999,0.85,0,0,0
"all_measured_520_analysis_set","within_cow_random5",3,"StrictHierarchicalEBResidualXGB",250,"C005","stable_hot","S01","measurement_group_1","measurement_status_1",34,27.5,0,37.8,37.8523747286632,-0.0523747286631817,"tight_session+may_session+may_session_hour",0.37122704089805,37.9228756977243,38.18371724732,38.2531165789595,39.250712172026,39.250712172026,39.250712172026,38.0413763800038,38.0743307519674,37.8151445111368,38.0335888331277,38.1498711707421,37.9371147155762,0,0,0,0,0,0,0.05,0.0999999999999999,0.85,0,0,0
"all_measured_520_analysis_set","within_cow_random5",3,"StrictHierarchicalEBResidualXGB",251,"C005","stable_hot","S01","measurement_group_1","measurement_status_1",32.4,27.2,1,37.8,37.9130860954129,-0.113086095412896,"tight_session+may_session+may_session_hour",0.37122704089805,37.9578756977243,38.2565387570423,38.3297684661124,39.250712172026,39.250712172026,39.250712172026,38.0413763800038,38.6814444194646,37.8151445111368,38.0965835980496,38.2434109420639,37.9602890014648,0,0,0,0,0,0,0.05,0.0999999999999999,0.85,0,0,0
"all_measured_520_analysis_set","within_cow_random5",3,"StrictHierarchicalEBResidualXGB",256,"C017","stable_hot","S01","measurement_group_1","measurement_status_1",38.2,37.7,15,39,39.3732200870265,-0.373220087026525,"tight_session+may_session+may_session_hour",0.37122704089805,39.3747178029875,39.2973884060487,39.2908305273704,39.250712172026,39.250712172026,39.116904057342,39.3254351322562,39.2035765674718,39.395989027843,39.2691486953963,39.2462874851629,39.2889595031738,0,0,0,0,0,0,0.05,0.0999999999999999,0.85,0,0,0
"all_measured_520_analysis_set","within_cow_random5",3,"StrictHierarchicalEBResidualXGB",263,"C017","stable_hot","S01","measurement_group_1","measurement_status_1",36.6,33.9,21,39.4,39.3128153911189,0.0871846088811452,"tight_session+may_session+may_session_hour",0.37122704089805,39.4950264462436,39.466620894717,39.4529586597255,39.250712172026,38.7687031557105,38.925356086013,39.3263939885522,39.3713576815979,39.3051293218017,39.545707284785,39.4900358362216,39.518798828125,0,0,0,0,0,0,0.05,0.0999999999999999,0.85,0,0,0
"all_measured_520_analysis_set","within_cow_random5",3,"StrictHierarchicalEBResidualXGB",267,"C017","stable_hot","S01","measurement_group_1","measurement_status_1",35.7,31.9,23,39.4,39.3226956294747,0.0773043705252903,"tight_session+may_session+may_session_hour",0.37122704089805,39.5147178029875,39.5388864656091,39.5352031018209,39.250712172026,39.250712172026,39.250712172026,39.3263939885522,39.4701600651564,39.3051293218017,39.7555280154496,39.6317349304557,39.6203460693359,0,0,0,0,0,0,0.05,0.0999999999999999,0.85,0,0,0
"all_measured_520_analysis_set","within_cow_random5",3,"StrictHierarchicalEBResidualXGB",272,"C020","stable_hot","S01","measurement_group_1","measurement_status_1",37.7,36.9,14,39.1,39.1695083821995,-0.0695083821994729,"tight_session+may_session+may_session_hour",0.37122704089805,39.5359371436906,39.4504396065694,39.4290652222891,39.250712172026,39.250712172026,39.250712172026,39.2055129692156,39.2111380943717,39.1624928521194,39.3017073848686,39.370415244959,39.2715606689453,0,0,0,0,0,0,0.05,0.0999999999999999,0.85,0,0,0
"all_measured_520_analysis_set","within_cow_random5",3,"StrictHierarchicalEBResidualXGB",280,"C020","stable_hot","S01","measurement_group_1","measurement_status_1",34.5,32.1,22,39.5,39.5952745917506,-0.0952745917505595,"tight_session+may_session+may_session_hour",0.37122704089805,39.6521481435448,39.6110023474712,39.5820391306191,39.250712172026,39.250712172026,39.025356086013,39.5701642490852,39.6010989295743,39.5960664545163,39.655001056396,39.6982199019212,39.8070907592773,0,0,0,0,0,0,0.05,0.0999999999999999,0.85,0,0,0
"all_measured_520_analysis_set","within_cow_random5",3,"StrictHierarchicalEBResidualXGB",282,"C020","stable_hot","S01","measurement_group_1","measurement_status_1",33.9,30.9,23,39.5,39.6003899763659,-0.100389976365939,"tight_session+may_session+may_session_hour",0.37122704089805,39.6521481435448,39.6480350724203,39.6283300368055,39.250712172026,39.250712172026,39.2835707240087,39.5701642490852,39.6522527757282,39.5960664545163,39.790220641405,39.7330625510556,39.8359069824219,0,0,0,0,0,0,0.05,0.0999999999999999,0.85,0,0,0
"all_measured_520_analysis_set","within_cow_random5",3,"StrictHierarchicalEBResidualXGB",287,"C009","stable_hot","S01","measurement_group_1","measurement_status_1",39.3,38.8,15,39.5,39.4408272058918,0.0591727941082141,"tight_session+may_session+may_session_hour",0.37122704089805,39.8696832737216,39.6922252741421,39.6478607742472,39.250712172026,39.250712172026,39.250712172026,39.4462037586893,39.2820761746533,39.4591875299906,39.5690490673483,39.6672392417455,39.7146682739258,0,0,0,0,0,0,0.05,0.0999999999999999,0.85,0,0,0
"all_measured_520_analysis_set","within_cow_random5",3,"StrictHierarchicalEBResidualXGB",289,"C009","stable_hot","S01","measurement_group_1","measurement_status_1",36.4,32.3,21,40.5,40.4499564156579,0.0500435843421485,"tight_session+may_session+may_session_hour",0.37122704089805,39.6649887008203,39.6060980929724,39.2941753605539,39.250712172026,39.250712172026,39.116904057342,40.3742689060262,40.0278745866611,40.5040653078711,39.8357258406334,39.6206813751451,39.9399566650391,0,0,0,0,0,0,0.05,0.0999999999999999,0.85,0,0,0
"all_measured_520_analysis_set","within_cow_random5",3,"StrictHierarchicalEBResidualXGB",293,"C012","stable_hot","S01","measurement_group_1","measurement_status_1",34.1,30.2,1,40.3,40.3458853109998,-0.0458853109998216,"tight_session+may_session+may_session_hour",0.37122704089805,39.7784989493475,39.7131650077416,39.6968315223402,39.250712172026,39.250712172026,39.675356086013,40.2200905894998,40.097608655637,40.3824940187778,39.8741032727034,39.832033932419,40.1814041137695,0,0,0,0,0,0,0.05,0.0999999999999999,0.85,0,0,0
"all_measured_520_analysis_set","within_cow_random5",3,"StrictHierarchicalEBResidualXGB",294,"C012","stable_hot","S01","measurement_group_1","measurement_status_1",37,35,13,39.1,39.0715716694475,0.0284283305525079,"tight_session+may_session+may_session_hour",0.37122704089805,39.7784989493475,39.6321080987139,39.5955103860555,39.250712172026,39.250712172026,39.250712172026,39.2170849862802,39.1611489725874,39.0524735563232,39.5974035085593,39.5428239245697,39.4485664367676,0,0,0,0,0,0,0.05,0.0999999999999999,0.85,0,0,0
"all_measured_520_analysis_set","within_cow_random5",3,"StrictHierarchicalEBResidualXGB",295,"C012","stable_hot","S01","measurement_group_1","measurement_status_1",36.6,35,14,39,39.0773227627351,-0.0773227627351218,"tight_session+may_session+may_session_hour",0.37122704089805,39.7784989493475,39.6444890510949,39.6109865765317,39.250712172026,39.250712172026,38.775356086013,39.2170849862802,39.2186599054637,39.0524735563232,39.5865665429684,39.560580262235,39.479808807373,0,0,0,0,0,0,0.05,0.0999999999999999,0.85,0,0,0
"all_measured_520_analysis_set","within_cow_random5",3,"StrictHierarchicalEBResidualXGB",306,"C006","stable_hot","S01","measurement_group_1","measurement_status_1",30.1,23.5,1,39.8,39.6203880038144,0.179611996185599,"tight_session+may_session+may_session_hour",0.37122704089805,39.1000238309971,39.1703849130614,39.1879751835774,39.250712172026,39.250712172026,39.250712172026,39.5481451922855,39.6608441474476,39.6198780346534,39.1751973379901,39.1745232956788,39.2370567321777,0,0,0,0,0,0,0.05,0.0999999999999999,0.85,0,0,0
"all_measured_520_analysis_set","within_cow_random5",3,"StrictHierarchicalEBResidualXGB",314,"C006","stable_hot","S01","measurement_group_1","measurement_status_1",34.4,30.8,21,39.4,39.6033930063426,-0.203393006342601,"tight_session+may_session+may_session_hour",0.37122704089805,38.9950196605726,39.0686987121674,39.1039941453129,39.250712172026,39.250712172026,39.250712172026,39.5481451922855,39.4908941727296,39.6198780346534,39.1226393231993,39.0930334762755,39.2289543151855,0,0,0,0,0,0,0.05,0.0999999999999999,0.85,0,0,0
"all_measured_520_analysis_set","within_cow_random5",3,"StrictHierarchicalEBResidualXGB",318,"C006","stable_hot","S01","measurement_group_1","measurement_status_1",33.3,28,23,39.6,39.6104342730167,-0.0104342730166707,"tight_session+may_session+may_session_hour",0.37122704089805,39.1700196605726,39.2629925027608,39.2749863835547,39.250712172026,39.250712172026,39.250712172026,39.5481451922855,39.5613068394704,39.6198780346534,39.3855227898076,39.3167162031054,39.3451080322266,0,0,0,0,0,0,0.05,0.0999999999999999,0.85,0,0,0
"all_measured_520_analysis_set","within_cow_random5",3,"StrictHierarchicalEBResidualXGB",320,"C015","stable_hot","S01","measurement_group_1","measurement_status_1",31.7,26.6,1,38.9,38.996978707493,-0.0969787074930224,"tight_session+may_session+may_session_hour",0.37122704089805,38.8275780105637,38.9524282567146,38.9836408182523,39.250712172026,39.250712172026,39.250712172026,39.0510195122431,39.3377124554201,38.9537135133398,38.9235275876112,38.9871536619904,38.9821472167969,0,0,0,0,0,0,0.05,0.0999999999999999,0.85,0,0,0
"all_measured_520_analysis_set","within_cow_random5",3,"StrictHierarchicalEBResidualXGB",323,"C015","stable_hot","S01","measurement_group_1","measurement_status_1",34.6,32.1,13,38.2,38.2760134201422,-0.0760134201421607,"tight_session+may_session+may_session_hour",0.37122704089805,38.8275780105637,38.8713713476869,38.8823196819677,39.250712172026,39.250712172026,39.250712172026,38.4277091294274,38.6480546656331,38.2233205848323,38.6748999479195,38.8064842859718,38.6588287353516,0,0,0,0,0,0,0.05,0.0999999999999999,0.85,0,0,0
"all_measured_520_analysis_set","within_cow_random5",3,"StrictHierarchicalEBResidualXGB",324,"C015","stable_hot","S01","measurement_group_1","measurement_status_1",34.9,32.4,13,38.5,38.6821582130514,-0.182158213051409,"tight_session+may_session+may_session_hour",0.37122704089805,38.8275780105637,38.8713713476869,38.8823196819677,39.250712172026,39.250712172026,39.250712172026,38.727990163068,38.736120163939,38.6731137511813,38.6702294410632,38.8049234638425,38.6588287353516,0,0,0,0,0,0,0.05,0.0999999999999999,0.85,0,0,0
"all_measured_520_analysis_set","within_cow_random5",3,"StrictHierarchicalEBResidualXGB",330,"C015","stable_hot","S01","measurement_group_1","measurement_status_1",35.5,33.2,19,38.5,38.5231644094014,-0.0231644094014172,"tight_session+may_session+may_session_hour",0.37122704089805,38.8577518587151,38.9719066404252,38.968950059827,39.250712172026,39.0649994520067,39.125356086013,38.6952755674996,38.8465975511403,38.4749892657793,38.8907652578766,38.978196720451,38.8642883300781,0,0,0,0,0,0,0.05,0.0999999999999999,0.85,0,0,0
"all_measured_520_analysis_set","within_cow_random5",3,"StrictHierarchicalEBResidualXGB",339,"C007","stable_hot","S01","measurement_group_1","measurement_status_1",36.5,32.1,12,38.4,39.1043439569776,-0.704343956977588,"tight_session+may_session+may_session_hour",0.37122704089805,39.6228718065693,39.4952877889294,39.4573533233798,39.250712172026,39.250712172026,39.250712172026,39.1394284129019,39.005689206588,39.1138866066749,39.4303446549104,39.4372567365784,39.3534049987793,0,0,0,0,0,0,0.05,0.0999999999999999,0.85,0,0,0
"all_measured_520_analysis_set","within_cow_random5",3,"StrictHierarchicalEBResidualXGB",343,"C007","stable_hot","S01","measurement_group_1","measurement_status_1",37.1,33.5,14,39.3,39.1064543932198,0.193545606780212,"tight_session+may_session+may_session_hour",0.37122704089805,39.6403718065693,39.5332005847711,39.4975568181818,39.250712172026,39.250712172026,39.250712172026,39.1394284129019,39.02679356901,39.1138866066749,39.3747203444994,39.5001639541704,39.3780097961426,0,0,0,0,0,0,0.05,0.0999999999999999,0.85,0,0,0
"all_measured_520_analysis_set","within_cow_random5",3,"StrictHierarchicalEBResidualXGB",349,"C007","stable_hot","S01","measurement_group_1","measurement_status_1",36.9,33.8,20,39.6,39.5207747688549,0.0792252311450881,"tight_session+may_session+may_session_hour",0.37122704089805,39.585299159478,39.5289768382469,39.5148962579391,39.250712172026,39.250712172026,39.775356086013,39.4980096619038,39.4370901823878,39.5319591382599,39.5623334006156,39.5339594373042,39.651985168457,0,0,0,0,0,0,0.05,0.0999999999999999,0.85,0,0,0
"all_measured_520_analysis_set","within_cow_random5",3,"StrictHierarchicalEBResidualXGB",354,"C007","stable_hot","S01","measurement_group_1","measurement_status_1",37.2,31.8,22,40.6,40.4727109077675,0.127289092232481,"tight_session+may_session+may_session_hour",0.37122704089805,39.5054153948242,39.4964175022733,39.5070064913121,39.250712172026,39.250712172026,39.250712172026,40.0061336601816,39.7014177206023,40.5908970031744,39.780286975691,39.5559877812457,39.781063079834,0,0,0,0,0,0,0.05,0.0999999999999999,0.85,0,0,0
"all_measured_520_analysis_set","within_cow_random5",3,"StrictHierarchicalEBResidualXGB",363,"C013","stable_hot","S01","measurement_group_1","measurement_status_1",34.8,29.8,21,38.5,38.7066731049397,-0.206673104939703,"tight_session+may_session+may_session_hour",0.37122704089805,39.0617692435302,39.1201081480867,39.1401371614483,39.250712172026,39.250712172026,39.3876780430065,38.9220108070697,39.1085086136343,38.6467314155562,39.0209653536705,39.1544157657809,39.1496505737305,0,0,0,0,0,0,0.05,0.0999999999999999,0.85,0,0,0
"all_measured_520_analysis_set","within_cow_random5",3,"StrictHierarchicalEBResidualXGB",365,"C013","stable_hot","S01","measurement_group_1","measurement_status_1",33,25.7,23,39.1,39.1519430706184,-0.0519430706183712,"tight_session+may_session+may_session_hour",0.37122704089805,39.0274572826808,39.1499425408699,39.1805638554172,39.250712172026,39.250712172026,39.250712172026,39.1485656955144,39.3782137159072,39.1255216638258,39.270548537523,39.1991854769446,39.2476234436035,0,0,0,0,0,0,0.05,0.0999999999999999,0.85,0,0,0
"all_measured_520_analysis_set","within_cow_random5",3,"StrictHierarchicalEBResidualXGB",376,"C024","stable_hot","S01","measurement_group_1","measurement_status_1",37.9,35.1,20,38.9,38.9733640432302,-0.0733640432301712,"tight_session+may_session+may_session_hour",0.37122704089805,38.7851821992723,38.8906565494741,38.9369745301816,39.250712172026,39.250712172026,39.250712172026,39.013972673163,39.1224661397063,38.9534338771781,38.9376341906472,38.8731911256815,38.9521980285645,0,0,0,0,0,0,0.05,0.0999999999999999,0.85,0,0,0
"all_measured_520_analysis_set","within_cow_random5",3,"StrictHierarchicalEBResidualXGB",378,"C024","stable_hot","S01","measurement_group_1","measurement_status_1",36.5,33.6,21,38.4,38.4502615847279,-0.0502615847278776,"tight_session+may_session+may_session_hour",0.37122704089805,39.1587044648195,39.1945837430142,39.1634725916141,39.250712172026,38.7687031557105,38.925356086013,38.645801883289,38.9289728131769,38.3824402461715,39.033538217757,39.2032125584267,39.0765342712402,0,0,0,0,0,0,0.05,0.0999999999999999,0.85,0,0,0
"all_measured_520_analysis_set","within_cow_random5",3,"StrictHierarchicalEBResidualXGB",383,"C024","stable_hot","S01","measurement_group_1","measurement_status_1",34,28.8,24,40.2,40.577635337567,-0.377635337567007,"tight_session+may_session+may_session_hour",0.37122704089805,38.9093117566937,39.0237400490179,39.0523471220989,39.250712172026,39.250712172026,39.250712172026,40.2868920594534,40.1258795352608,40.6478856247862,39.3019760841447,39.1801359760895,39.466007232666,0,0,0,0,0,0,0.05,0.0999999999999999,0.85,0,0,0
"all_measured_520_analysis_set","within_cow_random5",3,"StrictHierarchicalEBResidualXGB",384,"C001","stable_cool","S01","measurement_group_1","measurement_status_1",31.9,7.2,12,38.2,38.175238111336,0.02476188866396,"direct_xgb+may_session_hour+tight_session",0.337580046845778,38.2190576209328,38.1216473680472,38.291684918708,38.6593237257471,38.4270935235855,38.6593237257471,38.2451298685178,38.1695189135599,38.2242355947337,38.1607442886908,38.0812091704941,38.1267356872559,0,0,0,0,0,0,0,0.45,0.3,0,0,0.25
"all_measured_520_analysis_set","within_cow_random5",3,"StrictHierarchicalEBResidualXGB",387,"C001","stable_cool","S01","measurement_group_1","measurement_status_1",35.3,14.4,14,38.2,38.1873125818561,0.0126874181439405,"direct_xgb+may_session_hour+tight_session",0.337580046845778,38.2028785239855,38.2907196916349,38.319596296865,38.6593237257471,38.6593237257471,38.6593237257471,38.2451298685178,38.1695189135599,38.2242355947337,38.1907708243999,38.2763951932721,38.1750335693359,0,0,0,0,0,0,0,0.45,0.3,0,0,0.25
"all_measured_520_analysis_set","within_cow_random5",3,"StrictHierarchicalEBResidualXGB",393,"C003","stable_cool","S01","measurement_group_1","measurement_status_1",34.1,10.9,11,38.6,38.6392141909189,-0.0392141909189334,"direct_xgb+may_session_hour+tight_session",0.337580046845778,38.6075660239855,38.6192096339669,38.6155602872799,38.6593237257471,38.6593237257471,38.6593237257471,38.5663505257948,38.7218189465604,38.5617928466421,38.5529078557901,38.6249859238173,38.5834312438965,0,0,0,0,0,0,0,0.45,0.3,0,0,0.25
"all_measured_520_analysis_set","within_cow_random5",3,"StrictHierarchicalEBResidualXGB",395,"C003","stable_cool","S01","measurement_group_1","measurement_status_1",32,8,12,38.5,38.512621804019,-0.0126218040190267,"direct_xgb+may_session_hour+tight_session",0.337580046845778,38.5620576209328,38.5477899114397,38.5449765853747,38.6593237257471,38.6593237257471,38.6593237257471,38.5663505257948,38.4808005692861,38.5617928466421,38.4887812828302,38.5204458429273,38.5108947753906,0,0,0,0,0,0,0,0.45,0.3,0,0,0.25
"all_measured_520_analysis_set","within_cow_random5",3,"StrictHierarchicalEBResidualXGB",397,"C004","stable_cool","S01","measurement_group_1","measurement_status_1",29.6,4.9,23,37.6,37.744386011046,-0.144386011046002,"direct_xgb+may_session_hour+tight_session",0.337580046845778,37.6637895198385,37.8451341963399,37.8892359172779,38.6593237257471,38.6593237257471,38.6593237257471,37.6563879126606,37.7735396461769,37.6096824242441,37.8649846296987,37.837694233286,37.8535537719727,0,0,0,0,0,0,0,0.45,0.3,0,0,0.25
"all_measured_520_analysis_set","within_cow_random5",3,"StrictHierarchicalEBResidualXGB",407,"C006","stable_hot","S01","measurement_group_1","measurement_status_1",29.3,25.1,4,39.6,39.6046462992247,-0.00464629922473847,"tight_session+may_session+may_session_hour",0.37122704089805,39.1000238309971,39.1261843674594,39.1327245015749,39.250712172026,39.250712172026,39.250712172026,39.5481451922855,39.503427101551,39.6198780346534,39.1822077750938,39.1308063421176,39.2026023864746,0,0,0,0,0,0,0.05,0.0999999999999999,0.85,0,0,0
"all_measured_520_analysis_set","within_cow_random5",3,"StrictHierarchicalEBResidualXGB",414,"C008","stable_cool","S01","measurement_group_1","measurement_status_1",33.2,8.4,15,38.2,38.1915200361684,0.00847996383161131,"direct_xgb+may_session_hour+tight_session",0.337580046845778,38.1805667132295,38.2734975673452,38.2967302808742,38.6593237257471,38.6593237257471,38.7531079085824,38.1805638129376,38.2497974165255,38.1583515940397,38.0527174150926,38.2604112604827,38.1264228820801,0,0,0,0,0,0,0,0.45,0.3,0,0,0.25
"all_measured_520_analysis_set","within_cow_random5",3,"StrictHierarchicalEBResidualXGB",421,"C009","stable_hot","S01","measurement_group_1","measurement_status_1",39.8,40.4,18,39.5,39.4308837656176,0.0691162343824274,"tight_session+may_session+may_session_hour",0.37122704089805,39.8221719570795,39.6926100612005,39.6678553345482,39.250712172026,39.250712172026,39.250712172026,39.4462037586893,39.1826417719111,39.4591875299906,39.7492451140912,39.7282489374598,39.8599128723145,0,0,0,0,0,0,0.05,0.0999999999999999,0.85,0,0,0
"all_measured_520_analysis_set","within_cow_random5",3,"StrictHierarchicalEBResidualXGB",423,"C010","stable_hot","S01","measurement_group_1","measurement_status_1",34,28.2,21,38.7,38.7526971498708,-0.0526971498708448,"tight_session+may_session+may_session_hour",0.37122704089805,38.6777328093253,38.8133691715921,38.8472782621588,39.250712172026,39.250712172026,39.250712172026,38.8708879332957,39.0506769543863,38.7106883032558,38.8318307158139,38.8703488017345,38.8520889282227,0,0,0,0,0,0,0.05,0.0999999999999999,0.85,0,0,0
"all_measured_520_analysis_set","within_cow_random5",3,"StrictHierarchicalEBResidualXGB",424,"C010","stable_hot","S01","measurement_group_1","measurement_status_1",35.9,32.6,19,38.6,38.6447451893128,-0.044745189312799,"tight_session+may_session+may_session_hour",0.37122704089805,38.6777328093253,38.7932057564185,38.8220739931917,39.250712172026,39.2926592596635,39.4701424344052,38.7206207835628,38.915272240821,38.6084552071207,38.7753495223148,38.7995240038299,38.7450256347656,0,0,0,0,0,0,0.05,0.0999999999999999,0.85,0,0,0
"all_measured_520_analysis_set","within_cow_random5",3,"StrictHierarchicalEBResidualXGB",425,"C010","stable_hot","S01","measurement_group_1","measurement_status_1",36.2,31.3,21,38.8,38.7610040982763,0.0389959017236734,"tight_session+may_session+may_session_hour",0.37122704089805,38.6777328093253,38.8133691715921,38.8472782621588,39.250712172026,39.250712172026,39.275356086013,38.8856639833487,39.0848831782156,38.715567742691,38.8317431354468,38.8338447640563,38.7751235961914,0,0,0,0,0,0,0.05,0.0999999999999999,0.85,0,0,0
"all_measured_520_analysis_set","within_cow_random5",3,"StrictHierarchicalEBResidualXGB",426,"C010","stable_hot","S01","measurement_group_1","measurement_status_1",34.5,30.1,21,38.7,38.7526971498708,-0.0526971498708448,"tight_session+may_session+may_session_hour",0.37122704089805,38.6777328093253,38.8133691715921,38.8472782621588,39.250712172026,39.5479784085996,39.3876780430065,38.8708879332957,39.0506769543863,38.7106883032558,38.8624855003142,38.8635850044812,38.8540000915527,0,0,0,0,0,0,0.05,0.0999999999999999,0.85,0,0,0
"all_measured_520_analysis_set","within_cow_random5",3,"StrictHierarchicalEBResidualXGB",429,"C011","stable_cool","S01","measurement_group_1","measurement_status_1",31.1,8.5,23,38.4,38.4032643365721,-0.00326433657208014,"direct_xgb+may_session_hour+tight_session",0.337580046845778,38.2438941489855,38.309460640958,38.3273486553937,38.6593237257471,38.6593237257471,38.6593237257471,38.2524303380013,38.5628046680259,38.2319073504589,38.5629485102036,38.3252678635329,38.321720123291,0,0,0,0,0,0,0,0.45,0.3,0,0,0.25
"all_measured_520_analysis_set","within_cow_random5",3,"StrictHierarchicalEBResidualXGB",431,"C011","stable_cool","S01","measurement_group_1","measurement_status_1",29.1,16.8,11,38.2,38.2303010862557,-0.0303010862557471,"direct_xgb+may_session_hour+tight_session",0.337580046845778,38.2263941489855,38.3152382798002,38.3417582039466,38.6593237257471,38.6593237257471,38.6593237257471,38.2524303380013,38.2271555736272,38.2319073504589,38.1560501630037,38.2932298756645,38.2340354919434,0,0,0,0,0,0,0,0.45,0.3,0,0,0.25
"all_measured_520_analysis_set","within_cow_random5",3,"StrictHierarchicalEBResidualXGB",438,"C012","stable_hot","S01","measurement_group_1","measurement_status_1",32.7,27,23,40.4,40.3672224408582,0.0327775591417563,"tight_session+may_session+may_session_hour",0.37122704089805,39.9047616332117,39.8499822686679,39.8159952104824,39.250712172026,39.250712172026,39.250712172026,40.2200905894998,40.3109799542212,40.3824940187778,40.0836918031034,40.0067368070848,40.1659088134766,0,0,0,0,0,0,0.05,0.0999999999999999,0.85,0,0,0
"all_measured_520_analysis_set","within_cow_random5",3,"StrictHierarchicalEBResidualXGB",441,"C013","stable_hot","S01","measurement_group_1","measurement_status_1",35.3,31.4,22,38.7,38.6954960301842,0.00450396981576517,"tight_session+may_session+may_session_hour",0.37122704089805,39.0528472337425,39.1328590631835,39.1487814926946,39.250712172026,39.4353698223771,39.625356086013,38.9220108070697,38.9967378660796,38.6467314155562,39.1096649843495,39.1709549025052,39.196720123291,0,0,0,0,0,0,0.05,0.0999999999999999,0.85,0,0,0
"all_measured_520_analysis_set","within_cow_random5",3,"StrictHierarchicalEBResidualXGB",443,"C013","stable_hot","S01","measurement_group_1","measurement_status_1",34.4,24.9,2,39.1,39.14310643283,-0.0431064328300153,"tight_session+may_session+may_session_hour",0.37122704089805,39.0274572826808,39.087010164686,39.1018983851873,39.250712172026,39.250712172026,39.250712172026,39.1485656955144,39.2898473380237,39.1255216638258,39.0386563881476,39.1161358421077,39.1732978820801,0,0,0,0,0,0,0.05,0.0999999999999999,0.85,0,0,0
"all_measured_520_analysis_set","within_cow_random5",3,"StrictHierarchicalEBResidualXGB",447,"C014","stable_cool","S01","measurement_group_1","measurement_status_1",30.5,7.7,9,38.3,38.3412396029679,-0.0412396029679272,"direct_xgb+may_session_hour+tight_session",0.337580046845778,38.3212668563652,38.3913722902663,38.4088986487415,38.6593237257471,38.6593237257471,38.6593237257471,38.3198019590459,38.4182388746783,38.3010616210527,38.3132821972287,38.3632379647471,38.2508544921875,0,0,0,0,0,0,0,0.45,0.3,0,0,0.25
"all_measured_520_analysis_set","within_cow_random5",3,"StrictHierarchicalEBResidualXGB",449,"C014","stable_cool","S01","measurement_group_1","measurement_status_1",32.8,6.1,10,38.3,38.3582817630021,-0.0582817630021069,"direct_xgb+may_session_hour+tight_session",0.337580046845778,38.3175451565013,38.4106703197383,38.4345497408828,38.6593237257471,38.6593237257471,38.1296618628735,38.3198019590459,38.4182388746783,38.3010616210527,38.3644338545164,38.403770002237,38.3190231323242,0,0,0,0,0,0,0,0.45,0.3,0,0,0.25
"all_measured_520_analysis_set","within_cow_random5",3,"StrictHierarchicalEBResidualXGB",452,"C016","stable_cool","S01","measurement_group_1","measurement_status_1",30.6,2.8,0,38.7,38.7624220110972,-0.0624220110972331,"direct_xgb+may_session_hour+tight_session",0.337580046845778,38.7634253989855,38.7467063681219,38.7378706580987,38.6593237257471,39.7264913363048,38.6593237257471,38.7342613239168,38.8183695121218,38.7382432283215,38.6730554597959,38.7473914328261,38.690731048584,0,0,0,0,0,0,0,0.45,0.3,0,0,0.25
"all_measured_520_analysis_set","within_cow_random5",3,"StrictHierarchicalEBResidualXGB",457,"C016","stable_cool","S01","measurement_group_1","measurement_status_1",30.8,11.7,12,38.6,38.5617591516029,0.0382408483971446,"direct_xgb+may_session_hour+tight_session",0.337580046845778,38.6059253989855,38.5846532846715,38.5999918037857,38.6593237257471,38.6593237257471,38.6593237257471,38.7342613239168,38.4046205409092,38.7382432283215,38.6413816360626,38.5722725235771,38.6328277587891,0,0,0,0,0,0,0,0.45,0.3,0,0,0.25
"all_measured_520_analysis_set","within_cow_random5",3,"StrictHierarchicalEBResidualXGB",459,"C017","stable_hot","S01","measurement_group_1","measurement_status_1",39.3,40.9,16,39.4,39.383379104091,0.0166208959089644,"tight_session+may_session+may_session_hour",0.37122704089805,39.4542033975606,39.4244689840453,39.4170353806664,39.250712172026,39.250712172026,39.250712172026,39.3254351322562,39.3051667381169,39.395989027843,39.2683382520507,39.390969113596,39.3888168334961,0,0,0,0,0,0,0.05,0.0999999999999999,0.85,0,0,0
"all_measured_520_analysis_set","within_cow_random5",3,"StrictHierarchicalEBResidualXGB",470,"C020","stable_hot","S01","measurement_group_1","measurement_status_1",32.8,33.3,2,39.6,39.5915533385776,0.00844666142241124,"tight_session+may_session+may_session_hour",0.37122704089805,39.5359371436906,39.4937940534939,39.4832582809447,39.250712172026,39.250712172026,39.250712172026,39.5701642490852,39.5638863978447,39.5960664545163,39.559640686883,39.5765167993297,39.8094482421875,0,0,0,0,0,0,0.05,0.0999999999999999,0.85,0,0,0
"all_measured_520_analysis_set","within_cow_random5",3,"StrictHierarchicalEBResidualXGB",471,"C021","stable_cool","S01","measurement_group_1","measurement_status_1",30.7,9.4,1,38.3,38.2918622921403,0.00813770785974555,"direct_xgb+may_session_hour+tight_session",0.337580046845778,38.2613941489855,38.341401987582,38.3600878386738,38.6593237257471,38.6593237257471,38.6593237257471,38.2524303380013,38.3458405606351,38.2319073504589,38.5416955778205,38.3543444777499,38.2666473388672,0,0,0,0,0,0,0,0.45,0.3,0,0,0.25
"all_measured_520_analysis_set","within_cow_random5",3,"StrictHierarchicalEBResidualXGB",472,"C021","stable_cool","S01","measurement_group_1","measurement_status_1",30,7.7,21,38.3,38.3331957579951,-0.0331957579950668,"direct_xgb+may_session_hour+tight_session",0.337580046845778,38.2613941489855,38.3809366714865,38.4095061935544,38.6593237257471,39.2079728177863,39.0296618628735,38.2524303380013,38.3819938883485,38.2319073504589,38.5053973583482,38.4121419344753,38.3669052124023,0,0,0,0,0,0,0,0.45,0.3,0,0,0.25
"all_measured_520_analysis_set","within_cow_random5",3,"StrictHierarchicalEBResidualXGB",484,"C023","stable_cool","S01","measurement_group_1","measurement_status_1",31.6,9.8,20,39.1,39.2331541669169,-0.133154166916903,"direct_xgb+may_session_hour+tight_session",0.337580046845778,38.9459133624067,38.9020450983921,38.8910780323884,38.6593237257471,38.6593237257471,38.6593237257471,38.9459749389403,39.4712401063975,38.960724144352,39.0525805357689,38.9290428005883,39.1315155029297,0,0,0,0,0,0,0,0.45,0.3,0,0,0.25
"all_measured_520_analysis_set","within_cow_random5",3,"StrictHierarchicalEBResidualXGB",485,"C024","stable_hot","S01","measurement_group_1","measurement_status_1",38.4,35.9,21,39,38.9779343549536,0.0220656450463537,"tight_session+may_session+may_session_hour",0.37122704089805,39.1587044648195,39.1945837430142,39.1765180946091,39.250712172026,39.250712172026,39.2835707240087,39.013972673163,39.168169256941,38.9534338771781,39.0313477786046,39.2579462892793,39.1880760192871,0,0,0,0,0,0,0.05,0.0999999999999999,0.85,0,0,0
"all_measured_520_analysis_set","within_cow_random5",3,"StrictHierarchicalEBResidualXGB",495,"C026","stable_cool","S01","measurement_group_1","measurement_status_1",27.8,8.6,22,38.7,38.7304186698019,-0.0304186698018682,"direct_xgb+may_session_hour+tight_session",0.337580046845778,38.731617940646,38.7048237753126,38.6938513552696,38.6593237257471,38.6593237257471,38.6593237257471,38.7047397132146,38.7134352488377,38.7070207638352,38.8326694962097,38.7238828652563,38.7890663146973,0,0,0,0,0,0,0,0.45,0.3,0,0,0.25
"all_measured_520_analysis_set","within_cow_random5",3,"StrictHierarchicalEBResidualXGB",502,"C026","stable_cool","S01","measurement_group_1","measurement_status_1",28.1,7.8,3,38.7,38.684442543315,0.0155574566849666,"direct_xgb+may_session_hour+tight_session",0.337580046845778,38.7050249175639,38.699404211066,38.6979990344415,38.6593237257471,38.6593237257471,38.6593237257471,38.7047397132146,38.6204510221721,38.7070207638352,38.7924096779941,38.7237606787153,38.772533416748,0,0,0,0,0,0,0,0.45,0.3,0,0,0.25
"all_measured_520_analysis_set","within_cow_random5",3,"StrictHierarchicalEBResidualXGB",505,"C027","stable_cool","S01","measurement_group_1","measurement_status_1",30.9,3.8,1,39,38.968462010103,0.0315379898970249,"direct_xgb+may_session_hour+tight_session",0.337580046845778,38.9093592828889,38.859891082132,38.8475240319428,38.6593237257471,38.6593237257471,38.6593237257471,38.9089640899459,38.9243947556413,38.9207879728465,38.9915197585713,38.8829796360524,39.1049919128418,0,0,0,0,0,0,0,0.45,0.3,0,0,0.25
"all_measured_520_analysis_set","within_cow_random5",3,"StrictHierarchicalEBResidualXGB",512,"C028","stable_hot","S01","measurement_group_1","measurement_status_1",37.5,38.4,17,40.2,40.1366245980652,0.0633754019348061,"tight_session+may_session+may_session_hour",0.37122704089805,40.1557513851767,39.9114636285009,39.8503916893319,39.250712172026,39.250712172026,39.250712172026,40.0526436085861,39.7144370031071,40.1912337850884,40.0001641989972,39.8708306615951,39.8762741088867,0,0,0,0,0,0,0.05,0.0999999999999999,0.85,0,0,0
"all_measured_520_analysis_set","within_cow_random5",3,"StrictHierarchicalEBResidualXGB",513,"C029","stable_cool","S01","measurement_group_1","measurement_status_1",34.2,5.2,14,38.3,38.3385113929677,-0.0385113929676635,"direct_xgb+may_session_hour+tight_session",0.337580046845778,38.3891287765593,38.4390447146022,38.4508442476478,38.6593237257471,38.6593237257471,38.6593237257471,38.3847881896689,38.3276707725187,38.3721188030509,38.2562215577107,38.4284340037727,38.3176956176758,0,0,0,0,0,0,0,0.45,0.3,0,0,0.25
"all_measured_520_analysis_set","within_cow_random5",3,"StrictHierarchicalEBResidualXGB",520,"C030","stable_cool","S01","measurement_group_1","measurement_status_1",32.3,8.3,10,40.3,40.182803136741,0.117196863258997,"direct_xgb+may_session_hour+tight_session",0.337580046845778,40.1863671666522,39.9050434671995,39.827610490252,38.6593237257471,38.6593237257471,38.6593237257471,40.1411178295581,40.1912818962012,40.2105168005478,40.1166236141207,39.978316626763,40.1342849731445,0,0,0,0,0,0,0,0.45,0.3,0,0,0.25
"all_measured_520_analysis_set","within_cow_random5",4,"StrictHierarchicalEBResidualXGB",2,"C021","stable_cool","S01","measurement_group_1","measurement_status_1",30.4,16,12,38.3,38.2383779602371,0.0616220397628737,"may_session_hour+direct_xgb+tight_session",0.292482599342775,38.253201661158,38.2962489404603,38.3103358641082,38.6366745825034,38.165063780649,38.6366745825034,38.2731915266945,38.2313130901288,38.2548626571566,38.2506582347135,38.2664967828317,38.2051467895508,0,0,0,0,0,0,0,0.7,0.3,0,0,0
"all_measured_520_analysis_set","within_cow_random5",4,"StrictHierarchicalEBResidualXGB",9,"C021","stable_cool","S01","measurement_group_1","measurement_status_1",28.6,10.9,24,38,38.2753975058478,-0.275397505847842,"may_session_hour+direct_xgb+tight_session",0.292482599342775,38.2738911960527,38.3348837949244,38.3501319446423,38.6366745825034,38.6366745825034,38.6366745825034,38.2731915266945,38.284198155287,38.2548626571566,38.6705686926159,38.3664333082644,38.4264221191406,0,0,0,0,0,0,0,0.7,0.3,0,0,0
"all_measured_520_analysis_set","within_cow_random5",4,"StrictHierarchicalEBResidualXGB",12,"C003","stable_cool","S01","measurement_group_1","measurement_status_1",31.8,6.9,12,38.7,38.4922904917327,0.207709508267314,"may_session_hour+direct_xgb+tight_session",0.292482599342775,38.5298702118065,38.5177319395938,38.5196892597785,38.6366745825034,38.4880082997417,38.4394457637506,38.5607318221216,38.4644166623715,38.5573294269088,38.4621622280627,38.5056205290952,38.503231048584,0,0,0,0,0,0,0,0.7,0.3,0,0,0
"all_measured_520_analysis_set","within_cow_random5",4,"StrictHierarchicalEBResidualXGB",15,"C003","stable_cool","S01","measurement_group_1","measurement_status_1",33.6,8,13,38.4,38.4922904917327,-0.0922904917326903,"may_session_hour+direct_xgb+tight_session",0.292482599342775,38.5502679510283,38.5329934748824,38.5303885359946,38.6366745825034,38.6366745825034,38.4455581941678,38.5607318221216,38.4644166623715,38.5573294269088,38.47077294599,38.5155973917807,38.4982109069824,0,0,0,0,0,0,0,0.7,0.3,0,0,0
"all_measured_520_analysis_set","within_cow_random5",4,"StrictHierarchicalEBResidualXGB",31,"C002","stable_cool","S01","measurement_group_1","measurement_status_1",33.7,9,19,40,39.276999176369,0.723000823631025,"may_session_hour+direct_xgb+tight_session",0.292482599342775,39.0360574012866,38.9868426338051,38.9745389419347,38.6366745825034,38.6366745825034,38.6366745825034,39.0350646488714,39.3732525062602,39.0524080732894,39.1871539140055,38.9782760801007,39.0934944152832,0,0,0,0,0,0,0,0.7,0.3,0,0,0
"all_measured_520_analysis_set","within_cow_random5",4,"StrictHierarchicalEBResidualXGB",34,"C002","stable_cool","S01","measurement_group_1","measurement_status_1",33.5,5.5,23,39.2,39.2070280891173,-0.00702808911725583,"may_session_hour+direct_xgb+tight_session",0.292482599342775,39.0360574012866,38.9369234227389,38.912139928102,38.6366745825034,38.165063780649,38.6455581941678,39.0350646488714,39.2732938101864,39.0524080732894,39.3577921913866,38.9605578602105,39.2414321899414,0,0,0,0,0,0,0,0.7,0.3,0,0,0
"all_measured_520_analysis_set","within_cow_random5",4,"StrictHierarchicalEBResidualXGB",37,"C029","stable_cool","S01","measurement_group_1","measurement_status_1",32.9,6.9,12,38,38.3362165313574,-0.336216531357366,"may_session_hour+direct_xgb+tight_session",0.292482599342775,38.340430489728,38.2738497713203,38.3140314544419,38.6366745825034,38.3132119287972,38.5122248608345,38.3701224038391,38.3269607454398,38.3578133651649,38.2823453560525,38.2358816871042,38.2350387573242,0,0,0,0,0,0,0,0.7,0.3,0,0,0
"all_measured_520_analysis_set","within_cow_random5",4,"StrictHierarchicalEBResidualXGB",42,"C029","stable_cool","S01","measurement_group_1","measurement_status_1",35,11.2,15,38.5,38.3362165313574,0.163783468642634,"may_session_hour+direct_xgb+tight_session",0.292482599342775,38.3702187754278,38.4140245589623,38.4249760048459,38.6366745825034,38.6366745825034,38.6366745825034,38.3701224038391,38.3269607454398,38.3578133651649,38.2993935538981,38.3832037310311,38.2524337768555,0,0,0,0,0,0,0,0.7,0.3,0,0,0
"all_measured_520_analysis_set","within_cow_random5",4,"StrictHierarchicalEBResidualXGB",48,"C001","stable_cool","S01","measurement_group_1","measurement_status_1",26.6,5,11,38.9,38.6683222339626,0.2316777660374,"may_session_hour+direct_xgb+tight_session",0.292482599342775,38.4058931893948,38.4526699109607,38.4372922682633,38.6366745825034,38.6366745825034,38.6366745825034,38.2379967476368,38.860068479423,38.2209143278883,38.1391942841955,38.4289891904824,38.2051429748535,0,0,0,0,0,0,0,0.7,0.3,0,0,0
"all_measured_520_analysis_set","within_cow_random5",4,"StrictHierarchicalEBResidualXGB",50,"C001","stable_cool","S01","measurement_group_1","measurement_status_1",31.3,6.9,12,38.3,38.1740287767115,0.125971223288495,"may_session_hour+direct_xgb+tight_session",0.292482599342775,38.1989613289264,38.2531108950515,38.2728333696407,38.6366745825034,38.6366745825034,38.6366745825034,38.2379967476368,38.1539349690643,38.2209143278883,38.1321147523548,38.2284502965648,38.1556091308594,0,0,0,0,0,0,0,0.7,0.3,0,0,0
"all_measured_520_analysis_set","within_cow_random5",4,"StrictHierarchicalEBResidualXGB",58,"C001","stable_cool","S01","measurement_group_1","measurement_status_1",29.6,6,21,38.3,38.2830328771657,0.0169671228343233,"may_session_hour+direct_xgb+tight_session",0.292482599342775,38.2374462901755,38.3265630122595,38.3488421927805,38.6366745825034,38.6366745825034,38.6366745825034,38.2379967476368,38.3096551125702,38.2209143278883,38.3322784143595,38.3591537107103,38.3270530700684,0,0,0,0,0,0,0,0.7,0.3,0,0,0
"all_measured_520_analysis_set","within_cow_random5",4,"StrictHierarchicalEBResidualXGB",65,"C027","stable_cool","S01","measurement_group_1","measurement_status_1",31.1,8,13,38.6,38.69805397727,-0.0980539772699487,"may_session_hour+direct_xgb+tight_session",0.292482599342775,38.8543613289264,38.7772511907928,38.7707462393173,38.6366745825034,38.6366745825034,38.0683372912517,38.9330399575133,38.5918013072951,38.945976873878,38.8271853200014,38.7470938128494,38.8275909423828,0,0,0,0,0,0,0,0.7,0.3,0,0,0
"all_measured_520_analysis_set","within_cow_random5",4,"StrictHierarchicalEBResidualXGB",71,"C027","stable_cool","S01","measurement_group_1","measurement_status_1",32.5,6,21,39.1,38.9911048234043,0.10889517659573,"may_session_hour+direct_xgb+tight_session",0.292482599342775,38.9338351790644,38.8836741233707,38.8711338594472,38.6366745825034,38.6366745825034,39.1683372912517,38.9330399575133,39.0104453732012,38.945976873878,39.0870129105146,38.901242987299,39.0371360778809,0,0,0,0,0,0,0,0.7,0.3,0,0,0
"all_measured_520_analysis_set","within_cow_random5",4,"StrictHierarchicalEBResidualXGB",75,"C026","stable_cool","S01","measurement_group_1","measurement_status_1",33.9,11.2,15,38.6,38.6026487227452,-0.00264872274517813,"may_session_hour+direct_xgb+tight_session",0.292482599342775,38.6846685123977,38.6655843485382,38.6608133075733,38.2167951762501,38.2650366399473,38.2073349165007,38.6843547723282,38.5666906787876,38.6865508253129,38.5597454487772,38.6520961126548,38.5862693786621,0,0,0,0,0,0,0,0.7,0.3,0,0,0
"all_measured_520_analysis_set","within_cow_random5",4,"StrictHierarchicalEBResidualXGB",82,"C016","stable_cool","S01","measurement_group_1","measurement_status_1",32.2,6.9,12,38,38.4969974810877,-0.496997481087689,"may_session_hour+direct_xgb+tight_session",0.292482599342775,38.7039289867435,38.656850172468,38.6486235025381,38.6366745825034,38.3132119287972,38.6366745825034,38.7258206346757,38.3969200392174,38.7305115121184,38.6134472031261,38.6312486271192,38.6061744689941,0,0,0,0,0,0,0,0.7,0.3,0,0,0
"all_measured_520_analysis_set","within_cow_random5",4,"StrictHierarchicalEBResidualXGB",85,"C016","stable_cool","S01","measurement_group_1","measurement_status_1",33.2,9.1,15,38.7,38.4969974810877,0.203002518912314,"may_session_hour+direct_xgb+tight_session",0.292482599342775,38.7259745293861,38.6986291621288,38.6917928203145,38.6366745825034,38.6366745825034,38.6366745825034,38.7258206346757,38.3969200392174,38.7305115121184,38.6071224708138,38.6698585309496,38.6115036010742,0,0,0,0,0,0,0,0.7,0.3,0,0,0
"all_measured_520_analysis_set","within_cow_random5",4,"StrictHierarchicalEBResidualXGB",96,"C022","stable_cool","S01","measurement_group_1","measurement_status_1",31.2,8.8,14,39,38.3335850792687,0.666414920731327,"may_session_hour+direct_xgb+tight_session",0.292482599342775,38.322540756852,38.3677101071912,38.379002444776,38.6366745825034,38.6366745825034,38.6366745825034,38.3224700492684,38.3445782490714,38.307934349729,38.1725790063387,38.3560400160017,38.2566261291504,0,0,0,0,0,0,0,0.7,0.3,0,0,0
"all_measured_520_analysis_set","within_cow_random5",4,"StrictHierarchicalEBResidualXGB",97,"C022","stable_cool","S01","measurement_group_1","measurement_status_1",32.3,9.1,15,39.5,38.3335850792687,1.16641492073133,"may_session_hour+direct_xgb+tight_session",0.292482599342775,38.2660961244029,38.3315327900344,38.3569634152288,38.6366745825034,38.6366745825034,38.6366745825034,38.3224700492684,38.3445782490714,38.307934349729,38.1984450762914,38.300327063247,38.2227935791016,0,0,0,0,0,0,0,0.7,0.3,0,0,0
"all_measured_520_analysis_set","within_cow_random5",4,"StrictHierarchicalEBResidualXGB",99,"C022","stable_cool","S01","measurement_group_1","measurement_status_1",32.9,9,19,38.3,38.3505154953483,-0.0505154953482716,"may_session_hour+direct_xgb+tight_session",0.292482599342775,38.322540756852,38.4160293182574,38.4394014586087,38.6366745825034,38.6366745825034,38.5683372912517,38.3224700492684,38.3687645577565,38.307934349729,38.412551826501,38.4260064056359,38.3896522521973,0,0,0,0,0,0,0,0.7,0.3,0,0,0
"all_measured_520_analysis_set","within_cow_random5",4,"StrictHierarchicalEBResidualXGB",110,"C014","stable_cool","S01","measurement_group_1","measurement_status_1",33.2,8.8,14,38,38.0985502817502,-0.0985502817502351,"may_session_hour+direct_xgb+tight_session",0.292482599342775,38.2821685123977,38.3354123116278,38.3487232614353,38.6366745825034,38.6366745825034,38.4683372912517,38.2826325501059,38.0261526978014,38.2674779776308,38.1930309665403,38.309943006634,38.1939697265625,0,0,0,0,0,0,0,0.7,0.3,0,0,0
"all_measured_520_analysis_set","within_cow_random5",4,"StrictHierarchicalEBResidualXGB",113,"C014","stable_cool","S01","measurement_group_1","measurement_status_1",31.2,6,21,39.2,38.6171394343655,0.582860565634505,"may_session_hour+direct_xgb+tight_session",0.292482599342775,38.2821685123977,38.3623407900373,38.3823838594472,38.6366745825034,38.5203557888835,38.4591686456259,38.2826325501059,38.7669943443947,38.2674779776308,38.3962831073806,38.4075843475799,38.4227104187012,0,0,0,0,0,0,0,0.7,0.3,0,0,0
"all_measured_520_analysis_set","within_cow_random5",4,"StrictHierarchicalEBResidualXGB",118,"C023","stable_cool","S01","measurement_group_1","measurement_status_1",32.6,6.1,11,39.4,38.6637400466166,0.736259953383403,"may_session_hour+direct_xgb+tight_session",0.292482599342775,38.8018468983967,38.7733600106137,38.7833467056588,38.6366745825034,38.6366745825034,38.3683372912517,38.9079132625648,38.5535999170689,38.9207336822279,38.8554499565361,38.7682553240145,38.9095802307129,0,0,0,0,0,0,0,0.7,0.3,0,0,0
"all_measured_520_analysis_set","within_cow_random5",4,"StrictHierarchicalEBResidualXGB",120,"C023","stable_cool","S01","measurement_group_1","measurement_status_1",33.2,6.8,12,39,38.9136674150363,0.0863325849636993,"may_session_hour+direct_xgb+tight_session",0.292482599342775,38.9593468983967,38.860140313644,38.8271345844466,38.6366745825034,38.6366745825034,38.5122248608345,38.9079132625648,38.9106390148113,38.9207336822279,38.835661660772,38.8348020718135,38.7797813415527,0,0,0,0,0,0,0,0.7,0.3,0,0,0
"all_measured_520_analysis_set","within_cow_random5",4,"StrictHierarchicalEBResidualXGB",127,"C023","stable_cool","S01","measurement_group_1","measurement_status_1",33.5,6,21,39.9,39.0026540522656,0.897345947734365,"may_session_hour+direct_xgb+tight_session",0.292482599342775,38.9082992707839,38.8632453967462,38.8519819282368,38.6366745825034,38.6366745825034,38.6366745825034,38.9079132625648,39.0377627822818,38.9207336822279,39.0383622862307,38.8826259922812,39.034797668457,0,0,0,0,0,0,0,0.7,0.3,0,0,0
"all_measured_520_analysis_set","within_cow_random5",4,"StrictHierarchicalEBResidualXGB",133,"C011","stable_cool","S01","measurement_group_1","measurement_status_1",31.9,20.8,14,38.1,38.1004201072792,-0.000420107279182957,"may_session_hour+direct_xgb+tight_session",0.292482599342775,38.1712727367435,38.2469116690945,38.2682511545713,38.6366745825034,38.6366745825034,38.6366745825034,38.1855858928917,38.0736851867756,38.1628015884543,37.9755448061468,38.2160949296695,38.1172103881836,0,0,0,0,0,0,0,0.7,0.3,0,0,0
"all_measured_520_analysis_set","within_cow_random5",4,"StrictHierarchicalEBResidualXGB",136,"C011","stable_cool","S01","measurement_group_1","measurement_status_1",30.7,11.8,22,39.1,38.2238773011832,0.876122698816815,"may_session_hour+direct_xgb+tight_session",0.292482599342775,38.1863911960527,38.2782098339792,38.3011644934608,38.6366745825034,38.6366745825034,38.6366745825034,38.1855858928917,38.2500526066384,38.1628015884543,38.3383613049418,38.2959002951081,38.2459754943848,0,0,0,0,0,0,0,0.7,0.3,0,0,0
"all_measured_520_analysis_set","within_cow_random5",4,"StrictHierarchicalEBResidualXGB",143,"C004","stable_cool","S01","measurement_group_1","measurement_status_1",32.3,5.3,11,37.6,37.6645716017231,-0.0645716017231095,"may_session_hour+direct_xgb+tight_session",0.292482599342775,37.6414262057684,37.8435027083341,37.8940218339755,38.6366745825034,38.6366745825034,38.3683372912517,37.6417221268308,37.6942264368796,37.5953769863581,37.5766974549649,37.8345320258248,37.7666549682617,0,0,0,0,0,0,0,0.7,0.3,0,0,0
"all_measured_520_analysis_set","within_cow_random5",4,"StrictHierarchicalEBResidualXGB",149,"C004","stable_cool","S01","measurement_group_1","measurement_status_1",30.1,9.5,22,37.7,37.695460782626,0.00453921737398844,"may_session_hour+direct_xgb+tight_session",0.292482599342775,37.6414262057684,37.8422378417517,37.8924407507475,38.6366745825034,38.6366745825034,38.6366745825034,37.6417221268308,37.7383538381694,37.5953769863581,37.8403908811272,37.8534427252079,37.8694076538086,0,0,0,0,0,0,0,0.7,0.3,0,0,0
"all_measured_520_analysis_set","within_cow_random5",4,"StrictHierarchicalEBResidualXGB",158,"C028","stable_hot","S01","measurement_group_1","measurement_status_1",37.3,36.7,22,40.3,40.2183296848246,0.0816703151754439,"tight_session+may_session+may_session_hour",0.314805031008034,40.1468504589375,39.9976145137626,39.9603055274689,39.2054614485981,39.2054614485981,39.7027307242991,39.9273833022028,39.7568810050136,40.2601294105153,40.3732194150664,40.1067442928035,40.2838478088379,0,0,0,0,0,0,0.05,0.05,0.9,0,0,0
"all_measured_520_analysis_set","within_cow_random5",4,"StrictHierarchicalEBResidualXGB",160,"C028","stable_hot","S01","measurement_group_1","measurement_status_1",37.2,37.5,23,40.1,40.0651139456608,0.0348860543392391,"tight_session+may_session+may_session_hour",0.314805031008034,40.1736516286235,40.0320378486617,39.9923270728289,39.2054614485981,39.2054614485981,39.2054614485981,39.9215625067509,39.7821853258077,40.0888072822587,40.4342765295476,40.0971376691564,40.1564483642578,0,0,0,0,0,0,0.05,0.05,0.9,0,0,0
"all_measured_520_analysis_set","within_cow_random5",4,"StrictHierarchicalEBResidualXGB",161,"C028","stable_hot","S01","measurement_group_1","measurement_status_1",38.6,37.3,0,40.2,40.2168143824676,-0.0168143824675795,"tight_session+may_session+may_session_hour",0.314805031008034,40.1468504589375,39.9450701682344,39.8946250955586,39.2054614485981,39.2054614485981,39.2054614485981,39.9273833022028,39.7265749578741,40.2601294105153,40.1997496009234,40.0050371384695,40.0417938232422,0,0,0,0,0,0,0.05,0.05,0.9,0,0,0
"all_measured_520_analysis_set","within_cow_random5",4,"StrictHierarchicalEBResidualXGB",166,"C008","stable_cool","S01","measurement_group_1","measurement_status_1",32.1,6.5,9,38.1,38.1538732352258,-0.0538732352257654,"may_session_hour+direct_xgb+tight_session",0.292482599342775,38.1999401376569,38.3188232065468,38.3485439737693,38.6366745825034,38.6366745825034,38.7183372912517,38.1999354232296,38.1428157541844,38.1796740243222,38.2399272973376,38.3166575763198,38.2185096740723,0,0,0,0,0,0,0,0.7,0.3,0,0,0
"all_measured_520_analysis_set","within_cow_random5",4,"StrictHierarchicalEBResidualXGB",177,"C030","stable_cool","S01","measurement_group_1","measurement_status_1",30,2.5,14,40.2,40.080110106789,0.11988989321101,"may_session_hour+direct_xgb+tight_session",0.292482599342775,40.1547388992668,39.8334686211231,39.7531510515871,38.6366745825034,38.6366745825034,38.6366745825034,40.1536819606258,40.0181371566143,40.2247136571966,39.9513990156596,39.9251323095443,40.0917930603027,0,0,0,0,0,0,0,0.7,0.3,0,0,0
"all_measured_520_analysis_set","within_cow_random5",4,"StrictHierarchicalEBResidualXGB",184,"C030","stable_cool","S01","measurement_group_1","measurement_status_1",32.5,11.7,13,40.2,40.080110106789,0.11988989321101,"may_session_hour+direct_xgb+tight_session",0.292482599342775,40.1626595918951,39.8226413076997,39.7363637681927,38.6366745825034,38.6366745825034,38.6366745825034,40.1536819606258,40.0181371566143,40.2247136571966,40.0789579400728,39.865105508107,40.0196876525879,0,0,0,0,0,0,0,0.7,0.3,0,0,0
"all_measured_520_analysis_set","within_cow_random5",4,"StrictHierarchicalEBResidualXGB",187,"C030","stable_cool","S01","measurement_group_1","measurement_status_1",32.2,7.9,21,40.2,40.1057979755042,0.0942020244958357,"may_session_hour+direct_xgb+tight_session",0.292482599342775,40.1626595918951,39.8666205008834,39.7913377596724,38.6366745825034,38.6366745825034,38.5183372912517,40.1536819606258,40.0548341119217,40.2247136571966,40.3112229276437,39.9297287662833,40.1923179626465,0,0,0,0,0,0,0,0.7,0.3,0,0,0
"all_measured_520_analysis_set","within_cow_random5",4,"StrictHierarchicalEBResidualXGB",191,"C018","stable_cool","S01","measurement_group_1","measurement_status_1",32.3,6.6,9,38.8,38.7994333367341,0.000566663265885836,"may_session_hour+direct_xgb+tight_session",0.292482599342775,38.7951313681148,38.7949387398986,38.7964445235987,38.6366745825034,38.6366745825034,38.7183372912517,38.7921861157504,38.7993623679966,38.7995989304549,38.8411161300769,38.8040320477886,38.8639869689941,0,0,0,0,0,0,0,0.7,0.3,0,0,0
"all_measured_520_analysis_set","within_cow_random5",4,"StrictHierarchicalEBResidualXGB",194,"C018","stable_cool","S01","measurement_group_1","measurement_status_1",32.9,8.8,15,38.8,38.7755812289327,0.0244187710673316,"may_session_hour+direct_xgb+tight_session",0.292482599342775,38.7938205826072,38.7790610129771,38.7629992587506,38.6366745825034,38.7576563732416,38.5455581941678,38.7921861157504,38.7652879282803,38.7995989304549,38.6695785712627,38.7613412319509,38.6759986877441,0,0,0,0,0,0,0,0.7,0.3,0,0,0
"all_measured_520_analysis_set","within_cow_random5",4,"StrictHierarchicalEBResidualXGB",202,"C025","stable_cool","S01","measurement_group_1","measurement_status_1",29.2,13.6,14,39.4,39.3864865444028,0.0135134555972058,"may_session_hour+direct_xgb+tight_session",0.292482599342775,39.4130652582461,39.2399245152967,39.1943309081998,38.6366745825034,38.6366745825034,38.6366745825034,39.3980517667199,39.3662200703519,39.4337749838549,39.2329502576622,39.2200978274243,39.3580284118652,0,0,0,0,0,0,0,0.7,0.3,0,0,0
"all_measured_520_analysis_set","within_cow_random5",4,"StrictHierarchicalEBResidualXGB",211,"C010","stable_hot","S01","measurement_group_1","measurement_status_1",35,28.5,2,38.7,38.7316819197715,-0.031681919771458,"tight_session+may_session+may_session_hour",0.314805031008034,38.6889797173245,38.8214744248536,38.8545981017359,39.2054614485981,39.2054614485981,39.2054614485981,38.8192730724299,39.0929694833853,38.7067442133119,38.8251532645037,38.8291124443632,38.740177154541,0,0,0,0,0,0,0.05,0.05,0.9,0,0,0
"all_measured_520_analysis_set","within_cow_random5",4,"StrictHierarchicalEBResidualXGB",216,"C010","stable_hot","S01","measurement_group_1","measurement_status_1",37.8,33,12,38.6,38.6086471717719,-0.00864717177194763,"tight_session+may_session+may_session_hour",0.314805031008034,38.6780653964737,38.7228020033776,38.7357402423831,39.2054614485981,39.2054614485981,39.2054614485981,38.6542406542056,38.6301476794162,38.6049197278787,38.5997863055682,38.6810633665858,38.6047897338867,0,0,0,0,0,0,0.05,0.05,0.9,0,0,0
"all_measured_520_analysis_set","within_cow_random5",4,"StrictHierarchicalEBResidualXGB",222,"C010","stable_hot","S01","measurement_group_1","measurement_status_1",37.3,32.3,17,38.6,38.6204611134218,-0.0204611134218311,"tight_session+may_session+may_session_hour",0.314805031008034,38.6889797173245,38.7822212978541,38.8055316929865,39.2054614485981,39.2054614485981,39.2054614485981,38.7127032693366,38.7503662698444,38.6081195960698,38.6349575390094,38.7653088673293,38.7071685791016,0,0,0,0,0,0,0.05,0.05,0.9,0,0,0
"all_measured_520_analysis_set","within_cow_random5",4,"StrictHierarchicalEBResidualXGB",225,"C019","stable_hot","S01","measurement_group_1","measurement_status_1",31.5,25.1,23,39.5,39.4991849370788,0.000815062921219578,"tight_session+may_session+may_session_hour",0.314805031008034,39.4753298536548,39.4736262461709,39.4716584601534,39.2054614485981,39.2054614485981,39.2054614485981,39.4903980672235,39.5115835867473,39.4989842826447,39.7815913334621,39.5057085915076,39.6484718322754,0,0,0,0,0,0,0.05,0.05,0.9,0,0,0
"all_measured_520_analysis_set","within_cow_random5",4,"StrictHierarchicalEBResidualXGB",228,"C019","stable_hot","S01","measurement_group_1","measurement_status_1",38.9,41.3,14,39.5,39.4895609393194,0.0104390606806248,"tight_session+may_session+may_session_hour",0.314805031008034,39.4717321239795,39.3810949394954,39.3574719657828,39.2054614485981,39.2054614485981,39.2054614485981,39.4366827393685,39.4315556929163,39.4957211307835,39.1574771057682,39.3328898879243,39.2340888977051,0,0,0,0,0,0,0.05,0.05,0.9,0,0,0
"all_measured_520_analysis_set","within_cow_random5",4,"StrictHierarchicalEBResidualXGB",246,"C005","stable_hot","S01","measurement_group_1","measurement_status_1",35.4,29.3,20,37.8,37.8633932896879,-0.0633932896878662,"tight_session+may_session+may_session_hour",0.314805031008034,37.915924161769,38.202897866321,38.274641292459,39.2054614485981,39.2054614485981,39.2054614485981,38.0272397892703,38.5898145159982,37.8139339715827,37.9232399178704,38.1743599652026,37.9975776672363,0,0,0,0,0,0,0.05,0.05,0.9,0,0,0
"all_measured_520_analysis_set","within_cow_random5",4,"StrictHierarchicalEBResidualXGB",247,"C005","stable_hot","S01","measurement_group_1","measurement_status_1",34.6,31,19,38.2,38.2449199267034,-0.0449199267034288,"tight_session+may_session+may_session_hour",0.314805031008034,37.915924161769,38.1694127125425,38.2327848502358,39.2054614485981,39.2054614485981,39.2054614485981,38.4558229490775,38.6503697651101,38.2106781011045,38.0050242813884,38.1301614967865,37.9645957946777,0,0,0,0,0,0,0.05,0.05,0.9,0,0,0
"all_measured_520_analysis_set","within_cow_random5",4,"StrictHierarchicalEBResidualXGB",253,"C017","stable_hot","S01","measurement_group_1","measurement_status_1",31.5,30,12,38.9,39.1003552275735,-0.200355227573532,"tight_session+may_session+may_session_hour",0.314805031008034,39.4300908284356,39.3242664300778,39.2978103304884,39.2054614485981,39.2054614485981,39.2054614485981,39.1033158586449,38.9597311615719,39.1080031961808,39.367048831175,39.3211094286234,39.2906799316406,0,0,0,0,0,0,0.05,0.05,0.9,0,0,0
"all_measured_520_analysis_set","within_cow_random5",4,"StrictHierarchicalEBResidualXGB",261,"C017","stable_hot","S01","measurement_group_1","measurement_status_1",35.5,33.1,21,39.9,39.9266037712896,-0.0266037712895866,"tight_session+may_session+may_session_hour",0.314805031008034,39.4248249334594,39.3854954105637,39.3765093343895,39.2054614485981,39.2054614485981,39.2054614485981,39.8151778343347,39.631630784101,39.9491814892976,39.5196824239248,39.4701267865321,39.6242370605469,0,0,0,0,0,0,0.05,0.05,0.9,0,0,0
"all_measured_520_analysis_set","within_cow_random5",4,"StrictHierarchicalEBResidualXGB",262,"C017","stable_hot","S01","measurement_group_1","measurement_status_1",36,32.9,21,39.3,39.4263895747674,-0.126389574767408,"tight_session+may_session+may_session_hour",0.314805031008034,39.4248249334594,39.3854954105637,39.3765093343895,39.2054614485981,39.2054614485981,39.0027307242991,39.3990842217175,39.3670706734073,39.4312020333457,39.5327035045003,39.4130679939709,39.5275917053223,0,0,0,0,0,0,0.05,0.05,0.9,0,0,0
"all_measured_520_analysis_set","within_cow_random5",4,"StrictHierarchicalEBResidualXGB",273,"C020","stable_hot","S01","measurement_group_1","measurement_status_1",36.6,35,15,39.1,39.1647014596606,-0.0647014596606041,"tight_session+may_session+may_session_hour",0.314805031008034,39.4875908284356,39.3920493814725,39.3681640197317,39.2054614485981,39.2054614485981,39.7027307242991,39.20220199774,39.191441931787,39.1611325146492,39.2465240177501,39.3431141171235,39.3041687011719,0,0,0,0,0,0,0.05,0.05,0.9,0,0,0
"all_measured_520_analysis_set","within_cow_random5",4,"StrictHierarchicalEBResidualXGB",275,"C020","stable_hot","S01","measurement_group_1","measurement_status_1",37.1,35.5,19,40.2,40.1926874910991,0.00731250890085988,"tight_session+may_session+may_session_hour",0.314805031008034,39.4897624334594,39.4284523069659,39.4439272790379,39.2054614485981,39.2054614485981,39.401820482866,40.0412712476866,39.6809111592061,40.2295315230606,39.4581735311058,39.4424110851982,39.4717216491699,0,0,0,0,0,0,0.05,0.05,0.9,0,0,0
"all_measured_520_analysis_set","within_cow_random5",4,"StrictHierarchicalEBResidualXGB",277,"C020","stable_hot","S01","measurement_group_1","measurement_status_1",35,33.2,21,39.6,39.5418986940205,0.0581013059794699,"tight_session+may_session+may_session_hour",0.314805031008034,39.5736007051498,39.5032120883205,39.4717919182126,39.2054614485981,39.2054614485981,39.2054614485981,39.5295090200395,39.4459460548092,39.5479177114201,39.5168740692449,39.5339817587026,39.6197662353516,0,0,0,0,0,0,0.05,0.05,0.9,0,0,0
"all_measured_520_analysis_set","within_cow_random5",4,"StrictHierarchicalEBResidualXGB",284,"C009","stable_hot","S01","measurement_group_1","measurement_status_1",32.1,23.6,1,40.4,40.4333241948298,-0.0333241948297811,"tight_session+may_session+may_session_hour",0.314805031008034,39.6667802022112,39.5889234448235,39.5694592554766,39.2054614485981,39.2054614485981,39.2054614485981,40.2237413565309,39.9741970735286,40.4704747481409,39.8483322497872,39.6879367808264,39.914192199707,0,0,0,0,0,0,0.05,0.05,0.9,0,0,0
"all_measured_520_analysis_set","within_cow_random5",4,"StrictHierarchicalEBResidualXGB",291,"C009","stable_hot","S01","measurement_group_1","measurement_status_1",33.4,26.5,23,40.8,40.4347511515649,0.365248848435087,"tight_session+may_session+may_session_hour",0.314805031008034,39.6667802022112,39.6269235813846,39.6169594261779,39.2054614485981,39.2054614485981,39.2054614485981,40.2237413565309,40.0027362082313,40.4704747481409,40.0257445423222,39.7445851320256,39.8870277404785,0,0,0,0,0,0,0.05,0.05,0.9,0,0,0
"all_measured_520_analysis_set","within_cow_random5",4,"StrictHierarchicalEBResidualXGB",300,"C012","stable_hot","S01","measurement_group_1","measurement_status_1",37.7,36.2,19,39.5,39.4655072550886,0.0344927449114323,"tight_session+may_session+may_session_hour",0.314805031008034,39.7868653964737,39.6658149525089,39.6316064287973,39.2054614485981,38.8310455607477,38.9527307242991,39.4637508883842,39.3699189034861,39.4709152949945,39.7791380604452,39.7422484844488,39.8442649841309,0,0,0,0,0,0,0.05,0.05,0.9,0,0,0
"all_measured_520_analysis_set","within_cow_random5",4,"StrictHierarchicalEBResidualXGB",302,"C012","stable_hot","S01","measurement_group_1","measurement_status_1",36.8,35,21,40,39.63415834174,0.365841658259995,"tight_session+may_session+may_session_hour",0.314805031008034,39.6989082667927,39.6055926327859,39.592453778834,39.2054614485981,39.2054614485981,39.2054614485981,39.5801595274908,39.4442328302289,39.6477096931711,39.8316311497079,39.6800036748205,39.8916015625,0,0,0,0,0,0,0.05,0.05,0.9,0,0,0
"all_measured_520_analysis_set","within_cow_random5",4,"StrictHierarchicalEBResidualXGB",307,"C006","stable_hot","S01","measurement_group_1","measurement_status_1",35.1,31.4,13,38.5,39.4552915314246,-0.955291531424621,"tight_session+may_session+may_session_hour",0.314805031008034,39.1071249168242,39.0919406670829,39.1054329540847,39.2054614485981,39.2054614485981,39.2054614485981,39.3185138148608,39.1146098331123,39.4818170544733,39.0304499217745,39.0564353834589,39.105110168457,0,0,0,0,0,0,0.05,0.05,0.9,0,0,0
"all_measured_520_analysis_set","within_cow_random5",4,"StrictHierarchicalEBResidualXGB",310,"C006","stable_hot","S01","measurement_group_1","measurement_status_1",37.4,36.1,15,38.5,38.6913600979431,-0.191360097943075,"tight_session+may_session+may_session_hour",0.314805031008034,39.2105817455921,39.1705009026732,39.1611420510429,39.2054614485981,39.2054614485981,38.6027307242991,38.8456187039559,38.8154056848122,38.6758987538941,38.9437075175757,39.1027326194848,39.0093002319336,0,0,0,0,0,0,0.05,0.05,0.9,0,0,0
"all_measured_520_analysis_set","within_cow_random5",4,"StrictHierarchicalEBResidualXGB",319,"C006","stable_hot","S01","measurement_group_1","measurement_status_1",32.8,27.7,24,40,39.5563164140381,0.443683585961907,"tight_session+may_session+may_session_hour",0.314805031008034,39.2146968688779,39.2653814794296,39.2780526320676,39.2054614485981,39.2054614485981,39.2054614485981,39.5181258651769,39.6288904653374,39.5544062194582,39.5231903013531,39.3173477256471,39.4899406433105,0,0,0,0,0,0,0.05,0.05,0.9,0,0,0
"all_measured_520_analysis_set","within_cow_random5",4,"StrictHierarchicalEBResidualXGB",327,"C015","stable_hot","S01","measurement_group_1","measurement_status_1",36.5,34.8,15,38.2,38.2547493712354,-0.0547493712354168,"tight_session+may_session+may_session_hour",0.314805031008034,38.6211166001261,38.7007521703404,38.7418354924437,39.2054614485981,39.2054614485981,39.2054614485981,38.4208443792305,38.6835594797559,38.2216990869846,38.5474421140285,38.5867178380054,38.4099807739258,0,0,0,0,0,0,0.05,0.05,0.9,0,0,0
"all_measured_520_analysis_set","within_cow_random5",4,"StrictHierarchicalEBResidualXGB",329,"C015","stable_hot","S01","measurement_group_1","measurement_status_1",35.8,33.3,18,39.2,39.7731366502806,-0.573136650280553,"tight_session+may_session+may_session_hour",0.314805031008034,38.7528686062134,38.8358219856334,38.8565603304884,39.2054614485981,39.2054614485981,39.4527307242991,39.5394855410043,39.4408315309436,39.8045786629813,38.7196342769017,38.7485930094433,38.5954971313477,0,0,0,0,0,0,0.05,0.05,0.9,0,0,0
"all_measured_520_analysis_set","within_cow_random5",4,"StrictHierarchicalEBResidualXGB",331,"C015","stable_hot","S01","measurement_group_1","measurement_status_1",35.5,33.1,19,39,39.7720523951178,-0.772052395117832,"tight_session+may_session+may_session_hour",0.314805031008034,38.7086166001261,38.6351994821083,38.7154897790379,39.2054614485981,38.6828974125995,38.8527307242991,39.5394855410043,39.4191464276891,39.8045786629813,38.7989743215529,38.5528349154841,38.6055335998535,0,0,0,0,0,0,0.05,0.05,0.9,0,0,0
"all_measured_520_analysis_set","within_cow_random5",4,"StrictHierarchicalEBResidualXGB",338,"C007","stable_hot","S01","measurement_group_1","measurement_status_1",35.7,29,1,40.1,39.2628458481012,0.837154151898787,"tight_session+may_session+may_session_hour",0.314805031008034,39.468424161769,39.4302386124698,39.420692225145,39.2054614485981,39.2054614485981,39.2054614485981,39.2968359431165,39.3717085548092,39.2549095813388,39.5000838809163,39.4408350228411,39.5767707824707,0,0,0,0,0,0,0.05,0.05,0.9,0,0,0
"all_measured_520_analysis_set","within_cow_random5",4,"StrictHierarchicalEBResidualXGB",342,"C007","stable_hot","S01","measurement_group_1","measurement_status_1",37.4,33.3,13,40,39.7069615506976,0.293038449302443,"tight_session+may_session+may_session_hour",0.314805031008034,39.2989499334594,39.2462849986232,39.2603556944639,39.2054614485981,39.2054614485981,38.9027307242991,39.57410824774,39.3904517882405,39.7319261654428,39.2718358601586,39.2250346575356,39.3208656311035,0,0,0,0,0,0,0.05,0.05,0.9,0,0,0
"all_measured_520_analysis_set","within_cow_random5",4,"StrictHierarchicalEBResidualXGB",344,"C007","stable_hot","S01","measurement_group_1","measurement_status_1",39.2,37.2,14,39.9,39.7092053057607,0.190794694239315,"tight_session+may_session+may_session_hour",0.314805031008034,39.4389499334594,39.3553759077141,39.3392193308276,39.2054614485981,39.2054614485981,39.2054614485981,39.57410824774,39.435326889503,39.7319261654428,39.2002535962487,39.3218344891021,39.3189659118652,0,0,0,0,0,0,0.05,0.05,0.9,0,0,0
"all_measured_520_analysis_set","within_cow_random5",4,"StrictHierarchicalEBResidualXGB",345,"C007","stable_hot","S01","measurement_group_1","measurement_status_1",38.3,35.7,15,39.7,38.7574168838041,0.942583116195898,"tight_session+may_session+may_session_hour",0.314805031008034,39.5089499334594,39.4085577258959,39.3769466035548,39.2054614485981,39.2054614485981,39.4527307242991,38.8453358923008,38.7770273271255,38.7514430253698,39.2115403702081,39.3349013680711,39.1990394592285,0,0,0,0,0,0,0.05,0.05,0.9,0,0,0
"all_measured_520_analysis_set","within_cow_random5",4,"StrictHierarchicalEBResidualXGB",359,"C013","stable_hot","S01","measurement_group_1","measurement_status_1",35.2,30.9,13,38.6,38.7506730872697,-0.150673087269659,"tight_session+may_session+may_session_hour",0.314805031008034,38.9889557220954,38.9958685691276,38.9975967808857,39.2054614485981,39.2054614485981,39.2054614485981,38.9049589139141,38.9555047212537,38.7307221172347,38.6981575155998,38.9666412341216,38.8758735656738,0,0,0,0,0,0,0.05,0.05,0.9,0,0,0
"all_measured_520_analysis_set","within_cow_random5",4,"StrictHierarchicalEBResidualXGB",362,"C013","stable_hot","S01","measurement_group_1","measurement_status_1",34.5,29.7,21,39.2,39.1147460331139,0.0852539668861141,"tight_session+may_session+may_session_hour",0.314805031008034,38.9360481199087,38.9951545555404,38.9034688182886,39.2054614485981,39.3284729817061,39.1010922897196,39.1301424045705,39.1383812243353,39.1125776129651,38.9094857004401,39.0126951482407,39.0648956298828,0,0,0,0,0,0,0.05,0.05,0.9,0,0,0
"all_measured_520_analysis_set","within_cow_random5",4,"StrictHierarchicalEBResidualXGB",371,"C024","stable_hot","S01","measurement_group_1","measurement_status_1",37.1,35.1,14,38.3,38.457102076594,-0.157102076594029,"tight_session+may_session+may_session_hour",0.314805031008034,38.7790332667927,38.8284731299363,38.857163775272,39.2054614485981,39.3495640792662,38.9351538161994,38.63548324774,38.825220639503,38.4267409802576,38.6867094473387,38.7122368977152,38.5606422424316,0,0,0,0,0,0,0.05,0.05,0.9,0,0,0
"all_measured_520_analysis_set","within_cow_random5",4,"StrictHierarchicalEBResidualXGB",379,"C024","stable_hot","S01","measurement_group_1","measurement_status_1",38.1,35.1,21,39.2,38.8811087466232,0.318891253376819,"tight_session+may_session+may_session_hour",0.314805031008034,39.0157534829276,39.0562329216538,39.0286965902795,39.2054614485981,39.2054614485981,39.201820482866,38.9267508883842,39.0266906696625,38.8704851874676,38.9580010584093,39.0752744598923,39.0462226867676,0,0,0,0,0,0,0.05,0.05,0.9,0,0,0
"all_measured_520_analysis_set","within_cow_random5",4,"StrictHierarchicalEBResidualXGB",382,"C024","stable_hot","S01","measurement_group_1","measurement_status_1",35.2,30.6,23,40.5,40.5041436427713,-0.00414364277126822,"tight_session+may_session+may_session_hour",0.314805031008034,38.8806463839912,38.9980165268086,39.0273590625129,39.2054614485981,39.2054614485981,39.2054614485981,40.1999873581442,39.98729610928,40.5497549660001,39.2059047434925,39.1030523384712,39.1278228759766,0,0,0,0,0,0,0.05,0.05,0.9,0,0,0
"all_measured_520_analysis_set","within_cow_random5",4,"StrictHierarchicalEBResidualXGB",394,"C003","stable_cool","S01","measurement_group_1","measurement_status_1",32.9,6.4,15,38.5,38.4922904917327,0.00770950826731109,"may_session_hour+direct_xgb+tight_session",0.292482599342775,38.516271718992,38.5315049013956,38.5273153582603,38.6366745825034,38.6366745825034,38.5683372912517,38.5607318221216,38.4644166623715,38.5573294269088,38.4612704770454,38.5052900689555,38.4785537719727,0,0,0,0,0,0,0,0.7,0.3,0,0,0
"all_measured_520_analysis_set","within_cow_random5",4,"StrictHierarchicalEBResidualXGB",398,"C004","stable_cool","S01","measurement_group_1","measurement_status_1",30.9,3,20,37.7,37.7414583624992,-0.0414583624991494,"may_session_hour+direct_xgb+tight_session",0.292482599342775,37.6414262057684,37.8805898321365,37.9403807387285,38.6366745825034,38.6366745825034,38.6366745825034,37.6417221268308,37.8040646665596,37.5953769863581,37.6138198971205,37.8778111967762,37.8444442749023,0,0,0,0,0,0,0,0.7,0.3,0,0,0
"all_measured_520_analysis_set","within_cow_random5",4,"StrictHierarchicalEBResidualXGB",402,"C005","stable_hot","S01","measurement_group_1","measurement_status_1",31.1,21,0,37.8,37.8371163159432,-0.037116315943166,"tight_session+may_session+may_session_hour",0.314805031008034,37.8956374334594,38.1443895582563,38.2098379565053,39.2054614485981,39.2054614485981,39.2054614485981,38.0272397892703,38.0642750411042,37.8139339715827,38.0565792422939,38.1104031164652,37.9188232421875,0,0,0,0,0,0,0.05,0.05,0.9,0,0,0
"all_measured_520_analysis_set","within_cow_random5",4,"StrictHierarchicalEBResidualXGB",406,"C006","stable_hot","S01","measurement_group_1","measurement_status_1",33.4,30.1,23,39.5,39.5536293605235,-0.0536293605234661,"tight_session+may_session+may_session_hour",0.314805031008034,39.2821249168242,39.3182360952472,39.3164272392901,39.2054614485981,39.2054614485981,39.2684871495327,39.5181258651769,39.575149395045,39.5544062194582,39.4791833498066,39.3297751465564,39.3204383850098,0,0,0,0,0,0,0.05,0.05,0.9,0,0,0
"all_measured_520_analysis_set","within_cow_random5",4,"StrictHierarchicalEBResidualXGB",408,"C006","stable_hot","S01","measurement_group_1","measurement_status_1",34.6,33,11,39.4,39.4544506259291,-0.0544506259290998,"tight_session+may_session+may_session_hour",0.314805031008034,39.2146968688779,39.2003814794296,39.1968026320676,39.2054614485981,39.2054614485981,39.2054614485981,39.3185138148608,39.0977917232018,39.4818170544733,39.0759392534286,39.1591819182211,39.1661949157715,0,0,0,0,0,0,0.05,0.05,0.9,0,0,0
"all_measured_520_analysis_set","within_cow_random5",4,"StrictHierarchicalEBResidualXGB",410,"C008","stable_cool","S01","measurement_group_1","measurement_status_1",34.2,6,2,38.2,38.228589358361,-0.0285893583609891,"may_session_hour+direct_xgb+tight_session",0.292482599342775,38.1999401376569,38.2981458643995,38.3226972960852,38.6366745825034,38.6366745825034,38.6366745825034,38.1999354232296,38.249553072949,38.1796740243222,38.3423690077016,38.313977224993,38.2651634216309,0,0,0,0,0,0,0,0.7,0.3,0,0,0
"all_measured_520_analysis_set","within_cow_random5",4,"StrictHierarchicalEBResidualXGB",412,"C008","stable_cool","S01","measurement_group_1","measurement_status_1",30.1,7.6,9,38.1,38.1538732352258,-0.0538732352257654,"may_session_hour+direct_xgb+tight_session",0.292482599342775,38.1999401376569,38.3188232065468,38.3485439737693,38.6366745825034,38.6366745825034,38.6366745825034,38.1999354232296,38.1428157541844,38.1796740243222,38.2195419055759,38.3006321427702,38.2181282043457,0,0,0,0,0,0,0,0.7,0.3,0,0,0
"all_measured_520_analysis_set","within_cow_random5",4,"StrictHierarchicalEBResidualXGB",416,"C009","stable_hot","S01","measurement_group_1","measurement_status_1",34.8,27.3,22,40.4,40.4353752621398,-0.0353752621398513,"tight_session+may_session+may_session_hour",0.314805031008034,39.6667802022112,39.6135583083816,39.6002528349242,39.2054614485981,39.2054614485981,39.2027307242991,40.2237413565309,40.0152184197301,40.4704747481409,39.9208333202936,39.6780512269325,39.8528518676758,0,0,0,0,0,0,0.05,0.05,0.9,0,0,0
"all_measured_520_analysis_set","within_cow_random5",4,"StrictHierarchicalEBResidualXGB",418,"C009","stable_hot","S01","measurement_group_1","measurement_status_1",32.6,22,23,40.5,40.4347511515649,0.0652488484350897,"tight_session+may_session+may_session_hour",0.314805031008034,39.6667802022112,39.6269235813846,39.6169594261779,39.2054614485981,39.2054614485981,39.2054614485981,40.2237413565309,40.0027362082313,40.4704747481409,40.0796887735945,39.7588492387761,39.9614868164062,0,0,0,0,0,0,0.05,0.05,0.9,0,0,0
"all_measured_520_analysis_set","within_cow_random5",4,"StrictHierarchicalEBResidualXGB",427,"C011","stable_cool","S01","measurement_group_1","measurement_status_1",31.2,14.2,1,38.3,38.3037164689577,-0.00371646895766276,"may_session_hour+direct_xgb+tight_session",0.292482599342775,38.1863911960527,38.2914428203277,38.3177057263965,38.6366745825034,38.6366745825034,38.6366745825034,38.1855858928917,38.364108560602,38.1628015884543,38.2446381282251,38.3080113078378,38.2311592102051,0,0,0,0,0,0,0,0.7,0.3,0,0,0
"all_measured_520_analysis_set","within_cow_random5",4,"StrictHierarchicalEBResidualXGB",433,"C011","stable_cool","S01","measurement_group_1","measurement_status_1",30.8,20,15,38.1,38.1004201072792,-0.000420107279182957,"may_session_hour+direct_xgb+tight_session",0.292482599342775,38.1712727367435,38.2550837060049,38.2784662007093,38.6366745825034,38.6366745825034,38.6366745825034,38.1855858928917,38.0736851867756,38.1628015884543,38.0165855140248,38.233154559283,38.1377906799316,0,0,0,0,0,0,0,0.7,0.3,0,0,0
"all_measured_520_analysis_set","within_cow_random5",4,"StrictHierarchicalEBResidualXGB",440,"C013","stable_hot","S01","measurement_group_1","measurement_status_1",34,31.3,22,39.1,39.1157466733394,-0.0157466733393505,"tight_session+may_session+may_session_hour",0.314805031008034,38.9811545526954,39.0651692340461,39.0874266637516,39.2054614485981,39.2054614485981,39.2054614485981,39.1301424045705,39.1583940288445,39.1125776129651,39.0248330384894,39.075693516278,39.0405654907227,0,0,0,0,0,0,0.05,0.05,0.9,0,0,0
"all_measured_520_analysis_set","within_cow_random5",4,"StrictHierarchicalEBResidualXGB",450,"C016","stable_cool","S01","measurement_group_1","measurement_status_1",34.3,9.9,16,38.6,38.7123494473101,-0.112349447310081,"may_session_hour+direct_xgb+tight_session",0.292482599342775,38.7259745293861,38.7115754596915,38.7079756922679,38.6366745825034,38.6366745825034,38.6366745825034,38.7258206346757,38.7045657052494,38.7305115121184,38.6667378740505,38.7012499580186,38.7123756408691,0,0,0,0,0,0,0,0.7,0.3,0,0,0
"all_measured_520_analysis_set","within_cow_random5",4,"StrictHierarchicalEBResidualXGB",456,"C016","stable_cool","S01","measurement_group_1","measurement_status_1",31.1,4.5,9,38.8,38.844601374691,-0.0446013746909557,"may_session_hour+direct_xgb+tight_session",0.292482599342775,38.7214289867435,38.7360792221395,38.7260179165463,38.6366745825034,38.6366745825034,38.6683372912517,38.7258206346757,38.8934970300792,38.7305115121184,38.736037372318,38.7351700429233,38.7036056518555,0,0,0,0,0,0,0,0.7,0.3,0,0,0
"all_measured_520_analysis_set","within_cow_random5",4,"StrictHierarchicalEBResidualXGB",463,"C018","stable_cool","S01","measurement_group_1","measurement_status_1",34,6.3,15,38.8,38.7755812289327,0.0244187710673316,"may_session_hour+direct_xgb+tight_session",0.292482599342775,38.7938205826072,38.7528872791985,38.7424432913898,38.6366745825034,38.6366745825034,38.6366745825034,38.7921861157504,38.7652879282803,38.7995989304549,38.6720197913385,38.7470099217566,38.6927490234375,0,0,0,0,0,0,0,0.7,0.3,0,0,0
"all_measured_520_analysis_set","within_cow_random5",4,"StrictHierarchicalEBResidualXGB",466,"C019","stable_hot","S01","measurement_group_1","measurement_status_1",35.4,30.8,22,39.5,39.5005330218254,-0.000533021825425806,"tight_session+may_session+may_session_hour",0.314805031008034,39.4657359078539,39.4527228728958,39.4494696141562,39.2054614485981,38.8310455607477,39.501820482866,39.4903980672235,39.5385452816802,39.4989842826447,39.6735840850116,39.4833336410202,39.5819358825684,0,0,0,0,0,0,0.05,0.05,0.9,0,0,0
"all_measured_520_analysis_set","within_cow_random5",4,"StrictHierarchicalEBResidualXGB",473,"C021","stable_cool","S01","measurement_group_1","measurement_status_1",27.2,10.1,1,38.3,38.3241194886144,-0.0241194886143745,"may_session_hour+direct_xgb+tight_session",0.292482599342775,38.2784602367435,38.3650327808705,38.3859416067912,38.6366745825034,38.6366745825034,38.6366745825034,38.2731915266945,38.3538009878106,38.2548626571566,38.4040035729061,38.3854374493953,38.3313255310059,0,0,0,0,0,0,0,0.7,0.3,0,0,0
"all_measured_520_analysis_set","within_cow_random5",4,"StrictHierarchicalEBResidualXGB",475,"C021","stable_cool","S01","measurement_group_1","measurement_status_1",31.6,12.8,13,38.2,38.2383779602371,-0.0383779602371206,"may_session_hour+direct_xgb+tight_session",0.292482599342775,38.253201661158,38.295483680646,38.3093792893404,38.6366745825034,38.6366745825034,38.6366745825034,38.2731915266945,38.2313130901288,38.2548626571566,38.2065725676202,38.2715262679561,38.2069702148438,0,0,0,0,0,0,0,0.7,0.3,0,0,0
"all_measured_520_analysis_set","within_cow_random5",4,"StrictHierarchicalEBResidualXGB",488,"C025","stable_cool","S01","measurement_group_1","measurement_status_1",31.5,15.8,12,39.4,39.3864865444028,0.0135134555972058,"may_session_hour+direct_xgb+tight_session",0.292482599342775,39.398701747564,39.2123534448009,39.1657663691102,38.6366745825034,38.6366745825034,38.6366745825034,39.3980517667199,39.3662200703519,39.4337749838549,39.2667700231899,39.191610225619,39.3010444641113,0,0,0,0,0,0,0,0.7,0.3,0,0,0
"all_measured_520_analysis_set","within_cow_random5",4,"StrictHierarchicalEBResidualXGB",490,"C025","stable_cool","S01","measurement_group_1","measurement_status_1",31.6,20.5,18,39.3,39.2331886460043,0.0668113539956607,"may_session_hour+direct_xgb+tight_session",0.292482599342775,39.398701747564,39.2809557201185,39.2515192132571,38.6366745825034,38.6366745825034,38.6366745825034,39.3980517667199,39.1472230726398,39.4337749838549,39.3717197162061,39.278686978047,39.4324035644531,0,0,0,0,0,0,0,0.7,0.3,0,0,0
"all_measured_520_analysis_set","within_cow_random5",4,"StrictHierarchicalEBResidualXGB",497,"C026","stable_cool","S01","measurement_group_1","measurement_status_1",32.5,14.4,16,38.7,38.6907759224381,0.00922407756187482,"may_session_hour+direct_xgb+tight_session",0.292482599342775,38.6846685123977,38.6785306461009,38.6769961795266,38.6366745825034,38.6366745825034,38.6366745825034,38.6843547723282,38.6925866783489,38.6865508253129,38.5725081791075,38.68526474534,38.7171096801758,0,0,0,0,0,0,0,0.7,0.3,0,0,0
"all_measured_520_analysis_set","within_cow_random5",4,"StrictHierarchicalEBResidualXGB",517,"C029","stable_cool","S01","measurement_group_1","measurement_status_1",36.1,8.8,14,38.3,38.3362165313574,-0.0362165313573684,"may_session_hour+direct_xgb+tight_session",0.292482599342775,38.378557518308,38.4124043914577,38.4195259546394,38.6366745825034,38.6366745825034,38.8183372912517,38.3701224038391,38.3269607454398,38.3578133651649,38.3229690941771,38.386935086464,38.2843170166016,0,0,0,0,0,0,0,0.7,0.3,0,0,0
"all_measured_520_analysis_set","within_cow_random5",5,"StrictHierarchicalEBResidualXGB",1,"C021","stable_cool","S01","measurement_group_1","measurement_status_1",30,13.1,11,38.3,38.33475431827,-0.0347543182700107,"may_session_hour+direct_xgb+eb_exact",0.264178662680774,38.264291060586,38.3327593640503,38.3486590897091,38.6390624282025,38.6390624282025,38.6390624282025,38.2572238996838,38.3494505948202,38.2408751932043,38.2765448581111,38.3143951692697,38.2450675964355,0.0499999999999999,0,0,0,0,0,0,0.85,0,0,0,0.1
"all_measured_520_analysis_set","within_cow_random5",5,"StrictHierarchicalEBResidualXGB",17,"C003","stable_cool","S01","measurement_group_1","measurement_status_1",33.9,11.2,15,38.3,38.5075601500531,-0.207560150053148,"may_session_hour+direct_xgb+eb_exact",0.264178662680774,38.5441072640103,38.5565185869455,38.5634383924494,38.3611177857001,38.3930518510089,38.3347656070506,38.5676446039589,38.503792819953,38.5644605044969,38.5347863255935,38.5163134100258,38.5213088989258,0.0499999999999999,0,0,0,0,0,0,0.85,0,0,0,0.1
"all_measured_520_analysis_set","within_cow_random5",5,"StrictHierarchicalEBResidualXGB",20,"C003","stable_cool","S01","measurement_group_1","measurement_status_1",32,6,21,38.6,38.823289416481,-0.223289416481016,"may_session_hour+direct_xgb+eb_exact",0.264178662680774,38.5678573292465,38.6159862776062,38.6280185146961,38.6390624282025,38.6390624282025,38.6390624282025,38.5676446039589,38.8531075026932,38.5644605044969,38.7072870958547,38.650242266502,38.6975517272949,0.0499999999999999,0,0,0,0,0,0,0.85,0,0,0,0.1
"all_measured_520_analysis_set","within_cow_random5",5,"StrictHierarchicalEBResidualXGB",26,"C002","stable_cool","S01","measurement_group_1","measurement_status_1",36.2,6.8,12,39.3,38.9393828127088,0.360617187291247,"may_session_hour+direct_xgb+eb_exact",0.264178662680774,39.0162947933666,38.9055412840303,38.8944963312816,38.6390624282025,38.6390624282025,38.6390624282025,39.1201603276569,38.9300702664504,39.1447924062162,39.0744434716476,38.9009606000241,38.9800834655762,0.0499999999999999,0,0,0,0,0,0,0.85,0,0,0,0.1
"all_measured_520_analysis_set","within_cow_random5",5,"StrictHierarchicalEBResidualXGB",28,"C002","stable_cool","S01","measurement_group_1","measurement_status_1",33.9,9.3,13,38.8,38.9480898805798,-0.148089880579846,"may_session_hour+direct_xgb+eb_exact",0.264178662680774,39.1142947933666,38.9958067556132,38.9670781707602,38.6390624282025,38.6390624282025,38.5695312141013,39.1201603276569,38.9300702664504,39.1447924062162,39.0305113617755,38.991226071607,39.0181541442871,0.0499999999999999,0,0,0,0,0,0,0.85,0,0,0,0.1
"all_measured_520_analysis_set","within_cow_random5",5,"StrictHierarchicalEBResidualXGB",41,"C029","stable_cool","S01","measurement_group_1","measurement_status_1",33.6,8.8,14,38.5,38.2887477087413,0.211252291258717,"may_session_hour+direct_xgb+eb_exact",0.264178662680774,38.33102445972,38.3859885098718,38.4016685511422,38.6390624282025,38.6101272962007,38.6130208094008,38.3429977895545,38.2846606784678,38.3293165745845,38.2474254946026,38.3464597599886,38.3023490905762,0.0499999999999999,0,0,0,0,0,0,0.85,0,0,0,0.1
"all_measured_520_analysis_set","within_cow_random5",5,"StrictHierarchicalEBResidualXGB",45,"C029","stable_cool","S01","measurement_group_1","measurement_status_1",32.1,5.4,22,38.4,38.6480884176146,-0.248088417614575,"may_session_hour+direct_xgb+eb_exact",0.264178662680774,38.3430895273889,38.3987671810932,38.4126865945193,38.6390624282025,38.6390624282025,38.6390624282025,38.3429977895545,38.689152648449,38.3293165745845,38.5415769233864,38.420192562396,38.4515419006348,0.0499999999999999,0,0,0,0,0,0,0.85,0,0,0,0.1
"all_measured_520_analysis_set","within_cow_random5",5,"StrictHierarchicalEBResidualXGB",47,"C001","stable_cool","S01","measurement_group_1","measurement_status_1",29.8,5.4,0,38,38.409155693552,-0.409155693551952,"may_session_hour+direct_xgb+eb_exact",0.264178662680774,38.3068118229239,38.3762868890571,38.3936556555903,38.6390624282025,38.6390624282025,38.6390624282025,38.307611642779,38.4361319427717,38.2944444985222,38.3023766209214,38.3662739010559,38.231029510498,0.0499999999999999,0,0,0,0,0,0,0.85,0,0,0,0.1
"all_measured_520_analysis_set","within_cow_random5",5,"StrictHierarchicalEBResidualXGB",60,"C001","stable_cool","S01","measurement_group_1","measurement_status_1",30.5,5.5,23,38.1,38.2485175116558,-0.148517511655776,"may_session_hour+direct_xgb+eb_exact",0.264178662680774,38.3068118229239,38.3711726939592,38.387262911718,38.6390624282025,38.6101272962007,38.6195312141013,38.307611642779,38.2344855393805,38.2944444985222,38.5939140420567,38.3868518727186,38.3386421203613,0.0499999999999999,0,0,0,0,0,0,0.85,0,0,0,0.1
"all_measured_520_analysis_set","within_cow_random5",5,"StrictHierarchicalEBResidualXGB",62,"C027","stable_cool","S01","measurement_group_1","measurement_status_1",30.9,6.1,11,41.5,39.0612024919,2.43879750809997,"may_session_hour+direct_xgb+eb_exact",0.264178662680774,38.7820349282073,38.7473112577462,38.7414269854107,38.6390624282025,38.7334773829238,38.3195312141013,38.7990988975877,39.1109950248523,38.806730008043,38.7179113521427,38.7569281114155,38.7775497436523,0.0499999999999999,0,0,0,0,0,0,0.85,0,0,0,0.1
"all_measured_520_analysis_set","within_cow_random5",5,"StrictHierarchicalEBResidualXGB",66,"C027","stable_cool","S01","measurement_group_1","measurement_status_1",32.8,9.3,13,38.5,38.6155767291593,-0.115576729159294,"may_session_hour+direct_xgb+eb_exact",0.264178662680774,38.7715941191628,38.7219645458379,38.7140317849543,38.6390624282025,38.2397569258303,38.2796874760675,38.7990988975877,38.5966949806215,38.806730008043,38.7030255939616,38.7190829979361,38.6980628967285,0.0499999999999999,0,0,0,0,0,0,0.85,0,0,0,0.1
"all_measured_520_analysis_set","within_cow_random5",5,"StrictHierarchicalEBResidualXGB",78,"C026","stable_cool","S01","measurement_group_1","measurement_status_1",30.6,5.4,22,38.9,38.6718908944537,0.228109105546302,"may_session_hour+direct_xgb+eb_exact",0.264178662680774,38.6798358346933,38.6680522037961,38.6638460357401,38.1399305502372,38.2397569258303,38.3695312141013,38.6716992083258,38.6608946065709,38.6732519408128,38.79281518624,38.6804770481132,38.7613868713379,0.0499999999999999,0,0,0,0,0,0,0.85,0,0,0,0.1
"all_measured_520_analysis_set","within_cow_random5",5,"StrictHierarchicalEBResidualXGB",80,"C016","stable_cool","S01","measurement_group_1","measurement_status_1",28.7,5.4,0,38.9,38.6786783329575,0.221321667042496,"may_session_hour+direct_xgb+eb_exact",0.264178662680774,38.6716243939194,38.6680509591683,38.6661902502733,38.6390624282025,38.6390624282025,38.4695312141013,38.6653226651159,38.6860640476848,38.6665999908496,38.5911467447651,38.666259319682,38.6194267272949,0.0499999999999999,0,0,0,0,0,0,0.85,0,0,0,0.1
"all_measured_520_analysis_set","within_cow_random5",5,"StrictHierarchicalEBResidualXGB",92,"C022","stable_cool","S01","measurement_group_1","measurement_status_1",29.7,6.9,12,38.1,38.7223088431307,-0.622308843130703,"may_session_hour+direct_xgb+eb_exact",0.264178662680774,38.5134993939194,38.501260395602,38.4918426708154,38.6390624282025,38.6390624282025,38.6390624282025,38.4740263688196,38.7738772678047,38.4670414919534,38.2724814284418,38.4929973785511,38.3883819580078,0.0499999999999999,0,0,0,0,0,0,0.85,0,0,0,0.1
"all_measured_520_analysis_set","within_cow_random5",5,"StrictHierarchicalEBResidualXGB",98,"C022","stable_cool","S01","measurement_group_1","measurement_status_1",33.3,11.2,15,38,38.7352956290194,-0.735295629019383,"may_session_hour+direct_xgb+eb_exact",0.264178662680774,38.6534993939194,38.6411278508748,38.6091769899063,38.6390624282025,38.6390624282025,38.3347656070506,38.4740263688196,38.7738772678047,38.4670414919534,38.3934355159714,38.6387159056175,38.4482498168945,0.0499999999999999,0,0,0,0,0,0,0.85,0,0,0,0.1
"all_measured_520_analysis_set","within_cow_random5",5,"StrictHierarchicalEBResidualXGB",103,"C014","stable_cool","S01","measurement_group_1","measurement_status_1",28.2,5.4,0,38.5,38.4057956818026,0.0942043181973986,"may_session_hour+direct_xgb+eb_exact",0.264178662680774,38.3014386592962,38.3719883581549,38.3896257828696,38.6390624282025,38.6390624282025,38.6390624282025,38.301859702153,38.4323931813648,38.2874388429467,38.2432642651944,38.3642321016565,38.2318954467773,0.0499999999999999,0,0,0,0,0,0,0.85,0,0,0,0.1
"all_measured_520_analysis_set","within_cow_random5",5,"StrictHierarchicalEBResidualXGB",115,"C014","stable_cool","S01","measurement_group_1","measurement_status_1",31,5.5,23,38.4,38.582124120012,-0.182124120012006,"may_session_hour+direct_xgb+eb_exact",0.264178662680774,38.3014386592962,38.366874163057,38.3832330389972,38.6390624282025,38.6390624282025,38.6390624282025,38.301859702153,38.621712756533,38.2874388429467,38.5870930147284,38.3979581995115,38.3859634399414,0.0499999999999999,0,0,0,0,0,0,0.85,0,0,0,0.1
"all_measured_520_analysis_set","within_cow_random5",5,"StrictHierarchicalEBResidualXGB",121,"C023","stable_cool","S01","measurement_group_1","measurement_status_1",32.8,9.3,13,38.8,38.9197731631865,-0.119773163186515,"may_session_hour+direct_xgb+eb_exact",0.264178662680774,38.9796188869646,38.8884289421227,38.8706076363475,38.6390624282025,38.2397569258303,38.2796874760675,39.0101307535434,38.9216562401946,39.027622790688,38.8929850966471,38.8825107932177,38.8738441467285,0.0499999999999999,0,0,0,0,0,0,0.85,0,0,0,0.1
"all_measured_520_analysis_set","within_cow_random5",5,"StrictHierarchicalEBResidualXGB",124,"C023","stable_cool","S01","measurement_group_1","measurement_status_1",32.4,11.2,15,39.1,38.9244208562425,0.175579143757496,"may_session_hour+direct_xgb+eb_exact",0.264178662680774,39.008729974647,38.9279039232773,38.9079950232069,38.6390624282025,38.6390624282025,38.6390624282025,39.0101307535434,38.9216562401946,39.027622790688,38.9344209233043,38.9307419029777,38.9057655334473,0.0499999999999999,0,0,0,0,0,0,0.85,0,0,0,0.1
"all_measured_520_analysis_set","within_cow_random5",5,"StrictHierarchicalEBResidualXGB",134,"C011","stable_cool","S01","measurement_group_1","measurement_status_1",32.6,22,15,38.1,38.1019070641027,-0.00190706410270991,"may_session_hour+direct_xgb+eb_exact",0.264178662680774,38.2240202272527,38.3004854897637,38.3238297676841,38.6390624282025,38.2397569258303,38.6390624282025,38.2508473564739,38.0814543218702,38.2342232432411,38.0349346344417,38.2718736714352,38.2146987915039,0.0499999999999999,0,0,0,0,0,0,0.85,0,0,0,0.1
"all_measured_520_analysis_set","within_cow_random5",5,"StrictHierarchicalEBResidualXGB",145,"C004","stable_cool","S01","measurement_group_1","measurement_status_1",32.9,5.5,10,37.6,37.6960474403711,-0.0960474403711373,"may_session_hour+direct_xgb+eb_exact",0.264178662680774,37.6551638307945,37.8877927970601,37.9459500386265,38.6390624282025,38.6390624282025,38.4695312141013,37.6554423878924,37.6884433380381,37.60963363758,37.6650229916934,37.8615342166735,37.7811241149902,0.0499999999999999,0,0,0,0,0,0,0.85,0,0,0,0.1
"all_measured_520_analysis_set","within_cow_random5",5,"StrictHierarchicalEBResidualXGB",156,"C028","stable_hot","S01","measurement_group_1","measurement_status_1",39.9,38.3,21,40.3,40.2103355943754,0.0896644056245961,"tight_session+may_session+direct_xgb",0.301060605913019,40.1283187486944,39.9423409595752,39.8958465122953,39.2465640031756,39.2465640031756,39.2465640031756,40.0127717535323,39.6878508964115,40.231141097358,40.1894402415189,40.0041914514863,40.0924377441406,0,0,0,0,0,0,0,0,0.85,0,0,0.15
"all_measured_520_analysis_set","within_cow_random5",5,"StrictHierarchicalEBResidualXGB",162,"C028","stable_hot","S01","measurement_group_1","measurement_status_1",37.2,34.8,20,40.3,40.2611538789335,0.0388461210665128,"tight_session+may_session+direct_xgb",0.301060605913019,40.1233629676729,39.9444984668883,39.9005788064991,39.2465640031756,39.4342943711937,39.4232820015878,40.0914359981196,39.8240484715387,40.2815667205772,40.1486861255116,40.0661858418973,40.1454811096191,0,0,0,0,0,0,0,0,0.85,0,0,0.15
"all_measured_520_analysis_set","within_cow_random5",5,"StrictHierarchicalEBResidualXGB",163,"C028","stable_hot","S01","measurement_group_1","measurement_status_1",35.4,33.2,1,40.3,40.2810454270902,0.0189545729097773,"tight_session+may_session+direct_xgb",0.301060605913019,40.1283187486944,39.9694680378109,39.92975536009,39.2465640031756,39.2465640031756,39.2465640031756,40.0914359981196,39.9208862169783,40.2815667205772,40.2321517463337,40.0420125976473,40.2780914306641,0,0,0,0,0,0,0,0,0.85,0,0,0.15
"all_measured_520_analysis_set","within_cow_random5",5,"StrictHierarchicalEBResidualXGB",165,"C008","stable_cool","S01","measurement_group_1","measurement_status_1",31.2,4.6,14,38.2,38.2352925859784,-0.0352925859783895,"may_session_hour+direct_xgb+eb_exact",0.264178662680774,38.2000554716614,38.2810409613153,38.3012873337288,38.6390624282025,38.6390624282025,38.6390624282025,38.2000407258426,38.247786454955,38.1796795282767,37.9997765653631,38.2393713802299,38.1467132568359,0.0499999999999999,0,0,0,0,0,0,0.85,0,0,0,0.1
"all_measured_520_analysis_set","within_cow_random5",5,"StrictHierarchicalEBResidualXGB",167,"C008","stable_cool","S01","measurement_group_1","measurement_status_1",33.2,8.4,11,38.1,38.146430842173,-0.0464308421730166,"may_session_hour+direct_xgb+eb_exact",0.264178662680774,38.1825457641207,38.2677214744645,38.2918294621909,38.6390624282025,38.6390624282025,38.6390624282025,38.2000407258426,38.1378061759101,38.1796795282767,38.1225147695759,38.2387048791306,38.2016830444336,0.0499999999999999,0,0,0,0,0,0,0.85,0,0,0,0.1
"all_measured_520_analysis_set","within_cow_random5",5,"StrictHierarchicalEBResidualXGB",168,"C008","stable_cool","S01","measurement_group_1","measurement_status_1",36.6,9.3,11,38.1,38.1446257274269,-0.0446257274269257,"may_session_hour+direct_xgb+eb_exact",0.264178662680774,38.1825457641207,38.2677214744645,38.2918294621909,38.6390624282025,38.6390624282025,38.6390624282025,38.2000407258426,38.1378061759101,38.1796795282767,38.1819643840825,38.234980266835,38.1836318969727,0.0499999999999999,0,0,0,0,0,0,0.85,0,0,0,0.1
"all_measured_520_analysis_set","within_cow_random5",5,"StrictHierarchicalEBResidualXGB",181,"C030","stable_cool","S01","measurement_group_1","measurement_status_1",30.4,10.5,10,40.3,40.1869049193088,0.11309508069121,"may_session_hour+direct_xgb+eb_exact",0.264178662680774,40.1856869984197,39.9115762589293,39.8359040114579,38.6390624282025,38.6390624282025,38.6390624282025,40.1401723047899,40.1891967169441,40.2104680138837,40.158094991048,39.9996944097595,40.1680335998535,0.0499999999999999,0,0,0,0,0,0,0.85,0,0,0,0.1
"all_measured_520_analysis_set","within_cow_random5",5,"StrictHierarchicalEBResidualXGB",186,"C030","stable_cool","S01","measurement_group_1","measurement_status_1",32.2,3.5,20,40.2,40.0768150754144,0.12318492458563,"may_session_hour+direct_xgb+eb_exact",0.264178662680774,40.1412319422496,39.8353411159489,39.7588684093737,38.6390624282025,38.6390624282025,38.6390624282025,40.1401723047899,40.0547528247428,40.2104680138837,40.1649280103266,39.9265843606564,40.2321357727051,0.0499999999999999,0,0,0,0,0,0,0.85,0,0,0,0.1
"all_measured_520_analysis_set","within_cow_random5",5,"StrictHierarchicalEBResidualXGB",197,"C018","stable_cool","S01","measurement_group_1","measurement_status_1",34.9,13.7,18,38.8,38.7942895450361,0.00571045496391775,"may_session_hour+direct_xgb+eb_exact",0.264178662680774,38.7939157331609,38.8065606205965,38.8095144242678,38.6390624282025,38.6390624282025,38.6390624282025,38.7922914183633,38.7883993090293,38.7996044344093,38.9457156990212,38.8231668564732,38.8445434570312,0.0499999999999999,0,0,0,0,0,0,0.85,0,0,0,0.1
"all_measured_520_analysis_set","within_cow_random5",5,"StrictHierarchicalEBResidualXGB",206,"C025","stable_cool","S01","measurement_group_1","measurement_status_1",31.9,24.5,14,39.4,39.3650021677477,0.0349978322522944,"may_session_hour+direct_xgb+eb_exact",0.264178662680774,39.4082442739615,39.2473600268996,39.2045292322568,38.6390624282025,38.6390624282025,38.6390624282025,39.3913495901085,39.3678117142369,39.4266549141757,39.1031303531586,39.2221169904507,39.3194999694824,0.0499999999999999,0,0,0,0,0,0,0.85,0,0,0,0.1
"all_measured_520_analysis_set","within_cow_random5",5,"StrictHierarchicalEBResidualXGB",217,"C010","stable_hot","S01","measurement_group_1","measurement_status_1",39.6,36.7,12,38.7,38.672237880327,0.0277621196729854,"tight_session+may_session+direct_xgb",0.301060605913019,38.6560939116566,38.7179094633726,38.7368692207801,39.2465640031756,39.2465640031756,39.2465640031756,38.7702260722047,38.7832106845611,38.7040148427647,38.4771631325967,38.6381798169283,38.4921684265137,0,0,0,0,0,0,0,0,0.85,0,0,0.15
"all_measured_520_analysis_set","within_cow_random5",5,"StrictHierarchicalEBResidualXGB",223,"C010","stable_hot","S01","measurement_group_1","measurement_status_1",37.3,31.9,20,38.7,38.7106348189016,-0.0106348189016146,"tight_session+may_session+direct_xgb",0.301060605913019,38.6642742737732,38.7773514854234,38.80781195676,39.2465640031756,39.2465640031756,39.2465640031756,38.8212308975583,38.9984151561738,38.7067126283809,38.6888847849743,38.805027993254,38.7328605651855,0,0,0,0,0,0,0,0,0.85,0,0,0.15
"all_measured_520_analysis_set","within_cow_random5",5,"StrictHierarchicalEBResidualXGB",224,"C010","stable_hot","S01","measurement_group_1","measurement_status_1",38.7,32.6,22,38.7,38.815066409945,-0.11506640994503,"tight_session+may_session+direct_xgb",0.301060605913019,38.6779082106342,38.8493268878291,38.8921815571278,39.2465640031756,39.2465640031756,39.2465640031756,38.9173349537691,39.0938702824995,38.8052344332016,38.8717864889867,38.9052759275863,38.8707809448242,0,0,0,0,0,0,0,0,0.85,0,0,0.15
"all_measured_520_analysis_set","within_cow_random5",5,"StrictHierarchicalEBResidualXGB",232,"C019","stable_hot","S01","measurement_group_1","measurement_status_1",34.1,25,0,39.5,39.5087619328247,-0.00876193282468307,"tight_session+may_session+direct_xgb",0.301060605913019,39.4964202432147,39.4192397016614,39.3964134382009,39.2465640031756,39.2465640031756,39.2465640031756,39.4943224319128,39.2020784216945,39.4993628922334,39.6098719386411,39.45557467449,39.5620231628418,0,0,0,0,0,0,0,0,0.85,0,0,0.15
"all_measured_520_analysis_set","within_cow_random5",5,"StrictHierarchicalEBResidualXGB",235,"C019","stable_hot","S01","measurement_group_1","measurement_status_1",35.4,34,16,39.5,39.4669547217812,0.0330452782187578,"tight_session+may_session+direct_xgb",0.301060605913019,39.467603121351,39.4154581631016,39.4177913918735,39.2465640031756,39.3602202971196,39.3232820015878,39.4392622007827,39.4456524088463,39.496048550714,39.2393499528755,39.3758806975971,39.3020896911621,0,0,0,0,0,0,0,0,0.85,0,0,0.15
"all_measured_520_analysis_set","within_cow_random5",5,"StrictHierarchicalEBResidualXGB",241,"C005","stable_hot","S01","measurement_group_1","measurement_status_1",36,31.3,15,37.8,37.7876252398509,0.0123747601490862,"tight_session+may_session+direct_xgb",0.301060605913019,37.9367970995231,38.171568489257,38.2302613366905,39.2465640031756,39.2465640031756,39.2465640031756,37.9855136335181,38.3568568618335,37.782654620341,37.7293188845035,38.0759841339623,37.8157920837402,0,0,0,0,0,0,0,0,0.85,0,0,0.15
"all_measured_520_analysis_set","within_cow_random5",5,"StrictHierarchicalEBResidualXGB",245,"C005","stable_hot","S01","measurement_group_1","measurement_status_1",36.8,31.9,17,38,38.0071132731341,-0.00711327313412369,"tight_session+may_session+direct_xgb",0.301060605913019,37.8953576071065,38.1621864339483,38.2355535590829,39.2465640031756,39.2465640031756,39.2465640031756,38.3702928123025,38.599488345638,38.0303270760591,37.8609642267017,38.0826846635116,37.8755683898926,0,0,0,0,0,0,0,0,0.85,0,0,0.15
"all_measured_520_analysis_set","within_cow_random5",5,"StrictHierarchicalEBResidualXGB",254,"C017","stable_hot","S01","measurement_group_1","measurement_status_1",38.1,37.8,13,39.4,39.2095582123139,0.190441787686069,"tight_session+may_session+direct_xgb",0.301060605913019,39.4880710706759,39.4090481575264,39.3892924292391,39.2465640031756,39.2465640031756,39.2465640031756,39.2349526911588,39.1744177847339,39.2089008017543,39.2025965247177,39.3425272952451,39.2132835388184,0,0,0,0,0,0,0,0,0.85,0,0,0.15
"all_measured_520_analysis_set","within_cow_random5",5,"StrictHierarchicalEBResidualXGB",255,"C017","stable_hot","S01","measurement_group_1","measurement_status_1",36.1,33.9,14,39.2,38.9952720425808,0.204727957419166,"tight_session+may_session+direct_xgb",0.301060605913019,39.4880710706759,39.4082398400923,39.3882820324464,39.2465640031756,39.2465640031756,39.2465640031756,39.0631165314658,38.9509168454855,38.9400277724785,39.2644838832884,39.3980461112504,39.3083229064941,0,0,0,0,0,0,0,0,0.85,0,0,0.15
"all_measured_520_analysis_set","within_cow_random5",5,"StrictHierarchicalEBResidualXGB",258,"C017","stable_hot","S01","measurement_group_1","measurement_status_1",35.9,33,19,39.1,39.4314811353285,-0.331481135328517,"tight_session+may_session+direct_xgb",0.301060605913019,39.5076586333076,39.4462565671267,39.4277580494442,39.2465640031756,39.0792754898347,39.3866410007939,39.4131038111287,39.2961200397833,39.432904370205,39.5710550492889,39.4633458651216,39.4234161376953,0,0,0,0,0,0,0,0,0.85,0,0,0.15
"all_measured_520_analysis_set","within_cow_random5",5,"StrictHierarchicalEBResidualXGB",268,"C020","stable_hot","S01","measurement_group_1","measurement_status_1",32,27.4,1,39.6,39.5627543338326,0.0372456661673581,"tight_session+may_session+direct_xgb",0.301060605913019,39.4062415439675,39.3918062740294,39.3881974565449,39.2465640031756,39.2465640031756,39.2465640031756,39.5241095711048,39.5521240394186,39.5467014182067,39.6133668433629,39.5303073817221,39.6537208557129,0,0,0,0,0,0,0,0,0.85,0,0,0.15
"all_measured_520_analysis_set","within_cow_random5",5,"StrictHierarchicalEBResidualXGB",279,"C020","stable_hot","S01","measurement_group_1","measurement_status_1",37.3,35.6,21,40.4,40.0660885892464,0.333911410753608,"tight_session+may_session+direct_xgb",0.301060605913019,39.4273903369122,39.3812961045359,39.36637363329,39.2465640031756,39.2465640031756,39.2465640031756,39.9510325948314,39.9641211917605,40.1730401752221,39.4346995007967,39.407581941009,39.4600296020508,0,0,0,0,0,0,0,0,0.85,0,0,0.15
"all_measured_520_analysis_set","within_cow_random5",5,"StrictHierarchicalEBResidualXGB",283,"C020","stable_hot","S01","measurement_group_1","measurement_status_1",36.2,33.9,23,40.2,40.0882226071907,0.111777392809273,"tight_session+may_session+direct_xgb",0.301060605913019,39.4226492737732,39.4702453677459,39.4795074346632,39.2465640031756,39.2465640031756,39.2465640031756,39.9510325948314,39.7977256711023,40.1730401752221,39.6653383697128,39.5448872809215,39.6075897216797,0,0,0,0,0,0,0,0,0.85,0,0,0.15
"all_measured_520_analysis_set","within_cow_random5",5,"StrictHierarchicalEBResidualXGB",292,"C009","stable_hot","S01","measurement_group_1","measurement_status_1",34.6,29.6,24,40.6,40.4442094384366,0.155790561563379,"tight_session+may_session+direct_xgb",0.301060605913019,39.783185988412,39.7156328425367,39.6987445560679,39.2465640031756,39.2465640031756,39.2465640031756,40.3419467370556,40.1311112730536,40.5034702033078,40.1649487922011,39.7911865130623,40.1083984375,0,0,0,0,0,0,0,0,0.85,0,0,0.15
"all_measured_520_analysis_set","within_cow_random5",5,"StrictHierarchicalEBResidualXGB",299,"C012","stable_hot","S01","measurement_group_1","measurement_status_1",37.4,36,19,39.5,39.9247920311781,-0.424792031178121,"tight_session+may_session+direct_xgb",0.301060605913019,39.7972939116566,39.6779518005273,39.6448221422235,39.2465640031756,39.2465640031756,39.6488546677252,39.7207894992236,39.496115737045,39.9656384736057,39.84356704664,39.7090080258271,39.6933288574219,0,0,0,0,0,0,0,0,0.85,0,0,0.15
"all_measured_520_analysis_set","within_cow_random5",5,"StrictHierarchicalEBResidualXGB",301,"C012","stable_hot","S01","measurement_group_1","measurement_status_1",37.5,35.7,20,39.8,39.9236825264784,-0.123682526478419,"tight_session+may_session+direct_xgb",0.301060605913019,39.8112939116566,39.6942796136016,39.6025240840784,39.2465640031756,39.2465640031756,39.3732820015878,39.7207894992236,39.5430676589572,39.9656384736057,39.6885725895167,39.7228989514286,39.6859321594238,0,0,0,0,0,0,0,0,0.85,0,0,0.15
"all_measured_520_analysis_set","within_cow_random5",5,"StrictHierarchicalEBResidualXGB",312,"C006","stable_hot","S01","measurement_group_1","measurement_status_1",35.3,32.1,19,38.4,38.678784138398,-0.278784138398045,"tight_session+may_session+direct_xgb",0.301060605913019,39.1835745327277,39.1881284257519,39.1989342126237,39.2465640031756,39.2465640031756,39.2465640031756,38.9138050173941,38.9715758238558,38.5682881935399,39.3124896695547,39.1864886634407,39.3049278259277,0,0,0,0,0,0,0,0,0.85,0,0,0.15
"all_measured_520_analysis_set","within_cow_random5",5,"StrictHierarchicalEBResidualXGB",316,"C006","stable_hot","S01","measurement_group_1","measurement_status_1",34,29.9,22,39.4,39.6218613355814,-0.221861335581416,"tight_session+may_session+direct_xgb",0.301060605913019,39.3585745327277,39.3922192622697,39.3821727582709,39.2465640031756,39.2465640031756,38.8232820015878,39.6029727652389,39.6217842484672,39.6442898826808,39.4075841552045,39.4480318185663,39.4947662353516,0,0,0,0,0,0,0,0,0.85,0,0,0.15
"all_measured_520_analysis_set","within_cow_random5",5,"StrictHierarchicalEBResidualXGB",326,"C015","stable_hot","S01","measurement_group_1","measurement_status_1",36.9,35.6,14,38.2,38.2656396827182,-0.0656396827181567,"tight_session+may_session+direct_xgb",0.301060605913019,38.5959617737732,38.69544925643,38.7304107330183,39.2465640031756,39.2465640031756,38.9821880010585,38.4107260722047,38.7236811053517,38.2197137674959,38.4254348356047,38.6221910576323,38.5258865356445,0,0,0,0,0,0,0,0,0.85,0,0,0.15
"all_measured_520_analysis_set","within_cow_random5",5,"StrictHierarchicalEBResidualXGB",332,"C015","stable_hot","S01","measurement_group_1","measurement_status_1",35.6,33,20,39.7,39.0172702210719,0.682729778928106,"tight_session+may_session+direct_xgb",0.301060605913019,38.6587415439675,38.7727305310522,38.8012277778234,39.2465640031756,39.2465640031756,39.2465640031756,39.0586075584579,39.1245191696132,39.0874200028034,38.61413569404,38.752553842843,38.6197547912598,0,0,0,0,0,0,0,0,0.85,0,0,0.15
"all_measured_520_analysis_set","within_cow_random5",5,"StrictHierarchicalEBResidualXGB",333,"C015","stable_hot","S01","measurement_group_1","measurement_status_1",34.6,30.4,21,40,39.0318734544093,0.9681265455907,"tight_session+may_session+direct_xgb",0.301060605913019,38.6309617737732,38.7448522334981,38.7777894543534,39.2465640031756,38.9941691068559,38.9493128006351,39.0586075584579,39.0676441696132,39.0874200028034,38.7783074022778,38.7666295373875,38.7171096801758,0,0,0,0,0,0,0,0,0.85,0,0,0.15
"all_measured_520_analysis_set","within_cow_random5",5,"StrictHierarchicalEBResidualXGB",341,"C007","stable_hot","S01","measurement_group_1","measurement_status_1",36.5,31.7,13,38.5,39.1922330701356,-0.692233070135615,"tight_session+may_session+direct_xgb",0.301060605913019,39.7482549838555,39.6164324243849,39.5748945680577,39.2465640031756,39.2465640031756,39.2465640031756,39.178548972968,39.0825419991503,39.1447493426946,39.5578952000836,39.5970437896734,39.4613075256348,0,0,0,0,0,0,0,0,0.85,0,0,0.15
"all_measured_520_analysis_set","within_cow_random5",5,"StrictHierarchicalEBResidualXGB",348,"C007","stable_hot","S01","measurement_group_1","measurement_status_1",37.6,34.2,19,39.7,39.5274371470204,0.17256285297961,"tight_session+may_session+direct_xgb",0.301060605913019,39.6948545258855,39.5962931035123,39.571652747919,39.2465640031756,39.2465640031756,39.2465640031756,39.4822363363702,39.3630529578544,39.5018882009552,39.7728397166508,39.5974556811656,39.6722145080566,0,0,0,0,0,0,0,0,0.85,0,0,0.15
"all_measured_520_analysis_set","within_cow_random5",5,"StrictHierarchicalEBResidualXGB",355,"C007","stable_hot","S01","measurement_group_1","measurement_status_1",34.9,27.6,23,38.3,39.7411650367974,-1.44116503679741,"tight_session+may_session+direct_xgb",0.301060605913019,39.6948545258855,39.6882439655758,39.6865913254984,39.2465640031756,39.2465640031756,39.2465640031756,39.668676576045,39.7329569846671,39.6979871296881,40.1247134645176,39.7930002612568,39.98583984375,0,0,0,0,0,0,0,0,0.85,0,0,0.15
"all_measured_520_analysis_set","within_cow_random5",5,"StrictHierarchicalEBResidualXGB",357,"C013","stable_hot","S01","measurement_group_1","measurement_status_1",29.3,20.6,1,39.3,39.0810910702824,0.218908929717571,"tight_session+may_session+direct_xgb",0.301060605913019,38.9324547077372,39.0127768050451,39.0328573293721,39.2465640031756,39.2465640031756,39.2465640031756,39.1179300843989,39.2881073730598,39.0998557035923,38.9915956265214,39.0203272066582,38.9747581481934,0,0,0,0,0,0,0,0,0.85,0,0,0.15
"all_measured_520_analysis_set","within_cow_random5",5,"StrictHierarchicalEBResidualXGB",361,"C013","stable_hot","S01","measurement_group_1","measurement_status_1",35.8,32.1,19,39.3,39.0170061632012,0.282993836798767,"tight_session+may_session+direct_xgb",0.301060605913019,38.8742751338832,38.9406607266798,38.9666074135341,39.2465640031756,39.9528128897122,39.3866410007939,39.1110259948253,39.1217662358502,39.0293739033698,38.8395341215872,38.927157897903,38.9469223022461,0,0,0,0,0,0,0,0,0.85,0,0,0.15
"all_measured_520_analysis_set","within_cow_random5",5,"StrictHierarchicalEBResidualXGB",367,"C024","stable_hot","S01","measurement_group_1","measurement_status_1",36.1,34,12,38,38.4382885601358,-0.43828856013581,"tight_session+may_session+direct_xgb",0.301060605913019,39.1059637661897,39.0774937141566,39.0703762011483,39.2465640031756,39.2465640031756,38.9232820015878,38.6072053939925,38.684547381136,38.3845536459002,38.9453742231693,38.9627336058645,38.7427864074707,0,0,0,0,0,0,0,0,0.85,0,0,0.15
"all_measured_520_analysis_set","within_cow_random5",5,"StrictHierarchicalEBResidualXGB",368,"C024","stable_hot","S01","measurement_group_1","measurement_status_1",36,33.2,13,38,38.4387594845132,-0.438759484513248,"tight_session+may_session+direct_xgb",0.301060605913019,39.0174201071065,39.0337922960864,39.0521155742555,39.2465640031756,39.2465640031756,39.0821880010585,38.6072053939925,38.7111686728163,38.3845536459002,38.9417838649697,38.9130575225102,38.7459259033203,0,0,0,0,0,0,0,0,0.85,0,0,0.15
"all_measured_520_analysis_set","within_cow_random5",5,"StrictHierarchicalEBResidualXGB",381,"C024","stable_hot","S01","measurement_group_1","measurement_status_1",36.3,33.3,22,38.5,38.4836996383242,0.0163003616758033,"tight_session+may_session+direct_xgb",0.301060605913019,39.4724201071065,39.4797013144224,39.4226268471755,39.2465640031756,39.4342943711937,39.9232820015878,38.6372615307162,38.9118225575152,38.3407312639522,39.2684733755427,39.5086519032001,39.2938537597656,0,0,0,0,0,0,0,0,0.85,0,0,0.15
"all_measured_520_analysis_set","within_cow_random5",5,"StrictHierarchicalEBResidualXGB",388,"C002","stable_cool","S01","measurement_group_1","measurement_status_1",36.7,5.2,15,39,38.9475515200644,0.0524484799356415,"may_session_hour+direct_xgb+eb_exact",0.264178662680774,39.0813794507325,38.9865466843763,38.9690218831531,38.6390624282025,38.6390624282025,38.6390624282025,39.1201603276569,38.9300702664504,39.1447924062162,39.0683021943628,38.993576461769,39.0292282104492,0.0499999999999999,0,0,0,0,0,0,0.85,0,0,0,0.1
"all_measured_520_analysis_set","within_cow_random5",5,"StrictHierarchicalEBResidualXGB",390,"C002","stable_cool","S01","measurement_group_1","measurement_status_1",33.4,11.7,12,39,38.9415415498914,0.0584584501086312,"may_session_hour+direct_xgb+eb_exact",0.264178662680774,39.0162947933666,38.9055412840303,38.8944963312816,38.6390624282025,38.6390624282025,38.6390624282025,39.1201603276569,38.9300702664504,39.1447924062162,39.0635337410733,38.9067140040192,39.0016708374023,0.0499999999999999,0,0,0,0,0,0,0.85,0,0,0,0.1
"all_measured_520_analysis_set","within_cow_random5",5,"StrictHierarchicalEBResidualXGB",396,"C003","stable_cool","S01","measurement_group_1","measurement_status_1",34.7,10.4,16,38.6,38.6077079343914,-0.00770793439144768,"may_session_hour+direct_xgb+eb_exact",0.264178662680774,38.5678573292465,38.5859053123748,38.5904173081568,38.6390624282025,38.6390624282025,38.4130208094008,38.5676446039589,38.6133771522397,38.5644605044969,38.5840616235393,38.5726902594795,38.5794448852539,0.0499999999999999,0,0,0,0,0,0,0.85,0,0,0,0.1
"all_measured_520_analysis_set","within_cow_random5",5,"StrictHierarchicalEBResidualXGB",399,"C004","stable_cool","S01","measurement_group_1","measurement_status_1",28.8,2.9,23,37.7,37.7478720851312,-0.0478720851312389,"may_session_hour+direct_xgb+eb_exact",0.264178662680774,37.6455101604055,37.8422692735214,37.8930105345415,38.6390624282025,38.6390624282025,38.6390624282025,37.6554423878924,37.7439092708371,37.60963363758,37.8306321247918,37.853334615985,37.8327369689941,0.0499999999999999,0,0,0,0,0,0,0.85,0,0,0,0.1
"all_measured_520_analysis_set","within_cow_random5",5,"StrictHierarchicalEBResidualXGB",400,"C004","stable_cool","S01","measurement_group_1","measurement_status_1",27.6,7.5,13,37.5,37.5930266806595,-0.0930266806595483,"may_session_hour+direct_xgb+eb_exact",0.264178662680774,37.6280101604055,37.8070875433026,37.856220871768,38.6390624282025,38.6390624282025,38.6390624282025,37.6554423878924,37.5797973246871,37.60963363758,37.4145921950194,37.7492493678568,37.6879844665527,0.0499999999999999,0,0,0,0,0,0,0.85,0,0,0,0.1
"all_measured_520_analysis_set","within_cow_random5",5,"StrictHierarchicalEBResidualXGB",403,"C005","stable_hot","S01","measurement_group_1","measurement_status_1",35.8,28.9,15,37.7,37.8018599734325,-0.101859973432454,"tight_session+may_session+direct_xgb",0.301060605913019,37.9367970995231,38.171568489257,38.2302613366905,39.2465640031756,39.2465640031756,39.2465640031756,37.9855136335181,38.3568568618335,37.782654620341,37.8895074436737,38.1123978929554,37.9106903076172,0,0,0,0,0,0,0,0,0.85,0,0,0.15
"all_measured_520_analysis_set","within_cow_random5",5,"StrictHierarchicalEBResidualXGB",417,"C009","stable_hot","S01","measurement_group_1","measurement_status_1",35.7,32,2,40.4,40.4324769555265,-0.0324769555264695,"tight_session+may_session+direct_xgb",0.301060605913019,39.783185988412,39.6739661758701,39.6466612227346,39.2465640031756,39.2465640031756,39.2465640031756,40.3419467370556,39.9852779397203,40.5034702033078,39.8010085903193,39.70749582629,40.0301818847656,0,0,0,0,0,0,0,0,0.85,0,0,0.15
"all_measured_520_analysis_set","within_cow_random5",5,"StrictHierarchicalEBResidualXGB",434,"C011","stable_cool","S01","measurement_group_1","measurement_status_1",34,24.4,14,38.1,38.099070455216,0.000929544784007419,"may_session_hour+direct_xgb+eb_exact",0.264178662680774,38.2240202272527,38.3005885846588,38.323958636303,38.6390624282025,38.6390624282025,38.6390624282025,38.2508473564739,38.0814543218702,38.2342232432411,37.990719046531,38.2617026671442,38.1863327026367,0.0499999999999999,0,0,0,0,0,0,0.85,0,0,0,0.1
"all_measured_520_analysis_set","within_cow_random5",5,"StrictHierarchicalEBResidualXGB",439,"C013","stable_hot","S01","measurement_group_1","measurement_status_1",35.3,30.5,18,39,39.0141285463189,-0.0141285463189078,"tight_session+may_session+direct_xgb",0.301060605913019,38.9324547077372,38.9853531340612,38.9985777406422,39.2465640031756,39.2465640031756,39.2465640031756,39.1110259948253,39.1717161532519,39.0293739033698,38.7885208462868,38.9652818007869,38.9277381896973,0,0,0,0,0,0,0,0,0.85,0,0,0.15
"all_measured_520_analysis_set","within_cow_random5",5,"StrictHierarchicalEBResidualXGB",445,"C013","stable_hot","S01","measurement_group_1","measurement_status_1",28.5,18.2,4,39.1,39.0802281857609,0.0197718142390642,"tight_session+may_session+direct_xgb",0.301060605913019,38.9324547077372,39.0025202797104,39.0200366727037,39.2465640031756,39.2465640031756,39.2465640031756,39.1179300843989,39.2676796761275,39.0998557035923,39.0152520854328,39.0100934670616,38.9690055847168,0,0,0,0,0,0,0,0,0.85,0,0,0.15
"all_measured_520_analysis_set","within_cow_random5",5,"StrictHierarchicalEBResidualXGB",454,"C016","stable_cool","S01","measurement_group_1","measurement_status_1",27.6,7,23,38.7,38.7283823527288,-0.0283823527288121,"may_session_hour+direct_xgb+eb_exact",0.264178662680774,38.6891243939194,38.6766867640704,38.6697975064009,38.6390624282025,38.6390624282025,38.6390624282025,38.6653226651159,38.7267131680556,38.6665999908496,38.8475273026435,38.6944499857068,38.7621994018555,0.0499999999999999,0,0,0,0,0,0,0.85,0,0,0,0.1
"all_measured_520_analysis_set","within_cow_random5",5,"StrictHierarchicalEBResidualXGB",458,"C017","stable_hot","S01","measurement_group_1","measurement_status_1",35,36.3,15,39,38.9778260968411,0.0221739031589081,"tight_session+may_session+direct_xgb",0.301060605913019,39.4026586333076,39.3454778939613,39.3449097079875,39.2465640031756,39.2465640031756,39.2465640031756,39.0631165314658,39.0572987454995,38.9400277724785,39.1935807675676,39.268446050597,39.1920166015625,0,0,0,0,0,0,0,0,0.85,0,0,0.15
"all_measured_520_analysis_set","within_cow_random5",5,"StrictHierarchicalEBResidualXGB",460,"C018","stable_cool","S01","measurement_group_1","measurement_status_1",30.7,2.9,3,38.8,38.7963626097068,0.00363739029319987,"may_session_hour+direct_xgb+eb_exact",0.264178662680774,38.7926251311041,38.7636457919545,38.7564009571671,38.6390624282025,38.6390624282025,38.6390624282025,38.7922914183633,38.7897207993477,38.7996044344093,38.8686238442818,38.7774049151159,38.8546867370605,0.0499999999999999,0,0,0,0,0,0,0.85,0,0,0,0.1
"all_measured_520_analysis_set","within_cow_random5",5,"StrictHierarchicalEBResidualXGB",462,"C018","stable_cool","S01","measurement_group_1","measurement_status_1",32.5,5.4,14,38.8,38.7736567353336,0.0263432646663944,"may_session_hour+direct_xgb+eb_exact",0.264178662680774,38.7926251311041,38.7550966888695,38.7457145783108,38.6390624282025,38.6390624282025,38.6390624282025,38.7922914183633,38.7773647313236,38.7996044344093,38.6569902961103,38.7629025690286,38.7326545715332,0.0499999999999999,0,0,0,0,0,0,0.85,0,0,0,0.1
"all_measured_520_analysis_set","within_cow_random5",5,"StrictHierarchicalEBResidualXGB",465,"C019","stable_hot","S01","measurement_group_1","measurement_status_1",36.8,31.3,21,39.4,39.4137026217812,-0.0137026217812206,"tight_session+may_session+direct_xgb",0.301060605913019,39.4744487796542,39.419244984343,39.4054440355151,39.2465640031756,39.2465640031756,39.4821880010586,39.3764039265089,39.2957640470514,39.400965791968,39.5216913870155,39.4415740931325,39.4858779907227,0,0,0,0,0,0,0,0,0.85,0,0,0.15
"all_measured_520_analysis_set","within_cow_random5",5,"StrictHierarchicalEBResidualXGB",474,"C021","stable_cool","S01","measurement_group_1","measurement_status_1",31.1,12.3,12,38.2,38.2371330690005,-0.0371330690005394,"may_session_hour+direct_xgb+eb_exact",0.264178662680774,38.2548358346933,38.2949215673212,38.3052452401465,38.6390624282025,38.6390624282025,38.0695312141013,38.2572238996838,38.2404808806816,38.2408751932043,38.2376058641231,38.2657800685916,38.1998252868652,0.0499999999999999,0,0,0,0,0,0,0.85,0,0,0,0.1
"all_measured_520_analysis_set","within_cow_random5",5,"StrictHierarchicalEBResidualXGB",482,"C023","stable_cool","S01","measurement_group_1","measurement_status_1",33.8,12,17,38.9,38.9192320005526,-0.019232000552563,"may_session_hour+direct_xgb+eb_exact",0.264178662680774,39.0105817874509,38.9119970594715,38.8873508774767,38.6390624282025,38.6390624282025,38.6390624282025,39.0101307535434,38.9009931494696,39.027622790688,39.0212895610067,38.9341292978447,39.0285873413086,0.0499999999999999,0,0,0,0,0,0,0.85,0,0,0,0.1
"all_measured_520_analysis_set","within_cow_random5",5,"StrictHierarchicalEBResidualXGB",486,"C025","stable_cool","S01","measurement_group_1","measurement_status_1",27.5,12.6,10,39.4,39.3713156402511,0.0286843597489366,"may_session_hour+direct_xgb+eb_exact",0.264178662680774,39.4109048972476,39.2921156650627,39.2593810239681,38.6390624282025,38.6390624282025,38.6390624282025,39.3913495901085,39.3638415820347,39.4266549141757,39.3065699881914,39.2831423739189,39.4150505065918,0.0499999999999999,0,0,0,0,0,0,0.85,0,0,0,0.1
"all_measured_520_analysis_set","within_cow_random5",5,"StrictHierarchicalEBResidualXGB",487,"C025","stable_cool","S01","measurement_group_1","measurement_status_1",29.8,14.5,15,39.4,39.3665600798935,0.0334399201065452,"may_session_hour+direct_xgb+eb_exact",0.264178662680774,39.3934048972476,39.2355974217293,39.1959207198013,38.6390624282025,38.6390624282025,38.6390624282025,39.3913495901085,39.3678117142369,39.4266549141757,39.235271722835,39.2161163234499,39.3424987792969,0.0499999999999999,0,0,0,0,0,0,0.85,0,0,0,0.1
"all_measured_520_analysis_set","within_cow_random5",5,"StrictHierarchicalEBResidualXGB",500,"C026","stable_cool","S01","measurement_group_1","measurement_status_1",31.5,6.2,0,38.6,38.5799035462051,0.0200964537948778,"may_session_hour+direct_xgb+eb_exact",0.264178662680774,38.6068952272527,38.6172835980572,38.6303430280511,38.6390624282025,38.6390624282025,38.8195312141013,38.6716992083258,38.5704648100629,38.6732519408128,38.6297260561942,38.61144406861,38.6466369628906,0.0499999999999999,0,0,0,0,0,0,0.85,0,0,0,0.1
"all_measured_520_analysis_set","within_cow_random5",5,"StrictHierarchicalEBResidualXGB",506,"C027","stable_cool","S01","measurement_group_1","measurement_status_1",30.1,7.7,12,38.6,38.612944579548,-0.0129445795480478,"may_session_hour+direct_xgb+eb_exact",0.264178662680774,38.7470349282073,38.6894025670757,38.6834161220726,38.6390624282025,38.6390624282025,38.6390624282025,38.7990988975877,38.5966949806215,38.806730008043,38.6667424995938,38.6822874106859,38.6840209960938,0.0499999999999999,0,0,0,0,0,0,0.85,0,0,0,0.1
"all_measured_520_analysis_set","within_cow_random5",5,"StrictHierarchicalEBResidualXGB",516,"C029","stable_cool","S01","measurement_group_1","measurement_status_1",35,6.4,13,38.3,38.2878779577647,0.0121220422352764,"may_session_hour+direct_xgb+eb_exact",0.264178662680774,38.33102445972,38.3692834312868,38.380787202911,38.6390624282025,38.6390624282025,38.6390624282025,38.3429977895545,38.2846606784678,38.3293165745845,38.2359718795844,38.3329472142112,38.2936515808105,0.0499999999999999,0,0,0,0,0,0,0.85,0,0,0,0.1
"all_measured_520_analysis_set","within_cow_random5",5,"StrictHierarchicalEBResidualXGB",518,"C030","stable_cool","S01","measurement_group_1","measurement_status_1",30,6.5,9,40.3,40.1860713870056,0.1139286129944,"may_session_hour+direct_xgb+eb_exact",0.264178662680774,40.1690163523559,39.8635483293004,39.7827159719123,38.6390624282025,38.6390624282025,38.6390624282025,40.1401723047899,40.1891967169441,40.2104680138837,40.2118919398688,39.9507865367599,40.1680335998535,0.0499999999999999,0,0,0,0,0,0,0.85,0,0,0,0.1
