"Dataset","FoldMode","FoldID","Model","RowID","SourceRowID","CowKey","Source","SourceType","EarStatus","HeatSegment","SessionID","Ear","Air","Time","Actual","SourceMemoryPredicted","BatchSessionPredicted","BatchModelPredicted","BatchMemoryPredicted","Predicted","Residual","AlphaSourceMemory","AlphaBatchSession","SourceMemoryResidual","BatchResidual","SourceMemoryConfig","BatchConfig","SourceMemoryExactMatch","BatchExactMatch","SourceMemoryNearestDistance","BatchNearestDistance"
"all_measured_520_analysis_set","within_cow_random5",1,"MemoryCalibrationAverage_0p50",5,5,"C021","S01","measurement_group_1","measurement_status_1","thermal_warm","C021_S00",32.8,22,15,38.1,38.3181770064655,38.2622523450484,38.2165160206921,38.3924249605239,38.2902146757569,-0.190214675756941,0.5,0.5,-0.218177006465488,-0.162252345048387,"global_k1_t2_e03_a5","session_k3_o06_t2_e08_a35_b075",FALSE,FALSE,0.666666666666653,0.328372955929593
"all_measured_520_analysis_set","within_cow_random5",1,"MemoryCalibrationAverage_0p50",6,6,"C021","S01","measurement_group_1","measurement_status_1","thermal_cool","C021_S00",28.1,13.4,21,38.3,38.3383240914796,38.2863710848145,38.316790514128,38.1997927090758,38.312347588147,-0.012347588147037,0.5,0.5,-0.038324091479609,0.0136289151855422,"global_k1_t2_e03_a5","session_k3_o06_t2_e08_a35_b075",FALSE,FALSE,1.47363496158309,1.5716522207371
"all_measured_520_analysis_set","within_cow_random5",1,"MemoryCalibrationAverage_0p50",10,10,"C003","S01","measurement_group_1","measurement_status_1","thermal_cold","C003_S00",31.4,5.4,0,39,37.9973050901795,38.4483495801398,38.3956973440357,38.598205944436,38.2228273351596,0.777172664840386,0.5,0.5,1.00269490982054,0.551650419860231,"global_k1_t2_e03_a5","session_k3_o06_t2_e08_a35_b075",FALSE,FALSE,0.369744656636326,2.95666835392508
"all_measured_520_analysis_set","within_cow_random5",1,"MemoryCalibrationAverage_0p50",11,11,"C003","S01","measurement_group_1","measurement_status_1","thermal_cold","C003_S00",33.3,6.1,11,38.8,38.5667310936872,38.5182856129038,38.5543925021631,38.4155198511657,38.5425083532955,0.257491646704523,0.5,0.5,0.233268906312802,0.281714387096244,"global_k1_t2_e03_a5","session_k3_o06_t2_e08_a35_b075",FALSE,FALSE,0.12,0.724616756944282
"all_measured_520_analysis_set","within_cow_random5",1,"MemoryCalibrationAverage_0p50",19,19,"C003","S01","measurement_group_1","measurement_status_1","thermal_cold","C003_S00",32,9,19,39,38.8126790386764,38.5739847802971,38.5660035048662,38.596700718062,38.6933319094868,0.306668090513234,0.5,0.5,0.187320961323564,0.426015219702904,"global_k1_t2_e03_a5","session_k3_o06_t2_e08_a35_b075",FALSE,FALSE,0.333333333333338,1.18847450764785
"all_measured_520_analysis_set","within_cow_random5",1,"MemoryCalibrationAverage_0p50",27,27,"C002","S01","measurement_group_1","measurement_status_1","thermal_cold","C002_S00",32.8,8,13,39.2,39.0056662192797,39.0604211962398,39.10176072303,38.9427625430678,39.0330437077597,0.166956292240272,0.5,0.5,0.194333780720328,0.139578803760209,"global_k1_t2_e03_a5","session_k3_o06_t2_e08_a35_b075",FALSE,FALSE,0.26,1.30627790360675
"all_measured_520_analysis_set","within_cow_random5",1,"MemoryCalibrationAverage_0p50",29,29,"C002","S01","measurement_group_1","measurement_status_1","thermal_cold","C002_S00",36.2,8.8,14,39,38.8584088193925,39.1144890148861,39.1014760653971,39.151525871124,38.9864489171393,0.0135510828607295,0.5,0.5,0.141591180607527,-0.114489014886075,"global_k1_t2_e03_a5","session_k3_o06_t2_e08_a35_b075",FALSE,FALSE,0.333333333333338,1.19204658327154
"all_measured_520_analysis_set","within_cow_random5",1,"MemoryCalibrationAverage_0p50",30,30,"C002","S01","measurement_group_1","measurement_status_1","thermal_cold","C002_S00",36,9.1,15,38.9,38.8491620075873,39.0977390045266,39.108883547043,39.0660199219798,38.973450506057,-0.0734505060569646,0.5,0.5,0.0508379924126601,-0.197739004526582,"global_k1_t2_e03_a5","session_k3_o06_t2_e08_a35_b075",FALSE,FALSE,0.603913165207643,1.29808914595224
"all_measured_520_analysis_set","within_cow_random5",1,"MemoryCalibrationAverage_0p50",36,36,"C029","S01","measurement_group_1","measurement_status_1","thermal_cold","C029_S00",35.7,6.1,11,38.1,38.2633417196641,38.3746525314246,38.385939225617,38.3425288633384,38.3189971255444,-0.218997125544355,0.5,0.5,-0.163341719664132,-0.274652531424586,"global_k1_t2_e03_a5","session_k3_o06_t2_e08_a35_b075",FALSE,FALSE,1.74567401818833,1.25528869848863
"all_measured_520_analysis_set","within_cow_random5",1,"MemoryCalibrationAverage_0p50",43,43,"C029","S01","measurement_group_1","measurement_status_1","thermal_cold","C029_S00",33.2,9,19,38.5,38.9662709996631,38.3800770721405,38.3696881016509,38.4096456804569,38.6731740359018,-0.173174035901809,0.5,0.5,-0.466270999663131,0.119922927859513,"global_k1_t2_e03_a5","session_k3_o06_t2_e08_a35_b075",FALSE,FALSE,1.00000000000001,2.22703733574105
"all_measured_520_analysis_set","within_cow_random5",1,"MemoryCalibrationAverage_0p50",46,46,"C029","S01","measurement_group_1","measurement_status_1","thermal_cold","C029_S00",32.2,5.5,23,38.9,38.1551401077763,38.3395708046306,38.3184813709443,38.3995945774301,38.2473554562034,0.652644543796562,0.5,0.5,0.744859892223708,0.560429195369416,"global_k1_t2_e03_a5","session_k3_o06_t2_e08_a35_b075",FALSE,FALSE,0.333333333333338,0
"all_measured_520_analysis_set","within_cow_random5",1,"MemoryCalibrationAverage_0p50",51,51,"C001","S01","measurement_group_1","measurement_status_1","thermal_cold","C001_S00",31.9,6.8,12,38,38.3778800818008,38.2326909651827,38.248688569169,38.187159323068,38.3052855234918,-0.30528552349179,0.5,0.5,-0.377880081800839,-0.232690965182741,"global_k1_t2_e03_a5","session_k3_o06_t2_e08_a35_b075",FALSE,FALSE,0.0800000000000001,0
"all_measured_520_analysis_set","within_cow_random5",1,"MemoryCalibrationAverage_0p50",55,55,"C001","S01","measurement_group_1","measurement_status_1","thermal_cold","C001_S00",32,9.1,15,38.4,38.2281123987314,38.1850390755787,38.2459901311352,38.0115629943795,38.2065757371551,0.193424262844907,0.5,0.5,0.171887601268558,0.214960924421256,"global_k1_t2_e03_a5","session_k3_o06_t2_e08_a35_b075",FALSE,FALSE,0.835490541205848,0.284531281033599
"all_measured_520_analysis_set","within_cow_random5",1,"MemoryCalibrationAverage_0p50",57,57,"C001","S01","measurement_group_1","measurement_status_1","thermal_cold","C001_S00",30.5,9,19,38.2,38.5329722197201,38.2793632826626,38.288986744289,38.2519734303413,38.4061677511913,-0.206167751191337,0.5,0.5,-0.332972219720055,-0.0793632826626194,"global_k1_t2_e03_a5","session_k3_o06_t2_e08_a35_b075",FALSE,FALSE,0.333333333333338,1.5712139103023
"all_measured_520_analysis_set","within_cow_random5",1,"MemoryCalibrationAverage_0p50",63,63,"C027","S01","measurement_group_1","measurement_status_1","thermal_cold","C027_S00",31.5,5,11,38.7,39.7510910927236,39.4732394144625,38.9769711197963,40.8856953300512,39.6121652535931,-0.912165253593081,0.5,0.5,-1.05109109272362,-0.773239414462537,"global_k1_t2_e03_a5","session_k3_o06_t2_e08_a35_b075",FALSE,FALSE,0.700507752356185,0.582282824735422
"all_measured_520_analysis_set","within_cow_random5",1,"MemoryCalibrationAverage_0p50",64,64,"C027","S01","measurement_group_1","measurement_status_1","thermal_cold","C027_S00",31.9,6.9,12,38.5,39.2244753240636,38.985685337086,38.8534531634142,39.3620384467671,39.1050803305748,-0.605080330574779,0.5,0.5,-0.724475324063583,-0.485685337085975,"global_k1_t2_e03_a5","session_k3_o06_t2_e08_a35_b075",FALSE,FALSE,0.06,1.05351156676858
"all_measured_520_analysis_set","within_cow_random5",1,"MemoryCalibrationAverage_0p50",67,67,"C027","S01","measurement_group_1","measurement_status_1","thermal_cold","C027_S00",33.8,8.8,14,38.6,38.670957378771,38.790578874248,38.8926424658194,38.5000901905446,38.7307681265095,-0.130768126509452,0.5,0.5,-0.0709573787709488,-0.190578874247954,"global_k1_t2_e03_a5","session_k3_o06_t2_e08_a35_b075",FALSE,FALSE,0.333333333333314,0.18461595241642
"all_measured_520_analysis_set","within_cow_random5",1,"MemoryCalibrationAverage_0p50",74,74,"C026","S01","measurement_group_1","measurement_status_1","thermal_cold","C026_S00",33.9,8,13,38.5,38.6545893665793,38.6416353632785,38.6561911928759,38.600207232886,38.6481123649289,-0.148112364928885,0.5,0.5,-0.15458936657928,-0.141635363278489,"global_k1_t2_e03_a5","session_k3_o06_t2_e08_a35_b075",FALSE,FALSE,0.26,1.26373631682327
"all_measured_520_analysis_set","within_cow_random5",1,"MemoryCalibrationAverage_0p50",79,79,"C026","S01","measurement_group_1","measurement_status_1","thermal_cold","C026_S00",30.7,5.5,23,38.6,38.707669242285,38.7781236883043,38.719876817802,38.9439032428108,38.7428964652946,-0.142896465294648,0.5,0.5,-0.107669242285027,-0.178123688304275,"global_k1_t2_e03_a5","session_k3_o06_t2_e08_a35_b075",FALSE,FALSE,0.500399840127872,0
"all_measured_520_analysis_set","within_cow_random5",1,"MemoryCalibrationAverage_0p50",81,81,"C016","S01","measurement_group_1","measurement_status_1","thermal_cold","C016_S00",31.8,6.1,11,39.2,38.4981658324486,38.5586908370869,38.694787610407,38.1713384822526,38.5284283347677,0.671571665232264,0.5,0.5,0.701834167551389,0.641309162913132,"global_k1_t2_e03_a5","session_k3_o06_t2_e08_a35_b075",FALSE,FALSE,0.524976189936268,0.559782108565733
"all_measured_520_analysis_set","within_cow_random5",1,"MemoryCalibrationAverage_0p50",88,88,"C016","S01","measurement_group_1","measurement_status_1","thermal_cold","C016_S00",31.8,5.5,23,38.8,38.3527087749004,38.6085387483057,38.6012956987795,38.6291535815726,38.480623761603,0.319376238396956,0.5,0.5,0.44729122509959,0.191461251694314,"global_k1_t2_e03_a5","session_k3_o06_t2_e08_a35_b075",FALSE,FALSE,0.500399840127872,1.24384254404503
"all_measured_520_analysis_set","within_cow_random5",1,"MemoryCalibrationAverage_0p50",91,91,"C022","S01","measurement_group_1","measurement_status_1","thermal_cold","C022_S00",32.2,6.1,11,38.1,38.7973738450765,38.5063918990524,38.4544109023829,38.6543378126501,38.6518828720645,-0.551882872064468,0.5,0.5,-0.697373845076527,-0.406391899052409,"global_k1_t2_e03_a5","session_k3_o06_t2_e08_a35_b075",FALSE,FALSE,0.369744656636304,0.783333333333327
"all_measured_520_analysis_set","within_cow_random5",1,"MemoryCalibrationAverage_0p50",95,95,"C022","S01","measurement_group_1","measurement_status_1","thermal_cold","C022_S00",32.5,8,13,38.7,38.4810045420192,38.4995951715704,38.360111563557,38.8965869789932,38.4902998567948,0.209700143205197,0.5,0.5,0.218995457980839,0.200404828429555,"global_k1_t2_e03_a5","session_k3_o06_t2_e08_a35_b075",FALSE,FALSE,0.721387551874857,0.518928830880759
"all_measured_520_analysis_set","within_cow_random5",1,"MemoryCalibrationAverage_0p50",101,101,"C022","S01","measurement_group_1","measurement_status_1","thermal_cold","C022_S00",31.1,5.4,22,38.2,38.2989052334611,38.4546133609197,38.5049136548875,38.3114509857807,38.3767592971904,-0.17675929719038,0.5,0.5,-0.0989052334610605,-0.254613360919699,"global_k1_t2_e03_a5","session_k3_o06_t2_e08_a35_b075",FALSE,FALSE,0.514198405287298,0.655276853781697
"all_measured_520_analysis_set","within_cow_random5",1,"MemoryCalibrationAverage_0p50",104,104,"C014","S01","measurement_group_1","measurement_status_1","thermal_cold","C014_S00",30.4,5,11,38.5,38.4229229490814,38.3321707146931,38.4441228146033,38.0135378149485,38.3775468318872,0.122453168112798,0.5,0.5,0.0770770509186463,0.167829285306944,"global_k1_t2_e03_a5","session_k3_o06_t2_e08_a35_b075",FALSE,FALSE,1.18436105605981,0.582282824735422
"all_measured_520_analysis_set","within_cow_random5",1,"MemoryCalibrationAverage_0p50",109,109,"C014","S01","measurement_group_1","measurement_status_1","thermal_cold","C014_S00",32.7,9.3,13,38.1,37.8832874833303,38.2015737693867,38.2513367358623,38.0599407109561,38.0424306263585,0.0575693736415275,0.5,0.5,0.216712516669723,-0.101573769386668,"global_k1_t2_e03_a5","session_k3_o06_t2_e08_a35_b075",FALSE,FALSE,0.333333333333314,0.582074686825569
"all_measured_520_analysis_set","within_cow_random5",1,"MemoryCalibrationAverage_0p50",111,111,"C014","S01","measurement_group_1","measurement_status_1","thermal_cool","C014_S00",33.5,11.2,15,38,38.0442668184926,38.2332122261559,38.3140291258054,38.0031948963841,38.1387395223242,-0.138739522324244,0.5,0.5,-0.0442668184926376,-0.233212226155857,"global_k1_t2_e03_a5","session_k3_o06_t2_e08_a35_b075",FALSE,FALSE,0.666666666666676,0.733898398561019
"all_measured_520_analysis_set","within_cow_random5",1,"MemoryCalibrationAverage_0p50",117,117,"C023","S01","measurement_group_1","measurement_status_1","thermal_cold","C023_S00",30.4,5,11,38.3,39.6133214807101,39.1251791230833,39.0975659904041,39.2037703468623,39.3692503018967,-1.06925030189667,0.5,0.5,-1.31332148071007,-0.825179123083259,"global_k1_t2_e03_a5","session_k3_o06_t2_e08_a35_b075",FALSE,FALSE,1.18436105605981,1.71651681863655
"all_measured_520_analysis_set","within_cow_random5",1,"MemoryCalibrationAverage_0p50",125,125,"C023","S01","measurement_group_1","measurement_status_1","thermal_cold","C023_S00",35.3,9.1,15,39,38.5561809465103,38.9284961545502,39.0100704321989,38.6963232104731,38.7423385505303,0.257661449469744,0.5,0.5,0.443819053489676,0.0715038454498114,"global_k1_t2_e03_a5","session_k3_o06_t2_e08_a35_b075",FALSE,FALSE,1.08461974903649,2.00460920128752
"all_measured_520_analysis_set","within_cow_random5",1,"MemoryCalibrationAverage_0p50",128,128,"C023","S01","measurement_group_1","measurement_status_1","thermal_cold","C023_S00",33.8,5.4,22,39.4,39.5610416356355,39.2697517604517,39.1434948770726,39.6290982746845,39.4153966980436,-0.0153966980436238,0.5,0.5,-0.161041635635506,0.130248239548258,"global_k1_t2_e03_a5","session_k3_o06_t2_e08_a35_b075",FALSE,FALSE,0.601257940580495,0.312714778799813
"all_measured_520_analysis_set","within_cow_random5",1,"MemoryCalibrationAverage_0p50",132,132,"C011","S01","measurement_group_1","measurement_status_1","thermal_cool","C011_S00",30.8,18.3,13,37.9,37.9818236808558,38.1172549011658,38.1399426617836,38.0526820440227,38.0495392910108,-0.149539291010775,0.5,0.5,-0.0818236808557771,-0.217254901165781,"global_k1_t2_e03_a5","session_k3_o06_t2_e08_a35_b075",FALSE,FALSE,1.05621967412087,0.960267937854669
"all_measured_520_analysis_set","within_cow_random5",1,"MemoryCalibrationAverage_0p50",137,137,"C011","S01","measurement_group_1","measurement_status_1","thermal_cool","C011_S00",30.6,10.9,23,38.2,38.7031073744274,38.4128941605329,38.2869953990407,38.7712214047797,38.5580007674801,-0.358000767480142,0.5,0.5,-0.503107374427422,-0.212894160532862,"global_k1_t2_e03_a5","session_k3_o06_t2_e08_a35_b075",FALSE,FALSE,0.627304639797209,0.0975972681859948
"all_measured_520_analysis_set","within_cow_random5",1,"MemoryCalibrationAverage_0p50",141,141,"C004","S01","measurement_group_1","measurement_status_1","thermal_cold","C004_S00",32.4,4.6,12,37.5,37.772980511931,37.6200407608019,37.6277300686358,37.5981558077361,37.6965106363665,-0.196510636366455,0.5,0.5,-0.272980511931046,-0.120040760801871,"global_k1_t2_e03_a5","session_k3_o06_t2_e08_a35_b075",FALSE,FALSE,0.617017917982221,0.453458928680427
"all_measured_520_analysis_set","within_cow_random5",1,"MemoryCalibrationAverage_0p50",142,142,"C004","S01","measurement_group_1","measurement_status_1","thermal_cold","C004_S00",30.6,9.4,9,37.6,37.6908417992982,37.6260202182853,37.6599999213184,37.5293087558064,37.6584310087918,-0.0584310087917501,0.5,0.5,-0.0908417992982038,-0.0260202182852964,"global_k1_t2_e03_a5","session_k3_o06_t2_e08_a35_b075",FALSE,FALSE,0.476141902284513,1.68384051428602
"all_measured_520_analysis_set","within_cow_random5",1,"MemoryCalibrationAverage_0p50",144,144,"C004","S01","measurement_group_1","measurement_status_1","thermal_cold","C004_S00",31.2,8.8,12,37.5,37.5,37.5615515433178,37.5816429013218,37.5043684474605,37.5307757716589,-0.0307757716589236,0.5,0.5,0,-0.0615515433178473,"global_k1_t2_e03_a5","session_k3_o06_t2_e08_a35_b075",FALSE,FALSE,0.5054810689938,0.451228167793668
"all_measured_520_analysis_set","within_cow_random5",1,"MemoryCalibrationAverage_0p50",150,150,"C004","S01","measurement_group_1","measurement_status_1","thermal_cold","C004_S00",30.6,4.5,19,37.6,37.5925975595094,37.7254403802411,37.7346545917934,37.6992153165925,37.6590189698753,-0.0590189698752539,0.5,0.5,0.00740244049062966,-0.125440380241137,"global_k1_t2_e03_a5","session_k3_o06_t2_e08_a35_b075",FALSE,FALSE,0.9,0.502071954171442
"all_measured_520_analysis_set","within_cow_random5",1,"MemoryCalibrationAverage_0p50",154,154,"C028","S01","measurement_group_1","measurement_status_1","thermal_hot","C028_S04",38.6,37.4,14,40.2,40.1654750770294,40.1720793414777,40.1632622914181,40.2,40.1687772092536,0.0312227907464191,0.5,0.5,0.0345249229705757,0.0279206585222624,"global_k1_t2_e03_a5","session_k3_o06_t2_e08_a35_b075",FALSE,FALSE,1.16858889263934,1.33602831382003
"all_measured_520_analysis_set","within_cow_random5",1,"MemoryCalibrationAverage_0p50",155,155,"C028","S01","measurement_group_1","measurement_status_1","thermal_hot","C028_S02",37.7,40.4,13,39.8,40.1267998888124,39.8825839610253,39.7823473171385,40.2,40.0046919249189,-0.204691924918869,0.5,0.5,-0.326799888812445,-0.0825839610252928,"global_k1_t2_e03_a5","session_k3_o06_t2_e08_a35_b075",FALSE,FALSE,0.860232526704263,1.85833333333333
"all_measured_520_analysis_set","within_cow_random5",1,"MemoryCalibrationAverage_0p50",164,164,"C008","S01","measurement_group_1","measurement_status_1","thermal_cold","C008_S00",33.6,2.9,21,38.3,38.6214658907507,38.2822247590216,38.2765971410215,38.2982418256372,38.4518453248861,-0.151845324886139,0.5,0.5,-0.321465890750702,0.0177752409784233,"global_k1_t2_e03_a5","session_k3_o06_t2_e08_a35_b075",FALSE,FALSE,0.703925501108686,2.4914183777278
"all_measured_520_analysis_set","within_cow_random5",1,"MemoryCalibrationAverage_0p50",170,170,"C008","S01","measurement_group_1","measurement_status_1","thermal_cool","C008_S00",34.3,10.8,10,38.1,38.3730264378323,38.1137862070986,38.1186300095926,38.1,38.2434063224654,-0.14340632246541,0.5,0.5,-0.273026437832257,-0.0137862070985619,"global_k1_t2_e03_a5","session_k3_o06_t2_e08_a35_b075",FALSE,FALSE,0.833573298783272,1.25170178941092
"all_measured_520_analysis_set","within_cow_random5",1,"MemoryCalibrationAverage_0p50",171,171,"C008","S01","measurement_group_1","measurement_status_1","thermal_cool","C008_S00",35.5,11.3,16,38.2,38.1035046073749,38.1622992353695,38.1490758045889,38.1999351537452,38.1329019213722,0.0670980786277937,0.5,0.5,0.0964953926251013,0.0377007646304861,"global_k1_t2_e03_a5","session_k3_o06_t2_e08_a35_b075",FALSE,FALSE,1.35234775277828,0.551653102161781
"all_measured_520_analysis_set","within_cow_random5",1,"MemoryCalibrationAverage_0p50",173,173,"C008","S01","measurement_group_1","measurement_status_1","thermal_cold","C008_S00",34.4,7.5,17,38.2,38.6070077853803,38.2398807494897,38.2538947723469,38.1999946844346,38.423444267435,-0.223444267435006,0.5,0.5,-0.407007785380344,-0.0398807494896687,"global_k1_t2_e03_a5","session_k3_o06_t2_e08_a35_b075",FALSE,FALSE,0.769097595309668,0.966235536042384
"all_measured_520_analysis_set","within_cow_random5",1,"MemoryCalibrationAverage_0p50",178,178,"C030","S01","measurement_group_1","measurement_status_1","thermal_cold","C030_S00",32,6.6,8,40.3,40.3275355152799,40.2840290020071,40.2784175702799,40.3,40.3057822586435,-0.00578225864353499,0.5,0.5,-0.0275355152799506,0.0159709979928877,"global_k1_t2_e03_a5","session_k3_o06_t2_e08_a35_b075",FALSE,FALSE,0.388730126323024,1.31186425051961
"all_measured_520_analysis_set","within_cow_random5",1,"MemoryCalibrationAverage_0p50",180,180,"C030","S01","measurement_group_1","measurement_status_1","thermal_cold","C030_S00",31,5.4,10,40.3,40.5026750776987,40.2627392544728,40.2496476411795,40.3,40.3827071660858,-0.0827071660857683,0.5,0.5,-0.202675077698721,0.0372607455271776,"global_k1_t2_e03_a5","session_k3_o06_t2_e08_a35_b075",FALSE,FALSE,0.519230199429887,0.59990551032241
"all_measured_520_analysis_set","within_cow_random5",1,"MemoryCalibrationAverage_0p50",182,182,"C030","S01","measurement_group_1","measurement_status_1","thermal_cool","C030_S00",31.7,11.8,12,40.2,40.3116786973481,40.1925544841235,40.1793899506611,40.2300227716701,40.2521165907358,-0.052116590735757,0.5,0.5,-0.111678697348054,0.0074455158765403,"global_k1_t2_e03_a5","session_k3_o06_t2_e08_a35_b075",FALSE,FALSE,0.63333333333333,1.00594604111837
"all_measured_520_analysis_set","within_cow_random5",1,"MemoryCalibrationAverage_0p50",183,183,"C030","S01","measurement_group_1","measurement_status_1","thermal_cold","C030_S00",34.2,8.3,16,40.2,39.874421293407,40.2707350445005,40.2955878979737,40.2,40.0725781689538,0.12742183104622,0.5,0.5,0.325578706592985,-0.0707350445005375,"global_k1_t2_e03_a5","session_k3_o06_t2_e08_a35_b075",FALSE,FALSE,0.462072625364345,1.93482378626588
"all_measured_520_analysis_set","within_cow_random5",1,"MemoryCalibrationAverage_0p50",190,190,"C018","S01","measurement_group_1","measurement_status_1","thermal_cold","C018_S00",30.4,3.9,2,38.8,38.6893764087582,38.8705380316277,38.8953216643618,38.8,38.7799572201929,0.0200427798070706,0.5,0.5,0.110623591241847,-0.0705380316277058,"global_k1_t2_e03_a5","session_k3_o06_t2_e08_a35_b075",FALSE,FALSE,1.13578166916006,0.387344072936457
"all_measured_520_analysis_set","within_cow_random5",1,"MemoryCalibrationAverage_0p50",199,199,"C018","S01","measurement_group_1","measurement_status_1","thermal_cold","C018_S00",31,7.5,16,38.8,38.833560078181,38.8300232241345,38.8405719245061,38.8,38.8317916511577,-0.0317916511577394,0.5,0.5,-0.0335600781809902,-0.0300232241344887,"global_k1_t2_e03_a5","session_k3_o06_t2_e08_a35_b075",FALSE,FALSE,1.22965216400592,2.22936525595167
"all_measured_520_analysis_set","within_cow_random5",1,"MemoryCalibrationAverage_0p50",204,204,"C025","S01","measurement_group_1","measurement_status_1","thermal_cool","C025_S00",31.5,16.8,14,39.5,39.2983011135069,39.3569502848456,39.3418247092508,39.4,39.3276256991762,0.172374300823769,0.5,0.5,0.201698886493141,0.143049715154397,"global_k1_t2_e03_a5","session_k3_o06_t2_e08_a35_b075",FALSE,FALSE,0.58309518948453,0.918010764736632
"all_measured_520_analysis_set","within_cow_random5",1,"MemoryCalibrationAverage_0p50",205,205,"C025","S01","measurement_group_1","measurement_status_1","thermal_warm","C025_S00",31.2,21.3,15,39.4,39.0570223782452,39.3505140124619,39.3455571181408,39.3646220962991,39.2037681953536,0.196231804646438,0.5,0.5,0.342977621754812,0.0494859875380698,"global_k1_t2_e03_a5","session_k3_o06_t2_e08_a35_b075",FALSE,FALSE,1.35844682552456,1.26990333429677
"all_measured_520_analysis_set","within_cow_random5",1,"MemoryCalibrationAverage_0p50",215,215,"C010","S01","measurement_group_1","measurement_status_1","thermal_hot","C010_S04",38.4,33.8,11,38.7,38.7505364802472,38.7014254979161,38.7098031093855,38.6748963949296,38.7259809890816,-0.0259809890816314,0.5,0.5,-0.0505364802472101,-0.00142549791605973,"global_k1_t2_e03_a5","session_k3_o06_t2_e08_a35_b075",FALSE,FALSE,1.62480768092719,1.15931845252994
"all_measured_520_analysis_set","within_cow_random5",1,"MemoryCalibrationAverage_0p50",218,218,"C010","S01","measurement_group_1","measurement_status_1","thermal_hot","C010_S02",39,34.2,12,38.6,38.5714443278671,38.549511004395,38.533567111046,38.6,38.560477666131,0.0395223338689874,0.5,0.5,0.0285556721329456,0.0504889956050292,"global_k1_t2_e03_a5","session_k3_o06_t2_e08_a35_b075",FALSE,FALSE,1.0661665494242,1.43014992157674
"all_measured_520_analysis_set","within_cow_random5",1,"MemoryCalibrationAverage_0p50",219,219,"C010","S01","measurement_group_1","measurement_status_1","thermal_hot","C010_S04",38.5,37.4,18,38.7,38.7325325379343,38.689447559523,38.7142078006988,38.611040129133,38.7109900487287,-0.0109900487286581,0.5,0.5,-0.0325325379343155,0.0105524404769994,"global_k1_t2_e03_a5","session_k3_o06_t2_e08_a35_b075",FALSE,FALSE,1.07680597653947,2.30635797991536
"all_measured_520_analysis_set","within_cow_random5",1,"MemoryCalibrationAverage_0p50",220,220,"C010","S01","measurement_group_1","measurement_status_1","thermal_hot","C010_S05",38,32.9,20,38.6,38.6122938008656,38.5836966723703,38.5785482531188,38.6,38.5979952366179,0.00200476338209654,0.5,0.5,-0.0122938008655566,0.0163033276297497,"global_k1_t2_e03_a5","session_k3_o06_t2_e08_a35_b075",FALSE,FALSE,0.552006441186255,1.34660907804392
"all_measured_520_analysis_set","within_cow_random5",1,"MemoryCalibrationAverage_0p50",226,226,"C019","S01","measurement_group_1","measurement_status_1","thermal_hot","C019_S04",36.8,31,14,39.5,39.3251972185906,39.4341808416995,39.4133958443414,39.5,39.3796890301451,0.120310969854941,0.5,0.5,0.174802781409355,0.0658191583005276,"global_k1_t2_e03_a5","session_k3_o06_t2_e08_a35_b075",FALSE,FALSE,0.978524967035136,2.13501873262558
"all_measured_520_analysis_set","within_cow_random5",1,"MemoryCalibrationAverage_0p50",233,233,"C019","S01","measurement_group_1","measurement_status_1","thermal_hot","C019_S01",35.6,31.1,2,39.5,39.6230802552149,39.5596886514064,39.5785376992189,39.5,39.5913844533106,-0.0913844533106314,0.5,0.5,-0.123080255214887,-0.0596886514063755,"global_k1_t2_e03_a5","session_k3_o06_t2_e08_a35_b075",FALSE,FALSE,0.378828603871347,1.99244747453365
"all_measured_520_analysis_set","within_cow_random5",1,"MemoryCalibrationAverage_0p50",236,236,"C019","S01","measurement_group_1","measurement_status_1","thermal_hot","C019_S02",36.2,36.9,11,39.4,39.3275446341557,39.3954582128406,39.3850046316866,39.428561219828,39.3615014234981,0.0384985765018868,0.5,0.5,0.0724553658443412,0.00454178715943243,"global_k1_t2_e03_a5","session_k3_o06_t2_e08_a35_b075",FALSE,FALSE,0.835171306446237,3.03978252146067
"all_measured_520_analysis_set","within_cow_random5",1,"MemoryCalibrationAverage_0p50",239,239,"C005","S01","measurement_group_1","measurement_status_1","thermal_hot","C005_S02",34.1,33.9,11,37.8,37.9820068618309,37.7913304011253,37.802807771379,37.7549853953217,37.8866686314781,-0.0866686314781191,0.5,0.5,-0.182006861830949,0.00866959887470387,"global_k1_t2_e03_a5","session_k3_o06_t2_e08_a35_b075",FALSE,FALSE,1.6763584872508,3.17686350583305
"all_measured_520_analysis_set","within_cow_random5",1,"MemoryCalibrationAverage_0p50",242,242,"C005","S01","measurement_group_1","measurement_status_1","thermal_hot","C005_S04",38.4,33.6,18,37.9,38.0490647015753,37.9653306444759,37.9817003495073,37.9134932452099,38.0071976730256,-0.107197673025595,0.5,0.5,-0.149064701575263,-0.0653306444759281,"global_k1_t2_e03_a5","session_k3_o06_t2_e08_a35_b075",FALSE,FALSE,1.40014284985497,2.44206800583537
"all_measured_520_analysis_set","within_cow_random5",1,"MemoryCalibrationAverage_0p50",249,249,"C005","S01","measurement_group_1","measurement_status_1","thermal_hot","C005_S05",34.1,32.1,1,38,38.2727203291311,37.9702911084715,38.0098415305243,37.8450481053043,38.1215057188013,-0.121505718801266,0.5,0.5,-0.272720329131054,0.0297088915285215,"global_k1_t2_e03_a5","session_k3_o06_t2_e08_a35_b075",FALSE,FALSE,0.38,1.86299482461796
"all_measured_520_analysis_set","within_cow_random5",1,"MemoryCalibrationAverage_0p50",257,257,"C017","S01","measurement_group_1","measurement_status_1","thermal_hot","C017_S05",36.6,34.5,18,39.3,39.4537755863262,39.4363735452086,39.4035515139811,39.5403099774292,39.4450745657674,-0.145074565767423,0.5,0.5,-0.153775586326219,-0.136373545208627,"global_k1_t2_e03_a5","session_k3_o06_t2_e08_a35_b075",FALSE,FALSE,0.600925212577334,0
"all_measured_520_analysis_set","within_cow_random5",1,"MemoryCalibrationAverage_0p50",260,260,"C017","S01","measurement_group_1","measurement_status_1","thermal_hot","C017_S05",36.7,34.4,20,39.4,39.4623592720666,39.4269270544441,39.4062316190646,39.4924625998127,39.4446431632554,-0.0446431632553583,0.5,0.5,-0.062359272066594,-0.0269270544441227,"global_k1_t2_e03_a5","session_k3_o06_t2_e08_a35_b075",FALSE,FALSE,0.500399840127872,0
"all_measured_520_analysis_set","within_cow_random5",1,"MemoryCalibrationAverage_0p50",264,264,"C017","S01","measurement_group_1","measurement_status_1","thermal_hot","C017_S01",35.3,32.3,22,40,39.8543730492481,39.8627036898111,39.8888651721474,39.7798589957463,39.8585383695296,0.141461630470396,0.5,0.5,0.145626950751904,0.137296310188887,"global_k1_t2_e03_a5","session_k3_o06_t2_e08_a35_b075",FALSE,FALSE,0.18,0.206210270687383
"all_measured_520_analysis_set","within_cow_random5",1,"MemoryCalibrationAverage_0p50",266,266,"C017","S01","measurement_group_1","measurement_status_1","thermal_hot","C017_S01",34.8,31.4,23,39.8,39.9708516433932,39.9169035340664,39.9121104960832,39.9320814876796,39.9438775887298,-0.143877588729794,0.5,0.5,-0.17085164339322,-0.11690353406636,"global_k1_t2_e03_a5","session_k3_o06_t2_e08_a35_b075",FALSE,FALSE,0.71557280862569,1.13488289425538
"all_measured_520_analysis_set","within_cow_random5",1,"MemoryCalibrationAverage_0p50",271,271,"C020","S01","measurement_group_1","measurement_status_1","thermal_hot","C020_S02",36.2,33.7,13,38.8,38.6826356513295,38.9091577200282,38.9638154133034,38.7360750246569,38.7958966856789,0.00410331432113509,0.5,0.5,0.117364348670478,-0.109157720028207,"global_k1_t2_e03_a5","session_k3_o06_t2_e08_a35_b075",FALSE,FALSE,0.602255021657034,0.275226663957714
"all_measured_520_analysis_set","within_cow_random5",1,"MemoryCalibrationAverage_0p50",274,274,"C020","S01","measurement_group_1","measurement_status_1","thermal_hot","C020_S05",37,35.5,19,39.5,39.5844619558503,39.5661920378132,39.3993537322009,40.0945133389189,39.5753269968317,-0.0753269968317483,0.5,0.5,-0.0844619558502799,-0.0661920378132166,"global_k1_t2_e03_a5","session_k3_o06_t2_e08_a35_b075",FALSE,FALSE,0.333333333333338,1.21063000128033
"all_measured_520_analysis_set","within_cow_random5",1,"MemoryCalibrationAverage_0p50",278,278,"C020","S01","measurement_group_1","measurement_status_1","thermal_hot","C020_S05",36.6,34.3,21,38.6,39.5555304317536,39.6276204415295,39.4183830587965,40.2902054868504,39.5915754366415,-0.991575436641511,0.5,0.5,-0.955530431753559,-1.02762044152946,"global_k1_t2_e03_a5","session_k3_o06_t2_e08_a35_b075",FALSE,FALSE,0.0799999999999997,1.5431662131641
"all_measured_520_analysis_set","within_cow_random5",1,"MemoryCalibrationAverage_0p50",281,281,"C020","S01","measurement_group_1","measurement_status_1","thermal_hot","C020_S03",37,35.2,22,40.2,40.2156059064414,40.2377247530283,40.2105729503542,40.3237054614961,40.2266653297348,-0.0266653297348114,0.5,0.5,-0.0156059064413796,-0.0377247530282503,"global_k1_t2_e03_a5","session_k3_o06_t2_e08_a35_b075",FALSE,FALSE,0.834292781009435,0.405952380952378
"all_measured_520_analysis_set","within_cow_random5",1,"MemoryCalibrationAverage_0p50",285,285,"C009","S01","measurement_group_1","measurement_status_1","thermal_hot","C009_S04",36.1,32.5,13,39.3,39.3863917097363,39.4149255031959,39.3797599386953,39.5262831241144,39.4006586064661,-0.100658606466112,0.5,0.5,-0.0863917097363327,-0.114925503195899,"global_k1_t2_e03_a5","session_k3_o06_t2_e08_a35_b075",FALSE,FALSE,0.361539916345505,1.93264707501222
"all_measured_520_analysis_set","within_cow_random5",1,"MemoryCalibrationAverage_0p50",288,288,"C009","S01","measurement_group_1","measurement_status_1","thermal_hot","C009_S03",36.1,32.8,19,39.5,39.729492237525,39.677422798691,39.6630484013828,39.7229417235002,39.703457518108,-0.203457518108024,0.5,0.5,-0.229492237525044,-0.177422798690998,"global_k1_t2_e03_a5","session_k3_o06_t2_e08_a35_b075",FALSE,FALSE,0.667865588606313,1.36817777749787
"all_measured_520_analysis_set","within_cow_random5",1,"MemoryCalibrationAverage_0p50",296,296,"C012","S01","measurement_group_1","measurement_status_1","thermal_hot","C012_S04",37.9,36.9,15,39,39.0985148272414,39.1989395103529,39.2376779943384,39.0762676443985,39.1487271687971,-0.148727168797137,0.5,0.5,-0.0985148272414165,-0.198939510352851,"global_k1_t2_e03_a5","session_k3_o06_t2_e08_a35_b075",FALSE,FALSE,0.671449509974099,1.52362396563658
"all_measured_520_analysis_set","within_cow_random5",1,"MemoryCalibrationAverage_0p50",297,297,"C012","S01","measurement_group_1","measurement_status_1","thermal_hot","C012_S02",38.4,37.9,15,39.7,39.468781454274,39.5169217805029,39.5809381146383,39.3142033890742,39.4928516173885,0.207148382611535,0.5,0.5,0.231218545726016,0.183078219497062,"global_k1_t2_e03_a5","session_k3_o06_t2_e08_a35_b075",FALSE,FALSE,0.552006441186254,2.4897852542428
"all_measured_520_analysis_set","within_cow_random5",1,"MemoryCalibrationAverage_0p50",298,298,"C012","S01","measurement_group_1","measurement_status_1","thermal_hot","C012_S05",38.9,38.8,18,39.5,39.4315868282749,39.4713457999443,39.4743664196253,39.4617805042876,39.4514663141096,0.0485336858904262,0.5,0.5,0.0684131717251404,0.028654200055712,"global_k1_t2_e03_a5","session_k3_o06_t2_e08_a35_b075",FALSE,FALSE,1.71877217157416,1.6521545062347
"all_measured_520_analysis_set","within_cow_random5",1,"MemoryCalibrationAverage_0p50",308,308,"C006","S01","measurement_group_1","measurement_status_1","thermal_hot","C006_S04",35.8,32.5,13,38.6,38.5894498100388,38.7912128131459,38.7429198373875,38.9441405697141,38.6903313115923,-0.0903313115923297,0.5,0.5,0.0105501899612221,-0.191212813145881,"global_k1_t2_e03_a5","session_k3_o06_t2_e08_a35_b075",FALSE,FALSE,0.32,1.49724283638664
"all_measured_520_analysis_set","within_cow_random5",1,"MemoryCalibrationAverage_0p50",313,313,"C006","S01","measurement_group_1","measurement_status_1","thermal_hot","C006_S05",36.4,33.4,19,38.9,39.0985549129501,39.0066265843671,39.189630661446,38.4271136736172,39.0525907486586,-0.152590748658618,0.5,0.5,-0.198554912950151,-0.106626584367078,"global_k1_t2_e03_a5","session_k3_o06_t2_e08_a35_b075",FALSE,FALSE,1.02391405889362,1.86509629340511
"all_measured_520_analysis_set","within_cow_random5",1,"MemoryCalibrationAverage_0p50",317,317,"C006","S01","measurement_group_1","measurement_status_1","thermal_hot","C006_S05",35.1,30.6,22,39.9,39.3969931218395,39.1449381306112,39.2240400881089,38.8944485985352,39.2709656262254,0.629034373774637,0.5,0.5,0.503006878160512,0.755061869388769,"global_k1_t2_e03_a5","session_k3_o06_t2_e08_a35_b075",FALSE,FALSE,0.34801021696369,1.35226567248436
"all_measured_520_analysis_set","within_cow_random5",1,"MemoryCalibrationAverage_0p50",321,321,"C015","S01","measurement_group_1","measurement_status_1","thermal_hot","C015_S04",34.7,32,12,38.2,38.3334611983986,38.2376091185196,38.2494856822626,38.2,38.2855351584591,-0.0855351584590949,0.5,0.5,-0.133461198398606,-0.0376091185195833,"global_k1_t2_e03_a5","session_k3_o06_t2_e08_a35_b075",FALSE,FALSE,0.0400000000000006,0
"all_measured_520_analysis_set","within_cow_random5",1,"MemoryCalibrationAverage_0p50",325,325,"C015","S01","measurement_group_1","measurement_status_1","thermal_hot","C015_S02",36.6,35.5,14,38.3,38.6987260652104,38.5371242508656,38.7042807568068,38.007795315385,38.617925158038,-0.317925158037994,0.5,0.5,-0.398726065210404,-0.237124250865584,"global_k1_t2_e03_a5","session_k3_o06_t2_e08_a35_b075",FALSE,FALSE,0.1,0.26770895371695
"all_measured_520_analysis_set","within_cow_random5",1,"MemoryCalibrationAverage_0p50",336,336,"C015","S01","measurement_group_1","measurement_status_1","thermal_hot","C015_S01",35,31.4,22,38.8,38.940911216834,38.9583120446122,38.9567963210233,38.963111835977,38.9496116307231,-0.149611630723072,0.5,0.5,-0.140911216833956,-0.158312044612188,"global_k1_t2_e03_a5","session_k3_o06_t2_e08_a35_b075",FALSE,FALSE,0.54,1.34061838457528
"all_measured_520_analysis_set","within_cow_random5",1,"MemoryCalibrationAverage_0p50",337,337,"C015","S01","measurement_group_1","measurement_status_1","thermal_warm","C015_S01",33.8,29.5,23,39.1,38.9791843617833,38.8864265989737,38.9334901957939,38.7373918757098,38.9328054803785,0.167194519621511,0.5,0.5,0.120815638216726,0.213573401026302,"global_k1_t2_e03_a5","session_k3_o06_t2_e08_a35_b075",FALSE,FALSE,0.43532873912839,1.44497722600513
"all_measured_520_analysis_set","within_cow_random5",1,"MemoryCalibrationAverage_0p50",346,346,"C007","S01","measurement_group_1","measurement_status_1","thermal_hot","C007_S04",38.9,35.9,15,39.7,39.7435567787355,39.8696747095391,39.8597101012619,39.9012293024171,39.8066157441373,-0.106615744137287,0.5,0.5,-0.0435567787354572,-0.169674709539109,"global_k1_t2_e03_a5","session_k3_o06_t2_e08_a35_b075",FALSE,FALSE,0.852551725377679,0.454270801891616
"all_measured_520_analysis_set","within_cow_random5",1,"MemoryCalibrationAverage_0p50",347,347,"C007","S01","measurement_group_1","measurement_status_1","thermal_hot","C007_S05",37.6,33.4,18,39.5,39.5813836865251,39.5639240137329,39.527358096347,39.6797160854548,39.572653850129,-0.0726538501290008,0.5,0.5,-0.0813836865251147,-0.063924013732894,"global_k1_t2_e03_a5","session_k3_o06_t2_e08_a35_b075",FALSE,FALSE,0.524976189936268,0
"all_measured_520_analysis_set","within_cow_random5",1,"MemoryCalibrationAverage_0p50",350,350,"C007","S01","measurement_group_1","measurement_status_1","thermal_hot","C007_S01",36.9,32.4,21,39.3,39.4796655433033,39.5107623938196,39.5078237394319,39.5200681327138,39.4952139685615,-0.195213968561461,0.5,0.5,-0.179665543303329,-0.2107623938196,"global_k1_t2_e03_a5","session_k3_o06_t2_e08_a35_b075",FALSE,FALSE,0.399388421353341,2.58572113697242
"all_measured_520_analysis_set","within_cow_random5",1,"MemoryCalibrationAverage_0p50",351,351,"C007","S01","measurement_group_1","measurement_status_1","thermal_hot","C007_S03",37.7,33.1,21,40.7,40.3926358186124,40.1863229870992,40.1188588766819,40.399959336754,40.2894794028558,0.410520597144227,0.5,0.5,0.307364181387612,0.513677012900843,"global_k1_t2_e03_a5","session_k3_o06_t2_e08_a35_b075",FALSE,FALSE,0.924361641590793,0.675545676805978
"all_measured_520_analysis_set","within_cow_random5",1,"MemoryCalibrationAverage_0p50",364,364,"C013","S01","measurement_group_1","measurement_status_1","thermal_warm","C013_S01",33.8,27.6,22,39.1,39.1018227946183,39.1601524107224,39.1687665308177,39.1328743637538,39.1309876026703,-0.0309876026703222,0.5,0.5,-0.00182279461829182,-0.0601524107223526,"global_k1_t2_e03_a5","session_k3_o06_t2_e08_a35_b075",FALSE,FALSE,0.809965705721209,0.926190476190477
"all_measured_520_analysis_set","within_cow_random5",1,"MemoryCalibrationAverage_0p50",366,366,"C013","S01","measurement_group_1","measurement_status_1","thermal_warm","C013_S01",32.9,25.3,24,39,39.2141657923891,39.1429554829964,39.1565203723636,39.1,39.1785606376927,-0.178560637692726,0.5,0.5,-0.214165792389096,-0.142955482996356,"global_k1_t2_e03_a5","session_k3_o06_t2_e08_a35_b075",FALSE,FALSE,0.584389520021632,0
"all_measured_520_analysis_set","within_cow_random5",1,"MemoryCalibrationAverage_0p50",369,369,"C024","S01","measurement_group_1","measurement_status_1","thermal_hot","C024_S04",36.9,34.5,13,38.6,38.3081782745145,38.3685062556015,38.4012508298866,38.2648151036987,38.338342265058,0.261657734942027,0.5,0.5,0.291821725485534,0.231493744398513,"global_k1_t2_e03_a5","session_k3_o06_t2_e08_a35_b075",FALSE,FALSE,0.34801021696369,0.140233850691695
"all_measured_520_analysis_set","within_cow_random5",1,"MemoryCalibrationAverage_0p50",370,370,"C024","S01","measurement_group_1","measurement_status_1","thermal_hot","C024_S02",36,33,14,38.3,38.1143960161694,38.2138460239041,38.2790836066301,38.007260345272,38.1641210200367,0.135878979963252,0.5,0.5,0.185603983830639,0.0861539760958578,"global_k1_t2_e03_a5","session_k3_o06_t2_e08_a35_b075",FALSE,FALSE,0.378828603871347,0
"all_measured_520_analysis_set","within_cow_random5",1,"MemoryCalibrationAverage_0p50",373,373,"C024","S01","measurement_group_1","measurement_status_1","thermal_hot","C024_S02",38.2,37.2,15,38.4,38.1107695471923,38.3037693518305,38.3295449862215,38.222146509592,38.2072694495114,0.192730550488641,0.5,0.5,0.289230452807729,0.096230648169545,"global_k1_t2_e03_a5","session_k3_o06_t2_e08_a35_b075",FALSE,FALSE,0.1,1.39643669059467
"all_measured_520_analysis_set","within_cow_random5",1,"MemoryCalibrationAverage_0p50",375,375,"C024","S01","measurement_group_1","measurement_status_1","thermal_hot","C024_S03",36.7,33.9,20,38.2,38.5949749775477,38.5529885484876,38.5897429197469,38.4365997061665,38.5739817630176,-0.373981763017625,0.5,0.5,-0.394974977547662,-0.352988548487588,"global_k1_t2_e03_a5","session_k3_o06_t2_e08_a35_b075",FALSE,FALSE,0.514198405287298,0
"all_measured_520_analysis_set","within_cow_random5",1,"MemoryCalibrationAverage_0p50",386,386,"C001","S01","measurement_group_1","measurement_status_1","thermal_cool","C001_S00",32.5,12.3,17,38.3,38.3442841625715,38.2084496643857,38.2460123179444,38.1015405734879,38.2763669134786,0.0236330865214001,0.5,0.5,-0.0442841625714792,0.0915503356142793,"global_k1_t2_e03_a5","session_k3_o06_t2_e08_a35_b075",FALSE,FALSE,0.65299310869258,1.98050160851113
"all_measured_520_analysis_set","within_cow_random5",1,"MemoryCalibrationAverage_0p50",389,389,"C002","S01","measurement_group_1","measurement_status_1","thermal_cold","C002_S00",34.2,4.8,12,39,39.0436107096779,38.9440513487685,39.0581383772325,38.6193421139095,38.9938310292232,0.00616897077678402,0.5,0.5,-0.0436107096779494,0.0559486512315104,"global_k1_t2_e03_a5","session_k3_o06_t2_e08_a35_b075",FALSE,FALSE,0.42,0.194365063161511
"all_measured_520_analysis_set","within_cow_random5",1,"MemoryCalibrationAverage_0p50",391,391,"C002","S01","measurement_group_1","measurement_status_1","thermal_cold","C002_S00",34.8,8,13,39,38.8326615485491,38.9472296888291,39.0392908892134,38.6852093492739,38.8899456186891,0.110054381310874,0.5,0.5,0.167338451450853,0.0527703111708959,"global_k1_t2_e03_a5","session_k3_o06_t2_e08_a35_b075",FALSE,FALSE,0.739489313272651,1.00285589924401
"all_measured_520_analysis_set","within_cow_random5",1,"MemoryCalibrationAverage_0p50",405,405,"C005","S01","measurement_group_1","measurement_status_1","thermal_hot","C005_S02",36.3,32.3,17,37.7,37.9181288448524,37.812860521548,37.8250318706987,37.7743179159042,37.8654946832002,-0.165494683200215,0.5,0.5,-0.218128844852423,-0.112860521548008,"global_k1_t2_e03_a5","session_k3_o06_t2_e08_a35_b075",FALSE,FALSE,0.833573298783272,0.948701971558507
"all_measured_520_analysis_set","within_cow_random5",1,"MemoryCalibrationAverage_0p50",409,409,"C006","S01","measurement_group_1","measurement_status_1","thermal_hot","C006_S04",34.7,33.3,15,38.7,38.5300364634812,38.8481273466836,38.7978594332385,39.0073090725931,38.6890819050824,0.0109180949176277,0.5,0.5,0.16996353651885,-0.148127346683602,"global_k1_t2_e03_a5","session_k3_o06_t2_e08_a35_b075",FALSE,FALSE,1.08106942936664,1.57287992140707
"all_measured_520_analysis_set","within_cow_random5",1,"MemoryCalibrationAverage_0p50",419,419,"C009","S01","measurement_group_1","measurement_status_1","thermal_hot","C009_S04",35.6,31.7,16,39.6,39.5198782916899,39.4515522388549,39.3967488378207,39.6250963421299,39.4857152652724,0.114284734727597,0.5,0.5,0.0801217083100809,0.148447761145121,"global_k1_t2_e03_a5","session_k3_o06_t2_e08_a35_b075",FALSE,FALSE,0.80996570572121,1.37434018388574
"all_measured_520_analysis_set","within_cow_random5",1,"MemoryCalibrationAverage_0p50",422,422,"C009","S01","measurement_group_1","measurement_status_1","thermal_hot","C009_S03",36.9,32,18,39.7,39.6915766851331,39.5725284114393,39.61993369127,39.4224116919753,39.6320525482862,0.0679474517138061,0.5,0.5,0.00842331486687442,0.127471588560731,"global_k1_t2_e03_a5","session_k3_o06_t2_e08_a35_b075",FALSE,FALSE,0.601257940580509,1.81024578328976
"all_measured_520_analysis_set","within_cow_random5",1,"MemoryCalibrationAverage_0p50",428,428,"C011","S01","measurement_group_1","measurement_status_1","thermal_cool","C011_S00",29.5,11.7,21,38.3,38.5262644861214,38.3473443128366,38.2990844800644,38.4846992214961,38.436804399479,-0.136804399479026,0.5,0.5,-0.226264486121416,-0.0473443128366355,"global_k1_t2_e03_a5","session_k3_o06_t2_e08_a35_b075",FALSE,FALSE,0.833573298783281,0.82420940611274
"all_measured_520_analysis_set","within_cow_random5",1,"MemoryCalibrationAverage_0p50",432,432,"C011","S01","measurement_group_1","measurement_status_1","thermal_cool","C011_S00",30,19.1,10,38.2,38.5851536699337,38.2195590393682,38.2579508368575,38.1102900772832,38.4023563546509,-0.202356354650931,0.5,0.5,-0.385153669933658,-0.0195590393682039,"global_k1_t2_e03_a5","session_k3_o06_t2_e08_a35_b075",FALSE,FALSE,1.3,1.30712388311322
"all_measured_520_analysis_set","within_cow_random5",1,"MemoryCalibrationAverage_0p50",442,442,"C013","S01","measurement_group_1","measurement_status_1","thermal_warm","C013_S01",34.6,29.2,21,39.1,39.1563209640806,39.0897450009639,39.0645850114119,39.1694183012118,39.1230329825223,-0.0230329825222597,0.5,0.5,-0.0563209640806122,0.0102549990360927,"global_k1_t2_e03_a5","session_k3_o06_t2_e08_a35_b075",FALSE,FALSE,0.24,0
"all_measured_520_analysis_set","within_cow_random5",1,"MemoryCalibrationAverage_0p50",444,444,"C013","S01","measurement_group_1","measurement_status_1","thermal_warm","C013_S01",34.1,22.9,22,39.1,39.2049050528606,39.131793448394,39.1373090802804,39.1143272807537,39.1683492506273,-0.0683492506272998,0.5,0.5,-0.104905052860637,-0.0317934483939695,"global_k1_t2_e03_a5","session_k3_o06_t2_e08_a35_b075",FALSE,FALSE,1.0846197490365,1.56792945561265
"all_measured_520_analysis_set","within_cow_random5",1,"MemoryCalibrationAverage_0p50",446,446,"C014","S01","measurement_group_1","measurement_status_1","thermal_cold","C014_S00",29.6,8.2,13,38,37.5,38.0963672893887,38.2824233082909,37.5668232355903,37.7981836446944,0.201816355305631,0.5,0.5,0.5,-0.0963672893887377,"global_k1_t2_e03_a5","session_k3_o06_t2_e08_a35_b075",FALSE,FALSE,0.654760346318488,1.38961976234516
"all_measured_520_analysis_set","within_cow_random5",1,"MemoryCalibrationAverage_0p50",453,453,"C016","S01","measurement_group_1","measurement_status_1","thermal_cold","C016_S00",31,2.3,20,38.8,38.4444700375859,38.7029474061725,38.7336408597459,38.615589115233,38.5737087218792,0.226291278120776,0.5,0.5,0.355529962414082,0.0970525938274704,"global_k1_t2_e03_a5","session_k3_o06_t2_e08_a35_b075",FALSE,FALSE,0.361539916345504,1.03002611529317
"all_measured_520_analysis_set","within_cow_random5",1,"MemoryCalibrationAverage_0p50",455,455,"C016","S01","measurement_group_1","measurement_status_1","thermal_cold","C016_S00",31,4.5,9,38.7,38.8311880619204,38.7449937390063,38.7289650549248,38.7906138398535,38.7880909004633,-0.0880909004633139,0.5,0.5,-0.131188061920348,-0.04499373900628,"global_k1_t2_e03_a5","session_k3_o06_t2_e08_a35_b075",FALSE,FALSE,0.333333333333338,0
"all_measured_520_analysis_set","within_cow_random5",1,"MemoryCalibrationAverage_0p50",461,461,"C018","S01","measurement_group_1","measurement_status_1","thermal_cold","C018_S00",32.7,4.6,9,38.8,38.7489409703674,38.819745951062,38.8266837176514,38.8,38.7843434607147,0.0156565392852954,0.5,0.5,0.0510590296326328,-0.0197459510620419,"global_k1_t2_e03_a5","session_k3_o06_t2_e08_a35_b075",FALSE,FALSE,0.361539916345504,0
"all_measured_520_analysis_set","within_cow_random5",1,"MemoryCalibrationAverage_0p50",464,464,"C018","S01","measurement_group_1","measurement_status_1","thermal_cold","C018_S00",33,8.8,15,38.8,38.7992462171872,38.7556391238544,38.7400528700735,38.8,38.7774426705208,0.0225573294791914,0.5,0.5,0.000753782812758175,0.0443608761456247,"global_k1_t2_e03_a5","session_k3_o06_t2_e08_a35_b075",FALSE,FALSE,0.333333333333338,0
"all_measured_520_analysis_set","within_cow_random5",1,"MemoryCalibrationAverage_0p50",468,468,"C019","S01","measurement_group_1","measurement_status_1","thermal_warm","C019_S01",34.4,29,20,39.5,39.494452263977,39.4929178043875,39.4906813215625,39.5,39.4936850341823,0.00631496581770818,0.5,0.5,0.00554773602295455,0.00708219561246892,"global_k1_t2_e03_a5","session_k3_o06_t2_e08_a35_b075",FALSE,FALSE,0.616116872029975,1.5826457511699
"all_measured_520_analysis_set","within_cow_random5",1,"MemoryCalibrationAverage_0p50",469,469,"C020","S01","measurement_group_1","measurement_status_1","thermal_hot","C020_S03",38.4,32,21,40.2,40.149408296951,40.2200884732026,40.1742884851828,40.3651217685985,40.1847483850768,0.0152516149232298,0.5,0.5,0.0505917030490508,-0.0200884732025983,"global_k1_t2_e03_a5","session_k3_o06_t2_e08_a35_b075",FALSE,FALSE,0.78,1.62060543052627
"all_measured_520_analysis_set","within_cow_random5",1,"MemoryCalibrationAverage_0p50",478,478,"C021","S01","measurement_group_1","measurement_status_1","thermal_cool","C021_S00",32,18.8,13,38.2,38.2804345538833,38.2152954919764,38.1986659874575,38.2626256202227,38.2478650229298,-0.0478650229298339,0.5,0.5,-0.0804345538832507,-0.015295491976417,"global_k1_t2_e03_a5","session_k3_o06_t2_e08_a35_b075",FALSE,FALSE,0.721880260923593,0.414902728812932
"all_measured_520_analysis_set","within_cow_random5",1,"MemoryCalibrationAverage_0p50",479,479,"C022","S01","measurement_group_1","measurement_status_1","thermal_cold","C022_S00",32.5,8.6,21,38.4,38.5777525241041,38.4426765999224,38.4854289823994,38.3209967421032,38.5102145620133,-0.11021456201329,0.5,0.5,-0.177752524104143,-0.0426765999224372,"global_k1_t2_e03_a5","session_k3_o06_t2_e08_a35_b075",FALSE,FALSE,0.52,1.07845316286327
"all_measured_520_analysis_set","within_cow_random5",1,"MemoryCalibrationAverage_0p50",483,483,"C023","S01","measurement_group_1","measurement_status_1","thermal_cold","C023_S00",36.7,8.3,13,38.9,38.9219478390654,38.8931400783463,38.9929133853717,38.6091698968123,38.9075439587059,-0.00754395870586677,0.5,0.5,-0.0219478390654402,0.00685992165370664,"global_k1_t2_e03_a5","session_k3_o06_t2_e08_a35_b075",FALSE,FALSE,1.07289846262874,3.7430850833294
"all_measured_520_analysis_set","within_cow_random5",1,"MemoryCalibrationAverage_0p50",491,491,"C025","S01","measurement_group_1","measurement_status_1","thermal_cool","C025_S00",30.9,10.9,19,39.5,39.9022313965013,39.4022804604528,39.4030817033146,39.4,39.6522559284771,-0.152255928477054,0.5,0.5,-0.402231396501321,0.0977195395472137,"global_k1_t2_e03_a5","session_k3_o06_t2_e08_a35_b075",FALSE,FALSE,1.0697663296253,1.59277750886424
"all_measured_520_analysis_set","within_cow_random5",1,"MemoryCalibrationAverage_0p50",492,492,"C025","S01","measurement_group_1","measurement_status_1","thermal_cool","C025_S00",31.1,11.3,19,39.5,39.8700024884096,39.418150879996,39.4252706164648,39.3978870146616,39.6440766842028,-0.144076684202766,0.5,0.5,-0.370002488409561,0.0818491200040299,"global_k1_t2_e03_a5","session_k3_o06_t2_e08_a35_b075",FALSE,FALSE,1.45725769855575,1.8041433950833
"all_measured_520_analysis_set","within_cow_random5",1,"MemoryCalibrationAverage_0p50",494,494,"C026","S01","measurement_group_1","measurement_status_1","thermal_cold","C026_S00",32.1,3.1,1,38.6,39.0019184034282,38.7309622659226,38.7768098718271,38.6004729260408,38.8664403346754,-0.266440334675423,0.5,0.5,-0.401918403428219,-0.130962265922626,"global_k1_t2_e03_a5","session_k3_o06_t2_e08_a35_b075",FALSE,FALSE,1.10923396990896,1.16537586513085
"all_measured_520_analysis_set","within_cow_random5",1,"MemoryCalibrationAverage_0p50",496,496,"C026","S01","measurement_group_1","measurement_status_1","thermal_cool","C026_S00",35,10.4,10,38.7,38.8213937712815,38.7009075954266,38.7363608481569,38.6000021838095,38.761150683354,-0.0611506833540219,0.5,0.5,-0.121393771281475,-0.000907595426568264,"global_k1_t2_e03_a5","session_k3_o06_t2_e08_a35_b075",FALSE,FALSE,1.7,2.84479698712565
"all_measured_520_analysis_set","within_cow_random5",1,"MemoryCalibrationAverage_0p50",501,501,"C026","S01","measurement_group_1","measurement_status_1","thermal_cold","C026_S00",31.2,8.7,1,38.6,38.7222816075532,38.6978476060904,38.731686542444,38.6015367872378,38.7100646068218,-0.110064606821766,0.5,0.5,-0.122281607553155,-0.0978476060903759,"global_k1_t2_e03_a5","session_k3_o06_t2_e08_a35_b075",FALSE,FALSE,0.811610196529784,0.760662119084703
"all_measured_520_analysis_set","within_cow_random5",1,"MemoryCalibrationAverage_0p50",503,503,"C026","S01","measurement_group_1","measurement_status_1","thermal_cold","C026_S00",34.4,9.6,14,38.6,38.4235045209255,38.673256637137,38.698959824778,38.6001014107743,38.5483805790313,0.0516194209687413,0.5,0.5,0.176495479074504,-0.073256637137014,"global_k1_t2_e03_a5","session_k3_o06_t2_e08_a35_b075",FALSE,FALSE,1.05579880238193,0.726210967704642
"all_measured_520_analysis_set","within_cow_random5",1,"MemoryCalibrationAverage_0p50",507,507,"C027","S01","measurement_group_1","measurement_status_1","thermal_cold","C027_S00",32.3,3.4,10,39.8,39.3797287449026,39.5691991678676,39.0095831400292,41.161952477869,39.4744639563851,0.325536043614932,0.5,0.5,0.42027125509744,0.230800832132417,"global_k1_t2_e03_a5","session_k3_o06_t2_e08_a35_b075",FALSE,FALSE,0.628012738724303,1.89350992038439
"all_measured_520_analysis_set","within_cow_random5",1,"MemoryCalibrationAverage_0p50",508,508,"C027","S01","measurement_group_1","measurement_status_1","thermal_cold","C027_S00",30.5,6.1,13,38.8,39.1343379006255,39.0048237726429,38.9521943530779,39.1546151975587,39.0695808366342,-0.269580836634212,0.5,0.5,-0.33433790062552,-0.204823772642904,"global_k1_t2_e03_a5","session_k3_o06_t2_e08_a35_b075",FALSE,FALSE,0.34801021696369,0.685631608772411
"all_measured_520_analysis_set","within_cow_random5",1,"MemoryCalibrationAverage_0p50",509,509,"C028","S01","measurement_group_1","measurement_status_1","thermal_warm","C028_S01",33.4,28.7,3,40.3,40.2122434391918,40.2545634594311,40.2402150781988,40.3,40.2334034493114,0.0665965506885584,0.5,0.5,0.0877565608081952,0.0454365405689217,"global_k1_t2_e03_a5","session_k3_o06_t2_e08_a35_b075",FALSE,FALSE,2.01950488981829,2.39444539803528
"all_measured_520_analysis_set","within_cow_random5",1,"MemoryCalibrationAverage_0p50",510,510,"C028","S01","measurement_group_1","measurement_status_1","thermal_hot","C028_S04",36.6,37.5,11,40.2,40.0931314784922,40.2019823429776,40.2026083460231,40.2,40.1475569107349,0.0524430892651111,0.5,0.5,0.106868521507799,-0.00198234297758404,"global_k1_t2_e03_a5","session_k3_o06_t2_e08_a35_b075",FALSE,FALSE,1.23592520449707,1.60212620914292
"all_measured_520_analysis_set","within_cow_random5",2,"MemoryCalibrationAverage_0p50",3,3,"C021","S01","measurement_group_1","measurement_status_1","thermal_cool","C021_S00",31.5,18.3,13,38.2,38.194973001233,38.1841810928859,38.1293553050895,39.5,38.1895770470595,0.0104229529405444,0.5,0.5,0.00502699876697221,0.0158189071141095,"global_k2_t2_e03_a5_b1","global_k1_t2_e03_a5",FALSE,FALSE,0.58309518948453,0.58309518948453
"all_measured_520_analysis_set","within_cow_random5",2,"MemoryCalibrationAverage_0p50",4,4,"C021","S01","measurement_group_1","measurement_status_1","thermal_warm","C021_S00",32.6,20.8,14,38.4,38.0550409890505,38.1674398751422,38.1702498699398,38.1,38.1112404320964,0.288759567903632,0.5,0.5,0.344959010949466,0.232560124857798,"global_k2_t2_e03_a5_b1","global_k1_t2_e03_a5",FALSE,FALSE,0.554616984954482,0.554616984954482
"all_measured_520_analysis_set","within_cow_random5",2,"MemoryCalibrationAverage_0p50",13,13,"C003","S01","measurement_group_1","measurement_status_1","thermal_cold","C003_S00",33.6,6.8,12,38.4,38.5933968133255,38.5445490996576,38.55057197881,38.4,38.5689729564916,-0.168972956491558,0.5,0.5,-0.193396813325492,-0.144549099657624,"global_k2_t2_e03_a5_b1","global_k1_t2_e03_a5",FALSE,FALSE,0.554616984954482,0.554616984954482
"all_measured_520_analysis_set","within_cow_random5",2,"MemoryCalibrationAverage_0p50",18,18,"C003","S01","measurement_group_1","measurement_status_1","thermal_cold","C003_S00",36.4,9.1,15,38.5,38.5087074405747,38.5928058276198,38.5758394037706,39,38.5507566340972,-0.0507566340972119,0.5,0.5,-0.00870744057467476,-0.0928058276197561,"global_k2_t2_e03_a5_b1","global_k1_t2_e03_a5",FALSE,FALSE,0.835490541205839,0.835490541205839
"all_measured_520_analysis_set","within_cow_random5",2,"MemoryCalibrationAverage_0p50",21,21,"C003","S01","measurement_group_1","measurement_status_1","thermal_cold","C003_S00",33.7,5.5,23,38,38.9070247076197,38.7877844587768,38.7622754778925,39.4,38.8474045831982,-0.847404583198241,0.5,0.5,-0.907024707619669,-0.787784458776812,"global_k2_t2_e03_a5_b1","global_k1_t2_e03_a5",FALSE,FALSE,0.601257940580495,0.601257940580495
"all_measured_520_analysis_set","within_cow_random5",2,"MemoryCalibrationAverage_0p50",23,23,"C002","S01","measurement_group_1","measurement_status_1","thermal_cold","C002_S00",30.8,6.1,11,39.5,38.9555540728174,39.2638578657766,39.1706852768506,41.5,39.109705969297,0.390294030703032,0.5,0.5,0.544445927182643,0.236142134223414,"global_k2_t2_e03_a5_b1","global_k1_t2_e03_a5",FALSE,FALSE,0.333333333333326,0.333333333333326
"all_measured_520_analysis_set","within_cow_random5",2,"MemoryCalibrationAverage_0p50",25,25,"C002","S01","measurement_group_1","measurement_status_1","thermal_cold","C002_S00",34.2,6.9,12,38.5,39.086801440898,39.0916062045694,39.0954231297598,39,39.0892038227337,-0.589203822733708,0.5,0.5,-0.586801440897993,-0.591606204569416,"global_k2_t2_e03_a5_b1","global_k1_t2_e03_a5",FALSE,FALSE,0.42,0.42
"all_measured_520_analysis_set","within_cow_random5",2,"MemoryCalibrationAverage_0p50",32,32,"C002","S01","measurement_group_1","measurement_status_1","thermal_cold","C002_S00",32.6,6,21,39.7,39.4464336310801,39.2426844698157,39.248629656058,39.1,39.3445590504479,0.355440949552083,0.5,0.5,0.253566368919884,0.457315530184282,"global_k2_t2_e03_a5_b1","global_k1_t2_e03_a5",FALSE,FALSE,0.333333333333338,0.333333333333338
"all_measured_520_analysis_set","within_cow_random5",2,"MemoryCalibrationAverage_0p50",39,39,"C029","S01","measurement_group_1","measurement_status_1","thermal_cold","C029_S00",33.2,9.3,13,38.1,38.3578641764582,38.2458177832357,38.2352268575371,38.5,38.3018409798469,-0.201840979846928,0.5,0.5,-0.257864176458206,-0.145817783235657,"global_k2_t2_e03_a5_b1","global_k1_t2_e03_a5",FALSE,FALSE,0.333333333333314,0.333333333333314
"all_measured_520_analysis_set","within_cow_random5",2,"MemoryCalibrationAverage_0p50",40,40,"C029","S01","measurement_group_1","measurement_status_1","thermal_cold","C029_S00",36.3,8,13,38.5,38.335686128577,38.2909300820299,38.2613855021145,39,38.3133081053034,0.18669189469658,0.5,0.5,0.16431387142304,0.209069917970112,"global_k2_t2_e03_a5_b1","global_k1_t2_e03_a5",FALSE,FALSE,0.621861006263537,0.621861006263537
"all_measured_520_analysis_set","within_cow_random5",2,"MemoryCalibrationAverage_0p50",44,44,"C029","S01","measurement_group_1","measurement_status_1","thermal_cold","C029_S00",31.3,6,21,38.4,38.2756675273658,38.5115174245909,38.4828306506155,39.2,38.3935924759783,0.00640752402166811,0.5,0.5,0.124332472634229,-0.111517424590893,"global_k2_t2_e03_a5_b1","global_k1_t2_e03_a5",FALSE,FALSE,0.333333333333338,0.333333333333338
"all_measured_520_analysis_set","within_cow_random5",2,"MemoryCalibrationAverage_0p50",52,52,"C001","S01","measurement_group_1","measurement_status_1","thermal_cold","C001_S00",31.6,9.3,13,38,38.1944650280851,38.2098573556249,38.210268078776,38.2,38.202161191855,-0.202161191854998,0.5,0.5,-0.194465028085055,-0.209857355624941,"global_k2_t2_e03_a5_b1","global_k1_t2_e03_a5",FALSE,FALSE,0.7,0.7
"all_measured_520_analysis_set","within_cow_random5",2,"MemoryCalibrationAverage_0p50",54,54,"C001","S01","measurement_group_1","measurement_status_1","thermal_cold","C001_S00",31.8,8.8,14,38,38.2829823566879,38.2701927702338,38.2772841356602,38.1,38.2765875634608,-0.276587563460843,0.5,0.5,-0.282982356687896,-0.270192770233791,"global_k2_t2_e03_a5_b1","global_k1_t2_e03_a5",FALSE,FALSE,0.609188896083232,0.609188896083232
"all_measured_520_analysis_set","within_cow_random5",2,"MemoryCalibrationAverage_0p50",59,59,"C001","S01","measurement_group_1","measurement_status_1","thermal_cold","C001_S00",30.6,5.4,22,38.1,38.3176477771983,38.4071064217857,38.3865691893601,38.9,38.362377099492,-0.262377099491992,0.5,0.5,-0.217647777198259,-0.307106421785733,"global_k2_t2_e03_a5_b1","global_k1_t2_e03_a5",TRUE,TRUE,0,0
"all_measured_520_analysis_set","within_cow_random5",2,"MemoryCalibrationAverage_0p50",68,68,"C027","S01","measurement_group_1","measurement_status_1","thermal_cool","C027_S00",30.7,11.2,15,38.5,39.0895711850138,39.0024241524885,39.0108584921755,38.8,39.0459976687512,-0.545997668751184,0.5,0.5,-0.589571185013845,-0.502424152488516,"global_k2_t2_e03_a5_b1","global_k1_t2_e03_a5",FALSE,FALSE,1.34074606096755,1.34074606096755
"all_measured_520_analysis_set","within_cow_random5",2,"MemoryCalibrationAverage_0p50",69,69,"C027","S01","measurement_group_1","measurement_status_1","thermal_cold","C027_S00",33.9,9.1,15,38.5,38.8841008135207,38.9741322669436,39.010554444733,38.1,38.9291165402322,-0.429116540232172,0.5,0.5,-0.384100813520703,-0.474132266943641,"global_k2_t2_e03_a5_b1","global_k1_t2_e03_a5",FALSE,FALSE,0.42,0.42
"all_measured_520_analysis_set","within_cow_random5",2,"MemoryCalibrationAverage_0p50",72,72,"C027","S01","measurement_group_1","measurement_status_1","thermal_cold","C027_S00",32.7,5.5,23,38.2,39.1545446705331,39.1503600842373,39.1899584210806,38.2,39.1524523773852,-0.952452377385235,0.5,0.5,-0.954544670533139,-0.950360084237332,"global_k2_t2_e03_a5_b1","global_k1_t2_e03_a5",FALSE,FALSE,0.833573298783272,0.833573298783272
"all_measured_520_analysis_set","within_cow_random5",2,"MemoryCalibrationAverage_0p50",76,76,"C026","S01","measurement_group_1","measurement_status_1","thermal_cold","C026_S00",30.6,9,19,39,38.6929929105707,38.5959557452455,38.6124539012974,38.2,38.6444743279081,0.355525672091943,0.5,0.5,0.307007089429334,0.404044254754545,"global_k2_t2_e03_a5_b1","global_k1_t2_e03_a5",FALSE,FALSE,0.333333333333338,0.333333333333338
"all_measured_520_analysis_set","within_cow_random5",2,"MemoryCalibrationAverage_0p50",77,77,"C026","S01","measurement_group_1","measurement_status_1","thermal_cold","C026_S00",30.7,6,21,39.1,38.930017429272,38.6587168945795,38.6486634318536,38.9,38.7943671619257,0.305632838074267,0.5,0.5,0.169982570728017,0.44128310542051,"global_k2_t2_e03_a5_b1","global_k1_t2_e03_a5",FALSE,FALSE,0.612789614069222,0.612789614069222
"all_measured_520_analysis_set","within_cow_random5",2,"MemoryCalibrationAverage_0p50",84,84,"C016","S01","measurement_group_1","measurement_status_1","thermal_cold","C016_S00",33,8.8,14,38.3,38.3708666838119,38.5796135724904,38.5704308046775,38.8,38.4752401281512,-0.175240128151167,0.5,0.5,-0.0708666838119356,-0.279613572490398,"global_k2_t2_e03_a5_b1","global_k1_t2_e03_a5",FALSE,FALSE,0.5,0.5
"all_measured_520_analysis_set","within_cow_random5",2,"MemoryCalibrationAverage_0p50",86,86,"C016","S01","measurement_group_1","measurement_status_1","thermal_cold","C016_S00",32.1,9,19,39.4,38.6993399851327,38.6703513182072,38.6524492897992,39.1,38.68484565167,0.715154348330046,0.5,0.5,0.700660014867275,0.729648681792817,"global_k2_t2_e03_a5_b1","global_k1_t2_e03_a5",TRUE,TRUE,0,0
"all_measured_520_analysis_set","within_cow_random5",2,"MemoryCalibrationAverage_0p50",89,89,"C022","S01","measurement_group_1","measurement_status_1","thermal_cold","C022_S00",25.4,5.4,0,38.1,38.6233670321085,38.3913311224078,38.3951365858415,38.3,38.5073490772582,-0.407349077258161,0.5,0.5,-0.523367032108474,-0.291331122407847,"global_k2_t2_e03_a5_b1","global_k1_t2_e03_a5",FALSE,FALSE,5.51067247358352,5.51067247358352
"all_measured_520_analysis_set","within_cow_random5",2,"MemoryCalibrationAverage_0p50",94,94,"C022","S01","measurement_group_1","measurement_status_1","thermal_cold","C022_S00",31.3,9.3,13,38.2,38.6083866358487,38.3833954863362,38.4202036316002,37.5,38.4958910610925,-0.295891061092448,0.5,0.5,-0.408386635848693,-0.183395486336202,"global_k2_t2_e03_a5_b1","global_k1_t2_e03_a5",FALSE,FALSE,0.609188896083238,0.609188896083238
"all_measured_520_analysis_set","within_cow_random5",2,"MemoryCalibrationAverage_0p50",102,102,"C022","S01","measurement_group_1","measurement_status_1","thermal_cold","C022_S00",32.1,5.5,23,38.5,38.4912901990682,38.5716121342379,38.5579293064979,38.9,38.5314511666531,-0.0314511666530706,0.5,0.5,0.00870980093179696,-0.0716121342379452,"global_k2_t2_e03_a5_b1","global_k1_t2_e03_a5",FALSE,FALSE,0.333333333333338,0.333333333333338
"all_measured_520_analysis_set","within_cow_random5",2,"MemoryCalibrationAverage_0p50",106,106,"C014","S01","measurement_group_1","measurement_status_1","thermal_cold","C014_S00",31.6,6.8,12,38.1,38.1480604214837,38.2681960516909,38.229370887178,39.2,38.2081282365873,-0.108128236587277,0.5,0.5,-0.0480604214836973,-0.168196051690856,"global_k2_t2_e03_a5_b1","global_k1_t2_e03_a5",FALSE,FALSE,0.333932794303145,0.333932794303145
"all_measured_520_analysis_set","within_cow_random5",2,"MemoryCalibrationAverage_0p50",108,108,"C014","S01","measurement_group_1","measurement_status_1","thermal_cold","C014_S00",30.8,8,13,37.5,38.1564693364473,38.1781558111861,38.2064123033189,37.5,38.1673125738167,-0.667312573816716,0.5,0.5,-0.656469336447316,-0.678155811186123,"global_k2_t2_e03_a5_b1","global_k1_t2_e03_a5",FALSE,FALSE,0.677380575780293,0.677380575780293
"all_measured_520_analysis_set","within_cow_random5",2,"MemoryCalibrationAverage_0p50",112,112,"C014","S01","measurement_group_1","measurement_status_1","thermal_cold","C014_S00",32.1,9,19,39,38.5880577429635,38.4212334396413,38.3929514996263,39.1,38.5046455913024,0.495354408697622,0.5,0.5,0.411942257036522,0.57876656035873,"global_k2_t2_e03_a5_b1","global_k1_t2_e03_a5",TRUE,TRUE,0,0
"all_measured_520_analysis_set","within_cow_random5",2,"MemoryCalibrationAverage_0p50",116,116,"C023","S01","measurement_group_1","measurement_status_1","thermal_cold","C023_S00",30.7,5.4,0,38.3,38.6464834865278,39.049210642052,39.0679277521375,38.6,38.8478470642899,-0.547847064289904,0.5,0.5,-0.346483486527795,-0.749210642052013,"global_k2_t2_e03_a5_b1","global_k1_t2_e03_a5",FALSE,FALSE,0.500399840127872,0.500399840127872
"all_measured_520_analysis_set","within_cow_random5",2,"MemoryCalibrationAverage_0p50",122,122,"C023","S01","measurement_group_1","measurement_status_1","thermal_cold","C023_S00",33,8,13,38.9,38.9499420194257,38.9739934065582,39.0145764651648,38,38.9619677129919,-0.0619677129919438,0.5,0.5,-0.049942019425707,-0.0739934065581807,"global_k2_t2_e03_a5_b1","global_k1_t2_e03_a5",FALSE,FALSE,0.639930551787547,0.639930551787547
"all_measured_520_analysis_set","within_cow_random5",2,"MemoryCalibrationAverage_0p50",123,123,"C023","S01","measurement_group_1","measurement_status_1","thermal_cold","C023_S00",33.7,8.8,14,38.6,38.9706738651694,39.0843928588398,39.1045758946248,38.6,39.0275333620046,-0.427533362004596,0.5,0.5,-0.370673865169429,-0.484392858839762,"global_k2_t2_e03_a5_b1","global_k1_t2_e03_a5",FALSE,FALSE,0.333333333333314,0.333333333333314
"all_measured_520_analysis_set","within_cow_random5",2,"MemoryCalibrationAverage_0p50",130,130,"C011","S01","measurement_group_1","measurement_status_1","thermal_cool","C011_S00",28.2,13.1,11,38.1,38.4883608803316,38.2441230087289,38.1959614674259,39.4,38.3662419445302,-0.266241944530222,0.5,0.5,-0.388360880331561,-0.144123008728883,"global_k2_t2_e03_a5_b1","global_k1_t2_e03_a5",FALSE,FALSE,2.38839788235638,2.38839788235638
"all_measured_520_analysis_set","within_cow_random5",2,"MemoryCalibrationAverage_0p50",135,135,"C011","S01","measurement_group_1","measurement_status_1","thermal_cool","C011_S00",30.2,13.4,21,38.4,38.7428609666639,38.1858142358904,38.2060564957192,37.7,38.4643376012772,-0.0643376012771668,0.5,0.5,-0.342860966663942,0.214185764109601,"global_k2_t2_e03_a5_b1","global_k1_t2_e03_a5",FALSE,FALSE,0.984637553169239,0.984637553169239
"all_measured_520_analysis_set","within_cow_random5",2,"MemoryCalibrationAverage_0p50",139,139,"C004","S01","measurement_group_1","measurement_status_1","thermal_cold","C004_S00",28.8,7.9,1,37.8,38.3014335189787,37.6702071857763,37.618965818517,38.9,37.9858203523775,-0.185820352377483,0.5,0.5,-0.501433518978686,0.12979281422372,"global_k2_t2_e03_a5_b1","global_k1_t2_e03_a5",FALSE,FALSE,0.781735959970574,0.781735959970574
"all_measured_520_analysis_set","within_cow_random5",2,"MemoryCalibrationAverage_0p50",140,140,"C004","S01","measurement_group_1","measurement_status_1","thermal_cold","C004_S00",27.6,3.5,14,37.6,38.2564278705109,37.5977048618942,37.6017758978065,37.5,37.9270663662026,-0.327066366202573,0.5,0.5,-0.656427870510946,0.00229513810580073,"global_k2_t2_e03_a5_b1","global_k1_t2_e03_a5",FALSE,FALSE,0.94339811320566,0.94339811320566
"all_measured_520_analysis_set","within_cow_random5",2,"MemoryCalibrationAverage_0p50",146,146,"C004","S01","measurement_group_1","measurement_status_1","thermal_cool","C004_S00",31.1,11.3,12,37.5,37.8739131414411,37.597736541318,37.5726422305396,38.2,37.7358248413796,-0.235824841379568,0.5,0.5,-0.373913141441115,-0.097736541318028,"global_k2_t2_e03_a5_b1","global_k1_t2_e03_a5",FALSE,FALSE,0.2,0.2
"all_measured_520_analysis_set","within_cow_random5",2,"MemoryCalibrationAverage_0p50",151,151,"C028","S01","measurement_group_1","measurement_status_1","thermal_warm","C028_S01",34.5,29.7,23,40.3,40.3216522974528,40.3087478514422,40.3141094378099,40.3,40.3152000744475,-0.0152000744474634,0.5,0.5,-0.0216522974527535,-0.00874785144216617,"global_k2_t2_e03_a5_b1","session_k3_o06_t2_e08_a35_b075",FALSE,FALSE,0.601257940580508,1.77922033486581
"all_measured_520_analysis_set","within_cow_random5",2,"MemoryCalibrationAverage_0p50",152,152,"C028","S01","measurement_group_1","measurement_status_1","thermal_hot","C028_S04",36.6,36.5,15,40.2,40.1065266874124,40.2030993966357,40.2049990268318,40.2,40.154813042024,0.0451869579759574,0.5,0.5,0.0934733125876335,-0.00309939663572578,"global_k2_t2_e03_a5_b1","session_k3_o06_t2_e08_a35_b075",FALSE,FALSE,0.3,1.52362396563658
"all_measured_520_analysis_set","within_cow_random5",2,"MemoryCalibrationAverage_0p50",157,157,"C028","S01","measurement_group_1","measurement_status_1","thermal_hot","C028_S03",38.4,38.5,20,40.1,40.0714938802055,40.1132588736716,40.0518346306263,40.2134773754824,40.0923763769386,0.00762362306144126,0.5,0.5,0.0285061197944998,-0.0132588736716244,"global_k2_t2_e03_a5_b1","session_k3_o06_t2_e08_a35_b075",FALSE,FALSE,0.721387551874857,2.06383391551718
"all_measured_520_analysis_set","within_cow_random5",2,"MemoryCalibrationAverage_0p50",169,169,"C008","S01","measurement_group_1","measurement_status_1","thermal_cold","C008_S00",33.3,5.5,11,38.1,38.1878014939983,38.1940101498975,38.1687605728099,38.8,38.1909058219479,-0.0909058219479206,0.5,0.5,-0.0878014939983345,-0.0940101498975068,"global_k2_t2_e03_a5_b1","global_k1_t2_e03_a5",FALSE,FALSE,0.12,0.12
"all_measured_520_analysis_set","within_cow_random5",2,"MemoryCalibrationAverage_0p50",172,172,"C008","S01","measurement_group_1","measurement_status_1","thermal_cold","C008_S00",35,9.6,16,38.2,38.1552482181343,38.1022138949751,38.0856394739324,38.5,38.1287310565547,0.0712689434452898,0.5,0.5,0.044751781865692,0.0977861050248876,"global_k2_t2_e03_a5_b1","global_k1_t2_e03_a5",FALSE,FALSE,0.593632883186233,0.593632883186233
"all_measured_520_analysis_set","within_cow_random5",2,"MemoryCalibrationAverage_0p50",176,176,"C030","S01","measurement_group_1","measurement_status_1","thermal_cold","C030_S00",27.8,6.9,1,40.1,39.1997634216456,40.362087465619,40.4313411100198,38.7,39.7809254436323,0.319074556367703,0.5,0.5,0.900236578354409,-0.262087465619004,"global_k2_t2_e03_a5_b1","global_k1_t2_e03_a5",FALSE,FALSE,1.20201682369443,1.20201682369443
"all_measured_520_analysis_set","within_cow_random5",2,"MemoryCalibrationAverage_0p50",188,188,"C030","S01","measurement_group_1","measurement_status_1","thermal_cold","C030_S00",30.6,3,0,40.1,39.1892835449808,40.3070779408718,40.3740395217415,38.7,39.7481807429263,0.351819257073679,0.5,0.5,0.910716455019156,-0.207077940871805,"global_k2_t2_e03_a5_b1","global_k1_t2_e03_a5",FALSE,FALSE,0.04,0.04
"all_measured_520_analysis_set","within_cow_random5",2,"MemoryCalibrationAverage_0p50",189,189,"C030","S01","measurement_group_1","measurement_status_1","thermal_cold","C030_S00",27.8,6.9,21,40.2,39.4418374886983,40.3443083137723,40.4128211601795,38.7,39.8930729012353,0.306927098764703,0.5,0.5,0.758162511301705,-0.144308313772292,"global_k2_t2_e03_a5_b1","global_k1_t2_e03_a5",FALSE,FALSE,0.604648658313239,0.604648658313239
"all_measured_520_analysis_set","within_cow_random5",2,"MemoryCalibrationAverage_0p50",192,192,"C018","S01","measurement_group_1","measurement_status_1","thermal_cold","C018_S00",30.8,4.4,9,38.8,38.8431190326689,38.8808109689416,38.8883447593142,38.7,38.8619650008053,-0.0619650008052659,0.5,0.5,-0.0431190326688835,-0.0808109689416483,"global_k2_t2_e03_a5_b1","global_k1_t2_e03_a5",FALSE,FALSE,0.666966599197022,0.666966599197022
"all_measured_520_analysis_set","within_cow_random5",2,"MemoryCalibrationAverage_0p50",193,193,"C018","S01","measurement_group_1","measurement_status_1","thermal_cold","C018_S00",32.6,5.3,9,38.8,38.8480529220694,38.8127690653247,38.8133011097132,38.8,38.8304109936971,-0.0304109936970676,0.5,0.5,-0.0480529220694166,-0.0127690653247186,"global_k2_t2_e03_a5_b1","global_k1_t2_e03_a5",FALSE,FALSE,0.361539916345504,0.361539916345504
"all_measured_520_analysis_set","within_cow_random5",2,"MemoryCalibrationAverage_0p50",195,195,"C018","S01","measurement_group_1","measurement_status_1","thermal_cold","C018_S00",32.9,6.5,11,38.8,38.7132046366785,38.730045801487,38.760464376549,38,38.7216252190828,0.0783747809172297,0.5,0.5,0.0867953633214995,0.0699541985129599,"global_k2_t2_e03_a5_b1","global_k1_t2_e03_a5",FALSE,FALSE,0.506359556046887,0.506359556046887
"all_measured_520_analysis_set","within_cow_random5",2,"MemoryCalibrationAverage_0p50",200,200,"C018","S01","measurement_group_1","measurement_status_1","thermal_cold","C018_S00",32.4,7.5,0,38.8,38.4968581587684,38.7397275813005,38.7330495638546,38.9,38.6182928700344,0.181707129965559,0.5,0.5,0.303141841231579,0.0602724186995331,"global_k2_t2_e03_a5_b1","global_k1_t2_e03_a5",FALSE,FALSE,0.924361641590793,0.924361641590793
"all_measured_520_analysis_set","within_cow_random5",2,"MemoryCalibrationAverage_0p50",207,207,"C025","S01","measurement_group_1","measurement_status_1","thermal_cool","C025_S00",29.8,14.9,23,39.4,39.0535891780728,39.4223678880883,39.4774665500919,38.1,39.2379785330805,0.162021466919462,0.5,0.5,0.346410821927186,-0.0223678880882616,"global_k2_t2_e03_a5_b1","global_k1_t2_e03_a5",FALSE,FALSE,1.1551815634109,1.1551815634109
"all_measured_520_analysis_set","within_cow_random5",2,"MemoryCalibrationAverage_0p50",210,210,"C025","S01","measurement_group_1","measurement_status_1","thermal_cold","C025_S00",30,8.4,21,39.4,38.7607570019479,39.4603995492991,39.5087495305199,38.3,39.1105782756235,0.289421724376503,0.5,0.5,0.639242998052111,-0.060399549299099,"global_k2_t2_e03_a5_b1","global_k1_t2_e03_a5",FALSE,FALSE,0.14,0.14
"all_measured_520_analysis_set","within_cow_random5",2,"MemoryCalibrationAverage_0p50",212,212,"C010","S01","measurement_group_1","measurement_status_1","thermal_hot","C010_S02",37.5,32.6,14,38.6,38.652859183561,38.5938557599589,38.5900899354175,38.6,38.6233574717599,-0.0233574717599083,0.5,0.5,-0.0528591835609618,0.00614424004114511,"global_k2_t2_e03_a5_b1","session_k3_o06_t2_e08_a35_b075",FALSE,FALSE,0.61701791798222,1.02649219407153
"all_measured_520_analysis_set","within_cow_random5",2,"MemoryCalibrationAverage_0p50",213,213,"C010","S01","measurement_group_1","measurement_status_1","thermal_hot","C010_S04",37.8,34.3,13,38.7,38.6954106231538,38.6731988411749,38.6567723244757,38.7,38.6843047321644,0.0156952678356248,0.5,0.5,0.00458937684616245,0.0268011588250801,"global_k2_t2_e03_a5_b1","session_k3_o06_t2_e08_a35_b075",FALSE,FALSE,0.563560112144215,1.15931845252994
"all_measured_520_analysis_set","within_cow_random5",2,"MemoryCalibrationAverage_0p50",214,214,"C010","S01","measurement_group_1","measurement_status_1","thermal_hot","C010_S02",35.5,31.2,14,38.6,38.571540329082,38.5949231802725,38.5918115810846,38.6,38.5832317546772,0.0167682453227584,0.5,0.5,0.0284596709179894,0.0050768197275346,"global_k2_t2_e03_a5_b1","session_k3_o06_t2_e08_a35_b075",FALSE,FALSE,1.05485122700365,2.84780617317963
"all_measured_520_analysis_set","within_cow_random5",2,"MemoryCalibrationAverage_0p50",221,221,"C010","S01","measurement_group_1","measurement_status_1","thermal_hot","C010_S05",37.2,33.7,18,38.6,38.6294319472965,38.5963507909321,38.5941141789227,38.6,38.6128913691143,-0.0128913691142643,0.5,0.5,-0.0294319472964659,0.00364920906793031,"global_k2_t2_e03_a5_b1","session_k3_o06_t2_e08_a35_b075",FALSE,FALSE,0.662956341783604,0.321563023026245
"all_measured_520_analysis_set","within_cow_random5",2,"MemoryCalibrationAverage_0p50",230,230,"C019","S01","measurement_group_1","measurement_status_1","thermal_hot","C019_S01",35.7,34.8,19,39.5,39.494399194601,39.4987213528111,39.4979376658244,39.5,39.4965602737061,0.00343972629393363,0.5,0.5,0.00560080539899133,0.00127864718888304,"global_k2_t2_e03_a5_b1","session_k3_o06_t2_e08_a35_b075",FALSE,FALSE,0.63459523407531,1.85953181206741
"all_measured_520_analysis_set","within_cow_random5",2,"MemoryCalibrationAverage_0p50",234,234,"C019","S01","measurement_group_1","measurement_status_1","thermal_warm","C019_S01",31.6,21.1,23,39.5,39.5341560293749,39.5463638476722,39.5747803994714,39.5,39.5402599385236,-0.0402599385235689,0.5,0.5,-0.0341560293748984,-0.0463638476722394,"global_k2_t2_e03_a5_b1","session_k3_o06_t2_e08_a35_b075",FALSE,FALSE,0.866666666666669,0.99976258519579
"all_measured_520_analysis_set","within_cow_random5",2,"MemoryCalibrationAverage_0p50",237,237,"C019","S01","measurement_group_1","measurement_status_1","thermal_hot","C019_S04",39.7,36.3,16,39.5,39.4532712247882,39.4964532417888,39.4942794222401,39.5,39.4748622332885,0.0251377667114951,0.5,0.5,0.0467287752118395,0.00354675821115791,"global_k2_t2_e03_a5_b1","session_k3_o06_t2_e08_a35_b075",FALSE,FALSE,1.33548160268538,1.94985318361197
"all_measured_520_analysis_set","within_cow_random5",2,"MemoryCalibrationAverage_0p50",238,238,"C005","S01","measurement_group_1","measurement_status_1","thermal_warm","C005_S01",29.7,26,3,37.8,37.9342779075242,37.8321904245497,37.8519200395963,37.8,37.8832341660369,-0.0832341660369309,0.5,0.5,-0.134277907524165,-0.0321904245496896,"global_k2_t2_e03_a5_b1","session_k3_o06_t2_e08_a35_b075",FALSE,FALSE,1.4353319399281,2.69319815953647
"all_measured_520_analysis_set","within_cow_random5",2,"MemoryCalibrationAverage_0p50",244,244,"C005","S01","measurement_group_1","measurement_status_1","thermal_hot","C005_S03",34.3,33.6,21,38.2,38.2890434513142,38.2024135992825,38.2131192380984,38.1849465043724,38.2457285252984,-0.0457285252983866,0.5,0.5,-0.0890434513142466,-0.0024135992825336,"global_k2_t2_e03_a5_b1","session_k3_o06_t2_e08_a35_b075",FALSE,FALSE,0.651698635191999,1.17057230125766
"all_measured_520_analysis_set","within_cow_random5",2,"MemoryCalibrationAverage_0p50",248,248,"C005","S01","measurement_group_1","measurement_status_1","thermal_hot","C005_S01",33.6,31.4,21,37.8,37.9193269788559,37.82481839731,37.8400296730807,37.8,37.872072688083,-0.0720726880829829,0.5,0.5,-0.119326978855931,-0.0248183973100282,"global_k2_t2_e03_a5_b1","session_k3_o06_t2_e08_a35_b075",FALSE,FALSE,1.12784947774268,1.95859058955813
"all_measured_520_analysis_set","within_cow_random5",2,"MemoryCalibrationAverage_0p50",252,252,"C017","S01","measurement_group_1","measurement_status_1","thermal_hot","C017_S01",34.4,30.1,1,40.1,39.9266289707184,39.881320099354,39.9175201531786,39.8222568536403,39.9039745350362,0.196025464963803,0.5,0.5,0.173371029281626,0.218679900645981,"global_k2_t2_e03_a5_b1","session_k3_o06_t2_e08_a35_b075",FALSE,FALSE,0.839311887467619,1.13488289425538
"all_measured_520_analysis_set","within_cow_random5",2,"MemoryCalibrationAverage_0p50",259,259,"C017","S01","measurement_group_1","measurement_status_1","thermal_hot","C017_S05",36.7,34.5,19,39.6,39.3135766799643,39.3217023069419,39.307317762063,39.3451718275338,39.3176394934531,0.282360506546915,0.5,0.5,0.286423320035723,0.2782976930581,"global_k2_t2_e03_a5_b1","session_k3_o06_t2_e08_a35_b075",FALSE,FALSE,0.500399840127872,0
"all_measured_520_analysis_set","within_cow_random5",2,"MemoryCalibrationAverage_0p50",265,265,"C017","S01","measurement_group_1","measurement_status_1","thermal_hot","C017_S03",36.2,32.9,22,39.5,39.3475260017269,39.3222642107986,39.2911416422505,39.3730431384296,39.3348951062627,0.165104893737279,0.5,0.5,0.152473998273138,0.177735789201414,"global_k2_t2_e03_a5_b1","session_k3_o06_t2_e08_a35_b075",FALSE,FALSE,0.34279893685818,0.509323503128415
"all_measured_520_analysis_set","within_cow_random5",2,"MemoryCalibrationAverage_0p50",269,269,"C020","S01","measurement_group_1","measurement_status_1","thermal_hot","C020_S02",35.9,33.4,12,38.6,38.7926630130013,38.9155705637026,38.9835553399965,38.8046480339597,38.8541167883519,-0.254116788351929,0.5,0.5,-0.192663013001301,-0.315570563702551,"global_k2_t2_e03_a5_b1","session_k3_o06_t2_e08_a35_b075",FALSE,FALSE,0.602255021657034,0.275226663957714
"all_measured_520_analysis_set","within_cow_random5",2,"MemoryCalibrationAverage_0p50",270,270,"C020","S01","measurement_group_1","measurement_status_1","thermal_hot","C020_S04",35.8,34.1,13,39.2,39.0457088950713,39.0097390090581,39.0489563154104,38.9457528776413,39.0277239520647,0.172276047935298,0.5,0.5,0.154291104928731,0.190260990941866,"global_k2_t2_e03_a5_b1","session_k3_o06_t2_e08_a35_b075",FALSE,FALSE,0.32,1.31940858048884
"all_measured_520_analysis_set","within_cow_random5",2,"MemoryCalibrationAverage_0p50",276,276,"C020","S01","measurement_group_1","measurement_status_1","thermal_hot","C020_S05",38.2,37.8,20,39.5,39.1720634746287,39.419754060258,39.1460066378801,39.8663945915061,39.2959087674434,0.20409123255665,0.5,0.5,0.327936525371278,0.0802459397420137,"global_k2_t2_e03_a5_b1","session_k3_o06_t2_e08_a35_b075",FALSE,FALSE,0.807905384999452,1.61543013233989
"all_measured_520_analysis_set","within_cow_random5",2,"MemoryCalibrationAverage_0p50",286,286,"C009","S01","measurement_group_1","measurement_status_1","thermal_hot","C009_S02",37.2,35.4,14,39.4,39.9125265329835,39.5010128079982,39.5887903381693,39.357796837719,39.7067696704909,-0.306769670490873,0.5,0.5,-0.512526532983529,-0.10101280799821,"global_k2_t2_e03_a5_b1","session_k3_o06_t2_e08_a35_b075",FALSE,FALSE,0.338690287890152,2.0681285289471
"all_measured_520_analysis_set","within_cow_random5",2,"MemoryCalibrationAverage_0p50",290,290,"C009","S01","measurement_group_1","measurement_status_1","thermal_hot","C009_S05",36.7,33,21,38.7,40.0148809462162,39.8683397079182,39.6562728386741,40.2143435472113,39.9416103270672,-1.24161032706723,0.5,0.5,-1.31488094621621,-1.16833970791824,"global_k2_t2_e03_a5_b1","session_k3_o06_t2_e08_a35_b075",FALSE,FALSE,0.378828603871347,1.2877898810667
"all_measured_520_analysis_set","within_cow_random5",2,"MemoryCalibrationAverage_0p50",303,303,"C012","S01","measurement_group_1","measurement_status_1","thermal_hot","C012_S05",38.2,36.8,21,39.4,39.5445454467395,39.552663654468,39.5507588383447,39.5557715123534,39.5486045506037,-0.148604550603729,0.5,0.5,-0.144545446739485,-0.152663654467979,"global_k2_t2_e03_a5_b1","session_k3_o06_t2_e08_a35_b075",FALSE,FALSE,0.476141902284512,1.08679522736031
"all_measured_520_analysis_set","within_cow_random5",2,"MemoryCalibrationAverage_0p50",304,304,"C012","S01","measurement_group_1","measurement_status_1","thermal_hot","C012_S01",36.2,34.3,22,40.6,40.2565217877994,40.1259491858896,40.2180050423134,39.9757527885665,40.1912354868445,0.408764513155496,0.5,0.5,0.343478212200566,0.47405081411042,"global_k2_t2_e03_a5_b1","session_k3_o06_t2_e08_a35_b075",FALSE,FALSE,0.388730126323004,1.52652473867205
"all_measured_520_analysis_set","within_cow_random5",2,"MemoryCalibrationAverage_0p50",305,305,"C012","S01","measurement_group_1","measurement_status_1","thermal_hot","C012_S01",35,32.7,23,40.5,40.2595235691465,40.2608120129249,40.2387119881921,40.2968699480154,40.2601677910357,0.239832208964273,0.5,0.5,0.240476430853498,0.239187987075056,"global_k2_t2_e03_a5_b1","session_k3_o06_t2_e08_a35_b075",FALSE,FALSE,0.563560112144215,1.7664295983925
"all_measured_520_analysis_set","within_cow_random5",2,"MemoryCalibrationAverage_0p50",309,309,"C006","S01","measurement_group_1","measurement_status_1","thermal_hot","C006_S02",35.3,31.8,14,39.3,38.9012133385158,38.8000592661403,38.9663250632753,38.5287834918674,38.8506363023281,0.449363697671942,0.5,0.5,0.398786661484159,0.499940733859731,"global_k2_t2_e03_a5_b1","session_k3_o06_t2_e08_a35_b075",FALSE,FALSE,0.627304639797203,0.0577841004738433
"all_measured_520_analysis_set","within_cow_random5",2,"MemoryCalibrationAverage_0p50",311,311,"C006","S01","measurement_group_1","measurement_status_1","thermal_hot","C006_S02",38.1,36.5,15,39.7,38.9071221564229,38.8254327105889,39.0247799025207,38.5001820290159,38.8662774335059,0.833722566494117,0.5,0.5,0.792877843577138,0.874567289411104,"global_k2_t2_e03_a5_b1","session_k3_o06_t2_e08_a35_b075",FALSE,FALSE,0.361539916345505,1.50215312211092
"all_measured_520_analysis_set","within_cow_random5",2,"MemoryCalibrationAverage_0p50",315,315,"C006","S01","measurement_group_1","measurement_status_1","thermal_hot","C006_S03",35.3,31.5,21,38.5,38.579206451354,38.8300093303616,38.8079798998945,38.8659520853342,38.7046078908578,-0.204607890857801,0.5,0.5,-0.0792064513540183,-0.330009330361577,"global_k2_t2_e03_a5_b1","session_k3_o06_t2_e08_a35_b075",FALSE,FALSE,0.500399840127872,0.840931348493929
"all_measured_520_analysis_set","within_cow_random5",2,"MemoryCalibrationAverage_0p50",322,322,"C015","S01","measurement_group_1","measurement_status_1","thermal_hot","C015_S02",34.7,32.2,12,39.7,38.3903137564385,38.4357923175184,38.4566527018264,38.4017569536476,38.4130530369785,1.28694696302151,0.5,0.5,1.30968624356146,1.26420768248156,"global_k2_t2_e03_a5_b1","session_k3_o06_t2_e08_a35_b075",FALSE,FALSE,0.0400000000000006,0
"all_measured_520_analysis_set","within_cow_random5",2,"MemoryCalibrationAverage_0p50",328,328,"C015","S01","measurement_group_1","measurement_status_1","thermal_hot","C015_S02",36.9,35.3,15,38,38.3988579829685,38.4405915206743,38.5460395686186,38.2685447056071,38.4197247518214,-0.419724751821391,0.5,0.5,-0.398857982968515,-0.440591520674261,"global_k2_t2_e03_a5_b1","session_k3_o06_t2_e08_a35_b075",FALSE,FALSE,0.503587132480567,0.26770895371695
"all_measured_520_analysis_set","within_cow_random5",2,"MemoryCalibrationAverage_0p50",334,334,"C015","S01","measurement_group_1","measurement_status_1","thermal_hot","C015_S03",35.1,32.4,21,38.5,38.6427664333343,38.7202637495055,38.6651430104035,38.8101975869876,38.6815150914199,-0.181515091419868,0.5,0.5,-0.142766433334252,-0.220263749505484,"global_k2_t2_e03_a5_b1","session_k3_o06_t2_e08_a35_b075",FALSE,FALSE,0.369744656636326,0.989960946571611
"all_measured_520_analysis_set","within_cow_random5",2,"MemoryCalibrationAverage_0p50",335,335,"C015","S01","measurement_group_1","measurement_status_1","thermal_hot","C015_S03",34.2,30.8,22,38.4,38.6290753115943,38.992976114122,38.7565777997839,39.3786786269894,38.8110257128581,-0.411025712858127,0.5,0.5,-0.229075311594301,-0.59297611412196,"global_k2_t2_e03_a5_b1","session_k3_o06_t2_e08_a35_b075",FALSE,FALSE,0.674124947205232,1.41097094309825
"all_measured_520_analysis_set","within_cow_random5",2,"MemoryCalibrationAverage_0p50",340,340,"C007","S01","measurement_group_1","measurement_status_1","thermal_hot","C007_S04",37.4,32.8,12,39.8,39.775290806277,39.8547907208081,39.7664682996147,39.998895723808,39.8150407635426,-0.0150407635425651,0.5,0.5,0.0247091937230195,-0.0547907208081497,"global_k2_t2_e03_a5_b1","session_k3_o06_t2_e08_a35_b075",FALSE,FALSE,0.509901951359279,0
"all_measured_520_analysis_set","within_cow_random5",2,"MemoryCalibrationAverage_0p50",352,352,"C007","S01","measurement_group_1","measurement_status_1","thermal_warm","C007_S01",35,28.7,22,39.2,39.2555033677137,38.99805358222,39.3359099056012,38.4468143177557,39.1267784749668,0.073221525033162,0.5,0.5,-0.0555033677137189,0.20194641778005,"global_k2_t2_e03_a5_b1","session_k3_o06_t2_e08_a35_b075",FALSE,FALSE,0.5054810689938,0.205373532817302
"all_measured_520_analysis_set","within_cow_random5",2,"MemoryCalibrationAverage_0p50",353,353,"C007","S01","measurement_group_1","measurement_status_1","thermal_hot","C007_S05",35.2,30.1,22,39.4,39.6074685827561,39.6193598503653,39.6310287872838,39.6003210585511,39.6134142165607,-0.213414216560707,0.5,0.5,-0.207468582756078,-0.219359850365336,"global_k2_t2_e03_a5_b1","session_k3_o06_t2_e08_a35_b075",FALSE,FALSE,0.34801021696369,2.51216118077362
"all_measured_520_analysis_set","within_cow_random5",2,"MemoryCalibrationAverage_0p50",356,356,"C007","S01","measurement_group_1","measurement_status_1","thermal_warm","C007_S01",34.6,27.1,24,40.2,39.2336725677628,39.0218455740039,39.3511788737137,38.4845122955301,39.1277590708834,1.07224092911664,0.5,0.5,0.9663274322372,1.17815442599608,"global_k2_t2_e03_a5_b1","session_k3_o06_t2_e08_a35_b075",FALSE,FALSE,0.5,0.29801164581788
"all_measured_520_analysis_set","within_cow_random5",2,"MemoryCalibrationAverage_0p50",358,358,"C013","S01","measurement_group_1","measurement_status_1","thermal_hot","C013_S04",34.7,30,12,38.7,38.5982143270351,38.6377177968739,38.6608157478463,38.6000316663399,38.6179660619545,0.0820339380455266,0.5,0.5,0.101785672964915,0.0622822031261308,"global_k2_t2_e03_a5_b1","session_k3_o06_t2_e08_a35_b075",FALSE,FALSE,0.4,0.620100981096925
"all_measured_520_analysis_set","within_cow_random5",2,"MemoryCalibrationAverage_0p50",360,360,"C013","S01","measurement_group_1","measurement_status_1","thermal_hot","C013_S03",34.8,30.3,19,38.6,38.6614343795712,38.6447316412102,38.6574164179644,38.6240354265059,38.6530830103907,-0.0530830103906865,0.5,0.5,-0.0614343795711818,-0.0447316412101912,"global_k2_t2_e03_a5_b1","session_k3_o06_t2_e08_a35_b075",FALSE,FALSE,0.681208077201398,0.835575215670668
"all_measured_520_analysis_set","within_cow_random5",2,"MemoryCalibrationAverage_0p50",372,372,"C024","S01","measurement_group_1","measurement_status_1","thermal_hot","C024_S04",37.7,36.2,15,38.2,38.465107408793,38.5010192213738,38.5794864381594,38.3729937624078,38.4830633150834,-0.283063315083382,0.5,0.5,-0.265107408792964,-0.301019221373792,"global_k2_t2_e03_a5_b1","session_k3_o06_t2_e08_a35_b075",FALSE,FALSE,0.519230199429887,0.767498070344064
"all_measured_520_analysis_set","within_cow_random5",2,"MemoryCalibrationAverage_0p50",374,374,"C024","S01","measurement_group_1","measurement_status_1","thermal_hot","C024_S05",37.7,35.7,19,38.7,39.0075975907431,38.9811500516723,38.9768291141125,38.9882000024278,38.9943738212077,-0.294373821207692,0.5,0.5,-0.307597590743086,-0.281150051672299,"global_k2_t2_e03_a5_b1","session_k3_o06_t2_e08_a35_b075",FALSE,FALSE,0.1,0.140233850691679
"all_measured_520_analysis_set","within_cow_random5",2,"MemoryCalibrationAverage_0p50",377,377,"C024","S01","measurement_group_1","measurement_status_1","thermal_hot","C024_S01",35.4,31.9,21,40.4,40.1079464603613,40.0652527116974,40.030986042328,40.1211614880369,40.0865995860293,0.313400413970662,0.5,0.5,0.29205353963868,0.334747288302637,"global_k2_t2_e03_a5_b1","session_k3_o06_t2_e08_a35_b075",FALSE,FALSE,0.410744581353321,0.98059690739089
"all_measured_520_analysis_set","within_cow_random5",2,"MemoryCalibrationAverage_0p50",380,380,"C024","S01","measurement_group_1","measurement_status_1","thermal_hot","C024_S01",35.9,32.3,22,41.2,40.1163808472085,39.892800806301,40.0465854096428,39.641889085059,40.0045908267547,1.1954091732453,0.5,0.5,1.08361915279155,1.30719919369905,"global_k2_t2_e03_a5_b1","session_k3_o06_t2_e08_a35_b075",FALSE,FALSE,0.612789614069229,0.964013041988907
"all_measured_520_analysis_set","within_cow_random5",2,"MemoryCalibrationAverage_0p50",385,385,"C001","S01","measurement_group_1","measurement_status_1","thermal_cool","C001_S00",30.7,11.2,16,38.3,38.457932117908,38.2762522593517,38.2544294368247,38.8,38.3670921886299,-0.0670921886298572,0.5,0.5,-0.157932117907983,0.0237477406482682,"global_k2_t2_e03_a5_b1","global_k1_t2_e03_a5",FALSE,FALSE,1.24402572320672,1.24402572320672
"all_measured_520_analysis_set","within_cow_random5",2,"MemoryCalibrationAverage_0p50",392,392,"C003","S01","measurement_group_1","measurement_status_1","thermal_cold","C003_S00",32.8,6,15,38.5,38.5669945760741,38.585218152293,38.5887689086385,38.5,38.5761063641835,-0.0761063641835449,0.5,0.5,-0.06699457607413,-0.0852181522929527,"global_k2_t2_e03_a5_b1","global_k1_t2_e03_a5",FALSE,FALSE,0.342798936858203,0.342798936858203
"all_measured_520_analysis_set","within_cow_random5",2,"MemoryCalibrationAverage_0p50",401,401,"C004","S01","measurement_group_1","measurement_status_1","thermal_cold","C004_S00",32.1,7.6,8,37.6,37.7836336288841,37.7441529052817,37.6376592763351,40.3,37.7638932670829,-0.163893267082891,0.5,0.5,-0.183633628884131,-0.144152905281651,"global_k2_t2_e03_a5_b1","global_k1_t2_e03_a5",FALSE,FALSE,0.388730126323024,0.388730126323024
"all_measured_520_analysis_set","within_cow_random5",2,"MemoryCalibrationAverage_0p50",404,404,"C005","S01","measurement_group_1","measurement_status_1","thermal_hot","C005_S04",36.5,34,16,37.9,37.9082587801025,37.8741534208755,37.8945379776237,37.8408944072335,37.891206100489,0.00879389951104059,0.5,0.5,-0.00825878010245873,0.0258465791245399,"global_k2_t2_e03_a5_b1","session_k3_o06_t2_e08_a35_b075",FALSE,FALSE,0.524976189936267,1.48345036991468
"all_measured_520_analysis_set","within_cow_random5",2,"MemoryCalibrationAverage_0p50",411,411,"C008","S01","measurement_group_1","measurement_status_1","thermal_cold","C008_S00",33.9,7.9,1,38.2,38.1997578100204,38.1733309961503,38.1722197876565,38.2,38.1865444030853,0.0134555969146959,0.5,0.5,0.00024218997963743,0.0266690038497472,"global_k2_t2_e03_a5_b1","global_k1_t2_e03_a5",FALSE,FALSE,0.999999999999991,0.999999999999991
"all_measured_520_analysis_set","within_cow_random5",2,"MemoryCalibrationAverage_0p50",413,413,"C008","S01","measurement_group_1","measurement_status_1","thermal_cold","C008_S00",33.5,7.5,10,38.1,38.1354290862138,38.153588069361,38.1266542389177,38.8,38.1445085777874,-0.0445085777874041,0.5,0.5,-0.0354290862138242,-0.0535880693609911,"global_k2_t2_e03_a5_b1","global_k1_t2_e03_a5",FALSE,FALSE,0.879115717323071,0.879115717323071
"all_measured_520_analysis_set","within_cow_random5",2,"MemoryCalibrationAverage_0p50",415,415,"C009","S01","measurement_group_1","measurement_status_1","thermal_hot","C009_S05",35.9,33.8,18,39.7,39.9500337664421,39.5707584477137,39.579586412204,39.5563549267033,39.7603961070779,-0.0603961070778851,0.5,0.5,-0.250033766442058,0.129241552286288,"global_k2_t2_e03_a5_b1","session_k3_o06_t2_e08_a35_b075",FALSE,FALSE,0.34801021696369,1.36817777749787
"all_measured_520_analysis_set","within_cow_random5",2,"MemoryCalibrationAverage_0p50",420,420,"C009","S01","measurement_group_1","measurement_status_1","thermal_hot","C009_S02",36.1,32.2,16,39.6,39.9070010270251,39.6005491972229,39.598834923969,39.6033461693741,39.753775112124,-0.153775112124002,0.5,0.5,-0.307001027025088,-0.000549197222916575,"global_k2_t2_e03_a5_b1","session_k3_o06_t2_e08_a35_b075",FALSE,FALSE,0.627304639797216,1.37434018388574
"all_measured_520_analysis_set","within_cow_random5",2,"MemoryCalibrationAverage_0p50",430,430,"C011","S01","measurement_group_1","measurement_status_1","thermal_cold","C011_S00",27.7,9.9,12,38.1,38.6478894515925,38.1324545131096,38.1588067844892,37.5,38.390171982351,-0.290171982351033,0.5,0.5,-0.547889451592482,-0.0324545131095917,"global_k2_t2_e03_a5_b1","global_k1_t2_e03_a5",FALSE,FALSE,0.769097595309663,0.769097595309663
"all_measured_520_analysis_set","within_cow_random5",2,"MemoryCalibrationAverage_0p50",435,435,"C012","S01","measurement_group_1","measurement_status_1","thermal_hot","C012_S05",37.1,35.2,20,39.5,39.5686762463242,39.5763521015498,39.5254616405572,39.6593839063274,39.572514173937,-0.0725141739370017,0.5,0.5,-0.0686762463241593,-0.0763521015498441,"global_k2_t2_e03_a5_b1","session_k3_o06_t2_e08_a35_b075",FALSE,FALSE,0.342798936858203,0.75624759889801
"all_measured_520_analysis_set","within_cow_random5",2,"MemoryCalibrationAverage_0p50",436,436,"C012","S01","measurement_group_1","measurement_status_1","thermal_hot","C012_S01",35.7,31.9,19,40.2,40.1939632596822,40.0878449185925,40.1851171166779,39.9291376480322,40.1409040891374,0.0590959108626379,0.5,0.5,0.00603674031781765,0.112155081407465,"global_k2_t2_e03_a5_b1","session_k3_o06_t2_e08_a35_b075",FALSE,FALSE,0.335724754987026,2.26999836424966
"all_measured_520_analysis_set","within_cow_random5",2,"MemoryCalibrationAverage_0p50",437,437,"C012","S01","measurement_group_1","measurement_status_1","thermal_hot","C012_S01",35.5,35.9,20,40.3,40.230069682068,40.0910700642593,40.1708666427269,39.9608756467595,40.1605698731636,0.139430126836366,0.5,0.5,0.069930317932041,0.208929935740692,"global_k2_t2_e03_a5_b1","session_k3_o06_t2_e08_a35_b075",FALSE,FALSE,0.668962712795798,2.09922544024685
"all_measured_520_analysis_set","within_cow_random5",2,"MemoryCalibrationAverage_0p50",448,448,"C014","S01","measurement_group_1","measurement_status_1","thermal_cold","C014_S00",33,3.6,10,38.3,39.0742396023844,38.3466671592879,38.3777782909249,37.6,38.7104533808361,-0.410453380836145,0.5,0.5,-0.774239602384398,-0.0466671592878924,"global_k2_t2_e03_a5_b1","global_k1_t2_e03_a5",FALSE,FALSE,0.5054810689938,0.5054810689938
"all_measured_520_analysis_set","within_cow_random5",2,"MemoryCalibrationAverage_0p50",451,451,"C016","S01","measurement_group_1","measurement_status_1","thermal_cold","C016_S00",33.5,5.8,17,38.7,38.9868332861232,38.7145429541379,38.6609822438936,40,38.8506881201305,-0.150688120130539,0.5,0.5,-0.286833286123219,-0.014542954137859,"global_k2_t2_e03_a5_b1","global_k1_t2_e03_a5",FALSE,FALSE,1.36163300651991,1.36163300651991
"all_measured_520_analysis_set","within_cow_random5",2,"MemoryCalibrationAverage_0p50",467,467,"C019","S01","measurement_group_1","measurement_status_1","thermal_hot","C019_S05",37.4,32.5,23,39.5,39.6525714996681,39.6026689611501,39.6142492583073,39.5837747921041,39.6276202304091,-0.127620230409107,0.5,0.5,-0.15257149966812,-0.102668961150101,"global_k2_t2_e03_a5_b1","session_k3_o06_t2_e08_a35_b075",FALSE,FALSE,0.845011505510088,0.628437260211927
"all_measured_520_analysis_set","within_cow_random5",2,"MemoryCalibrationAverage_0p50",476,476,"C021","S01","measurement_group_1","measurement_status_1","thermal_cool","C021_S00",32.9,15.1,11,38.3,38.3507507462807,38.2400989249112,38.2167697134491,38.8,38.2954248355959,0.00457516440408767,0.5,0.5,-0.05075074628067,0.0599010750888382,"global_k2_t2_e03_a5_b1","global_k1_t2_e03_a5",FALSE,FALSE,0.952283804569009,0.952283804569009
"all_measured_520_analysis_set","within_cow_random5",2,"MemoryCalibrationAverage_0p50",477,477,"C021","S01","measurement_group_1","measurement_status_1","thermal_warm","C021_S00",31.8,23.2,12,38.2,38.4678091598665,38.2037274628839,38.1538827738374,39.4,38.3357683113752,-0.135768311375188,0.5,0.5,-0.267809159866495,-0.00372746288387305,"global_k2_t2_e03_a5_b1","global_k1_t2_e03_a5",FALSE,FALSE,1.08568462783218,1.08568462783218
"all_measured_520_analysis_set","within_cow_random5",2,"MemoryCalibrationAverage_0p50",480,480,"C022","S01","measurement_group_1","measurement_status_1","thermal_cold","C022_S00",30.7,2.3,21,38.4,38.4153687097865,38.5357783552955,38.5706024534328,37.7,38.475573532541,-0.075573532540993,0.5,0.5,-0.0153687097865003,-0.135778355295486,"global_k2_t2_e03_a5_b1","global_k1_t2_e03_a5",FALSE,FALSE,0.845011505510097,0.845011505510097
"all_measured_520_analysis_set","within_cow_random5",2,"MemoryCalibrationAverage_0p50",481,481,"C022","S01","measurement_group_1","measurement_status_1","thermal_cold","C022_S00",25.5,4.6,22,38.4,38.9710471258228,38.5895147628448,38.6015778779634,38.3,38.7802809443338,-0.380280944333848,0.5,0.5,-0.571047125822851,-0.189514762844844,"global_k2_t2_e03_a5_b1","global_k1_t2_e03_a5",FALSE,FALSE,5.54083427332423,5.54083427332423
"all_measured_520_analysis_set","within_cow_random5",2,"MemoryCalibrationAverage_0p50",489,489,"C025","S01","measurement_group_1","measurement_status_1","thermal_warm","C025_S00",30.9,22.3,11,39.4,39.2314152494339,39.339651748475,39.3996372379948,37.9,39.2855334989545,0.114466501045548,0.5,0.5,0.168584750566104,0.0603482515249851,"global_k2_t2_e03_a5_b1","global_k1_t2_e03_a5",FALSE,FALSE,1.32329554941861,1.32329554941861
"all_measured_520_analysis_set","within_cow_random5",2,"MemoryCalibrationAverage_0p50",493,493,"C025","S01","measurement_group_1","measurement_status_1","thermal_cool","C025_S00",31.4,11.4,1,39.4,39.5342926100466,39.5111450458284,39.5116094227379,39.5,39.5227188279375,-0.122718827937526,0.5,0.5,-0.134292610046643,-0.111145045828401,"global_k2_t2_e03_a5_b1","global_k1_t2_e03_a5",FALSE,FALSE,0.388730126323014,0.388730126323014
"all_measured_520_analysis_set","within_cow_random5",2,"MemoryCalibrationAverage_0p50",498,498,"C026","S01","measurement_group_1","measurement_status_1","thermal_cold","C026_S00",31.4,8.2,17,38.7,38.9766303108991,38.610705610072,38.602818343825,38.8,38.7936679604856,-0.0936679604855613,0.5,0.5,-0.27663031089908,0.0892943899279572,"global_k2_t2_e03_a5_b1","global_k1_t2_e03_a5",FALSE,FALSE,1.43086609358729,1.43086609358729
"all_measured_520_analysis_set","within_cow_random5",2,"MemoryCalibrationAverage_0p50",499,499,"C026","S01","measurement_group_1","measurement_status_1","thermal_cold","C026_S00",29.3,6.8,22,38.7,38.6283686726665,38.6129550745802,38.6259948693544,38.3,38.6206618736234,0.0793381263766335,0.5,0.5,0.0716313273334634,0.0870449254198036,"global_k2_t2_e03_a5_b1","global_k1_t2_e03_a5",FALSE,FALSE,1,1
"all_measured_520_analysis_set","within_cow_random5",2,"MemoryCalibrationAverage_0p50",504,504,"C027","S01","measurement_group_1","measurement_status_1","thermal_cold","C027_S00",31.6,8.7,2,39,39.0702939997663,39.1406672848065,39.1631950883401,38.6,39.1054806422864,-0.105480642286437,0.5,0.5,-0.070293999766335,-0.14066728480654,"global_k2_t2_e03_a5_b1","global_k1_t2_e03_a5",FALSE,FALSE,1.16666666666667,1.16666666666667
"all_measured_520_analysis_set","within_cow_random5",2,"MemoryCalibrationAverage_0p50",511,511,"C028","S01","measurement_group_1","measurement_status_1","thermal_hot","C028_S04",35.9,37.5,16,40.2,40.1094489321098,40.2047275561447,40.207625090556,40.2,40.1570882441273,0.0429117558727157,0.5,0.5,0.0905510678901678,-0.00472755614473641,"global_k2_t2_e03_a5_b1","session_k3_o06_t2_e08_a35_b075",FALSE,FALSE,1.34785426182177,1.99847447488262
"all_measured_520_analysis_set","within_cow_random5",2,"MemoryCalibrationAverage_0p50",514,514,"C029","S01","measurement_group_1","measurement_status_1","thermal_cool","C029_S00",34.6,10.9,16,38.4,38.4892463833493,38.2667967406073,38.2529132714659,38.6,38.3780215619783,0.0219784380216979,0.5,0.5,-0.0892463833493053,0.133203259392694,"global_k2_t2_e03_a5_b1","global_k1_t2_e03_a5",FALSE,FALSE,0.34801021696369,0.34801021696369
"all_measured_520_analysis_set","within_cow_random5",2,"MemoryCalibrationAverage_0p50",515,515,"C029","S01","measurement_group_1","measurement_status_1","thermal_cold","C029_S00",36.8,6.4,11,38.3,38.3298986601023,38.3332323252351,38.3429503387866,38.1,38.3315654926687,-0.0315654926686904,0.5,0.5,-0.0298986601022619,-0.0332323252351188,"global_k2_t2_e03_a5_b1","global_k1_t2_e03_a5",FALSE,FALSE,0.883654029835447,0.883654029835447
"all_measured_520_analysis_set","within_cow_random5",2,"MemoryCalibrationAverage_0p50",519,519,"C030","S01","measurement_group_1","measurement_status_1","thermal_cold","C030_S00",30.6,5.6,13,40.2,40.0842506625689,40.2035785793973,40.2620610202055,38.8,40.1439146209831,0.056085379016892,0.5,0.5,0.115749337431062,-0.0035785793972849,"global_k2_t2_e03_a5_b1","global_k1_t2_e03_a5",FALSE,FALSE,0.34801021696369,0.34801021696369
"all_measured_520_analysis_set","within_cow_random5",3,"MemoryCalibrationAverage_0p50",7,7,"C021","S01","measurement_group_1","measurement_status_1","thermal_cool","C021_S00",29.3,11.8,22,38.3,38.2507529290991,38.2965518561474,38.2963317618589,38.3,38.2736523926232,0.0263476073767492,0.5,0.5,0.0492470709008614,0.00344814385263703,"global_k2_t2_e03_a5_b1","global_k1_t2_e03_a5",FALSE,FALSE,0.833573298783281,0.833573298783281
"all_measured_520_analysis_set","within_cow_random5",3,"MemoryCalibrationAverage_0p50",8,8,"C021","S01","measurement_group_1","measurement_status_1","thermal_cool","C021_S00",29.2,10.9,23,38.2,38.1353519667769,38.2854082157857,38.2589449104104,38.7,38.2103800912813,-0.0103800912813199,0.5,0.5,0.0646480332231008,-0.0854082157857334,"global_k2_t2_e03_a5_b1","global_k1_t2_e03_a5",FALSE,FALSE,1.01661748514921,1.01661748514921
"all_measured_520_analysis_set","within_cow_random5",3,"MemoryCalibrationAverage_0p50",14,14,"C003","S01","measurement_group_1","measurement_status_1","thermal_cold","C003_S00",33.3,9.3,13,38.5,38.3131677804039,38.4437634019136,38.4657057467166,38.1,38.3784655911587,0.121534408841278,0.5,0.5,0.186832219596127,0.0562365980864286,"global_k2_t2_e03_a5_b1","global_k1_t2_e03_a5",FALSE,FALSE,0.333333333333314,0.333333333333314
"all_measured_520_analysis_set","within_cow_random5",3,"MemoryCalibrationAverage_0p50",16,16,"C003","S01","measurement_group_1","measurement_status_1","thermal_cool","C003_S00",33.1,11.2,14,38.5,38.3488377130731,38.4562257149418,38.4853465052572,38,38.4025317140074,0.0974682859925551,0.5,0.5,0.151162286926905,0.0437742850582055,"global_k2_t2_e03_a5_b1","global_k1_t2_e03_a5",FALSE,FALSE,0.584389520021632,0.584389520021632
"all_measured_520_analysis_set","within_cow_random5",3,"MemoryCalibrationAverage_0p50",22,22,"C002","S01","measurement_group_1","measurement_status_1","thermal_cold","C002_S00",32.9,5.4,0,38.2,38.8756725845099,39.1321504644116,39.1916494302251,38.2,39.0039115244607,-0.80391152446073,0.5,0.5,-0.675672584509847,-0.93215046441162,"global_k2_t2_e03_a5_b1","global_k1_t2_e03_a5",FALSE,FALSE,0.833573298783272,0.833573298783272
"all_measured_520_analysis_set","within_cow_random5",3,"MemoryCalibrationAverage_0p50",24,24,"C002","S01","measurement_group_1","measurement_status_1","thermal_cold","C002_S00",33.1,5,11,39.1,39.0979780118328,39.1076240361106,39.1591745065006,38.3,39.1028010239717,-0.00280102397171333,0.5,0.5,0.00202198816716503,-0.0076240361105917,"global_k2_t2_e03_a5_b1","global_k1_t2_e03_a5",FALSE,FALSE,0.662956341783616,0.662956341783616
"all_measured_520_analysis_set","within_cow_random5",3,"MemoryCalibrationAverage_0p50",33,33,"C002","S01","measurement_group_1","measurement_status_1","thermal_cold","C002_S00",33.2,5.4,22,39.6,39.3845473524535,39.2373263346476,39.2397088666464,39.2,39.3109368435505,0.289063156449465,0.5,0.5,0.215452647546499,0.362673665352432,"global_k2_t2_e03_a5_b1","global_k1_t2_e03_a5",FALSE,FALSE,1.11821285987954,1.11821285987954
"all_measured_520_analysis_set","within_cow_random5",3,"MemoryCalibrationAverage_0p50",35,35,"C029","S01","measurement_group_1","measurement_status_1","thermal_cold","C029_S00",31.8,5.4,0,38.1,38.5625467437109,38.4196333044243,38.3953545791748,38.8,38.4910900240676,-0.391090024067616,0.5,0.5,-0.462546743710945,-0.319633304424279,"global_k2_t2_e03_a5_b1","global_k1_t2_e03_a5",FALSE,FALSE,0.500399840127872,0.500399840127872
"all_measured_520_analysis_set","within_cow_random5",3,"MemoryCalibrationAverage_0p50",38,38,"C029","S01","measurement_group_1","measurement_status_1","thermal_cold","C029_S00",33.1,6.8,12,38.2,38.108973926196,38.3711255935868,38.3309846740285,39,38.2400497598914,-0.0400497598913532,0.5,0.5,0.0910260738040449,-0.171125593586751,"global_k2_t2_e03_a5_b1","global_k1_t2_e03_a5",FALSE,FALSE,0.333333333333338,0.333333333333338
"all_measured_520_analysis_set","within_cow_random5",3,"MemoryCalibrationAverage_0p50",49,49,"C001","S01","measurement_group_1","measurement_status_1","thermal_cold","C001_S00",33.1,6.1,11,39.2,38.2202353429079,38.1830019785792,38.1882999772119,38.1,38.2016186607436,0.998381339256447,0.5,0.5,0.979764657092076,1.01699802142082,"global_k2_t2_e03_a5_b1","global_k1_t2_e03_a5",FALSE,FALSE,0.568076677140608,0.568076677140608
"all_measured_520_analysis_set","within_cow_random5",3,"MemoryCalibrationAverage_0p50",53,53,"C001","S01","measurement_group_1","measurement_status_1","thermal_cold","C001_S00",33.3,8,13,38.2,38.0417946619366,38.1476444016214,38.1506855336398,38.1,38.094719531779,0.105280468221025,0.5,0.5,0.158205338063446,0.052355598378611,"global_k2_t2_e03_a5_b1","global_k1_t2_e03_a5",FALSE,FALSE,0.422742369666324,0.422742369666324
"all_measured_520_analysis_set","within_cow_random5",3,"MemoryCalibrationAverage_0p50",56,56,"C001","S01","measurement_group_1","measurement_status_1","thermal_cool","C001_S00",33.9,11.2,15,38.1,38.1302086388033,38.2023407689404,38.1961072010004,38.3,38.1662747038719,-0.0662747038718621,0.5,0.5,-0.0302086388033302,-0.102340768940394,"global_k2_t2_e03_a5_b1","global_k1_t2_e03_a5",TRUE,TRUE,0,0
"all_measured_520_analysis_set","within_cow_random5",3,"MemoryCalibrationAverage_0p50",61,61,"C027","S01","measurement_group_1","measurement_status_1","thermal_cold","C027_S00",29.5,5.4,0,38.9,38.8460161545678,38.8027024070894,38.8539387309462,38,38.8243592808286,0.0756407191714104,0.5,0.5,0.0539838454322137,0.0972975929105999,"global_k2_t2_e03_a5_b1","global_k1_t2_e03_a5",FALSE,FALSE,1,1
"all_measured_520_analysis_set","within_cow_random5",3,"MemoryCalibrationAverage_0p50",70,70,"C027","S01","measurement_group_1","measurement_status_1","thermal_cold","C027_S00",32.3,9,19,39.1,39.1279166370327,39.0057814460095,39.0061504744782,39,39.0668490415211,0.0331509584789131,0.5,0.5,-0.0279166370326962,0.0942185539905225,"global_k2_t2_e03_a5_b1","global_k1_t2_e03_a5",FALSE,FALSE,0.666666666666653,0.666666666666653
"all_measured_520_analysis_set","within_cow_random5",3,"MemoryCalibrationAverage_0p50",73,73,"C026","S01","measurement_group_1","measurement_status_1","thermal_cold","C026_S00",28.6,5.4,0,38.3,38.3923472358914,38.6968830135224,38.6839180994919,38.9,38.5446151247069,-0.244615124706897,0.5,0.5,-0.0923472358913529,-0.396883013522434,"global_k2_t2_e03_a5_b1","global_k1_t2_e03_a5",FALSE,FALSE,0.333333333333326,0.333333333333326
"all_measured_520_analysis_set","within_cow_random5",3,"MemoryCalibrationAverage_0p50",83,83,"C016","S01","measurement_group_1","measurement_status_1","thermal_cold","C016_S00",31.9,9.3,13,38.1,38.3857313630428,38.5910277038824,38.6287528764706,38,38.4883795334626,-0.388379533462611,0.5,0.5,-0.285731363042835,-0.491027703882388,"global_k2_t2_e03_a5_b1","global_k1_t2_e03_a5",FALSE,FALSE,0.609188896083232,0.609188896083232
"all_measured_520_analysis_set","within_cow_random5",3,"MemoryCalibrationAverage_0p50",87,87,"C016","S01","measurement_group_1","measurement_status_1","thermal_cold","C016_S00",31.1,6,21,38.6,39.2236452244305,38.9415967191984,38.9251028927642,39.2,39.0826209718145,-0.482620971814463,0.5,0.5,-0.62364522443054,-0.341596719198378,"global_k2_t2_e03_a5_b1","global_k1_t2_e03_a5",FALSE,FALSE,0.333333333333326,0.333333333333326
"all_measured_520_analysis_set","within_cow_random5",3,"MemoryCalibrationAverage_0p50",90,90,"C022","S01","measurement_group_1","measurement_status_1","thermal_cold","C022_S00",25.3,5,11,38.3,38.7676714887076,38.3136919759154,38.2762680594845,38.9,38.5406817323115,-0.240681732311515,0.5,0.5,-0.467671488707623,-0.0136919759154068,"global_k2_t2_e03_a5_b1","global_k1_t2_e03_a5",FALSE,FALSE,4.33333333333334,4.33333333333334
"all_measured_520_analysis_set","within_cow_random5",3,"MemoryCalibrationAverage_0p50",93,93,"C022","S01","measurement_group_1","measurement_status_1","thermal_cold","C022_S00",32.8,6.8,12,38.7,38.2500920984561,38.2806559491861,38.2985701587086,38,38.2653740238211,0.434625976178907,0.5,0.5,0.449907901543924,0.419344050813891,"global_k2_t2_e03_a5_b1","global_k1_t2_e03_a5",FALSE,FALSE,0.333932794303157,0.333932794303157
"all_measured_520_analysis_set","within_cow_random5",3,"MemoryCalibrationAverage_0p50",100,100,"C022","S01","measurement_group_1","measurement_status_1","thermal_cold","C022_S00",31.5,6,21,38.2,38.6524895099569,38.5803851581019,38.5918991043637,38.4,38.6164373340294,-0.416437334029411,0.5,0.5,-0.452489509956941,-0.38038515810188,"global_k2_t2_e03_a5_b1","global_k1_t2_e03_a5",FALSE,FALSE,0.666666666666664,0.666666666666664
"all_measured_520_analysis_set","within_cow_random5",3,"MemoryCalibrationAverage_0p50",105,105,"C014","S01","measurement_group_1","measurement_status_1","thermal_cold","C014_S00",31,6.1,11,38,38.4526585993974,38.4811124687156,38.2884175199102,41.5,38.4668855340565,-0.466885534056502,0.5,0.5,-0.452658599397381,-0.481112468715622,"global_k2_t2_e03_a5_b1","global_k1_t2_e03_a5",FALSE,FALSE,0.333333333333338,0.333333333333338
"all_measured_520_analysis_set","within_cow_random5",3,"MemoryCalibrationAverage_0p50",107,107,"C014","S01","measurement_group_1","measurement_status_1","thermal_cold","C014_S00",32,6.9,12,38.2,38.1006095391068,38.2402349612801,38.2236542141278,38.5,38.1704222501935,0.0295777498065206,0.5,0.5,0.0993904608931828,-0.0402349612801345,"global_k2_t2_e03_a5_b1","global_k1_t2_e03_a5",FALSE,FALSE,0.333333333333338,0.333333333333338
"all_measured_520_analysis_set","within_cow_random5",3,"MemoryCalibrationAverage_0p50",114,114,"C014","S01","measurement_group_1","measurement_status_1","thermal_cold","C014_S00",31.5,5.4,22,38.8,38.6682044329613,38.3773428694257,38.3758966696018,38.4,38.5227736511935,0.277226348806508,0.5,0.5,0.131795567038729,0.422657130574279,"global_k2_t2_e03_a5_b1","global_k1_t2_e03_a5",FALSE,FALSE,0.841929002021216,0.841929002021216
"all_measured_520_analysis_set","within_cow_random5",3,"MemoryCalibrationAverage_0p50",119,119,"C023","S01","measurement_group_1","measurement_status_1","thermal_cold","C023_S00",31.7,6.9,12,39.2,38.8653318988644,38.9242650942808,38.9385798875327,38.7,38.8947984965726,0.305201503427412,0.5,0.5,0.334668101135598,0.275734905719233,"global_k2_t2_e03_a5_b1","global_k1_t2_e03_a5",FALSE,FALSE,0.333333333333338,0.333333333333338
"all_measured_520_analysis_set","within_cow_random5",3,"MemoryCalibrationAverage_0p50",126,126,"C023","S01","measurement_group_1","measurement_status_1","thermal_cold","C023_S00",32.1,9,19,39.1,39.2943280528844,39.0360543671303,39.0383557097131,39,39.1651912100073,-0.0651912100073204,0.5,0.5,-0.194328052884352,0.0639456328697037,"global_k2_t2_e03_a5_b1","global_k1_t2_e03_a5",TRUE,TRUE,0,0
"all_measured_520_analysis_set","within_cow_random5",3,"MemoryCalibrationAverage_0p50",129,129,"C023","S01","measurement_group_1","measurement_status_1","thermal_cold","C023_S00",33.3,5.5,23,39.3,39.1861192095318,39.0924605724311,39.0855963536501,39.2,39.1392898909814,0.160710109018552,0.5,0.5,0.113880790468222,0.207539427568882,"global_k2_t2_e03_a5_b1","global_k1_t2_e03_a5",FALSE,FALSE,0.666666666666676,0.666666666666676
"all_measured_520_analysis_set","within_cow_random5",3,"MemoryCalibrationAverage_0p50",131,131,"C011","S01","measurement_group_1","measurement_status_1","thermal_cool","C011_S00",30.2,16,12,38,38.0815268959373,38.1422407254215,38.132170984491,38.3,38.1118838106794,-0.11188381067943,0.5,0.5,-0.081526895937337,-0.142240725421523,"global_k2_t2_e03_a5_b1","global_k1_t2_e03_a5",FALSE,FALSE,0.666666666666664,0.666666666666664
"all_measured_520_analysis_set","within_cow_random5",3,"MemoryCalibrationAverage_0p50",138,138,"C011","S01","measurement_group_1","measurement_status_1","thermal_cool","C011_S00",29.6,10.9,24,38.1,38.0516974728711,38.3933856500989,38.329133670318,39.4,38.222541561485,-0.122541561484994,0.5,0.5,0.0483025271288895,-0.293385650098877,"global_k2_t2_e03_a5_b1","global_k1_t2_e03_a5",FALSE,FALSE,1.1551815634109,1.1551815634109
"all_measured_520_analysis_set","within_cow_random5",3,"MemoryCalibrationAverage_0p50",147,147,"C004","S01","measurement_group_1","measurement_status_1","thermal_cold","C004_S00",31,8.6,13,37.5,37.5297863765769,37.6141946481584,37.5512709022962,38.6,37.5719905123677,-0.0719905123676767,0.5,0.5,-0.0297863765769222,-0.114194648158424,"global_k2_t2_e03_a5_b1","global_k1_t2_e03_a5",FALSE,FALSE,0.354275473482309,0.354275473482309
"all_measured_520_analysis_set","within_cow_random5",3,"MemoryCalibrationAverage_0p50",148,148,"C004","S01","measurement_group_1","measurement_status_1","thermal_cool","C004_S00",34.3,12.7,17,37.7,37.9542221429997,37.7167843605205,37.6604088941707,38.6,37.8355032517601,-0.135503251760099,0.5,0.5,-0.254222142999716,-0.0167843605204823,"global_k2_t2_e03_a5_b1","global_k1_t2_e03_a5",FALSE,FALSE,0.750732975164938,0.750732975164938
"all_measured_520_analysis_set","within_cow_random5",3,"MemoryCalibrationAverage_0p50",153,153,"C028","S01","measurement_group_1","measurement_status_1","thermal_hot","C028_S04",37.6,35.5,13,40.2,40.1064062497325,40.1416369305676,40.1356769672946,40.1569625504122,40.12402159015,0.0759784098499594,0.5,0.5,0.0935937502674733,0.0583630694324455,"global_k2_t2_e03_a5_b1","source_k8_o20_t4_e12_a60_b100",FALSE,FALSE,0.708550946964596,0.71394833302013
"all_measured_520_analysis_set","within_cow_random5",3,"MemoryCalibrationAverage_0p50",159,159,"C028","S01","measurement_group_1","measurement_status_1","thermal_hot","C028_S03",36.8,36.2,17,40.1,40.0609889390229,40.0925788381854,40.0651862587858,40.1630168994989,40.0767838886042,0.0232161113958043,0.5,0.5,0.0390110609770602,0.00742116181455543,"global_k2_t2_e03_a5_b1","source_k8_o20_t4_e12_a60_b100",FALSE,FALSE,0.860000000000001,1.32392514054903
"all_measured_520_analysis_set","within_cow_random5",3,"MemoryCalibrationAverage_0p50",174,174,"C008","S01","measurement_group_1","measurement_status_1","thermal_cold","C008_S00",31.6,3.5,22,38.3,38.1464223845511,38.4151086729009,38.390541141384,38.8,38.280765528726,0.0192344712739754,0.5,0.5,0.15357761544891,-0.115108672900952,"global_k2_t2_e03_a5_b1","global_k1_t2_e03_a5",FALSE,FALSE,0.924361641590801,0.924361641590801
"all_measured_520_analysis_set","within_cow_random5",3,"MemoryCalibrationAverage_0p50",175,175,"C008","S01","measurement_group_1","measurement_status_1","thermal_cold","C008_S00",33.6,7.9,1,38.2,38.1875323589871,38.1651827316705,38.162960352841,38.2,38.1763575453288,0.0236424546711973,0.5,0.5,0.0124676410129041,0.0348172683294905,"global_k2_t2_e03_a5_b1","global_k1_t2_e03_a5",FALSE,FALSE,0.999999999999991,0.999999999999991
"all_measured_520_analysis_set","within_cow_random5",3,"MemoryCalibrationAverage_0p50",179,179,"C030","S01","measurement_group_1","measurement_status_1","thermal_cold","C030_S00",30.6,4.3,9,40.3,40.2131551796442,40.2019181063513,40.2914022407992,38.8,40.2075366429977,0.0924633570022522,0.5,0.5,0.0868448203557577,0.0980818936487466,"global_k2_t2_e03_a5_b1","global_k1_t2_e03_a5",FALSE,FALSE,0.666966599197022,0.666966599197022
"all_measured_520_analysis_set","within_cow_random5",3,"MemoryCalibrationAverage_0p50",185,185,"C030","S01","measurement_group_1","measurement_status_1","thermal_cold","C030_S00",32.8,8.5,18,40.2,40.2819760437771,40.1744194760281,40.2940632723704,38.3,40.2281977599026,-0.0281977599026249,0.5,0.5,-0.0819760437771109,0.0255805239718683,"global_k2_t2_e03_a5_b1","global_k1_t2_e03_a5",FALSE,FALSE,0.609188896083238,0.609188896083238
"all_measured_520_analysis_set","within_cow_random5",3,"MemoryCalibrationAverage_0p50",196,196,"C018","S01","measurement_group_1","measurement_status_1","thermal_cool","C018_S00",32.7,11.7,11,38.8,38.5601806525848,38.7341217032315,38.7618315991824,38.3,38.6471511779081,0.152848822091876,0.5,0.5,0.239819347415221,0.0658782967685312,"global_k2_t2_e03_a5_b1","global_k1_t2_e03_a5",FALSE,FALSE,0.952283804569009,0.952283804569009
"all_measured_520_analysis_set","within_cow_random5",3,"MemoryCalibrationAverage_0p50",198,198,"C018","S01","measurement_group_1","measurement_status_1","thermal_cool","C018_S00",36,10.6,18,38.8,38.9433448292721,38.7639803774461,38.7552982738789,38.9,38.8536626033591,-0.0536626033591006,0.5,0.5,-0.143344829272081,0.03601962255388,"global_k2_t2_e03_a5_b1","global_k1_t2_e03_a5",FALSE,FALSE,1.52970585407784,1.52970585407784
"all_measured_520_analysis_set","within_cow_random5",3,"MemoryCalibrationAverage_0p50",201,201,"C018","S01","measurement_group_1","measurement_status_1","thermal_cold","C018_S00",34.1,4,0,38.8,38.8278678378241,38.7220097600131,38.7553295319288,38.2,38.7749387989186,0.0250612010813995,0.5,0.5,-0.0278678378240897,0.0779902399868888,"global_k2_t2_e03_a5_b1","global_k1_t2_e03_a5",FALSE,FALSE,1.12743563501919,1.12743563501919
"all_measured_520_analysis_set","within_cow_random5",3,"MemoryCalibrationAverage_0p50",203,203,"C025","S01","measurement_group_1","measurement_status_1","thermal_cool","C025_S00",29.5,16.5,10,39.5,39.0945328631264,39.3514336978167,39.4249294657625,38.2,39.2229832804716,0.277016719528447,0.5,0.5,0.405467136873597,0.148566302183298,"global_k2_t2_e03_a5_b1","global_k1_t2_e03_a5",FALSE,FALSE,1.74590314100691,1.74590314100691
"all_measured_520_analysis_set","within_cow_random5",3,"MemoryCalibrationAverage_0p50",208,208,"C025","S01","measurement_group_1","measurement_status_1","thermal_cool","C025_S00",31.4,14.3,23,39.4,39.309629250947,39.4200068273922,39.4212838589279,39.4,39.3648180391696,0.0351819608303927,0.5,0.5,0.0903707490530152,-0.0200068273922227,"global_k2_t2_e03_a5_b1","global_k1_t2_e03_a5",FALSE,FALSE,1.15602768132947,1.15602768132947
"all_measured_520_analysis_set","within_cow_random5",3,"MemoryCalibrationAverage_0p50",209,209,"C025","S01","measurement_group_1","measurement_status_1","thermal_cool","C025_S00",31.3,12.4,1,39.5,39.215715148704,39.4766301110826,39.4815213947688,39.4,39.3461726298933,0.153827370106676,0.5,0.5,0.284284851295986,0.0233698889173652,"global_k2_t2_e03_a5_b1","global_k1_t2_e03_a5",FALSE,FALSE,0.388730126323014,0.388730126323014
"all_measured_520_analysis_set","within_cow_random5",3,"MemoryCalibrationAverage_0p50",227,227,"C019","S01","measurement_group_1","measurement_status_1","thermal_hot","C019_S02",36.8,36.9,17,39.4,39.3776011113543,39.3872702571872,39.3575360830133,39.463729562206,39.3824356842708,0.0175643157292384,0.5,0.5,0.0223988886457178,0.0127297428127662,"global_k2_t2_e03_a5_b1","source_k8_o20_t4_e12_a60_b100",FALSE,FALSE,0.961688330200812,1.46714007511212
"all_measured_520_analysis_set","within_cow_random5",3,"MemoryCalibrationAverage_0p50",229,229,"C019","S01","measurement_group_1","measurement_status_1","thermal_hot","C019_S03",35.4,34.3,16,39.4,39.3941345676281,39.3825016564667,39.3459783720059,39.4764186736516,39.3883181120474,0.0116818879525979,0.5,0.5,0.0058654323719125,0.0174983435332905,"global_k2_t2_e03_a5_b1","source_k8_o20_t4_e12_a60_b100",FALSE,FALSE,0.0599999999999994,1.20933866224478
"all_measured_520_analysis_set","within_cow_random5",3,"MemoryCalibrationAverage_0p50",231,231,"C019","S01","measurement_group_1","measurement_status_1","thermal_hot","C019_S05",37.1,30.5,0,39.6,39.5351441918652,39.4182032902388,39.3937742257265,39.4810208846989,39.476673741052,0.123326258948019,0.5,0.5,0.0648558081348298,0.181796709761208,"global_k2_t2_e03_a5_b1","source_k8_o20_t4_e12_a60_b100",FALSE,FALSE,1.18743420870378,0
"all_measured_520_analysis_set","within_cow_random5",3,"MemoryCalibrationAverage_0p50",240,240,"C005","S01","measurement_group_1","measurement_status_1","thermal_hot","C005_S04",35.4,31,12,37.9,37.8987043631608,37.8877563105599,37.9106993255016,37.828759986424,37.8932303368604,0.0067696631396359,0.5,0.5,0.00129563683915279,0.012243689440119,"global_k2_t2_e03_a5_b1","source_k8_o20_t4_e12_a60_b100",FALSE,FALSE,0.833573298783272,1.32014308988752
"all_measured_520_analysis_set","within_cow_random5",3,"MemoryCalibrationAverage_0p50",243,243,"C005","S01","measurement_group_1","measurement_status_1","thermal_hot","C005_S02",39.1,35,14,37.8,37.8821802731295,37.7775841813648,37.7407111202219,37.8724006243036,37.8298822272472,-0.0298822272471568,0.5,0.5,-0.082180273129552,0.0224158186352383,"global_k2_t2_e03_a5_b1","source_k8_o20_t4_e12_a60_b100",FALSE,FALSE,0.552006441186255,1.68737139427638
"all_measured_520_analysis_set","within_cow_random5",3,"MemoryCalibrationAverage_0p50",250,250,"C005","S01","measurement_group_1","measurement_status_1","thermal_warm","C005_S01",34,27.5,0,37.8,38.0283698184872,37.8368416706118,37.8042644906079,37.9206115620503,37.9326057445495,-0.132605744549494,0.5,0.5,-0.228369818487231,-0.0368416706117571,"global_k2_t2_e03_a5_b1","source_k8_o20_t4_e12_a60_b100",FALSE,FALSE,0.600925212577334,0.886629071884692
"all_measured_520_analysis_set","within_cow_random5",3,"MemoryCalibrationAverage_0p50",251,251,"C005","S01","measurement_group_1","measurement_status_1","thermal_warm","C005_S01",32.4,27.2,1,37.8,37.9586381085153,37.8285404290192,37.8191200540106,37.8527642504697,37.8935892687672,-0.0935892687672393,0.5,0.5,-0.158638108515305,-0.0285404290191735,"global_k2_t2_e03_a5_b1","source_k8_o20_t4_e12_a60_b100",FALSE,FALSE,1.23223374405994,1.40138820063853
"all_measured_520_analysis_set","within_cow_random5",3,"MemoryCalibrationAverage_0p50",256,256,"C017","S01","measurement_group_1","measurement_status_1","thermal_hot","C017_S04",38.2,37.7,15,39,39.3775532418252,39.3719021437179,39.3653665144236,39.3887080476174,39.3747276927716,-0.374727692771557,0.5,0.5,-0.377553241825225,-0.37190214371789,"global_k2_t2_e03_a5_b1","source_k8_o20_t4_e12_a60_b100",FALSE,FALSE,0.1,0
"all_measured_520_analysis_set","within_cow_random5",3,"MemoryCalibrationAverage_0p50",263,263,"C017","S01","measurement_group_1","measurement_status_1","thermal_hot","C017_S03",36.6,33.9,21,39.4,39.254066372463,39.3637077801176,39.3351906954154,39.4370374264947,39.3088870762903,0.091112923709737,0.5,0.5,0.14593362753704,0.0362922198824265,"global_k2_t2_e03_a5_b1","source_k8_o20_t4_e12_a60_b100",FALSE,FALSE,0.0799999999999997,0
"all_measured_520_analysis_set","within_cow_random5",3,"MemoryCalibrationAverage_0p50",267,267,"C017","S01","measurement_group_1","measurement_status_1","thermal_hot","C017_S03",35.7,31.9,23,39.4,39.5053032438918,39.3866995889214,39.3171995329787,39.5654140184883,39.4460014164066,-0.0460014164065825,0.5,0.5,-0.105303243891761,0.0133004110785961,"global_k2_t2_e03_a5_b1","source_k8_o20_t4_e12_a60_b100",FALSE,FALSE,0.837164526508634,0
"all_measured_520_analysis_set","within_cow_random5",3,"MemoryCalibrationAverage_0p50",272,272,"C020","S01","measurement_group_1","measurement_status_1","thermal_hot","C020_S04",37.7,36.9,14,39.1,39.1549727667269,39.231031351718,39.2054540038385,39.2968016748368,39.1930020592225,-0.0930020592224565,0.5,0.5,-0.0549727667268982,-0.131031351718015,"global_k2_t2_e03_a5_b1","source_k8_o20_t4_e12_a60_b100",FALSE,FALSE,0.519230199429887,0.809663853432742
"all_measured_520_analysis_set","within_cow_random5",3,"MemoryCalibrationAverage_0p50",280,280,"C020","S01","measurement_group_1","measurement_status_1","thermal_hot","C020_S01",34.5,32.1,22,39.5,39.6368878934187,39.5669829453672,39.5362690198122,39.6459616110803,39.601935419393,-0.101935419392994,0.5,0.5,-0.136887893418745,-0.0669829453672435,"global_k2_t2_e03_a5_b1","source_k8_o20_t4_e12_a60_b100",FALSE,FALSE,0.690442692126664,0
"all_measured_520_analysis_set","within_cow_random5",3,"MemoryCalibrationAverage_0p50",282,282,"C020","S01","measurement_group_1","measurement_status_1","thermal_hot","C020_S01",33.9,30.9,23,39.5,39.6304171518991,39.5781597351342,39.5592588404198,39.6267620358283,39.6042884435166,-0.104288443516616,0.5,0.5,-0.13041715189906,-0.0781597351341716,"global_k2_t2_e03_a5_b1","source_k8_o20_t4_e12_a60_b100",FALSE,FALSE,0.43532873912839,0.947218149225523
"all_measured_520_analysis_set","within_cow_random5",3,"MemoryCalibrationAverage_0p50",287,287,"C009","S01","measurement_group_1","measurement_status_1","thermal_hot","C009_S04",39.3,38.8,15,39.5,39.4007431340518,39.4536353795035,39.4652389628357,39.4237975937921,39.4271892567776,0.0728107432223766,0.5,0.5,0.0992568659482487,0.0463646204964974,"global_k2_t2_e03_a5_b1","source_k8_o20_t4_e12_a60_b100",FALSE,FALSE,0.680816503259944,2.21328062186228
"all_measured_520_analysis_set","within_cow_random5",3,"MemoryCalibrationAverage_0p50",289,289,"C009","S01","measurement_group_1","measurement_status_1","thermal_hot","C009_S01",36.4,32.3,21,40.5,40.2611988887727,40.2210694843579,40.393321263095,39.7781363390339,40.2411341865653,0.258865813434724,0.5,0.5,0.238801111227303,0.278930515642145,"global_k2_t2_e03_a5_b1","source_k8_o20_t4_e12_a60_b100",FALSE,FALSE,0.633333333333336,1.2363701351582
"all_measured_520_analysis_set","within_cow_random5",3,"MemoryCalibrationAverage_0p50",293,293,"C012","S01","measurement_group_1","measurement_status_1","thermal_hot","C012_S01",34.1,30.2,1,40.3,40.3068813362283,40.4092171030158,40.4011237760876,40.4300285151168,40.3580492196221,-0.0580492196220703,0.5,0.5,-0.00688133622834641,-0.109217103015794,"global_k2_t2_e03_a5_b1","source_k8_o20_t4_e12_a60_b100",FALSE,FALSE,0.38,0.835829594541321
"all_measured_520_analysis_set","within_cow_random5",3,"MemoryCalibrationAverage_0p50",294,294,"C012","S01","measurement_group_1","measurement_status_1","thermal_hot","C012_S04",37,35,13,39.1,38.9918088728983,39.2585716968522,39.2202144446636,39.3572046310514,39.1251902848752,-0.0251902848752152,0.5,0.5,0.10819112710174,-0.158571696852171,"global_k2_t2_e03_a5_b1","source_k8_o20_t4_e12_a60_b100",FALSE,FALSE,0.34801021696369,0.756820835982847
"all_measured_520_analysis_set","within_cow_random5",3,"MemoryCalibrationAverage_0p50",295,295,"C012","S01","measurement_group_1","measurement_status_1","thermal_hot","C012_S04",36.6,35,14,39,39.0085303407518,39.292536275848,39.2336894998596,39.443856556961,39.1505333082999,-0.150533308299899,0.5,0.5,-0.00853034075179693,-0.292536275848001,"global_k2_t2_e03_a5_b1","source_k8_o20_t4_e12_a60_b100",FALSE,FALSE,0.1,0.994428926011751
"all_measured_520_analysis_set","within_cow_random5",3,"MemoryCalibrationAverage_0p50",306,306,"C006","S01","measurement_group_1","measurement_status_1","thermal_warm","C006_S01",30.1,23.5,1,39.8,39.5068683292744,39.6530247539245,39.5547020581137,39.9058545431523,39.5799465415995,0.220053458400514,0.5,0.5,0.293131670725558,0.146975246075471,"global_k2_t2_e03_a5_b1","source_k8_o20_t4_e12_a60_b100",FALSE,FALSE,1.74005108481843,2.31408729308122
"all_measured_520_analysis_set","within_cow_random5",3,"MemoryCalibrationAverage_0p50",314,314,"C006","S01","measurement_group_1","measurement_status_1","thermal_hot","C006_S01",34.4,30.8,21,39.4,39.5183498358666,39.4593250836855,39.5200857079814,39.3030834783533,39.488837459776,-0.0888374597760233,0.5,0.5,-0.118349835866553,-0.0593250836854864,"global_k2_t2_e03_a5_b1","source_k8_o20_t4_e12_a60_b100",FALSE,FALSE,0.399388421353342,0
"all_measured_520_analysis_set","within_cow_random5",3,"MemoryCalibrationAverage_0p50",318,318,"C006","S01","measurement_group_1","measurement_status_1","thermal_warm","C006_S01",33.3,28,23,39.6,39.6820698199617,39.6139682153949,39.6232702038432,39.5900488165279,39.6480190176783,-0.0480190176782997,0.5,0.5,-0.0820698199617098,-0.0139682153948897,"global_k2_t2_e03_a5_b1","source_k8_o20_t4_e12_a60_b100",FALSE,FALSE,0.448454134902461,0
"all_measured_520_analysis_set","within_cow_random5",3,"MemoryCalibrationAverage_0p50",320,320,"C015","S01","measurement_group_1","measurement_status_1","thermal_warm","C015_S01",31.7,26.6,1,38.9,39.0130250211331,39.0089093028151,38.9992392037698,39.0337752717887,39.0109671619741,-0.110967161974081,0.5,0.5,-0.113025021133069,-0.1089093028151,"global_k2_t2_e03_a5_b1","source_k8_o20_t4_e12_a60_b100",FALSE,FALSE,1.01271911209378,1.7905616747577
"all_measured_520_analysis_set","within_cow_random5",3,"MemoryCalibrationAverage_0p50",323,323,"C015","S01","measurement_group_1","measurement_status_1","thermal_hot","C015_S04",34.6,32.1,13,38.2,38.2728599641734,38.3759014447838,38.2685348126396,38.6519870702977,38.3243807044786,-0.124380704478625,0.5,0.5,-0.0728599641734178,-0.17590144478384,"global_k2_t2_e03_a5_b1","source_k8_o20_t4_e12_a60_b100",FALSE,FALSE,0.601257940580509,0
"all_measured_520_analysis_set","within_cow_random5",3,"MemoryCalibrationAverage_0p50",324,324,"C015","S01","measurement_group_1","measurement_status_1","thermal_hot","C015_S02",34.9,32.4,13,38.5,38.6556638037753,38.7008262235389,38.6343677014397,38.8717195660796,38.6782450136571,-0.17824501365709,0.5,0.5,-0.15566380377529,-0.200826223538897,"global_k2_t2_e03_a5_b1","source_k8_o20_t4_e12_a60_b100",FALSE,FALSE,0.696020433927379,0
"all_measured_520_analysis_set","within_cow_random5",3,"MemoryCalibrationAverage_0p50",330,330,"C015","S01","measurement_group_1","measurement_status_1","thermal_hot","C015_S03",35.5,33.2,19,38.5,38.6074364506974,38.6600462599163,38.5584633682688,38.9212594098669,38.6337413553069,-0.133741355306853,0.5,0.5,-0.107436450697406,-0.160046259916292,"global_k2_t2_e03_a5_b1","source_k8_o20_t4_e12_a60_b100",FALSE,FALSE,0.0200000000000003,0.177169096878909
"all_measured_520_analysis_set","within_cow_random5",3,"MemoryCalibrationAverage_0p50",339,339,"C007","S01","measurement_group_1","measurement_status_1","thermal_hot","C007_S02",36.5,32.1,12,38.4,39.1228948133533,39.1787346032203,39.1700790242466,39.2009918062957,39.1508147082868,-0.750814708286839,0.5,0.5,-0.722894813353328,-0.77873460322035,"global_k2_t2_e03_a5_b1","source_k8_o20_t4_e12_a60_b100",FALSE,FALSE,0.506359556046887,0
"all_measured_520_analysis_set","within_cow_random5",3,"MemoryCalibrationAverage_0p50",343,343,"C007","S01","measurement_group_1","measurement_status_1","thermal_hot","C007_S02",37.1,33.5,14,39.3,39.1835913909479,39.2237193754417,39.1702066049043,39.3613236425381,39.2036553831948,0.0963446168051689,0.5,0.5,0.116408609052066,0.0762806245582794,"global_k2_t2_e03_a5_b1","source_k8_o20_t4_e12_a60_b100",FALSE,FALSE,0.32,0.234520787991174
"all_measured_520_analysis_set","within_cow_random5",3,"MemoryCalibrationAverage_0p50",349,349,"C007","S01","measurement_group_1","measurement_status_1","thermal_hot","C007_S05",36.9,33.8,20,39.6,39.5896863132843,39.5454000570171,39.4870527275594,39.6954360470512,39.5675431851507,0.0324568148493256,0.5,0.5,0.0103136867157474,0.0545999429829038,"global_k2_t2_e03_a5_b1","source_k8_o20_t4_e12_a60_b100",FALSE,FALSE,0.573061951275776,0.244381304976926
"all_measured_520_analysis_set","within_cow_random5",3,"MemoryCalibrationAverage_0p50",354,354,"C007","S01","measurement_group_1","measurement_status_1","thermal_hot","C007_S03",37.2,31.8,22,40.6,40.4825679850876,40.1266761440079,40.1859641012492,39.974221396816,40.3046220645478,0.295377935452251,0.5,0.5,0.117432014912389,0.473323855992113,"global_k2_t2_e03_a5_b1","source_k8_o20_t4_e12_a60_b100",FALSE,FALSE,0.845011505510088,0
"all_measured_520_analysis_set","within_cow_random5",3,"MemoryCalibrationAverage_0p50",363,363,"C013","S01","measurement_group_1","measurement_status_1","thermal_warm","C013_S03",34.8,29.8,21,38.5,38.7241720022873,38.8068042079523,38.7419766621988,38.9735036113184,38.7654881051198,-0.265488105119822,0.5,0.5,-0.224172002287347,-0.306804207952297,"global_k2_t2_e03_a5_b1","source_k8_o20_t4_e12_a60_b100",FALSE,FALSE,0.677380575780281,0
"all_measured_520_analysis_set","within_cow_random5",3,"MemoryCalibrationAverage_0p50",365,365,"C013","S01","measurement_group_1","measurement_status_1","thermal_warm","C013_S01",33,25.7,23,39.1,39.1043677684962,39.1817210982436,39.2232703692963,39.0748801155366,39.1430444333699,-0.0430444333698787,0.5,0.5,-0.00436776849615939,-0.081721098243591,"global_k2_t2_e03_a5_b1","source_k8_o20_t4_e12_a60_b100",FALSE,FALSE,0.606226946869829,0
"all_measured_520_analysis_set","within_cow_random5",3,"MemoryCalibrationAverage_0p50",376,376,"C024","S01","measurement_group_1","measurement_status_1","thermal_hot","C024_S05",37.9,35.1,20,38.9,38.9345965496372,38.8782655006656,38.9043961669191,38.8110723588709,38.9064310251514,-0.00643102515142147,0.5,0.5,-0.03459654963725,0.0217344993344071,"global_k2_t2_e03_a5_b1","source_k8_o20_t4_e12_a60_b100",FALSE,FALSE,0.552006441186255,0
"all_measured_520_analysis_set","within_cow_random5",3,"MemoryCalibrationAverage_0p50",378,378,"C024","S01","measurement_group_1","measurement_status_1","thermal_hot","C024_S03",36.5,33.6,21,38.4,38.4716712223833,38.6289258639581,38.4586391370095,39.0668060189687,38.5502985431707,-0.150298543170727,0.5,0.5,-0.0716712223833369,-0.228925863958118,"global_k2_t2_e03_a5_b1","source_k8_o20_t4_e12_a60_b100",FALSE,FALSE,0.361539916345504,0
"all_measured_520_analysis_set","within_cow_random5",3,"MemoryCalibrationAverage_0p50",383,383,"C024","S01","measurement_group_1","measurement_status_1","thermal_warm","C024_S01",34,28.8,24,40.2,40.5908653332336,40.4640010521918,40.4552854353465,40.4864126383657,40.5274331927127,-0.327433192712739,0.5,0.5,-0.390865333233634,-0.264001052191844,"global_k2_t2_e03_a5_b1","source_k8_o20_t4_e12_a60_b100",FALSE,FALSE,0.829886203711759,0.897217922246321
"all_measured_520_analysis_set","within_cow_random5",3,"MemoryCalibrationAverage_0p50",384,384,"C001","S01","measurement_group_1","measurement_status_1","thermal_cold","C001_S00",31.9,7.2,12,38.2,38.1158707740483,38.207666859333,38.1890072971627,38.5,38.1617688166907,0.0382311833093496,0.5,0.5,0.0841292259516635,-0.0076668593329714,"global_k2_t2_e03_a5_b1","global_k1_t2_e03_a5",FALSE,FALSE,0.06,0.06
"all_measured_520_analysis_set","within_cow_random5",3,"MemoryCalibrationAverage_0p50",387,387,"C001","S01","measurement_group_1","measurement_status_1","thermal_cool","C001_S00",35.3,14.4,14,38.2,38.455191864937,38.2244723092865,38.1749705417941,39,38.3398320871117,-0.139832087111714,0.5,0.5,-0.255191864936954,-0.0244723092864803,"global_k2_t2_e03_a5_b1","global_k1_t2_e03_a5",FALSE,FALSE,1.17200682591869,1.17200682591869
"all_measured_520_analysis_set","within_cow_random5",3,"MemoryCalibrationAverage_0p50",393,393,"C003","S01","measurement_group_1","measurement_status_1","thermal_cool","C003_S00",34.1,10.9,11,38.6,38.3257707695064,38.5317320293529,38.5592893929286,38.1,38.4287513994296,0.171248600570379,0.5,0.5,0.274229230493638,0.0682679706471205,"global_k2_t2_e03_a5_b1","global_k1_t2_e03_a5",FALSE,FALSE,0.833573298783272,0.833573298783272
"all_measured_520_analysis_set","within_cow_random5",3,"MemoryCalibrationAverage_0p50",395,395,"C003","S01","measurement_group_1","measurement_status_1","thermal_cold","C003_S00",32,8,12,38.5,38.4859213723756,38.5058909131316,38.5062669288634,38.5,38.4959061427536,0.0040938572464313,0.5,0.5,0.0140786276244498,-0.00589091313158008,"global_k2_t2_e03_a5_b1","global_k1_t2_e03_a5",FALSE,FALSE,0.399388421353342,0.399388421353342
"all_measured_520_analysis_set","within_cow_random5",3,"MemoryCalibrationAverage_0p50",397,397,"C004","S01","measurement_group_1","measurement_status_1","thermal_cold","C004_S00",29.6,4.9,23,37.6,37.7265611738945,37.7558040016579,37.7402170230404,38,37.7411825877762,-0.141182587776235,0.5,0.5,-0.126561173894515,-0.155804001657948,"global_k2_t2_e03_a5_b1","global_k1_t2_e03_a5",FALSE,FALSE,0.83931188746761,0.83931188746761
"all_measured_520_analysis_set","within_cow_random5",3,"MemoryCalibrationAverage_0p50",407,407,"C006","S01","measurement_group_1","measurement_status_1","thermal_warm","C006_S01",29.3,25.1,4,39.6,39.4072536596072,39.6651570064143,39.5587991644174,39.9386486001206,39.5362053330107,0.0637946669892742,0.5,0.5,0.192746340392809,-0.0651570064142675,"global_k2_t2_e03_a5_b1","source_k8_o20_t4_e12_a60_b100",FALSE,FALSE,1.4353319399281,3.06711953177932
"all_measured_520_analysis_set","within_cow_random5",3,"MemoryCalibrationAverage_0p50",414,414,"C008","S01","measurement_group_1","measurement_status_1","thermal_cold","C008_S00",33.2,8.4,15,38.2,38.1088657635533,38.1759693113755,38.1425205440165,38.7,38.1424175374644,0.0575824625356063,0.5,0.5,0.0911342364466918,0.0240306886245207,"global_k2_t2_e03_a5_b1","global_k1_t2_e03_a5",FALSE,FALSE,0.14,0.14
"all_measured_520_analysis_set","within_cow_random5",3,"MemoryCalibrationAverage_0p50",421,421,"C009","S01","measurement_group_1","measurement_status_1","thermal_hot","C009_S04",39.8,40.4,18,39.5,39.5331170036579,39.4737853777433,39.5069461249639,39.3885148848904,39.5034511907006,-0.00345119070061628,0.5,0.5,-0.0331170036579138,0.0262146222566813,"global_k2_t2_e03_a5_b1","source_k8_o20_t4_e12_a60_b100",FALSE,FALSE,1.33548160268538,2.80381684296405
"all_measured_520_analysis_set","within_cow_random5",3,"MemoryCalibrationAverage_0p50",423,423,"C010","S01","measurement_group_1","measurement_status_1","thermal_warm","C010_S01",34,28.2,21,38.7,38.7514349795181,38.7787626354499,38.8141844991593,38.6876778430541,38.765098807484,-0.0650988074840058,0.5,0.5,-0.0514349795181417,-0.0787626354498627,"global_k2_t2_e03_a5_b1","source_k8_o20_t4_e12_a60_b100",FALSE,FALSE,0.604648658313239,1.38544016270803
"all_measured_520_analysis_set","within_cow_random5",3,"MemoryCalibrationAverage_0p50",424,424,"C010","S01","measurement_group_1","measurement_status_1","thermal_hot","C010_S05",35.9,32.6,19,38.6,38.6698291663137,38.6130051182427,38.611574321226,38.6166843105717,38.6414171422782,-0.0414171422782417,0.5,0.5,-0.0698291663137312,-0.0130051182427451,"global_k2_t2_e03_a5_b1","source_k8_o20_t4_e12_a60_b100",FALSE,FALSE,0.0799999999999997,0.960324019392533
"all_measured_520_analysis_set","within_cow_random5",3,"MemoryCalibrationAverage_0p50",425,425,"C010","S01","measurement_group_1","measurement_status_1","thermal_hot","C010_S03",36.2,31.3,21,38.8,38.7570197931652,38.709171667805,38.7346622587646,38.6436244339089,38.7330957304851,0.0669042695148647,0.5,0.5,0.0429802068347627,0.0908283321949597,"global_k2_t2_e03_a5_b1","source_k8_o20_t4_e12_a60_b100",FALSE,FALSE,0.593632883186233,1.53794596061688
"all_measured_520_analysis_set","within_cow_random5",3,"MemoryCalibrationAverage_0p50",426,426,"C010","S01","measurement_group_1","measurement_status_1","thermal_hot","C010_S01",34.5,30.1,21,38.7,38.8030698265403,38.7224047590889,38.7383098888117,38.6815058540872,38.7627372928146,-0.0627372928145959,0.5,0.5,-0.10306982654032,-0.0224047590888716,"global_k2_t2_e03_a5_b1","source_k8_o20_t4_e12_a60_b100",FALSE,FALSE,0.0800000000000004,1.21643833473885
"all_measured_520_analysis_set","within_cow_random5",3,"MemoryCalibrationAverage_0p50",429,429,"C011","S01","measurement_group_1","measurement_status_1","thermal_cold","C011_S00",31.1,8.5,23,38.4,38.5314823538679,38.3372915304033,38.3332888621312,38.4,38.4343869421356,-0.0343869421355976,0.5,0.5,-0.131482353867909,0.0627084695967142,"global_k2_t2_e03_a5_b1","global_k1_t2_e03_a5",FALSE,FALSE,0.686375342732469,0.686375342732469
"all_measured_520_analysis_set","within_cow_random5",3,"MemoryCalibrationAverage_0p50",431,431,"C011","S01","measurement_group_1","measurement_status_1","thermal_cool","C011_S00",29.1,16.8,11,38.2,38.0434236999458,38.250591699541,38.1772252122776,39.4,38.1470076997434,0.0529923002566051,0.5,0.5,0.156576300054198,-0.0505916995409876,"global_k2_t2_e03_a5_b1","global_k1_t2_e03_a5",FALSE,FALSE,1.66454531662887,1.66454531662887
"all_measured_520_analysis_set","within_cow_random5",3,"MemoryCalibrationAverage_0p50",438,438,"C012","S01","measurement_group_1","measurement_status_1","thermal_warm","C012_S01",32.7,27,23,40.4,40.3238994565655,40.434008770805,40.4319008386693,40.4394291677253,40.3789541136852,0.0210458863147664,0.5,0.5,0.0761005434344852,-0.0340087708049523,"global_k2_t2_e03_a5_b1","source_k8_o20_t4_e12_a60_b100",FALSE,FALSE,0.617017917982208,2.05635870195623
"all_measured_520_analysis_set","within_cow_random5",3,"MemoryCalibrationAverage_0p50",441,441,"C013","S01","measurement_group_1","measurement_status_1","thermal_hot","C013_S03",35.3,31.4,22,38.7,38.7293097711561,38.8138196508034,38.7499225326951,38.9781265259391,38.7715647109797,-0.071564710979743,0.5,0.5,-0.029309771156079,-0.113819650803407,"global_k2_t2_e03_a5_b1","source_k8_o20_t4_e12_a60_b100",FALSE,FALSE,0.18,0.655532014643238
"all_measured_520_analysis_set","within_cow_random5",3,"MemoryCalibrationAverage_0p50",443,443,"C013","S01","measurement_group_1","measurement_status_1","thermal_warm","C013_S01",34.4,24.9,2,39.1,39.2834462970903,39.1213019235588,39.135083823236,39.0858627529605,39.2023741103246,-0.102374110324554,0.5,0.5,-0.183446297090256,-0.0213019235588447,"global_k2_t2_e03_a5_b1","source_k8_o20_t4_e12_a60_b100",FALSE,FALSE,1.15394973894013,0.955830063929311
"all_measured_520_analysis_set","within_cow_random5",3,"MemoryCalibrationAverage_0p50",447,447,"C014","S01","measurement_group_1","measurement_status_1","thermal_cold","C014_S00",30.5,7.7,9,38.3,38.3596406768551,38.1830132606626,38.2202268730453,37.6,38.2713269687588,0.0286730312411549,0.5,0.5,-0.0596406768550821,0.116986739337399,"global_k2_t2_e03_a5_b1","global_k1_t2_e03_a5",FALSE,FALSE,0.476141902284513,0.476141902284513
"all_measured_520_analysis_set","within_cow_random5",3,"MemoryCalibrationAverage_0p50",449,449,"C014","S01","measurement_group_1","measurement_status_1","thermal_cold","C014_S00",32.8,6.1,10,38.3,38.2133389528551,38.2160532315357,38.2553757782295,37.6,38.2146960921954,0.0853039078045725,0.5,0.5,0.0866610471448794,0.0839467684642656,"global_k2_t2_e03_a5_b1","global_k1_t2_e03_a5",FALSE,FALSE,0.354275473482309,0.354275473482309
"all_measured_520_analysis_set","within_cow_random5",3,"MemoryCalibrationAverage_0p50",452,452,"C016","S01","measurement_group_1","measurement_status_1","thermal_cold","C016_S00",30.6,2.8,0,38.7,39.2965203351559,38.7552769411985,38.6694435544665,40.1,39.0258986381772,-0.325898638177229,0.5,0.5,-0.596520335155944,-0.0552769411985139,"global_k2_t2_e03_a5_b1","global_k1_t2_e03_a5",FALSE,FALSE,0.04,0.04
"all_measured_520_analysis_set","within_cow_random5",3,"MemoryCalibrationAverage_0p50",457,457,"C016","S01","measurement_group_1","measurement_status_1","thermal_cool","C016_S00",30.8,11.7,12,38.6,38.3678941136657,38.5677424378054,38.6358962104313,37.5,38.4678182757356,0.132181724264449,0.5,0.5,0.232105886334331,0.032257562194566,"global_k2_t2_e03_a5_b1","global_k1_t2_e03_a5",FALSE,FALSE,0.893084542470644,0.893084542470644
"all_measured_520_analysis_set","within_cow_random5",3,"MemoryCalibrationAverage_0p50",459,459,"C017","S01","measurement_group_1","measurement_status_1","thermal_hot","C017_S04",39.3,40.9,16,39.4,39.4284470328238,39.402119842631,39.402946197644,39.3999949297406,39.4152834377274,-0.015283437727426,0.5,0.5,-0.0284470328237987,-0.00211984263104625,"global_k2_t2_e03_a5_b1","source_k8_o20_t4_e12_a60_b100",FALSE,FALSE,1.28790958964948,1.22042797593485
"all_measured_520_analysis_set","within_cow_random5",3,"MemoryCalibrationAverage_0p50",470,470,"C020","S01","measurement_group_1","measurement_status_1","thermal_hot","C020_S01",32.8,33.3,2,39.6,39.5182873210245,39.5812823207136,39.572950562324,39.6027068422867,39.549784820869,0.0502151791309657,0.5,0.5,0.0817126789755207,0.0187176792864179,"global_k2_t2_e03_a5_b1","source_k8_o20_t4_e12_a60_b100",FALSE,FALSE,1.50146595032988,1.06131469832886
"all_measured_520_analysis_set","within_cow_random5",3,"MemoryCalibrationAverage_0p50",471,471,"C021","S01","measurement_group_1","measurement_status_1","thermal_cold","C021_S00",30.7,9.4,1,38.3,38.9383378101194,38.1993932240578,38.1929715149551,38.3,38.5688655170886,-0.268865517088599,0.5,0.5,-0.638337810119395,0.100606775942197,"global_k2_t2_e03_a5_b1","global_k1_t2_e03_a5",FALSE,FALSE,0.94339811320566,0.94339811320566
"all_measured_520_analysis_set","within_cow_random5",3,"MemoryCalibrationAverage_0p50",472,472,"C021","S01","measurement_group_1","measurement_status_1","thermal_cold","C021_S00",30,7.7,21,38.3,38.9354974829796,38.3823435321303,38.3173867363089,39.4,38.658920507555,-0.358920507554998,0.5,0.5,-0.635497482979645,-0.082343532130345,"global_k2_t2_e03_a5_b1","global_k1_t2_e03_a5",FALSE,FALSE,0.14,0.14
"all_measured_520_analysis_set","within_cow_random5",3,"MemoryCalibrationAverage_0p50",484,484,"C023","S01","measurement_group_1","measurement_status_1","thermal_cold","C023_S00",31.6,9.8,20,39.1,38.9948288661013,39.0261749203255,39.0661435322611,38.4,39.0105018932134,0.089498106786607,0.5,0.5,0.105171133898679,0.0738250796745348,"global_k2_t2_e03_a5_b1","global_k1_t2_e03_a5",FALSE,FALSE,1.3518875692897,1.3518875692897
"all_measured_520_analysis_set","within_cow_random5",3,"MemoryCalibrationAverage_0p50",485,485,"C024","S01","measurement_group_1","measurement_status_1","thermal_hot","C024_S05",38.4,35.9,21,39,38.9860644848376,38.9222758675986,38.9503036030048,38.8502045479828,38.9541701762181,0.0458298237818582,0.5,0.5,0.013935515162359,0.0777241324013644,"global_k2_t2_e03_a5_b1","source_k8_o20_t4_e12_a60_b100",FALSE,FALSE,0.690539241784582,0
"all_measured_520_analysis_set","within_cow_random5",3,"MemoryCalibrationAverage_0p50",495,495,"C026","S01","measurement_group_1","measurement_status_1","thermal_cold","C026_S00",27.8,8.6,22,38.7,38.7455625872842,38.8431398393074,38.756531743944,40.2,38.7943512132958,-0.0943512132957949,0.5,0.5,-0.045562587284202,-0.143139839307395,"global_k2_t2_e03_a5_b1","global_k1_t2_e03_a5",FALSE,FALSE,0.604648658313239,0.604648658313239
"all_measured_520_analysis_set","within_cow_random5",3,"MemoryCalibrationAverage_0p50",502,502,"C026","S01","measurement_group_1","measurement_status_1","thermal_cold","C026_S00",28.1,7.8,3,38.7,38.6914019261935,38.9488723532325,38.8753961204601,40.1,38.820137139713,-0.120137139712966,0.5,0.5,0.00859807380652455,-0.248872353232457,"global_k2_t2_e03_a5_b1","global_k1_t2_e03_a5",FALSE,FALSE,1.42562267097574,1.42562267097574
"all_measured_520_analysis_set","within_cow_random5",3,"MemoryCalibrationAverage_0p50",505,505,"C027","S01","measurement_group_1","measurement_status_1","thermal_cold","C027_S00",30.9,3.8,1,39,39.1692491220567,38.9702046338259,39.0129836530063,38.3,39.0697268779413,-0.0697268779412994,0.5,0.5,-0.169249122056684,0.0297953661740848,"global_k2_t2_e03_a5_b1","global_k1_t2_e03_a5",FALSE,FALSE,0.89266143886943,0.89266143886943
"all_measured_520_analysis_set","within_cow_random5",3,"MemoryCalibrationAverage_0p50",512,512,"C028","S01","measurement_group_1","measurement_status_1","thermal_hot","C028_S04",37.5,38.4,17,40.2,40.147181870221,40.1775265274976,40.1791905141275,40.1732477047352,40.1623541988593,0.0376458011406555,0.5,0.5,0.0528181297789558,0.0224734725023623,"global_k2_t2_e03_a5_b1","source_k8_o20_t4_e12_a60_b100",FALSE,FALSE,1.15009178377689,0.756820835982847
"all_measured_520_analysis_set","within_cow_random5",3,"MemoryCalibrationAverage_0p50",513,513,"C029","S01","measurement_group_1","measurement_status_1","thermal_cold","C029_S00",34.2,5.2,14,38.3,38.2461669219482,38.3707229581918,38.3433222959488,38.8,38.30844494007,-0.00844494007004926,0.5,0.5,0.0538330780517597,-0.0707229581918511,"global_k2_t2_e03_a5_b1","global_k1_t2_e03_a5",FALSE,FALSE,0.861884240744926,0.861884240744926
"all_measured_520_analysis_set","within_cow_random5",3,"MemoryCalibrationAverage_0p50",520,520,"C030","S01","measurement_group_1","measurement_status_1","thermal_cold","C030_S00",32.3,8.3,10,40.3,40.2807011141615,40.2020531325184,40.2915458856579,38.8,40.24137712334,0.0586228766600314,0.5,0.5,0.0192988858384879,0.0979468674815749,"global_k2_t2_e03_a5_b1","global_k1_t2_e03_a5",FALSE,FALSE,0.604648658313239,0.604648658313239
"all_measured_520_analysis_set","within_cow_random5",4,"MemoryCalibrationAverage_0p50",2,2,"C021","S01","measurement_group_1","measurement_status_1","thermal_cool","C021_S00",30.4,16,12,38.3,38.1985303994755,38.2106362377844,38.1936095753516,38.2544190840403,38.20458331863,0.0954166813700397,0.5,0.5,0.10146960052451,0.0893637622155623,"global_k1_t2_e06_a10","session_k3_o06_t2_e08_a35_b075",FALSE,FALSE,0.333333333333332,0.973468912372659
"all_measured_520_analysis_set","within_cow_random5",4,"MemoryCalibrationAverage_0p50",9,9,"C021","S01","measurement_group_1","measurement_status_1","thermal_cool","C021_S00",28.6,10.9,24,38,38.2476807347875,38.2796592855488,38.2983547275457,38.2315852918427,38.2636700101681,-0.263670010168148,0.5,0.5,-0.247680734787465,-0.279659285548831,"global_k1_t2_e06_a10","session_k3_o06_t2_e08_a35_b075",FALSE,FALSE,0.55,0.700198384586664
"all_measured_520_analysis_set","within_cow_random5",4,"MemoryCalibrationAverage_0p50",12,12,"C003","S01","measurement_group_1","measurement_status_1","thermal_cold","C003_S00",31.8,6.9,12,38.7,38.6170284593513,38.5351456381329,38.5442717095356,38.5116785973832,38.5760870487421,0.123912951257878,0.5,0.5,0.0829715406486784,0.164854361867079,"global_k1_t2_e06_a10","session_k3_o06_t2_e08_a35_b075",FALSE,FALSE,0.166666666666663,0
"all_measured_520_analysis_set","within_cow_random5",4,"MemoryCalibrationAverage_0p50",15,15,"C003","S01","measurement_group_1","measurement_status_1","thermal_cold","C003_S00",33.6,8,13,38.4,38.4816995614719,38.4755656625347,38.481477141546,38.4603647165056,38.4786326120033,-0.0786326120032825,0.5,0.5,-0.0816995614718934,-0.0755656625346717,"global_k1_t2_e06_a10","session_k3_o06_t2_e08_a35_b075",FALSE,FALSE,0.499999999999995,0
"all_measured_520_analysis_set","within_cow_random5",4,"MemoryCalibrationAverage_0p50",31,31,"C002","S01","measurement_group_1","measurement_status_1","thermal_cold","C002_S00",33.7,9,19,40,39.1846056388626,39.2946797234888,39.1559229091646,39.6514829603226,39.2396426811757,0.760357318824305,0.5,0.5,0.815394361137422,0.705320276511188,"global_k1_t2_e06_a10","session_k3_o06_t2_e08_a35_b075",FALSE,FALSE,0.833333333333333,1.8174423389282
"all_measured_520_analysis_set","within_cow_random5",4,"MemoryCalibrationAverage_0p50",34,34,"C002","S01","measurement_group_1","measurement_status_1","thermal_cold","C002_S00",33.5,5.5,23,39.2,39.3625486104791,39.2577830225496,39.1195749574072,39.6131751900587,39.3101658165144,-0.110165816514396,0.5,0.5,-0.162548610479142,-0.0577830225496427,"global_k1_t2_e06_a10","session_k3_o06_t2_e08_a35_b075",FALSE,FALSE,0.333333333333338,0.263095238095233
"all_measured_520_analysis_set","within_cow_random5",4,"MemoryCalibrationAverage_0p50",37,37,"C029","S01","measurement_group_1","measurement_status_1","thermal_cold","C029_S00",32.9,6.9,12,38,38.267025641126,38.3035508683285,38.3489076336997,38.1869191859456,38.2852882547273,-0.285288254727263,0.5,0.5,-0.267025641125997,-0.303550868328536,"global_k1_t2_e06_a10","session_k3_o06_t2_e08_a35_b075",FALSE,FALSE,0.166966397151578,0
"all_measured_520_analysis_set","within_cow_random5",4,"MemoryCalibrationAverage_0p50",42,42,"C029","S01","measurement_group_1","measurement_status_1","thermal_cool","C029_S00",35,11.2,15,38.5,38.192708672601,38.3069235447181,38.2715107624151,38.3979849849256,38.2498161086595,0.250183891340484,0.5,0.5,0.307291327399035,0.19307645528194,"global_k1_t2_e06_a10","session_k3_o06_t2_e08_a35_b075",FALSE,FALSE,0.524976189936267,0.430261218974341
"all_measured_520_analysis_set","within_cow_random5",4,"MemoryCalibrationAverage_0p50",48,48,"C001","S01","measurement_group_1","measurement_status_1","thermal_cold","C001_S00",26.6,5,11,38.9,38.1184017925932,38.2025575850826,38.2424410903925,38.1,38.1604796888379,0.739520311162103,0.5,0.5,0.781598207406809,0.697442414917404,"global_k1_t2_e06_a10","session_k3_o06_t2_e08_a35_b075",FALSE,FALSE,1.75430898076707,6.21809418510081
"all_measured_520_analysis_set","within_cow_random5",4,"MemoryCalibrationAverage_0p50",50,50,"C001","S01","measurement_group_1","measurement_status_1","thermal_cold","C001_S00",31.3,6.9,12,38.3,38.0982355939176,38.1577423201393,38.1909630364404,38.0723176210796,38.1279889570285,0.172011042971505,0.5,0.5,0.201764406082361,0.142257679860649,"global_k1_t2_e06_a10","session_k3_o06_t2_e08_a35_b075",FALSE,FALSE,0.2527405344969,0.491013344328223
"all_measured_520_analysis_set","within_cow_random5",4,"MemoryCalibrationAverage_0p50",58,58,"C001","S01","measurement_group_1","measurement_status_1","thermal_cold","C001_S00",29.6,6,21,38.3,38.0100837384234,38.2306030141982,38.2743891312922,38.1180101416707,38.1203433763108,0.179656623689219,0.5,0.5,0.289916261576614,0.0693969858018235,"global_k1_t2_e06_a10","session_k3_o06_t2_e08_a35_b075",FALSE,FALSE,0.593866801377025,1.23274714880215
"all_measured_520_analysis_set","within_cow_random5",4,"MemoryCalibrationAverage_0p50",65,65,"C027","S01","measurement_group_1","measurement_status_1","thermal_cold","C027_S00",31.1,8,13,38.6,38.6633501792518,38.9552206702569,38.8609348361408,39.1976699579843,38.8092854247544,-0.209285424754391,0.5,0.5,-0.0633501792518416,-0.355220670256941,"global_k1_t2_e06_a10","session_k3_o06_t2_e08_a35_b075",FALSE,FALSE,0.177137736741155,0.731417565641406
"all_measured_520_analysis_set","within_cow_random5",4,"MemoryCalibrationAverage_0p50",71,71,"C027","S01","measurement_group_1","measurement_status_1","thermal_cold","C027_S00",32.5,6,21,39.1,38.8738020987627,38.8411695744197,38.9692710294479,38.5117658329184,38.8574858365912,0.242514163408806,0.5,0.5,0.226197901237256,0.258830425580349,"global_k1_t2_e06_a10","session_k3_o06_t2_e08_a35_b075",FALSE,FALSE,0.166666666666669,0.872173114148267
"all_measured_520_analysis_set","within_cow_random5",4,"MemoryCalibrationAverage_0p50",75,75,"C026","S01","measurement_group_1","measurement_status_1","thermal_cool","C026_S00",33.9,11.2,15,38.6,38.3279403011891,38.6078852077114,38.6217479348055,38.5722381951835,38.4679127544503,0.132087245549748,0.5,0.5,0.272059698810878,-0.00788520771138934,"global_k1_t2_e06_a10","session_k3_o06_t2_e08_a35_b075",TRUE,FALSE,0,0.726210967704642
"all_measured_520_analysis_set","within_cow_random5",4,"MemoryCalibrationAverage_0p50",82,82,"C016","S01","measurement_group_1","measurement_status_1","thermal_cold","C016_S00",32.2,6.9,12,38,38.6670063814697,38.6680734944893,38.6702337442695,38.6625185664831,38.6675399379795,-0.667539937979512,0.5,0.5,-0.667006381469726,-0.668073494489306,"global_k1_t2_e06_a10","session_k3_o06_t2_e08_a35_b075",FALSE,FALSE,0.333333333333338,0.559782108565733
"all_measured_520_analysis_set","within_cow_random5",4,"MemoryCalibrationAverage_0p50",85,85,"C016","S01","measurement_group_1","measurement_status_1","thermal_cold","C016_S00",33.2,9.1,15,38.7,38.4387877503587,38.5776691281628,38.663371278109,38.3572921711582,38.5082284392607,0.191771560739284,0.5,0.5,0.261212249641332,0.122330871837228,"global_k1_t2_e06_a10","session_k3_o06_t2_e08_a35_b075",FALSE,FALSE,0.0699999999999999,0
"all_measured_520_analysis_set","within_cow_random5",4,"MemoryCalibrationAverage_0p50",96,96,"C022","S01","measurement_group_1","measurement_status_1","thermal_cold","C022_S00",31.2,8.8,14,39,38.1565532708167,38.2488751181305,38.2507389270739,38.2440824665617,38.2027141944736,0.797285805526421,0.5,0.5,0.843446729183334,0.751124881869508,"global_k1_t2_e06_a10","session_k3_o06_t2_e08_a35_b075",FALSE,FALSE,0.42,0.217127322961477
"all_measured_520_analysis_set","within_cow_random5",4,"MemoryCalibrationAverage_0p50",97,97,"C022","S01","measurement_group_1","measurement_status_1","thermal_cold","C022_S00",32.3,9.1,15,39.5,38.2792477318665,38.2890187108341,38.2393138602543,38.4168311837537,38.2841332213503,1.21586677864968,0.5,0.5,1.22075226813347,1.21098128916589,"global_k1_t2_e06_a10","session_k3_o06_t2_e08_a35_b075",FALSE,FALSE,0.268100312901307,0.960409611215545
"all_measured_520_analysis_set","within_cow_random5",4,"MemoryCalibrationAverage_0p50",99,99,"C022","S01","measurement_group_1","measurement_status_1","thermal_cold","C022_S00",32.9,9,19,38.3,38.5498977020961,38.3246000167886,38.3071608182413,38.3694436701958,38.4372488594424,-0.137248859442359,0.5,0.5,-0.249897702096149,-0.0246000167885683,"global_k1_t2_e06_a10","session_k3_o06_t2_e08_a35_b075",FALSE,FALSE,0.500000000000007,1.07845316286327
"all_measured_520_analysis_set","within_cow_random5",4,"MemoryCalibrationAverage_0p50",110,110,"C014","S01","measurement_group_1","measurement_status_1","thermal_cold","C014_S00",33.2,8.8,14,38,38.144039831663,38.1577669057197,38.1963609418716,38.0585250984722,38.1509033686913,-0.150903368691345,0.5,0.5,-0.144039831662951,-0.15776690571974,"global_k1_t2_e06_a10","session_k3_o06_t2_e08_a35_b075",FALSE,FALSE,0.292194760010816,0.582074686825569
"all_measured_520_analysis_set","within_cow_random5",4,"MemoryCalibrationAverage_0p50",113,113,"C014","S01","measurement_group_1","measurement_status_1","thermal_cold","C014_S00",31.2,6,21,39.2,38.6155930082835,38.4638850969199,38.3779034472292,38.684980767553,38.5397390526017,0.660260947398314,0.5,0.5,0.584406991716513,0.736114903080114,"global_k1_t2_e06_a10","session_k3_o06_t2_e08_a35_b075",FALSE,FALSE,0.166666666666663,0.312714778799818
"all_measured_520_analysis_set","within_cow_random5",4,"MemoryCalibrationAverage_0p50",118,118,"C023","S01","measurement_group_1","measurement_status_1","thermal_cold","C023_S00",32.6,6.1,11,39.4,38.8797951226918,38.9302519225722,38.9019265530541,39.0030885870473,38.905023522632,0.49497647736802,0.5,0.5,0.520204877308231,0.469748077427809,"global_k1_t2_e06_a10","session_k3_o06_t2_e08_a35_b075",FALSE,FALSE,0.501597448159373,1.11608587292241
"all_measured_520_analysis_set","within_cow_random5",4,"MemoryCalibrationAverage_0p50",120,120,"C023","S01","measurement_group_1","measurement_status_1","thermal_cold","C023_S00",33.2,6.8,12,39,38.812732498219,38.8589224280527,38.8709483089712,38.8279987342622,38.8358274631358,0.164172536864157,0.5,0.5,0.187267501781015,0.141077571947307,"global_k1_t2_e06_a10","session_k3_o06_t2_e08_a35_b075",FALSE,FALSE,0.166666666666669,0.437220918437437
"all_measured_520_analysis_set","within_cow_random5",4,"MemoryCalibrationAverage_0p50",127,127,"C023","S01","measurement_group_1","measurement_status_1","thermal_cold","C023_S00",33.5,6,21,39.9,39.3671964161771,39.0815388493015,38.9721940264365,39.3627112509542,39.2243676327393,0.675632367260697,0.5,0.5,0.53280358382289,0.818461150698504,"global_k1_t2_e06_a10","session_k3_o06_t2_e08_a35_b075",FALSE,FALSE,0.351962750554343,0.312714778799813
"all_measured_520_analysis_set","within_cow_random5",4,"MemoryCalibrationAverage_0p50",133,133,"C011","S01","measurement_group_1","measurement_status_1","thermal_warm","C011_S00",31.9,20.8,14,38.1,38.081125273533,38.1024562100854,38.1221610347659,38.0517866609071,38.0917907418092,0.00820925819081708,0.5,0.5,0.0188747264670397,-0.00245621008540553,"global_k1_t2_e06_a10","session_k3_o06_t2_e08_a35_b075",FALSE,FALSE,0.37,1.01645266510948
"all_measured_520_analysis_set","within_cow_random5",4,"MemoryCalibrationAverage_0p50",136,136,"C011","S01","measurement_group_1","measurement_status_1","thermal_cool","C011_S00",30.7,11.8,22,39.1,38.2758128199845,38.2221814372502,38.192037484442,38.2996944587568,38.2489971286173,0.851002871382654,0.5,0.5,0.824187180015464,0.877818562749844,"global_k1_t2_e06_a10","session_k3_o06_t2_e08_a35_b075",FALSE,FALSE,0.534675394774976,0.0975972681859948
"all_measured_520_analysis_set","within_cow_random5",4,"MemoryCalibrationAverage_0p50",143,143,"C004","S01","measurement_group_1","measurement_status_1","thermal_cold","C004_S00",32.3,5.3,11,37.6,37.59734876374,37.6403991623048,37.6767009630544,37.547051674663,37.6188739630224,-0.0188739630223793,0.5,0.5,0.00265123626004282,-0.0403991623047943,"global_k1_t2_e06_a10","session_k3_o06_t2_e08_a35_b075",FALSE,FALSE,0.184872328318152,0.453458928680427
"all_measured_520_analysis_set","within_cow_random5",4,"MemoryCalibrationAverage_0p50",149,149,"C004","S01","measurement_group_1","measurement_status_1","thermal_cold","C004_S00",30.1,9.5,22,37.7,38.1377896635509,37.6576027765736,37.6790393098121,37.6024802625319,37.8976962200623,-0.197696220062255,0.5,0.5,-0.437789663550909,0.0423972234263914,"global_k1_t2_e06_a10","session_k3_o06_t2_e08_a35_b075",FALSE,FALSE,0.538402988269733,1.45913777618381
"all_measured_520_analysis_set","within_cow_random5",4,"MemoryCalibrationAverage_0p50",158,158,"C028","S01","measurement_group_1","measurement_status_1","thermal_hot","C028_S05",37.3,36.7,22,40.3,40.2954269882806,40.2062174212679,40.2062174212679,40.2670741786899,40.2508222047742,0.0491777952257593,0.5,0.5,0.00457301171943669,0.0937825787320747,"global_k2_t2_e03_a5_b05","session_k3_o06_t2_e08_a35_b075",FALSE,FALSE,0.546260011349907,1.66142074067679
"all_measured_520_analysis_set","within_cow_random5",4,"MemoryCalibrationAverage_0p50",160,160,"C028","S01","measurement_group_1","measurement_status_1","thermal_hot","C028_S03",37.2,37.5,23,40.1,40.1265031876914,40.1586886244882,40.1586886244882,40.1990873620236,40.1425959060898,-0.0425959060897725,0.5,0.5,-0.026503187691354,-0.058688624488191,"global_k2_t2_e03_a5_b05","session_k3_o06_t2_e08_a35_b075",FALSE,FALSE,0.951863669043239,2.06383391551718
"all_measured_520_analysis_set","within_cow_random5",4,"MemoryCalibrationAverage_0p50",161,161,"C028","S01","measurement_group_1","measurement_status_1","thermal_hot","C028_S05",38.6,37.3,0,40.2,40.2324585504006,40.1142427121352,40.1142427121352,40.2427728889798,40.1733506312679,0.0266493687320803,0.5,0.5,-0.0324585504005981,0.0857572878647659,"global_k2_t2_e03_a5_b05","session_k3_o06_t2_e08_a35_b075",FALSE,FALSE,1.41234241992199,2.15639408059821
"all_measured_520_analysis_set","within_cow_random5",4,"MemoryCalibrationAverage_0p50",166,166,"C008","S01","measurement_group_1","measurement_status_1","thermal_cold","C008_S00",32.1,6.5,9,38.1,38.2210458246069,38.175451350756,38.2047935427167,38.1,38.1982485876815,-0.0982485876814536,0.5,0.5,-0.121045824606917,-0.0754513507559906,"global_k1_t2_e06_a10","session_k3_o06_t2_e08_a35_b075",FALSE,FALSE,0.511957029446808,1.75268663224177
"all_measured_520_analysis_set","within_cow_random5",4,"MemoryCalibrationAverage_0p50",177,177,"C030","S01","measurement_group_1","measurement_status_1","thermal_cold","C030_S00",30,2.5,14,40.2,39.8313339555943,40.2423231260159,40.258319094453,40.201190635749,40.0368285408051,0.163171459194913,0.5,0.5,0.368666044405707,-0.0423231260158872,"global_k1_t2_e06_a10","session_k3_o06_t2_e08_a35_b075",FALSE,FALSE,1.0096258933112,1.16537586513085
"all_measured_520_analysis_set","within_cow_random5",4,"MemoryCalibrationAverage_0p50",184,184,"C030","S01","measurement_group_1","measurement_status_1","thermal_cool","C030_S00",32.5,11.7,13,40.2,39.8831643398947,40.2069640812236,40.2046579301297,40.2128941840365,40.0450642105591,0.15493578944087,0.5,0.5,0.316835660105305,-0.00696408122357184,"global_k1_t2_e06_a10","session_k3_o06_t2_e08_a35_b075",FALSE,FALSE,0.37,1.00594604111837
"all_measured_520_analysis_set","within_cow_random5",4,"MemoryCalibrationAverage_0p50",187,187,"C030","S01","measurement_group_1","measurement_status_1","thermal_cold","C030_S00",32.2,7.9,21,40.2,40.0627287667905,40.2443633589251,40.2616157762849,40.2,40.1535460628578,0.0464539371421893,0.5,0.5,0.137271233209525,-0.0443633589251391,"global_k1_t2_e06_a10","session_k3_o06_t2_e08_a35_b075",FALSE,FALSE,0.383681001759423,1.26155430892864
"all_measured_520_analysis_set","within_cow_random5",4,"MemoryCalibrationAverage_0p50",191,191,"C018","S01","measurement_group_1","measurement_status_1","thermal_cold","C018_S00",32.3,6.6,9,38.8,38.8075305445319,38.8262214671834,38.8364187044214,38.8,38.8168760058576,-0.0168760058576396,0.5,0.5,-0.00753054453186763,-0.0262214671834045,"global_k1_t2_e06_a10","session_k3_o06_t2_e08_a35_b075",FALSE,FALSE,0.516623654123586,0
"all_measured_520_analysis_set","within_cow_random5",4,"MemoryCalibrationAverage_0p50",194,194,"C018","S01","measurement_group_1","measurement_status_1","thermal_cold","C018_S00",32.9,8.8,15,38.8,38.7212989413991,38.751662001556,38.73286389105,38.8,38.7364804714775,0.0635195285224768,0.5,0.5,0.0787010586009202,0.0483379984440333,"global_k1_t2_e06_a10","session_k3_o06_t2_e08_a35_b075",FALSE,FALSE,0.166666666666669,0
"all_measured_520_analysis_set","within_cow_random5",4,"MemoryCalibrationAverage_0p50",202,202,"C025","S01","measurement_group_1","measurement_status_1","thermal_cool","C025_S00",29.2,13.6,14,39.4,39.2004662062626,39.3971549266519,39.3949203566254,39.4029009638628,39.2988105664572,0.101189433542793,0.5,0.5,0.199533793737444,0.00284507334814776,"global_k1_t2_e06_a10","session_k3_o06_t2_e08_a35_b075",FALSE,FALSE,0.992997706162733,0.882395857299656
"all_measured_520_analysis_set","within_cow_random5",4,"MemoryCalibrationAverage_0p50",211,211,"C010","S01","measurement_group_1","measurement_status_1","thermal_warm","C010_S01",35,28.5,2,38.7,38.7361833867085,38.7064790362397,38.7064790362397,38.7,38.7213312114741,-0.0213312114740987,0.5,0.5,-0.0361833867085366,-0.00647903623966073,"global_k2_t2_e03_a5_b05","session_k3_o06_t2_e08_a35_b075",FALSE,FALSE,1.5470976411045,2.59800011390237
"all_measured_520_analysis_set","within_cow_random5",4,"MemoryCalibrationAverage_0p50",216,216,"C010","S01","measurement_group_1","measurement_status_1","thermal_hot","C010_S02",37.8,33,12,38.6,38.6169177706794,38.5883068708909,38.5883068708909,38.6,38.6026123207852,-0.00261232078515405,0.5,0.5,-0.0169177706793704,0.0116931291090694,"global_k2_t2_e03_a5_b05","session_k3_o06_t2_e08_a35_b075",FALSE,FALSE,0.563560112144215,1.02649219407153
"all_measured_520_analysis_set","within_cow_random5",4,"MemoryCalibrationAverage_0p50",222,222,"C010","S01","measurement_group_1","measurement_status_1","thermal_hot","C010_S05",37.3,32.3,17,38.6,38.6024959311273,38.6226291413963,38.6226291413963,38.6,38.6125625362618,-0.012562536261818,0.5,0.5,-0.00249593112730651,-0.0226291413963295,"global_k2_t2_e03_a5_b05","session_k3_o06_t2_e08_a35_b075",FALSE,FALSE,0.662956341783604,0.321563023026245
"all_measured_520_analysis_set","within_cow_random5",4,"MemoryCalibrationAverage_0p50",225,225,"C019","S01","measurement_group_1","measurement_status_1","thermal_warm","C019_S01",31.5,25.1,23,39.5,39.4810905147888,39.595669097064,39.595669097064,39.5,39.5383798059264,-0.0383798059264038,0.5,0.5,0.0189094852111538,-0.0956690970639613,"global_k2_t2_e03_a5_b05","session_k3_o06_t2_e08_a35_b075",FALSE,FALSE,0.866666666666669,0.99976258519579
"all_measured_520_analysis_set","within_cow_random5",4,"MemoryCalibrationAverage_0p50",228,228,"C019","S01","measurement_group_1","measurement_status_1","thermal_hot","C019_S04",38.9,41.3,14,39.5,39.4966091778192,39.5219928207176,39.5219928207176,39.5,39.5093009992684,-0.00930099926839034,0.5,0.5,0.00339082218079056,-0.0219928207175712,"global_k2_t2_e03_a5_b05","session_k3_o06_t2_e08_a35_b075",FALSE,FALSE,1.19012604374495,1.94985318361197
"all_measured_520_analysis_set","within_cow_random5",4,"MemoryCalibrationAverage_0p50",246,246,"C005","S01","measurement_group_1","measurement_status_1","thermal_warm","C005_S01",35.4,29.3,20,37.8,37.8675536816169,37.8140897922973,37.8140897922973,37.8,37.8408217369571,-0.0408217369571062,0.5,0.5,-0.0675536816168716,-0.0140897922973409,"global_k2_t2_e03_a5_b05","session_k3_o06_t2_e08_a35_b075",FALSE,FALSE,0.721387551874857,2.31306674736761
"all_measured_520_analysis_set","within_cow_random5",4,"MemoryCalibrationAverage_0p50",247,247,"C005","S01","measurement_group_1","measurement_status_1","thermal_hot","C005_S03",34.6,31,19,38.2,38.2181300417869,38.2367422509758,38.2367422509758,38.1787423266422,38.2274361463814,-0.0274361463813477,0.5,0.5,-0.0181300417868826,-0.0367422509758057,"global_k2_t2_e03_a5_b05","session_k3_o06_t2_e08_a35_b075",FALSE,FALSE,0.681208077201398,1.17057230125766
"all_measured_520_analysis_set","within_cow_random5",4,"MemoryCalibrationAverage_0p50",253,253,"C017","S01","measurement_group_1","measurement_status_1","thermal_hot","C017_S02",31.5,30,12,38.9,39.013852965373,39.1125153386666,39.1125153386666,39.0000163232837,39.0631841520198,-0.163184152019788,0.5,0.5,-0.113852965373006,-0.21251533866657,"global_k2_t2_e03_a5_b05","session_k3_o06_t2_e08_a35_b075",FALSE,FALSE,1.68807582768074,4.93879905555097
"all_measured_520_analysis_set","within_cow_random5",4,"MemoryCalibrationAverage_0p50",261,261,"C017","S01","measurement_group_1","measurement_status_1","thermal_hot","C017_S01",35.5,33.1,21,39.9,39.949269379708,39.9552215298738,39.9552215298738,39.96479772065,39.9522454547909,-0.052245454790885,0.5,0.5,-0.0492693797079653,-0.0552215298737977,"global_k2_t2_e03_a5_b05","session_k3_o06_t2_e08_a35_b075",FALSE,FALSE,0.410744581353321,0.206210270687383
"all_measured_520_analysis_set","within_cow_random5",4,"MemoryCalibrationAverage_0p50",262,262,"C017","S01","measurement_group_1","measurement_status_1","thermal_hot","C017_S05",36,32.9,21,39.3,39.4583681785845,39.4538178814982,39.4538178814982,39.4472691972518,39.4560930300414,-0.156093030041362,0.5,0.5,-0.158368178584475,-0.153817881498242,"global_k2_t2_e03_a5_b05","session_k3_o06_t2_e08_a35_b075",FALSE,FALSE,0.612789614069229,0.936523489916585
"all_measured_520_analysis_set","within_cow_random5",4,"MemoryCalibrationAverage_0p50",273,273,"C020","S01","measurement_group_1","measurement_status_1","thermal_hot","C020_S04",36.6,35,15,39.1,39.1702078475631,39.1081250047456,39.1081250047456,39.0911712301561,39.1391664261544,-0.0391664261543738,0.5,0.5,-0.0702078475631041,-0.00812500474564359,"global_k2_t2_e03_a5_b05","session_k3_o06_t2_e08_a35_b075",FALSE,FALSE,0.3,1.35175203350715
"all_measured_520_analysis_set","within_cow_random5",4,"MemoryCalibrationAverage_0p50",275,275,"C020","S01","measurement_group_1","measurement_status_1","thermal_hot","C020_S03",37.1,35.5,19,40.2,40.184045060038,40.2613436196633,40.2613436196633,40.3516673889226,40.2226943398506,-0.0226943398506307,0.5,0.5,0.0159549399619792,-0.0613436196632478,"global_k2_t2_e03_a5_b05","session_k3_o06_t2_e08_a35_b075",FALSE,FALSE,0.333333333333338,0.860868227029194
"all_measured_520_analysis_set","within_cow_random5",4,"MemoryCalibrationAverage_0p50",277,277,"C020","S01","measurement_group_1","measurement_status_1","thermal_hot","C020_S01",35,33.2,21,39.6,39.5109655640901,39.5303193881633,39.5303193881633,39.5000008206191,39.5206424761267,0.0793575238732771,0.5,0.5,0.0890344359098805,0.0696806118366808,"global_k2_t2_e03_a5_b05","session_k3_o06_t2_e08_a35_b075",FALSE,FALSE,0.369744656636326,0.645893402955828
"all_measured_520_analysis_set","within_cow_random5",4,"MemoryCalibrationAverage_0p50",284,284,"C009","S01","measurement_group_1","measurement_status_1","thermal_warm","C009_S01",32.1,23.6,1,40.4,40.393793259981,40.3404288432654,40.3404288432654,40.5999965338011,40.3671110516232,0.0328889483767583,0.5,0.5,0.00620674001896759,0.0595711567345489,"global_k2_t2_e03_a5_b05","session_k3_o06_t2_e08_a35_b075",FALSE,FALSE,0.829886203711758,3.68841436259595
"all_measured_520_analysis_set","within_cow_random5",4,"MemoryCalibrationAverage_0p50",291,291,"C009","S01","measurement_group_1","measurement_status_1","thermal_warm","C009_S01",33.4,26.5,23,40.8,40.4293992413549,40.3809506169489,40.3809506169489,40.5999749463318,40.4051749291519,0.394825070848114,0.5,0.5,0.370600758645097,0.419049383051131,"global_k2_t2_e03_a5_b05","session_k3_o06_t2_e08_a35_b075",FALSE,FALSE,0.448454134902461,1.72112392746605
"all_measured_520_analysis_set","within_cow_random5",4,"MemoryCalibrationAverage_0p50",300,300,"C012","S01","measurement_group_1","measurement_status_1","thermal_hot","C012_S05",37.7,36.2,19,39.5,39.4754875805366,39.5153168182919,39.5153168182919,39.4663424226925,39.4954021994142,0.00459780058575632,0.5,0.5,0.024512419463413,-0.0153168182919075,"global_k2_t2_e03_a5_b05","session_k3_o06_t2_e08_a35_b075",FALSE,FALSE,0.1,0.75624759889801
"all_measured_520_analysis_set","within_cow_random5",4,"MemoryCalibrationAverage_0p50",302,302,"C012","S01","measurement_group_1","measurement_status_1","thermal_hot","C012_S03",36.8,35,21,40,39.6351067419988,39.6113309955934,39.6113309955934,39.6560053730503,39.6232188687961,0.37678113120387,0.5,0.5,0.364893258001182,0.388669004406566,"global_k2_t2_e03_a5_b05","session_k3_o06_t2_e08_a35_b075",FALSE,FALSE,0.520683311727098,0.856389384437818
"all_measured_520_analysis_set","within_cow_random5",4,"MemoryCalibrationAverage_0p50",307,307,"C006","S01","measurement_group_1","measurement_status_1","thermal_hot","C006_S02",35.1,31.4,13,38.5,39.4610190536555,39.3917568850462,39.3917568850462,39.1915944997645,39.4263879693509,-0.926387969350898,0.5,0.5,-0.961019053655541,-0.891756885046249,"global_k2_t2_e03_a5_b05","session_k3_o06_t2_e08_a35_b075",FALSE,FALSE,0.696020433927379,0.0577841004738433
"all_measured_520_analysis_set","within_cow_random5",4,"MemoryCalibrationAverage_0p50",310,310,"C006","S01","measurement_group_1","measurement_status_1","thermal_hot","C006_S04",37.4,36.1,15,38.5,38.6909580242231,38.772328443654,38.772328443654,39.649917220532,38.7316432339385,-0.231643233938541,0.5,0.5,-0.1909580242231,-0.272328443653976,"global_k2_t2_e03_a5_b05","session_k3_o06_t2_e08_a35_b075",FALSE,FALSE,0.845011505510088,1.50215312211092
"all_measured_520_analysis_set","within_cow_random5",4,"MemoryCalibrationAverage_0p50",319,319,"C006","S01","measurement_group_1","measurement_status_1","thermal_warm","C006_S01",32.8,27.7,24,40,39.573457461224,39.6244924545952,39.6244924545952,39.5879493321432,39.5989749579096,0.401025042090438,0.5,0.5,0.426542538776047,0.37550754540483,"global_k2_t2_e03_a5_b05","session_k3_o06_t2_e08_a35_b075",FALSE,FALSE,0.584389520021632,0.639596005214715
"all_measured_520_analysis_set","within_cow_random5",4,"MemoryCalibrationAverage_0p50",327,327,"C015","S01","measurement_group_1","measurement_status_1","thermal_hot","C015_S04",36.5,34.8,15,38.2,38.2577983896967,38.261700214289,38.261700214289,38.2,38.2597493019928,-0.0597493019928308,0.5,0.5,-0.0577983896966714,-0.0617002142889902,"global_k2_t2_e03_a5_b05","session_k3_o06_t2_e08_a35_b075",FALSE,FALSE,0.476141902284513,0.479606792838634
"all_measured_520_analysis_set","within_cow_random5",4,"MemoryCalibrationAverage_0p50",329,329,"C015","S01","measurement_group_1","measurement_status_1","thermal_hot","C015_S05",35.8,33.3,18,39.2,39.7799307473311,39.6634505433886,39.6634505433886,39.3312210529781,39.7216906453599,-0.521690645359854,0.5,0.5,-0.579930747331076,-0.463450543388632,"global_k2_t2_e03_a5_b05","session_k3_o06_t2_e08_a35_b075",FALSE,FALSE,0.34801021696369,0.911569004456941
"all_measured_520_analysis_set","within_cow_random5",4,"MemoryCalibrationAverage_0p50",331,331,"C015","S01","measurement_group_1","measurement_status_1","thermal_hot","C015_S05",35.5,33.1,19,39,39.7563956654732,39.6664831385439,39.6664831385439,39.4853296623686,39.7114394020085,-0.71143940200853,0.5,0.5,-0.756395665473164,-0.666483138543896,"global_k2_t2_e03_a5_b05","session_k3_o06_t2_e08_a35_b075",FALSE,FALSE,0.0200000000000003,0
"all_measured_520_analysis_set","within_cow_random5",4,"MemoryCalibrationAverage_0p50",338,338,"C007","S01","measurement_group_1","measurement_status_1","thermal_warm","C007_S01",35.7,29,1,40.1,39.3118627514043,39.288894303371,39.288894303371,39.089491910031,39.3003785273876,0.799621472612365,0.5,0.5,0.788137248595682,0.811105696629049,"global_k2_t2_e03_a5_b05","session_k3_o06_t2_e08_a35_b075",FALSE,FALSE,0.733151492606483,1.43527000944074
"all_measured_520_analysis_set","within_cow_random5",4,"MemoryCalibrationAverage_0p50",342,342,"C007","S01","measurement_group_1","measurement_status_1","thermal_hot","C007_S04",37.4,33.3,13,40,39.6926176900134,39.6713504863975,39.6713504863975,39.6486174479207,39.6819840882055,0.318015911794539,0.5,0.5,0.307382309986622,0.328649513602457,"global_k2_t2_e03_a5_b05","session_k3_o06_t2_e08_a35_b075",FALSE,FALSE,0.509901951359279,0
"all_measured_520_analysis_set","within_cow_random5",4,"MemoryCalibrationAverage_0p50",344,344,"C007","S01","measurement_group_1","measurement_status_1","thermal_hot","C007_S04",39.2,37.2,14,39.9,39.6486202728779,39.6661266131714,39.6661266131714,39.7000591139382,39.6573734430246,0.242626556975374,0.5,0.5,0.251379727122142,0.233873386828613,"global_k2_t2_e03_a5_b05","session_k3_o06_t2_e08_a35_b075",FALSE,FALSE,0.552006441186255,0.454270801891616
"all_measured_520_analysis_set","within_cow_random5",4,"MemoryCalibrationAverage_0p50",345,345,"C007","S01","measurement_group_1","measurement_status_1","thermal_hot","C007_S02",38.3,35.7,15,39.7,38.7495868657874,38.8437201232594,38.8437201232594,39.2808389923639,38.7966534945234,0.903346505476563,0.5,0.5,0.95041313421256,0.856279876740572,"global_k2_t2_e03_a5_b05","session_k3_o06_t2_e08_a35_b075",FALSE,FALSE,0.448454134902443,1.60401989345335
"all_measured_520_analysis_set","within_cow_random5",4,"MemoryCalibrationAverage_0p50",359,359,"C013","S01","measurement_group_1","measurement_status_1","thermal_hot","C013_S04",35.2,30.9,13,38.6,38.6990055369938,38.7784562333759,38.7784562333759,38.7004172812898,38.7387308851848,-0.138730885184835,0.5,0.5,-0.0990055369938005,-0.178456233375861,"global_k2_t2_e03_a5_b05","session_k3_o06_t2_e08_a35_b075",FALSE,FALSE,0.627304639797203,0.620100981096925
"all_measured_520_analysis_set","within_cow_random5",4,"MemoryCalibrationAverage_0p50",362,362,"C013","S01","measurement_group_1","measurement_status_1","thermal_warm","C013_S01",34.5,29.7,21,39.2,39.0955998506758,39.1094404106034,39.1094404106034,39.1,39.1025201306396,0.0974798693603844,0.5,0.5,0.104400149324157,0.0905595893966051,"global_k2_t2_e03_a5_b05","session_k3_o06_t2_e08_a35_b075",FALSE,FALSE,0.0800000000000004,0
"all_measured_520_analysis_set","within_cow_random5",4,"MemoryCalibrationAverage_0p50",371,371,"C024","S01","measurement_group_1","measurement_status_1","thermal_hot","C024_S04",37.1,35.1,14,38.3,38.4492269195433,38.4748799656161,38.4748799656161,38.4461836726775,38.4620534425797,-0.162053442579733,0.5,0.5,-0.149226919543345,-0.174879965616128,"global_k2_t2_e03_a5_b05","session_k3_o06_t2_e08_a35_b075",FALSE,FALSE,0.32,0.140233850691695
"all_measured_520_analysis_set","within_cow_random5",4,"MemoryCalibrationAverage_0p50",379,379,"C024","S01","measurement_group_1","measurement_status_1","thermal_hot","C024_S05",38.1,35.1,21,39.2,38.8733229667427,38.8834846339421,38.8834846339421,38.9086309906238,38.8784038003424,0.321596199657606,0.5,0.5,0.326677033257319,0.316515366057885,"global_k2_t2_e03_a5_b05","session_k3_o06_t2_e08_a35_b075",FALSE,FALSE,0.476141902284512,0
"all_measured_520_analysis_set","within_cow_random5",4,"MemoryCalibrationAverage_0p50",382,382,"C024","S01","measurement_group_1","measurement_status_1","thermal_hot","C024_S01",35.2,30.6,23,40.5,40.4775028702658,40.3711556338118,40.3711556338118,40.7350250298862,40.4243292520388,0.0756707479612118,0.5,0.5,0.0224971297342407,0.128844366188176,"global_k2_t2_e03_a5_b05","session_k3_o06_t2_e08_a35_b075",FALSE,FALSE,0.509901951359279,0.964013041988907
"all_measured_520_analysis_set","within_cow_random5",4,"MemoryCalibrationAverage_0p50",394,394,"C003","S01","measurement_group_1","measurement_status_1","thermal_cold","C003_S00",32.9,6.4,15,38.5,38.4718664634569,38.4951173834274,38.4932185880936,38.5,38.4834919234422,0.0165080765578409,0.5,0.5,0.0281335365430664,0.00488261657260836,"global_k1_t2_e06_a10","session_k3_o06_t2_e08_a35_b075",FALSE,FALSE,0.171399468429102,0
"all_measured_520_analysis_set","within_cow_random5",4,"MemoryCalibrationAverage_0p50",398,398,"C004","S01","measurement_group_1","measurement_status_1","thermal_cold","C004_S00",30.9,3,20,37.7,37.995395591172,37.7008550517009,37.7400589086209,37.6000451339064,37.8481253214364,-0.14812532143641,0.5,0.5,-0.295395591171953,-0.000855051700867193,"global_k1_t2_e06_a10","session_k3_o06_t2_e08_a35_b075",FALSE,FALSE,0.180769958172752,0.502071954171442
"all_measured_520_analysis_set","within_cow_random5",4,"MemoryCalibrationAverage_0p50",402,402,"C005","S01","measurement_group_1","measurement_status_1","thermal_warm","C005_S01",31.1,21,0,37.8,37.8714037903863,37.7935602601071,37.7935602601071,37.8,37.8324820252467,-0.0324820252467077,0.5,0.5,-0.0714037903862845,0.00643973989286906,"global_k2_t2_e03_a5_b05","session_k3_o06_t2_e08_a35_b075",FALSE,FALSE,1.74016602017675,2.40617856668714
"all_measured_520_analysis_set","within_cow_random5",4,"MemoryCalibrationAverage_0p50",406,406,"C006","S01","measurement_group_1","measurement_status_1","thermal_hot","C006_S01",33.4,30.1,23,39.5,39.5598980179734,39.6373129871482,39.6373129871482,39.5148551042524,39.5986055025608,-0.0986055025608294,0.5,0.5,-0.0598980179734099,-0.137312987148249,"global_k2_t2_e03_a5_b05","session_k3_o06_t2_e08_a35_b075",FALSE,FALSE,0.536200625802614,0.231090410397703
"all_measured_520_analysis_set","within_cow_random5",4,"MemoryCalibrationAverage_0p50",408,408,"C006","S01","measurement_group_1","measurement_status_1","thermal_hot","C006_S02",34.6,33,11,39.4,39.4872728400614,39.4473232059896,39.4473232059896,39.1477953416588,39.4672980230255,-0.0672980230254723,0.5,0.5,-0.0872728400613525,-0.0473232059895921,"global_k2_t2_e03_a5_b05","session_k3_o06_t2_e08_a35_b075",FALSE,FALSE,0.621861006263549,1.70126045375753
"all_measured_520_analysis_set","within_cow_random5",4,"MemoryCalibrationAverage_0p50",410,410,"C008","S01","measurement_group_1","measurement_status_1","thermal_cold","C008_S00",34.2,6,2,38.2,38.1613967206157,38.1936447751518,38.1911724939097,38.2000020697743,38.1775207478838,0.0224792521162414,0.5,0.5,0.038603279384283,0.00635522484819262,"global_k1_t2_e06_a10","session_k3_o06_t2_e08_a35_b075",FALSE,FALSE,0.732188500319424,0.602575020498529
"all_measured_520_analysis_set","within_cow_random5",4,"MemoryCalibrationAverage_0p50",412,412,"C008","S01","measurement_group_1","measurement_status_1","thermal_cold","C008_S00",30.1,7.6,9,38.1,38.2427474734506,38.1880035985209,38.1835216890346,38.1995285086286,38.2153755359858,-0.11537553598577,0.5,0.5,-0.142747473450619,-0.0880035985209204,"global_k1_t2_e06_a10","session_k3_o06_t2_e08_a35_b075",FALSE,FALSE,0.199694210676671,3.14426938869145
"all_measured_520_analysis_set","within_cow_random5",4,"MemoryCalibrationAverage_0p50",416,416,"C009","S01","measurement_group_1","measurement_status_1","thermal_warm","C009_S01",34.8,27.3,22,40.4,40.3969705335343,40.3638599305678,40.3638599305678,40.5967719246329,40.380415232051,0.0195847679489489,0.5,0.5,0.00302946646566227,0.0361400694322285,"global_k2_t2_e03_a5_b05","session_k3_o06_t2_e08_a35_b075",FALSE,FALSE,0.603913165207643,1.18082036512497
"all_measured_520_analysis_set","within_cow_random5",4,"MemoryCalibrationAverage_0p50",418,418,"C009","S01","measurement_group_1","measurement_status_1","thermal_warm","C009_S01",32.6,22,23,40.5,40.4389198529909,40.4073963749191,40.4073963749191,40.599999423349,40.423158113955,0.0768418860450026,0.5,0.5,0.0610801470091289,0.0926036250808693,"global_k2_t2_e03_a5_b05","session_k3_o06_t2_e08_a35_b075",FALSE,FALSE,1.05409255338946,3.31303684735432
"all_measured_520_analysis_set","within_cow_random5",4,"MemoryCalibrationAverage_0p50",427,427,"C011","S01","measurement_group_1","measurement_status_1","thermal_cool","C011_S00",31.2,14.2,1,38.3,39.1893054247203,38.1839354310608,38.1561588595437,38.2553609006763,38.6866204278906,-0.386620427890577,0.5,0.5,-0.88930542472032,0.116064568939166,"global_k1_t2_e06_a10","session_k3_o06_t2_e08_a35_b075",FALSE,FALSE,0.245311593239656,2.74698453513688
"all_measured_520_analysis_set","within_cow_random5",4,"MemoryCalibrationAverage_0p50",433,433,"C011","S01","measurement_group_1","measurement_status_1","thermal_warm","C011_S00",30.8,20,15,38.1,38.2653752655434,38.0692628927981,38.1306266780117,37.9114703022489,38.1673190791708,-0.0673190791707512,0.5,0.5,-0.165375265543375,0.0307371072018796,"global_k1_t2_e06_a10","session_k3_o06_t2_e08_a35_b075",FALSE,FALSE,0.679223412762282,1.06579471163397
"all_measured_520_analysis_set","within_cow_random5",4,"MemoryCalibrationAverage_0p50",440,440,"C013","S01","measurement_group_1","measurement_status_1","thermal_hot","C013_S01",34,31.3,22,39.1,39.135367289686,39.1767928674478,39.1767928674478,39.1,39.1560800785669,-0.0560800785669002,0.5,0.5,-0.0353672896860004,-0.0767928674478,"global_k2_t2_e03_a5_b05","session_k3_o06_t2_e08_a35_b075",FALSE,FALSE,0.28,0.926190476190477
"all_measured_520_analysis_set","within_cow_random5",4,"MemoryCalibrationAverage_0p50",450,450,"C016","S01","measurement_group_1","measurement_status_1","thermal_cold","C016_S00",34.3,9.9,16,38.6,38.6393128983425,38.6601570518967,38.6841374119929,38.5984932687922,38.6497349751196,-0.0497349751196126,0.5,0.5,-0.0393128983424944,-0.0601570518967378,"global_k1_t2_e06_a10","session_k3_o06_t2_e08_a35_b075",FALSE,FALSE,0.231036312682173,1.51658256476097
"all_measured_520_analysis_set","within_cow_random5",4,"MemoryCalibrationAverage_0p50",456,456,"C016","S01","measurement_group_1","measurement_status_1","thermal_cold","C016_S00",31.1,4.5,9,38.8,38.8239644371562,38.799012862171,38.8013414527175,38.7930250579085,38.8114886496636,-0.0114886496636046,0.5,0.5,-0.0239644371562022,0.000987137828985851,"global_k1_t2_e06_a10","session_k3_o06_t2_e08_a35_b075",FALSE,FALSE,0.166666666666669,0
"all_measured_520_analysis_set","within_cow_random5",4,"MemoryCalibrationAverage_0p50",463,463,"C018","S01","measurement_group_1","measurement_status_1","thermal_cold","C018_S00",34,6.3,15,38.8,38.765783562405,38.7579262514339,38.7415642381026,38.8,38.7618549069195,0.0381450930805372,0.5,0.5,0.0342164375949778,0.0420737485660965,"global_k1_t2_e06_a10","session_k3_o06_t2_e08_a35_b075",FALSE,FALSE,0.325849317595999,1.32305776873515
"all_measured_520_analysis_set","within_cow_random5",4,"MemoryCalibrationAverage_0p50",466,466,"C019","S01","measurement_group_1","measurement_status_1","thermal_hot","C019_S01",35.4,30.8,22,39.5,39.501212227401,39.5753814975112,39.5753814975112,39.5,39.5382968624561,-0.0382968624561144,0.5,0.5,-0.00121222740098403,-0.0753814975112448,"global_k2_t2_e03_a5_b05","session_k3_o06_t2_e08_a35_b075",FALSE,FALSE,0.354275473482309,1.5826457511699
"all_measured_520_analysis_set","within_cow_random5",4,"MemoryCalibrationAverage_0p50",473,473,"C021","S01","measurement_group_1","measurement_status_1","thermal_cool","C021_S00",27.2,10.1,1,38.3,38.8214315895439,38.2491844923888,38.2312053609214,38.2954165447337,38.5353080409664,-0.235308040966373,0.5,0.5,-0.521431589543901,0.0508155076111549,"global_k1_t2_e06_a10","session_k3_o06_t2_e08_a35_b075",FALSE,FALSE,1.04995237987254,3.13123052358601
"all_measured_520_analysis_set","within_cow_random5",4,"MemoryCalibrationAverage_0p50",475,475,"C021","S01","measurement_group_1","measurement_status_1","thermal_cool","C021_S00",31.6,12.8,13,38.2,38.3371819160691,38.1946565581724,38.1925785530172,38.2,38.2659192371207,-0.0659192371207453,0.5,0.5,-0.13718191606911,0.0053434418276197,"global_k1_t2_e06_a10","session_k3_o06_t2_e08_a35_b075",FALSE,FALSE,0.35,0.749021470496879
"all_measured_520_analysis_set","within_cow_random5",4,"MemoryCalibrationAverage_0p50",488,488,"C025","S01","measurement_group_1","measurement_status_1","thermal_cool","C025_S00",31.5,15.8,12,39.4,39.2910038787573,39.4044253215817,39.3702868745288,39.4922098997176,39.3477146001695,0.0522853998305024,0.5,0.5,0.108996121242683,-0.00442532158167097,"global_k1_t2_e06_a10","session_k3_o06_t2_e08_a35_b075",FALSE,FALSE,0.52068331172711,0.918010764736632
"all_measured_520_analysis_set","within_cow_random5",4,"MemoryCalibrationAverage_0p50",490,490,"C025","S01","measurement_group_1","measurement_status_1","thermal_warm","C025_S00",31.6,20.5,18,39.3,39.320768680124,39.4297263139312,39.4388949655097,39.4061497813008,39.3752474970276,-0.0752474970276182,0.5,0.5,-0.0207686801240001,-0.129726313931243,"global_k1_t2_e06_a10","session_k3_o06_t2_e08_a35_b075",FALSE,FALSE,1.33822436252089,1.49332604468581
"all_measured_520_analysis_set","within_cow_random5",4,"MemoryCalibrationAverage_0p50",497,497,"C026","S01","measurement_group_1","measurement_status_1","thermal_cool","C026_S00",32.5,14.4,16,38.7,38.645983472852,38.6760517661345,38.6714906805259,38.6877802719851,38.6610176194933,0.0389823805067522,0.5,0.5,0.0540165271479935,0.0239482338655108,"global_k1_t2_e06_a10","session_k3_o06_t2_e08_a35_b075",FALSE,FALSE,0.54230987451825,2.22628883154259
"all_measured_520_analysis_set","within_cow_random5",4,"MemoryCalibrationAverage_0p50",517,517,"C029","S01","measurement_group_1","measurement_status_1","thermal_cold","C029_S00",36.1,8.8,14,38.3,38.4232196737665,38.3400993564331,38.2864498880484,38.4780551322794,38.3816595150998,-0.0816595150998154,0.5,0.5,-0.123219673766528,-0.0400993564331031,"global_k1_t2_e06_a10","session_k3_o06_t2_e08_a35_b075",FALSE,FALSE,0.166666666666669,0.514533670384341
"all_measured_520_analysis_set","within_cow_random5",5,"MemoryCalibrationAverage_0p50",1,1,"C021","S01","measurement_group_1","measurement_status_1","thermal_cool","C021_S00",30,13.1,11,38.3,38.2087660569286,38.2626864294367,38.2138049887831,38.2980833347375,38.2357262431827,0.0642737568173359,0.5,0.5,0.0912339430713658,0.0373135705633061,"global_k1_t2_e03_a5","session_k3_o06_t2_e08_a35_b075",FALSE,FALSE,1.01530509919159,0.973468912372659
"all_measured_520_analysis_set","within_cow_random5",5,"MemoryCalibrationAverage_0p50",17,17,"C003","S01","measurement_group_1","measurement_status_1","thermal_cool","C003_S00",33.9,11.2,15,38.3,38.5267035822759,38.4954478587073,38.5223750555402,38.4759488541042,38.5110757204916,-0.211075720491579,0.5,0.5,-0.22670358227586,-0.19544785870729,"global_k1_t2_e03_a5","session_k3_o06_t2_e08_a35_b075",TRUE,FALSE,0,1.07238052947636
"all_measured_520_analysis_set","within_cow_random5",5,"MemoryCalibrationAverage_0p50",20,20,"C003","S01","measurement_group_1","measurement_status_1","thermal_cold","C003_S00",32,6,21,38.6,38.6650292470573,38.8589552329215,38.7096292066412,38.9670878726417,38.7619922399894,-0.161992239989395,0.5,0.5,-0.065029247057268,-0.258955232921515,"global_k1_t2_e03_a5","session_k3_o06_t2_e08_a35_b075",FALSE,FALSE,0.767362003518846,1.18847450764785
"all_measured_520_analysis_set","within_cow_random5",5,"MemoryCalibrationAverage_0p50",26,26,"C002","S01","measurement_group_1","measurement_status_1","thermal_cold","C002_S00",36.2,6.8,12,39.3,38.8349250573965,39.0178020321511,39.0646201547547,38.983899253714,38.9263635447738,0.373636455226219,0.5,0.5,0.465074942603529,0.282197967848916,"global_k1_t2_e03_a5","session_k3_o06_t2_e08_a35_b075",FALSE,FALSE,0.647078906402533,1.19204658327154
"all_measured_520_analysis_set","within_cow_random5",5,"MemoryCalibrationAverage_0p50",28,28,"C002","S01","measurement_group_1","measurement_status_1","thermal_cold","C002_S00",33.9,9.3,13,38.8,38.9617737594574,38.9164049226406,39.0625976656705,38.8105412121707,38.939089341049,-0.139089341049001,0.5,0.5,-0.161773759457382,-0.116404922640619,"global_k1_t2_e03_a5","session_k3_o06_t2_e08_a35_b075",FALSE,FALSE,0.26,0.872255170023461
"all_measured_520_analysis_set","within_cow_random5",5,"MemoryCalibrationAverage_0p50",41,41,"C029","S01","measurement_group_1","measurement_status_1","thermal_cold","C029_S00",33.6,8.8,14,38.5,38.1357203922894,38.2109043424415,38.268744628788,38.1690199971561,38.1733123673655,0.326687632634545,0.5,0.5,0.3642796077106,0.289095657558491,"global_k1_t2_e03_a5","session_k3_o06_t2_e08_a35_b075",FALSE,FALSE,0.333333333333338,0.648388898166297
"all_measured_520_analysis_set","within_cow_random5",5,"MemoryCalibrationAverage_0p50",45,45,"C029","S01","measurement_group_1","measurement_status_1","thermal_cold","C029_S00",32.1,5.4,22,38.4,38.7278589055955,38.6183980633395,38.4390766711989,38.7482514852344,38.6731284844675,-0.273128484467513,0.5,0.5,-0.327858905595519,-0.2183980633395,"global_k1_t2_e03_a5","session_k3_o06_t2_e08_a35_b075",FALSE,FALSE,0.500399840127872,0
"all_measured_520_analysis_set","within_cow_random5",5,"MemoryCalibrationAverage_0p50",47,47,"C001","S01","measurement_group_1","measurement_status_1","thermal_cold","C001_S00",29.8,5.4,0,38,38.3595848686181,38.2377777876967,38.2588723524358,38.2225024132305,38.2986813281574,-0.298681328157414,0.5,0.5,-0.359584868618114,-0.237777787696722,"global_k1_t2_e03_a5","session_k3_o06_t2_e08_a35_b075",FALSE,FALSE,0.83931188746761,2.87086881537663
"all_measured_520_analysis_set","within_cow_random5",5,"MemoryCalibrationAverage_0p50",60,60,"C001","S01","measurement_group_1","measurement_status_1","thermal_cold","C001_S00",30.5,5.5,23,38.1,38.1180092153677,38.2285882866559,38.3665540000437,38.1286820804096,38.1732987510118,-0.0732987510117837,0.5,0.5,-0.0180092153676554,-0.128588286655919,"global_k1_t2_e03_a5","session_k3_o06_t2_e08_a35_b075",FALSE,FALSE,0.601257940580509,0
"all_measured_520_analysis_set","within_cow_random5",5,"MemoryCalibrationAverage_0p50",62,62,"C027","S01","measurement_group_1","measurement_status_1","thermal_cold","C027_S00",30.9,6.1,11,41.5,38.7184546618389,38.7452368346628,38.7987023333241,38.7065204390805,38.7318457482509,2.76815425174912,0.5,0.5,2.78154533816105,2.75476316533718,"global_k1_t2_e03_a5","session_k3_o06_t2_e08_a35_b075",FALSE,FALSE,0.333333333333326,0.582282824735422
"all_measured_520_analysis_set","within_cow_random5",5,"MemoryCalibrationAverage_0p50",66,66,"C027","S01","measurement_group_1","measurement_status_1","thermal_cold","C027_S00",32.8,9.3,13,38.5,38.5070285011148,38.6189171493845,38.7153112974083,38.5491144904708,38.5629728252497,-0.0629728252496804,0.5,0.5,-0.00702850111483144,-0.118917149384529,"global_k1_t2_e03_a5","session_k3_o06_t2_e08_a35_b075",FALSE,FALSE,0.26,1.22909964650678
"all_measured_520_analysis_set","within_cow_random5",5,"MemoryCalibrationAverage_0p50",78,78,"C026","S01","measurement_group_1","measurement_status_1","thermal_cold","C026_S00",30.6,5.4,22,38.9,38.7820179566065,38.7690554768443,38.6971599117567,38.8211177825974,38.7755367167254,0.124463283274601,0.5,0.5,0.117982043393511,0.130944523155684,"global_k1_t2_e03_a5","session_k3_o06_t2_e08_a35_b075",TRUE,FALSE,0,0
"all_measured_520_analysis_set","within_cow_random5",5,"MemoryCalibrationAverage_0p50",80,80,"C016","S01","measurement_group_1","measurement_status_1","thermal_cold","C016_S00",28.7,5.4,0,38.9,38.536866596495,38.6493275147203,38.5793584841639,38.6999947437439,38.5930970556076,0.306902944392355,0.5,0.5,0.363133403505017,0.250672485279686,"global_k1_t2_e03_a5","session_k3_o06_t2_e08_a35_b075",FALSE,FALSE,0.333333333333326,2.42285771610131
"all_measured_520_analysis_set","within_cow_random5",5,"MemoryCalibrationAverage_0p50",92,92,"C022","S01","measurement_group_1","measurement_status_1","thermal_cold","C022_S00",29.7,6.9,12,38.1,38.5624253096859,38.4528454159106,38.3555975402456,38.5232662913922,38.5076353627983,-0.407635362798281,0.5,0.5,-0.462425309685933,-0.352845415910629,"global_k1_t2_e03_a5","session_k3_o06_t2_e08_a35_b075",FALSE,FALSE,0.654760346318488,2.11691171113577
"all_measured_520_analysis_set","within_cow_random5",5,"MemoryCalibrationAverage_0p50",98,98,"C022","S01","measurement_group_1","measurement_status_1","thermal_cool","C022_S00",33.3,11.2,15,38,38.5759911115575,38.888097746715,38.4214869208882,39.2259883447274,38.7320444291362,-0.732044429136238,0.5,0.5,-0.575991111557485,-0.888097746714983,"global_k1_t2_e03_a5","session_k3_o06_t2_e08_a35_b075",FALSE,FALSE,0.536200625802599,1.26502086060973
"all_measured_520_analysis_set","within_cow_random5",5,"MemoryCalibrationAverage_0p50",103,103,"C014","S01","measurement_group_1","measurement_status_1","thermal_cold","C014_S00",28.2,5.4,0,38.5,38.1133560597954,38.7475552163404,38.1794543234926,39.158938621506,38.4304556380679,0.0695443619321452,0.5,0.5,0.386643940204642,-0.247555216340359,"global_k1_t2_e03_a5","session_k3_o06_t2_e08_a35_b075",FALSE,FALSE,1.33333333333334,4.62993868205039
"all_measured_520_analysis_set","within_cow_random5",5,"MemoryCalibrationAverage_0p50",115,115,"C014","S01","measurement_group_1","measurement_status_1","thermal_cold","C014_S00",31,5.5,23,38.4,38.5995369150391,38.697059201007,38.3418657242984,38.9542682703477,38.648298058023,-0.248298058023018,0.5,0.5,-0.199536915039062,-0.297059201006981,"global_k1_t2_e03_a5","session_k3_o06_t2_e08_a35_b075",FALSE,FALSE,0.601257940580509,0.564994782549706
"all_measured_520_analysis_set","within_cow_random5",5,"MemoryCalibrationAverage_0p50",121,121,"C023","S01","measurement_group_1","measurement_status_1","thermal_cold","C023_S00",32.8,9.3,13,38.8,38.7285750980145,38.9039837270306,38.931815143938,38.8838299423735,38.8162794125225,-0.0162794125225503,0.5,0.5,0.0714249019855089,-0.103983727030617,"global_k1_t2_e03_a5","session_k3_o06_t2_e08_a35_b075",FALSE,FALSE,0.26,0
"all_measured_520_analysis_set","within_cow_random5",5,"MemoryCalibrationAverage_0p50",124,124,"C023","S01","measurement_group_1","measurement_status_1","thermal_cool","C023_S00",32.4,11.2,15,39.1,38.6082207150326,38.9011364170968,39.0066021269136,38.8247646961949,38.7546785660647,0.34532143393529,0.5,0.5,0.491779284967357,0.198863582903222,"global_k1_t2_e03_a5","session_k3_o06_t2_e08_a35_b075",FALSE,FALSE,0.536200625802613,1.51605355029001
"all_measured_520_analysis_set","within_cow_random5",5,"MemoryCalibrationAverage_0p50",134,134,"C011","S01","measurement_group_1","measurement_status_1","thermal_warm","C011_S00",32.6,22,15,38.1,38.0785841333688,38.1384513173984,38.1925937762252,38.0992447092825,38.1085177253836,-0.00851772538361928,0.5,0.5,0.0214158666311661,-0.0384513173984047,"global_k1_t2_e03_a5","session_k3_o06_t2_e08_a35_b075",FALSE,FALSE,0.554616984954482,1.01645266510948
"all_measured_520_analysis_set","within_cow_random5",5,"MemoryCalibrationAverage_0p50",145,145,"C004","S01","measurement_group_1","measurement_status_1","thermal_cold","C004_S00",32.9,5.5,10,37.6,37.688076980963,37.6106467514503,37.6585225412968,37.5759780760442,37.6493618662066,-0.049361866206624,0.5,0.5,-0.088076980962974,-0.0106467514502739,"global_k1_t2_e03_a5","session_k3_o06_t2_e08_a35_b075",FALSE,FALSE,0.354275473482309,0.702526215809936
"all_measured_520_analysis_set","within_cow_random5",5,"MemoryCalibrationAverage_0p50",156,156,"C028","S01","measurement_group_1","measurement_status_1","thermal_hot","C028_S05",39.9,38.3,21,40.3,40.1663699498139,40.2233276380688,40.2271927531933,40.1627741677854,40.1948487939414,0.105151206058636,0.5,0.5,0.133630050186099,0.0766723619311804,"global_k2_t2_e03_a5_b05","session_k3_o06_t2_e08_a35_b075",FALSE,FALSE,1.59295671978592,2.15639408059821
"all_measured_520_analysis_set","within_cow_random5",5,"MemoryCalibrationAverage_0p50",162,162,"C028","S01","measurement_group_1","measurement_status_1","thermal_hot","C028_S01",37.2,34.8,20,40.3,40.2465844826824,40.1962744547802,40.1940677780332,40.2308457238169,40.2214294687313,0.0785705312686957,0.5,0.5,0.0534155173175748,0.103725545219824,"global_k2_t2_e03_a5_b05","session_k3_o06_t2_e08_a35_b075",FALSE,FALSE,0.342798936858203,1.66142074067679
"all_measured_520_analysis_set","within_cow_random5",5,"MemoryCalibrationAverage_0p50",163,163,"C028","S01","measurement_group_1","measurement_status_1","thermal_hot","C028_S01",35.4,33.2,1,40.3,40.2881593550414,40.2008371012845,40.1945701818222,40.2990188395269,40.244498228163,0.0555017718370436,0.5,0.5,0.0118406449586104,0.0991628987154769,"global_k2_t2_e03_a5_b05","session_k3_o06_t2_e08_a35_b075",FALSE,FALSE,0.933190465255865,1.77922033486581
"all_measured_520_analysis_set","within_cow_random5",5,"MemoryCalibrationAverage_0p50",165,165,"C008","S01","measurement_group_1","measurement_status_1","thermal_cold","C008_S00",31.2,4.6,14,38.2,38.001241282369,38.153291804463,38.1413060952299,38.161971111149,38.077266543416,0.122733456584029,0.5,0.5,0.19875871763103,0.046708195537029,"global_k1_t2_e03_a5","session_k3_o06_t2_e08_a35_b075",FALSE,FALSE,0.84,2.71229668140893
"all_measured_520_analysis_set","within_cow_random5",5,"MemoryCalibrationAverage_0p50",167,167,"C008","S01","measurement_group_1","measurement_status_1","thermal_cold","C008_S00",33.2,8.4,11,38.1,37.9730809900858,38.116750733981,38.1398826999548,38.1,38.0449158620334,0.0550841379665954,0.5,0.5,0.126919009914189,-0.0167507339809987,"global_k1_t2_e03_a5","session_k3_o06_t2_e08_a35_b075",FALSE,FALSE,0.568076677140594,0.46675321111986
"all_measured_520_analysis_set","within_cow_random5",5,"MemoryCalibrationAverage_0p50",168,168,"C008","S01","measurement_group_1","measurement_status_1","thermal_cold","C008_S00",36.6,9.3,11,38.1,38.3351800149374,38.1474630531533,38.1353629731948,38.1562251800198,38.2413215340454,-0.141321534045382,0.5,0.5,-0.235180014937448,-0.0474630531533151,"global_k1_t2_e03_a5","session_k3_o06_t2_e08_a35_b075",FALSE,FALSE,0.883654029835447,2.92602119894736
"all_measured_520_analysis_set","within_cow_random5",5,"MemoryCalibrationAverage_0p50",181,181,"C030","S01","measurement_group_1","measurement_status_1","thermal_cool","C030_S00",30.4,10.5,10,40.3,39.979445744974,40.270402491161,40.2531376245336,40.2829046359601,40.1249241180675,0.175075881932528,0.5,0.5,0.320554255026018,0.0295975088390321,"global_k1_t2_e03_a5","session_k3_o06_t2_e08_a35_b075",FALSE,FALSE,0.821408005263593,1.53738189266696
"all_measured_520_analysis_set","within_cow_random5",5,"MemoryCalibrationAverage_0p50",186,186,"C030","S01","measurement_group_1","measurement_status_1","thermal_cold","C030_S00",32.2,3.5,20,40.2,39.720805332425,40.268320328111,40.3626674478833,40.2,39.994562830268,0.205437169732029,0.5,0.5,0.479194667575044,-0.0683203281109854,"global_k1_t2_e03_a5","session_k3_o06_t2_e08_a35_b075",FALSE,FALSE,1.0121264743104,1.26155430892864
"all_measured_520_analysis_set","within_cow_random5",5,"MemoryCalibrationAverage_0p50",197,197,"C018","S01","measurement_group_1","measurement_status_1","thermal_cool","C018_S00",34.9,13.7,18,38.8,38.3454515040222,38.8337544650491,38.8803677739264,38.8,38.5896029845357,0.210397015464345,0.5,0.5,0.454548495977789,-0.0337544650490997,"global_k1_t2_e03_a5","session_k3_o06_t2_e08_a35_b075",FALSE,FALSE,1.33548160268538,1.53391413504673
"all_measured_520_analysis_set","within_cow_random5",5,"MemoryCalibrationAverage_0p50",206,206,"C025","S01","measurement_group_1","measurement_status_1","thermal_warm","C025_S00",31.9,24.5,14,39.4,38.8461640777001,39.3880403339464,39.3642688603072,39.405254159685,39.1171022058232,0.282897794176769,0.5,0.5,0.553835922299903,0.0119596660536345,"global_k1_t2_e03_a5","session_k3_o06_t2_e08_a35_b075",FALSE,FALSE,0.74,1.26990333429677
"all_measured_520_analysis_set","within_cow_random5",5,"MemoryCalibrationAverage_0p50",217,217,"C010","S01","measurement_group_1","measurement_status_1","thermal_hot","C010_S04",39.6,36.7,12,38.7,38.7091435285609,38.6196720852429,38.614544771535,38.7,38.6644078069019,0.035592193098104,0.5,0.5,-0.00914352856086253,0.0803279147570706,"global_k2_t2_e03_a5_b05","session_k3_o06_t2_e08_a35_b075",FALSE,FALSE,1.66966397151576,1.69242677537987
"all_measured_520_analysis_set","within_cow_random5",5,"MemoryCalibrationAverage_0p50",223,223,"C010","S01","measurement_group_1","measurement_status_1","thermal_hot","C010_S01",37.3,31.9,20,38.7,38.7183578388865,38.6670324295423,38.6649281165344,38.7,38.6926951342144,0.00730486578559919,0.5,0.5,-0.0183578388865016,0.032967570457707,"global_k2_t2_e03_a5_b05","session_k3_o06_t2_e08_a35_b075",FALSE,FALSE,0.938106840634065,3.53915256905229
"all_measured_520_analysis_set","within_cow_random5",5,"MemoryCalibrationAverage_0p50",224,224,"C010","S01","measurement_group_1","measurement_status_1","thermal_hot","C010_S03",38.7,32.6,22,38.7,38.8516194961472,38.7848459176101,38.7964925459598,38.6023820734661,38.8182327068787,-0.118232706878686,0.5,0.5,-0.151619496147234,-0.0848459176101386,"global_k2_t2_e03_a5_b05","session_k3_o06_t2_e08_a35_b075",FALSE,FALSE,1.12445542374966,1.82594716514105
"all_measured_520_analysis_set","within_cow_random5",5,"MemoryCalibrationAverage_0p50",232,232,"C019","S01","measurement_group_1","measurement_status_1","thermal_warm","C019_S01",34.1,25,0,39.5,39.5061020605412,39.4827396264173,39.4816379004439,39.5,39.4944208434792,0.00557915652078123,0.5,0.5,-0.00610206054118123,0.0172603735827366,"global_k2_t2_e03_a5_b05","session_k3_o06_t2_e08_a35_b075",FALSE,FALSE,0.600925212577334,2.31230349413298
"all_measured_520_analysis_set","within_cow_random5",5,"MemoryCalibrationAverage_0p50",235,235,"C019","S01","measurement_group_1","measurement_status_1","thermal_hot","C019_S04",35.4,34,16,39.5,39.4817447928867,39.4271059037021,39.4224530890448,39.5,39.4544253482944,0.045574651705607,0.5,0.5,0.0182552071133273,0.0728940962978868,"global_k2_t2_e03_a5_b05","session_k3_o06_t2_e08_a35_b075",FALSE,FALSE,0.0599999999999994,2.13501873262558
"all_measured_520_analysis_set","within_cow_random5",5,"MemoryCalibrationAverage_0p50",241,241,"C005","S01","measurement_group_1","measurement_status_1","thermal_hot","C005_S02",36,31.3,15,37.8,37.8166521420737,37.7843007574735,37.7896798444711,37.7000283945114,37.8004764497736,-0.000476449773572085,0.5,0.5,-0.0166521420736601,0.0156992425265088,"global_k2_t2_e03_a5_b05","session_k3_o06_t2_e08_a35_b075",FALSE,FALSE,0.604648658313239,0.948701971558507
"all_measured_520_analysis_set","within_cow_random5",5,"MemoryCalibrationAverage_0p50",245,245,"C005","S01","measurement_group_1","measurement_status_1","thermal_hot","C005_S05",36.8,31.9,17,38,37.9987580907301,38.0662417963934,38.083400321602,37.7974249014588,38.0324999435617,-0.0324999435617315,0.5,0.5,0.00124190926990764,-0.0662417963933706,"global_k2_t2_e03_a5_b05","session_k3_o06_t2_e08_a35_b075",FALSE,FALSE,0.601257940580509,1.45040898524857
"all_measured_520_analysis_set","within_cow_random5",5,"MemoryCalibrationAverage_0p50",254,254,"C017","S01","measurement_group_1","measurement_status_1","thermal_hot","C017_S04",38.1,37.8,13,39.4,39.2104552129559,39.1781160449235,39.1889616862733,39.0082009971099,39.1942856289397,0.205714371060317,0.5,0.5,0.189544787044127,0.221883955076507,"global_k2_t2_e03_a5_b05","session_k3_o06_t2_e08_a35_b075",FALSE,FALSE,1.03324730824716,0.833198118281835
"all_measured_520_analysis_set","within_cow_random5",5,"MemoryCalibrationAverage_0p50",255,255,"C017","S01","measurement_group_1","measurement_status_1","thermal_hot","C017_S02",36.1,33.9,14,39.2,38.8968615824508,39.0505617974604,39.0331921486686,39.3226862951981,38.9737116899556,0.226288310044382,0.5,0.5,0.303138417549164,0.149438202539592,"global_k2_t2_e03_a5_b05","session_k3_o06_t2_e08_a35_b075",FALSE,FALSE,0.378828603871347,2.42853670610098
"all_measured_520_analysis_set","within_cow_random5",5,"MemoryCalibrationAverage_0p50",258,258,"C017","S01","measurement_group_1","measurement_status_1","thermal_hot","C017_S03",35.9,33,19,39.1,39.4416356138553,39.4386073391388,39.4389111093624,39.4338482723014,39.4401214764971,-0.340121476497053,0.5,0.5,-0.341635613855345,-0.338607339138768,"global_k2_t2_e03_a5_b05","session_k3_o06_t2_e08_a35_b075",FALSE,FALSE,0.0799999999999997,1.22862737506429
"all_measured_520_analysis_set","within_cow_random5",5,"MemoryCalibrationAverage_0p50",268,268,"C020","S01","measurement_group_1","measurement_status_1","thermal_warm","C020_S01",32,27.4,1,39.6,39.5466974463342,39.5585635822523,39.5561021798444,39.5971255533095,39.5526305142932,0.0473694857067883,0.5,0.5,0.0533025536658442,0.0414364177477253,"global_k2_t2_e03_a5_b05","session_k3_o06_t2_e08_a35_b075",FALSE,FALSE,0.829886203711758,1.94149695617557
"all_measured_520_analysis_set","within_cow_random5",5,"MemoryCalibrationAverage_0p50",279,279,"C020","S01","measurement_group_1","measurement_status_1","thermal_hot","C020_S03",37.3,35.6,21,40.4,40.1449985460024,40.1211286299958,40.1160942872296,40.2,40.1330635879991,0.266936412000874,0.5,0.5,0.255001453997593,0.278871370004154,"global_k2_t2_e03_a5_b05","session_k3_o06_t2_e08_a35_b075",FALSE,FALSE,0.546260011349907,0.405952380952378
"all_measured_520_analysis_set","within_cow_random5",5,"MemoryCalibrationAverage_0p50",283,283,"C020","S01","measurement_group_1","measurement_status_1","thermal_hot","C020_S03",36.2,33.9,23,40.2,40.1751314670354,40.1280416273689,40.1234485397541,40.2,40.1515865472022,0.0484134527978526,0.5,0.5,0.0248685329645753,0.0719583726311299,"global_k2_t2_e03_a5_b05","session_k3_o06_t2_e08_a35_b075",FALSE,FALSE,0.506359556046886,1.03234536926905
"all_measured_520_analysis_set","within_cow_random5",5,"MemoryCalibrationAverage_0p50",292,292,"C009","S01","measurement_group_1","measurement_status_1","thermal_warm","C009_S01",34.6,29.6,24,40.6,40.4920468432218,40.5084144651055,40.5102554676698,40.479572091597,40.5002306541636,0.0997693458363713,0.5,0.5,0.107953156778223,0.0915855348945271,"global_k2_t2_e03_a5_b05","session_k3_o06_t2_e08_a35_b075",FALSE,FALSE,0.5,1.18082036512497
"all_measured_520_analysis_set","within_cow_random5",5,"MemoryCalibrationAverage_0p50",299,299,"C012","S01","measurement_group_1","measurement_status_1","thermal_hot","C012_S03",37.4,36,19,39.5,39.9498450064914,39.8891229791495,39.9007305517879,39.7072710078157,39.9194839928204,-0.419483992820446,0.5,0.5,-0.449845006491351,-0.389122979149533,"global_k2_t2_e03_a5_b05","session_k3_o06_t2_e08_a35_b075",FALSE,FALSE,0.951863669043222,1.18542978036337
"all_measured_520_analysis_set","within_cow_random5",5,"MemoryCalibrationAverage_0p50",301,301,"C012","S01","measurement_group_1","measurement_status_1","thermal_hot","C012_S03",37.5,35.7,20,39.8,39.9362652838733,39.8505711290387,39.8552092254258,39.7779076189739,39.893418206456,-0.0934182064559792,0.5,0.5,-0.136265283873286,-0.0505711290386728,"global_k2_t2_e03_a5_b05","session_k3_o06_t2_e08_a35_b075",FALSE,FALSE,0.833333333333341,0.856389384437818
"all_measured_520_analysis_set","within_cow_random5",5,"MemoryCalibrationAverage_0p50",312,312,"C006","S01","measurement_group_1","measurement_status_1","thermal_hot","C006_S03",35.3,32.1,19,38.4,38.6127996014085,38.847345788202,38.8648266740582,38.5734785764552,38.7300726948053,-0.33007269480526,0.5,0.5,-0.212799601408499,-0.447345788202028,"global_k2_t2_e03_a5_b05","session_k3_o06_t2_e08_a35_b075",FALSE,FALSE,0.696020433927379,0.840931348493929
"all_measured_520_analysis_set","within_cow_random5",5,"MemoryCalibrationAverage_0p50",316,316,"C006","S01","measurement_group_1","measurement_status_1","thermal_warm","C006_S01",34,29.9,22,39.4,39.6525190096671,39.6648588653183,39.6767486161039,39.4785861030106,39.6586889374927,-0.258688937492693,0.5,0.5,-0.25251900966709,-0.264858865318295,"global_k2_t2_e03_a5_b05","session_k3_o06_t2_e08_a35_b075",FALSE,FALSE,0.28,0.493862558570062
"all_measured_520_analysis_set","within_cow_random5",5,"MemoryCalibrationAverage_0p50",326,326,"C015","S01","measurement_group_1","measurement_status_1","thermal_hot","C015_S04",36.9,35.6,14,38.2,38.2234070551043,38.2821214385939,38.2873632325468,38.2,38.2527642468491,-0.0527642468491081,0.5,0.5,-0.0234070551042649,-0.0821214385939442,"global_k2_t2_e03_a5_b05","session_k3_o06_t2_e08_a35_b075",FALSE,FALSE,0.503587132480567,0.479606792838634
"all_measured_520_analysis_set","within_cow_random5",5,"MemoryCalibrationAverage_0p50",332,332,"C015","S01","measurement_group_1","measurement_status_1","thermal_hot","C015_S05",35.6,33,20,39.7,39.0370488453265,38.9533278303772,38.9504531376571,38.9983646829924,38.9951883378519,0.704811662148153,0.5,0.5,0.662951154673522,0.746672169622784,"global_k2_t2_e03_a5_b05","session_k3_o06_t2_e08_a35_b075",FALSE,FALSE,0.601257940580509,0
"all_measured_520_analysis_set","within_cow_random5",5,"MemoryCalibrationAverage_0p50",333,333,"C015","S01","measurement_group_1","measurement_status_1","thermal_hot","C015_S05",34.6,30.4,21,40,39.0190028866776,38.9288979235506,38.9523671301721,38.5612136864808,38.9739504051141,1.02604959488588,0.5,0.5,0.98099711332236,1.0711020764494,"global_k2_t2_e03_a5_b05","session_k3_o06_t2_e08_a35_b075",FALSE,FALSE,0.24,1.41097094309825
"all_measured_520_analysis_set","within_cow_random5",5,"MemoryCalibrationAverage_0p50",341,341,"C007","S01","measurement_group_1","measurement_status_1","thermal_hot","C007_S02",36.5,31.7,13,38.5,39.1288895332927,39.1400177527577,39.1677447175454,38.7056286377501,39.1344536430252,-0.634453643025211,0.5,0.5,-0.62888953329275,-0.640017752757679,"global_k2_t2_e03_a5_b05","session_k3_o06_t2_e08_a35_b075",FALSE,FALSE,0.506359556046887,0
"all_measured_520_analysis_set","within_cow_random5",5,"MemoryCalibrationAverage_0p50",348,348,"C007","S01","measurement_group_1","measurement_status_1","thermal_hot","C007_S05",37.6,34.2,19,39.7,39.5132483283966,39.5365859527985,39.5367002251523,39.5347956859229,39.5249171405976,0.175082859402451,0.5,0.5,0.186751671603439,0.163414047201456,"global_k2_t2_e03_a5_b05","session_k3_o06_t2_e08_a35_b075",FALSE,FALSE,0.448454134902461,0
"all_measured_520_analysis_set","within_cow_random5",5,"MemoryCalibrationAverage_0p50",355,355,"C007","S01","measurement_group_1","measurement_status_1","thermal_warm","C007_S01",34.9,27.6,23,38.3,39.7500627388702,39.7613868444175,39.7639166840926,39.7217526895066,39.7557247916438,-1.45572479164382,0.5,0.5,-1.45006273887017,-1.46138684441745,"global_k2_t2_e03_a5_b05","session_k3_o06_t2_e08_a35_b075",FALSE,FALSE,0.603913165207643,0.205373532817302
"all_measured_520_analysis_set","within_cow_random5",5,"MemoryCalibrationAverage_0p50",357,357,"C013","S01","measurement_group_1","measurement_status_1","thermal_warm","C013_S01",29.3,20.6,1,39.3,38.9857330537901,39.0471617067776,39.049050051314,39.0175776423749,39.0164473802839,0.283552619716147,0.5,0.5,0.314266946209941,0.252838293222361,"global_k2_t2_e03_a5_b05","session_k3_o06_t2_e08_a35_b075",FALSE,FALSE,1.74928556845359,4.91968142323489
"all_measured_520_analysis_set","within_cow_random5",5,"MemoryCalibrationAverage_0p50",361,361,"C013","S01","measurement_group_1","measurement_status_1","thermal_hot","C013_S05",35.8,32.1,19,39.3,38.8530738635079,38.9409369308865,38.9623325949633,38.6057381936834,38.8970053971972,0.402994602802821,0.5,0.5,0.446926136492138,0.359063069113496,"global_k2_t2_e03_a5_b05","session_k3_o06_t2_e08_a35_b075",FALSE,FALSE,0.335724754987026,1.81790197032077
"all_measured_520_analysis_set","within_cow_random5",5,"MemoryCalibrationAverage_0p50",367,367,"C024","S01","measurement_group_1","measurement_status_1","thermal_hot","C024_S02",36.1,34,12,38,38.4205675276589,38.4897418054521,38.4989147738873,38.3460319666328,38.4551546665555,-0.455154666555501,0.5,0.5,-0.420567527658939,-0.489741805452063,"global_k2_t2_e03_a5_b05","session_k3_o06_t2_e08_a35_b075",FALSE,FALSE,0.58309518948453,0.92648192868093
"all_measured_520_analysis_set","within_cow_random5",5,"MemoryCalibrationAverage_0p50",368,368,"C024","S01","measurement_group_1","measurement_status_1","thermal_hot","C024_S02",36,33.2,13,38,38.3909740760772,38.4700241764463,38.4795433994309,38.3208896830202,38.4304991262618,-0.430499126261751,0.5,0.5,-0.390974076077235,-0.470024176446266,"global_k2_t2_e03_a5_b05","session_k3_o06_t2_e08_a35_b075",FALSE,FALSE,0.361539916345505,0
"all_measured_520_analysis_set","within_cow_random5",5,"MemoryCalibrationAverage_0p50",381,381,"C024","S01","measurement_group_1","measurement_status_1","thermal_hot","C024_S03",36.3,33.3,22,38.5,38.4876859453933,38.5362431248811,38.5257006616921,38.7014083815078,38.5119645351372,-0.0119645351371602,0.5,0.5,0.0123140546067475,-0.036243124881068,"global_k2_t2_e03_a5_b05","session_k3_o06_t2_e08_a35_b075",FALSE,FALSE,0.34279893685818,0
"all_measured_520_analysis_set","within_cow_random5",5,"MemoryCalibrationAverage_0p50",388,388,"C002","S01","measurement_group_1","measurement_status_1","thermal_cold","C002_S00",36.7,5.2,15,39,39.0963322519549,39.0342148479399,39.1434086100713,38.9551435029481,39.0652735499474,-0.065273549947392,0.5,0.5,-0.0963322519549266,-0.0342148479398645,"global_k1_t2_e03_a5","session_k3_o06_t2_e08_a35_b075",FALSE,FALSE,1.17660528640662,1.20817850286478
"all_measured_520_analysis_set","within_cow_random5",5,"MemoryCalibrationAverage_0p50",390,390,"C002","S01","measurement_group_1","measurement_status_1","thermal_cool","C002_S00",33.4,11.7,12,39,38.874561040821,38.9935009138611,39.0359553117829,38.9627580739867,38.934030977341,0.0659690226589902,0.5,0.5,0.125438959179043,0.00649908613893757,"global_k1_t2_e03_a5","session_k3_o06_t2_e08_a35_b075",FALSE,FALSE,0.769097595309668,1.42284766045161
"all_measured_520_analysis_set","within_cow_random5",5,"MemoryCalibrationAverage_0p50",396,396,"C003","S01","measurement_group_1","measurement_status_1","thermal_cool","C003_S00",34.7,10.4,16,38.6,38.5958872110789,38.5135582274226,38.5694477209064,38.4730865252447,38.5547227192508,0.0452772807492252,0.5,0.5,0.00411278892108413,0.0864417725773734,"global_k1_t2_e03_a5","session_k3_o06_t2_e08_a35_b075",FALSE,FALSE,0.34801021696369,2.14041163364695
"all_measured_520_analysis_set","within_cow_random5",5,"MemoryCalibrationAverage_0p50",399,399,"C004","S01","measurement_group_1","measurement_status_1","thermal_cold","C004_S00",28.8,2.9,23,37.7,37.6549626150409,37.6499676837423,37.717407575864,37.6011318997921,37.6524651493916,0.0475348506084003,0.5,0.5,0.0450373849590804,0.0500323162577274,"global_k1_t2_e03_a5","session_k3_o06_t2_e08_a35_b075",FALSE,FALSE,0.971825315807548,1.00215187971818
"all_measured_520_analysis_set","within_cow_random5",5,"MemoryCalibrationAverage_0p50",400,400,"C004","S01","measurement_group_1","measurement_status_1","thermal_cold","C004_S00",27.6,7.5,13,37.5,37.7668974966705,37.5866008716992,37.5680973713928,37.599999958128,37.6767491841849,-0.176749184184857,0.5,0.5,-0.266897496670538,-0.0866008716991828,"global_k1_t2_e03_a5","session_k3_o06_t2_e08_a35_b075",FALSE,FALSE,0.769097595309663,1.14770795940897
"all_measured_520_analysis_set","within_cow_random5",5,"MemoryCalibrationAverage_0p50",403,403,"C005","S01","measurement_group_1","measurement_status_1","thermal_warm","C005_S02",35.8,28.9,15,37.7,37.864249796858,37.806117794447,37.8128869976076,37.7000669449312,37.8351837956525,-0.135183795652509,0.5,0.5,-0.164249796857995,-0.106117794447023,"global_k2_t2_e03_a5_b05","session_k3_o06_t2_e08_a35_b075",FALSE,FALSE,1.00401416546004,1.44755296293395
"all_measured_520_analysis_set","within_cow_random5",5,"MemoryCalibrationAverage_0p50",417,417,"C009","S01","measurement_group_1","measurement_status_1","thermal_hot","C009_S01",35.7,32,2,40.4,40.3825066798534,40.4133440381678,40.4107808440073,40.453500746683,40.3979253590106,0.00207464098935617,0.5,0.5,0.0174933201465493,-0.0133440381678369,"global_k2_t2_e03_a5_b05","session_k3_o06_t2_e08_a35_b075",FALSE,FALSE,0.378828603871347,2.58858063744464
"all_measured_520_analysis_set","within_cow_random5",5,"MemoryCalibrationAverage_0p50",434,434,"C011","S01","measurement_group_1","measurement_status_1","thermal_warm","C011_S00",34,24.4,14,38.1,37.929283614572,38.1315894526175,38.1752237387934,38.0999922109039,38.0304365335948,0.069563466405242,0.5,0.5,0.170716385427973,-0.0315894526174887,"global_k1_t2_e03_a5","session_k3_o06_t2_e08_a35_b075",FALSE,FALSE,2.44358570774817,2.76158685567759
"all_measured_520_analysis_set","within_cow_random5",5,"MemoryCalibrationAverage_0p50",439,439,"C013","S01","measurement_group_1","measurement_status_1","thermal_hot","C013_S05",35.3,30.5,18,39,38.877910140638,38.9539460275903,38.9750255552479,38.6237000942869,38.9159280841141,0.0840719158858576,0.5,0.5,0.122089859361992,0.0460539724097231,"global_k2_t2_e03_a5_b05","session_k3_o06_t2_e08_a35_b075",FALSE,FALSE,0.982264956335335,1.44702809444822
"all_measured_520_analysis_set","within_cow_random5",5,"MemoryCalibrationAverage_0p50",445,445,"C013","S01","measurement_group_1","measurement_status_1","thermal_cool","C013_S01",28.5,18.2,4,39.1,38.9722522544855,39.0694268850009,39.0696030691499,39.0666666666667,39.0208395697432,0.079160430256799,0.5,0.5,0.127747745514476,0.0305731149991146,"global_k2_t2_e03_a5_b05","session_k3_o06_t2_e08_a35_b075",FALSE,FALSE,2.498541796951,6.27504686452041
"all_measured_520_analysis_set","within_cow_random5",5,"MemoryCalibrationAverage_0p50",454,454,"C016","S01","measurement_group_1","measurement_status_1","thermal_cold","C016_S00",27.6,7,23,38.7,38.5790452489669,38.6737983879535,38.7088776596295,38.6483961567399,38.6264218184602,0.0735781815398155,0.5,0.5,0.120954751033146,0.0262016120464779,"global_k1_t2_e03_a5","session_k3_o06_t2_e08_a35_b075",FALSE,FALSE,0.89266143886943,4.46094557586606
"all_measured_520_analysis_set","within_cow_random5",5,"MemoryCalibrationAverage_0p50",458,458,"C017","S01","measurement_group_1","measurement_status_1","thermal_hot","C017_S02",35,36.3,15,39,38.8983226108654,39.0637380715245,39.0450460576442,39.3565796223153,38.981030341195,0.0189696588050481,0.5,0.5,0.101677389134579,-0.0637380715244902,"global_k2_t2_e03_a5_b05","session_k3_o06_t2_e08_a35_b075",FALSE,FALSE,1.16619037896905,2.84176017760639
"all_measured_520_analysis_set","within_cow_random5",5,"MemoryCalibrationAverage_0p50",460,460,"C018","S01","measurement_group_1","measurement_status_1","thermal_cold","C018_S00",30.7,2.9,3,38.8,38.755011526046,38.8180993561704,38.8430937051677,38.8,38.7865554411082,0.0134445588917913,0.5,0.5,0.0449884739540209,-0.0180993561704454,"global_k1_t2_e03_a5","session_k3_o06_t2_e08_a35_b075",FALSE,FALSE,1.13578166916006,0.387344072936457
"all_measured_520_analysis_set","within_cow_random5",5,"MemoryCalibrationAverage_0p50",462,462,"C018","S01","measurement_group_1","measurement_status_1","thermal_cold","C018_S00",32.5,5.4,14,38.8,38.6691049095877,38.7858738007408,38.7663661922399,38.8,38.7274893551642,0.0725106448357735,0.5,0.5,0.130895090412324,0.0141261992592163,"global_k1_t2_e03_a5","session_k3_o06_t2_e08_a35_b075",FALSE,FALSE,0.721387551874857,1.05898595229849
"all_measured_520_analysis_set","within_cow_random5",5,"MemoryCalibrationAverage_0p50",465,465,"C019","S01","measurement_group_1","measurement_status_1","thermal_hot","C019_S03",36.8,31.3,21,39.4,39.3824183587437,39.3859560864324,39.3767945650427,39.5294865882045,39.384187222588,0.0158127774119663,0.5,0.5,0.0175816412563137,0.0140439135676189,"global_k2_t2_e03_a5_b05","session_k3_o06_t2_e08_a35_b075",FALSE,FALSE,0.399388421353341,1.76919502045653
"all_measured_520_analysis_set","within_cow_random5",5,"MemoryCalibrationAverage_0p50",474,474,"C021","S01","measurement_group_1","measurement_status_1","thermal_cool","C021_S00",31.1,12.3,12,38.2,38.1134815368776,38.2131513420789,38.1936355951969,38.2272834346486,38.1633164394782,0.0366835605217588,0.5,0.5,0.0865184631224025,-0.0131513420788849,"global_k1_t2_e03_a5","session_k3_o06_t2_e08_a35_b075",FALSE,FALSE,0.2,0.749021470496879
"all_measured_520_analysis_set","within_cow_random5",5,"MemoryCalibrationAverage_0p50",482,482,"C023","S01","measurement_group_1","measurement_status_1","thermal_cool","C023_S00",33.8,12,17,38.9,38.6185921158353,38.8284488638138,39.0209687142581,38.68903793763,38.7235204898246,0.176479510175433,0.5,0.5,0.281407884164707,0.0715511361861587,"global_k1_t2_e03_a5","session_k3_o06_t2_e08_a35_b075",FALSE,FALSE,1.0661665494242,1.73249628205862
"all_measured_520_analysis_set","within_cow_random5",5,"MemoryCalibrationAverage_0p50",486,486,"C025","S01","measurement_group_1","measurement_status_1","thermal_cool","C025_S00",27.5,12.6,10,39.4,39.0352104431211,39.4611075432358,39.4357576267544,39.4794643793085,39.2481589931785,0.151841006821527,0.5,0.5,0.364789556878854,-0.0611075432357993,"global_k1_t2_e03_a5","session_k3_o06_t2_e08_a35_b075",FALSE,FALSE,1.31759039327267,2.67757547621706
"all_measured_520_analysis_set","within_cow_random5",5,"MemoryCalibrationAverage_0p50",487,487,"C025","S01","measurement_group_1","measurement_status_1","thermal_cool","C025_S00",29.8,14.5,15,39.4,39.463341946419,39.3932597590556,39.380689481328,39.4023623739618,39.4283008527373,-0.0283008527372886,0.5,0.5,-0.0633419464189657,0.00674024094438863,"global_k1_t2_e03_a5","session_k3_o06_t2_e08_a35_b075",FALSE,FALSE,1.74127667084942,0.882395857299656
"all_measured_520_analysis_set","within_cow_random5",5,"MemoryCalibrationAverage_0p50",500,500,"C026","S01","measurement_group_1","measurement_status_1","thermal_cold","C026_S00",31.5,6.2,0,38.6,38.7666833127337,38.6058576941461,38.6110211001087,38.6021186760352,38.6862705034399,-0.0862705034398914,0.5,0.5,-0.166683312733731,-0.00585769414605153,"global_k1_t2_e03_a5","session_k3_o06_t2_e08_a35_b075",FALSE,FALSE,0.369744656636326,0.760662119084703
"all_measured_520_analysis_set","within_cow_random5",5,"MemoryCalibrationAverage_0p50",506,506,"C027","S01","measurement_group_1","measurement_status_1","thermal_cold","C027_S00",30.1,7.7,12,38.6,38.5203222074215,38.7392075040052,38.7268090002721,38.7481857308463,38.6297648557133,-0.0297648557133314,0.5,0.5,0.0796777925784866,-0.139207504005157,"global_k1_t2_e03_a5","session_k3_o06_t2_e08_a35_b075",FALSE,FALSE,1.24161185561349,0.685631608772411
"all_measured_520_analysis_set","within_cow_random5",5,"MemoryCalibrationAverage_0p50",516,516,"C029","S01","measurement_group_1","measurement_status_1","thermal_cold","C029_S00",35,6.4,13,38.3,38.2121769926713,38.2739604098012,38.2600633564175,38.284023793286,38.2430687012363,0.0569312987637289,0.5,0.5,0.0878230073287014,0.0260395901987636,"global_k1_t2_e03_a5","session_k3_o06_t2_e08_a35_b075",FALSE,FALSE,0.739489313272651,1.12585568365051
"all_measured_520_analysis_set","within_cow_random5",5,"MemoryCalibrationAverage_0p50",518,518,"C030","S01","measurement_group_1","measurement_status_1","thermal_cold","C030_S00",30,6.5,9,40.3,40.1951804356539,40.2873706338293,40.2715582593158,40.2988209739942,40.2412755347416,0.0587244652584076,0.5,0.5,0.104819564346109,0.0126293661706995,"global_k1_t2_e03_a5","session_k3_o06_t2_e08_a35_b075",FALSE,FALSE,0.399388421353342,0.797107156280827
