"Dataset","FoldMode","FoldID","Model","RowID","CowKey","ThermalRegime","Source","SourceType","EarStatus","Ear","Air","Time","Actual","Predicted","Residual","ChosenModel","InnerChoiceRMSE","eb_exact","eb_medium","eb_coarse","global_exact","global_medium","global_coarse","may_session","may_session_hour","tight_session","ridge","xgb_residual","direct_xgb","W_eb_exact","W_eb_medium","W_eb_coarse","W_global_exact","W_global_medium","W_global_coarse","W_may_session","W_may_session_hour","W_tight_session","W_ridge","W_xgb_residual","W_direct_xgb"
"all_measured_520_analysis_set","within_cow_random5",1,"StrictHierarchicalEBResidualXGB",8,"C021","stable_cool","S01","measurement_group_1","measurement_status_1",29.2,10.9,23,38.2,38.3053788972772,-0.105378897277198,"may_session_hour+eb_exact+tight_session",0.314242956574583,38.2749261574907,38.3335814285193,38.3482452462764,38.656223477886,38.656223477886,38.656223477886,38.2741626370801,38.3325523710603,38.2549138745372,38.7355171638002,38.3569303969953,38.3233337402344,0,0,0,0,0,0,0,0.65,0.35,0,0,0
"all_measured_520_analysis_set","within_cow_random5",1,"StrictHierarchicalEBResidualXGB",9,"C021","stable_cool","S01","measurement_group_1","measurement_status_1",28.6,10.9,24,38,38.3053788972772,-0.305378897277201,"may_session_hour+eb_exact+tight_session",0.314242956574583,38.2749261574907,38.3392444324497,38.3553240011895,38.656223477886,38.656223477886,38.656223477886,38.2741626370801,38.3325523710603,38.2549138745372,38.8207225571575,38.3790804517273,38.3473663330078,0,0,0,0,0,0,0,0.65,0.35,0,0,0
"all_measured_520_analysis_set","within_cow_random5",1,"StrictHierarchicalEBResidualXGB",15,"C003","stable_cool","S01","measurement_group_1","measurement_status_1",33.6,8,13,38.4,38.5515304881008,-0.151530488100811,"may_session_hour+eb_exact+tight_session",0.314242956574583,38.5857364063383,38.5596144664953,38.5560068135688,38.656223477886,38.656223477886,38.578111738943,38.6032293361671,38.5253348767232,38.6001794806593,38.4786482725194,38.5202350299726,38.4917640686035,0,0,0,0,0,0,0,0.65,0.35,0,0,0
"all_measured_520_analysis_set","within_cow_random5",1,"StrictHierarchicalEBResidualXGB",16,"C003","stable_cool","S01","measurement_group_1","measurement_status_1",33.1,11.2,14,38.5,38.5515304881008,-0.0515304881008092,"may_session_hour+eb_exact+tight_session",0.314242956574583,38.6039229167738,38.6054744881196,38.6058623809561,38.656223477886,38.656223477886,38.656223477886,38.6032293361671,38.5253348767232,38.6001794806593,38.4819738126905,38.5693023328288,38.5207328796387,0,0,0,0,0,0,0,0.65,0.35,0,0,0
"all_measured_520_analysis_set","within_cow_random5",1,"StrictHierarchicalEBResidualXGB",17,"C003","stable_cool","S01","measurement_group_1","measurement_status_1",33.9,11.2,15,38.3,38.5515304881008,-0.251530488100812,"may_session_hour+eb_exact+tight_session",0.314242956574583,38.5748245000771,38.5844875716589,38.5915798708092,38.6041647020656,38.6145764572297,38.4187411592953,38.6032293361671,38.5253348767232,38.6001794806593,38.4911380129882,38.5424062938415,38.5165672302246,0,0,0,0,0,0,0,0.65,0.35,0,0,0
"all_measured_520_analysis_set","within_cow_random5",1,"StrictHierarchicalEBResidualXGB",26,"C002","stable_cool","S01","measurement_group_1","measurement_status_1",36.2,6.8,12,39.3,38.9761101611247,0.32388983887531,"may_session_hour+eb_exact+tight_session",0.314242956574583,38.9663634824207,38.8640969164744,38.8520529926391,38.656223477886,38.656223477886,38.656223477886,39.0515159011976,38.9235369557074,39.0737461140426,39.059749356056,38.8438407640979,38.8884315490723,0,0,0,0,0,0,0,0.65,0.35,0,0,0
"all_measured_520_analysis_set","within_cow_random5",1,"StrictHierarchicalEBResidualXGB",28,"C002","stable_cool","S01","measurement_group_1","measurement_status_1",33.9,9.3,13,38.8,38.9761101611247,-0.17611016112469,"may_session_hour+eb_exact+tight_session",0.314242956574583,39.0643634824207,38.942058339416,38.9092547713162,38.656223477886,38.656223477886,38.578111738943,39.0515159011976,38.9235369557074,39.0737461140426,38.9416012695403,38.9152843669793,38.9388046264648,0,0,0,0,0,0,0,0.65,0.35,0,0,0
"all_measured_520_analysis_set","within_cow_random5",1,"StrictHierarchicalEBResidualXGB",31,"C002","stable_cool","S01","measurement_group_1","measurement_status_1",33.7,9,19,40,39.2667020976325,0.733297902367454,"may_session_hour+eb_exact+tight_session",0.314242956574583,39.0505048366954,38.9845000670293,38.9679988746128,38.656223477886,38.656223477886,38.656223477886,39.0515159011976,39.3706014734118,39.0737461140426,39.1975064670029,38.9862006238664,39.0132217407227,0,0,0,0,0,0,0,0.65,0.35,0,0,0
"all_measured_520_analysis_set","within_cow_random5",1,"StrictHierarchicalEBResidualXGB",36,"C029","stable_cool","S01","measurement_group_1","measurement_status_1",35.7,6.1,11,38.1,38.4746963160342,-0.37469631603421,"may_session_hour+eb_exact+tight_session",0.314242956574583,38.3624261574907,38.4317319779297,38.4490584330395,38.656223477886,38.656223477886,38.656223477886,38.3617682708829,38.5434693629237,38.3469749432395,38.408732727233,38.4242089716358,38.4111328125,0,0,0,0,0,0,0,0.65,0.35,0,0,0
"all_measured_520_analysis_set","within_cow_random5",1,"StrictHierarchicalEBResidualXGB",40,"C029","stable_cool","S01","measurement_group_1","measurement_status_1",36.3,8,13,38.5,38.3076797125407,0.192320287459346,"may_session_hour+eb_exact+tight_session",0.314242956574583,38.3169468333933,38.3449727054773,38.3592883505854,38.656223477886,38.656223477886,38.656223477886,38.3617682708829,38.2865207421644,38.3469749432395,38.3449178857864,38.2982670012949,38.2327613830566,0,0,0,0,0,0,0,0.65,0.35,0,0,0
"all_measured_520_analysis_set","within_cow_random5",1,"StrictHierarchicalEBResidualXGB",45,"C029","stable_cool","S01","measurement_group_1","measurement_status_1",32.1,5.4,22,38.4,38.570717329226,-0.170717329225972,"may_session_hour+eb_exact+tight_session",0.314242956574583,38.3624261574907,38.4195926792211,38.4338843096537,38.656223477886,38.656223477886,38.656223477886,38.3617682708829,38.6911939986033,38.3469749432395,38.5904602335003,38.442068398673,38.4557189941406,0,0,0,0,0,0,0,0.65,0.35,0,0,0
"all_measured_520_analysis_set","within_cow_random5",1,"StrictHierarchicalEBResidualXGB",53,"C001","stable_cool","S01","measurement_group_1","measurement_status_1",33.3,8,13,38.2,38.1796212806681,0.0203787193319087,"may_session_hour+eb_exact+tight_session",0.314242956574583,38.2519606079207,38.293097537463,38.3119713360277,38.656223477886,38.656223477886,38.578111738943,38.3038777550301,38.1231832214173,38.2844348192767,38.2008526459954,38.2526965071312,38.2115135192871,0,0,0,0,0,0,0,0.65,0.35,0,0,0
"all_measured_520_analysis_set","within_cow_random5",1,"StrictHierarchicalEBResidualXGB",55,"C001","stable_cool","S01","measurement_group_1","measurement_status_1",32,9.1,15,38.4,38.1796212806681,0.220378719331904,"may_session_hour+eb_exact+tight_session",0.314242956574583,38.3054067974797,38.3685377179139,38.3843204480225,38.656223477886,38.656223477886,38.656223477886,38.3038777550301,38.1231832214173,38.2844348192767,38.1461257444675,38.3371190740221,38.2614212036133,0,0,0,0,0,0,0,0.65,0.35,0,0,0
"all_measured_520_analysis_set","within_cow_random5",1,"StrictHierarchicalEBResidualXGB",56,"C001","stable_cool","S01","measurement_group_1","measurement_status_1",33.9,11.2,15,38.1,38.1796212806681,-0.0796212806680927,"may_session_hour+eb_exact+tight_session",0.314242956574583,38.3054067974797,38.3685377179139,38.3843204480225,38.6041647020656,38.6145764572297,38.4187411592953,38.3038777550301,38.1231832214173,38.2844348192767,38.246508470239,38.3243919959717,38.2506942749023,0,0,0,0,0,0,0,0.65,0.35,0,0,0
"all_measured_520_analysis_set","within_cow_random5",1,"StrictHierarchicalEBResidualXGB",66,"C027","stable_cool","S01","measurement_group_1","measurement_status_1",32.8,9.3,13,38.5,38.7480160379914,-0.248016037991363,"may_session_hour+eb_exact+tight_session",0.314242956574583,38.9084468333933,38.8186810388107,38.8092675172521,38.7893498872508,38.4807141350043,38.4140558694715,38.9896086464698,38.6086999392759,39.0067459356059,38.9372717517988,38.7937154750217,38.8858909606934,0,0,0,0,0,0,0,0.65,0.35,0,0,0
"all_measured_520_analysis_set","within_cow_random5",1,"StrictHierarchicalEBResidualXGB",70,"C027","stable_cool","S01","measurement_group_1","measurement_status_1",32.3,9,19,39.1,39.0149605617919,0.085039438208085,"may_session_hour+eb_exact+tight_session",0.314242956574583,38.989509490824,38.9357037903323,38.9222523652093,38.656223477886,38.656223477886,38.9187411592953,38.9896086464698,39.0193838220459,39.0067459356059,39.1505592314049,38.9588951678528,39.0622291564941,0,0,0,0,0,0,0,0.65,0.35,0,0,0
"all_measured_520_analysis_set","within_cow_random5",1,"StrictHierarchicalEBResidualXGB",72,"C027","stable_cool","S01","measurement_group_1","measurement_status_1",32.7,5.5,23,38.2,38.8972448591049,-0.697244859104856,"may_session_hour+eb_exact+tight_session",0.314242956574583,38.989509490824,38.9052480951859,38.8841827462764,38.656223477886,38.656223477886,38.656223477886,38.9896086464698,38.8382827409889,39.0067459356059,39.4195969852204,38.9470034995093,39.186450958252,0,0,0,0,0,0,0,0.65,0.35,0,0,0
"all_measured_520_analysis_set","within_cow_random5",1,"StrictHierarchicalEBResidualXGB",73,"C026","stable_cool","S01","measurement_group_1","measurement_status_1",28.6,5.4,0,38.3,38.6374120956293,-0.337412095629283,"may_session_hour+eb_exact+tight_session",0.314242956574583,38.6610782549796,38.6657342675105,38.6689804838812,38.656223477886,38.656223477886,38.778111738943,38.6737618905025,38.6172068104443,38.6749361966872,38.5750419907875,38.6504015724138,38.5973510742188,0,0,0,0,0,0,0,0.65,0.35,0,0,0
"all_measured_520_analysis_set","within_cow_random5",1,"StrictHierarchicalEBResidualXGB",77,"C026","stable_cool","S01","measurement_group_1","measurement_status_1",30.7,6,21,39.1,38.8034070401054,0.296592959894603,"may_session_hour+eb_exact+tight_session",0.314242956574583,38.6740342484601,38.6980852925991,38.7040980536339,38.656223477886,38.656223477886,38.656223477886,38.6737618905025,38.8725836480998,38.6749361966872,38.737692318614,38.7184751028036,38.6881904602051,0,0,0,0,0,0,0,0.65,0.35,0,0,0
"all_measured_520_analysis_set","within_cow_random5",1,"StrictHierarchicalEBResidualXGB",84,"C016","stable_cool","S01","measurement_group_1","measurement_status_1",33,8.8,14,38.3,38.483885120857,-0.183885120856992,"may_session_hour+eb_exact+tight_session",0.314242956574583,38.6572097007967,38.648103915338,38.6458274689733,38.656223477886,38.656223477886,38.328111738943,38.6569313429591,38.3905973601096,38.6571338193878,38.5028313099514,38.6227146742833,38.5500831604004,0,0,0,0,0,0,0,0.65,0.35,0,0,0
"all_measured_520_analysis_set","within_cow_random5",1,"StrictHierarchicalEBResidualXGB",86,"C016","stable_cool","S01","measurement_group_1","measurement_status_1",32.1,9,19,39.4,38.6854376022169,0.714562397783126,"may_session_hour+eb_exact+tight_session",0.314242956574583,38.6572097007967,38.6698639583104,38.6730275226888,39.0348547491495,38.993933796197,38.9187411592953,38.6569313429591,38.7006781006633,38.6571338193878,38.7677694469919,38.7031160112731,38.7241477966309,0,0,0,0,0,0,0,0.65,0.35,0,0,0
"all_measured_520_analysis_set","within_cow_random5",1,"StrictHierarchicalEBResidualXGB",89,"C022","stable_cool","S01","measurement_group_1","measurement_status_1",25.4,5.4,0,38.1,38.4558282045337,-0.355828204533658,"may_session_hour+eb_exact+tight_session",0.314242956574583,38.3915928241574,38.4499608372316,38.4645528405002,38.656223477886,38.656223477886,38.656223477886,38.3909701488172,38.4979177175147,38.3776619661402,38.2962814210427,38.4288715199545,38.3357353210449,0,0,0,0,0,0,0,0.65,0.35,0,0,0
"all_measured_520_analysis_set","within_cow_random5",1,"StrictHierarchicalEBResidualXGB",94,"C022","stable_cool","S01","measurement_group_1","measurement_status_1",31.3,9.3,13,38.2,38.4500728743425,-0.250072874342528,"may_session_hour+eb_exact+tight_session",0.314242956574583,38.4455640799298,38.446445780137,38.4379922533682,38.656223477886,38.656223477886,38.656223477886,38.3909701488172,38.4890633633745,38.3776619661402,38.2274017122683,38.4089115246026,38.307918548584,0,0,0,0,0,0,0,0.65,0.35,0,0,0
"all_measured_520_analysis_set","within_cow_random5",1,"StrictHierarchicalEBResidualXGB",97,"C022","stable_cool","S01","measurement_group_1","measurement_status_1",32.3,9.1,15,39.5,38.4500728743425,1.04992712565747,"may_session_hour+eb_exact+tight_session",0.314242956574583,38.3230640799298,38.3836425259344,38.409800685615,38.656223477886,38.656223477886,38.656223477886,38.3909701488172,38.4890633633745,38.3776619661402,38.2391556195283,38.3445407986276,38.3197174072266,0,0,0,0,0,0,0,0.65,0.35,0,0,0
"all_measured_520_analysis_set","within_cow_random5",1,"StrictHierarchicalEBResidualXGB",103,"C014","stable_cool","S01","measurement_group_1","measurement_status_1",28.2,5.4,0,38.5,38.4212108273699,0.0787891726300813,"may_session_hour+eb_exact+tight_session",0.314242956574583,38.3478428241574,38.4149608372316,38.4317403405002,38.656223477886,38.656223477886,38.656223477886,38.3471673319158,38.4694458865288,38.3316314317891,38.2723776947924,38.3934444545374,38.2790908813477,0,0,0,0,0,0,0,0.65,0.35,0,0,0
"all_measured_520_analysis_set","within_cow_random5",1,"StrictHierarchicalEBResidualXGB",106,"C014","stable_cool","S01","measurement_group_1","measurement_status_1",31.6,6.8,12,38.1,38.1288233335071,-0.0288233335070984,"may_session_hour+eb_exact+tight_session",0.314242956574583,38.3219703299298,38.3477499821953,38.3017983408729,38.656223477886,38.656223477886,38.542703912981,38.3471673319158,38.0196189728937,38.3316314317891,38.2228771947401,38.3097598368101,38.2104110717773,0,0,0,0,0,0,0,0.65,0.35,0,0,0
"all_measured_520_analysis_set","within_cow_random5",1,"StrictHierarchicalEBResidualXGB",111,"C014","stable_cool","S01","measurement_group_1","measurement_status_1",33.5,11.2,15,38,38.1288233335071,-0.1288233335071,"may_session_hour+eb_exact+tight_session",0.314242956574583,38.3478428241574,38.4024865392561,38.4161474680307,38.656223477886,38.656223477886,38.4187411592953,38.3471673319158,38.0196189728937,38.3316314317891,38.2309019267784,38.3568921599502,38.2560806274414,0,0,0,0,0,0,0,0.65,0.35,0,0,0
"all_measured_520_analysis_set","within_cow_random5",1,"StrictHierarchicalEBResidualXGB",118,"C023","stable_cool","S01","measurement_group_1","measurement_status_1",32.6,6.1,11,39.4,38.7437031026028,0.656296897397212,"may_session_hour+eb_exact+tight_session",0.314242956574583,38.8808765799298,38.8482525479414,38.8598991506237,38.656223477886,38.656223477886,38.378111738943,39.0042095854369,38.5938027632817,39.0220894470563,38.9312745323097,38.8308408689119,39.0198974609375,0,0,0,0,0,0,0,0.65,0.35,0,0,0
"all_measured_520_analysis_set","within_cow_random5",1,"StrictHierarchicalEBResidualXGB",123,"C023","stable_cool","S01","measurement_group_1","measurement_status_1",33.7,8.8,14,38.6,38.9915319632799,-0.391531963279945,"may_session_hour+eb_exact+tight_session",0.314242956574583,39.0040928241574,38.9256104140265,38.9059898114938,38.656223477886,38.5405023831556,38.585407825962,39.0042095854369,38.9750779335542,39.0220894470563,38.8856561963771,38.8699145636244,38.8969459533691,0,0,0,0,0,0,0,0.65,0.35,0,0,0
"all_measured_520_analysis_set","within_cow_random5",1,"StrictHierarchicalEBResidualXGB",125,"C023","stable_cool","S01","measurement_group_1","measurement_status_1",35.3,9.1,15,39,38.9915319632799,0.00846803672005336,"may_session_hour+eb_exact+tight_session",0.314242956574583,39.0208765799298,38.9406737759344,38.917925685615,38.656223477886,38.656223477886,38.656223477886,39.0042095854369,38.9750779335542,39.0220894470563,38.9262825427129,38.9042992181711,38.931755065918,0,0,0,0,0,0,0,0.65,0.35,0,0,0
"all_measured_520_analysis_set","within_cow_random5",1,"StrictHierarchicalEBResidualXGB",130,"C011","stable_cool","S01","measurement_group_1","measurement_status_1",28.2,13.1,11,38.1,38.2571560470039,-0.157156047003873,"may_session_hour+eb_exact+tight_session",0.314242956574583,38.2344271053244,38.3294370607583,38.3543632009346,38.656223477886,38.656223477886,38.656223477886,38.2416751102722,38.2758310881505,38.2224738277316,38.1044308154162,38.301569473475,38.239372253418,0,0,0,0,0,0,0,0.65,0.35,0,0,0
"all_measured_520_analysis_set","within_cow_random5",1,"StrictHierarchicalEBResidualXGB",135,"C011","stable_cool","S01","measurement_group_1","measurement_status_1",30.2,13.4,21,38.4,38.3111311377944,0.0888688622056364,"may_session_hour+eb_exact+tight_session",0.314242956574583,38.2519271053244,38.3602539026522,38.385696753302,38.656223477886,38.656223477886,38.656223477886,38.2416751102722,38.3588696893666,38.2224738277316,38.308164796869,38.3959340812051,38.3027038574219,0,0,0,0,0,0,0,0.65,0.35,0,0,0
"all_measured_520_analysis_set","within_cow_random5",1,"StrictHierarchicalEBResidualXGB",140,"C004","stable_cool","S01","measurement_group_1","measurement_status_1",27.6,3.5,14,37.6,37.5902054710343,0.009794528965692,"may_session_hour+eb_exact+tight_session",0.314242956574583,37.6697178241574,37.8581104140265,37.9052085614938,38.656223477886,38.656223477886,38.656223477886,37.668223669944,37.5751540288663,37.6181581493463,37.3658830351989,37.8045454520269,37.7169494628906,0,0,0,0,0,0,0,0.65,0.35,0,0,0
"all_measured_520_analysis_set","within_cow_random5",1,"StrictHierarchicalEBResidualXGB",141,"C004","stable_cool","S01","measurement_group_1","measurement_status_1",32.4,4.6,12,37.5,37.5902054710343,-0.0902054710343094,"may_session_hour+eb_exact+tight_session",0.314242956574583,37.6221968333933,37.7882404492024,37.8373886552417,38.656223477886,38.656223477886,38.656223477886,37.668223669944,37.5751540288663,37.6181581493463,37.5249595448305,37.7340014369014,37.7432289123535,0,0,0,0,0,0,0,0.65,0.35,0,0,0
"all_measured_520_analysis_set","within_cow_random5",1,"StrictHierarchicalEBResidualXGB",142,"C004","stable_cool","S01","measurement_group_1","measurement_status_1",30.6,9.4,9,37.6,37.6978503499866,-0.0978503499865582,"may_session_hour+eb_exact+tight_session",0.314242956574583,37.6697178241574,37.9020926792211,37.9601863929871,38.656223477886,38.656223477886,38.656223477886,37.668223669944,37.7407615349467,37.6181581493463,37.6666538090012,37.8621108893342,37.8036956787109,0,0,0,0,0,0,0,0.65,0.35,0,0,0
"all_measured_520_analysis_set","within_cow_random5",1,"StrictHierarchicalEBResidualXGB",143,"C004","stable_cool","S01","measurement_group_1","measurement_status_1",32.3,5.3,11,37.6,37.6978503499866,-0.0978503499865582,"may_session_hour+eb_exact+tight_session",0.314242956574583,37.6697178241574,37.877565311263,37.9295271830395,38.656223477886,38.656223477886,38.378111738943,37.668223669944,37.7407615349467,37.6181581493463,37.5624399236962,37.8621504744466,37.838451385498,0,0,0,0,0,0,0,0.65,0.35,0,0,0
"all_measured_520_analysis_set","within_cow_random5",1,"StrictHierarchicalEBResidualXGB",152,"C028","stable_hot","S01","measurement_group_1","measurement_status_1",36.6,36.5,15,40.2,40.1108104189712,0.0891895810287764,"tight_session+may_session+direct_xgb",0.354393790921063,40.1790322123131,39.9432203349445,39.8842673656024,39.2408831261786,39.2408831261786,39.1704415630893,40.0505771395353,39.6516665189329,40.1913377741707,39.9497825998802,39.8717673522208,39.7483291625977,0,0,0,0,0,0,0.1,0,0.75,0,0,0.15
"all_measured_520_analysis_set","within_cow_random5",1,"StrictHierarchicalEBResidualXGB",153,"C028","stable_hot","S01","measurement_group_1","measurement_status_1",37.6,35.5,13,40.2,40.0955960711319,0.10440392886813,"tight_session+may_session+direct_xgb",0.354393790921063,40.1790322123131,39.9338063323362,39.872499862342,39.2408831261786,39.2408831261786,39.2408831261786,40.0505771395353,39.6638330207814,40.1913377741707,39.9737536088283,39.8470193990929,39.646900177002,0,0,0,0,0,0,0.1,0,0.75,0,0,0.15
"all_measured_520_analysis_set","within_cow_random5",1,"StrictHierarchicalEBResidualXGB",155,"C028","stable_hot","S01","measurement_group_1","measurement_status_1",37.7,40.4,13,39.8,39.7510093538153,0.0489906461847411,"tight_session+may_session+direct_xgb",0.354393790921063,40.1790322123131,39.9338063323362,39.872499862342,39.2408831261786,39.2408831261786,39.2408831261786,39.4498901071507,39.1444432884176,39.794768508004,39.909620757604,39.8717648336155,39.7329597473145,0,0,0,0,0,0,0.1,0,0.75,0,0,0.15
"all_measured_520_analysis_set","within_cow_random5",1,"StrictHierarchicalEBResidualXGB",159,"C028","stable_hot","S01","measurement_group_1","measurement_status_1",36.8,36.2,17,40.1,40.0434967407122,0.0565032592878367,"tight_session+may_session+direct_xgb",0.354393790921063,40.1827015751583,39.9860969826808,39.9363561155328,39.2408831261786,39.2408831261786,39.3204415630893,39.9479417911652,39.7474673596435,40.0911612666165,40.0318911620375,39.9564496994248,39.8688774108887,0,0,0,0,0,0,0.1,0,0.75,0,0,0.15
"all_measured_520_analysis_set","within_cow_random5",1,"StrictHierarchicalEBResidualXGB",164,"C008","stable_cool","S01","measurement_group_1","measurement_status_1",33.6,2.9,21,38.3,38.3205775653962,-0.020577565396195,"may_session_hour+eb_exact+tight_session",0.314242956574583,38.1947178241574,38.314632153157,38.3446107354069,38.656223477886,38.656223477886,38.656223477886,38.1938574727609,38.4013753366926,38.1705245615601,38.3160544674272,38.3547353130018,38.303524017334,0,0,0,0,0,0,0,0.65,0.35,0,0,0
"all_measured_520_analysis_set","within_cow_random5",1,"StrictHierarchicalEBResidualXGB",166,"C008","stable_cool","S01","measurement_group_1","measurement_status_1",32.1,6.5,9,38.1,38.1546577722279,-0.0546577722279409,"may_session_hour+eb_exact+tight_session",0.314242956574583,38.1781422049298,38.3090689783995,38.3444646105714,38.656223477886,38.656223477886,38.7520744926287,38.1938574727609,38.1461141164337,38.1705245615601,38.2276690372093,38.3000025792127,38.2375183105469,0,0,0,0,0,0,0,0.65,0.35,0,0,0
"all_measured_520_analysis_set","within_cow_random5",1,"StrictHierarchicalEBResidualXGB",173,"C008","stable_cool","S01","measurement_group_1","measurement_status_1",34.4,7.5,17,38.2,38.2233130363346,-0.0233130363346348,"may_session_hour+eb_exact+tight_session",0.314242956574583,38.1947178241574,38.2752044009727,38.2953260451765,38.656223477886,38.656223477886,38.656223477886,38.1938574727609,38.2517375996748,38.1705245615601,38.1483213540533,38.2735801685818,38.2162933349609,0,0,0,0,0,0,0,0.65,0.35,0,0,0
"all_measured_520_analysis_set","within_cow_random5",1,"StrictHierarchicalEBResidualXGB",182,"C030","stable_cool","S01","measurement_group_1","measurement_status_1",31.7,11.8,12,40.2,40.091240898967,0.108759101033044,"may_session_hour+eb_exact+tight_session",0.314242956574583,40.148884490824,39.8089117038503,39.7239185071069,38.656223477886,38.656223477886,38.656223477886,40.1503832943571,40.0183794083047,40.2265550959112,40.0811180769196,39.8650749105468,40.0215263366699,0,0,0,0,0,0,0,0.65,0.35,0,0,0
"all_measured_520_analysis_set","within_cow_random5",1,"StrictHierarchicalEBResidualXGB",186,"C030","stable_cool","S01","measurement_group_1","measurement_status_1",32.2,3.5,20,40.2,40.0570836740021,0.14291632599793,"may_session_hour+eb_exact+tight_session",0.314242956574583,40.148884490824,39.8439922797605,39.7677692269947,38.656223477886,38.656223477886,38.656223477886,40.1503832943571,39.9658298314356,40.2265550959112,40.2053336763559,39.9395803156421,40.2197303771973,0,0,0,0,0,0,0,0.65,0.35,0,0,0
"all_measured_520_analysis_set","within_cow_random5",1,"StrictHierarchicalEBResidualXGB",187,"C030","stable_cool","S01","measurement_group_1","measurement_status_1",32.2,7.9,21,40.2,40.0570836740021,0.14291632599793,"may_session_hour+eb_exact+tight_session",0.314242956574583,40.1578297049298,39.884993869002,39.8153472863245,38.656223477886,38.656223477886,38.528111738943,40.1503832943571,39.9658298314356,40.2265550959112,40.3577202668111,39.9416437997772,40.2425842285156,0,0,0,0,0,0,0,0.65,0.35,0,0,0
"all_measured_520_analysis_set","within_cow_random5",1,"StrictHierarchicalEBResidualXGB",195,"C018","stable_cool","S01","measurement_group_1","measurement_status_1",32.9,6.5,11,38.8,38.8019647153696,-0.00196471536963116,"may_session_hour+eb_exact+tight_session",0.314242956574583,38.7939234549298,38.7769114021081,38.7724512339571,38.656223477886,39.0590209016741,38.928111738943,38.7924959704134,38.8032334300163,38.7996085310257,38.761544759431,38.8030964471269,38.8149147033691,0,0,0,0,0,0,0,0.65,0.35,0,0,0
"all_measured_520_analysis_set","within_cow_random5",1,"StrictHierarchicalEBResidualXGB",197,"C018","stable_cool","S01","measurement_group_1","measurement_status_1",34.9,13.7,18,38.8,38.7912531212005,0.00874687879952063,"may_session_hour+eb_exact+tight_session",0.314242956574583,38.792634490824,38.8000777657831,38.8019385845228,38.656223477886,38.656223477886,38.656223477886,38.7924959704134,38.7867540543715,38.7996085310257,38.8829457927474,38.7962997658865,38.7937889099121,0,0,0,0,0,0,0,0.65,0.35,0,0,0
"all_measured_520_analysis_set","within_cow_random5",1,"StrictHierarchicalEBResidualXGB",198,"C018","stable_cool","S01","measurement_group_1","measurement_status_1",36,10.6,18,38.8,38.7912531212005,0.00874687879952063,"may_session_hour+eb_exact+tight_session",0.314242956574583,38.792634490824,38.8000777657831,38.8019385845228,38.656223477886,38.656223477886,38.656223477886,38.7924959704134,38.7867540543715,38.7996085310257,38.8765738577674,38.797915216604,38.7572937011719,0,0,0,0,0,0,0,0.65,0.35,0,0,0
"all_measured_520_analysis_set","within_cow_random5",1,"StrictHierarchicalEBResidualXGB",202,"C025","stable_cool","S01","measurement_group_1","measurement_status_1",29.2,13.6,14,39.4,39.3911216518661,0.00887834813386945,"may_session_hour+eb_exact+tight_session",0.314242956574583,39.4157203299298,39.2546570257049,39.2115180290781,38.656223477886,38.656223477886,38.656223477886,39.3984349375496,39.3667602495236,39.4363642562166,39.2323466794668,39.2240316656183,39.3268280029297,0,0,0,0,0,0,0,0.65,0.35,0,0,0
"all_measured_520_analysis_set","within_cow_random5",1,"StrictHierarchicalEBResidualXGB",206,"C025","stable_cool","S01","measurement_group_1","measurement_status_1",31.9,24.5,14,39.4,39.3911216518661,0.00887834813386945,"may_session_hour+eb_exact+tight_session",0.314242956574583,39.4157203299298,39.2546570257049,39.2115180290781,38.656223477886,38.656223477886,38.656223477886,39.3984349375496,39.3667602495236,39.4363642562166,39.1851087579007,39.2235392437082,39.3306045532227,0,0,0,0,0,0,0,0.65,0.35,0,0,0
"all_measured_520_analysis_set","within_cow_random5",1,"StrictHierarchicalEBResidualXGB",207,"C025","stable_cool","S01","measurement_group_1","measurement_status_1",29.8,14.9,23,39.4,39.3272221072865,0.0727778927135247,"may_session_hour+eb_exact+tight_session",0.314242956574583,39.3982203299298,39.232211373531,39.1906484638607,38.656223477886,38.656223477886,38.656223477886,39.3984349375496,39.2684532578626,39.4363642562166,39.7764167577124,39.2533998114697,39.5888404846191,0,0,0,0,0,0,0,0.65,0.35,0,0,0
"all_measured_520_analysis_set","within_cow_random5",1,"StrictHierarchicalEBResidualXGB",212,"C010","stable_hot","S01","measurement_group_1","measurement_status_1",37.5,32.6,14,38.6,38.5906400938516,0.00935990614835447,"tight_session+may_session+direct_xgb",0.354393790921063,38.6693747790885,38.747008726494,38.7687822626325,39.2408831261786,39.2408831261786,39.2408831261786,38.6628905497482,38.6471500838214,38.6053793779263,38.511122412009,38.6767511000201,38.4687767028809,0,0,0,0,0,0,0.1,0,0.75,0,0,0.15
"all_measured_520_analysis_set","within_cow_random5",1,"StrictHierarchicalEBResidualXGB",217,"C010","stable_hot","S01","measurement_group_1","measurement_status_1",39.6,36.7,12,38.7,38.6769874596169,0.0230125403831494,"tight_session+may_session+direct_xgb",0.354393790921063,38.66054526175,38.7137644196063,38.7308532879298,39.2408831261786,39.2408831261786,39.2408831261786,38.7636365014155,38.6905400160662,38.7037690628616,38.5439589713582,38.639514481476,38.4853134155273,0,0,0,0,0,0,0.1,0,0.75,0,0,0.15
"all_measured_520_analysis_set","within_cow_random5",1,"StrictHierarchicalEBResidualXGB",222,"C010","stable_hot","S01","measurement_group_1","measurement_status_1",37.3,32.3,17,38.6,38.6302481043624,-0.0302481043624354,"tight_session+may_session+direct_xgb",0.354393790921063,38.6840906413194,38.7872606550789,38.8130531585188,39.2408831261786,39.2408831261786,39.2408831261786,38.7200071577861,38.9145329085289,38.6085128958787,38.6018978845605,38.7737943611554,38.679084777832,0,0,0,0,0,0,0.1,0,0.75,0,0,0.15
"all_measured_520_analysis_set","within_cow_random5",1,"StrictHierarchicalEBResidualXGB",226,"C019","stable_hot","S01","measurement_group_1","measurement_status_1",36.8,31,14,39.5,39.4325403175185,0.0674596824815268,"tight_session+may_session+direct_xgb",0.354393790921063,39.4706703251583,39.387746058944,39.3660151171117,39.2408831261786,39.2408831261786,39.2408831261786,39.4073961850782,39.4182702638663,39.4930880352857,39.2972049868039,39.3185714712174,39.1465644836426,0,0,0,0,0,0,0.1,0,0.75,0,0,0.15
"all_measured_520_analysis_set","within_cow_random5",1,"StrictHierarchicalEBResidualXGB",232,"C019","stable_hot","S01","measurement_group_1","measurement_status_1",34.1,25,0,39.5,39.5018067671446,-0.00180676714456496,"tight_session+may_session+direct_xgb",0.354393790921063,39.4881703251583,39.4118531791789,39.3889615174053,39.2408831261786,39.2408831261786,39.2408831261786,39.4917673414329,39.1968991112658,39.4991518522699,39.4881258083079,39.4247578688261,39.5217742919922,0,0,0,0,0,0,0.1,0,0.75,0,0,0.15
"all_measured_520_analysis_set","within_cow_random5",1,"StrictHierarchicalEBResidualXGB",235,"C019","stable_hot","S01","measurement_group_1","measurement_status_1",35.4,34,16,39.5,39.4531505546401,0.0468494453599462,"tight_session+may_session+direct_xgb",0.354393790921063,39.4604031928654,39.4107045860182,39.4100646032589,39.2408831261786,39.3587474771574,39.3204415630893,39.4073961850782,39.4244852061029,39.4930880352857,39.2012482001091,39.3711171926151,39.2839660644531,0,0,0,0,0,0,0.1,0,0.75,0,0,0.15
"all_measured_520_analysis_set","within_cow_random5",1,"StrictHierarchicalEBResidualXGB",241,"C005","stable_hot","S01","measurement_group_1","measurement_status_1",36,31.3,15,37.8,37.7755564258622,0.024443574137841,"tight_session+may_session+direct_xgb",0.354393790921063,37.8712865437944,38.0975428502623,38.1599462408722,39.2408831261786,39.2408831261786,39.2408831261786,37.9207962132581,37.9463578350705,37.7617143933531,37.7255722169478,37.9715957771603,37.7479400634766,0,0,0,0,0,0,0.1,0,0.75,0,0,0.15
"all_measured_520_analysis_set","within_cow_random5",1,"StrictHierarchicalEBResidualXGB",242,"C005","stable_hot","S01","measurement_group_1","measurement_status_1",38.4,33.6,18,37.9,37.9367784000943,-0.0367784000942564,"tight_session+may_session+direct_xgb",0.354393790921063,37.9076200530841,38.1771999070371,38.2445948705254,39.2408831261786,39.2408831261786,39.2408831261786,38.1597729081078,38.4817786804162,37.9181128743083,37.884294990834,38.0891828158821,37.8814430236816,0,0,0,0,0,0,0.1,0,0.75,0,0,0.15
"all_measured_520_analysis_set","within_cow_random5",1,"StrictHierarchicalEBResidualXGB",245,"C005","stable_hot","S01","measurement_group_1","measurement_status_1",36.8,31.9,17,38,38.039454634714,-0.0394546347139766,"tight_session+may_session+direct_xgb",0.354393790921063,37.8712865437944,38.1375364271916,38.2099382120339,39.2408831261786,39.2408831261786,39.2408831261786,38.3763773012281,38.6911735017662,38.0297662894549,37.8131120754618,38.0493579043068,37.86328125,0,0,0,0,0,0,0.1,0,0.75,0,0,0.15
"all_measured_520_analysis_set","within_cow_random5",1,"StrictHierarchicalEBResidualXGB",247,"C005","stable_hot","S01","measurement_group_1","measurement_status_1",34.6,31,19,38.2,38.2058111332552,-0.00581113325523575,"tight_session+may_session+direct_xgb",0.354393790921063,37.9076200530841,38.1784707835272,38.2461834661379,39.2408831261786,39.2408831261786,39.2408831261786,38.4916754145863,38.7641110976356,38.2136280198564,37.9644803351043,38.1298317989662,37.9761505126953,0,0,0,0,0,0,0.1,0,0.75,0,0,0.15
"all_measured_520_analysis_set","within_cow_random5",1,"StrictHierarchicalEBResidualXGB",254,"C017","stable_hot","S01","measurement_group_1","measurement_status_1",38.1,37.8,13,39.4,39.1937022509084,0.20629774909164,"tight_session+may_session+direct_xgb",0.354393790921063,39.446938938533,39.3481317133121,39.3234299070069,39.2408831261786,39.2408831261786,39.2408831261786,39.2176018554762,39.1223990861431,39.2068523701066,39.2266448787767,39.2721746534519,39.1120185852051,0,0,0,0,0,0,0.1,0,0.75,0,0,0.15
"all_measured_520_analysis_set","within_cow_random5",1,"StrictHierarchicalEBResidualXGB",258,"C017","stable_hot","S01","measurement_group_1","measurement_status_1",35.9,33,19,39.1,39.4397965042005,-0.339796504200514,"tight_session+may_session+direct_xgb",0.354393790921063,39.4737246242897,39.430971787838,39.4159787363713,39.2408831261786,39.0784294017713,39.3681766252357,39.4271057948965,39.3721408448372,39.4482589347707,39.4946593210956,39.4579074658134,39.4059448242188,0,0,0,0,0,0,0.1,0,0.75,0,0,0.15
"all_measured_520_analysis_set","within_cow_random5",1,"StrictHierarchicalEBResidualXGB",260,"C017","stable_hot","S01","measurement_group_1","measurement_status_1",36.7,34.4,20,39.4,39.4013433521557,-0.00134335215567916,"tight_session+may_session+direct_xgb",0.354393790921063,39.446938938533,39.418596917261,39.411511411943,39.2408831261786,39.2408831261786,39.2408831261786,39.3840673081621,39.3372232520105,39.399708341799,39.4348919893543,39.4121188791102,39.4210357666016,0,0,0,0,0,0,0.1,0,0.75,0,0,0.15
"all_measured_520_analysis_set","within_cow_random5",1,"StrictHierarchicalEBResidualXGB",267,"C017","stable_hot","S01","measurement_group_1","measurement_status_1",35.7,31.9,23,39.4,39.4788752166639,-0.0788752166638957,"tight_session+may_session+direct_xgb",0.354393790921063,39.5087246242897,39.5285916118722,39.523628516414,39.2408831261786,39.2408831261786,39.2408831261786,39.4271057948965,39.5445213643758,39.4482589347707,39.7755557488866,39.6588237373929,39.6664695739746,0,0,0,0,0,0,0.1,0,0.75,0,0,0.15
"all_measured_520_analysis_set","within_cow_random5",1,"StrictHierarchicalEBResidualXGB",270,"C020","stable_hot","S01","measurement_group_1","measurement_status_1",35.8,34.1,13,39.2,39.1121141313577,0.0878858686423527,"tight_session+may_session+direct_xgb",0.354393790921063,39.3674397945684,39.2862519126694,39.1119782375581,39.2408831261786,39.2408831261786,38.6802943753929,39.161615013371,39.0860076387746,39.1129588126837,39.251790901173,39.1774197470706,39.0748901367188,0,0,0,0,0,0,0.1,0,0.75,0,0,0.15
"all_measured_520_analysis_set","within_cow_random5",1,"StrictHierarchicalEBResidualXGB",274,"C020","stable_hot","S01","measurement_group_1","measurement_status_1",37,35.5,19,39.5,39.1162443566854,0.383755643314572,"tight_session+may_session+direct_xgb",0.354393790921063,39.487805811598,39.4426193903383,39.4313227850234,39.2408831261786,39.2408831261786,39.3704415630893,39.1668514998575,39.1732591261009,39.0675806614231,39.4698118263775,39.4302370879051,39.3258247375488,0,0,0,0,0,0,0.1,0,0.75,0,0,0.15
"all_measured_520_analysis_set","within_cow_random5",1,"StrictHierarchicalEBResidualXGB",275,"C020","stable_hot","S01","measurement_group_1","measurement_status_1",37.1,35.5,19,40.2,40.0939072639055,0.106092736094539,"tight_session+may_session+direct_xgb",0.354393790921063,39.487805811598,39.4426193903383,39.4313227850234,39.2408831261786,39.2408831261786,39.3704415630893,40.0553039709485,39.780469659271,40.2302847054708,39.4722358993026,39.4583183280375,39.4377555847168,0,0,0,0,0,0,0.1,0,0.75,0,0,0.15
"all_measured_520_analysis_set","within_cow_random5",1,"StrictHierarchicalEBResidualXGB",280,"C020","stable_hot","S01","measurement_group_1","measurement_status_1",34.5,32.1,22,39.5,39.6046533840064,-0.104653384006376,"tight_session+may_session+direct_xgb",0.354393790921063,39.6124397945684,39.580018371008,39.5518825535692,39.2408831261786,39.2408831261786,39.0204415630893,39.5488894440104,39.5828551660943,39.5723304710688,39.64624830268,39.6707582470399,39.8034439086914,0,0,0,0,0,0,0.1,0,0.75,0,0,0.15
"all_measured_520_analysis_set","within_cow_random5",1,"StrictHierarchicalEBResidualXGB",285,"C009","stable_hot","S01","measurement_group_1","measurement_status_1",36.1,32.5,13,39.3,39.498924778331,-0.198924778330998,"tight_session+may_session+direct_xgb",0.354393790921063,39.8290322123131,39.6538063323362,39.609999862342,39.2408831261786,39.2408831261786,38.9204415630893,39.4646878517449,39.2830049837177,39.5049927971904,39.6054265847625,39.5846760904653,39.4914093017578,0,0,0,0,0,0,0.1,0,0.75,0,0,0.15
"all_measured_520_analysis_set","within_cow_random5",1,"StrictHierarchicalEBResidualXGB",292,"C009","stable_hot","S01","measurement_group_1","measurement_status_1",34.6,29.6,24,40.6,40.4326555541587,0.16734444584128,"tight_session+may_session+direct_xgb",0.354393790921063,39.8290322123131,39.7515482333719,39.7321772386366,39.2408831261786,39.2408831261786,39.2408831261786,40.3425900309113,40.1291837463153,40.5038875095777,40.1984010046062,39.8038623583733,40.1365394592285,0,0,0,0,0,0,0.1,0,0.75,0,0,0.15
"all_measured_520_analysis_set","within_cow_random5",1,"StrictHierarchicalEBResidualXGB",293,"C012","stable_hot","S01","measurement_group_1","measurement_status_1",34.1,30.2,1,40.3,40.3111075164683,-0.0111075164683143,"tight_session+may_session+direct_xgb",0.354393790921063,39.7196572123131,39.6507176174916,39.6334827187862,39.2408831261786,39.2408831261786,39.6704415630893,40.2055881137789,40.0207435358827,40.3810551948406,39.8140601165702,39.7638673200405,40.0317153930664,0,0,0,0,0,0,0.1,0,0.75,0,0,0.15
"all_measured_520_analysis_set","within_cow_random5",1,"StrictHierarchicalEBResidualXGB",294,"C012","stable_hot","S01","measurement_group_1","measurement_status_1",37,35,13,39.1,39.0696405354285,0.0303594645714895,"tight_session+may_session+direct_xgb",0.354393790921063,39.7196572123131,39.5663063323362,39.527968612342,39.2408831261786,39.2408831261786,39.2408831261786,39.1350003517449,39.0687081087177,39.0252308924285,39.5368197366972,39.4555150887234,39.2481155395508,0,0,0,0,0,0,0.1,0,0.75,0,0,0.15
"all_measured_520_analysis_set","within_cow_random5",1,"StrictHierarchicalEBResidualXGB",301,"C012","stable_hot","S01","measurement_group_1","measurement_status_1",37.5,35.7,20,39.8,39.7360835555925,0.0639164444074609,"tight_session+may_session+direct_xgb",0.354393790921063,39.7701531928654,39.6764469495762,39.593153190698,39.2408831261786,39.2408831261786,39.3704415630893,39.6570042911652,39.6429229195148,39.7428279332831,39.7180711321185,39.7080659097779,39.7550811767578,0,0,0,0,0,0,0.1,0,0.75,0,0,0.15
"all_measured_520_analysis_set","within_cow_random5",1,"StrictHierarchicalEBResidualXGB",307,"C006","stable_hot","S01","measurement_group_1","measurement_status_1",35.1,31.4,13,38.5,39.4185617929221,-0.91856179292207,"tight_session+may_session+direct_xgb",0.354393790921063,39.2144366985931,39.1639918507499,39.172327344423,39.2408831261786,38.7661548845648,39.2408831261786,39.350339899176,39.0797356532341,39.4868205382833,39.1033277759186,39.1152606019241,39.1227493286133,0,0,0,0,0,0,0.1,0,0.75,0,0,0.15
"all_measured_520_analysis_set","within_cow_random5",1,"StrictHierarchicalEBResidualXGB",312,"C006","stable_hot","S01","measurement_group_1","measurement_status_1",35.3,32.1,19,38.4,39.3503854219613,-0.950385421961258,"tight_session+may_session+direct_xgb",0.354393790921063,39.2669366985931,39.2670360293241,39.2795700676407,39.2408831261786,39.2408831261786,39.2408831261786,39.3455277337592,39.3191151050979,39.3428493948911,39.3269508242477,39.2807070484386,39.3913040161133,0,0,0,0,0,0,0.1,0,0.75,0,0,0.15
"all_measured_520_analysis_set","within_cow_random5",1,"StrictHierarchicalEBResidualXGB",315,"C006","stable_hot","S01","measurement_group_1","measurement_status_1",35.3,31.5,21,38.5,39.3735162203011,-0.873516220301099,"tight_session+may_session+direct_xgb",0.354393790921063,39.3544366985931,39.34340745186,39.3390968458106,39.2408831261786,40.0994882178981,39.3802943753929,39.3455277337592,39.3543938928412,39.3428493948911,39.3980702128807,39.3870227036396,39.5455093383789,0,0,0,0,0,0,0.1,0,0.75,0,0,0.15
"all_measured_520_analysis_set","within_cow_random5",1,"StrictHierarchicalEBResidualXGB",320,"C015","stable_hot","S01","measurement_group_1","measurement_status_1",31.7,26.6,1,38.9,38.949418211424,-0.0494182114239905,"tight_session+may_session+direct_xgb",0.354393790921063,38.7249575143844,38.8549578591486,38.8874579453397,39.2408831261786,39.2408831261786,39.2408831261786,39.0203663991484,39.2503494213729,38.9494519281092,38.8418618099777,38.8856262332996,38.9019508361816,0,0,0,0,0,0,0.1,0,0.75,0,0,0.15
"all_measured_520_analysis_set","within_cow_random5",1,"StrictHierarchicalEBResidualXGB",323,"C015","stable_hot","S01","measurement_group_1","measurement_status_1",34.6,32.1,13,38.2,38.2913876414113,-0.0913876414113446,"tight_session+may_session+direct_xgb",0.354393790921063,38.6855899493671,38.7396149157654,38.6667880562224,39.2408831261786,39.2408831261786,38.8704415630893,38.4114560502877,38.5984043127705,38.2208089110589,38.5842294947973,38.6660538210641,38.5642356872559,0,0,0,0,0,0,0.1,0,0.75,0,0,0.15
"all_measured_520_analysis_set","within_cow_random5",1,"StrictHierarchicalEBResidualXGB",330,"C015","stable_hot","S01","measurement_group_1","measurement_status_1",35.5,33.2,19,38.5,38.5431920680103,-0.0431920680102778,"tight_session+may_session+direct_xgb",0.354393790921063,38.7730899493671,38.9422929308176,38.9271583782909,39.2408831261786,39.0624511808611,39.1204415630893,38.6870400054229,38.8910980816793,38.4721244809892,38.7948444503653,38.9608927017808,38.8026313781738,0,0,0,0,0,0,0.1,0,0.75,0,0,0.15
"all_measured_520_analysis_set","within_cow_random5",1,"StrictHierarchicalEBResidualXGB",333,"C015","stable_hot","S01","measurement_group_1","measurement_status_1",34.6,30.4,21,40,39.2250682212164,0.774931778783639,"tight_session+may_session+direct_xgb",0.354393790921063,38.6855899493671,38.8090305168755,38.8462175888446,39.2408831261786,38.9933230187926,38.9481766252357,39.2249695638012,39.2272372804627,39.2868430666567,38.8974186599885,38.872906706167,38.916259765625,0,0,0,0,0,0,0.1,0,0.75,0,0,0.15
"all_measured_520_analysis_set","within_cow_random5",1,"StrictHierarchicalEBResidualXGB",340,"C007","stable_hot","S01","measurement_group_1","measurement_status_1",37.4,32.8,12,39.8,39.7540480698904,0.0459519301095739,"tight_session+may_session+direct_xgb",0.354393790921063,39.30374459346,39.2307261423892,39.2432810043986,39.2408831261786,39.2408831261786,39.2408831261786,39.6958853019691,39.2965017364261,39.8509229612906,39.3640453219791,39.188250199867,39.3084487915039,0,0,0,0,0,0,0.1,0,0.75,0,0,0.15
"all_measured_520_analysis_set","within_cow_random5",1,"StrictHierarchicalEBResidualXGB",349,"C007","stable_hot","S01","measurement_group_1","measurement_status_1",36.9,33.8,20,39.6,39.5356123511664,0.064387648833609,"tight_session+may_session+direct_xgb",0.354393790921063,39.4954479920727,39.4574041600928,39.4478932020978,39.2408831261786,39.2408831261786,39.7704415630893,39.4855892916731,39.4032125412926,39.5298603426947,39.4758816357401,39.4633743894875,39.5977210998535,0,0,0,0,0,0,0.1,0,0.75,0,0,0.15
"all_measured_520_analysis_set","within_cow_random5",1,"StrictHierarchicalEBResidualXGB",350,"C007","stable_hot","S01","measurement_group_1","measurement_status_1",36.9,32.4,21,39.3,39.4979850536554,-0.197985053655387,"tight_session+may_session+direct_xgb",0.354393790921063,39.70624459346,39.621980458344,39.567036399342,39.2408831261786,39.2408831261786,39.2408831261786,39.453802948911,39.4203053632369,39.4505372206701,39.6187037523201,39.6615868395517,39.7646789550781,0,0,0,0,0,0,0.1,0,0.75,0,0,0.15
"all_measured_520_analysis_set","within_cow_random5",1,"StrictHierarchicalEBResidualXGB",354,"C007","stable_hot","S01","measurement_group_1","measurement_status_1",37.2,31.8,22,40.6,40.4014200584836,0.198579941516414,"tight_session+may_session+direct_xgb",0.354393790921063,39.4407225542923,39.4452068562265,39.4551230913533,39.2408831261786,39.2408831261786,39.2408831261786,39.9968776701888,39.710486255733,40.5861954234503,39.7316010775482,39.5142329389806,39.7472381591797,0,0,0,0,0,0,0.1,0,0.75,0,0,0.15
"all_measured_520_analysis_set","within_cow_random5",1,"StrictHierarchicalEBResidualXGB",357,"C013","stable_hot","S01","measurement_group_1","measurement_status_1",29.3,20.6,1,39.3,39.0804387247035,0.219561275296535,"tight_session+may_session+direct_xgb",0.354393790921063,38.9769698982853,39.0565677662694,39.0764672332654,39.2408831261786,39.2408831261786,39.2408831261786,39.118880303594,39.3143834592625,39.1001556560167,38.9644931488647,39.0540927721035,38.956226348877,0,0,0,0,0,0,0.1,0,0.75,0,0,0.15
"all_measured_520_analysis_set","within_cow_random5",1,"StrictHierarchicalEBResidualXGB",358,"C013","stable_hot","S01","measurement_group_1","measurement_status_1",34.7,30,12,38.7,38.6843491005442,0.0156508994557569,"tight_session+may_session+direct_xgb",0.354393790921063,38.9769698982853,38.9665677662694,38.9639672332654,39.2408831261786,39.2408831261786,39.2408831261786,38.8439280577262,38.7427295276682,38.6381085354442,38.7054701538963,38.9108699340128,38.8091659545898,0,0,0,0,0,0,0.1,0,0.75,0,0,0.15
"all_measured_520_analysis_set","within_cow_random5",1,"StrictHierarchicalEBResidualXGB",367,"C024","stable_hot","S01","measurement_group_1","measurement_status_1",36.1,34,12,38,38.3339593002503,-0.333959300250278,"tight_session+may_session+direct_xgb",0.354393790921063,39.0859482264587,39.0537504288081,39.0457009793954,39.2408831261786,39.2408831261786,38.9204415630893,38.4497827803246,38.5751198462882,38.2594970249851,38.9144786699962,38.9217889192227,38.6290550231934,0,0,0,0,0,0,0.1,0,0.75,0,0,0.15
"all_measured_520_analysis_set","within_cow_random5",1,"StrictHierarchicalEBResidualXGB",375,"C024","stable_hot","S01","measurement_group_1","measurement_status_1",36.7,33.9,20,38.2,38.6006902891344,-0.400690289134388,"tight_session+may_session+direct_xgb",0.354393790921063,39.0534072868284,39.1042364664635,39.1221735552414,39.2408831261786,39.2408831261786,39.2408831261786,38.8557424002323,39.1221026904084,38.4694568968618,39.0785899652896,39.070045364674,39.0868225097656,0,0,0,0,0,0,0.1,0,0.75,0,0,0.15
"all_measured_520_analysis_set","within_cow_random5",1,"StrictHierarchicalEBResidualXGB",379,"C024","stable_hot","S01","measurement_group_1","measurement_status_1",38.1,35.1,21,39.2,38.9360517569336,0.263948243066416,"tight_session+may_session+direct_xgb",0.354393790921063,39.1491996805315,39.17845231582,39.1128857543874,39.2408831261786,39.2408831261786,39.2136277087262,38.9592803407435,39.0242396824335,38.8755337687439,39.1839591753659,39.1985963630355,39.2231559753418,0,0,0,0,0,0,0.1,0,0.75,0,0,0.15
"all_measured_520_analysis_set","within_cow_random5",1,"StrictHierarchicalEBResidualXGB",381,"C024","stable_hot","S01","measurement_group_1","measurement_status_1",36.3,33.3,22,38.5,38.6386909681505,-0.138690968150506,"tight_session+may_session+direct_xgb",0.354393790921063,39.4559072868284,39.4512877208532,39.3906751232286,39.2408831261786,39.4328215512315,39.9204415630893,38.8557424002323,38.9687483302613,38.4694568968618,39.2883578597914,39.4952013758363,39.340160369873,0,0,0,0,0,0,0.1,0,0.75,0,0,0.15
"all_measured_520_analysis_set","within_cow_random5",1,"StrictHierarchicalEBResidualXGB",384,"C001","stable_cool","S01","measurement_group_1","measurement_status_1",31.9,7.2,12,38.2,38.1796212806681,0.0203787193319087,"may_session_hour+eb_exact+tight_session",0.314242956574583,38.2618928941854,38.1333066905464,38.3164451495019,38.656223477886,38.6045237281058,38.656223477886,38.3038777550301,38.1231832214173,38.2844348192767,38.2071784381163,38.0873857299412,38.1978797912598,0,0,0,0,0,0,0,0.65,0.35,0,0,0
"all_measured_520_analysis_set","within_cow_random5",1,"StrictHierarchicalEBResidualXGB",386,"C001","stable_cool","S01","measurement_group_1","measurement_status_1",32.5,12.3,17,38.3,38.3386351238663,-0.0386351238663423,"may_session_hour+eb_exact+tight_session",0.314242956574583,38.3054067974797,38.3637555796305,38.3783427751682,38.656223477886,38.656223477886,38.656223477886,38.3038777550301,38.3678199032608,38.2844348192767,38.2744533765271,38.3396737794975,38.2892913818359,0,0,0,0,0,0,0,0.65,0.35,0,0,0
"all_measured_520_analysis_set","within_cow_random5",1,"StrictHierarchicalEBResidualXGB",387,"C001","stable_cool","S01","measurement_group_1","measurement_status_1",35.3,14.4,14,38.2,38.1796212806681,0.0203787193319087,"may_session_hour+eb_exact+tight_session",0.314242956574583,38.2519606079207,38.3246681580309,38.3514346117376,38.656223477886,38.656223477886,38.656223477886,38.3038777550301,38.1231832214173,38.2844348192767,38.2747904475324,38.2805224360887,38.2398986816406,0,0,0,0,0,0,0,0.65,0.35,0,0,0
"all_measured_520_analysis_set","within_cow_random5",1,"StrictHierarchicalEBResidualXGB",388,"C002","stable_cool","S01","measurement_group_1","measurement_status_1",36.7,5.2,15,39,38.9761101611247,0.0238898388753128,"may_session_hour+eb_exact+tight_session",0.314242956574583,39.0241664902737,38.9439217342409,38.9280934937647,38.656223477886,38.656223477886,38.656223477886,39.0515159011976,38.9235369557074,39.0737461140426,39.0480432452459,38.9181799671026,38.8279457092285,0,0,0,0,0,0,0,0.65,0.35,0,0,0
"all_measured_520_analysis_set","within_cow_random5",1,"StrictHierarchicalEBResidualXGB",390,"C002","stable_cool","S01","measurement_group_1","measurement_status_1",33.4,11.7,12,39,38.9761101611247,0.0238898388753128,"may_session_hour+eb_exact+tight_session",0.314242956574583,38.9663634824207,38.8640969164744,38.8520529926391,38.656223477886,38.656223477886,38.656223477886,39.0515159011976,38.9235369557074,39.0737461140426,39.0108653613467,38.8626085182959,38.9193305969238,0,0,0,0,0,0,0,0.65,0.35,0,0,0
"all_measured_520_analysis_set","within_cow_random5",1,"StrictHierarchicalEBResidualXGB",394,"C003","stable_cool","S01","measurement_group_1","measurement_status_1",32.9,6.4,15,38.5,38.5515304881008,-0.0515304881008092,"may_session_hour+eb_exact+tight_session",0.314242956574583,38.5748245000771,38.5844875716589,38.5588727740916,38.656223477886,38.656223477886,38.578111738943,38.6032293361671,38.5253348767232,38.6001794806593,38.4877902971264,38.5516226024352,38.5004577636719,0,0,0,0,0,0,0,0.65,0.35,0,0,0
"all_measured_520_analysis_set","within_cow_random5",1,"StrictHierarchicalEBResidualXGB",395,"C003","stable_cool","S01","measurement_group_1","measurement_status_1",32,8,12,38.5,38.5515304881008,-0.0515304881008092,"may_session_hour+eb_exact+tight_session",0.314242956574583,38.5888245000771,38.5610794029199,38.5565696598854,38.656223477886,38.656223477886,38.656223477886,38.6032293361671,38.5253348767232,38.6001794806593,38.4868447383807,38.5195440030657,38.500862121582,0,0,0,0,0,0,0,0.65,0.35,0,0,0
"all_measured_520_analysis_set","within_cow_random5",1,"StrictHierarchicalEBResidualXGB",396,"C003","stable_cool","S01","measurement_group_1","measurement_status_1",34.7,10.4,16,38.6,38.63072546978,-0.0307254697800019,"may_session_hour+eb_exact+tight_session",0.314242956574583,38.6039229167738,38.6164965558012,38.619639965558,38.656223477886,38.656223477886,38.4187411592953,38.6032293361671,38.6471733100758,38.6001794806593,38.5622541957639,38.5915139096935,38.5808486938477,0,0,0,0,0,0,0,0.65,0.35,0,0,0
"all_measured_520_analysis_set","within_cow_random5",1,"StrictHierarchicalEBResidualXGB",408,"C006","stable_hot","S01","measurement_group_1","measurement_status_1",34.6,33,11,39.4,39.434983492446,-0.0349834924459955,"tight_session+may_session+direct_xgb",0.354393790921063,39.3447717558705,39.3091398682178,39.3002318963047,39.2408831261786,39.2408831261786,39.2408831261786,39.350339899176,39.1282430126189,39.4868205382833,39.1557437194405,39.2830779999228,39.2322273254395,0,0,0,0,0,0,0.1,0,0.75,0,0,0.15
"all_measured_520_analysis_set","within_cow_random5",1,"StrictHierarchicalEBResidualXGB",413,"C008","stable_cool","S01","measurement_group_1","measurement_status_1",33.5,7.5,10,38.1,38.1546577722279,-0.0546577722279409,"may_session_hour+eb_exact+tight_session",0.314242956574583,38.1781422049298,38.3297890615629,38.3703647145256,38.656223477886,38.656223477886,38.656223477886,38.1938574727609,38.1461141164337,38.1705245615601,38.1516323154026,38.3288010170197,38.2441825866699,0,0,0,0,0,0,0,0.65,0.35,0,0,0
"all_measured_520_analysis_set","within_cow_random5",1,"StrictHierarchicalEBResidualXGB",417,"C009","stable_hot","S01","measurement_group_1","measurement_status_1",35.7,32,2,40.4,40.4230882934165,-0.0230882934165351,"tight_session+may_session+direct_xgb",0.354393790921063,39.8290322123131,39.7098815667052,39.6800939053033,39.2408831261786,39.2408831261786,39.2408831261786,40.3425900309113,39.983350412982,40.5038875095777,39.8934211612059,39.7444152685423,40.0727577209473,0,0,0,0,0,0,0.1,0,0.75,0,0,0.15
"all_measured_520_analysis_set","within_cow_random5",1,"StrictHierarchicalEBResidualXGB",419,"C009","stable_hot","S01","measurement_group_1","measurement_status_1",35.6,31.7,16,39.6,39.5321343883163,0.0678656116836578,"tight_session+may_session+direct_xgb",0.354393790921063,39.7889515751583,39.6874388093901,39.6685021489193,39.2408831261786,39.2408831261786,39.2408831261786,39.4646878517449,39.3673312970649,39.5049927971904,39.6038858774573,39.6525152000439,39.7128067016602,0,0,0,0,0,0,0.1,0,0.75,0,0,0.15
"all_measured_520_analysis_set","within_cow_random5",1,"StrictHierarchicalEBResidualXGB",425,"C010","stable_hot","S01","measurement_group_1","measurement_status_1",36.2,31.3,21,38.8,38.7385603687246,0.0614396312753627,"tight_session+may_session+direct_xgb",0.354393790921063,38.68854526175,38.8107687355611,38.8406086828732,39.2408831261786,39.2408831261786,39.2704415630893,38.8989481418591,39.0641171581061,38.7169435278778,38.8112867780459,38.8247788063842,38.7397193908691,0,0,0,0,0,0,0.1,0,0.75,0,0,0.15
"all_measured_520_analysis_set","within_cow_random5",1,"StrictHierarchicalEBResidualXGB",430,"C011","stable_cool","S01","measurement_group_1","measurement_status_1",27.7,9.9,12,38.1,38.1312933627787,-0.0312933627786691,"may_session_hour+eb_exact+tight_session",0.314242956574583,38.1994271053244,38.2499501200122,38.269379525002,38.656223477886,38.656223477886,38.656223477886,38.2416751102722,38.0821961893425,38.2224738277316,38.0292907975706,38.2016483673555,38.1199073791504,0,0,0,0,0,0,0,0.65,0.35,0,0,0
"all_measured_520_analysis_set","within_cow_random5",1,"StrictHierarchicalEBResidualXGB",438,"C012","stable_hot","S01","measurement_group_1","measurement_status_1",32.7,27,23,40.4,40.309099078358,0.0909009216420387,"tight_session+may_session+direct_xgb",0.354393790921063,39.8562172001583,39.8055174682515,39.7708953943711,39.2408831261786,39.2408831261786,39.2408831261786,40.2055881137789,40.2933921594622,40.3810551948406,40.0783369621201,39.9712305251734,40.0183258056641,0,0,0,0,0,0,0.1,0,0.75,0,0,0.15
"all_measured_520_analysis_set","within_cow_random5",1,"StrictHierarchicalEBResidualXGB",445,"C013","stable_hot","S01","measurement_group_1","measurement_status_1",28.5,18.2,4,39.1,39.0817874109217,0.0182125890782814,"tight_session+may_session+direct_xgb",0.354393790921063,38.9769698982853,39.0371169811013,39.0521537518053,39.2408831261786,39.2408831261786,39.2408831261786,39.118880303594,39.2636059831153,39.1001556560167,39.0547597605263,39.0388508442455,38.965217590332,0,0,0,0,0,0,0.1,0,0.75,0,0,0.15
"all_measured_520_analysis_set","within_cow_random5",1,"StrictHierarchicalEBResidualXGB",448,"C014","stable_cool","S01","measurement_group_1","measurement_status_1",33,3.6,10,38.3,38.3228770326573,-0.0228770326573127,"may_session_hour+eb_exact+tight_session",0.314242956574583,38.3394703299298,38.4587343740629,38.4898959645256,38.656223477886,38.656223477886,38.656223477886,38.3471673319158,38.3181631254325,38.3316314317891,38.3197317039938,38.4548934640249,38.3775062561035,0,0,0,0,0,0,0,0.65,0.35,0,0,0
"all_measured_520_analysis_set","within_cow_random5",1,"StrictHierarchicalEBResidualXGB",451,"C016","stable_cool","S01","measurement_group_1","measurement_status_1",33.5,5.8,17,38.7,38.6437087254164,0.0562912745836499,"may_session_hour+eb_exact+tight_session",0.314242956574583,38.6572097007967,38.6451979022841,38.642194952656,38.656223477886,38.656223477886,38.656223477886,38.6569313429591,38.6364798286625,38.6571338193878,38.6010849052121,38.677817680351,38.658618927002,0,0,0,0,0,0,0,0.65,0.35,0,0,0
"all_measured_520_analysis_set","within_cow_random5",1,"StrictHierarchicalEBResidualXGB",462,"C018","stable_cool","S01","measurement_group_1","measurement_status_1",32.5,5.4,14,38.8,38.7836747247068,0.0163252752932195,"may_session_hour+eb_exact+tight_session",0.314242956574583,38.792634490824,38.7564437473599,38.7473960614938,38.656223477886,38.656223477886,38.656223477886,38.7924959704134,38.7750949828427,38.7996085310257,38.6065450622278,38.758223477908,38.7213668823242,0,0,0,0,0,0,0,0.65,0.35,0,0,0
"all_measured_520_analysis_set","within_cow_random5",1,"StrictHierarchicalEBResidualXGB",467,"C019","stable_hot","S01","measurement_group_1","measurement_status_1",37.4,32.5,23,39.5,39.5793314427235,-0.0793314427234719,"tight_session+may_session+direct_xgb",0.354393790921063,39.4744031928654,39.5018749149023,39.5071430449656,39.2408831261786,39.2408831261786,39.2408831261786,39.4638293404577,39.3980173272654,39.5819915967753,39.7803241703937,39.5626269788919,39.6430320739746,0,0,0,0,0,0,0.1,0,0.75,0,0,0.15
"all_measured_520_analysis_set","within_cow_random5",1,"StrictHierarchicalEBResidualXGB",472,"C021","stable_cool","S01","measurement_group_1","measurement_status_1",30,7.7,21,38.3,38.3285855897658,-0.0285855897658109,"may_session_hour+eb_exact+tight_session",0.314242956574583,38.2793140799298,38.3822464731686,38.4072743696578,38.656223477886,39.2071690498223,39.028111738943,38.2741626370801,38.3682549748889,38.2549138745372,38.5206064178483,38.4047856510781,38.3333549499512,0,0,0,0,0,0,0,0.65,0.35,0,0,0
"all_measured_520_analysis_set","within_cow_random5",1,"StrictHierarchicalEBResidualXGB",473,"C021","stable_cool","S01","measurement_group_1","measurement_status_1",27.2,10.1,1,38.3,38.3194622306105,-0.0194622306105359,"may_session_hour+eb_exact+tight_session",0.314242956574583,38.2793140799298,38.3630586613436,38.3832896048765,38.656223477886,38.656223477886,38.656223477886,38.2741626370801,38.354219037727,38.2549138745372,38.4940064808789,38.3720367385541,38.2836647033691,0,0,0,0,0,0,0,0.65,0.35,0,0,0
"all_measured_520_analysis_set","within_cow_random5",1,"StrictHierarchicalEBResidualXGB",481,"C022","stable_cool","S01","measurement_group_1","measurement_status_1",25.5,4.6,22,38.4,38.3780985499732,0.0219014500267534,"may_session_hour+eb_exact+tight_session",0.314242956574583,38.3580640799298,38.4165819992328,38.436600027238,38.656223477886,38.656223477886,38.656223477886,38.3909701488172,38.3783336335756,38.3776619661402,38.5631488796546,38.4312917745689,38.4254608154297,0,0,0,0,0,0,0,0.65,0.35,0,0,0
"all_measured_520_analysis_set","within_cow_random5",1,"StrictHierarchicalEBResidualXGB",483,"C023","stable_cool","S01","measurement_group_1","measurement_status_1",36.7,8.3,13,38.9,38.9915319632799,-0.0915319632799481,"may_session_hour+eb_exact+tight_session",0.314242956574583,38.9609468333933,38.860139372144,38.8418716839188,38.656223477886,38.656223477886,38.656223477886,39.0042095854369,38.9750779335542,39.0220894470563,39.0049606143393,38.8058822996357,38.8585777282715,0,0,0,0,0,0,0,0.65,0.35,0,0,0
"all_measured_520_analysis_set","within_cow_random5",1,"StrictHierarchicalEBResidualXGB",490,"C025","stable_cool","S01","measurement_group_1","measurement_status_1",31.6,20.5,18,39.3,39.2593645078091,0.0406354921908587,"may_session_hour+eb_exact+tight_session",0.314242956574583,39.3978428241574,39.2842444324497,39.2558448345228,38.656223477886,38.656223477886,38.656223477886,39.3984349375496,39.1640569509744,39.4363642562166,39.40030441913,39.2829872609446,39.4265899658203,0,0,0,0,0,0,0,0.65,0.35,0,0,0
"all_measured_520_analysis_set","within_cow_random5",1,"StrictHierarchicalEBResidualXGB",495,"C026","stable_cool","S01","measurement_group_1","measurement_status_1",27.8,8.6,22,38.7,38.7019958194824,-0.00199581948240279,"may_session_hour+eb_exact+tight_session",0.314242956574583,38.7135782549796,38.6999494428334,38.6901869530348,38.656223477886,38.656223477886,38.656223477886,38.6737618905025,38.7165663856029,38.6749361966872,38.8659705832398,38.7148239542318,38.6938667297363,0,0,0,0,0,0,0,0.65,0.35,0,0,0
"all_measured_520_analysis_set","within_cow_random5",1,"StrictHierarchicalEBResidualXGB",499,"C026","stable_cool","S01","measurement_group_1","measurement_status_1",29.3,6.8,22,38.7,38.7019958194824,-0.00199581948240279,"may_session_hour+eb_exact+tight_session",0.314242956574583,38.7135782549796,38.6999494428334,38.6901869530348,38.656223477886,38.656223477886,38.656223477886,38.6737618905025,38.7165663856029,38.6749361966872,38.823801325704,38.7240710607317,38.7069931030273,0,0,0,0,0,0,0,0.65,0.35,0,0,0
"all_measured_520_analysis_set","within_cow_random5",1,"StrictHierarchicalEBResidualXGB",502,"C026","stable_cool","S01","measurement_group_1","measurement_status_1",28.1,7.8,3,38.7,38.6374120956293,0.0625879043707229,"may_session_hour+eb_exact+tight_session",0.314242956574583,38.6740342484601,38.6740864607808,38.674099513861,38.656223477886,38.656223477886,38.656223477886,38.6737618905025,38.6172068104443,38.6749361966872,38.7585434735162,38.6776700715371,38.6952056884766,0,0,0,0,0,0,0,0.65,0.35,0,0,0
"all_measured_520_analysis_set","within_cow_random5",1,"StrictHierarchicalEBResidualXGB",504,"C027","stable_cool","S01","measurement_group_1","measurement_status_1",31.6,8.7,2,39,38.9581671579314,0.0418328420685725,"may_session_hour+eb_exact+tight_session",0.314242956574583,38.989509490824,38.9169807484707,38.8988485628823,38.656223477886,38.656223477886,38.656223477886,38.9896086464698,38.9320093545683,39.0067459356059,39.1963441131584,38.9479337254872,39.1035957336426,0,0,0,0,0,0,0,0.65,0.35,0,0,0
"all_measured_520_analysis_set","within_cow_random5",1,"StrictHierarchicalEBResidualXGB",515,"C029","stable_cool","S01","measurement_group_1","measurement_status_1",36.8,6.4,11,38.3,38.4746963160342,-0.174696316034215,"may_session_hour+eb_exact+tight_session",0.314242956574583,38.3624261574907,38.4317319779297,38.4490584330395,38.656223477886,38.656223477886,38.656223477886,38.3617682708829,38.5434693629237,38.3469749432395,38.46322137602,38.4189734286269,38.3529815673828,0,0,0,0,0,0,0,0.65,0.35,0,0,0
"all_measured_520_analysis_set","within_cow_random5",1,"StrictHierarchicalEBResidualXGB",519,"C030","stable_cool","S01","measurement_group_1","measurement_status_1",30.6,5.6,13,40.2,40.091240898967,0.108759101033044,"may_session_hour+eb_exact+tight_session",0.314242956574583,40.1578297049298,39.8169015093036,39.7302318367015,38.656223477886,38.7627246053778,38.728111738943,40.1503832943571,40.0183794083047,40.2265550959112,39.9738132795159,39.8793929225095,40.0129203796387,0,0,0,0,0,0,0,0.65,0.35,0,0,0
"all_measured_520_analysis_set","within_cow_random5",2,"StrictHierarchicalEBResidualXGB",2,"C021","stable_cool","S01","measurement_group_1","measurement_status_1",30.4,16,12,38.3,38.2245605297956,0.0754394702043513,"may_session_hour+direct_xgb+tight_session",0.275156499657496,38.2387383331488,38.2834758035291,38.2970813169459,38.6227891668639,38.6227891668639,38.6227891668639,38.2537144113861,38.2319377295438,38.2366438417046,38.1986016581186,38.2488832681823,38.1464004516602,0,0,0,0,0,0,0,0.65,0.25,0,0,0.1
"all_measured_520_analysis_set","within_cow_random5",2,"StrictHierarchicalEBResidualXGB",6,"C021","stable_cool","S01","measurement_group_1","measurement_status_1",28.1,13.4,21,38.3,38.3535198597649,-0.0535198597648971,"may_session_hour+direct_xgb+tight_session",0.275156499657496,38.2618876733997,38.3810766320497,38.4095745878509,38.6227891668639,38.6227891668639,38.6227891668639,38.2537144113861,38.395731525763,38.2366438417046,38.4087970865039,38.4122308436603,38.3713340759277,0,0,0,0,0,0,0,0.65,0.25,0,0,0.1
"all_measured_520_analysis_set","within_cow_random5",2,"StrictHierarchicalEBResidualXGB",10,"C003","stable_cool","S01","measurement_group_1","measurement_status_1",31.4,5.4,0,39,38.4985637907825,0.50143620921753,"may_session_hour+direct_xgb+tight_session",0.275156499657496,38.4853821878529,38.4972150639207,38.5001732829376,38.6227891668639,38.6227891668639,38.6227891668639,38.4851687050149,38.5091649062907,38.4789133452507,38.5184514226146,38.4971270024818,38.4787826538086,0,0,0,0,0,0,0,0.65,0.25,0,0,0.1
"all_measured_520_analysis_set","within_cow_random5",2,"StrictHierarchicalEBResidualXGB",12,"C003","stable_cool","S01","measurement_group_1","measurement_status_1",31.8,6.9,12,38.7,38.46341066974,0.236589330259982,"may_session_hour+direct_xgb+tight_session",0.275156499657496,38.4754751752541,38.4727915930028,38.4737128958933,38.6227891668639,38.1778622163414,38.240929722288,38.4851687050149,38.4589319177128,38.4789133452507,38.3835821148177,38.4638580572257,38.4537658691406,0,0,0,0,0,0,0,0.65,0.25,0,0,0.1
"all_measured_520_analysis_set","within_cow_random5",2,"StrictHierarchicalEBResidualXGB",19,"C003","stable_cool","S01","measurement_group_1","measurement_status_1",32,9,19,39,38.5965317270802,0.403468272919845,"may_session_hour+direct_xgb+tight_session",0.275156499657496,38.4853821878529,38.5640462963888,38.5837123235228,38.6227891668639,39.1140324291074,38.6227891668639,38.4851687050149,38.6292627661447,38.4789133452507,38.5509889886736,38.6085445388266,38.6778259277344,0,0,0,0,0,0,0,0.65,0.25,0,0,0.1
"all_measured_520_analysis_set","within_cow_random5",2,"StrictHierarchicalEBResidualXGB",25,"C002","stable_cool","S01","measurement_group_1","measurement_status_1",34.2,6.9,12,38.5,39.0483485709392,-0.548348570939211,"may_session_hour+direct_xgb+tight_session",0.275156499657496,39.1123645497907,38.9822566758021,38.9507997164215,38.6227891668639,38.6227891668639,38.6227891668639,39.1193077589161,39.016318602771,39.1447479600094,39.0379778309533,38.9688185702189,39.0155448913574,0,0,0,0,0,0,0,0.65,0.25,0,0,0.1
"all_measured_520_analysis_set","within_cow_random5",2,"StrictHierarchicalEBResidualXGB",29,"C002","stable_cool","S01","measurement_group_1","measurement_status_1",36.2,8.8,14,39,39.0462131034099,-0.0462131034099187,"may_session_hour+direct_xgb+tight_session",0.275156499657496,39.1190223842933,39.0138024662022,38.9874974866794,38.6227891668639,38.6227891668639,38.4613945834319,39.1193077589161,39.016318602771,39.1447479600094,39.1083498640657,38.9862145420496,38.9941902160645,0,0,0,0,0,0,0,0.65,0.25,0,0,0.1
"all_measured_520_analysis_set","within_cow_random5",2,"StrictHierarchicalEBResidualXGB",33,"C002","stable_cool","S01","measurement_group_1","measurement_status_1",33.2,5.4,22,39.6,39.1014185539627,0.498581446037278,"may_session_hour+direct_xgb+tight_session",0.275156499657496,39.1190223842933,39.004127221073,38.975403430268,38.6227891668639,38.6227891668639,38.6227891668639,39.1193077589161,39.0576357510073,39.1447479600094,39.3383835438031,39.0344151238753,39.2776832580566,0,0,0,0,0,0,0,0.65,0.25,0,0,0.1
"all_measured_520_analysis_set","within_cow_random5",2,"StrictHierarchicalEBResidualXGB",35,"C029","stable_cool","S01","measurement_group_1","measurement_status_1",31.8,5.4,0,38.1,38.3963949683211,-0.296394968321138,"may_session_hour+direct_xgb+tight_session",0.275156499657496,38.355970423147,38.393685652156,38.4031144594082,38.6227891668639,38.6227891668639,38.6227891668639,38.3558265997517,38.4250925378696,38.3435274462102,38.371284721144,38.3943594912799,38.3420295715332,0,0,0,0,0,0,0,0.65,0.25,0,0,0.1
"all_measured_520_analysis_set","within_cow_random5",2,"StrictHierarchicalEBResidualXGB",43,"C029","stable_cool","S01","measurement_group_1","measurement_status_1",33.2,9,19,38.5,38.5213211225704,-0.0213211225703773,"may_session_hour+direct_xgb+tight_session",0.275156499657496,38.355970423147,38.4605168846241,38.4866534999933,38.6227891668639,38.6227891668639,38.4613945834319,38.3558265997517,38.5817688554045,38.3435274462102,38.4486232549202,38.5113605220607,38.5728950500488,0,0,0,0,0,0,0,0.65,0.25,0,0,0.1
"all_measured_520_analysis_set","within_cow_random5",2,"StrictHierarchicalEBResidualXGB",44,"C029","stable_cool","S01","measurement_group_1","measurement_status_1",31.3,6,21,38.4,38.5233364271358,-0.123336427135804,"may_session_hour+direct_xgb+tight_session",0.275156499657496,38.355970423147,38.4564583237464,38.4815802988962,38.6227891668639,39.0503527469647,38.6742630556213,38.3558265997517,38.5817688554045,38.3435274462102,38.4486994647467,38.5182395364339,38.5930480957031,0,0,0,0,0,0,0,0.65,0.25,0,0,0.1
"all_measured_520_analysis_set","within_cow_random5",2,"StrictHierarchicalEBResidualXGB",48,"C001","stable_cool","S01","measurement_group_1","measurement_status_1",26.6,5,11,38.9,38.6315612307899,0.268438769210128,"may_session_hour+direct_xgb+tight_session",0.275156499657496,38.4212422736336,38.4508954359304,38.4317601676512,38.6227891668639,38.6227891668639,38.6227891668639,38.2564950025854,38.8511604891885,38.240838430078,38.057639455346,38.4311774836938,38.1809730529785,0,0,0,0,0,0,0,0.65,0.25,0,0,0.1
"all_measured_520_analysis_set","within_cow_random5",2,"StrictHierarchicalEBResidualXGB",57,"C001","stable_cool","S01","measurement_group_1","measurement_status_1",30.5,9,19,38.2,38.3539439420965,-0.153943942096511,"may_session_hour+direct_xgb+tight_session",0.275156499657496,38.256051240768,38.3805815387209,38.4117141132091,38.6227891668639,38.6227891668639,38.6227891668639,38.2564950025854,38.3965348076651,38.240838430078,38.3171726796351,38.409057082205,38.3598670959473,0,0,0,0,0,0,0,0.65,0.25,0,0,0.1
"all_measured_520_analysis_set","within_cow_random5",2,"StrictHierarchicalEBResidualXGB",60,"C001","stable_cool","S01","measurement_group_1","measurement_status_1",30.5,5.5,23,38.1,38.2145806408977,-0.114580640897657,"may_session_hour+direct_xgb+tight_session",0.275156499657496,38.256051240768,38.3058108804949,38.3182507904266,38.6227891668639,38.6059083025203,38.6113945834319,38.2564950025854,38.1972676214006,38.240838430078,38.5104989681738,38.3163056966119,38.2614707946777,0,0,0,0,0,0,0,0.65,0.25,0,0,0.1
"all_measured_520_analysis_set","within_cow_random5",2,"StrictHierarchicalEBResidualXGB",62,"C027","stable_cool","S01","measurement_group_1","measurement_status_1",30.9,6.1,11,41.5,39.0057065973846,2.49429340261542,"may_session_hour+direct_xgb+tight_session",0.275156499657496,38.7934302686592,38.7512888258752,38.7439385879744,38.6227891668639,38.7310537057031,38.3113945834319,38.8135534953191,39.1149140345574,38.8243901706851,38.6805953562536,38.7442102825698,38.7491493225098,0,0,0,0,0,0,0,0.65,0.25,0,0,0.1
"all_measured_520_analysis_set","within_cow_random5",2,"StrictHierarchicalEBResidualXGB",64,"C027","stable_cool","S01","measurement_group_1","measurement_status_1",31.9,6.9,12,38.5,38.6299998241556,-0.129999824155639,"may_session_hour+direct_xgb+tight_session",0.275156499657496,38.813248810496,38.7428689724449,38.7252740129321,38.6227891668639,38.1778622163414,38.240929722288,38.8135534953191,38.5558943509465,38.8243901706851,38.6799133643127,38.7174185341838,38.6257095336914,0,0,0,0,0,0,0,0.65,0.25,0,0,0.1
"all_measured_520_analysis_set","within_cow_random5",2,"StrictHierarchicalEBResidualXGB",65,"C027","stable_cool","S01","measurement_group_1","measurement_status_1",31.1,8,13,38.6,38.6326102214945,-0.032610221494501,"may_session_hour+direct_xgb+tight_session",0.275156499657496,38.7584302686592,38.7098910912327,38.7065664196713,38.6227891668639,38.6227891668639,38.6227891668639,38.8135534953191,38.5558943509465,38.8243901706851,38.6589716303665,38.6958858008884,38.6518135070801,0,0,0,0,0,0,0,0.65,0.25,0,0,0.1
"all_measured_520_analysis_set","within_cow_random5",2,"StrictHierarchicalEBResidualXGB",76,"C026","stable_cool","S01","measurement_group_1","measurement_status_1",30.6,9,19,39,38.8492780883651,0.150721911634875,"may_session_hour+direct_xgb+tight_session",0.275156499657496,38.64506405096,38.6917917868745,38.7034737208531,38.6227891668639,38.6227891668639,38.6227891668639,38.6447772424842,38.9531496769692,38.646083837872,38.6267836243544,38.6987106004421,38.6820983886719,0,0,0,0,0,0,0,0.65,0.25,0,0,0.1
"all_measured_520_analysis_set","within_cow_random5",2,"StrictHierarchicalEBResidualXGB",78,"C026","stable_cool","S01","measurement_group_1","measurement_status_1",30.6,5.4,22,38.9,38.6455854359055,0.254414564094532,"may_session_hour+direct_xgb+tight_session",0.275156499657496,38.6604461166912,38.6370464631952,38.6287244321144,38.1387251234714,38.2355379321499,38.3613945834319,38.6447772424842,38.6465759166496,38.646083837872,38.7392059004191,38.6412457938901,38.6379013061523,0,0,0,0,0,0,0,0.65,0.25,0,0,0.1
"all_measured_520_analysis_set","within_cow_random5",2,"StrictHierarchicalEBResidualXGB",87,"C016","stable_cool","S01","measurement_group_1","measurement_status_1",31.1,6,21,38.6,38.9774929425026,-0.377492942502599,"may_session_hour+direct_xgb+tight_session",0.275156499657496,38.66693905096,38.7052332259968,38.714806769756,38.6227891668639,39.0503527469647,38.6742630556213,38.6666786509349,39.1261434171882,38.6690991050475,38.798416188096,38.7411951594308,38.7822494506836,0,0,0,0,0,0,0,0.65,0.25,0,0,0.1
"all_measured_520_analysis_set","within_cow_random5",2,"StrictHierarchicalEBResidualXGB",88,"C016","stable_cool","S01","measurement_group_1","measurement_status_1",31.8,5.5,23,38.8,38.6668781323791,0.133121867620943,"may_session_hour+direct_xgb+tight_session",0.275156499657496,38.672724717042,38.6390670091415,38.6297227429746,38.6227891668639,38.6227891668639,38.6227891668639,38.6666786509349,38.649098453146,38.6690991050475,38.9663213757278,38.6671912242228,38.7768936157227,0,0,0,0,0,0,0,0.65,0.25,0,0,0.1
"all_measured_520_analysis_set","within_cow_random5",2,"StrictHierarchicalEBResidualXGB",93,"C022","stable_cool","S01","measurement_group_1","measurement_status_1",32.8,6.8,12,38.7,38.4428602059739,0.257139794026088,"may_session_hour+direct_xgb+tight_session",0.275156499657496,38.333115342042,38.3594686078091,38.3740040381841,38.6227891668639,38.6227891668639,38.455697291716,38.3819603410757,38.4903214559201,38.3699006317651,38.3589980189494,38.3196409033795,38.3167610168457,0,0,0,0,0,0,0,0.65,0.25,0,0,0.1
"all_measured_520_analysis_set","within_cow_random5",2,"StrictHierarchicalEBResidualXGB",96,"C022","stable_cool","S01","measurement_group_1","measurement_status_1",31.2,8.8,14,39,38.440735419597,0.559264580403038,"may_session_hour+direct_xgb+tight_session",0.275156499657496,38.38256405096,38.4246357995355,38.4351537366794,38.6227891668639,38.6227891668639,38.6227891668639,38.3819603410757,38.4903214559201,38.3699006317651,38.2598916205674,38.3689424376273,38.2955131530762,0,0,0,0,0,0,0,0.65,0.25,0,0,0.1
"all_measured_520_analysis_set","within_cow_random5",2,"StrictHierarchicalEBResidualXGB",101,"C022","stable_cool","S01","measurement_group_1","measurement_status_1",31.1,5.4,22,38.2,38.4159837032409,-0.215983703240944,"may_session_hour+direct_xgb+tight_session",0.275156499657496,38.385615342042,38.4173579973994,38.424803275172,38.6227891668639,38.6227891668639,38.7113945834319,38.3819603410757,38.4358298909057,38.3699006317651,38.5946960909422,38.4207527035741,38.4021911621094,0,0,0,0,0,0,0,0.65,0.25,0,0,0.1
"all_measured_520_analysis_set","within_cow_random5",2,"StrictHierarchicalEBResidualXGB",107,"C014","stable_cool","S01","measurement_group_1","measurement_status_1",32,6.9,12,38.2,38.1073019080385,0.0926980919615517,"may_session_hour+direct_xgb+tight_session",0.275156499657496,38.303037217042,38.3353149619757,38.2609110781184,38.6227891668639,38.1614638580758,38.240929722288,38.3454579936579,38.0042902109792,38.3315418531391,38.2751307322628,38.2937576760411,38.2162780761719,0,0,0,0,0,0,0,0.65,0.25,0,0,0.1
"all_measured_520_analysis_set","within_cow_random5",2,"StrictHierarchicalEBResidualXGB",110,"C014","stable_cool","S01","measurement_group_1","measurement_status_1",33.2,8.8,14,38,38.1148172431215,-0.114817243121458,"may_session_hour+direct_xgb+tight_session",0.275156499657496,38.3461057176266,38.3954691328689,38.4078099866794,38.6227891668639,38.6227891668639,38.4613945834319,38.3454579936579,38.0042902109792,38.3315418531391,38.3191125073045,38.3744298667296,38.291431427002,0,0,0,0,0,0,0,0.65,0.25,0,0,0.1
"all_measured_520_analysis_set","within_cow_random5",2,"StrictHierarchicalEBResidualXGB",115,"C014","stable_cool","S01","measurement_group_1","measurement_status_1",31,5.5,23,38.4,38.5246537470379,-0.124653747037883,"may_session_hour+direct_xgb+tight_session",0.275156499657496,38.3461057176266,38.3778544619818,38.3857916480706,38.6227891668639,38.6227891668639,38.6227891668639,38.3454579936579,38.6118569299327,38.3315418531391,38.6205687947997,38.3918833129247,38.4406127929688,0,0,0,0,0,0,0,0.65,0.25,0,0,0.1
"all_measured_520_analysis_set","within_cow_random5",2,"StrictHierarchicalEBResidualXGB",119,"C023","stable_cool","S01","measurement_group_1","measurement_status_1",31.7,6.9,12,39.2,38.9019475331884,0.298052466811562,"may_session_hour+direct_xgb+tight_session",0.275156499657496,38.953818467042,38.8551847536424,38.8289519548508,38.6227891668639,38.1778622163414,38.240929722288,38.9440964913105,38.8892532362127,38.9606258226048,38.8190771083488,38.8295885596732,38.8377647399902,0,0,0,0,0,0,0,0.65,0.25,0,0,0.1
"all_measured_520_analysis_set","within_cow_random5",2,"StrictHierarchicalEBResidualXGB",126,"C023","stable_cool","S01","measurement_group_1","measurement_status_1",32.1,9,19,39.1,39.3230835078338,-0.223083507833792,"may_session_hour+direct_xgb+tight_session",0.275156499657496,38.9440223842933,38.9309584535411,38.9276924708531,39.1777995833409,39.1140324291074,39.030697291716,38.9440964913105,39.4840641266301,38.9606258226048,39.049520058208,38.9815893508247,39.1828536987305,0,0,0,0,0,0,0,0.65,0.25,0,0,0.1
"all_measured_520_analysis_set","within_cow_random5",2,"StrictHierarchicalEBResidualXGB",129,"C023","stable_cool","S01","measurement_group_1","measurement_status_1",33.3,5.5,23,39.3,39.0817402515975,0.218259748402488,"may_session_hour+direct_xgb+tight_session",0.275156499657496,38.9440223842933,38.8561877953152,38.8342291480706,38.6227891668639,38.6227891668639,38.6075963889546,38.9440964913105,39.118130273699,38.9606258226048,39.2736731273503,38.8914000401536,39.1479911804199,0,0,0,0,0,0,0,0.65,0.25,0,0,0.1
"all_measured_520_analysis_set","within_cow_random5",2,"StrictHierarchicalEBResidualXGB",131,"C011","stable_cool","S01","measurement_group_1","measurement_status_1",30.2,16,12,38,38.1098416173597,-0.109841617359663,"may_session_hour+direct_xgb+tight_session",0.275156499657496,38.170693467042,38.2290389203091,38.2460352881841,38.6227891668639,38.6227891668639,38.6227891668639,38.1848476650194,38.0943185077628,38.1627632271849,38.0548275863152,38.1982184742202,38.0784378051758,0,0,0,0,0,0,0,0.65,0.25,0,0,0.1
"all_measured_520_analysis_set","within_cow_random5",2,"StrictHierarchicalEBResidualXGB",136,"C011","stable_cool","S01","measurement_group_1","measurement_status_1",30.7,11.8,22,39.1,38.2215122792335,0.878487720766472,"may_session_hour+direct_xgb+tight_session",0.275156499657496,38.18568905096,38.2574605544064,38.275403430268,38.6227891668639,38.6227891668639,38.6227891668639,38.1848476650194,38.2415329218386,38.1627632271849,38.3605870427262,38.2712545267272,38.2382507324219,0,0,0,0,0,0,0,0.65,0.25,0,0,0.1
"all_measured_520_analysis_set","within_cow_random5",2,"StrictHierarchicalEBResidualXGB",145,"C004","stable_cool","S01","measurement_group_1","measurement_status_1",32.9,5.5,10,37.6,37.7102215538316,-0.110221553831551,"may_session_hour+direct_xgb+tight_session",0.275156499657496,37.6679807176267,37.9026414944243,37.9613066886237,38.6227891668639,38.6227891668639,38.6227891668639,37.6665143316861,37.7233210470256,37.6180685706964,37.6948141301803,37.8926780620974,37.8554573059082,0,0,0,0,0,0,0,0.65,0.25,0,0,0.1
"all_measured_520_analysis_set","within_cow_random5",2,"StrictHierarchicalEBResidualXGB",147,"C004","stable_cool","S01","measurement_group_1","measurement_status_1",31,8.6,13,37.5,37.6037335785912,-0.103733578591161,"may_session_hour+direct_xgb+tight_session",0.275156499657496,37.638584092042,37.8136509797068,37.8621421593063,38.6227891668639,38.6227891668639,38.6227891668639,37.6665143316861,37.5813504343886,37.6180685706964,37.5304700717538,37.7626522025557,37.7133865356445,0,0,0,0,0,0,0,0.65,0.25,0,0,0.1
"all_measured_520_analysis_set","within_cow_random5",2,"StrictHierarchicalEBResidualXGB",150,"C004","stable_cool","S01","measurement_group_1","measurement_status_1",30.6,4.5,19,37.6,37.8229647734391,-0.222964773439102,"may_session_hour+direct_xgb+tight_session",0.275156499657496,37.6679807176267,37.9101251202078,37.9706612208531,38.6227891668639,38.6227891668639,38.6227891668639,37.6665143316861,37.8927626138497,37.6180685706964,37.6110395275011,37.9015197061376,37.881519317627,0,0,0,0,0,0,0,0.65,0.25,0,0,0.1
"all_measured_520_analysis_set","within_cow_random5",2,"StrictHierarchicalEBResidualXGB",156,"C028","stable_hot","S01","measurement_group_1","measurement_status_1",39.9,38.3,21,40.3,40.1908318544351,0.109168145564858,"tight_session+may_session+direct_xgb",0.350041484601238,40.1286397278347,39.9362388635705,39.8881386475045,39.2536146984423,39.2536146984423,39.2536146984423,40.0128850059595,39.7456704376042,40.2310696375475,40.2786342596174,39.9923950704465,40.0844268798828,0,0,0,0,0,0,0.05,0,0.75,0,0,0.2
"all_measured_520_analysis_set","within_cow_random5",2,"StrictHierarchicalEBResidualXGB",168,"C008","stable_cool","S01","measurement_group_1","measurement_status_1",36.6,9.3,11,38.1,38.1467477970159,-0.0467477970159109,"may_session_hour+direct_xgb+tight_session",0.275156499657496,38.1669461166912,38.250190305145,38.2751854845517,38.6227891668639,38.6227891668639,38.6227891668639,38.192148134503,38.1321512513436,38.1704349829101,38.2733755176536,38.2373066112339,38.1824073791504,0,0,0,0,0,0,0,0.65,0.25,0,0,0.1
"all_measured_520_analysis_set","within_cow_random5",2,"StrictHierarchicalEBResidualXGB",172,"C008","stable_cool","S01","measurement_group_1","measurement_status_1",35,9.6,16,38.2,38.2302365809979,-0.0302365809978866,"may_session_hour+direct_xgb+tight_session",0.275156499657496,38.194209092042,38.2887075684604,38.3121347702482,38.6227891668639,38.6227891668639,38.5409297222879,38.192148134503,38.2515183155301,38.1704349829101,38.1489499073235,38.2950734711823,38.2414093017578,0,0,0,0,0,0,0,0.65,0.25,0,0,0.1
"all_measured_520_analysis_set","within_cow_random5",2,"StrictHierarchicalEBResidualXGB",175,"C008","stable_cool","S01","measurement_group_1","measurement_status_1",33.6,7.9,1,38.2,38.2313124555667,-0.0313124555667343,"may_session_hour+direct_xgb+tight_session",0.275156499657496,38.194209092042,38.2703727032708,38.2573532642037,38.6227891668639,38.6227891668639,38.4113945834319,38.192148134503,38.2527562379813,38.1704349829101,38.3329428595717,38.2793107103275,38.2441215515137,0,0,0,0,0,0,0,0.65,0.25,0,0,0.1
"all_measured_520_analysis_set","within_cow_random5",2,"StrictHierarchicalEBResidualXGB",176,"C030","stable_cool","S01","measurement_group_1","measurement_status_1",27.8,6.9,1,40.1,39.8253071096192,0.274692890380784,"may_session_hour+direct_xgb+tight_session",0.275156499657496,40.1471473842933,39.8327408852778,39.754139260524,38.6227891668639,38.6227891668639,38.6227891668639,40.1486739560992,39.5904433194955,40.2264655172613,40.1825972742483,39.9159511449538,40.3490257263184,0,0,0,0,0,0,0,0.65,0.25,0,0,0.1
"all_measured_520_analysis_set","within_cow_random5",2,"StrictHierarchicalEBResidualXGB",179,"C030","stable_cool","S01","measurement_group_1","measurement_status_1",30.6,4.3,9,40.3,40.205447012015,0.09455298798499,"may_session_hour+direct_xgb+tight_session",0.275156499657496,40.173896592042,39.8622861800644,39.7800845972532,38.6227891668639,38.6227891668639,38.7113945834319,40.1486739560992,40.1908379034097,40.2264655172613,40.1277329278207,39.9643974451277,40.247859954834,0,0,0,0,0,0,0,0.65,0.25,0,0,0.1
"all_measured_520_analysis_set","within_cow_random5",2,"StrictHierarchicalEBResidualXGB",180,"C030","stable_cool","S01","measurement_group_1","measurement_status_1",31,5.4,10,40.3,40.1997734127718,0.100226587228157,"may_session_hour+direct_xgb+tight_session",0.275156499657496,40.1899461166912,39.9196024032131,39.8451381071368,38.6227891668639,38.6227891668639,38.6227891668639,40.1486739560992,40.1908379034097,40.2264655172613,40.1336018869323,40.0052496956483,40.1911239624023,0,0,0,0,0,0,0,0.65,0.25,0,0,0.1
"all_measured_520_analysis_set","within_cow_random5",2,"StrictHierarchicalEBResidualXGB",188,"C030","stable_cool","S01","measurement_group_1","measurement_status_1",30.6,3,0,40.1,39.8090900686036,0.290909931396406,"may_session_hour+direct_xgb+tight_session",0.275156499657496,40.1471473842933,39.826627221073,39.746497180268,38.6227891668639,38.6227891668639,38.6227891668639,40.1486739560992,39.5904433194955,40.2264655172613,40.1662919172176,39.8803994060708,40.1868553161621,0,0,0,0,0,0,0,0.65,0.25,0,0,0.1
"all_measured_520_analysis_set","within_cow_random5",2,"StrictHierarchicalEBResidualXGB",191,"C018","stable_cool","S01","measurement_group_1","measurement_status_1",32.3,6.6,9,38.8,38.7980936924357,0.00190630756426913,"may_session_hour+direct_xgb+tight_session",0.275156499657496,38.7934461166912,38.7582715208602,38.7672581634115,38.6227891668639,38.6227891668639,38.5075963889546,38.7907866321555,38.7937334433158,38.7995189523758,38.8142701702974,38.7743093593937,38.8228721618652,0,0,0,0,0,0,0,0.65,0.25,0,0,0.1
"all_measured_520_analysis_set","within_cow_random5",2,"StrictHierarchicalEBResidualXGB",199,"C018","stable_cool","S01","measurement_group_1","measurement_status_1",31,7.5,16,38.8,38.793228703369,0.00677129663097276,"may_session_hour+direct_xgb+tight_session",0.275156499657496,38.7908973842933,38.7660757504674,38.7598703420109,38.6227891668639,38.6227891668639,38.6227891668639,38.7907866321555,38.7912654650942,38.7995189523758,38.651924864807,38.7652908872152,38.7902641296387,0,0,0,0,0,0,0,0.65,0.25,0,0,0.1
"all_measured_520_analysis_set","within_cow_random5",2,"StrictHierarchicalEBResidualXGB",208,"C025","stable_cool","S01","measurement_group_1","measurement_status_1",31.4,14.3,23,39.4,39.3159294275099,0.0840705724900488,"may_session_hour+direct_xgb+tight_session",0.275156499657496,39.378740342042,39.2038977383082,39.159462326308,38.6227891668639,38.6227891668639,38.6227891668639,39.374824190841,39.24256272023,39.413259410391,39.7194475303497,39.2167399008204,39.549488067627,0,0,0,0,0,0,0,0.65,0.25,0,0,0.1
"all_measured_520_analysis_set","within_cow_random5",2,"StrictHierarchicalEBResidualXGB",209,"C025","stable_cool","S01","measurement_group_1","measurement_status_1",31.3,12.4,1,39.5,39.3320841244819,0.167915875518069,"may_session_hour+direct_xgb+tight_session",0.275156499657496,39.378740342042,39.2179508282708,39.256661299918,38.6227891668639,38.6227891668639,39.0113945834319,39.374824190841,39.261084876479,39.413259410391,39.5366054875722,39.2347406445908,39.5906410217285,0,0,0,0,0,0,0,0.65,0.25,0,0,0.1
"all_measured_520_analysis_set","within_cow_random5",2,"StrictHierarchicalEBResidualXGB",216,"C010","stable_hot","S01","measurement_group_1","measurement_status_1",37.8,33,12,38.6,38.6029923904401,-0.00299239044010591,"tight_session+may_session+direct_xgb",0.350041484601238,38.6985907100109,38.7466356551598,38.7585988474701,39.2536146984423,39.2536146984423,39.2536146984423,38.6832764743289,38.7060232866211,38.6082600697592,38.5879158610443,38.696793845142,38.5631675720215,0,0,0,0,0,0,0.05,0,0.75,0,0,0.2
"all_measured_520_analysis_set","within_cow_random5",2,"StrictHierarchicalEBResidualXGB",218,"C010","stable_hot","S01","measurement_group_1","measurement_status_1",39,34.2,12,38.6,38.6119569290143,-0.0119569290143247,"tight_session+may_session+direct_xgb",0.350041484601238,38.6985907100109,38.7466356551598,38.7585988474701,39.2536146984423,39.2536146984423,39.2536146984423,38.6832764743289,38.7060232866211,38.6082600697592,38.5799514670341,38.7112602798592,38.6079902648926,0,0,0,0,0,0,0.05,0,0.75,0,0,0.2
"all_measured_520_analysis_set","within_cow_random5",2,"StrictHierarchicalEBResidualXGB",220,"C010","stable_hot","S01","measurement_group_1","measurement_status_1",38,32.9,20,38.6,38.6576970484292,-0.0576970484292474,"tight_session+may_session+direct_xgb",0.350041484601238,38.6985907100109,38.8388589193871,38.8738779277543,39.2536146984423,39.2536146984423,39.2536146984423,38.7185703300036,38.9524908982329,38.6086694846294,38.7567351341065,38.8697704041203,38.8263320922852,0,0,0,0,0,0,0.05,0,0.75,0,0,0.2
"all_measured_520_analysis_set","within_cow_random5",2,"StrictHierarchicalEBResidualXGB",229,"C019","stable_hot","S01","measurement_group_1","measurement_status_1",35.4,34.3,16,39.4,39.3854009410601,0.0145990589398721,"tight_session+may_session+direct_xgb",0.350041484601238,39.485370604041,39.4725341384899,39.4521041061577,39.2536146984423,39.4361223292258,39.3768073492211,39.3632653623171,39.3126176444582,39.4001014838476,39.2118073762088,39.4151109194052,39.335807800293,0,0,0,0,0,0,0.05,0,0.75,0,0,0.2
"all_measured_520_analysis_set","within_cow_random5",2,"StrictHierarchicalEBResidualXGB",236,"C019","stable_hot","S01","measurement_group_1","measurement_status_1",36.2,36.9,11,39.4,39.3564639708926,0.0435360291074218,"tight_session+may_session+direct_xgb",0.350041484601238,39.4796813945014,39.4437280646086,39.4347397321354,39.2536146984423,39.2536146984423,39.2536146984423,39.2651763716246,39.1767829909399,39.3920154390844,39.2497257829831,39.3618131256223,39.2459678649902,0,0,0,0,0,0,0.05,0,0.75,0,0,0.2
"all_measured_520_analysis_set","within_cow_random5",2,"StrictHierarchicalEBResidualXGB",239,"C005","stable_hot","S01","measurement_group_1","measurement_status_1",34.1,33.9,11,37.8,37.7795054515894,0.0204945484106176,"tight_session+may_session+direct_xgb",0.350041484601238,37.9558769090291,38.2246844762307,38.2918863680312,39.2536146984423,39.2536146984423,39.2536146984423,37.9542507473584,38.3246813351668,37.7503393641442,37.7743009456066,38.1366624080879,37.8451919555664,0,0,0,0,0,0,0.05,0,0.75,0,0,0.2
"all_measured_520_analysis_set","within_cow_random5",2,"StrictHierarchicalEBResidualXGB",243,"C005","stable_hot","S01","measurement_group_1","measurement_status_1",39.1,35,14,37.8,37.7800021251734,0.019997874826629,"tight_session+may_session+direct_xgb",0.350041484601238,37.9558769090291,38.19231164337,38.2514203269553,39.2536146984423,39.2536146984423,39.2536146984423,37.9542507473584,38.2387948668019,37.7503393641442,37.7454760732406,38.1076354000052,37.8476753234863,0,0,0,0,0,0,0.05,0,0.75,0,0,0.2
"all_measured_520_analysis_set","within_cow_random5",2,"StrictHierarchicalEBResidualXGB",246,"C005","stable_hot","S01","measurement_group_1","measurement_status_1",35.4,29.3,20,37.8,37.8639771833421,-0.0639771833420753,"tight_session+may_session+direct_xgb",0.350041484601238,37.9558769090291,38.2446921491774,38.3168959592144,39.2536146984423,39.2536146984423,39.2536146984423,38.0403754204107,38.6161429340312,37.8151744895407,38.0523244212097,38.2247480997594,38.0028877258301,0,0,0,0,0,0,0.05,0,0.75,0,0,0.2
"all_measured_520_analysis_set","within_cow_random5",2,"StrictHierarchicalEBResidualXGB",250,"C005","stable_hot","S01","measurement_group_1","measurement_status_1",34,27.5,0,37.8,37.8451165571214,-0.0451165571213679,"tight_session+may_session+direct_xgb",0.350041484601238,37.928598449949,38.194919488822,38.2658837866066,39.2536146984423,39.2536146984423,39.2536146984423,38.0403754204107,38.0727189607654,37.8151744895407,38.0730966200809,38.1555679435477,37.9085845947266,0,0,0,0,0,0,0.05,0,0.75,0,0,0.2
"all_measured_520_analysis_set","within_cow_random5",2,"StrictHierarchicalEBResidualXGB",255,"C017","stable_hot","S01","measurement_group_1","measurement_status_1",36.1,33.9,14,39.2,39.0118046530318,0.188195346968172,"tight_session+may_session+direct_xgb",0.350041484601238,39.4611400669238,39.3965221696858,39.3803676953763,39.2536146984423,39.2536146984423,39.2536146984423,39.0343351588324,38.94084973426,38.9364109353156,39.2323498050689,39.3666864686971,39.2888984680176,0,0,0,0,0,0,0.05,0,0.75,0,0,0.2
"all_measured_520_analysis_set","within_cow_random5",2,"StrictHierarchicalEBResidualXGB",263,"C017","stable_hot","S01","measurement_group_1","measurement_status_1",36.6,33.9,21,39.4,39.3016846784451,0.098315321554864,"tight_session+may_session+direct_xgb",0.350041484601238,39.5000208481852,39.4327883201186,39.4097314911135,39.2536146984423,38.612240487002,38.7512048994808,39.2785416027983,39.1917784343557,39.2566412752793,39.5357067831446,39.4376609346364,39.4763832092285,0,0,0,0,0,0,0.05,0,0.75,0,0,0.2
"all_measured_520_analysis_set","within_cow_random5",2,"StrictHierarchicalEBResidualXGB",265,"C017","stable_hot","S01","measurement_group_1","measurement_status_1",36.2,32.9,22,39.5,39.3035126813748,0.196487318625181,"tight_session+may_session+direct_xgb",0.350041484601238,39.5554405552122,39.5263308126321,39.5038979413693,39.2536146984423,38.695381588485,39.2536146984423,39.2785416027983,39.2483008315569,39.2566412752793,39.6313196500331,39.5279973824816,39.485523223877,0,0,0,0,0,0,0.05,0,0.75,0,0,0.2
"all_measured_520_analysis_set","within_cow_random5",2,"StrictHierarchicalEBResidualXGB",271,"C020","stable_hot","S01","measurement_group_1","measurement_status_1",36.2,33.7,13,38.8,38.7999195019909,8.04980090549634e-05,"tight_session+may_session+direct_xgb",0.350041484601238,39.5126938870376,39.4349032592008,39.3453600421472,39.2536146984423,39.2536146984423,38.8178715661474,38.9262598855013,38.8609447669344,38.6712271339858,39.3585941833865,39.3474432330558,39.2509307861328,0,0,0,0,0,0,0.05,0,0.75,0,0,0.2
"all_measured_520_analysis_set","within_cow_random5",2,"StrictHierarchicalEBResidualXGB",273,"C020","stable_hot","S01","measurement_group_1","measurement_status_1",36.6,35,15,39.1,39.2146442713785,-0.114644271378509,"tight_session+may_session+direct_xgb",0.350041484601238,39.5790228933789,39.4758400220232,39.4500443041843,39.2536146984423,39.2536146984423,39.7268073492211,39.225229901835,39.2571752251982,39.1647337570542,39.3191716738807,39.4364302057581,39.3991622924805,0,0,0,0,0,0,0.05,0,0.75,0,0,0.2
"all_measured_520_analysis_set","within_cow_random5",2,"StrictHierarchicalEBResidualXGB",277,"C020","stable_hot","S01","measurement_group_1","measurement_status_1",35,33.2,21,39.6,39.5759288011311,0.0240711988688886,"tight_session+may_session+direct_xgb",0.350041484601238,39.6330315473629,39.5389807669933,39.5067881096535,39.2536146984423,39.2536146984423,39.2536146984423,39.5461289991026,39.4610387998412,39.5498812745498,39.6006357216206,39.5699349416907,39.6810569763184,0,0,0,0,0,0,0.05,0,0.75,0,0,0.2
"all_measured_520_analysis_set","within_cow_random5",2,"StrictHierarchicalEBResidualXGB",289,"C009","stable_hot","S01","measurement_group_1","measurement_status_1",36.4,32.3,21,40.5,40.391303371679,0.108696628321013,"tight_session+may_session+direct_xgb",0.350041484601238,39.910675670639,39.7618676178139,39.7246656046077,39.2536146984423,39.2536146984423,39.3268073492211,40.3759582714662,40.0004278268776,40.5044711853518,39.9204239266479,39.7608209675859,39.970760345459,0,0,0,0,0,0,0.05,0,0.75,0,0,0.2
"all_measured_520_analysis_set","within_cow_random5",2,"StrictHierarchicalEBResidualXGB",290,"C009","stable_hot","S01","measurement_group_1","measurement_status_1",36.7,33,21,38.7,39.7365750078647,-1.03657500786473,"tight_session+may_session+direct_xgb",0.350041484601238,39.910675670639,39.7618676178139,39.7246656046077,39.2536146984423,39.2536146984423,39.3268073492211,39.5302593129075,39.4319637371204,39.7064010823341,39.944967186617,39.7440224416536,39.9013061523438,0,0,0,0,0,0,0.05,0,0.75,0,0,0.2
"all_measured_520_analysis_set","within_cow_random5",2,"StrictHierarchicalEBResidualXGB",296,"C012","stable_hot","S01","measurement_group_1","measurement_status_1",37.9,36.9,15,39,39.175596848121,-0.175596848121003,"tight_session+may_session+direct_xgb",0.350041484601238,39.8016973424656,39.6539795812926,39.6170501409994,39.2536146984423,39.2536146984423,39.2536146984423,39.1975579680397,39.2391884682312,39.0767488014483,39.5807847261326,39.6070937891266,39.5407867431641,0,0,0,0,0,0,0.05,0,0.75,0,0,0.2
"all_measured_520_analysis_set","within_cow_random5",2,"StrictHierarchicalEBResidualXGB",297,"C012","stable_hot","S01","measurement_group_1","measurement_status_1",38.4,37.9,15,39.7,39.5351327112214,0.164867288778652,"tight_session+may_session+direct_xgb",0.350041484601238,39.8016973424656,39.6539795812926,39.6170501409994,39.2536146984423,39.2536146984423,38.8845382328141,39.2910179666314,39.0551935593294,39.5358144061187,39.5861499824458,39.6255665425918,39.5936050415039,0,0,0,0,0,0,0.05,0,0.75,0,0,0.2
"all_measured_520_analysis_set","within_cow_random5",2,"StrictHierarchicalEBResidualXGB",302,"C012","stable_hot","S01","measurement_group_1","measurement_status_1",36.8,35,21,40,39.6829414952973,0.317058504702665,"tight_session+may_session+direct_xgb",0.350041484601238,39.7314003075341,39.6194515706862,39.6027621242311,39.2536146984423,39.2536146984423,39.2536146984423,39.5828179185878,39.3895580396188,39.6487981380244,39.8496879725367,39.662334326085,39.836009979248,0,0,0,0,0,0,0.05,0,0.75,0,0,0.2
"all_measured_520_analysis_set","within_cow_random5",2,"StrictHierarchicalEBResidualXGB",308,"C006","stable_hot","S01","measurement_group_1","measurement_status_1",35.8,32.5,13,38.6,38.6680726938552,-0.0680726938551643,"tight_session+may_session+direct_xgb",0.350041484601238,39.1299838988654,39.1296967535473,39.1511016910428,39.2536146984423,39.2536146984423,39.2768073492211,38.8898929295888,38.9925604517816,38.5672691022301,39.0145543796578,39.0191603570439,38.9906311035156,0,0,0,0,0,0,0.05,0,0.75,0,0,0.2
"all_measured_520_analysis_set","within_cow_random5",2,"StrictHierarchicalEBResidualXGB",309,"C006","stable_hot","S01","measurement_group_1","measurement_status_1",35.3,31.8,14,39.3,39.1834926145834,0.116507385416583,"tight_session+may_session+direct_xgb",0.350041484601238,39.2636168471096,39.2385035938344,39.2322252805157,39.2536146984423,39.2536146984423,38.9268073492211,39.1606667874586,39.022965292867,39.1988403129109,39.0028381498287,39.1820365859888,39.1316452026367,0,0,0,0,0,0,0.05,0,0.75,0,0,0.2
"all_measured_520_analysis_set","within_cow_random5",2,"StrictHierarchicalEBResidualXGB",316,"C006","stable_hot","S01","measurement_group_1","measurement_status_1",34,29.9,22,39.4,39.5919197225958,-0.191919722595806,"tight_session+may_session+direct_xgb",0.350041484601238,39.3749838988654,39.3817216795052,39.3655078484901,39.2536146984423,39.2536146984423,38.8268073492211,39.6079027159107,39.599086220724,39.6446833357858,39.3758055518914,39.4177333902682,39.3900604248047,0,0,0,0,0,0,0.05,0,0.75,0,0,0.2
"all_measured_520_analysis_set","within_cow_random5",2,"StrictHierarchicalEBResidualXGB",324,"C015","stable_hot","S01","measurement_group_1","measurement_status_1",34.9,32.4,13,38.5,38.647819071189,-0.147819071188991,"tight_session+may_session+direct_xgb",0.350041484601238,38.6672826604753,38.7590427287795,38.5843725377845,39.2536146984423,39.2536146984423,38.7268073492211,38.7193384666566,38.7264458446854,38.6716296867249,38.6139177345536,38.6623626016953,38.5406494140625,0,0,0,0,0,0,0.05,0,0.75,0,0,0.2
"all_measured_520_analysis_set","within_cow_random5",2,"StrictHierarchicalEBResidualXGB",327,"C015","stable_hot","S01","measurement_group_1","measurement_status_1",36.5,34.8,15,38.2,38.2861241597894,-0.0861241597894207,"tight_session+may_session+direct_xgb",0.350041484601238,38.6322826604753,38.7203638437624,38.7639392302822,39.2536146984423,39.2536146984423,39.2536146984423,38.4295679756493,38.7399949731774,38.2224655068634,38.5632820210045,38.6084647733207,38.4889831542969,0,0,0,0,0,0,0.05,0,0.75,0,0,0.2
"all_measured_520_analysis_set","within_cow_random5",2,"StrictHierarchicalEBResidualXGB",329,"C015","stable_hot","S01","measurement_group_1","measurement_status_1",35.8,33.3,18,39.2,39.351139904293,-0.151139904293018,"tight_session+may_session+direct_xgb",0.350041484601238,38.7664032248186,38.842443409127,38.8614534552041,39.2536146984423,39.2536146984423,39.2536146984423,39.4173171971716,39.3339284721304,39.5456713821626,38.7240499363133,38.7487860719979,38.6051025390625,0,0,0,0,0,0,0.05,0,0.75,0,0,0.2
"all_measured_520_analysis_set","within_cow_random5",2,"StrictHierarchicalEBResidualXGB",337,"C015","stable_hot","S01","measurement_group_1","measurement_status_1",33.8,29.5,23,39.1,38.8929007926164,0.207099207383635,"tight_session+may_session+direct_xgb",0.350041484601238,38.7664032248186,38.9438845967426,38.9882549397237,39.2536146984423,39.2536146984423,39.4178715661474,38.9760376897464,39.267205407949,38.856293051008,39.0896912957198,39.0405689706578,39.0093955993652,0,0,0,0,0,0,0.05,0,0.75,0,0,0.2
"all_measured_520_analysis_set","within_cow_random5",2,"StrictHierarchicalEBResidualXGB",347,"C007","stable_hot","S01","measurement_group_1","measurement_status_1",37.6,33.4,18,39.5,39.5487010511917,-0.0487010511916637,"tight_session+may_session+direct_xgb",0.350041484601238,39.4959673378233,39.4260946995308,39.4086265399577,39.2536146984423,39.2536146984423,39.2536146984423,39.4665374619389,39.3659216442292,39.583728477694,39.4363113416228,39.4227848380068,39.4378890991211,0,0,0,0,0,0,0.05,0,0.75,0,0,0.2
"all_measured_520_analysis_set","within_cow_random5",2,"StrictHierarchicalEBResidualXGB",348,"C007","stable_hot","S01","measurement_group_1","measurement_status_1",37.6,34.2,19,39.7,39.5595332655471,0.140466734452872,"tight_session+may_session+direct_xgb",0.350041484601238,39.4959673378233,39.4327663678219,39.4169661253216,39.2536146984423,39.2536146984423,39.2536146984423,39.4665374619389,39.3536228469097,39.583728477694,39.4826178086984,39.4540774199655,39.4920501708984,0,0,0,0,0,0,0.05,0,0.75,0,0,0.2
"all_measured_520_analysis_set","within_cow_random5",2,"StrictHierarchicalEBResidualXGB",351,"C007","stable_hot","S01","measurement_group_1","measurement_status_1",37.7,33.1,21,40.7,40.2923736550346,0.407626344965394,"tight_session+may_session+direct_xgb",0.350041484601238,39.4616730537042,39.4031554426107,39.3940376212136,39.2536146984423,39.2536146984423,39.2536146984423,39.9139397852846,39.6047872529717,40.4922424716782,39.5972919228352,39.4466160687658,39.6374740600586,0,0,0,0,0,0,0.05,0,0.75,0,0,0.2
"all_measured_520_analysis_set","within_cow_random5",2,"StrictHierarchicalEBResidualXGB",353,"C007","stable_hot","S01","measurement_group_1","measurement_status_1",35.2,30.1,22,39.4,39.6233081373733,-0.223308137373301,"tight_session+may_session+direct_xgb",0.350041484601238,39.6090964832328,39.5689865742326,39.5407776271846,39.2536146984423,39.2536146984423,39.5768073492211,39.4665374619389,39.5390897177214,39.583728477694,39.7102308897565,39.6773583237529,39.8109245300293,0,0,0,0,0,0,0.05,0,0.75,0,0,0.2
"all_measured_520_analysis_set","within_cow_random5",2,"StrictHierarchicalEBResidualXGB",361,"C013","stable_hot","S01","measurement_group_1","measurement_status_1",35.8,32.1,19,39.3,39.0059582586929,0.294041741307133,"tight_session+may_session+direct_xgb",0.350041484601238,38.8805809004636,38.9413074630871,38.9660543617133,39.2536146984423,39.9546408477443,39.3307229396885,39.1196377936698,39.1281380625347,39.0374623884969,38.7545196675756,38.9054131026938,38.8593978881836,0,0,0,0,0,0,0.05,0,0.75,0,0,0.2
"all_measured_520_analysis_set","within_cow_random5",2,"StrictHierarchicalEBResidualXGB",362,"C013","stable_hot","S01","measurement_group_1","measurement_status_1",34.5,29.7,21,39.2,39.0930850645276,0.10691493547241,"tight_session+may_session+direct_xgb",0.350041484601238,38.900870604041,38.9545839567802,38.8825710720767,39.2536146984423,39.8064926995961,39.2134036746106,39.1319732316817,39.1408166893412,39.1123926371929,38.9230298118106,38.9817331702582,39.0109596252441,0,0,0,0,0,0,0.05,0,0.75,0,0,0.2
"all_measured_520_analysis_set","within_cow_random5",2,"StrictHierarchicalEBResidualXGB",369,"C024","stable_hot","S01","measurement_group_1","measurement_status_1",36.9,34.5,13,38.6,38.9084287821083,-0.308428782108258,"tight_session+may_session+direct_xgb",0.350041484601238,38.7615241465434,38.8353275585009,38.8797394619406,39.2536146984423,39.2536146984423,39.6268073492211,39.0700668621409,39.1096735079405,39.0046660068844,38.7019452737757,38.7102977412774,38.5071296691895,0,0,0,0,0,0,0.05,0,0.75,0,0,0.2
"all_measured_520_analysis_set","within_cow_random5",2,"StrictHierarchicalEBResidualXGB",371,"C024","stable_hot","S01","measurement_group_1","measurement_status_1",37.1,35.1,14,38.3,38.9270345865516,-0.627034586551623,"tight_session+may_session+direct_xgb",0.350041484601238,38.8140241465434,38.8803870823104,38.9145013667025,39.2536146984423,39.3620482551517,38.9512048994808,39.0700668621409,39.1511468518402,39.0046660068844,38.6792033274538,38.7729840796311,38.6001586914062,0,0,0,0,0,0,0.05,0,0.75,0,0,0.2
"all_measured_520_analysis_set","within_cow_random5",2,"StrictHierarchicalEBResidualXGB",372,"C024","stable_hot","S01","measurement_group_1","measurement_status_1",37.7,36.2,15,38.2,38.9301099954872,-0.730109995487169,"tight_session+may_session+direct_xgb",0.350041484601238,38.8315241465434,38.8791486734838,38.9057658556692,39.2536146984423,39.2536146984423,39.2536146984423,39.0700668621409,39.156319249397,39.0046660068844,38.6851312658504,38.7804663146228,38.615535736084,0,0,0,0,0,0,0.05,0,0.75,0,0,0.2
"all_measured_520_analysis_set","within_cow_random5",2,"StrictHierarchicalEBResidualXGB",380,"C024","stable_hot","S01","measurement_group_1","measurement_status_1",35.9,32.3,22,41.2,40.0526710092062,1.14732899079383,"tight_session+may_session+direct_xgb",0.350041484601238,38.8490241465434,38.9636024844588,39.0041456193879,39.2536146984423,39.2536146984423,39.2536146984423,40.0483846057216,39.8853994491011,40.3254964311382,39.0760598538161,38.9812188607395,39.030647277832,0,0,0,0,0,0,0.05,0,0.75,0,0,0.2
"all_measured_520_analysis_set","within_cow_random5",2,"StrictHierarchicalEBResidualXGB",391,"C002","stable_cool","S01","measurement_group_1","measurement_status_1",34.8,8,13,39,39.0531920920574,-0.0531920920573796,"may_session_hour+direct_xgb+tight_session",0.275156499657496,39.0856961166912,38.9713967371693,38.948177899582,38.6227891668639,38.6227891668639,38.6227891668639,39.1193077589161,39.016318602771,39.1447479600094,39.0600626956143,38.977504347354,39.0639801025391,0,0,0,0,0,0,0,0.65,0.25,0,0,0.1
"all_measured_520_analysis_set","within_cow_random5",2,"StrictHierarchicalEBResidualXGB",401,"C004","stable_cool","S01","measurement_group_1","measurement_status_1",32.1,7.6,8,37.6,37.7074570427232,-0.107457042723155,"may_session_hour+direct_xgb+tight_session",0.275156499657496,37.6679807176267,37.8966476458225,37.9538143778715,38.6227891668639,38.6227891668639,38.6227891668639,37.6665143316861,37.7233210470256,37.6180685706964,37.7737105959517,37.8721096783046,37.8278121948242,0,0,0,0,0,0,0,0.65,0.25,0,0,0.1
"all_measured_520_analysis_set","within_cow_random5",2,"StrictHierarchicalEBResidualXGB",409,"C006","stable_hot","S01","measurement_group_1","measurement_status_1",34.7,33.3,15,38.7,38.7110734873122,-0.0110734873121956,"tight_session+may_session+direct_xgb",0.350041484601238,39.2178041299189,39.1875194786437,39.1873110739448,39.2536146984423,39.2536146984423,39.2536146984423,38.8898929295888,38.7396471969947,38.5672691022301,38.9693843925021,39.1377534894593,39.2056350708008,0,0,0,0,0,0,0.05,0,0.75,0,0,0.2
"all_measured_520_analysis_set","within_cow_random5",2,"StrictHierarchicalEBResidualXGB",410,"C008","stable_cool","S01","measurement_group_1","measurement_status_1",34.2,6,2,38.2,38.2362528699955,-0.036252869995451,"may_session_hour+direct_xgb+tight_session",0.275156499657496,38.1929807176267,38.2904213386504,38.3147814939063,38.6227891668639,38.6227891668639,38.6227891668639,38.192148134503,38.2527562379813,38.1704349829101,38.3772406072577,38.3268941993741,38.2935256958008,0,0,0,0,0,0,0,0.65,0.25,0,0,0.1
"all_measured_520_analysis_set","within_cow_random5",2,"StrictHierarchicalEBResidualXGB",415,"C009","stable_hot","S01","measurement_group_1","measurement_status_1",35.9,33.8,18,39.7,39.6989414934604,0.00105850653956452,"tight_session+may_session+direct_xgb",0.350041484601238,39.8236864828601,39.6895127182428,39.6699496822672,39.2536146984423,39.2536146984423,39.2536146984423,39.5302593129075,39.4073408473587,39.7064010823341,39.760165450326,39.6127969136063,39.7131385803223,0,0,0,0,0,0,0.05,0,0.75,0,0,0.2
"all_measured_520_analysis_set","within_cow_random5",2,"StrictHierarchicalEBResidualXGB",426,"C010","stable_hot","S01","measurement_group_1","measurement_status_1",34.5,30.1,21,38.7,38.7431124072207,-0.0431124072207396,"tight_session+may_session+direct_xgb",0.350041484601238,38.7127700741913,38.8033363077347,38.8236509957574,39.2536146984423,39.8064926995961,39.2134036746106,38.8306151821627,38.8315354750357,38.7075837176658,38.8467001095676,38.8716088238661,38.8544692993164,0,0,0,0,0,0,0.05,0,0.75,0,0,0.2
"all_measured_520_analysis_set","within_cow_random5",2,"StrictHierarchicalEBResidualXGB",427,"C011","stable_cool","S01","measurement_group_1","measurement_status_1",31.2,14.2,1,38.3,38.2685416533621,0.031458346637919,"may_session_hour+direct_xgb+tight_session",0.275156499657496,38.18568905096,38.2635742186112,38.283045510524,38.6227891668639,38.6227891668639,38.6227891668639,38.1848476650194,38.3139562302936,38.1627632271849,38.2990523101333,38.277561376105,38.23779296875,0,0,0,0,0,0,0,0.65,0.25,0,0,0.1
"all_measured_520_analysis_set","within_cow_random5",2,"StrictHierarchicalEBResidualXGB",431,"C011","stable_cool","S01","measurement_group_1","measurement_status_1",29.1,16.8,11,38.2,38.1968821844774,0.00311781552264279,"may_session_hour+direct_xgb+tight_session",0.275156499657496,38.170693467042,38.2530304851826,38.276024744276,38.6227891668639,38.6227891668639,38.6227891668639,38.1848476650194,38.2124400946446,38.1627632271849,38.0962086132932,38.2552911533858,38.1810531616211,0,0,0,0,0,0,0,0.65,0.25,0,0,0.1
"all_measured_520_analysis_set","within_cow_random5",2,"StrictHierarchicalEBResidualXGB",439,"C013","stable_hot","S01","measurement_group_1","measurement_status_1",35.3,30.5,18,39,39.0056805487319,-0.00568054873193091,"tight_session+may_session+direct_xgb",0.350041484601238,38.940098061168,38.9813992782066,38.9917245824662,39.2536146984423,39.2536146984423,39.2536146984423,39.1196377936698,39.1404368598542,39.0374623884969,38.7165124302536,38.9454080192873,38.8580093383789,0,0,0,0,0,0,0.05,0,0.75,0,0,0.2
"all_measured_520_analysis_set","within_cow_random5",2,"StrictHierarchicalEBResidualXGB",440,"C013","stable_hot","S01","measurement_group_1","measurement_status_1",34,31.3,22,39.1,39.0858028074475,0.0141971925524871,"tight_session+may_session+direct_xgb",0.350041484601238,38.9493970730926,39.0427103337417,39.0645441648446,39.2536146984423,39.2536146984423,39.2536146984423,39.1319732316817,39.1542091588501,39.1123926371929,38.9065199192054,39.0363744275229,38.9745483398438,0,0,0,0,0,0,0.05,0,0.75,0,0,0.2
"all_measured_520_analysis_set","within_cow_random5",2,"StrictHierarchicalEBResidualXGB",449,"C014","stable_cool","S01","measurement_group_1","measurement_status_1",32.8,6.1,10,38.3,38.3176134789613,-0.0176134789612732,"may_session_hour+direct_xgb+tight_session",0.275156499657496,38.338037217042,38.4388019582506,38.4652898668611,38.6227891668639,38.6227891668639,38.6227891668639,38.3454579936579,38.3079895074785,38.3315418531391,38.3686466140014,38.4205913497385,38.3453483581543,0,0,0,0,0,0,0,0.65,0.25,0,0,0.1
"all_measured_520_analysis_set","within_cow_random5",2,"StrictHierarchicalEBResidualXGB",452,"C016","stable_cool","S01","measurement_group_1","measurement_status_1",30.6,2.8,0,38.7,38.744781037291,-0.044781037291024,"may_session_hour+direct_xgb+tight_session",0.275156499657496,38.707724717042,38.6745064348994,38.659647025172,38.6227891668639,38.6227891668639,38.6227891668639,38.6666786509349,38.7787317205061,38.6690991050475,38.6734160890433,38.7057541438458,38.713306427002,0,0,0,0,0,0,0,0.65,0.25,0,0,0.1
"all_measured_520_analysis_set","within_cow_random5",2,"StrictHierarchicalEBResidualXGB",453,"C016","stable_cool","S01","measurement_group_1","measurement_status_1",31,2.3,20,38.8,38.9853008648659,-0.18530086486588,"may_session_hour+direct_xgb+tight_session",0.275156499657496,38.66693905096,38.6715880053171,38.6727502439063,38.6227891668639,38.6227891668639,38.6227891668639,38.6666786509349,39.1261434171882,38.6690991050475,38.6963415839635,38.7246458919772,38.8603286743164,0,0,0,0,0,0,0,0.65,0.25,0,0,0.1
"all_measured_520_analysis_set","within_cow_random5",2,"StrictHierarchicalEBResidualXGB",458,"C017","stable_hot","S01","measurement_group_1","measurement_status_1",35,36.3,15,39,39.0155438192916,-0.0155438192915938,"tight_session+may_session+direct_xgb",0.350041484601238,39.3804405552122,39.3181270016572,39.3155181776506,39.2536146984423,39.2536146984423,39.2536146984423,39.0343351588324,38.88834973426,38.9364109353156,39.1656870033253,39.280551402851,39.3075942993164,0,0,0,0,0,0,0.05,0,0.75,0,0,0.2
"all_measured_520_analysis_set","within_cow_random5",2,"StrictHierarchicalEBResidualXGB",460,"C018","stable_cool","S01","measurement_group_1","measurement_status_1",30.7,2.9,3,38.8,38.7932102913423,0.0067897086576636,"may_session_hour+direct_xgb+tight_session",0.275156499657496,38.7908973842933,38.7594254236003,38.751557433427,38.6227891668639,38.6227891668639,38.6227891668639,38.7907866321555,38.7805929597752,38.7995189523758,38.8928571637274,38.7681907215422,38.8594512939453,0,0,0,0,0,0,0,0.65,0.25,0,0,0.1
"all_measured_520_analysis_set","within_cow_random5",2,"StrictHierarchicalEBResidualXGB",461,"C018","stable_cool","S01","measurement_group_1","measurement_status_1",32.7,4.6,9,38.8,38.7934286991496,0.00657130085040336,"may_session_hour+direct_xgb+tight_session",0.275156499657496,38.7934461166912,38.7814540092712,38.7490682541956,38.6227891668639,38.7540564506684,38.6227891668639,38.7907866321555,38.7937334433158,38.7995189523758,38.8087389605884,38.7756663721865,38.7762222290039,0,0,0,0,0,0,0,0.65,0.25,0,0,0.1
"all_measured_520_analysis_set","within_cow_random5",2,"StrictHierarchicalEBResidualXGB",466,"C019","stable_hot","S01","measurement_group_1","measurement_status_1",35.4,30.8,22,39.5,39.52896091501,-0.0289609150100176,"tight_session+may_session+direct_xgb",0.350041484601238,39.4796813945014,39.4670706338962,39.4639179437449,39.2536146984423,38.8435297366332,39.5768073492211,39.4976592040008,39.5274279379826,39.4994863453456,39.6227979175924,39.5052951149424,39.6473159790039,0,0,0,0,0,0,0.05,0,0.75,0,0,0.2
"all_measured_520_analysis_set","within_cow_random5",2,"StrictHierarchicalEBResidualXGB",468,"C019","stable_hot","S01","measurement_group_1","measurement_status_1",34.4,29,20,39.5,39.5257497028518,-0.0257497028518188,"tight_session+may_session+direct_xgb",0.350041484601238,39.4796813945014,39.4637357375552,39.4597493233187,39.2536146984423,39.2536146984423,39.2536146984423,39.4976592040008,39.5633773933647,39.4994863453456,39.5282334961851,39.5251360206832,39.6312599182129,0,0,0,0,0,0,0.05,0,0.75,0,0,0.2
"all_measured_520_analysis_set","within_cow_random5",2,"StrictHierarchicalEBResidualXGB",475,"C021","stable_cool","S01","measurement_group_1","measurement_status_1",31.6,12.8,13,38.2,38.2292316265974,-0.0292316265974009,"may_session_hour+direct_xgb+tight_session",0.275156499657496,38.2387383331488,38.2935696337601,38.3096986047348,38.6227891668639,38.6227891668639,38.6227891668639,38.2537144113861,38.2319377295438,38.2366438417046,38.2105572934279,38.2732650172195,38.1931114196777,0,0,0,0,0,0,0,0.65,0.25,0,0,0.1
"all_measured_520_analysis_set","within_cow_random5",2,"StrictHierarchicalEBResidualXGB",479,"C022","stable_cool","S01","measurement_group_1","measurement_status_1",32.5,8.6,21,38.4,38.3748460999972,0.0251539000028203,"may_session_hour+direct_xgb+tight_session",0.275156499657496,38.3594461166912,38.4595691347856,38.4883152716024,38.6227891668639,38.6227891668639,39.4113945834319,38.3819603410757,38.3628959552137,38.3699006317651,38.5920199524083,38.4690109072614,38.4648857116699,0,0,0,0,0,0,0,0.65,0.25,0,0,0.1
"all_measured_520_analysis_set","within_cow_random5",2,"StrictHierarchicalEBResidualXGB",484,"C023","stable_cool","S01","measurement_group_1","measurement_status_1",31.6,9.8,20,39.1,39.3159504054168,-0.215950405416798,"may_session_hour+direct_xgb+tight_session",0.275156499657496,38.9440223842933,38.8932546719837,38.8805627439063,38.6227891668639,38.6227891668639,38.6227891668639,38.9440964913105,39.4840641266301,38.9606258226048,39.0346966464217,38.9208815235573,39.1115226745605,0,0,0,0,0,0,0,0.65,0.25,0,0,0.1
"all_measured_520_analysis_set","within_cow_random5",2,"StrictHierarchicalEBResidualXGB",486,"C025","stable_cool","S01","measurement_group_1","measurement_status_1",27.5,12.6,10,39.4,39.3869700339219,0.013029966078129,"may_session_hour+direct_xgb+tight_session",0.275156499657496,39.396240342042,39.2849347707506,39.2535711168611,38.6227891668639,38.6227891668639,38.6227891668639,39.374824190841,39.3620071637258,39.413259410391,39.3440413165135,39.2890078308683,39.4835052490234,0,0,0,0,0,0,0,0.65,0.25,0,0,0.1
"all_measured_520_analysis_set","within_cow_random5",2,"StrictHierarchicalEBResidualXGB",491,"C025","stable_cool","S01","measurement_group_1","measurement_status_1",30.9,10.9,19,39.5,39.4076752409986,0.0923247590014,"may_session_hour+direct_xgb+tight_session",0.275156499657496,39.396240342042,39.2924183965341,39.2629256490904,38.6227891668639,38.6227891668639,38.6227891668639,39.374824190841,39.3911763684607,39.413259410391,39.4448851281987,39.3184628900753,39.5009574890137,0,0,0,0,0,0,0,0.65,0.25,0,0,0.1
"all_measured_520_analysis_set","within_cow_random5",2,"StrictHierarchicalEBResidualXGB",498,"C026","stable_cool","S01","measurement_group_1","measurement_status_1",31.4,8.2,17,38.7,38.6790919746095,0.0209080253905327,"may_session_hour+direct_xgb+tight_session",0.275156499657496,38.64506405096,38.6206949058058,38.6146026195172,38.6227891668639,38.6227891668639,38.6227891668639,38.6447772424842,38.688676899797,38.646083837872,38.5372177894771,38.6312098636361,38.6993103027344,0,0,0,0,0,0,0,0.65,0.25,0,0,0.1
"all_measured_520_analysis_set","within_cow_random5",2,"StrictHierarchicalEBResidualXGB",500,"C026","stable_cool","S01","measurement_group_1","measurement_status_1",31.5,6.2,0,38.6,38.5885083016763,0.0114916983237094,"may_session_hour+direct_xgb+tight_session",0.275156499657496,38.584677842042,38.5775142473994,38.585428275172,38.6227891668639,38.6227891668639,38.6227891668639,38.6447772424842,38.560485075941,38.646083837872,38.6244347790288,38.5857445005221,38.6267204284668,0,0,0,0,0,0,0,0.65,0.25,0,0,0.1
"all_measured_520_analysis_set","within_cow_random5",2,"StrictHierarchicalEBResidualXGB",506,"C027","stable_cool","S01","measurement_group_1","measurement_status_1",30.1,7.7,12,38.6,38.630335517515,-0.0303355175150131,"may_session_hour+direct_xgb+tight_session",0.275156499657496,38.813248810496,38.7428689724449,38.7252740129321,38.6227891668639,38.6227891668639,38.6227891668639,38.8135534953191,38.5558943509465,38.8243901706851,38.6390727684144,38.7066035470608,38.6290664672852,0,0,0,0,0,0,0,0.65,0.25,0,0,0.1
"all_measured_520_analysis_set","within_cow_random5",2,"StrictHierarchicalEBResidualXGB",508,"C027","stable_cool","S01","measurement_group_1","measurement_status_1",30.5,6.1,13,38.8,38.638689323057,0.161310676942996,"may_session_hour+direct_xgb+tight_session",0.275156499657496,38.7584302686592,38.7098910912327,38.7065664196713,38.6227891668639,39.7910934877054,39.4113945834319,38.8135534953191,38.5558943509465,38.8243901706851,38.6026501255014,38.6994509530641,38.7126045227051,0,0,0,0,0,0,0,0.65,0.25,0,0,0.1
"all_measured_520_analysis_set","within_cow_random5",2,"StrictHierarchicalEBResidualXGB",509,"C028","stable_hot","S01","measurement_group_1","measurement_status_1",33.4,28.7,3,40.3,40.2830296498199,0.0169703501800953,"tight_session+may_session+direct_xgb",0.350041484601238,40.1286397278347,39.9206687199436,39.8686759679708,39.2536146984423,39.2536146984423,39.2536146984423,40.1456715233663,39.7361846747951,40.2877033423427,40.4152023950529,40.0322974386177,40.2998428344727,0,0,0,0,0,0,0.05,0,0.75,0,0,0.2
"all_measured_520_analysis_set","within_cow_random5",2,"StrictHierarchicalEBResidualXGB",511,"C028","stable_hot","S01","measurement_group_1","measurement_status_1",35.9,37.5,16,40.2,40.1238496800235,0.0761503199764846,"tight_session+may_session+direct_xgb",0.350041484601238,40.1286397278347,39.9528983850593,39.9089630493655,39.2536146984423,39.2536146984423,39.2536146984423,40.0562856324379,39.74736145009,40.1910507379079,39.9874657319916,39.9340065327103,39.8887367248535,0,0,0,0,0,0,0.05,0,0.75,0,0,0.2
"all_measured_520_analysis_set","within_cow_random5",2,"StrictHierarchicalEBResidualXGB",512,"C028","stable_hot","S01","measurement_group_1","measurement_status_1",37.5,38.4,17,40.2,40.1279123326114,0.072087667388594,"tight_session+may_session+direct_xgb",0.350041484601238,40.1236277754636,39.9112670842353,39.8589824037735,39.2536146984423,39.2536146984423,39.2536146984423,40.0562856324379,39.7418009226035,40.1910507379079,40.0284191824833,39.8904819443617,39.909049987793,0,0,0,0,0,0,0.05,0,0.75,0,0,0.2
"all_measured_520_analysis_set","within_cow_random5",3,"StrictHierarchicalEBResidualXGB",4,"C021","stable_cool","S01","measurement_group_1","measurement_status_1",32.6,20.8,14,38.4,38.2439389333593,0.156061066640703,"may_session_hour+direct_xgb+tight_session",0.294992325023356,38.2681471070939,38.3291419403152,38.3443906486206,38.6663268128828,38.6663268128828,38.6663268128828,38.2673968247758,38.2478692211138,38.2472699334686,38.2030731842716,38.3018713810937,38.1728591918945,0,0,0,0,0,0,0,0.65,0.3,0,0,0.05
"all_measured_520_analysis_set","within_cow_random5",3,"StrictHierarchicalEBResidualXGB",5,"C021","stable_cool","S01","measurement_group_1","measurement_status_1",32.8,22,15,38.1,38.2439389333593,-0.143938933359294,"may_session_hour+direct_xgb+tight_session",0.294992325023356,38.2681471070939,38.34375765345,38.3626602900391,38.6663268128828,38.2468254700067,38.6663268128828,38.2673968247758,38.2478692211138,38.2472699334686,38.1843617266289,38.3142577613046,38.1728591918945,0,0,0,0,0,0,0,0.65,0.3,0,0,0.05
"all_measured_520_analysis_set","within_cow_random5",3,"StrictHierarchicalEBResidualXGB",13,"C003","stable_cool","S01","measurement_group_1","measurement_status_1",33.6,6.8,12,38.4,38.5167184547963,-0.116718454796334,"may_session_hour+direct_xgb+tight_session",0.294992325023356,38.5815659171076,38.5648408847593,38.5595074964914,38.6663268128828,38.6663268128828,38.6663268128828,38.5740165430857,38.4934890403676,38.5694836739266,38.5466171023862,38.5403893048607,38.5021095275879,0,0,0,0,0,0,0,0.65,0.3,0,0,0.05
"all_measured_520_analysis_set","within_cow_random5",3,"StrictHierarchicalEBResidualXGB",14,"C003","stable_cool","S01","measurement_group_1","measurement_status_1",33.3,9.3,13,38.5,38.516261263329,-0.0162612633290493,"may_session_hour+direct_xgb+tight_session",0.294992325023356,38.5438776133524,38.5515829055686,38.5584141472596,38.6663268128828,38.2468254700067,38.7331634064414,38.5740165430857,38.4934890403676,38.5694836739266,38.4792041998512,38.5070963270147,38.4929656982422,0,0,0,0,0,0,0,0.65,0.3,0,0,0.05
"all_measured_520_analysis_set","within_cow_random5",3,"StrictHierarchicalEBResidualXGB",22,"C002","stable_cool","S01","measurement_group_1","measurement_status_1",32.9,5.4,0,38.2,39.062907376951,-0.862907376951043,"may_session_hour+direct_xgb+tight_session",0.294992325023356,39.1548803927029,39.0609324982755,39.0374455246686,38.6663268128828,38.6663268128828,38.6663268128828,39.1543703949982,38.9902822926429,39.1773259043857,39.240533756091,39.0753713369734,39.3205223083496,0,0,0,0,0,0,0,0.65,0.3,0,0,0.05
"all_measured_520_analysis_set","within_cow_random5",3,"StrictHierarchicalEBResidualXGB",24,"C002","stable_cool","S01","measurement_group_1","measurement_status_1",33.1,5,11,39.1,39.2512336935814,-0.151233693581361,"may_session_hour+direct_xgb+tight_session",0.294992325023356,39.2152763239799,39.1026317804858,39.064764155657,38.6663268128828,38.6663268128828,38.6663268128828,39.1543703949982,39.2880444383264,39.1773259043857,39.1195434366813,39.1006369168676,39.2161407470703,0,0,0,0,0,0,0,0.65,0.3,0,0,0.05
"all_measured_520_analysis_set","within_cow_random5",3,"StrictHierarchicalEBResidualXGB",34,"C002","stable_cool","S01","measurement_group_1","measurement_status_1",33.5,5.5,23,39.2,39.2748937040568,-0.0748937040567696,"may_session_hour+direct_xgb+tight_session",0.294992325023356,39.1548803927029,39.0338795108253,39.0036292903559,38.6663268128828,38.1727513959326,38.6554422709609,39.1543703949982,39.3104729789879,39.1773259043857,39.4425432747285,39.0592816004062,39.3977699279785,0,0,0,0,0,0,0,0.65,0.3,0,0,0.05
"all_measured_520_analysis_set","within_cow_random5",3,"StrictHierarchicalEBResidualXGB",42,"C029","stable_cool","S01","measurement_group_1","measurement_status_1",35,11.2,15,38.5,38.285197961207,0.214802038793017,"may_session_hour+direct_xgb+tight_session",0.294992325023356,38.3102983493592,38.3774786472623,38.3942737217381,38.6663268128828,38.6663268128828,38.6663268128828,38.3102429711755,38.2835964432659,38.2937547738058,38.2101829829137,38.3708358618734,38.2546768188477,0,0,0,0,0,0,0,0.65,0.3,0,0,0.05
"all_measured_520_analysis_set","within_cow_random5",3,"StrictHierarchicalEBResidualXGB",46,"C029","stable_cool","S01","measurement_group_1","measurement_status_1",32.2,5.5,23,38.9,38.3688792116837,0.531120788316308,"may_session_hour+direct_xgb+tight_session",0.294992325023356,38.3102983493592,38.3582138761504,38.3701927578482,38.6663268128828,38.543121766303,38.5831634064414,38.3102429711755,38.3999472787725,38.2937547738058,38.525671452724,38.3759839038922,38.4157409667969,0,0,0,0,0,0,0,0.65,0.3,0,0,0.05
"all_measured_520_analysis_set","within_cow_random5",3,"StrictHierarchicalEBResidualXGB",47,"C001","stable_cool","S01","measurement_group_1","measurement_status_1",29.8,5.4,0,38,38.393138440178,-0.393138440178049,"may_session_hour+direct_xgb+tight_session",0.294992325023356,38.3153510190084,38.3893089993199,38.4077984943978,38.6663268128828,38.6663268128828,38.6663268128828,38.3158015794391,38.4452125625294,38.3008030187914,38.3559412972914,38.3978630025213,38.2701873779297,0,0,0,0,0,0,0,0.65,0.3,0,0,0.05
"all_measured_520_analysis_set","within_cow_random5",3,"StrictHierarchicalEBResidualXGB",50,"C001","stable_cool","S01","measurement_group_1","measurement_status_1",31.3,6.9,12,38.3,38.2191049867028,0.0808950132971589,"may_session_hour+direct_xgb+tight_session",0.294992325023356,38.295164590682,38.3361106127379,38.3495913656615,38.6663268128828,38.6663268128828,38.6663268128828,38.3158015794391,38.1814029145861,38.3008030187914,38.2000397919495,38.3005499526737,38.2190437316895,0,0,0,0,0,0,0,0.65,0.3,0,0,0.05
"all_measured_520_analysis_set","within_cow_random5",3,"StrictHierarchicalEBResidualXGB",51,"C001","stable_cool","S01","measurement_group_1","measurement_status_1",31.9,6.8,12,38,38.2197574906701,-0.219757490670119,"may_session_hour+direct_xgb+tight_session",0.294992325023356,38.295164590682,38.2604936056613,38.3495913656615,38.6663268128828,38.6513136516113,38.5610544688138,38.3158015794391,38.1814029145861,38.3008030187914,38.3023159478432,38.2516121922835,38.2320938110352,0,0,0,0,0,0,0,0.65,0.3,0,0,0.05
"all_measured_520_analysis_set","within_cow_random5",3,"StrictHierarchicalEBResidualXGB",68,"C027","stable_cool","S01","measurement_group_1","measurement_status_1",30.7,11.2,15,38.5,38.7492949250764,-0.24929492507642,"may_session_hour+direct_xgb+tight_session",0.294992325023356,38.9797954634529,38.9130763385372,38.8963965573083,38.6663268128828,38.6663268128828,38.6663268128828,38.9789620732663,38.6264391456708,38.992605814965,38.8053658948362,38.8914905592727,38.8865547180176,0,0,0,0,0,0,0,0.65,0.3,0,0,0.05
"all_measured_520_analysis_set","within_cow_random5",3,"StrictHierarchicalEBResidualXGB",69,"C027","stable_cool","S01","measurement_group_1","measurement_status_1",33.9,9.1,15,38.5,38.7465328935212,-0.246532893521248,"may_session_hour+direct_xgb+tight_session",0.294992325023356,38.9797954634529,38.9130763385372,38.8963965573083,38.6663268128828,38.6663268128828,38.6663268128828,38.9789620732663,38.6264391456708,38.992605814965,38.8667791388397,38.8701118316429,38.8313140869141,0,0,0,0,0,0,0,0.65,0.3,0,0,0.05
"all_measured_520_analysis_set","within_cow_random5",3,"StrictHierarchicalEBResidualXGB",75,"C026","stable_cool","S01","measurement_group_1","measurement_status_1",33.9,11.2,15,38.6,38.6091219798193,-0.00912197981926255,"may_session_hour+direct_xgb+tight_session",0.294992325023356,38.685906574564,38.6779652274261,38.6759798906417,38.2179356466493,38.2694529295783,38.2132653625766,38.685641085612,38.5740211703504,38.6866161166575,38.5667159239989,38.6626572831581,38.6004676818848,0,0,0,0,0,0,0,0.65,0.3,0,0,0.05
"all_measured_520_analysis_set","within_cow_random5",3,"StrictHierarchicalEBResidualXGB",80,"C016","stable_cool","S01","measurement_group_1","measurement_status_1",28.7,5.4,0,38.9,38.6789752574701,0.221024742529927,"may_session_hour+direct_xgb+tight_session",0.294992325023356,38.6745807383524,38.6766157467295,38.6762579330858,38.6663268128828,38.6663268128828,38.4831634064414,38.6689226463721,38.6887738915715,38.6692164983541,38.590609063881,38.6679536905517,38.6101455688477,0,0,0,0,0,0,0,0.65,0.3,0,0,0.05
"all_measured_520_analysis_set","within_cow_random5",3,"StrictHierarchicalEBResidualXGB",85,"C016","stable_cool","S01","measurement_group_1","measurement_status_1",33.2,9.1,15,38.7,38.4312138014993,0.268786198500678,"may_session_hour+direct_xgb+tight_session",0.294992325023356,38.6691887737605,38.6645909867834,38.6634415400391,38.6663268128828,38.6663268128828,38.6663268128828,38.6689226463721,38.3122011851201,38.6692164983541,38.5364374523403,38.6274623818349,38.5503616333008,0,0,0,0,0,0,0,0.65,0.3,0,0,0.05
"all_measured_520_analysis_set","within_cow_random5",3,"StrictHierarchicalEBResidualXGB",91,"C022","stable_cool","S01","measurement_group_1","measurement_status_1",32.2,6.1,11,38.1,38.4471421739071,-0.347142173907052,"may_session_hour+direct_xgb+tight_session",0.294992325023356,38.4545952094288,38.4954181581948,38.5108941866168,38.6663268128828,38.6663268128828,38.5554422709609,38.4872374310093,38.4286504709518,38.4790196882822,38.3347577945248,38.4973909126807,38.4962692260742,0,0,0,0,0,0,0,0.65,0.3,0,0,0.05
"all_measured_520_analysis_set","within_cow_random5",3,"StrictHierarchicalEBResidualXGB",92,"C022","stable_cool","S01","measurement_group_1","measurement_status_1",29.7,6.9,12,38.1,38.5939996065338,-0.49399960653377,"may_session_hour+direct_xgb+tight_session",0.294992325023356,38.5245952094288,38.5188352005195,38.5114154895226,38.6663268128828,38.6663268128828,38.6663268128828,38.4872374310093,38.6623660847923,38.4790196882822,38.2902828577434,38.4785419987153,38.3951148986816,0,0,0,0,0,0,0,0.65,0.3,0,0,0.05
"all_measured_520_analysis_set","within_cow_random5",3,"StrictHierarchicalEBResidualXGB",100,"C022","stable_cool","S01","measurement_group_1","measurement_status_1",31.5,6,21,38.2,38.4492156874958,-0.249215687495791,"may_session_hour+direct_xgb+tight_session",0.294992325023356,38.4629194555015,38.5210800806786,38.5395527029417,38.6663268128828,38.6663268128828,38.7165817032207,38.4872374310093,38.4216250260185,38.4790196882822,38.6234632581526,38.5716046954299,38.6290702819824,0,0,0,0,0,0,0,0.65,0.3,0,0,0.05
"all_measured_520_analysis_set","within_cow_random5",3,"StrictHierarchicalEBResidualXGB",108,"C014","stable_cool","S01","measurement_group_1","measurement_status_1",30.8,8,13,37.5,38.1838832123831,-0.683883212383101,"may_session_hour+direct_xgb+tight_session",0.294992325023356,38.2840921134536,38.344179398074,38.3688861776423,38.6663268128828,38.6663268128828,38.6663268128828,38.3442803672974,38.1085778799065,38.3293826419744,38.2099434509247,38.3478642957483,38.2898559570312,0,0,0,0,0,0,0,0.65,0.3,0,0,0.05
"all_measured_520_analysis_set","within_cow_random5",3,"StrictHierarchicalEBResidualXGB",109,"C014","stable_cool","S01","measurement_group_1","measurement_status_1",32.7,9.3,13,38.1,38.1807046158865,-0.0807046158865177,"may_session_hour+direct_xgb+tight_session",0.294992325023356,38.2840921134536,38.344179398074,38.3688861776423,38.6663268128828,38.6524316529825,38.5165817032207,38.3442803672974,38.1085778799065,38.3293826419744,38.2209035841412,38.298874276384,38.2262840270996,0,0,0,0,0,0,0,0.65,0.3,0,0,0.05
"all_measured_520_analysis_set","within_cow_random5",3,"StrictHierarchicalEBResidualXGB",112,"C014","stable_cool","S01","measurement_group_1","measurement_status_1",32.1,9,19,39,38.708925285694,0.291074714306006,"may_session_hour+direct_xgb+tight_session",0.294992325023356,38.3443540769134,38.4409572180269,38.4651080033053,39.2275510312647,39.1143923535848,39.0665817032207,38.3442803672974,38.9043541254111,38.3293826419744,38.4265162300511,38.4947043429969,38.4456062316895,0,0,0,0,0,0,0,0.65,0.3,0,0,0.05
"all_measured_520_analysis_set","within_cow_random5",3,"StrictHierarchicalEBResidualXGB",116,"C023","stable_cool","S01","measurement_group_1","measurement_status_1",30.7,5.4,0,38.3,38.9288692001778,-0.628869200177789,"may_session_hour+direct_xgb+tight_session",0.294992325023356,38.9914129004428,38.9301585044674,38.9148449054736,38.6663268128828,38.6663268128828,38.6663268128828,38.9909908936132,38.8840856167426,39.0063121371767,39.0083586040711,38.9291376451226,39.0463981628418,0,0,0,0,0,0,0,0.65,0.3,0,0,0.05
"all_measured_520_analysis_set","within_cow_random5",3,"StrictHierarchicalEBResidualXGB",122,"C023","stable_cool","S01","measurement_group_1","measurement_status_1",33,8,13,38.9,38.9503202369492,-0.050320236949176,"may_session_hour+direct_xgb+tight_session",0.294992325023356,38.9518172883188,38.8780643043757,38.8659896389099,38.6663268128828,38.6663268128828,38.9331634064414,38.9909908936132,38.9315437406592,39.0063121371767,38.8878679933714,38.8367303868473,38.8584632873535,0,0,0,0,0,0,0,0.65,0.3,0,0,0.05
"all_measured_520_analysis_set","within_cow_random5",3,"StrictHierarchicalEBResidualXGB",127,"C023","stable_cool","S01","measurement_group_1","measurement_status_1",33.5,6,21,39.9,39.0446848895423,0.85531511045771,"may_session_hour+direct_xgb+tight_session",0.294992325023356,38.9914129004428,38.9435252841011,38.9315533800156,38.6663268128828,38.6663268128828,38.6663268128828,38.9909908936132,39.0586167497944,39.0063121371767,39.0808589287415,38.9485347010575,39.093807220459,0,0,0,0,0,0,0,0.65,0.3,0,0,0.05
"all_measured_520_analysis_set","within_cow_random5",3,"StrictHierarchicalEBResidualXGB",137,"C011","stable_cool","S01","measurement_group_1","measurement_status_1",30.6,10.9,23,38.2,38.5737575950677,-0.373757595067708,"may_session_hour+direct_xgb+tight_session",0.294992325023356,38.2316887737605,38.2953262156715,38.3112355761492,38.6663268128828,38.6663268128828,38.6663268128828,38.230894477358,38.7659132694474,38.2089111548426,38.5776330939651,38.3036134210323,38.2648124694824,0,0,0,0,0,0,0,0.65,0.3,0,0,0.05
"all_measured_520_analysis_set","within_cow_random5",3,"StrictHierarchicalEBResidualXGB",138,"C011","stable_cool","S01","measurement_group_1","measurement_status_1",29.6,10.9,24,38.1,38.5755312385614,-0.475531238561359,"may_session_hour+direct_xgb+tight_session",0.294992325023356,38.2316887737605,38.3041820334444,38.3223053483653,38.6663268128828,38.6663268128828,38.6663268128828,38.230894477358,38.7659132694474,38.2089111548426,38.6856913588665,38.3293738732288,38.3002853393555,0,0,0,0,0,0,0,0.65,0.3,0,0,0.05
"all_measured_520_analysis_set","within_cow_random5",3,"StrictHierarchicalEBResidualXGB",149,"C004","stable_cool","S01","measurement_group_1","measurement_status_1",30.1,9.5,22,37.7,37.7063011185142,-0.00630111851420168,"may_session_hour+direct_xgb+tight_session",0.294992325023356,37.6496172348081,37.8553832702238,37.9068247790778,38.6663268128828,38.6663268128828,38.6663268128828,37.649917486411,37.741619946326,37.6025741313361,37.8113449726547,37.8620799768616,37.8695182800293,0,0,0,0,0,0,0,0.65,0.3,0,0,0.05
"all_measured_520_analysis_set","within_cow_random5",3,"StrictHierarchicalEBResidualXGB",157,"C028","stable_hot","S01","measurement_group_1","measurement_status_1",38.4,38.5,20,40.1,40.083907855336,0.0160921446639719,"tight_session+may_session+ridge",0.299024124367176,40.1809564088793,39.9968535059691,39.9467694759988,39.2496511331805,39.2496511331805,39.3748255665903,39.8507859297778,39.5999334222808,40.0799844045088,40.1061407433568,40.0457465776802,40.0447387695312,0,0,0,0,0,0,0,0,0.85,0.15,0,0
"all_measured_520_analysis_set","within_cow_random5",3,"StrictHierarchicalEBResidualXGB",160,"C028","stable_hot","S01","measurement_group_1","measurement_status_1",37.2,37.5,23,40.1,40.1264685291557,-0.0264685291557427,"tight_session+may_session+ridge",0.299024124367176,40.1809564088793,40.0745891782082,40.0439390662976,39.2496511331805,39.2496511331805,39.2496511331805,39.8507859297778,39.7399334222808,40.0799844045088,40.3898785688215,40.1669439601339,40.2427368164062,0,0,0,0,0,0,0,0,0.85,0.15,0,0
"all_measured_520_analysis_set","within_cow_random5",3,"StrictHierarchicalEBResidualXGB",163,"C028","stable_hot","S01","measurement_group_1","measurement_status_1",35.4,33.2,1,40.3,40.2969525742207,0.00304742577934292,"tight_session+may_session+ridge",0.299024124367176,40.1557047380356,40.0100861771609,39.9736815369423,39.2496511331805,39.2496511331805,39.2496511331805,40.1458132783273,39.9470569900277,40.2882081091881,40.3465045427384,40.0996898322012,40.299690246582,0,0,0,0,0,0,0,0,0.85,0.15,0,0
"all_measured_520_analysis_set","within_cow_random5",3,"StrictHierarchicalEBResidualXGB",169,"C008","stable_cool","S01","measurement_group_1","measurement_status_1",33.3,5.5,11,38.1,38.1491519763533,-0.0491519763533006,"may_session_hour+direct_xgb+tight_session",0.294992325023356,38.168046390486,38.2660886682116,38.2948521370484,38.6663268128828,38.7653439885252,38.7331634064414,38.1945158243611,38.1351993547436,38.1726200220328,38.1355252167365,38.259888604238,38.1897277832031,0,0,0,0,0,0,0,0.65,0.3,0,0,0.05
"all_measured_520_analysis_set","within_cow_random5",3,"StrictHierarchicalEBResidualXGB",171,"C008","stable_cool","S01","measurement_group_1","measurement_status_1",35.5,11.3,16,38.2,38.218357126428,-0.0183571264280076,"may_session_hour+direct_xgb+tight_session",0.294992325023356,38.1954698224319,38.2970392108435,38.3222771200748,38.6663268128828,38.6663268128828,38.6663268128828,38.1945158243611,38.2450063830661,38.1726200220328,38.0121133426396,38.2692421544815,38.1463394165039,0,0,0,0,0,0,0,0.65,0.3,0,0,0.05
"all_measured_520_analysis_set","within_cow_random5",3,"StrictHierarchicalEBResidualXGB",177,"C030","stable_cool","S01","measurement_group_1","measurement_status_1",30,2.5,14,40.2,40.1176960995713,0.0823039004287338,"may_session_hour+direct_xgb+tight_session",0.294992325023356,40.1561187827958,39.8395192808767,39.760369405397,38.6663268128828,38.6663268128828,38.6663268128828,40.1550698409816,40.0714111130983,40.2247852285409,40.0343306607103,39.9333078376313,40.0768661499023,0,0,0,0,0,0,0,0.65,0.3,0,0,0.05
"all_measured_520_analysis_set","within_cow_random5",3,"StrictHierarchicalEBResidualXGB",185,"C030","stable_cool","S01","measurement_group_1","measurement_status_1",32.8,8.5,18,40.2,40.0407105636351,0.159289436364901,"may_session_hour+direct_xgb+tight_session",0.294992325023356,40.1561187827958,39.8748476744115,39.8045298973154,38.6663268128828,38.6663268128828,38.6663268128828,40.1550698409816,39.9475033117932,40.2247852285409,40.1709997338283,39.9657463148653,40.1479568481445,0,0,0,0,0,0,0,0.65,0.3,0,0,0.05
"all_measured_520_analysis_set","within_cow_random5",3,"StrictHierarchicalEBResidualXGB",189,"C030","stable_cool","S01","measurement_group_1","measurement_status_1",27.8,6.9,21,40.2,40.1152456687954,0.0847543312046355,"may_session_hour+direct_xgb+tight_session",0.294992325023356,40.1637979958065,39.881323657349,39.8094709135008,38.6663268128828,38.6663268128828,38.6663268128828,40.1550698409816,40.0605171257342,40.2247852285409,40.1981379857565,39.9442282089743,40.1694793701172,0,0,0,0,0,0,0,0.65,0.3,0,0,0.05
"all_measured_520_analysis_set","within_cow_random5",3,"StrictHierarchicalEBResidualXGB",194,"C018","stable_cool","S01","measurement_group_1","measurement_status_1",32.9,8.8,15,38.8,38.7802688637357,0.0197311362642765,"may_session_hour+direct_xgb+tight_session",0.294992325023356,38.7956005700526,38.7847537700176,38.7729645601147,38.6663268128828,38.7653439885252,38.5554422709609,38.7935739961063,38.7798379974838,38.7996705017991,38.6774427116377,38.7568781640469,38.6694602966309,0,0,0,0,0,0,0,0.65,0.3,0,0,0.05
"all_measured_520_analysis_set","within_cow_random5",3,"StrictHierarchicalEBResidualXGB",200,"C018","stable_cool","S01","measurement_group_1","measurement_status_1",32.4,7.5,0,38.8,38.7938424212387,0.006157578761254,"may_session_hour+direct_xgb+tight_session",0.294992325023356,38.7938896806286,38.772139928616,38.7667024906129,38.6663268128828,38.6663268128828,38.6663268128828,38.7935739961063,38.787361323818,38.7996705017991,38.8368127162353,38.7948188868681,38.8431282043457,0,0,0,0,0,0,0,0.65,0.3,0,0,0.05
"all_measured_520_analysis_set","within_cow_random5",3,"StrictHierarchicalEBResidualXGB",201,"C018","stable_cool","S01","measurement_group_1","measurement_status_1",34.1,4,0,38.8,38.7937235934189,0.00627640658107964,"may_session_hour+direct_xgb+tight_session",0.294992325023356,38.7938896806286,38.772139928616,38.7667024906129,38.6663268128828,38.6663268128828,38.6663268128828,38.7935739961063,38.787361323818,38.7996705017991,38.8866741257978,38.7971270730117,38.8407516479492,0,0,0,0,0,0,0,0.65,0.3,0,0,0.05
"all_measured_520_analysis_set","within_cow_random5",3,"StrictHierarchicalEBResidualXGB",214,"C010","stable_hot","S01","measurement_group_1","measurement_status_1",35.5,31.2,14,38.6,38.6124591980232,-0.0124591980231799,"tight_session+may_session+ridge",0.299024124367176,38.6753294738948,38.7611528299847,38.7851767192536,39.2496511331805,39.2496511331805,39.2748255665903,38.6653432900159,38.6481642888187,38.6056351301431,38.6511289160101,38.7419046927341,38.6399116516113,0,0,0,0,0,0,0,0,0.85,0.15,0,0
"all_measured_520_analysis_set","within_cow_random5",3,"StrictHierarchicalEBResidualXGB",219,"C010","stable_hot","S01","measurement_group_1","measurement_status_1",38.5,37.4,18,38.7,38.6920206067336,0.00797939326639607,"tight_session+may_session+ridge",0.299024124367176,38.6753294738948,38.7763593861521,38.8041849144629,39.2496511331805,39.2496511331805,39.2496511331805,38.7734564897507,38.7539775630366,38.7044375776324,38.6216577716405,38.7296647125543,38.6337242126465,0,0,0,0,0,0,0,0,0.85,0.15,0,0
"all_measured_520_analysis_set","within_cow_random5",3,"StrictHierarchicalEBResidualXGB",224,"C010","stable_hot","S01","measurement_group_1","measurement_status_1",38.7,32.6,22,38.7,38.8103931276259,-0.110393127625876,"tight_session+may_session+ridge",0.299024124367176,38.6913084532058,38.8416019855428,38.879175368627,39.2496511331805,39.2496511331805,39.2496511331805,38.9204031546582,39.0378770958113,38.806187613065,38.8342243768042,38.8512057960394,38.8114891052246,0,0,0,0,0,0,0,0,0.85,0.15,0,0
"all_measured_520_analysis_set","within_cow_random5",3,"StrictHierarchicalEBResidualXGB",228,"C019","stable_hot","S01","measurement_group_1","measurement_status_1",38.9,41.3,14,39.5,39.4336377897225,0.0663622102774895,"tight_session+may_session+ridge",0.299024124367176,39.4677985141425,39.3948022107896,39.3754553570245,39.2496511331805,39.2496511331805,39.2496511331805,39.419076116482,39.4489199278787,39.4937776005946,39.092845528114,39.3440221268055,39.1670455932617,0,0,0,0,0,0,0,0,0.85,0.15,0,0
"all_measured_520_analysis_set","within_cow_random5",3,"StrictHierarchicalEBResidualXGB",231,"C019","stable_hot","S01","measurement_group_1","measurement_status_1",37.1,30.5,0,39.6,39.4971979111721,0.102802088827872,"tight_session+may_session+ridge",0.299024124367176,39.4677985141425,39.4190394650949,39.4057519249061,39.2496511331805,39.2496511331805,39.2496511331805,39.4347033876622,39.5019440442594,39.4923205311057,39.524836398215,39.4530935656084,39.5348091125488,0,0,0,0,0,0,0,0,0.85,0.15,0,0
"all_measured_520_analysis_set","within_cow_random5",3,"StrictHierarchicalEBResidualXGB",237,"C019","stable_hot","S01","measurement_group_1","measurement_status_1",39.7,36.3,16,39.5,39.4469880212666,0.053011978733366,"tight_session+may_session+ridge",0.299024124367176,39.4578968850698,39.4272867512697,39.4201277731365,39.2496511331805,39.2496511331805,39.2496511331805,39.419076116482,39.4400310389898,39.4937776005946,39.1818470717415,39.3865798895055,39.3173942565918,0,0,0,0,0,0,0,0,0.85,0.15,0,0
"all_measured_520_analysis_set","within_cow_random5",3,"StrictHierarchicalEBResidualXGB",238,"C005","stable_hot","S01","measurement_group_1","measurement_status_1",29.7,26,3,37.8,37.8690186600818,-0.0690186600817881,"tight_session+may_session+ridge",0.299024124367176,37.9488935925247,38.2317682711811,38.3024869408452,39.2496511331805,39.2496511331805,39.2496511331805,38.0359504009161,38.6483884106836,37.8148718415239,38.17585063191,38.2313294683055,37.9844093322754,0,0,0,0,0,0,0,0,0.85,0.15,0,0
"all_measured_520_analysis_set","within_cow_random5",3,"StrictHierarchicalEBResidualXGB",249,"C005","stable_hot","S01","measurement_group_1","measurement_status_1",34.1,32.1,1,38,38.0368088113061,-0.0368088113060594,"tight_session+may_session+ridge",0.299024124367176,37.9228372138329,38.2241643917801,38.3036838185567,39.2496511331805,39.2496511331805,39.2496511331805,38.4023588900545,38.7306135419539,38.0337109054373,38.0543636112291,38.2023665410521,37.9708366394043,0,0,0,0,0,0,0,0,0.85,0.15,0,0
"all_measured_520_analysis_set","within_cow_random5",3,"StrictHierarchicalEBResidualXGB",253,"C017","stable_hot","S01","measurement_group_1","measurement_status_1",31.5,30,12,38.9,39.1469791086511,-0.246979108651068,"tight_session+may_session+ridge",0.299024124367176,39.4255350844041,39.3353622189617,39.312819002601,39.2496511331805,39.2496511331805,39.2496511331805,39.1156365478009,38.9843016294018,39.1087045878958,39.3638680595978,39.3293952156683,39.2931060791016,0,0,0,0,0,0,0,0,0.85,0.15,0,0
"all_measured_520_analysis_set","within_cow_random5",3,"StrictHierarchicalEBResidualXGB",262,"C017","stable_hot","S01","measurement_group_1","measurement_status_1",36,32.9,21,39.3,39.4468883344003,-0.146888334400309,"tight_session+may_session+ridge",0.299024124367176,39.488385260771,39.447119116906,39.426701659738,39.2496511331805,39.2496511331805,39.0248255665903,39.4141467314198,39.4127154412775,39.4319957563759,39.5312796098717,39.5043141284324,39.5748863220215,0,0,0,0,0,0,0,0,0.85,0.15,0,0
"all_measured_520_analysis_set","within_cow_random5",3,"StrictHierarchicalEBResidualXGB",264,"C017","stable_hot","S01","measurement_group_1","measurement_status_1",35.3,32.3,22,40,39.8694725942853,0.130527405714652,"tight_session+may_session+ridge",0.299024124367176,39.4385664446334,39.4392222163958,39.4372918335853,39.2496511331805,39.2496511331805,39.2496511331805,39.7955163806208,39.7083408099256,39.9171223867846,39.5994571034561,39.5105305460972,39.6963996887207,0,0,0,0,0,0,0,0,0.85,0.15,0,0
"all_measured_520_analysis_set","within_cow_random5",3,"StrictHierarchicalEBResidualXGB",278,"C020","stable_hot","S01","measurement_group_1","measurement_status_1",36.6,34.3,21,38.6,39.5034186441492,-0.903418644149163,"tight_session+may_session+ridge",0.299024124367176,39.6199815759637,39.5511828152557,39.5102319735765,39.2496511331805,38.9520757006865,39.0165503777268,39.4564041279391,39.440182749015,39.4962924005231,39.5438006913634,39.5986849716028,39.6593589782715,0,0,0,0,0,0,0,0,0.85,0.15,0,0
"all_measured_520_analysis_set","within_cow_random5",3,"StrictHierarchicalEBResidualXGB",281,"C020","stable_hot","S01","measurement_group_1","measurement_status_1",37,35.2,22,40.2,40.1528432045366,0.0471567954634153,"tight_session+may_session+ridge",0.299024124367176,39.4770622224584,39.470135492528,39.4676218403565,39.2496511331805,39.2496511331805,39.7748255665903,40.0051330982347,39.7429515591361,40.2389175167232,39.6650887688124,39.5717937771922,39.806999206543,0,0,0,0,0,0,0,0,0.85,0.15,0,0
"all_measured_520_analysis_set","within_cow_random5",3,"StrictHierarchicalEBResidualXGB",282,"C020","stable_hot","S01","measurement_group_1","measurement_status_1",33.9,30.9,23,39.5,39.5984282413539,-0.0984282413538722,"tight_session+may_session+ridge",0.299024124367176,39.5995622224584,39.6080150588096,39.5896587982084,39.2496511331805,39.2496511331805,39.2832170443935,39.5386299371545,39.6609479550058,39.5632601920534,39.7977138540568,39.7070337890328,39.7984771728516,0,0,0,0,0,0,0,0,0.85,0.15,0,0
"all_measured_520_analysis_set","within_cow_random5",3,"StrictHierarchicalEBResidualXGB",287,"C009","stable_hot","S01","measurement_group_1","measurement_status_1",39.3,38.8,15,39.5,39.4577455668463,0.0422544331536869,"tight_session+may_session+ridge",0.299024124367176,39.8076132999496,39.6475637084141,39.6075513105302,39.2496511331805,39.2496511331805,39.2496511331805,39.4418299987366,39.2825251840966,39.4574259133957,39.4595569364,39.5888710631326,39.5159530639648,0,0,0,0,0,0,0,0,0.85,0.15,0,0
"all_measured_520_analysis_set","within_cow_random5",3,"StrictHierarchicalEBResidualXGB",291,"C009","stable_hot","S01","measurement_group_1","measurement_status_1",33.4,26.5,23,40.8,40.4174961343816,0.382503865618425,"tight_session+may_session+ridge",0.299024124367176,39.9287809724584,39.8714786004762,39.8376796315418,39.2496511331805,39.2496511331805,39.2496511331805,40.311437484309,40.350343493625,40.4645307049736,40.1509669010267,39.935289410923,40.007396697998,0,0,0,0,0,0,0,0,0.85,0.15,0,0
"all_measured_520_analysis_set","within_cow_random5",3,"StrictHierarchicalEBResidualXGB",295,"C012","stable_hot","S01","measurement_group_1","measurement_status_1",36.6,35,14,39,39.1656913868268,-0.165691386826751,"tight_session+may_session+ridge",0.299024124367176,39.8492031900479,39.7000235317742,39.6627286172057,39.2496511331805,39.2496511331805,38.7748255665903,39.199701116482,39.242476087727,39.0779792812669,39.6627266516661,39.6310464216863,39.5872001647949,0,0,0,0,0,0,0,0,0.85,0.15,0,0
"all_measured_520_analysis_set","within_cow_random5",3,"StrictHierarchicalEBResidualXGB",298,"C012","stable_hot","S01","measurement_group_1","measurement_status_1",38.9,38.8,18,39.5,39.4994418196732,0.000558180326841295,"tight_session+may_session+ridge",0.299024124367176,39.8492031900479,39.7152300879416,39.681736812415,39.2496511331805,39.2496511331805,39.2496511331805,39.4857335790177,39.4023718922162,39.46113148268,39.7165337293008,39.7188406947126,39.7958717346191,0,0,0,0,0,0,0,0,0.85,0.15,0,0
"all_measured_520_analysis_set","within_cow_random5",3,"StrictHierarchicalEBResidualXGB",300,"C012","stable_hot","S01","measurement_group_1","measurement_status_1",37.7,36.2,19,39.5,39.5199614207931,-0.0199614207931091,"tight_session+may_session+ridge",0.299024124367176,39.8494262968345,39.7288370056388,39.698653826392,39.2496511331805,39.2496511331805,39.2496511331805,39.4857335790177,39.4497497587668,39.46113148268,39.8533310701005,39.7992754875061,39.902530670166,0,0,0,0,0,0,0,0,0.85,0.15,0,0
"all_measured_520_analysis_set","within_cow_random5",3,"StrictHierarchicalEBResidualXGB",311,"C006","stable_hot","S01","measurement_group_1","measurement_status_1",38.1,36.5,15,39.7,39.0314811455173,0.668518854482734,"tight_session+may_session+ridge",0.299024124367176,38.987385260771,38.9935334174088,39.0192820353665,39.2496511331805,39.2496511331805,39.4748255665903,39.0527468935626,38.9591561199805,39.0671869788971,38.8291480896981,38.9492394214622,38.9365348815918,0,0,0,0,0,0,0,0,0.85,0.15,0,0
"all_measured_520_analysis_set","within_cow_random5",3,"StrictHierarchicalEBResidualXGB",314,"C006","stable_hot","S01","measurement_group_1","measurement_status_1",34.4,30.8,21,39.4,39.5732338944431,-0.173233894443065,"tight_session+may_session+ridge",0.299024124367176,39.0263789446334,39.0800070113694,39.1113587648022,39.2496511331805,39.2496511331805,39.2496511331805,39.5955917417109,39.4780493548634,39.6515841958887,39.1292488529178,39.1006662047659,39.238037109375,0,0,0,0,0,0,0,0,0.85,0.15,0,0
"all_measured_520_analysis_set","within_cow_random5",3,"StrictHierarchicalEBResidualXGB",318,"C006","stable_hot","S01","measurement_group_1","measurement_status_1",33.3,28,23,39.6,39.6120411121727,-0.0120411121727102,"tight_session+may_session+ridge",0.299024124367176,39.2013789446334,39.2903830326774,39.3024537914372,39.2496511331805,39.2496511331805,39.2496511331805,39.5955917417109,39.5879880568744,39.6515841958887,39.3879636377821,39.3587401501514,39.4084663391113,0,0,0,0,0,0,0,0,0.85,0.15,0,0
"all_measured_520_analysis_set","within_cow_random5",3,"StrictHierarchicalEBResidualXGB",321,"C015","stable_hot","S01","measurement_group_1","measurement_status_1",34.7,32,12,38.2,38.3129970087172,-0.112997008717215,"tight_session+may_session+ridge",0.299024124367176,38.9914517649165,39.3826437544478,39.2245541487272,39.2496511331805,39.5832428863801,39.4748255665903,38.5077932217451,38.6423476831503,38.2352902056366,38.7533355595073,39.3186236869945,38.6463928222656,0,0,0,0,0,0,0,0,0.85,0.15,0,0
"all_measured_520_analysis_set","within_cow_random5",3,"StrictHierarchicalEBResidualXGB",326,"C015","stable_hot","S01","measurement_group_1","measurement_status_1",36.9,35.6,14,38.2,38.290570944675,-0.0905709446749867,"tight_session+may_session+ridge",0.299024124367176,38.7464517649165,38.8191752758051,38.8525761000585,39.2496511331805,39.2496511331805,38.9832170443935,38.5077932217451,38.7927359561481,38.2352902056366,38.6038284658924,38.7471474062825,38.6293067932129,0,0,0,0,0,0,0,0,0.85,0.15,0,0
"all_measured_520_analysis_set","within_cow_random5",3,"StrictHierarchicalEBResidualXGB",331,"C015","stable_hot","S01","measurement_group_1","measurement_status_1",35.5,33.1,19,39,39.5062013718382,-0.506201371838152,"tight_session+may_session+ridge",0.299024124367176,38.7814517649165,38.6668059784357,38.7625260269194,39.2496511331805,38.6943539974912,38.8748255665903,39.4857719499283,39.4497746998587,39.6124932434853,38.9038807658374,38.6244160007123,38.7754707336426,0,0,0,0,0,0,0,0,0.85,0.15,0,0
"all_measured_520_analysis_set","within_cow_random5",3,"StrictHierarchicalEBResidualXGB",334,"C015","stable_hot","S01","measurement_group_1","measurement_status_1",35.1,32.4,21,38.5,38.5427504398555,-0.0427504398554888,"tight_session+may_session+ridge",0.299024124367176,39.0439517649165,39.0895730640209,39.0683858353283,39.2496511331805,39.2496511331805,38.8748255665903,38.6879087477749,38.9032943471174,38.4748377693086,38.9275889062881,39.0725110109366,38.9256439208984,0,0,0,0,0,0,0,0,0.85,0.15,0,0
"all_measured_520_analysis_set","within_cow_random5",3,"StrictHierarchicalEBResidualXGB",339,"C007","stable_hot","S01","measurement_group_1","measurement_status_1",36.5,32.1,12,38.4,39.526428895635,-1.12642889563496,"tight_session+may_session+ridge",0.299024124367176,39.7546081113001,39.5984830893005,39.5579043830495,39.2496511331805,39.2496511331805,39.2496511331805,39.4171990478009,39.1803172544018,39.5002389794302,39.6748384207955,39.5643853507365,39.5592727661133,0,0,0,0,0,0,0,0,0.85,0.15,0,0
"all_measured_520_analysis_set","within_cow_random5",3,"StrictHierarchicalEBResidualXGB",341,"C007","stable_hot","S01","measurement_group_1","measurement_status_1",36.5,31.7,13,38.5,39.5230001939569,-1.02300019395686,"tight_session+may_session+ridge",0.299024124367176,39.7896081113001,39.6432939617977,39.599542973671,39.2496511331805,39.2496511331805,39.2496511331805,39.4171990478009,39.1853172544018,39.5002389794302,39.6519804096082,39.6046627647326,39.5614738464355,0,0,0,0,0,0,0,0,0.85,0.15,0,0
"all_measured_520_analysis_set","within_cow_random5",3,"StrictHierarchicalEBResidualXGB",355,"C007","stable_hot","S01","measurement_group_1","measurement_status_1",34.9,27.6,23,38.3,39.6229898585828,-1.32298985858276,"tight_session+may_session+ridge",0.299024124367176,39.7449795288486,39.7261684123385,39.721465633211,39.2496511331805,39.2496511331805,39.2496511331805,39.5490878091922,39.6677455718303,39.5371940713724,40.1091659861079,39.7845740985083,39.9646110534668,0,0,0,0,0,0,0,0,0.85,0.15,0,0
"all_measured_520_analysis_set","within_cow_random5",3,"StrictHierarchicalEBResidualXGB",356,"C007","stable_hot","S01","measurement_group_1","measurement_status_1",34.6,27.1,24,40.2,39.63128722173,0.568712778270012,"tight_session+may_session+ridge",0.299024124367176,39.7449795288486,39.6790636753018,39.6625847119151,39.2496511331805,39.2496511331805,39.2496511331805,39.5490878091922,39.6129194660278,39.5371940713724,40.1644817404228,39.7431655426795,39.98876953125,0,0,0,0,0,0,0,0,0.85,0.15,0,0
"all_measured_520_analysis_set","within_cow_random5",3,"StrictHierarchicalEBResidualXGB",363,"C013","stable_hot","S01","measurement_group_1","measurement_status_1",34.8,29.8,21,38.5,38.6951273252762,-0.195127325276175,"tight_session+may_session+ridge",0.299024124367176,39.0617315759637,39.1062036485891,39.1319075795889,39.2496511331805,39.2496511331805,39.2499302266361,38.9081328845087,39.0464400359944,38.6455857289472,38.9758630378069,39.1325621729265,39.1424026489258,0,0,0,0,0,0,0,0,0.85,0.15,0,0
"all_measured_520_analysis_set","within_cow_random5",3,"StrictHierarchicalEBResidualXGB",365,"C013","stable_hot","S01","measurement_group_1","measurement_status_1",33,25.7,23,39.1,39.1477477974402,-0.047747797440195,"tight_session+may_session+ridge",0.299024124367176,39.0274049666163,39.1521087625526,39.1832847115367,39.2496511331805,39.2496511331805,39.2496511331805,39.1454977249329,39.4054120170617,39.125383530292,39.2744786446131,39.2116150745653,39.2256355285645,0,0,0,0,0,0,0,0,0.85,0.15,0,0
"all_measured_520_analysis_set","within_cow_random5",3,"StrictHierarchicalEBResidualXGB",374,"C024","stable_hot","S01","measurement_group_1","measurement_status_1",37.7,35.7,19,38.7,39.001614416008,-0.301614416008036,"tight_session+may_session+ridge",0.299024124367176,38.799423973293,38.8888383340454,38.9111919242335,39.2496511331805,39.2496511331805,39.2496511331805,39.0514324457056,39.1674540221139,39.0308488029709,38.835952889885,38.8964447062826,38.8190841674805,0,0,0,0,0,0,0,0,0.85,0.15,0,0
"all_measured_520_analysis_set","within_cow_random5",3,"StrictHierarchicalEBResidualXGB",377,"C024","stable_hot","S01","measurement_group_1","measurement_status_1",35.4,31.9,21,40.4,40.4873121478533,-0.0873121478533179,"tight_session+may_session+ridge",0.299024124367176,38.8229589159738,38.9153396872638,38.934652478584,39.2496511331805,38.6943539974912,38.8748255665903,40.2243027495648,39.8867115099684,40.7616780207032,38.9325722017038,38.9763544922529,39.0550308227539,0,0,0,0,0,0,0,0,0.85,0.15,0,0
"all_measured_520_analysis_set","within_cow_random5",3,"StrictHierarchicalEBResidualXGB",383,"C024","stable_hot","S01","measurement_group_1","measurement_status_1",34,28.8,24,40.2,40.5301909770998,-0.330190977099832,"tight_session+may_session+ridge",0.299024124367176,38.799423973293,38.9226192308573,38.9534180452484,39.2496511331805,39.2496511331805,39.2496511331805,40.2243027495648,40.05180917727,40.7616780207032,39.2184310633473,39.047621048799,39.2144432067871,0,0,0,0,0,0,0,0,0.85,0.15,0,0
"all_measured_520_analysis_set","within_cow_random5",3,"StrictHierarchicalEBResidualXGB",392,"C003","stable_cool","S01","measurement_group_1","measurement_status_1",32.8,6,15,38.5,38.5179935173574,-0.0179935173573682,"may_session_hour+direct_xgb+tight_session",0.294992325023356,38.5250247862777,38.5499651156659,38.5412296655416,38.6663268128828,38.6663268128828,38.5831634064414,38.5740165430857,38.4934890403676,38.5694836739266,38.5148347813294,38.5385009920518,38.5276107788086,0,0,0,0,0,0,0,0.65,0.3,0,0,0.05
"all_measured_520_analysis_set","within_cow_random5",3,"StrictHierarchicalEBResidualXGB",393,"C003","stable_cool","S01","measurement_group_1","measurement_status_1",34.1,10.9,11,38.6,38.6751964831808,-0.0751964831807825,"may_session_hour+direct_xgb+tight_session",0.294992325023356,38.6138776133524,38.6218116037698,38.6174500200112,38.6663268128828,38.6663268128828,38.6663268128828,38.5740165430857,38.7314977699961,38.5694836739266,38.5476579146507,38.5961733028443,38.5775566101074,0,0,0,0,0,0,0,0.65,0.3,0,0,0.05
"all_measured_520_analysis_set","within_cow_random5",3,"StrictHierarchicalEBResidualXGB",398,"C004","stable_cool","S01","measurement_group_1","measurement_status_1",30.9,3,20,37.7,37.7527538260196,-0.0527538260195612,"may_session_hour+direct_xgb+tight_session",0.294992325023356,37.6496172348081,37.8914646178396,37.9519264635974,38.6663268128828,38.6663268128828,38.6663268128828,37.649917486411,37.8148715153772,37.6025741313361,37.7159448785404,37.875161432466,37.8463020324707,0,0,0,0,0,0,0,0.65,0.3,0,0,0.05
"all_measured_520_analysis_set","within_cow_random5",3,"StrictHierarchicalEBResidualXGB",400,"C004","stable_cool","S01","measurement_group_1","measurement_status_1",27.6,7.5,13,37.5,37.5919182747915,-0.0919182747914533,"may_session_hour+direct_xgb+tight_session",0.294992325023356,37.6234342187167,37.8151662401793,37.8673072302739,38.6663268128828,38.6663268128828,38.6663268128828,37.649917486411,37.5808074147236,37.6025741313361,37.4344863329047,37.7493342287776,37.6724243164062,0,0,0,0,0,0,0,0.65,0.3,0,0,0.05
"all_measured_520_analysis_set","within_cow_random5",3,"StrictHierarchicalEBResidualXGB",402,"C005","stable_hot","S01","measurement_group_1","measurement_status_1",31.1,21,0,37.8,37.8720629334544,-0.0720629334544469,"tight_session+may_session+ridge",0.299024124367176,37.9228372138329,38.1835402390887,38.2529036276924,39.2496511331805,39.2496511331805,39.2496511331805,38.0359504009161,38.0687258880718,37.8148718415239,38.1961457877277,38.1709928662484,37.9662971496582,0,0,0,0,0,0,0,0,0.85,0.15,0,0
"all_measured_520_analysis_set","within_cow_random5",3,"StrictHierarchicalEBResidualXGB",403,"C005","stable_hot","S01","measurement_group_1","measurement_status_1",35.8,28.9,15,37.7,37.8081540293817,-0.108154029381659,"tight_session+may_session+ridge",0.299024124367176,37.9228372138329,38.1401150735021,38.1986221707091,39.2496511331805,39.2496511331805,39.2496511331805,37.9453481229076,37.9952652973576,37.7868718989748,37.9287527683539,38.0687008859515,37.8536758422852,0,0,0,0,0,0,0,0,0.85,0.15,0,0
"all_measured_520_analysis_set","within_cow_random5",3,"StrictHierarchicalEBResidualXGB",411,"C008","stable_cool","S01","measurement_group_1","measurement_status_1",33.9,7.9,1,38.2,38.2248526805545,-0.0248526805544884,"may_session_hour+direct_xgb+tight_session",0.294992325023356,38.1954698224319,38.2902220817971,38.2731286699215,38.6663268128828,38.6663268128828,38.4331634064414,38.1945158243611,38.2475362347796,38.1726200220328,38.2800948745012,38.3086962043065,38.2433624267578,0,0,0,0,0,0,0,0.65,0.3,0,0,0.05
"all_measured_520_analysis_set","within_cow_random5",3,"StrictHierarchicalEBResidualXGB",416,"C009","stable_hot","S01","measurement_group_1","measurement_status_1",34.8,27.3,22,40.4,40.3954115227759,0.00458847722405409,"tight_session+may_session+ridge",0.299024124367176,39.8076132999496,39.7346458629378,39.7164040036848,39.2496511331805,39.2496511331805,39.2248255665903,40.311437484309,40.0436895273229,40.4645307049736,40.0037361569892,39.770494666756,39.9276084899902,0,0,0,0,0,0,0,0,0.85,0.15,0,0
"all_measured_520_analysis_set","within_cow_random5",3,"StrictHierarchicalEBResidualXGB",421,"C009","stable_hot","S01","measurement_group_1","measurement_status_1",39.8,40.4,18,39.5,39.4806308862203,0.0193691137797103,"tight_session+may_session+ridge",0.299024124367176,39.7774815759637,39.658283249874,39.6333262668493,39.2496511331805,39.2496511331805,39.2496511331805,39.4418299987366,39.1884203438775,39.4574259133957,39.6121257322265,39.6565128358112,39.7766456604004,0,0,0,0,0,0,0,0,0.85,0.15,0,0
"all_measured_520_analysis_set","within_cow_random5",3,"StrictHierarchicalEBResidualXGB",424,"C010","stable_hot","S01","measurement_group_1","measurement_status_1",35.9,32.6,19,38.6,38.6356168910732,-0.0356168910731753,"tight_session+may_session+ridge",0.299024124367176,38.6913084532058,38.8023459179756,38.8301052841681,39.2496511331805,39.2925012326014,39.4699302266361,38.7294812231113,38.9581857274276,38.6091535850413,38.7855756252537,38.8033814629969,38.7197418212891,0,0,0,0,0,0,0,0,0.85,0.15,0,0
"all_measured_520_analysis_set","within_cow_random5",3,"StrictHierarchicalEBResidualXGB",428,"C011","stable_cool","S01","measurement_group_1","measurement_status_1",29.5,11.7,21,38.3,38.3559343649919,-0.0559343649918986,"may_session_hour+direct_xgb+tight_session",0.294992325023356,38.2611432383524,38.3588887763632,38.3785914076279,38.6663268128828,38.6663268128828,38.6663268128828,38.230894477358,38.4271537572064,38.2089111548426,38.4013315536851,38.4077661087227,38.3122215270996,0,0,0,0,0,0,0,0.65,0.3,0,0,0.05
"all_measured_520_analysis_set","within_cow_random5",3,"StrictHierarchicalEBResidualXGB",429,"C011","stable_cool","S01","measurement_group_1","measurement_status_1",31.1,8.5,23,38.4,38.5749142112786,-0.174914211278647,"may_session_hour+direct_xgb+tight_session",0.294992325023356,38.2316887737605,38.2953262156715,38.3112355761492,38.6663268128828,38.6663268128828,38.6663268128828,38.230894477358,38.7659132694474,38.2089111548426,38.6200310376418,38.3229519794603,38.2879447937012,0,0,0,0,0,0,0,0.65,0.3,0,0,0.05
"all_measured_520_analysis_set","within_cow_random5",3,"StrictHierarchicalEBResidualXGB",441,"C013","stable_hot","S01","measurement_group_1","measurement_status_1",35.3,31.4,22,38.7,38.7090690779912,-0.00906907799117107,"tight_session+may_session+ridge",0.299024124367176,39.0528132283006,39.1304428304516,39.1457667603616,39.2496511331805,39.435094738232,39.2496511331805,38.9081328845087,39.0299014202141,38.6455857289472,39.0688080559069,39.1684190805041,39.1701889038086,0,0,0,0,0,0,0,0,0.85,0.15,0,0
"all_measured_520_analysis_set","within_cow_random5",3,"StrictHierarchicalEBResidualXGB",443,"C013","stable_hot","S01","measurement_group_1","measurement_status_1",34.4,24.9,2,39.1,39.1172556873696,-0.0172556873695555,"tight_session+may_session+ridge",0.299024124367176,39.0274049666163,39.0868222073341,39.1016765175136,39.2496511331805,39.2496511331805,39.2496511331805,39.1454977249329,39.2805859112593,39.125383530292,39.0711979108089,39.116476604032,39.1666297912598,0,0,0,0,0,0,0,0,0.85,0.15,0,0
"all_measured_520_analysis_set","within_cow_random5",3,"StrictHierarchicalEBResidualXGB",450,"C016","stable_cool","S01","measurement_group_1","measurement_status_1",34.3,9.9,16,38.6,38.677080099943,-0.0770800999429824,"may_session_hour+direct_xgb+tight_session",0.294992325023356,38.6691887737605,38.6760280997173,38.6777379312064,38.6663268128828,38.6663268128828,38.6663268128828,38.6689226463721,38.6848385666838,38.6692164983541,38.590922682772,38.6622476604447,38.6234016418457,0,0,0,0,0,0,0,0.65,0.3,0,0,0.05
"all_measured_520_analysis_set","within_cow_random5",3,"StrictHierarchicalEBResidualXGB",454,"C016","stable_cool","S01","measurement_group_1","measurement_status_1",27.6,7,23,38.7,38.7101635729225,-0.0101635729224654,"may_session_hour+direct_xgb+tight_session",0.294992325023356,38.6920807383524,38.6633127592794,38.6524416987731,38.6663268128828,38.6663268128828,38.6663268128828,38.6689226463721,38.7257880738292,38.6692164983541,38.8333341623484,38.6775424415535,38.7527275085449,0,0,0,0,0,0,0,0.65,0.3,0,0,0.05
"all_measured_520_analysis_set","within_cow_random5",3,"StrictHierarchicalEBResidualXGB",469,"C020","stable_hot","S01","measurement_group_1","measurement_status_1",38.4,32,21,40.2,40.1402753894647,0.0597246105352625,"tight_session+may_session+ridge",0.299024124367176,39.6199815759637,39.5511828152557,39.5102319735765,39.2496511331805,39.2496511331805,39.2496511331805,40.0051330982347,40.1153289666295,40.2389175167232,39.5813033350001,39.6160989938398,39.6543388366699,0,0,0,0,0,0,0,0,0.85,0.15,0,0
"all_measured_520_analysis_set","within_cow_random5",3,"StrictHierarchicalEBResidualXGB",470,"C020","stable_hot","S01","measurement_group_1","measurement_status_1",32.8,33.3,2,39.6,39.5737685875755,0.0262314124245222,"tight_session+may_session+ridge",0.299024124367176,39.4721966332829,39.4426555406675,39.4352702675136,39.2496511331805,39.2496511331805,39.2496511331805,39.5386299371545,39.5361218492033,39.5632601920534,39.6333161622008,39.5151714455709,39.7445030212402,0,0,0,0,0,0,0,0,0.85,0.15,0,0
"all_measured_520_analysis_set","within_cow_random5",3,"StrictHierarchicalEBResidualXGB",477,"C021","stable_cool","S01","measurement_group_1","measurement_status_1",31.8,23.2,12,38.2,38.2434342489111,-0.0434342489110477,"may_session_hour+direct_xgb+tight_session",0.294992325023356,38.2630659171076,38.3102158847593,38.3228199964914,38.6663268128828,38.6663268128828,38.6663268128828,38.2673968247758,38.2478692211138,38.2472699334686,38.2432652756878,38.2807307484887,38.1627655029297,0,0,0,0,0,0,0,0.65,0.3,0,0,0.05
"all_measured_520_analysis_set","within_cow_random5",3,"StrictHierarchicalEBResidualXGB",478,"C021","stable_cool","S01","measurement_group_1","measurement_status_1",32,18.8,13,38.2,38.2439389333593,-0.0439389333592928,"may_session_hour+direct_xgb+tight_session",0.294992325023356,38.2490659171076,38.3155701442333,38.335262820834,38.6663268128828,38.6663268128828,38.6663268128828,38.2673968247758,38.2478692211138,38.2472699334686,38.2950665287308,38.287396876392,38.1728591918945,0,0,0,0,0,0,0,0.65,0.3,0,0,0.05
"all_measured_520_analysis_set","within_cow_random5",3,"StrictHierarchicalEBResidualXGB",488,"C025","stable_cool","S01","measurement_group_1","measurement_status_1",31.5,15.8,12,39.4,39.3847910240254,0.0152089759746303,"may_session_hour+direct_xgb+tight_session",0.294992325023356,39.3932704855821,39.2143069511105,39.1695660674926,38.6663268128828,38.6663268128828,38.6663268128828,39.3926321678514,39.3749818344389,39.4267209815655,39.1858787031888,39.186317906325,39.2607307434082,0,0,0,0,0,0,0,0.65,0.3,0,0,0.05
"all_measured_520_analysis_set","within_cow_random5",3,"StrictHierarchicalEBResidualXGB",489,"C025","stable_cool","S01","measurement_group_1","measurement_status_1",30.9,22.3,11,39.4,39.3917743790193,0.00822562098066726,"may_session_hour+direct_xgb+tight_session",0.294992325023356,39.3932704855821,39.2458899087858,39.2090447645868,38.6663268128828,38.6663268128828,38.6663268128828,39.3926321678514,39.372277182454,39.4267209815655,39.2577589809806,39.2386597335924,39.4355583190918,0,0,0,0,0,0,0,0.65,0.3,0,0,0.05
"all_measured_520_analysis_set","within_cow_random5",3,"StrictHierarchicalEBResidualXGB",493,"C025","stable_cool","S01","measurement_group_1","measurement_status_1",31.4,11.4,1,39.4,39.3802308070224,0.0197691929775843,"may_session_hour+direct_xgb+tight_session",0.294992325023356,39.4119481506053,39.2631516483606,39.3218969140613,38.6663268128828,38.6663268128828,39.0831634064414,39.3926321678514,39.3422899755544,39.4267209815655,39.564568546815,39.3029885728837,39.5945205688477,0,0,0,0,0,0,0,0.65,0.3,0,0,0.05
"all_measured_520_analysis_set","within_cow_random5",3,"StrictHierarchicalEBResidualXGB",497,"C026","stable_cool","S01","measurement_group_1","measurement_status_1",32.5,14.4,16,38.7,38.689756238963,0.0102437610369748,"may_session_hour+direct_xgb+tight_session",0.294992325023356,38.685906574564,38.68940234036,38.690276281809,38.6663268128828,38.6663268128828,38.6663268128828,38.685641085612,38.6896683380198,38.6866161166575,38.5490620756586,38.7073480825946,38.7097396850586,0,0,0,0,0,0,0,0.65,0.3,0,0,0.05
"all_measured_520_analysis_set","within_cow_random5",3,"StrictHierarchicalEBResidualXGB",517,"C029","stable_cool","S01","measurement_group_1","measurement_status_1",36.1,8.8,14,38.3,38.2837146161752,0.0162853838247514,"may_session_hour+direct_xgb+tight_session",0.294992325023356,38.3354148115387,38.3825972972685,38.3903563444221,38.6663268128828,38.6663268128828,38.8331634064414,38.3102429711755,38.2835964432659,38.2937547738058,38.2441806310461,38.3433390369886,38.2250099182129,0,0,0,0,0,0,0,0.65,0.3,0,0,0.05
"all_measured_520_analysis_set","within_cow_random5",4,"StrictHierarchicalEBResidualXGB",3,"C021","stable_cool","S01","measurement_group_1","measurement_status_1",31.5,18.3,13,38.2,38.2393436291985,-0.0393436291984841,"may_session_hour+direct_xgb+tight_session",0.304182031344589,38.2385740795724,38.2907454155546,38.3061991295234,38.6665941435957,38.6665941435957,38.6665941435957,38.2528132882255,38.241815742559,38.231927289117,38.1593417345079,38.268544369207,38.1825828552246,0,0,0,0,0,0,0,0.75,0.25,0,0,0
"all_measured_520_analysis_set","within_cow_random5",4,"StrictHierarchicalEBResidualXGB",7,"C021","stable_cool","S01","measurement_group_1","measurement_status_1",29.3,11.8,22,38.3,38.1949345357081,0.105065464291897,"may_session_hour+direct_xgb+tight_session",0.304182031344589,38.2535751105173,38.3363514581684,38.3570455450812,38.6665941435957,38.6665941435957,38.6665941435957,38.2528132882255,38.1826036179051,38.231927289117,38.5475196302857,38.3672701587889,38.3238906860352,0,0,0,0,0,0,0,0.75,0.25,0,0,0
"all_measured_520_analysis_set","within_cow_random5",4,"StrictHierarchicalEBResidualXGB",11,"C003","stable_cool","S01","measurement_group_1","measurement_status_1",33.3,6.1,11,38.8,38.6027792721872,0.197220727812763,"may_session_hour+direct_xgb+tight_session",0.304182031344589,38.5812762396081,38.5999584995216,38.6039907544867,38.6665941435957,38.2468947779692,38.3832970717978,38.5772548024796,38.6125277995738,38.5735336900275,38.5785746049202,38.5927208118147,38.6016883850098,0,0,0,0,0,0,0,0.75,0.25,0,0,0
"all_measured_520_analysis_set","within_cow_random5",4,"StrictHierarchicalEBResidualXGB",21,"C003","stable_cool","S01","measurement_group_1","measurement_status_1",33.7,5.5,23,38,38.5933831577067,-0.593383157706711,"may_session_hour+direct_xgb+tight_session",0.304182031344589,38.5773045328583,38.6004068355767,38.6061824112563,38.6665941435957,39.0617095927841,39.0555313811986,38.5772548024796,38.5999996469331,38.5735336900275,38.9080051969523,38.6204258378354,38.6703681945801,0,0,0,0,0,0,0,0.75,0.25,0,0,0
"all_measured_520_analysis_set","within_cow_random5",4,"StrictHierarchicalEBResidualXGB",27,"C002","stable_cool","S01","measurement_group_1","measurement_status_1",32.8,8,13,39.2,38.9888107665148,0.211189233485172,"may_session_hour+direct_xgb+tight_session",0.304182031344589,39.0540970121265,38.9438055556676,38.9258637548107,38.6665941435957,38.6665941435957,38.7832970717978,39.1135416074685,38.9402232715342,39.1345732514568,38.9596838254199,38.9499290304667,39.0333976745605,0,0,0,0,0,0,0,0.75,0.25,0,0,0
"all_measured_520_analysis_set","within_cow_random5",4,"StrictHierarchicalEBResidualXGB",30,"C002","stable_cool","S01","measurement_group_1","measurement_status_1",36,9.1,15,38.9,38.9888107665148,-0.0888107665148326,"may_session_hour+direct_xgb+tight_session",0.304182031344589,39.0940694930616,39.0034657361085,38.9840217114065,38.6665941435957,38.6665941435957,38.6665941435957,39.1135416074685,38.9402232715342,39.1345732514568,39.0586497865182,38.9622684957559,38.9727668762207,0,0,0,0,0,0,0,0.75,0.25,0,0,0
"all_measured_520_analysis_set","within_cow_random5",4,"StrictHierarchicalEBResidualXGB",37,"C029","stable_cool","S01","measurement_group_1","measurement_status_1",32.9,6.9,12,38,38.3770045744149,-0.377004574414897,"may_session_hour+direct_xgb+tight_session",0.304182031344589,38.3920422038049,38.4198051570172,38.4267458953202,38.6665941435957,38.6665941435957,38.7888647145319,38.3919488096846,38.3762519504586,38.3792624462837,38.3614745572052,38.3916115416402,38.3097038269043,0,0,0,0,0,0,0,0.75,0.25,0,0,0
"all_measured_520_analysis_set","within_cow_random5",4,"StrictHierarchicalEBResidualXGB",38,"C029","stable_cool","S01","measurement_group_1","measurement_status_1",33.1,6.8,12,38.2,38.3770045744149,-0.177004574414894,"may_session_hour+direct_xgb+tight_session",0.304182031344589,38.3920422038049,38.4198051570172,38.4267458953202,38.6665941435957,38.6665941435957,38.7888647145319,38.3919488096846,38.3762519504586,38.3792624462837,38.3109007833857,38.3879294721598,38.2859878540039,0,0,0,0,0,0,0,0.75,0.25,0,0,0
"all_measured_520_analysis_set","within_cow_random5",4,"StrictHierarchicalEBResidualXGB",49,"C001","stable_cool","S01","measurement_group_1","measurement_status_1",33.1,6.1,11,39.2,38.5739348846715,0.626065115328494,"may_session_hour+direct_xgb+tight_session",0.304182031344589,38.3685509172102,38.4282245285052,38.4250253489611,38.6665941435957,38.7654132964878,38.7332970717978,38.255799225197,38.6863295216922,38.2367509736095,38.1784278764838,38.4196297976363,38.2265167236328,0,0,0,0,0,0,0,0.75,0.25,0,0,0
"all_measured_520_analysis_set","within_cow_random5",4,"StrictHierarchicalEBResidualXGB",52,"C001","stable_cool","S01","measurement_group_1","measurement_status_1",31.6,9.3,13,38,38.2214680779394,-0.221468077939434,"may_session_hour+direct_xgb+tight_session",0.304182031344589,38.2460509172102,38.2966521334567,38.3108723551505,38.6665941435957,38.6665941435957,38.6665941435957,38.255799225197,38.2163737793827,38.2367509736095,38.1697884488902,38.267485833607,38.1661643981934,0,0,0,0,0,0,0,0.75,0.25,0,0,0
"all_measured_520_analysis_set","within_cow_random5",4,"StrictHierarchicalEBResidualXGB",54,"C001","stable_cool","S01","measurement_group_1","measurement_status_1",31.8,8.8,14,38,38.2214680779394,-0.221468077939434,"may_session_hour+direct_xgb+tight_session",0.304182031344589,38.2460509172102,38.3335121048903,38.3569473194425,38.6665941435957,38.6665941435957,38.6665941435957,38.255799225197,38.2163737793827,38.2367509736095,38.1705984873682,38.3148957172697,38.214900970459,0,0,0,0,0,0,0,0.75,0.25,0,0,0
"all_measured_520_analysis_set","within_cow_random5",4,"StrictHierarchicalEBResidualXGB",61,"C027","stable_cool","S01","measurement_group_1","measurement_status_1",29.5,5.4,0,38.9,38.9361059888816,-0.036105988881566,"may_session_hour+direct_xgb+tight_session",0.304182031344589,38.9437449901826,38.8799881464684,38.8640489355398,38.6665941435957,38.6665941435957,38.6665941435957,38.9433546268591,38.9293300149707,38.9564339106141,38.9077364200625,38.8625583140993,38.87548828125,0,0,0,0,0,0,0,0.75,0.25,0,0,0
"all_measured_520_analysis_set","within_cow_random5",4,"StrictHierarchicalEBResidualXGB",67,"C027","stable_cool","S01","measurement_group_1","measurement_status_1",33.8,8.8,14,38.6,38.6857665822737,-0.0857665822736706,"may_session_hour+direct_xgb+tight_session",0.304182031344589,38.9437449901826,38.8915278150342,38.8784735212471,38.6665941435957,38.6665941435957,38.5888647145319,38.9433546268591,38.5955441394935,38.9564339106141,38.8689185976901,38.8612035720251,38.8366584777832,0,0,0,0,0,0,0,0.75,0.25,0,0,0
"all_measured_520_analysis_set","within_cow_random5",4,"StrictHierarchicalEBResidualXGB",79,"C026","stable_cool","S01","measurement_group_1","measurement_status_1",30.7,5.5,23,38.6,38.7360840284653,-0.136084028465312,"may_session_hour+direct_xgb+tight_session",0.304182031344589,38.6985437517925,38.6973982107241,38.6971118254569,38.6665941435957,38.2468947779692,38.3832970717978,38.6982853747815,38.7481409513536,38.6999132598006,38.8950757582931,38.7054309191529,38.7477760314941,0,0,0,0,0,0,0,0.75,0.25,0,0,0
"all_measured_520_analysis_set","within_cow_random5",4,"StrictHierarchicalEBResidualXGB",82,"C016","stable_cool","S01","measurement_group_1","measurement_status_1",32.2,6.9,12,38,38.6108598056764,-0.610859805676412,"may_session_hour+direct_xgb+tight_session",0.304182031344589,38.7712834438506,38.7231981490538,38.7111768253545,38.6665941435957,38.3209688520433,38.6665941435957,38.7711466215588,38.5556057590334,38.7766219456055,38.6644715901421,38.7034370952085,38.6455841064453,0,0,0,0,0,0,0,0.75,0.25,0,0,0
"all_measured_520_analysis_set","within_cow_random5",4,"StrictHierarchicalEBResidualXGB",83,"C016","stable_cool","S01","measurement_group_1","measurement_status_1",31.9,9.3,13,38.1,38.6108598056764,-0.510859805676411,"may_session_hour+direct_xgb+tight_session",0.304182031344589,38.7712834438506,38.716698606535,38.7030523972062,38.6665941435957,38.6665941435957,38.6665941435957,38.7711466215588,38.5556057590334,38.7766219456055,38.5835715564322,38.7012227513261,38.6543731689453,0,0,0,0,0,0,0,0.75,0.25,0,0,0
"all_measured_520_analysis_set","within_cow_random5",4,"StrictHierarchicalEBResidualXGB",90,"C022","stable_cool","S01","measurement_group_1","measurement_status_1",25.3,5,11,38.3,38.3402401894673,-0.0402401894672693,"may_session_hour+direct_xgb+tight_session",0.304182031344589,38.4011525911768,38.4568289030541,38.4810145466317,38.6665941435957,38.6665941435957,38.6665941435957,38.4645269032489,38.3021841842405,38.4544082051475,38.2170270426412,38.4488022081751,38.4200859069824,0,0,0,0,0,0,0,0.75,0.25,0,0,0
"all_measured_520_analysis_set","within_cow_random5",4,"StrictHierarchicalEBResidualXGB",98,"C022","stable_cool","S01","measurement_group_1","measurement_status_1",33.3,11.2,15,38,38.6205418165559,-0.620541816555885,"may_session_hour+direct_xgb+tight_session",0.304182031344589,38.6461525911768,38.6422597391404,38.6121780917396,38.6665941435957,38.6665941435957,38.3333188287191,38.4645269032489,38.6759196870253,38.4544082051475,38.3997179116753,38.613348806078,38.4112319946289,0,0,0,0,0,0,0,0.75,0.25,0,0,0
"all_measured_520_analysis_set","within_cow_random5",4,"StrictHierarchicalEBResidualXGB",102,"C022","stable_cool","S01","measurement_group_1","measurement_status_1",32.1,5.5,23,38.5,38.3871863039511,0.11281369604886,"may_session_hour+direct_xgb+tight_session",0.304182031344589,38.4650334438506,38.5105899643705,38.5219790945005,38.6665941435957,38.8394873705618,38.7832970717978,38.4645269032489,38.3647790035523,38.4544082051475,38.7023192080968,38.5287254505412,38.5385589599609,0,0,0,0,0,0,0,0.75,0.25,0,0,0
"all_measured_520_analysis_set","within_cow_random5",4,"StrictHierarchicalEBResidualXGB",104,"C014","stable_cool","S01","measurement_group_1","measurement_status_1",30.4,5,11,38.5,38.2568869235691,0.24311307643088,"may_session_hour+direct_xgb+tight_session",0.304182031344589,38.2222893073031,38.3134992963071,38.3438798381252,38.6665941435957,38.6665941435957,38.6665941435957,38.2694141836458,38.2588485244665,38.2510021208769,38.2277353928277,38.3198249835888,38.2500801086426,0,0,0,0,0,0,0,0.75,0.25,0,0,0
"all_measured_520_analysis_set","within_cow_random5",4,"StrictHierarchicalEBResidualXGB",113,"C014","stable_cool","S01","measurement_group_1","measurement_status_1",31.2,6,21,39.2,38.638206810336,0.561793189663987,"may_session_hour+direct_xgb+tight_session",0.304182031344589,38.2694415846098,38.3727463634915,38.3985725582119,38.6665941435957,38.524811893727,38.4666485358989,38.2694141836458,38.7672750401557,38.2510021208769,38.3684993528648,38.4101908730574,38.4011573791504,0,0,0,0,0,0,0,0.75,0.25,0,0,0
"all_measured_520_analysis_set","within_cow_random5",4,"StrictHierarchicalEBResidualXGB",117,"C023","stable_cool","S01","measurement_group_1","measurement_status_1",30.4,5,11,38.3,39.1688828563251,-0.868882856325072,"may_session_hour+direct_xgb+tight_session",0.304182031344589,39.1219338411768,39.0316986947207,38.999660379965,38.6665941435957,38.6665941435957,38.6665941435957,39.0631654009015,39.1973464168957,39.0834921746132,38.9645737067201,39.0273803102671,39.0781402587891,0,0,0,0,0,0,0,0.75,0.25,0,0,0
"all_measured_520_analysis_set","within_cow_random5",4,"StrictHierarchicalEBResidualXGB",121,"C023","stable_cool","S01","measurement_group_1","measurement_status_1",32.8,9.3,13,38.8,38.96655825217,-0.16655825217002,"may_session_hour+direct_xgb+tight_session",0.304182031344589,39.0173240795724,38.9141829155546,38.8957303795234,38.512340306933,38.3545991277696,38.3416485358989,39.0631654009015,38.9275802780223,39.0834921746132,38.9755541017024,38.886985103802,38.9381866455078,0,0,0,0,0,0,0,0.75,0.25,0,0,0
"all_measured_520_analysis_set","within_cow_random5",4,"StrictHierarchicalEBResidualXGB",124,"C023","stable_cool","S01","measurement_group_1","measurement_status_1",32.4,11.2,15,39.1,38.96655825217,0.133441747829984,"may_session_hour+direct_xgb+tight_session",0.304182031344589,39.0519338411768,38.969629530807,38.9508239250729,38.6665941435957,38.6665941435957,38.6665941435957,39.0631654009015,38.9275802780223,39.0834921746132,38.9889332240214,38.971566844278,39.0228118896484,0,0,0,0,0,0,0,0.75,0.25,0,0,0
"all_measured_520_analysis_set","within_cow_random5",4,"StrictHierarchicalEBResidualXGB",132,"C011","stable_cool","S01","measurement_group_1","measurement_status_1",30.8,18.3,13,37.9,38.1596141668304,-0.25961416683036,"may_session_hour+direct_xgb+tight_session",0.304182031344589,38.282741777184,38.3258652732017,38.3366461472062,38.6665941435957,38.6665941435957,38.6665941435957,38.2820151661597,38.1252807851012,38.2626143120178,38.121197054797,38.298043171713,38.2078704833984,0,0,0,0,0,0,0,0.75,0.25,0,0,0
"all_measured_520_analysis_set","within_cow_random5",4,"StrictHierarchicalEBResidualXGB",134,"C011","stable_cool","S01","measurement_group_1","measurement_status_1",32.6,22,15,38.1,38.1596141668304,-0.0596141668303574,"may_session_hour+direct_xgb+tight_session",0.304182031344589,38.2507619661768,38.3289915099737,38.3536885084063,38.6665941435957,38.2468947779692,38.6665941435957,38.2820151661597,38.1252807851012,38.2626143120178,38.0498076604392,38.3291624814735,38.3077049255371,0,0,0,0,0,0,0,0.75,0.25,0,0,0
"all_measured_520_analysis_set","within_cow_random5",4,"StrictHierarchicalEBResidualXGB",146,"C004","stable_cool","S01","measurement_group_1","measurement_status_1",31.1,11.3,12,37.5,37.589003385945,-0.0890033859449844,"may_session_hour+direct_xgb+tight_session",0.304182031344589,37.6126357118169,37.7969057173813,37.850012950761,38.6665941435957,38.6665941435957,38.4332970717978,37.6567410534519,37.5821043499789,37.6097004938431,37.5740484525885,37.7405095682825,37.7256851196289,0,0,0,0,0,0,0,0.75,0.25,0,0,0
"all_measured_520_analysis_set","within_cow_random5",4,"StrictHierarchicalEBResidualXGB",151,"C028","stable_hot","S01","measurement_group_1","measurement_status_1",34.5,29.7,23,40.3,40.2368766511752,0.0631233488247744,"tight_session+may_session+may_session_hour",0.352498128069373,40.1279201158526,40.0069709524891,39.9776854837796,39.2185832784072,39.2185832784072,39.2185832784072,40.1456330015261,39.9799888813186,40.2878127953254,40.5602830254717,40.0637741677842,40.2240829467773,0,0,0,0,0,0,0.25,0.0499999999999999,0.7,0,0,0
"all_measured_520_analysis_set","within_cow_random5",4,"StrictHierarchicalEBResidualXGB",154,"C028","stable_hot","S01","measurement_group_1","measurement_status_1",38.6,37.4,14,40.2,40.1373496432804,0.0626503567195584,"tight_session+may_session+may_session_hour",0.352498128069373,40.1338425646699,39.8983068431405,39.8394229127582,39.2185832784072,39.2185832784072,39.2185832784072,40.0729235741944,39.6865444576677,40.1925593240692,40.0283093292689,39.8682054618982,39.7819290161133,0,0,0,0,0,0,0.25,0.0499999999999999,0.7,0,0,0
"all_measured_520_analysis_set","within_cow_random5",4,"StrictHierarchicalEBResidualXGB",158,"C028","stable_hot","S01","measurement_group_1","measurement_status_1",37.3,36.7,22,40.3,40.1493582195395,0.150641780460504,"tight_session+may_session+may_session_hour",0.352498128069373,40.1338425646699,39.9985808268704,39.9647653924205,39.2185832784072,39.2185832784072,39.7092916392036,40.0032798066545,39.7417375012941,40.2306448468731,40.360329732418,40.1010205135264,40.2794418334961,0,0,0,0,0,0,0.25,0.0499999999999999,0.7,0,0,0
"all_measured_520_analysis_set","within_cow_random5",4,"StrictHierarchicalEBResidualXGB",165,"C008","stable_cool","S01","measurement_group_1","measurement_status_1",31.2,4.6,14,38.2,38.2728205703052,-0.0728205703051827,"may_session_hour+direct_xgb+tight_session",0.304182031344589,38.180896692969,38.2812491772633,38.3063372983369,38.6665941435957,38.6665941435957,38.6665941435957,38.1809169537289,38.3109708725273,38.1583696636387,38.0319697806424,38.2673338340532,38.1429672241211,0,0,0,0,0,0,0,0.75,0.25,0,0,0
"all_measured_520_analysis_set","within_cow_random5",4,"StrictHierarchicalEBResidualXGB",174,"C008","stable_cool","S01","measurement_group_1","measurement_status_1",31.6,3.5,22,38.3,38.2963774498436,0.00362255015643598,"may_session_hour+direct_xgb+tight_session",0.304182031344589,38.180896692969,38.2782087241297,38.3025367319199,38.6665941435957,38.6665941435957,38.6665941435957,38.1809169537289,38.3423800452452,38.1583696636387,38.3701815385952,38.3035298147237,38.3152008056641,0,0,0,0,0,0,0,0.75,0.25,0,0,0
"all_measured_520_analysis_set","within_cow_random5",4,"StrictHierarchicalEBResidualXGB",181,"C030","stable_cool","S01","measurement_group_1","measurement_status_1",30.4,10.5,10,40.3,40.1957497248063,0.104250275193735,"may_session_hour+direct_xgb+tight_session",0.304182031344589,40.170067945074,39.8762387046236,39.7983518926385,38.6665941435957,38.6665941435957,38.6665941435957,40.1414709703494,40.1908213430261,40.2105348701468,40.1600352395794,39.9735793331284,40.225227355957,0,0,0,0,0,0,0,0.75,0.25,0,0,0
"all_measured_520_analysis_set","within_cow_random5",4,"StrictHierarchicalEBResidualXGB",184,"C030","stable_cool","S01","measurement_group_1","measurement_status_1",32.5,11.7,13,40.2,40.1055807149047,0.0944192850952916,"may_session_hour+direct_xgb+tight_session",0.304182031344589,40.152567945074,39.821582474014,39.7372191043765,38.6665941435957,38.6665941435957,38.6665941435957,40.1414709703494,40.0705959964907,40.2105348701468,40.0307172250549,39.8751519287137,40.011833190918,0,0,0,0,0,0,0,0.75,0.25,0,0,0
"all_measured_520_analysis_set","within_cow_random5",4,"StrictHierarchicalEBResidualXGB",190,"C018","stable_cool","S01","measurement_group_1","measurement_status_1",30.4,3.9,2,38.8,38.7910197564748,0.00898024352520821,"may_session_hour+direct_xgb+tight_session",0.304182031344589,38.7938997889442,38.7661025706645,38.7591532660945,38.6665941435957,38.6665941435957,38.6665941435957,38.7935900839228,38.7881359117422,38.7996712906725,38.9048421497358,38.7819869644906,38.9181022644043,0,0,0,0,0,0,0,0.75,0.25,0,0,0
"all_measured_520_analysis_set","within_cow_random5",4,"StrictHierarchicalEBResidualXGB",192,"C018","stable_cool","S01","measurement_group_1","measurement_status_1",30.8,4.4,9,38.8,38.7966908035625,0.00330919643747052,"may_session_hour+direct_xgb+tight_session",0.304182031344589,38.7960348628137,38.7828989111452,38.7792717863562,38.6665941435957,38.6913392224137,39.4832970717978,38.7935900839228,38.7956973078592,38.7996712906725,38.8188381050154,38.7878771311237,38.8424339294434,0,0,0,0,0,0,0,0.75,0.25,0,0,0
"all_measured_520_analysis_set","within_cow_random5",4,"StrictHierarchicalEBResidualXGB",203,"C025","stable_cool","S01","measurement_group_1","measurement_status_1",29.5,16.5,10,39.5,39.3494055637833,0.150594436216743,"may_session_hour+direct_xgb+tight_session",0.304182031344589,39.3832180998728,39.2471017077196,39.2125004994497,38.6665941435957,38.6665941435957,38.6665941435957,39.3790332972192,39.3283838773205,39.4124706231715,39.4393689222397,39.2636009309072,39.4378128051758,0,0,0,0,0,0,0,0.75,0.25,0,0,0
"all_measured_520_analysis_set","within_cow_random5",4,"StrictHierarchicalEBResidualXGB",210,"C025","stable_cool","S01","measurement_group_1","measurement_status_1",30,8.4,21,39.4,39.3773247438506,0.0226752561494479,"may_session_hour+direct_xgb+tight_session",0.304182031344589,39.3796583028761,39.2609197381045,39.2312350969116,38.6665941435957,38.3950429261174,38.4832970717978,39.3790332972192,39.3656094507436,39.4124706231715,39.5329333908142,39.2924330676998,39.4782600402832,0,0,0,0,0,0,0,0.75,0.25,0,0,0
"all_measured_520_analysis_set","within_cow_random5",4,"StrictHierarchicalEBResidualXGB",211,"C010","stable_hot","S01","measurement_group_1","measurement_status_1",35,28.5,2,38.7,38.7974591510565,-0.0974591510564551,"tight_session+may_session+may_session_hour",0.352498128069373,38.6767531899677,38.8109167181644,38.8444576002136,39.2185832784072,39.2185832784072,39.2185832784072,38.9386374947571,39.1850311765068,38.7193545979169,38.9030802829697,38.854605745593,38.7754287719727,0,0,0,0,0,0,0.25,0.0499999999999999,0.7,0,0,0
"all_measured_520_analysis_set","within_cow_random5",4,"StrictHierarchicalEBResidualXGB",223,"C010","stable_hot","S01","measurement_group_1","measurement_status_1",37.3,31.9,20,38.7,38.7950015110155,-0.0950015110155036,"tight_session+may_session+may_session_hour",0.352498128069373,38.6633213817233,38.7858308740427,38.8186169305904,39.2185832784072,39.2185832784072,39.2185832784072,38.9386374947571,39.1358783756877,38.7193545979169,38.7311423395297,38.8224653713872,38.8256378173828,0,0,0,0,0,0,0.25,0.0499999999999999,0.7,0,0,0
"all_measured_520_analysis_set","within_cow_random5",4,"StrictHierarchicalEBResidualXGB",227,"C019","stable_hot","S01","measurement_group_1","measurement_status_1",36.8,36.9,17,39.4,39.3437205245402,0.0562794754598102,"tight_session+may_session+may_session_hour",0.352498128069373,39.4799725956296,39.4276993955114,39.4146310954819,39.2185832784072,39.2185832784072,39.6592916392036,39.2588785277663,39.0981959138727,39.3915587098643,39.2595321558462,39.3711369978824,39.2746086120605,0,0,0,0,0,0,0.25,0.0499999999999999,0.7,0,0,0
"all_measured_520_analysis_set","within_cow_random5",4,"StrictHierarchicalEBResidualXGB",233,"C019","stable_hot","S01","measurement_group_1","measurement_status_1",35.6,31.1,2,39.5,39.5013005959283,-0.00130059592831344,"tight_session+may_session+may_session_hour",0.352498128069373,39.4799725956296,39.4534922426939,39.44687215446,39.2185832784072,39.2185832784072,39.2185832784072,39.4969701280832,39.5479473881688,39.4995152778558,39.5609706107156,39.5087975560129,39.6654930114746,0,0,0,0,0,0,0.25,0.0499999999999999,0.7,0,0,0
"all_measured_520_analysis_set","within_cow_random5",4,"StrictHierarchicalEBResidualXGB",244,"C005","stable_hot","S01","measurement_group_1","measurement_status_1",34.3,33.6,21,38.2,38.3045904347861,-0.104590434786061,"tight_session+may_session+may_session_hour",0.352498128069373,37.9228643010788,38.2075234356537,38.2786882192975,39.2185832784072,39.2185832784072,39.2185832784072,38.4699414712273,38.7717834836178,38.2121655611405,37.9409542353166,38.1912027376905,38.0091667175293,0,0,0,0,0,0,0.25,0.0499999999999999,0.7,0,0,0
"all_measured_520_analysis_set","within_cow_random5",4,"StrictHierarchicalEBResidualXGB",248,"C005","stable_hot","S01","measurement_group_1","measurement_status_1",33.6,31.4,21,37.8,37.8937631081944,-0.0937631081944517,"tight_session+may_session+may_session_hour",0.352498128069373,37.9228643010788,38.2075234356537,38.2786882192975,39.2185832784072,39.2185832784072,39.2185832784072,37.9960649174944,38.5334005988288,37.811538355542,37.9807364106971,38.1963559066146,38.0402565002441,0,0,0,0,0,0,0.25,0.0499999999999999,0.7,0,0,0
"all_measured_520_analysis_set","within_cow_random5",4,"StrictHierarchicalEBResidualXGB",259,"C017","stable_hot","S01","measurement_group_1","measurement_status_1",36.7,34.5,19,39.6,39.3238035689827,0.27619643101729,"tight_session+may_session+may_session_hour",0.352498128069373,39.3095297150567,39.2726193700797,39.2705348423033,39.2185832784072,39.2185832784072,39.0592916392036,39.3127712531786,39.2581830026567,39.3324308650789,39.427567379619,39.2284644988245,39.2098617553711,0,0,0,0,0,0,0.25,0.0499999999999999,0.7,0,0,0
"all_measured_520_analysis_set","within_cow_random5",4,"StrictHierarchicalEBResidualXGB",261,"C017","stable_hot","S01","measurement_group_1","measurement_status_1",35.5,33.1,21,39.9,39.9529363419143,-0.0529363419142967,"tight_session+may_session+may_session_hour",0.352498128069373,39.3528622967767,39.3515377338608,39.3513854866804,39.2185832784072,39.2185832784072,39.2185832784072,39.8171257776455,39.7170901579269,40.0182862708665,39.4575456380556,39.4446653347095,39.6085891723633,0,0,0,0,0,0,0.25,0.0499999999999999,0.7,0,0,0
"all_measured_520_analysis_set","within_cow_random5",4,"StrictHierarchicalEBResidualXGB",266,"C017","stable_hot","S01","measurement_group_1","measurement_status_1",34.8,31.4,23,39.8,39.9554047933078,-0.155404793307767,"tight_session+may_session+may_session_hour",0.352498128069373,39.3620297150567,39.3940589639711,39.4007718346676,39.2185832784072,39.2185832784072,39.8592916392036,39.8171257776455,39.7664591857963,40.0182862708665,39.6447014719491,39.5029546532202,39.6225929260254,0,0,0,0,0,0,0.25,0.0499999999999999,0.7,0,0,0
"all_measured_520_analysis_set","within_cow_random5",4,"StrictHierarchicalEBResidualXGB",269,"C020","stable_hot","S01","measurement_group_1","measurement_status_1",35.9,33.4,12,38.6,38.8889864673067,-0.288986467306664,"tight_session+may_session+may_session_hour",0.352498128069373,39.5264754121899,39.4024780049147,39.3714786530959,39.2185832784072,39.2185832784072,38.6092916392036,38.9978410578874,38.902327905333,38.8491568679545,39.3864440210901,39.3180562137784,39.1891288757324,0,0,0,0,0,0,0.25,0.0499999999999999,0.7,0,0,0
"all_measured_520_analysis_set","within_cow_random5",4,"StrictHierarchicalEBResidualXGB",276,"C020","stable_hot","S01","measurement_group_1","measurement_status_1",38.2,37.8,20,39.5,39.0944261518484,0.405573848151619,"tight_session+may_session+may_session_hour",0.352498128069373,39.5264754121899,39.476162215441,39.4635839162538,39.2185832784072,39.2185832784072,39.6592916392036,39.157106019797,39.1527550596857,39.0678741341641,39.4563113905556,39.4556507204915,39.5599174499512,0,0,0,0,0,0,0.25,0.0499999999999999,0.7,0,0,0
"all_measured_520_analysis_set","within_cow_random5",4,"StrictHierarchicalEBResidualXGB",283,"C020","stable_hot","S01","measurement_group_1","measurement_status_1",36.2,33.9,23,40.2,40.1672095078943,0.0327904921057183,"tight_session+may_session+may_session_hour",0.352498128069373,39.5218422150567,39.5220902139711,39.5228968346676,39.2185832784072,39.2185832784072,39.2185832784072,40.0504175455192,39.8654859865477,40.2304726031244,39.7537393889361,39.5751719313133,39.7544784545898,0,0,0,0,0,0,0.25,0.0499999999999999,0.7,0,0,0
"all_measured_520_analysis_set","within_cow_random5",4,"StrictHierarchicalEBResidualXGB",286,"C009","stable_hot","S01","measurement_group_1","measurement_status_1",37.2,35.4,14,39.4,39.5302033713052,-0.130203371305242,"tight_session+may_session+may_session_hour",0.352498128069373,39.9518442652374,39.7527082035945,39.7029241881838,39.2185832784072,38.5381512203278,38.5728610928024,39.337464739547,39.1055832984117,39.6293686021398,39.6344771664865,39.7261794297652,39.7720069885254,0,0,0,0,0,0,0.25,0.0499999999999999,0.7,0,0,0
"all_measured_520_analysis_set","within_cow_random5",4,"StrictHierarchicalEBResidualXGB",288,"C009","stable_hot","S01","measurement_group_1","measurement_status_1",36.1,32.8,19,39.5,39.6749567027378,-0.174956702737809,"tight_session+may_session+may_session_hour",0.352498128069373,39.9518442652374,39.7858360716938,39.7443340233079,39.2185832784072,38.9048953818904,39.0546458196018,39.5598988306701,39.367362943029,39.7380197827412,39.9267116279533,39.8040450373529,39.8846435546875,0,0,0,0,0,0,0.25,0.0499999999999999,0.7,0,0,0
"all_measured_520_analysis_set","within_cow_random5",4,"StrictHierarchicalEBResidualXGB",303,"C012","stable_hot","S01","measurement_group_1","measurement_status_1",38.2,36.8,21,39.4,39.4880990839681,-0.0880990839680607,"tight_session+may_session+may_session_hour",0.352498128069373,39.7617558938208,39.6779147580104,39.6488325158927,39.2185832784072,39.2185832784072,39.1395277594691,39.4660770698295,39.3989297488232,39.5023333272422,39.7756270898751,39.7578626319604,39.8876152038574,0,0,0,0,0,0,0.25,0.0499999999999999,0.7,0,0,0
"all_measured_520_analysis_set","within_cow_random5",4,"StrictHierarchicalEBResidualXGB",304,"C012","stable_hot","S01","measurement_group_1","measurement_status_1",36.2,34.3,22,40.6,40.2989638058404,0.301036194159558,"tight_session+may_session+may_session_hour",0.352498128069373,39.7112192652374,39.6604821873244,39.6477979178461,39.2185832784072,39.2185832784072,38.8592916392036,40.1908865093403,40.0300346335286,40.3567720668985,39.8406905779557,39.6942046960231,39.84326171875,0,0,0,0,0,0,0.25,0.0499999999999999,0.7,0,0,0
"all_measured_520_analysis_set","within_cow_random5",4,"StrictHierarchicalEBResidualXGB",306,"C006","stable_hot","S01","measurement_group_1","measurement_status_1",30.1,23.5,1,39.8,39.5628326828661,0.237167317133938,"tight_session+may_session+may_session_hour",0.352498128069373,39.1394153200878,39.1840131354087,39.195162589239,39.2185832784072,39.2185832784072,39.2185832784072,39.5329839857537,39.566401774792,39.5732379966972,39.2508386941748,39.2181432392949,39.3473892211914,0,0,0,0,0,0,0.25,0.0499999999999999,0.7,0,0,0
"all_measured_520_analysis_set","within_cow_random5",4,"StrictHierarchicalEBResidualXGB",310,"C006","stable_hot","S01","measurement_group_1","measurement_status_1",37.4,36.1,15,38.5,38.7169553577782,-0.216955357778247,"tight_session+may_session+may_session_hour",0.352498128069373,39.1563790304632,39.1268024433941,39.1166819860308,39.2185832784072,39.2185832784072,38.6092916392036,38.8265525828963,38.7840331050825,38.6730222240001,38.911995815137,39.0729296047777,39.0485000610352,0,0,0,0,0,0,0.25,0.0499999999999999,0.7,0,0,0
"all_measured_520_analysis_set","within_cow_random5",4,"StrictHierarchicalEBResidualXGB",317,"C006","stable_hot","S01","measurement_group_1","measurement_status_1",35.1,30.6,22,39.9,38.9640713970145,0.93592860298552,"tight_session+may_session+may_session_hour",0.352498128069373,39.1850176390725,39.2388694246926,39.2450034269752,39.2185832784072,39.2185832784072,39.3728610928024,39.0469715847989,39.1201371570879,38.9233166328005,39.3008675411817,39.2886651826718,39.3498191833496,0,0,0,0,0,0,0.25,0.0499999999999999,0.7,0,0,0
"all_measured_520_analysis_set","within_cow_random5",4,"StrictHierarchicalEBResidualXGB",332,"C015","stable_hot","S01","measurement_group_1","measurement_status_1",35.6,33,20,39.7,39.3502950150374,0.349704984962649,"tight_session+may_session+may_session_hour",0.352498128069373,38.7214754121899,38.832162215441,38.8598339162538,39.2185832784072,39.2185832784072,39.2185832784072,39.282604586512,39.2343291280504,39.382753445724,38.7421145700488,38.8274744624007,38.7442741394043,0,0,0,0,0,0,0.25,0.0499999999999999,0.7,0,0,0
"all_measured_520_analysis_set","within_cow_random5",4,"StrictHierarchicalEBResidualXGB",335,"C015","stable_hot","S01","measurement_group_1","measurement_status_1",34.2,30.8,22,38.4,38.584890799559,-0.184890799558964,"tight_session+may_session+may_session_hour",0.352498128069373,38.7214754121899,38.8686871048864,38.9054900280605,39.2185832784072,39.2185832784072,39.3092916392036,38.7019910114688,38.9282764484348,38.5185417489572,38.9429358924366,38.9421592545565,38.9315795898438,0,0,0,0,0,0,0.25,0.0499999999999999,0.7,0,0,0
"all_measured_520_analysis_set","within_cow_random5",4,"StrictHierarchicalEBResidualXGB",336,"C015","stable_hot","S01","measurement_group_1","measurement_status_1",35,31.4,22,38.8,39.0275375658726,-0.22753756587263,"tight_session+may_session+may_session_hour",0.352498128069373,38.7214754121899,38.8686871048864,38.9054900280605,39.2185832784072,39.2185832784072,39.3592916392036,39.0587820276455,39.2941667204269,38.9973338899142,38.9357488246208,38.9222794142421,38.8889198303223,0,0,0,0,0,0,0.25,0.0499999999999999,0.7,0,0,0
"all_measured_520_analysis_set","within_cow_random5",4,"StrictHierarchicalEBResidualXGB",343,"C007","stable_hot","S01","measurement_group_1","measurement_status_1",37.1,33.5,14,39.3,38.9001671889045,0.399832811095465,"tight_session+may_session+may_session_hour",0.352498128069373,39.5711976344121,39.4481908989343,39.4174392150649,39.2185832784072,39.2185832784072,39.2185832784072,38.956750077941,38.8581187683678,38.8829624728584,39.3526405909567,39.4359736352432,39.4294395446777,0,0,0,0,0,0,0.25,0.0499999999999999,0.7,0,0,0
"all_measured_520_analysis_set","within_cow_random5",4,"StrictHierarchicalEBResidualXGB",344,"C007","stable_hot","S01","measurement_group_1","measurement_status_1",39.2,37.2,14,39.9,39.8052525604312,0.0947474395688275,"tight_session+may_session+may_session_hour",0.352498128069373,39.5711976344121,39.4481908989343,39.4174392150649,39.2185832784072,39.2185832784072,39.2185832784072,39.6773343881441,39.429411486735,39.8777834129406,39.3147315712443,39.4467419802183,39.5057601928711,0,0,0,0,0,0,0.25,0.0499999999999999,0.7,0,0,0
"all_measured_520_analysis_set","within_cow_random5",4,"StrictHierarchicalEBResidualXGB",346,"C007","stable_hot","S01","measurement_group_1","measurement_status_1",38.9,35.9,15,39.7,39.8058861190868,-0.105886119086755,"tight_session+may_session+may_session_hour",0.352498128069373,39.59373804839,39.4766099905412,39.4437054095468,39.2185832784072,39.2185832784072,39.2185832784072,39.6773343881441,39.4420826598467,39.8777834129406,39.321512970516,39.4651400899331,39.4772338867188,0,0,0,0,0,0,0.25,0.0499999999999999,0.7,0,0,0
"all_measured_520_analysis_set","within_cow_random5",4,"StrictHierarchicalEBResidualXGB",352,"C007","stable_hot","S01","measurement_group_1","measurement_status_1",35,28.7,22,39.2,39.4836086767464,-0.28360867674639,"tight_session+may_session+may_session_hour",0.352498128069373,39.6912622967767,39.6428014030935,39.6113900732212,39.2185832784072,39.2185832784072,39.8092916392036,39.4859620170126,39.5718337135156,39.4764664097392,39.7925816607872,39.6959959557535,39.744327545166,0,0,0,0,0,0,0.25,0.0499999999999999,0.7,0,0,0
"all_measured_520_analysis_set","within_cow_random5",4,"StrictHierarchicalEBResidualXGB",359,"C013","stable_hot","S01","measurement_group_1","measurement_status_1",35.2,30.9,13,38.6,38.7848837077181,-0.184883707718079,"tight_session+may_session+may_session_hour",0.352498128069373,39.0031924098711,39.0119145874007,39.0140951317832,39.2185832784072,38.6862993684759,39.2185832784072,38.897952082299,38.9760149431219,38.7308499142675,38.6977859878146,38.9704665158017,38.87060546875,0,0,0,0,0,0,0.25,0.0499999999999999,0.7,0,0,0
"all_measured_520_analysis_set","within_cow_random5",4,"StrictHierarchicalEBResidualXGB",366,"C013","stable_hot","S01","measurement_group_1","measurement_status_1",32.9,25.3,24,39,39.158174976834,-0.158174976833976,"tight_session+may_session+may_session_hour",0.352498128069373,39.0031924098711,39.1146085802379,39.1424626228296,39.2185832784072,39.2185832784072,39.2185832784072,39.1559811986372,39.4579851165431,39.1375434590679,39.2982173139929,39.1278668846849,39.1174125671387,0,0,0,0,0,0,0.25,0.0499999999999999,0.7,0,0,0
"all_measured_520_analysis_set","within_cow_random5",4,"StrictHierarchicalEBResidualXGB",370,"C024","stable_hot","S01","measurement_group_1","measurement_status_1",36,33,14,38.3,38.1388055620274,0.161194437972576,"tight_session+may_session+may_session_hour",0.352498128069373,38.8216547150567,38.8501373353138,38.8750416738459,39.2185832784072,39.2185832784072,39.2185832784072,38.3401094772976,38.4573023779496,38.0441615340079,38.7634140942911,38.78000983323,38.714900970459,0,0,0,0,0,0,0.25,0.0499999999999999,0.7,0,0,0
"all_measured_520_analysis_set","within_cow_random5",4,"StrictHierarchicalEBResidualXGB",373,"C024","stable_hot","S01","measurement_group_1","measurement_status_1",38.2,37.2,15,38.4,38.1409931663735,0.259006833626493,"tight_session+may_session+may_session_hour",0.352498128069373,38.8041547150567,38.8470961016523,38.878427631769,39.2185832784072,39.2185832784072,39.3061944261357,38.3401094772976,38.5010544648711,38.0441615340079,38.7310086621477,38.8080661644148,38.792236328125,0,0,0,0,0,0,0.25,0.0499999999999999,0.7,0,0,0
"all_measured_520_analysis_set","within_cow_random5",4,"StrictHierarchicalEBResidualXGB",382,"C024","stable_hot","S01","measurement_group_1","measurement_status_1",35.2,30.6,23,40.5,40.4405190109636,0.0594809890363734,"tight_session+may_session+may_session_hour",0.352498128069373,38.9323087455232,39.0503972498139,39.0799193758866,39.2185832784072,39.2185832784072,39.2185832784072,40.2135720210632,40.0241492440178,40.5513122049956,39.2072585918799,39.1475712907871,39.2728233337402,0,0,0,0,0,0,0.25,0.0499999999999999,0.7,0,0,0
"all_measured_520_analysis_set","within_cow_random5",4,"StrictHierarchicalEBResidualXGB",385,"C001","stable_cool","S01","measurement_group_1","measurement_status_1",30.7,11.2,16,38.3,38.32388699192,-0.0238869919199942,"may_session_hour+direct_xgb+tight_session",0.304182031344589,38.2558192935882,38.3427696470637,38.3645072354326,38.6665941435957,38.6665941435957,38.6665941435957,38.255799225197,38.3529323313568,38.2367509736095,38.1820833590312,38.3346306365449,38.2461357116699,0,0,0,0,0,0,0,0.75,0.25,0,0,0
"all_measured_520_analysis_set","within_cow_random5",4,"StrictHierarchicalEBResidualXGB",389,"C002","stable_cool","S01","measurement_group_1","measurement_status_1",34.2,4.8,12,39,38.9888107665148,0.0111892334851689,"may_session_hour+direct_xgb+tight_session",0.304182031344589,39.0507820248364,38.9477004653155,38.9320939045077,38.6665941435957,38.6665941435957,38.6665941435957,39.1135416074685,38.9402232715342,39.1345732514568,39.0629990520195,38.9312072174936,39.0403900146484,0,0,0,0,0,0,0,0.75,0.25,0,0,0
"all_measured_520_analysis_set","within_cow_random5",4,"StrictHierarchicalEBResidualXGB",397,"C004","stable_cool","S01","measurement_group_1","measurement_status_1",29.6,4.9,23,37.6,37.7779803601492,-0.177980360149149,"may_session_hour+direct_xgb+tight_session",0.304182031344589,37.6564384886346,37.8637140001977,37.9155328780885,38.6665941435957,38.6665941435957,38.6665941435957,37.6567410534519,37.8340736489178,37.6097004938431,37.8587350768427,37.8670252121395,37.8657073974609,0,0,0,0,0,0,0,0.75,0.25,0,0,0
"all_measured_520_analysis_set","within_cow_random5",4,"StrictHierarchicalEBResidualXGB",399,"C004","stable_cool","S01","measurement_group_1","measurement_status_1",28.8,2.9,23,37.7,37.7779803601492,-0.077980360149148,"may_session_hour+direct_xgb+tight_session",0.304182031344589,37.6564384886346,37.8637140001977,37.9155328780885,38.6665941435957,38.6665941435957,38.6665941435957,37.6567410534519,37.8340736489178,37.6097004938431,37.866391687615,37.8676615296739,37.8602104187012,0,0,0,0,0,0,0,0.75,0.25,0,0,0
"all_measured_520_analysis_set","within_cow_random5",4,"StrictHierarchicalEBResidualXGB",405,"C005","stable_hot","S01","measurement_group_1","measurement_status_1",36.3,32.3,17,37.7,37.8460885087253,-0.146088508725256,"tight_session+may_session+may_session_hour",0.352498128069373,37.93636304839,38.1926189184724,38.2545134444609,39.2185832784072,39.2185832784072,39.2185832784072,37.9359519860293,38.2382936617437,37.7859797559011,37.8830869602269,38.1302522168099,37.9441261291504,0,0,0,0,0,0,0.25,0.0499999999999999,0.7,0,0,0
"all_measured_520_analysis_set","within_cow_random5",4,"StrictHierarchicalEBResidualXGB",407,"C006","stable_hot","S01","measurement_group_1","measurement_status_1",29.3,25.1,4,39.6,39.558910974073,0.0410890259269863,"tight_session+may_session+may_session_hour",0.352498128069373,39.1394153200878,39.1520495703028,39.1552081328565,39.2185832784072,39.2185832784072,39.2185832784072,39.5329839857537,39.4879675989311,39.5732379966972,39.2629469480403,39.1949145150886,39.3901672363281,0,0,0,0,0,0,0.25,0.0499999999999999,0.7,0,0,0
"all_measured_520_analysis_set","within_cow_random5",4,"StrictHierarchicalEBResidualXGB",414,"C008","stable_cool","S01","measurement_group_1","measurement_status_1",33.2,8.4,15,38.2,38.2728205703052,-0.0728205703051827,"may_session_hour+direct_xgb+tight_session",0.304182031344589,38.180896692969,38.2726424369645,38.2955788729634,38.6665941435957,38.6665941435957,38.7332970717978,38.1809169537289,38.3109708725273,38.1583696636387,38.0538192201134,38.2430936652851,38.1506195068359,0,0,0,0,0,0,0,0.75,0.25,0,0,0
"all_measured_520_analysis_set","within_cow_random5",4,"StrictHierarchicalEBResidualXGB",420,"C009","stable_hot","S01","measurement_group_1","measurement_status_1",36.1,32.2,16,39.6,39.5323880539612,0.0676119460388378,"tight_session+may_session+may_session_hour",0.352498128069373,39.8902715188208,39.7694072142593,39.7490867580787,39.2185832784072,39.2185832784072,39.2185832784072,39.337464739547,39.1492769515302,39.6293686021398,39.7237715170147,39.7780054422445,39.8993721008301,0,0,0,0,0,0,0.25,0.0499999999999999,0.7,0,0,0
"all_measured_520_analysis_set","within_cow_random5",4,"StrictHierarchicalEBResidualXGB",422,"C009","stable_hot","S01","measurement_group_1","measurement_status_1",36.9,32,18,39.7,39.6799317257792,0.0200682742208471,"tight_session+may_session+may_session_hour",0.352498128069373,39.8533278709709,39.7132172198428,39.6940225489965,39.2185832784072,39.2185832784072,39.2185832784072,39.5598988306701,39.466863403856,39.7380197827412,39.8730890276932,39.6763237105145,39.8110733032227,0,0,0,0,0,0,0.25,0.0499999999999999,0.7,0,0,0
"all_measured_520_analysis_set","within_cow_random5",4,"StrictHierarchicalEBResidualXGB",423,"C010","stable_hot","S01","measurement_group_1","measurement_status_1",34,28.2,21,38.7,38.7831203205433,-0.0831203205433297,"tight_session+may_session+may_session_hour",0.352498128069373,38.6972622967767,38.8267488449719,38.8558243755693,39.2185832784072,39.2185832784072,39.2185832784072,38.9386374947571,38.8982545662442,38.7193545979169,38.9045036238158,38.8950180679467,38.872127532959,0,0,0,0,0,0,0.25,0.0499999999999999,0.7,0,0,0
"all_measured_520_analysis_set","within_cow_random5",4,"StrictHierarchicalEBResidualXGB",432,"C011","stable_cool","S01","measurement_group_1","measurement_status_1",30,19.1,10,38.2,38.239499674883,-0.0394996748829755,"may_session_hour+direct_xgb+tight_session",0.304182031344589,38.282741777184,38.3667715038113,38.3877789354682,38.6665941435957,38.6665941435957,38.6665941435957,38.2820151661597,38.2317947958381,38.2626143120178,38.2250699274797,38.3812266471736,38.2928924560547,0,0,0,0,0,0,0,0.75,0.25,0,0,0
"all_measured_520_analysis_set","within_cow_random5",4,"StrictHierarchicalEBResidualXGB",434,"C011","stable_cool","S01","measurement_group_1","measurement_status_1",34,24.4,14,38.1,38.1596141668304,-0.0596141668303574,"may_session_hour+direct_xgb+tight_session",0.304182031344589,38.2507619661768,38.3375982502725,38.3644469337797,38.6665941435957,38.6665941435957,38.6665941435957,38.2820151661597,38.1252807851012,38.2626143120178,38.024738818709,38.3061638223257,38.2601051330566,0,0,0,0,0,0,0,0.75,0.25,0,0,0
"all_measured_520_analysis_set","within_cow_random5",4,"StrictHierarchicalEBResidualXGB",435,"C012","stable_hot","S01","measurement_group_1","measurement_status_1",37.1,35.2,20,39.5,39.4858319086372,0.0141680913627553,"tight_session+may_session+may_session_hour",0.352498128069373,39.8060778709709,39.6984890595268,39.7076514651723,39.2185832784072,40.0196327018093,39.5092916392036,39.4660770698295,39.3535862422068,39.5023333272422,39.6986819407288,39.7710217952917,39.8666877746582,0,0,0,0,0,0,0.25,0.0499999999999999,0.7,0,0,0
"all_measured_520_analysis_set","within_cow_random5",4,"StrictHierarchicalEBResidualXGB",436,"C012","stable_hot","S01","measurement_group_1","measurement_status_1",35.7,31.9,19,40.2,40.2955756194605,-0.095575619460476,"tight_session+may_session+may_session_hour",0.352498128069373,39.6520778709709,39.5468678333415,39.5300701908699,39.2185832784072,39.2788919610685,39.0546458196018,40.1908865093403,39.9622709059291,40.3567720668985,39.8175883277432,39.6435734116091,39.8636894226074,0,0,0,0,0,0,0.25,0.0499999999999999,0.7,0,0,0
"all_measured_520_analysis_set","within_cow_random5",4,"StrictHierarchicalEBResidualXGB",444,"C013","stable_hot","S01","measurement_group_1","measurement_status_1",34.1,22.9,22,39.1,39.1439520950293,-0.043952095029276,"tight_session+may_session+may_session_hour",0.352498128069373,38.9904083997496,39.0840161236501,39.1094726276805,39.2185832784072,39.2185832784072,39.2185832784072,39.1559811986372,39.173527480449,39.1375434590679,39.1580515930981,39.109248777715,39.0913352966309,0,0,0,0,0,0,0.25,0.0499999999999999,0.7,0,0,0
"all_measured_520_analysis_set","within_cow_random5",4,"StrictHierarchicalEBResidualXGB",446,"C014","stable_cool","S01","measurement_group_1","measurement_status_1",29.6,8.2,13,38,38.0842353012757,-0.0842353012757044,"may_session_hour+direct_xgb+tight_session",0.304182031344589,38.1379979409191,38.2119479705283,38.251560349238,38.6665941435957,38.6665941435957,38.6665941435957,38.2694141836458,38.0286463614086,38.2510021208769,38.1229756601261,38.1851596166083,38.1768569946289,0,0,0,0,0,0,0,0.75,0.25,0,0,0
"all_measured_520_analysis_set","within_cow_random5",4,"StrictHierarchicalEBResidualXGB",456,"C016","stable_cool","S01","measurement_group_1","measurement_status_1",31.1,4.5,9,38.8,38.8647020359962,-0.0647020359962269,"may_session_hour+direct_xgb+tight_session",0.304182031344589,38.7588088411768,38.7533268035005,38.7346893048899,38.6665941435957,38.6665941435957,38.6832970717978,38.7711466215588,38.8940620661265,38.7766219456055,38.7895980926644,38.7611757722299,38.8143768310547,0,0,0,0,0,0,0,0.75,0.25,0,0,0
"all_measured_520_analysis_set","within_cow_random5",4,"StrictHierarchicalEBResidualXGB",457,"C016","stable_cool","S01","measurement_group_1","measurement_status_1",30.8,11.7,12,38.6,38.6108598056764,-0.0108598056764109,"may_session_hour+direct_xgb+tight_session",0.304182031344589,38.7712834438506,38.7231981490538,38.7111768253545,38.6665941435957,38.6665941435957,38.6665941435957,38.7711466215588,38.5556057590334,38.7766219456055,38.6671118809139,38.7364241328821,38.7154312133789,0,0,0,0,0,0,0,0.75,0.25,0,0,0
"all_measured_520_analysis_set","within_cow_random5",4,"StrictHierarchicalEBResidualXGB",464,"C018","stable_cool","S01","measurement_group_1","measurement_status_1",33,8.8,15,38.8,38.7855823080081,0.0144176919918664,"may_session_hour+direct_xgb+tight_session",0.304182031344589,38.7956078480398,38.7841719823009,38.7719117898874,38.6665941435957,38.7654132964878,38.7332970717978,38.7935900839228,38.7808859804533,38.7996712906725,38.7300307742128,38.7811777150309,38.7518043518066,0,0,0,0,0,0,0,0.75,0.25,0,0,0
"all_measured_520_analysis_set","within_cow_random5",4,"StrictHierarchicalEBResidualXGB",465,"C019","stable_hot","S01","measurement_group_1","measurement_status_1",36.8,31.3,21,39.4,39.3942295947172,0.00577040528281003,"tight_session+may_session+may_session_hour",0.352498128069373,39.4799725956296,39.4532100712944,39.4465194402106,39.2185832784072,39.2185832784072,39.4728610928024,39.3802062138334,39.3634555663118,39.4014360899189,39.510491189928,39.4424446314637,39.4952545166016,0,0,0,0,0,0,0.25,0.0499999999999999,0.7,0,0,0
"all_measured_520_analysis_set","within_cow_random5",4,"StrictHierarchicalEBResidualXGB",471,"C021","stable_cool","S01","measurement_group_1","measurement_status_1",30.7,9.4,1,38.3,38.3136953768033,-0.0136953768033408,"may_session_hour+direct_xgb+tight_session",0.304182031344589,38.2616994661768,38.3486077229109,38.3690290870777,38.6665941435957,38.6665941435957,38.6665941435957,38.2528132882255,38.3409514060321,38.231927289117,38.433233447637,38.3566244926852,38.2656326293945,0,0,0,0,0,0,0,0.75,0.25,0,0,0
"all_measured_520_analysis_set","within_cow_random5",4,"StrictHierarchicalEBResidualXGB",476,"C021","stable_cool","S01","measurement_group_1","measurement_status_1",32.9,15.1,11,38.3,38.3220820105379,-0.0220820105378863,"may_session_hour+direct_xgb+tight_session",0.304182031344589,38.2616994661768,38.3442377572207,38.363566629965,38.6665941435957,38.6665941435957,38.6665941435957,38.2528132882255,38.3521335843448,38.231927289117,38.3059284713582,38.3349739576949,38.2295989990234,0,0,0,0,0,0,0,0.75,0.25,0,0,0
"all_measured_520_analysis_set","within_cow_random5",4,"StrictHierarchicalEBResidualXGB",480,"C022","stable_cool","S01","measurement_group_1","measurement_status_1",30.7,2.3,21,38.4,38.3864744894067,0.0135255105932686,"may_session_hour+direct_xgb+tight_session",0.304182031344589,38.4188240795724,38.492912493237,38.5188611016264,38.6665941435957,38.6665941435957,38.6665941435957,38.4645269032489,38.3638299174931,38.4544082051475,38.5508630551102,38.512096941062,38.5534057617188,0,0,0,0,0,0,0,0.75,0.25,0,0,0
"all_measured_520_analysis_set","within_cow_random5",4,"StrictHierarchicalEBResidualXGB",482,"C023","stable_cool","S01","measurement_group_1","measurement_status_1",33.8,12,17,38.9,38.9787873634739,-0.0787873634738574,"may_session_hour+direct_xgb+tight_session",0.304182031344589,39.0629501105173,38.9572698880362,38.930849832416,38.6665941435957,38.6665941435957,38.6665941435957,39.0631654009015,38.9438857597607,39.0834921746132,39.0824462020691,38.9647537215057,39.0795555114746,0,0,0,0,0,0,0,0.75,0.25,0,0,0
"all_measured_520_analysis_set","within_cow_random5",4,"StrictHierarchicalEBResidualXGB",492,"C025","stable_cool","S01","measurement_group_1","measurement_status_1",31.1,11.3,19,39.5,39.3773247438506,0.122675256149449,"may_session_hour+direct_xgb+tight_session",0.304182031344589,39.4007180998728,39.28076499541,39.2473921090627,38.6665941435957,38.6665941435957,38.6665941435957,39.3790332972192,39.3656094507436,39.4124706231715,39.5558403125705,39.2801956291421,39.3427276611328,0,0,0,0,0,0,0,0.75,0.25,0,0,0
"all_measured_520_analysis_set","within_cow_random5",4,"StrictHierarchicalEBResidualXGB",494,"C026","stable_cool","S01","measurement_group_1","measurement_status_1",32.1,3.1,1,38.6,38.5984042391344,0.00159576086558388,"may_session_hour+direct_xgb+tight_session",0.304182031344589,38.6985437517925,38.6981992136272,38.6981130790859,38.6665941435957,38.6665941435957,38.6665941435957,38.6982853747815,38.5645678989124,38.6999132598006,38.7200060718672,38.714856685284,38.7349090576172,0,0,0,0,0,0,0,0.75,0.25,0,0,0
"all_measured_520_analysis_set","within_cow_random5",4,"StrictHierarchicalEBResidualXGB",501,"C026","stable_cool","S01","measurement_group_1","measurement_status_1",31.2,8.7,1,38.6,38.5984042391344,0.00159576086558388,"may_session_hour+direct_xgb+tight_session",0.304182031344589,38.6985437517925,38.6981992136272,38.6981130790859,38.6665941435957,38.6665941435957,38.6665941435957,38.6982853747815,38.5645678989124,38.6999132598006,38.7953410969734,38.7332025590869,38.8304748535156,0,0,0,0,0,0,0,0.75,0.25,0,0,0
"all_measured_520_analysis_set","within_cow_random5",4,"StrictHierarchicalEBResidualXGB",505,"C027","stable_cool","S01","measurement_group_1","measurement_status_1",30.9,3.8,1,39,38.9361059888816,0.0638940111184354,"may_session_hour+direct_xgb+tight_session",0.304182031344589,38.9437449901826,38.8943602043393,38.8820140078784,38.6665941435957,38.6665941435957,38.6665941435957,38.9433546268591,38.9293300149707,38.9564339106141,38.9724034586101,38.8992132797095,39.0587615966797,0,0,0,0,0,0,0,0.75,0.25,0,0,0
"all_measured_520_analysis_set","within_cow_random5",4,"StrictHierarchicalEBResidualXGB",513,"C029","stable_cool","S01","measurement_group_1","measurement_status_1",34.2,5.2,14,38.3,38.3770045744149,-0.0770045744149002,"may_session_hour+direct_xgb+tight_session",0.304182031344589,38.3942703867395,38.451916301095,38.465969678855,38.6665941435957,38.6665941435957,38.6665941435957,38.3919488096846,38.3762519504586,38.3792624462837,38.2567415376264,38.4271998344297,38.3358192443848,0,0,0,0,0,0,0,0.75,0.25,0,0,0
"all_measured_520_analysis_set","within_cow_random5",4,"StrictHierarchicalEBResidualXGB",520,"C030","stable_cool","S01","measurement_group_1","measurement_status_1",32.3,8.3,10,40.3,40.1957497248063,0.104250275193735,"may_session_hour+direct_xgb+tight_session",0.304182031344589,40.170067945074,39.8762387046236,39.7983518926385,38.6665941435957,38.6665941435957,38.6665941435957,40.1414709703494,40.1908213430261,40.2105348701468,40.1232869341914,39.953263723256,40.1838302612305,0,0,0,0,0,0,0,0.75,0.25,0,0,0
"all_measured_520_analysis_set","within_cow_random5",5,"StrictHierarchicalEBResidualXGB",1,"C021","stable_cool","S01","measurement_group_1","measurement_status_1",30,13.1,11,38.3,38.3380691110062,-0.0380691110062514,"may_session_hour+eb_exact+direct_xgb",0.313113671586114,38.2642480352137,38.3410800388192,38.3590692227392,38.6379082568807,38.6379082568807,38.6379082568807,38.2571801984045,38.355040957171,38.2408729081125,38.2623781338404,38.3307591648881,38.2761154174805,0.1,0,0,0,0,0,0,0.8,0,0,0,0.1
"all_measured_520_analysis_set","within_cow_random5",5,"StrictHierarchicalEBResidualXGB",18,"C003","stable_cool","S01","measurement_group_1","measurement_status_1",36.4,9.1,15,38.5,38.486727033547,0.0132729664530373,"may_session_hour+eb_exact+direct_xgb",0.313113671586114,38.5136790075421,38.5263582012857,38.536480990759,38.6379082568807,38.6379082568807,38.6379082568807,38.5568777292687,38.4828891015378,38.5535145563833,38.5651921317836,38.5026121336277,38.490478515625,0.1,0,0,0,0,0,0,0.8,0,0,0,0.1
"all_measured_520_analysis_set","within_cow_random5",5,"StrictHierarchicalEBResidualXGB",20,"C003","stable_cool","S01","measurement_group_1","measurement_status_1",32,6,21,38.6,38.8101414844823,-0.210141484482342,"may_session_hour+eb_exact+direct_xgb",0.313113671586114,38.5569420628853,38.6015498398136,38.6127017840457,38.6379082568807,38.6379082568807,38.6379082568807,38.5568777292687,38.8562833180181,38.5535145563833,38.7008049451216,38.6292845571678,38.694206237793,0.1,0,0,0,0,0,0,0.8,0,0,0,0.1
"all_measured_520_analysis_set","within_cow_random5",5,"StrictHierarchicalEBResidualXGB",23,"C002","stable_cool","S01","measurement_group_1","measurement_status_1",30.8,6.1,11,39.5,39.0344815390208,0.465518460979226,"may_session_hour+eb_exact+direct_xgb",0.313113671586114,39.0472897018804,38.9674619832637,38.9457081116281,38.6379082568807,40.7579762147469,38.6379082568807,39.0351184700094,39.0242231245236,39.0524108036239,38.9393589922705,38.9764847034218,39.1037406921387,0.1,0,0,0,0,0,0,0.8,0,0,0,0.1
"all_measured_520_analysis_set","within_cow_random5",5,"StrictHierarchicalEBResidualXGB",32,"C002","stable_cool","S01","measurement_group_1","measurement_status_1",32.6,6,21,39.7,39.4738718586027,0.226128141397268,"may_session_hour+eb_exact+direct_xgb",0.313113671586114,39.036108729552,38.9848831731469,38.9720767840457,38.6379082568807,38.6379082568807,38.6379082568807,39.0351184700094,39.5499973097877,39.0524108036239,39.1652915121109,39.041895958373,39.3026313781738,0.1,0,0,0,0,0,0,0.8,0,0,0,0.1
"all_measured_520_analysis_set","within_cow_random5",5,"StrictHierarchicalEBResidualXGB",39,"C029","stable_cool","S01","measurement_group_1","measurement_status_1",33.2,9.3,13,38.1,38.3131040895465,-0.213104089546533,"may_session_hour+eb_exact+direct_xgb",0.313113671586114,38.3857006690171,38.4111829892655,38.4136570012259,38.6379082568807,38.5357539925246,38.5094770642202,38.3608601548494,38.313291772996,38.3469270299944,38.2309407147291,38.3810318139304,38.2390060424805,0.1,0,0,0,0,0,0,0.8,0,0,0,0.1
"all_measured_520_analysis_set","within_cow_random5",5,"StrictHierarchicalEBResidualXGB",41,"C029","stable_cool","S01","measurement_group_1","measurement_status_1",33.6,8.8,14,38.5,38.315160743119,0.184839256881048,"may_session_hour+eb_exact+direct_xgb",0.313113671586114,38.3442478565968,38.3943073862633,38.4095877597172,38.6379082568807,38.6098280665987,38.6126360856269,38.3608601548494,38.313291772996,38.3469270299944,38.270609658591,38.3905928348126,38.301025390625,0.1,0,0,0,0,0,0,0.8,0,0,0,0.1
"all_measured_520_analysis_set","within_cow_random5",5,"StrictHierarchicalEBResidualXGB",58,"C001","stable_cool","S01","measurement_group_1","measurement_status_1",29.6,6,21,38.3,38.3368140154161,-0.0368140154160841,"may_session_hour+eb_exact+direct_xgb",0.313113671586114,38.2887196557361,38.3869719140942,38.4115349786838,38.6379082568807,38.6379082568807,38.6379082568807,38.2895809762869,38.3346198116012,38.2757304082839,38.4129271493295,38.4177551631595,38.4024620056152,0.1,0,0,0,0,0,0,0.8,0,0,0,0.1
"all_measured_520_analysis_set","within_cow_random5",5,"StrictHierarchicalEBResidualXGB",59,"C001","stable_cool","S01","measurement_group_1","measurement_status_1",30.6,5.4,22,38.1,38.2388865948775,-0.138886594877548,"may_session_hour+eb_exact+direct_xgb",0.313113671586114,38.2887196557361,38.3511814376483,38.3667968831263,38.880585796806,38.8320502888209,38.7689541284404,38.2895809762869,38.2206085919583,38.2757304082839,38.5056025321644,38.3629016125718,38.335277557373,0.1,0,0,0,0,0,0,0.8,0,0,0,0.1
"all_measured_520_analysis_set","within_cow_random5",5,"StrictHierarchicalEBResidualXGB",63,"C027","stable_cool","S01","measurement_group_1","measurement_status_1",31.5,5,11,38.7,40.0654000994729,-1.36540009947292,"may_session_hour+eb_exact+direct_xgb",0.313113671586114,39.3281789246964,39.1857518137068,39.0761056811195,38.6379082568807,38.6379082568807,38.6379082568807,38.8671264540557,40.3090254310258,38.8779832330242,38.8173258667507,39.1795021805548,38.8536186218262,0.1,0,0,0,0,0,0,0.8,0,0,0,0.1
"all_measured_520_analysis_set","within_cow_random5",5,"StrictHierarchicalEBResidualXGB",71,"C027","stable_cool","S01","measurement_group_1","measurement_status_1",32.5,6,21,39.1,38.9920113424033,0.1079886575967,"may_session_hour+eb_exact+direct_xgb",0.313113671586114,38.8674896056926,38.8499878740594,38.8456124411511,38.6379082568807,38.6379082568807,38.6379082568807,38.8671264540557,39.0014662829566,38.8779832330242,39.0288124649426,38.8803972641662,39.0408935546875,0.1,0,0,0,0,0,0,0.8,0,0,0,0.1
"all_measured_520_analysis_set","within_cow_random5",5,"StrictHierarchicalEBResidualXGB",74,"C026","stable_cool","S01","measurement_group_1","measurement_status_1",33.9,8,13,38.5,38.622152432341,-0.122152432341004,"may_session_hour+eb_exact+direct_xgb",0.313113671586114,38.6972109679217,38.6607375899982,38.6516192455173,38.6379082568807,38.6379082568807,38.4126360856269,38.6969394734463,38.6139696122461,38.6998438921815,38.4795794684318,38.6567413137015,38.6125564575195,0.1,0,0,0,0,0,0,0.8,0,0,0,0.1
"all_measured_520_analysis_set","within_cow_random5",5,"StrictHierarchicalEBResidualXGB",81,"C016","stable_cool","S01","measurement_group_1","measurement_status_1",31.8,6.1,11,39.2,38.7303520213123,0.469647978687696,"may_session_hour+eb_exact+direct_xgb",0.313113671586114,38.6463865073297,38.6468991557993,38.6470273179167,38.6379082568807,38.6379082568807,38.6379082568807,38.646149334207,38.7451875964029,38.6466418558682,38.5580987171866,38.6347356536351,38.6956329345703,0.1,0,0,0,0,0,0,0.8,0,0,0,0.1
"all_measured_520_analysis_set","within_cow_random5",5,"StrictHierarchicalEBResidualXGB",95,"C022","stable_cool","S01","measurement_group_1","measurement_status_1",32.5,8,13,38.7,38.5230041293197,0.176995870680329,"may_session_hour+eb_exact+direct_xgb",0.313113671586114,38.378518868547,38.4063248767668,38.4193622493404,38.6379082568807,38.6379082568807,38.6379082568807,38.4165937786514,38.5675537559926,38.4071716571927,38.2991459310138,38.3733368835562,38.311092376709,0.1,0,0,0,0,0,0,0.8,0,0,0,0.1
"all_measured_520_analysis_set","within_cow_random5",5,"StrictHierarchicalEBResidualXGB",99,"C022","stable_cool","S01","measurement_group_1","measurement_status_1",32.9,9,19,38.3,38.3989757965034,-0.0989757965034528,"may_session_hour+eb_exact+direct_xgb",0.313113671586114,38.4163865073297,38.5033046332702,38.5250341647554,38.6379082568807,38.6379082568807,38.5689541284404,38.4165937786514,38.3864111363452,38.4071716571927,38.5767498073038,38.5074744270698,38.4820823669434,0.1,0,0,0,0,0,0,0.8,0,0,0,0.1
"all_measured_520_analysis_set","within_cow_random5",5,"StrictHierarchicalEBResidualXGB",105,"C014","stable_cool","S01","measurement_group_1","measurement_status_1",31,6.1,11,38,38.3777338757138,-0.377733875713801,"may_session_hour+eb_exact+direct_xgb",0.313113671586114,38.3424049308883,38.4032363338306,38.413071625392,38.6379082568807,40.7579762147469,40.0689541284404,38.3089131576568,38.3857828583471,38.2936861950601,38.2730448681959,38.3977859202683,38.3486709594727,0.1,0,0,0,0,0,0,0.8,0,0,0,0.1
"all_measured_520_analysis_set","within_cow_random5",5,"StrictHierarchicalEBResidualXGB",114,"C014","stable_cool","S01","measurement_group_1","measurement_status_1",31.5,5.4,22,38.8,38.3859884210896,0.414011578910447,"may_session_hour+eb_exact+direct_xgb",0.313113671586114,38.308975673804,38.3673862521026,38.3819888966773,38.6379082568807,38.6379082568807,38.4189541284404,38.3089131576568,38.3928601110207,38.2936861950601,38.5383809397484,38.394829113451,38.4080276489258,0.1,0,0,0,0,0,0,0.8,0,0,0,0.1
"all_measured_520_analysis_set","within_cow_random5",5,"StrictHierarchicalEBResidualXGB",120,"C023","stable_cool","S01","measurement_group_1","measurement_status_1",33.2,6.8,12,39,38.9138384771058,0.0861615228942156,"may_session_hour+eb_exact+direct_xgb",0.313113671586114,39.012081368547,38.9086607403347,38.8763992663002,38.6379082568807,38.6379082568807,38.3844770642202,38.9713530379107,38.9163897891749,38.9858913039918,38.8919382264753,38.8811842750051,38.7951850891113,0.1,0,0,0,0,0,0,0.8,0,0,0,0.1
"all_measured_520_analysis_set","within_cow_random5",5,"StrictHierarchicalEBResidualXGB",128,"C023","stable_cool","S01","measurement_group_1","measurement_status_1",33.8,5.4,22,39.4,39.0742802175091,0.325719782490893,"may_session_hour+eb_exact+direct_xgb",0.313113671586114,38.9722198406631,38.8979815855899,38.8794220218216,38.6379082568807,38.6379082568807,38.6379082568807,38.9713530379107,39.0842316319829,38.9858913039918,39.2068463272098,38.9269781500377,39.0967292785645,0.1,0,0,0,0,0,0,0.8,0,0,0,0.1
"all_measured_520_analysis_set","within_cow_random5",5,"StrictHierarchicalEBResidualXGB",133,"C011","stable_cool","S01","measurement_group_1","measurement_status_1",31.9,20.8,14,38.1,38.104160525748,-0.00416052574796311,"may_session_hour+eb_exact+direct_xgb",0.313113671586114,38.2239772018804,38.2982207295552,38.3210081069925,38.6379082568807,38.6379082568807,38.6379082568807,38.2508036551946,38.081578392509,38.2342209581493,37.9978694685609,38.2644482609883,38.1650009155273,0.1,0,0,0,0,0,0,0.8,0,0,0,0.1
"all_measured_520_analysis_set","within_cow_random5",5,"StrictHierarchicalEBResidualXGB",139,"C004","stable_cool","S01","measurement_group_1","measurement_status_1",28.8,7.9,1,37.8,37.9466329452956,-0.146632945295636,"may_session_hour+eb_exact+direct_xgb",0.313113671586114,37.6414834137421,37.85655033879,37.9103170700519,38.6379082568807,38.6379082568807,38.6379082568807,37.6417801936679,38.0065109444159,37.5953799789566,37.6323378317753,37.8259408633412,37.7727584838867,0.1,0,0,0,0,0,0,0.8,0,0,0,0.1
"all_measured_520_analysis_set","within_cow_random5",5,"StrictHierarchicalEBResidualXGB",144,"C004","stable_cool","S01","measurement_group_1","measurement_status_1",31.2,8.8,12,37.5,37.5966460640097,-0.0966460640096543,"may_session_hour+eb_exact+direct_xgb",0.313113671586114,37.6018680578943,37.7816254758658,37.8329315839771,38.6379082568807,38.6379082568807,38.6379082568807,37.6417801936679,37.5787004269928,37.5953799789566,37.5471375791759,37.7443829850676,37.7349891662598,0.1,0,0,0,0,0,0,0.8,0,0,0,0.1
"all_measured_520_analysis_set","within_cow_random5",5,"StrictHierarchicalEBResidualXGB",148,"C004","stable_cool","S01","measurement_group_1","measurement_status_1",34.3,12.7,17,37.7,37.9537155260448,-0.253715526044822,"may_session_hour+eb_exact+direct_xgb",0.313113671586114,37.6414834137421,37.8350258500805,37.8834114591651,38.6379082568807,38.6379082568807,38.6379082568807,37.6417801936679,38.0115280154147,37.5953799789566,37.679555056994,37.7921757282248,37.8034477233887,0.1,0,0,0,0,0,0,0.8,0,0,0,0.1
"all_measured_520_analysis_set","within_cow_random5",5,"StrictHierarchicalEBResidualXGB",161,"C028","stable_hot","S01","measurement_group_1","measurement_status_1",38.6,37.3,0,40.2,40.2795420915615,-0.0795420915615423,"tight_session",0.305177998470705,40.1409250638932,39.9205737901148,39.8654859716702,39.2246240423721,39.2246240423721,39.2246240423721,40.0525853271031,39.8201307544829,40.2795420915615,40.1377294209797,39.9790441100713,40.0718536376953,0,0,0,0,0,0,0,0,1,0,0,0
"all_measured_520_analysis_set","within_cow_random5",5,"StrictHierarchicalEBResidualXGB",162,"C028","stable_hot","S01","measurement_group_1","measurement_status_1",37.2,34.8,20,40.3,40.2874178862195,0.0125821137804678,"tight_session",0.305177998470705,40.1337631777119,39.9488130982294,39.9037265957808,39.2246240423721,39.4286062332076,39.412312021186,40.1359049330505,39.7344896299199,40.2874178862195,40.1987318674035,40.027743558146,40.1563453674316,0,0,0,0,0,0,0,0,1,0,0,0
"all_measured_520_analysis_set","within_cow_random5",5,"StrictHierarchicalEBResidualXGB",167,"C008","stable_cool","S01","measurement_group_1","measurement_status_1",33.2,8.4,11,38.1,38.1559224446938,-0.055922444693806,"may_session_hour+eb_exact+direct_xgb",0.313113671586114,38.1769021136219,38.2717388747975,38.3002544471928,38.6379082568807,38.6379082568807,38.6379082568807,38.2068009692912,38.1485159424519,38.1868025905545,38.1364660669651,38.2504058322653,38.1941947937012,0.1,0,0,0,0,0,0,0.8,0,0,0,0.1
"all_measured_520_analysis_set","within_cow_random5",5,"StrictHierarchicalEBResidualXGB",170,"C008","stable_cool","S01","measurement_group_1","measurement_status_1",34.3,10.8,10,38.1,38.157593250257,-0.0575932502570424,"may_session_hour+eb_exact+direct_xgb",0.313113671586114,38.1881170051917,38.3220888780551,38.3585858350842,38.6379082568807,38.6379082568807,38.6379082568807,38.2068009692912,38.1485159424519,38.1868025905545,38.2038198461228,38.3073074951889,38.1996879577637,0.1,0,0,0,0,0,0,0.8,0,0,0,0.1
"all_measured_520_analysis_set","within_cow_random5",5,"StrictHierarchicalEBResidualXGB",178,"C030","stable_cool","S01","measurement_group_1","measurement_status_1",32,6.6,8,40.3,40.1860915294832,0.11390847051679,"may_session_hour+eb_exact+direct_xgb",0.313113671586114,40.1411738162189,39.817817780545,39.7369787716265,38.6379082568807,38.6379082568807,38.6379082568807,40.1401250690141,40.1912927199219,40.2104655025278,40.2731862775229,39.8923065917399,40.1893997192383,0.1,0,0,0,0,0,0,0.8,0,0,0,0.1
"all_measured_520_analysis_set","within_cow_random5",5,"StrictHierarchicalEBResidualXGB",183,"C030","stable_cool","S01","measurement_group_1","measurement_status_1",34.2,8.3,16,40.2,39.9874689355426,0.212531064457394,"may_session_hour+eb_exact+direct_xgb",0.313113671586114,40.1411738162189,39.8265329561837,39.7478727411749,38.6379082568807,38.6379082568807,38.6379082568807,40.1401250690141,39.9490898597288,40.2104655025278,40.1829588308414,39.8881223126955,40.140796661377,0.1,0,0,0,0,0,0,0.8,0,0,0,0.1
"all_measured_520_analysis_set","within_cow_random5",5,"StrictHierarchicalEBResidualXGB",193,"C018","stable_cool","S01","measurement_group_1","measurement_status_1",32.6,5.3,9,38.8,38.7973646316246,0.0026353683753868,"may_session_hour+eb_exact+direct_xgb",0.313113671586114,38.7951685532977,38.7883073692765,38.7793670061578,38.6379082568807,38.7579762147468,38.5126360856269,38.7922441825875,38.795272290559,38.7996019230534,38.8343364175845,38.7875944748494,38.8162994384766,0.1,0,0,0,0,0,0,0.8,0,0,0,0.1
"all_measured_520_analysis_set","within_cow_random5",5,"StrictHierarchicalEBResidualXGB",196,"C018","stable_cool","S01","measurement_group_1","measurement_status_1",32.7,11.7,11,38.8,38.7949491690815,0.00505083091844938,"may_session_hour+eb_exact+direct_xgb",0.313113671586114,38.7938677791855,38.7648655907966,38.757405990717,38.6379082568807,38.6379082568807,38.6379082568807,38.7922441825875,38.795272290559,38.7996019230534,38.7632051483475,38.7593488437839,38.7934455871582,0.1,0,0,0,0,0,0,0.8,0,0,0,0.1
"all_measured_520_analysis_set","within_cow_random5",5,"StrictHierarchicalEBResidualXGB",204,"C025","stable_cool","S01","measurement_group_1","measurement_status_1",31.5,16.8,14,39.5,39.3323530143557,0.167646985644346,"may_session_hour+eb_exact+direct_xgb",0.313113671586114,39.3892983984516,39.2300425449797,39.1895597315149,38.6379082568807,38.6379082568807,38.6379082568807,39.3844948751083,39.3322826607651,39.4195268291861,39.2541927804865,39.2021816427299,39.2759704589844,0.1,0,0,0,0,0,0,0.8,0,0,0,0.1
"all_measured_520_analysis_set","within_cow_random5",5,"StrictHierarchicalEBResidualXGB",205,"C025","stable_cool","S01","measurement_group_1","measurement_status_1",31.2,21.3,15,39.4,39.337407116841,0.0625928831589917,"may_session_hour+eb_exact+direct_xgb",0.313113671586114,39.3851366645161,39.2229062832172,39.1823486878924,38.6379082568807,38.6379082568807,38.6379082568807,39.3844948751083,39.3322826607651,39.4195268291861,39.1401652026044,39.2091868828262,39.3306732177734,0.1,0,0,0,0,0,0,0.8,0,0,0,0.1
"all_measured_520_analysis_set","within_cow_random5",5,"StrictHierarchicalEBResidualXGB",213,"C010","stable_hot","S01","measurement_group_1","measurement_status_1",37.8,34.3,13,38.7,38.7061024354546,-0.00610243545455802,"tight_session",0.305177998470705,38.6833855434376,38.7564359287502,38.7746985250783,39.2246240423721,39.2246240423721,39.2246240423721,38.7936795351789,38.8806236981873,38.7061024354546,38.4635701139977,38.7173030989946,38.5804481506348,0,0,0,0,0,0,0,0,1,0,0,0
"all_measured_520_analysis_set","within_cow_random5",5,"StrictHierarchicalEBResidualXGB",215,"C010","stable_hot","S01","measurement_group_1","measurement_status_1",38.4,33.8,11,38.7,38.7061024354546,-0.00610243545455802,"tight_session",0.305177998470705,38.6833855434376,38.7716179682048,38.7936760743966,39.2246240423721,39.2246240423721,39.2246240423721,38.7936795351789,38.9119176996318,38.7061024354546,38.5735994949958,38.7453887300672,38.6630516052246,0,0,0,0,0,0,0,0,1,0,0,0
"all_measured_520_analysis_set","within_cow_random5",5,"StrictHierarchicalEBResidualXGB",221,"C010","stable_hot","S01","measurement_group_1","measurement_status_1",37.2,33.7,18,38.6,38.6084122267207,-0.00841222672072917,"tight_session",0.305177998470705,38.686293073336,38.7898167382922,38.8152303729405,39.2246240423721,39.2246240423721,39.2246240423721,38.719378758407,38.9408606037642,38.6084122267207,38.6848445800845,38.7844649797302,38.724006652832,0,0,0,0,0,0,0,0,1,0,0,0
"all_measured_520_analysis_set","within_cow_random5",5,"StrictHierarchicalEBResidualXGB",225,"C019","stable_hot","S01","measurement_group_1","measurement_status_1",31.5,25.1,23,39.5,39.4986359053625,0.00136409463745224,"tight_session",0.305177998470705,39.4724628681144,39.4903416153647,39.4938725363175,39.2246240423721,39.2246240423721,39.2246240423721,39.4859434580711,39.5592596741784,39.4986359053625,39.8554553460592,39.5897809010603,39.7139320373535,0,0,0,0,0,0,0,0,1,0,0,0
"all_measured_520_analysis_set","within_cow_random5",5,"StrictHierarchicalEBResidualXGB",230,"C019","stable_hot","S01","measurement_group_1","measurement_status_1",35.7,34.8,19,39.5,39.4986359053625,0.00136409463745224,"tight_session",0.305177998470705,39.4666216583205,39.4147757991782,39.4018143343927,39.2246240423721,39.2246240423721,39.2246240423721,39.4859434580711,39.5661156201413,39.4986359053625,39.5122497986931,39.452696937286,39.4798583984375,0,0,0,0,0,0,0,0,1,0,0,0
"all_measured_520_analysis_set","within_cow_random5",5,"StrictHierarchicalEBResidualXGB",234,"C019","stable_hot","S01","measurement_group_1","measurement_status_1",31.6,21.1,23,39.5,39.4986359053625,0.00136409463745224,"tight_session",0.305177998470705,39.4724628681144,39.4903416153647,39.4938725363175,39.2246240423721,39.2246240423721,39.2246240423721,39.4859434580711,39.5592596741784,39.4986359053625,39.9867908085258,39.5830953013756,39.6524353027344,0,0,0,0,0,0,0,0,1,0,0,0
"all_measured_520_analysis_set","within_cow_random5",5,"StrictHierarchicalEBResidualXGB",240,"C005","stable_hot","S01","measurement_group_1","measurement_status_1",35.4,31,12,37.9,37.9367006091001,-0.0367006091001087,"tight_session",0.305177998470705,37.9294966545487,38.1243753718613,38.1730950511894,39.2246240423721,39.2246240423721,39.2246240423721,38.295624778442,38.5224981065758,37.9367006091001,37.7987979921773,38.0411613347409,37.8166542053223,0,0,0,0,0,0,0,0,1,0,0,0
"all_measured_520_analysis_set","within_cow_random5",5,"StrictHierarchicalEBResidualXGB",251,"C005","stable_hot","S01","measurement_group_1","measurement_status_1",32.4,27.2,1,37.8,37.8112922575277,-0.0112922575276784,"tight_session",0.305177998470705,37.9418347400027,38.2157204527815,38.2822089743854,39.2246240423721,39.2246240423721,39.2246240423721,37.9894384608696,38.570386016306,37.8112922575277,38.0668659626785,38.1987063069304,37.9544906616211,0,0,0,0,0,0,0,0,1,0,0,0
"all_measured_520_analysis_set","within_cow_random5",5,"StrictHierarchicalEBResidualXGB",252,"C017","stable_hot","S01","measurement_group_1","measurement_status_1",34.4,30.1,1,40.1,39.8840782277755,0.215921772224497,"tight_session",0.305177998470705,39.4121324942338,39.3921349145301,39.3871355196041,39.2246240423721,39.2246240423721,39.762312021186,39.7616944067347,39.7223523811183,39.8840782277755,39.479638237366,39.4662179671057,39.5756759643555,0,0,0,0,0,0,0,0,1,0,0,0
"all_measured_520_analysis_set","within_cow_random5",5,"StrictHierarchicalEBResidualXGB",256,"C017","stable_hot","S01","measurement_group_1","measurement_status_1",38.2,37.7,15,39,39.3940206024755,-0.394020602475543,"tight_session",0.305177998470705,39.3400093077429,39.2745162499517,39.2697342119043,39.2246240423721,39.2246240423721,39.108208014124,39.3249875288485,39.2227920758907,39.3940206024755,39.1706015342568,39.2351434593469,39.2703247070312,0,0,0,0,0,0,0,0,1,0,0,0
"all_measured_520_analysis_set","within_cow_random5",5,"StrictHierarchicalEBResidualXGB",257,"C017","stable_hot","S01","measurement_group_1","measurement_status_1",36.6,34.5,18,39.3,39.4311888551944,-0.131188855194445,"tight_session",0.305177998470705,39.4121324942338,39.3705298111519,39.3601291403814,39.2246240423721,39.2246240423721,39.2246240423721,39.4039497229057,39.3858317306883,39.4311888551944,39.3820982530399,39.3358304046771,39.3186416625977,0,0,0,0,0,0,0,0,1,0,0,0
"all_measured_520_analysis_set","within_cow_random5",5,"StrictHierarchicalEBResidualXGB",268,"C020","stable_hot","S01","measurement_group_1","measurement_status_1",32,27.4,1,39.6,39.5475966021821,0.0524033978178835,"tight_session",0.305177998470705,39.4756077656598,39.4429151316708,39.4347419731736,39.2246240423721,39.2246240423721,39.2246240423721,39.5255997033445,39.5688908239147,39.5475966021821,39.5784130781836,39.5742689719027,39.6142463684082,0,0,0,0,0,0,0,0,1,0,0,0
"all_measured_520_analysis_set","within_cow_random5",5,"StrictHierarchicalEBResidualXGB",272,"C020","stable_hot","S01","measurement_group_1","measurement_status_1",37.7,36.9,14,39.1,39.1609172502694,-0.0609172502693767,"tight_session",0.305177998470705,39.4756077656598,39.3967472937453,39.3770321757667,39.2246240423721,39.2246240423721,39.2246240423721,39.2028045351789,39.2042731704808,39.1609172502694,39.2329419390389,39.317446167444,39.1868629455566,0,0,0,0,0,0,0,0,1,0,0,0
"all_measured_520_analysis_set","within_cow_random5",5,"StrictHierarchicalEBResidualXGB",279,"C020","stable_hot","S01","measurement_group_1","measurement_status_1",37.3,35.6,21,40.4,40.1808316042947,0.219168395705289,"tight_session",0.305177998470705,39.4724783810122,39.4349989779619,39.4261320640177,39.2246240423721,39.2246240423721,39.2246240423721,40.0069080805254,39.9936535096976,40.1808316042947,39.4984266161948,39.4823874719767,39.6222763061523,0,0,0,0,0,0,0,0,1,0,0,0
"all_measured_520_analysis_set","within_cow_random5",5,"StrictHierarchicalEBResidualXGB",284,"C009","stable_hot","S01","measurement_group_1","measurement_status_1",32.1,23.6,1,40.4,40.5229262444558,-0.122926244455776,"tight_session",0.305177998470705,39.7886633212153,39.6933595761153,39.6695336398403,39.2246240423721,39.2246240423721,39.2246240423721,40.3540029769986,40.1073529517899,40.5229262444558,39.9545671887989,39.7683874144646,40.0526809692383,0,0,0,0,0,0,0,0,1,0,0,0
"all_measured_520_analysis_set","within_cow_random5",5,"StrictHierarchicalEBResidualXGB",299,"C012","stable_hot","S01","measurement_group_1","measurement_status_1",37.4,36,19,39.5,39.8839048249584,-0.383904824958449,"tight_session",0.305177998470705,39.7358004113282,39.6294843594251,39.5957678721574,39.2246240423721,39.2246240423721,39.6415413474574,39.7326066007056,39.4974145071759,39.8839048249584,39.7694085843138,39.6965228358923,39.7044830322266,0,0,0,0,0,0,0,0,1,0,0,0
"all_measured_520_analysis_set","within_cow_random5",5,"StrictHierarchicalEBResidualXGB",305,"C012","stable_hot","S01","measurement_group_1","measurement_status_1",35,32.7,23,40.5,40.3560821033539,0.143917896646052,"tight_session",0.305177998470705,39.8153963046469,39.7630002840954,39.729971607525,39.2246240423721,39.2246240423721,39.512312021186,40.181064915561,40.2271504984652,40.3560821033539,39.9488023860704,39.8084031350511,39.8985443115234,0,0,0,0,0,0,0,0,1,0,0,0
"all_measured_520_analysis_set","within_cow_random5",5,"StrictHierarchicalEBResidualXGB",313,"C006","stable_hot","S01","measurement_group_1","measurement_status_1",36.4,33.4,19,38.9,39.835424356112,-0.935424356111952,"tight_session",0.305177998470705,39.0238347400027,39.062436672827,39.0933542494423,39.2246240423721,39.2246240423721,39.412312021186,39.5298139933225,39.4306641832194,39.835424356112,39.2394493633848,39.0424167839491,39.1202812194824,0,0,0,0,0,0,0,0,1,0,0,0
"all_measured_520_analysis_set","within_cow_random5",5,"StrictHierarchicalEBResidualXGB",319,"C006","stable_hot","S01","measurement_group_1","measurement_status_1",32.8,27.7,24,40,39.5535144797499,0.446485520250107,"tight_session",0.305177998470705,39.1561633212153,39.2210977293058,39.2373313313284,39.2246240423721,39.2246240423721,39.2246240423721,39.5109868479664,39.620600970709,39.5535144797499,39.5291976095639,39.2641767404481,39.3826713562012,0,0,0,0,0,0,0,0,1,0,0,0
"all_measured_520_analysis_set","within_cow_random5",5,"StrictHierarchicalEBResidualXGB",322,"C015","stable_hot","S01","measurement_group_1","measurement_status_1",34.7,32.2,12,39.7,38.5296369019377,1.1703630980623,"tight_session",0.305177998470705,38.677855573336,38.4331158018147,38.5551559622579,39.2246240423721,38.4656432702446,38.712312021186,38.6907317137133,38.6561151422064,38.5296369019377,38.6128765853438,38.337037249509,38.5277786254883,0,0,0,0,0,0,0,0,1,0,0,0
"all_measured_520_analysis_set","within_cow_random5",5,"StrictHierarchicalEBResidualXGB",325,"C015","stable_hot","S01","measurement_group_1","measurement_status_1",36.6,35.5,14,38.3,38.5296369019377,-0.229636901937702,"tight_session",0.305177998470705,38.677855573336,38.7599935870782,38.7968186214229,39.2246240423721,39.2246240423721,39.112312021186,38.6907317137133,38.7336872365478,38.5296369019377,38.5251438499654,38.6732123311774,38.5724792480469,0,0,0,0,0,0,0,0,1,0,0,0
"all_measured_520_analysis_set","within_cow_random5",5,"StrictHierarchicalEBResidualXGB",328,"C015","stable_hot","S01","measurement_group_1","measurement_status_1",36.9,35.3,15,38,38.5296369019377,-0.5296369019377,"tight_session",0.305177998470705,38.677855573336,38.7452109783826,38.7783403605534,39.2246240423721,39.2246240423721,38.862312021186,38.6907317137133,38.7086151422064,38.5296369019377,38.5336227704712,38.6513255938825,38.5129280090332,0,0,0,0,0,0,0,0,1,0,0,0
"all_measured_520_analysis_set","within_cow_random5",5,"StrictHierarchicalEBResidualXGB",338,"C007","stable_hot","S01","measurement_group_1","measurement_status_1",35.7,29,1,40.1,39.2552803065252,0.844719693474829,"tight_session",0.305177998470705,39.4955358286655,39.4588575820754,39.4496880204279,39.2246240423721,39.2246240423721,39.2246240423721,39.2971201889948,39.4203791395874,39.2552803065252,39.5524617331042,39.4599805980771,39.5786895751953,0,0,0,0,0,0,0,0,1,0,0,0
"all_measured_520_analysis_set","within_cow_random5",5,"StrictHierarchicalEBResidualXGB",342,"C007","stable_hot","S01","measurement_group_1","measurement_status_1",37.4,33.3,13,40,39.786912713991,0.213087286008971,"tight_session",0.305177998470705,39.321317058649,39.269269980491,39.2842576561327,39.2246240423721,39.2246240423721,38.912312021186,39.6573526280842,39.4420112085758,39.786912713991,39.2881941414988,39.2522025033839,39.3752326965332,0,0,0,0,0,0,0,0,1,0,0,0
"all_measured_520_analysis_set","within_cow_random5",5,"StrictHierarchicalEBResidualXGB",345,"C007","stable_hot","S01","measurement_group_1","measurement_status_1",38.3,35.7,15,39.7,38.7524349110911,0.947565088908895,"tight_session",0.305177998470705,39.531317058649,39.4260209590127,39.3939463792848,39.2246240423721,39.2246240423721,39.462312021186,38.8550514989406,38.8154230026041,38.7524349110911,39.2489174986049,39.341077105694,39.1945724487305,0,0,0,0,0,0,0,0,1,0,0,0
"all_measured_520_analysis_set","within_cow_random5",5,"StrictHierarchicalEBResidualXGB",360,"C013","stable_hot","S01","measurement_group_1","measurement_status_1",34.8,30.3,19,38.6,38.6229524440061,-0.0229524440060658,"tight_session",0.305177998470705,39.0497384099101,39.0805108319951,39.0796722923996,39.2246240423721,39.2246240423721,39.2246240423721,38.8093829164951,38.897319112439,38.6229524440061,38.9518250771909,39.0858963854594,39.039192199707,0,0,0,0,0,0,0,0,1,0,0,0
"all_measured_520_analysis_set","within_cow_random5",5,"StrictHierarchicalEBResidualXGB",364,"C013","stable_hot","S01","measurement_group_1","measurement_status_1",33.8,27.6,22,39.1,39.1249304473767,-0.0249304473766898,"tight_session",0.305177998470705,38.9861575350807,39.0840416429251,39.1101993796528,39.2246240423721,39.2246240423721,39.2246240423721,39.1399154099395,39.1646822490368,39.1249304473767,39.0501377677149,39.1195186143428,39.1517066955566,0,0,0,0,0,0,0,0,1,0,0,0
"all_measured_520_analysis_set","within_cow_random5",5,"StrictHierarchicalEBResidualXGB",368,"C024","stable_hot","S01","measurement_group_1","measurement_status_1",36,33.2,13,38,38.258732543709,-0.258732543709044,"tight_session",0.305177998470705,38.977811165328,38.9931213085817,39.0098287704858,39.2246240423721,39.2246240423721,39.0748746807907,38.4439705338372,38.5753117364716,38.258732543709,38.8739583085709,38.8465169196295,38.6765785217285,0,0,0,0,0,0,0,0,1,0,0,0
"all_measured_520_analysis_set","within_cow_random5",5,"StrictHierarchicalEBResidualXGB",376,"C024","stable_hot","S01","measurement_group_1","measurement_status_1",37.9,35.1,20,38.9,38.9581975537464,-0.0581975537464317,"tight_session",0.305177998470705,38.907811165328,38.9700940579817,39.0097947072359,39.2246240423721,39.2246240423721,39.2246240423721,39.0362366428926,39.1489101773299,38.9581975537464,39.0108977925463,38.981952154328,39.0870819091797,0,0,0,0,0,0,0,0,1,0,0,0
"all_measured_520_analysis_set","within_cow_random5",5,"StrictHierarchicalEBResidualXGB",378,"C024","stable_hot","S01","measurement_group_1","measurement_status_1",36.5,33.6,21,38.4,38.3868740126335,0.0131259873664789,"tight_session",0.305177998470705,39.2657261079226,39.266584265706,39.233406686897,39.2246240423721,39.0334546446086,39.0748746807907,38.6629026533372,38.8621168691473,38.3868740126335,39.1260279809473,39.2307465744287,39.1533851623535,0,0,0,0,0,0,0,0,1,0,0,0
"all_measured_520_analysis_set","within_cow_random5",5,"StrictHierarchicalEBResidualXGB",404,"C005","stable_hot","S01","measurement_group_1","measurement_status_1",36.5,34,16,37.9,37.9367006091001,-0.0367006091001087,"tight_session",0.305177998470705,37.9294966545487,38.2231690999248,38.2965872112689,39.2246240423721,39.2246240423721,39.2246240423721,38.295624778442,38.7208314399091,37.9367006091001,37.7670900605138,38.1469161775091,37.8879890441895,0,0,0,0,0,0,0,0,1,0,0,0
"all_measured_520_analysis_set","within_cow_random5",5,"StrictHierarchicalEBResidualXGB",406,"C006","stable_hot","S01","measurement_group_1","measurement_status_1",33.4,30.1,23,39.5,39.5535144797499,-0.053514479749893,"tight_session",0.305177998470705,39.2338347400027,39.2984129670325,39.3020746171992,39.2246240423721,39.2246240423721,39.2748746807907,39.5109868479664,39.5891279456046,39.5535144797499,39.4502699001942,39.3030848955054,39.2787857055664,0,0,0,0,0,0,0,0,1,0,0,0
"all_measured_520_analysis_set","within_cow_random5",5,"StrictHierarchicalEBResidualXGB",412,"C008","stable_cool","S01","measurement_group_1","measurement_status_1",30.1,7.6,9,38.1,38.1576245307746,-0.0576245307746177,"may_session_hour+eb_exact+direct_xgb",0.313113671586114,38.1881170051917,38.2883545285898,38.3164178982527,38.6379082568807,38.6379082568807,38.6379082568807,38.2068009692912,38.1485159424519,38.1868025905545,38.2101219360527,38.2698098174173,38.2000007629395,0.1,0,0,0,0,0,0,0.8,0,0,0,0.1
"all_measured_520_analysis_set","within_cow_random5",5,"StrictHierarchicalEBResidualXGB",418,"C009","stable_hot","S01","measurement_group_1","measurement_status_1",32.6,22,23,40.5,40.5229262444558,-0.0229262444557747,"tight_session",0.305177998470705,39.9656472400027,39.8824442170325,39.8331996171992,39.2246240423721,39.2246240423721,39.2246240423721,40.3540029769986,40.4993326051028,40.5229262444558,40.2317828921297,39.9933673135701,40.152400970459,0,0,0,0,0,0,0,0,1,0,0,0
"all_measured_520_analysis_set","within_cow_random5",5,"StrictHierarchicalEBResidualXGB",433,"C011","stable_cool","S01","measurement_group_1","measurement_status_1",30.8,20,15,38.1,38.1064474367587,-0.00644743675870529,"may_session_hour+eb_exact+direct_xgb",0.313113671586114,38.2239772018804,38.2943544015991,38.3161751970475,38.6379082568807,38.6379082568807,38.6379082568807,38.2508036551946,38.081578392509,38.2342209581493,38.0633296942967,38.2705417015361,38.1878700256348,0.1,0,0,0,0,0,0,0.8,0,0,0,0.1
"all_measured_520_analysis_set","within_cow_random5",5,"StrictHierarchicalEBResidualXGB",437,"C012","stable_hot","S01","measurement_group_1","measurement_status_1",35.5,35.9,20,40.3,40.3560821033539,-0.0560821033539511,"tight_session",0.305177998470705,39.6798004113282,39.5857061303034,39.5640450857552,39.2246240423721,39.2246240423721,39.2246240423721,40.181064915561,39.7638436185517,40.3560821033539,39.6087351126946,39.6578654504194,39.8180618286133,0,0,0,0,0,0,0,0,1,0,0,0
"all_measured_520_analysis_set","within_cow_random5",5,"StrictHierarchicalEBResidualXGB",442,"C013","stable_hot","S01","measurement_group_1","measurement_status_1",34.6,29.2,21,39.1,39.1249304473767,-0.0249304473766898,"tight_session",0.305177998470705,38.9555898850124,39.0220300861394,38.9424818704269,39.2246240423721,39.2246240423721,39.1249248084744,39.1399154099395,39.2091517523968,39.1249304473767,38.8648651812683,39.0347429838723,39.0606079101562,0,0,0,0,0,0,0,0,1,0,0,0
"all_measured_520_analysis_set","within_cow_random5",5,"StrictHierarchicalEBResidualXGB",447,"C014","stable_cool","S01","measurement_group_1","measurement_status_1",30.5,7.7,9,38.3,38.3703801773003,-0.0703801773003079,"may_session_hour+eb_exact+direct_xgb",0.313113671586114,38.308975673804,38.3847744422518,38.4037241343638,38.6379082568807,38.6379082568807,38.6379082568807,38.3089131576568,38.3857828583471,38.2936861950601,38.3497008026552,38.3627731496953,38.3085632324219,0.1,0,0,0,0,0,0,0.8,0,0,0,0.1
"all_measured_520_analysis_set","within_cow_random5",5,"StrictHierarchicalEBResidualXGB",455,"C016","stable_cool","S01","measurement_group_1","measurement_status_1",31,4.5,9,38.7,38.7337833604614,-0.0337833604613778,"may_session_hour+eb_exact+direct_xgb",0.313113671586114,38.673268868547,38.6758249643145,38.7178066056411,38.6379082568807,38.7579762147468,38.7189541284404,38.646149334207,38.7451875964029,38.6466418558682,38.6323810301149,38.662529370643,38.7030639648438,0.1,0,0,0,0,0,0,0.8,0,0,0,0.1
"all_measured_520_analysis_set","within_cow_random5",5,"StrictHierarchicalEBResidualXGB",459,"C017","stable_hot","S01","measurement_group_1","measurement_status_1",39.3,40.9,16,39.4,39.3940206024755,0.00597939752445598,"tight_session",0.305177998470705,39.4121324942338,39.4092777716729,39.4085640910327,39.2246240423721,39.2246240423721,39.2246240423721,39.3249875288485,39.3899172276734,39.3940206024755,39.1768581461968,39.4082266037154,39.4132652282715,0,0,0,0,0,0,0,0,1,0,0,0
"all_measured_520_analysis_set","within_cow_random5",5,"StrictHierarchicalEBResidualXGB",463,"C018","stable_cool","S01","measurement_group_1","measurement_status_1",34,6.3,15,38.8,38.7694242079173,0.0305757920827361,"may_session_hour+eb_exact+direct_xgb",0.313113671586114,38.7946482436528,38.7504858145469,38.7391107224987,38.6379082568807,38.6379082568807,38.6379082568807,38.7922441825875,38.7775536186306,38.7996019230534,38.6907044848207,38.7369630750247,38.6791648864746,0.1,0,0,0,0,0,0,0.8,0,0,0,0.1
"all_measured_520_analysis_set","within_cow_random5",5,"StrictHierarchicalEBResidualXGB",474,"C021","stable_cool","S01","measurement_group_1","measurement_status_1",31.1,12.3,12,38.2,38.2345975036253,-0.0345975036252923,"may_session_hour+eb_exact+direct_xgb",0.313113671586114,38.2547982852774,38.3034303812577,38.3158882980826,38.6379082568807,38.6379082568807,38.0689541284404,38.2571801984045,38.2405731383361,38.2408729081125,38.2051926013995,38.2748117028071,38.1665916442871,0.1,0,0,0,0,0,0,0.8,0,0,0,0.1
"all_measured_520_analysis_set","within_cow_random5",5,"StrictHierarchicalEBResidualXGB",485,"C024","stable_hot","S01","measurement_group_1","measurement_status_1",38.4,35.9,21,39,38.9581975537464,0.0418024462535698,"tight_session",0.305177998470705,39.2657261079226,39.266584265706,39.2214757272909,39.2246240423721,39.2246240423721,39.2748746807907,39.0362366428926,39.1745597647664,38.9581975537464,39.1109848997623,39.2827892766417,39.2375984191895,0,0,0,0,0,0,0,0,1,0,0,0
"all_measured_520_analysis_set","within_cow_random5",5,"StrictHierarchicalEBResidualXGB",487,"C025","stable_cool","S01","measurement_group_1","measurement_status_1",29.8,14.5,15,39.4,39.3373186158644,0.0626813841355585,"may_session_hour+eb_exact+direct_xgb",0.313113671586114,39.3851366645161,39.2229062832172,39.1823486878924,38.6379082568807,38.6379082568807,38.6379082568807,39.3844948751083,39.3322826607651,39.4195268291861,39.2080195547319,39.2143972489263,39.3297882080078,0.1,0,0,0,0,0,0,0.8,0,0,0,0.1
"all_measured_520_analysis_set","within_cow_random5",5,"StrictHierarchicalEBResidualXGB",496,"C026","stable_cool","S01","measurement_group_1","measurement_status_1",35,10.4,10,38.7,38.7048528366915,-0.00485283669151926,"may_session_hour+eb_exact+direct_xgb",0.313113671586114,38.6972109679217,38.7290970270112,38.7370685417835,38.6379082568807,38.6379082568807,38.6379082568807,38.6969394734463,38.709685682412,38.6998438921815,38.6805463214401,38.7256515835467,38.6738319396973,0.1,0,0,0,0,0,0,0.8,0,0,0,0.1
"all_measured_520_analysis_set","within_cow_random5",5,"StrictHierarchicalEBResidualXGB",503,"C026","stable_cool","S01","measurement_group_1","measurement_status_1",34.4,9.6,14,38.6,38.6172604645676,-0.0172604645675634,"may_session_hour+eb_exact+direct_xgb",0.313113671586114,38.6972109679217,38.6764320538977,38.6712373253917,38.6379082568807,38.6379082568807,38.6379082568807,38.6969394734463,38.6139696122461,38.6998438921815,38.5864793365115,38.6554370497951,38.5636367797852,0.1,0,0,0,0,0,0,0.8,0,0,0,0.1
"all_measured_520_analysis_set","within_cow_random5",5,"StrictHierarchicalEBResidualXGB",507,"C027","stable_cool","S01","measurement_group_1","measurement_status_1",32.3,3.4,10,39.8,40.0207998260198,-0.220799826019814,"may_session_hour+eb_exact+direct_xgb",0.313113671586114,38.8674896056926,38.8653199372279,38.8647775201117,38.6379082568807,38.6379082568807,38.6379082568807,38.8671264540557,40.3090254310258,38.8779832330242,38.8303435668466,38.8612361785421,38.8683052062988,0.1,0,0,0,0,0,0,0.8,0,0,0,0.1
"all_measured_520_analysis_set","within_cow_random5",5,"StrictHierarchicalEBResidualXGB",510,"C028","stable_hot","S01","measurement_group_1","measurement_status_1",36.6,37.5,11,40.2,40.1928971772352,0.0071028227647929,"tight_session",0.305177998470705,40.1409250638932,39.9376495845693,39.8868307147384,39.2246240423721,39.2246240423721,39.2246240423721,40.0784930280634,39.7470464700067,40.1928971772352,39.9949422047209,39.8934119671661,39.886833190918,0,0,0,0,0,0,0,0,1,0,0,0
"all_measured_520_analysis_set","within_cow_random5",5,"StrictHierarchicalEBResidualXGB",514,"C029","stable_cool","S01","measurement_group_1","measurement_status_1",34.6,10.9,16,38.4,38.4500264510024,-0.050026451002374,"may_session_hour+eb_exact+direct_xgb",0.313113671586114,38.3614553563844,38.4027581883161,38.413083896299,38.6379082568807,38.6379082568807,38.4793027522936,38.3608601548494,38.4789299901827,38.3469270299944,38.3296218903303,38.388401047097,38.3073692321777,0.1,0,0,0,0,0,0,0.8,0,0,0,0.1
"all_measured_520_analysis_set","within_cow_random5",5,"StrictHierarchicalEBResidualXGB",516,"C029","stable_cool","S01","measurement_group_1","measurement_status_1",35,6.4,13,38.3,38.3166731203083,-0.0166731203082549,"may_session_hour+eb_exact+direct_xgb",0.313113671586114,38.3857006690171,38.4111829892655,38.4136570012259,38.6379082568807,38.6379082568807,38.6379082568807,38.3608601548494,38.313291772996,38.3469270299944,38.2430646065243,38.4025943594907,38.2746963500977,0.1,0,0,0,0,0,0,0.8,0,0,0,0.1
"all_measured_520_analysis_set","within_cow_random5",5,"StrictHierarchicalEBResidualXGB",518,"C030","stable_cool","S01","measurement_group_1","measurement_status_1",30,6.5,9,40.3,40.1943851325968,0.105614867403155,"may_session_hour+eb_exact+direct_xgb",0.313113671586114,40.1689683983806,39.8723715564536,39.793755359553,38.6379082568807,38.6379082568807,38.6379082568807,40.1401250690141,40.1912927199219,40.2104655025278,40.2179201739766,39.9650562426375,40.2445411682129,0.1,0,0,0,0,0,0,0.8,0,0,0,0.1
