"Dataset","FoldMode","FoldID","Model","RowID","CowKey","Source","SourceType","EarStatus","Ear","Air","Time","Actual","Predicted","Residual","ChosenModel","InnerChoiceRMSE","eb_exact","eb_medium","eb_coarse","global_exact","global_medium","global_coarse","may_session","may_session_hour","ridge","xgb_residual","direct_xgb","W_eb_exact","W_eb_medium","W_eb_coarse","W_global_exact","W_global_medium","W_global_coarse","W_may_session","W_may_session_hour","W_ridge","W_xgb_residual","W_direct_xgb"
"fixed_real_measurement_analysis_set","within_cow_random5",1,"StrictHierarchicalEBResidualXGB",2,"C021","S03","reference_stratum_1","ear_status_2",30.4,16,12,38.3,38.4858007267053,-0.18580072670526,"global_exact+eb_exact+xgb_residual",0.203309271999753,38.263992413437,38.3022801221938,38.311852049383,38.6103021875698,38.1582264930737,38.6103021875698,38.2534045743203,38.2522073960925,38.2885576944874,38.1981316150756,38.0657691955566,0.3,0,0,0.65,0,0,0,0,0,0.0499999999999999,0
"fixed_real_measurement_analysis_set","within_cow_random5",1,"StrictHierarchicalEBResidualXGB",6,"C021","S03","reference_stratum_1","ear_status_2",28.1,13.4,21,38.3,38.4941613281756,-0.194161328175646,"global_exact+eb_exact+xgb_residual",0.203309271999753,38.263992413437,38.3642363496724,38.3892973337312,38.6103021875698,38.6103021875698,38.6103021875698,38.2534045743203,38.472365025534,38.6981936428879,38.3653436444833,38.3038749694824,0.3,0,0,0.65,0,0,0,0,0,0.0499999999999999,0
"fixed_real_measurement_analysis_set","within_cow_random5",1,"StrictHierarchicalEBResidualXGB",19,"C003","S03","reference_stratum_1","ear_status_2",31.8,6.9,12,38.7,38.689235651714,0.0107643482859885,"global_exact+eb_exact+xgb_residual",0.203309271999753,38.6852434655039,38.6519273198239,38.6233238164788,38.6965500841373,38.5896904562192,38.4256438867231,38.6104208395364,38.4855589410244,38.5311791988725,38.6181011474721,38.4601860046387,0.3,0,0,0.65,0,0,0,0,0,0.0499999999999999,0
"fixed_real_measurement_analysis_set","within_cow_random5",1,"StrictHierarchicalEBResidualXGB",21,"C003","S03","reference_stratum_1","ear_status_2",33.6,6.8,12,38.4,38.6137922773441,-0.213792277344055,"global_exact+eb_exact+xgb_residual",0.203309271999753,38.6262173275194,38.5918364696038,38.5807259367449,38.6103021875698,38.6103021875698,38.6103021875698,38.6104208395364,38.4855589410244,38.5848085293064,38.5846131433566,38.4605293273926,0.3,0,0,0.65,0,0,0,0,0,0.0499999999999999,0
"fixed_real_measurement_analysis_set","within_cow_random5",1,"StrictHierarchicalEBResidualXGB",22,"C003","S03","reference_stratum_1","ear_status_2",33.6,6.8,12,38.4,38.6133376791212,-0.213337679121196,"global_exact+eb_exact+xgb_residual",0.203309271999753,38.6262173275194,38.5918364696038,38.5807259367449,38.6103021875698,38.6103021875698,38.6103021875698,38.6104208395364,38.4855589410244,38.5329493369427,38.5755211788994,38.428638458252,0.3,0,0,0.65,0,0,0,0,0,0.0499999999999999,0
"fixed_real_measurement_analysis_set","within_cow_random5",1,"StrictHierarchicalEBResidualXGB",29,"C003","S03","reference_stratum_1","ear_status_2",33.9,11.2,15,38.3,38.3216100703684,-0.0216100703684461,"global_exact+eb_exact+xgb_residual",0.203309271999753,38.3497069728212,38.4128349628113,38.4704754157915,38.3040829235207,38.317103270181,38.241030218757,38.6104208395364,38.4855589410244,38.5837342029227,38.380881564673,38.4522361755371,0.3,0,0,0.65,0,0,0,0,0,0.0499999999999999,0
"fixed_real_measurement_analysis_set","within_cow_random5",1,"StrictHierarchicalEBResidualXGB",38,"C003","S03","reference_stratum_1","ear_status_2",33.7,5.5,23,38,38.0582155709129,-0.0582155709128926,"global_exact+eb_exact+xgb_residual",0.203309271999753,38.1007434655039,38.2317283781904,38.3490578729005,38.0234731610604,38.4219718703431,38.8157574553671,38.6104208395364,38.2683693676981,38.835585156317,38.2546995314497,38.6398162841797,0.3,0,0,0.65,0,0,0,0,0,0.0499999999999999,0
"fixed_real_measurement_analysis_set","within_cow_random5",1,"StrictHierarchicalEBResidualXGB",43,"C002","S03","reference_stratum_1","ear_status_2",33.1,5,11,39.1,39.0947483864821,0.00525161351790615,"global_exact+eb_exact+xgb_residual",0.203309271999753,39.1182775912747,39.111141429142,39.0957056695681,39.0811654687527,39.0270662832551,38.9367673958566,39.0940671838021,39.2987813741646,39.1751552836153,39.1301510882088,39.0730514526367,0.3,0,0,0.65,0,0,0,0,0,0.0499999999999999,0
"fixed_real_measurement_analysis_set","within_cow_random5",1,"StrictHierarchicalEBResidualXGB",47,"C002","S03","reference_stratum_1","ear_status_2",36.2,6.8,12,39.3,39.2547704663189,0.045229533681109,"global_exact+eb_exact+xgb_residual",0.203309271999753,39.2362775912747,39.1123770038985,39.0239217757126,39.2734731610604,39.1972790492125,39.0701007291899,39.0940671838021,38.8770951696002,38.9926449320551,39.1225926849447,38.9053344726562,0.3,0,0,0.65,0,0,0,0,0,0.0499999999999999,0
"fixed_real_measurement_analysis_set","within_cow_random5",1,"StrictHierarchicalEBResidualXGB",50,"C002","S03","reference_stratum_1","ear_status_2",32.8,8,13,39.2,39.1703342577394,0.0296657422605762,"global_exact+eb_exact+xgb_residual",0.203309271999753,39.1679442579414,39.0770586512485,39.0093952898946,39.1773193149065,39.1121726662338,38.9517170312616,39.0940671838021,38.8770951696002,39.0721043710509,39.0938685133555,38.9506034851074,0.3,0,0,0.65,0,0,0,0,0,0.0499999999999999,0
"fixed_real_measurement_analysis_set","within_cow_random5",1,"StrictHierarchicalEBResidualXGB",54,"C002","S03","reference_stratum_1","ear_status_2",36.2,8.8,14,39,38.9939052289846,0.00609477101536982,"global_exact+eb_exact+xgb_residual",0.203309271999753,39.016006173541,38.9854709470522,38.9626227728745,38.9850116225988,38.9419599002764,38.8701007291899,39.0940671838021,38.8770951696002,38.9274670932267,38.9769164446619,38.8923606872559,0.3,0,0,0.65,0,0,0,0,0,0.0499999999999999,0
"fixed_real_measurement_analysis_set","within_cow_random5",1,"StrictHierarchicalEBResidualXGB",57,"C002","S03","reference_stratum_1","ear_status_2",33.7,9,19,40,39.9073783130855,0.0926216869145406,"global_exact+eb_exact+xgb_residual",0.203309271999753,39.851006173541,39.6306662940359,39.4356322171976,39.9465500841373,39.7930237300636,39.5367673958566,39.0940671838021,39.6355359414099,39.2471633470256,39.7363781266785,39.3968391418457,0.3,0,0,0.65,0,0,0,0,0,0.0499999999999999,0
"fixed_real_measurement_analysis_set","within_cow_random5",1,"StrictHierarchicalEBResidualXGB",63,"C002","S03","reference_stratum_1","ear_status_2",33.5,5.5,23,39.2,39.1638266436494,0.0361733563506164,"global_exact+eb_exact+xgb_residual",0.203309271999753,39.183006173541,39.1149581265394,39.0580348607866,39.1563186805607,38.4219718703431,38.8157574553671,39.0940671838021,39.3512002528618,39.3665775574445,39.1463529844527,39.2186813354492,0.3,0,0,0.65,0,0,0,0,0,0.0499999999999999,0
"fixed_real_measurement_analysis_set","within_cow_random5",1,"StrictHierarchicalEBResidualXGB",65,"C029","S03","reference_stratum_1","ear_status_2",31.8,5.4,0,38.1,38.128577603309,-0.0285776033090102,"global_exact+eb_exact+xgb_residual",0.203309271999753,38.1403684655039,38.2064658337475,38.26447857684,38.1196270072142,38.1760024534678,38.2701007291899,38.3459158890414,38.2271249715829,38.2421058825778,38.174190179372,38.3053092956543,0.3,0,0,0.65,0,0,0,0,0,0.0499999999999999,0
"fixed_real_measurement_analysis_set","within_cow_random5",1,"StrictHierarchicalEBResidualXGB",75,"C029","S03","reference_stratum_1","ear_status_2",36.3,8,13,38.5,38.4948118090811,0.00518819091887224,"global_exact+eb_exact+xgb_residual",0.203309271999753,38.276153304017,38.3126878373288,38.3328310521578,38.6103021875698,38.6103021875698,38.6103021875698,38.3459158890414,38.2455606111027,38.2620641705611,38.3053879191131,38.3033447265625,0.3,0,0,0.65,0,0,0,0,0,0.0499999999999999,0
"fixed_real_measurement_analysis_set","within_cow_random5",1,"StrictHierarchicalEBResidualXGB",76,"C029","S03","reference_stratum_1","ear_status_2",36.3,8,13,38.5,38.4943150691637,0.00568493083630273,"global_exact+eb_exact+xgb_residual",0.203309271999753,38.276153304017,38.3126878373288,38.3328310521578,38.6103021875698,38.6103021875698,38.6103021875698,38.3459158890414,38.2455606111027,38.1216459595575,38.2954531207644,38.2650604248047,0.3,0,0,0.65,0,0,0,0,0,0.0499999999999999,0
"fixed_real_measurement_analysis_set","within_cow_random5",1,"StrictHierarchicalEBResidualXGB",79,"C029","S03","reference_stratum_1","ear_status_2",35,11.2,15,38.5,38.4917367984313,0.00826320156872384,"global_exact+eb_exact+xgb_residual",0.203309271999753,38.4743684655039,38.4605556066006,38.4464712465074,38.5042423918296,38.5164279853827,38.5367673958566,38.3459158890414,38.2455606111027,38.1874187814674,38.4333740818172,38.3091812133789,0.3,0,0,0.65,0,0,0,0,0,0.0499999999999999,0
"fixed_real_measurement_analysis_set","within_cow_random5",1,"StrictHierarchicalEBResidualXGB",86,"C029","S03","reference_stratum_1","ear_status_2",32.1,5.4,22,38.4,38.4041113422284,-0.00411134222836296,"global_exact+eb_exact+xgb_residual",0.203309271999753,38.3908684655039,38.4108181870224,38.4258968941449,38.4080885456758,38.431321602404,38.4701007291899,38.3459158890414,38.6698742862103,38.447392311039,38.4318649577589,38.467643737793,0.3,0,0,0.65,0,0,0,0,0,0.0499999999999999,0
"fixed_real_measurement_analysis_set","within_cow_random5",1,"StrictHierarchicalEBResidualXGB",91,"C001","S03","reference_stratum_1","ear_status_2",26.6,5,11,38.9,38.8685196764836,0.0314803235164263,"global_exact+eb_exact+xgb_residual",0.203309271999753,38.8340122691105,38.7779016771095,38.7027862493964,38.888857776445,38.8568535172976,38.8034340625233,38.2866934486443,38.977772336722,38.3086574464212,38.8111688212233,38.6568336486816,0.3,0,0,0.65,0,0,0,0,0,0.0499999999999999,0
"fixed_real_measurement_analysis_set","within_cow_random5",1,"StrictHierarchicalEBResidualXGB",102,"C001","S03","reference_stratum_1","ear_status_2",33.3,8,13,38.2,38.2206331096584,-0.0206331096584051,"global_exact+eb_exact+xgb_residual",0.203309271999753,38.2016789357772,38.2260411214382,38.2536187268657,38.2303927546348,38.3063746412218,38.4183836979283,38.2866934486443,38.1621639312344,38.1683474955993,38.2074827682525,38.2367668151855,0.3,0,0,0.65,0,0,0,0,0,0.0499999999999999,0
"fixed_real_measurement_analysis_set","within_cow_random5",1,"StrictHierarchicalEBResidualXGB",103,"C001","S03","reference_stratum_1","ear_status_2",31.8,8.8,14,38,38.0346187069785,-0.0346187069785486,"global_exact+eb_exact+xgb_residual",0.203309271999753,38.0469771107942,38.1296278384468,38.2017699516326,38.0234731610604,38.0908960704891,38.2034340625233,38.2866934486443,38.1621639312344,38.1139616176516,38.1053603810212,38.3093681335449,0.3,0,0,0.65,0,0,0,0,0,0.0499999999999999,0
"fixed_real_measurement_analysis_set","within_cow_random5",1,"StrictHierarchicalEBResidualXGB",109,"C001","S03","reference_stratum_1","ear_status_2",30.5,9,19,38.2,38.2203114553678,-0.0203114553678176,"global_exact+eb_exact+xgb_residual",0.203309271999753,38.2139771107942,38.2814898520972,38.3376365388129,38.2157808533681,38.6008289116436,38.602060437514,38.2866934486443,38.3145269039673,38.4880426869184,38.3172153488065,38.5190124511719,0.3,0,0,0.65,0,0,0,0,0,0.0499999999999999,0
"fixed_real_measurement_analysis_set","within_cow_random5",1,"StrictHierarchicalEBResidualXGB",113,"C001","S03","reference_stratum_1","ear_status_2",30.6,5.4,22,38.1,38.1263189933291,-0.0263189933291059,"global_exact+eb_exact+xgb_residual",0.203309271999753,38.1304771107942,38.2081669479781,38.2744187880618,38.1196270072142,38.1760024534678,38.2701007291899,38.2866934486443,38.1838309352117,38.4811538576346,38.1883661080324,38.3297157287598,0.3,0,0,0.65,0,0,0,0,0,0.0499999999999999,0
"fixed_real_measurement_analysis_set","within_cow_random5",1,"StrictHierarchicalEBResidualXGB",115,"C001","S03","reference_stratum_1","ear_status_2",30.5,5.5,23,38.1,38.1254032207875,-0.0254032207875454,"global_exact+eb_exact+xgb_residual",0.203309271999753,38.1304771107942,38.1974483512673,38.2550391824018,38.1196270072142,38.3709438541723,38.402060437514,38.2866934486443,38.1838309352117,38.5921001067606,38.1700506572012,38.2869682312012,0.3,0,0,0.65,0,0,0,0,0,0.0499999999999999,0
"fixed_real_measurement_analysis_set","within_cow_random5",1,"StrictHierarchicalEBResidualXGB",117,"C027","S03","reference_stratum_1","ear_status_2",29.5,5.4,0,38.9,38.8878332447715,0.012166755228499,"global_exact+eb_exact+xgb_residual",0.203309271999753,38.8952747155039,38.8548843943536,38.8217086904763,38.888857776445,38.8568535172976,38.8034340625233,38.8698391563681,38.8229250265884,38.8250346738208,38.8298655086219,38.7617301940918,0.3,0,0,0.65,0,0,0,0,0,0.0499999999999999,0
"fixed_real_measurement_analysis_set","within_cow_random5",1,"StrictHierarchicalEBResidualXGB",131,"C027","S03","reference_stratum_1","ear_status_2",30.7,11.2,15,38.5,38.5189928973133,-0.0189928973133178,"global_exact+eb_exact+xgb_residual",0.203309271999753,38.5482770485788,38.5929464947978,38.6426852372201,38.5042423918296,38.5164279853827,38.5367673958566,38.8698391563681,38.5490622108319,38.6231176508845,38.5350445610086,38.6843376159668,0.3,0,0,0.65,0,0,0,0,0,0.0499999999999999,0
"fixed_real_measurement_analysis_set","within_cow_random5",1,"StrictHierarchicalEBResidualXGB",135,"C027","S03","reference_stratum_1","ear_status_2",32.3,9,19,39.1,38.9995065244069,0.100493475593112,"global_exact+eb_exact+xgb_residual",0.203309271999753,38.8713619121448,38.8643214793519,38.8625613711536,39.0637260879681,38.9730413078885,39.0900335763966,38.8698391563681,38.9991322239401,39.0112531317244,38.9335198716835,39.080207824707,0.3,0,0,0.65,0,0,0,0,0,0.0499999999999999,0
"fixed_real_measurement_analysis_set","within_cow_random5",1,"StrictHierarchicalEBResidualXGB",136,"C027","S03","reference_stratum_1","ear_status_2",32.3,9,19,39.1,38.9987397562867,0.101260243713341,"global_exact+eb_exact+xgb_residual",0.203309271999753,38.8713619121448,38.8643214793519,38.8625613711536,39.0637260879681,38.9730413078885,39.0900335763966,38.8698391563681,38.9991322239401,39.0487907070977,38.9181845092789,39.0363922119141,0.3,0,0,0.65,0,0,0,0,0,0.0499999999999999,0
"fixed_real_measurement_analysis_set","within_cow_random5",1,"StrictHierarchicalEBResidualXGB",138,"C027","S03","reference_stratum_1","ear_status_2",32.5,6,21,39.1,39.0624289047409,0.0375710952590538,"global_exact+eb_exact+xgb_residual",0.203309271999753,39.0622747155039,39.0029198603194,38.9506567427806,39.0637260879681,38.9730413078885,39.2775755468925,38.8698391563681,38.9991322239401,38.8347784588074,39.0464906582099,38.9631042480469,0.3,0,0,0.65,0,0,0,0,0,0.0499999999999999,0
"fixed_real_measurement_analysis_set","within_cow_random5",1,"StrictHierarchicalEBResidualXGB",143,"C026","S03","reference_stratum_1","ear_status_2",33.9,8,13,38.5,38.516149913993,-0.0161499139929688,"global_exact+eb_exact+xgb_residual",0.203309271999753,38.5320270079734,38.553057712995,38.5737037044473,38.5081705324126,38.528596863444,38.4183836979283,38.6943511667239,38.5757053508425,38.4931563670625,38.5246193106552,38.7011260986328,0.3,0,0,0.65,0,0,0,0,0,0.0499999999999999,0
"fixed_real_measurement_analysis_set","within_cow_random5",1,"StrictHierarchicalEBResidualXGB",151,"C026","S03","reference_stratum_1","ear_status_2",30.6,5.4,22,38.9,38.319337577215,0.580662422784982,"global_exact+eb_exact+xgb_residual",0.203309271999753,38.6941030786269,38.6962878782696,38.6968340781803,38.1196270072142,38.1760024534678,38.2701007291899,38.6943511667239,38.6166816542836,38.8017506683221,38.6669819787539,38.5753936767578,0.3,0,0,0.65,0,0,0,0,0,0.0499999999999999,0
"fixed_real_measurement_analysis_set","within_cow_random5",1,"StrictHierarchicalEBResidualXGB",152,"C026","S03","reference_stratum_1","ear_status_2",30.6,5.4,22,38.9,38.3194888254912,0.58051117450875,"global_exact+eb_exact+xgb_residual",0.203309271999753,38.6941030786269,38.6962878782696,38.6968340781803,38.1196270072142,38.1760024534678,38.2701007291899,38.6943511667239,38.6166816542836,38.7771910342382,38.6700069442785,38.5753936767578,0.3,0,0,0.65,0,0,0,0,0,0.0499999999999999,0
"fixed_real_measurement_analysis_set","within_cow_random5",1,"StrictHierarchicalEBResidualXGB",157,"C016","S03","reference_stratum_1","ear_status_2",31.8,6.1,11,39.2,39.1509392745254,0.0490607254746322,"global_exact+eb_exact+xgb_residual",0.203309271999753,39.1044630024336,38.9998713900935,38.9044623817797,39.1773193149065,39.1121726662338,39.0034340625233,38.620775972881,38.9940321067481,38.6816654409844,39.0868563821208,38.9930725097656,0.3,0,0,0.65,0,0,0,0,0,0.0499999999999999,0
"fixed_real_measurement_analysis_set","within_cow_random5",1,"StrictHierarchicalEBResidualXGB",166,"C016","S03","reference_stratum_1","ear_status_2",33.2,9.1,15,38.7,38.6892662710465,0.0107337289535394,"global_exact+eb_exact+xgb_residual",0.203309271999753,38.6869630024336,38.6652529283944,38.6462236452255,38.6933557175978,38.6767450115922,38.6551510937849,38.620775972881,38.249925799026,38.4901153479026,38.6499230775568,38.4849472045898,0.3,0,0,0.65,0,0,0,0,0,0.0499999999999999,0
"fixed_real_measurement_analysis_set","within_cow_random5",1,"StrictHierarchicalEBResidualXGB",169,"C016","S03","reference_stratum_1","ear_status_2",31.1,6,21,38.6,38.6055402463635,-0.00554024636352324,"global_exact+eb_exact+xgb_residual",0.203309271999753,38.6034630024336,38.6208652881738,38.6353218850052,38.6003962379835,38.7441444030718,38.6008585156308,38.620775972881,39.0444539862313,38.7343279430078,38.684875818884,38.8690376281738,0.3,0,0,0.65,0,0,0,0,0,0.0499999999999999,0
"fixed_real_measurement_analysis_set","within_cow_random5",1,"StrictHierarchicalEBResidualXGB",171,"C016","S03","reference_stratum_1","ear_status_2",31.8,5.5,23,38.8,38.7825638952539,0.0174361047461389,"global_exact+eb_exact+xgb_residual",0.203309271999753,38.7704630024336,38.7281302454387,38.6905554014887,38.7927039302911,38.7717471343189,38.7367673958566,38.620775972881,38.7158052951088,38.9370064931186,38.7233487966908,38.6154899597168,0.3,0,0,0.65,0,0,0,0,0,0.0499999999999999,0
"fixed_real_measurement_analysis_set","within_cow_random5",1,"StrictHierarchicalEBResidualXGB",176,"C022","S03","reference_stratum_1","ear_status_2",25.3,5,11,38.3,38.3134429523324,-0.0134429523323902,"global_exact+eb_exact+xgb_residual",0.203309271999753,38.304856713555,38.3595313067391,38.4125005351107,38.3119346995219,38.3462152194253,38.4034340625233,38.4103332953876,38.2578493683816,38.4518553401042,38.3845676715329,38.6621742248535,0.3,0,0,0.65,0,0,0,0,0,0.0499999999999999,0
"fixed_real_measurement_analysis_set","within_cow_random5",1,"StrictHierarchicalEBResidualXGB",180,"C022","S03","reference_stratum_1","ear_status_2",29.7,6.9,12,38.1,38.1399241670922,-0.0399241670921597,"global_exact+eb_exact+xgb_residual",0.203309271999753,38.1681900468883,38.2526187333474,38.317859498398,38.1196270072142,38.1760024534678,38.2701007291899,38.4103332953876,38.5962954666765,38.3970485385558,38.2341919667283,38.2230072021484,0.3,0,0,0.65,0,0,0,0,0,0.0499999999999999,0
"fixed_real_measurement_analysis_set","within_cow_random5",1,"StrictHierarchicalEBResidualXGB",185,"C022","S03","reference_stratum_1","ear_status_2",32.5,8,13,38.7,38.6704051523663,0.0295948476336676,"global_exact+eb_exact+xgb_residual",0.203309271999753,38.638856713555,38.5695226029197,38.5147615840086,38.6933557175978,38.6767450115922,38.6551510937849,38.4103332953876,38.5962954666765,38.3823433697309,38.5613384372258,38.2836570739746,0.3,0,0,0.65,0,0,0,0,0,0.0499999999999999,0
"fixed_real_measurement_analysis_set","within_cow_random5",1,"StrictHierarchicalEBResidualXGB",189,"C022","S03","reference_stratum_1","ear_status_2",32.3,9.1,15,39.5,39.3745259765375,0.125474023462473,"global_exact+eb_exact+xgb_residual",0.203309271999753,39.300918205784,39.0628773552811,38.8597829067321,39.4340964583385,39.2693376041848,39.0551510937849,38.4103332953876,38.5962954666765,38.2791518512909,39.0417563376462,38.2959136962891,0.3,0,0,0.65,0,0,0,0,0,0.0499999999999999,0
"fixed_real_measurement_analysis_set","within_cow_random5",1,"StrictHierarchicalEBResidualXGB",191,"C022","S03","reference_stratum_1","ear_status_2",33.3,11.2,15,38,38.0537396637243,-0.0537396637243432,"global_exact+eb_exact+xgb_residual",0.203309271999753,38.100918205784,38.2295440219477,38.3240686210178,38.0234731610604,38.0908960704891,38.241030218757,38.4103332953876,38.5962954666765,38.2496069202802,38.1641329459981,38.2041053771973,0.3,0,0,0.65,0,0,0,0,0,0.0499999999999999,0
"fixed_real_measurement_analysis_set","within_cow_random5",1,"StrictHierarchicalEBResidualXGB",194,"C022","S03","reference_stratum_1","ear_status_2",32.9,9,19,38.3,38.326536099794,-0.0265360997939723,"global_exact+eb_exact+xgb_residual",0.203309271999753,38.3180104441275,38.3797984940725,38.4317793959557,38.3229853472274,38.3804487152959,38.4775755468925,38.4103332953876,38.3051302514164,38.548235609226,38.4238498171585,38.5372505187988,0.3,0,0,0.65,0,0,0,0,0,0.0499999999999999,0
"fixed_real_measurement_analysis_set","within_cow_random5",1,"StrictHierarchicalEBResidualXGB",201,"C014","S03","reference_stratum_1","ear_status_2",28.2,5.4,0,38.5,38.4980227230327,0.00197727696728123,"global_exact+eb_exact+xgb_residual",0.203309271999753,38.4852157387583,38.4724895873666,38.4605203727441,38.5081705324126,38.528596863444,38.5551510937849,38.4114143536134,38.4682689724592,38.3406699090244,38.4429431067408,38.3359375,0.3,0,0,0.65,0,0,0,0,0,0.0499999999999999,0
"fixed_real_measurement_analysis_set","within_cow_random5",1,"StrictHierarchicalEBResidualXGB",205,"C014","S03","reference_stratum_1","ear_status_2",31,6.1,11,38,38.0489663976846,-0.0489663976846373,"global_exact+eb_exact+xgb_residual",0.203309271999753,38.0766851275066,38.2135253260824,38.3272261664625,38.0234731610604,39.821988714449,39.8517170312616,38.4114143536134,38.3895762500335,38.3888383897444,38.2140660948683,38.4924011230469,0.3,0,0,0.65,0,0,0,0,0,0.0499999999999999,0
"fixed_real_measurement_analysis_set","within_cow_random5",1,"StrictHierarchicalEBResidualXGB",211,"C014","S03","reference_stratum_1","ear_status_2",30.8,8,13,37.5,37.8401173363194,-0.340117336319359,"global_exact+eb_exact+xgb_residual",0.203309271999753,38.3234868600364,38.3508176463445,38.3716182716738,37.5822446064866,37.7878561227033,38.0551510937849,38.4114143536134,38.1163829786106,38.2336186644055,38.2922456818421,38.189640045166,0.3,0,0,0.65,0,0,0,0,0,0.0499999999999999,0
"fixed_real_measurement_analysis_set","within_cow_random5",1,"StrictHierarchicalEBResidualXGB",212,"C014","S03","reference_stratum_1","ear_status_2",30.8,8,13,37.5,37.8413581131711,-0.341358113171133,"global_exact+eb_exact+xgb_residual",0.203309271999753,38.3234868600364,38.3508176463445,38.3716182716738,37.5822446064866,37.7878561227033,38.0551510937849,38.4114143536134,38.1163829786106,38.3150168745503,38.3170612188776,38.2324333190918,0.3,0,0,0.65,0,0,0,0,0,0.0499999999999999,0
"fixed_real_measurement_analysis_set","within_cow_random5",1,"StrictHierarchicalEBResidualXGB",218,"C014","S03","reference_stratum_1","ear_status_2",33.5,11.2,15,38,38.0570433559512,-0.0570433559512296,"global_exact+eb_exact+xgb_residual",0.203309271999753,38.0677157387584,38.1715793602197,38.2632273281258,38.0452075694496,38.1582264930737,38.241030218757,38.4114143536134,38.1163829786106,38.3094676541048,38.1468742836295,38.3146476745605,0.3,0,0,0.65,0,0,0,0,0,0.0499999999999999,0
"fixed_real_measurement_analysis_set","within_cow_random5",1,"StrictHierarchicalEBResidualXGB",219,"C014","S03","reference_stratum_1","ear_status_2",32.1,9,19,39,39.0628553845646,-0.0628553845646493,"global_exact+eb_exact+xgb_residual",0.203309271999753,38.9027157387584,38.8118315114272,38.727299297943,39.1509638665262,39.0931020063429,39.0900335763966,38.4114143536134,39.0158045014894,38.6131503878302,38.878282993902,38.6870613098145,0.3,0,0,0.65,0,0,0,0,0,0.0499999999999999,0
"fixed_real_measurement_analysis_set","within_cow_random5",1,"StrictHierarchicalEBResidualXGB",228,"C023","S03","reference_stratum_1","ear_status_2",30.7,5.4,0,38.3,38.3531109683037,-0.0531109683036917,"global_exact+eb_exact+xgb_residual",0.203309271999753,38.4206771107941,38.5319997798884,38.6357147564712,38.3119346995219,38.3462152194253,38.4034340625233,39.0285325291041,38.5354364453788,38.9642767687953,38.4830056075239,38.7488174438477,0.3,0,0,0.65,0,0,0,0,0,0.0499999999999999,0
"fixed_real_measurement_analysis_set","within_cow_random5",1,"StrictHierarchicalEBResidualXGB",229,"C023","S03","reference_stratum_1","ear_status_2",30.4,5,11,38.3,38.4257776085999,-0.125777608599925,"global_exact+eb_exact+xgb_residual",0.203309271999753,38.4464122691105,38.6106424178502,38.7439291065392,38.4041235723053,38.4169208656665,38.442060437514,39.0285325291041,39.0266555793112,39.0734309135204,38.5834721173665,39.0033798217773,0.3,0,0,0.65,0,0,0,0,0,0.0499999999999999,0
"fixed_real_measurement_analysis_set","within_cow_random5",1,"StrictHierarchicalEBResidualXGB",237,"C023","S03","reference_stratum_1","ear_status_2",32.8,9.3,13,38.8,38.6630040980006,0.136995901999377,"global_exact+eb_exact+xgb_residual",0.203309271999753,38.8347456024439,38.8313744547715,38.8347615840085,38.5756921997563,38.3828035055305,38.3191183806882,39.0285325291041,38.942301143878,38.8673772094487,38.7676097485175,38.8110618591309,0.3,0,0,0.65,0,0,0,0,0,0.0499999999999999,0
"fixed_real_measurement_analysis_set","within_cow_random5",1,"StrictHierarchicalEBResidualXGB",245,"C023","S03","reference_stratum_1","ear_status_2",35.3,9.1,15,39,38.9914656698122,0.00853433018775718,"global_exact+eb_exact+xgb_residual",0.203309271999753,39.0087456024439,38.9773202524474,38.950690369985,38.9850116225988,38.9419599002764,38.8701007291899,39.0285325291041,38.942301143878,39.0157029454018,38.9716886877967,38.9428749084473,0.3,0,0,0.65,0,0,0,0,0,0.0499999999999999,0
"fixed_real_measurement_analysis_set","within_cow_random5",1,"StrictHierarchicalEBResidualXGB",250,"C023","S03","reference_stratum_1","ear_status_2",33.5,6,21,39.9,39.8093039697081,0.0906960302919018,"global_exact+eb_exact+xgb_residual",0.203309271999753,39.7566771107941,39.5433685791876,39.3546628087754,39.8503962379835,39.7079173470849,39.4701007291899,39.0285325291041,39.2844627781355,38.9551621214219,39.5908656356122,39.232852935791,0.3,0,0,0.65,0,0,0,0,0,0.0499999999999999,0
"fixed_real_measurement_analysis_set","within_cow_random5",1,"StrictHierarchicalEBResidualXGB",252,"C023","S03","reference_stratum_1","ear_status_2",33.8,5.4,22,39.4,39.3560164573322,0.0439835426678172,"global_exact+eb_exact+xgb_residual",0.203309271999753,39.3391771107942,39.2296854664966,39.1342759309189,39.3696270072142,39.2823854321912,39.1367673958566,39.0285325291041,39.2369691948505,39.079747696022,39.2801153880938,39.196533203125,0.3,0,0,0.65,0,0,0,0,0,0.0499999999999999,0
"fixed_real_measurement_analysis_set","within_cow_random5",1,"StrictHierarchicalEBResidualXGB",272,"C011","S03","reference_stratum_1","ear_status_2",28.2,13.1,11,38.1,38.5102908834518,-0.410290883451793,"global_exact+eb_exact+xgb_residual",0.203309271999753,38.3014924134369,38.4145000789918,38.4427519953805,38.6103021875698,38.6103021875698,38.6103021875698,38.2920021352959,38.522869245753,38.1723065045064,38.4629347500063,38.6493492126465,0.3,0,0,0.65,0,0,0,0,0,0.0499999999999999,0
"fixed_real_measurement_analysis_set","within_cow_random5",1,"StrictHierarchicalEBResidualXGB",276,"C011","S03","reference_stratum_1","ear_status_2",32.6,22,15,38.1,38.5013409962688,-0.401340996268765,"global_exact+eb_exact+xgb_residual",0.203309271999753,38.3014924134369,38.3553585401687,38.3688250718516,38.6103021875698,38.2323005671477,38.6103021875698,38.2920021352959,38.0732786412786,37.8625582533262,38.2839370063457,38.1799659729004,0.3,0,0,0.65,0,0,0,0,0,0.0499999999999999,0
"fixed_real_measurement_analysis_set","within_cow_random5",1,"StrictHierarchicalEBResidualXGB",282,"C004","S04","reference_stratum_1","ear_status_1",33.3,6.1,11,38.8,38.7935204394962,0.00647956050374887,"global_exact+global_medium+direct_xgb",0.229276603814986,38.5812820429715,38.6363876782129,38.6501640870233,38.792824281758,38.7722131761692,38.7378104419025,38.5801324047789,38.7101548760873,38.5954223457241,38.696061140276,38.8067474365234,0,0,0,0.95,0,0,0,0,0,0,0.0499999999999999
"fixed_real_measurement_analysis_set","within_cow_random5",1,"StrictHierarchicalEBResidualXGB",284,"C004","S04","reference_stratum_1","ear_status_1",33.6,6.8,12,38.4,38.6062785124739,-0.206278512473915,"global_exact+global_medium+direct_xgb",0.229276603814986,38.6020576854515,38.5816941571217,38.5732643324978,38.6134313257075,38.6134313257075,38.6134313257075,38.5801324047789,38.5221184115273,38.5636301135952,38.5772475966048,38.4703750610352,0,0,0,0.95,0,0,0,0,0,0,0.0499999999999999
"fixed_real_measurement_analysis_set","within_cow_random5",1,"StrictHierarchicalEBResidualXGB",288,"C004","S04","reference_stratum_1","ear_status_1",33.9,11.2,15,38.3,38.3123475714419,-0.0123475714419499,"global_exact+global_medium+direct_xgb",0.229276603814986,38.5670576854515,38.5643019082633,38.5658990214248,38.3041240963909,38.3172757423618,38.2413431325708,38.5801324047789,38.5221184115273,38.5558430352164,38.5400950389591,38.4685935974121,0,0,0,0.95,0,0,0,0,0,0,0.0499999999999999
"fixed_real_measurement_analysis_set","within_cow_random5",1,"StrictHierarchicalEBResidualXGB",303,"C028","S04","reference_stratum_1","ear_status_1",32.6,6,21,39.7,39.6452722071683,0.05472779283172,"global_exact+global_medium+direct_xgb",0.229276603814986,39.016694272919,38.9485048101162,38.9314574444155,39.6582088971426,39.5381706229777,39.2783578314269,39.0200507175432,39.5425270272076,39.2076138577732,39.0623049409007,39.3994750976562,0,0,0,0.95,0,0,0,0,0,0,0.0499999999999999
"fixed_real_measurement_analysis_set","within_cow_random5",1,"StrictHierarchicalEBResidualXGB",304,"C028","S04","reference_stratum_1","ear_status_1",33.2,5.4,22,39.6,39.5438050892718,0.0561949107281663,"global_exact+global_medium+direct_xgb",0.229276603814986,39.016694272919,38.9339124088518,38.913216942835,39.5620550509888,39.453064239999,39.2711437752358,39.0200507175432,38.8700913078435,39.2351460562189,38.9770940144888,39.1970558166504,0,0,0,0.95,0,0,0,0,0,0,0.0499999999999999
"fixed_real_measurement_analysis_set","within_cow_random5",1,"StrictHierarchicalEBResidualXGB",305,"C028","S04","reference_stratum_1","ear_status_1",33.5,5.5,23,39.2,39.1577263936287,0.042273606371289,"global_exact+global_medium+direct_xgb",0.229276603814986,39.016694272919,38.9275579731299,38.9052738981826,39.1565504685709,38.4222987952232,38.8162044751011,39.0200507175432,38.8700913078435,39.3380797356938,38.957241464345,39.1800689697266,0,0,0,0.95,0,0,0,0,0,0,0.0499999999999999
"fixed_real_measurement_analysis_set","within_cow_random5",1,"StrictHierarchicalEBResidualXGB",307,"C008","S04","reference_stratum_1","ear_status_1",35.7,6.1,11,38.1,38.1437248192382,-0.0437248192382143,"global_exact+global_medium+direct_xgb",0.229276603814986,38.3687820429715,38.4663876782129,38.4907890870233,38.1197473586811,38.1764684953181,38.2711437752358,38.3645441694848,38.5700225231461,38.3250700577159,38.5124817679594,38.5992965698242,0,0,0,0.95,0,0,0,0,0,0,0.0499999999999999
"fixed_real_measurement_analysis_set","within_cow_random5",1,"StrictHierarchicalEBResidualXGB",311,"C008","S04","reference_stratum_1","ear_status_1",36.3,8,13,38.5,38.5974932646712,-0.0974932646711792,"global_exact+global_medium+direct_xgb",0.229276603814986,38.3217451854515,38.351746240455,38.3668059991645,38.6134313257075,38.6134313257075,38.6134313257075,38.3645441694848,38.2786518800871,38.3132644819818,38.3444463222393,38.2946701049805,0,0,0,0.95,0,0,0,0,0,0,0.0499999999999999
"fixed_real_measurement_analysis_set","within_cow_random5",1,"StrictHierarchicalEBResidualXGB",314,"C008","S04","reference_stratum_1","ear_status_1",33.2,9,19,38.5,38.5140584321204,-0.014058432120386,"global_exact+global_medium+direct_xgb",0.229276603814986,38.3687820429715,38.4569714112854,38.4790187533639,38.5043627432964,38.516894027233,38.4783578314269,38.3645441694848,38.4642695799907,38.6032994125661,38.5258569015837,38.6982765197754,0,0,0,0.95,0,0,0,0,0,0,0.0499999999999999
"fixed_real_measurement_analysis_set","within_cow_random5",1,"StrictHierarchicalEBResidualXGB",318,"C030","S04","reference_stratum_1","ear_status_1",29.8,5.4,0,38,38.0351581682607,-0.0351581682607147,"global_exact+global_medium+direct_xgb",0.229276603814986,38.3466758179429,38.3898233794687,38.4006102698501,38.0235935125272,38.0913621123394,38.2044771085692,38.3444781439144,38.3850981417947,38.2656568652592,38.3584096753118,38.2548866271973,0,0,0,0.95,0,0,0,0,0,0,0.0499999999999999
"fixed_real_measurement_analysis_set","within_cow_random5",1,"StrictHierarchicalEBResidualXGB",322,"C030","S04","reference_stratum_1","ear_status_1",31.9,6.8,12,38,38.034589969103,-0.0345899691030027,"global_exact+global_medium+direct_xgb",0.229276603814986,38.3385075498029,38.3712675330403,38.3807702862293,38.0235935125272,38.5898075897324,38.4258394578567,38.3444781439144,38.1906459605532,38.3056164597223,38.3477433008315,38.243522644043,0,0,0,0.95,0,0,0,0,0,0,0.0499999999999999
"fixed_real_measurement_analysis_set","within_cow_random5",1,"StrictHierarchicalEBResidualXGB",324,"C030","S04","reference_stratum_1","ear_status_1",33.3,8,13,38.2,38.2325261997291,-0.0325261997290553,"global_exact+global_medium+direct_xgb",0.229276603814986,38.2860075498029,38.3233508663736,38.3424369528959,38.230624542645,38.3071858992575,38.4189052209513,38.3444781439144,38.1906459605532,38.3093236068657,38.3160171728134,38.2686576843262,0,0,0,0.95,0,0,0,0,0,0,0.0499999999999999
"fixed_real_measurement_analysis_set","within_cow_random5",1,"StrictHierarchicalEBResidualXGB",338,"C018","S04","reference_stratum_1","ear_status_1",33.8,8.8,14,38.6,38.6053311530442,-0.00533115304418175,"global_exact+global_medium+direct_xgb",0.229276603814986,38.9152106144,38.8426210463147,38.8244736542934,38.6005165894503,38.6020004102118,38.5681590361897,38.9189139173839,38.563427744461,38.8344661416429,38.8136794932287,38.6968078613281,0,0,0,0.95,0,0,0,0,0,0,0.0499999999999999
"fixed_real_measurement_analysis_set","within_cow_random5",1,"StrictHierarchicalEBResidualXGB",340,"C018","S04","reference_stratum_1","ear_status_1",33.9,9.1,15,38.5,38.5229209275427,-0.0229209275427493,"global_exact+global_medium+direct_xgb",0.229276603814986,38.84254875688,38.7855295868347,38.7829525928534,38.5043627432964,38.516894027233,38.5378104419025,38.9189139173839,38.563427744461,38.9754269752748,38.7846449743946,38.8755264282227,0,0,0,0.95,0,0,0,0,0,0,0.0499999999999999
"fixed_real_measurement_analysis_set","within_cow_random5",1,"StrictHierarchicalEBResidualXGB",342,"C018","S04","reference_stratum_1","ear_status_1",32.5,6,21,39.1,39.0678724852312,0.032127514768824,"global_exact+global_medium+direct_xgb",0.229276603814986,38.9152106144,38.8673178833011,38.8553447005263,39.0639578759783,38.9738525659242,39.2783578314269,38.9189139173839,39.0133097293838,39.0490415389872,38.9287114013019,39.1422500610352,0,0,0,0.95,0,0,0,0,0,0,0.0499999999999999
"fixed_real_measurement_analysis_set","within_cow_random5",1,"StrictHierarchicalEBResidualXGB",356,"C025","S04","reference_stratum_1","ear_status_1",33.2,9.1,15,38.7,38.6795620457328,0.020437954267166,"global_exact+global_medium+direct_xgb",0.229276603814986,38.5646281934934,38.5621551095894,38.5615368386134,38.693587505608,38.6775562696279,38.6567156628538,38.5622935072436,38.2155290947737,38.3957618739536,38.5447542786053,38.4130783081055,0,0,0,0.95,0,0,0,0,0,0,0.0499999999999999
"fixed_real_measurement_analysis_set","within_cow_random5",1,"StrictHierarchicalEBResidualXGB",357,"C025","S04","reference_stratum_1","ear_status_1",32.1,9,19,39.4,39.1300100843515,0.269989915648466,"global_exact+global_medium+direct_xgb",0.229276603814986,38.5646281934934,38.6136483317029,38.6259033662553,39.1509992240193,39.0932078226085,39.090381258412,38.5622935072436,38.6325082775655,38.6880070808195,38.6715427441311,38.7312164306641,0,0,0,0.95,0,0,0,0,0,0,0.0499999999999999
"fixed_real_measurement_analysis_set","within_cow_random5",1,"StrictHierarchicalEBResidualXGB",366,"C010","S04","reference_stratum_1","ear_status_1",32.5,8,13,38.7,38.6733137623466,0.0266862376533936,"global_exact+global_medium+direct_xgb",0.229276603814986,38.3070120140886,38.3396120270879,38.3514101671816,38.693587505608,38.6775562696279,38.6567156628538,38.3274084717832,38.3960121278794,38.3226493679193,38.3322027580977,38.2881126403809,0,0,0,0.95,0,0,0,0,0,0,0.0499999999999999
"fixed_real_measurement_analysis_set","within_cow_random5",1,"StrictHierarchicalEBResidualXGB",368,"C010","S04","reference_stratum_1","ear_status_1",32.3,9.1,15,39.5,39.377630297166,0.122369702833964,"global_exact+global_medium+direct_xgb",0.229276603814986,38.2720120140886,38.3288864448962,38.352378189442,39.4343282463487,39.2701488622205,39.0567156628538,38.3274084717832,38.3960121278794,38.2181152990803,38.3085403248963,38.3003692626953,0,0,0,0.95,0,0,0,0,0,0,0.0499999999999999
"fixed_real_measurement_analysis_set","within_cow_random5",1,"StrictHierarchicalEBResidualXGB",370,"C010","S04","reference_stratum_1","ear_status_1",32.9,9,19,38.3,38.3360046808805,-0.0360046808805023,"global_exact+global_medium+direct_xgb",0.229276603814986,38.3297115322286,38.4257150026911,38.4497158703068,38.3232171352376,38.3812599733316,38.4783578314269,38.3274084717832,38.3424303784325,38.5609352801681,38.4636519658321,38.5789680480957,0,0,0,0.95,0,0,0,0,0,0,0.0499999999999999
"fixed_real_measurement_analysis_set","within_cow_random5",1,"StrictHierarchicalEBResidualXGB",374,"C019","S04","reference_stratum_1","ear_status_1",28.2,5.4,0,38.5,38.4969472388865,0.00305276111349428,"global_exact+global_medium+direct_xgb",0.229276603814986,38.3520788883036,38.3941458357573,38.4046625726207,38.5084023204228,38.5294081214797,38.5567156628538,38.3489078604003,38.3879774575105,38.2727467376019,38.3645993551314,38.2793006896973,0,0,0,0.95,0,0,0,0,0,0,0.0499999999999999
"fixed_real_measurement_analysis_set","within_cow_random5",1,"StrictHierarchicalEBResidualXGB",375,"C019","S04","reference_stratum_1","ear_status_1",30.4,5,11,38.5,38.4087174265524,0.0912825734475859,"global_exact+global_medium+direct_xgb",0.229276603814986,38.2904650828505,38.4046143073369,38.4430538321921,38.404184927955,38.4171726354018,38.4426862651415,38.3489078604003,38.2488261876628,38.3931600571762,38.423891537242,38.4948348999023,0,0,0,0.95,0,0,0,0,0,0,0.0499999999999999
"fixed_real_measurement_analysis_set","within_cow_random5",1,"StrictHierarchicalEBResidualXGB",382,"C019","S04","reference_stratum_1","ear_status_1",33.5,11.2,15,38,38.0530411612543,-0.0530411612543062,"global_exact+global_medium+direct_xgb",0.229276603814986,38.3520788883036,38.3921156654376,38.4021248597211,38.0454393574598,38.1590377511094,38.2413431325708,38.3489078604003,38.0358706937554,38.1373202536509,38.3267045894879,38.1974754333496,0,0,0,0.95,0,0,0,0,0,0,0.0499999999999999
"fixed_real_measurement_analysis_set","within_cow_random5",1,"StrictHierarchicalEBResidualXGB",390,"C005","S04","reference_stratum_1","ear_status_1",31.7,6.9,12,39.2,39.1613765972393,0.0386234027607344,"global_exact+global_medium+direct_xgb",0.229276603814986,38.9928379069457,38.8945934258974,38.8697881433721,39.1774396663734,38.5898075897324,38.4258394578567,38.993125684898,38.8631340192751,38.8730665014008,38.8566357277906,38.8561782836914,0,0,0,0.95,0,0,0,0,0,0,0.0499999999999999
"fixed_real_measurement_analysis_set","within_cow_random5",1,"StrictHierarchicalEBResidualXGB",392,"C005","S04","reference_stratum_1","ear_status_1",32.8,9.3,13,38.8,38.5851447030141,0.214855296985853,"global_exact+global_medium+direct_xgb",0.229276603814986,38.9753379069457,38.8741767592307,38.8514548100388,38.575753555406,38.3829525121085,38.3194028477916,38.993125684898,38.8631340192751,38.7970754766089,38.8096371627923,38.7635765075684,0,0,0,0.95,0,0,0,0,0,0,0.0499999999999999
"fixed_real_measurement_analysis_set","within_cow_random5",1,"StrictHierarchicalEBResidualXGB",395,"C005","S04","reference_stratum_1","ear_status_1",32.4,11.2,15,39.1,39.0698093816866,0.0301906183134264,"global_exact+global_medium+direct_xgb",0.229276603814986,38.9928379069457,38.904701177039,38.8824228322991,39.0812858202195,39.0275323251054,38.9378104419025,38.993125684898,38.8631340192751,38.7726296335991,38.8573697693728,38.8517570495605,0,0,0,0.95,0,0,0,0,0,0,0.0499999999999999
"fixed_real_measurement_analysis_set","within_cow_random5",1,"StrictHierarchicalEBResidualXGB",997,"C017","S01","reference_stratum_2","ear_status_1",34.4,30.1,1,40.1,39.7442283216406,0.355771678359396,"may_session",0.495608917843131,39.3595770021564,39.378813917724,39.3836231466158,39.2549268928244,39.2549268928244,39.7774634464122,39.7442283216406,39.7659567127274,39.474971141511,39.46816689798,39.6733283996582,0,0,0,0,0,0,1,0,0,0,0
"fixed_real_measurement_analysis_set","within_cow_random5",1,"StrictHierarchicalEBResidualXGB",1005,"C017","S01","reference_stratum_2","ear_status_1",36.7,34.4,20,39.4,39.3802098672485,0.0197901327514529,"may_session",0.495608917843131,39.3595770021564,39.3504805843906,39.3482064799492,39.2549268928244,39.2549268928244,39.2549268928244,39.3802098672485,39.4211799797999,39.2057432329534,39.3697645235436,39.4504013061523,0,0,0,0,0,0,1,0,0,0,0
"fixed_real_measurement_analysis_set","within_cow_random5",1,"StrictHierarchicalEBResidualXGB",1006,"C017","S01","reference_stratum_2","ear_status_1",35.5,33.1,21,39.9,39.7442283216406,0.155771678359393,"may_session",0.495608917843131,39.3568954415526,39.3413077729301,39.3378418208716,39.2549268928244,39.2549268928244,39.2549268928244,39.7442283216406,39.7006412407759,39.3474057658416,39.3792578043895,39.5076904296875,0,0,0,0,0,0,1,0,0,0,0
"fixed_real_measurement_analysis_set","within_cow_random5",1,"StrictHierarchicalEBResidualXGB",1010,"C017","S01","reference_stratum_2","ear_status_1",36.2,32.9,22,39.5,39.3046401460623,0.195359853937717,"may_session",0.495608917843131,39.471651026779,39.4630448968803,39.4428814675913,39.2549268928244,38.6957217870285,40.2274634464122,39.3046401460623,39.3858595702626,39.5782375620115,39.4930546620583,39.5906715393066,0,0,0,0,0,0,1,0,0,0,0
"fixed_real_measurement_analysis_set","within_cow_random5",1,"StrictHierarchicalEBResidualXGB",1013,"C020","S01","reference_stratum_2","ear_status_1",32,27.4,1,39.6,39.5315444981112,0.0684555018888133,"may_session",0.495608917843131,39.3987926884309,39.4101864667436,39.4130349113217,39.2549268928244,39.2549268928244,39.2549268928244,39.5315444981112,39.6277122274333,39.4063993503548,39.4725471669634,39.6569519042969,0,0,0,0,0,0,1,0,0,0,0
"fixed_real_measurement_analysis_set","within_cow_random5",1,"StrictHierarchicalEBResidualXGB",1015,"C020","S01","reference_stratum_2","ear_status_1",35.8,34.1,13,39.2,39.1218191300719,0.0781808699280688,"may_session",0.495608917843131,39.2940039679555,39.2304547320847,39.077334014808,39.2549268928244,39.2549268928244,38.6849756309415,39.1218191300719,39.0761280521841,39.1624236884465,39.1596096198801,38.9976196289062,0,0,0,0,0,0,1,0,0,0,0
"fixed_real_measurement_analysis_set","within_cow_random5",1,"StrictHierarchicalEBResidualXGB",1024,"C020","S01","reference_stratum_2","ear_status_1",37.3,35.6,21,40.4,39.9521191376589,0.447880862341073,"may_session",0.495608917843131,39.3151307356702,39.3090528709694,39.3209790757735,39.2549268928244,39.2549268928244,39.2549268928244,39.9521191376589,39.9737631139964,39.386761021102,39.3064686487308,39.5076599121094,0,0,0,0,0,0,1,0,0,0,0
"fixed_real_measurement_analysis_set","within_cow_random5",1,"StrictHierarchicalEBResidualXGB",1027,"C020","S01","reference_stratum_2","ear_status_1",33.9,30.9,23,39.5,39.5315444981112,-0.0315444981111881,"may_session",0.495608917843131,39.5390039679555,39.5311900262023,39.5067025851261,39.2549268928244,39.2549268928244,39.1774634464122,39.5315444981112,39.5471710523002,39.8118783035145,39.5596348639811,39.4893646240234,0,0,0,0,0,0,1,0,0,0,0
"fixed_real_measurement_analysis_set","within_cow_random5",1,"StrictHierarchicalEBResidualXGB",1029,"C009","S01","reference_stratum_2","ear_status_1",32.1,23.6,1,40.4,40.3466252825614,0.053374717438615,"may_session",0.495608917843131,39.7682677962489,39.705766552998,39.6901412421853,39.2549268928244,39.2549268928244,39.2549268928244,40.3466252825614,40.1575147373259,39.8880120638806,39.7712760734691,39.9431304931641,0,0,0,0,0,0,1,0,0,0,0
"fixed_real_measurement_analysis_set","within_cow_random5",1,"StrictHierarchicalEBResidualXGB",1031,"C009","S01","reference_stratum_2","ear_status_1",37.2,35.4,14,39.4,39.3099094815232,0.0900905184767566,"may_session",0.495608917843131,39.7682677962489,39.6248394012336,39.5889823024798,39.2549268928244,38.5475736388804,38.5849756309415,39.3099094815232,39.159365191997,39.3376915564124,39.5369397610311,39.2537689208984,0,0,0,0,0,0,1,0,0,0,0
"fixed_real_measurement_analysis_set","within_cow_random5",1,"StrictHierarchicalEBResidualXGB",1040,"C012","S01","reference_stratum_2","ear_status_1",36.6,35,14,39,39.1266825093521,-0.126682509352136,"may_session",0.495608917843131,39.6466263361532,39.527526233157,39.497751207408,39.2549268928244,39.2549268928244,38.7774634464122,39.1266825093521,39.041316965479,39.4377137730351,39.4683471506442,39.2482681274414,0,0,0,0,0,0,1,0,0,0,0
"fixed_real_measurement_analysis_set","within_cow_random5",1,"StrictHierarchicalEBResidualXGB",1044,"C012","S01","reference_stratum_2","ear_status_1",37.4,36,19,39.5,39.7232697474575,-0.223269747457536,"may_session",0.495608917843131,39.6209667273264,39.5468313373008,39.5324213554987,39.2549268928244,39.2549268928244,39.6516422976081,39.7232697474575,39.7977756865317,39.8673299237472,39.6186929694691,39.7662696838379,0,0,0,0,0,0,1,0,0,0,0
"fixed_real_measurement_analysis_set","within_cow_random5",1,"StrictHierarchicalEBResidualXGB",1049,"C012","S01","reference_stratum_2","ear_status_1",36.2,34.3,22,40.6,40.0989078773914,0.501092122608611,"may_session",0.495608917843131,39.6466263361532,39.6046262018743,39.5941261683046,39.2549268928244,39.2549268928244,38.8774634464122,40.0989078773914,40.2666315840922,39.8810065240006,39.7124793686333,40.0086135864258,0,0,0,0,0,0,1,0,0,0,0
"fixed_real_measurement_analysis_set","within_cow_random5",1,"StrictHierarchicalEBResidualXGB",1055,"C006","S01","reference_stratum_2","ear_status_1",37.4,36.1,15,38.5,38.8662744477957,-0.366274447795682,"may_session",0.495608917843131,39.3110424635207,39.263119932246,39.237879383411,39.2549268928244,39.2549268928244,38.6274634464122,38.8662744477957,38.711264061851,38.8131413234622,39.1868534348724,39.0965843200684,0,0,0,0,0,0,1,0,0,0,0
"fixed_real_measurement_analysis_set","within_cow_random5",1,"StrictHierarchicalEBResidualXGB",1058,"C006","S01","reference_stratum_2","ear_status_1",36.4,33.4,19,38.9,39.5601253527591,-0.660125352759117,"may_session",0.495608917843131,39.0835424635207,39.1185967012145,39.1506628446215,39.2549268928244,39.2549268928244,39.4274634464122,39.5601253527591,39.4660749948814,39.2968724215089,39.0445498286582,39.1452369689941,0,0,0,0,0,0,1,0,0,0,0
"fixed_real_measurement_analysis_set","within_cow_random5",1,"StrictHierarchicalEBResidualXGB",1063,"C006","S01","reference_stratum_2","ear_status_1",33.3,28,23,39.6,39.5994086467069,0.000591353293053487,"may_session",0.495608917843131,39.2285363194191,39.2848189256521,39.2988895772104,39.2549268928244,39.2549268928244,39.2549268928244,39.5994086467069,39.6857847326465,39.580865623388,39.3960862241121,39.5472602844238,0,0,0,0,0,0,1,0,0,0,0
"fixed_real_measurement_analysis_set","within_cow_random5",1,"StrictHierarchicalEBResidualXGB",1065,"C015","S01","reference_stratum_2","ear_status_1",31.7,26.6,1,38.9,39.0422773565742,-0.142277356574198,"may_session",0.495608917843131,38.6776846301854,38.8333000201472,38.8722038676376,39.2549268928244,39.2549268928244,39.2549268928244,39.0422773565742,39.3096885854343,38.7223530147031,38.8890362601467,39.0980186462402,0,0,0,0,0,0,1,0,0,0,0
"fixed_real_measurement_analysis_set","within_cow_random5",1,"StrictHierarchicalEBResidualXGB",1069,"C015","S01","reference_stratum_2","ear_status_1",34.9,32.4,13,38.5,38.7265125552637,-0.226512555263689,"may_session",0.495608917843131,38.5940898199029,38.670220643497,38.5231567190411,39.2549268928244,39.2549268928244,38.7274634464122,38.7265125552637,38.690559408406,38.5270326433817,38.5839827360873,38.4574813842773,0,0,0,0,0,0,1,0,0,0,0
"fixed_real_measurement_analysis_set","within_cow_random5",1,"StrictHierarchicalEBResidualXGB",1074,"C015","S01","reference_stratum_2","ear_status_1",35.8,33.3,18,39.2,39.3283244856973,-0.128324485697298,"may_session",0.495608917843131,38.6776846301854,38.8015865943289,38.8325620853647,39.2549268928244,39.2549268928244,39.2549268928244,39.3283244856973,39.3501888687023,38.7404940726904,38.7689652218377,38.8216857910156,0,0,0,0,0,0,1,0,0,0,0
"fixed_real_measurement_analysis_set","within_cow_random5",1,"StrictHierarchicalEBResidualXGB",1077,"C015","S01","reference_stratum_2","ear_status_1",35.6,33,20,39.7,39.3283244856973,0.371675514302702,"may_session",0.495608917843131,38.6776846301854,38.8049666868138,38.8367872009709,39.2549268928244,39.2549268928244,39.2549268928244,39.3283244856973,39.4472584089403,38.5586213412502,38.8184902812901,38.738208770752,0,0,0,0,0,0,1,0,0,0,0
"fixed_real_measurement_analysis_set","within_cow_random5",1,"StrictHierarchicalEBResidualXGB",1085,"C007","S01","reference_stratum_2","ear_status_1",37.4,32.8,12,39.8,39.5390286594643,0.260971340535683,"may_session",0.495608917843131,39.3725653106351,39.307701401258,39.3246410595035,39.2549268928244,39.2549268928244,39.2549268928244,39.5390286594643,39.6278375007775,39.5106847226203,39.3159555325602,39.2607231140137,0,0,0,0,0,0,1,0,0,0,0
"fixed_real_measurement_analysis_set","within_cow_random5",1,"StrictHierarchicalEBResidualXGB",1086,"C007","S01","reference_stratum_2","ear_status_1",36.5,31.7,13,38.5,39.1697736713374,-0.669773671337431,"may_session",0.495608917843131,39.5788670431941,39.4568482105545,39.4263435023946,39.2549268928244,39.2549268928244,39.2549268928244,39.1697736713374,39.1196372453424,39.4477371971981,39.4972012665979,39.2185859680176,0,0,0,0,0,0,1,0,0,0,0
"fixed_real_measurement_analysis_set","within_cow_random5",1,"StrictHierarchicalEBResidualXGB",1087,"C007","S01","reference_stratum_2","ear_status_1",37.4,33.3,13,40,39.5390286594643,0.460971340535686,"may_session",0.495608917843131,39.5788670431941,39.4568482105545,39.4263435023946,39.2549268928244,39.2549268928244,38.9274634464122,39.5390286594643,39.6278375007775,39.3675083880797,39.4338780463598,39.236442565918,0,0,0,0,0,0,1,0,0,0,0
"fixed_real_measurement_analysis_set","within_cow_random5",1,"StrictHierarchicalEBResidualXGB",1091,"C007","S01","reference_stratum_2","ear_status_1",38.9,35.9,15,39.7,39.5390286594643,0.160971340535689,"may_session",0.495608917843131,39.6000653106351,39.4952140367469,39.4655943538647,39.2549268928244,39.2549268928244,39.2549268928244,39.5390286594643,39.6278375007775,39.3701700734391,39.438228535547,39.317310333252,0,0,0,0,0,0,1,0,0,0,0
"fixed_real_measurement_analysis_set","within_cow_random5",1,"StrictHierarchicalEBResidualXGB",1104,"C013","S01","reference_stratum_2","ear_status_1",35.2,30.9,13,38.6,38.8749846231431,-0.274984623143062,"may_session",0.495608917843131,39.048196752097,39.0323119776768,39.0283407840718,39.2549268928244,38.6957217870285,39.2549268928244,38.8749846231431,38.7693358902847,38.7328416321195,38.980517158143,38.8005714416504,0,0,0,0,0,0,1,0,0,0,0
"fixed_real_measurement_analysis_set","within_cow_random5",1,"StrictHierarchicalEBResidualXGB",1105,"C013","S01","reference_stratum_2","ear_status_1",34.8,30.3,19,38.6,38.8791115149327,-0.27911151493273,"may_session",0.495608917843131,39.09226232048,39.1228717378636,39.1234421258622,39.2549268928244,39.2549268928244,39.2549268928244,38.8791115149327,38.7193386896533,39.0292267474361,39.1914969644805,39.1615142822266,0,0,0,0,0,0,1,0,0,0,0
"fixed_real_measurement_analysis_set","within_cow_random5",1,"StrictHierarchicalEBResidualXGB",1113,"C024","S01","reference_stratum_2","ear_status_1",36.1,34,12,38,38.4511166061871,-0.451116606187057,"may_session",0.495608917843131,38.9544865817704,38.9702912505582,38.9742424177551,39.2549268928244,39.2549268928244,38.9274634464122,38.4511166061871,38.3107683837955,38.8057204819981,38.8847955401853,38.7166481018066,0,0,0,0,0,0,1,0,0,0,0
"fixed_real_measurement_analysis_set","within_cow_random5",1,"StrictHierarchicalEBResidualXGB",1121,"C024","S01","reference_stratum_2","ear_status_1",36.7,33.9,20,38.2,38.7114320434773,-0.511432043477249,"may_session",0.495608917843131,38.9449514299606,39.0189163430884,39.0389400064827,39.2549268928244,39.2549268928244,39.2549268928244,38.7114320434773,38.6153423978995,38.8538207126185,39.0343334253236,39.2101593017578,0,0,0,0,0,0,1,0,0,0,0
"fixed_real_measurement_analysis_set","within_cow_random5",1,"StrictHierarchicalEBResidualXGB",1123,"C024","S01","reference_stratum_2","ear_status_1",35.4,31.9,21,40.4,40.256815370218,0.143184629782006,"may_session",0.495608917843131,38.8574514299606,38.9431004721023,38.9801076677501,39.2549268928244,38.6957217870285,38.7516422976081,40.256815370218,40.0338228223512,39.024523517849,39.0043356689908,39.4030876159668,0,0,0,0,0,0,1,0,0,0,0
"fixed_real_measurement_analysis_set","within_cow_random5",1,"StrictHierarchicalEBResidualXGB",1125,"C024","S01","reference_stratum_2","ear_status_1",38.1,35.1,21,39.2,38.9356173025342,0.264382697465784,"may_session",0.495608917843131,38.8574514299606,38.9431004721023,38.9801076677501,39.2549268928244,39.2549268928244,39.3274634464122,38.9356173025342,38.8743270749243,38.9900129648017,38.9184231545128,38.9765510559082,0,0,0,0,0,0,1,0,0,0,0
"fixed_real_measurement_analysis_set","within_cow_random5",2,"StrictHierarchicalEBResidualXGB",5,"C021","S03","reference_stratum_1","ear_status_2",32.8,22,15,38.1,38.5242913073214,-0.424291307321369,"global_exact+eb_exact+xgb_residual",0.208650610441999,38.2880914707655,38.3367255374724,38.3488840541491,38.6030245861733,38.2304137816005,38.6030245861733,38.2787699273637,38.3079988476254,38.1145149524627,38.2741172209317,38.1658973693848,0.25,0,0,0.75,0,0,0,0,0,0,0
"fixed_real_measurement_analysis_set","within_cow_random5",2,"StrictHierarchicalEBResidualXGB",7,"C021","S03","reference_stratum_1","ear_status_2",29.3,11.8,22,38.3,38.5242913073214,-0.224291307321373,"global_exact+eb_exact+xgb_residual",0.208650610441999,38.2880914707655,38.3782400621808,38.4007772100346,38.6030245861733,38.6030245861733,38.6030245861733,38.2787699273637,38.1909991552374,38.8204626285636,38.441732822243,38.5929985046387,0.25,0,0,0.75,0,0,0,0,0,0,0
"fixed_real_measurement_analysis_set","within_cow_random5",2,"StrictHierarchicalEBResidualXGB",23,"C003","S03","reference_stratum_1","ear_status_2",33.3,9.3,13,38.5,38.5064289750962,-0.00642897509622742,"global_exact+eb_exact+xgb_residual",0.208650610441999,38.5138284481341,38.5191064962018,38.5282200467126,38.5039624840836,38.3913607776599,38.6406049172347,38.6154082932566,38.494948849189,38.4547086536903,38.4725226350892,38.4212951660156,0.25,0,0,0.75,0,0,0,0,0,0,0
"fixed_real_measurement_analysis_set","within_cow_random5",2,"StrictHierarchicalEBResidualXGB",25,"C003","S03","reference_stratum_1","ear_status_2",33.6,8,13,38.4,38.4143135904808,-0.0143135904808389,"global_exact+eb_exact+xgb_residual",0.208650610441999,38.4338284481341,38.4635509406463,38.4925057609983,38.4078086379297,38.4302377043237,38.3575749408819,38.6154082932566,38.494948849189,38.5718687003817,38.4340301701114,38.474479675293,0.25,0,0,0.75,0,0,0,0,0,0,0
"fixed_real_measurement_analysis_set","within_cow_random5",2,"StrictHierarchicalEBResidualXGB",30,"C003","S03","reference_stratum_1","ear_status_2",33.9,11.2,15,38.3,38.3153251170011,-0.0153251170011046,"global_exact+eb_exact+xgb_residual",0.208650610441999,38.3510284481341,38.4116569132149,38.4671080774729,38.3034240066234,38.3144297421987,38.2079249681672,38.6154082932566,38.494948849189,38.5964542470677,38.3710423827708,38.4622001647949,0.25,0,0,0.75,0,0,0,0,0,0,0
"fixed_real_measurement_analysis_set","within_cow_random5",2,"StrictHierarchicalEBResidualXGB",32,"C003","S03","reference_stratum_1","ear_status_2",36.4,9.1,15,38.5,38.5084807001543,-0.00848070015427282,"global_exact+eb_exact+xgb_residual",0.208650610441999,38.5110284481341,38.522768024326,38.5385366489015,38.5076314508277,38.5267100778968,38.5515122930867,38.6154082932566,38.494948849189,38.5256971713472,38.5039851870096,38.469051361084,0.25,0,0,0.75,0,0,0,0,0,0,0
"fixed_real_measurement_analysis_set","within_cow_random5",2,"StrictHierarchicalEBResidualXGB",37,"C003","S03","reference_stratum_1","ear_status_2",33.7,5.5,23,38,38.0588897234369,-0.0588897234369412,"global_exact+eb_exact+xgb_residual",0.208650610441999,38.1015534301537,38.2371801075478,38.3583526840756,38.0446684878647,38.8761054264737,39.0128780732717,38.6154082932566,38.283249769405,38.9780646361398,38.2851733167608,38.7175483703613,0.25,0,0,0.75,0,0,0,0,0,0,0
"fixed_real_measurement_analysis_set","within_cow_random5",2,"StrictHierarchicalEBResidualXGB",42,"C002","S03","reference_stratum_1","ear_status_2",30.8,6.1,11,39.5,39.4577335725755,0.0422664274245079,"global_exact+eb_exact+xgb_residual",0.208650610441999,39.4344314534358,39.3129476426677,39.2110883292886,39.465500945622,39.6080407252222,39.2010081953911,39.1359201383527,39.1886163726894,39.1088416634865,39.347395767136,39.2132873535156,0.25,0,0,0.75,0,0,0,0,0,0,0
"fixed_real_measurement_analysis_set","within_cow_random5",2,"StrictHierarchicalEBResidualXGB",52,"C002","S03","reference_stratum_1","ear_status_2",33.9,9.3,13,38.8,38.8100092136011,-0.0100092136011298,"global_exact+eb_exact+xgb_residual",0.208650610441999,38.8627647867691,38.8793048079405,38.8955733825721,38.7924240225451,38.7706632362386,38.6406049172347,39.1359201383527,38.9608279317031,39.0932782871742,38.8508058770839,38.9216384887695,0.25,0,0,0.75,0,0,0,0,0,0,0
"fixed_real_measurement_analysis_set","within_cow_random5",2,"StrictHierarchicalEBResidualXGB",53,"C002","S03","reference_stratum_1","ear_status_2",36.2,8.8,14,39,38.9942914588644,0.00570854113556862,"global_exact+eb_exact+xgb_residual",0.208650610441999,39.0229706908993,38.9962959297354,38.9773613983496,38.9847317148528,38.940876002196,38.8676748620578,39.1359201383527,38.9608279317031,39.1422162659623,39.0058758415635,38.9873924255371,0.25,0,0,0.75,0,0,0,0,0,0,0
"fixed_real_measurement_analysis_set","within_cow_random5",2,"StrictHierarchicalEBResidualXGB",55,"C002","S03","reference_stratum_1","ear_status_2",36,9.1,15,38.9,38.8933690386233,0.00663096137665775,"global_exact+eb_exact+xgb_residual",0.208650610441999,38.9394706908993,38.9376591845459,38.940696747449,38.878001821198,38.8230063741931,38.7515122930867,39.1359201383527,38.9608279317031,39.0388355319049,38.9239229952029,38.9291801452637,0.25,0,0,0.75,0,0,0,0,0,0,0
"fixed_real_measurement_analysis_set","within_cow_random5",2,"StrictHierarchicalEBResidualXGB",61,"C002","S03","reference_stratum_1","ear_status_2",33.2,5.4,22,39.6,39.5522337665567,0.0477662334432623,"global_exact+eb_exact+xgb_residual",0.208650610441999,39.5239706908993,39.387776751083,39.2690566333754,39.5616547917759,39.4515143000684,39.2676748620578,39.1359201383527,39.2580304590471,39.3552759791123,39.4244902208565,39.3217735290527,0.25,0,0,0.75,0,0,0,0,0,0,0
"fixed_real_measurement_analysis_set","within_cow_random5",2,"StrictHierarchicalEBResidualXGB",71,"C029","S03","reference_stratum_1","ear_status_2",33.1,6.8,12,38.2,38.2144856651559,-0.0144856651559024,"global_exact+eb_exact+xgb_residual",0.208650610441999,38.2114398237575,38.1163936442135,38.1657076172043,38.215500945622,38.1142165617123,38.4103024586173,38.3610766100883,38.3176729689789,38.2447584276043,38.0880775934456,38.2736587524414,0.25,0,0,0.75,0,0,0,0,0,0,0
"fixed_real_measurement_analysis_set","within_cow_random5",2,"StrictHierarchicalEBResidualXGB",74,"C029","S03","reference_stratum_1","ear_status_2",33.2,9.3,13,38.1,38.1410557662823,-0.0410557662823336,"global_exact+eb_exact+xgb_residual",0.208650610441999,38.1524398237575,38.22299504527,38.279991752403,38.1372610804573,38.3913607776599,38.4403024586173,38.3610766100883,38.3176729689789,38.2845093927939,38.1944961144134,38.272159576416,0.25,0,0,0.75,0,0,0,0,0,0,0
"fixed_real_measurement_analysis_set","within_cow_random5",2,"StrictHierarchicalEBResidualXGB",77,"C029","S03","reference_stratum_1","ear_status_2",33.6,8.8,14,38.5,38.4971883456011,0.00281165439888298,"global_exact+eb_exact+xgb_residual",0.208650610441999,38.4768659301537,38.4584658853073,38.4409597315264,38.5039624840836,38.5542663460139,38.5718606551676,38.3610766100883,38.3176729689789,38.1134167866072,38.4478217139203,38.327823638916,0.25,0,0,0.75,0,0,0,0,0,0,0
"fixed_real_measurement_analysis_set","within_cow_random5",2,"StrictHierarchicalEBResidualXGB",82,"C029","S03","reference_stratum_1","ear_status_2",33.2,9,19,38.5,38.4971883456011,0.00281165439888298,"global_exact+eb_exact+xgb_residual",0.208650610441999,38.4768659301537,38.4909405705723,38.4996751222957,38.5039624840836,38.5153440873024,38.4171707643622,38.3610766100883,38.4809513486958,38.504938022422,38.5286871564778,38.5353507995605,0.25,0,0,0.75,0,0,0,0,0,0,0
"fixed_real_measurement_analysis_set","within_cow_random5",2,"StrictHierarchicalEBResidualXGB",83,"C029","S03","reference_stratum_1","ear_status_2",31.3,6,21,38.4,38.4096206262147,-0.00962062621471915,"global_exact+eb_exact+xgb_residual",0.208650610441999,38.3933659301537,38.4245000385965,38.4489009461787,38.4150388582351,38.817831102743,38.6803024586173,38.3610766100883,38.4809513486958,38.4891163140191,38.510916022333,38.7343063354492,0.25,0,0,0.75,0,0,0,0,0,0,0
"fixed_real_measurement_analysis_set","within_cow_random5",2,"StrictHierarchicalEBResidualXGB",90,"C001","S03","reference_stratum_1","ear_status_2",29.8,5.4,0,38,38.027849277438,-0.0278492774380439,"global_exact+eb_exact+xgb_residual",0.208650610441999,38.0418173498091,38.119578568824,38.1871813538707,38.0231932533144,38.0898121724088,38.2010081953911,38.2557019244897,38.1454844950659,38.2173528067036,38.0824029954154,38.2288246154785,0.25,0,0,0.75,0,0,0,0,0,0,0
"fixed_real_measurement_analysis_set","within_cow_random5",2,"StrictHierarchicalEBResidualXGB",94,"C001","S03","reference_stratum_1","ear_status_2",33.1,6.1,11,39.2,39.1485163060904,0.0514836939096384,"global_exact+eb_exact+xgb_residual",0.208650610441999,39.0629470028799,38.9110809650317,38.7607597412383,39.1770394071605,39.1110887681535,39.0010081953911,38.2557019244897,38.8839549328976,38.1597335555036,38.9217331579,38.410530090332,0.25,0,0,0.75,0,0,0,0,0,0,0
"fixed_real_measurement_analysis_set","within_cow_random5",2,"StrictHierarchicalEBResidualXGB",95,"C001","S03","reference_stratum_1","ear_status_2",31.3,6.9,12,38.3,38.3037278445519,-0.00372784455190356,"global_exact+eb_exact+xgb_residual",0.208650610441999,38.2799470028799,38.2805333709668,38.2864661001833,38.3116547917759,38.345131321345,38.4010081953911,38.2557019244897,38.121750020272,38.056800531344,38.272285803626,38.2933197021484,0.25,0,0,0.75,0,0,0,0,0,0,0
"fixed_real_measurement_analysis_set","within_cow_random5",2,"StrictHierarchicalEBResidualXGB",106,"C001","S03","reference_stratum_1","ear_status_2",32,9.1,15,38.4,38.3975932291673,0.00240677083271379,"global_exact+eb_exact+xgb_residual",0.208650610441999,38.3669470028799,38.3530255843547,38.3435613967106,38.4078086379297,38.4302377043237,38.4676748620578,38.2557019244897,38.121750020272,38.1374134522743,38.3218161099252,38.2559089660645,0.25,0,0,0.75,0,0,0,0,0,0,0
"fixed_real_measurement_analysis_set","within_cow_random5",2,"StrictHierarchicalEBResidualXGB",110,"C001","S03","reference_stratum_1","ear_status_2",30.5,9,19,38.2,38.2245945922397,-0.0245945922396871,"global_exact+eb_exact+xgb_residual",0.208650610441999,38.2088173498091,38.2746249221459,38.3288053409036,38.2298536730499,38.7197189866151,38.7007561465433,38.2557019244897,38.3136497210097,38.3872602211385,38.2977804698244,38.3794441223145,0.25,0,0,0.75,0,0,0,0,0,0,0
"fixed_real_measurement_analysis_set","within_cow_random5",2,"StrictHierarchicalEBResidualXGB",114,"C001","S03","reference_stratum_1","ear_status_2",30.6,5.4,22,38.1,38.407844404896,-0.307844404896009,"global_exact+eb_exact+xgb_residual",0.208650610441999,38.1253173498091,38.2019643915618,38.26678518516,38.502020089925,38.5082893345197,38.5206049172347,38.2557019244897,38.1638953350448,38.4478665778666,38.2025547802249,38.3331031799316,0.25,0,0,0.75,0,0,0,0,0,0,0
"fixed_real_measurement_analysis_set","within_cow_random5",2,"StrictHierarchicalEBResidualXGB",120,"C027","S03","reference_stratum_1","ear_status_2",30.9,6.1,11,41.5,41.3007223317396,0.199277668260422,"global_exact+eb_exact+xgb_residual",0.208650610441999,41.0371557208614,40.4268537080334,39.8949095064162,41.388577868699,39.6080407252222,39.5206049172347,38.829046907118,39.7347029057063,38.7920668162646,40.4606888136314,39.0366706848145,0.25,0,0,0.75,0,0,0,0,0,0,0
"fixed_real_measurement_analysis_set","within_cow_random5",2,"StrictHierarchicalEBResidualXGB",122,"C027","S03","reference_stratum_1","ear_status_2",31.5,5,11,38.7,38.718901407225,-0.0189014072249805,"global_exact+eb_exact+xgb_residual",0.208650610441999,38.7971557208614,38.8712981524778,38.8949095064162,38.6928166360128,38.6748582260449,38.6515122930867,38.829046907118,39.7347029057063,38.7354370096767,38.8754031327454,38.9022445678711,0.25,0,0,0.75,0,0,0,0,0,0,0
"fixed_real_measurement_analysis_set","within_cow_random5",2,"StrictHierarchicalEBResidualXGB",129,"C027","S03","reference_stratum_1","ear_status_2",33.8,8.8,14,38.6,38.6095849802165,-0.009584980216502,"global_exact+eb_exact+xgb_residual",0.208650610441999,38.6379909301537,38.6586552792467,38.679685380877,38.6001163302374,38.6004504702811,38.5718606551676,38.829046907118,38.5422721898563,38.7870808923478,38.635780936969,38.6940956115723,0.25,0,0,0.75,0,0,0,0,0,0,0
"fixed_real_measurement_analysis_set","within_cow_random5",2,"StrictHierarchicalEBResidualXGB",132,"C027","S03","reference_stratum_1","ear_status_2",30.7,11.2,15,38.5,38.5137049250627,-0.0137049250626617,"global_exact+eb_exact+xgb_residual",0.208650610441999,38.5429322479999,38.5798367080743,38.621790497449,38.5039624840836,38.5153440873024,38.5343415287244,38.829046907118,38.5422721898563,38.7540780638951,38.5368289766366,38.6126441955566,0.25,0,0,0.75,0,0,0,0,0,0,0
"fixed_real_measurement_analysis_set","within_cow_random5",2,"StrictHierarchicalEBResidualXGB",140,"C027","S03","reference_stratum_1","ear_status_2",32.7,5.5,23,38.2,38.237623441755,-0.0376234417549597,"global_exact+eb_exact+xgb_residual",0.208650610441999,38.3039909301537,38.4237520772447,38.5323827165432,38.215500945622,38.2600249383662,38.3343415287244,38.829046907118,38.4560787022983,39.1354571825101,38.4598980623712,38.9212684631348,0.25,0,0,0.75,0,0,0,0,0,0,0
"fixed_real_measurement_analysis_set","within_cow_random5",2,"StrictHierarchicalEBResidualXGB",144,"C026","S03","reference_stratum_1","ear_status_2",33.9,8,13,38.5,38.5140603192827,-0.0140603192827413,"global_exact+eb_exact+xgb_residual",0.208650610441999,38.533346924648,38.5537363900474,38.5740147631952,38.5076314508277,38.5267100778968,38.3575749408819,38.7026807757445,38.5765340163512,38.4879697233734,38.5188397033742,38.5254440307617,0.25,0,0,0.75,0,0,0,0,0,0,0
"fixed_real_measurement_analysis_set","within_cow_random5",2,"StrictHierarchicalEBResidualXGB",150,"C026","S03","reference_stratum_1","ear_status_2",30.7,6,21,39.1,39.0559769859494,0.0440230140505875,"global_exact+eb_exact+xgb_residual",0.208650610441999,39.034346924648,38.9569577055392,38.8869372309371,39.0631870063832,38.9711545223412,38.8515122930867,38.7026807757445,38.9800784059182,38.7064795867103,38.9624847022225,38.6882438659668,0.25,0,0,0.75,0,0,0,0,0,0,0
"fixed_real_measurement_analysis_set","within_cow_random5",2,"StrictHierarchicalEBResidualXGB",153,"C026","S03","reference_stratum_1","ear_status_2",30.7,5.5,23,38.6,38.6043797637272,-0.00437976372719362,"global_exact+eb_exact+xgb_residual",0.208650610441999,38.616846924648,38.6326870169147,38.6474076376651,38.6002240434202,38.2554157713013,38.3006049172347,38.7026807757445,38.777692441006,38.9362548230272,38.6308659590437,38.6712608337402,0.25,0,0,0.75,0,0,0,0,0,0,0
"fixed_real_measurement_analysis_set","within_cow_random5",2,"StrictHierarchicalEBResidualXGB",156,"C016","S03","reference_stratum_1","ear_status_2",28.7,5.4,0,38.9,38.873945027757,0.0260549722430028,"global_exact+eb_exact+xgb_residual",0.208650610441999,38.8617746474339,38.7967414231713,38.7398329517517,38.878001821198,38.8230063741931,38.5257561465433,38.6682791979047,38.7646734851636,38.6201841747626,38.7685685241337,38.5954704284668,0.25,0,0,0.75,0,0,0,0,0,0,0
"fixed_real_measurement_analysis_set","within_cow_random5",2,"StrictHierarchicalEBResidualXGB",159,"C016","S03","reference_stratum_1","ear_status_2",32.2,6.9,12,38,38.0449636018442,-0.0449636018442447,"global_exact+eb_exact+xgb_residual",0.208650610441999,38.1102746474339,38.2392952437619,38.3561244577302,38.0231932533144,38.1404732425657,38.2010081953911,38.6682791979047,38.3489618296555,38.5139634988862,38.2061863388041,38.4676055908203,0.25,0,0,0.75,0,0,0,0,0,0,0
"fixed_real_measurement_analysis_set","within_cow_random5",2,"StrictHierarchicalEBResidualXGB",164,"C016","S03","reference_stratum_1","ear_status_2",33,8.8,14,38.3,38.3239347556904,-0.023934755690405,"global_exact+eb_exact+xgb_residual",0.208650610441999,38.3607746474339,38.4259797578949,38.4855986908724,38.3116547917759,38.345131321345,38.3007561465433,38.6682791979047,38.3489618296555,38.5206780675411,38.3900521492857,38.4965209960938,0.25,0,0,0.75,0,0,0,0,0,0,0
"fixed_real_measurement_analysis_set","within_cow_random5",2,"StrictHierarchicalEBResidualXGB",167,"C016","S03","reference_stratum_1","ear_status_2",32.1,9,19,39.4,39.2294219645963,0.170578035403672,"global_exact+eb_exact+xgb_residual",0.208650610441999,39.2792746474339,39.1367877764932,39.0078855102131,39.2128044036505,39.1035453884572,39.1004320837391,38.6682791979047,38.8437918742139,38.7478842219587,39.1874733535877,38.8220710754395,0.25,0,0,0.75,0,0,0,0,0,0,0
"fixed_real_measurement_analysis_set","within_cow_random5",2,"StrictHierarchicalEBResidualXGB",174,"C022","S03","reference_stratum_1","ear_status_2",25.4,5.4,0,38.1,38.1263396620534,-0.0263396620534309,"global_exact+eb_exact+xgb_residual",0.208650610441999,38.1473173498091,38.2205044947499,38.2850384967278,38.1193470994682,38.1749185553875,38.2676748620578,38.3881731888575,38.2393095269944,38.395931872432,38.1892282724315,38.2640686035156,0.25,0,0,0.75,0,0,0,0,0,0,0
"fixed_real_measurement_analysis_set","within_cow_random5",2,"StrictHierarchicalEBResidualXGB",179,"C022","S03","reference_stratum_1","ear_status_2",29.7,6.9,12,38.1,38.1442658943963,-0.0442658943962755,"global_exact+eb_exact+xgb_residual",0.208650610441999,38.1652803362133,38.2494222598557,38.3136089573262,38.1372610804573,38.2304137816005,38.3515122930867,38.3881731888575,38.5192614675384,38.1723040500568,38.208143994439,38.1584053039551,0.25,0,0,0.75,0,0,0,0,0,0,0
"fixed_real_measurement_analysis_set","within_cow_random5",2,"StrictHierarchicalEBResidualXGB",188,"C022","S03","reference_stratum_1","ear_status_2",31.2,8.8,14,39,38.9526501477952,0.0473498522047606,"global_exact+eb_exact+xgb_residual",0.208650610441999,38.8988173498091,38.7747428294735,38.6629470929914,38.9705944137906,38.8970804482672,38.8015122930867,38.3881731888575,38.5192614675384,38.2585161141278,38.7290767755823,38.2679672241211,0.25,0,0,0.75,0,0,0,0,0,0,0
"fixed_real_measurement_analysis_set","within_cow_random5",2,"StrictHierarchicalEBResidualXGB",190,"C022","S03","reference_stratum_1","ear_status_2",32.3,9.1,15,39.5,39.4204457932698,0.0795542067301511,"global_exact+eb_exact+xgb_residual",0.208650610441999,39.2852803362132,39.0319144732436,38.822132825282,39.465500945622,39.3664079170896,39.2010081953911,38.3881731888575,38.5192614675384,38.268656332174,39.006118374609,38.2939491271973,0.25,0,0,0.75,0,0,0,0,0,0,0
"fixed_real_measurement_analysis_set","within_cow_random5",2,"StrictHierarchicalEBResidualXGB",198,"C022","S03","reference_stratum_1","ear_status_2",31.1,5.4,22,38.2,38.2193300466688,-0.0193300466688129,"global_exact+eb_exact+xgb_residual",0.208650610441999,38.2308173498091,38.3028903174877,38.3646423280172,38.215500945622,38.2600249383662,38.5206049172347,38.3881731888575,38.389888332372,38.5708046794101,38.3170729092986,38.4196434020996,0.25,0,0,0.75,0,0,0,0,0,0,0
"fixed_real_measurement_analysis_set","within_cow_random5",2,"StrictHierarchicalEBResidualXGB",199,"C022","S03","reference_stratum_1","ear_status_2",32.1,5.5,23,38.5,38.498301200515,0.00169879948502683,"global_exact+eb_exact+xgb_residual",0.208650610441999,38.4813173498091,38.4781729608049,38.4735015715147,38.5039624840836,38.7310389916188,38.7171707643622,38.3881731888575,38.389888332372,38.7106569240883,38.5013849000652,38.4808235168457,0.25,0,0,0.75,0,0,0,0,0,0,0
"fixed_real_measurement_analysis_set","within_cow_random5",2,"StrictHierarchicalEBResidualXGB",210,"C014","S03","reference_stratum_1","ear_status_2",32,6.9,12,38.2,38.2144002392422,-0.0144002392421498,"global_exact+eb_exact+xgb_residual",0.208650610441999,38.2110981201025,38.2448786810813,38.204428311726,38.215500945622,38.1404732425657,38.4590014462455,38.3230026054352,37.9891221034259,38.2049631591699,38.2077974841771,38.2389297485352,0.25,0,0,0.75,0,0,0,0,0,0,0
"fixed_real_measurement_analysis_set","within_cow_random5",2,"StrictHierarchicalEBResidualXGB",216,"C014","S03","reference_stratum_1","ear_status_2",33.2,8.8,14,38,38.046753654008,-0.0467536540079578,"global_exact+eb_exact+xgb_residual",0.208650610441999,38.0530091524378,38.1387888072283,38.2141471126353,38.0446684878647,38.1563397075264,38.3007561465433,38.3230026054352,37.9891221034259,38.1940148925637,38.1124745803178,38.280632019043,0.25,0,0,0.75,0,0,0,0,0,0,0
"fixed_real_measurement_analysis_set","within_cow_random5",2,"StrictHierarchicalEBResidualXGB",217,"C014","S03","reference_stratum_1","ear_status_2",33.5,11.2,15,38,38.0306472280952,-0.030647228095205,"global_exact+eb_exact+xgb_residual",0.208650610441999,38.0530091524378,38.1418187287055,38.2196253188776,38.0231932533144,38.0898121724088,38.2079249681672,38.3230026054352,37.9891221034259,38.1865864912237,38.078818891605,38.1953125,0.25,0,0,0.75,0,0,0,0,0,0,0
"fixed_real_measurement_analysis_set","within_cow_random5",2,"StrictHierarchicalEBResidualXGB",220,"C014","S03","reference_stratum_1","ear_status_2",32.1,9,19,39,39.1316055908473,-0.131605590847279,"global_exact+eb_exact+xgb_residual",0.208650610441999,38.8880091524378,38.7879301591599,38.6942910748332,39.2128044036505,39.1035453884572,39.1004320837391,38.3230026054352,39.0070698141917,38.4560957217905,38.8265249862159,38.5078430175781,0.25,0,0,0.75,0,0,0,0,0,0,0
"fixed_real_measurement_analysis_set","within_cow_random5",2,"StrictHierarchicalEBResidualXGB",224,"C014","S03","reference_stratum_1","ear_status_2",31.5,5.4,22,38.8,38.7745703050183,0.0254296949817174,"global_exact+eb_exact+xgb_residual",0.208650610441999,38.7210091524378,38.6536029619092,38.5901280619468,38.7924240225451,38.7706632362386,38.5206049172347,38.3230026054352,38.5152101650689,38.4931179102215,38.6755620953554,38.4448585510254,0.25,0,0,0.75,0,0,0,0,0,0,0
"fixed_real_measurement_analysis_set","within_cow_random5",2,"StrictHierarchicalEBResidualXGB",227,"C023","S03","reference_stratum_1","ear_status_2",30.7,5.4,0,38.3,38.3392704312842,-0.0392704312842014,"global_exact+eb_exact+xgb_residual",0.208650610441999,38.4221173498091,38.5362081984536,38.6423242110135,38.3116547917759,38.345131321345,38.4010081953911,39.0372823842598,38.5379410723328,38.9870517175503,38.4941703873233,38.7289810180664,0.25,0,0,0.75,0,0,0,0,0,0,0
"fixed_real_measurement_analysis_set","within_cow_random5",2,"StrictHierarchicalEBResidualXGB",235,"C023","S03","reference_stratum_1","ear_status_2",33.2,6.8,12,39,38.9991647374075,0.000835262592545405,"global_exact+eb_exact+xgb_residual",0.208650610441999,39.084875708258,38.9629058679449,38.9252181396328,38.9705944137906,38.8970804482672,38.4103024586173,39.0372823842598,38.9041501943113,38.9687762580132,38.964719204104,38.903491973877,0.25,0,0,0.75,0,0,0,0,0,0,0
"fixed_real_measurement_analysis_set","within_cow_random5",2,"StrictHierarchicalEBResidualXGB",236,"C023","S03","reference_stratum_1","ear_status_2",33.2,6.8,12,39,38.9991647374075,0.000835262592545405,"global_exact+eb_exact+xgb_residual",0.208650610441999,39.084875708258,38.9629058679449,38.9252181396328,38.9705944137906,38.8970804482672,38.4103024586173,39.0372823842598,38.9041501943113,38.9112226935238,38.924976437341,38.8093109130859,0.25,0,0,0.75,0,0,0,0,0,0,0
"fixed_real_measurement_analysis_set","within_cow_random5",2,"StrictHierarchicalEBResidualXGB",243,"C023","S03","reference_stratum_1","ear_status_2",32.4,11.2,15,39.1,39.0828079561679,0.0171920438321038,"global_exact+eb_exact+xgb_residual",0.208650610441999,39.0885751416516,39.0291170435857,38.9807355291484,39.0808855610067,39.0259823851747,38.9343415287244,39.0372823842598,38.9041501943113,38.8343007884556,38.9891262347709,38.8415069580078,0.25,0,0,0.75,0,0,0,0,0,0,0
"fixed_real_measurement_analysis_set","within_cow_random5",2,"StrictHierarchicalEBResidualXGB",246,"C023","S03","reference_stratum_1","ear_status_2",35.3,9.1,15,39,38.9906925715525,0.00930742844749233,"global_exact+eb_exact+xgb_residual",0.208650610441999,39.0085751416516,38.9735614880301,38.9450212434341,38.9847317148528,38.940876002196,38.8676748620578,39.0372823842598,38.9041501943113,38.9289196640754,38.9537895339854,38.8431663513184,0.25,0,0,0.75,0,0,0,0,0,0,0
"fixed_real_measurement_analysis_set","within_cow_random5",2,"StrictHierarchicalEBResidualXGB",247,"C023","S03","reference_stratum_1","ear_status_2",32.1,9,19,39.1,39.1821326401901,-0.0821326401901175,"global_exact+eb_exact+xgb_residual",0.208650610441999,39.0901173498091,39.0612545517755,39.0368053409036,39.2128044036505,39.1035453884572,39.1004320837391,39.0372823842598,39.4995502049782,39.0705148707486,39.1063170564843,39.2717590332031,0.25,0,0,0.75,0,0,0,0,0,0,0
"fixed_real_measurement_analysis_set","within_cow_random5",2,"StrictHierarchicalEBResidualXGB",277,"C011","S03","reference_stratum_1","ear_status_2",30.2,13.4,21,38.4,38.5149163073214,-0.114916307321373,"global_exact+eb_exact+xgb_residual",0.208650610441999,38.2505914707655,38.3622350590494,38.3901459561204,38.6030245861733,38.6030245861733,38.6030245861733,38.2401723663881,38.47974196203,38.6645963594616,38.3541447967481,38.3367462158203,0.25,0,0,0.75,0,0,0,0,0,0,0
"fixed_real_measurement_analysis_set","within_cow_random5",2,"StrictHierarchicalEBResidualXGB",279,"C011","S03","reference_stratum_1","ear_status_2",30.6,10.9,23,38.2,38.5149163073214,-0.314916307321369,"global_exact+eb_exact+xgb_residual",0.208650610441999,38.2505914707655,38.3263760096444,38.3453221443641,38.6030245861733,38.6030245861733,38.6030245861733,38.2401723663881,38.5409738939133,38.7120270328877,38.327706973446,38.2662963867188,0.25,0,0,0.75,0,0,0,0,0,0,0
"fixed_real_measurement_analysis_set","within_cow_random5",2,"StrictHierarchicalEBResidualXGB",283,"C004","S04","reference_stratum_1","ear_status_1",31.8,6.9,12,38.7,38.6970959906695,0.00290400933049995,"global_exact",0.184636935893382,38.5754025331039,38.5647000172568,38.5680040201054,38.6970959906695,38.5919448030918,38.4602644563181,38.6111044883097,38.4384846557111,38.4653344498491,38.5464510233534,38.5022926330566,0,0,0,1,0,0,0,0,0,0,0
"fixed_real_measurement_analysis_set","within_cow_random5",2,"StrictHierarchicalEBResidualXGB",289,"C004","S04","reference_stratum_1","ear_status_1",36.4,9.1,15,38.5,38.5092219079561,-0.00922190795608202,"global_exact",0.184636935893382,38.5579025331039,38.5633346640514,38.5734848285987,38.5092219079561,38.5322766778463,38.5622478787036,38.6111044883097,38.4384846557111,38.7181712918342,38.5693145549865,38.5674133300781,0,0,0,1,0,0,0,0,0,0,0
"fixed_real_measurement_analysis_set","within_cow_random5",2,"StrictHierarchicalEBResidualXGB",292,"C004","S04","reference_stratum_1","ear_status_1",33.7,5.5,23,38,38.0462589449931,-0.0462589449931201,"global_exact",0.184636935893382,38.612609131035,38.6183954578156,38.6198420395108,38.0462589449931,38.8778329919753,39.0155619696759,38.6111044883097,38.63452014977,39.0002380828729,38.6663886670286,38.7175483703613,0,0,0,1,0,0,0,0,0,0,0
"fixed_real_measurement_analysis_set","within_cow_random5",2,"StrictHierarchicalEBResidualXGB",298,"C028","S04","reference_stratum_1","ear_status_1",32.8,8,13,39.2,39.1778652214387,0.0221347785612664,"global_exact",0.184636935893382,39.009923720828,38.9024215770958,38.8827025316456,39.1778652214387,39.114286602167,38.9540826262345,39.0574791572959,38.8906928814577,38.7764790103546,38.878441509053,38.8464508056641,0,0,0,1,0,0,0,0,0,0,0
"fixed_real_measurement_analysis_set","within_cow_random5",2,"StrictHierarchicalEBResidualXGB",301,"C028","S04","reference_stratum_1","ear_status_1",36,9.1,15,38.9,38.8795922783264,0.0204077216735499,"global_exact",0.184636935893382,39.054452994943,38.9597935106951,38.9361286396331,38.8795922783264,38.8285729741426,38.7622478787036,39.0574791572959,38.8906928814577,38.9376595696692,38.9460573213521,38.8612365722656,0,0,0,1,0,0,0,0,0,0,0
"fixed_real_measurement_analysis_set","within_cow_random5",2,"StrictHierarchicalEBResidualXGB",302,"C028","S04","reference_stratum_1","ear_status_1",33.7,9,19,40,39.9470959906695,0.0529040093304971,"global_exact",0.184636935893382,39.054452994943,38.9806142538556,38.9621545685837,39.9470959906695,39.7951376659968,39.5414985858024,39.0574791572959,39.3937764524197,39.135290872706,39.0381325647005,39.287784576416,0,0,0,1,0,0,0,0,0,0,0
"fixed_real_measurement_analysis_set","within_cow_random5",2,"StrictHierarchicalEBResidualXGB",306,"C008","S04","reference_stratum_1","ear_status_1",31.8,5.4,0,38.1,38.1201729137464,-0.0201729137464284,"global_exact",0.184636935893382,38.4203472262731,38.4432526006728,38.4489789442727,38.1201729137464,38.1781163894011,38.2748319191357,38.4160484659007,38.4315755210991,38.3440431434688,38.4219562857776,38.3316421508789,0,0,0,1,0,0,0,0,0,0,0
"fixed_real_measurement_analysis_set","within_cow_random5",2,"StrictHierarchicalEBResidualXGB",310,"C008","S04","reference_stratum_1","ear_status_1",33.2,9.3,13,38.1,38.1388515375857,-0.0388515375857068,"global_exact",0.184636935893382,38.4342864616753,38.441076505352,38.4405337820102,38.1388515375857,38.393604034356,38.4424495757407,38.4160484659007,38.3520313571503,38.2467218755803,38.3918620081434,38.2621040344238,0,0,0,1,0,0,0,0,0,0,0
"fixed_real_measurement_analysis_set","within_cow_random5",2,"StrictHierarchicalEBResidualXGB",315,"C008","S04","reference_stratum_1","ear_status_1",31.3,6,21,38.4,38.4166293153635,-0.0166293153634882,"global_exact",0.184636935893382,38.4203472262731,38.4935564190811,38.5118587172831,38.4166293153635,38.8188535394684,38.6824495757407,38.4160484659007,38.5418075860167,38.5461923883102,38.5828410700625,38.7980079650879,0,0,0,1,0,0,0,0,0,0,0
"fixed_real_measurement_analysis_set","within_cow_random5",2,"StrictHierarchicalEBResidualXGB",319,"C030","S04","reference_stratum_1","ear_status_1",26.6,5,11,38.9,38.8894036829772,0.0105963170228023,"global_exact",0.184636935893382,38.4126344891136,38.497952749938,38.4924403090912,38.8894036829772,38.8589674532308,38.808165252469,38.242178667627,38.8622230484953,38.1274178001868,38.495356079642,38.4221229553223,0,0,0,1,0,0,0,0,0,0,0
"fixed_real_measurement_analysis_set","within_cow_random5",2,"StrictHierarchicalEBResidualXGB",328,"C030","S04","reference_stratum_1","ear_status_1",30.5,9,19,38.2,38.2314441301783,-0.0314441301783006,"global_exact",0.184636935893382,38.245617562562,38.3335459079508,38.355527994298,38.2314441301783,38.7219622433112,38.7061239393518,38.242178667627,38.4810516996596,38.3559226617749,38.3364877301183,38.3421745300293,0,0,0,1,0,0,0,0,0,0,0
"fixed_real_measurement_analysis_set","within_cow_random5",2,"StrictHierarchicalEBResidualXGB",329,"C030","S04","reference_stratum_1","ear_status_1",29.6,6,21,38.3,38.3124806060541,-0.0124806060541189,"global_exact",0.184636935893382,38.245617562562,38.3537726881122,38.3808114694998,38.3124806060541,38.3483291553585,38.408165252469,38.242178667627,38.4810516996596,38.4493674724749,38.4170755626773,38.6062850952148,0,0,0,1,0,0,0,0,0,0,0
"fixed_real_measurement_analysis_set","within_cow_random5",2,"StrictHierarchicalEBResidualXGB",334,"C018","S04","reference_stratum_1","ear_status_1",31.5,5,11,38.7,38.6944070931413,0.00559290685873748,"global_exact",0.184636935893382,39.3600007473896,39.2517468664324,39.1517288762177,38.6944070931413,38.6804248259944,38.6622478787036,38.9088215751444,40.3325865551115,38.8810905314109,39.2513986212894,38.9362869262695,0,0,0,1,0,0,0,0,0,0,0
"fixed_real_measurement_analysis_set","within_cow_random5",2,"StrictHierarchicalEBResidualXGB",337,"C018","S04","reference_stratum_1","ear_status_1",32.8,9.3,13,38.5,38.6791259174395,-0.179125917439485,"global_exact",0.184636935893382,38.8525007473896,38.7766122196378,38.7662480677244,38.6791259174395,38.4692902413284,38.4424495757407,38.9088215751444,38.5686248083239,38.8681666722363,38.7609604571523,38.6833801269531,0,0,0,1,0,0,0,0,0,0,0
"fixed_real_measurement_analysis_set","within_cow_random5",2,"StrictHierarchicalEBResidualXGB",341,"C018","S04","reference_stratum_1","ear_status_1",32.3,9,19,39.1,39.0817113752849,0.0182886247151117,"global_exact",0.184636935893382,38.9060615119874,38.8619010674911,38.850860956367,39.0817113752849,39.0291802191883,39.1034993939153,38.9088215751444,39.0174975953537,39.0215479674381,38.8978971879142,39.0131912231445,0,0,0,1,0,0,0,0,0,0,0
"fixed_real_measurement_analysis_set","within_cow_random5",2,"StrictHierarchicalEBResidualXGB",351,"C025","S04","reference_stratum_1","ear_status_1",28.7,5.4,0,38.9,38.8795922783264,0.0204077216735499,"global_exact",0.184636935893382,38.6159861167824,38.5997637130802,38.5957081121546,38.8795922783264,38.8285729741426,38.5311239393518,38.6140260766307,38.5602609680736,38.6202144801872,38.5715908140426,38.5594444274902,0,0,0,1,0,0,0,0,0,0,0
"fixed_real_measurement_analysis_set","within_cow_random5",2,"StrictHierarchicalEBResidualXGB",359,"C025","S04","reference_stratum_1","ear_status_1",31.8,5.5,23,38.8,38.7932498368233,0.00675016317664756,"global_exact",0.184636935893382,38.6159861167824,38.6210970464135,38.6223747788213,38.7932498368233,38.7738610702521,38.7414985858024,38.6140260766307,38.6364191821786,38.9868996402282,38.6591915595318,38.7015914916992,0,0,0,1,0,0,0,0,0,0,0
"fixed_real_measurement_analysis_set","within_cow_random5",2,"StrictHierarchicalEBResidualXGB",363,"C010","S04","reference_stratum_1","ear_status_1",29.7,6.9,12,38.1,38.1388515375857,-0.0388515375857068,"global_exact",0.184636935893382,38.4790853819708,38.4864453352863,38.4807541434551,38.1388515375857,38.23598038155,38.3622478787036,38.4299450610697,38.594656569131,38.176344895667,38.4372980795676,38.1663017272949,0,0,0,1,0,0,0,0,0,0,0
"fixed_real_measurement_analysis_set","within_cow_random5",2,"StrictHierarchicalEBResidualXGB",367,"C010","S04","reference_stratum_1","ear_status_1",31.2,8.8,14,39,38.972184870919,0.0278151290809561,"global_exact",0.184636935893382,38.4322247054191,38.4589670711078,38.4656526625299,38.972184870919,38.9026470482167,38.8122478787036,38.4299450610697,38.594656569131,38.1892657362128,38.4225198217548,38.284008026123,0,0,0,1,0,0,0,0,0,0,0
"fixed_real_measurement_analysis_set","within_cow_random5",2,"StrictHierarchicalEBResidualXGB",371,"C010","S04","reference_stratum_1","ear_status_1",31.5,6,21,38.2,38.2163267599003,-0.0163267599002737,"global_exact",0.184636935893382,38.4322247054191,38.5030584023979,38.5207668266426,38.2163267599003,38.2632227723798,38.6824495757407,38.4299450610697,38.4347110468432,38.5394655472714,38.5894743861344,38.7566719055176,0,0,0,1,0,0,0,0,0,0,0
"fixed_real_measurement_analysis_set","within_cow_random5",2,"StrictHierarchicalEBResidualXGB",376,"C019","S04","reference_stratum_1","ear_status_1",31,6.1,11,38,38.0240190675926,-0.0240190675925831,"global_exact",0.184636935893382,38.3786544900587,38.4727869931212,38.4921833401388,38.0240190675926,39.6092241756051,39.5248991514814,38.3490505858673,38.5042082693203,38.258716216912,38.476618242783,38.3484001159668,0,0,0,1,0,0,0,0,0,0,0
"fixed_real_measurement_analysis_set","within_cow_random5",2,"StrictHierarchicalEBResidualXGB",381,"C019","S04","reference_stratum_1","ear_status_1",33.2,8.8,14,38,38.0462589449931,-0.0462589449931201,"global_exact",0.184636935893382,38.3529145334045,38.3955189334961,38.4061700335189,38.0462589449931,38.1619063074759,38.3061239393518,38.3490505858673,38.0356798230783,38.257512402701,38.3581445301684,38.2708129882812,0,0,0,1,0,0,0,0,0,0,0
"fixed_real_measurement_analysis_set","within_cow_random5",2,"StrictHierarchicalEBResidualXGB",383,"C019","S04","reference_stratum_1","ear_status_1",32.1,9,19,39,39.213225407008,-0.213225407007982,"global_exact",0.184636935893382,38.3529145334045,38.4193834846248,38.4360007224299,39.213225407008,39.1045678251826,39.1034993939153,38.3490505858673,38.9113415317848,38.5187237423179,38.4675667357971,38.5698661804199,0,0,0,1,0,0,0,0,0,0,0
"fixed_real_measurement_analysis_set","within_cow_random5",2,"StrictHierarchicalEBResidualXGB",394,"C005","S04","reference_stratum_1","ear_status_1",33.7,8.8,14,38.6,38.6009421445157,-0.000942144515654775,"global_exact",0.184636935893382,38.9496354197048,38.8728956425363,38.8537106982442,38.6009421445157,38.5559939115155,38.5749279653439,38.9505700610696,38.9734901619058,38.8609875640779,38.8515080096001,38.7789421081543,0,0,0,1,0,0,0,0,0,0,0
"fixed_real_measurement_analysis_set","within_cow_random5",2,"StrictHierarchicalEBResidualXGB",397,"C005","S04","reference_stratum_1","ear_status_1",32.1,9,19,39.1,39.213225407008,-0.113225407007981,"global_exact",0.184636935893382,38.9496354197048,38.896760193665,38.8835413871551,39.213225407008,39.1045678251826,39.1034993939153,38.9505700610696,38.9415061053973,39.017234866837,38.9375213068319,39.2222709655762,0,0,0,1,0,0,0,0,0,0,0
"fixed_real_measurement_analysis_set","within_cow_random5",2,"StrictHierarchicalEBResidualXGB",398,"C005","S04","reference_stratum_1","ear_status_1",33.5,6,21,39.9,39.8509421445157,0.0490578554843424,"global_exact",0.184636935893382,38.9496354197048,38.9169869738265,38.9088248623569,39.8509421445157,39.7100312830181,39.4748319191357,38.9505700610696,38.9415061053973,39.2016843948481,39.0166647824093,39.4306488037109,0,0,0,1,0,0,0,0,0,0,0
"fixed_real_measurement_analysis_set","within_cow_random5",2,"StrictHierarchicalEBResidualXGB",1002,"C017","S01","reference_stratum_2","ear_status_1",36.6,34.5,18,39.3,39.4389983102066,-0.138998310206553,"may_session_hour+may_session+direct_xgb",0.419652418358223,39.4724875335635,39.4364279387663,39.427413040067,39.260454758556,39.260454758556,39.260454758556,39.4593909998144,39.4322007470039,39.4370913684398,39.4282901147524,39.5381507873535,0,0,0,0,0,0,0.25,0.75,0,0,0
"fixed_real_measurement_analysis_set","within_cow_random5",2,"StrictHierarchicalEBResidualXGB",1007,"C017","S01","reference_stratum_2","ear_status_1",36,32.9,21,39.3,39.4720439470566,-0.172043947056636,"may_session_hour+may_session+direct_xgb",0.419652418358223,39.5473022151899,39.5088856722286,39.4872577483698,39.260454758556,39.260454758556,39.260454758556,39.4593909998144,39.4762615961374,39.6174351650535,39.5563692691794,39.6374244689941,0,0,0,0,0,0,0.25,0.75,0,0,0
"fixed_real_measurement_analysis_set","within_cow_random5",2,"StrictHierarchicalEBResidualXGB",1008,"C017","S01","reference_stratum_2","ear_status_1",36.6,33.9,21,39.4,39.2105055660965,0.189494433903469,"may_session_hour+may_session+direct_xgb",0.419652418358223,39.5473022151899,39.5088856722286,39.4872577483698,39.260454758556,38.6132592193594,38.7534849195187,39.33801737833,39.1680016286854,39.560618702864,39.5031941187626,39.5255966186523,0,0,0,0,0,0,0.25,0.75,0,0,0
"fixed_real_measurement_analysis_set","within_cow_random5",2,"StrictHierarchicalEBResidualXGB",1017,"C020","S01","reference_stratum_2","ear_status_1",37.7,36.9,14,39.1,39.1755516463273,-0.0755516463273196,"may_session_hour+may_session+direct_xgb",0.419652418358223,39.4651958668968,39.3946753424039,39.3770452112807,39.260454758556,39.260454758556,39.260454758556,39.2140803414432,39.1627087479554,39.1181218188078,39.3201928865543,39.2364654541016,0,0,0,0,0,0,0.25,0.75,0,0,0
"fixed_real_measurement_analysis_set","within_cow_random5",2,"StrictHierarchicalEBResidualXGB",1018,"C020","S01","reference_stratum_2","ear_status_1",36.6,35,15,39.1,39.1755516463273,-0.0755516463273196,"may_session_hour+may_session+direct_xgb",0.419652418358223,39.4651958668968,39.3840871071098,39.3638099171631,39.260454758556,38.4749327151812,39.260454758556,39.2140803414432,39.1627087479554,39.2189284807234,39.2633656998752,39.1351509094238,0,0,0,0,0,0,0.25,0.75,0,0,0
"fixed_real_measurement_analysis_set","within_cow_random5",2,"StrictHierarchicalEBResidualXGB",1028,"C020","S01","reference_stratum_2","ear_status_1",36.2,33.9,23,40.2,40.0505383634822,0.149461636517785,"may_session_hour+may_session+direct_xgb",0.419652418358223,39.4712865901899,39.4571079695292,39.4525844481205,39.260454758556,39.260454758556,39.260454758556,40.0038110291237,40.0661141416017,39.7603225318357,39.4623893033407,39.6008453369141,0,0,0,0,0,0,0.25,0.75,0,0,0
"fixed_real_measurement_analysis_set","within_cow_random5",2,"StrictHierarchicalEBResidualXGB",1032,"C009","S01","reference_stratum_2","ear_status_1",39.3,38.8,15,39.5,39.2582726100669,0.241727389933089,"may_session_hour+may_session+direct_xgb",0.419652418358223,39.7064700805524,39.5771064780343,39.5447655774047,39.260454758556,39.260454758556,39.260454758556,39.3020538351709,39.2436788683656,39.3832872784109,39.5125137589562,39.3217124938965,0,0,0,0,0,0,0.25,0.75,0,0,0
"fixed_real_measurement_analysis_set","within_cow_random5",2,"StrictHierarchicalEBResidualXGB",1036,"C009","S01","reference_stratum_2","ear_status_1",33.4,26.5,23,40.8,40.3269033181865,0.473096681813509,"may_session_hour+may_session+direct_xgb",0.419652418358223,39.7064700805524,39.6453417721519,39.6300596950518,39.260454758556,39.260454758556,39.260454758556,40.2446672257745,40.3543153489905,40.1729973299368,39.7519443068037,39.6953163146973,0,0,0,0,0,0,0.25,0.75,0,0,0
"fixed_real_measurement_analysis_set","within_cow_random5",2,"StrictHierarchicalEBResidualXGB",1045,"C012","S01","reference_stratum_2","ear_status_1",37.7,36.2,19,39.5,39.41595815492,0.084041845079966,"may_session_hour+may_session+direct_xgb",0.419652418358223,39.6060925024343,39.5327121802248,39.5179838895282,39.260454758556,39.260454758556,39.260454758556,39.4496878772562,39.4047149141413,39.7298226566364,39.5537827239015,39.5776023864746,0,0,0,0,0,0,0.25,0.75,0,0,0
"fixed_real_measurement_analysis_set","within_cow_random5",2,"StrictHierarchicalEBResidualXGB",1046,"C012","S01","reference_stratum_2","ear_status_1",37.5,35.7,20,39.8,39.4291386979546,0.370861302045405,"may_session_hour+may_session+direct_xgb",0.419652418358223,39.6285969726476,39.550221651766,39.5306278215455,39.260454758556,39.260454758556,39.260454758556,39.4493740894544,39.4223935674546,39.6673038703009,39.6260557323428,39.6601829528809,0,0,0,0,0,0,0.25,0.75,0,0,0
"fixed_real_measurement_analysis_set","within_cow_random5",2,"StrictHierarchicalEBResidualXGB",1047,"C012","S01","reference_stratum_2","ear_status_1",36.8,35,21,40,39.4291386979546,0.570861302045408,"may_session_hour+may_session+direct_xgb",0.419652418358223,39.5885925024343,39.5435581756218,39.5387288837745,39.260454758556,39.260454758556,39.260454758556,39.4493740894544,39.4223935674546,39.7307624002875,39.5108001222297,39.5512466430664,0,0,0,0,0,0,0.25,0.75,0,0,0
"fixed_real_measurement_analysis_set","within_cow_random5",2,"StrictHierarchicalEBResidualXGB",1051,"C006","S01","reference_stratum_2","ear_status_1",30.1,23.5,1,39.8,39.521555976964,0.278444023035988,"may_session_hour+may_session+direct_xgb",0.419652418358223,39.1186446860102,39.1894026795989,39.2070921779961,39.260454758556,39.260454758556,39.260454758556,39.4433800199053,39.5476146293169,39.090367135357,39.2147511268621,39.3436088562012,0,0,0,0,0,0,0.25,0.75,0,0,0
"fixed_real_measurement_analysis_set","within_cow_random5",2,"StrictHierarchicalEBResidualXGB",1052,"C006","S01","reference_stratum_2","ear_status_1",35.1,31.4,13,38.5,39.3867325998623,-0.88673259986227,"may_session_hour+may_session+direct_xgb",0.419652418358223,39.0278818659584,39.0218314869137,39.0349057739465,39.260454758556,38.7712290114775,39.260454758556,39.3340346777706,39.4042985738928,38.8259430376367,38.9578505350084,38.8755416870117,0,0,0,0,0,0,0.25,0.75,0,0,0
"fixed_real_measurement_analysis_set","within_cow_random5",2,"StrictHierarchicalEBResidualXGB",1064,"C006","S01","reference_stratum_2","ear_status_1",32.8,27.7,24,40,39.4914963302792,0.508503669720767,"may_session_hour+may_session+direct_xgb",0.419652418358223,39.1186446860102,39.1671974519152,39.1793356433914,39.260454758556,39.260454758556,39.260454758556,39.4433800199053,39.5075351004039,39.3905235678616,39.2073689633865,39.3949661254883,0,0,0,0,0,0,0.25,0.75,0,0,0
"fixed_real_measurement_analysis_set","within_cow_random5",2,"StrictHierarchicalEBResidualXGB",1066,"C015","S01","reference_stratum_2","ear_status_1",34.7,32,12,38.2,38.3173334038937,-0.117333403893724,"may_session_hour+may_session+direct_xgb",0.419652418358223,38.9916657522436,39.3915736013846,39.2406699297489,39.260454758556,39.5860438262923,39.480227379278,38.4176876553875,38.2838819867291,38.6164061662275,39.2922419244247,38.5782775878906,0,0,0,0,0,0,0.25,0.75,0,0,0
"fixed_real_measurement_analysis_set","within_cow_random5",2,"StrictHierarchicalEBResidualXGB",1070,"C015","S01","reference_stratum_2","ear_status_1",36.6,35.5,14,38.3,38.7603409229885,-0.460340922988472,"may_session_hour+may_session+direct_xgb",0.419652418358223,38.7291657522436,38.8074547832639,38.8450667825728,39.260454758556,39.260454758556,39.130227379278,38.7914492735162,38.7499714728125,38.4973126416635,38.6507536506088,38.4389266967773,0,0,0,0,0,0,0.25,0.75,0,0,0
"fixed_real_measurement_analysis_set","within_cow_random5",2,"StrictHierarchicalEBResidualXGB",1076,"C015","S01","reference_stratum_2","ear_status_1",35.5,33.1,19,39,39.6706899139885,-0.670689913988511,"may_session_hour+may_session+direct_xgb",0.419652418358223,38.7816657522436,38.6660901423214,38.7612020684962,39.260454758556,38.6971549374034,38.880227379278,39.4880228414743,39.7315789381599,38.9051676585542,38.6769650824039,38.8483276367188,0,0,0,0,0,0,0.25,0.75,0,0,0
"fixed_real_measurement_analysis_set","within_cow_random5",2,"StrictHierarchicalEBResidualXGB",1080,"C015","S01","reference_stratum_2","ear_status_1",34.2,30.8,22,38.4,38.9771306189057,-0.577130618905706,"may_session_hour+may_session+direct_xgb",0.419652418358223,38.8341657522436,38.989576985931,39.0295945359065,39.260454758556,39.260454758556,39.330227379278,38.7185367886787,39.0633285623147,39.1525421069117,39.0978003049846,39.014892578125,0,0,0,0,0,0,0.25,0.75,0,0,0
"fixed_real_measurement_analysis_set","within_cow_random5",2,"StrictHierarchicalEBResidualXGB",1083,"C007","S01","reference_stratum_2","ear_status_1",35.7,29,1,40.1,39.2535752715178,0.846424728482184,"may_session_hour+may_session+direct_xgb",0.419652418358223,39.5024344712952,39.4964345078269,39.4949345169598,39.260454758556,39.260454758556,39.260454758556,39.0800163515037,39.3114282448559,39.5176829890628,39.5503972153464,39.736442565918,0,0,0,0,0,0,0.25,0.75,0,0,0
"fixed_real_measurement_analysis_set","within_cow_random5",2,"StrictHierarchicalEBResidualXGB",1090,"C007","S01","reference_stratum_2","ear_status_1",38.3,35.7,15,39.7,38.7887764837749,0.911223516225085,"may_session_hour+may_session+direct_xgb",0.419652418358223,39.5370084388186,39.4410432508255,39.4114954233324,39.260454758556,39.260454758556,39.480227379278,38.8720874309703,38.7610061680431,39.2682237423352,39.4484490008133,39.4412689208984,0,0,0,0,0,0,0.25,0.75,0,0,0
"fixed_real_measurement_analysis_set","within_cow_random5",2,"StrictHierarchicalEBResidualXGB",1097,"C007","S01","reference_stratum_2","ear_status_1",35,28.7,22,39.2,38.8250662435268,0.37493375647324,"may_session_hour+may_session+direct_xgb",0.419652418358223,39.6417528193326,39.6335528449047,39.6091124025061,39.260454758556,39.260454758556,39.260454758556,39.0800163515037,38.7400828742011,39.6799617929196,39.7536636472572,39.6315155029297,0,0,0,0,0,0,0.25,0.75,0,0,0
"fixed_real_measurement_analysis_set","within_cow_random5",2,"StrictHierarchicalEBResidualXGB",1101,"C007","S01","reference_stratum_2","ear_status_1",34.6,27.1,24,40.2,38.8250662435268,1.37493375647324,"may_session_hour+may_session+direct_xgb",0.419652418358223,39.5024344712952,39.4742292801432,39.4671779823552,39.260454758556,39.260454758556,39.260454758556,39.0800163515037,38.7400828742011,39.932993273918,39.5208887870006,39.7284126281738,0,0,0,0,0,0,0.25,0.75,0,0,0
"fixed_real_measurement_analysis_set","within_cow_random5",2,"StrictHierarchicalEBResidualXGB",1106,"C013","S01","reference_stratum_2","ear_status_1",35.8,32.1,19,39.3,39.2126154135646,0.0873845864353484,"may_session_hour+may_session+direct_xgb",0.419652418358223,38.8502485173055,38.9284738285305,38.9565613557904,39.260454758556,39.260454758556,39.286818252852,39.1679753710015,39.2274954277524,38.8146197317404,38.9178916636692,38.881462097168,0,0,0,0,0,0,0.25,0.75,0,0,0
"fixed_real_measurement_analysis_set","within_cow_random5",2,"StrictHierarchicalEBResidualXGB",1107,"C013","S01","reference_stratum_2","ear_status_1",34.5,29.7,21,39.2,39.3342520293424,-0.13425202934237,"may_session_hour+may_session+direct_xgb",0.419652418358223,38.8327485173055,38.9393198239275,38.8068397964521,39.260454758556,39.8082660485145,39.2534849195187,39.1671628027912,39.3899484381928,38.7437778261953,39.0438914718696,39.0885124206543,0,0,0,0,0,0,0.25,0.75,0,0,0
"fixed_real_measurement_analysis_set","within_cow_random5",2,"StrictHierarchicalEBResidualXGB",1119,"C024","S01","reference_stratum_2","ear_status_1",38.2,37.2,15,38.4,38.2308565488481,0.169143451151861,"may_session_hour+may_session+direct_xgb",0.419652418358223,38.8226928401899,38.8719716337448,38.9055194971401,39.260454758556,39.260454758556,39.3201515861853,38.3533592572974,38.1900223126984,38.6558440249161,38.8014359367019,38.6805419921875,0,0,0,0,0,0,0.25,0.75,0,0,0
"fixed_real_measurement_analysis_set","within_cow_random5",2,"StrictHierarchicalEBResidualXGB",1120,"C024","S01","reference_stratum_2","ear_status_1",37.7,35.7,19,38.7,39.0898158964614,-0.389815896461393,"may_session_hour+may_session+direct_xgb",0.419652418358223,38.9547792002301,39.0113400460299,39.0254802574799,39.260454758556,39.260454758556,39.260454758556,39.0967868331478,39.0874922508993,39.0349829880399,39.0576103978869,39.0527572631836,0,0,0,0,0,0,0.25,0.75,0,0,0
"fixed_real_measurement_analysis_set","within_cow_random5",2,"StrictHierarchicalEBResidualXGB",1127,"C024","S01","reference_stratum_2","ear_status_1",36.3,33.3,22,38.5,38.8987762985189,-0.398776298518854,"may_session_hour+may_session+direct_xgb",0.419652418358223,39.3476928401899,39.394682071706,39.3432825445915,39.260454758556,39.4378956781442,39.930227379278,38.6122936423915,38.994270517228,39.1598094540904,39.384881959831,38.9908828735352,0,0,0,0,0,0,0.25,0.75,0,0,0
"fixed_real_measurement_analysis_set","within_cow_random5",2,"StrictHierarchicalEBResidualXGB",1129,"C024","S01","reference_stratum_2","ear_status_1",34,28.8,24,40.2,40.549792735368,-0.34979273536797,"may_session_hour+may_session+direct_xgb",0.419652418358223,38.9547792002301,39.0361050632911,39.0564365290564,39.260454758556,39.260454758556,39.260454758556,40.3041414274727,40.6316765046664,39.3187618113335,39.0903530684429,39.3692359924316,0,0,0,0,0,0,0.25,0.75,0,0,0
"fixed_real_measurement_analysis_set","within_cow_random5",3,"StrictHierarchicalEBResidualXGB",3,"C021","S03","reference_stratum_1","ear_status_2",31.5,18.3,13,38.2,38.4345422278223,-0.234542227822303,"global_exact+eb_exact+xgb_residual",0.1976308225254,38.2634308986753,38.2942420784103,38.3019448733441,38.6056535569694,38.6056535569694,38.6056535569694,38.2539410344749,38.2391004488002,38.2560053867245,38.2268868181574,38.2832489013672,0.5,0,0,0.5,0,0,0,0,0,0,0
"fixed_real_measurement_analysis_set","within_cow_random5",3,"StrictHierarchicalEBResidualXGB",4,"C021","S03","reference_stratum_1","ear_status_2",32.6,20.8,14,38.4,38.4345422278223,-0.0345422278223069,"global_exact+eb_exact+xgb_residual",0.1976308225254,38.2634308986753,38.314574531567,38.3273604397899,38.6056535569694,38.6056535569694,38.6056535569694,38.2539410344749,38.2391004488002,38.2094952457806,38.2458973073482,38.2783012390137,0.5,0,0,0.5,0,0,0,0,0,0,0
"fixed_real_measurement_analysis_set","within_cow_random5",3,"StrictHierarchicalEBResidualXGB",24,"C003","S03","reference_stratum_1","ear_status_2",33.3,9.3,13,38.5,38.502888354115,-0.00288835411503641,"global_exact+eb_exact+xgb_residual",0.1976308225254,38.5017131098851,38.49596822594,38.4955191110749,38.504063598345,38.2826128495214,38.6676089261616,38.5496306494362,38.4651148015204,38.5082536930288,38.462501339211,38.4639739990234,0.5,0,0,0.5,0,0,0,0,0,0,0
"fixed_real_measurement_analysis_set","within_cow_random5",3,"StrictHierarchicalEBResidualXGB",27,"C003","S03","reference_stratum_1","ear_status_2",33.1,11.2,14,38.5,38.5773643806069,-0.0773643806068662,"global_exact+eb_exact+xgb_residual",0.1976308225254,38.5490752042444,38.5430899760223,38.5415936689668,38.6056535569694,38.6056535569694,38.6056535569694,38.5496306494362,38.4651148015204,38.4316096625663,38.4677909961439,38.403018951416,0.5,0,0,0.5,0,0,0,0,0,0,0
"fixed_real_measurement_analysis_set","within_cow_random5",3,"StrictHierarchicalEBResidualXGB",28,"C003","S03","reference_stratum_1","ear_status_2",33.1,11.2,14,38.5,38.5773643806069,-0.0773643806068662,"global_exact+eb_exact+xgb_residual",0.1976308225254,38.5490752042444,38.5430899760223,38.5415936689668,38.6056535569694,38.6056535569694,38.6056535569694,38.5496306494362,38.4651148015204,38.5218466103394,38.5064294798768,38.4639739990234,0.5,0,0,0.5,0,0,0,0,0,0,0
"fixed_real_measurement_analysis_set","within_cow_random5",3,"StrictHierarchicalEBResidualXGB",31,"C003","S03","reference_stratum_1","ear_status_2",36.4,9.1,15,38.5,38.5005550207817,-0.000555020781703774,"global_exact+eb_exact+xgb_residual",0.1976308225254,38.4970464432184,38.5008931942565,38.5105843439685,38.504063598345,38.5157356361444,38.5352178523231,38.5496306494362,38.4651148015204,38.542424177985,38.4906871523989,38.5543632507324,0.5,0,0,0.5,0,0,0,0,0,0,0
"fixed_real_measurement_analysis_set","within_cow_random5",3,"StrictHierarchicalEBResidualXGB",33,"C003","S03","reference_stratum_1","ear_status_2",32,9,19,39,38.9552151189073,0.0447848810927383,"global_exact+eb_exact+xgb_residual",0.1976308225254,38.9255974087003,38.8535728635261,38.7868894229428,38.9848328291142,39.0929448062743,38.8685511856565,38.5496306494362,38.7209405435995,38.6404739884143,38.9605909170577,38.8293495178223,0.5,0,0,0.5,0,0,0,0,0,0,0
"fixed_real_measurement_analysis_set","within_cow_random5",3,"StrictHierarchicalEBResidualXGB",40,"C002","S03","reference_stratum_1","ear_status_2",32.9,5.4,0,38.2,38.2959656575715,-0.0959656575715115,"global_exact+eb_exact+xgb_residual",0.1976308225254,38.3618829035157,38.5146937801999,38.6566319098128,38.2300484116274,38.3051694406958,38.4028267784847,39.177805721337,38.5206462035523,39.1638219248316,38.526882969172,39.0901222229004,0.5,0,0,0.5,0,0,0,0,0,0,0
"fixed_real_measurement_analysis_set","within_cow_random5",3,"StrictHierarchicalEBResidualXGB",41,"C002","S03","reference_stratum_1","ear_status_2",30.8,6.1,11,39.5,39.4542408423849,0.0457591576150804,"global_exact+eb_exact+xgb_residual",0.1976308225254,39.4428796248864,39.3361703895619,39.2462511536291,39.4656020598834,39.389384863257,39.2018845189898,39.177805721337,39.2271425338061,39.1061507244444,39.3933454745104,39.3076324462891,0.5,0,0,0.5,0,0,0,0,0,0,0
"fixed_real_measurement_analysis_set","within_cow_random5",3,"StrictHierarchicalEBResidualXGB",44,"C002","S03","reference_stratum_1","ear_status_2",33.1,5,11,39.1,39.0931306849235,0.00686931507645738,"global_exact+eb_exact+xgb_residual",0.1976308225254,39.1228796248864,39.1139481673397,39.1033940107719,39.0633817449607,38.9718361073624,38.8528267784847,39.177805721337,39.2271425338061,39.0633322235548,39.1161079153333,39.0560989379883,0.5,0,0,0.5,0,0,0,0,0,0,0
"fixed_real_measurement_analysis_set","within_cow_random5",3,"StrictHierarchicalEBResidualXGB",49,"C002","S03","reference_stratum_1","ear_status_2",32.8,8,13,39.2,39.1780089802777,0.0219910197222788,"global_exact+eb_exact+xgb_residual",0.1976308225254,39.1788774391336,39.0934426630526,39.033273742822,39.1771405214219,39.1114803169954,38.9764133892423,39.177805721337,38.9305454531304,39.0270616416491,39.1034093056485,39.0493812561035,0.5,0,0,0.5,0,0,0,0,0,0,0
"fixed_real_measurement_analysis_set","within_cow_random5",3,"StrictHierarchicalEBResidualXGB",56,"C002","S03","reference_stratum_1","ear_status_2",36,9.1,15,38.9,38.917530943238,-0.0175309432380075,"global_exact+eb_exact+xgb_residual",0.1976308225254,38.9463829035157,38.9529538919305,38.9635530939685,38.8886789829604,38.8561611680593,38.8018845189898,39.177805721337,38.9305454531304,39.0934980515469,38.9505026590631,39.029052734375,0.5,0,0,0.5,0,0,0,0,0,0,0
"fixed_real_measurement_analysis_set","within_cow_random5",3,"StrictHierarchicalEBResidualXGB",66,"C029","S03","reference_stratum_1","ear_status_2",31.8,5.4,0,38.1,38.129475936215,-0.0294759362149577,"global_exact+eb_exact+xgb_residual",0.1976308225254,38.1395036587003,38.2051954645362,38.2627818742415,38.1194482137296,38.1753101042295,38.2685511856565,38.3410786692382,38.2233694996127,38.3504764611578,38.2014719898511,38.2996444702148,0.5,0,0,0.5,0,0,0,0,0,0,0
"fixed_real_measurement_analysis_set","within_cow_random5",3,"StrictHierarchicalEBResidualXGB",67,"C029","S03","reference_stratum_1","ear_status_2",35.7,6.1,11,38.1,38.129475936215,-0.0294759362149577,"global_exact+eb_exact+xgb_residual",0.1976308225254,38.1395036587003,38.2328682746794,38.3128153032952,38.1194482137296,38.1753101042295,38.2685511856565,38.3410786692382,38.2782783486476,38.2920977175052,38.2636122070309,38.5588302612305,0.5,0,0,0.5,0,0,0,0,0,0,0
"fixed_real_measurement_analysis_set","within_cow_random5",3,"StrictHierarchicalEBResidualXGB",78,"C029","S03","reference_stratum_1","ear_status_2",33.6,8.8,14,38.5,38.4906649240527,0.0093350759472699,"global_exact+eb_exact+xgb_residual",0.1976308225254,38.4735036587003,38.4544191056495,38.4359764039331,38.5078261894051,38.577466378147,38.5882066946212,38.3410786692382,38.2893892226032,38.2971847980315,38.4834684630489,38.3836555480957,0.5,0,0,0.5,0,0,0,0,0,0,0
"fixed_real_measurement_analysis_set","within_cow_random5",3,"StrictHierarchicalEBResidualXGB",81,"C029","S03","reference_stratum_1","ear_status_2",33.2,9,19,38.5,38.4887836285226,0.011216371477353,"global_exact+eb_exact+xgb_residual",0.1976308225254,38.4735036587003,38.4835065756473,38.4885675885272,38.504063598345,38.5157356361444,38.4176089261616,38.3410786692382,38.4555597463092,38.5251539536581,38.5403190110358,38.6146011352539,0.5,0,0,0.5,0,0,0,0,0,0,0
"fixed_real_measurement_analysis_set","within_cow_random5",3,"StrictHierarchicalEBResidualXGB",88,"C029","S03","reference_stratum_1","ear_status_2",32.2,5.5,23,38.9,38.8480913208303,0.0519086791696637,"global_exact+eb_exact+xgb_residual",0.1976308225254,38.8075036587003,38.7045732423139,38.6108533028129,38.8886789829604,38.6564446252223,38.6509422594949,38.3410786692382,38.538305528326,38.5490695554967,38.7328105683846,38.418140411377,0.5,0,0,0.5,0,0,0,0,0,0,0
"fixed_real_measurement_analysis_set","within_cow_random5",3,"StrictHierarchicalEBResidualXGB",96,"C001","S03","reference_stratum_1","ear_status_2",31.3,6.9,12,38.3,38.3021698685217,-0.00216986852168333,"global_exact+eb_exact+xgb_residual",0.1976308225254,38.2925838310061,38.3042786543077,38.3182323116465,38.3117559060373,38.3455228701869,38.4018845189898,38.3089922160125,38.1693311755119,38.2728477178909,38.2943511347106,38.2767639160156,0.5,0,0,0.5,0,0,0,0,0,0,0
"fixed_real_measurement_analysis_set","within_cow_random5",3,"StrictHierarchicalEBResidualXGB",98,"C001","S03","reference_stratum_1","ear_status_2",31.9,6.8,12,38,38.0379390992909,-0.0379390992909165,"global_exact+eb_exact+xgb_residual",0.1976308225254,38.0525838310061,38.1376119876411,38.2110894545036,38.0232943675757,38.6530377748845,38.5316033473106,38.3089922160125,38.1693311755119,38.2425630519785,38.1257930515464,38.2476234436035,0.5,0,0,0.5,0,0,0,0,0,0,0
"fixed_real_measurement_analysis_set","within_cow_random5",3,"StrictHierarchicalEBResidualXGB",99,"C001","S03","reference_stratum_1","ear_status_2",31.6,9.3,13,38,38.0470423702724,-0.0470423702724361,"global_exact+eb_exact+xgb_residual",0.1976308225254,38.0492215141027,38.1250004044503,38.1927260346338,38.0448632264422,38.1570212925476,38.3028267784847,38.3089922160125,38.1693311755119,38.1923680423122,38.0563795289725,38.2006492614746,0.5,0,0,0.5,0,0,0,0,0,0,0
"fixed_real_measurement_analysis_set","within_cow_random5",3,"StrictHierarchicalEBResidualXGB",111,"C001","S03","reference_stratum_1","ear_status_2",29.6,6,21,38.3,38.3147365819922,-0.0147365819922172,"global_exact+eb_exact+xgb_residual",0.1976308225254,38.3068321597645,38.4017955404384,38.4255363856069,38.3226410042199,38.3792435147698,38.4528267784847,38.3089922160125,38.2908721715349,38.4000993772749,38.3880266309393,38.2899436950684,0.5,0,0,0.5,0,0,0,0,0,0,0
"fixed_real_measurement_analysis_set","within_cow_random5",3,"StrictHierarchicalEBResidualXGB",112,"C001","S03","reference_stratum_1","ear_status_2",29.6,6,21,38.3,38.3147365819922,-0.0147365819922172,"global_exact+eb_exact+xgb_residual",0.1976308225254,38.3068321597645,38.4017955404384,38.4255363856069,38.3226410042199,38.3792435147698,38.4528267784847,38.3089922160125,38.2908721715349,38.3447913227567,38.3951508081196,38.2845077514648,0.5,0,0,0.5,0,0,0,0,0,0,0
"fixed_real_measurement_analysis_set","within_cow_random5",3,"StrictHierarchicalEBResidualXGB",116,"C001","S03","reference_stratum_1","ear_status_2",30.5,5.5,23,38.1,38.1267877600454,-0.0267877600453659,"global_exact+eb_exact+xgb_residual",0.1976308225254,38.1341273063611,38.2016457448736,38.260095007928,38.1194482137296,38.3020832074446,38.3514133892423,38.3089922160125,38.1654936978846,38.5308850970385,38.1865020682127,38.2442932128906,0.5,0,0,0.5,0,0,0,0,0,0,0
"fixed_real_measurement_analysis_set","within_cow_random5",3,"StrictHierarchicalEBResidualXGB",118,"C027","S03","reference_stratum_1","ear_status_2",29.5,5.4,0,38.9,38.8987163208303,0.00128367916965999,"global_exact+eb_exact+xgb_residual",0.1976308225254,38.9087536587003,38.8792106160513,38.8563370690467,38.8886789829604,38.8561611680593,38.8018845189898,38.9514747088421,38.8441505777205,38.9590082310737,38.859543195515,38.9087448120117,0.5,0,0,0.5,0,0,0,0,0,0,0
"fixed_real_measurement_analysis_set","within_cow_random5",3,"StrictHierarchicalEBResidualXGB",125,"C027","S03","reference_stratum_1","ear_status_2",31.1,8,13,38.6,38.7370935377497,-0.137093537749671,"global_exact+eb_exact+xgb_residual",0.1976308225254,38.8737682935016,38.7836446254638,38.7738558093692,38.6004187819977,38.601465736992,38.6028267784847,38.9514747088421,38.5491134962854,38.8261116945382,38.7486609718886,38.7683792114258,0.5,0,0,0.5,0,0,0,0,0,0,0
"fixed_real_measurement_analysis_set","within_cow_random5",3,"StrictHierarchicalEBResidualXGB",126,"C027","S03","reference_stratum_1","ear_status_2",31.1,8,13,38.6,38.7370935377497,-0.137093537749671,"global_exact+eb_exact+xgb_residual",0.1976308225254,38.8737682935016,38.7836446254638,38.7738558093692,38.6004187819977,38.601465736992,38.6028267784847,38.9514747088421,38.5491134962854,38.8705715263577,38.7707984107671,38.8488006591797,0.5,0,0,0.5,0,0,0,0,0,0,0
"fixed_real_measurement_analysis_set","within_cow_random5",3,"StrictHierarchicalEBResidualXGB",127,"C027","S03","reference_stratum_1","ear_status_2",32.8,9.3,13,38.5,38.6119420603008,-0.111942060300834,"global_exact+eb_exact+xgb_residual",0.1976308225254,38.5747536587003,38.6260642779839,38.6760501631659,38.6491304619014,38.4233984686992,38.345968505179,38.9514747088421,38.5491134962854,38.8884285587568,38.5826136281562,38.7575759887695,0.5,0,0,0.5,0,0,0,0,0,0,0
"fixed_real_measurement_analysis_set","within_cow_random5",3,"StrictHierarchicalEBResidualXGB",133,"C027","S03","reference_stratum_1","ear_status_2",33.9,9.1,15,38.5,38.5314802101756,-0.0314802101756442,"global_exact+eb_exact+xgb_residual",0.1976308225254,38.5588968220063,38.6114508541892,38.67056202254,38.504063598345,38.5157356361444,38.5352178523231,38.9514747088421,38.5491134962854,38.9605942099347,38.6042603808115,38.9291648864746,0.5,0,0,0.5,0,0,0,0,0,0,0
"fixed_real_measurement_analysis_set","within_cow_random5",3,"StrictHierarchicalEBResidualXGB",145,"C026","S03","reference_stratum_1","ear_status_2",33.9,11.2,15,38.6,38.4515258814934,0.148474118506591,"global_exact+eb_exact+xgb_residual",0.1976308225254,38.6154773740793,38.6244692771114,38.6335001298116,38.2875743889075,38.3010990149511,38.1921377964141,38.6947379344797,38.5522883275376,38.5415062347691,38.556329925207,38.5273933410645,0.5,0,0,0.5,0,0,0,0,0,0,0
"fixed_real_measurement_analysis_set","within_cow_random5",3,"StrictHierarchicalEBResidualXGB",149,"C026","S03","reference_stratum_1","ear_status_2",30.7,6,21,39.1,39.04817955952,0.0518204404799931,"global_exact+eb_exact+xgb_residual",0.1976308225254,39.0329773740793,38.9520994731609,38.8791038324903,39.0633817449607,38.9718361073624,38.8528267784847,38.6947379344797,38.977639435237,38.738372095657,38.9438682384242,38.7336311340332,0.5,0,0,0.5,0,0,0,0,0,0,0
"fixed_real_measurement_analysis_set","within_cow_random5",3,"StrictHierarchicalEBResidualXGB",154,"C026","S03","reference_stratum_1","ear_status_2",30.7,5.5,23,38.6,38.6079480780385,-0.00794807803853104,"global_exact+eb_exact+xgb_residual",0.1976308225254,38.6154773740793,38.623920276492,38.6325075170844,38.6004187819977,38.3020832074446,38.3514133892423,38.6947379344797,38.7709115330432,38.8524518833144,38.6109659259311,38.6014823913574,0.5,0,0,0.5,0,0,0,0,0,0,0
"fixed_real_measurement_analysis_set","within_cow_random5",3,"StrictHierarchicalEBResidualXGB",158,"C016","S03","reference_stratum_1","ear_status_2",31.8,6.1,11,39.2,39.1435941489366,0.0564058510634027,"global_exact+eb_exact+xgb_residual",0.1976308225254,39.1100477764513,39.0040749494539,38.9081867703269,39.1771405214219,39.1114803169954,39.0018845189898,38.6551337606441,38.9801164861649,38.5706960586128,39.0366306674288,38.8384742736816,0.5,0,0,0.5,0,0,0,0,0,0,0
"fixed_real_measurement_analysis_set","within_cow_random5",3,"StrictHierarchicalEBResidualXGB",161,"C016","S03","reference_stratum_1","ear_status_2",31.9,9.3,13,38.1,38.6302442828826,-0.530244282882556,"global_exact+eb_exact+xgb_residual",0.1976308225254,38.6548350087958,38.6073653665067,38.5954979559344,38.6056535569694,38.6056535569694,38.3028267784847,38.6551337606441,38.3644266873895,38.5144640661434,38.5455447514237,38.4594802856445,0.5,0,0,0.5,0,0,0,0,0,0,0
"fixed_real_measurement_analysis_set","within_cow_random5",3,"StrictHierarchicalEBResidualXGB",162,"C016","S03","reference_stratum_1","ear_status_2",31.9,9.3,13,38.1,38.6302442828826,-0.530244282882556,"global_exact+eb_exact+xgb_residual",0.1976308225254,38.6548350087958,38.6073653665067,38.5954979559344,38.6056535569694,38.6056535569694,38.3028267784847,38.6551337606441,38.3644266873895,38.5805368956571,38.5720422086002,38.5270652770996,0.5,0,0,0.5,0,0,0,0,0,0,0
"fixed_real_measurement_analysis_set","within_cow_random5",3,"StrictHierarchicalEBResidualXGB",168,"C016","S03","reference_stratum_1","ear_status_2",32.1,9,19,39.4,39.2046409850423,0.195359014957667,"global_exact+eb_exact+xgb_residual",0.1976308225254,39.2770477764513,39.1313799170884,38.9996533412732,39.1322341936334,39.0929448062743,39.0838044630808,38.6551337606441,38.8406409693437,38.7799179315,39.1720469815764,38.7965698242188,0.5,0,0,0.5,0,0,0,0,0,0,0
"fixed_real_measurement_analysis_set","within_cow_random5",3,"StrictHierarchicalEBResidualXGB",181,"C022","S03","reference_stratum_1","ear_status_2",32.8,6.8,12,38.7,38.4784863559999,0.221513644000112,"global_exact+eb_exact+xgb_residual",0.1976308225254,38.3513191550304,38.3811158610813,38.4042724847834,38.6056535569694,38.6056535569694,38.4205653556969,38.4502948980049,38.7113862515996,38.4110105347828,38.3878170254945,38.4279594421387,0.5,0,0,0.5,0,0,0,0,0,0,0
"fixed_real_measurement_analysis_set","within_cow_random5",3,"StrictHierarchicalEBResidualXGB",182,"C022","S03","reference_stratum_1","ear_status_2",32.8,6.8,12,38.7,38.4784863559999,0.221513644000112,"global_exact+eb_exact+xgb_residual",0.1976308225254,38.3513191550304,38.3811158610813,38.4042724847834,38.6056535569694,38.6056535569694,38.4205653556969,38.4502948980049,38.7113862515996,38.3421898860396,38.3746158246256,38.3692741394043,0.5,0,0,0.5,0,0,0,0,0,0,0
"fixed_real_measurement_analysis_set","within_cow_random5",3,"StrictHierarchicalEBResidualXGB",183,"C022","S03","reference_stratum_1","ear_status_2",31.3,9.3,13,38.2,38.5624863559999,-0.362486355999891,"global_exact+eb_exact+xgb_residual",0.1976308225254,38.5193191550304,38.4979489010224,38.4813137847098,38.6056535569694,38.6056535569694,38.6056535569694,38.4502948980049,38.7113862515996,38.3076927951277,38.4534459907958,38.3525581359863,0.5,0,0,0.5,0,0,0,0,0,0,0
"fixed_real_measurement_analysis_set","within_cow_random5",3,"StrictHierarchicalEBResidualXGB",184,"C022","S03","reference_stratum_1","ear_status_2",31.3,9.3,13,38.2,38.5624863559999,-0.362486355999891,"global_exact+eb_exact+xgb_residual",0.1976308225254,38.5193191550304,38.4979489010224,38.4813137847098,38.6056535569694,38.6056535569694,38.6056535569694,38.4502948980049,38.7113862515996,38.401929280043,38.4626257431159,38.3438377380371,0.5,0,0,0.5,0,0,0,0,0,0,0
"fixed_real_measurement_analysis_set","within_cow_random5",3,"StrictHierarchicalEBResidualXGB",192,"C022","S03","reference_stratum_1","ear_status_2",33.3,11.2,15,38,38.075835718617,-0.0758357186170073,"global_exact+eb_exact+xgb_residual",0.1976308225254,38.1283770696583,38.277184632026,38.3780769818131,38.0232943675757,38.0902037212508,38.1921377964141,38.4502948980049,38.7113862515996,38.4071671176331,38.2458285432089,38.3632507324219,0.5,0,0,0.5,0,0,0,0,0,0,0
"fixed_real_measurement_analysis_set","within_cow_random5",3,"StrictHierarchicalEBResidualXGB",196,"C022","S03","reference_stratum_1","ear_status_2",31.5,6,21,38.2,38.2283480164556,-0.0283480164556238,"global_exact+eb_exact+xgb_residual",0.1976308225254,38.2410939730278,38.3250348180858,38.397548466191,38.2156020598834,38.2604164872082,38.5823321415427,38.4502948980049,38.3389261776141,38.486814572202,38.3491762582538,38.4798316955566,0.5,0,0,0.5,0,0,0,0,0,0,0
"fixed_real_measurement_analysis_set","within_cow_random5",3,"StrictHierarchicalEBResidualXGB",203,"C014","S03","reference_stratum_1","ear_status_2",30.4,5,11,38.5,38.4154759358946,0.0845240641053806,"global_exact+eb_exact+xgb_residual",0.1976308225254,38.4473982724669,38.4335442186707,38.4260271134708,38.3835535993223,38.3947623822316,38.4176089261616,38.2771300456613,38.2283283535015,38.2608872863611,38.4366946196092,38.3703536987305,0.5,0,0,0.5,0,0,0,0,0,0,0
"fixed_real_measurement_analysis_set","within_cow_random5",3,"StrictHierarchicalEBResidualXGB",208,"C014","S03","reference_stratum_1","ear_status_2",31.6,6.8,12,38.1,38.1324270457508,-0.032427045750822,"global_exact+eb_exact+xgb_residual",0.1976308225254,38.1273982724669,38.1839103860418,38.2196051333405,38.1374558190348,38.2310953666217,38.5316033473106,38.2771300456613,37.9984355544455,38.2095748166011,38.1769092412302,38.3385772705078,0.5,0,0,0.5,0,0,0,0,0,0,0
"fixed_real_measurement_analysis_set","within_cow_random5",3,"StrictHierarchicalEBResidualXGB",221,"C014","S03","reference_stratum_1","ear_status_2",31.2,6,21,39.2,39.1122460874688,0.0877539125312268,"global_exact+eb_exact+xgb_residual",0.1976308225254,39.0473516535157,38.8904104768688,38.7461880466472,39.1771405214219,38.672093262867,38.5823321415427,38.2771300456613,38.9468088820303,38.3725928143263,38.9128525811637,38.4646530151367,0.5,0,0,0.5,0,0,0,0,0,0,0
"fixed_real_measurement_analysis_set","within_cow_random5",3,"StrictHierarchicalEBResidualXGB",223,"C014","S03","reference_stratum_1","ear_status_2",31.5,5.4,22,38.8,38.7529383951611,0.0470616048389161,"global_exact+eb_exact+xgb_residual",0.1976308225254,38.7133516535157,38.6325054914271,38.557297336362,38.7925251368065,38.7710547850805,38.4676089261616,38.2771300456613,38.5401099012067,38.4101263176032,38.6324901371484,38.4332427978516,0.5,0,0,0.5,0,0,0,0,0,0,0
"fixed_real_measurement_analysis_set","within_cow_random5",3,"StrictHierarchicalEBResidualXGB",226,"C014","S03","reference_stratum_1","ear_status_2",31,5.5,23,38.4,38.3972926251641,0.00270737483590011,"global_exact+eb_exact+xgb_residual",0.1976308225254,38.3793516535157,38.3772312801999,38.3731631598128,38.4152335968125,38.4533175888439,38.5028267784847,38.2771300456613,38.5401099012067,38.5025065937119,38.3728520300907,38.3700294494629,0.5,0,0,0.5,0,0,0,0,0,0,0
"fixed_real_measurement_analysis_set","within_cow_random5",3,"StrictHierarchicalEBResidualXGB",238,"C023","S03","reference_stratum_1","ear_status_2",32.8,9.3,13,38.8,38.7381455507979,0.0618544492020874,"global_exact+eb_exact+xgb_residual",0.1976308225254,38.8271606396945,38.8144673080408,38.8073081020472,38.6491304619014,38.4233984686992,38.345968505179,38.9625171202271,38.9523678662061,38.9373677051605,38.7838696287238,38.8207206726074,0.5,0,0,0.5,0,0,0,0,0,0,0
"fixed_real_measurement_analysis_set","within_cow_random5",3,"StrictHierarchicalEBResidualXGB",239,"C023","S03","reference_stratum_1","ear_status_2",33,8,13,38.9,38.9069998791239,-0.00699987912393851,"global_exact+eb_exact+xgb_residual",0.1976308225254,38.9358031984724,38.8325514430919,38.8113681587401,38.8781965597755,38.8236879592143,38.9764133892423,38.9625171202271,38.9523678662061,38.9340716512754,38.8003056543686,38.7625007629395,0.5,0,0,0.5,0,0,0,0,0,0,0
"fixed_real_measurement_analysis_set","within_cow_random5",3,"StrictHierarchicalEBResidualXGB",240,"C023","S03","reference_stratum_1","ear_status_2",33,8,13,38.9,38.9069998791239,-0.00699987912393851,"global_exact+eb_exact+xgb_residual",0.1976308225254,38.9358031984724,38.8325514430919,38.8113681587401,38.8781965597755,38.8236879592143,38.9764133892423,38.9625171202271,38.9523678662061,38.8974797612974,38.8203118397661,38.767936706543,0.5,0,0,0.5,0,0,0,0,0,0,0
"fixed_real_measurement_analysis_set","within_cow_random5",3,"StrictHierarchicalEBResidualXGB",249,"C023","S03","reference_stratum_1","ear_status_2",33.5,6,21,39.9,39.7979390420966,0.102060957903355,"global_exact+eb_exact+xgb_residual",0.1976308225254,39.7456606396945,39.5251706205549,39.3294056090481,39.8502174444988,39.7072249978465,39.4685511856565,38.9625171202271,39.2774407974972,39.0742764065407,39.5608113073053,39.1332550048828,0.5,0,0,0.5,0,0,0,0,0,0,0
"fixed_real_measurement_analysis_set","within_cow_random5",3,"StrictHierarchicalEBResidualXGB",251,"C023","S03","reference_stratum_1","ear_status_2",33.8,5.4,22,39.4,39.348804426712,0.0511955732879628,"global_exact+eb_exact+xgb_residual",0.1976308225254,39.3281606396945,39.2055989684466,39.0983720416201,39.3694482137296,39.2816930829529,39.1352178523231,38.9625171202271,39.2031103579118,39.0798036825313,39.2494347536865,39.113353729248,0.5,0,0,0.5,0,0,0,0,0,0,0
"fixed_real_measurement_analysis_set","within_cow_random5",3,"StrictHierarchicalEBResidualXGB",254,"C023","S03","reference_stratum_1","ear_status_2",33.3,5.5,23,39.3,39.2589775036351,0.0410224963648886,"global_exact+eb_exact+xgb_residual",0.1976308225254,39.2446606396945,39.1353247572193,39.0406664364994,39.2732943675757,39.1965866999742,38.7561837285521,38.9625171202271,39.2031103579118,39.1787731832921,39.1909490745971,39.0958786010742,0.5,0,0,0.5,0,0,0,0,0,0,0
"fixed_real_measurement_analysis_set","within_cow_random5",3,"StrictHierarchicalEBResidualXGB",273,"C011","S03","reference_stratum_1","ear_status_2",30.2,16,12,38,38.3970422278223,-0.397042227822297,"global_exact+eb_exact+xgb_residual",0.1976308225254,38.1884308986753,38.2494090384692,38.2646535734177,38.6056535569694,38.3792435147698,38.6056535569694,38.1767459125237,38.0866683666384,37.9971653273538,38.194339867577,38.1813888549805,0.5,0,0,0.5,0,0,0,0,0,0,0
"fixed_real_measurement_analysis_set","within_cow_random5",3,"StrictHierarchicalEBResidualXGB",278,"C011","S03","reference_stratum_1","ear_status_2",30.7,11.8,22,39.1,38.3970422278223,0.702957772177704,"global_exact+eb_exact+xgb_residual",0.1976308225254,38.1884308986753,38.2817883143232,38.3051276682352,38.6056535569694,38.6056535569694,38.6056535569694,38.1767459125237,38.2000385621954,38.4014319678336,38.2703451724754,38.2332954406738,0.5,0,0,0.5,0,0,0,0,0,0,0
"fixed_real_measurement_analysis_set","within_cow_random5",3,"StrictHierarchicalEBResidualXGB",281,"C004","S04","reference_stratum_1","ear_status_1",31.4,5.4,0,39,38.9361568754971,0.0638431245029096,"global_exact+global_medium+may_session_hour",0.191561122507018,38.5308524918064,38.5359485527004,38.5372225679239,38.986855949202,38.9491017607396,38.8860848930838,38.5274422122656,38.4987423063843,38.5298615522165,38.536259156608,38.4783630371094,0,0,0,0.85,0.05,0,0,0.0999999999999999,0,0,0
"fixed_real_measurement_analysis_set","within_cow_random5",3,"StrictHierarchicalEBResidualXGB",287,"C004","S04","reference_stratum_1","ear_status_1",33.1,11.2,14,38.5,38.6396601736579,-0.139660173657866,"global_exact+global_medium+may_session_hour",0.191561122507018,38.5308524918064,38.5502342669861,38.5550797107811,38.6582546792513,38.6582546792513,38.6582546792513,38.5274422122656,38.4723096233167,38.4031115417801,38.4739323272007,38.3641357421875,0,0,0,0.85,0.05,0,0,0.0999999999999999,0,0,0
"fixed_real_measurement_analysis_set","within_cow_random5",3,"StrictHierarchicalEBResidualXGB",293,"C028","S04","reference_stratum_1","ear_status_1",32.9,5.4,0,38.2,38.3131390700419,-0.113139070041903,"global_exact+global_medium+may_session_hour",0.191561122507018,39.269314030268,39.1267177834697,39.0910687217701,38.2339447910557,38.3188067686948,38.4291273396257,39.2731564979799,38.9834565920986,39.2733763198499,39.1389069724418,39.1519584655762,0,0,0,0.85,0.05,0,0,0.0999999999999999,0,0,0
"fixed_real_measurement_analysis_set","within_cow_random5",3,"StrictHierarchicalEBResidualXGB",295,"C028","S04","reference_stratum_1","ear_status_1",33.1,5,11,39.1,39.0889930671185,0.0110069328815499,"global_exact+global_medium+may_session_hour",0.191561122507018,39.3096840749711,39.181788009767,39.1433259505672,39.067278124389,38.9854734353614,38.8791273396257,39.2731564979799,39.3253298961974,39.2746376954153,39.1835743155689,39.1815643310547,0,0,0,0.85,0.05,0,0,0.0999999999999999,0,0,0
"fixed_real_measurement_analysis_set","within_cow_random5",3,"StrictHierarchicalEBResidualXGB",296,"C028","S04","reference_stratum_1","ear_status_1",34.2,6.9,12,38.5,38.5597914592899,-0.0597914592898761,"global_exact+global_medium+may_session_hour",0.191561122507018,39.2746840749711,39.1315571365312,39.0949123590226,38.5060867184327,38.5235698458459,38.5527515597504,39.2731564979799,39.0343925632974,39.1375692399648,39.0858102252141,38.9384002685547,0,0,0,0.85,0.05,0,0,0.0999999999999999,0,0,0
"fixed_real_measurement_analysis_set","within_cow_random5",3,"StrictHierarchicalEBResidualXGB",312,"C008","S04","reference_stratum_1","ear_status_1",33.6,8.8,14,38.5,38.4872733365722,0.0127266634278485,"global_exact+global_medium+may_session_hour",0.191561122507018,38.346237107191,38.4025419592938,38.4166181723195,38.5117225688334,38.5816986523536,38.5947818349064,38.3410136408371,38.2322422044606,38.1546785335212,38.400722917387,38.3693885803223,0,0,0,0.85,0.05,0,0,0.0999999999999999,0,0,0
"fixed_real_measurement_analysis_set","within_cow_random5",3,"StrictHierarchicalEBResidualXGB",313,"C008","S04","reference_stratum_1","ear_status_1",35,11.2,15,38.5,38.4795764234062,0.0204235765938066,"global_exact+global_medium+may_session_hour",0.191561122507018,38.346237107191,38.4013081207292,38.4150758741137,38.5060867184327,38.5235698458459,38.5527515597504,38.3410136408371,38.2322422044606,38.2945865558567,38.3894374468715,38.324405670166,0,0,0,0.85,0.05,0,0,0.0999999999999999,0,0,0
"fixed_real_measurement_analysis_set","within_cow_random5",3,"StrictHierarchicalEBResidualXGB",323,"C030","S04","reference_stratum_1","ear_status_1",31.6,9.3,13,38,38.0754297894582,-0.0754297894581768,"global_exact+global_medium+may_session_hour",0.191561122507018,38.3304392616936,38.3846386717293,38.4026353172505,38.0487596058705,38.1706586205466,38.3291273396257,38.3542726865193,38.2545119344095,38.2019326283874,38.3200518758628,38.2161445617676,0,0,0,0.85,0.05,0,0,0.0999999999999999,0,0,0
"fixed_real_measurement_analysis_set","within_cow_random5",3,"StrictHierarchicalEBResidualXGB",325,"C030","S04","reference_stratum_1","ear_status_1",31.8,8.8,14,38,38.0518729545025,-0.0518729545025494,"global_exact+global_medium+may_session_hour",0.191561122507018,38.3581081959922,38.4120388303348,38.4255214889204,38.0253174876635,38.0980379309523,38.2194182264171,38.3542726865193,38.2545119344095,38.1876305333867,38.4142500774399,38.3352470397949,0,0,0,0.85,0.05,0,0,0.0999999999999999,0,0,0
"fixed_real_measurement_analysis_set","within_cow_random5",3,"StrictHierarchicalEBResidualXGB",327,"C030","S04","reference_stratum_1","ear_status_1",33.9,11.2,15,38.1,38.2856776405082,-0.185677640508217,"global_exact+global_medium+may_session_hour",0.191561122507018,38.3654392616936,38.4165651148212,38.4281683711153,38.2882665089375,38.3039982894076,38.1965212232709,38.3542726865193,38.2545119344095,38.2770482255864,38.3536026349318,38.2692604064941,0,0,0,0.85,0.05,0,0,0.0999999999999999,0,0,0
"fixed_real_measurement_analysis_set","within_cow_random5",3,"StrictHierarchicalEBResidualXGB",333,"C018","S04","reference_stratum_1","ear_status_1",30.9,6.1,11,41.5,41.0222762452678,0.477723754732175,"global_exact+global_medium+may_session_hour",0.191561122507018,38.6746840749711,38.674288009767,38.6733259505672,41.3907021030481,39.3918896786038,39.2763757798752,38.6672636408371,38.7058497374673,38.6342194393991,38.7407959154886,39.1695785522461,0,0,0,0.85,0.05,0,0,0.0999999999999999,0,0,0
"fixed_real_measurement_analysis_set","within_cow_random5",3,"StrictHierarchicalEBResidualXGB",339,"C018","S04","reference_stratum_1","ear_status_1",30.7,11.2,15,38.5,38.5112558681569,-0.0112558681568729,"global_exact+global_medium+may_session_hour",0.191561122507018,38.6396840749711,38.6364889800289,38.6404521633946,38.5060867184327,38.5235698458459,38.5527515597504,38.6672636408371,38.5490366519674,38.4736332713117,38.580428762708,38.4878044128418,0,0,0,0.85,0.05,0,0,0.0999999999999999,0,0,0
"fixed_real_measurement_analysis_set","within_cow_random5",3,"StrictHierarchicalEBResidualXGB",353,"C025","S04","reference_stratum_1","ear_status_1",32.2,6.9,12,38,38.0851663317896,-0.0851663317895586,"global_exact+global_medium+may_session_hour",0.191561122507018,38.8201352991855,38.7679948308271,38.7549597137375,38.0253174876635,38.1552129229417,38.2194182264171,38.8218605835041,38.5588582112849,38.6670273937095,38.7421964262378,38.6787033081055,0,0,0,0.85,0.05,0,0,0.0999999999999999,0,0,0
"fixed_real_measurement_analysis_set","within_cow_random5",3,"StrictHierarchicalEBResidualXGB",354,"C025","S04","reference_stratum_1","ear_status_1",31.9,9.3,13,38.1,38.6483150324547,-0.548315032454681,"global_exact+global_medium+may_session_hour",0.191561122507018,38.8201352991855,38.7760002312328,38.7649664642447,38.6582546792513,38.6582546792513,38.3291273396257,38.8218605835041,38.5588582112849,38.6619386190288,38.7096414786841,38.5649871826172,0,0,0,0.85,0.05,0,0,0.0999999999999999,0,0,0
"fixed_real_measurement_analysis_set","within_cow_random5",3,"StrictHierarchicalEBResidualXGB",362,"C010","S04","reference_stratum_1","ear_status_1",32.2,6.1,11,38.1,38.1546873832327,-0.0546873832326966,"global_exact+global_medium+may_session_hour",0.191561122507018,38.4319124759793,38.4805471802735,38.4972028725737,38.1214713338174,38.183144313931,38.7316509358503,38.4566907193062,38.4227953379139,38.4708518785842,38.5107137038046,38.6481781005859,0,0,0,0.85,0.05,0,0,0.0999999999999999,0,0,0
"fixed_real_measurement_analysis_set","within_cow_random5",3,"StrictHierarchicalEBResidualXGB",364,"C010","S04","reference_stratum_1","ear_status_1",32.8,6.8,12,38.7,38.6557898089506,0.0442101910494159,"global_exact+global_medium+may_session_hour",0.191561122507018,38.3969124759793,38.4303163070378,38.448789281029,38.6582546792513,38.6582546792513,38.4258254679251,38.4566907193062,38.6336059762439,38.4509393361778,38.4327983706405,38.397876739502,0,0,0,0.85,0.05,0,0,0.0999999999999999,0,0,0
"fixed_real_measurement_analysis_set","within_cow_random5",3,"StrictHierarchicalEBResidualXGB",365,"C010","S04","reference_stratum_1","ear_status_1",31.3,9.3,13,38.2,38.6557898089506,-0.455789808950584,"global_exact+global_medium+may_session_hour",0.191561122507018,38.5019124759793,38.5208217074436,38.5187960315362,38.6582546792513,38.6582546792513,38.6582546792513,38.4566907193062,38.6336059762439,38.2804386133217,38.4805378970963,38.4552612304688,0,0,0,0.85,0.05,0,0,0.0999999999999999,0,0,0
"fixed_real_measurement_analysis_set","within_cow_random5",3,"StrictHierarchicalEBResidualXGB",377,"C019","S04","reference_stratum_1","ear_status_1",31.6,6.8,12,38.1,38.1463043607755,-0.0463043607754585,"global_exact+global_medium+may_session_hour",0.191561122507018,38.4044148442019,38.436037905762,38.3613008022288,38.1413521984631,38.2447326946207,38.5348909174532,38.4435493551228,38.1391835735082,38.3524270634187,38.4227572821696,38.4461059570312,0,0,0,0.85,0.05,0,0,0.0999999999999999,0,0,0
"fixed_real_measurement_analysis_set","within_cow_random5",3,"StrictHierarchicalEBResidualXGB",379,"C019","S04","reference_stratum_1","ear_status_1",30.8,8,13,37.5,37.6104096765139,-0.110409676513896,"global_exact+global_medium+may_session_hour",0.191561122507018,38.3869148442019,38.4302933061678,38.4509191095298,37.5445482568943,37.6725060160587,37.8860848930838,38.4435493551228,38.1391835735082,38.3029907486497,38.4060394684035,38.2374114990234,0,0,0,0.85,0.05,0,0,0.0999999999999999,0,0,0
"fixed_real_measurement_analysis_set","within_cow_random5",3,"StrictHierarchicalEBResidualXGB",386,"C019","S04","reference_stratum_1","ear_status_1",31,5.5,23,38.4,38.4462113382303,-0.0462113382302931,"global_exact+global_medium+may_session_hour",0.191561122507018,38.4477755687295,38.486828694332,38.4965919757326,38.4191299762408,38.4669549168429,38.5291273396257,38.4435493551228,38.6660311258345,38.6403329956745,38.482010460205,38.4296379089355,0,0,0,0.85,0.05,0,0,0.0999999999999999,0,0,0
"fixed_real_measurement_analysis_set","within_cow_random5",3,"StrictHierarchicalEBResidualXGB",387,"C005","S04","reference_stratum_1","ear_status_1",30.7,5.4,0,38.3,38.3668246208624,-0.0668246208623628,"global_exact+global_medium+may_session_hour",0.191561122507018,39.0281974817065,38.9338245446205,38.910231310349,38.313779026125,38.3533570798885,38.4194182264171,39.0285247356996,38.8244459466164,39.0526485285099,38.9104712101042,38.8483467102051,0,0,0,0.85,0.05,0,0,0.0999999999999999,0,0,0
"fixed_real_measurement_analysis_set","within_cow_random5",3,"StrictHierarchicalEBResidualXGB",389,"C005","S04","reference_stratum_1","ear_status_1",32.6,6.1,11,39.4,39.2890261815313,0.110973818468658,"global_exact+global_medium+may_session_hour",0.191561122507018,38.9007629224079,38.857048296345,38.8666001940022,39.3714713338174,39.2895272926544,38.7316509358503,39.0285247356996,38.5879918315387,39.0106427117344,38.8796810609973,39.1673316955566,0,0,0,0.85,0.05,0,0,0.0999999999999999,0,0,0
"fixed_real_measurement_analysis_set","within_cow_random5",3,"StrictHierarchicalEBResidualXGB",396,"C005","S04","reference_stratum_1","ear_status_1",35.3,9.1,15,39,38.9785218853107,0.0214781146892946,"global_exact+global_medium+may_session_hour",0.191561122507018,39.0407629224079,38.9567492666069,38.9337264068296,38.986855949202,38.9491017607396,38.8860848930838,39.0285247356996,38.9223924045205,39.0645568090899,38.9464103566829,38.9720840454102,0,0,0,0.85,0.05,0,0,0.0999999999999999,0,0,0
"fixed_real_measurement_analysis_set","within_cow_random5",3,"StrictHierarchicalEBResidualXGB",1003,"C017","S01","reference_stratum_2","ear_status_1",35.9,33,19,39.1,39.4050974652522,-0.305097465252203,"may_session",0.476398528971647,39.4410945596677,39.3932959846679,39.3759291099975,39.2704214665103,39.4404796394656,39.3568071555034,39.4050974652522,39.3789142506695,39.5557058003495,39.3832231563974,39.4846038818359,0,0,0,0,0,0,1,0,0,0,0
"fixed_real_measurement_analysis_set","within_cow_random5",3,"StrictHierarchicalEBResidualXGB",1009,"C017","S01","reference_stratum_2","ear_status_1",35.3,32.3,22,40,39.8212478410002,0.178752158999771,"may_session",0.476398528971647,39.4235945596677,39.422403127525,39.4195005385689,39.2704214665103,39.2704214665103,39.2704214665103,39.8212478410002,39.7826601293634,39.5754425011484,39.4903522214033,39.6829605102539,0,0,0,0,0,0,1,0,0,0,0
"fixed_real_measurement_analysis_set","within_cow_random5",3,"StrictHierarchicalEBResidualXGB",1011,"C017","S01","reference_stratum_2","ear_status_1",34.8,31.4,23,39.8,39.8212478410002,-0.0212478410002319,"may_session",0.476398528971647,39.4060945596677,39.4142434831552,39.4164884831066,39.2704214665103,39.2704214665103,39.8852107332552,39.8212478410002,39.7826601293634,39.6720346267266,39.4575704086415,39.6829605102539,0,0,0,0,0,0,1,0,0,0,0
"fixed_real_measurement_analysis_set","within_cow_random5",3,"StrictHierarchicalEBResidualXGB",1014,"C020","S01","reference_stratum_2","ear_status_1",35.9,33.4,12,38.6,39.0472414059953,-0.447241405995314,"may_session",0.476398528971647,39.5823873450518,39.4765058253743,39.4500354454549,39.2704214665103,39.2704214665103,38.6352107332552,39.0472414059953,38.8806247879472,39.3841447982878,39.35434100971,39.2030944824219,0,0,0,0,0,0,1,0,0,0,0
"fixed_real_measurement_analysis_set","within_cow_random5",3,"StrictHierarchicalEBResidualXGB",1022,"C020","S01","reference_stratum_2","ear_status_1",35,33.2,21,39.6,39.5514269264764,0.0485730735236345,"may_session",0.476398528971647,39.7254695596678,39.6672785780964,39.6297354767832,39.2704214665103,39.2704214665103,39.2704214665103,39.5514269264764,39.6438748767171,39.5857100061376,39.7550933338342,39.7985572814941,0,0,0,0,0,0,1,0,0,0,0
"fixed_real_measurement_analysis_set","within_cow_random5",3,"StrictHierarchicalEBResidualXGB",1023,"C020","S01","reference_stratum_2","ear_status_1",36.6,34.3,21,38.6,39.4655467762008,-0.865546776200823,"may_session",0.476398528971647,39.7254695596678,39.6672785780964,39.6297354767832,39.2704214665103,39.3664055653916,39.3352107332552,39.4655467762008,39.467170350054,39.654733966692,39.722021830791,39.7869453430176,0,0,0,0,0,0,1,0,0,0,0
"fixed_real_measurement_analysis_set","within_cow_random5",3,"StrictHierarchicalEBResidualXGB",1030,"C009","S01","reference_stratum_2","ear_status_1",36.1,32.5,13,39.3,39.4160078923973,-0.116007892397313,"may_session",0.476398528971647,39.7577296281244,39.6156015572359,39.5800695395138,39.2704214665103,39.2704214665103,38.9352107332552,39.4160078923973,39.3964762117485,39.3994956080858,39.5070068565418,39.2153816223145,0,0,0,0,0,0,1,0,0,0,0
"fixed_real_measurement_analysis_set","within_cow_random5",3,"StrictHierarchicalEBResidualXGB",1037,"C009","S01","reference_stratum_2","ear_status_1",34.6,29.6,24,40.6,40.3032813632454,0.296718636754562,"may_session",0.476398528971647,39.7577296281244,39.7060872697715,39.6931766801833,39.2704214665103,39.2704214665103,39.2704214665103,40.3032813632454,40.4871030750324,40.119349172474,39.806560107458,39.9157562255859,0,0,0,0,0,0,1,0,0,0,0
"fixed_real_measurement_analysis_set","within_cow_random5",3,"StrictHierarchicalEBResidualXGB",1041,"C012","S01","reference_stratum_2","ear_status_1",37.9,36.9,15,39,39.1666700570675,-0.166670057067506,"may_session",0.476398528971647,39.7483473496631,39.6167713488503,39.5855255537492,39.2704214665103,39.2704214665103,38.7352107332552,39.1666700570675,39.0657148238485,39.5755059106145,39.5701406086846,39.3699645996094,0,0,0,0,0,0,1,0,0,0,0
"fixed_real_measurement_analysis_set","within_cow_random5",3,"StrictHierarchicalEBResidualXGB",1043,"C012","S01","reference_stratum_2","ear_status_1",38.9,38.8,18,39.5,39.4843932443703,0.0156067556296904,"may_session",0.476398528971647,39.7586028480765,39.6631494820968,39.6392861406019,39.2704214665103,39.2704214665103,39.2704214665103,39.4843932443703,39.4248262349473,39.7146937789805,39.6938736182557,39.5651817321777,0,0,0,0,0,0,1,0,0,0,0
"fixed_real_measurement_analysis_set","within_cow_random5",3,"StrictHierarchicalEBResidualXGB",1048,"C012","S01","reference_stratum_2","ear_status_1",38.2,36.8,21,39.4,39.4843932443703,-0.084393244370311,"may_session",0.476398528971647,39.8008473496631,39.7290213488503,39.7042755537492,39.2704214665103,39.2704214665103,39.2352107332552,39.4843932443703,39.4543761908884,39.8140082846818,39.827491157548,39.9332122802734,0,0,0,0,0,0,1,0,0,0,0
"fixed_real_measurement_analysis_set","within_cow_random5",3,"StrictHierarchicalEBResidualXGB",1054,"C006","S01","reference_stratum_2","ear_status_1",35.3,31.8,14,39.3,39.0996885161866,0.200311483813365,"may_session",0.476398528971647,39.2126230150666,39.1923889555822,39.1873304407111,39.2704214665103,39.2704214665103,39.2704214665103,39.0996885161866,39.0758561127159,38.9951426015813,39.110682021905,38.9436988830566,0,0,0,0,0,0,1,0,0,0,0
"fixed_real_measurement_analysis_set","within_cow_random5",3,"StrictHierarchicalEBResidualXGB",1059,"C006","S01","reference_stratum_2","ear_status_1",34.4,30.8,21,39.4,39.640589471117,-0.240589471116984,"may_session",0.476398528971647,39.2126230150666,39.2590453740529,39.2706509637995,39.2704214665103,39.2704214665103,39.2704214665103,39.640589471117,39.7018305307335,39.1735116588579,39.3400130015186,39.5394744873047,0,0,0,0,0,0,1,0,0,0,0
"fixed_real_measurement_analysis_set","within_cow_random5",3,"StrictHierarchicalEBResidualXGB",1060,"C006","S01","reference_stratum_2","ear_status_1",35.3,31.5,21,38.5,38.8656734148485,-0.365673414848537,"may_session",0.476398528971647,39.2126230150666,39.2590453740529,39.2706509637995,39.2704214665103,40.1071463061323,39.8352107332552,38.8656734148485,38.6675250805529,39.2103536575458,39.3720654737524,39.5466766357422,0,0,0,0,0,0,1,0,0,0,0
"fixed_real_measurement_analysis_set","within_cow_random5",3,"StrictHierarchicalEBResidualXGB",1068,"C015","S01","reference_stratum_2","ear_status_1",34.6,32.1,13,38.2,38.4835126411049,-0.283512641104856,"may_session",0.476398528971647,38.7258598550598,38.7907901625875,38.7023216118071,39.2704214665103,39.2704214665103,38.8852107332552,38.4835126411049,38.3316998751697,38.5959489376905,38.7319602366331,38.5622901916504,0,0,0,0,0,0,1,0,0,0,0
"fixed_real_measurement_analysis_set","within_cow_random5",3,"StrictHierarchicalEBResidualXGB",1071,"C015","S01","reference_stratum_2","ear_status_1",36.9,35.6,14,38.2,38.4835126411049,-0.283512641104856,"may_session",0.476398528971647,38.6908598550598,38.77616285138,38.8108133682462,39.2704214665103,39.2704214665103,38.9901404888368,38.4835126411049,38.3316998751697,38.5756240800354,38.6866806333529,38.5011329650879,0,0,0,0,0,0,1,0,0,0,0
"fixed_real_measurement_analysis_set","within_cow_random5",3,"StrictHierarchicalEBResidualXGB",1078,"C015","S01","reference_stratum_2","ear_status_1",34.6,30.4,21,40,39.2332289063177,0.76677109368233,"may_session",0.476398528971647,38.7737695212846,38.9079625790273,38.9415108434629,39.2704214665103,39.2182574172434,38.9901404888368,39.2332289063177,39.3168827456471,38.9239566037221,38.9701687914585,38.8417282104492,0,0,0,0,0,0,1,0,0,0,0
"fixed_real_measurement_analysis_set","within_cow_random5",3,"StrictHierarchicalEBResidualXGB",1079,"C015","S01","reference_stratum_2","ear_status_1",35.1,32.4,21,38.5,38.6810065864846,-0.181006586484635,"may_session",0.476398528971647,38.7737695212846,38.9079625790273,38.9415108434629,39.2704214665103,39.2704214665103,39.8352107332552,38.6810065864846,38.6697324412478,38.7577841120566,38.9113119733319,38.7314262390137,0,0,0,0,0,0,1,0,0,0,0
"fixed_real_measurement_analysis_set","within_cow_random5",3,"StrictHierarchicalEBResidualXGB",1093,"C007","S01","reference_stratum_2","ear_status_1",37.6,34.2,19,39.7,39.4083412365489,0.291658763451068,"may_session",0.476398528971647,39.4134098760415,39.3716297694042,39.3611847427449,39.2704214665103,39.2704214665103,39.2704214665103,39.4083412365489,39.3479126244151,39.4124271118788,39.3915780731037,39.537223815918,0,0,0,0,0,0,1,0,0,0,0
"fixed_real_measurement_analysis_set","within_cow_random5",3,"StrictHierarchicalEBResidualXGB",1094,"C007","S01","reference_stratum_2","ear_status_1",36.9,33.8,20,39.6,39.4083412365489,0.191658763451066,"may_session",0.476398528971647,39.4134098760415,39.3820807036897,39.3742484106018,39.2704214665103,39.2704214665103,39.2704214665103,39.4083412365489,39.3479126244151,39.2266347937528,39.3557043650141,39.4907684326172,0,0,0,0,0,0,1,0,0,0,0
"fixed_real_measurement_analysis_set","within_cow_random5",3,"StrictHierarchicalEBResidualXGB",1096,"C007","S01","reference_stratum_2","ear_status_1",37.7,33.1,21,40.7,39.3386263559777,1.3613736440223,"may_session",0.476398528971647,39.3935631477342,39.4040810048771,39.4099001219264,39.2704214665103,39.2704214665103,39.2704214665103,39.3386263559777,39.309350842978,39.4531857165341,39.5292589098406,39.7918815612793,0,0,0,0,0,0,1,0,0,0,0
"fixed_real_measurement_analysis_set","within_cow_random5",3,"StrictHierarchicalEBResidualXGB",1099,"C007","S01","reference_stratum_2","ear_status_1",37.2,31.8,22,40.6,39.3386263559777,1.2613736440223,"may_session",0.476398528971647,39.3816551107498,39.3895367395322,39.3966105911497,39.2704214665103,39.2704214665103,39.2704214665103,39.3386263559777,39.3412836266724,39.5655116671016,39.4506633293073,39.7013397216797,0,0,0,0,0,0,1,0,0,0,0
"fixed_real_measurement_analysis_set","within_cow_random5",3,"StrictHierarchicalEBResidualXGB",1102,"C013","S01","reference_stratum_2","ear_status_1",29.3,20.6,1,39.3,39.1912783247236,0.108721675276357,"may_session",0.476398528971647,38.926766121503,39.0520088465352,39.0833195277932,39.2704214665103,39.2704214665103,39.2704214665103,39.1912783247236,39.4202344245762,39.0379122482004,39.0844329872567,39.1644096374512,0,0,0,0,0,0,1,0,0,0,0
"fixed_real_measurement_analysis_set","within_cow_random5",3,"StrictHierarchicalEBResidualXGB",1111,"C013","S01","reference_stratum_2","ear_status_1",32.9,25.3,24,39,39.1912783247236,-0.19127832472364,"may_session",0.476398528971647,38.926766121503,39.0413164644744,39.0699540502172,39.2704214665103,39.2704214665103,39.2704214665103,39.1912783247236,39.1780514125096,39.3470664021683,39.0946790575291,38.9927101135254,0,0,0,0,0,0,1,0,0,0,0
"fixed_real_measurement_analysis_set","within_cow_random5",3,"StrictHierarchicalEBResidualXGB",1114,"C024","S01","reference_stratum_2","ear_status_1",36,33.2,13,38,38.4485853822274,-0.448585382227371,"may_session",0.476398528971647,38.8894589262672,38.9218621440116,38.9398308663886,39.2704214665103,39.2704214665103,39.0901404888368,38.4485853822274,38.3089009173541,38.8123302385826,38.7799329198781,38.6594543457031,0,0,0,0,0,0,1,0,0,0,0
"fixed_real_measurement_analysis_set","within_cow_random5",3,"StrictHierarchicalEBResidualXGB",1124,"C024","S01","reference_stratum_2","ear_status_1",36.5,33.6,21,38.4,38.6467302706952,-0.24673027069516,"may_session",0.476398528971647,39.1886186992878,39.2364453586481,39.2101906921936,39.2704214665103,39.3664055653916,39.3352107332552,38.6467302706952,38.4931637277975,38.9813171151591,39.2312361781216,39.0039749145508,0,0,0,0,0,0,1,0,0,0,0
"fixed_real_measurement_analysis_set","within_cow_random5",3,"StrictHierarchicalEBResidualXGB",1128,"C024","S01","reference_stratum_2","ear_status_1",35.2,30.6,23,40.5,40.23717157223,0.262828427770003,"may_session",0.476398528971647,38.9508593045663,39.0500368107114,39.0748311872477,39.2704214665103,39.2704214665103,39.2704214665103,40.23717157223,40.5151458727608,39.2904063393457,39.1373165700589,39.42431640625,0,0,0,0,0,0,1,0,0,0,0
"fixed_real_measurement_analysis_set","within_cow_random5",4,"StrictHierarchicalEBResidualXGB",1,"C021","S03","reference_stratum_1","ear_status_2",30,13.1,11,38.3,38.5648709824928,-0.264870982492781,"global_exact+eb_exact+xgb_residual",0.194361276940094,38.276224052217,38.372969177179,38.3971554584195,38.6080049603635,38.6080049603635,38.6080049603635,38.2666285603533,38.4682894112841,38.506121706834,38.4088872192428,38.529411315918,0.1,0,0,0.85,0,0,0,0,0,0.0499999999999999,0
"fixed_real_measurement_analysis_set","within_cow_random5",4,"StrictHierarchicalEBResidualXGB",8,"C021","S03","reference_stratum_1","ear_status_2",29.2,10.9,23,38.2,38.561800068356,-0.361800068355997,"global_exact+eb_exact+xgb_residual",0.194361276940094,38.276224052217,38.3377356982497,38.3531136097579,38.6080049603635,38.6080049603635,38.6080049603635,38.2666285603533,38.2212981147089,38.9034379988528,38.3474689365072,38.3571090698242,0.1,0,0,0.85,0,0,0,0,0,0.0499999999999999,0
"fixed_real_measurement_analysis_set","within_cow_random5",4,"StrictHierarchicalEBResidualXGB",15,"C003","S03","reference_stratum_1","ear_status_2",31.4,5.4,0,39,38.9684989643654,0.0315010356345766,"global_exact+eb_exact+xgb_residual",0.194361276940094,38.9171709019581,38.807654368674,38.7097150852656,38.9849232677063,38.9416177600541,38.8693349867878,38.4986759164776,38.7721638094572,38.4249826268244,38.7919419323854,38.4191856384277,0.1,0,0,0.85,0,0,0,0,0,0.0499999999999999,0
"fixed_real_measurement_analysis_set","within_cow_random5",4,"StrictHierarchicalEBResidualXGB",17,"C003","S03","reference_stratum_1","ear_status_2",33.3,6.1,11,38.8,38.7853000879294,0.0146999120706326,"global_exact+eb_exact+xgb_residual",0.194361276940094,38.7501709019581,38.707519358624,38.6673727679876,38.7926155753986,38.7714049940967,38.7360016534545,38.4986759164776,38.7196089745622,38.4255715949321,38.731195172895,38.6269111633301,0.1,0,0,0.85,0,0,0,0,0,0.0499999999999999,0
"fixed_real_measurement_analysis_set","within_cow_random5",4,"StrictHierarchicalEBResidualXGB",34,"C003","S03","reference_stratum_1","ear_status_2",32,9,19,39,38.9749398550557,0.0250601449443053,"global_exact+eb_exact+xgb_residual",0.194361276940094,38.9171709019581,38.8372954589693,38.7633072351299,38.9849232677063,39.1220098295775,38.8693349867878,38.4986759164776,38.8400033012575,38.651361407962,38.9207597461908,38.7406539916992,0.1,0,0,0.85,0,0,0,0,0,0.0499999999999999,0
"fixed_real_measurement_analysis_set","within_cow_random5",4,"StrictHierarchicalEBResidualXGB",35,"C003","S03","reference_stratum_1","ear_status_2",32,6,21,38.6,38.5953361460879,0.00466385391205648,"global_exact+eb_exact+xgb_residual",0.194361276940094,38.498005466413,38.5532238676461,38.5670284679544,38.6080049603635,38.6080049603635,38.6080049603635,38.4986759164776,38.8400033012575,38.6852469152342,38.5746276627543,38.7140846252441,0.1,0,0,0.85,0,0,0,0,0,0.0499999999999999,0
"fixed_real_measurement_analysis_set","within_cow_random5",4,"StrictHierarchicalEBResidualXGB",36,"C003","S03","reference_stratum_1","ear_status_2",32,6,21,38.6,38.5951309714407,0.00486902855932669,"global_exact+eb_exact+xgb_residual",0.194361276940094,38.498005466413,38.5532238676461,38.5670284679544,38.6080049603635,38.6080049603635,38.6080049603635,38.4986759164776,38.8400033012575,38.5681927654884,38.5705241698089,38.631477355957,0.1,0,0,0.85,0,0,0,0,0,0.0499999999999999,0
"fixed_real_measurement_analysis_set","within_cow_random5",4,"StrictHierarchicalEBResidualXGB",39,"C002","S03","reference_stratum_1","ear_status_2",32.9,5.4,0,38.2,38.2437386858607,-0.0437386858607383,"global_exact+eb_exact+xgb_residual",0.194361276940094,38.3580580708877,38.5086314714776,38.6483254481391,38.2156924984755,38.2607666962243,38.3360016534545,39.1546299202528,38.5172171883256,39.0346598474521,38.4918851013557,38.8657684326172,0.1,0,0,0.85,0,0,0,0,0,0.0499999999999999,0
"fixed_real_measurement_analysis_set","within_cow_random5",4,"StrictHierarchicalEBResidualXGB",46,"C002","S03","reference_stratum_1","ear_status_2",34.2,6.9,12,38.5,38.5243694387851,-0.0243694387850937,"global_exact+eb_exact+xgb_residual",0.194361276940094,38.6171415891383,38.7047320543622,38.7834927119778,38.5041540369371,38.5160858451605,38.5360016534545,39.1546299202528,38.9566373774878,39.0688759839052,38.6824869694953,38.9266624450684,0.1,0,0,0.85,0,0,0,0,0,0.0499999999999999,0
"fixed_real_measurement_analysis_set","within_cow_random5",4,"StrictHierarchicalEBResidualXGB",48,"C002","S03","reference_stratum_1","ear_status_2",36.2,6.8,12,39.3,39.2440991197316,0.0559008802683749,"global_exact+eb_exact+xgb_residual",0.194361276940094,39.2571415891383,39.1491764988067,39.0692069976921,39.2487411081751,39.1205938786127,38.9540024801817,39.1546299202528,38.9566373774878,38.9985370268696,39.1391003773795,38.9452362060547,0.1,0,0,0.85,0,0,0,0,0,0.0499999999999999,0
"fixed_real_measurement_analysis_set","within_cow_random5",4,"StrictHierarchicalEBResidualXGB",59,"C002","S03","reference_stratum_1","ear_status_2",32.6,6,21,39.7,39.550257326816,0.149742673184043,"global_exact+eb_exact+xgb_residual",0.194361276940094,39.1579277023494,39.0811616563953,39.0619701449068,39.6191114785454,39.416890174909,39.1216009920727,39.1546299202528,39.7332507229381,39.3236544039346,39.1643959963478,39.4954719543457,0.1,0,0,0.85,0,0,0,0,0,0.0499999999999999,0
"fixed_real_measurement_analysis_set","within_cow_random5",4,"StrictHierarchicalEBResidualXGB",60,"C002","S03","reference_stratum_1","ear_status_2",32.6,6,21,39.7,39.5488602814867,0.151139718513257,"global_exact+eb_exact+xgb_residual",0.194361276940094,39.1579277023494,39.0811616563953,39.0619701449068,39.6191114785454,39.416890174909,39.1216009920727,39.1546299202528,39.7332507229381,39.2030451801001,39.1364550897635,39.3889198303223,0.1,0,0,0.85,0,0,0,0,0,0.0499999999999999,0
"fixed_real_measurement_analysis_set","within_cow_random5",4,"StrictHierarchicalEBResidualXGB",70,"C029","S03","reference_stratum_1","ear_status_2",32.9,6.9,12,38,38.0533408435104,-0.0533408435104405,"global_exact+eb_exact+xgb_residual",0.194361276940094,38.0581194985125,38.1736287943798,38.2134137052899,38.0450374044714,38.1868509738224,38.5308004960363,38.3765967085568,38.3395006537537,38.2659342149474,38.1849419971707,38.3276557922363,0.1,0,0,0.85,0,0,0,0,0,0.0499999999999999,0
"fixed_real_measurement_analysis_set","within_cow_random5",4,"StrictHierarchicalEBResidualXGB",73,"C029","S03","reference_stratum_1","ear_status_2",33.2,9.3,13,38.1,38.1259317315098,-0.0259317315098073,"global_exact+eb_exact+xgb_residual",0.194361276940094,38.1544528318458,38.2293709210492,38.290461904739,38.1195386523217,38.3575330347901,38.4408004960363,38.3765967085568,38.3395006537537,38.2491220664658,38.1775718770362,38.1603164672852,0.1,0,0,0.85,0,0,0,0,0,0.0499999999999999,0
"fixed_real_measurement_analysis_set","within_cow_random5",4,"StrictHierarchicalEBResidualXGB",80,"C029","S03","reference_stratum_1","ear_status_2",35,11.2,15,38.5,38.4994822833835,0.000517716616514008,"global_exact+eb_exact+xgb_residual",0.194361276940094,38.4794209019581,38.4692303254186,38.4586490898504,38.5041540369371,38.5160858451605,38.5360016534545,38.3765967085568,38.3395006537537,38.4026787541573,38.4601852358236,38.3472938537598,0.1,0,0,0.85,0,0,0,0,0,0.0499999999999999,0
"fixed_real_measurement_analysis_set","within_cow_random5",4,"StrictHierarchicalEBResidualXGB",84,"C029","S03","reference_stratum_1","ear_status_2",31.3,6,21,38.4,38.4094051919813,-0.00940519198130119,"global_exact+eb_exact+xgb_residual",0.194361276940094,38.3959209019581,38.4259739101478,38.4497926247403,38.4080001907832,38.7680002079194,38.6552731782149,38.3765967085568,38.4864538826697,38.4322615821243,38.4602587923952,38.5394515991211,0.1,0,0,0.85,0,0,0,0,0,0.0499999999999999,0
"fixed_real_measurement_analysis_set","within_cow_random5",4,"StrictHierarchicalEBResidualXGB",85,"C029","S03","reference_stratum_1","ear_status_2",32.1,5.4,22,38.4,38.4083899607838,-0.00838996078381626,"global_exact+eb_exact+xgb_residual",0.194361276940094,38.3959209019581,38.4216225960322,38.4419252934151,38.4080001907832,38.4309794621818,38.4693349867878,38.3765967085568,38.6781100416449,38.548919869973,38.4399541684456,38.4788208007812,0.1,0,0,0.85,0,0,0,0,0,0.0499999999999999,0
"fixed_real_measurement_analysis_set","within_cow_random5",4,"StrictHierarchicalEBResidualXGB",89,"C001","S03","reference_stratum_1","ear_status_2",29.8,5.4,0,38,38.0297989652556,-0.0297989652556296,"global_exact+eb_exact+xgb_residual",0.194361276940094,38.0463375497718,38.1270426627524,38.1975397128457,38.0233848061678,38.0905539302669,38.2026683201211,38.28311200654,38.1543342354752,38.1904717348338,38.1057625007159,38.2562522888184,0.1,0,0,0.85,0,0,0,0,0,0.0499999999999999,0
"fixed_real_measurement_analysis_set","within_cow_random5",4,"StrictHierarchicalEBResidualXGB",93,"C001","S03","reference_stratum_1","ear_status_2",33.1,6.1,11,39.2,39.1346691534645,0.065330846535538,"global_exact+eb_exact+xgb_residual",0.194361276940094,39.0665083725475,38.9219678194535,38.7785723761761,39.1561485155825,39.0465198045387,38.9040024801817,38.28311200654,38.8903165581696,38.1645102187102,38.9058415592921,38.3773040771484,0.1,0,0,0.85,0,0,0,0,0,0.0499999999999999,0
"fixed_real_measurement_analysis_set","within_cow_random5",4,"StrictHierarchicalEBResidualXGB",97,"C001","S03","reference_stratum_1","ear_status_2",31.9,6.8,12,38,38.0307891352323,-0.030789135232304,"global_exact+eb_exact+xgb_residual",0.194361276940094,38.0505083725475,38.1304385392521,38.1981734543835,38.0233848061678,38.6411975151193,38.4756670800303,38.28311200654,38.1846181662489,38.174887164129,38.117224254698,38.2513656616211,0.1,0,0,0.85,0,0,0,0,0,0.0499999999999999,0
"fixed_real_measurement_analysis_set","within_cow_random5",4,"StrictHierarchicalEBResidualXGB",104,"C001","S03","reference_stratum_1","ear_status_2",31.8,8.8,14,38,38.0300304303923,-0.0300304303922871,"global_exact+eb_exact+xgb_residual",0.194361276940094,38.0463375497718,38.1327033959237,38.2077745205886,38.0233848061678,38.0905539302669,38.2026683201211,38.28311200654,38.1846181662489,38.1455329368252,38.1103918034491,38.2795181274414,0.1,0,0,0.85,0,0,0,0,0,0.0499999999999999,0
"fixed_real_measurement_analysis_set","within_cow_random5",4,"StrictHierarchicalEBResidualXGB",107,"C001","S03","reference_stratum_1","ear_status_2",33.9,11.2,15,38.1,38.3023088285467,-0.202308828546727,"global_exact+eb_exact+xgb_residual",0.194361276940094,38.1375083725475,38.2081484832178,38.2647025941428,38.3317288696086,38.3418777872282,38.207714640026,38.28311200654,38.1846181662489,38.1645949038218,38.1317690424929,38.1541404724121,0.1,0,0,0.85,0,0,0,0,0,0.0499999999999999,0
"fixed_real_measurement_analysis_set","within_cow_random5",4,"StrictHierarchicalEBResidualXGB",119,"C027","S03","reference_stratum_1","ear_status_2",30.9,6.1,11,41.5,41.3071566963898,0.192843303610182,"global_exact+eb_exact+xgb_residual",0.194361276940094,41.0242785894216,40.4089627956092,39.8811617022896,41.3887694215524,39.4027307468416,39.2680008267272,38.8445670055865,39.4671472422496,38.8212634355209,40.4854965825617,39.3894081115723,0.1,0,0,0.85,0,0,0,0,0,0.0499999999999999,0
"fixed_real_measurement_analysis_set","within_cow_random5",4,"StrictHierarchicalEBResidualXGB",123,"C027","S03","reference_stratum_1","ear_status_2",31.9,6.9,12,38.5,38.6371618780671,-0.13716187806714,"global_exact+eb_exact+xgb_residual",0.194361276940094,38.8457327391402,38.7676352462645,38.7481108730456,38.6080049603635,38.6411975151193,38.4756670800303,38.8445670055865,38.5582092817593,38.7102284465148,38.7156877568837,38.6044120788574,0.1,0,0,0.85,0,0,0,0,0,0.0499999999999999,0
"fixed_real_measurement_analysis_set","within_cow_random5",4,"StrictHierarchicalEBResidualXGB",124,"C027","S03","reference_stratum_1","ear_status_2",31.9,6.9,12,38.5,38.6387136889054,-0.138713688905419,"global_exact+eb_exact+xgb_residual",0.194361276940094,38.8457327391402,38.7676352462645,38.7481108730456,38.6080049603635,38.6411975151193,38.4756670800303,38.8445670055865,38.5582092817593,38.7856554955678,38.7467239736493,38.688835144043,0.1,0,0,0.85,0,0,0,0,0,0.0499999999999999,0
"fixed_real_measurement_analysis_set","within_cow_random5",4,"StrictHierarchicalEBResidualXGB",128,"C027","S03","reference_stratum_1","ear_status_2",32.8,9.3,13,38.5,38.6600995649852,-0.160099564985238,"global_exact+eb_exact+xgb_residual",0.194361276940094,38.5496119227549,38.5858103149886,38.6253726190247,38.6788662198482,38.5187485355275,38.4408004960363,38.8445670055865,38.5582092817593,38.8292417658465,38.5620417167748,38.7136726379395,0.1,0,0,0.85,0,0,0,0,0,0.0499999999999999,0
"fixed_real_measurement_analysis_set","within_cow_random5",4,"StrictHierarchicalEBResidualXGB",139,"C027","S03","reference_stratum_1","ear_status_2",32.7,5.5,23,38.2,38.2366857726993,-0.036685772699272,"global_exact+eb_exact+xgb_residual",0.194361276940094,38.3065459019581,38.4242463982918,38.531503332809,38.2156924984755,38.2607666962243,38.3360016534545,38.8445670055865,38.4556459515034,39.112340002759,38.4538511759855,38.9081726074219,0.1,0,0,0.85,0,0,0,0,0,0.0499999999999999,0
"fixed_real_measurement_analysis_set","within_cow_random5",4,"StrictHierarchicalEBResidualXGB",142,"C026","S03","reference_stratum_1","ear_status_2",28.6,5.4,0,38.3,38.3315552210983,-0.0315552210982588,"global_exact+eb_exact+xgb_residual",0.194361276940094,38.3650032867585,38.4336852237049,38.4965958000197,38.3228151822491,38.379853137872,38.6770012400909,38.6946048240878,38.439876604989,38.5890618314508,38.4132397502128,38.5385246276855,0.1,0,0,0.85,0,0,0,0,0,0.0499999999999999,0
"fixed_real_measurement_analysis_set","within_cow_random5",4,"StrictHierarchicalEBResidualXGB",147,"C026","S03","reference_stratum_1","ear_status_2",30.6,9,19,39,38.6245100390966,0.375489960903394,"global_exact+eb_exact+xgb_residual",0.194361276940094,38.6939593136877,38.7216536121326,38.7285771867438,38.6080049603635,38.2426273839186,38.3020012400909,38.6946048240878,39.004960347936,38.8441834960816,38.766197828378,38.8035202026367,0.1,0,0,0.85,0,0,0,0,0,0.0499999999999999,0
"fixed_real_measurement_analysis_set","within_cow_random5",4,"StrictHierarchicalEBResidualXGB",148,"C026","S03","reference_stratum_1","ear_status_2",30.6,9,19,39,38.6234512580427,0.376548741957265,"global_exact+eb_exact+xgb_residual",0.194361276940094,38.6939593136877,38.7216536121326,38.7285771867438,38.6080049603635,38.2426273839186,38.3020012400909,38.6946048240878,39.004960347936,38.7476785640021,38.7450222073006,38.7408828735352,0.1,0,0,0.85,0,0,0,0,0,0.0499999999999999,0
"fixed_real_measurement_analysis_set","within_cow_random5",4,"StrictHierarchicalEBResidualXGB",155,"C016","S03","reference_stratum_1","ear_status_2",28.7,5.4,0,38.9,38.8804896735394,0.0195103264605692,"global_exact+eb_exact+xgb_residual",0.194361276940094,38.8621631562053,38.7968324654787,38.7397279369304,38.8887694215524,38.8565113770754,38.6770012400909,38.6706650400776,38.7662940007194,38.6048353151543,38.7763869919865,38.5385246276855,0.1,0,0,0.85,0,0,0,0,0,0.0499999999999999,0
"fixed_real_measurement_analysis_set","within_cow_random5",4,"StrictHierarchicalEBResidualXGB",163,"C016","S03","reference_stratum_1","ear_status_2",33,8.8,14,38.3,38.3309578626626,-0.0309578626625964,"global_exact+eb_exact+xgb_residual",0.194361276940094,38.3611631562053,38.43249319865,38.4971056018161,38.3228151822491,38.379853137872,38.2270012400909,38.6706650400776,38.2470620498789,38.5692273052713,38.4089728426059,38.5150756835938,0.1,0,0,0.85,0,0,0,0,0,0.0499999999999999,0
"fixed_real_measurement_analysis_set","within_cow_random5",4,"StrictHierarchicalEBResidualXGB",165,"C016","S03","reference_stratum_1","ear_status_2",33.2,9.1,15,38.7,38.6948864413469,0.00511355865307905,"global_exact+eb_exact+xgb_residual",0.194361276940094,38.6951631562053,38.6795447858596,38.6663729804763,38.6964617292448,38.686298611118,38.6693349867878,38.6706650400776,38.2470620498789,38.539349451487,38.6675531173671,38.5734939575195,0.1,0,0,0.85,0,0,0,0,0,0.0499999999999999,0
"fixed_real_measurement_analysis_set","within_cow_random5",4,"StrictHierarchicalEBResidualXGB",173,"C022","S03","reference_stratum_1","ear_status_2",25.4,5.4,0,38.1,38.1434361401597,-0.0434361401597272,"global_exact+eb_exact+xgb_residual",0.194361276940094,38.1579419453762,38.2388619545717,38.3108560393764,38.137629997064,38.2317049897239,38.3540024801817,38.4522973666345,38.2587655617247,38.4449218521336,38.2131289623547,38.3408432006836,0.1,0,0,0.85,0,0,0,0,0,0.0499999999999999,0
"fixed_real_measurement_analysis_set","within_cow_random5",4,"StrictHierarchicalEBResidualXGB",177,"C022","S03","reference_stratum_1","ear_status_2",32.2,6.1,11,38.1,38.181485894819,-0.0814858948190107,"global_exact+eb_exact+xgb_residual",0.194361276940094,38.4088375798236,38.4796646524855,38.50417376939,38.137629997064,38.2317049897239,38.8770012400909,38.4522973666345,38.3825640386763,38.3774400571374,38.4723327866458,38.5473175048828,0.1,0,0,0.85,0,0,0,0,0,0.0499999999999999,0
"fixed_real_measurement_analysis_set","within_cow_random5",4,"StrictHierarchicalEBResidualXGB",178,"C022","S03","reference_stratum_1","ear_status_2",32.2,6.1,11,38.1,38.1832825083129,-0.0832825083129478,"global_exact+eb_exact+xgb_residual",0.194361276940094,38.4088375798236,38.4796646524855,38.50417376939,38.137629997064,38.2317049897239,38.8770012400909,38.4522973666345,38.3825640386763,38.4426599222365,38.5082650565245,38.6501121520996,0.1,0,0,0.85,0,0,0,0,0,0.0499999999999999,0
"fixed_real_measurement_analysis_set","within_cow_random5",4,"StrictHierarchicalEBResidualXGB",187,"C022","S03","reference_stratum_1","ear_status_2",31.2,8.8,14,39,38.9656868916473,0.0343131083526558,"global_exact+eb_exact+xgb_residual",0.194361276940094,38.9094419453762,38.799522687743,38.7003765614049,38.9849232677063,38.9416177600541,38.8693349867878,38.4522973666345,38.5627877354338,38.3026565659151,38.7511583911875,38.3331527709961,0.1,0,0,0.85,0,0,0,0,0,0.0499999999999999,0
"fixed_real_measurement_analysis_set","within_cow_random5",4,"StrictHierarchicalEBResidualXGB",195,"C022","S03","reference_stratum_1","ear_status_2",31.5,6,21,38.2,38.2264424545805,-0.0264424545804758,"global_exact+eb_exact+xgb_residual",0.194361276940094,38.2414419453762,38.3249845263484,38.3972160463835,38.2156924984755,38.2607666962243,38.6552731782149,38.4522973666345,38.3389181832487,38.5905082135929,38.3791927267733,38.7305107116699,0.1,0,0,0.85,0,0,0,0,0,0.0499999999999999,0
"fixed_real_measurement_analysis_set","within_cow_random5",4,"StrictHierarchicalEBResidualXGB",202,"C014","S03","reference_stratum_1","ear_status_2",28.2,5.4,0,38.5,38.4979690021919,0.00203099780812011,"global_exact+eb_exact+xgb_residual",0.194361276940094,38.4774306670415,38.4596330740417,38.4426781267105,38.5041540369371,38.5160858451605,38.5360016534545,38.3648066354295,38.4557126838211,38.3207004337409,38.4339000818247,38.2702026367188,0.1,0,0,0.85,0,0,0,0,0,0.0499999999999999,0
"fixed_real_measurement_analysis_set","within_cow_random5",4,"StrictHierarchicalEBResidualXGB",207,"C014","S03","reference_stratum_1","ear_status_2",31.6,6.8,12,38.1,38.125141782588,-0.0251417825880438,"global_exact+eb_exact+xgb_residual",0.194361276940094,38.1388847679721,38.2011426108119,38.2342592449774,38.1195386523217,38.1756603132456,38.4756670800303,38.3648066354295,37.9919362825265,38.2440321287606,38.1929090263483,38.3069915771484,0.1,0,0,0.85,0,0,0,0,0,0.0499999999999999,0
"fixed_real_measurement_analysis_set","within_cow_random5",4,"StrictHierarchicalEBResidualXGB",213,"C014","S03","reference_stratum_1","ear_status_2",32.7,9.3,13,38.1,38.1168763098367,-0.016876309836718,"global_exact+eb_exact+xgb_residual",0.194361276940094,38.1062181013054,38.1450749659482,38.2004828299176,38.1195386523217,38.5187485355275,38.4408004960363,38.3648066354295,37.9919362825265,38.2582573466661,38.0929329046551,38.1440086364746,0.1,0,0,0.85,0,0,0,0,0,0.0499999999999999,0
"fixed_real_measurement_analysis_set","within_cow_random5",4,"StrictHierarchicalEBResidualXGB",215,"C014","S03","reference_stratum_1","ear_status_2",33.2,8.8,14,38,38.032673604893,-0.0326736048930201,"global_exact+eb_exact+xgb_residual",0.194361276940094,38.0599306670415,38.1569604738797,38.242198648739,38.0233848061678,38.0905539302669,38.2270012400909,38.3648066354295,37.9919362825265,38.2695625920712,38.1360690589244,38.2848167419434,0.1,0,0,0.85,0,0,0,0,0,0.0499999999999999,0
"fixed_real_measurement_analysis_set","within_cow_random5",4,"StrictHierarchicalEBResidualXGB",225,"C014","S03","reference_stratum_1","ear_status_2",31,5.5,23,38.4,38.4064341532589,-0.00643415325889407,"global_exact+eb_exact+xgb_residual",0.194361276940094,38.3939306670415,38.4055054066897,38.4141660495786,38.4080001907832,38.4309794621818,38.4693349867878,38.3648066354295,38.6238650842696,38.6261957266626,38.4048184877805,38.3764610290527,0.1,0,0,0.85,0,0,0,0,0,0.0499999999999999,0
"fixed_real_measurement_analysis_set","within_cow_random5",4,"StrictHierarchicalEBResidualXGB",231,"C023","S03","reference_stratum_1","ear_status_2",32.6,6.1,11,39.4,39.3512982067025,0.0487017932974965,"global_exact+eb_exact+xgb_residual",0.194361276940094,39.2956214677856,39.1582676770033,39.0585777725655,39.3695386523217,39.282043291969,38.8770012400909,38.9894608849343,38.7238169310025,38.9205104456452,39.1525641090104,39.0255012512207,0.1,0,0,0.85,0,0,0,0,0,0.0499999999999999,0
"fixed_real_measurement_analysis_set","within_cow_random5",4,"StrictHierarchicalEBResidualXGB",233,"C023","S03","reference_stratum_1","ear_status_2",31.7,6.9,12,39.2,39.1689033287603,0.0310966712396592,"global_exact+eb_exact+xgb_residual",0.194361276940094,39.1636214677856,39.0689606190242,38.9896074222014,39.177230960014,38.6411975151193,38.4756670800303,38.9894608849343,38.9410777951955,38.9059734030677,39.0378973193981,38.9122657775879,0.1,0,0,0.85,0,0,0,0,0,0.0499999999999999,0
"fixed_real_measurement_analysis_set","within_cow_random5",4,"StrictHierarchicalEBResidualXGB",241,"C023","S03","reference_stratum_1","ear_status_2",33.7,8.8,14,38.6,38.6104137613372,-0.0104137613372188,"global_exact+eb_exact+xgb_residual",0.194361276940094,38.6646734014202,38.7120906059359,38.7577808981396,38.6003078830909,38.5444489226406,38.5675561067071,38.9894608849343,38.9410777951955,38.8887836488929,38.6736944113587,38.811637878418,0.1,0,0,0.85,0,0,0,0,0,0.0499999999999999,0
"fixed_real_measurement_analysis_set","within_cow_random5",4,"StrictHierarchicalEBResidualXGB",248,"C023","S03","reference_stratum_1","ear_status_2",32.1,9,19,39.1,39.158828451435,-0.0588284514349979,"global_exact+eb_exact+xgb_residual",0.194361276940094,39.0821734014202,39.0444042963932,39.0118525259753,39.1693861877264,39.1220098295775,39.1090004133636,38.9894608849343,39.4913721383845,39.1482682479231,39.1326570345114,39.3425636291504,0.1,0,0,0.85,0,0,0,0,0,0.0499999999999999,0
"fixed_real_measurement_analysis_set","within_cow_random5",4,"StrictHierarchicalEBResidualXGB",253,"C023","S03","reference_stratum_1","ear_status_2",33.3,5.5,23,39.3,39.2672399549449,0.0327600450551344,"global_exact+eb_exact+xgb_residual",0.194361276940094,39.2491734014202,39.1456355387459,39.0561768704077,39.2733848061678,39.1969369089903,38.7564449955959,38.9894608849343,39.2619756657808,39.2180675184017,39.198910591204,39.155143737793,0.1,0,0,0.85,0,0,0,0,0,0.0499999999999999,0
"fixed_real_measurement_analysis_set","within_cow_random5",4,"StrictHierarchicalEBResidualXGB",274,"C011","S03","reference_stratum_1","ear_status_2",30.8,18.3,13,37.9,38.5632236729202,-0.663223672920203,"global_exact+eb_exact+xgb_residual",0.194361276940094,38.326224052217,38.354209429116,38.3612057733407,38.6080049603635,38.6080049603635,38.6080049603635,38.3180919749874,38.1416728376178,37.8393389868588,38.2759410277912,38.1131057739258,0.1,0,0,0.85,0,0,0,0,0,0.0499999999999999,0
"fixed_real_measurement_analysis_set","within_cow_random5",4,"StrictHierarchicalEBResidualXGB",275,"C011","S03","reference_stratum_1","ear_status_2",31.9,20.8,14,38.1,38.5647263384284,-0.464726338428434,"global_exact+eb_exact+xgb_residual",0.194361276940094,38.326224052217,38.3735095994272,38.3853309862297,38.6080049603635,38.6080049603635,38.6080049603635,38.3180919749874,38.1416728376178,37.7386800515589,38.3059943379559,38.1345558166504,0.1,0,0,0.85,0,0,0,0,0,0.0499999999999999,0
"fixed_real_measurement_analysis_set","within_cow_random5",4,"StrictHierarchicalEBResidualXGB",286,"C004","S04","reference_stratum_1","ear_status_1",33.6,8,13,38.4,38.4092536264411,-0.00925362644112937,"global_exact",0.188898565143552,38.5624355191141,38.5442345172816,38.5418127504296,38.4092536264411,38.4358331917507,38.3800742859337,38.5734975062252,38.4896318847223,38.5475259699952,38.5337609036543,38.469181060791,0,0,0,1,0,0,0,0,0,0,0
"fixed_real_measurement_analysis_set","within_cow_random5",4,"StrictHierarchicalEBResidualXGB",291,"C004","S04","reference_stratum_1","ear_status_1",32,6,21,38.6,38.6405942874693,-0.0405942874692897,"global_exact",0.188898565143552,38.575679417108,38.6174267759268,38.6278636156315,38.6405942874693,38.6405942874693,38.6405942874693,38.5734975062252,38.8616216862337,38.7188490445756,38.7176638548915,38.8989944458008,0,0,0,1,0,0,0,0,0,0,0
"fixed_real_measurement_analysis_set","within_cow_random5",4,"StrictHierarchicalEBResidualXGB",297,"C028","S04","reference_stratum_1","ear_status_1",36.2,6.8,12,39.3,39.2511551324051,0.0488448675948732,"global_exact",0.188898565143552,39.0117853849431,38.9094071662229,38.901259840575,39.2511551324051,39.129042963418,38.9702971437346,39.1219212211697,38.8572244058089,38.9674346460011,38.8875270573598,38.897705078125,0,0,0,1,0,0,0,0,0,0,0
"fixed_real_measurement_analysis_set","within_cow_random5",4,"StrictHierarchicalEBResidualXGB",300,"C028","S04","reference_stratum_1","ear_status_1",36.2,8.8,14,39,38.9861767033642,0.0138232966357918,"global_exact",0.188898565143552,39.1203459211431,39.0076188619709,38.9794370971779,38.9861767033642,38.9464714896231,38.8801980958231,39.1219212211697,38.8572244058089,39.0604696484969,38.9857387531078,38.9196891784668,0,0,0,1,0,0,0,0,0,0,0
"fixed_real_measurement_analysis_set","within_cow_random5",4,"StrictHierarchicalEBResidualXGB",308,"C008","S04","reference_stratum_1","ear_status_1",32.9,6.9,12,38,38.0474514287014,-0.0474514287014287,"global_exact",0.188898565143552,38.3271662883449,38.2713539451246,38.3113599654693,38.0474514287014,38.1894731035895,38.5340594287469,38.3497832205109,38.3643388599207,38.2718898790158,38.22820836677,38.2242050170898,0,0,0,1,0,0,0,0,0,0,0
"fixed_real_measurement_analysis_set","within_cow_random5",4,"StrictHierarchicalEBResidualXGB",317,"C008","S04","reference_stratum_1","ear_status_1",32.2,5.5,23,38.9,38.8900228572104,0.00997714278963713,"global_exact",0.188898565143552,38.3541409555695,38.4053215561787,38.418116706331,38.8900228572104,38.6952202300263,38.6881188574939,38.3497832205109,38.4238229874435,38.6390211136765,38.4239512691627,38.4602661132812,0,0,0,1,0,0,0,0,0,0,0
"fixed_real_measurement_analysis_set","within_cow_random5",4,"StrictHierarchicalEBResidualXGB",320,"C030","S04","reference_stratum_1","ear_status_1",33.1,6.1,11,39.2,39.1585625398125,0.0414374601874599,"global_exact",0.188898565143552,38.3400219920859,38.4361171051327,38.4410507240337,39.1585625398125,39.0549688893439,38.9202971437346,38.2172285982188,38.6938619010522,38.0829128000405,38.4199908449713,38.3464050292969,0,0,0,1,0,0,0,0,0,0,0
"fixed_real_measurement_analysis_set","within_cow_random5",4,"StrictHierarchicalEBResidualXGB",326,"C030","S04","reference_stratum_1","ear_status_1",32,9.1,15,38.4,38.4092536264411,-0.00925362644112937,"global_exact",0.188898565143552,38.2000219920859,38.2817555418452,38.3055987699243,38.4092536264411,38.4358331917507,38.4801980958231,38.2172285982188,38.1241524976394,38.0891489947917,38.2683436986273,38.3345756530762,0,0,0,1,0,0,0,0,0,0,0
"fixed_real_measurement_analysis_set","within_cow_random5",4,"StrictHierarchicalEBResidualXGB",330,"C030","S04","reference_stratum_1","ear_status_1",30.6,5.4,22,38.1,38.5027567507347,-0.402756750734689,"global_exact",0.188898565143552,38.221238778286,38.322835345616,38.3482344874485,38.5027567507347,38.5113121840493,38.5281188574939,38.2172285982188,38.2188627632258,38.3957267471111,38.3253357823504,38.3416213989258,0,0,0,1,0,0,0,0,0,0,0
"fixed_real_measurement_analysis_set","within_cow_random5",4,"StrictHierarchicalEBResidualXGB",335,"C018","S04","reference_stratum_1","ear_status_1",31.9,6.9,12,38.5,38.6405942874693,-0.140594287469291,"global_exact",0.188898565143552,38.935679417108,38.846971527152,38.824794554663,38.6405942874693,38.6427493878387,38.4783828572891,38.9370332205109,38.5663615390709,38.7880232213296,38.801756773554,38.7510528564453,0,0,0,1,0,0,0,0,0,0,0
"fixed_real_measurement_analysis_set","within_cow_random5",4,"StrictHierarchicalEBResidualXGB",336,"C018","S04","reference_stratum_1","ear_status_1",31.1,8,13,38.6,38.6015613187488,-0.00156131874881993,"global_exact",0.188898565143552,38.8594355191141,38.7827345172816,38.7758127504296,38.6015613187488,38.6060459577082,38.6135314291564,38.9370332205109,38.5663615390709,38.8082693598402,38.732342396205,38.7264747619629,0,0,0,1,0,0,0,0,0,0,0
"fixed_real_measurement_analysis_set","within_cow_random5",4,"StrictHierarchicalEBResidualXGB",352,"C025","S04","reference_stratum_1","ear_status_1",31.8,6.1,11,39.2,39.1784843956719,0.0215156043281013,"global_exact",0.188898565143552,38.6429790528005,38.6801796567586,38.6894798077481,39.1784843956719,39.1166842555805,39.0135314291564,38.6408664336016,38.7115538703662,38.5562321021236,38.7146857243922,38.8352012634277,0,0,0,1,0,0,0,0,0,0,0
"fixed_real_measurement_analysis_set","within_cow_random5",4,"StrictHierarchicalEBResidualXGB",355,"C025","S04","reference_stratum_1","ear_status_1",33,8.8,14,38.3,38.3252292064792,-0.025229206479203,"global_exact",0.188898565143552,38.6429790528005,38.6257253672968,38.6214119459209,38.3252292064792,38.3883022226772,38.2351485718673,38.6408664336016,38.3327706995651,38.5358293585523,38.6107187338214,38.5032806396484,0,0,0,1,0,0,0,0,0,0,0
"fixed_real_measurement_analysis_set","within_cow_random5",4,"StrictHierarchicalEBResidualXGB",360,"C010","S04","reference_stratum_1","ear_status_1",25.4,5.4,0,38.1,38.140044021294,-0.0400440212940154,"global_exact",0.188898565143552,38.4672209211431,38.4869099791549,38.4918322436578,38.140044021294,38.2401540745291,38.3702971437346,38.4647388441205,38.4653257340676,38.4849399099064,38.4611769869379,38.3637733459473,0,0,0,1,0,0,0,0,0,0,0
"fixed_real_measurement_analysis_set","within_cow_random5",4,"StrictHierarchicalEBResidualXGB",361,"C010","S04","reference_stratum_1","ear_status_1",25.3,5,11,38.3,38.3130997802873,-0.0130997802872841,"global_exact",0.188898565143552,38.4029572599431,38.4890802747755,38.5209391168908,38.3130997802873,38.350726808772,38.4135314291564,38.4647388441205,38.3209204165349,38.542415127658,38.5201985652744,38.7146835327148,0,0,0,1,0,0,0,0,0,0,0
"fixed_real_measurement_analysis_set","within_cow_random5",4,"StrictHierarchicalEBResidualXGB",373,"C010","S04","reference_stratum_1","ear_status_1",32.1,5.5,23,38.5,38.505407472595,-0.00540747259497465,"global_exact",0.188898565143552,38.4672209211431,38.4957855286376,38.5029266805112,38.505407472595,38.6952202300263,38.6881188574939,38.4647388441205,38.3459212787085,38.7236422803381,38.5073843606115,38.5102005004883,0,0,0,1,0,0,0,0,0,0,0
"fixed_real_measurement_analysis_set","within_cow_random5",4,"StrictHierarchicalEBResidualXGB",378,"C019","S04","reference_stratum_1","ear_status_1",32,6.9,12,38.2,38.2169459341334,-0.0169459341334388,"global_exact",0.188898565143552,38.2839952063716,38.3261817197943,38.2562148720023,38.2169459341334,38.1166743926382,38.4783828572891,38.3196466310057,37.9995679932754,38.2314305674381,38.312003182962,38.2468032836914,0,0,0,1,0,0,0,0,0,0,0
"fixed_real_measurement_analysis_set","within_cow_random5",4,"StrictHierarchicalEBResidualXGB",385,"C019","S04","reference_stratum_1","ear_status_1",31.5,5.4,22,38.8,38.7938690110565,0.00613098894348951,"global_exact",0.188898565143552,38.3230244925717,38.4042639170445,38.4245737731627,38.7938690110565,38.7762587236656,38.4734323812449,38.3196466310057,38.4151168615864,38.4709686000433,38.4341900215156,38.4958839416504,0,0,0,1,0,0,0,0,0,0,0
"fixed_real_measurement_analysis_set","within_cow_random5",4,"StrictHierarchicalEBResidualXGB",388,"C005","S04","reference_stratum_1","ear_status_1",30.4,5,11,38.3,38.4234739257869,-0.123473925786925,"global_exact",0.188898565143552,39.1272987778002,39.0668090694184,39.0423900097479,38.4234739257869,38.434431401984,38.4567657145782,39.0707122047762,39.2182016096132,39.0457492576449,39.0713489577705,38.9556541442871,0,0,0,1,0,0,0,0,0,0,0
"fixed_real_measurement_analysis_set","within_cow_random5",4,"StrictHierarchicalEBResidualXGB",391,"C005","S04","reference_stratum_1","ear_status_1",33.2,6.8,12,39,38.9861767033642,0.0138232966357918,"global_exact",0.188898565143552,39.0922987778002,38.9719406483658,38.9381794834322,38.9861767033642,38.9464714896231,38.5340594287469,39.0707122047762,38.9289738723031,38.9758247792679,38.9545272128619,38.8894157409668,0,0,0,1,0,0,0,0,0,0,0
"fixed_real_measurement_analysis_set","within_cow_random5",4,"StrictHierarchicalEBResidualXGB",393,"C005","S04","reference_stratum_1","ear_status_1",33,8,13,38.9,38.8900228572104,0.00997714278963713,"global_exact",0.188898565143552,39.0222987778002,38.9126095583477,38.8927656209096,38.8900228572104,38.8613651066444,39.0067657145782,39.0707122047762,38.9289738723031,39.0335744454213,38.8914176055976,38.8960456848145,0,0,0,1,0,0,0,0,0,0,0
"fixed_real_measurement_analysis_set","within_cow_random5",4,"StrictHierarchicalEBResidualXGB",1000,"C017","S01","reference_stratum_2","ear_status_1",36.1,33.9,14,39.2,39.0038372725993,0.196162727400704,"may_session_hour+may_session+direct_xgb",0.386539868332671,39.5037958966609,39.4185748389178,39.397269574482,39.3017752396131,39.3017752396131,39.3017752396131,39.071593675746,38.9360808694526,39.451585055624,39.3388726031595,39.1541862487793,0,0,0,0,0,0,0.5,0.5,0,0,0
"fixed_real_measurement_analysis_set","within_cow_random5",4,"StrictHierarchicalEBResidualXGB",1001,"C017","S01","reference_stratum_2","ear_status_1",38.2,37.7,15,39,39.3162595529103,-0.31625955291031,"may_session_hour+may_session+direct_xgb",0.386539868332671,39.5037958966609,39.4329635565616,39.4152554715368,39.3017752396131,39.3017752396131,39.133925079871,39.3238372007813,39.3086819050393,39.0478304235398,39.3235587095357,39.0812683105469,0,0,0,0,0,0,0.5,0.5,0,0,0
"fixed_real_measurement_analysis_set","within_cow_random5",4,"StrictHierarchicalEBResidualXGB",1012,"C017","S01","reference_stratum_2","ear_status_1",35.7,31.9,23,39.4,39.4045650513298,-0.00456505132981277,"may_session_hour+may_session+direct_xgb",0.386539868332671,39.5556316147453,39.5730529031269,39.5690774848159,39.3017752396131,39.3017752396131,39.3017752396131,39.351230869339,39.4578992333207,39.8886393254048,39.6612702658884,39.8173065185547,0,0,0,0,0,0,0.5,0.5,0,0,0
"fixed_real_measurement_analysis_set","within_cow_random5",4,"StrictHierarchicalEBResidualXGB",1016,"C020","S01","reference_stratum_2","ear_status_1",36.2,33.7,13,38.8,38.8336992254613,-0.0336992254612625,"may_session_hour+may_session+direct_xgb",0.386539868332671,39.4566472397453,39.3721293965614,39.3026959615255,39.3017752396131,39.3017752396131,38.833925079871,38.936896706049,38.7305017448735,39.4137567711731,39.2591083059347,39.1578254699707,0,0,0,0,0,0,0.5,0.5,0,0,0
"fixed_real_measurement_analysis_set","within_cow_random5",4,"StrictHierarchicalEBResidualXGB",1021,"C020","S01","reference_stratum_2","ear_status_1",38.2,37.8,20,39.5,39.1426920566744,0.357307943325644,"may_session_hour+may_session+direct_xgb",0.386539868332671,39.5110875633276,39.4651993324781,39.4537272747657,39.3017752396131,39.3017752396131,39.3017752396131,39.1840113493407,39.101372764008,39.2966264740628,39.505329582634,39.5456962585449,0,0,0,0,0,0,0.5,0.5,0,0,0
"fixed_real_measurement_analysis_set","within_cow_random5",4,"StrictHierarchicalEBResidualXGB",1025,"C020","S01","reference_stratum_2","ear_status_1",34.5,32.1,22,39.5,39.5832856095984,-0.083285609598363,"may_session_hour+may_session+direct_xgb",0.386539868332671,39.6316472397453,39.6005725663177,39.5734282356794,39.3017752396131,39.3017752396131,39.3017752396131,39.5751265032223,39.5914447159744,39.7145693902946,39.7443794261686,39.9330673217773,0,0,0,0,0,0,0.5,0.5,0,0,0
"fixed_real_measurement_analysis_set","within_cow_random5",4,"StrictHierarchicalEBResidualXGB",1034,"C009","S01","reference_stratum_2","ear_status_1",36.4,32.3,21,40.5,40.2265019938291,0.273498006170918,"may_session_hour+may_session+direct_xgb",0.386539868332671,39.8491101519863,39.7536810825306,39.7298238151667,39.3017752396131,39.3017752396131,39.3017752396131,40.3455620739282,40.10744191373,39.9596761156022,39.764280469409,39.8001441955566,0,0,0,0,0,0,0.5,0.5,0,0,0
"fixed_real_measurement_analysis_set","within_cow_random5",4,"StrictHierarchicalEBResidualXGB",1035,"C009","S01","reference_stratum_2","ear_status_1",36.7,33,21,38.7,39.484556327441,-0.78455632744096,"may_session_hour+may_session+direct_xgb",0.386539868332671,39.8491101519863,39.7536810825306,39.7298238151667,39.3017752396131,39.3017752396131,39.3017752396131,39.5205547623791,39.4485578925028,39.9224912254001,39.7976539435524,39.9460144042969,0,0,0,0,0,0,0.5,0.5,0,0,0
"fixed_real_measurement_analysis_set","within_cow_random5",4,"StrictHierarchicalEBResidualXGB",1038,"C012","S01","reference_stratum_2","ear_status_1",34.1,30.2,1,40.3,40.131654804228,0.168345195772041,"may_session_hour+may_session+direct_xgb",0.386539868332671,39.6557732957069,39.6251926329271,39.6175474672322,39.3017752396131,39.3017752396131,39.7008876198065,40.2132777071172,40.0500319013388,39.7320554226413,39.6856890004413,40.0283279418945,0,0,0,0,0,0,0.5,0.5,0,0,0
"fixed_real_measurement_analysis_set","within_cow_random5",4,"StrictHierarchicalEBResidualXGB",1039,"C012","S01","reference_stratum_2","ear_status_1",37,35,13,39.1,39.0686898057057,0.0313101942942566,"may_session_hour+may_session+direct_xgb",0.386539868332671,39.6557732957069,39.5306525224224,39.4993723291013,39.3017752396131,39.3017752396131,39.3017752396131,39.1197080805083,39.0176715309032,39.3650386907999,39.4398163699881,39.3398780822754,0,0,0,0,0,0,0.5,0.5,0,0,0
"fixed_real_measurement_analysis_set","within_cow_random5",4,"StrictHierarchicalEBResidualXGB",1053,"C006","S01","reference_stratum_2","ear_status_1",35.8,32.5,13,38.6,38.770144365651,-0.170144365650977,"may_session_hour+may_session+direct_xgb",0.386539868332671,39.1456111832439,39.124479229977,39.1412057138163,39.3017752396131,39.3017752396131,39.3008876198065,38.864348117103,38.6759406141989,39.11600318016,38.9805604326033,38.8558616638184,0,0,0,0,0,0,0.5,0.5,0,0,0
"fixed_real_measurement_analysis_set","within_cow_random5",4,"StrictHierarchicalEBResidualXGB",1057,"C006","S01","reference_stratum_2","ear_status_1",35.3,32.1,19,38.4,38.8405659815854,-0.440565981585429,"may_session_hour+may_session+direct_xgb",0.386539868332671,39.2156111832439,39.2274730689121,39.2411980124852,39.3017752396131,39.3017752396131,39.3017752396131,38.9383153032416,38.7428166599293,39.4321118192741,39.2959558180762,39.4252777099609,0,0,0,0,0,0,0.5,0.5,0,0,0
"fixed_real_measurement_analysis_set","within_cow_random5",4,"StrictHierarchicalEBResidualXGB",1061,"C006","S01","reference_stratum_2","ear_status_1",34,29.9,22,39.4,39.7208812787507,-0.320881278750683,"may_session_hour+may_session+direct_xgb",0.386539868332671,39.3906111832439,39.4079223997333,39.3948846760117,39.3017752396131,39.3017752396131,38.8508876198065,39.6540362813029,39.7877262761985,39.506190882986,39.4948473996856,39.5555763244629,0,0,0,0,0,0,0.5,0.5,0,0,0
"fixed_real_measurement_analysis_set","within_cow_random5",4,"StrictHierarchicalEBResidualXGB",1067,"C015","S01","reference_stratum_2","ear_status_1",34.7,32.2,12,39.7,38.3875516441274,1.31244835587265,"may_session_hour+may_session+direct_xgb",0.386539868332671,38.6434219584629,38.4328173879641,38.5593957603839,39.3017752396131,38.4856454324923,38.7508876198065,38.4439063985512,38.3311968897035,38.5991245703583,38.306891563918,38.4696464538574,0,0,0,0,0,0,0.5,0.5,0,0,0
"fixed_real_measurement_analysis_set","within_cow_random5",4,"StrictHierarchicalEBResidualXGB",1072,"C015","S01","reference_stratum_2","ear_status_1",36.5,34.8,15,38.2,38.3468024722067,-0.146802472206744,"may_session_hour+may_session+direct_xgb",0.386539868332671,38.6084219584629,38.7185081089076,38.7667713041936,39.3017752396131,39.1523120991589,39.3017752396131,38.4093672926173,38.2842376517962,38.5577184007429,38.6245974892911,38.5499305725098,0,0,0,0,0,0,0.5,0.5,0,0,0
"fixed_real_measurement_analysis_set","within_cow_random5",4,"StrictHierarchicalEBResidualXGB",1081,"C015","S01","reference_stratum_2","ear_status_1",35,31.4,22,38.8,39.1657332352307,-0.365733235230678,"may_session_hour+may_session+direct_xgb",0.386539868332671,38.6784219584629,38.8405583252879,38.8905840746691,39.3017752396131,39.7449046917515,39.3017752396131,39.099614198169,39.2318522722923,39.0057515819761,38.9229143758985,38.9075469970703,0,0,0,0,0,0,0.5,0.5,0,0,0
"fixed_real_measurement_analysis_set","within_cow_random5",4,"StrictHierarchicalEBResidualXGB",1084,"C007","S01","reference_stratum_2","ear_status_1",36.5,32.1,12,38.4,39.1761140501424,-0.77611405014239,"may_session_hour+may_session+direct_xgb",0.386539868332671,39.7245886251296,39.5872002340304,39.5502822939305,39.3017752396131,39.3017752396131,39.3017752396131,39.2061921128369,39.1460359874479,39.4253553712562,39.5051277823197,39.4486198425293,0,0,0,0,0,0,0.5,0.5,0,0,0
"fixed_real_measurement_analysis_set","within_cow_random5",4,"StrictHierarchicalEBResidualXGB",1089,"C007","S01","reference_stratum_2","ear_status_1",39.2,37.2,14,39.9,39.7225829233346,0.177417076665442,"may_session_hour+may_session+direct_xgb",0.386539868332671,39.6370886251296,39.5262305023749,39.5100076293611,39.3017752396131,39.3017752396131,39.3017752396131,39.6954625307125,39.7497033159566,39.2805332921488,39.4611098873098,39.4054679870605,0,0,0,0,0,0,0.5,0.5,0,0,0
"fixed_real_measurement_analysis_set","within_cow_random5",4,"StrictHierarchicalEBResidualXGB",1098,"C007","S01","reference_stratum_2","ear_status_1",35.2,30.1,22,39.4,39.5624767050669,-0.162476705066872,"may_session_hour+may_session+direct_xgb",0.386539868332671,39.7621864364767,39.7059605738861,39.6832907605182,39.3017752396131,39.3017752396131,39.6008876198065,39.5699215329756,39.5550318771582,39.7297480922298,39.7331051233006,40.0245246887207,0,0,0,0,0,0,0.5,0.5,0,0,0
"fixed_real_measurement_analysis_set","within_cow_random5",4,"StrictHierarchicalEBResidualXGB",1100,"C007","S01","reference_stratum_2","ear_status_1",34.9,27.6,23,38.3,39.7101783557059,-1.41017835570587,"may_session_hour+may_session+direct_xgb",0.386539868332671,39.7085922728843,39.6961619398965,39.6930543566495,39.3017752396131,39.3017752396131,39.3017752396131,39.6962241219502,39.7241325894616,40.3409949700334,39.8498489103688,40.2400398254395,0,0,0,0,0,0,0.5,0.5,0,0,0
"fixed_real_measurement_analysis_set","within_cow_random5",4,"StrictHierarchicalEBResidualXGB",1109,"C013","S01","reference_stratum_2","ear_status_1",33.8,27.6,22,39.1,39.2190452860818,-0.11904528608175,"may_session_hour+may_session+direct_xgb",0.386539868332671,38.9412113163521,39.0499461086949,39.0771298067806,39.3017752396131,39.3017752396131,39.3017752396131,39.2254432425931,39.2126473295704,39.2556148914729,39.119831720229,39.120475769043,0,0,0,0,0,0,0.5,0.5,0,0,0
"fixed_real_measurement_analysis_set","within_cow_random5",4,"StrictHierarchicalEBResidualXGB",1110,"C013","S01","reference_stratum_2","ear_status_1",33,25.7,23,39.1,39.2190452860818,-0.11904528608175,"may_session_hour+may_session+direct_xgb",0.386539868332671,38.9412113163521,39.0822571746707,39.1175186392503,39.3017752396131,39.3017752396131,39.3017752396131,39.2254432425931,39.2126473295704,39.422986408506,39.1708681441545,39.1177177429199,0,0,0,0,0,0,0.5,0.5,0,0,0
"fixed_real_measurement_analysis_set","within_cow_random5",4,"StrictHierarchicalEBResidualXGB",1115,"C024","S01","reference_stratum_2","ear_status_1",36.9,34.5,13,38.6,38.4502781022695,0.149721897730508,"may_session_hour+may_session+direct_xgb",0.386539868332671,38.7182179722806,38.7827846817792,38.8234110627543,39.3017752396131,39.3017752396131,39.6508876198065,38.5284112313388,38.3721449732002,38.6084693769417,38.6102172844232,38.4683532714844,0,0,0,0,0,0,0.5,0.5,0,0,0
"fixed_real_measurement_analysis_set","within_cow_random5",4,"StrictHierarchicalEBResidualXGB",1116,"C024","S01","reference_stratum_2","ear_status_1",36,33,14,38.3,38.2904713403924,0.00952865960764626,"may_session_hour+may_session+direct_xgb",0.386539868332671,38.7707179722806,38.8335389175113,38.8652913574195,39.3017752396131,39.3017752396131,39.3017752396131,38.3657095679063,38.2152331128784,38.6901712281736,38.7233985938724,38.633056640625,0,0,0,0,0,0,0.5,0.5,0,0,0
"fixed_real_measurement_analysis_set","within_cow_random5",4,"StrictHierarchicalEBResidualXGB",1126,"C024","S01","reference_stratum_2","ear_status_1",35.9,32.3,22,41.2,40.1634001022349,1.03659989776514,"may_session_hour+may_session+direct_xgb",0.386539868332671,38.8057179722806,38.9424778515355,38.9870900249497,39.3017752396131,39.3017752396131,39.4008876198065,40.069128272722,40.2576719317478,39.1763518802372,39.0919828409211,39.3549995422363,0,0,0,0,0,0,0.5,0.5,0,0,0
"fixed_real_measurement_analysis_set","within_cow_random5",5,"StrictHierarchicalEBResidualXGB",9,"C021","S03","reference_stratum_1","ear_status_2",28.6,10.9,24,38,38.5067383313326,-0.506738331332585,"global_exact+eb_exact+xgb_residual",0.207697430792484,38.2993168195441,38.3621508582327,38.3778593679048,38.6118261249454,38.6118261249454,38.6118261249454,38.2927792736069,38.2955687034982,38.9308118806395,38.3851260850969,38.4903144836426,0.3,0,0,0.65,0,0,0,0,0,0.0499999999999999,0
"fixed_real_measurement_analysis_set","within_cow_random5",5,"StrictHierarchicalEBResidualXGB",16,"C003","S03","reference_stratum_1","ear_status_2",31.4,5.4,0,39,38.9566531687557,0.043346831244321,"global_exact+eb_exact+xgb_residual",0.207697430792484,38.922005878882,38.8136660797898,38.7172290310776,38.9850702355748,38.9421868696727,38.8706087083151,38.5278115694538,38.7726361864004,38.4422947440716,38.795115039349,38.3696060180664,0.3,0,0,0.65,0,0,0,0,0,0.0499999999999999,0
"fixed_real_measurement_analysis_set","within_cow_random5",5,"StrictHierarchicalEBResidualXGB",18,"C003","S03","reference_stratum_1","ear_status_2",33.3,6.1,11,38.8,38.7796098196425,0.0203901803575306,"global_exact+eb_exact+xgb_residual",0.207697430792484,38.755005878882,38.7274720372732,38.7000924809918,38.7927625432671,38.7719741037153,38.7372753749818,38.5278115694538,38.7402271505962,38.499421653898,38.7562480570848,38.6985321044922,0.3,0,0,0.65,0,0,0,0,0,0.0499999999999999,0
"fixed_real_measurement_analysis_set","within_cow_random5",5,"StrictHierarchicalEBResidualXGB",20,"C003","S03","reference_stratum_1","ear_status_2",31.8,6.9,12,38.7,38.6814465487581,0.0185534512419494,"global_exact+eb_exact+xgb_residual",0.207697430792484,38.6635500863919,38.6157253368647,38.5779059980813,38.6966086971133,38.5327670670271,38.4132391328091,38.5278115694538,38.4615244400328,38.4500819768401,38.5917173943371,38.379524230957,0.3,0,0,0.65,0,0,0,0,0,0.0499999999999999,0
"fixed_real_measurement_analysis_set","within_cow_random5",5,"StrictHierarchicalEBResidualXGB",26,"C003","S03","reference_stratum_1","ear_status_2",33.6,8,13,38.4,38.4127422210234,-0.0127422210234442,"global_exact+eb_exact+xgb_residual",0.207697430792484,38.4212167530585,38.4423154227576,38.4616514658788,38.4081471586517,38.4315485718004,38.4016894464208,38.5278115694538,38.4615244400328,38.4331376173959,38.421630839645,38.3991661071777,0.3,0,0,0.65,0,0,0,0,0,0.0499999999999999,0
"fixed_real_measurement_analysis_set","within_cow_random5",5,"StrictHierarchicalEBResidualXGB",45,"C002","S03","reference_stratum_1","ear_status_2",34.2,6.9,12,38.5,38.5465928294224,-0.046592829422373,"global_exact+eb_exact+xgb_residual",0.207697430792484,38.6186463135823,38.7093738358104,38.7865468357695,38.5043010048056,38.5166549547791,38.5372753749818,39.1223419543216,39.0015433919028,39.0021375102828,38.6640656444811,38.8604850769043,0.3,0,0,0.65,0,0,0,0,0,0.0499999999999999,0
"fixed_real_measurement_analysis_set","within_cow_random5",5,"StrictHierarchicalEBResidualXGB",51,"C002","S03","reference_stratum_1","ear_status_2",33.9,9.3,13,38.8,38.8109094941865,-0.0109094941865067,"global_exact+eb_exact+xgb_residual",0.207697430792484,38.8609796469156,38.8774454031848,38.8931494464241,38.7860611944404,38.7512141805414,38.6029565312364,39.1223419543216,39.0015433919028,39.0682978276527,38.8335164745115,38.9450187683105,0.3,0,0,0.65,0,0,0,0,0,0.0499999999999999,0
"fixed_real_measurement_analysis_set","within_cow_random5",5,"StrictHierarchicalEBResidualXGB",58,"C002","S03","reference_stratum_1","ear_status_2",33.7,9,19,40,39.9066626186716,0.0933373813283609,"global_exact+eb_exact+xgb_residual",0.207697430792484,39.8557049364698,39.6392828906626,39.4479504206731,39.9466086971133,39.79325069946,39.5372753749818,39.1223419543216,39.6400355234926,39.2979027203629,39.6931096921414,39.304271697998,0.3,0,0,0.65,0,0,0,0,0,0.0499999999999999,0
"fixed_real_measurement_analysis_set","within_cow_random5",5,"StrictHierarchicalEBResidualXGB",62,"C002","S03","reference_stratum_1","ear_status_2",33.2,5.4,22,39.6,39.5424591003785,0.0575408996215216,"global_exact+eb_exact+xgb_residual",0.207697430792484,39.5217049364698,39.3799093995073,39.256404599611,39.5619933124979,39.4528251675451,39.2706087083151,39.1223419543216,39.2710589156309,39.2594354718195,39.4130393262782,39.1999931335449,0.3,0,0,0.65,0,0,0,0,0,0.0499999999999999,0
"fixed_real_measurement_analysis_set","within_cow_random5",5,"StrictHierarchicalEBResidualXGB",64,"C002","S03","reference_stratum_1","ear_status_2",33.5,5.5,23,39.2,39.1792132925339,0.0207867074660939,"global_exact+eb_exact+xgb_residual",0.207697430792484,39.1877049364698,39.1189410103207,39.0619751459478,39.1773779278825,38.4886241390151,38.7014782656182,39.1223419543216,39.2710589156309,39.4032481725257,39.1521231693869,39.2259407043457,0.3,0,0,0.65,0,0,0,0,0,0.0499999999999999,0
"fixed_real_measurement_analysis_set","within_cow_random5",5,"StrictHierarchicalEBResidualXGB",68,"C029","S03","reference_stratum_1","ear_status_2",35.7,6.1,11,38.1,38.1347155903505,-0.0347155903505083,"global_exact+eb_exact+xgb_residual",0.207697430792484,38.1439910962733,38.2484894285775,38.3379446549048,38.1196856201902,38.1762294228642,38.2706087083151,38.3680417581331,38.3051825384369,38.3123651036404,38.2744521668977,38.5766868591309,0.3,0,0,0.65,0,0,0,0,0,0.0499999999999999,0
"fixed_real_measurement_analysis_set","within_cow_random5",5,"StrictHierarchicalEBResidualXGB",69,"C029","S03","reference_stratum_1","ear_status_2",32.9,6.9,12,38,38.0429674726819,-0.0429674726819229,"global_exact+eb_exact+xgb_residual",0.207697430792484,38.0583922294749,38.165908711232,38.2195379509771,38.0235317740364,38.1236236249943,38.5911826124945,38.3680417581331,38.3448548639382,38.2327813883438,38.2030830143166,38.3361129760742,0.3,0,0,0.65,0,0,0,0,0,0.0499999999999999,0
"fixed_real_measurement_analysis_set","within_cow_random5",5,"StrictHierarchicalEBResidualXGB",72,"C029","S03","reference_stratum_1","ear_status_2",33.1,6.8,12,38.2,38.2227576276268,-0.0227576276268238,"global_exact+eb_exact+xgb_residual",0.207697430792484,38.2183922294749,38.165908711232,38.2195379509771,38.2305056388848,38.1236236249943,38.5911826124945,38.3680417581331,38.3448548639382,38.2832012150077,38.1482258701843,38.2982749938965,0.3,0,0,0.65,0,0,0,0,0,0.0499999999999999,0
"fixed_real_measurement_analysis_set","within_cow_random5",5,"StrictHierarchicalEBResidualXGB",87,"C029","S03","reference_stratum_1","ear_status_2",32.2,5.5,23,38.9,38.8585149547438,0.0414850452562092,"global_exact+eb_exact+xgb_residual",0.207697430792484,38.8119910962733,38.7104954369061,38.6184465896061,38.888916389421,38.692905550283,38.6823652249891,38.3680417581331,38.5438760162496,38.6279920987788,38.7424394547634,38.4821090698242,0.3,0,0,0.65,0,0,0,0,0,0.0499999999999999,0
"fixed_real_measurement_analysis_set","within_cow_random5",5,"StrictHierarchicalEBResidualXGB",92,"C001","S03","reference_stratum_1","ear_status_2",26.6,5,11,38.9,38.867083259938,0.0329167400619497,"global_exact+eb_exact+xgb_residual",0.207697430792484,38.8318575544991,38.7758849736061,38.7002720905401,38.888916389421,38.857080486694,38.8039420416485,38.270462019602,38.9733123960922,38.2235212812335,38.7946068092939,38.5926246643066,0.3,0,0,0.65,0,0,0,0,0,0.0499999999999999,0
"fixed_real_measurement_analysis_set","within_cow_random5",5,"StrictHierarchicalEBResidualXGB",100,"C001","S03","reference_stratum_1","ear_status_2",31.6,9.3,13,38,38.0320181116034,-0.0320181116033709,"global_exact+eb_exact+xgb_residual",0.207697430792484,38.0442114449836,38.118914578041,38.184338656401,38.0235317740364,38.0911230398855,38.1519710208242,38.270462019602,38.1457121357867,38.1994743798532,38.0691804996933,38.2238082885742,0.3,0,0,0.65,0,0,0,0,0,0.0499999999999999,0
"fixed_real_measurement_analysis_set","within_cow_random5",5,"StrictHierarchicalEBResidualXGB",101,"C001","S03","reference_stratum_1","ear_status_2",33.3,8,13,38.2,38.2121937709503,-0.0121937709502902,"global_exact+eb_exact+xgb_residual",0.207697430792484,38.2042114449836,38.2300256891521,38.2557672278296,38.2158394663441,38.2613358058429,38.4016894464208,38.270462019602,38.1457121357867,38.243726748062,38.2126936866316,38.2725791931152,0.3,0,0,0.65,0,0,0,0,0,0.0499999999999999,0
"fixed_real_measurement_analysis_set","within_cow_random5",5,"StrictHierarchicalEBResidualXGB",105,"C001","S03","reference_stratum_1","ear_status_2",32,9.1,15,38.4,38.3943194488634,0.00568055113658517,"global_exact+eb_exact+xgb_residual",0.207697430792484,38.3726114449836,38.3655837514073,38.3603074743178,38.4081471586517,38.4315485718004,38.4706087083151,38.270462019602,38.1457121357867,38.1332874014312,38.344807244894,38.3119010925293,0.3,0,0,0.65,0,0,0,0,0,0.0499999999999999,0
"fixed_real_measurement_analysis_set","within_cow_random5",5,"StrictHierarchicalEBResidualXGB",108,"C001","S03","reference_stratum_1","ear_status_2",33.9,11.2,15,38.1,38.2348781121378,-0.134878112137798,"global_exact+eb_exact+xgb_residual",0.207697430792484,38.1326114449836,38.1989170847407,38.2531646171749,38.2876556069072,38.3014392352332,38.1926521770788,38.270462019602,38.1457121357867,38.2396479603356,38.1623706830611,38.3141441345215,0.3,0,0,0.65,0,0,0,0,0,0.0499999999999999,0
"fixed_real_measurement_analysis_set","within_cow_random5",5,"StrictHierarchicalEBResidualXGB",121,"C027","S03","reference_stratum_1","ear_status_2",31.5,5,11,38.7,38.7602790545423,-0.0602790545422849,"global_exact+eb_exact+xgb_residual",0.207697430792484,38.8588602313194,38.9954054476711,39.0467903599141,38.6966086971133,38.6868677207366,38.6706087083151,38.9151323241708,40.2194251746121,38.9188810711979,38.9965066404566,38.9755706787109,0.3,0,0,0.65,0,0,0,0,0,0.0499999999999999,0
"fixed_real_measurement_analysis_set","within_cow_random5",5,"StrictHierarchicalEBResidualXGB",130,"C027","S03","reference_stratum_1","ear_status_2",33.8,8.8,14,38.6,38.6192957798458,-0.0192957798458266,"global_exact+eb_exact+xgb_residual",0.207697430792484,38.6522841397516,38.6851235305516,38.7176215298832,38.6004548509594,38.6017613377578,38.5639782656182,38.9151323241708,38.5471221874882,38.8373365982812,38.6662976959346,38.7129554748535,0.3,0,0,0.65,0,0,0,0,0,0.0499999999999999,0
"fixed_real_measurement_analysis_set","within_cow_random5",5,"StrictHierarchicalEBResidualXGB",134,"C027","S03","reference_stratum_1","ear_status_2",33.9,9.1,15,38.5,38.523636987232,-0.0236369872319884,"global_exact+eb_exact+xgb_residual",0.207697430792484,38.5541935646527,38.6026238875893,38.6570736999447,38.5043010048056,38.5166549547791,38.5372753749818,38.9151323241708,38.5471221874882,38.8381525956155,38.5916652942506,38.8031005859375,0.3,0,0,0.65,0,0,0,0,0,0.0499999999999999,0
"fixed_real_measurement_analysis_set","within_cow_random5",5,"StrictHierarchicalEBResidualXGB",137,"C027","S03","reference_stratum_1","ear_status_2",32.5,6,21,39.1,39.0768103370607,0.0231896629392878,"global_exact+eb_exact+xgb_residual",0.207697430792484,39.0697841397515,39.0171342432956,38.9711453631927,39.0812240817287,39.0272932526514,39.3186376874909,38.9151323241708,39.0590489425246,39.0650959012145,39.0615888402323,39.1122436523438,0.3,0,0,0.65,0,0,0,0,0,0.0499999999999999,0
"fixed_real_measurement_analysis_set","within_cow_random5",5,"StrictHierarchicalEBResidualXGB",141,"C026","S03","reference_stratum_1","ear_status_2",28.6,5.4,0,38.3,38.3433651321212,-0.0433651321212309,"global_exact+eb_exact+xgb_residual",0.207697430792484,38.3742191386555,38.4475146578367,38.515204169465,38.3230982314774,38.380843810171,38.7223652249891,38.750280650709,38.4480161432075,38.6109168558319,38.4217108012851,38.6253242492676,0.3,0,0,0.65,0,0,0,0,0,0.0499999999999999,0
"fixed_real_measurement_analysis_set","within_cow_random5",5,"StrictHierarchicalEBResidualXGB",146,"C026","S03","reference_stratum_1","ear_status_2",33.9,11.2,15,38.6,38.4048015033301,0.195198496669882,"global_exact+eb_exact+xgb_residual",0.207697430792484,38.6247191386555,38.6405760922753,38.6562081022669,38.2876556069072,38.3014392352332,38.1926521770788,38.750280650709,38.5587359880716,38.6493041150162,38.6081923448764,38.619514465332,0.3,0,0,0.65,0,0,0,0,0,0.0499999999999999,0
"fixed_real_measurement_analysis_set","within_cow_random5",5,"StrictHierarchicalEBResidualXGB",160,"C016","S03","reference_stratum_1","ear_status_2",32.2,6.9,12,38,38.0613723133214,-0.0613723133213995,"global_exact+eb_exact+xgb_residual",0.207697430792484,38.115959389881,38.2496176180312,38.370842504721,38.0235317740364,38.1411814123519,38.2039420416485,38.7026170083052,38.3459502129003,38.6404740566787,38.2257768646696,38.524959564209,0.3,0,0,0.65,0,0,0,0,0,0.0499999999999999,0
"fixed_real_measurement_analysis_set","within_cow_random5",5,"StrictHierarchicalEBResidualXGB",170,"C016","S03","reference_stratum_1","ear_status_2",31.1,6,21,38.6,38.6102099043443,-0.0102099043442507,"global_exact+eb_exact+xgb_residual",0.207697430792484,38.616959389881,38.6457634775333,38.6709722953386,38.6008760092552,38.6007736717254,38.4679806805495,38.7026170083052,39.0562836887746,38.724277408273,38.6910536272816,38.7701950073242,0.3,0,0,0.65,0,0,0,0,0,0.0499999999999999,0
"fixed_real_measurement_analysis_set","within_cow_random5",5,"StrictHierarchicalEBResidualXGB",172,"C016","S03","reference_stratum_1","ear_status_2",31.8,5.5,23,38.8,38.7884978347742,0.0115021652257639,"global_exact+eb_exact+xgb_residual",0.207697430792484,38.7839593898809,38.747812593849,38.716775385106,38.7927625432671,38.7719741037153,38.7372753749818,38.7026170083052,38.7448377732434,38.9868032252916,38.7602872937263,38.685131072998,0.3,0,0,0.65,0,0,0,0,0,0.0499999999999999,0
"fixed_real_measurement_analysis_set","within_cow_random5",5,"StrictHierarchicalEBResidualXGB",175,"C022","S03","reference_stratum_1","ear_status_2",25.3,5,11,38.3,38.31416322375,-0.0141632237499749,"global_exact+eb_exact+xgb_residual",0.207697430792484,38.3075599354515,38.3662339764551,38.4231988958776,38.3119933124979,38.3464421888216,38.4039420416485,38.4311881116917,38.2584643876413,38.433465550349,38.3819917998181,38.5590858459473,0.3,0,0,0.65,0,0,0,0,0,0.0499999999999999,0
"fixed_real_measurement_analysis_set","within_cow_random5",5,"StrictHierarchicalEBResidualXGB",186,"C022","S03","reference_stratum_1","ear_status_2",32.5,8,13,38.7,38.6729523373257,0.0270476626742777,"global_exact+eb_exact+xgb_residual",0.207697430792484,38.6415599354515,38.5740425022663,38.5215134179915,38.6966086971133,38.6868677207366,38.6706087083151,38.4311881116917,38.5838600459698,38.3690974227635,38.5537740713329,38.3225555419922,0.3,0,0,0.65,0,0,0,0,0,0.0499999999999999,0
"fixed_real_measurement_analysis_set","within_cow_random5",5,"StrictHierarchicalEBResidualXGB",193,"C022","S03","reference_stratum_1","ear_status_2",32.9,9,19,38.3,38.3202052206591,-0.0202052206591432,"global_exact+eb_exact+xgb_residual",0.207697430792484,38.3214414565345,38.3861527749532,38.4408870623955,38.3119933124979,38.3464421888216,38.4519710208242,38.4311881116917,38.3086144713433,38.6949031253353,38.419542611503,38.6000480651855,0.3,0,0,0.65,0,0,0,0,0,0.0499999999999999,0
"fixed_real_measurement_analysis_set","within_cow_random5",5,"StrictHierarchicalEBResidualXGB",197,"C022","S03","reference_stratum_1","ear_status_2",31.1,5.4,22,38.2,38.2379484309321,-0.0379484309320617,"global_exact+eb_exact+xgb_residual",0.207697430792484,38.2379414565345,38.3117792837979,38.375769812762,38.2305056388848,38.306769736097,38.6423652249891,38.4311881116917,38.3927017734282,38.6192151410117,38.3347465739312,38.4400787353516,0.3,0,0,0.65,0,0,0,0,0,0.0499999999999999,0
"fixed_real_measurement_analysis_set","within_cow_random5",5,"StrictHierarchicalEBResidualXGB",200,"C022","S03","reference_stratum_1","ear_status_2",32.1,5.5,23,38.5,38.4995658807974,0.000434119202644467,"global_exact+eb_exact+xgb_residual",0.207697430792484,38.4884414565345,38.482477561278,38.4763403590988,38.5043010048056,38.692905550283,38.6823652249891,38.4311881116917,38.3927017734282,38.7374884032142,38.5047558142671,38.4703941345215,0.3,0,0,0.65,0,0,0,0,0,0.0499999999999999,0
"fixed_real_measurement_analysis_set","within_cow_random5",5,"StrictHierarchicalEBResidualXGB",204,"C014","S03","reference_stratum_1","ear_status_2",30.4,5,11,38.5,38.423325607105,0.0766743928950362,"global_exact+eb_exact+xgb_residual",0.207697430792484,38.4602928396603,38.4639678081327,38.4688278077661,38.4041534534303,38.4170434813174,38.4423652249891,38.3232809702607,38.3307331998189,38.2587252904896,38.4507602095434,38.3809585571289,0.3,0,0,0.65,0,0,0,0,0,0.0499999999999999,0
"fixed_real_measurement_analysis_set","within_cow_random5",5,"StrictHierarchicalEBResidualXGB",206,"C014","S03","reference_stratum_1","ear_status_2",31,6.1,11,38,38.0446182555647,-0.044618255564707,"global_exact+eb_exact+xgb_residual",0.207697430792484,38.0602928396603,38.186190030355,38.2902563791947,38.0235317740364,39.8658692712559,39.8519710208242,38.3232809702607,38.3307331998189,38.2993159775884,38.2246950108595,38.5672836303711,0.3,0,0,0.65,0,0,0,0,0,0.0499999999999999,0
"fixed_real_measurement_analysis_set","within_cow_random5",5,"StrictHierarchicalEBResidualXGB",209,"C014","S03","reference_stratum_1","ear_status_2",32,6.9,12,38.2,38.2145535430901,-0.0145535430901091,"global_exact+eb_exact+xgb_residual",0.207697430792484,38.2111254802489,38.2451056734172,38.2046593320835,38.2158394663441,38.1411814123519,38.4132391328091,38.3232809702607,37.9815886037814,38.2402529050942,38.2184049178359,38.22314453125,0.3,0,0,0.65,0,0,0,0,0,0.0499999999999999,0
"fixed_real_measurement_analysis_set","within_cow_random5",5,"StrictHierarchicalEBResidualXGB",214,"C014","S03","reference_stratum_1","ear_status_2",32.7,9.3,13,38.1,38.1251687394563,-0.0251687394562623,"global_exact+eb_exact+xgb_residual",0.207697430792484,38.1007921469156,38.1339179815324,38.1831614656549,38.1379130462922,38.5733522644532,38.4465296477223,38.3232809702607,37.9815886037814,38.2635437463566,38.1057523058326,38.2519912719727,0.3,0,0,0.65,0,0,0,0,0,0.0499999999999999,0
"fixed_real_measurement_analysis_set","within_cow_random5",5,"StrictHierarchicalEBResidualXGB",222,"C014","S03","reference_stratum_1","ear_status_2",31.2,6,21,39.2,39.1156896702426,0.084310329757443,"global_exact+eb_exact+xgb_residual",0.207697430792484,39.0550438787775,38.9034900065405,38.7644979490376,39.1564315648108,38.6007736717254,38.4679806805495,38.3232809702607,38.951742967779,38.3250003058892,38.9499197896464,38.4395294189453,0.3,0,0,0.65,0,0,0,0,0,0.0499999999999999,0
"fixed_real_measurement_analysis_set","within_cow_random5",5,"StrictHierarchicalEBResidualXGB",230,"C023","S03","reference_stratum_1","ear_status_2",30.4,5,11,38.3,38.4226680622287,-0.122668062228726,"global_exact+eb_exact+xgb_residual",0.207697430792484,38.4365850713572,38.595355136479,38.729597525182,38.4041534534303,38.4170434813174,38.4423652249891,39.031796140027,38.8908860170612,38.9762258869454,38.5798559218372,39.0083160400391,0.3,0,0,0.65,0,0,0,0,0,0.0499999999999999,0
"fixed_real_measurement_analysis_set","within_cow_random5",5,"StrictHierarchicalEBResidualXGB",232,"C023","S03","reference_stratum_1","ear_status_2",32.6,6.1,11,39.4,39.3467998707103,0.0532001292897277,"global_exact+eb_exact+xgb_residual",0.207697430792484,39.3165850713572,39.2064662475901,39.1224546680391,39.3696856201902,39.2826124015876,38.6186376874909,39.031796140027,38.8908860170612,39.0133038477343,39.2305739235895,39.237548828125,0.3,0,0,0.65,0,0,0,0,0,0.0499999999999999,0
"fixed_real_measurement_analysis_set","within_cow_random5",5,"StrictHierarchicalEBResidualXGB",234,"C023","S03","reference_stratum_1","ear_status_2",31.7,6.9,12,39.2,39.1689141924599,0.0310858075401441,"global_exact+eb_exact+xgb_residual",0.207697430792484,39.1691670783086,39.0811347525556,39.0087049596131,39.1773779278825,38.5327670670271,38.4132391328091,39.031796140027,38.9296258312811,38.9592521456367,39.0573683168729,38.8912620544434,0.3,0,0,0.65,0,0,0,0,0,0.0499999999999999,0
"fixed_real_measurement_analysis_set","within_cow_random5",5,"StrictHierarchicalEBResidualXGB",242,"C023","S03","reference_stratum_1","ear_status_2",33.7,8.8,14,38.6,38.6268835006186,-0.0268835006185952,"global_exact+eb_exact+xgb_residual",0.207697430792484,38.6717120609301,38.7197928848433,38.7668221094913,38.6004548509594,38.5446989053703,38.5639782656182,39.031796140027,38.9296258312811,38.9329758191645,38.7014845843184,38.8651466369629,0.3,0,0,0.65,0,0,0,0,0,0.0499999999999999,0
"fixed_real_measurement_analysis_set","within_cow_random5",5,"StrictHierarchicalEBResidualXGB",244,"C023","S03","reference_stratum_1","ear_status_2",32.4,11.2,15,39.1,39.0786471735361,0.0213528264638612,"global_exact+eb_exact+xgb_residual",0.207697430792484,39.0868337449753,39.0286162340371,38.9815621024702,39.0812240817287,39.0272932526514,38.9372753749818,39.031796140027,38.9296258312811,38.959988874976,38.9960279383986,38.9213371276855,0.3,0,0,0.65,0,0,0,0,0,0.0499999999999999,0
"fixed_real_measurement_analysis_set","within_cow_random5",5,"StrictHierarchicalEBResidualXGB",280,"C011","S03","reference_stratum_1","ear_status_2",29.6,10.9,24,38.1,38.4986170578678,-0.398617057867774,"global_exact+eb_exact+xgb_residual",0.207697430792484,38.2769391971665,38.3442487603306,38.3610761511216,38.6118261249454,38.6118261249454,38.6118261249454,38.2699364642423,38.5770407531876,38.7442693054215,38.3569663500666,38.4371337890625,0.3,0,0,0.65,0,0,0,0,0,0.0499999999999999,0
"fixed_real_measurement_analysis_set","within_cow_random5",5,"StrictHierarchicalEBResidualXGB",285,"C004","S04","reference_stratum_1","ear_status_1",33.3,9.3,13,38.5,38.5051454212454,-0.00514542124541606,"global_exact",0.217566377791798,38.5064207336781,38.5035996393313,38.5065223453017,38.5051454212454,38.2844529595016,38.6084452380952,38.5267914480078,38.4716152382728,38.3898194231921,38.4486547627498,38.3369178771973,0,0,0,1,0,0,0,0,0,0,0
"fixed_real_measurement_analysis_set","within_cow_random5",5,"StrictHierarchicalEBResidualXGB",290,"C004","S04","reference_stratum_1","ear_status_1",32,9,19,39,38.9859146520146,0.0140853479853504,"global_exact",0.217566377791798,38.5289948287007,38.5818891402715,38.5951127181642,38.9859146520146,39.1208654919236,38.877926984127,38.5267914480078,38.6235846333067,38.6353350710286,38.6347005952531,38.8099212646484,0,0,0,1,0,0,0,0,0,0,0
"fixed_real_measurement_analysis_set","within_cow_random5",5,"StrictHierarchicalEBResidualXGB",294,"C028","S04","reference_stratum_1","ear_status_1",30.8,6.1,11,39.5,39.4666838827839,0.0333161172161169,"global_exact",0.217566377791798,39.1164042101215,39.0494954613237,39.0333275085602,39.4666838827839,39.866914739229,39.2112603174603,39.1218380925895,39.0785042594739,39.0662593681576,39.1014547077208,39.4243011474609,0,0,0,1,0,0,0,0,0,0,0
"fixed_real_measurement_analysis_set","within_cow_random5",5,"StrictHierarchicalEBResidualXGB",299,"C028","S04","reference_stratum_1","ear_status_1",33.9,9.3,13,38.8,38.7876874779541,0.0123125220458604,"global_exact",0.217566377791798,39.1339042101216,39.0050636431419,38.970600235833,38.7876874779541,38.7569061728395,38.6084452380952,39.1218380925895,38.9683461854202,39.0455675894324,38.9750543417626,38.9751777648926,0,0,0,1,0,0,0,0,0,0,0
"fixed_real_measurement_analysis_set","within_cow_random5",5,"StrictHierarchicalEBResidualXGB",309,"C008","S04","reference_stratum_1","ear_status_1",33.1,6.8,12,38.2,38.2321319223986,-0.0321319223985839,"global_exact",0.217566377791798,38.3145745798319,38.1599308420338,38.2454981310706,38.2321319223986,38.1259174129353,38.5933780952381,38.3776485908649,38.3326602300932,38.3066187161739,38.1527818111137,38.3375778198242,0,0,0,1,0,0,0,0,0,0,0
"fixed_real_measurement_analysis_set","within_cow_random5",5,"StrictHierarchicalEBResidualXGB",316,"C008","S04","reference_stratum_1","ear_status_1",32.1,5.4,22,38.4,38.4089915750916,-0.00899157509157078,"global_exact",0.217566377791798,38.3813025210084,38.443141329259,38.4586010313216,38.4089915750916,38.4348184397163,38.477926984127,38.3776485908649,38.7065160851304,38.5346652195355,38.4754422373775,38.4854621887207,0,0,0,1,0,0,0,0,0,0,0
"fixed_real_measurement_analysis_set","within_cow_random5",5,"StrictHierarchicalEBResidualXGB",321,"C030","S04","reference_stratum_1","ear_status_1",31.3,6.9,12,38.3,38.3128377289377,-0.0128377289377255,"global_exact",0.217566377791798,38.2509099728127,38.308719785909,38.3317259882563,38.3128377289377,38.3497120567376,38.4112603174603,38.3020348844993,38.1456044422398,38.2121620616836,38.2861385960382,38.2905883789062,0,0,0,1,0,0,0,0,0,0,0
"fixed_real_measurement_analysis_set","within_cow_random5",5,"StrictHierarchicalEBResidualXGB",331,"C030","S04","reference_stratum_1","ear_status_1",30.5,5.5,23,38.1,38.12053003663,-0.0205300366300349,"global_exact",0.217566377791798,38.304133300379,38.3703846715157,38.3869475142998,38.12053003663,38.3728329501916,38.4067561904762,38.3020348844993,38.2402276810692,38.6065427948208,38.3702910847,38.276611328125,0,0,0,1,0,0,0,0,0,0,0
"fixed_real_measurement_analysis_set","within_cow_random5",5,"StrictHierarchicalEBResidualXGB",332,"C018","S04","reference_stratum_1","ear_status_1",29.5,5.4,0,38.9,38.8897608058608,0.0102391941391957,"global_exact",0.217566377791798,38.9351486748546,38.8505622171946,38.8294156027796,38.8897608058608,38.8603503546099,38.8112603174603,38.9369343051506,38.754369909837,38.9157809009697,38.8247583606429,38.9126358032227,0,0,0,1,0,0,0,0,0,0,0
"fixed_real_measurement_analysis_set","within_cow_random5",5,"StrictHierarchicalEBResidualXGB",343,"C018","S04","reference_stratum_1","ear_status_1",32.7,5.5,23,38.2,38.2166838827839,-0.0166838827838802,"global_exact",0.217566377791798,38.9351486748546,38.8751969710961,38.8602090451565,38.2166838827839,38.2646056737589,38.3445936507936,38.9369343051506,38.8281969058291,39.2746430141189,38.9071409889534,39.0078887939453,0,0,0,1,0,0,0,0,0,0,0
"fixed_real_measurement_analysis_set","within_cow_random5",5,"StrictHierarchicalEBResidualXGB",358,"C025","S04","reference_stratum_1","ear_status_1",31.1,6,21,38.6,38.602502292769,-0.00250229276895908,"global_exact",0.217566377791798,38.6710069342422,38.6874117098588,38.6915129037629,38.602502292769,38.6022099688474,38.4704201058201,38.6703118599413,39.1094905300875,38.8110242393042,38.7436737596828,38.8395767211914,0,0,0,1,0,0,0,0,0,0,0
"fixed_real_measurement_analysis_set","within_cow_random5",5,"StrictHierarchicalEBResidualXGB",369,"C010","S04","reference_stratum_1","ear_status_1",33.3,11.2,15,38,38.0243761904762,-0.0243761904761897,"global_exact",0.217566377791798,38.6622335022244,38.6519668028976,38.6208399065509,38.0243761904762,38.0943929078014,38.1944817460317,38.483042014624,38.6741520463081,38.3750570664835,38.5943425075437,38.357349395752,0,0,0,1,0,0,0,0,0,0,0
"fixed_real_measurement_analysis_set","within_cow_random5",5,"StrictHierarchicalEBResidualXGB",372,"C010","S04","reference_stratum_1","ear_status_1",31.1,5.4,22,38.2,38.2321319223986,-0.0321319223985839,"global_exact",0.217566377791798,38.4845254572417,38.5257196782456,38.5360182334966,38.2321319223986,38.3124617283951,38.6467561904762,38.483042014624,38.5147408519942,38.6506194582064,38.5611660166012,38.5088272094727,0,0,0,1,0,0,0,0,0,0,0
"fixed_real_measurement_analysis_set","within_cow_random5",5,"StrictHierarchicalEBResidualXGB",380,"C019","S04","reference_stratum_1","ear_status_1",32.7,9.3,13,38.1,38.139539329806,-0.0395393298059972,"global_exact",0.217566377791798,38.1576207279787,38.2262299377848,38.2658011286901,38.139539329806,38.5743977324263,38.4485255411255,38.2939589942288,38.0148121972913,38.2080775676797,38.1897291262079,38.1849594116211,0,0,0,1,0,0,0,0,0,0,0
"fixed_real_measurement_analysis_set","within_cow_random5",5,"StrictHierarchicalEBResidualXGB",384,"C019","S04","reference_stratum_1","ear_status_1",31.2,6,21,39.2,39.1580578483245,0.0419421516754923,"global_exact",0.217566377791798,38.2971160339136,38.3882989895958,38.4110947285164,39.1580578483245,38.6022099688474,38.4704201058201,38.2939589942288,38.7785441466595,38.4226216037973,38.4471210291106,38.5599136352539,0,0,0,1,0,0,0,0,0,0,0
"fixed_real_measurement_analysis_set","within_cow_random5",5,"StrictHierarchicalEBResidualXGB",399,"C005","S04","reference_stratum_1","ear_status_1",33.8,5.4,22,39.4,39.37053003663,0.0294699633699693,"global_exact",0.217566377791798,38.9472705552809,38.895915756677,38.883077057026,39.37053003663,39.2858822695035,39.1445936507936,38.9473646527702,38.8349766317819,39.1283026702327,38.9290456834479,39.0473747253418,0,0,0,1,0,0,0,0,0,0,0
"fixed_real_measurement_analysis_set","within_cow_random5",5,"StrictHierarchicalEBResidualXGB",400,"C005","S04","reference_stratum_1","ear_status_1",33.3,5.5,23,39.3,39.2743761904762,0.0256238095238146,"global_exact",0.217566377791798,38.9472705552809,38.8848944754372,38.8693004554763,39.2743761904762,39.2007758865248,38.7042226190476,38.9473646527702,38.8349766317819,39.2467366282738,38.9220398665438,39.059928894043,0,0,0,1,0,0,0,0,0,0,0
"fixed_real_measurement_analysis_set","within_cow_random5",5,"StrictHierarchicalEBResidualXGB",998,"C017","S01","reference_stratum_2","ear_status_1",31.5,30,12,38.9,39.1865382250721,-0.286538225072057,"may_session",0.49342473542296,39.4810646295156,39.3978735192353,39.3770757416652,39.284895572264,39.284895572264,39.284895572264,39.1865382250721,39.1245262509149,38.9284265819838,39.3524767479533,39.1541709899902,0,0,0,0,0,0,1,0,0,0,0
"fixed_real_measurement_analysis_set","within_cow_random5",5,"StrictHierarchicalEBResidualXGB",999,"C017","S01","reference_stratum_2","ear_status_1",38.1,37.8,13,39.4,39.1419677203888,0.258032279611221,"may_session",0.49342473542296,39.4810646295156,39.3763900568848,39.3502214137271,39.284895572264,39.284895572264,39.284895572264,39.1419677203888,39.0402972779027,38.8654364986328,39.2536424866086,39.1037445068359,0,0,0,0,0,0,1,0,0,0,0
"fixed_real_measurement_analysis_set","within_cow_random5",5,"StrictHierarchicalEBResidualXGB",1004,"C017","S01","reference_stratum_2","ear_status_1",36.7,34.5,19,39.6,39.344072915092,0.255927084908045,"may_session",0.49342473542296,39.4143783193504,39.364805618094,39.3631298854851,39.284895572264,39.284895572264,39.092447786132,39.344072915092,39.3421545791539,39.3827412589412,39.2885202707516,39.2951469421387,0,0,0,0,0,0,1,0,0,0,0
"fixed_real_measurement_analysis_set","within_cow_random5",5,"StrictHierarchicalEBResidualXGB",1019,"C020","S01","reference_stratum_2","ear_status_1",37,35.5,19,39.5,39.1508665343915,0.349133465608475,"may_session",0.49342473542296,39.3571062961823,39.3180353379858,39.3082675984366,39.284895572264,39.284895572264,39.392447786132,39.1508665343915,39.0919876798809,39.3826889901377,39.2772323488307,39.3047523498535,0,0,0,0,0,0,1,0,0,0,0
"fixed_real_measurement_analysis_set","within_cow_random5",5,"StrictHierarchicalEBResidualXGB",1020,"C020","S01","reference_stratum_2","ear_status_1",37.1,35.5,19,40.2,39.92855154379,0.271448456209974,"may_session",0.49342473542296,39.3571062961823,39.3180353379858,39.3082675984366,39.284895572264,39.284895572264,39.392447786132,39.92855154379,40.0775903651232,39.4197207352801,39.3381787332755,39.3862266540527,0,0,0,0,0,0,1,0,0,0,0
"fixed_real_measurement_analysis_set","within_cow_random5",5,"StrictHierarchicalEBResidualXGB",1026,"C020","S01","reference_stratum_2","ear_status_1",37,35.2,22,40.2,39.92855154379,0.271448456209974,"may_session",0.49342473542296,39.3821126943504,39.3949665125883,39.3941610817279,39.284895572264,39.284895572264,39.284895572264,39.92855154379,39.9960425165924,39.4600694451111,39.3959875431801,39.4922866821289,0,0,0,0,0,0,1,0,0,0,0
"fixed_real_measurement_analysis_set","within_cow_random5",5,"StrictHierarchicalEBResidualXGB",1033,"C009","S01","reference_stratum_2","ear_status_1",36.1,32.8,19,39.5,39.487215715571,0.0127842844290171,"may_session",0.49342473542296,39.834591701402,39.7000236621616,39.6663816523515,39.284895572264,39.1479358891055,39.228298524088,39.487215715571,39.3877100331848,40.0763974694338,39.7322098648665,39.5788192749023,0,0,0,0,0,0,1,0,0,0,0
"fixed_real_measurement_analysis_set","within_cow_random5",5,"StrictHierarchicalEBResidualXGB",1042,"C012","S01","reference_stratum_2","ear_status_1",38.4,37.9,15,39.7,39.2155177377969,0.48448226220313,"may_session",0.49342473542296,39.4841225713076,39.4159595315362,39.4154229501607,39.284895572264,39.284895572264,38.8949651907547,39.2155177377969,39.0490207478297,39.3387234105079,39.3454365153815,39.2827453613281,0,0,0,0,0,0,1,0,0,0,0
"fixed_real_measurement_analysis_set","within_cow_random5",5,"StrictHierarchicalEBResidualXGB",1050,"C012","S01","reference_stratum_2","ear_status_1",35,32.7,23,40.5,40.133537434331,0.366462565668982,"may_session",0.49342473542296,39.5868152379486,39.5684113326365,39.5638103563085,39.284895572264,39.284895572264,39.542447786132,40.133537434331,40.3355146136386,39.9294771740757,39.6451804387266,39.7658843994141,0,0,0,0,0,0,1,0,0,0,0
"fixed_real_measurement_analysis_set","within_cow_random5",5,"StrictHierarchicalEBResidualXGB",1056,"C006","S01","reference_stratum_2","ear_status_1",38.1,36.5,15,39.7,38.9417909400602,0.758209059939766,"may_session",0.49342473542296,38.9841508077369,39.0159822062446,39.0404451970443,39.284895572264,39.284895572264,39.492447786132,38.9417909400602,38.8917423798002,38.8220970745383,38.9828900054885,38.9029922485352,0,0,0,0,0,0,1,0,0,0,0
"fixed_real_measurement_analysis_set","within_cow_random5",5,"StrictHierarchicalEBResidualXGB",1062,"C006","S01","reference_stratum_2","ear_status_1",35.1,30.6,22,39.9,39.0674787074638,0.83252129253615,"may_session",0.49342473542296,39.1416508077369,39.2021713612169,39.2084941407598,39.284895572264,38.9257136668833,39.342447786132,39.0674787074638,39.1588896198905,39.3056888526856,39.2896616590709,39.2968673706055,0,0,0,0,0,0,1,0,0,0,0
"fixed_real_measurement_analysis_set","within_cow_random5",5,"StrictHierarchicalEBResidualXGB",1073,"C015","S01","reference_stratum_2","ear_status_1",36.9,35.3,15,38,38.848784367381,-0.848784367381036,"may_session",0.49342473542296,38.7008359888136,38.7893809122607,38.8285910972866,39.284895572264,39.284895572264,38.892447786132,38.848784367381,38.8285566435915,38.6113191699625,38.7145359037087,38.5828971862793,0,0,0,0,0,0,1,0,0,0,0
"fixed_real_measurement_analysis_set","within_cow_random5",5,"StrictHierarchicalEBResidualXGB",1075,"C015","S01","reference_stratum_2","ear_status_1",35.5,33.2,19,38.5,38.6838151629073,-0.183815162907266,"may_session",0.49342473542296,38.8408359888136,38.9575719008469,38.945380239488,39.284895572264,39.0738618150314,39.142447786132,38.6838151629073,38.6624442995348,38.8768074487635,38.9651251942166,38.9176063537598,0,0,0,0,0,0,1,0,0,0,0
"fixed_real_measurement_analysis_set","within_cow_random5",5,"StrictHierarchicalEBResidualXGB",1082,"C015","S01","reference_stratum_2","ear_status_1",33.8,29.5,23,39.1,39.0104977648448,0.0895022351552086,"may_session",0.49342473542296,38.8070739258347,38.9446182829454,38.979004372223,39.284895572264,39.284895572264,39.392447786132,39.0104977648448,39.0110809313426,39.3029555057704,39.0308636260345,38.9990882873535,0,0,0,0,0,0,1,0,0,0,0
"fixed_real_measurement_analysis_set","within_cow_random5",5,"StrictHierarchicalEBResidualXGB",1088,"C007","S01","reference_stratum_2","ear_status_1",37.1,33.5,14,39.3,38.9705371137595,0.329462886240542,"may_session",0.49342473542296,39.6523896139672,39.5436499107129,39.5080237217392,39.284895572264,39.284895572264,39.284895572264,38.9705371137595,38.8715333352011,39.3062413435333,39.5400213594514,39.2782287597656,0,0,0,0,0,0,1,0,0,0,0
"fixed_real_measurement_analysis_set","within_cow_random5",5,"StrictHierarchicalEBResidualXGB",1092,"C007","S01","reference_stratum_2","ear_status_1",37.6,33.4,18,39.5,39.526423339528,-0.0264233395279589,"may_session",0.49342473542296,39.5998661987481,39.5382843607002,39.5228889011883,39.284895572264,39.284895572264,39.284895572264,39.526423339528,39.4531922467166,39.6383716782616,39.7189532809788,39.7464714050293,0,0,0,0,0,0,1,0,0,0,0
"fixed_real_measurement_analysis_set","within_cow_random5",5,"StrictHierarchicalEBResidualXGB",1095,"C007","S01","reference_stratum_2","ear_status_1",36.9,32.4,21,39.3,39.4894143042871,-0.18941430428707,"may_session",0.49342473542296,39.7923896139672,39.7149504462528,39.664649391164,39.284895572264,39.284895572264,39.284895572264,39.4894143042871,39.6004178058088,39.6820518953689,39.8248774895716,39.7572631835938,0,0,0,0,0,0,1,0,0,0,0
"fixed_real_measurement_analysis_set","within_cow_random5",5,"StrictHierarchicalEBResidualXGB",1103,"C013","S01","reference_stratum_2","ear_status_1",34.7,30,12,38.7,38.8672295248611,-0.167229524861099,"may_session",0.49342473542296,39.0513749181853,39.054121750171,39.0548084581675,39.284895572264,39.284895572264,39.284895572264,38.8672295248611,38.7387062436391,38.4428901100025,39.0053266535948,38.9196815490723,0,0,0,0,0,0,1,0,0,0,0
"fixed_real_measurement_analysis_set","within_cow_random5",5,"StrictHierarchicalEBResidualXGB",1108,"C013","S01","reference_stratum_2","ear_status_1",34.8,29.8,21,38.5,38.9223973833184,-0.422397383318433,"may_session",0.49342473542296,39.0773843075028,39.1453249728799,39.1730836092274,39.284895572264,39.284895572264,39.4949651907547,38.9223973833184,38.7869236076536,38.9004467540126,39.2252861088634,39.2240409851074,0,0,0,0,0,0,1,0,0,0,0
"fixed_real_measurement_analysis_set","within_cow_random5",5,"StrictHierarchicalEBResidualXGB",1117,"C024","S01","reference_stratum_2","ear_status_1",37.1,35.1,14,38.3,38.8617070141308,-0.561707014130839,"may_session",0.49342473542296,38.9218063652412,38.9618179079481,38.9930187378944,39.284895572264,39.3701581113277,38.9616318574213,38.8617070141308,38.7371108516504,38.6639410014217,38.8027776804157,38.6321601867676,0,0,0,0,0,0,1,0,0,0,0
"fixed_real_measurement_analysis_set","within_cow_random5",5,"StrictHierarchicalEBResidualXGB",1118,"C024","S01","reference_stratum_2","ear_status_1",37.7,36.2,15,38.2,38.8617070141308,-0.661707014130833,"may_session",0.49342473542296,38.9393063652412,38.9802737903011,39.0089010908356,39.284895572264,39.284895572264,39.142447786132,38.8617070141308,38.7371108516504,38.6796847228433,38.8515923690212,38.6875648498535,0,0,0,0,0,0,1,0,0,0,0
"fixed_real_measurement_analysis_set","within_cow_random5",5,"StrictHierarchicalEBResidualXGB",1122,"C024","S01","reference_stratum_2","ear_status_1",37.9,35.1,20,38.9,39.0401664655059,-0.140166465505864,"may_session",0.49342473542296,38.9043063652412,38.9886011695286,39.0336853148701,39.284895572264,39.284895572264,39.284895572264,39.0401664655059,39.0000005242307,38.9367712982106,38.942319042029,39.0290832519531,0,0,0,0,0,0,1,0,0,0,0
