RecordID,CowKey,Source,RowID,SourceRowID,EarTemperature_C,CoreReferenceTemperature_C,AmbientTemperature_C,MeasurementTime_hour,SourceType,EarStatus,SourceWeight,MeasurementUnitID,AcquisitionSession,OuterFold_20260523,OuterFold_20260607,OuterFold_20260701,OuterFold_20260811,OuterFold_20260903,SeqInCowSource,CowSourceN,EarLag1_C,EarLag2_C,AmbientLag1_C,EarDelta1_C,AmbientDelta1_C,TimeSin,TimeCos,ThermalLoad,EarAirGap_C,HotFlag,NightFlag,FoldID,PredictedTHSHRC,DataClass,HeatSegment,SessionID,Ear,Air,Time,Actual,Predicted,Residual,BenchmarkSeed,FoldMode
MEAS_R000001,C021,S01,1,1,30.0,38.3,13.1,11.0,measurement_group_1,measurement_status_1,1.0,MEAS_UNIT_000001,0,4,5,1,4,5,3,17,27.2,30.7,10.1,2.8000000000000007,3.0,0.258819045102521,-0.9659258262890682,0.0,16.9,0,0,5,38.313528554822696,measured,cold,S01_C021,30.0,13.1,11.0,38.3,38.313528554822696,-0.01352855482269888,20260903,fixed_outer_fold_20260903
MEAS_R000002,C021,S01,2,2,30.4,38.3,16.0,12.0,measurement_group_1,measurement_status_1,1.0,MEAS_UNIT_000002,0,4,2,2,5,4,5,17,32.9,30.0,15.1,-2.5,0.9000000000000004,1.2246467991473532e-16,-1.0,0.0,14.4,0,0,4,38.203166793753695,measured,cold,S01_C021,30.4,16.0,12.0,38.3,38.203166793753695,0.09683320624630198,20260903,fixed_outer_fold_20260903
MEAS_R000003,C021,S01,3,3,31.5,38.2,18.3,13.0,measurement_group_1,measurement_status_1,1.0,MEAS_UNIT_000003,0,3,4,2,2,2,8,17,31.8,31.1,23.2,-0.3000000000000007,-4.899999999999999,-0.2588190451025208,-0.9659258262890684,0.0176470588235294,13.2,0,0,2,38.2119624194653,measured,moderate,S01_C021,31.5,18.3,13.0,38.2,38.2119624194653,-0.011962419465298524,20260903,fixed_outer_fold_20260903
MEAS_R000004,C021,S01,4,4,32.6,38.4,20.8,14.0,measurement_group_1,measurement_status_1,1.0,MEAS_UNIT_000004,0,1,3,5,2,2,11,17,32.0,31.6,18.8,0.6000000000000014,2.0,-0.4999999999999997,-0.8660254037844388,0.1647058823529412,11.8,0,0,2,38.20891178261323,measured,moderate,S01_C021,32.6,20.8,14.0,38.4,38.20891178261323,0.1910882173867705,20260903,fixed_outer_fold_20260903
MEAS_R000005,C021,S01,5,5,32.8,38.1,22.0,15.0,measurement_group_1,measurement_status_1,1.0,MEAS_UNIT_000005,0,1,3,4,1,1,12,17,32.6,32.0,20.8,0.1999999999999957,1.1999999999999993,-0.7071067811865471,-0.7071067811865479,0.2352941176470588,10.799999999999995,0,0,1,38.2405408031021,measured,moderate,S01_C021,32.8,22.0,15.0,38.1,38.2405408031021,-0.14054080310209827,20260903,fixed_outer_fold_20260903
MEAS_R000006,C021,S01,6,6,28.1,38.3,13.4,21.0,measurement_group_1,measurement_status_1,1.0,MEAS_UNIT_000006,0,5,2,1,4,1,13,17,32.8,32.6,22.0,-4.699999999999996,-8.6,-0.7071067811865477,0.7071067811865474,0.0,14.7,0,1,1,38.371122334076894,measured,cold,S01_C021,28.1,13.4,21.0,38.3,38.371122334076894,-0.07112233407689672,20260903,fixed_outer_fold_20260903
MEAS_R000007,C021,S01,7,7,29.3,38.3,11.8,22.0,measurement_group_1,measurement_status_1,1.0,MEAS_UNIT_000007,0,2,4,3,3,3,15,17,30.0,28.1,7.7,-0.6999999999999993,4.1000000000000005,-0.5000000000000004,0.8660254037844384,0.0,17.5,0,1,3,38.198896004762354,measured,cold,S01_C021,29.3,11.8,22.0,38.3,38.198896004762354,0.10110399523764357,20260903,fixed_outer_fold_20260903
MEAS_R000008,C021,S01,8,8,29.2,38.2,10.9,23.0,measurement_group_1,measurement_status_1,1.0,MEAS_UNIT_000008,0,3,1,4,1,3,16,17,29.3,30.0,11.8,-0.1000000000000014,-0.9000000000000004,-0.2588190451025215,0.965925826289068,0.0,18.3,0,1,3,38.19872650058207,measured,cold,S01_C021,29.2,10.9,23.0,38.2,38.19872650058207,0.0012734994179339765,20260903,fixed_outer_fold_20260903
MEAS_R000009,C021,S01,9,9,28.6,38.0,10.9,24.0,measurement_group_1,measurement_status_1,1.0,MEAS_UNIT_000009,0,1,1,3,3,4,17,17,29.2,29.3,10.9,-0.5999999999999979,0.0,-2.4492935982947064e-16,1.0,0.0,17.700000000000003,0,1,4,38.236700002759655,measured,cold,S01_C021,28.6,10.9,24.0,38.0,38.236700002759655,-0.23670000275965464,20260903,fixed_outer_fold_20260903
MEAS_R000010,C003,S01,10,10,31.4,39.0,5.4,0.0,measurement_group_1,measurement_status_1,1.0,MEAS_UNIT_000010,0,1,2,3,1,1,1,17,31.4,31.4,5.4,0.0,0.0,0.0,1.0,0.0,26.0,0,1,1,38.55777930725724,measured,cold,S01_C003,31.4,5.4,0.0,39.0,38.55777930725724,0.4422206927427581,20260903,fixed_outer_fold_20260903
MEAS_R000011,C003,S01,11,11,33.3,38.8,6.1,11.0,measurement_group_1,measurement_status_1,1.0,MEAS_UNIT_000011,0,2,4,5,4,1,2,17,31.4,31.4,5.4,1.8999999999999984,0.6999999999999993,0.258819045102521,-0.9659258262890682,0.0,27.2,0,0,1,38.5613943052221,measured,cold,S01_C003,33.3,6.1,11.0,38.8,38.5613943052221,0.2386056947778954,20260903,fixed_outer_fold_20260903
MEAS_R000012,C003,S01,12,12,31.8,38.7,6.9,12.0,measurement_group_1,measurement_status_1,1.0,MEAS_UNIT_000012,0,4,2,1,3,4,4,17,34.1,33.3,10.9,-2.3000000000000007,-4.0,1.2246467991473532e-16,-1.0,0.0,24.9,0,0,4,38.4503869246409,measured,cold,S01_C003,31.8,6.9,12.0,38.7,38.4503869246409,0.24961307535910038,20260903,fixed_outer_fold_20260903
MEAS_R000013,C003,S01,13,13,33.6,38.4,6.8,12.0,measurement_group_1,measurement_status_1,1.0,MEAS_UNIT_000013,0,3,3,2,5,2,5,17,31.8,34.1,6.9,1.8000000000000007,-0.1000000000000005,1.2246467991473532e-16,-1.0,0.0,26.8,0,0,2,38.54955871028048,measured,cold,S01_C003,33.6,6.8,12.0,38.4,38.54955871028048,-0.1495587102804805,20260903,fixed_outer_fold_20260903
MEAS_R000014,C003,S01,14,14,33.3,38.5,9.3,13.0,measurement_group_1,measurement_status_1,1.0,MEAS_UNIT_000014,0,5,3,1,2,3,7,17,32.0,33.6,8.0,1.2999999999999972,1.3000000000000007,-0.2588190451025208,-0.9659258262890684,0.0,24.0,0,0,3,38.51648519801218,measured,cold,S01_C003,33.3,9.3,13.0,38.5,38.51648519801218,-0.01648519801217674,20260903,fixed_outer_fold_20260903
MEAS_R000015,C003,S01,15,15,33.6,38.4,8.0,13.0,measurement_group_1,measurement_status_1,1.0,MEAS_UNIT_000015,0,4,1,5,5,4,8,17,33.3,32.0,9.3,0.3000000000000042,-1.3000000000000007,-0.2588190451025208,-0.9659258262890684,0.0,25.6,0,0,4,38.46317312376966,measured,cold,S01_C003,33.6,8.0,13.0,38.4,38.46317312376966,-0.06317312376965845,20260903,fixed_outer_fold_20260903
MEAS_R000016,C003,S01,16,16,33.1,38.5,11.2,14.0,measurement_group_1,measurement_status_1,1.0,MEAS_UNIT_000016,0,5,1,2,2,3,9,17,33.6,33.3,8.0,-0.5,3.1999999999999997,-0.4999999999999997,-0.8660254037844388,0.0,21.9,0,0,3,38.52957208517211,measured,cold,S01_C003,33.1,11.2,14.0,38.5,38.52957208517211,-0.02957208517211285,20260903,fixed_outer_fold_20260903
MEAS_R000017,C003,S01,17,17,33.9,38.3,11.2,15.0,measurement_group_1,measurement_status_1,1.0,MEAS_UNIT_000017,0,1,1,4,1,5,10,17,33.1,33.6,11.2,0.7999999999999972,0.0,-0.7071067811865471,-0.7071067811865479,0.0,22.7,0,0,5,38.49375846830409,measured,cold,S01_C003,33.9,11.2,15.0,38.3,38.49375846830409,-0.1937584683040896,20260903,fixed_outer_fold_20260903
MEAS_R000018,C003,S01,18,18,36.4,38.5,9.1,15.0,measurement_group_1,measurement_status_1,1.0,MEAS_UNIT_000018,0,1,5,2,1,2,11,17,33.9,33.1,11.2,2.5,-2.1,-0.7071067811865471,-0.7071067811865479,0.0,27.3,0,0,2,38.55833862961564,measured,cold,S01_C003,36.4,9.1,15.0,38.5,38.55833862961564,-0.058338629615640514,20260903,fixed_outer_fold_20260903
MEAS_R000019,C003,S01,19,19,32.0,39.0,9.0,19.0,measurement_group_1,measurement_status_1,1.0,MEAS_UNIT_000019,0,2,2,4,3,1,15,17,34.7,32.9,10.4,-2.700000000000003,-1.4000000000000004,-0.9659258262890684,0.2588190451025203,0.0,23.0,0,0,1,38.56745096555338,measured,cold,S01_C003,32.0,9.0,19.0,39.0,38.56745096555338,0.4325490344466232,20260903,fixed_outer_fold_20260903
MEAS_R000020,C003,S01,20,20,32.0,38.6,6.0,21.0,measurement_group_1,measurement_status_1,1.0,MEAS_UNIT_000020,0,4,5,3,4,5,16,17,32.0,34.7,9.0,0.0,-3.0,-0.7071067811865477,0.7071067811865474,0.0,26.0,0,1,5,38.81877661878364,measured,cold,S01_C003,32.0,6.0,21.0,38.6,38.81877661878364,-0.21877661878363597,20260903,fixed_outer_fold_20260903
MEAS_R000021,C003,S01,21,21,33.7,38.0,5.5,23.0,measurement_group_1,measurement_status_1,1.0,MEAS_UNIT_000021,0,1,4,1,2,2,17,17,32.0,32.0,6.0,1.7000000000000028,-0.5,-0.2588190451025215,0.965925826289068,0.0,28.200000000000003,0,1,2,38.63568394799033,measured,cold,S01_C003,33.7,5.5,23.0,38.0,38.63568394799033,-0.63568394799033,20260903,fixed_outer_fold_20260903
MEAS_R000022,C002,S01,22,22,32.9,38.2,5.4,0.0,measurement_group_1,measurement_status_1,1.0,MEAS_UNIT_000022,0,5,3,1,3,3,1,17,32.9,32.9,5.4,0.0,0.0,0.0,1.0,0.0,27.5,0,1,3,39.12668163969541,measured,cold,S01_C002,32.9,5.4,0.0,38.2,39.12668163969541,-0.9266816396954098,20260903,fixed_outer_fold_20260903
MEAS_R000023,C002,S01,23,23,30.8,39.5,6.1,11.0,measurement_group_1,measurement_status_1,1.0,MEAS_UNIT_000023,0,1,5,4,5,2,2,17,32.9,32.9,5.4,-2.099999999999998,0.6999999999999993,0.258819045102521,-0.9659258262890682,0.0,24.700000000000003,0,0,2,39.106009648793965,measured,cold,S01_C002,30.8,6.1,11.0,39.5,39.106009648793965,0.3939903512060354,20260903,fixed_outer_fold_20260903
MEAS_R000024,C002,S01,24,24,33.1,39.1,5.0,11.0,measurement_group_1,measurement_status_1,1.0,MEAS_UNIT_000024,0,2,3,3,5,3,3,17,30.8,32.9,6.1,2.3000000000000007,-1.0999999999999996,0.258819045102521,-0.9659258262890682,0.0,28.1,0,0,3,39.23582078496086,measured,cold,S01_C002,33.1,5.0,11.0,39.1,39.23582078496086,-0.13582078496085614,20260903,fixed_outer_fold_20260903
MEAS_R000025,C002,S01,25,25,34.2,38.5,6.9,12.0,measurement_group_1,measurement_status_1,1.0,MEAS_UNIT_000025,0,4,2,3,4,2,4,17,33.1,30.8,5.0,1.1000000000000014,1.9000000000000004,1.2246467991473532e-16,-1.0,0.0,27.300000000000004,0,0,2,39.05834443615515,measured,cold,S01_C002,34.2,6.9,12.0,38.5,39.05834443615515,-0.5583444361551528,20260903,fixed_outer_fold_20260903
MEAS_R000026,C002,S01,26,26,36.2,39.3,6.8,12.0,measurement_group_1,measurement_status_1,1.0,MEAS_UNIT_000026,0,5,1,4,4,5,5,17,34.2,33.1,6.9,2.0,-0.1000000000000005,1.2246467991473532e-16,-1.0,0.0,29.4,0,0,5,38.939830234334615,measured,cold,S01_C002,36.2,6.8,12.0,39.3,38.939830234334615,0.3601697656653826,20260903,fixed_outer_fold_20260903
MEAS_R000027,C002,S01,27,27,32.8,39.2,8.0,13.0,measurement_group_1,measurement_status_1,1.0,MEAS_UNIT_000027,0,2,4,5,2,1,8,17,33.4,34.2,11.7,-0.6000000000000014,-3.6999999999999993,-0.2588190451025208,-0.9659258262890684,0.0,24.8,0,0,1,38.95775226816498,measured,cold,S01_C002,32.8,8.0,13.0,39.2,38.95775226816498,0.2422477318350218,20260903,fixed_outer_fold_20260903
MEAS_R000028,C002,S01,28,28,33.9,38.8,9.3,13.0,measurement_group_1,measurement_status_1,1.0,MEAS_UNIT_000028,0,1,1,1,2,5,9,17,32.8,33.4,8.0,1.1000000000000014,1.3000000000000007,-0.2588190451025208,-0.9659258262890684,0.0,24.6,0,0,5,38.94406058757711,measured,cold,S01_C002,33.9,9.3,13.0,38.8,38.94406058757711,-0.14406058757711548,20260903,fixed_outer_fold_20260903
MEAS_R000029,C002,S01,29,29,36.2,39.0,8.8,14.0,measurement_group_1,measurement_status_1,1.0,MEAS_UNIT_000029,0,3,2,2,1,1,11,17,34.8,33.9,8.0,1.4000000000000057,0.8000000000000007,-0.4999999999999997,-0.8660254037844388,0.0,27.4,0,0,1,38.94529251574519,measured,cold,S01_C002,36.2,8.8,14.0,39.0,38.94529251574519,0.054707484254812755,20260903,fixed_outer_fold_20260903
MEAS_R000030,C002,S01,30,30,36.0,38.9,9.1,15.0,measurement_group_1,measurement_status_1,1.0,MEAS_UNIT_000030,0,4,4,1,3,1,12,17,36.2,34.8,8.8,-0.2000000000000028,0.2999999999999989,-0.7071067811865471,-0.7071067811865479,0.0,26.9,0,0,1,38.95164003447553,measured,cold,S01_C002,36.0,9.1,15.0,38.9,38.95164003447553,-0.05164003447553256,20260903,fixed_outer_fold_20260903
MEAS_R000031,C002,S01,31,31,33.7,40.0,9.0,19.0,measurement_group_1,measurement_status_1,1.0,MEAS_UNIT_000031,0,1,1,2,1,4,14,17,36.7,36.0,5.2,-3.0,3.8,-0.9659258262890684,0.2588190451025203,0.0,24.700000000000003,0,0,4,39.272714699178415,measured,cold,S01_C002,33.7,9.0,19.0,40.0,39.272714699178415,0.7272853008215847,20260903,fixed_outer_fold_20260903
MEAS_R000032,C002,S01,32,32,32.6,39.7,6.0,21.0,measurement_group_1,measurement_status_1,1.0,MEAS_UNIT_000032,0,3,5,2,1,2,15,17,33.7,36.7,9.0,-1.1000000000000014,-3.0,-0.7071067811865477,0.7071067811865474,0.0,26.6,0,1,2,39.30717626107811,measured,cold,S01_C002,32.6,6.0,21.0,39.7,39.30717626107811,0.3928237389218907,20260903,fixed_outer_fold_20260903
MEAS_R000033,C002,S01,33,33,33.2,39.6,5.4,22.0,measurement_group_1,measurement_status_1,1.0,MEAS_UNIT_000033,0,4,2,3,3,3,16,17,32.6,33.7,6.0,0.6000000000000014,-0.5999999999999996,-0.5000000000000004,0.8660254037844384,0.0,27.800000000000004,0,1,3,39.16224619353821,measured,cold,S01_C002,33.2,5.4,22.0,39.6,39.16224619353821,0.4377538064617923,20260903,fixed_outer_fold_20260903
MEAS_R000034,C002,S01,34,34,33.5,39.2,5.5,23.0,measurement_group_1,measurement_status_1,1.0,MEAS_UNIT_000034,0,2,3,5,2,4,17,17,33.2,32.6,5.4,0.2999999999999971,0.0999999999999996,-0.2588190451025215,0.965925826289068,0.0,28.0,0,1,4,39.187205389031874,measured,cold,S01_C002,33.5,5.5,23.0,39.2,39.187205389031874,0.01279461096812895,20260903,fixed_outer_fold_20260903
MEAS_R000035,C029,S01,35,35,31.8,38.1,5.4,0.0,measurement_group_1,measurement_status_1,1.0,MEAS_UNIT_000035,0,3,2,2,4,3,1,17,31.8,31.8,5.4,0.0,0.0,0.0,1.0,0.0,26.4,0,1,3,38.405396987776165,measured,cold,S01_C029,31.8,5.4,0.0,38.1,38.405396987776165,-0.3053969877761631,20260903,fixed_outer_fold_20260903
MEAS_R000036,C029,S01,36,36,35.7,38.1,6.1,11.0,measurement_group_1,measurement_status_1,1.0,MEAS_UNIT_000036,0,4,1,5,2,1,2,17,31.8,31.8,5.4,3.900000000000002,0.6999999999999993,0.258819045102521,-0.9659258262890682,0.0,29.6,0,0,1,38.34561963538651,measured,cold,S01_C029,35.7,6.1,11.0,38.1,38.34561963538651,-0.245619635386511,20260903,fixed_outer_fold_20260903
MEAS_R000037,C029,S01,37,37,32.9,38.0,6.9,12.0,measurement_group_1,measurement_status_1,1.0,MEAS_UNIT_000037,0,1,4,1,3,4,4,17,36.8,35.7,6.4,-3.899999999999999,0.5,1.2246467991473532e-16,-1.0,0.0,26.0,0,0,4,38.306016222403294,measured,cold,S01_C029,32.9,6.9,12.0,38.0,38.306016222403294,-0.3060162224032936,20260903,fixed_outer_fold_20260903
MEAS_R000038,C029,S01,38,38,33.1,38.2,6.8,12.0,measurement_group_1,measurement_status_1,1.0,MEAS_UNIT_000038,0,2,4,2,1,3,5,17,32.9,36.8,6.9,0.2000000000000028,-0.1000000000000005,1.2246467991473532e-16,-1.0,0.0,26.3,0,0,3,38.32803055444301,measured,cold,S01_C029,33.1,6.8,12.0,38.2,38.32803055444301,-0.12803055444300782,20260903,fixed_outer_fold_20260903
MEAS_R000039,C029,S01,39,39,33.2,38.1,9.3,13.0,measurement_group_1,measurement_status_1,1.0,MEAS_UNIT_000039,0,5,5,2,2,2,6,17,33.1,32.9,6.8,0.1000000000000014,2.500000000000001,-0.2588190451025208,-0.9659258262890684,0.0,23.9,0,0,2,38.30652104807198,measured,cold,S01_C029,33.2,9.3,13.0,38.1,38.30652104807198,-0.20652104807197702,20260903,fixed_outer_fold_20260903
MEAS_R000040,C029,S01,40,40,36.3,38.5,8.0,13.0,measurement_group_1,measurement_status_1,1.0,MEAS_UNIT_000040,0,2,1,5,5,2,7,17,33.2,33.1,9.3,3.0999999999999943,-1.3000000000000007,-0.2588190451025208,-0.9659258262890684,0.0,28.3,0,0,2,38.31473044899214,measured,cold,S01_C029,36.3,8.0,13.0,38.5,38.31473044899214,0.18526955100786324,20260903,fixed_outer_fold_20260903
MEAS_R000041,C029,S01,41,41,33.6,38.5,8.8,14.0,measurement_group_1,measurement_status_1,1.0,MEAS_UNIT_000041,0,1,5,3,4,5,9,17,35.0,36.3,6.4,-1.3999999999999986,2.4000000000000004,-0.4999999999999997,-0.8660254037844388,0.0,24.8,0,0,5,38.2660520028105,measured,cold,S01_C029,33.6,8.8,14.0,38.5,38.2660520028105,0.2339479971895031,20260903,fixed_outer_fold_20260903
MEAS_R000042,C029,S01,42,42,35.0,38.5,11.2,15.0,measurement_group_1,measurement_status_1,1.0,MEAS_UNIT_000042,0,3,3,1,5,4,12,17,36.1,34.2,8.8,-1.1000000000000014,2.3999999999999986,-0.7071067811865471,-0.7071067811865479,0.0,23.8,0,0,4,38.30817154172078,measured,cold,S01_C029,35.0,11.2,15.0,38.5,38.30817154172078,0.19182845827921824,20260903,fixed_outer_fold_20260903
MEAS_R000043,C029,S01,43,43,33.2,38.5,9.0,19.0,measurement_group_1,measurement_status_1,1.0,MEAS_UNIT_000043,0,5,2,4,1,1,14,17,34.6,35.0,10.9,-1.3999999999999986,-1.9000000000000004,-0.9659258262890684,0.2588190451025203,0.0,24.200000000000003,0,0,1,38.40457857845403,measured,cold,S01_C029,33.2,9.0,19.0,38.5,38.40457857845403,0.09542142154597144,20260903,fixed_outer_fold_20260903
MEAS_R000044,C029,S01,44,44,31.3,38.4,6.0,21.0,measurement_group_1,measurement_status_1,1.0,MEAS_UNIT_000044,0,2,2,1,2,2,15,17,33.2,34.6,9.0,-1.900000000000002,-3.0,-0.7071067811865477,0.7071067811865474,0.0,25.3,0,1,2,38.43534321650056,measured,cold,S01_C029,31.3,6.0,21.0,38.4,38.43534321650056,-0.03534321650056427,20260903,fixed_outer_fold_20260903
MEAS_R000045,C029,S01,45,45,32.1,38.4,5.4,22.0,measurement_group_1,measurement_status_1,1.0,MEAS_UNIT_000045,0,4,1,4,3,5,16,17,31.3,33.2,6.0,0.8000000000000007,-0.5999999999999996,-0.5000000000000004,0.8660254037844384,0.0,26.700000000000003,0,1,5,38.637083884872645,measured,cold,S01_C029,32.1,5.4,22.0,38.4,38.637083884872645,-0.23708388487264642,20260903,fixed_outer_fold_20260903
MEAS_R000046,C029,S01,46,46,32.2,38.9,5.5,23.0,measurement_group_1,measurement_status_1,1.0,MEAS_UNIT_000046,0,3,3,3,1,1,17,17,32.1,31.3,5.4,0.1000000000000014,0.0999999999999996,-0.2588190451025215,0.965925826289068,0.0,26.700000000000003,0,1,1,38.37902750305496,measured,cold,S01_C029,32.2,5.5,23.0,38.9,38.37902750305496,0.520972496945042,20260903,fixed_outer_fold_20260903
MEAS_R000047,C001,S01,47,47,29.8,38.0,5.4,0.0,measurement_group_1,measurement_status_1,1.0,MEAS_UNIT_000047,0,2,3,2,3,5,1,18,29.8,29.8,5.4,0.0,0.0,0.0,1.0,0.0,24.4,0,1,5,38.385409682264594,measured,cold,S01_C001,29.8,5.4,0.0,38.0,38.385409682264594,-0.38540968226459427,20260903,fixed_outer_fold_20260903
MEAS_R000048,C001,S01,48,48,26.6,38.9,5.0,11.0,measurement_group_1,measurement_status_1,1.0,MEAS_UNIT_000048,0,5,2,4,3,4,2,18,29.8,29.8,5.4,-3.1999999999999997,-0.4000000000000003,0.258819045102521,-0.9659258262890682,0.0,21.6,0,0,4,38.724658775220846,measured,cold,S01_C001,26.6,5.0,11.0,38.9,38.724658775220846,0.17534122477915304,20260903,fixed_outer_fold_20260903
MEAS_R000049,C001,S01,49,49,33.1,39.2,6.1,11.0,measurement_group_1,measurement_status_1,1.0,MEAS_UNIT_000049,0,4,4,3,5,3,3,18,26.6,29.8,5.0,6.5,1.0999999999999996,0.258819045102521,-0.9659258262890682,0.0,27.0,0,0,3,38.44048650053167,measured,cold,S01_C001,33.1,6.1,11.0,39.2,38.44048650053167,0.7595134994683335,20260903,fixed_outer_fold_20260903
MEAS_R000050,C001,S01,50,50,31.3,38.3,6.9,12.0,measurement_group_1,measurement_status_1,1.0,MEAS_UNIT_000050,0,3,3,5,4,4,4,18,33.1,26.6,6.1,-1.8000000000000007,0.8000000000000007,1.2246467991473532e-16,-1.0,0.0,24.4,0,0,4,38.13635428526384,measured,cold,S01_C001,31.3,6.9,12.0,38.3,38.13635428526384,0.1636457147361554,20260903,fixed_outer_fold_20260903
MEAS_R000051,C001,S01,51,51,31.9,38.0,6.8,12.0,measurement_group_1,measurement_status_1,1.0,MEAS_UNIT_000051,0,5,3,4,2,1,5,18,31.3,33.1,6.9,0.5999999999999979,-0.1000000000000005,1.2246467991473532e-16,-1.0,0.0,25.1,0,0,1,38.1637537055166,measured,cold,S01_C001,31.9,6.8,12.0,38.0,38.1637537055166,-0.16375370551659785,20260903,fixed_outer_fold_20260903
MEAS_R000052,C001,S01,52,52,31.6,38.0,9.3,13.0,measurement_group_1,measurement_status_1,1.0,MEAS_UNIT_000052,0,1,4,1,3,2,7,18,31.9,31.9,7.2,-0.2999999999999971,2.1000000000000005,-0.2588190451025208,-0.9659258262890684,0.0,22.3,0,0,2,38.250750382933184,measured,cold,S01_C001,31.6,9.3,13.0,38.0,38.250750382933184,-0.25075038293318386,20260903,fixed_outer_fold_20260903
MEAS_R000053,C001,S01,53,53,33.3,38.2,8.0,13.0,measurement_group_1,measurement_status_1,1.0,MEAS_UNIT_000053,0,2,1,1,5,3,8,18,31.6,31.9,9.3,1.6999999999999955,-1.3000000000000007,-0.2588190451025208,-0.9659258262890684,0.0,25.3,0,0,3,38.17867445658355,measured,cold,S01_C001,33.3,8.0,13.0,38.2,38.17867445658355,0.02132554341645232,20260903,fixed_outer_fold_20260903
MEAS_R000054,C001,S01,54,54,31.8,38.0,8.8,14.0,measurement_group_1,measurement_status_1,1.0,MEAS_UNIT_000054,0,3,4,2,1,2,9,18,33.3,31.6,8.0,-1.4999999999999964,0.8000000000000007,-0.4999999999999997,-0.8660254037844388,0.0,23.0,0,0,2,38.26173332727447,measured,cold,S01_C001,31.8,8.8,14.0,38.0,38.26173332727447,-0.2617333272744702,20260903,fixed_outer_fold_20260903
MEAS_R000055,C001,S01,55,55,32.0,38.4,9.1,15.0,measurement_group_1,measurement_status_1,1.0,MEAS_UNIT_000055,0,1,1,1,1,1,11,18,35.3,31.8,14.4,-3.299999999999997,-5.300000000000001,-0.7071067811865471,-0.7071067811865479,0.0,22.9,0,0,1,38.18740915976338,measured,cold,S01_C001,32.0,9.1,15.0,38.4,38.18740915976338,0.21259084023662211,20260903,fixed_outer_fold_20260903
MEAS_R000056,C001,S01,56,56,33.9,38.1,11.2,15.0,measurement_group_1,measurement_status_1,1.0,MEAS_UNIT_000056,0,4,1,3,2,3,12,18,32.0,35.3,9.1,1.8999999999999984,2.1,-0.7071067811865471,-0.7071067811865479,0.0,22.7,0,0,3,38.17825164593397,measured,cold,S01_C001,33.9,11.2,15.0,38.1,38.17825164593397,-0.0782516459339675,20260903,fixed_outer_fold_20260903
MEAS_R000057,C001,S01,57,57,30.5,38.2,9.0,19.0,measurement_group_1,measurement_status_1,1.0,MEAS_UNIT_000057,0,3,2,2,1,1,15,18,32.5,30.7,12.3,-2.0,-3.3000000000000007,-0.9659258262890684,0.2588190451025203,0.0,21.5,0,0,1,38.38440959276835,measured,cold,S01_C001,30.5,9.0,19.0,38.2,38.38440959276835,-0.1844095927683469,20260903,fixed_outer_fold_20260903
MEAS_R000058,C001,S01,58,58,29.6,38.3,6.0,21.0,measurement_group_1,measurement_status_1,1.0,MEAS_UNIT_000058,0,2,5,4,2,4,16,18,30.5,32.5,9.0,-0.8999999999999986,-3.0,-0.7071067811865477,0.7071067811865474,0.0,23.6,0,1,4,38.26085083510176,measured,cold,S01_C001,29.6,6.0,21.0,38.3,38.26085083510176,0.039149164898233835,20260903,fixed_outer_fold_20260903
MEAS_R000059,C001,S01,59,59,30.6,38.1,5.4,22.0,measurement_group_1,measurement_status_1,1.0,MEAS_UNIT_000059,0,2,5,5,4,2,17,18,29.6,30.5,6.0,1.0,-0.5999999999999996,-0.5000000000000004,0.8660254037844384,0.0,25.200000000000003,0,1,2,38.293573100295774,measured,cold,S01_C001,30.6,5.4,22.0,38.1,38.293573100295774,-0.19357310029577235,20260903,fixed_outer_fold_20260903
MEAS_R000060,C001,S01,60,60,30.5,38.1,5.5,23.0,measurement_group_1,measurement_status_1,1.0,MEAS_UNIT_000060,0,4,2,3,4,5,18,18,30.6,29.6,5.4,-0.1000000000000014,0.0999999999999996,-0.2588190451025215,0.965925826289068,0.0,25.0,0,1,5,38.22758512016284,measured,cold,S01_C001,30.5,5.5,23.0,38.1,38.22758512016284,-0.1275851201628413,20260903,fixed_outer_fold_20260903
MEAS_R000061,C027,S01,61,61,29.5,38.9,5.4,0.0,measurement_group_1,measurement_status_1,1.0,MEAS_UNIT_000061,0,4,4,5,3,3,1,17,29.5,29.5,5.4,0.0,0.0,0.0,1.0,0.0,24.1,0,1,3,38.95053915138119,measured,cold,S01_C027,29.5,5.4,0.0,38.9,38.95053915138119,-0.05053915138119436,20260903,fixed_outer_fold_20260903
MEAS_R000062,C027,S01,62,62,30.9,41.5,6.1,11.0,measurement_group_1,measurement_status_1,1.0,MEAS_UNIT_000062,0,2,2,2,2,5,5,17,32.3,31.6,3.4,-1.3999999999999986,2.7,0.258819045102521,-0.9659258262890682,0.0,24.8,0,0,5,39.0456750183319,measured,cold,S01_C027,30.9,6.1,11.0,41.5,39.0456750183319,2.454324981668101,20260903,fixed_outer_fold_20260903
MEAS_R000063,C027,S01,63,63,31.5,38.7,5.0,11.0,measurement_group_1,measurement_status_1,1.0,MEAS_UNIT_000063,0,3,5,5,1,1,6,17,30.9,32.3,6.1,0.6000000000000014,-1.0999999999999996,0.258819045102521,-0.9659258262890682,0.0,26.5,0,0,1,40.12129087882785,measured,cold,S01_C027,31.5,5.0,11.0,38.7,40.12129087882785,-1.4212908788278469,20260903,fixed_outer_fold_20260903
MEAS_R000064,C027,S01,64,64,31.9,38.5,6.9,12.0,measurement_group_1,measurement_status_1,1.0,MEAS_UNIT_000064,0,5,2,4,1,1,7,17,31.5,30.9,5.0,0.3999999999999986,1.9000000000000004,1.2246467991473532e-16,-1.0,0.0,25.0,0,0,1,38.546734897762,measured,cold,S01_C027,31.9,6.9,12.0,38.5,38.546734897762,-0.04673489776200057,20260903,fixed_outer_fold_20260903
MEAS_R000065,C027,S01,65,65,31.1,38.6,8.0,13.0,measurement_group_1,measurement_status_1,1.0,MEAS_UNIT_000065,0,4,2,1,4,4,9,17,30.1,31.9,7.7,1.0,0.2999999999999998,-0.2588190451025208,-0.9659258262890684,0.0,23.1,0,0,4,38.639828522375325,measured,cold,S01_C027,31.1,8.0,13.0,38.6,38.639828522375325,-0.039828522375323416,20260903,fixed_outer_fold_20260903
MEAS_R000066,C027,S01,66,66,32.8,38.5,9.3,13.0,measurement_group_1,measurement_status_1,1.0,MEAS_UNIT_000066,0,3,1,4,1,5,10,17,31.1,30.1,8.0,1.6999999999999955,1.3000000000000007,-0.2588190451025208,-0.9659258262890684,0.0,23.5,0,0,5,38.60469514039716,measured,cold,S01_C027,32.8,9.3,13.0,38.5,38.60469514039716,-0.10469514039716188,20260903,fixed_outer_fold_20260903
MEAS_R000067,C027,S01,67,67,33.8,38.6,8.8,14.0,measurement_group_1,measurement_status_1,1.0,MEAS_UNIT_000067,0,2,4,3,5,1,12,17,30.5,32.8,6.1,3.299999999999997,2.700000000000001,-0.4999999999999997,-0.8660254037844388,0.0,25.0,0,0,1,38.640883735582776,measured,cold,S01_C027,33.8,8.8,14.0,38.6,38.640883735582776,-0.04088373558277425,20260903,fixed_outer_fold_20260903
MEAS_R000068,C027,S01,68,68,30.7,38.5,11.2,15.0,measurement_group_1,measurement_status_1,1.0,MEAS_UNIT_000068,0,4,3,1,2,2,13,17,33.8,30.5,8.8,-3.099999999999998,2.3999999999999986,-0.7071067811865471,-0.7071067811865479,0.0,19.5,0,0,2,38.86903458000344,measured,cold,S01_C027,30.7,11.2,15.0,38.5,38.86903458000344,-0.3690345800034365,20260903,fixed_outer_fold_20260903
MEAS_R000069,C027,S01,69,69,33.9,38.5,9.1,15.0,measurement_group_1,measurement_status_1,1.0,MEAS_UNIT_000069,0,2,3,2,5,2,14,17,30.7,33.8,11.2,3.1999999999999997,-2.1,-0.7071067811865471,-0.7071067811865479,0.0,24.8,0,0,2,38.86388000678501,measured,cold,S01_C027,33.9,9.1,15.0,38.5,38.86388000678501,-0.36388000678500987,20260903,fixed_outer_fold_20260903
MEAS_R000070,C027,S01,70,70,32.3,39.1,9.0,19.0,measurement_group_1,measurement_status_1,1.0,MEAS_UNIT_000070,0,2,1,3,2,3,15,17,33.9,30.7,9.1,-1.6000000000000014,-0.0999999999999996,-0.9659258262890684,0.2588190451025203,0.0,23.3,0,0,3,38.97771104985947,measured,cold,S01_C027,32.3,9.0,19.0,39.1,38.97771104985947,0.1222889501405291,20260903,fixed_outer_fold_20260903
MEAS_R000071,C027,S01,71,71,32.5,39.1,6.0,21.0,measurement_group_1,measurement_status_1,1.0,MEAS_UNIT_000071,0,5,5,1,4,4,16,17,32.3,33.9,9.0,0.2000000000000028,-3.0,-0.7071067811865477,0.7071067811865474,0.0,26.5,0,1,4,39.00060449024023,measured,cold,S01_C027,32.5,6.0,21.0,39.1,39.00060449024023,0.0993955097597734,20260903,fixed_outer_fold_20260903
MEAS_R000072,C027,S01,72,72,32.7,38.2,5.5,23.0,measurement_group_1,measurement_status_1,1.0,MEAS_UNIT_000072,0,1,1,2,3,2,17,17,32.5,32.3,6.0,0.2000000000000028,-0.5,-0.2588190451025215,0.965925826289068,0.0,27.200000000000003,0,1,2,38.99401523220015,measured,cold,S01_C027,32.7,5.5,23.0,38.2,38.99401523220015,-0.7940152322001452,20260903,fixed_outer_fold_20260903
MEAS_R000073,C026,S01,73,73,28.6,38.3,5.4,0.0,measurement_group_1,measurement_status_1,1.0,MEAS_UNIT_000073,0,1,1,5,1,3,1,17,28.6,28.6,5.4,0.0,0.0,0.0,1.0,0.0,23.200000000000003,0,1,3,38.67255598606206,measured,cold,S01_C026,28.6,5.4,0.0,38.3,38.67255598606206,-0.37255598606206064,20260903,fixed_outer_fold_20260903
MEAS_R000074,C026,S01,74,74,33.9,38.5,8.0,13.0,measurement_group_1,measurement_status_1,1.0,MEAS_UNIT_000074,0,2,5,2,2,1,7,17,35.0,28.1,10.4,-1.1000000000000014,-2.4000000000000004,-0.2588190451025208,-0.9659258262890684,0.0,25.9,0,0,1,38.64533154910078,measured,cold,S01_C026,33.9,8.0,13.0,38.5,38.64533154910078,-0.1453315491007814,20260903,fixed_outer_fold_20260903
MEAS_R000075,C026,S01,75,75,33.9,38.6,11.2,15.0,measurement_group_1,measurement_status_1,1.0,MEAS_UNIT_000075,0,5,3,2,2,4,9,17,34.4,33.9,9.6,-0.5,1.5999999999999996,-0.7071067811865471,-0.7071067811865479,0.0,22.7,0,0,4,38.58358700946568,measured,cold,S01_C026,33.9,11.2,15.0,38.6,38.58358700946568,0.016412990534320215,20260903,fixed_outer_fold_20260903
MEAS_R000076,C026,S01,76,76,30.6,39.0,9.0,19.0,measurement_group_1,measurement_status_1,1.0,MEAS_UNIT_000076,0,2,2,1,4,2,12,17,31.4,32.5,8.2,-0.7999999999999972,0.8000000000000007,-0.9659258262890684,0.2588190451025203,0.0,21.6,0,0,2,38.64228604640944,measured,cold,S01_C026,30.6,9.0,19.0,39.0,38.64228604640944,0.3577139535905616,20260903,fixed_outer_fold_20260903
MEAS_R000077,C026,S01,77,77,30.7,39.1,6.0,21.0,measurement_group_1,measurement_status_1,1.0,MEAS_UNIT_000077,0,4,1,1,5,2,13,17,30.6,31.4,9.0,0.0999999999999978,-3.0,-0.7071067811865477,0.7071067811865474,0.0,24.7,0,1,2,38.65371458166453,measured,cold,S01_C026,30.7,6.0,21.0,39.1,38.65371458166453,0.44628541833547075,20260903,fixed_outer_fold_20260903
MEAS_R000078,C026,S01,78,78,30.6,38.9,5.4,22.0,measurement_group_1,measurement_status_1,1.0,MEAS_UNIT_000078,0,1,2,3,3,5,14,17,30.7,30.6,6.0,-0.0999999999999978,-0.5999999999999996,-0.5000000000000004,0.8660254037844384,0.0,25.200000000000003,0,1,5,38.66740365120939,measured,cold,S01_C026,30.6,5.4,22.0,38.9,38.66740365120939,0.23259634879060798,20260903,fixed_outer_fold_20260903
MEAS_R000079,C026,S01,79,79,30.7,38.6,5.5,23.0,measurement_group_1,measurement_status_1,1.0,MEAS_UNIT_000079,0,3,4,4,1,1,17,17,29.3,27.8,6.8,1.3999999999999986,-1.2999999999999998,-0.2588190451025215,0.965925826289068,0.0,25.2,0,1,1,38.71870763920313,measured,cold,S01_C026,30.7,5.5,23.0,38.6,38.71870763920313,-0.1187076392031301,20260903,fixed_outer_fold_20260903
MEAS_R000080,C016,S01,80,80,28.7,38.9,5.4,0.0,measurement_group_1,measurement_status_1,1.0,MEAS_UNIT_000080,0,2,3,4,1,5,1,17,28.7,28.7,5.4,0.0,0.0,0.0,1.0,0.0,23.3,0,1,5,38.6677152241172,measured,cold,S01_C016,28.7,5.4,0.0,38.9,38.6677152241172,0.23228477588279617,20260903,fixed_outer_fold_20260903
MEAS_R000081,C016,S01,81,81,31.8,39.2,6.1,11.0,measurement_group_1,measurement_status_1,1.0,MEAS_UNIT_000081,0,4,5,3,3,1,5,17,31.1,31.0,4.5,0.6999999999999993,1.5999999999999996,0.258819045102521,-0.9659258262890682,0.0,25.700000000000003,0,0,1,38.76611211740645,measured,cold,S01_C016,31.8,6.1,11.0,39.2,38.76611211740645,0.4338878825935524,20260903,fixed_outer_fold_20260903
MEAS_R000082,C016,S01,82,82,32.2,38.0,6.9,12.0,measurement_group_1,measurement_status_1,1.0,MEAS_UNIT_000082,0,3,4,4,2,4,6,17,31.8,31.1,6.1,0.4000000000000021,0.8000000000000007,1.2246467991473532e-16,-1.0,0.0,25.300000000000004,0,0,4,38.43637511071828,measured,cold,S01_C016,32.2,6.9,12.0,38.0,38.43637511071828,-0.4363751107182807,20260903,fixed_outer_fold_20260903
MEAS_R000083,C016,S01,83,83,31.9,38.1,9.3,13.0,measurement_group_1,measurement_status_1,1.0,MEAS_UNIT_000083,0,1,4,5,2,3,8,17,30.8,32.2,11.7,1.099999999999998,-2.3999999999999986,-0.2588190451025208,-0.9659258262890684,0.0,22.6,0,0,3,38.55843806382964,measured,cold,S01_C016,31.9,9.3,13.0,38.1,38.55843806382964,-0.4584380638296395,20260903,fixed_outer_fold_20260903
MEAS_R000084,C016,S01,84,84,33.0,38.3,8.8,14.0,measurement_group_1,measurement_status_1,1.0,MEAS_UNIT_000084,0,3,1,2,4,2,9,17,31.9,30.8,9.3,1.1000000000000014,-0.5,-0.4999999999999997,-0.8660254037844388,0.0,24.2,0,0,2,38.53125111245904,measured,cold,S01_C016,33.0,8.8,14.0,38.3,38.53125111245904,-0.2312511124590415,20260903,fixed_outer_fold_20260903
MEAS_R000085,C016,S01,85,85,33.2,38.7,9.1,15.0,measurement_group_1,measurement_status_1,1.0,MEAS_UNIT_000085,0,2,3,3,1,4,10,17,33.0,31.9,8.8,0.2000000000000028,0.2999999999999989,-0.7071067811865471,-0.7071067811865479,0.0,24.1,0,0,4,38.45657981188326,measured,cold,S01_C016,33.2,9.1,15.0,38.7,38.45657981188326,0.24342018811674393,20260903,fixed_outer_fold_20260903
MEAS_R000086,C016,S01,86,86,32.1,39.4,9.0,19.0,measurement_group_1,measurement_status_1,1.0,MEAS_UNIT_000086,0,5,1,1,4,2,13,17,33.5,34.3,5.8,-1.3999999999999986,3.2,-0.9659258262890684,0.2588190451025203,0.0,23.1,0,0,2,38.67477311145,measured,cold,S01_C016,32.1,9.0,19.0,39.4,38.67477311145,0.7252268885499973,20260903,fixed_outer_fold_20260903
MEAS_R000087,C016,S01,87,87,31.1,38.6,6.0,21.0,measurement_group_1,measurement_status_1,1.0,MEAS_UNIT_000087,0,5,2,1,5,3,15,17,31.0,32.1,2.3,0.1000000000000014,3.7,-0.7071067811865477,0.7071067811865474,0.0,25.1,0,1,3,38.8824102210488,measured,cold,S01_C016,31.1,6.0,21.0,38.6,38.8824102210488,-0.2824102210487993,20260903,fixed_outer_fold_20260903
MEAS_R000088,C016,S01,88,88,31.8,38.8,5.5,23.0,measurement_group_1,measurement_status_1,1.0,MEAS_UNIT_000088,0,2,2,2,3,1,16,17,31.1,31.0,6.0,0.6999999999999993,-0.5,-0.2588190451025215,0.965925826289068,0.0,26.3,0,1,1,38.65949561974395,measured,cold,S01_C016,31.8,5.5,23.0,38.8,38.65949561974395,0.14050438025604706,20260903,fixed_outer_fold_20260903
MEAS_R000089,C022,S01,89,89,25.4,38.1,5.4,0.0,measurement_group_1,measurement_status_1,1.0,MEAS_UNIT_000089,0,5,1,2,1,2,1,17,25.4,25.4,5.4,0.0,0.0,0.0,1.0,0.0,20.0,0,1,2,38.462301417948986,measured,cold,S01_C022,25.4,5.4,0.0,38.1,38.462301417948986,-0.3623014179489843,20260903,fixed_outer_fold_20260903
MEAS_R000090,C022,S01,90,90,25.3,38.3,5.0,11.0,measurement_group_1,measurement_status_1,1.0,MEAS_UNIT_000090,0,4,4,5,5,3,2,17,25.4,25.4,5.4,-0.0999999999999978,-0.4000000000000003,0.258819045102521,-0.9659258262890682,0.0,20.3,0,0,3,38.31777963133626,measured,cold,S01_C022,25.3,5.0,11.0,38.3,38.31777963133626,-0.017779631336260593,20260903,fixed_outer_fold_20260903
MEAS_R000091,C022,S01,91,91,32.2,38.1,6.1,11.0,measurement_group_1,measurement_status_1,1.0,MEAS_UNIT_000091,0,1,3,3,3,1,3,17,25.3,25.4,5.0,6.900000000000002,1.0999999999999996,0.258819045102521,-0.9659258262890682,0.0,26.1,0,0,1,38.36559848651844,measured,cold,S01_C022,32.2,6.1,11.0,38.1,38.36559848651844,-0.2655984865184351,20260903,fixed_outer_fold_20260903
MEAS_R000092,C022,S01,92,92,29.7,38.1,6.9,12.0,measurement_group_1,measurement_status_1,1.0,MEAS_UNIT_000092,0,4,3,4,3,5,4,17,32.2,25.3,6.1,-2.500000000000004,0.8000000000000007,1.2246467991473532e-16,-1.0,0.0,22.8,0,0,5,38.70128940672373,measured,cold,S01_C022,29.7,6.9,12.0,38.1,38.70128940672373,-0.6012894067237298,20260903,fixed_outer_fold_20260903
MEAS_R000093,C022,S01,93,93,32.8,38.7,6.8,12.0,measurement_group_1,measurement_status_1,1.0,MEAS_UNIT_000093,0,2,2,1,1,3,5,17,29.7,32.2,6.9,3.099999999999998,-0.1000000000000005,1.2246467991473532e-16,-1.0,0.0,26.0,0,0,3,38.48268016594932,measured,cold,S01_C022,32.8,6.8,12.0,38.7,38.48268016594932,0.21731983405068434,20260903,fixed_outer_fold_20260903
MEAS_R000094,C022,S01,94,94,31.3,38.2,9.3,13.0,measurement_group_1,measurement_status_1,1.0,MEAS_UNIT_000094,0,1,1,1,1,2,6,17,32.8,29.7,6.8,-1.4999999999999964,2.500000000000001,-0.2588190451025208,-0.9659258262890684,0.0,22.0,0,0,2,38.51755239491003,measured,cold,S01_C022,31.3,9.3,13.0,38.2,38.51755239491003,-0.31755239491002385,20260903,fixed_outer_fold_20260903
MEAS_R000095,C022,S01,95,95,32.5,38.7,8.0,13.0,measurement_group_1,measurement_status_1,1.0,MEAS_UNIT_000095,0,2,5,5,2,1,7,17,31.3,32.8,9.3,1.1999999999999993,-1.3000000000000007,-0.2588190451025208,-0.9659258262890684,0.0,24.5,0,0,1,38.53628026650059,measured,cold,S01_C022,32.5,8.0,13.0,38.7,38.53628026650059,0.1637197334994127,20260903,fixed_outer_fold_20260903
MEAS_R000096,C022,S01,96,96,31.2,39.0,8.8,14.0,measurement_group_1,measurement_status_1,1.0,MEAS_UNIT_000096,0,4,2,2,4,4,8,17,32.5,31.3,8.0,-1.3000000000000007,0.8000000000000007,-0.4999999999999997,-0.8660254037844388,0.0,22.4,0,0,4,38.31410031593112,measured,cold,S01_C022,31.2,8.8,14.0,39.0,38.31410031593112,0.6858996840688789,20260903,fixed_outer_fold_20260903
MEAS_R000097,C022,S01,97,97,32.3,39.5,9.1,15.0,measurement_group_1,measurement_status_1,1.0,MEAS_UNIT_000097,0,2,1,3,5,4,9,17,31.2,32.5,8.8,1.099999999999998,0.2999999999999989,-0.7071067811865471,-0.7071067811865479,0.0,23.2,0,0,4,38.30437851358793,measured,cold,S01_C022,32.3,9.1,15.0,39.5,38.30437851358793,1.1956214864120724,20260903,fixed_outer_fold_20260903
MEAS_R000098,C022,S01,98,98,33.3,38.0,11.2,15.0,measurement_group_1,measurement_status_1,1.0,MEAS_UNIT_000098,0,1,4,3,2,5,10,17,32.3,31.2,9.1,1.0,2.1,-0.7071067811865471,-0.7071067811865479,0.0,22.1,0,0,5,38.734037829948136,measured,cold,S01_C022,33.3,11.2,15.0,38.0,38.734037829948136,-0.7340378299481358,20260903,fixed_outer_fold_20260903
MEAS_R000099,C022,S01,99,99,32.9,38.3,9.0,19.0,measurement_group_1,measurement_status_1,1.0,MEAS_UNIT_000099,0,5,5,1,3,4,11,17,33.3,32.3,11.2,-0.3999999999999986,-2.1999999999999997,-0.9659258262890684,0.2588190451025203,0.0,23.9,0,0,4,38.31045723635026,measured,cold,S01_C022,32.9,9.0,19.0,38.3,38.31045723635026,-0.010457236350262633,20260903,fixed_outer_fold_20260903
MEAS_R000100,C022,S01,100,100,31.5,38.2,6.0,21.0,measurement_group_1,measurement_status_1,1.0,MEAS_UNIT_000100,0,3,3,4,2,3,12,17,32.9,33.3,9.0,-1.3999999999999986,-3.0,-0.7071067811865477,0.7071067811865474,0.0,25.5,0,1,3,38.44459143431168,measured,cold,S01_C022,31.5,6.0,21.0,38.2,38.44459143431168,-0.24459143431167973,20260903,fixed_outer_fold_20260903
MEAS_R000101,C022,S01,101,101,31.1,38.2,5.4,22.0,measurement_group_1,measurement_status_1,1.0,MEAS_UNIT_000101,0,1,2,4,4,1,15,17,30.7,32.5,2.3,0.4000000000000021,3.1000000000000005,-0.5000000000000004,0.8660254037844384,0.0,25.700000000000003,0,1,1,38.44696063142348,measured,cold,S01_C022,31.1,5.4,22.0,38.2,38.44696063142348,-0.24696063142347668,20260903,fixed_outer_fold_20260903
MEAS_R000102,C022,S01,102,102,32.1,38.5,5.5,23.0,measurement_group_1,measurement_status_1,1.0,MEAS_UNIT_000102,0,2,4,2,4,2,17,17,25.5,31.1,4.6,6.600000000000001,0.9000000000000004,-0.2588190451025215,0.965925826289068,0.0,26.6,0,1,2,38.42246378429282,measured,cold,S01_C022,32.1,5.5,23.0,38.5,38.42246378429282,0.07753621570717684,20260903,fixed_outer_fold_20260903
MEAS_R000103,C014,S01,103,103,28.2,38.5,5.4,0.0,measurement_group_1,measurement_status_1,1.0,MEAS_UNIT_000103,0,5,1,3,1,5,1,17,28.2,28.2,5.4,0.0,0.0,0.0,1.0,0.0,22.8,0,1,5,38.40481175390599,measured,cold,S01_C014,28.2,5.4,0.0,38.5,38.40481175390599,0.09518824609401122,20260903,fixed_outer_fold_20260903
MEAS_R000104,C014,S01,104,104,30.4,38.5,5.0,11.0,measurement_group_1,measurement_status_1,1.0,MEAS_UNIT_000104,0,5,4,5,2,1,5,17,32.8,33.0,6.1,-2.3999999999999986,-1.0999999999999996,0.258819045102521,-0.9659258262890682,0.0,25.4,0,0,1,38.26516067966279,measured,cold,S01_C014,30.4,5.0,11.0,38.5,38.26516067966279,0.23483932033720833,20260903,fixed_outer_fold_20260903
MEAS_R000105,C014,S01,105,105,31.0,38.0,6.1,11.0,measurement_group_1,measurement_status_1,1.0,MEAS_UNIT_000105,0,2,5,2,4,3,6,17,30.4,32.8,5.0,0.6000000000000014,1.0999999999999996,0.258819045102521,-0.9659258262890682,0.0,24.9,0,0,3,38.32472031694071,measured,cold,S01_C014,31.0,6.1,11.0,38.0,38.32472031694071,-0.3247203169407129,20260903,fixed_outer_fold_20260903
MEAS_R000106,C014,S01,106,106,31.6,38.1,6.8,12.0,measurement_group_1,measurement_status_1,1.0,MEAS_UNIT_000106,0,4,1,1,2,2,7,17,31.0,30.4,6.1,0.6000000000000014,0.7000000000000002,1.2246467991473532e-16,-1.0,0.0,24.8,0,0,2,38.22210951685784,measured,cold,S01_C014,31.6,6.8,12.0,38.1,38.22210951685784,-0.1221095168578401,20260903,fixed_outer_fold_20260903
MEAS_R000107,C014,S01,107,107,32.0,38.2,6.9,12.0,measurement_group_1,measurement_status_1,1.0,MEAS_UNIT_000107,0,3,2,5,1,3,8,17,31.6,31.0,6.8,0.3999999999999986,0.1000000000000005,1.2246467991473532e-16,-1.0,0.0,25.1,0,0,3,38.11384647976385,measured,cold,S01_C014,32.0,6.9,12.0,38.2,38.11384647976385,0.0861535202361523,20260903,fixed_outer_fold_20260903
MEAS_R000108,C014,S01,108,108,30.8,37.5,8.0,13.0,measurement_group_1,measurement_status_1,1.0,MEAS_UNIT_000108,0,2,3,4,3,2,9,17,32.0,31.6,6.9,-1.1999999999999993,1.0999999999999996,-0.2588190451025208,-0.9659258262890684,0.0,22.8,0,0,2,38.20572326663721,measured,cold,S01_C014,30.8,8.0,13.0,37.5,38.20572326663721,-0.7057232666372073,20260903,fixed_outer_fold_20260903
MEAS_R000109,C014,S01,109,109,32.7,38.1,9.3,13.0,measurement_group_1,measurement_status_1,1.0,MEAS_UNIT_000109,0,1,3,4,5,1,10,17,30.8,32.0,8.0,1.900000000000002,1.3000000000000007,-0.2588190451025208,-0.9659258262890684,0.0,23.4,0,0,1,38.08930608189027,measured,cold,S01_C014,32.7,9.3,13.0,38.1,38.08930608189027,0.010693918109730305,20260903,fixed_outer_fold_20260903
MEAS_R000110,C014,S01,110,110,33.2,38.0,8.8,14.0,measurement_group_1,measurement_status_1,1.0,MEAS_UNIT_000110,0,1,2,2,4,4,12,17,29.6,32.7,8.2,3.6000000000000014,0.6000000000000014,-0.4999999999999997,-0.8660254037844388,0.0,24.4,0,0,4,38.04387748371204,measured,cold,S01_C014,33.2,8.8,14.0,38.0,38.04387748371204,-0.0438774837120377,20260903,fixed_outer_fold_20260903
MEAS_R000111,C014,S01,111,111,33.5,38.0,11.2,15.0,measurement_group_1,measurement_status_1,1.0,MEAS_UNIT_000111,0,1,1,1,5,1,13,17,33.2,29.6,8.8,0.2999999999999971,2.3999999999999986,-0.7071067811865471,-0.7071067811865479,0.0,22.3,0,0,1,38.07080990885004,measured,cold,S01_C014,33.5,11.2,15.0,38.0,38.07080990885004,-0.07080990885003757,20260903,fixed_outer_fold_20260903
MEAS_R000112,C014,S01,112,112,32.1,39.0,9.0,19.0,measurement_group_1,measurement_status_1,1.0,MEAS_UNIT_000112,0,2,3,3,3,2,14,17,33.5,33.2,11.2,-1.3999999999999986,-2.1999999999999997,-0.9659258262890684,0.2588190451025203,0.0,23.1,0,0,2,38.57360138700979,measured,cold,S01_C014,32.1,9.0,19.0,39.0,38.57360138700979,0.4263986129902122,20260903,fixed_outer_fold_20260903
MEAS_R000113,C014,S01,113,113,31.2,39.2,6.0,21.0,measurement_group_1,measurement_status_1,1.0,MEAS_UNIT_000113,0,2,4,3,3,4,15,17,32.1,33.5,9.0,-0.9000000000000021,-3.0,-0.7071067811865477,0.7071067811865474,0.0,25.2,0,1,4,38.61034504676001,measured,cold,S01_C014,31.2,6.0,21.0,39.2,38.61034504676001,0.5896549532399931,20260903,fixed_outer_fold_20260903
MEAS_R000114,C014,S01,114,114,31.5,38.8,5.4,22.0,measurement_group_1,measurement_status_1,1.0,MEAS_UNIT_000114,0,5,5,1,1,3,16,17,31.2,32.1,6.0,0.3000000000000007,-0.5999999999999996,-0.5000000000000004,0.8660254037844384,0.0,26.1,0,1,3,38.32598217164228,measured,cold,S01_C014,31.5,5.4,22.0,38.8,38.32598217164228,0.47401782835771655,20260903,fixed_outer_fold_20260903
MEAS_R000115,C014,S01,115,115,31.0,38.4,5.5,23.0,measurement_group_1,measurement_status_1,1.0,MEAS_UNIT_000115,0,1,2,2,2,5,17,17,31.5,31.2,5.4,-0.5,0.0999999999999996,-0.2588190451025215,0.965925826289068,0.0,25.5,0,1,5,38.57597676179018,measured,cold,S01_C014,31.0,5.5,23.0,38.4,38.57597676179018,-0.1759767617901815,20260903,fixed_outer_fold_20260903
MEAS_R000116,C023,S01,116,116,30.7,38.3,5.4,0.0,measurement_group_1,measurement_status_1,1.0,MEAS_UNIT_000116,0,5,3,4,4,2,1,17,30.7,30.7,5.4,0.0,0.0,0.0,1.0,0.0,25.3,0,1,2,39.01006945933415,measured,cold,S01_C023,30.7,5.4,0.0,38.3,39.01006945933415,-0.7100694593341501,20260903,fixed_outer_fold_20260903
MEAS_R000117,C023,S01,117,117,30.4,38.3,5.0,11.0,measurement_group_1,measurement_status_1,1.0,MEAS_UNIT_000117,0,1,4,2,3,1,2,17,30.7,30.7,5.4,-0.3000000000000007,-0.4000000000000003,0.258819045102521,-0.9659258262890682,0.0,25.4,0,0,1,39.13950891301308,measured,cold,S01_C023,30.4,5.0,11.0,38.3,39.13950891301308,-0.8395089130130842,20260903,fixed_outer_fold_20260903
MEAS_R000118,C023,S01,118,118,32.6,39.4,6.1,11.0,measurement_group_1,measurement_status_1,1.0,MEAS_UNIT_000118,0,3,1,2,2,4,3,17,30.4,30.7,5.0,2.200000000000003,1.0999999999999996,0.258819045102521,-0.9659258262890682,0.0,26.5,0,0,4,38.59428459053349,measured,cold,S01_C023,32.6,6.1,11.0,39.4,38.59428459053349,0.805715409466508,20260903,fixed_outer_fold_20260903
MEAS_R000119,C023,S01,119,119,31.7,39.2,6.9,12.0,measurement_group_1,measurement_status_1,1.0,MEAS_UNIT_000119,0,4,2,3,3,3,4,17,32.6,30.4,6.1,-0.9000000000000021,0.8000000000000007,1.2246467991473532e-16,-1.0,0.0,24.8,0,0,3,38.89751259218019,measured,cold,S01_C023,31.7,6.9,12.0,39.2,38.89751259218019,0.302487407819811,20260903,fixed_outer_fold_20260903
MEAS_R000120,C023,S01,120,120,33.2,39.0,6.8,12.0,measurement_group_1,measurement_status_1,1.0,MEAS_UNIT_000120,0,1,5,4,4,4,5,17,31.7,32.6,6.9,1.5000000000000036,-0.1000000000000005,1.2246467991473532e-16,-1.0,0.0,26.4,0,0,4,38.90713258353824,measured,cold,S01_C023,33.2,6.8,12.0,39.0,38.90713258353824,0.09286741646175756,20260903,fixed_outer_fold_20260903
MEAS_R000121,C023,S01,121,121,32.8,38.8,9.3,13.0,measurement_group_1,measurement_status_1,1.0,MEAS_UNIT_000121,0,4,4,2,3,5,6,17,33.2,31.7,6.8,-0.4000000000000057,2.500000000000001,-0.2588190451025208,-0.9659258262890684,0.0,23.5,0,0,5,38.91512600864852,measured,cold,S01_C023,32.8,9.3,13.0,38.8,38.91512600864852,-0.11512600864852374,20260903,fixed_outer_fold_20260903
MEAS_R000122,C023,S01,122,122,33.0,38.9,8.0,13.0,measurement_group_1,measurement_status_1,1.0,MEAS_UNIT_000122,0,2,3,5,1,2,7,17,32.8,33.2,9.3,0.2000000000000028,-1.3000000000000007,-0.2588190451025208,-0.9659258262890684,0.0,25.0,0,0,2,39.0301308844024,measured,cold,S01_C023,33.0,8.0,13.0,38.9,39.0301308844024,-0.13013088440240494,20260903,fixed_outer_fold_20260903
MEAS_R000123,C023,S01,123,123,33.7,38.6,8.8,14.0,measurement_group_1,measurement_status_1,1.0,MEAS_UNIT_000123,0,3,1,3,1,2,9,17,36.7,33.0,8.3,-3.0,0.5,-0.4999999999999997,-0.8660254037844388,0.0,24.9,0,0,2,39.05022313166927,measured,cold,S01_C023,33.7,8.8,14.0,38.6,39.05022313166927,-0.45022313166926864,20260903,fixed_outer_fold_20260903
MEAS_R000124,C023,S01,124,124,32.4,39.1,11.2,15.0,measurement_group_1,measurement_status_1,1.0,MEAS_UNIT_000124,0,3,4,4,5,5,10,17,33.7,36.7,8.8,-1.3000000000000045,2.3999999999999986,-0.7071067811865471,-0.7071067811865479,0.0,21.2,0,0,5,38.91913710434464,measured,cold,S01_C023,32.4,11.2,15.0,39.1,38.91913710434464,0.18086289565535907,20260903,fixed_outer_fold_20260903
MEAS_R000125,C023,S01,125,125,35.3,39.0,9.1,15.0,measurement_group_1,measurement_status_1,1.0,MEAS_UNIT_000125,0,5,1,5,5,1,11,17,32.4,33.7,11.2,2.8999999999999986,-2.1,-0.7071067811865471,-0.7071067811865479,0.0,26.2,0,0,1,38.984106979414506,measured,cold,S01_C023,35.3,9.1,15.0,39.0,38.984106979414506,0.015893020585494355,20260903,fixed_outer_fold_20260903
MEAS_R000126,C023,S01,126,126,32.1,39.1,9.0,19.0,measurement_group_1,measurement_status_1,1.0,MEAS_UNIT_000126,0,5,2,1,2,3,13,17,33.8,35.3,12.0,-1.6999999999999955,-3.0,-0.9659258262890684,0.2588190451025203,0.0,23.1,0,0,3,39.23011069601368,measured,cold,S01_C023,32.1,9.0,19.0,39.1,39.23011069601368,-0.13011069601368064,20260903,fixed_outer_fold_20260903
MEAS_R000127,C023,S01,127,127,33.5,39.9,6.0,21.0,measurement_group_1,measurement_status_1,1.0,MEAS_UNIT_000127,0,2,3,3,1,4,15,17,31.6,32.1,9.8,1.8999999999999984,-3.8000000000000007,-0.7071067811865477,0.7071067811865474,0.0,27.5,0,1,4,38.96476994403506,measured,cold,S01_C023,33.5,6.0,21.0,39.9,38.96476994403506,0.9352300559649365,20260903,fixed_outer_fold_20260903
MEAS_R000128,C023,S01,128,128,33.8,39.4,5.4,22.0,measurement_group_1,measurement_status_1,1.0,MEAS_UNIT_000128,0,4,5,1,2,1,16,17,33.5,31.6,6.0,0.2999999999999971,-0.5999999999999996,-0.5000000000000004,0.8660254037844384,0.0,28.4,0,1,1,38.995142282212434,measured,cold,S01_C023,33.8,5.4,22.0,39.4,38.995142282212434,0.4048577177875643,20260903,fixed_outer_fold_20260903
MEAS_R000129,C023,S01,129,129,33.3,39.3,5.5,23.0,measurement_group_1,measurement_status_1,1.0,MEAS_UNIT_000129,0,1,2,1,4,3,17,17,33.8,33.5,5.4,-0.5,0.0999999999999996,-0.2588190451025215,0.965925826289068,0.0,27.8,0,1,3,39.094887855940414,measured,cold,S01_C023,33.3,5.5,23.0,39.3,39.094887855940414,0.20511214405958356,20260903,fixed_outer_fold_20260903
MEAS_R000130,C011,S01,130,130,28.2,38.1,13.1,11.0,measurement_group_1,measurement_status_1,1.0,MEAS_UNIT_000130,0,3,1,1,4,2,3,17,30.0,31.2,19.1,-1.8000000000000007,-6.000000000000002,0.258819045102521,-0.9659258262890682,0.0,15.1,0,0,2,38.23927073536379,measured,cold,S01_C011,28.2,13.1,11.0,38.1,38.23927073536379,-0.13927073536378742,20260903,fixed_outer_fold_20260903
MEAS_R000131,C011,S01,131,131,30.2,38.0,16.0,12.0,measurement_group_1,measurement_status_1,1.0,MEAS_UNIT_000131,0,5,2,2,2,3,5,17,29.1,28.2,16.8,1.099999999999998,-0.8000000000000007,1.2246467991473532e-16,-1.0,0.0,14.2,0,0,3,38.146299787043056,measured,cold,S01_C011,30.2,16.0,12.0,38.0,38.146299787043056,-0.14629978704305557,20260903,fixed_outer_fold_20260903
MEAS_R000132,C011,S01,132,132,30.8,37.9,18.3,13.0,measurement_group_1,measurement_status_1,1.0,MEAS_UNIT_000132,0,2,4,2,1,1,7,17,27.7,30.2,9.9,3.1000000000000014,8.4,-0.2588190451025208,-0.9659258262890684,0.0176470588235294,12.5,0,0,1,38.15456667386362,measured,moderate,S01_C011,30.8,18.3,13.0,37.9,38.15456667386362,-0.2545666738636214,20260903,fixed_outer_fold_20260903
MEAS_R000133,C011,S01,133,133,31.9,38.1,20.8,14.0,measurement_group_1,measurement_status_1,1.0,MEAS_UNIT_000133,0,1,5,4,2,4,8,17,30.8,27.7,18.3,1.099999999999998,2.5,-0.4999999999999997,-0.8660254037844388,0.1647058823529412,11.099999999999998,0,0,4,38.055795787312825,measured,moderate,S01_C011,31.9,20.8,14.0,38.1,38.055795787312825,0.04420421268717689,20260903,fixed_outer_fold_20260903
MEAS_R000134,C011,S01,134,134,32.6,38.1,22.0,15.0,measurement_group_1,measurement_status_1,1.0,MEAS_UNIT_000134,0,2,4,3,3,5,10,17,34.0,31.9,24.4,-1.3999999999999986,-2.3999999999999986,-0.7071067811865471,-0.7071067811865479,0.2352941176470588,10.6,0,0,5,38.08036369112066,measured,moderate,S01_C011,32.6,22.0,15.0,38.1,38.08036369112066,0.01963630887934187,20260903,fixed_outer_fold_20260903
MEAS_R000135,C011,S01,135,135,30.2,38.4,13.4,21.0,measurement_group_1,measurement_status_1,1.0,MEAS_UNIT_000135,0,4,1,4,5,2,12,17,30.8,32.6,20.0,-0.6000000000000014,-6.6,-0.7071067811865477,0.7071067811865474,0.0,16.799999999999997,0,1,2,38.26655798300459,measured,cold,S01_C011,30.2,13.4,21.0,38.4,38.26655798300459,0.13344201699541003,20260903,fixed_outer_fold_20260903
MEAS_R000136,C011,S01,136,136,30.7,39.1,11.8,22.0,measurement_group_1,measurement_status_1,1.0,MEAS_UNIT_000136,0,5,2,1,4,4,14,17,29.5,30.2,11.7,1.1999999999999993,0.1000000000000014,-0.5000000000000004,0.8660254037844384,0.0,18.9,0,1,4,38.18143928098592,measured,cold,S01_C011,30.7,11.8,22.0,39.1,38.18143928098592,0.9185607190140814,20260903,fixed_outer_fold_20260903
MEAS_R000137,C011,S01,137,137,30.6,38.2,10.9,23.0,measurement_group_1,measurement_status_1,1.0,MEAS_UNIT_000137,0,5,3,5,1,1,15,17,30.7,29.5,11.8,-0.0999999999999978,-0.9000000000000004,-0.2588190451025215,0.965925826289068,0.0,19.700000000000003,0,1,1,38.399976927490926,measured,cold,S01_C011,30.6,10.9,23.0,38.2,38.399976927490926,-0.19997692749092266,20260903,fixed_outer_fold_20260903
MEAS_R000138,C011,S01,138,138,29.6,38.1,10.9,24.0,measurement_group_1,measurement_status_1,1.0,MEAS_UNIT_000138,0,4,3,3,3,3,17,17,31.1,30.6,8.5,-1.5,2.4000000000000004,-2.4492935982947064e-16,1.0,0.0,18.700000000000003,0,1,3,38.420844301288085,measured,cold,S01_C011,29.6,10.9,24.0,38.1,38.420844301288085,-0.3208443012880835,20260903,fixed_outer_fold_20260903
MEAS_R000139,C004,S01,139,139,28.8,37.8,7.9,1.0,measurement_group_1,measurement_status_1,1.0,MEAS_UNIT_000139,0,4,5,5,2,2,1,17,28.8,28.8,7.9,0.0,0.0,0.2588190451025207,0.9659258262890684,0.0,20.9,0,1,2,37.75848050417621,measured,cold,S01_C004,28.8,7.9,1.0,37.8,37.75848050417621,0.04151949582378478,20260903,fixed_outer_fold_20260903
MEAS_R000140,C004,S01,140,140,27.6,37.6,3.5,14.0,measurement_group_1,measurement_status_1,1.0,MEAS_UNIT_000140,0,1,1,5,3,2,11,17,27.6,31.0,7.5,0.0,-4.0,-0.4999999999999997,-0.8660254037844388,0.0,24.1,0,0,2,37.57961221493724,measured,cold,S01_C004,27.6,3.5,14.0,37.6,37.57961221493724,0.02038778506275918,20260903,fixed_outer_fold_20260903
MEAS_R000141,C004,S01,141,141,32.4,37.5,4.6,12.0,measurement_group_1,measurement_status_1,1.0,MEAS_UNIT_000141,0,2,1,3,1,1,6,17,32.3,32.9,5.3,0.1000000000000014,-0.7000000000000002,1.2246467991473532e-16,-1.0,0.0,27.8,0,0,1,37.57004035585347,measured,cold,S01_C004,32.4,4.6,12.0,37.5,37.57004035585347,-0.07004035585347168,20260903,fixed_outer_fold_20260903
MEAS_R000142,C004,S01,142,142,30.6,37.6,9.4,9.0,measurement_group_1,measurement_status_1,1.0,MEAS_UNIT_000142,0,5,1,2,2,1,3,17,32.1,28.8,7.6,-1.5,1.8000000000000007,0.7071067811865476,-0.7071067811865475,0.0,21.200000000000003,0,0,1,37.67090852224315,measured,cold,S01_C004,30.6,9.4,9.0,37.6,37.67090852224315,-0.07090852224315114,20260903,fixed_outer_fold_20260903
MEAS_R000143,C004,S01,143,143,32.3,37.6,5.3,11.0,measurement_group_1,measurement_status_1,1.0,MEAS_UNIT_000143,0,4,1,1,3,4,5,17,32.9,30.6,5.5,-0.6000000000000014,-0.2000000000000001,0.258819045102521,-0.9659258262890682,0.0,27.0,0,0,4,37.61039057308735,measured,cold,S01_C004,32.3,5.3,11.0,37.6,37.61039057308735,-0.010390573087349253,20260903,fixed_outer_fold_20260903
MEAS_R000144,C004,S01,144,144,31.2,37.5,8.8,12.0,measurement_group_1,measurement_status_1,1.0,MEAS_UNIT_000144,0,1,5,3,1,1,7,17,32.4,32.3,4.6,-1.1999999999999993,4.200000000000001,1.2246467991473532e-16,-1.0,0.0,22.4,0,0,1,37.60311764110765,measured,cold,S01_C004,31.2,8.8,12.0,37.5,37.60311764110765,-0.10311764110765154,20260903,fixed_outer_fold_20260903
MEAS_R000145,C004,S01,145,145,32.9,37.6,5.5,10.0,measurement_group_1,measurement_status_1,1.0,MEAS_UNIT_000145,0,5,2,1,1,5,4,17,30.6,32.1,9.4,2.299999999999997,-3.9,0.4999999999999999,-0.8660254037844387,0.0,27.4,0,0,5,37.65908845390853,measured,cold,S01_C004,32.9,5.5,10.0,37.6,37.65908845390853,-0.05908845390852946,20260903,fixed_outer_fold_20260903
MEAS_R000146,C004,S01,146,146,31.1,37.5,11.3,12.0,measurement_group_1,measurement_status_1,1.0,MEAS_UNIT_000146,0,3,4,4,5,2,8,17,31.2,32.4,8.8,-0.0999999999999978,2.5,1.2246467991473532e-16,-1.0,0.0,19.8,0,0,2,37.57960734299731,measured,cold,S01_C004,31.1,11.3,12.0,37.5,37.57960734299731,-0.07960734299731342,20260903,fixed_outer_fold_20260903
MEAS_R000147,C004,S01,147,147,31.0,37.5,8.6,13.0,measurement_group_1,measurement_status_1,1.0,MEAS_UNIT_000147,0,3,2,5,4,3,9,17,31.1,31.2,11.3,-0.1000000000000014,-2.700000000000001,-0.2588190451025208,-0.9659258262890684,0.0,22.4,0,0,3,37.59985862126633,measured,cold,S01_C004,31.0,8.6,13.0,37.5,37.59985862126633,-0.09985862126632838,20260903,fixed_outer_fold_20260903
MEAS_R000148,C004,S01,148,148,34.3,37.7,12.7,17.0,measurement_group_1,measurement_status_1,1.0,MEAS_UNIT_000148,0,2,5,4,2,3,12,17,27.6,27.6,3.5,6.699999999999996,9.2,-0.9659258262890684,-0.2588190451025206,0.0,21.6,0,0,3,37.80762694715466,measured,cold,S01_C004,34.3,12.7,17.0,37.7,37.80762694715466,-0.1076269471546567,20260903,fixed_outer_fold_20260903
MEAS_R000149,C004,S01,149,149,30.1,37.7,9.5,22.0,measurement_group_1,measurement_status_1,1.0,MEAS_UNIT_000149,0,3,3,2,5,4,15,17,30.9,30.6,3.0,-0.7999999999999972,6.5,-0.5000000000000004,0.8660254037844384,0.0,20.6,0,1,4,37.62627621940749,measured,cold,S01_C004,30.1,9.5,22.0,37.7,37.62627621940749,0.07372378059251616,20260903,fixed_outer_fold_20260903
MEAS_R000150,C004,S01,150,150,30.6,37.6,4.5,19.0,measurement_group_1,measurement_status_1,1.0,MEAS_UNIT_000150,0,2,2,3,5,1,13,17,34.3,27.6,12.7,-3.699999999999996,-8.2,-0.9659258262890684,0.2588190451025203,0.0,26.1,0,0,1,37.84065610734282,measured,cold,S01_C004,30.6,4.5,19.0,37.6,37.84065610734282,-0.24065610734281506,20260903,fixed_outer_fold_20260903
MEAS_R000151,C028,S01,151,151,34.5,40.3,29.7,23.0,measurement_group_1,measurement_status_1,1.0,MEAS_UNIT_000151,1,1,4,3,1,2,4,4,37.2,33.4,34.8,-2.700000000000003,-5.099999999999998,-0.2588190451025215,0.965925826289068,0.6882352941176471,4.800000000000001,0,1,2,40.305870362438846,measured,moderate,S01_C028,34.5,29.7,23.0,40.3,40.305870362438846,-0.005870362438848531,20260903,fixed_outer_fold_20260903
MEAS_R000152,C028,S01,152,152,36.6,40.2,36.5,15.0,measurement_group_1,measurement_status_1,1.0,MEAS_UNIT_000152,4,5,1,4,5,2,4,6,38.6,37.6,37.4,-2.0,-0.8999999999999986,-0.7071067811865471,-0.7071067811865479,1.0,0.1000000000000014,1,0,2,40.15217323940871,measured,hot,S01_C028,36.6,36.5,15.0,40.2,40.15217323940871,0.04782676059129187,20260903,fixed_outer_fold_20260903
MEAS_R000153,C028,S01,153,153,37.6,40.2,35.5,13.0,measurement_group_1,measurement_status_1,1.0,MEAS_UNIT_000153,4,3,1,1,2,3,2,6,36.6,36.6,37.5,1.0,-2.0,-0.2588190451025208,-0.9659258262890684,1.0,2.1000000000000014,1,0,3,40.16903434317023,measured,hot,S01_C028,37.6,35.5,13.0,40.2,40.16903434317023,0.03096565682977115,20260903,fixed_outer_fold_20260903
MEAS_R000154,C028,S01,154,154,38.6,40.2,37.4,14.0,measurement_group_1,measurement_status_1,1.0,MEAS_UNIT_000154,4,5,4,2,4,1,3,6,37.6,36.6,35.5,1.0,1.8999999999999984,-0.4999999999999997,-0.8660254037844388,1.0,1.2000000000000028,1,0,1,40.2132273390652,measured,hot,S01_C028,38.6,37.4,14.0,40.2,40.2132273390652,-0.01322733906519602,20260903,fixed_outer_fold_20260903
MEAS_R000155,C028,S01,155,155,37.7,39.8,40.4,13.0,measurement_group_1,measurement_status_1,1.0,MEAS_UNIT_000155,2,1,1,2,3,1,1,1,37.7,37.7,40.4,0.0,0.0,-0.2588190451025208,-0.9659258262890684,1.0,-2.699999999999996,1,0,1,39.731866777527486,measured,hot,S01_C028,37.7,40.4,13.0,39.8,39.731866777527486,0.06813322247251108,20260903,fixed_outer_fold_20260903
MEAS_R000156,C028,S01,156,156,39.9,40.3,38.3,21.0,measurement_group_1,measurement_status_1,1.0,MEAS_UNIT_000156,5,2,2,1,2,5,2,3,38.6,38.6,37.3,1.2999999999999972,1.0,-0.7071067811865477,0.7071067811865474,1.0,1.6000000000000014,1,1,5,40.23881093130448,measured,hot,S01_C028,39.9,38.3,21.0,40.3,40.23881093130448,0.06118906869551921,20260903,fixed_outer_fold_20260903
MEAS_R000157,C028,S01,157,157,38.4,40.1,38.5,20.0,measurement_group_1,measurement_status_1,1.0,MEAS_UNIT_000157,3,4,3,5,3,2,2,3,36.8,36.8,36.2,1.6000000000000014,2.299999999999997,-0.8660254037844386,0.5000000000000001,1.0,-0.1000000000000014,1,1,2,40.0852112125045,measured,hot,S01_C028,38.4,38.5,20.0,40.1,40.0852112125045,0.014788787495504607,20260903,fixed_outer_fold_20260903
MEAS_R000158,C028,S01,158,158,37.3,40.3,36.7,22.0,measurement_group_1,measurement_status_1,1.0,MEAS_UNIT_000158,5,3,4,2,3,4,3,3,39.9,38.6,38.3,-2.6000000000000014,-1.5999999999999943,-0.5000000000000004,0.8660254037844384,1.0,0.5999999999999943,1,1,4,40.244017455991134,measured,hot,S01_C028,37.3,36.7,22.0,40.3,40.244017455991134,0.055982544008863044,20260903,fixed_outer_fold_20260903
MEAS_R000159,C028,S01,159,159,36.8,40.1,36.2,17.0,measurement_group_1,measurement_status_1,1.0,MEAS_UNIT_000159,3,2,1,1,5,3,1,3,36.8,36.8,36.2,0.0,0.0,-0.9659258262890684,-0.2588190451025206,1.0,0.5999999999999943,1,0,3,40.07207571584792,measured,hot,S01_C028,36.8,36.2,17.0,40.1,40.07207571584792,0.02792428415207837,20260903,fixed_outer_fold_20260903
MEAS_R000160,C028,S01,160,160,37.2,40.1,37.5,23.0,measurement_group_1,measurement_status_1,1.0,MEAS_UNIT_000160,3,3,3,4,4,4,3,3,38.4,36.8,38.5,-1.1999999999999955,-1.0,-0.2588190451025215,0.965925826289068,1.0,-0.2999999999999971,1,1,4,40.07190982543907,measured,hot,S01_C028,37.2,37.5,23.0,40.1,40.07190982543907,0.02809017456092988,20260903,fixed_outer_fold_20260903
MEAS_R000161,C028,S01,161,161,38.6,40.2,37.3,0.0,measurement_group_1,measurement_status_1,1.0,MEAS_UNIT_000161,5,4,5,2,4,4,1,3,38.6,38.6,37.3,0.0,0.0,0.0,1.0,1.0,1.3000000000000045,1,1,4,40.25680598387625,measured,hot,S01_C028,38.6,37.3,0.0,40.2,40.25680598387625,-0.056805983876245136,20260903,fixed_outer_fold_20260903
MEAS_R000162,C028,S01,162,162,37.2,40.3,34.8,20.0,measurement_group_1,measurement_status_1,1.0,MEAS_UNIT_000162,1,2,5,5,1,5,3,4,33.4,35.4,28.7,3.800000000000004,6.099999999999998,-0.8660254037844386,0.5000000000000001,0.9882352941176468,2.4000000000000057,1,1,5,40.28737176282005,measured,hot,S01_C028,37.2,34.8,20.0,40.3,40.28737176282005,0.012628237179946211,20260903,fixed_outer_fold_20260903
MEAS_R000163,C028,S01,163,163,35.4,40.3,33.2,1.0,measurement_group_1,measurement_status_1,1.0,MEAS_UNIT_000163,1,2,3,3,5,5,1,4,35.4,35.4,33.2,0.0,0.0,0.2588190451025207,0.9659258262890684,0.8941176470588237,2.199999999999996,1,1,5,40.30711032000168,measured,hot,S01_C028,35.4,33.2,1.0,40.3,40.30711032000168,-0.007110320001679327,20260903,fixed_outer_fold_20260903
MEAS_R000164,C008,S01,164,164,33.6,38.3,2.9,21.0,measurement_group_1,measurement_status_1,1.0,MEAS_UNIT_000164,0,3,1,1,3,1,16,17,34.4,35.0,7.5,-0.7999999999999972,-4.6,-0.7071067811865477,0.7071067811865474,0.0,30.700000000000003,0,1,1,38.39701849907214,measured,cold,S01_C008,33.6,2.9,21.0,38.3,38.39701849907214,-0.0970184990721421,20260903,fixed_outer_fold_20260903
MEAS_R000165,C008,S01,165,165,31.2,38.2,4.6,14.0,measurement_group_1,measurement_status_1,1.0,MEAS_UNIT_000165,0,4,4,3,1,5,11,17,33.3,36.6,5.5,-2.099999999999998,-0.9000000000000004,-0.4999999999999997,-0.8660254037844388,0.0,26.6,0,0,5,38.21084608710807,measured,cold,S01_C008,31.2,4.6,14.0,38.2,38.21084608710807,-0.010846087108063784,20260903,fixed_outer_fold_20260903
MEAS_R000166,C008,S01,166,166,32.1,38.1,6.5,9.0,measurement_group_1,measurement_status_1,1.0,MEAS_UNIT_000166,0,3,1,4,5,4,4,17,34.2,33.9,6.0,-2.1000000000000014,0.5,0.7071067811865476,-0.7071067811865475,0.0,25.6,0,0,4,38.105389082111984,measured,cold,S01_C008,32.1,6.5,9.0,38.1,38.105389082111984,-0.005389082111982191,20260903,fixed_outer_fold_20260903
MEAS_R000167,C008,S01,167,167,33.2,38.1,8.4,11.0,measurement_group_1,measurement_status_1,1.0,MEAS_UNIT_000167,0,2,5,2,1,5,8,17,33.5,34.3,7.5,-0.2999999999999971,0.9000000000000004,0.258819045102521,-0.9659258262890682,0.0,24.800000000000004,0,0,5,38.12243332009764,measured,cold,S01_C008,33.2,8.4,11.0,38.1,38.12243332009764,-0.02243332009764032,20260903,fixed_outer_fold_20260903
MEAS_R000168,C008,S01,168,168,36.6,38.1,9.3,11.0,measurement_group_1,measurement_status_1,1.0,MEAS_UNIT_000168,0,3,2,3,2,5,9,17,33.2,33.5,8.4,3.3999999999999986,0.9000000000000004,0.258819045102521,-0.9659258262890682,0.0,27.3,0,0,5,38.123258647792845,measured,cold,S01_C008,36.6,9.3,11.0,38.1,38.123258647792845,-0.02325864779284359,20260903,fixed_outer_fold_20260903
MEAS_R000169,C008,S01,169,169,33.3,38.1,5.5,11.0,measurement_group_1,measurement_status_1,1.0,MEAS_UNIT_000169,0,1,3,1,3,2,10,17,36.6,33.2,9.3,-3.3000000000000043,-3.8000000000000007,0.258819045102521,-0.9659258262890682,0.0,27.8,0,0,2,38.15942623123254,measured,cold,S01_C008,33.3,5.5,11.0,38.1,38.15942623123254,-0.05942623123253554,20260903,fixed_outer_fold_20260903
MEAS_R000170,C008,S01,170,170,34.3,38.1,10.8,10.0,measurement_group_1,measurement_status_1,1.0,MEAS_UNIT_000170,0,1,5,3,3,1,6,17,30.1,32.1,7.6,4.199999999999996,3.200000000000001,0.4999999999999999,-0.8660254037844387,0.0,23.5,0,0,1,38.12725914688117,measured,cold,S01_C008,34.3,10.8,10.0,38.1,38.12725914688117,-0.027259146881171148,20260903,fixed_outer_fold_20260903
MEAS_R000171,C008,S01,171,171,35.5,38.2,11.3,16.0,measurement_group_1,measurement_status_1,1.0,MEAS_UNIT_000171,0,2,3,2,4,1,13,17,33.2,31.2,8.4,2.299999999999997,2.9000000000000004,-0.8660254037844385,-0.5000000000000004,0.0,24.2,0,0,1,38.2623595999434,measured,cold,S01_C008,35.5,11.3,16.0,38.2,38.2623595999434,-0.06235959994339879,20260903,fixed_outer_fold_20260903
MEAS_R000172,C008,S01,172,172,35.0,38.2,9.6,16.0,measurement_group_1,measurement_status_1,1.0,MEAS_UNIT_000172,0,2,2,2,1,2,14,17,35.5,33.2,11.3,-0.5,-1.700000000000001,-0.8660254037844385,-0.5000000000000004,0.0,25.4,0,0,2,38.19002533178589,measured,cold,S01_C008,35.0,9.6,16.0,38.2,38.19002533178589,0.00997466821411308,20260903,fixed_outer_fold_20260903
MEAS_R000173,C008,S01,173,173,34.4,38.2,7.5,17.0,measurement_group_1,measurement_status_1,1.0,MEAS_UNIT_000173,0,1,1,1,4,1,15,17,35.0,35.5,9.6,-0.6000000000000014,-2.1,-0.9659258262890684,-0.2588190451025206,0.0,26.9,0,0,1,38.21207362768904,measured,cold,S01_C008,34.4,7.5,17.0,38.2,38.21207362768904,-0.012073627689034083,20260903,fixed_outer_fold_20260903
MEAS_R000174,C008,S01,174,174,31.6,38.3,3.5,22.0,measurement_group_1,measurement_status_1,1.0,MEAS_UNIT_000174,0,1,4,5,4,3,17,17,33.6,34.4,2.9,-2.0,0.6000000000000001,-0.5000000000000004,0.8660254037844384,0.0,28.1,0,1,3,38.26676204759332,measured,cold,S01_C008,31.6,3.5,22.0,38.3,38.26676204759332,0.03323795240667948,20260903,fixed_outer_fold_20260903
MEAS_R000175,C008,S01,175,175,33.6,38.2,7.9,1.0,measurement_group_1,measurement_status_1,1.0,MEAS_UNIT_000175,0,4,2,5,2,3,1,17,33.6,33.6,7.9,0.0,0.0,0.2588190451025207,0.9659258262890684,0.0,25.700000000000003,0,1,3,38.20039877435566,measured,cold,S01_C008,33.6,7.9,1.0,38.2,38.20039877435566,-0.00039877435565927044,20260903,fixed_outer_fold_20260903
MEAS_R000176,C030,S01,176,176,27.8,40.1,6.9,1.0,measurement_group_1,measurement_status_1,1.0,MEAS_UNIT_000176,0,2,2,2,3,2,2,17,30.6,30.6,3.0,-2.8000000000000007,3.9,0.2588190451025207,0.9659258262890684,0.0,20.9,0,1,2,40.0126942126676,measured,cold,S01_C030,27.8,6.9,1.0,40.1,40.0126942126676,0.08730578733240435,20260903,fixed_outer_fold_20260903
MEAS_R000177,C030,S01,177,177,30.0,40.2,2.5,14.0,measurement_group_1,measurement_status_1,1.0,MEAS_UNIT_000177,0,1,3,3,4,4,12,17,30.6,32.5,5.6,-0.6000000000000014,-3.1,-0.4999999999999997,-0.8660254037844388,0.0,27.5,0,0,4,40.08905283079967,measured,cold,S01_C030,30.0,2.5,14.0,40.2,40.08905283079967,0.11094716920032965,20260903,fixed_outer_fold_20260903
MEAS_R000178,C030,S01,178,178,32.0,40.3,6.6,8.0,measurement_group_1,measurement_status_1,1.0,MEAS_UNIT_000178,0,2,5,1,2,1,3,17,27.8,30.6,6.9,4.199999999999999,-0.3000000000000007,0.8660254037844387,-0.4999999999999998,0.0,25.4,0,0,1,40.17881290438048,measured,cold,S01_C030,32.0,6.6,8.0,40.3,40.17881290438048,0.12118709561951846,20260903,fixed_outer_fold_20260903
MEAS_R000179,C030,S01,179,179,30.6,40.3,4.3,9.0,measurement_group_1,measurement_status_1,1.0,MEAS_UNIT_000179,0,1,2,2,4,3,4,17,32.0,27.8,6.6,-1.3999999999999986,-2.3,0.7071067811865476,-0.7071067811865475,0.0,26.3,0,0,3,40.22083247218517,measured,cold,S01_C030,30.6,4.3,9.0,40.3,40.22083247218517,0.07916752781482472,20260903,fixed_outer_fold_20260903
MEAS_R000180,C030,S01,180,180,31.0,40.3,5.4,10.0,measurement_group_1,measurement_status_1,1.0,MEAS_UNIT_000180,0,5,2,4,1,1,6,17,30.0,30.6,6.5,1.0,-1.0999999999999996,0.4999999999999999,-0.8660254037844387,0.0,25.6,0,0,1,40.17840748105631,measured,cold,S01_C030,31.0,5.4,10.0,40.3,40.17840748105631,0.12159251894368595,20260903,fixed_outer_fold_20260903
MEAS_R000181,C030,S01,181,181,30.4,40.3,10.5,10.0,measurement_group_1,measurement_status_1,1.0,MEAS_UNIT_000181,0,3,4,5,5,5,7,17,31.0,30.0,5.4,-0.6000000000000014,5.1,0.4999999999999999,-0.8660254037844387,0.0,19.9,0,0,5,40.21752952181606,measured,cold,S01_C030,30.4,10.5,10.0,40.3,40.21752952181606,0.08247047818393582,20260903,fixed_outer_fold_20260903
MEAS_R000182,C030,S01,182,182,31.7,40.2,11.8,12.0,measurement_group_1,measurement_status_1,1.0,MEAS_UNIT_000182,0,2,1,1,4,1,9,17,32.3,30.4,8.3,-0.5999999999999979,3.5,1.2246467991473532e-16,-1.0,0.0,19.9,0,0,1,40.08372283330176,measured,cold,S01_C030,31.7,11.8,12.0,40.2,40.08372283330176,0.1162771666982394,20260903,fixed_outer_fold_20260903
MEAS_R000183,C030,S01,183,183,34.2,40.2,8.3,16.0,measurement_group_1,measurement_status_1,1.0,MEAS_UNIT_000183,0,2,5,3,5,1,13,17,30.0,30.6,2.5,4.200000000000003,5.800000000000001,-0.8660254037844385,-0.5000000000000004,0.0,25.9,0,0,1,39.95771333659658,measured,cold,S01_C030,34.2,8.3,16.0,40.2,39.95771333659658,0.2422866634034193,20260903,fixed_outer_fold_20260903
MEAS_R000184,C030,S01,184,184,32.5,40.2,11.7,13.0,measurement_group_1,measurement_status_1,1.0,MEAS_UNIT_000184,0,5,4,1,3,4,10,17,31.7,32.3,11.8,0.8000000000000007,-0.1000000000000014,-0.2588190451025208,-0.9659258262890684,0.0,20.8,0,0,4,40.09200007531091,measured,cold,S01_C030,32.5,11.7,13.0,40.2,40.09200007531091,0.10799992468909636,20260903,fixed_outer_fold_20260903
MEAS_R000185,C030,S01,185,185,32.8,40.2,8.5,18.0,measurement_group_1,measurement_status_1,1.0,MEAS_UNIT_000185,0,1,3,5,1,3,14,17,34.2,30.0,8.3,-1.4000000000000057,0.1999999999999993,-1.0,-1.8369701987210294e-16,0.0,24.3,0,0,3,40.06765221866941,measured,cold,S01_C030,32.8,8.5,18.0,40.2,40.06765221866941,0.13234778133059422,20260903,fixed_outer_fold_20260903
MEAS_R000186,C030,S01,186,186,32.2,40.2,3.5,20.0,measurement_group_1,measurement_status_1,1.0,MEAS_UNIT_000186,0,4,1,5,2,5,15,17,32.8,34.2,8.5,-0.5999999999999943,-5.0,-0.8660254037844386,0.5000000000000001,0.0,28.700000000000003,0,1,5,40.10926102357371,measured,cold,S01_C030,32.2,3.5,20.0,40.2,40.10926102357371,0.09073897642629447,20260903,fixed_outer_fold_20260903
MEAS_R000187,C030,S01,187,187,32.2,40.2,7.9,21.0,measurement_group_1,measurement_status_1,1.0,MEAS_UNIT_000187,0,5,1,3,1,4,16,17,32.2,32.8,3.5,0.0,4.4,-0.7071067811865477,0.7071067811865474,0.0,24.300000000000004,0,1,4,40.11157532959735,measured,cold,S01_C030,32.2,7.9,21.0,40.2,40.11157532959735,0.08842467040265234,20260903,fixed_outer_fold_20260903
MEAS_R000188,C030,S01,188,188,30.6,40.1,3.0,0.0,measurement_group_1,measurement_status_1,1.0,MEAS_UNIT_000188,0,3,2,4,5,2,1,17,30.6,30.6,3.0,0.0,0.0,0.0,1.0,0.0,27.6,0,1,2,40.00268270074507,measured,cold,S01_C030,30.6,3.0,0.0,40.1,40.00268270074507,0.09731729925493227,20260903,fixed_outer_fold_20260903
MEAS_R000189,C030,S01,189,189,27.8,40.2,6.9,21.0,measurement_group_1,measurement_status_1,1.0,MEAS_UNIT_000189,0,3,3,1,2,2,17,17,32.2,32.2,7.9,-4.400000000000002,-1.0,-0.7071067811865477,0.7071067811865474,0.0,20.9,0,1,2,40.19224040441269,measured,cold,S01_C030,27.8,6.9,21.0,40.2,40.19224040441269,0.00775959558730932,20260903,fixed_outer_fold_20260903
MEAS_R000190,C018,S01,190,190,30.4,38.8,3.9,2.0,measurement_group_1,measurement_status_1,1.0,MEAS_UNIT_000190,0,1,4,5,1,1,3,17,34.1,32.4,4.0,-3.700000000000003,-0.1,0.4999999999999999,0.8660254037844387,0.0,26.5,0,1,1,38.76261040209818,measured,cold,S01_C018,30.4,3.9,2.0,38.8,38.76261040209818,0.0373895979018144,20260903,fixed_outer_fold_20260903
MEAS_R000191,C018,S01,191,191,32.3,38.8,6.6,9.0,measurement_group_1,measurement_status_1,1.0,MEAS_UNIT_000191,0,2,2,4,4,4,5,17,30.7,30.4,2.9,1.599999999999998,3.7,0.7071067811865476,-0.7071067811865475,0.0,25.7,0,0,4,38.77420372130454,measured,cold,S01_C018,32.3,6.6,9.0,38.8,38.77420372130454,0.025796278695459307,20260903,fixed_outer_fold_20260903
MEAS_R000192,C018,S01,192,192,30.8,38.8,4.4,9.0,measurement_group_1,measurement_status_1,1.0,MEAS_UNIT_000192,0,5,4,4,4,2,6,17,32.3,30.7,6.6,-1.4999999999999964,-2.1999999999999997,0.7071067811865476,-0.7071067811865475,0.0,26.4,0,0,2,38.81252486172786,measured,cold,S01_C018,30.8,4.4,9.0,38.8,38.81252486172786,-0.012524861727861492,20260903,fixed_outer_fold_20260903
MEAS_R000193,C018,S01,193,193,32.6,38.8,5.3,9.0,measurement_group_1,measurement_status_1,1.0,MEAS_UNIT_000193,0,4,5,1,3,2,7,17,30.8,32.3,4.4,1.8000000000000007,0.8999999999999995,0.7071067811865476,-0.7071067811865475,0.0,27.3,0,0,2,38.800142007029386,measured,cold,S01_C018,32.6,5.3,9.0,38.8,38.800142007029386,-0.00014200702938893528,20260903,fixed_outer_fold_20260903
MEAS_R000194,C018,S01,194,194,32.9,38.8,8.8,15.0,measurement_group_1,measurement_status_1,1.0,MEAS_UNIT_000194,0,5,3,5,5,4,12,17,32.5,32.7,5.4,0.3999999999999986,3.4000000000000004,-0.7071067811865471,-0.7071067811865479,0.0,24.1,0,0,4,38.75857094971322,measured,cold,S01_C018,32.9,8.8,15.0,38.8,38.75857094971322,0.04142905028678001,20260903,fixed_outer_fold_20260903
MEAS_R000195,C018,S01,195,195,32.9,38.8,6.5,11.0,measurement_group_1,measurement_status_1,1.0,MEAS_UNIT_000195,0,3,1,1,4,2,9,17,32.7,32.6,4.6,0.1999999999999957,1.9000000000000004,0.258819045102521,-0.9659258262890682,0.0,26.4,0,0,2,38.78508339450473,measured,cold,S01_C018,32.9,6.5,11.0,38.8,38.78508339450473,0.014916605495265856,20260903,fixed_outer_fold_20260903
MEAS_R000196,C018,S01,196,196,32.7,38.8,11.7,11.0,measurement_group_1,measurement_status_1,1.0,MEAS_UNIT_000196,0,2,5,2,5,3,10,17,32.9,32.7,6.5,-0.1999999999999957,5.199999999999999,0.258819045102521,-0.9659258262890682,0.0,21.000000000000004,0,0,3,38.80164221765865,measured,cold,S01_C018,32.7,11.7,11.0,38.8,38.80164221765865,-0.001642217658655909,20260903,fixed_outer_fold_20260903
MEAS_R000197,C018,S01,197,197,34.9,38.8,13.7,18.0,measurement_group_1,measurement_status_1,1.0,MEAS_UNIT_000197,0,5,1,2,2,5,16,17,31.0,33.0,7.5,3.899999999999999,6.199999999999999,-1.0,-1.8369701987210294e-16,0.0,21.2,0,0,5,38.788308143308754,measured,cold,S01_C018,34.9,13.7,18.0,38.8,38.788308143308754,0.011691856691243174,20260903,fixed_outer_fold_20260903
MEAS_R000198,C018,S01,198,198,36.0,38.8,10.6,18.0,measurement_group_1,measurement_status_1,1.0,MEAS_UNIT_000198,0,1,1,3,1,3,17,17,34.9,31.0,13.7,1.1000000000000014,-3.1,-1.0,-1.8369701987210294e-16,0.0,25.4,0,0,3,38.75635061539474,measured,cold,S01_C018,36.0,10.6,18.0,38.8,38.75635061539474,0.04364938460525991,20260903,fixed_outer_fold_20260903
MEAS_R000199,C018,S01,199,199,31.0,38.8,7.5,16.0,measurement_group_1,measurement_status_1,1.0,MEAS_UNIT_000199,0,4,2,3,3,1,15,17,33.0,34.0,8.8,-2.0,-1.3000000000000007,-0.8660254037844385,-0.5000000000000004,0.0,23.5,0,0,1,38.771247777234095,measured,cold,S01_C018,31.0,7.5,16.0,38.8,38.771247777234095,0.028752222765902502,20260903,fixed_outer_fold_20260903
MEAS_R000200,C018,S01,200,200,32.4,38.8,7.5,0.0,measurement_group_1,measurement_status_1,1.0,MEAS_UNIT_000200,0,1,3,4,1,2,1,17,32.4,32.4,7.5,0.0,0.0,0.0,1.0,0.0,24.9,0,1,2,38.77913420878281,measured,cold,S01_C018,32.4,7.5,0.0,38.8,38.77913420878281,0.02086579121719012,20260903,fixed_outer_fold_20260903
MEAS_R000201,C018,S01,201,201,34.1,38.8,4.0,0.0,measurement_group_1,measurement_status_1,1.0,MEAS_UNIT_000201,0,4,3,3,2,3,2,17,32.4,32.4,7.5,1.7000000000000028,-3.5,0.0,1.0,0.0,30.1,0,1,3,38.79848069288006,measured,cold,S01_C018,34.1,4.0,0.0,38.8,38.79848069288006,0.0015193071199348651,20260903,fixed_outer_fold_20260903
MEAS_R000202,C025,S01,202,202,29.2,39.4,13.6,14.0,measurement_group_1,measurement_status_1,1.0,MEAS_UNIT_000202,0,2,1,3,2,4,7,17,31.5,30.9,15.8,-2.3000000000000007,-2.200000000000001,-0.4999999999999997,-0.8660254037844388,0.0,15.6,0,0,4,39.39014702360505,measured,cold,S01_C025,29.2,13.6,14.0,39.4,39.39014702360505,0.009852976394945756,20260903,fixed_outer_fold_20260903
MEAS_R000203,C025,S01,203,203,29.5,39.5,16.5,10.0,measurement_group_1,measurement_status_1,1.0,MEAS_UNIT_000203,0,3,4,3,4,3,3,17,31.4,31.3,11.4,-1.8999999999999984,5.1,0.4999999999999999,-0.8660254037844387,0.0,13.0,0,0,3,39.43226955789712,measured,cold,S01_C025,29.5,16.5,10.0,39.5,39.43226955789712,0.06773044210287793,20260903,fixed_outer_fold_20260903
MEAS_R000204,C025,S01,204,204,31.5,39.5,16.8,14.0,measurement_group_1,measurement_status_1,1.0,MEAS_UNIT_000204,0,3,5,1,4,1,8,17,29.2,31.5,13.6,2.3000000000000007,3.200000000000001,-0.4999999999999997,-0.8660254037844388,0.0,14.7,0,0,1,39.370095082273686,measured,cold,S01_C025,31.5,16.8,14.0,39.5,39.370095082273686,0.1299049177263143,20260903,fixed_outer_fold_20260903
MEAS_R000205,C025,S01,205,205,31.2,39.4,21.3,15.0,measurement_group_1,measurement_status_1,1.0,MEAS_UNIT_000205,0,4,5,5,5,1,10,17,31.9,31.5,24.5,-0.6999999999999993,-3.1999999999999997,-0.7071067811865471,-0.7071067811865479,0.1941176470588235,9.9,0,0,1,39.383312111945045,measured,moderate,S01_C025,31.2,21.3,15.0,39.4,39.383312111945045,0.016687888054953248,20260903,fixed_outer_fold_20260903
MEAS_R000206,C025,S01,206,206,31.9,39.4,24.5,14.0,measurement_group_1,measurement_status_1,1.0,MEAS_UNIT_000206,0,5,1,5,1,5,9,17,31.5,29.2,16.8,0.3999999999999986,7.699999999999999,-0.4999999999999997,-0.8660254037844388,0.3823529411764705,7.399999999999999,0,0,5,39.371888734831295,measured,moderate,S01_C025,31.9,24.5,14.0,39.4,39.371888734831295,0.02811126516870388,20260903,fixed_outer_fold_20260903
MEAS_R000207,C025,S01,207,207,29.8,39.4,14.9,23.0,measurement_group_1,measurement_status_1,1.0,MEAS_UNIT_000207,0,2,1,2,1,2,16,17,30.0,31.1,8.4,-0.1999999999999993,6.5,-0.2588190451025215,0.965925826289068,0.0,14.9,0,1,2,39.363231809135,measured,cold,S01_C025,29.8,14.9,23.0,39.4,39.363231809135,0.03676819086499705,20260903,fixed_outer_fold_20260903
MEAS_R000208,C025,S01,208,208,31.4,39.4,14.3,23.0,measurement_group_1,measurement_status_1,1.0,MEAS_UNIT_000208,0,5,2,4,3,3,17,17,29.8,30.0,14.9,1.599999999999998,-0.5999999999999996,-0.2588190451025215,0.965925826289068,0.0,17.099999999999998,0,1,3,39.38425430371758,measured,cold,S01_C025,31.4,14.3,23.0,39.4,39.38425430371758,0.015745696282415622,20260903,fixed_outer_fold_20260903
MEAS_R000209,C025,S01,209,209,31.3,39.5,12.4,1.0,measurement_group_1,measurement_status_1,1.0,MEAS_UNIT_000209,0,4,2,3,4,3,1,17,31.3,31.3,12.4,0.0,0.0,0.2588190451025207,0.9659258262890684,0.0,18.9,0,1,3,39.43012708720047,measured,cold,S01_C025,31.3,12.4,1.0,39.5,39.43012708720047,0.06987291279953212,20260903,fixed_outer_fold_20260903
MEAS_R000210,C025,S01,210,210,30.0,39.4,8.4,21.0,measurement_group_1,measurement_status_1,1.0,MEAS_UNIT_000210,0,1,4,1,1,2,15,17,31.1,30.9,11.3,-1.1000000000000014,-2.9000000000000004,-0.7071067811865477,0.7071067811865474,0.0,21.6,0,1,2,39.429590242545935,measured,cold,S01_C025,30.0,8.4,21.0,39.4,39.429590242545935,-0.029590242545936007,20260903,fixed_outer_fold_20260903
MEAS_R000211,C010,S01,211,211,35.0,38.7,28.5,2.0,measurement_group_1,measurement_status_1,1.0,MEAS_UNIT_000211,1,1,4,2,1,4,1,4,35.0,35.0,28.5,0.0,0.0,0.4999999999999999,0.8660254037844387,0.6176470588235294,6.5,0,1,4,38.71129215612515,measured,moderate,S01_C010,35.0,28.5,2.0,38.7,38.71129215612515,-0.011292156125144004,20260903,fixed_outer_fold_20260903
MEAS_R000212,C010,S01,212,212,37.5,38.6,32.6,14.0,measurement_group_1,measurement_status_1,1.0,MEAS_UNIT_000212,2,3,1,4,1,2,3,4,39.0,37.8,34.2,-1.5,-1.6000000000000014,-0.4999999999999997,-0.8660254037844388,0.8588235294117648,4.899999999999999,1,0,2,38.61685309005748,measured,hot,S01_C010,37.5,32.6,14.0,38.6,38.61685309005748,-0.016853090057480813,20260903,fixed_outer_fold_20260903
MEAS_R000213,C010,S01,213,213,37.8,38.7,34.3,13.0,measurement_group_1,measurement_status_1,1.0,MEAS_UNIT_000213,4,2,5,1,4,2,3,4,39.6,38.4,36.7,-1.8000000000000045,-2.4000000000000057,-0.2588190451025208,-0.9659258262890684,0.9588235294117644,3.5,1,0,2,38.68518582275208,measured,hot,S01_C010,37.8,34.3,13.0,38.7,38.68518582275208,0.014814177247920668,20260903,fixed_outer_fold_20260903
MEAS_R000214,C010,S01,214,214,35.5,38.6,31.2,14.0,measurement_group_1,measurement_status_1,1.0,MEAS_UNIT_000214,2,4,3,2,2,2,4,4,37.5,39.0,32.6,-2.0,-1.400000000000002,-0.4999999999999997,-0.8660254037844388,0.776470588235294,4.300000000000001,1,0,2,38.61456505356298,measured,hot,S01_C010,35.5,31.2,14.0,38.6,38.61456505356298,-0.01456505356297555,20260903,fixed_outer_fold_20260903
MEAS_R000215,C010,S01,215,215,38.4,38.7,33.8,11.0,measurement_group_1,measurement_status_1,1.0,MEAS_UNIT_000215,4,1,5,4,3,1,1,4,38.4,38.4,33.8,0.0,0.0,0.258819045102521,-0.9659258262890682,0.9294117647058822,4.600000000000001,1,0,1,38.71642775389202,measured,hot,S01_C010,38.4,33.8,11.0,38.7,38.71642775389202,-0.01642775389201745,20260903,fixed_outer_fold_20260903
MEAS_R000216,C010,S01,216,216,37.8,38.6,33.0,12.0,measurement_group_1,measurement_status_1,1.0,MEAS_UNIT_000216,2,3,2,3,5,4,1,4,37.8,37.8,33.0,0.0,0.0,1.2246467991473532e-16,-1.0,0.8823529411764706,4.799999999999997,1,0,4,38.58329894558052,measured,hot,S01_C010,37.8,33.0,12.0,38.6,38.58329894558052,0.016701054419478112,20260903,fixed_outer_fold_20260903
MEAS_R000217,C010,S01,217,217,39.6,38.7,36.7,12.0,measurement_group_1,measurement_status_1,1.0,MEAS_UNIT_000217,4,3,1,2,3,5,2,4,38.4,38.4,33.8,1.2000000000000028,2.9000000000000057,1.2246467991473532e-16,-1.0,1.0,2.8999999999999986,1,0,5,38.66062743685136,measured,hot,S01_C010,39.6,36.7,12.0,38.7,38.66062743685136,0.03937256314864612,20260903,fixed_outer_fold_20260903
MEAS_R000218,C010,S01,218,218,39.0,38.6,34.2,12.0,measurement_group_1,measurement_status_1,1.0,MEAS_UNIT_000218,2,5,2,3,2,1,2,4,37.8,37.8,33.0,1.2000000000000028,1.2000000000000028,1.2246467991473532e-16,-1.0,0.9529411764705884,4.799999999999997,1,0,1,38.62124843452951,measured,hot,S01_C010,39.0,34.2,12.0,38.6,38.62124843452951,-0.021248434529510973,20260903,fixed_outer_fold_20260903
MEAS_R000219,C010,S01,219,219,38.5,38.7,37.4,18.0,measurement_group_1,measurement_status_1,1.0,MEAS_UNIT_000219,4,3,3,4,3,1,4,4,37.8,39.6,34.3,0.7000000000000028,3.1000000000000014,-1.0,-1.8369701987210294e-16,1.0,1.1000000000000014,1,0,1,38.72460312297944,measured,hot,S01_C010,38.5,37.4,18.0,38.7,38.72460312297944,-0.024603122979435454,20260903,fixed_outer_fold_20260903
MEAS_R000220,C010,S01,220,220,38.0,38.6,32.9,20.0,measurement_group_1,measurement_status_1,1.0,MEAS_UNIT_000220,5,2,2,2,2,1,4,4,35.9,37.2,32.6,2.1000000000000014,0.2999999999999971,-0.8660254037844386,0.5000000000000001,0.876470588235294,5.100000000000001,1,1,1,38.63486469644613,measured,hot,S01_C010,38.0,32.9,20.0,38.6,38.63486469644613,-0.03486469644612811,20260903,fixed_outer_fold_20260903
MEAS_R000221,C010,S01,221,221,37.2,38.6,33.7,18.0,measurement_group_1,measurement_status_1,1.0,MEAS_UNIT_000221,5,4,5,3,1,2,2,4,37.3,37.3,32.3,-0.0999999999999943,1.4000000000000057,-1.0,-1.8369701987210294e-16,0.923529411764706,3.5,1,0,2,38.626892402573056,measured,hot,S01_C010,37.2,33.7,18.0,38.6,38.626892402573056,-0.02689240257305414,20260903,fixed_outer_fold_20260903
MEAS_R000222,C010,S01,222,222,37.3,38.6,32.3,17.0,measurement_group_1,measurement_status_1,1.0,MEAS_UNIT_000222,5,5,1,1,5,4,1,4,37.3,37.3,32.3,0.0,0.0,-0.9659258262890684,-0.2588190451025206,0.8411764705882351,5.0,1,0,4,38.59339989345345,measured,hot,S01_C010,37.3,32.3,17.0,38.6,38.59339989345345,0.006600106546549966,20260903,fixed_outer_fold_20260903
MEAS_R000223,C010,S01,223,223,37.3,38.7,31.9,20.0,measurement_group_1,measurement_status_1,1.0,MEAS_UNIT_000223,1,2,4,5,4,5,2,4,35.0,35.0,28.5,2.299999999999997,3.3999999999999986,-0.8660254037844386,0.5000000000000001,0.8176470588235293,5.399999999999999,1,1,5,38.700274612096656,measured,hot,S01_C010,37.3,31.9,20.0,38.7,38.700274612096656,-0.0002746120966534704,20260903,fixed_outer_fold_20260903
MEAS_R000224,C010,S01,224,224,38.7,38.7,32.6,22.0,measurement_group_1,measurement_status_1,1.0,MEAS_UNIT_000224,3,2,3,3,3,5,2,2,36.2,36.2,31.3,2.5,1.3000000000000007,-0.5000000000000004,0.8660254037844384,0.8588235294117648,6.100000000000001,1,1,5,38.80795013131461,measured,hot,S01_C010,38.7,32.6,22.0,38.7,38.80795013131461,-0.10795013131460962,20260903,fixed_outer_fold_20260903
MEAS_R000225,C019,S01,225,225,31.5,39.5,25.1,23.0,measurement_group_1,measurement_status_1,1.0,MEAS_UNIT_000225,1,4,5,3,1,4,6,7,35.4,34.4,30.8,-3.899999999999999,-5.699999999999999,-0.2588190451025215,0.965925826289068,0.4176470588235295,6.399999999999999,0,1,4,39.48919701806804,measured,moderate,S01_C019,31.5,25.1,23.0,39.5,39.48919701806804,0.010802981931959721,20260903,fixed_outer_fold_20260903
MEAS_R000226,C019,S01,226,226,36.8,39.5,31.0,14.0,measurement_group_1,measurement_status_1,1.0,MEAS_UNIT_000226,4,1,1,1,4,1,1,4,36.8,36.8,31.0,0.0,0.0,-0.4999999999999997,-0.8660254037844388,0.7647058823529411,5.799999999999997,1,0,1,39.54331326488652,measured,hot,S01_C019,36.8,31.0,14.0,39.5,39.54331326488652,-0.0433132648865211,20260903,fixed_outer_fold_20260903
MEAS_R000227,C019,S01,227,227,36.8,39.4,36.9,17.0,measurement_group_1,measurement_status_1,1.0,MEAS_UNIT_000227,2,5,4,4,5,3,2,2,36.2,36.2,36.9,0.5999999999999943,0.0,-0.9659258262890684,-0.2588190451025206,1.0,-0.1000000000000014,1,0,3,39.35387553932433,measured,hot,S01_C019,36.8,36.9,17.0,39.4,39.35387553932433,0.046124460675670775,20260903,fixed_outer_fold_20260903
MEAS_R000228,C019,S01,228,228,38.9,39.5,41.3,14.0,measurement_group_1,measurement_status_1,1.0,MEAS_UNIT_000228,4,4,3,2,4,4,2,4,36.8,36.8,31.0,2.1000000000000014,10.299999999999995,-0.4999999999999997,-0.8660254037844388,1.0,-2.3999999999999986,1,0,4,39.48700013241723,measured,hot,S01_C019,38.9,41.3,14.0,39.5,39.48700013241723,0.012999867582770719,20260903,fixed_outer_fold_20260903
MEAS_R000229,C019,S01,229,229,35.4,39.4,34.3,16.0,measurement_group_1,measurement_status_1,1.0,MEAS_UNIT_000229,3,3,2,1,1,3,1,2,35.4,35.4,34.3,0.0,0.0,-0.8660254037844385,-0.5000000000000004,0.9588235294117644,1.1000000000000014,1,0,3,39.4134359693217,measured,hot,S01_C019,35.4,34.3,16.0,39.4,39.4134359693217,-0.013435969321697883,20260903,fixed_outer_fold_20260903
MEAS_R000230,C019,S01,230,230,35.7,39.5,34.8,19.0,measurement_group_1,measurement_status_1,1.0,MEAS_UNIT_000230,1,1,5,5,3,2,3,7,35.6,34.1,31.1,0.1000000000000014,3.699999999999996,-0.9659258262890684,0.2588190451025203,0.9882352941176468,0.9000000000000057,1,0,2,39.47003891487168,measured,hot,S01_C019,35.7,34.8,19.0,39.5,39.47003891487168,0.02996108512832052,20260903,fixed_outer_fold_20260903
MEAS_R000231,C019,S01,231,231,37.1,39.6,30.5,0.0,measurement_group_1,measurement_status_1,1.0,MEAS_UNIT_000231,5,3,3,4,1,3,1,2,37.1,37.1,30.5,0.0,0.0,0.0,1.0,0.7352941176470589,6.600000000000001,1,1,3,39.50504225568026,measured,hot,S01_C019,37.1,30.5,0.0,39.6,39.50504225568026,0.09495774431974269,20260903,fixed_outer_fold_20260903
MEAS_R000232,C019,S01,232,232,34.1,39.5,25.0,0.0,measurement_group_1,measurement_status_1,1.0,MEAS_UNIT_000232,1,4,1,4,5,5,1,7,34.1,34.1,25.0,0.0,0.0,0.0,1.0,0.4117647058823529,9.1,0,1,5,39.51854763624794,measured,moderate,S01_C019,34.1,25.0,0.0,39.5,39.51854763624794,-0.01854763624793776,20260903,fixed_outer_fold_20260903
MEAS_R000233,C019,S01,233,233,35.6,39.5,31.1,2.0,measurement_group_1,measurement_status_1,1.0,MEAS_UNIT_000233,1,1,4,1,5,1,2,7,34.1,34.1,25.0,1.5,6.100000000000001,0.4999999999999999,0.8660254037844387,0.7705882352941177,4.5,1,1,1,39.49590024016202,measured,hot,S01_C019,35.6,31.1,2.0,39.5,39.49590024016202,0.004099759837977501,20260903,fixed_outer_fold_20260903
MEAS_R000234,C019,S01,234,234,31.6,39.5,21.1,23.0,measurement_group_1,measurement_status_1,1.0,MEAS_UNIT_000234,1,2,5,5,2,2,7,7,31.5,35.4,25.1,0.1000000000000014,-4.0,-0.2588190451025215,0.965925826289068,0.1823529411764706,10.5,0,1,2,39.53525280208324,measured,moderate,S01_C019,31.6,21.1,23.0,39.5,39.53525280208324,-0.03525280208324233,20260903,fixed_outer_fold_20260903
MEAS_R000235,C019,S01,235,235,35.4,39.5,34.0,16.0,measurement_group_1,measurement_status_1,1.0,MEAS_UNIT_000235,4,5,1,5,2,5,3,4,38.9,36.8,41.3,-3.5,-7.299999999999997,-0.8660254037844385,-0.5000000000000004,0.9411764705882352,1.3999999999999986,1,0,5,39.47514554228916,measured,hot,S01_C019,35.4,34.0,16.0,39.5,39.47514554228916,0.024854457710837607,20260903,fixed_outer_fold_20260903
MEAS_R000236,C019,S01,236,236,36.2,39.4,36.9,11.0,measurement_group_1,measurement_status_1,1.0,MEAS_UNIT_000236,2,2,2,2,2,1,1,2,36.2,36.2,36.9,0.0,0.0,0.258819045102521,-0.9659258262890682,1.0,-0.6999999999999957,1,0,1,39.39986146049143,measured,hot,S01_C019,36.2,36.9,11.0,39.4,39.39986146049143,0.00013853950856912434,20260903,fixed_outer_fold_20260903
MEAS_R000237,C019,S01,237,237,39.7,39.5,36.3,16.0,measurement_group_1,measurement_status_1,1.0,MEAS_UNIT_000237,4,5,3,3,4,2,4,4,35.4,38.9,34.0,4.300000000000004,2.299999999999997,-0.8660254037844385,-0.5000000000000004,1.0,3.4000000000000057,1,0,2,39.48610243160319,measured,hot,S01_C019,39.7,36.3,16.0,39.5,39.48610243160319,0.013897568396807003,20260903,fixed_outer_fold_20260903
MEAS_R000238,C005,S01,238,238,29.7,37.8,26.0,3.0,measurement_group_1,measurement_status_1,1.0,MEAS_UNIT_000238,1,3,3,2,5,2,4,6,32.4,31.1,27.2,-2.6999999999999997,-1.1999999999999993,0.7071067811865476,0.7071067811865476,0.4705882352941176,3.6999999999999993,0,1,2,37.83745030490542,measured,moderate,S01_C005,29.7,26.0,3.0,37.8,37.83745030490542,-0.037450304905419785,20260903,fixed_outer_fold_20260903
MEAS_R000239,C005,S01,239,239,34.1,37.8,33.9,11.0,measurement_group_1,measurement_status_1,1.0,MEAS_UNIT_000239,2,5,2,2,2,1,1,5,34.1,34.1,33.9,0.0,0.0,0.258819045102521,-0.9659258262890682,0.9352941176470588,0.2000000000000028,1,0,1,37.77288207020169,measured,hot,S01_C005,34.1,33.9,11.0,37.8,37.77288207020169,0.027117929798308182,20260903,fixed_outer_fold_20260903
MEAS_R000240,C005,S01,240,240,35.4,37.9,31.0,12.0,measurement_group_1,measurement_status_1,1.0,MEAS_UNIT_000240,4,4,5,3,3,3,1,3,35.4,35.4,31.0,0.0,0.0,1.2246467991473532e-16,-1.0,0.7647058823529411,4.399999999999999,1,0,3,37.97655538897055,measured,hot,S01_C005,35.4,31.0,12.0,37.9,37.97655538897055,-0.07655538897055436,20260903,fixed_outer_fold_20260903
MEAS_R000241,C005,S01,241,241,36.0,37.8,31.3,15.0,measurement_group_1,measurement_status_1,1.0,MEAS_UNIT_000241,2,4,1,1,3,5,3,5,39.1,34.1,35.0,-3.1000000000000014,-3.6999999999999993,-0.7071067811865471,-0.7071067811865479,0.7823529411764706,4.699999999999999,1,0,5,37.756787894907966,measured,hot,S01_C005,36.0,31.3,15.0,37.8,37.756787894907966,0.04321210509203155,20260903,fixed_outer_fold_20260903
MEAS_R000242,C005,S01,242,242,38.4,37.9,33.6,18.0,measurement_group_1,measurement_status_1,1.0,MEAS_UNIT_000242,4,2,1,3,1,1,3,3,36.5,35.4,34.0,1.8999999999999984,-0.3999999999999986,-1.0,-1.8369701987210294e-16,0.9176470588235296,4.799999999999997,1,0,1,37.91028845096068,measured,hot,S01_C005,38.4,33.6,18.0,37.9,37.91028845096068,-0.01028845096067954,20260903,fixed_outer_fold_20260903
MEAS_R000243,C005,S01,243,243,39.1,37.8,35.0,14.0,measurement_group_1,measurement_status_1,1.0,MEAS_UNIT_000243,2,1,2,4,2,3,2,5,34.1,34.1,33.9,5.0,1.1000000000000014,-0.4999999999999997,-0.8660254037844388,1.0,4.100000000000001,1,0,3,37.793885455406986,measured,hot,S01_C005,39.1,35.0,14.0,37.8,37.793885455406986,0.006114544593010862,20260903,fixed_outer_fold_20260903
MEAS_R000244,C005,S01,244,244,34.3,38.2,33.6,21.0,measurement_group_1,measurement_status_1,1.0,MEAS_UNIT_000244,3,3,4,3,1,2,2,2,34.6,34.6,31.0,-0.3000000000000042,2.6000000000000014,-0.7071067811865477,0.7071067811865474,0.9176470588235296,0.6999999999999957,1,1,2,38.17413049845899,measured,hot,S01_C005,34.3,33.6,21.0,38.2,38.17413049845899,0.025869501541009754,20260903,fixed_outer_fold_20260903
MEAS_R000245,C005,S01,245,245,36.8,38.0,31.9,17.0,measurement_group_1,measurement_status_1,1.0,MEAS_UNIT_000245,5,1,1,5,4,5,2,2,34.1,34.1,32.1,2.699999999999996,-0.2000000000000028,-0.9659258262890684,-0.2588190451025206,0.8176470588235293,4.899999999999999,1,0,5,37.98435769686238,measured,hot,S01_C005,36.8,31.9,17.0,38.0,37.98435769686238,0.01564230313761783,20260903,fixed_outer_fold_20260903
MEAS_R000246,C005,S01,246,246,35.4,37.8,29.3,20.0,measurement_group_1,measurement_status_1,1.0,MEAS_UNIT_000246,1,3,2,1,4,4,5,6,29.7,32.4,26.0,5.699999999999999,3.3000000000000007,-0.8660254037844386,0.5000000000000001,0.6647058823529413,6.099999999999998,0,1,4,37.81683309037978,measured,moderate,S01_C005,35.4,29.3,20.0,37.8,37.81683309037978,-0.016833090379783755,20260903,fixed_outer_fold_20260903
MEAS_R000247,C005,S01,247,247,34.6,38.2,31.0,19.0,measurement_group_1,measurement_status_1,1.0,MEAS_UNIT_000247,3,1,1,3,1,4,1,2,34.6,34.6,31.0,0.0,0.0,-0.9659258262890684,0.2588190451025203,0.7647058823529411,3.6000000000000014,1,0,4,38.206834035636994,measured,hot,S01_C005,34.6,31.0,19.0,38.2,38.206834035636994,-0.006834035636991587,20260903,fixed_outer_fold_20260903
MEAS_R000248,C005,S01,248,248,33.6,37.8,31.4,21.0,measurement_group_1,measurement_status_1,1.0,MEAS_UNIT_000248,1,2,4,1,5,2,6,6,35.4,29.7,29.3,-1.7999999999999972,2.099999999999998,-0.7071067811865477,0.7071067811865474,0.7882352941176469,2.200000000000003,1,1,2,37.84135760520646,measured,hot,S01_C005,33.6,31.4,21.0,37.8,37.84135760520646,-0.04135760520646414,20260903,fixed_outer_fold_20260903
MEAS_R000249,C005,S01,249,249,34.1,38.0,32.1,1.0,measurement_group_1,measurement_status_1,1.0,MEAS_UNIT_000249,5,2,3,1,2,1,1,2,34.1,34.1,32.1,0.0,0.0,0.2588190451025207,0.9659258262890684,0.8294117647058824,2.0,1,1,1,38.06387433181917,measured,hot,S01_C005,34.1,32.1,1.0,38.0,38.06387433181917,-0.06387433181917146,20260903,fixed_outer_fold_20260903
MEAS_R000250,C005,S01,250,250,34.0,37.8,27.5,0.0,measurement_group_1,measurement_status_1,1.0,MEAS_UNIT_000250,1,4,2,4,4,3,1,6,34.0,34.0,27.5,0.0,0.0,0.0,1.0,0.5588235294117647,6.5,0,1,3,37.82035073485833,measured,moderate,S01_C005,34.0,27.5,0.0,37.8,37.82035073485833,-0.02035073485833294,20260903,fixed_outer_fold_20260903
MEAS_R000251,C005,S01,251,251,32.4,37.8,27.2,1.0,measurement_group_1,measurement_status_1,1.0,MEAS_UNIT_000251,1,3,5,2,3,3,3,6,31.1,34.0,21.0,1.2999999999999972,6.199999999999999,0.2588190451025207,0.9659258262890684,0.5411764705882353,5.199999999999999,0,1,3,37.89474353643929,measured,moderate,S01_C005,32.4,27.2,1.0,37.8,37.89474353643929,-0.0947435364392959,20260903,fixed_outer_fold_20260903
MEAS_R000252,C017,S01,252,252,34.4,40.1,30.1,1.0,measurement_group_1,measurement_status_1,1.0,MEAS_UNIT_000252,1,2,5,5,5,2,1,4,34.4,34.4,30.1,0.0,0.0,0.2588190451025207,0.9659258262890684,0.7117647058823531,4.299999999999997,1,1,2,39.83596868015205,measured,hot,S01_C017,34.4,30.1,1.0,40.1,39.83596868015205,0.2640313198479518,20260903,fixed_outer_fold_20260903
MEAS_R000253,C017,S01,253,253,31.5,38.9,30.0,12.0,measurement_group_1,measurement_status_1,1.0,MEAS_UNIT_000253,2,2,3,5,2,4,1,3,31.5,31.5,30.0,0.0,0.0,1.2246467991473532e-16,-1.0,0.7058823529411765,1.5,1,0,4,39.09062056424969,measured,hot,S01_C017,31.5,30.0,12.0,38.9,39.09062056424969,-0.19062056424969143,20260903,fixed_outer_fold_20260903
MEAS_R000254,C017,S01,254,254,38.1,39.4,37.8,13.0,measurement_group_1,measurement_status_1,1.0,MEAS_UNIT_000254,4,1,1,3,1,5,1,3,38.1,38.1,37.8,0.0,0.0,-0.2588190451025208,-0.9659258262890684,1.0,0.3000000000000042,1,0,5,39.21184438988704,measured,hot,S01_C017,38.1,37.8,13.0,39.4,39.21184438988704,0.18815561011295756,20260903,fixed_outer_fold_20260903
MEAS_R000255,C017,S01,255,255,36.1,39.2,33.9,14.0,measurement_group_1,measurement_status_1,1.0,MEAS_UNIT_000255,2,1,2,1,4,5,2,3,31.5,31.5,30.0,4.600000000000001,3.899999999999999,-0.4999999999999997,-0.8660254037844388,0.9352941176470588,2.200000000000003,1,0,5,38.99603034070693,measured,hot,S01_C017,36.1,33.9,14.0,39.2,38.99603034070693,0.20396965929307243,20260903,fixed_outer_fold_20260903
MEAS_R000256,C017,S01,256,256,38.2,39.0,37.7,15.0,measurement_group_1,measurement_status_1,1.0,MEAS_UNIT_000256,4,5,5,2,1,3,2,3,38.1,38.1,37.8,0.1000000000000014,-0.0999999999999943,-0.7071067811865471,-0.7071067811865479,1.0,0.5,1,0,3,39.38709012232125,measured,hot,S01_C017,38.2,37.7,15.0,39.0,39.38709012232125,-0.38709012232124707,20260903,fixed_outer_fold_20260903
MEAS_R000257,C017,S01,257,257,36.6,39.3,34.5,18.0,measurement_group_1,measurement_status_1,1.0,MEAS_UNIT_000257,5,4,5,5,5,1,1,4,36.6,36.6,34.5,0.0,0.0,-1.0,-1.8369701987210294e-16,0.9705882352941176,2.1000000000000014,1,0,1,39.46125955277999,measured,hot,S01_C017,36.6,34.5,18.0,39.3,39.46125955277999,-0.16125955277999537,20260903,fixed_outer_fold_20260903
MEAS_R000258,C017,S01,258,258,35.9,39.1,33.0,19.0,measurement_group_1,measurement_status_1,1.0,MEAS_UNIT_000258,3,4,1,4,2,5,1,4,35.9,35.9,33.0,0.0,0.0,-0.9659258262890684,0.2588190451025203,0.8823529411764706,2.8999999999999986,1,0,5,39.44095916340478,measured,hot,S01_C017,35.9,33.0,19.0,39.1,39.44095916340478,-0.3409591634047757,20260903,fixed_outer_fold_20260903
MEAS_R000259,C017,S01,259,259,36.7,39.6,34.5,19.0,measurement_group_1,measurement_status_1,1.0,MEAS_UNIT_000259,5,2,4,1,2,2,2,4,36.6,36.6,34.5,0.1000000000000014,0.0,-0.9659258262890684,0.2588190451025203,0.9705882352941176,2.200000000000003,1,0,2,39.31162818129387,measured,hot,S01_C017,36.7,34.5,19.0,39.6,39.31162818129387,0.28837181870613193,20260903,fixed_outer_fold_20260903
MEAS_R000260,C017,S01,260,260,36.7,39.4,34.4,20.0,measurement_group_1,measurement_status_1,1.0,MEAS_UNIT_000260,5,3,1,4,3,1,3,4,36.7,36.6,34.5,0.0,-0.1000000000000014,-0.8660254037844386,0.5000000000000001,0.9647058823529412,2.3000000000000043,1,1,1,39.469642713369936,measured,hot,S01_C017,36.7,34.4,20.0,39.4,39.469642713369936,-0.06964271336993733,20260903,fixed_outer_fold_20260903
MEAS_R000261,C017,S01,261,261,35.5,39.9,33.1,21.0,measurement_group_1,measurement_status_1,1.0,MEAS_UNIT_000261,1,2,4,4,3,4,2,4,34.4,34.4,30.1,1.1000000000000014,3.0,-0.7071067811865477,0.7071067811865474,0.8882352941176471,2.3999999999999986,1,1,4,39.93882297635368,measured,hot,S01_C017,35.5,33.1,21.0,39.9,39.93882297635368,-0.038822976353678484,20260903,fixed_outer_fold_20260903
MEAS_R000262,C017,S01,262,262,36.0,39.3,32.9,21.0,measurement_group_1,measurement_status_1,1.0,MEAS_UNIT_000262,5,5,3,3,3,4,4,4,36.7,36.7,34.4,-0.7000000000000028,-1.5,-0.7071067811865477,0.7071067811865474,0.876470588235294,3.1000000000000014,1,1,4,39.42148655170498,measured,hot,S01_C017,36.0,32.9,21.0,39.3,39.42148655170498,-0.12148655170498301,20260903,fixed_outer_fold_20260903
MEAS_R000263,C017,S01,263,263,36.6,39.4,33.9,21.0,measurement_group_1,measurement_status_1,1.0,MEAS_UNIT_000263,3,1,2,1,1,3,2,4,35.9,35.9,33.0,0.7000000000000028,0.8999999999999986,-0.7071067811865477,0.7071067811865474,0.9352941176470588,2.700000000000003,1,1,3,39.32658464495883,measured,hot,S01_C017,36.6,33.9,21.0,39.4,39.32658464495883,0.07341535504117047,20260903,fixed_outer_fold_20260903
MEAS_R000264,C017,S01,264,264,35.3,40.0,32.3,22.0,measurement_group_1,measurement_status_1,1.0,MEAS_UNIT_000264,1,4,3,2,4,1,3,4,35.5,34.4,33.1,-0.2000000000000028,-0.8000000000000043,-0.5000000000000004,0.8660254037844384,0.8411764705882351,3.0,1,1,1,40.04327747634984,measured,hot,S01_C017,35.3,32.3,22.0,40.0,40.04327747634984,-0.043277476349842914,20260903,fixed_outer_fold_20260903
MEAS_R000265,C017,S01,265,265,36.2,39.5,32.9,22.0,measurement_group_1,measurement_status_1,1.0,MEAS_UNIT_000265,3,3,2,2,4,2,3,4,36.6,35.9,33.9,-0.3999999999999986,-1.0,-0.5000000000000004,0.8660254037844384,0.876470588235294,3.3000000000000043,1,1,2,39.34332048287218,measured,hot,S01_C017,36.2,32.9,22.0,39.5,39.34332048287218,0.15667951712782013,20260903,fixed_outer_fold_20260903
MEAS_R000266,C017,S01,266,266,34.8,39.8,31.4,23.0,measurement_group_1,measurement_status_1,1.0,MEAS_UNIT_000266,1,3,4,3,5,1,4,4,35.3,35.5,32.3,-0.5,-0.8999999999999986,-0.2588190451025215,0.965925826289068,0.7882352941176469,3.3999999999999986,1,1,1,40.01896926268773,measured,hot,S01_C017,34.8,31.4,23.0,39.8,40.01896926268773,-0.21896926268773598,20260903,fixed_outer_fold_20260903
MEAS_R000267,C017,S01,267,267,35.7,39.4,31.9,23.0,measurement_group_1,measurement_status_1,1.0,MEAS_UNIT_000267,3,5,1,1,1,3,4,4,36.2,36.6,32.9,-0.5,-1.0,-0.2588190451025215,0.965925826289068,0.8176470588235293,3.800000000000004,1,1,3,39.32019068740244,measured,hot,S01_C017,35.7,31.9,23.0,39.4,39.32019068740244,0.07980931259756119,20260903,fixed_outer_fold_20260903
MEAS_R000268,C020,S01,268,268,32.0,39.6,27.4,1.0,measurement_group_1,measurement_status_1,1.0,MEAS_UNIT_000268,1,5,5,4,3,5,1,5,32.0,32.0,27.4,0.0,0.0,0.2588190451025207,0.9659258262890684,0.5529411764705882,4.600000000000001,0,1,5,39.57481237123374,measured,moderate,S01_C020,32.0,27.4,1.0,39.6,39.57481237123374,0.025187628766261128,20260903,fixed_outer_fold_20260903
MEAS_R000269,C020,S01,269,269,35.9,38.6,33.4,12.0,measurement_group_1,measurement_status_1,1.0,MEAS_UNIT_000269,2,3,4,4,4,2,1,2,35.9,35.9,33.4,0.0,0.0,1.2246467991473532e-16,-1.0,0.9058823529411764,2.5,1,0,2,38.92745467596239,measured,hot,S01_C020,35.9,33.4,12.0,38.6,38.92745467596239,-0.327454675962386,20260903,fixed_outer_fold_20260903
MEAS_R000270,C020,S01,270,270,35.8,39.2,34.1,13.0,measurement_group_1,measurement_status_1,1.0,MEAS_UNIT_000270,4,4,1,1,5,2,1,3,35.8,35.8,34.1,0.0,0.0,-0.2588190451025208,-0.9659258262890684,0.9470588235294118,1.6999999999999955,1,0,2,39.118529811249104,measured,hot,S01_C020,35.8,34.1,13.0,39.2,39.118529811249104,0.08147018875089884,20260903,fixed_outer_fold_20260903
MEAS_R000271,C020,S01,271,271,36.2,38.8,33.7,13.0,measurement_group_1,measurement_status_1,1.0,MEAS_UNIT_000271,2,2,2,1,4,1,2,2,35.9,35.9,33.4,0.3000000000000042,0.3000000000000042,-0.2588190451025208,-0.9659258262890684,0.923529411764706,2.5,1,0,1,38.58538493345628,measured,hot,S01_C020,36.2,33.7,13.0,38.8,38.58538493345628,0.21461506654371476,20260903,fixed_outer_fold_20260903
MEAS_R000272,C020,S01,272,272,37.7,39.1,36.9,14.0,measurement_group_1,measurement_status_1,1.0,MEAS_UNIT_000272,4,1,5,2,2,3,2,3,35.8,35.8,34.1,1.9000000000000057,2.799999999999997,-0.4999999999999997,-0.8660254037844388,1.0,0.8000000000000043,1,0,3,39.17647115000765,measured,hot,S01_C020,37.7,36.9,14.0,39.1,39.17647115000765,-0.0764711500076487,20260903,fixed_outer_fold_20260903
MEAS_R000273,C020,S01,273,273,36.6,39.1,35.0,15.0,measurement_group_1,measurement_status_1,1.0,MEAS_UNIT_000273,4,4,2,3,5,4,3,3,37.7,35.8,36.9,-1.1000000000000014,-1.8999999999999984,-0.7071067811865471,-0.7071067811865479,1.0,1.6000000000000014,1,0,4,39.16318445574588,measured,hot,S01_C020,36.6,35.0,15.0,39.1,39.16318445574588,-0.06318445574587628,20260903,fixed_outer_fold_20260903
MEAS_R000274,C020,S01,274,274,37.0,39.5,35.5,19.0,measurement_group_1,measurement_status_1,1.0,MEAS_UNIT_000274,5,2,1,5,1,1,1,3,37.0,37.0,35.5,0.0,0.0,-0.9659258262890684,0.2588190451025203,1.0,1.5,1,0,1,39.48193516049293,measured,hot,S01_C020,37.0,35.5,19.0,39.5,39.48193516049293,0.018064839507069053,20260903,fixed_outer_fold_20260903
MEAS_R000275,C020,S01,275,275,37.1,40.2,35.5,19.0,measurement_group_1,measurement_status_1,1.0,MEAS_UNIT_000275,3,1,1,5,2,4,1,5,37.1,37.1,35.5,0.0,0.0,-0.9659258262890684,0.2588190451025203,1.0,1.6000000000000014,1,0,4,40.209627079224205,measured,hot,S01_C020,37.1,35.5,19.0,40.2,40.209627079224205,-0.009627079224202362,20260903,fixed_outer_fold_20260903
MEAS_R000276,C020,S01,276,276,38.2,39.5,37.8,20.0,measurement_group_1,measurement_status_1,1.0,MEAS_UNIT_000276,5,3,4,2,1,2,2,3,37.0,37.0,35.5,1.2000000000000028,2.299999999999997,-0.8660254037844386,0.5000000000000001,1.0,0.4000000000000057,1,1,2,39.21934448190156,measured,hot,S01_C020,38.2,37.8,20.0,39.5,39.21934448190156,0.2806555180984418,20260903,fixed_outer_fold_20260903
MEAS_R000277,C020,S01,277,277,35.0,39.6,33.2,21.0,measurement_group_1,measurement_status_1,1.0,MEAS_UNIT_000277,1,4,2,3,3,4,3,5,32.8,32.0,33.3,2.200000000000003,-0.0999999999999943,-0.7071067811865477,0.7071067811865474,0.8941176470588237,1.7999999999999972,1,1,4,39.54838005014636,measured,hot,S01_C020,35.0,33.2,21.0,39.6,39.54838005014636,0.05161994985363805,20260903,fixed_outer_fold_20260903
MEAS_R000278,C020,S01,278,278,36.6,38.6,34.3,21.0,measurement_group_1,measurement_status_1,1.0,MEAS_UNIT_000278,5,5,3,3,1,1,3,3,38.2,37.0,37.8,-1.6000000000000014,-3.5,-0.7071067811865477,0.7071067811865474,0.9588235294117644,2.3000000000000043,1,1,1,39.46569270003582,measured,hot,S01_C020,36.6,34.3,21.0,38.6,39.46569270003582,-0.8656927000358152,20260903,fixed_outer_fold_20260903
MEAS_R000279,C020,S01,279,279,37.3,40.4,35.6,21.0,measurement_group_1,measurement_status_1,1.0,MEAS_UNIT_000279,3,1,5,2,3,5,2,5,37.1,37.1,35.5,0.1999999999999957,0.1000000000000014,-0.7071067811865477,0.7071067811865474,1.0,1.6999999999999955,1,1,5,40.093396778529005,measured,hot,S01_C020,37.3,35.6,21.0,40.4,40.093396778529005,0.3066032214709935,20260903,fixed_outer_fold_20260903
MEAS_R000280,C020,S01,280,280,34.5,39.5,32.1,22.0,measurement_group_1,measurement_status_1,1.0,MEAS_UNIT_000280,1,3,1,5,5,3,4,5,35.0,32.8,33.2,-0.5,-1.1000000000000014,-0.5000000000000004,0.8660254037844384,0.8294117647058824,2.3999999999999986,1,1,3,39.61333554561248,measured,hot,S01_C020,34.5,32.1,22.0,39.5,39.61333554561248,-0.11333554561247894,20260903,fixed_outer_fold_20260903
MEAS_R000281,C020,S01,281,281,37.0,40.2,35.2,22.0,measurement_group_1,measurement_status_1,1.0,MEAS_UNIT_000281,3,5,3,1,2,1,4,5,38.4,37.3,32.0,-1.3999999999999986,3.200000000000003,-0.5000000000000004,0.8660254037844384,1.0,1.7999999999999972,1,1,1,40.25302993430217,measured,hot,S01_C020,37.0,35.2,22.0,40.2,40.25302993430217,-0.05302993430216674,20260903,fixed_outer_fold_20260903
MEAS_R000282,C020,S01,282,282,33.9,39.5,30.9,23.0,measurement_group_1,measurement_status_1,1.0,MEAS_UNIT_000282,1,2,3,1,1,3,5,5,34.5,35.0,32.1,-0.6000000000000014,-1.2000000000000028,-0.2588190451025215,0.965925826289068,0.7588235294117647,3.0,1,1,3,39.61900071652375,measured,hot,S01_C020,33.9,30.9,23.0,39.5,39.61900071652375,-0.11900071652375033,20260903,fixed_outer_fold_20260903
MEAS_R000283,C020,S01,283,283,36.2,40.2,33.9,23.0,measurement_group_1,measurement_status_1,1.0,MEAS_UNIT_000283,3,3,4,4,4,5,5,5,37.0,38.4,35.2,-0.7999999999999972,-1.3000000000000045,-0.2588190451025215,0.965925826289068,0.9352941176470588,2.3000000000000043,1,1,5,40.11539294035239,measured,hot,S01_C020,36.2,33.9,23.0,40.2,40.11539294035239,0.08460705964760962,20260903,fixed_outer_fold_20260903
MEAS_R000284,C009,S01,284,284,32.1,40.4,23.6,1.0,measurement_group_1,measurement_status_1,1.0,MEAS_UNIT_000284,1,2,5,4,1,4,1,7,32.1,32.1,23.6,0.0,0.0,0.2588190451025207,0.9659258262890684,0.3294117647058824,8.5,0,1,4,40.48128783151133,measured,moderate,S01_C009,32.1,23.6,1.0,40.4,40.48128783151133,-0.08128783151133234,20260903,fixed_outer_fold_20260903
MEAS_R000285,C009,S01,285,285,36.1,39.3,32.5,13.0,measurement_group_1,measurement_status_1,1.0,MEAS_UNIT_000285,4,1,1,5,3,1,1,4,36.1,36.1,32.5,0.0,0.0,-0.2588190451025208,-0.9659258262890684,0.8529411764705882,3.6000000000000014,1,0,1,39.564520108330015,measured,hot,S01_C009,36.1,32.5,13.0,39.3,39.564520108330015,-0.26452010833001793,20260903,fixed_outer_fold_20260903
MEAS_R000286,C009,S01,286,286,37.2,39.4,35.4,14.0,measurement_group_1,measurement_status_1,1.0,MEAS_UNIT_000286,2,4,4,4,2,2,1,2,37.2,37.2,35.4,0.0,0.0,-0.4999999999999997,-0.8660254037844388,1.0,1.8000000000000045,1,0,2,39.64939458284472,measured,hot,S01_C009,37.2,35.4,14.0,39.4,39.64939458284472,-0.24939458284472238,20260903,fixed_outer_fold_20260903
MEAS_R000287,C009,S01,287,287,39.3,39.5,38.8,15.0,measurement_group_1,measurement_status_1,1.0,MEAS_UNIT_000287,4,1,3,1,1,3,2,4,36.1,36.1,32.5,3.199999999999996,6.299999999999997,-0.7071067811865471,-0.7071067811865479,1.0,0.5,1,0,3,39.45841548899688,measured,hot,S01_C009,39.3,38.8,15.0,39.5,39.45841548899688,0.04158451100312277,20260903,fixed_outer_fold_20260903
MEAS_R000288,C009,S01,288,288,36.1,39.5,32.8,19.0,measurement_group_1,measurement_status_1,1.0,MEAS_UNIT_000288,3,1,4,2,3,1,2,2,36.9,36.9,32.0,-0.7999999999999972,0.7999999999999972,-0.9659258262890684,0.2588190451025203,0.8705882352941174,3.3000000000000043,1,0,1,39.75437552551001,measured,hot,S01_C009,36.1,32.8,19.0,39.5,39.75437552551001,-0.25437552551000664,20260903,fixed_outer_fold_20260903
MEAS_R000289,C009,S01,289,289,36.4,40.5,32.3,21.0,measurement_group_1,measurement_status_1,1.0,MEAS_UNIT_000289,1,3,2,2,4,3,3,7,35.7,32.1,32.0,0.6999999999999957,0.2999999999999971,-0.7071067811865477,0.7071067811865474,0.8411764705882351,4.100000000000001,1,1,3,40.51384640537788,measured,hot,S01_C009,36.4,32.3,21.0,40.5,40.51384640537788,-0.013846405377883286,20260903,fixed_outer_fold_20260903
MEAS_R000290,C009,S01,290,290,36.7,38.7,33.0,21.0,measurement_group_1,measurement_status_1,1.0,MEAS_UNIT_000290,5,5,2,1,2,2,2,2,35.9,35.9,33.8,0.8000000000000043,-0.7999999999999972,-0.7071067811865477,0.7071067811865474,0.8823529411764706,3.700000000000003,1,1,2,39.84131090262875,measured,hot,S01_C009,36.7,33.0,21.0,38.7,39.84131090262875,-1.1413109026287458,20260903,fixed_outer_fold_20260903
MEAS_R000291,C009,S01,291,291,33.4,40.8,26.5,23.0,measurement_group_1,measurement_status_1,1.0,MEAS_UNIT_000291,1,1,3,3,5,4,5,7,34.8,36.4,27.3,-1.3999999999999986,-0.8000000000000007,-0.2588190451025215,0.965925826289068,0.5,6.899999999999999,0,1,4,40.476291492579605,measured,moderate,S01_C009,33.4,26.5,23.0,40.8,40.476291492579605,0.3237085074203918,20260903,fixed_outer_fold_20260903
MEAS_R000292,C009,S01,292,292,34.6,40.6,29.6,24.0,measurement_group_1,measurement_status_1,1.0,MEAS_UNIT_000292,1,5,1,3,4,5,7,7,32.6,33.4,22.0,2.0,7.600000000000001,-2.4492935982947064e-16,1.0,0.6823529411764707,5.0,0,1,5,40.48101588373726,measured,moderate,S01_C009,34.6,29.6,24.0,40.6,40.48101588373726,0.11898411626274452,20260903,fixed_outer_fold_20260903
MEAS_R000293,C012,S01,293,293,34.1,40.3,30.2,1.0,measurement_group_1,measurement_status_1,1.0,MEAS_UNIT_000293,1,5,1,4,5,3,1,6,34.1,34.1,30.2,0.0,0.0,0.2588190451025207,0.9659258262890684,0.7176470588235294,3.900000000000002,1,1,3,40.38175522124894,measured,hot,S01_C012,34.1,30.2,1.0,40.3,40.38175522124894,-0.0817552212489403,20260903,fixed_outer_fold_20260903
MEAS_R000294,C012,S01,294,294,37.0,39.1,35.0,13.0,measurement_group_1,measurement_status_1,1.0,MEAS_UNIT_000294,4,4,1,5,3,3,1,3,37.0,37.0,35.0,0.0,0.0,-0.2588190451025208,-0.9659258262890684,1.0,2.0,1,0,3,39.0737394965044,measured,hot,S01_C012,37.0,35.0,13.0,39.1,39.0737394965044,0.026260503495599608,20260903,fixed_outer_fold_20260903
MEAS_R000295,C012,S01,295,295,36.6,39.0,35.0,14.0,measurement_group_1,measurement_status_1,1.0,MEAS_UNIT_000295,4,4,3,1,4,3,2,3,37.0,37.0,35.0,-0.3999999999999986,0.0,-0.4999999999999997,-0.8660254037844388,1.0,1.6000000000000014,1,0,3,39.077381598054906,measured,hot,S01_C012,36.6,35.0,14.0,39.0,39.077381598054906,-0.07738159805490596,20260903,fixed_outer_fold_20260903
MEAS_R000296,C012,S01,296,296,37.9,39.0,36.9,15.0,measurement_group_1,measurement_status_1,1.0,MEAS_UNIT_000296,4,1,2,3,2,1,3,3,36.6,37.0,35.0,1.2999999999999972,1.8999999999999984,-0.7071067811865471,-0.7071067811865479,1.0,1.0,1,0,1,39.04588977471319,measured,hot,S01_C012,37.9,36.9,15.0,39.0,39.04588977471319,-0.04588977471318856,20260903,fixed_outer_fold_20260903
MEAS_R000297,C012,S01,297,297,38.4,39.7,37.9,15.0,measurement_group_1,measurement_status_1,1.0,MEAS_UNIT_000297,2,1,2,4,3,1,1,1,38.4,38.4,37.9,0.0,0.0,-0.7071067811865471,-0.7071067811865479,1.0,0.5,1,0,1,39.58501242107369,measured,hot,S01_C012,38.4,37.9,15.0,39.7,39.58501242107369,0.11498757892631062,20260903,fixed_outer_fold_20260903
MEAS_R000298,C012,S01,298,298,38.9,39.5,38.8,18.0,measurement_group_1,measurement_status_1,1.0,MEAS_UNIT_000298,5,2,3,5,5,1,1,4,38.9,38.9,38.8,0.0,0.0,-1.0,-1.8369701987210294e-16,1.0,0.1000000000000014,1,0,1,39.49208803299474,measured,hot,S01_C012,38.9,38.8,18.0,39.5,39.49208803299474,0.00791196700526342,20260903,fixed_outer_fold_20260903
MEAS_R000299,C012,S01,299,299,37.4,39.5,36.0,19.0,measurement_group_1,measurement_status_1,1.0,MEAS_UNIT_000299,3,5,5,2,3,5,1,3,37.4,37.4,36.0,0.0,0.0,-0.9659258262890684,0.2588190451025203,1.0,1.3999999999999986,1,0,5,39.94431988739476,measured,hot,S01_C012,37.4,36.0,19.0,39.5,39.94431988739476,-0.44431988739476225,20260903,fixed_outer_fold_20260903
MEAS_R000300,C012,S01,300,300,37.7,39.5,36.2,19.0,measurement_group_1,measurement_status_1,1.0,MEAS_UNIT_000300,5,2,3,2,1,4,2,4,38.9,38.9,38.8,-1.1999999999999955,-2.5999999999999943,-0.9659258262890684,0.2588190451025203,1.0,1.5,1,0,4,39.45968504956889,measured,hot,S01_C012,37.7,36.2,19.0,39.5,39.45968504956889,0.04031495043111022,20260903,fixed_outer_fold_20260903
MEAS_R000301,C012,S01,301,301,37.5,39.8,35.7,20.0,measurement_group_1,measurement_status_1,1.0,MEAS_UNIT_000301,3,2,1,1,2,5,2,3,37.4,37.4,36.0,0.1000000000000014,-0.2999999999999971,-0.8660254037844386,0.5000000000000001,1.0,1.7999999999999972,1,1,5,39.94141897254793,measured,hot,S01_C012,37.5,35.7,20.0,39.8,39.94141897254793,-0.1414189725479318,20260903,fixed_outer_fold_20260903
MEAS_R000302,C012,S01,302,302,36.8,40.0,35.0,21.0,measurement_group_1,measurement_status_1,1.0,MEAS_UNIT_000302,3,3,2,3,2,4,3,3,37.5,37.4,35.7,-0.7000000000000028,-0.7000000000000028,-0.7071067811865477,0.7071067811865474,1.0,1.7999999999999972,1,1,4,39.64416388384195,measured,hot,S01_C012,36.8,35.0,21.0,40.0,39.64416388384195,0.3558361161580521,20260903,fixed_outer_fold_20260903
MEAS_R000303,C012,S01,303,303,38.2,39.4,36.8,21.0,measurement_group_1,measurement_status_1,1.0,MEAS_UNIT_000303,5,2,4,3,1,2,4,4,37.1,37.7,35.2,1.1000000000000014,1.5999999999999943,-0.7071067811865477,0.7071067811865474,1.0,1.4000000000000057,1,1,2,39.57082865962544,measured,hot,S01_C012,38.2,36.8,21.0,39.4,39.57082865962544,-0.17082865962544247,20260903,fixed_outer_fold_20260903
MEAS_R000304,C012,S01,304,304,36.2,40.6,34.3,22.0,measurement_group_1,measurement_status_1,1.0,MEAS_UNIT_000304,1,4,4,2,1,2,4,6,35.5,35.7,35.9,0.7000000000000028,-1.6000000000000014,-0.5000000000000004,0.8660254037844384,0.9588235294117644,1.9000000000000057,1,1,2,40.181627876771046,measured,hot,S01_C012,36.2,34.3,22.0,40.6,40.181627876771046,0.4183721232289557,20260903,fixed_outer_fold_20260903
MEAS_R000305,C012,S01,305,305,35.0,40.5,32.7,23.0,measurement_group_1,measurement_status_1,1.0,MEAS_UNIT_000305,1,5,5,1,4,2,5,6,36.2,35.5,34.3,-1.2000000000000028,-1.5999999999999943,-0.2588190451025215,0.965925826289068,0.8647058823529413,2.299999999999997,1,1,2,40.21920342629111,measured,hot,S01_C012,35.0,32.7,23.0,40.5,40.21920342629111,0.28079657370889066,20260903,fixed_outer_fold_20260903
MEAS_R000306,C006,S01,306,306,30.1,39.8,23.5,1.0,measurement_group_1,measurement_status_1,1.0,MEAS_UNIT_000306,1,3,4,2,2,3,1,7,30.1,30.1,23.5,0.0,0.0,0.2588190451025207,0.9659258262890684,0.3235294117647059,6.600000000000001,0,1,3,39.64589336748456,measured,moderate,S01_C006,30.1,23.5,1.0,39.8,39.64589336748456,0.1541066325154361,20260903,fixed_outer_fold_20260903
MEAS_R000307,C006,S01,307,307,35.1,38.5,31.4,13.0,measurement_group_1,measurement_status_1,1.0,MEAS_UNIT_000307,2,1,1,5,2,4,2,4,34.6,34.6,33.0,0.5,-1.6000000000000014,-0.2588190451025208,-0.9659258262890684,0.7882352941176469,3.700000000000003,1,0,4,39.46455495042767,measured,hot,S01_C006,35.1,31.4,13.0,38.5,39.46455495042767,-0.9645549504276687,20260903,fixed_outer_fold_20260903
MEAS_R000308,C006,S01,308,308,35.8,38.6,32.5,13.0,measurement_group_1,measurement_status_1,1.0,MEAS_UNIT_000308,4,2,2,1,1,1,1,3,35.8,35.8,32.5,0.0,0.0,-0.2588190451025208,-0.9659258262890684,0.8529411764705882,3.299999999999997,1,0,1,38.50551945368392,measured,hot,S01_C006,35.8,32.5,13.0,38.6,38.50551945368392,0.09448054631608471,20260903,fixed_outer_fold_20260903
MEAS_R000309,C006,S01,309,309,35.3,39.3,31.8,14.0,measurement_group_1,measurement_status_1,1.0,MEAS_UNIT_000309,2,5,2,3,4,2,3,4,35.1,34.6,31.4,0.1999999999999957,0.4000000000000021,-0.4999999999999997,-0.8660254037844388,0.8117647058823529,3.4999999999999964,1,0,2,38.93812487103914,measured,hot,S01_C006,35.3,31.8,14.0,39.3,38.93812487103914,0.36187512896085394,20260903,fixed_outer_fold_20260903
MEAS_R000310,C006,S01,310,310,37.4,38.5,36.1,15.0,measurement_group_1,measurement_status_1,1.0,MEAS_UNIT_000310,4,1,4,3,4,4,2,3,35.8,35.8,32.5,1.6000000000000014,3.6000000000000014,-0.7071067811865471,-0.7071067811865479,1.0,1.2999999999999972,1,0,4,38.65546039441743,measured,hot,S01_C006,37.4,36.1,15.0,38.5,38.65546039441743,-0.15546039441743176,20260903,fixed_outer_fold_20260903
MEAS_R000311,C006,S01,311,311,38.1,39.7,36.5,15.0,measurement_group_1,measurement_status_1,1.0,MEAS_UNIT_000311,2,3,3,4,3,2,4,4,35.3,35.1,31.8,2.8000000000000043,4.699999999999999,-0.7071067811865471,-0.7071067811865479,1.0,1.6000000000000014,1,0,2,38.94269675733005,measured,hot,S01_C006,38.1,36.5,15.0,39.7,38.94269675733005,0.7573032426699555,20260903,fixed_outer_fold_20260903
MEAS_R000312,C006,S01,312,312,35.3,38.4,32.1,19.0,measurement_group_1,measurement_status_1,1.0,MEAS_UNIT_000312,3,4,1,3,4,5,1,2,35.3,35.3,32.1,0.0,0.0,-0.9659258262890684,0.2588190451025203,0.8294117647058824,3.199999999999996,1,0,5,38.67718234637401,measured,hot,S01_C006,35.3,32.1,19.0,38.4,38.67718234637401,-0.27718234637401196,20260903,fixed_outer_fold_20260903
MEAS_R000313,C006,S01,313,313,36.4,38.9,33.4,19.0,measurement_group_1,measurement_status_1,1.0,MEAS_UNIT_000313,5,3,5,4,3,1,1,2,36.4,36.4,33.4,0.0,0.0,-0.9659258262890684,0.2588190451025203,0.9058823529411764,3.0,1,0,1,39.3858359311124,measured,hot,S01_C006,36.4,33.4,19.0,38.9,39.3858359311124,-0.48583593111240475,20260903,fixed_outer_fold_20260903
MEAS_R000314,C006,S01,314,314,34.4,39.4,30.8,21.0,measurement_group_1,measurement_status_1,1.0,MEAS_UNIT_000314,1,2,3,4,2,3,3,7,29.3,30.1,25.1,5.099999999999998,5.699999999999999,-0.7071067811865477,0.7071067811865474,0.7529411764705882,3.599999999999998,1,1,3,39.63619011663706,measured,hot,S01_C006,34.4,30.8,21.0,39.4,39.63619011663706,-0.23619011663706146,20260903,fixed_outer_fold_20260903
MEAS_R000315,C006,S01,315,315,35.3,38.5,31.5,21.0,measurement_group_1,measurement_status_1,1.0,MEAS_UNIT_000315,3,4,1,5,5,2,2,2,35.3,35.3,32.1,0.0,-0.6000000000000014,-0.7071067811865477,0.7071067811865474,0.7941176470588235,3.799999999999997,1,1,2,38.696917121676336,measured,hot,S01_C006,35.3,31.5,21.0,38.5,38.696917121676336,-0.19691712167633568,20260903,fixed_outer_fold_20260903
MEAS_R000316,C006,S01,316,316,34.0,39.4,29.9,22.0,measurement_group_1,measurement_status_1,1.0,MEAS_UNIT_000316,1,2,2,2,1,5,4,7,34.4,29.3,30.8,-0.3999999999999986,-0.9000000000000021,-0.5000000000000004,0.8660254037844384,0.7,4.100000000000001,0,1,5,39.63767787043486,measured,moderate,S01_C006,34.0,29.9,22.0,39.4,39.63767787043486,-0.2376778704348581,20260903,fixed_outer_fold_20260903
MEAS_R000317,C006,S01,317,317,35.1,39.9,30.6,22.0,measurement_group_1,measurement_status_1,1.0,MEAS_UNIT_000317,5,4,4,1,5,1,2,2,36.4,36.4,33.4,-1.2999999999999972,-2.799999999999997,-0.5000000000000004,0.8660254037844384,0.7411764705882353,4.5,1,1,1,39.33229856852916,measured,hot,S01_C006,35.1,30.6,22.0,39.9,39.33229856852916,0.5677014314708373,20260903,fixed_outer_fold_20260903
MEAS_R000318,C006,S01,318,318,33.3,39.6,28.0,23.0,measurement_group_1,measurement_status_1,1.0,MEAS_UNIT_000318,1,2,3,2,3,3,5,7,34.0,34.4,29.9,-0.7000000000000028,-1.8999999999999984,-0.2588190451025215,0.965925826289068,0.5882352941176471,5.299999999999997,0,1,3,39.62516331031982,measured,moderate,S01_C006,33.3,28.0,23.0,39.6,39.62516331031982,-0.025163310319818777,20260903,fixed_outer_fold_20260903
MEAS_R000319,C006,S01,319,319,32.8,40.0,27.7,24.0,measurement_group_1,measurement_status_1,1.0,MEAS_UNIT_000319,1,5,5,1,1,4,7,7,33.4,33.3,30.1,-0.6000000000000014,-2.400000000000002,-2.4492935982947064e-16,1.0,0.5705882352941176,5.099999999999998,0,1,4,39.55084442676755,measured,moderate,S01_C006,32.8,27.7,24.0,40.0,39.55084442676755,0.4491555732324528,20260903,fixed_outer_fold_20260903
MEAS_R000320,C015,S01,320,320,31.7,38.9,26.6,1.0,measurement_group_1,measurement_status_1,1.0,MEAS_UNIT_000320,1,3,1,2,5,3,1,3,31.7,31.7,26.6,0.0,0.0,0.2588190451025207,0.9659258262890684,0.5058823529411766,5.099999999999998,0,1,3,39.00060155515803,measured,moderate,S01_C015,31.7,26.6,1.0,38.9,39.00060155515803,-0.10060155515802904,20260903,fixed_outer_fold_20260903
MEAS_R000321,C015,S01,321,321,34.7,38.2,32.0,12.0,measurement_group_1,measurement_status_1,1.0,MEAS_UNIT_000321,4,1,3,4,2,1,1,4,34.7,34.7,32.0,0.0,0.0,1.2246467991473532e-16,-1.0,0.8235294117647058,2.700000000000003,1,0,1,38.2172168425528,measured,hot,S01_C015,34.7,32.0,12.0,38.2,38.2172168425528,-0.01721684255279854,20260903,fixed_outer_fold_20260903
MEAS_R000322,C015,S01,322,322,34.7,39.7,32.2,12.0,measurement_group_1,measurement_status_1,1.0,MEAS_UNIT_000322,2,5,5,5,1,2,1,4,34.7,34.7,32.2,0.0,0.0,1.2246467991473532e-16,-1.0,0.835294117647059,2.5,1,0,2,38.43546286504105,measured,hot,S01_C015,34.7,32.2,12.0,39.7,38.43546286504105,1.2645371349589496,20260903,fixed_outer_fold_20260903
MEAS_R000323,C015,S01,323,323,34.6,38.2,32.1,13.0,measurement_group_1,measurement_status_1,1.0,MEAS_UNIT_000323,4,1,1,2,5,3,2,4,34.7,34.7,32.0,-0.1000000000000014,0.1000000000000014,-0.2588190451025208,-0.9659258262890684,0.8294117647058824,2.5,1,0,3,38.259343689720936,measured,hot,S01_C015,34.6,32.1,13.0,38.2,38.259343689720936,-0.05934368972093296,20260903,fixed_outer_fold_20260903
MEAS_R000324,C015,S01,324,324,34.9,38.5,32.4,13.0,measurement_group_1,measurement_status_1,1.0,MEAS_UNIT_000324,2,1,2,2,2,3,2,4,34.7,34.7,32.2,0.1999999999999957,0.1999999999999957,-0.2588190451025208,-0.9659258262890684,0.8470588235294116,2.5,1,0,3,38.68086726600009,measured,hot,S01_C015,34.9,32.4,13.0,38.5,38.68086726600009,-0.18086726600009229,20260903,fixed_outer_fold_20260903
MEAS_R000325,C015,S01,325,325,36.6,38.3,35.5,14.0,measurement_group_1,measurement_status_1,1.0,MEAS_UNIT_000325,2,3,5,1,4,1,3,4,34.9,34.7,32.4,1.7000000000000028,3.1000000000000014,-0.4999999999999997,-0.8660254037844388,1.0,1.1000000000000014,1,0,1,38.81166492089836,measured,hot,S01_C015,36.6,35.5,14.0,38.3,38.81166492089836,-0.5116649208983617,20260903,fixed_outer_fold_20260903
MEAS_R000326,C015,S01,326,326,36.9,38.2,35.6,14.0,measurement_group_1,measurement_status_1,1.0,MEAS_UNIT_000326,4,2,3,4,1,5,3,4,34.6,34.7,32.1,2.299999999999997,3.5,-0.4999999999999997,-0.8660254037844388,1.0,1.2999999999999972,1,0,5,38.24708498234929,measured,hot,S01_C015,36.9,35.6,14.0,38.2,38.24708498234929,-0.04708498234928982,20260903,fixed_outer_fold_20260903
MEAS_R000327,C015,S01,327,327,36.5,38.2,34.8,15.0,measurement_group_1,measurement_status_1,1.0,MEAS_UNIT_000327,4,2,2,3,2,4,4,4,36.9,34.6,35.6,-0.3999999999999986,-0.8000000000000043,-0.7071067811865471,-0.7071067811865479,0.9882352941176468,1.7000000000000028,1,0,4,38.21390887601662,measured,hot,S01_C015,36.5,34.8,15.0,38.2,38.21390887601662,-0.013908876016614613,20260903,fixed_outer_fold_20260903
MEAS_R000328,C015,S01,328,328,36.9,38.0,35.3,15.0,measurement_group_1,measurement_status_1,1.0,MEAS_UNIT_000328,2,4,5,3,4,2,4,4,36.6,34.9,35.5,0.2999999999999971,-0.2000000000000028,-0.7071067811865471,-0.7071067811865479,1.0,1.6000000000000014,1,0,2,38.44757955123645,measured,hot,S01_C015,36.9,35.3,15.0,38.0,38.44757955123645,-0.4475795512364513,20260903,fixed_outer_fold_20260903
MEAS_R000329,C015,S01,329,329,35.8,39.2,33.3,18.0,measurement_group_1,measurement_status_1,1.0,MEAS_UNIT_000329,5,4,2,1,3,4,1,4,35.8,35.8,33.3,0.0,0.0,-1.0,-1.8369701987210294e-16,0.8999999999999998,2.5,1,0,4,39.79935919753845,measured,hot,S01_C015,35.8,33.3,18.0,39.2,39.79935919753845,-0.5993591975384476,20260903,fixed_outer_fold_20260903
MEAS_R000330,C015,S01,330,330,35.5,38.5,33.2,19.0,measurement_group_1,measurement_status_1,1.0,MEAS_UNIT_000330,3,4,1,3,2,3,1,3,35.5,35.5,33.2,0.0,0.0,-0.9659258262890684,0.2588190451025203,0.8941176470588237,2.299999999999997,1,0,3,38.50453085018687,measured,hot,S01_C015,35.5,33.2,19.0,38.5,38.50453085018687,-0.004530850186867497,20260903,fixed_outer_fold_20260903
MEAS_R000331,C015,S01,331,331,35.5,39.0,33.1,19.0,measurement_group_1,measurement_status_1,1.0,MEAS_UNIT_000331,5,5,3,5,3,4,2,4,35.8,35.8,33.3,-0.2999999999999971,-0.1999999999999957,-0.9659258262890684,0.2588190451025203,0.8882352941176471,2.3999999999999986,1,0,4,39.79847159237628,measured,hot,S01_C015,35.5,33.1,19.0,39.0,39.79847159237628,-0.7984715923762806,20260903,fixed_outer_fold_20260903
MEAS_R000332,C015,S01,332,332,35.6,39.7,33.0,20.0,measurement_group_1,measurement_status_1,1.0,MEAS_UNIT_000332,5,5,4,1,4,5,3,4,35.5,35.8,33.1,0.1000000000000014,-0.1000000000000014,-0.8660254037844386,0.5000000000000001,0.8823529411764706,2.6000000000000014,1,1,5,39.01345419662032,measured,hot,S01_C015,35.6,33.0,20.0,39.7,39.01345419662032,0.6865458033796799,20260903,fixed_outer_fold_20260903
MEAS_R000333,C015,S01,333,333,34.6,40.0,30.4,21.0,measurement_group_1,measurement_status_1,1.0,MEAS_UNIT_000333,5,2,1,3,1,5,4,4,35.6,35.5,33.0,-1.0,-2.6000000000000014,-0.7071067811865477,0.7071067811865474,0.7294117647058823,4.200000000000003,1,1,5,39.02650884347306,measured,hot,S01_C015,34.6,30.4,21.0,40.0,39.02650884347306,0.97349115652694,20260903,fixed_outer_fold_20260903
MEAS_R000334,C015,S01,334,334,35.1,38.5,32.4,21.0,measurement_group_1,measurement_status_1,1.0,MEAS_UNIT_000334,3,3,3,2,5,2,2,3,35.5,35.5,33.2,-0.3999999999999986,-0.8000000000000043,-0.7071067811865477,0.7071067811865474,0.8470588235294116,2.700000000000003,1,1,2,38.63899569082654,measured,hot,S01_C015,35.1,32.4,21.0,38.5,38.63899569082654,-0.1389956908265404,20260903,fixed_outer_fold_20260903
MEAS_R000335,C015,S01,335,335,34.2,38.4,30.8,22.0,measurement_group_1,measurement_status_1,1.0,MEAS_UNIT_000335,3,1,4,4,3,2,3,3,35.1,35.5,32.4,-0.8999999999999986,-1.599999999999998,-0.5000000000000004,0.8660254037844384,0.7529411764705882,3.400000000000002,1,1,2,38.729174842504605,measured,hot,S01_C015,34.2,30.8,22.0,38.4,38.729174842504605,-0.3291748425046066,20260903,fixed_outer_fold_20260903
MEAS_R000336,C015,S01,336,336,35.0,38.8,31.4,22.0,measurement_group_1,measurement_status_1,1.0,MEAS_UNIT_000336,1,3,4,5,3,1,2,3,31.7,31.7,26.6,3.3000000000000007,4.799999999999997,-0.5000000000000004,0.8660254037844384,0.7882352941176469,3.6000000000000014,1,1,1,38.92368030414139,measured,hot,S01_C015,35.0,31.4,22.0,38.8,38.92368030414139,-0.12368030414139497,20260903,fixed_outer_fold_20260903
MEAS_R000337,C015,S01,337,337,33.8,39.1,29.5,23.0,measurement_group_1,measurement_status_1,1.0,MEAS_UNIT_000337,1,2,2,1,1,1,3,3,35.0,31.7,31.4,-1.2000000000000028,-1.8999999999999984,-0.2588190451025215,0.965925826289068,0.6764705882352942,4.299999999999997,0,1,1,38.94754280025264,measured,moderate,S01_C015,33.8,29.5,23.0,39.1,38.94754280025264,0.15245719974736005,20260903,fixed_outer_fold_20260903
MEAS_R000338,C007,S01,338,338,35.7,40.1,29.0,1.0,measurement_group_1,measurement_status_1,1.0,MEAS_UNIT_000338,1,4,5,3,1,4,1,5,35.7,35.7,29.0,0.0,0.0,0.2588190451025207,0.9659258262890684,0.6470588235294118,6.700000000000003,0,1,4,39.25198691171994,measured,moderate,S01_C007,35.7,29.0,1.0,40.1,39.25198691171994,0.8480130882800623,20260903,fixed_outer_fold_20260903
MEAS_R000339,C007,S01,339,339,36.5,38.4,32.1,12.0,measurement_group_1,measurement_status_1,1.0,MEAS_UNIT_000339,2,3,3,2,3,3,1,4,36.5,36.5,32.1,0.0,0.0,1.2246467991473532e-16,-1.0,0.8294117647058824,4.399999999999999,1,0,3,39.106927846501264,measured,hot,S01_C007,36.5,32.1,12.0,38.4,39.106927846501264,-0.7069278465012658,20260903,fixed_outer_fold_20260903
MEAS_R000340,C007,S01,340,340,37.4,39.8,32.8,12.0,measurement_group_1,measurement_status_1,1.0,MEAS_UNIT_000340,4,1,1,5,4,2,1,4,37.4,37.4,32.8,0.0,0.0,1.2246467991473532e-16,-1.0,0.8705882352941174,4.600000000000001,1,0,2,39.79153628268916,measured,hot,S01_C007,37.4,32.8,12.0,39.8,39.79153628268916,0.008463717310839058,20260903,fixed_outer_fold_20260903
MEAS_R000341,C007,S01,341,341,36.5,38.5,31.7,13.0,measurement_group_1,measurement_status_1,1.0,MEAS_UNIT_000341,2,4,3,5,3,5,2,4,36.5,36.5,32.1,0.0,-0.4000000000000021,-0.2588190451025208,-0.9659258262890684,0.8058823529411764,4.800000000000001,1,0,5,39.19293445579401,measured,hot,S01_C007,36.5,31.7,13.0,38.5,39.19293445579401,-0.6929344557940098,20260903,fixed_outer_fold_20260903
MEAS_R000342,C007,S01,342,342,37.4,40.0,33.3,13.0,measurement_group_1,measurement_status_1,1.0,MEAS_UNIT_000342,4,1,5,1,5,4,2,4,37.4,37.4,32.8,0.0,0.5,-0.2588190451025208,-0.9659258262890684,0.8999999999999998,4.100000000000001,1,0,4,39.72169561181447,measured,hot,S01_C007,37.4,33.3,13.0,40.0,39.72169561181447,0.27830438818553205,20260903,fixed_outer_fold_20260903
MEAS_R000343,C007,S01,343,343,37.1,39.3,33.5,14.0,measurement_group_1,measurement_status_1,1.0,MEAS_UNIT_000343,2,5,4,3,2,3,3,4,36.5,36.5,31.7,0.6000000000000014,1.8000000000000007,-0.4999999999999997,-0.8660254037844388,0.9117647058823528,3.6000000000000014,1,0,3,39.10293580391197,measured,hot,S01_C007,37.1,33.5,14.0,39.3,39.10293580391197,0.1970641960880286,20260903,fixed_outer_fold_20260903
MEAS_R000344,C007,S01,344,344,39.2,39.9,37.2,14.0,measurement_group_1,measurement_status_1,1.0,MEAS_UNIT_000344,4,2,4,4,2,4,3,4,37.4,37.4,33.3,1.8000000000000045,3.9000000000000057,-0.4999999999999997,-0.8660254037844388,1.0,2.0,1,0,4,39.72664632964888,measured,hot,S01_C007,39.2,37.2,14.0,39.9,39.72664632964888,0.17335367035111915,20260903,fixed_outer_fold_20260903
MEAS_R000345,C007,S01,345,345,38.3,39.7,35.7,15.0,measurement_group_1,measurement_status_1,1.0,MEAS_UNIT_000345,2,3,5,5,3,4,4,4,37.1,36.5,33.5,1.1999999999999955,2.200000000000003,-0.7071067811865471,-0.7071067811865479,1.0,2.5999999999999943,1,0,4,38.72329783137304,measured,hot,S01_C007,38.3,35.7,15.0,39.7,38.72329783137304,0.9767021686269644,20260903,fixed_outer_fold_20260903
MEAS_R000346,C007,S01,346,346,38.9,39.7,35.9,15.0,measurement_group_1,measurement_status_1,1.0,MEAS_UNIT_000346,4,5,4,2,4,1,4,4,39.2,37.4,37.2,-0.3000000000000042,-1.3000000000000045,-0.7071067811865471,-0.7071067811865479,1.0,3.0,1,0,1,39.90365040634679,measured,hot,S01_C007,38.9,35.9,15.0,39.7,39.90365040634679,-0.20365040634678877,20260903,fixed_outer_fold_20260903
MEAS_R000347,C007,S01,347,347,37.6,39.5,33.4,18.0,measurement_group_1,measurement_status_1,1.0,MEAS_UNIT_000347,5,5,2,4,3,1,1,4,37.6,37.6,33.4,0.0,0.0,-1.0,-1.8369701987210294e-16,0.9058823529411764,4.200000000000003,1,0,1,39.575884568606526,measured,hot,S01_C007,37.6,33.4,18.0,39.5,39.575884568606526,-0.0758845686065257,20260903,fixed_outer_fold_20260903
MEAS_R000348,C007,S01,348,348,37.6,39.7,34.2,19.0,measurement_group_1,measurement_status_1,1.0,MEAS_UNIT_000348,5,4,2,1,1,5,2,4,37.6,37.6,33.4,0.0,0.8000000000000043,-0.9659258262890684,0.2588190451025203,0.9529411764705884,3.3999999999999986,1,0,5,39.53925836686244,measured,hot,S01_C007,37.6,34.2,19.0,39.7,39.53925836686244,0.16074163313756173,20260903,fixed_outer_fold_20260903
MEAS_R000349,C007,S01,349,349,36.9,39.6,33.8,20.0,measurement_group_1,measurement_status_1,1.0,MEAS_UNIT_000349,5,2,1,2,4,3,3,4,37.6,37.6,34.2,-0.7000000000000028,-0.4000000000000057,-0.8660254037844386,0.5000000000000001,0.9294117647058822,3.1000000000000014,1,1,3,39.53245343465923,measured,hot,S01_C007,36.9,33.8,20.0,39.6,39.53245343465923,0.06754656534076986,20260903,fixed_outer_fold_20260903
MEAS_R000350,C007,S01,350,350,36.9,39.3,32.4,21.0,measurement_group_1,measurement_status_1,1.0,MEAS_UNIT_000350,1,1,1,1,1,1,2,5,35.7,35.7,29.0,1.1999999999999955,3.3999999999999986,-0.7071067811865477,0.7071067811865474,0.8470588235294116,4.5,1,1,1,39.449740182969606,measured,hot,S01_C007,36.9,32.4,21.0,39.3,39.449740182969606,-0.14974018296960878,20260903,fixed_outer_fold_20260903
MEAS_R000351,C007,S01,351,351,37.7,40.7,33.1,21.0,measurement_group_1,measurement_status_1,1.0,MEAS_UNIT_000351,3,3,2,3,2,1,1,2,37.7,37.7,33.1,0.0,0.0,-0.7071067811865477,0.7071067811865474,0.8882352941176471,4.600000000000001,1,1,1,40.602148807032734,measured,hot,S01_C007,37.7,33.1,21.0,40.7,40.602148807032734,0.09785119296726918,20260903,fixed_outer_fold_20260903
MEAS_R000352,C007,S01,352,352,35.0,39.2,28.7,22.0,measurement_group_1,measurement_status_1,1.0,MEAS_UNIT_000352,1,2,4,1,2,2,3,5,36.9,35.7,32.4,-1.8999999999999984,-3.6999999999999993,-0.5000000000000004,0.8660254037844384,0.6294117647058823,6.300000000000001,0,1,2,39.29439573706543,measured,moderate,S01_C007,35.0,28.7,22.0,39.2,39.29439573706543,-0.09439573706542603,20260903,fixed_outer_fold_20260903
MEAS_R000353,C007,S01,353,353,35.2,39.4,30.1,22.0,measurement_group_1,measurement_status_1,1.0,MEAS_UNIT_000353,5,2,2,3,5,2,4,4,36.9,37.6,33.8,-1.6999999999999955,-3.699999999999996,-0.5000000000000004,0.8660254037844384,0.7117647058823531,5.100000000000001,1,1,2,39.66946876291495,measured,hot,S01_C007,35.2,30.1,22.0,39.4,39.66946876291495,-0.26946876291495414,20260903,fixed_outer_fold_20260903
MEAS_R000354,C007,S01,354,354,37.2,40.6,31.8,22.0,measurement_group_1,measurement_status_1,1.0,MEAS_UNIT_000354,3,1,1,2,1,3,2,2,37.7,37.7,33.1,-0.5,-1.3000000000000007,-0.5000000000000004,0.8660254037844384,0.8117647058823529,5.400000000000002,1,1,3,40.53046468973383,measured,hot,S01_C007,37.2,31.8,22.0,40.6,40.53046468973383,0.06953531026616844,20260903,fixed_outer_fold_20260903
MEAS_R000355,C007,S01,355,355,34.9,38.3,27.6,23.0,measurement_group_1,measurement_status_1,1.0,MEAS_UNIT_000355,1,3,3,4,4,5,4,5,35.0,36.9,28.7,-0.1000000000000014,-1.099999999999998,-0.2588190451025215,0.965925826289068,0.5647058823529413,7.299999999999997,0,1,5,39.75875783004512,measured,moderate,S01_C007,34.9,27.6,23.0,38.3,39.75875783004512,-1.4587578300451227,20260903,fixed_outer_fold_20260903
MEAS_R000356,C007,S01,356,356,34.6,40.2,27.1,24.0,measurement_group_1,measurement_status_1,1.0,MEAS_UNIT_000356,1,4,3,4,5,2,5,5,34.9,35.0,27.6,-0.2999999999999971,-0.5,-2.4492935982947064e-16,1.0,0.5352941176470589,7.5,0,1,2,39.27460221334706,measured,moderate,S01_C007,34.6,27.1,24.0,40.2,39.27460221334706,0.9253977866529439,20260903,fixed_outer_fold_20260903
MEAS_R000357,C013,S01,357,357,29.3,39.3,20.6,1.0,measurement_group_1,measurement_status_1,1.0,MEAS_UNIT_000357,1,3,1,2,3,5,1,10,29.3,29.3,20.6,0.0,0.0,0.2588190451025207,0.9659258262890684,0.1529411764705883,8.7,0,1,5,39.079833621357245,measured,moderate,S01_C013,29.3,20.6,1.0,39.3,39.079833621357245,0.22016637864275168,20260903,fixed_outer_fold_20260903
MEAS_R000358,C013,S01,358,358,34.7,38.7,30.0,12.0,measurement_group_1,measurement_status_1,1.0,MEAS_UNIT_000358,4,4,1,5,2,2,1,2,34.7,34.7,30.0,0.0,0.0,1.2246467991473532e-16,-1.0,0.7058823529411765,4.700000000000003,1,0,2,38.66904762634003,measured,hot,S01_C013,34.7,30.0,12.0,38.7,38.66904762634003,0.0309523736599715,20260903,fixed_outer_fold_20260903
MEAS_R000359,C013,S01,359,359,35.2,38.6,30.9,13.0,measurement_group_1,measurement_status_1,1.0,MEAS_UNIT_000359,4,4,4,4,5,4,2,2,34.7,34.7,30.0,0.5,0.8999999999999986,-0.2588190451025208,-0.9659258262890684,0.7588235294117647,4.300000000000004,1,0,4,38.725755490487245,measured,hot,S01_C013,35.2,30.9,13.0,38.6,38.725755490487245,-0.12575549048724355,20260903,fixed_outer_fold_20260903
MEAS_R000360,C013,S01,360,360,34.8,38.6,30.3,19.0,measurement_group_1,measurement_status_1,1.0,MEAS_UNIT_000360,3,5,5,3,1,2,1,3,34.8,34.8,30.3,0.0,0.0,-0.9659258262890684,0.2588190451025203,0.723529411764706,4.4999999999999964,1,0,2,38.68711944733998,measured,hot,S01_C013,34.8,30.3,19.0,38.6,38.68711944733998,-0.08711944733997967,20260903,fixed_outer_fold_20260903
MEAS_R000361,C013,S01,361,361,35.8,39.3,32.1,19.0,measurement_group_1,measurement_status_1,1.0,MEAS_UNIT_000361,5,5,2,1,4,5,2,2,35.3,35.3,30.5,0.5,1.6000000000000014,-0.9659258262890684,0.2588190451025203,0.8294117647058824,3.699999999999996,1,0,5,39.01203118201752,measured,hot,S01_C013,35.8,32.1,19.0,39.3,39.01203118201752,0.287968817982474,20260903,fixed_outer_fold_20260903
MEAS_R000362,C013,S01,362,362,34.5,39.2,29.7,21.0,measurement_group_1,measurement_status_1,1.0,MEAS_UNIT_000362,1,1,2,5,3,4,4,10,28.5,34.4,18.2,6.0,11.5,-0.7071067811865477,0.7071067811865474,0.6882352941176471,4.800000000000001,0,1,4,39.105488529740605,measured,moderate,S01_C013,34.5,29.7,21.0,39.2,39.105488529740605,0.09451147025939832,20260903,fixed_outer_fold_20260903
MEAS_R000363,C013,S01,363,363,34.8,38.5,29.8,21.0,measurement_group_1,measurement_status_1,1.0,MEAS_UNIT_000363,3,2,3,2,4,3,2,3,34.8,34.8,30.3,0.0,-0.5,-0.7071067811865477,0.7071067811865474,0.6941176470588236,4.9999999999999964,0,1,3,38.698670808847766,measured,moderate,S01_C013,34.8,29.8,21.0,38.5,38.698670808847766,-0.19867080884776556,20260903,fixed_outer_fold_20260903
MEAS_R000364,C013,S01,364,364,33.8,39.1,27.6,22.0,measurement_group_1,measurement_status_1,1.0,MEAS_UNIT_000364,1,2,5,3,2,1,6,10,34.6,34.5,29.2,-0.8000000000000043,-1.599999999999998,-0.5000000000000004,0.8660254037844384,0.5647058823529413,6.199999999999996,0,1,1,39.16483269690376,measured,moderate,S01_C013,33.8,27.6,22.0,39.1,39.16483269690376,-0.06483269690375693,20260903,fixed_outer_fold_20260903
MEAS_R000365,C013,S01,365,365,33.0,39.1,25.7,23.0,measurement_group_1,measurement_status_1,1.0,MEAS_UNIT_000365,1,1,3,4,1,3,9,10,34.1,34.0,22.9,-1.1000000000000014,2.8000000000000007,-0.2588190451025215,0.965925826289068,0.4529411764705882,7.300000000000001,0,1,3,39.16237483412831,measured,moderate,S01_C013,33.0,25.7,23.0,39.1,39.16237483412831,-0.062374834128306134,20260903,fixed_outer_fold_20260903
MEAS_R000366,C013,S01,366,366,32.9,39.0,25.3,24.0,measurement_group_1,measurement_status_1,1.0,MEAS_UNIT_000366,1,5,4,1,5,1,10,10,33.0,34.1,25.7,-0.1000000000000014,-0.3999999999999986,-2.4492935982947064e-16,1.0,0.4294117647058824,7.599999999999998,0,1,1,39.18289504798001,measured,moderate,S01_C013,32.9,25.3,24.0,39.0,39.18289504798001,-0.18289504798001133,20260903,fixed_outer_fold_20260903
MEAS_R000367,C024,S01,367,367,36.1,38.0,34.0,12.0,measurement_group_1,measurement_status_1,1.0,MEAS_UNIT_000367,2,4,1,5,4,5,1,4,36.1,36.1,34.0,0.0,0.0,1.2246467991473532e-16,-1.0,0.9411764705882352,2.1000000000000014,1,0,5,38.425613567841694,measured,hot,S01_C024,36.1,34.0,12.0,38.0,38.425613567841694,-0.4256135678416939,20260903,fixed_outer_fold_20260903
MEAS_R000368,C024,S01,368,368,36.0,38.0,33.2,13.0,measurement_group_1,measurement_status_1,1.0,MEAS_UNIT_000368,2,1,5,5,4,5,2,4,36.1,36.1,34.0,-0.1000000000000014,-0.7999999999999972,-0.2588190451025208,-0.9659258262890684,0.8941176470588237,2.799999999999997,1,0,5,38.425069044456976,measured,hot,S01_C024,36.0,33.2,13.0,38.0,38.425069044456976,-0.4250690444569756,20260903,fixed_outer_fold_20260903
MEAS_R000369,C024,S01,369,369,36.9,38.6,34.5,13.0,measurement_group_1,measurement_status_1,1.0,MEAS_UNIT_000369,4,1,2,4,3,1,1,3,36.9,36.9,34.5,0.0,0.0,-0.2588190451025208,-0.9659258262890684,0.9705882352941176,2.3999999999999986,1,0,1,38.27975696459048,measured,hot,S01_C024,36.9,34.5,13.0,38.6,38.27975696459048,0.3202430354095185,20260903,fixed_outer_fold_20260903
MEAS_R000370,C024,S01,370,370,36.0,38.3,33.0,14.0,measurement_group_1,measurement_status_1,1.0,MEAS_UNIT_000370,2,5,4,3,2,1,3,4,36.0,36.1,33.2,0.0,-0.2000000000000028,-0.4999999999999997,-0.8660254037844388,0.8823529411764706,3.0,1,0,1,37.99799491956679,measured,hot,S01_C024,36.0,33.0,14.0,38.3,37.99799491956679,0.3020050804332044,20260903,fixed_outer_fold_20260903
MEAS_R000371,C024,S01,371,371,37.1,38.3,35.1,14.0,measurement_group_1,measurement_status_1,1.0,MEAS_UNIT_000371,4,5,2,4,4,4,2,3,36.9,36.9,34.5,0.2000000000000028,0.6000000000000014,-0.4999999999999997,-0.8660254037844388,1.0,2.0,1,0,4,38.42204445822075,measured,hot,S01_C024,37.1,35.1,14.0,38.3,38.42204445822075,-0.12204445822075627,20260903,fixed_outer_fold_20260903
MEAS_R000372,C024,S01,372,372,37.7,38.2,36.2,15.0,measurement_group_1,measurement_status_1,1.0,MEAS_UNIT_000372,4,2,2,4,2,2,3,3,37.1,36.9,35.1,0.6000000000000014,1.1000000000000014,-0.7071067811865471,-0.7071067811865479,1.0,1.5,1,0,2,38.48690987575532,measured,hot,S01_C024,37.7,36.2,15.0,38.2,38.48690987575532,-0.28690987575532034,20260903,fixed_outer_fold_20260903
MEAS_R000373,C024,S01,373,373,38.2,38.4,37.2,15.0,measurement_group_1,measurement_status_1,1.0,MEAS_UNIT_000373,2,3,4,1,5,1,4,4,36.0,36.0,33.0,2.200000000000003,4.200000000000003,-0.7071067811865471,-0.7071067811865479,1.0,1.0,1,0,1,37.96187054877564,measured,hot,S01_C024,38.2,37.2,15.0,38.4,37.96187054877564,0.43812945122435565,20260903,fixed_outer_fold_20260903
MEAS_R000374,C024,S01,374,374,37.7,38.7,35.7,19.0,measurement_group_1,measurement_status_1,1.0,MEAS_UNIT_000374,5,3,3,2,2,2,1,4,37.7,37.7,35.7,0.0,0.0,-0.9659258262890684,0.2588190451025203,1.0,2.0,1,0,2,38.994805101726925,measured,hot,S01_C024,37.7,35.7,19.0,38.7,38.994805101726925,-0.2948051017269222,20260903,fixed_outer_fold_20260903
MEAS_R000375,C024,S01,375,375,36.7,38.2,33.9,20.0,measurement_group_1,measurement_status_1,1.0,MEAS_UNIT_000375,3,2,1,3,3,1,1,3,36.7,36.7,33.9,0.0,0.0,-0.8660254037844386,0.5000000000000001,0.9352941176470588,2.8000000000000043,1,1,1,38.47935178497882,measured,hot,S01_C024,36.7,33.9,20.0,38.2,38.47935178497882,-0.2793517849788145,20260903,fixed_outer_fold_20260903
MEAS_R000376,C024,S01,376,376,37.9,38.9,35.1,20.0,measurement_group_1,measurement_status_1,1.0,MEAS_UNIT_000376,5,1,5,2,1,3,2,4,37.7,37.7,35.7,0.1999999999999957,-0.6000000000000014,-0.8660254037844386,0.5000000000000001,1.0,2.799999999999997,1,1,3,38.98580926469252,measured,hot,S01_C024,37.9,35.1,20.0,38.9,38.98580926469252,-0.08580926469252148,20260903,fixed_outer_fold_20260903
MEAS_R000377,C024,S01,377,377,35.4,40.4,31.9,21.0,measurement_group_1,measurement_status_1,1.0,MEAS_UNIT_000377,1,4,3,1,5,2,1,4,35.4,35.4,31.9,0.0,0.0,-0.7071067811865477,0.7071067811865474,0.8176470588235293,3.5,1,1,2,40.00426288868668,measured,hot,S01_C024,35.4,31.9,21.0,40.4,40.00426288868668,0.39573711131331635,20260903,fixed_outer_fold_20260903
MEAS_R000378,C024,S01,378,378,36.5,38.4,33.6,21.0,measurement_group_1,measurement_status_1,1.0,MEAS_UNIT_000378,3,4,5,2,3,3,2,3,36.7,36.7,33.9,-0.2000000000000028,-0.2999999999999971,-0.7071067811865477,0.7071067811865474,0.9176470588235296,2.8999999999999986,1,1,3,38.43178537082653,measured,hot,S01_C024,36.5,33.6,21.0,38.4,38.43178537082653,-0.03178537082653321,20260903,fixed_outer_fold_20260903
MEAS_R000379,C024,S01,379,379,38.1,39.2,35.1,21.0,measurement_group_1,measurement_status_1,1.0,MEAS_UNIT_000379,5,2,1,1,2,4,3,4,37.9,37.7,35.1,0.2000000000000028,0.0,-0.7071067811865477,0.7071067811865474,1.0,3.0,1,1,4,38.86249704278711,measured,hot,S01_C024,38.1,35.1,21.0,39.2,38.86249704278711,0.3375029572128909,20260903,fixed_outer_fold_20260903
MEAS_R000380,C024,S01,380,380,35.9,41.2,32.3,22.0,measurement_group_1,measurement_status_1,1.0,MEAS_UNIT_000380,1,5,2,3,1,2,2,4,35.4,35.4,31.9,0.5,0.3999999999999986,-0.5000000000000004,0.8660254037844384,0.8411764705882351,3.6000000000000014,1,1,2,39.98712088515267,measured,hot,S01_C024,35.9,32.3,22.0,41.2,39.98712088515267,1.2128791148473326,20260903,fixed_outer_fold_20260903
MEAS_R000381,C024,S01,381,381,36.3,38.5,33.3,22.0,measurement_group_1,measurement_status_1,1.0,MEAS_UNIT_000381,3,2,1,5,5,5,3,3,36.5,36.7,33.6,-0.2000000000000028,-0.3000000000000042,-0.5000000000000004,0.8660254037844384,0.8999999999999998,3.0,1,1,5,38.47224714554269,measured,hot,S01_C024,36.3,33.3,22.0,38.5,38.47224714554269,0.02775285445731157,20260903,fixed_outer_fold_20260903
MEAS_R000382,C024,S01,382,382,35.2,40.5,30.6,23.0,measurement_group_1,measurement_status_1,1.0,MEAS_UNIT_000382,1,1,4,2,1,4,3,4,35.9,35.4,32.3,-0.6999999999999957,-1.6999999999999955,-0.2588190451025215,0.965925826289068,0.7411764705882353,4.600000000000001,1,1,4,40.55946091447577,measured,hot,S01_C024,35.2,30.6,23.0,40.5,40.55946091447577,-0.059460914475771176,20260903,fixed_outer_fold_20260903
MEAS_R000383,C024,S01,383,383,34.0,40.2,28.8,24.0,measurement_group_1,measurement_status_1,1.0,MEAS_UNIT_000383,1,3,3,1,1,3,4,4,35.2,35.9,30.6,-1.2000000000000028,-1.8000000000000007,-2.4492935982947064e-16,1.0,0.6352941176470589,5.199999999999999,0,1,3,40.62505079964096,measured,moderate,S01_C024,34.0,28.8,24.0,40.2,40.62505079964096,-0.4250507996409567,20260903,fixed_outer_fold_20260903
MEAS_R000384,C001,S01,384,384,31.9,38.2,7.2,12.0,measurement_group_1,measurement_status_1,1.0,MEAS_UNIT_000384,0,2,1,1,5,3,6,18,31.9,31.3,6.8,0.0,0.4000000000000003,1.2246467991473532e-16,-1.0,0.0,24.7,0,0,3,38.16354609161848,measured,cold,S01_C001,31.9,7.2,12.0,38.2,38.16354609161848,0.036453908381524514,20260903,fixed_outer_fold_20260903
MEAS_R000385,C001,S01,385,385,30.7,38.3,11.2,16.0,measurement_group_1,measurement_status_1,1.0,MEAS_UNIT_000385,0,3,4,2,1,2,13,18,33.9,32.0,11.2,-3.1999999999999997,0.0,-0.8660254037844385,-0.5000000000000004,0.0,19.5,0,0,2,38.33020175341913,measured,cold,S01_C001,30.7,11.2,16.0,38.3,38.33020175341913,-0.030201753419135002,20260903,fixed_outer_fold_20260903
MEAS_R000386,C001,S01,386,386,32.5,38.3,12.3,17.0,measurement_group_1,measurement_status_1,1.0,MEAS_UNIT_000386,0,1,1,1,1,1,14,18,30.7,33.9,11.2,1.8000000000000007,1.1000000000000014,-0.9659258262890684,-0.2588190451025206,0.0,20.2,0,0,1,38.36997059327756,measured,cold,S01_C001,32.5,12.3,17.0,38.3,38.36997059327756,-0.06997059327756006,20260903,fixed_outer_fold_20260903
MEAS_R000387,C001,S01,387,387,35.3,38.2,14.4,14.0,measurement_group_1,measurement_status_1,1.0,MEAS_UNIT_000387,0,4,1,3,2,3,10,18,31.8,33.3,8.8,3.4999999999999964,5.6,-0.4999999999999997,-0.8660254037844388,0.0,20.9,0,0,3,38.15422937949836,measured,cold,S01_C001,35.3,14.4,14.0,38.2,38.15422937949836,0.045770620501642156,20260903,fixed_outer_fold_20260903
MEAS_R000388,C002,S01,388,388,36.7,39.0,5.2,15.0,measurement_group_1,measurement_status_1,1.0,MEAS_UNIT_000388,0,5,1,4,4,5,13,17,36.0,36.2,9.1,0.7000000000000028,-3.9,-0.7071067811865471,-0.7071067811865479,0.0,31.500000000000004,0,0,5,38.94939580035464,measured,cold,S01_C002,36.7,5.2,15.0,39.0,38.94939580035464,0.050604199645363224,20260903,fixed_outer_fold_20260903
MEAS_R000389,C002,S01,389,389,34.2,39.0,4.8,12.0,measurement_group_1,measurement_status_1,1.0,MEAS_UNIT_000389,0,2,4,5,2,1,6,17,36.2,34.2,6.8,-2.0,-2.0,1.2246467991473532e-16,-1.0,0.0,29.4,0,0,1,38.99721842910906,measured,cold,S01_C002,34.2,4.8,12.0,39.0,38.99721842910906,0.002781570890938667,20260903,fixed_outer_fold_20260903
MEAS_R000390,C002,S01,390,390,33.4,39.0,11.7,12.0,measurement_group_1,measurement_status_1,1.0,MEAS_UNIT_000390,0,1,1,1,2,5,7,17,34.2,36.2,4.8,-0.8000000000000043,6.9,1.2246467991473532e-16,-1.0,0.0,21.7,0,0,5,38.94094413563449,measured,cold,S01_C002,33.4,11.7,12.0,39.0,38.94094413563449,0.05905586436551147,20260903,fixed_outer_fold_20260903
MEAS_R000391,C002,S01,391,391,34.8,39.0,8.0,13.0,measurement_group_1,measurement_status_1,1.0,MEAS_UNIT_000391,0,3,2,2,1,1,10,17,33.9,32.8,9.3,0.8999999999999986,-1.3000000000000007,-0.2588190451025208,-0.9659258262890684,0.0,26.8,0,0,1,39.00565750629366,measured,cold,S01_C002,34.8,8.0,13.0,39.0,39.00565750629366,-0.005657506293658798,20260903,fixed_outer_fold_20260903
MEAS_R000392,C003,S01,392,392,32.8,38.5,6.0,15.0,measurement_group_1,measurement_status_1,1.0,MEAS_UNIT_000392,0,3,3,2,5,2,12,17,36.4,33.9,9.1,-3.6000000000000014,-3.1,-0.7071067811865471,-0.7071067811865479,0.0,26.8,0,0,2,38.55695936436724,measured,cold,S01_C003,32.8,6.0,15.0,38.5,38.55695936436724,-0.0569593643672377,20260903,fixed_outer_fold_20260903
MEAS_R000393,C003,S01,393,393,34.1,38.6,10.9,11.0,measurement_group_1,measurement_status_1,1.0,MEAS_UNIT_000393,0,5,3,1,2,3,3,17,33.3,31.4,6.1,0.8000000000000043,4.800000000000001,0.258819045102521,-0.9659258262890682,0.0,23.200000000000003,0,0,3,38.6625210240742,measured,cold,S01_C003,34.1,10.9,11.0,38.6,38.6625210240742,-0.06252102407420068,20260903,fixed_outer_fold_20260903
MEAS_R000394,C003,S01,394,394,32.9,38.5,6.4,15.0,measurement_group_1,measurement_status_1,1.0,MEAS_UNIT_000394,0,4,1,5,5,4,13,17,32.8,36.4,6.0,0.1000000000000014,0.4000000000000003,-0.7071067811865471,-0.7071067811865479,0.0,26.5,0,0,4,38.46088225221125,measured,cold,S01_C003,32.9,6.4,15.0,38.5,38.46088225221125,0.03911774778875099,20260903,fixed_outer_fold_20260903
MEAS_R000395,C003,S01,395,395,32.0,38.5,8.0,12.0,measurement_group_1,measurement_status_1,1.0,MEAS_UNIT_000395,0,5,1,2,2,3,6,17,33.6,31.8,6.8,-1.6000000000000014,1.2000000000000002,1.2246467991473532e-16,-1.0,0.0,24.0,0,0,3,38.50876787670392,measured,cold,S01_C003,32.0,8.0,12.0,38.5,38.50876787670392,-0.008767876703920763,20260903,fixed_outer_fold_20260903
MEAS_R000396,C003,S01,396,396,34.7,38.6,10.4,16.0,measurement_group_1,measurement_status_1,1.0,MEAS_UNIT_000396,0,1,1,4,1,5,14,17,32.9,32.8,6.4,1.8000000000000045,4.0,-0.8660254037844385,-0.5000000000000004,0.0,24.300000000000004,0,0,5,38.592458947676064,measured,cold,S01_C003,34.7,10.4,16.0,38.6,38.592458947676064,0.007541052323936981,20260903,fixed_outer_fold_20260903
MEAS_R000397,C004,S01,397,397,29.6,37.6,4.9,23.0,measurement_group_1,measurement_status_1,1.0,MEAS_UNIT_000397,0,2,4,1,4,3,16,17,30.1,30.9,9.5,-0.5,-4.6,-0.2588190451025215,0.965925826289068,0.0,24.700000000000003,0,1,3,37.721074258123366,measured,cold,S01_C004,29.6,4.9,23.0,37.6,37.721074258123366,-0.12107425812336459,20260903,fixed_outer_fold_20260903
MEAS_R000398,C004,S01,398,398,30.9,37.7,3.0,20.0,measurement_group_1,measurement_status_1,1.0,MEAS_UNIT_000398,0,1,3,1,1,4,14,17,30.6,34.3,4.5,0.2999999999999971,-1.5,-0.8660254037844386,0.5000000000000001,0.0,27.9,0,1,4,37.68081957084046,measured,cold,S01_C004,30.9,3.0,20.0,37.7,37.68081957084046,0.019180429159540324,20260903,fixed_outer_fold_20260903
MEAS_R000399,C004,S01,399,399,28.8,37.7,2.9,23.0,measurement_group_1,measurement_status_1,1.0,MEAS_UNIT_000399,0,1,4,2,4,5,17,17,29.6,30.1,4.9,-0.8000000000000007,-2.0000000000000004,-0.2588190451025215,0.965925826289068,0.0,25.9,0,1,5,37.7113203744827,measured,cold,S01_C004,28.8,2.9,23.0,37.7,37.7113203744827,-0.011320374482700402,20260903,fixed_outer_fold_20260903
MEAS_R000400,C004,S01,400,400,27.6,37.5,7.5,13.0,measurement_group_1,measurement_status_1,1.0,MEAS_UNIT_000400,0,4,3,4,2,5,10,17,31.0,31.1,8.6,-3.3999999999999986,-1.0999999999999996,-0.2588190451025208,-0.9659258262890684,0.0,20.1,0,0,5,37.557792192477386,measured,cold,S01_C004,27.6,7.5,13.0,37.5,37.557792192477386,-0.057792192477386095,20260903,fixed_outer_fold_20260903
MEAS_R000401,C004,S01,401,401,32.1,37.6,7.6,8.0,measurement_group_1,measurement_status_1,1.0,MEAS_UNIT_000401,0,5,2,2,3,2,2,17,28.8,28.8,7.9,3.3000000000000007,-0.3000000000000007,0.8660254037844387,-0.4999999999999998,0.0,24.5,0,0,2,37.655636674527024,measured,cold,S01_C004,32.1,7.6,8.0,37.6,37.655636674527024,-0.05563667452702248,20260903,fixed_outer_fold_20260903
MEAS_R000402,C005,S01,402,402,31.1,37.8,21.0,0.0,measurement_group_1,measurement_status_1,1.0,MEAS_UNIT_000402,1,5,3,5,3,4,2,6,34.0,34.0,27.5,-2.8999999999999986,-6.5,0.0,1.0,0.1764705882352941,10.1,0,1,4,37.78783238792323,measured,moderate,S01_C005,31.1,21.0,0.0,37.8,37.78783238792323,0.012167612076765977,20260903,fixed_outer_fold_20260903
MEAS_R000403,C005,S01,403,403,35.8,37.7,28.9,15.0,measurement_group_1,measurement_status_1,1.0,MEAS_UNIT_000403,2,5,3,2,5,5,4,5,36.0,39.1,31.3,-0.2000000000000028,-2.400000000000002,-0.7071067811865471,-0.7071067811865479,0.6411764705882352,6.899999999999999,0,0,5,37.77182514374251,measured,moderate,S01_C005,35.8,28.9,15.0,37.7,37.77182514374251,-0.07182514374250815,20260903,fixed_outer_fold_20260903
MEAS_R000404,C005,S01,404,404,36.5,37.9,34.0,16.0,measurement_group_1,measurement_status_1,1.0,MEAS_UNIT_000404,4,1,5,4,1,2,2,3,35.4,35.4,31.0,1.1000000000000014,3.0,-0.8660254037844385,-0.5000000000000004,0.9411764705882352,2.5,1,0,2,37.8899559250486,measured,hot,S01_C005,36.5,34.0,16.0,37.9,37.8899559250486,0.010044074951395032,20260903,fixed_outer_fold_20260903
MEAS_R000405,C005,S01,405,405,36.3,37.7,32.3,17.0,measurement_group_1,measurement_status_1,1.0,MEAS_UNIT_000405,2,2,4,5,2,1,5,5,35.8,36.0,28.9,0.5,3.3999999999999986,-0.9659258262890684,-0.2588190451025206,0.8411764705882351,4.0,1,0,1,37.76815806101608,measured,hot,S01_C005,36.3,32.3,17.0,37.7,37.76815806101608,-0.06815806101607791,20260903,fixed_outer_fold_20260903
MEAS_R000406,C006,S01,406,406,33.4,39.5,30.1,23.0,measurement_group_1,measurement_status_1,1.0,MEAS_UNIT_000406,1,5,5,1,1,4,6,7,33.3,34.0,28.0,0.1000000000000014,2.1000000000000014,-0.2588190451025215,0.965925826289068,0.7117647058823531,3.299999999999997,1,1,4,39.54635720345751,measured,hot,S01_C006,33.4,30.1,23.0,39.5,39.54635720345751,-0.04635720345751082,20260903,fixed_outer_fold_20260903
MEAS_R000407,C006,S01,407,407,29.3,39.6,25.1,4.0,measurement_group_1,measurement_status_1,1.0,MEAS_UNIT_000407,1,3,4,2,2,3,2,7,30.1,30.1,23.5,-0.8000000000000007,1.6000000000000014,0.8660254037844386,0.5000000000000001,0.4176470588235295,4.199999999999999,0,1,3,39.63376739677864,measured,moderate,S01_C006,29.3,25.1,4.0,39.6,39.63376739677864,-0.03376739677863583,20260903,fixed_outer_fold_20260903
MEAS_R000408,C006,S01,408,408,34.6,39.4,33.0,11.0,measurement_group_1,measurement_status_1,1.0,MEAS_UNIT_000408,2,1,1,5,2,4,1,4,34.6,34.6,33.0,0.0,0.0,0.258819045102521,-0.9659258262890682,0.8823529411764706,1.6000000000000014,1,0,4,39.45512839944323,measured,hot,S01_C006,34.6,33.0,11.0,39.4,39.45512839944323,-0.05512839944323389,20260903,fixed_outer_fold_20260903
MEAS_R000409,C006,S01,409,409,34.7,38.7,33.3,15.0,measurement_group_1,measurement_status_1,1.0,MEAS_UNIT_000409,4,2,2,1,1,1,3,3,37.4,35.8,36.1,-2.699999999999996,-2.8000000000000043,-0.7071067811865471,-0.7071067811865479,0.8999999999999998,1.4000000000000057,1,0,1,38.46698606165275,measured,hot,S01_C006,34.7,33.3,15.0,38.7,38.46698606165275,0.2330139383472556,20260903,fixed_outer_fold_20260903
MEAS_R000410,C008,S01,410,410,34.2,38.2,6.0,2.0,measurement_group_1,measurement_status_1,1.0,MEAS_UNIT_000410,0,5,2,1,5,4,3,17,33.9,33.6,7.9,0.3000000000000042,-1.9000000000000004,0.4999999999999999,0.8660254037844387,0.0,28.200000000000003,0,1,4,38.19497795511334,measured,cold,S01_C008,34.2,6.0,2.0,38.2,38.19497795511334,0.0050220448866653555,20260903,fixed_outer_fold_20260903
MEAS_R000411,C008,S01,411,411,33.9,38.2,7.9,1.0,measurement_group_1,measurement_status_1,1.0,MEAS_UNIT_000411,0,5,3,2,2,2,2,17,33.6,33.6,7.9,0.2999999999999971,0.0,0.2588190451025207,0.9659258262890684,0.0,26.0,0,1,2,38.194532125432616,measured,cold,S01_C008,33.9,7.9,1.0,38.2,38.194532125432616,0.005467874567386843,20260903,fixed_outer_fold_20260903
MEAS_R000412,C008,S01,412,412,30.1,38.1,7.6,9.0,measurement_group_1,measurement_status_1,1.0,MEAS_UNIT_000412,0,2,5,4,5,4,5,17,32.1,34.2,6.5,-2.0,1.0999999999999996,0.7071067811865476,-0.7071067811865475,0.0,22.5,0,0,4,38.102934446705206,measured,cold,S01_C008,30.1,7.6,9.0,38.1,38.102934446705206,-0.0029344467052041523,20260903,fixed_outer_fold_20260903
MEAS_R000413,C008,S01,413,413,33.5,38.1,7.5,10.0,measurement_group_1,measurement_status_1,1.0,MEAS_UNIT_000413,0,5,1,4,2,2,7,17,34.3,30.1,10.8,-0.7999999999999972,-3.3000000000000007,0.4999999999999999,-0.8660254037844387,0.0,26.0,0,0,2,38.15206833313124,measured,cold,S01_C008,33.5,7.5,10.0,38.1,38.15206833313124,-0.052068333131238376,20260903,fixed_outer_fold_20260903
MEAS_R000414,C008,S01,414,414,33.2,38.2,8.4,15.0,measurement_group_1,measurement_status_1,1.0,MEAS_UNIT_000414,0,4,4,5,1,3,12,17,31.2,33.3,4.6,2.000000000000004,3.8000000000000007,-0.7071067811865471,-0.7071067811865479,0.0,24.800000000000004,0,0,3,38.18432472255378,measured,cold,S01_C008,33.2,8.4,15.0,38.2,38.18432472255378,0.015675277446220548,20260903,fixed_outer_fold_20260903
MEAS_R000415,C009,S01,415,415,35.9,39.7,33.8,18.0,measurement_group_1,measurement_status_1,1.0,MEAS_UNIT_000415,5,5,2,1,2,2,1,2,35.9,35.9,33.8,0.0,0.0,-1.0,-1.8369701987210294e-16,0.9294117647058822,2.1000000000000014,1,0,2,39.742958291022624,measured,hot,S01_C009,35.9,33.8,18.0,39.7,39.742958291022624,-0.04295829102262161,20260903,fixed_outer_fold_20260903
MEAS_R000416,C009,S01,416,416,34.8,40.4,27.3,22.0,measurement_group_1,measurement_status_1,1.0,MEAS_UNIT_000416,1,1,3,3,5,4,4,7,36.4,35.7,32.3,-1.6000000000000014,-4.9999999999999964,-0.5000000000000004,0.8660254037844384,0.5470588235294118,7.4999999999999964,0,1,4,40.48048613731967,measured,moderate,S01_C009,34.8,27.3,22.0,40.4,40.48048613731967,-0.08048613731967436,20260903,fixed_outer_fold_20260903
MEAS_R000417,C009,S01,417,417,35.7,40.4,32.0,2.0,measurement_group_1,measurement_status_1,1.0,MEAS_UNIT_000417,1,5,1,3,4,5,2,7,32.1,32.1,23.6,3.6000000000000014,8.399999999999999,0.4999999999999999,0.8660254037844387,0.8235294117647058,3.700000000000003,1,1,5,40.46484478250372,measured,hot,S01_C009,35.7,32.0,2.0,40.4,40.46484478250372,-0.0648447825037195,20260903,fixed_outer_fold_20260903
MEAS_R000418,C009,S01,418,418,32.6,40.5,22.0,23.0,measurement_group_1,measurement_status_1,1.0,MEAS_UNIT_000418,1,2,5,4,1,4,6,7,33.4,34.8,26.5,-0.7999999999999972,-4.5,-0.2588190451025215,0.965925826289068,0.2352941176470588,10.6,0,1,4,40.47239136054745,measured,moderate,S01_C009,32.6,22.0,23.0,40.5,40.47239136054745,0.027608639452552097,20260903,fixed_outer_fold_20260903
MEAS_R000419,C009,S01,419,419,35.6,39.6,31.7,16.0,measurement_group_1,measurement_status_1,1.0,MEAS_UNIT_000419,4,1,1,5,3,1,3,4,39.3,36.1,38.8,-3.699999999999996,-7.099999999999998,-0.8660254037844385,-0.5000000000000004,0.8058823529411764,3.900000000000002,1,0,1,39.54764557132837,measured,hot,S01_C009,35.6,31.7,16.0,39.6,39.54764557132837,0.05235442867163442,20260903,fixed_outer_fold_20260903
MEAS_R000420,C009,S01,420,420,36.1,39.6,32.2,16.0,measurement_group_1,measurement_status_1,1.0,MEAS_UNIT_000420,2,4,4,4,2,2,2,2,37.2,37.2,35.4,-1.1000000000000014,-3.199999999999996,-0.8660254037844385,-0.5000000000000004,0.835294117647059,3.899999999999999,1,0,2,39.67725153572819,measured,hot,S01_C009,36.1,32.2,16.0,39.6,39.67725153572819,-0.07725153572818755,20260903,fixed_outer_fold_20260903
MEAS_R000421,C009,S01,421,421,39.8,39.5,40.4,18.0,measurement_group_1,measurement_status_1,1.0,MEAS_UNIT_000421,4,1,3,1,1,3,4,4,35.6,39.3,31.7,4.199999999999996,8.7,-1.0,-1.8369701987210294e-16,1.0,-0.6000000000000014,1,0,3,39.43729980612364,measured,hot,S01_C009,39.8,40.4,18.0,39.5,39.43729980612364,0.06270019387635983,20260903,fixed_outer_fold_20260903
MEAS_R000422,C009,S01,422,422,36.9,39.7,32.0,18.0,measurement_group_1,measurement_status_1,1.0,MEAS_UNIT_000422,3,1,4,2,3,1,1,2,36.9,36.9,32.0,0.0,0.0,-1.0,-1.8369701987210294e-16,0.8235294117647058,4.899999999999999,1,0,1,39.79875511930326,measured,hot,S01_C009,36.9,32.0,18.0,39.7,39.79875511930326,-0.09875511930325587,20260903,fixed_outer_fold_20260903
MEAS_R000423,C010,S01,423,423,34.0,38.7,28.2,21.0,measurement_group_1,measurement_status_1,1.0,MEAS_UNIT_000423,1,4,4,1,2,3,3,4,37.3,35.0,31.9,-3.299999999999997,-3.6999999999999993,-0.7071067811865477,0.7071067811865474,0.6,5.800000000000001,0,1,3,38.7509982191721,measured,moderate,S01_C010,34.0,28.2,21.0,38.7,38.7509982191721,-0.050998219172093684,20260903,fixed_outer_fold_20260903
MEAS_R000424,C010,S01,424,424,35.9,38.6,32.6,19.0,measurement_group_1,measurement_status_1,1.0,MEAS_UNIT_000424,5,1,3,5,5,3,3,4,37.2,37.3,33.7,-1.3000000000000045,-1.1000000000000014,-0.9659258262890684,0.2588190451025203,0.8588235294117648,3.299999999999997,1,0,3,38.64193182270258,measured,hot,S01_C010,35.9,32.6,19.0,38.6,38.64193182270258,-0.04193182270257978,20260903,fixed_outer_fold_20260903
MEAS_R000425,C010,S01,425,425,36.2,38.8,31.3,21.0,measurement_group_1,measurement_status_1,1.0,MEAS_UNIT_000425,3,1,1,5,1,3,1,2,36.2,36.2,31.3,0.0,0.0,-0.7071067811865477,0.7071067811865474,0.7823529411764706,4.900000000000002,1,1,3,38.76388738986788,measured,hot,S01_C010,36.2,31.3,21.0,38.8,38.76388738986788,0.03611261013211475,20260903,fixed_outer_fold_20260903
MEAS_R000426,C010,S01,426,426,34.5,38.7,30.1,21.0,measurement_group_1,measurement_status_1,1.0,MEAS_UNIT_000426,1,5,2,1,4,3,4,4,34.0,37.3,28.2,0.5,1.900000000000002,-0.7071067811865477,0.7071067811865474,0.7117647058823531,4.399999999999999,1,1,3,38.750665237073456,measured,hot,S01_C010,34.5,30.1,21.0,38.7,38.750665237073456,-0.05066523707345283,20260903,fixed_outer_fold_20260903
MEAS_R000427,C011,S01,427,427,31.2,38.3,14.2,1.0,measurement_group_1,measurement_status_1,1.0,MEAS_UNIT_000427,0,5,2,1,4,4,1,17,31.2,31.2,14.2,0.0,0.0,0.2588190451025207,0.9659258262890684,0.0,17.0,0,1,4,38.25062796753777,measured,cold,S01_C011,31.2,14.2,1.0,38.3,38.25062796753777,0.04937203246223021,20260903,fixed_outer_fold_20260903
MEAS_R000428,C011,S01,428,428,29.5,38.3,11.7,21.0,measurement_group_1,measurement_status_1,1.0,MEAS_UNIT_000428,0,5,3,5,1,1,13,17,30.2,30.8,13.4,-0.6999999999999993,-1.700000000000001,-0.7071067811865477,0.7071067811865474,0.0,17.8,0,1,1,38.39008068558909,measured,cold,S01_C011,29.5,11.7,21.0,38.3,38.39008068558909,-0.09008068558909343,20260903,fixed_outer_fold_20260903
MEAS_R000429,C011,S01,429,429,31.1,38.4,8.5,23.0,measurement_group_1,measurement_status_1,1.0,MEAS_UNIT_000429,0,4,3,3,3,3,16,17,30.6,30.7,10.9,0.5,-2.4000000000000004,-0.2588190451025215,0.965925826289068,0.0,22.6,0,1,3,38.3899264247137,measured,cold,S01_C011,31.1,8.5,23.0,38.4,38.3899264247137,0.01007357528629882,20260903,fixed_outer_fold_20260903
MEAS_R000430,C011,S01,430,430,27.7,38.1,9.9,12.0,measurement_group_1,measurement_status_1,1.0,MEAS_UNIT_000430,0,3,1,1,4,2,6,17,30.2,29.1,16.0,-2.5,-6.1,1.2246467991473532e-16,-1.0,0.0,17.799999999999997,0,0,2,38.14228967839948,measured,cold,S01_C011,27.7,9.9,12.0,38.1,38.14228967839948,-0.04228967839947728,20260903,fixed_outer_fold_20260903
MEAS_R000431,C011,S01,431,431,29.1,38.2,16.8,11.0,measurement_group_1,measurement_status_1,1.0,MEAS_UNIT_000431,0,5,2,2,2,3,4,17,28.2,30.0,13.1,0.9000000000000021,3.700000000000001,0.258819045102521,-0.9659258262890682,0.0,12.3,0,0,3,38.2288927734836,measured,cold,S01_C011,29.1,16.8,11.0,38.2,38.2288927734836,-0.028892773483597978,20260903,fixed_outer_fold_20260903
MEAS_R000432,C011,S01,432,432,30.0,38.2,19.1,10.0,measurement_group_1,measurement_status_1,1.0,MEAS_UNIT_000432,0,2,4,2,1,1,2,17,31.2,31.2,14.2,-1.1999999999999993,4.900000000000002,0.4999999999999999,-0.8660254037844387,0.0647058823529412,10.9,0,0,1,38.210220081236486,measured,moderate,S01_C011,30.0,19.1,10.0,38.2,38.210220081236486,-0.01022008123648277,20260903,fixed_outer_fold_20260903
MEAS_R000433,C011,S01,433,433,30.8,38.1,20.0,15.0,measurement_group_1,measurement_status_1,1.0,MEAS_UNIT_000433,0,1,5,4,2,4,11,17,32.6,34.0,22.0,-1.8000000000000007,-2.0,-0.7071067811865471,-0.7071067811865479,0.1176470588235294,10.8,0,0,4,38.05380034479799,measured,moderate,S01_C011,30.8,20.0,15.0,38.1,38.05380034479799,0.04619965520200964,20260903,fixed_outer_fold_20260903
MEAS_R000434,C011,S01,434,434,34.0,38.1,24.4,14.0,measurement_group_1,measurement_status_1,1.0,MEAS_UNIT_000434,0,2,4,3,3,5,9,17,31.9,30.8,20.8,2.1000000000000014,3.599999999999998,-0.4999999999999997,-0.8660254037844388,0.376470588235294,9.6,0,0,5,38.07679921369031,measured,moderate,S01_C011,34.0,24.4,14.0,38.1,38.07679921369031,0.02320078630969391,20260903,fixed_outer_fold_20260903
MEAS_R000435,C012,S01,435,435,37.1,39.5,35.2,20.0,measurement_group_1,measurement_status_1,1.0,MEAS_UNIT_000435,5,2,4,3,1,2,3,4,37.7,38.9,36.2,-0.6000000000000014,-1.0,-0.8660254037844386,0.5000000000000001,1.0,1.8999999999999984,1,1,2,39.56546291095555,measured,hot,S01_C012,37.1,35.2,20.0,39.5,39.56546291095555,-0.0654629109555529,20260903,fixed_outer_fold_20260903
MEAS_R000436,C012,S01,436,436,35.7,40.2,31.9,19.0,measurement_group_1,measurement_status_1,1.0,MEAS_UNIT_000436,1,4,4,2,1,2,2,6,34.1,34.1,30.2,1.6000000000000014,1.6999999999999993,-0.9659258262890684,0.2588190451025203,0.8176470588235293,3.800000000000004,1,0,2,40.12352400005635,measured,hot,S01_C012,35.7,31.9,19.0,40.2,40.12352400005635,0.0764759999436535,20260903,fixed_outer_fold_20260903
MEAS_R000437,C012,S01,437,437,35.5,40.3,35.9,20.0,measurement_group_1,measurement_status_1,1.0,MEAS_UNIT_000437,1,5,5,1,4,2,3,6,35.7,34.1,31.9,-0.2000000000000028,4.0,-0.8660254037844386,0.5000000000000001,1.0,-0.3999999999999986,1,1,2,40.14560223155072,measured,hot,S01_C012,35.5,35.9,20.0,40.3,40.14560223155072,0.15439776844927877,20260903,fixed_outer_fold_20260903
MEAS_R000438,C012,S01,438,438,32.7,40.4,27.0,23.0,measurement_group_1,measurement_status_1,1.0,MEAS_UNIT_000438,1,5,1,4,5,3,6,6,35.0,36.2,32.7,-2.299999999999997,-5.700000000000003,-0.2588190451025215,0.965925826289068,0.5294117647058824,5.700000000000003,0,1,3,40.40368533018277,measured,moderate,S01_C012,32.7,27.0,23.0,40.4,40.40368533018277,-0.0036853301827690643,20260903,fixed_outer_fold_20260903
MEAS_R000439,C013,S01,439,439,35.3,39.0,30.5,18.0,measurement_group_1,measurement_status_1,1.0,MEAS_UNIT_000439,5,5,2,1,4,5,1,2,35.3,35.3,30.5,0.0,0.0,-1.0,-1.8369701987210294e-16,0.7352941176470589,4.799999999999997,1,0,5,39.00990491053967,measured,hot,S01_C013,35.3,30.5,18.0,39.0,39.00990491053967,-0.009904910539667355,20260903,fixed_outer_fold_20260903
MEAS_R000440,C013,S01,440,440,34.0,39.1,31.3,22.0,measurement_group_1,measurement_status_1,1.0,MEAS_UNIT_000440,1,1,2,5,3,4,7,10,33.8,34.6,27.6,0.2000000000000028,3.6999999999999993,-0.5000000000000004,0.8660254037844384,0.7823529411764706,2.6999999999999997,1,1,4,39.09621515439424,measured,hot,S01_C013,34.0,31.3,22.0,39.1,39.09621515439424,0.0037848456057645308,20260903,fixed_outer_fold_20260903
MEAS_R000441,C013,S01,441,441,35.3,38.7,31.4,22.0,measurement_group_1,measurement_status_1,1.0,MEAS_UNIT_000441,3,2,3,2,4,3,3,3,34.8,34.8,29.8,0.5,1.599999999999998,-0.5000000000000004,0.8660254037844384,0.7882352941176469,3.899999999999999,1,1,3,38.68518228882046,measured,hot,S01_C013,35.3,31.4,22.0,38.7,38.68518228882046,0.014817711179546222,20260903,fixed_outer_fold_20260903
MEAS_R000442,C013,S01,442,442,34.6,39.1,29.2,21.0,measurement_group_1,measurement_status_1,1.0,MEAS_UNIT_000442,1,2,5,3,2,1,5,10,34.5,28.5,29.7,0.1000000000000014,-0.5,-0.7071067811865477,0.7071067811865474,0.6588235294117647,5.400000000000002,0,1,1,39.18669950445562,measured,moderate,S01_C013,34.6,29.2,21.0,39.1,39.18669950445562,-0.08669950445561625,20260903,fixed_outer_fold_20260903
MEAS_R000443,C013,S01,443,443,34.4,39.1,24.9,2.0,measurement_group_1,measurement_status_1,1.0,MEAS_UNIT_000443,1,1,3,4,1,3,2,10,29.3,29.3,20.6,5.099999999999998,4.299999999999997,0.4999999999999999,0.8660254037844387,0.4058823529411763,9.5,0,1,3,39.14382234847043,measured,moderate,S01_C013,34.4,24.9,2.0,39.1,39.14382234847043,-0.043822348470428096,20260903,fixed_outer_fold_20260903
MEAS_R000444,C013,S01,444,444,34.1,39.1,22.9,22.0,measurement_group_1,measurement_status_1,1.0,MEAS_UNIT_000444,1,5,4,1,5,1,8,10,34.0,33.8,31.3,0.1000000000000014,-8.400000000000002,-0.5000000000000004,0.8660254037844384,0.288235294117647,11.200000000000005,0,1,1,39.170196185068974,measured,moderate,S01_C013,34.1,22.9,22.0,39.1,39.170196185068974,-0.07019618506897274,20260903,fixed_outer_fold_20260903
MEAS_R000445,C013,S01,445,445,28.5,39.1,18.2,4.0,measurement_group_1,measurement_status_1,1.0,MEAS_UNIT_000445,1,3,1,2,3,5,3,10,34.4,29.3,24.9,-5.899999999999999,-6.699999999999999,0.8660254037844386,0.5000000000000001,0.0117647058823529,10.3,0,1,5,39.07997399499735,measured,moderate,S01_C013,28.5,18.2,4.0,39.1,39.07997399499735,0.020026005002648617,20260903,fixed_outer_fold_20260903
MEAS_R000446,C014,S01,446,446,29.6,38.0,8.2,13.0,measurement_group_1,measurement_status_1,1.0,MEAS_UNIT_000446,0,5,4,5,2,1,11,17,32.7,30.8,9.3,-3.1000000000000014,-1.1000000000000014,-0.2588190451025208,-0.9659258262890684,0.0,21.4,0,0,1,38.14391896785632,measured,cold,S01_C014,29.6,8.2,13.0,38.0,38.14391896785632,-0.1439189678563224,20260903,fixed_outer_fold_20260903
MEAS_R000447,C014,S01,447,447,30.5,38.3,7.7,9.0,measurement_group_1,measurement_status_1,1.0,MEAS_UNIT_000447,0,2,5,2,4,3,2,17,28.2,28.2,5.4,2.3000000000000007,2.3,0.7071067811865476,-0.7071067811865475,0.0,22.8,0,0,3,38.33863034488192,measured,cold,S01_C014,30.5,7.7,9.0,38.3,38.33863034488192,-0.038630344881923406,20260903,fixed_outer_fold_20260903
MEAS_R000448,C014,S01,448,448,33.0,38.3,3.6,10.0,measurement_group_1,measurement_status_1,1.0,MEAS_UNIT_000448,0,4,1,1,2,2,3,17,30.5,28.2,7.7,2.5,-4.1,0.4999999999999999,-0.8660254037844387,0.0,29.4,0,0,2,38.32123099458997,measured,cold,S01_C014,33.0,3.6,10.0,38.3,38.32123099458997,-0.021230994589970464,20260903,fixed_outer_fold_20260903
MEAS_R000449,C014,S01,449,449,32.8,38.3,6.1,10.0,measurement_group_1,measurement_status_1,1.0,MEAS_UNIT_000449,0,3,2,5,1,3,4,17,33.0,30.5,3.6,-0.2000000000000028,2.5,0.4999999999999999,-0.8660254037844387,0.0,26.7,0,0,3,38.36589486243727,measured,cold,S01_C014,32.8,6.1,10.0,38.3,38.36589486243727,-0.06589486243727549,20260903,fixed_outer_fold_20260903
MEAS_R000450,C016,S01,450,450,34.3,38.6,9.9,16.0,measurement_group_1,measurement_status_1,1.0,MEAS_UNIT_000450,0,2,3,3,1,4,11,17,33.2,33.0,9.1,1.0999999999999943,0.8000000000000007,-0.8660254037844385,-0.5000000000000004,0.0,24.4,0,0,4,38.69766664992746,measured,cold,S01_C016,34.3,9.9,16.0,38.6,38.69766664992746,-0.09766664992746144,20260903,fixed_outer_fold_20260903
MEAS_R000451,C016,S01,451,451,33.5,38.7,5.8,17.0,measurement_group_1,measurement_status_1,1.0,MEAS_UNIT_000451,0,5,1,1,4,2,12,17,34.3,33.2,9.9,-0.7999999999999972,-4.1000000000000005,-0.9659258262890684,-0.2588190451025206,0.0,27.7,0,0,2,38.65908266595222,measured,cold,S01_C016,33.5,5.8,17.0,38.7,38.65908266595222,0.04091733404778353,20260903,fixed_outer_fold_20260903
MEAS_R000452,C016,S01,452,452,30.6,38.7,2.8,0.0,measurement_group_1,measurement_status_1,1.0,MEAS_UNIT_000452,0,5,2,1,5,3,2,17,28.7,28.7,5.4,1.900000000000002,-2.6000000000000005,0.0,1.0,0.0,27.8,0,1,3,38.72770792750389,measured,cold,S01_C016,30.6,2.8,0.0,38.7,38.72770792750389,-0.027707927503890062,20260903,fixed_outer_fold_20260903
MEAS_R000453,C016,S01,453,453,31.0,38.8,2.3,20.0,measurement_group_1,measurement_status_1,1.0,MEAS_UNIT_000453,0,2,2,2,3,1,14,17,32.1,33.5,9.0,-1.1000000000000014,-6.7,-0.8660254037844386,0.5000000000000001,0.0,28.7,0,1,1,38.90468632819383,measured,cold,S01_C016,31.0,2.3,20.0,38.8,38.90468632819383,-0.10468632819383572,20260903,fixed_outer_fold_20260903
MEAS_R000454,C016,S01,454,454,27.6,38.7,7.0,23.0,measurement_group_1,measurement_status_1,1.0,MEAS_UNIT_000454,0,2,3,4,1,5,17,17,31.8,31.1,5.5,-4.199999999999999,1.5,-0.2588190451025215,0.965925826289068,0.0,20.6,0,1,5,38.71743924450711,measured,cold,S01_C016,27.6,7.0,23.0,38.7,38.71743924450711,-0.01743924450710921,20260903,fixed_outer_fold_20260903
MEAS_R000455,C016,S01,455,455,31.0,38.7,4.5,9.0,measurement_group_1,measurement_status_1,1.0,MEAS_UNIT_000455,0,4,5,3,3,1,3,17,30.6,28.7,2.8,0.3999999999999986,1.7000000000000002,0.7071067811865476,-0.7071067811865475,0.0,26.5,0,0,1,38.6850759004525,measured,cold,S01_C016,31.0,4.5,9.0,38.7,38.6850759004525,0.014924099547499736,20260903,fixed_outer_fold_20260903
MEAS_R000456,C016,S01,456,456,31.1,38.8,4.5,9.0,measurement_group_1,measurement_status_1,1.0,MEAS_UNIT_000456,0,3,4,4,2,4,4,17,31.0,30.6,4.5,0.1000000000000014,0.0,0.7071067811865476,-0.7071067811865475,0.0,26.6,0,0,4,38.831670724045054,measured,cold,S01_C016,31.1,4.5,9.0,38.8,38.831670724045054,-0.031670724045056886,20260903,fixed_outer_fold_20260903
MEAS_R000457,C016,S01,457,457,30.8,38.6,11.7,12.0,measurement_group_1,measurement_status_1,1.0,MEAS_UNIT_000457,0,1,4,5,2,3,7,17,32.2,31.8,6.9,-1.400000000000002,4.799999999999999,1.2246467991473532e-16,-1.0,0.0,19.1,0,0,3,38.56930277188376,measured,cold,S01_C016,30.8,11.7,12.0,38.6,38.56930277188376,0.03069722811623876,20260903,fixed_outer_fold_20260903
MEAS_R000458,C017,S01,458,458,35.0,39.0,36.3,15.0,measurement_group_1,measurement_status_1,1.0,MEAS_UNIT_000458,2,1,2,1,4,5,3,3,36.1,31.5,33.9,-1.1000000000000014,2.3999999999999986,-0.7071067811865471,-0.7071067811865479,1.0,-1.2999999999999972,1,0,5,38.97963223995268,measured,hot,S01_C017,35.0,36.3,15.0,39.0,38.97963223995268,0.020367760047321326,20260903,fixed_outer_fold_20260903
MEAS_R000459,C017,S01,459,459,39.3,39.4,40.9,16.0,measurement_group_1,measurement_status_1,1.0,MEAS_UNIT_000459,4,5,5,2,1,3,3,3,38.2,38.1,37.7,1.0999999999999943,3.199999999999996,-0.8660254037844385,-0.5000000000000004,1.0,-1.6000000000000014,1,0,3,39.39373567726283,measured,hot,S01_C017,39.3,40.9,16.0,39.4,39.39373567726283,0.006264322737166594,20260903,fixed_outer_fold_20260903
MEAS_R000460,C018,S01,460,460,30.7,38.8,2.9,3.0,measurement_group_1,measurement_status_1,1.0,MEAS_UNIT_000460,0,3,2,2,3,5,4,17,30.4,34.1,3.9,0.3000000000000007,-1.0,0.7071067811865476,0.7071067811865476,0.0,27.8,0,1,5,38.790932997788175,measured,cold,S01_C018,30.7,2.9,3.0,38.8,38.790932997788175,0.009067002211821773,20260903,fixed_outer_fold_20260903
MEAS_R000461,C018,S01,461,461,32.7,38.8,4.6,9.0,measurement_group_1,measurement_status_1,1.0,MEAS_UNIT_000461,0,2,2,5,1,1,8,17,32.6,30.8,5.3,0.1000000000000014,-0.7000000000000002,0.7071067811865476,-0.7071067811865475,0.0,28.1,0,0,1,38.788227489275954,measured,cold,S01_C018,32.7,4.6,9.0,38.8,38.788227489275954,0.011772510724043173,20260903,fixed_outer_fold_20260903
MEAS_R000462,C018,S01,462,462,32.5,38.8,5.4,14.0,measurement_group_1,measurement_status_1,1.0,MEAS_UNIT_000462,0,3,1,1,2,5,11,17,32.7,32.9,11.7,-0.2000000000000028,-6.299999999999999,-0.4999999999999997,-0.8660254037844388,0.0,27.1,0,0,5,38.76703331026962,measured,cold,S01_C018,32.5,5.4,14.0,38.8,38.76703331026962,0.03296668973037953,20260903,fixed_outer_fold_20260903
MEAS_R000463,C018,S01,463,463,34.0,38.8,6.3,15.0,measurement_group_1,measurement_status_1,1.0,MEAS_UNIT_000463,0,2,5,1,2,4,13,17,32.9,32.5,8.8,1.1000000000000014,-2.500000000000001,-0.7071067811865471,-0.7071067811865479,0.0,27.7,0,0,4,38.756163988973306,measured,cold,S01_C018,34.0,6.3,15.0,38.8,38.756163988973306,0.043836011026691324,20260903,fixed_outer_fold_20260903
MEAS_R000464,C018,S01,464,464,33.0,38.8,8.8,15.0,measurement_group_1,measurement_status_1,1.0,MEAS_UNIT_000464,0,1,4,2,5,1,14,17,34.0,32.9,6.3,-1.0,2.500000000000001,-0.7071067811865471,-0.7071067811865479,0.0,24.2,0,0,1,38.786961589860994,measured,cold,S01_C018,33.0,8.8,15.0,38.8,38.786961589860994,0.013038410139003531,20260903,fixed_outer_fold_20260903
MEAS_R000465,C019,S01,465,465,36.8,39.4,31.3,21.0,measurement_group_1,measurement_status_1,1.0,MEAS_UNIT_000465,3,2,4,3,3,5,2,2,35.4,35.4,34.3,1.3999999999999986,-2.9999999999999964,-0.7071067811865477,0.7071067811865474,0.7823529411764706,5.4999999999999964,1,1,5,39.42100933561809,measured,hot,S01_C019,36.8,31.3,21.0,39.4,39.42100933561809,-0.021009335618089153,20260903,fixed_outer_fold_20260903
MEAS_R000466,C019,S01,466,466,35.4,39.5,30.8,22.0,measurement_group_1,measurement_status_1,1.0,MEAS_UNIT_000466,1,3,2,2,2,4,5,7,34.4,35.7,29.0,1.0,1.8000000000000007,-0.5000000000000004,0.8660254037844384,0.7529411764705882,4.599999999999998,1,1,4,39.492848658737785,measured,hot,S01_C019,35.4,30.8,22.0,39.5,39.492848658737785,0.007151341262215283,20260903,fixed_outer_fold_20260903
MEAS_R000467,C019,S01,467,467,37.4,39.5,32.5,23.0,measurement_group_1,measurement_status_1,1.0,MEAS_UNIT_000467,5,2,1,2,3,2,2,2,37.1,37.1,30.5,0.2999999999999971,2.0,-0.2588190451025215,0.965925826289068,0.8529411764705882,4.899999999999999,1,1,2,39.62303160935687,measured,hot,S01_C019,37.4,32.5,23.0,39.5,39.62303160935687,-0.12303160935687174,20260903,fixed_outer_fold_20260903
MEAS_R000468,C019,S01,468,468,34.4,39.5,29.0,20.0,measurement_group_1,measurement_status_1,1.0,MEAS_UNIT_000468,1,1,2,1,1,1,4,7,35.7,35.6,34.8,-1.3000000000000045,-5.799999999999997,-0.8660254037844386,0.5000000000000001,0.6470588235294118,5.399999999999999,0,1,1,39.52243305903558,measured,moderate,S01_C019,34.4,29.0,20.0,39.5,39.52243305903558,-0.022433059035577685,20260903,fixed_outer_fold_20260903
MEAS_R000469,C020,S01,469,469,38.4,40.2,32.0,21.0,measurement_group_1,measurement_status_1,1.0,MEAS_UNIT_000469,3,5,3,1,2,1,3,5,37.3,37.1,35.6,1.1000000000000014,-3.6000000000000014,-0.7071067811865477,0.7071067811865474,0.8235294117647058,6.399999999999999,1,1,1,40.28993931068607,measured,hot,S01_C020,38.4,32.0,21.0,40.2,40.28993931068607,-0.08993931068606997,20260903,fixed_outer_fold_20260903
MEAS_R000470,C020,S01,470,470,32.8,39.6,33.3,2.0,measurement_group_1,measurement_status_1,1.0,MEAS_UNIT_000470,1,2,3,1,1,3,2,5,32.0,32.0,27.4,0.7999999999999972,5.899999999999999,0.4999999999999999,0.8660254037844387,0.8999999999999998,-0.5,1,1,3,39.61607185509336,measured,hot,S01_C020,32.8,33.3,2.0,39.6,39.61607185509336,-0.016071855093358067,20260903,fixed_outer_fold_20260903
MEAS_R000471,C021,S01,471,471,30.7,38.3,9.4,1.0,measurement_group_1,measurement_status_1,1.0,MEAS_UNIT_000471,0,2,4,3,3,3,1,17,30.7,30.7,9.4,0.0,0.0,0.2588190451025207,0.9659258262890684,0.0,21.3,0,1,3,38.24344397557077,measured,cold,S01_C021,30.7,9.4,1.0,38.3,38.24344397557077,0.056556024429227136,20260903,fixed_outer_fold_20260903
MEAS_R000472,C021,S01,472,472,30.0,38.3,7.7,21.0,measurement_group_1,measurement_status_1,1.0,MEAS_UNIT_000472,0,3,1,4,1,3,14,17,28.1,32.8,13.4,1.8999999999999984,-5.7,-0.7071067811865477,0.7071067811865474,0.0,22.3,0,1,3,38.280976547953344,measured,cold,S01_C021,30.0,7.7,21.0,38.3,38.280976547953344,0.019023452046653233,20260903,fixed_outer_fold_20260903
MEAS_R000473,C021,S01,473,473,27.2,38.3,10.1,1.0,measurement_group_1,measurement_status_1,1.0,MEAS_UNIT_000473,0,1,1,3,3,4,2,17,30.7,30.7,9.4,-3.5,0.6999999999999993,0.2588190451025207,0.9659258262890684,0.0,17.1,0,1,4,38.279312425177366,measured,cold,S01_C021,27.2,10.1,1.0,38.3,38.279312425177366,0.02068757482263095,20260903,fixed_outer_fold_20260903
MEAS_R000474,C021,S01,474,474,31.1,38.2,12.3,12.0,measurement_group_1,measurement_status_1,1.0,MEAS_UNIT_000474,0,4,5,1,4,5,6,17,30.4,32.9,16.0,0.7000000000000028,-3.6999999999999993,1.2246467991473532e-16,-1.0,0.0,18.8,0,0,5,38.215759949943205,measured,cold,S01_C021,31.1,12.3,12.0,38.2,38.215759949943205,-0.0157599499432024,20260903,fixed_outer_fold_20260903
MEAS_R000475,C021,S01,475,475,31.6,38.2,12.8,13.0,measurement_group_1,measurement_status_1,1.0,MEAS_UNIT_000475,0,4,2,2,5,4,9,17,31.5,31.8,18.3,0.1000000000000014,-5.5,-0.2588190451025208,-0.9659258262890684,0.0,18.8,0,0,4,38.20045183722284,measured,cold,S01_C021,31.6,12.8,13.0,38.2,38.20045183722284,-0.00045183722284036776,20260903,fixed_outer_fold_20260903
MEAS_R000476,C021,S01,476,476,32.9,38.3,15.1,11.0,measurement_group_1,measurement_status_1,1.0,MEAS_UNIT_000476,0,3,4,2,2,2,4,17,30.0,27.2,13.1,2.8999999999999986,2.0,0.258819045102521,-0.9659258262890682,0.0,17.799999999999997,0,0,2,38.28310545647026,measured,cold,S01_C021,32.9,15.1,11.0,38.3,38.28310545647026,0.016894543529737405,20260903,fixed_outer_fold_20260903
MEAS_R000477,C021,S01,477,477,31.8,38.2,23.2,12.0,measurement_group_1,measurement_status_1,1.0,MEAS_UNIT_000477,0,1,3,5,2,2,7,17,31.1,30.4,12.3,0.6999999999999993,10.9,1.2246467991473532e-16,-1.0,0.3058823529411764,8.600000000000001,0,0,2,38.21552726378018,measured,moderate,S01_C021,31.8,23.2,12.0,38.2,38.21552726378018,-0.015527263780178657,20260903,fixed_outer_fold_20260903
MEAS_R000478,C021,S01,478,478,32.0,38.2,18.8,13.0,measurement_group_1,measurement_status_1,1.0,MEAS_UNIT_000478,0,1,3,4,1,1,10,17,31.6,31.5,12.8,0.3999999999999986,6.0,-0.2588190451025208,-0.9659258262890684,0.0470588235294118,13.2,0,0,1,38.25887128307093,measured,moderate,S01_C021,32.0,18.8,13.0,38.2,38.25887128307093,-0.05887128307092837,20260903,fixed_outer_fold_20260903
MEAS_R000479,C022,S01,479,479,32.5,38.4,8.6,21.0,measurement_group_1,measurement_status_1,1.0,MEAS_UNIT_000479,0,1,2,4,4,1,13,17,31.5,32.9,6.0,1.0,2.6,-0.7071067811865477,0.7071067811865474,0.0,23.9,0,1,1,38.354168963332526,measured,cold,S01_C022,32.5,8.6,21.0,38.4,38.354168963332526,0.04583103666747235,20260903,fixed_outer_fold_20260903
MEAS_R000480,C022,S01,480,480,30.7,38.4,2.3,21.0,measurement_group_1,measurement_status_1,1.0,MEAS_UNIT_000480,0,2,4,2,4,2,14,17,32.5,31.5,8.6,-1.8000000000000007,-6.3,-0.7071067811865477,0.7071067811865474,0.0,28.4,0,1,2,38.42696955712047,measured,cold,S01_C022,30.7,2.3,21.0,38.4,38.42696955712047,-0.026969557120473553,20260903,fixed_outer_fold_20260903
MEAS_R000481,C022,S01,481,481,25.5,38.4,4.6,22.0,measurement_group_1,measurement_status_1,1.0,MEAS_UNIT_000481,0,5,1,2,1,2,16,17,31.1,30.7,5.4,-5.600000000000001,-0.8000000000000007,-0.5000000000000004,0.8660254037844384,0.0,20.9,0,1,2,38.42573523723519,measured,cold,S01_C022,25.5,4.6,22.0,38.4,38.42573523723519,-0.02573523723518889,20260903,fixed_outer_fold_20260903
MEAS_R000482,C023,S01,482,482,33.8,38.9,12.0,17.0,measurement_group_1,measurement_status_1,1.0,MEAS_UNIT_000482,0,3,4,4,5,5,12,17,35.3,32.4,9.1,-1.5,2.9000000000000004,-0.9659258262890684,-0.2588190451025206,0.0,21.8,0,0,5,38.910764445237206,measured,cold,S01_C023,33.8,12.0,17.0,38.9,38.910764445237206,-0.010764445237207099,20260903,fixed_outer_fold_20260903
MEAS_R000483,C023,S01,483,483,36.7,38.9,8.3,13.0,measurement_group_1,measurement_status_1,1.0,MEAS_UNIT_000483,0,5,1,5,5,1,8,17,33.0,32.8,8.0,3.700000000000003,0.3000000000000007,-0.2588190451025208,-0.9659258262890684,0.0,28.4,0,0,1,38.98003738471797,measured,cold,S01_C023,36.7,8.3,13.0,38.9,38.98003738471797,-0.08003738471796851,20260903,fixed_outer_fold_20260903
MEAS_R000484,C023,S01,484,484,31.6,39.1,9.8,20.0,measurement_group_1,measurement_status_1,1.0,MEAS_UNIT_000484,0,5,2,1,2,3,14,17,32.1,33.8,9.0,-0.5,0.8000000000000007,-0.8660254037844386,0.5000000000000001,0.0,21.8,0,1,3,39.27075869174831,measured,cold,S01_C023,31.6,9.8,20.0,39.1,39.27075869174831,-0.17075869174831126,20260903,fixed_outer_fold_20260903
MEAS_R000485,C024,S01,485,485,38.4,39.0,35.9,21.0,measurement_group_1,measurement_status_1,1.0,MEAS_UNIT_000485,5,1,5,2,1,3,4,4,38.1,37.9,35.1,0.2999999999999971,0.7999999999999972,-0.7071067811865477,0.7071067811865474,1.0,2.5,1,1,3,38.985284988854914,measured,hot,S01_C024,38.4,35.9,21.0,39.0,38.985284988854914,0.014715011145085555,20260903,fixed_outer_fold_20260903
MEAS_R000486,C025,S01,486,486,27.5,39.4,12.6,10.0,measurement_group_1,measurement_status_1,1.0,MEAS_UNIT_000486,0,5,2,2,3,5,4,17,29.5,31.4,16.5,-2.0,-3.9,0.4999999999999999,-0.8660254037844387,0.0,14.9,0,0,5,39.38202028827656,measured,cold,S01_C025,27.5,12.6,10.0,39.4,39.38202028827656,0.017979711723441483,20260903,fixed_outer_fold_20260903
MEAS_R000487,C025,S01,487,487,29.8,39.4,14.5,15.0,measurement_group_1,measurement_status_1,1.0,MEAS_UNIT_000487,0,1,5,4,2,5,11,17,31.2,31.9,21.3,-1.3999999999999986,-6.800000000000001,-0.7071067811865471,-0.7071067811865479,0.0,15.3,0,0,5,39.375644002333736,measured,cold,S01_C025,29.8,14.5,15.0,39.4,39.375644002333736,0.024355997666262397,20260903,fixed_outer_fold_20260903
MEAS_R000488,C025,S01,488,488,31.5,39.4,15.8,12.0,measurement_group_1,measurement_status_1,1.0,MEAS_UNIT_000488,0,1,3,2,3,4,6,17,30.9,27.5,22.3,0.6000000000000014,-6.5,1.2246467991473532e-16,-1.0,0.0,15.7,0,0,4,39.38598698375559,measured,cold,S01_C025,31.5,15.8,12.0,39.4,39.38598698375559,0.014013016244405208,20260903,fixed_outer_fold_20260903
MEAS_R000489,C025,S01,489,489,30.9,39.4,22.3,11.0,measurement_group_1,measurement_status_1,1.0,MEAS_UNIT_000489,0,1,3,1,2,2,5,17,27.5,29.5,12.6,3.3999999999999986,9.7,0.258819045102521,-0.9659258262890682,0.2529411764705883,8.599999999999998,0,0,2,39.39385028080604,measured,moderate,S01_C025,30.9,22.3,11.0,39.4,39.39385028080604,0.006149719193956571,20260903,fixed_outer_fold_20260903
MEAS_R000490,C025,S01,490,490,31.6,39.3,20.5,18.0,measurement_group_1,measurement_status_1,1.0,MEAS_UNIT_000490,0,2,1,1,1,4,12,17,29.8,31.2,14.5,1.8000000000000007,6.0,-1.0,-1.8369701987210294e-16,0.1470588235294117,11.1,0,0,4,39.196982494362594,measured,moderate,S01_C025,31.6,20.5,18.0,39.3,39.196982494362594,0.10301750563740342,20260903,fixed_outer_fold_20260903
MEAS_R000491,C025,S01,491,491,30.9,39.5,10.9,19.0,measurement_group_1,measurement_status_1,1.0,MEAS_UNIT_000491,0,2,2,5,5,1,13,17,31.6,29.8,20.5,-0.7000000000000028,-9.6,-0.9659258262890684,0.2588190451025203,0.0,20.0,0,0,1,39.3126378981988,measured,cold,S01_C025,30.9,10.9,19.0,39.5,39.3126378981988,0.18736210180119883,20260903,fixed_outer_fold_20260903
MEAS_R000492,C025,S01,492,492,31.1,39.5,11.3,19.0,measurement_group_1,measurement_status_1,1.0,MEAS_UNIT_000492,0,4,4,4,2,1,14,17,30.9,31.6,10.9,0.2000000000000028,0.4000000000000003,-0.9659258262890684,0.2588190451025203,0.0,19.8,0,0,1,39.30848211027293,measured,cold,S01_C025,31.1,11.3,19.0,39.5,39.30848211027293,0.1915178897270735,20260903,fixed_outer_fold_20260903
MEAS_R000493,C025,S01,493,493,31.4,39.4,11.4,1.0,measurement_group_1,measurement_status_1,1.0,MEAS_UNIT_000493,0,3,3,2,5,2,2,17,31.3,31.3,12.4,0.0999999999999978,-1.0,0.2588190451025207,0.9659258262890684,0.0,20.0,0,1,2,39.40376969376244,measured,cold,S01_C025,31.4,11.4,1.0,39.4,39.40376969376244,-0.0037696937624431825,20260903,fixed_outer_fold_20260903
MEAS_R000494,C026,S01,494,494,32.1,38.6,3.1,1.0,measurement_group_1,measurement_status_1,1.0,MEAS_UNIT_000494,0,3,4,4,1,1,3,17,31.5,28.6,6.2,0.6000000000000014,-3.1,0.2588190451025207,0.9659258262890684,0.0,29.0,0,1,1,38.546573097740925,measured,cold,S01_C026,32.1,3.1,1.0,38.6,38.546573097740925,0.053426902259076314,20260903,fixed_outer_fold_20260903
MEAS_R000495,C026,S01,495,495,27.8,38.7,8.6,22.0,measurement_group_1,measurement_status_1,1.0,MEAS_UNIT_000495,0,1,1,5,1,3,15,17,30.6,30.7,5.4,-2.8000000000000007,3.1999999999999997,-0.5000000000000004,0.8660254037844384,0.0,19.200000000000003,0,1,3,38.72244312422856,measured,cold,S01_C026,27.8,8.6,22.0,38.7,38.72244312422856,-0.022443124228558986,20260903,fixed_outer_fold_20260903
MEAS_R000496,C026,S01,496,496,35.0,38.7,10.4,10.0,measurement_group_1,measurement_status_1,1.0,MEAS_UNIT_000496,0,2,5,2,2,1,6,17,28.1,31.2,7.8,6.899999999999999,2.6000000000000005,0.4999999999999999,-0.8660254037844387,0.0,24.6,0,0,1,38.7376915576427,measured,cold,S01_C026,35.0,10.4,10.0,38.7,38.7376915576427,-0.03769155764269527,20260903,fixed_outer_fold_20260903
MEAS_R000497,C026,S01,497,497,32.5,38.7,14.4,16.0,measurement_group_1,measurement_status_1,1.0,MEAS_UNIT_000497,0,5,3,2,2,4,10,17,33.9,34.4,11.2,-1.3999999999999986,3.200000000000001,-0.8660254037844385,-0.5000000000000004,0.0,18.1,0,0,4,38.66931794823015,measured,cold,S01_C026,32.5,14.4,16.0,38.7,38.66931794823015,0.03068205176985117,20260903,fixed_outer_fold_20260903
MEAS_R000498,C026,S01,498,498,31.4,38.7,8.2,17.0,measurement_group_1,measurement_status_1,1.0,MEAS_UNIT_000498,0,2,2,1,4,2,11,17,32.5,33.9,14.4,-1.1000000000000014,-6.200000000000001,-0.9659258262890684,-0.2588190451025206,0.0,23.2,0,0,2,38.64524761761693,measured,cold,S01_C026,31.4,8.2,17.0,38.7,38.64524761761693,0.05475238238307156,20260903,fixed_outer_fold_20260903
MEAS_R000499,C026,S01,499,499,29.3,38.7,6.8,22.0,measurement_group_1,measurement_status_1,1.0,MEAS_UNIT_000499,0,4,1,1,5,2,16,17,27.8,30.6,8.6,1.5,-1.7999999999999998,-0.5000000000000004,0.8660254037844384,0.0,22.5,0,1,2,38.65128247582481,measured,cold,S01_C026,29.3,6.8,22.0,38.7,38.65128247582481,0.04871752417519559,20260903,fixed_outer_fold_20260903
MEAS_R000500,C026,S01,500,500,31.5,38.6,6.2,0.0,measurement_group_1,measurement_status_1,1.0,MEAS_UNIT_000500,0,1,2,3,3,5,2,17,28.6,28.6,5.4,2.8999999999999986,0.7999999999999998,0.0,1.0,0.0,25.3,0,1,5,38.570152620566375,measured,cold,S01_C026,31.5,6.2,0.0,38.6,38.570152620566375,0.02984737943362603,20260903,fixed_outer_fold_20260903
MEAS_R000501,C026,S01,501,501,31.2,38.6,8.7,1.0,measurement_group_1,measurement_status_1,1.0,MEAS_UNIT_000501,0,3,4,4,1,1,4,17,32.1,31.5,3.1,-0.9000000000000021,5.6,0.2588190451025207,0.9659258262890684,0.0,22.5,0,1,1,38.5709714123101,measured,cold,S01_C026,31.2,8.7,1.0,38.6,38.5709714123101,0.029028587689900576,20260903,fixed_outer_fold_20260903
MEAS_R000502,C026,S01,502,502,28.1,38.7,7.8,3.0,measurement_group_1,measurement_status_1,1.0,MEAS_UNIT_000502,0,1,1,5,1,3,5,17,31.2,32.1,8.7,-3.099999999999998,-0.8999999999999995,0.7071067811865476,0.7071067811865476,0.0,20.3,0,1,3,38.667731425723616,measured,cold,S01_C026,28.1,7.8,3.0,38.7,38.667731425723616,0.03226857427638663,20260903,fixed_outer_fold_20260903
MEAS_R000503,C026,S01,503,503,34.4,38.6,9.6,14.0,measurement_group_1,measurement_status_1,1.0,MEAS_UNIT_000503,0,2,5,2,2,1,8,17,33.9,35.0,8.0,0.5,1.5999999999999996,-0.4999999999999997,-0.8660254037844388,0.0,24.8,0,0,1,38.64461679997167,measured,cold,S01_C026,34.4,9.6,14.0,38.6,38.64461679997167,-0.04461679997167067,20260903,fixed_outer_fold_20260903
MEAS_R000504,C027,S01,504,504,31.6,39.0,8.7,2.0,measurement_group_1,measurement_status_1,1.0,MEAS_UNIT_000504,0,1,1,2,3,2,3,17,30.9,29.5,3.8,0.7000000000000028,4.9,0.4999999999999999,0.8660254037844387,0.0,22.9,0,1,2,39.01695205685993,measured,cold,S01_C027,31.6,8.7,2.0,39.0,39.01695205685993,-0.016952056859928177,20260903,fixed_outer_fold_20260903
MEAS_R000505,C027,S01,505,505,30.9,39.0,3.8,1.0,measurement_group_1,measurement_status_1,1.0,MEAS_UNIT_000505,0,4,4,5,3,3,2,17,29.5,29.5,5.4,1.3999999999999986,-1.6000000000000003,0.2588190451025207,0.9659258262890684,0.0,27.1,0,1,3,38.95988084057312,measured,cold,S01_C027,30.9,3.8,1.0,39.0,38.95988084057312,0.04011915942687949,20260903,fixed_outer_fold_20260903
MEAS_R000506,C027,S01,506,506,30.1,38.6,7.7,12.0,measurement_group_1,measurement_status_1,1.0,MEAS_UNIT_000506,0,2,2,2,2,5,8,17,31.9,31.5,6.9,-1.7999999999999972,0.7999999999999998,1.2246467991473532e-16,-1.0,0.0,22.4,0,0,5,38.607710980259,measured,cold,S01_C027,30.1,7.7,12.0,38.6,38.607710980259,-0.007710980258998745,20260903,fixed_outer_fold_20260903
MEAS_R000507,C027,S01,507,507,32.3,39.8,3.4,10.0,measurement_group_1,measurement_status_1,1.0,MEAS_UNIT_000507,0,3,5,5,1,1,4,17,31.6,30.9,8.7,0.6999999999999957,-5.299999999999999,0.4999999999999999,-0.8660254037844387,0.0,28.9,0,0,1,40.10416485509423,measured,cold,S01_C027,32.3,3.4,10.0,39.8,40.10416485509423,-0.3041648550942355,20260903,fixed_outer_fold_20260903
MEAS_R000508,C027,S01,508,508,30.5,38.8,6.1,13.0,measurement_group_1,measurement_status_1,1.0,MEAS_UNIT_000508,0,5,2,4,1,1,11,17,32.8,31.1,9.3,-2.299999999999997,-3.200000000000001,-0.2588190451025208,-0.9659258262890684,0.0,24.4,0,0,1,38.54404791619845,measured,cold,S01_C027,30.5,6.1,13.0,38.8,38.54404791619845,0.2559520838015459,20260903,fixed_outer_fold_20260903
MEAS_R000509,C028,S01,509,509,33.4,40.3,28.7,3.0,measurement_group_1,measurement_status_1,1.0,MEAS_UNIT_000509,1,1,2,3,2,1,2,4,35.4,35.4,33.2,-2.0,-4.500000000000004,0.7071067811865476,0.7071067811865476,0.6294117647058823,4.699999999999999,0,1,1,40.31697948974579,measured,moderate,S01_C028,33.4,28.7,3.0,40.3,40.31697948974579,-0.01697948974579333,20260903,fixed_outer_fold_20260903
MEAS_R000510,C028,S01,510,510,36.6,40.2,37.5,11.0,measurement_group_1,measurement_status_1,1.0,MEAS_UNIT_000510,4,5,5,4,2,1,1,6,36.6,36.6,37.5,0.0,0.0,0.258819045102521,-0.9659258262890682,1.0,-0.8999999999999986,1,0,1,40.20832507514194,measured,hot,S01_C028,36.6,37.5,11.0,40.2,40.20832507514194,-0.00832507514193992,20260903,fixed_outer_fold_20260903
MEAS_R000511,C028,S01,511,511,35.9,40.2,37.5,16.0,measurement_group_1,measurement_status_1,1.0,MEAS_UNIT_000511,4,4,2,5,1,2,5,6,36.6,38.6,36.5,-0.7000000000000028,1.0,-0.8660254037844385,-0.5000000000000004,1.0,-1.6000000000000014,1,0,2,40.16062570202484,measured,hot,S01_C028,35.9,37.5,16.0,40.2,40.16062570202484,0.03937429797516501,20260903,fixed_outer_fold_20260903
MEAS_R000512,C028,S01,512,512,37.5,40.2,38.4,17.0,measurement_group_1,measurement_status_1,1.0,MEAS_UNIT_000512,4,1,2,1,1,3,6,6,35.9,36.6,37.5,1.6000000000000014,0.8999999999999986,-0.9659258262890684,-0.2588190451025206,1.0,-0.8999999999999986,1,0,3,40.16558863999806,measured,hot,S01_C028,37.5,38.4,17.0,40.2,40.16558863999806,0.034411360001939784,20260903,fixed_outer_fold_20260903
MEAS_R000513,C029,S01,513,513,34.2,38.3,5.2,14.0,measurement_group_1,measurement_status_1,1.0,MEAS_UNIT_000513,0,2,4,2,1,3,10,17,33.6,35.0,8.8,0.6000000000000014,-3.6000000000000005,-0.4999999999999997,-0.8660254037844388,0.0,29.000000000000004,0,0,3,38.33279274289284,measured,cold,S01_C029,34.2,5.2,14.0,38.3,38.33279274289284,-0.03279274289284473,20260903,fixed_outer_fold_20260903
MEAS_R000514,C029,S01,514,514,34.6,38.4,10.9,16.0,measurement_group_1,measurement_status_1,1.0,MEAS_UNIT_000514,0,5,5,2,2,2,13,17,35.0,36.1,11.2,-0.3999999999999986,-0.2999999999999989,-0.8660254037844385,-0.5000000000000004,0.0,23.700000000000003,0,0,2,38.391538391409526,measured,cold,S01_C029,34.6,10.9,16.0,38.4,38.391538391409526,0.008461608590472736,20260903,fixed_outer_fold_20260903
MEAS_R000515,C029,S01,515,515,36.8,38.3,6.4,11.0,measurement_group_1,measurement_status_1,1.0,MEAS_UNIT_000515,0,2,1,5,5,2,3,17,35.7,31.8,6.1,1.0999999999999943,0.3000000000000007,0.258819045102521,-0.9659258262890682,0.0,30.4,0,0,2,38.31262577621865,measured,cold,S01_C029,36.8,6.4,11.0,38.3,38.31262577621865,-0.01262577621865546,20260903,fixed_outer_fold_20260903
MEAS_R000516,C029,S01,516,516,35.0,38.3,6.4,13.0,measurement_group_1,measurement_status_1,1.0,MEAS_UNIT_000516,0,1,5,3,4,5,8,17,36.3,33.2,8.0,-1.2999999999999972,-1.5999999999999996,-0.2588190451025208,-0.9659258262890684,0.0,28.6,0,0,5,38.268354891563874,measured,cold,S01_C029,35.0,6.4,13.0,38.3,38.268354891563874,0.03164510843612334,20260903,fixed_outer_fold_20260903
MEAS_R000517,C029,S01,517,517,36.1,38.3,8.8,14.0,measurement_group_1,measurement_status_1,1.0,MEAS_UNIT_000517,0,3,3,1,5,4,11,17,34.2,33.6,5.2,1.8999999999999984,3.6000000000000005,-0.4999999999999997,-0.8660254037844388,0.0,27.3,0,0,4,38.29560262885794,measured,cold,S01_C029,36.1,8.8,14.0,38.3,38.29560262885794,0.004397371142054851,20260903,fixed_outer_fold_20260903
MEAS_R000518,C030,S01,518,518,30.0,40.3,6.5,9.0,measurement_group_1,measurement_status_1,1.0,MEAS_UNIT_000518,0,4,5,2,1,5,5,17,30.6,32.0,4.3,-0.6000000000000014,2.2,0.7071067811865476,-0.7071067811865475,0.0,23.5,0,0,5,40.21819588645605,measured,cold,S01_C030,30.0,6.5,9.0,40.3,40.21819588645605,0.08180411354394579,20260903,fixed_outer_fold_20260903
MEAS_R000519,C030,S01,519,519,30.6,40.2,5.6,13.0,measurement_group_1,measurement_status_1,1.0,MEAS_UNIT_000519,0,1,1,2,2,2,11,17,32.5,31.7,11.7,-1.8999999999999984,-6.1,-0.2588190451025208,-0.9659258262890684,0.0,25.0,0,0,2,40.17493479024818,measured,cold,S01_C030,30.6,5.6,13.0,40.2,40.17493479024818,0.025065209751822692,20260903,fixed_outer_fold_20260903
MEAS_R000520,C030,S01,520,520,32.3,40.3,8.3,10.0,measurement_group_1,measurement_status_1,1.0,MEAS_UNIT_000520,0,4,4,4,3,3,8,17,30.4,31.0,10.5,1.8999999999999984,-2.1999999999999997,0.4999999999999999,-0.8660254037844387,0.0,24.0,0,0,3,40.20829720577986,measured,cold,S01_C030,32.3,8.3,10.0,40.3,40.20829720577986,0.09170279422014005,20260903,fixed_outer_fold_20260903
