Dataset,FoldMode,FoldID,Model,RowID,SourceRowID,CowKey,CowID_raw,Source,SourceType,EarStatus,HeatSegment,SessionID,Ear,Air,Time,Actual,SourceMemoryPredicted,BatchSessionPredicted,BatchModelPredicted,BatchMemoryPredicted,Predicted,Residual,AlphaSourceMemory,AlphaBatchSession,SourceMemoryResidual,BatchResidual,SourceMemoryConfig,BatchConfig,SourceMemoryExactMatch,BatchExactMatch,SourceMemoryNearestDistance,BatchNearestDistance
all_real_plus_may133,within_cow_random5,1,StrictFixedDualEnsemble_0p50,2,122,HIST_0,0,core_history_280,real_history,measured_or_research,core_history_280,core_history_280_S22,30.4,16.0,12,38.3,38.0080499797426,38.0231187982091,38.1284377678283,38.0,38.0155843889759,0.284415611024144,0.5,0.5,0.291950020257389,0.2768812017909,global_k1_t2_e06_a5,global_k1_t2_e06_a5,False,False,0.333333333333332,0.333333333333332
all_real_plus_may133,within_cow_random5,1,StrictFixedDualEnsemble_0p50,6,126,HIST_0,0,core_history_280,real_history,measured_or_research,core_history_280,core_history_280_S23,28.1,13.4,21,38.3,38.0351502843593,38.0553200066532,38.3073333702954,38.0,38.0452351455062,0.254764854493772,0.5,0.5,0.264849715640722,0.244679993346814,global_k1_t2_e06_a5,global_k1_t2_e06_a5,False,False,1.7873008824606,1.7873008824606
all_real_plus_may133,within_cow_random5,1,StrictFixedDualEnsemble_0p50,19,3,HIST_10,10,core_history_280,real_history,measured_or_research,core_history_280,core_history_280_S02,31.8,6.9,12,38.7,38.6947914741209,38.6816135815074,38.5978532305968,38.7,38.6882025278142,0.0117974721858332,0.5,0.5,0.0052085258790839,0.0183864184925824,global_k1_t2_e06_a5,global_k1_t2_e06_a5,True,True,0.0,0.0
all_real_plus_may133,within_cow_random5,1,StrictFixedDualEnsemble_0p50,21,4,HIST_10,10,core_history_280,real_history,measured_or_research,core_history_280,core_history_280_S02,33.6,6.8,12,38.4,38.4192795337088,38.4244642752981,38.5359126405452,38.4,38.4218719045035,-0.0218719045034632,0.5,0.5,-0.0192795337087901,-0.0244642752981363,global_k1_t2_e06_a5,global_k1_t2_e06_a5,False,False,0.554616984954482,0.554616984954482
all_real_plus_may133,within_cow_random5,1,StrictFixedDualEnsemble_0p50,22,138,HIST_10,10,core_history_280,real_history,measured_or_research,core_history_280,core_history_280_S24,33.6,6.8,12,38.4,38.4258794029537,38.416380955555,38.4910053086387,38.4,38.4211301792543,-0.0211301792543495,0.5,0.5,-0.0258794029537341,-0.0163809555549648,global_k1_t2_e06_a5,global_k1_t2_e06_a5,False,False,0.554616984954482,0.554616984954482
all_real_plus_may133,within_cow_random5,1,StrictFixedDualEnsemble_0p50,29,8,HIST_10,10,core_history_280,real_history,measured_or_research,core_history_280,core_history_280_S02,33.9,11.2,15,38.3,38.3298995397837,38.1573142307216,38.4184123928979,38.1,38.2436068852527,0.0563931147473369,0.5,0.5,-0.0298995397837132,0.14268576927838,global_k1_t2_e06_a5,global_k1_t2_e06_a5,True,True,0.0,0.0
all_real_plus_may133,within_cow_random5,1,StrictFixedDualEnsemble_0p50,38,146,HIST_10,10,core_history_280,real_history,measured_or_research,core_history_280,core_history_280_S25,33.7,5.5,23,38.0,38.0763584329491,38.1127508020582,38.6263933447675,38.0,38.0945546175037,-0.094554617503654,0.5,0.5,-0.0763584329491493,-0.112750802058159,global_k1_t2_e06_a5,global_k1_t2_e06_a5,True,True,0.0,0.0
all_real_plus_may133,within_cow_random5,1,StrictFixedDualEnsemble_0p50,43,14,HIST_11,11,core_history_280,real_history,measured_or_research,core_history_280,core_history_280_S04,33.1,5.0,11,39.1,39.0811775755352,39.1003661024134,39.1020339022967,39.1,39.0907718389743,0.0092281610257032,0.5,0.5,0.0188224244648083,-0.0003661024134018,global_k1_t2_e06_a5,global_k1_t2_e06_a5,True,True,0.0,0.0
all_real_plus_may133,within_cow_random5,1,StrictFixedDualEnsemble_0p50,47,17,HIST_11,11,core_history_280,real_history,measured_or_research,core_history_280,core_history_280_S04,36.2,6.8,12,39.3,39.2520658505822,39.24062199345,38.9701221858333,39.3,39.2463439220161,0.0536560779839022,0.5,0.5,0.0479341494178058,0.0593780065500056,global_k1_t2_e06_a5,global_k1_t2_e06_a5,True,True,0.0,0.0
all_real_plus_may133,within_cow_random5,1,StrictFixedDualEnsemble_0p50,50,153,HIST_11,11,core_history_280,real_history,measured_or_research,core_history_280,core_history_280_S26,32.8,8.0,13,39.2,39.1673765913735,39.1898181316874,39.1434340649301,39.2,39.1785973615305,0.0214026384695387,0.5,0.5,0.032623408626506,0.0101818683125785,global_k1_t2_e06_a5,global_k1_t2_e06_a5,True,True,0.0,0.0
all_real_plus_may133,within_cow_random5,1,StrictFixedDualEnsemble_0p50,54,154,HIST_11,11,core_history_280,real_history,measured_or_research,core_history_280,core_history_280_S26,36.2,8.8,14,39.0,38.9859628173875,38.9923357087141,38.9574206039674,39.0,38.9891492630508,0.0108507369491804,0.5,0.5,0.0140371826124834,0.0076642912858702,global_k1_t2_e06_a5,global_k1_t2_e06_a5,True,True,0.0,0.0
all_real_plus_may133,within_cow_random5,1,StrictFixedDualEnsemble_0p50,57,22,HIST_11,11,core_history_280,real_history,measured_or_research,core_history_280,core_history_280_S05,33.7,9.0,19,40.0,39.9895440080014,39.9415285312728,39.675158507071,40.0,39.9655362696371,0.0344637303629156,0.5,0.5,0.0104559919986045,0.0584714687272196,global_k1_t2_e06_a5,global_k1_t2_e06_a5,True,True,0.0,0.0
all_real_plus_may133,within_cow_random5,1,StrictFixedDualEnsemble_0p50,63,25,HIST_11,11,core_history_280,real_history,measured_or_research,core_history_280,core_history_280_S05,33.5,5.5,23,39.2,39.223595562874,39.2477592931017,39.4653294061207,39.2,39.2356774279879,-0.0356774279878636,0.5,0.5,-0.0235955628740001,-0.0477592931017199,global_k1_t2_e06_a5,global_k1_t2_e06_a5,True,True,0.0,0.0
all_real_plus_may133,within_cow_random5,1,StrictFixedDualEnsemble_0p50,65,26,HIST_12,12,core_history_280,real_history,measured_or_research,core_history_280,core_history_280_S05,31.8,5.4,0,38.1,38.1091928711884,38.1226322456455,38.2257346980304,38.1,38.1159125584169,-0.015912558416936,0.5,0.5,-0.0091928711883966,-0.0226322456454682,global_k1_t2_e06_a5,global_k1_t2_e06_a5,True,True,0.0,0.0
all_real_plus_may133,within_cow_random5,1,StrictFixedDualEnsemble_0p50,75,31,HIST_12,12,core_history_280,real_history,measured_or_research,core_history_280,core_history_280_S06,36.3,8.0,13,38.5,38.8389445549664,38.8649609629953,38.2497831277519,39.0,38.8519527589809,-0.351952758980858,0.5,0.5,-0.338944554966368,-0.36496096299534,global_k1_t2_e06_a5,global_k1_t2_e06_a5,False,False,0.550797401752926,0.550797401752926
all_real_plus_may133,within_cow_random5,1,StrictFixedDualEnsemble_0p50,76,165,HIST_12,12,core_history_280,real_history,measured_or_research,core_history_280,core_history_280_S28,36.3,8.0,13,38.5,38.8498307134608,38.8712440855595,38.2846893642193,39.0,38.8605373995102,-0.36053739951015,0.5,0.5,-0.349830713460818,-0.371244085559475,global_k1_t2_e06_a5,global_k1_t2_e06_a5,False,False,0.550797401752926,0.550797401752926
all_real_plus_may133,within_cow_random5,1,StrictFixedDualEnsemble_0p50,79,33,HIST_12,12,core_history_280,real_history,measured_or_research,core_history_280,core_history_280_S06,35.0,11.2,15,38.5,38.4553934547392,38.4295036041758,38.1083533565321,38.5,38.4424485294575,0.0575514705424922,0.5,0.5,0.0446065452607627,0.0704963958242217,global_k1_t2_e06_a5,global_k1_t2_e06_a5,True,True,0.0,0.0
all_real_plus_may133,within_cow_random5,1,StrictFixedDualEnsemble_0p50,86,170,HIST_12,12,core_history_280,real_history,measured_or_research,core_history_280,core_history_280_S29,32.1,5.4,22,38.4,38.4474225267983,38.4132189100895,38.4734383893861,38.4,38.4303207184439,-0.0303207184438961,0.5,0.5,-0.0474225267982789,-0.0132189100895062,global_k1_t2_e06_a5,global_k1_t2_e06_a5,True,True,0.0,0.0
all_real_plus_may133,within_cow_random5,1,StrictFixedDualEnsemble_0p50,91,39,HIST_13,13,core_history_280,real_history,measured_or_research,core_history_280,core_history_280_S08,26.6,5.0,11,38.9,38.9087871723302,38.8312882906612,38.5182682814509,38.9,38.8700377314957,0.0299622685043133,0.5,0.5,-0.0087871723302015,0.0687117093388352,global_k1_t2_e06_a5,global_k1_t2_e06_a5,True,True,0.0,0.0
all_real_plus_may133,within_cow_random5,1,StrictFixedDualEnsemble_0p50,102,178,HIST_13,13,core_history_280,real_history,measured_or_research,core_history_280,core_history_280_S30,33.3,8.0,13,38.2,38.1876790040872,38.2184571803915,38.3025398910638,38.2,38.2030680922393,-0.0030680922393315,0.5,0.5,0.0123209959128303,-0.0184571803914864,global_k1_t2_e06_a5,global_k1_t2_e06_a5,True,True,0.0,0.0
all_real_plus_may133,within_cow_random5,1,StrictFixedDualEnsemble_0p50,103,45,HIST_13,13,core_history_280,real_history,measured_or_research,core_history_280,core_history_280_S08,31.8,8.8,14,38.0,38.0486674167691,38.0446086956696,38.2478260870534,38.0,38.0466380562194,-0.0466380562193649,0.5,0.5,-0.0486674167691064,-0.0446086956696163,global_k1_t2_e06_a5,global_k1_t2_e06_a5,True,True,0.0,0.0
all_real_plus_may133,within_cow_random5,1,StrictFixedDualEnsemble_0p50,109,48,HIST_13,13,core_history_280,real_history,measured_or_research,core_history_280,core_history_280_S09,30.5,9.0,19,38.2,38.2336737467106,38.2330466972679,38.3835927625993,38.2,38.2333602219893,-0.0333602219892484,0.5,0.5,-0.033673746710619,-0.0330466972678778,global_k1_t2_e06_a5,global_k1_t2_e06_a5,True,True,0.0,0.0
all_real_plus_may133,within_cow_random5,1,StrictFixedDualEnsemble_0p50,113,50,HIST_13,13,core_history_280,real_history,measured_or_research,core_history_280,core_history_280_S09,30.6,5.4,22,38.1,38.0948120497239,38.1238973102994,38.2327628349968,38.1,38.1093546800117,-0.0093546800116826,0.5,0.5,0.0051879502760598,-0.0238973102994251,global_k1_t2_e06_a5,global_k1_t2_e06_a5,True,True,0.0,0.0
all_real_plus_may133,within_cow_random5,1,StrictFixedDualEnsemble_0p50,115,51,HIST_13,13,core_history_280,real_history,measured_or_research,core_history_280,core_history_280_S09,30.5,5.5,23,38.1,38.0649378507719,38.1202478658575,38.2124881436525,38.1,38.0925928583147,0.0074071416852987,0.5,0.5,0.0350621492280538,-0.0202478658574563,global_k1_t2_e06_a5,global_k1_t2_e06_a5,True,True,0.0,0.0
all_real_plus_may133,within_cow_random5,1,StrictFixedDualEnsemble_0p50,117,52,HIST_14,14,core_history_280,real_history,measured_or_research,core_history_280,core_history_280_S09,29.5,5.4,0,38.9,38.9244264782724,38.8429928374658,38.5832935414766,38.9,38.8837096578691,0.016290342130894,0.5,0.5,-0.0244264782724173,0.0570071625342123,global_k1_t2_e06_a5,global_k1_t2_e06_a5,True,True,0.0,0.0
all_real_plus_may133,within_cow_random5,1,StrictFixedDualEnsemble_0p50,131,59,HIST_14,14,core_history_280,real_history,measured_or_research,core_history_280,core_history_280_S10,30.7,11.2,15,38.5,38.5564822561871,38.568415386116,38.8800854784219,38.5,38.5624488211515,-0.0624488211515342,0.5,0.5,-0.0564822561871097,-0.0684153861159515,global_k1_t2_e06_a5,global_k1_t2_e06_a5,True,True,0.0,0.0
all_real_plus_may133,within_cow_random5,1,StrictFixedDualEnsemble_0p50,135,61,HIST_14,14,core_history_280,real_history,measured_or_research,core_history_280,core_history_280_S11,32.3,9.0,19,39.1,39.1090019992657,39.0434141700229,38.7856342779048,39.1,39.0762080846443,0.0237919153557371,0.5,0.5,-0.0090019992656706,0.0565858299771378,global_k1_t2_e06_a5,global_k1_t2_e06_a5,True,True,0.0,0.0
all_real_plus_may133,within_cow_random5,1,StrictFixedDualEnsemble_0p50,136,195,HIST_14,14,core_history_280,real_history,measured_or_research,core_history_280,core_history_280_S33,32.3,9.0,19,39.1,39.0679871158082,39.0106958169332,38.6038656496289,39.1,39.0393414663707,0.0606585336292866,0.5,0.5,0.0320128841917722,0.0893041830668011,global_k1_t2_e06_a5,global_k1_t2_e06_a5,True,True,0.0,0.0
all_real_plus_may133,within_cow_random5,1,StrictFixedDualEnsemble_0p50,138,196,HIST_14,14,core_history_280,real_history,measured_or_research,core_history_280,core_history_280_S33,32.5,6.0,21,39.1,39.0450331735259,39.0186235554185,38.6479086412137,39.1,39.0318283644722,0.0681716355278112,0.5,0.5,0.0549668264741001,0.0813764445815295,global_k1_t2_e06_a5,global_k1_t2_e06_a5,True,True,0.0,0.0
all_real_plus_may133,within_cow_random5,1,StrictFixedDualEnsemble_0p50,143,65,HIST_15,15,core_history_280,real_history,measured_or_research,core_history_280,core_history_280_S12,33.9,8.0,13,38.5,38.5582945357895,38.504774937614,38.5265274311887,38.5,38.5315347367017,-0.0315347367017154,0.5,0.5,-0.0582945357894573,-0.0047749376139734,global_k1_t2_e06_a5,global_k1_t2_e06_a5,True,True,0.0,0.0
all_real_plus_may133,within_cow_random5,1,StrictFixedDualEnsemble_0p50,151,69,HIST_15,15,core_history_280,real_history,measured_or_research,core_history_280,core_history_280_S13,30.6,5.4,22,38.9,38.2143974760625,38.2208968478212,38.7716491545621,38.1,38.2176471619419,0.682352838058144,0.5,0.5,0.685602523937455,0.679103152178826,global_k1_t2_e06_a5,global_k1_t2_e06_a5,True,True,0.0,0.0
all_real_plus_may133,within_cow_random5,1,StrictFixedDualEnsemble_0p50,152,203,HIST_15,15,core_history_280,real_history,measured_or_research,core_history_280,core_history_280_S35,30.6,5.4,22,38.9,38.2136717623839,38.2214983555124,38.7749908639576,38.1,38.2175850589481,0.682414941051867,0.5,0.5,0.686328237616117,0.678501644487618,global_k1_t2_e06_a5,global_k1_t2_e06_a5,True,True,0.0,0.0
all_real_plus_may133,within_cow_random5,1,StrictFixedDualEnsemble_0p50,157,72,HIST_16,16,core_history_280,real_history,measured_or_research,core_history_280,core_history_280_S14,31.8,6.1,11,39.2,39.2255307936222,39.0711715589387,38.4842864385485,39.2,39.1483511762805,0.0516488237195389,0.5,0.5,-0.0255307936221882,0.128828441061266,global_k1_t2_e06_a5,global_k1_t2_e06_a5,True,True,0.0,0.0
all_real_plus_may133,within_cow_random5,1,StrictFixedDualEnsemble_0p50,166,210,HIST_16,16,core_history_280,real_history,measured_or_research,core_history_280,core_history_280_S36,33.2,9.1,15,38.7,38.6694478359054,38.6401293710588,38.3673853947708,38.7,38.6547886034821,0.0452113965179137,0.5,0.5,0.0305521640945727,0.0598706289412476,global_k1_t2_e06_a5,global_k1_t2_e06_a5,True,True,0.0,0.0
all_real_plus_may133,within_cow_random5,1,StrictFixedDualEnsemble_0p50,169,78,HIST_16,16,core_history_280,real_history,measured_or_research,core_history_280,core_history_280_S15,31.1,6.0,21,38.6,38.7389105603234,38.6665448912901,38.9696938405003,38.6,38.7027277258067,-0.102727725806737,0.5,0.5,-0.13891056032341,-0.0665448912900573,global_k1_t2_e06_a5,global_k1_t2_e06_a5,True,True,0.0,0.0
all_real_plus_may133,within_cow_random5,1,StrictFixedDualEnsemble_0p50,171,79,HIST_16,16,core_history_280,real_history,measured_or_research,core_history_280,core_history_280_S15,31.8,5.5,23,38.8,38.7848780408814,38.8120387634269,38.8668820190384,38.8,38.7984584021542,0.0015415978458293,0.5,0.5,0.0151219591185736,-0.0120387634269079,global_k1_t2_e06_a5,global_k1_t2_e06_a5,True,True,0.0,0.0
all_real_plus_may133,within_cow_random5,1,StrictFixedDualEnsemble_0p50,176,215,HIST_17,17,core_history_280,real_history,measured_or_research,core_history_280,core_history_280_S38,25.3,5.0,11,38.3,38.3001321445038,38.3772239214606,38.729021785892,38.3,38.3386780329822,-0.0386780329821974,0.5,0.5,-0.0001321445038371,-0.0772239214605577,global_k1_t2_e06_a5,global_k1_t2_e06_a5,True,True,0.0,0.0
all_real_plus_may133,within_cow_random5,1,StrictFixedDualEnsemble_0p50,180,217,HIST_17,17,core_history_280,real_history,measured_or_research,core_history_280,core_history_280_S38,29.7,6.9,12,38.1,38.1474234229726,38.1764253308113,38.5245851711738,38.1,38.1619243768919,-0.0619243768919446,0.5,0.5,-0.0474234229725923,-0.076425330811297,global_k1_t2_e06_a5,global_k1_t2_e06_a5,True,True,0.0,0.0
all_real_plus_may133,within_cow_random5,1,StrictFixedDualEnsemble_0p50,185,86,HIST_17,17,core_history_280,real_history,measured_or_research,core_history_280,core_history_280_S16,32.5,8.0,13,38.7,38.6683023182589,38.6435590335445,38.3864390752471,38.7,38.6559306759017,0.0440693240983023,0.5,0.5,0.0316976817410861,0.0564409664555185,global_k1_t2_e06_a5,global_k1_t2_e06_a5,True,True,0.0,0.0
all_real_plus_may133,within_cow_random5,1,StrictFixedDualEnsemble_0p50,189,89,HIST_17,17,core_history_280,real_history,measured_or_research,core_history_280,core_history_280_S16,32.3,9.1,15,39.5,39.3370495970358,39.3160323148728,38.4779573048487,39.5,39.3265409559543,0.173459044045707,0.5,0.5,0.162950402964178,0.183967685127236,global_k1_t2_e06_a5,global_k1_t2_e06_a5,True,True,0.0,0.0
all_real_plus_may133,within_cow_random5,1,StrictFixedDualEnsemble_0p50,191,88,HIST_17,17,core_history_280,real_history,measured_or_research,core_history_280,core_history_280_S16,33.3,11.2,15,38.0,38.0494198023534,38.050001869413,38.2777881634054,38.0,38.0497108358832,-0.0497108358831753,0.5,0.5,-0.049419802353377,-0.0500018694129665,global_k1_t2_e06_a5,global_k1_t2_e06_a5,True,True,0.0,0.0
all_real_plus_may133,within_cow_random5,1,StrictFixedDualEnsemble_0p50,194,224,HIST_17,17,core_history_280,real_history,measured_or_research,core_history_280,core_history_280_S39,32.9,9.0,19,38.3,38.3205951926705,38.3236219782794,38.4312332126633,38.3,38.3221085854749,-0.0221085854749248,0.5,0.5,-0.0205951926704557,-0.0236219782793938,global_k1_t2_e06_a5,global_k1_t2_e06_a5,True,True,0.0,0.0
all_real_plus_may133,within_cow_random5,1,StrictFixedDualEnsemble_0p50,201,94,HIST_18,18,core_history_280,real_history,measured_or_research,core_history_280,core_history_280_S17,28.2,5.4,0,38.5,38.4836082548192,38.4616242947198,38.2868016373322,38.5,38.4726162747695,0.0273837252305213,0.5,0.5,0.0163917451808402,0.0383757052802096,global_k1_t2_e06_a5,global_k1_t2_e06_a5,True,True,0.0,0.0
all_real_plus_may133,within_cow_random5,1,StrictFixedDualEnsemble_0p50,205,96,HIST_18,18,core_history_280,real_history,measured_or_research,core_history_280,core_history_280_S18,31.0,6.1,11,38.0,38.0560802858182,38.0628645511039,38.3492475061326,38.0,38.0594724184611,-0.0594724184610556,0.5,0.5,-0.0560802858182257,-0.0628645511038783,global_k1_t2_e06_a5,global_k1_t2_e06_a5,True,True,0.0,0.0
all_real_plus_may133,within_cow_random5,1,StrictFixedDualEnsemble_0p50,211,100,HIST_18,18,core_history_280,real_history,measured_or_research,core_history_280,core_history_280_S18,30.8,8.0,13,37.5,37.6409432787909,37.6165501008952,38.147500560529,37.5,37.6287466898431,-0.128746689843062,0.5,0.5,-0.1409432787909,-0.116550100895225,global_k1_t2_e06_a5,global_k1_t2_e06_a5,True,True,0.0,0.0
all_real_plus_may133,within_cow_random5,1,StrictFixedDualEnsemble_0p50,212,234,HIST_18,18,core_history_280,real_history,measured_or_research,core_history_280,core_history_280_S40,30.8,8.0,13,37.5,37.6292274647169,37.6160842761372,38.1449126452066,37.5,37.6226558704271,-0.122655870427053,0.5,0.5,-0.129227464716919,-0.116084276137187,global_k1_t2_e06_a5,global_k1_t2_e06_a5,True,True,0.0,0.0
all_real_plus_may133,within_cow_random5,1,StrictFixedDualEnsemble_0p50,218,236,HIST_18,18,core_history_280,real_history,measured_or_research,core_history_280,core_history_280_S40,33.5,11.2,15,38.0,38.0333293161712,38.0141649757641,38.0786943098006,38.0,38.0237471459677,-0.0237471459676613,0.5,0.5,-0.0333293161712263,-0.0141649757641034,global_k1_t2_e06_a5,global_k1_t2_e06_a5,True,True,0.0,0.0
all_real_plus_may133,within_cow_random5,1,StrictFixedDualEnsemble_0p50,219,103,HIST_18,18,core_history_280,real_history,measured_or_research,core_history_280,core_history_280_S19,32.1,9.0,19,39.0,39.3430213140878,39.3046438784217,38.8702437690096,39.4,39.3238325962548,-0.323832596254761,0.5,0.5,-0.343021314087807,-0.304643878421722,global_k1_t2_e06_a5,global_k1_t2_e06_a5,True,True,0.0,0.0
all_real_plus_may133,within_cow_random5,1,StrictFixedDualEnsemble_0p50,228,241,HIST_19,19,core_history_280,real_history,measured_or_research,core_history_280,core_history_280_S41,30.7,5.4,0,38.3,38.2990223077207,38.4038726787832,38.8770704376842,38.3,38.3514474932519,-0.0514474932519065,0.5,0.5,0.000977692279342,-0.103872678783155,global_k1_t2_e06_a5,global_k1_t2_e06_a5,True,True,0.0,0.0
all_real_plus_may133,within_cow_random5,1,StrictFixedDualEnsemble_0p50,229,108,HIST_19,19,core_history_280,real_history,measured_or_research,core_history_280,core_history_280_S20,30.4,5.0,11,38.3,38.5501561597128,38.6045128221446,39.0806267896922,38.5,38.5773344909287,-0.277334490928688,0.5,0.5,-0.25015615971278,-0.304512822144595,global_k1_t2_e06_a5,global_k1_t2_e06_a5,True,True,0.0,0.0
all_real_plus_may133,within_cow_random5,1,StrictFixedDualEnsemble_0p50,237,112,HIST_19,19,core_history_280,real_history,measured_or_research,core_history_280,core_history_280_S20,32.8,9.3,13,38.8,38.5625028722087,38.5715121288688,38.8972896048268,38.5,38.5670075005388,0.232992499461211,0.5,0.5,0.237497127791258,0.228487871131165,global_k1_t2_e06_a5,global_k1_t2_e06_a5,True,True,0.0,0.0
all_real_plus_may133,within_cow_random5,1,StrictFixedDualEnsemble_0p50,245,116,HIST_19,19,core_history_280,real_history,measured_or_research,core_history_280,core_history_280_S20,35.3,9.1,15,39.0,39.0044110063896,39.0156635521391,39.0870197341058,39.0,39.0100372792643,-0.01003727926431,0.5,0.5,-0.0044110063895601,-0.0156635521390527,global_k1_t2_e06_a5,global_k1_t2_e06_a5,True,True,0.0,0.0
all_real_plus_may133,within_cow_random5,1,StrictFixedDualEnsemble_0p50,250,252,HIST_19,19,core_history_280,real_history,measured_or_research,core_history_280,core_history_280_S43,33.5,6.0,21,39.9,39.8349463875582,39.7911209620704,39.2951164559469,39.9,39.8130336748143,0.0869663251856565,0.5,0.5,0.0650536124417584,0.108879037929555,global_k1_t2_e06_a5,global_k1_t2_e06_a5,True,True,0.0,0.0
all_real_plus_may133,within_cow_random5,1,StrictFixedDualEnsemble_0p50,252,253,HIST_19,19,core_history_280,real_history,measured_or_research,core_history_280,core_history_280_S43,33.8,5.4,22,39.4,39.4056994417942,39.3483691987921,39.1131622155117,39.4,39.3770343202931,0.0229656797068571,0.5,0.5,-0.005699441794178,0.0516308012078923,global_k1_t2_e06_a5,global_k1_t2_e06_a5,True,True,0.0,0.0
all_real_plus_may133,within_cow_random5,1,StrictFixedDualEnsemble_0p50,272,272,HIST_7,7,core_history_280,real_history,measured_or_research,core_history_280,core_history_280_S44,28.2,13.1,11,38.1,38.2998896725975,38.135862808341,38.2992378241166,38.1,38.2178762404693,-0.117876240469258,0.5,0.5,-0.199889672597529,-0.0358628083409869,global_k1_t2_e06_a5,global_k1_t2_e06_a5,False,False,2.8350661367947,2.8350661367947
all_real_plus_may133,within_cow_random5,1,StrictFixedDualEnsemble_0p50,276,276,HIST_7,7,core_history_280,real_history,measured_or_research,core_history_280,core_history_280_S44,32.6,22.0,15,38.1,38.1063325454151,38.1048328897066,38.1268493872591,38.1,38.1055827175608,-0.0055827175608484,0.5,0.5,-0.0063325454150629,-0.0048328897066412,global_k1_t2_e06_a5,global_k1_t2_e06_a5,False,False,0.333333333333326,0.333333333333326
all_real_plus_may133,within_cow_random5,1,StrictFixedDualEnsemble_0p50,282,101,DEC2025_10,10,dec2025_140,real_history,measured,dec2025_140,dec2025_140_S02,33.3,6.1,11,38.8,38.8435424535185,38.8159296897388,38.8995605608677,38.8,38.8297360716286,-0.0297360716286406,0.5,0.5,-0.0435424535184552,-0.0159296897388259,global_k1_t2_e06_a5,global_k1_t2_e06_a5,True,True,0.0,0.0
all_real_plus_may133,within_cow_random5,1,StrictFixedDualEnsemble_0p50,284,111,DEC2025_10,10,dec2025_140,real_history,measured,dec2025_140,dec2025_140_S02,33.6,6.8,12,38.4,38.4124077890979,38.4058249052076,38.4364056575476,38.4,38.4091163471528,-0.0091163471527622,0.5,0.5,-0.0124077890979137,-0.0058249052076107,global_k1_t2_e06_a5,global_k1_t2_e06_a5,False,False,0.554616984954482,0.554616984954482
all_real_plus_may133,within_cow_random5,1,StrictFixedDualEnsemble_0p50,288,91,DEC2025_10,10,dec2025_140,real_history,measured,dec2025_140,dec2025_140_S02,33.9,11.2,15,38.3,38.325362734572,38.1444460784556,38.3777879903475,38.1,38.2349044065138,0.065095593486177,0.5,0.5,-0.0253627345720417,0.155553921544403,global_k1_t2_e06_a5,global_k1_t2_e06_a5,True,True,0.0,0.0
all_real_plus_may133,within_cow_random5,1,StrictFixedDualEnsemble_0p50,303,12,DEC2025_11,11,dec2025_140,real_history,measured,dec2025_140,dec2025_140_S01,32.6,6.0,21,39.7,39.7300515397657,39.6087995376353,39.1299971102208,39.7,39.6694255387005,0.0305744612995014,0.5,0.5,-0.0300515397656795,0.0912004623646823,global_k1_t2_e06_a5,global_k1_t2_e06_a5,True,True,0.0,0.0
all_real_plus_may133,within_cow_random5,1,StrictFixedDualEnsemble_0p50,304,22,DEC2025_11,11,dec2025_140,real_history,measured,dec2025_140,dec2025_140_S01,33.2,5.4,22,39.6,39.5913264811827,39.5143309213873,39.0645682586706,39.6,39.552828701285,0.047171298715007,0.5,0.5,0.0086735188173108,0.0856690786127032,global_k1_t2_e06_a5,global_k1_t2_e06_a5,True,True,0.0,0.0
all_real_plus_may133,within_cow_random5,1,StrictFixedDualEnsemble_0p50,305,32,DEC2025_11,11,dec2025_140,real_history,measured,dec2025_140,dec2025_140_S01,33.5,5.5,23,39.2,39.2116173633751,39.1782961532066,39.0643509575414,39.2,39.1949567582909,0.0050432417091315,0.5,0.5,-0.0116173633751231,0.021703846793379,global_k1_t2_e06_a5,global_k1_t2_e06_a5,True,True,0.0,0.0
all_real_plus_may133,within_cow_random5,1,StrictFixedDualEnsemble_0p50,307,93,DEC2025_12,12,dec2025_140,real_history,measured,dec2025_140,dec2025_140_S02,35.7,6.1,11,38.1,38.1867193342356,38.2019022090912,38.73688880682,38.1,38.1943107716634,-0.0943107716633804,0.5,0.5,-0.0867193342355748,-0.101902209091193,global_k1_t2_e06_a5,global_k1_t2_e06_a5,True,True,0.0,0.0
all_real_plus_may133,within_cow_random5,1,StrictFixedDualEnsemble_0p50,311,113,DEC2025_12,12,dec2025_140,real_history,measured,dec2025_140,dec2025_140_S02,36.3,8.0,13,38.5,38.9282626022929,38.8827011128506,38.2668819553162,39.0,38.9054818575718,-0.405481857571758,0.5,0.5,-0.428262602292939,-0.382701112850583,global_k1_t2_e06_a5,global_k1_t2_e06_a5,False,False,0.550797401752926,0.550797401752926
all_real_plus_may133,within_cow_random5,1,StrictFixedDualEnsemble_0p50,314,3,DEC2025_12,12,dec2025_140,real_history,measured,dec2025_140,dec2025_140_S01,33.2,9.0,19,38.5,38.5418606028814,38.5184184043083,38.6151150269271,38.5,38.5301395035949,-0.0301395035948744,0.5,0.5,-0.0418606028814139,-0.0184184043083349,global_k1_t2_e06_a5,global_k1_t2_e06_a5,True,True,0.0,0.0
all_real_plus_may133,within_cow_random5,1,StrictFixedDualEnsemble_0p50,318,44,DEC2025_13,13,dec2025_140,real_history,measured,dec2025_140,dec2025_140_S01,29.8,5.4,0,38.0,38.0396142610547,38.0340625964582,38.212891227864,38.0,38.0368384287565,-0.0368384287564538,0.5,0.5,-0.0396142610546732,-0.0340625964582415,global_k1_t2_e06_a5,global_k1_t2_e06_a5,True,True,0.0,0.0
all_real_plus_may133,within_cow_random5,1,StrictFixedDualEnsemble_0p50,322,104,DEC2025_13,13,dec2025_140,real_history,measured,dec2025_140,dec2025_140_S02,31.9,6.8,12,38.0,38.0216312358412,38.0617902591917,38.3861891199483,38.0,38.0417107475165,-0.0417107475164826,0.5,0.5,-0.0216312358412409,-0.0617902591917243,global_k1_t2_e06_a5,global_k1_t2_e06_a5,True,True,0.0,0.0
all_real_plus_may133,within_cow_random5,1,StrictFixedDualEnsemble_0p50,324,114,DEC2025_13,13,dec2025_140,real_history,measured,dec2025_140,dec2025_140_S02,33.3,8.0,13,38.2,38.2031757361086,38.214368705271,38.2898044079436,38.2,38.2087722206898,-0.0087722206898064,0.5,0.5,-0.0031757361086306,-0.0143687052709751,global_k1_t2_e06_a5,global_k1_t2_e06_a5,True,True,0.0,0.0
all_real_plus_may133,within_cow_random5,1,StrictFixedDualEnsemble_0p50,338,125,DEC2025_14,14,dec2025_140,real_history,measured,dec2025_140,dec2025_140_S02,33.8,8.8,14,38.6,38.6016666511103,38.6477064451186,38.8981652819913,38.6,38.6246865481144,-0.0246865481144454,0.5,0.5,-0.0016666511102769,-0.0477064451186138,global_k1_t2_e06_a5,global_k1_t2_e06_a5,True,True,0.0,0.0
all_real_plus_may133,within_cow_random5,1,StrictFixedDualEnsemble_0p50,340,135,DEC2025_14,14,dec2025_140,real_history,measured,dec2025_140,dec2025_140_S02,33.9,9.1,15,38.5,38.5458624997446,38.5788807040316,38.9930044001974,38.5,38.5623716018881,-0.0623716018880742,0.5,0.5,-0.0458624997445582,-0.0788807040315902,global_k1_t2_e06_a5,global_k1_t2_e06_a5,True,True,0.0,0.0
all_real_plus_may133,within_cow_random5,1,StrictFixedDualEnsemble_0p50,342,15,DEC2025_14,14,dec2025_140,real_history,measured,dec2025_140,dec2025_140_S01,32.5,6.0,21,39.1,39.1013859404468,39.0642801817823,38.876751136139,39.1,39.0828330611145,0.017166938885488,0.5,0.5,-0.0013859404467808,0.0357198182177498,global_k1_t2_e06_a5,global_k1_t2_e06_a5,True,True,0.0,0.0
all_real_plus_may133,within_cow_random5,1,StrictFixedDualEnsemble_0p50,356,137,DEC2025_16,16,dec2025_140,real_history,measured,dec2025_140,dec2025_140_S02,33.2,9.1,15,38.7,38.6625667419494,38.6441744161624,38.3510901010148,38.7,38.6533705790559,0.0466294209441287,0.5,0.5,0.037433258050612,0.0558255838376382,global_k1_t2_e06_a5,global_k1_t2_e06_a5,True,True,0.0,0.0
all_real_plus_may133,within_cow_random5,1,StrictFixedDualEnsemble_0p50,357,7,DEC2025_16,16,dec2025_140,real_history,measured,dec2025_140,dec2025_140_S01,32.1,9.0,19,39.4,39.320935311825,39.3084727631607,38.8279547697544,39.4,39.3147040374928,0.0852959625071534,0.5,0.5,0.0790646881750092,0.0915272368392976,global_k1_t2_e06_a5,global_k1_t2_e06_a5,True,True,0.0,0.0
all_real_plus_may133,within_cow_random5,1,StrictFixedDualEnsemble_0p50,366,118,DEC2025_17,17,dec2025_140,real_history,measured,dec2025_140,dec2025_140_S02,32.5,8.0,13,38.7,38.6529874780706,38.6224551796795,38.2153448729969,38.7,38.6377213288751,0.0622786711249219,0.5,0.5,0.0470125219293536,0.0775448203204903,global_k1_t2_e06_a5,global_k1_t2_e06_a5,True,True,0.0,0.0
all_real_plus_may133,within_cow_random5,1,StrictFixedDualEnsemble_0p50,368,138,DEC2025_17,17,dec2025_140,real_history,measured,dec2025_140,dec2025_140_S02,32.3,9.1,15,39.5,39.3742917947239,39.2959554269548,38.2247214184673,39.5,39.3351236108393,0.164876389160654,0.5,0.5,0.125708205276084,0.204044573045223,global_k1_t2_e06_a5,global_k1_t2_e06_a5,True,True,0.0,0.0
all_real_plus_may133,within_cow_random5,1,StrictFixedDualEnsemble_0p50,370,8,DEC2025_17,17,dec2025_140,real_history,measured,dec2025_140,dec2025_140_S01,32.9,9.0,19,38.3,38.334097078839,38.3133751302218,38.3835945638865,38.3,38.3237361045304,-0.0237361045303999,0.5,0.5,-0.0340970788389612,-0.0133751302218386,global_k1_t2_e06_a5,global_k1_t2_e06_a5,True,True,0.0,0.0
all_real_plus_may133,within_cow_random5,1,StrictFixedDualEnsemble_0p50,374,49,DEC2025_18,18,dec2025_140,real_history,measured,dec2025_140,dec2025_140_S01,28.2,5.4,0,38.5,38.475030708481,38.5305194165471,38.6907463534192,38.5,38.502775062514,-0.0027750625140186,0.5,0.5,0.0249692915190352,-0.0305194165470724,global_k1_t2_e06_a5,global_k1_t2_e06_a5,True,True,0.0,0.0
all_real_plus_may133,within_cow_random5,1,StrictFixedDualEnsemble_0p50,375,59,DEC2025_18,18,dec2025_140,real_history,measured,dec2025_140,dec2025_140_S02,30.4,5.0,11,38.5,38.4719397470092,38.4440052122454,38.1500325765335,38.5,38.4579724796273,0.0420275203727414,0.5,0.5,0.0280602529908478,0.0559947877546421,global_k1_t2_e06_a5,global_k1_t2_e06_a5,True,True,0.0,0.0
all_real_plus_may133,within_cow_random5,1,StrictFixedDualEnsemble_0p50,382,89,DEC2025_18,18,dec2025_140,real_history,measured,dec2025_140,dec2025_140_S02,33.5,11.2,15,38.0,37.9970920014468,38.0083449540401,38.0521559627509,38.0,38.0027184777435,-0.0027184777434712,0.5,0.5,0.0029079985531979,-0.0083449540401474,global_k1_t2_e06_a5,global_k1_t2_e06_a5,True,True,0.0,0.0
all_real_plus_may133,within_cow_random5,1,StrictFixedDualEnsemble_0p50,390,70,DEC2025_19,19,dec2025_140,real_history,measured,dec2025_140,dec2025_140_S02,31.7,6.9,12,39.2,39.1683363760873,39.1434899420744,38.8468121379648,39.2,39.1559131590808,0.0440868409191566,0.5,0.5,0.031663623912678,0.0565100579256352,global_k1_t2_e06_a5,global_k1_t2_e06_a5,True,True,0.0,0.0
all_real_plus_may133,within_cow_random5,1,StrictFixedDualEnsemble_0p50,392,80,DEC2025_19,19,dec2025_140,real_history,measured,dec2025_140,dec2025_140_S02,32.8,9.3,13,38.8,38.5179462787722,38.5308125540499,38.692578462812,38.5,38.5243794164111,0.275620583588932,0.5,0.5,0.282053721227776,0.269187445950088,global_k1_t2_e06_a5,global_k1_t2_e06_a5,True,True,0.0,0.0
all_real_plus_may133,within_cow_random5,1,StrictFixedDualEnsemble_0p50,395,90,DEC2025_19,19,dec2025_140,real_history,measured,dec2025_140,dec2025_140_S02,32.4,11.2,15,39.1,39.0646088388431,39.0408708060519,38.7304425378244,39.1,39.0527398224475,0.0472601775524808,0.5,0.5,0.0353911611568591,0.0591291939480953,global_k1_t2_e06_a5,global_k1_t2_e06_a5,True,True,0.0,0.0
all_real_plus_may133,within_cow_random5,1,StrictFixedDualEnsemble_0p50,997,4,MAY2026_51,51,may2026_measured_133,real_may_measured,measured,may_hot_air30,may2026_measured_133_S01,34.4,30.1,1,40.1,40.0327755146312,40.0766321157868,40.1006999719077,40.0147433429044,40.054703815209,0.0452961847910203,0.5,0.5,0.0672244853688184,0.0233678842132292,global_k2_t2_e06_a5_b1,session_k3_o06_t2_e08_a35_b075,False,False,0.500399840127867,1.03234536926905
all_real_plus_may133,within_cow_random5,1,StrictFixedDualEnsemble_0p50,1005,126,MAY2026_51,51,may2026_measured_133,real_may_measured,measured,may_hot_air30,may2026_measured_133_S05,36.7,34.4,20,39.4,39.4449785467625,39.3335420651981,39.352958161568,39.2836149602472,39.3892603059803,0.0107396940196836,0.5,0.5,-0.0449785467624864,0.0664579348018535,global_k2_t2_e06_a5_b1,session_k3_o06_t2_e08_a35_b075,False,False,0.354275473482298,0.0
all_real_plus_may133,within_cow_random5,1,StrictFixedDualEnsemble_0p50,1006,1,MAY2026_51,51,may2026_measured_133,real_may_measured,measured,may_hot_air30,may2026_measured_133_S01,35.5,33.1,21,39.9,39.7424650348022,39.9256489075031,39.9515077664232,39.8591546988512,39.8340569711527,0.065943028847343,0.5,0.5,0.157534965197755,-0.0256489075030686,global_k2_t2_e06_a5_b1,session_k3_o06_t2_e08_a35_b075,False,False,0.462072625364362,0.206210270687383
all_real_plus_may133,within_cow_random5,1,StrictFixedDualEnsemble_0p50,1010,79,MAY2026_51,51,may2026_measured_133,real_may_measured,measured,may_hot_air30,may2026_measured_133_S03,36.2,32.9,22,39.5,39.4601230799827,39.3732933950304,39.2741917128434,39.6281262920826,39.4167082375065,0.0832917624934879,0.5,0.5,0.0398769200173348,0.126706604969634,global_k2_t2_e06_a5_b1,session_k3_o06_t2_e08_a35_b075,False,False,0.184872328318152,0.509323503128415
all_real_plus_may133,within_cow_random5,1,StrictFixedDualEnsemble_0p50,1013,8,MAY2026_52,52,may2026_measured_133,real_may_measured,measured,may_other,may2026_measured_133_S01,32.0,27.4,1,39.6,39.616721531112,40.1684168457964,39.8469468371513,40.465158392238,39.8925691884542,-0.292569188454202,0.5,0.5,-0.0167215311119904,-0.568416845796413,global_k2_t2_e06_a5_b1,session_k3_o06_t2_e08_a35_b075,False,False,1.42526410807884,2.05906132985171
all_real_plus_may133,within_cow_random5,1,StrictFixedDualEnsemble_0p50,1015,86,MAY2026_52,52,may2026_measured_133,real_may_measured,measured,may_hot_air30,may2026_measured_133_S04,35.8,34.1,13,39.2,38.8988977115008,39.0755798348826,39.1401615273941,38.9095126255675,38.9872387731917,0.212761226808283,0.5,0.5,0.301102288499173,0.124420165117385,global_k2_t2_e06_a5_b1,session_k3_o06_t2_e08_a35_b075,False,False,0.32,1.35175203350715
all_real_plus_may133,within_cow_random5,1,StrictFixedDualEnsemble_0p50,1024,74,MAY2026_52,52,may2026_measured_133,real_may_measured,measured,may_hot_air30,may2026_measured_133_S03,37.3,35.6,21,40.4,40.066949833574,40.1318724045014,40.1552803279774,40.0716806012773,40.0994111190377,0.300588880962316,0.5,0.5,0.33305016642602,0.268127595498619,global_k2_t2_e06_a5_b1,session_k3_o06_t2_e08_a35_b075,False,False,0.601257940580509,0.285418994230536
all_real_plus_may133,within_cow_random5,1,StrictFixedDualEnsemble_0p50,1027,7,MAY2026_52,52,may2026_measured_133,real_may_measured,measured,may_hot_air30,may2026_measured_133_S01,33.9,30.9,23,39.5,39.4849866661168,39.6916942053574,39.6426479133749,39.8178132418837,39.5883404357371,-0.088340435737102,0.5,0.5,0.0150133338831751,-0.191694205357379,global_k2_t2_e06_a5_b1,session_k3_o06_t2_e08_a35_b075,False,False,0.325849317595999,0.779633759008641
all_real_plus_may133,within_cow_random5,1,StrictFixedDualEnsemble_0p50,1029,12,MAY2026_53,53,may2026_measured_133,real_may_measured,measured,may_other,may2026_measured_133_S01,32.1,23.6,1,40.4,40.3509101541171,40.4620391629973,40.6015004450737,40.3333056718498,40.4064746585572,-0.006474658557174,0.5,0.5,0.049089845882925,-0.062039162997273,global_k2_t2_e06_a5_b1,session_k3_o06_t2_e08_a35_b075,False,False,1.4640279293025,1.93622855290131
all_real_plus_may133,within_cow_random5,1,StrictFixedDualEnsemble_0p50,1031,38,MAY2026_53,53,may2026_measured_133,real_may_measured,measured,may_hot_air30,may2026_measured_133_S02,37.2,35.4,14,39.4,39.4887755498667,39.5028606486463,39.5718869361834,39.3253644806939,39.4958180992565,-0.0958180992565403,0.5,0.5,-0.0887755498667246,-0.102860648646349,global_k2_t2_e06_a5_b1,session_k3_o06_t2_e08_a35_b075,False,False,0.177137736741154,1.47831308608795
all_real_plus_may133,within_cow_random5,1,StrictFixedDualEnsemble_0p50,1040,107,MAY2026_54,54,may2026_measured_133,real_may_measured,measured,may_hot_air30,may2026_measured_133_S04,36.6,35.0,14,39.0,39.0042069150748,39.0027342121079,39.0280299458851,38.9376880395382,39.0034705635914,-0.0034705635913923,0.5,0.5,-0.0042069150748318,-0.0027342121079456,global_k2_t2_e06_a5_b1,session_k3_o06_t2_e08_a35_b075,False,False,0.1,0.421637021355782
all_real_plus_may133,within_cow_random5,1,StrictFixedDualEnsemble_0p50,1044,81,MAY2026_54,54,may2026_measured_133,real_may_measured,measured,may_hot_air30,may2026_measured_133_S03,37.4,36.0,19,39.5,39.8511981459706,39.8595776988788,39.8485784727565,39.8878614231933,39.8553879224247,-0.355387922424683,0.5,0.5,-0.351198145970571,-0.359577698878802,global_k2_t2_e06_a5_b1,session_k3_o06_t2_e08_a35_b075,False,False,0.490623186479312,0.0
all_real_plus_may133,within_cow_random5,1,StrictFixedDualEnsemble_0p50,1049,13,MAY2026_54,54,may2026_measured_133,real_may_measured,measured,may_hot_air30,may2026_measured_133_S01,36.2,34.3,22,40.6,40.2699077657405,40.4545860152381,40.4506299941029,40.4647586410144,40.3622468904893,0.237753109510706,0.5,0.5,0.330092234259538,0.145413984761873,global_k2_t2_e06_a5_b1,session_k3_o06_t2_e08_a35_b075,False,False,0.260341655863549,1.04090107920462
all_real_plus_may133,within_cow_random5,1,StrictFixedDualEnsemble_0p50,1055,96,MAY2026_55,55,may2026_measured_133,real_may_measured,measured,may_hot_air30,may2026_measured_133_S04,37.4,36.1,15,38.5,38.7181410402127,38.6639164568849,38.8335864671391,38.2276221448029,38.6910287485488,-0.191028748548796,0.5,0.5,-0.218141040212672,-0.16391645688492,global_k2_t2_e06_a5_b1,session_k3_o06_t2_e08_a35_b075,False,False,0.500399840127879,0.954480572492341
all_real_plus_may133,within_cow_random5,1,StrictFixedDualEnsemble_0p50,1058,117,MAY2026_55,55,may2026_measured_133,real_may_measured,measured,may_hot_air30,may2026_measured_133_S05,36.4,33.4,19,38.9,39.6751126113097,39.4295086158354,39.5383268913582,39.1496901930625,39.5523106135726,-0.652310613572574,0.5,0.5,-0.77511261130973,-0.529508615835418,global_k2_t2_e06_a5_b1,session_k3_o06_t2_e08_a35_b075,False,False,0.514198405287293,0.853368010562412
all_real_plus_may133,within_cow_random5,1,StrictFixedDualEnsemble_0p50,1063,18,MAY2026_55,55,may2026_measured_133,real_may_measured,measured,may_other,may2026_measured_133_S01,33.3,28.0,23,39.6,39.7494261956394,39.6236853835736,39.6395489492257,39.6090420922024,39.6865557896065,-0.0865557896064999,0.5,0.5,-0.149426195639371,-0.0236853835736284,global_k2_t2_e06_a5_b1,session_k3_o06_t2_e08_a35_b075,False,False,0.343187671366235,0.570744878692125
all_real_plus_may133,within_cow_random5,1,StrictFixedDualEnsemble_0p50,1065,23,MAY2026_56,56,may2026_measured_133,real_may_measured,measured,may_other,may2026_measured_133_S01,31.7,26.6,1,38.9,39.1403701767437,39.5042993691227,39.1092424699566,39.8689672760452,39.3223347729332,-0.422334772933176,0.5,0.5,-0.240370176743674,-0.604299369122678,global_k2_t2_e06_a5_b1,session_k3_o06_t2_e08_a35_b075,False,False,1.91298486954578,1.63824447340698
all_real_plus_may133,within_cow_random5,1,StrictFixedDualEnsemble_0p50,1069,54,MAY2026_56,56,may2026_measured_133,real_may_measured,measured,may_hot_air30,may2026_measured_133_S02,34.9,32.4,13,38.5,38.5709595385611,38.816168727885,38.5417552245073,39.5218034508562,38.693564133223,-0.193564133223028,0.5,0.5,-0.0709595385610555,-0.316168727885,global_k2_t2_e06_a5_b1,session_k3_o06_t2_e08_a35_b075,False,False,0.388730126323024,0.0
all_real_plus_may133,within_cow_random5,1,StrictFixedDualEnsemble_0p50,1074,119,MAY2026_56,56,may2026_measured_133,real_may_measured,measured,may_hot_air30,may2026_measured_133_S05,35.8,33.3,18,39.2,39.3447538631458,39.1400668947106,39.1416769819961,39.1359266702622,39.2424103789282,-0.0424103789281745,0.5,0.5,-0.14475386314578,0.0599331052894314,global_k2_t2_e06_a5_b1,session_k3_o06_t2_e08_a35_b075,False,False,0.530450542254204,0.26770895371695
all_real_plus_may133,within_cow_random5,1,StrictFixedDualEnsemble_0p50,1077,121,MAY2026_56,56,may2026_measured_133,real_may_measured,measured,may_hot_air30,may2026_measured_133_S05,35.6,33.0,20,39.7,39.2276486485835,39.0986461765288,39.0911062036444,39.1180346782317,39.1631474125562,0.536852587443846,0.5,0.5,0.472351351416542,0.601353823471158,global_k2_t2_e06_a5_b1,session_k3_o06_t2_e08_a35_b075,False,False,0.527425613501827,0.0
all_real_plus_may133,within_cow_random5,1,StrictFixedDualEnsemble_0p50,1085,89,MAY2026_57,57,may2026_measured_133,real_may_measured,measured,may_hot_air30,may2026_measured_133_S04,37.4,32.8,12,39.8,39.590651153096,39.6335476943508,39.8167059767805,39.1625692538173,39.6120994237234,0.187900576276604,0.5,0.5,0.209348846904028,0.166452305649187,global_k2_t2_e06_a5_b1,session_k3_o06_t2_e08_a35_b075,False,False,0.942361100876114,1.61987067664993
all_real_plus_may133,within_cow_random5,1,StrictFixedDualEnsemble_0p50,1086,50,MAY2026_57,57,may2026_measured_133,real_may_measured,measured,may_hot_air30,may2026_measured_133_S02,36.5,31.7,13,38.5,38.9870200969362,38.973027503163,39.1061609076607,38.6306844630263,38.9800238000496,-0.480023800049594,0.5,0.5,-0.487020096936163,-0.473027503163024,global_k2_t2_e06_a5_b1,session_k3_o06_t2_e08_a35_b075,False,False,0.506359556046887,0.0
all_real_plus_may133,within_cow_random5,1,StrictFixedDualEnsemble_0p50,1087,90,MAY2026_57,57,may2026_measured_133,real_may_measured,measured,may_hot_air30,may2026_measured_133_S04,37.4,33.3,13,40.0,39.6641765180592,39.4835282835316,39.6786391810251,38.9818145471199,39.5738524007954,0.426147599204569,0.5,0.5,0.335823481940785,0.516471716468359,global_k2_t2_e06_a5_b1,session_k3_o06_t2_e08_a35_b075,False,False,0.708237248385028,1.30329742717212
all_real_plus_may133,within_cow_random5,1,StrictFixedDualEnsemble_0p50,1091,92,MAY2026_57,57,may2026_measured_133,real_may_measured,measured,may_hot_air30,may2026_measured_133_S04,38.9,35.9,15,39.7,39.8076271923498,39.8228719834672,39.8512117775672,39.7499982272101,39.8152495879085,-0.115249587908494,0.5,0.5,-0.10762719234976,-0.122871983467221,global_k2_t2_e06_a5_b1,session_k3_o06_t2_e08_a35_b075,False,False,0.7533923280735,0.454270801891616
all_real_plus_may133,within_cow_random5,1,StrictFixedDualEnsemble_0p50,1104,94,MAY2026_58,58,may2026_measured_133,real_may_measured,measured,may_hot_air30,may2026_measured_133_S04,35.2,30.9,13,38.6,38.7403661577325,38.7166377198456,38.784834129742,38.5412755229691,38.7285019387891,-0.12850193878905,0.5,0.5,-0.140366157732508,-0.116637719845585,global_k2_t2_e06_a5_b1,session_k3_o06_t2_e08_a35_b075,False,False,0.194365063161512,0.620100981096925
all_real_plus_may133,within_cow_random5,1,StrictFixedDualEnsemble_0p50,1105,63,MAY2026_58,58,may2026_measured_133,real_may_measured,measured,may_hot_air30,may2026_measured_133_S03,34.8,30.3,19,38.6,38.5984777988275,38.5973003471004,38.6508431015662,38.4596189784743,38.597889072964,0.0021109270360142,0.5,0.5,0.0015222011724702,0.0026996528995582,global_k2_t2_e06_a5_b1,session_k3_o06_t2_e08_a35_b075,False,False,0.907768937805455,0.835575215670668
all_real_plus_may133,within_cow_random5,1,StrictFixedDualEnsemble_0p50,1113,44,MAY2026_60,60,may2026_measured_133,real_may_measured,measured,may_hot_air30,may2026_measured_133_S02,36.1,34.0,12,38.0,38.3252434260116,38.3348724760181,38.4061107194425,38.1516884214984,38.3300579510149,-0.330057951014865,0.5,0.5,-0.325243426011596,-0.334872476018141,global_k2_t2_e06_a5_b1,session_k3_o06_t2_e08_a35_b075,False,False,0.354275473482309,0.0
all_real_plus_may133,within_cow_random5,1,StrictFixedDualEnsemble_0p50,1121,70,MAY2026_60,60,may2026_measured_133,real_may_measured,measured,may_hot_air30,may2026_measured_133_S03,36.7,33.9,20,38.2,38.7266241400786,38.693525757632,38.6354884078696,38.842764657021,38.7100749488553,-0.510074948855333,0.5,0.5,-0.526624140078624,-0.493525757632035,global_k2_t2_e06_a5_b1,session_k3_o06_t2_e08_a35_b075,False,False,0.333932794303145,0.0
all_real_plus_may133,within_cow_random5,1,StrictFixedDualEnsemble_0p50,1123,34,MAY2026_60,60,may2026_measured_133,real_may_measured,measured,may_hot_air30,may2026_measured_133_S01,35.4,31.9,21,40.4,40.1479644182304,40.5329674883289,40.4372118760964,40.7791962054982,40.3404659532797,0.05953404672033,0.5,0.5,0.252035581769555,-0.132967488328894,global_k2_t2_e06_a5_b1,session_k3_o06_t2_e08_a35_b075,False,False,0.184872328318163,0.575729104933539
all_real_plus_may133,within_cow_random5,1,StrictFixedDualEnsemble_0p50,1125,133,MAY2026_60,60,may2026_measured_133,real_may_measured,measured,may_hot_air30,may2026_measured_133_S05,38.1,35.1,21,39.2,38.8873044311668,38.8412667390829,38.7724447317947,39.0182376149668,38.8642855851248,0.33571441487517,0.5,0.5,0.312695568833206,0.358733260917134,global_k2_t2_e06_a5_b1,session_k3_o06_t2_e08_a35_b075,False,False,0.378652581897678,0.0
all_real_plus_may133,within_cow_random5,2,StrictFixedDualEnsemble_0p50,5,125,HIST_0,0,core_history_280,real_history,measured_or_research,core_history_280,core_history_280_S22,32.8,22.0,15,38.1,38.1661893468897,38.12520313776,38.2050130740001,38.1,38.1456962423248,-0.0456962423248441,0.5,0.5,-0.0661893468896722,-0.0252031377600233,global_k1_t2_e06_a5,global_k1_t2_e06_a5,False,False,0.333333333333326,0.333333333333326
all_real_plus_may133,within_cow_random5,2,StrictFixedDualEnsemble_0p50,7,127,HIST_0,0,core_history_280,real_history,measured_or_research,core_history_280,core_history_280_S23,29.3,11.8,22,38.3,38.358354278823,38.2290335393848,38.3209730807698,38.2,38.2936939091039,0.0063060908960963,0.5,0.5,-0.058354278823046,0.0709664606152387,global_k1_t2_e06_a5,global_k1_t2_e06_a5,False,False,0.556936062558153,0.556936062558153
all_real_plus_may133,within_cow_random5,2,StrictFixedDualEnsemble_0p50,23,5,HIST_10,10,core_history_280,real_history,measured_or_research,core_history_280,core_history_280_S02,33.3,9.3,13,38.5,38.4851994834383,38.4823066373243,38.4262776555179,38.5,38.4837530603813,0.0162469396186964,0.5,0.5,0.0148005165616709,0.0176933626757148,global_k1_t2_e06_a5,global_k1_t2_e06_a5,True,True,0.0,0.0
all_real_plus_may133,within_cow_random5,2,StrictFixedDualEnsemble_0p50,25,6,HIST_10,10,core_history_280,real_history,measured_or_research,core_history_280,core_history_280_S02,33.6,8.0,13,38.4,38.3996959018197,38.419113549751,38.4796397906293,38.4,38.4094047257854,-0.0094047257853873,0.5,0.5,0.0003040981802584,-0.0191135497510331,global_k1_t2_e06_a5,global_k1_t2_e06_a5,True,True,0.0,0.0
all_real_plus_may133,within_cow_random5,2,StrictFixedDualEnsemble_0p50,30,142,HIST_10,10,core_history_280,real_history,measured_or_research,core_history_280,core_history_280_S24,33.9,11.2,15,38.3,38.3399608098874,38.3289139429313,38.4204747622139,38.3,38.3344373764094,-0.0344373764093646,0.5,0.5,-0.0399608098873898,-0.0289139429313394,global_k1_t2_e06_a5,global_k1_t2_e06_a5,True,True,0.0,0.0
all_real_plus_may133,within_cow_random5,2,StrictFixedDualEnsemble_0p50,32,143,HIST_10,10,core_history_280,real_history,measured_or_research,core_history_280,core_history_280_S24,36.4,9.1,15,38.5,38.515550070035,38.5272721534501,38.6136339727088,38.5,38.5214111117426,-0.0214111117425801,0.5,0.5,-0.0155500700350473,-0.027272153450113,global_k1_t2_e06_a5,global_k1_t2_e06_a5,True,True,0.0,0.0
all_real_plus_may133,within_cow_random5,2,StrictFixedDualEnsemble_0p50,37,12,HIST_10,10,core_history_280,real_history,measured_or_research,core_history_280,core_history_280_S03,33.7,5.5,23,38.0,38.1077748481716,38.1528176644128,38.6367402683869,38.0,38.1302962562922,-0.130296256292219,0.5,0.5,-0.107774848171594,-0.152817664412844,global_k1_t2_e06_a5,global_k1_t2_e06_a5,True,True,0.0,0.0
all_real_plus_may133,within_cow_random5,2,StrictFixedDualEnsemble_0p50,42,149,HIST_11,11,core_history_280,real_history,measured_or_research,core_history_280,core_history_280_S26,30.8,6.1,11,39.5,39.469934634536,39.4190459549485,39.162691478952,39.5,39.4444902947422,0.0555097052577764,0.5,0.5,0.0300653654640257,0.0809540450515271,global_k1_t2_e06_a5,global_k1_t2_e06_a5,True,True,0.0,0.0
all_real_plus_may133,within_cow_random5,2,StrictFixedDualEnsemble_0p50,52,152,HIST_11,11,core_history_280,real_history,measured_or_research,core_history_280,core_history_280_S26,33.9,9.3,13,38.8,38.8155701610409,38.8134899251443,38.8562080214346,38.8,38.8145300430926,-0.0145300430926127,0.5,0.5,-0.0155701610409125,-0.013489925144313,global_k1_t2_e06_a5,global_k1_t2_e06_a5,True,True,0.0,0.0
all_real_plus_may133,within_cow_random5,2,StrictFixedDualEnsemble_0p50,53,20,HIST_11,11,core_history_280,real_history,measured_or_research,core_history_280,core_history_280_S04,36.2,8.8,14,39.0,38.9991605988238,39.0045083040084,39.018784600035,39.0,39.0018344514161,-0.0018344514161015,0.5,0.5,0.0008394011761936,-0.0045083040084037,global_k1_t2_e06_a5,global_k1_t2_e06_a5,True,True,0.0,0.0
all_real_plus_may133,within_cow_random5,2,StrictFixedDualEnsemble_0p50,55,21,HIST_11,11,core_history_280,real_history,measured_or_research,core_history_280,core_history_280_S04,36.0,9.1,15,38.9,38.9540568847632,38.9241140722778,39.0004753011575,38.9,38.9390854785205,-0.0390854785204695,0.5,0.5,-0.0540568847631562,-0.0241140722777899,global_k1_t2_e06_a5,global_k1_t2_e06_a5,True,True,0.0,0.0
all_real_plus_may133,within_cow_random5,2,StrictFixedDualEnsemble_0p50,61,24,HIST_11,11,core_history_280,real_history,measured_or_research,core_history_280,core_history_280_S05,33.2,5.4,22,39.6,39.5697039258654,39.5920402688515,39.5668344535478,39.6,39.5808720973584,0.0191279026415785,0.5,0.5,0.0302960741346183,0.0079597311485386,global_k1_t2_e06_a5,global_k1_t2_e06_a5,True,True,0.0,0.0
all_real_plus_may133,within_cow_random5,2,StrictFixedDualEnsemble_0p50,71,29,HIST_12,12,core_history_280,real_history,measured_or_research,core_history_280,core_history_280_S06,33.1,6.8,12,38.2,38.1641113569705,38.1953876507709,38.180781878212,38.2,38.1797495038707,0.0202504961293357,0.5,0.5,0.0358886430295513,0.004612349229113,global_k1_t2_e06_a5,global_k1_t2_e06_a5,True,True,0.0,0.0
all_real_plus_may133,within_cow_random5,2,StrictFixedDualEnsemble_0p50,74,164,HIST_12,12,core_history_280,real_history,measured_or_research,core_history_280,core_history_280_S28,33.2,9.3,13,38.1,38.1469705084541,38.1124207615924,38.1517531733016,38.1,38.1296956350232,-0.0296956350232236,0.5,0.5,-0.0469705084540664,-0.0124207615923879,global_k1_t2_e06_a5,global_k1_t2_e06_a5,True,True,0.0,0.0
all_real_plus_may133,within_cow_random5,2,StrictFixedDualEnsemble_0p50,77,32,HIST_12,12,core_history_280,real_history,measured_or_research,core_history_280,core_history_280_S06,33.6,8.8,14,38.5,38.4664539427887,38.4194399590371,38.1643331626546,38.5,38.4429469509129,0.0570530490871164,0.5,0.5,0.0335460572113249,0.0805600409629008,global_k1_t2_e06_a5,global_k1_t2_e06_a5,True,True,0.0,0.0
all_real_plus_may133,within_cow_random5,2,StrictFixedDualEnsemble_0p50,82,168,HIST_12,12,core_history_280,real_history,measured_or_research,core_history_280,core_history_280_S29,33.2,9.0,19,38.5,38.5128619979446,38.5520146470658,38.7167276961074,38.5,38.5324383225052,-0.0324383225051719,0.5,0.5,-0.0128619979445546,-0.0520146470657821,global_k1_t2_e06_a5,global_k1_t2_e06_a5,True,True,0.0,0.0
all_real_plus_may133,within_cow_random5,2,StrictFixedDualEnsemble_0p50,83,35,HIST_12,12,core_history_280,real_history,measured_or_research,core_history_280,core_history_280_S07,31.3,6.0,21,38.4,38.4955118493948,38.4583252700319,38.6430219584662,38.4,38.4769185597133,-0.0769185597133415,0.5,0.5,-0.0955118493947893,-0.0583252700318866,global_k1_t2_e06_a5,global_k1_t2_e06_a5,True,True,0.0,0.0
all_real_plus_may133,within_cow_random5,2,StrictFixedDualEnsemble_0p50,90,172,HIST_13,13,core_history_280,real_history,measured_or_research,core_history_280,core_history_280_S29,29.8,5.4,0,38.0,38.0212227079621,38.0350598467301,38.1460826947086,38.0,38.0281412773461,-0.0281412773460659,0.5,0.5,-0.0212227079620533,-0.0350598467300713,global_k1_t2_e06_a5,global_k1_t2_e06_a5,True,True,0.0,0.0
all_real_plus_may133,within_cow_random5,2,StrictFixedDualEnsemble_0p50,94,174,HIST_13,13,core_history_280,real_history,measured_or_research,core_history_280,core_history_280_S30,33.1,6.1,11,39.2,39.04860645673,39.0011977779616,38.3716574081734,39.2,39.0249021173458,0.175097882654214,0.5,0.5,0.151393543270032,0.198802222038395,global_k1_t2_e06_a5,global_k1_t2_e06_a5,True,True,0.0,0.0
all_real_plus_may133,within_cow_random5,2,StrictFixedDualEnsemble_0p50,95,41,HIST_13,13,core_history_280,real_history,measured_or_research,core_history_280,core_history_280_S08,31.3,6.9,12,38.3,38.2806485369481,38.2902806516839,38.2595027153496,38.3,38.285464594316,0.0145354056840077,0.5,0.5,0.0193514630519331,0.0097193483160822,global_k1_t2_e06_a5,global_k1_t2_e06_a5,True,True,0.0,0.0
all_real_plus_may133,within_cow_random5,2,StrictFixedDualEnsemble_0p50,106,181,HIST_13,13,core_history_280,real_history,measured_or_research,core_history_280,core_history_280_S30,32.0,9.1,15,38.4,38.3619274817517,38.3650169664764,38.2542373603183,38.4,38.363472224114,0.0365277758859648,0.5,0.5,0.0380725182483346,0.0349830335236021,global_k1_t2_e06_a5,global_k1_t2_e06_a5,True,True,0.0,0.0
all_real_plus_may133,within_cow_random5,2,StrictFixedDualEnsemble_0p50,110,182,HIST_13,13,core_history_280,real_history,measured_or_research,core_history_280,core_history_280_S31,30.5,9.0,19,38.2,38.1949045628873,38.2183952710891,38.2766469628712,38.2,38.2066499169882,-0.0066499169881666,0.5,0.5,0.0050954371127502,-0.0183952710890907,global_k1_t2_e06_a5,global_k1_t2_e06_a5,True,True,0.0,0.0
all_real_plus_may133,within_cow_random5,2,StrictFixedDualEnsemble_0p50,114,184,HIST_13,13,core_history_280,real_history,measured_or_research,core_history_280,core_history_280_S31,30.6,5.4,22,38.1,38.0834802815726,38.1284529559166,38.2185539829857,38.1,38.1059666187446,-0.0059666187446154,0.5,0.5,0.0165197184273538,-0.0284529559165776,global_k1_t2_e06_a5,global_k1_t2_e06_a5,True,True,0.0,0.0
all_real_plus_may133,within_cow_random5,2,StrictFixedDualEnsemble_0p50,120,188,HIST_14,14,core_history_280,real_history,measured_or_research,core_history_280,core_history_280_S32,30.9,6.1,11,41.5,40.9572571943377,40.8576256414938,38.8234401728907,41.5,40.9074414179157,0.592558582084251,0.5,0.5,0.542742805662279,0.642374358506224,global_k1_t2_e06_a5,global_k1_t2_e06_a5,True,True,0.0,0.0
all_real_plus_may133,within_cow_random5,2,StrictFixedDualEnsemble_0p50,122,187,HIST_14,14,core_history_280,real_history,measured_or_research,core_history_280,core_history_280_S32,31.5,5.0,11,38.7,38.7959216183662,38.6979305493154,38.691377288814,38.7,38.7469260838408,-0.0469260838407877,0.5,0.5,-0.0959216183662193,0.0020694506846368,global_k1_t2_e06_a5,global_k1_t2_e06_a5,True,True,0.0,0.0
all_real_plus_may133,within_cow_random5,2,StrictFixedDualEnsemble_0p50,129,58,HIST_14,14,core_history_280,real_history,measured_or_research,core_history_280,core_history_280_S10,33.8,8.8,14,38.6,38.5928715673374,38.6880116754933,38.9667153145555,38.6,38.6404416214154,-0.0404416214153827,0.5,0.5,0.0071284326625544,-0.0880116754933198,global_k1_t2_e06_a5,global_k1_t2_e06_a5,True,True,0.0,0.0
all_real_plus_may133,within_cow_random5,2,StrictFixedDualEnsemble_0p50,132,193,HIST_14,14,core_history_280,real_history,measured_or_research,core_history_280,core_history_280_S32,30.7,11.2,15,38.5,38.5128327607383,38.4777560046443,38.4073166860179,38.5,38.4952943826913,0.0047056173087014,0.5,0.5,-0.0128327607382985,0.0222439953557014,global_k1_t2_e06_a5,global_k1_t2_e06_a5,True,True,0.0,0.0
all_real_plus_may133,within_cow_random5,2,StrictFixedDualEnsemble_0p50,140,197,HIST_14,14,core_history_280,real_history,measured_or_research,core_history_280,core_history_280_S33,32.7,5.5,23,38.2,38.281956638616,38.391932481451,38.9997186727123,38.2,38.3369445600335,-0.136944560033484,0.5,0.5,-0.0819566386160133,-0.191932481450955,global_k1_t2_e06_a5,global_k1_t2_e06_a5,True,True,0.0,0.0
all_real_plus_may133,within_cow_random5,2,StrictFixedDualEnsemble_0p50,144,199,HIST_15,15,core_history_280,real_history,measured_or_research,core_history_280,core_history_280_S34,33.9,8.0,13,38.5,38.5068871765669,38.5260738981661,38.6086412423588,38.5,38.5164805373665,-0.0164805373665118,0.5,0.5,-0.00688717656692,-0.0260738981661035,global_k1_t2_e06_a5,global_k1_t2_e06_a5,True,True,0.0,0.0
all_real_plus_may133,within_cow_random5,2,StrictFixedDualEnsemble_0p50,150,202,HIST_15,15,core_history_280,real_history,measured_or_research,core_history_280,core_history_280_S35,30.7,6.0,21,39.1,39.0799019162971,39.0659356228429,38.9580650951786,39.1,39.07291876957,0.0270812304300279,0.5,0.5,0.0200980837029263,0.0340643771571294,global_k1_t2_e06_a5,global_k1_t2_e06_a5,True,True,0.0,0.0
all_real_plus_may133,within_cow_random5,2,StrictFixedDualEnsemble_0p50,153,70,HIST_15,15,core_history_280,real_history,measured_or_research,core_history_280,core_history_280_S13,30.7,5.5,23,38.6,38.6101141593873,38.6705635583905,38.894014826627,38.6,38.6403388588889,-0.0403388588888731,0.5,0.5,-0.0101141593872711,-0.0705635583904751,global_k1_t2_e06_a5,global_k1_t2_e06_a5,True,True,0.0,0.0
all_real_plus_may133,within_cow_random5,2,StrictFixedDualEnsemble_0p50,156,205,HIST_16,16,core_history_280,real_history,measured_or_research,core_history_280,core_history_280_S35,28.7,5.4,0,38.9,38.8515159801732,38.8174851911258,38.5561882963575,38.9,38.8345005856495,0.0654994143504908,0.5,0.5,0.0484840198267662,0.0825148088742083,global_k1_t2_e06_a5,global_k1_t2_e06_a5,True,True,0.0,0.0
all_real_plus_may133,within_cow_random5,2,StrictFixedDualEnsemble_0p50,159,73,HIST_16,16,core_history_280,real_history,measured_or_research,core_history_280,core_history_280_S14,32.2,6.9,12,38.0,38.1030304027854,38.1210438666772,38.5043494444884,38.0,38.1120371347313,-0.112037134731281,0.5,0.5,-0.10303040278535,-0.121043866677212,global_k1_t2_e06_a5,global_k1_t2_e06_a5,True,True,0.0,0.0
all_real_plus_may133,within_cow_random5,2,StrictFixedDualEnsemble_0p50,164,209,HIST_16,16,core_history_280,real_history,measured_or_research,core_history_280,core_history_280_S36,33.0,8.8,14,38.3,38.3332419627128,38.349422136299,38.5059255679125,38.3,38.3413320495059,-0.0413320495058969,0.5,0.5,-0.0332419627127862,-0.0494221362990075,global_k1_t2_e06_a5,global_k1_t2_e06_a5,True,True,0.0,0.0
all_real_plus_may133,within_cow_random5,2,StrictFixedDualEnsemble_0p50,167,77,HIST_16,16,core_history_280,real_history,measured_or_research,core_history_280,core_history_280_S15,32.1,9.0,19,39.4,39.3288354917218,38.9590203194513,38.8292513310472,39.0,39.1439279055866,0.256072094413447,0.5,0.5,0.0711645082782155,0.440979680548679,global_k1_t2_e06_a5,global_k1_t2_e06_a5,True,True,0.0,0.0
all_real_plus_may133,within_cow_random5,2,StrictFixedDualEnsemble_0p50,174,214,HIST_17,17,core_history_280,real_history,measured_or_research,core_history_280,core_history_280_S37,25.4,5.4,0,38.1,38.1071332109935,38.1288278002158,38.2201158342325,38.1,38.1179805056047,-0.0179805056046689,0.5,0.5,-0.0071332109935298,-0.028827800215808,global_k1_t2_e06_a5,global_k1_t2_e06_a5,True,True,0.0,0.0
all_real_plus_may133,within_cow_random5,2,StrictFixedDualEnsemble_0p50,179,83,HIST_17,17,core_history_280,real_history,measured_or_research,core_history_280,core_history_280_S16,29.7,6.9,12,38.1,38.1566007322336,38.1780399558859,38.4251664828578,38.1,38.1673203440597,-0.0673203440597163,0.5,0.5,-0.0566007322335551,-0.0780399558858775,global_k1_t2_e06_a5,global_k1_t2_e06_a5,True,True,0.0,0.0
all_real_plus_may133,within_cow_random5,2,StrictFixedDualEnsemble_0p50,188,221,HIST_17,17,core_history_280,real_history,measured_or_research,core_history_280,core_history_280_S38,31.2,8.8,14,39.0,38.8593507845479,38.8078414423554,38.1993393431477,39.0,38.8335961134517,0.166403886548323,0.5,0.5,0.140649215452086,0.192158557644554,global_k1_t2_e06_a5,global_k1_t2_e06_a5,True,True,0.0,0.0
all_real_plus_may133,within_cow_random5,2,StrictFixedDualEnsemble_0p50,190,223,HIST_17,17,core_history_280,real_history,measured_or_research,core_history_280,core_history_280_S38,32.3,9.1,15,39.5,39.2535690692621,39.2372734123872,38.4053058849468,39.5,39.2454212408246,0.254578759175352,0.5,0.5,0.24643093073793,0.262726587612775,global_k1_t2_e06_a5,global_k1_t2_e06_a5,True,True,0.0,0.0
all_real_plus_may133,within_cow_random5,2,StrictFixedDualEnsemble_0p50,198,226,HIST_17,17,core_history_280,real_history,measured_or_research,core_history_280,core_history_280_S39,31.1,5.4,22,38.2,38.1793107141666,38.2215390652083,38.2897461050344,38.2,38.2004248896874,-0.000424889687423,0.5,0.5,0.0206892858334129,-0.0215390652082661,global_k1_t2_e06_a5,global_k1_t2_e06_a5,True,True,0.0,0.0
all_real_plus_may133,within_cow_random5,2,StrictFixedDualEnsemble_0p50,199,93,HIST_17,17,core_history_280,real_history,measured_or_research,core_history_280,core_history_280_S17,32.1,5.5,23,38.5,38.4562195202377,38.4289557461066,38.2039822754441,38.5,38.4425876331721,0.0574123668278759,0.5,0.5,0.0437804797623329,0.0710442538934117,global_k1_t2_e06_a5,global_k1_t2_e06_a5,True,True,0.0,0.0
all_real_plus_may133,within_cow_random5,2,StrictFixedDualEnsemble_0p50,210,231,HIST_18,18,core_history_280,real_history,measured_or_research,core_history_280,core_history_280_S40,32.0,6.9,12,38.2,38.16558420333,38.1716262571985,38.0817760716605,38.2,38.1686052302643,0.0313947697357477,0.5,0.5,0.0344157966700109,0.0283737428014845,global_k1_t2_e06_a5,global_k1_t2_e06_a5,True,True,0.0,0.0
all_real_plus_may133,within_cow_random5,2,StrictFixedDualEnsemble_0p50,216,235,HIST_18,18,core_history_280,real_history,measured_or_research,core_history_280,core_history_280_S40,33.2,8.8,14,38.0,38.0421090057283,38.0269337957135,38.1122241488063,38.0,38.0345214007209,-0.0345214007209123,0.5,0.5,-0.0421090057283209,-0.0269337957135036,global_k1_t2_e06_a5,global_k1_t2_e06_a5,True,True,0.0,0.0
all_real_plus_may133,within_cow_random5,2,StrictFixedDualEnsemble_0p50,217,102,HIST_18,18,core_history_280,real_history,measured_or_research,core_history_280,core_history_280_S18,33.5,11.2,15,38.0,38.0091670727637,38.0032522697743,38.0135511240595,38.0,38.006209671269,-0.0062096712689694,0.5,0.5,-0.0091670727636596,-0.0032522697742791,global_k1_t2_e06_a5,global_k1_t2_e06_a5,True,True,0.0,0.0
all_real_plus_may133,within_cow_random5,2,StrictFixedDualEnsemble_0p50,220,237,HIST_18,18,core_history_280,real_history,measured_or_research,core_history_280,core_history_280_S41,32.1,9.0,19,39.0,39.2545216055538,38.957701510233,38.8237562926375,39.0,39.1061115578934,-0.106111557893378,0.5,0.5,-0.254521605553762,0.0422984897670062,global_k1_t2_e06_a5,global_k1_t2_e06_a5,True,True,0.0,0.0
all_real_plus_may133,within_cow_random5,2,StrictFixedDualEnsemble_0p50,224,239,HIST_18,18,core_history_280,real_history,measured_or_research,core_history_280,core_history_280_S41,31.5,5.4,22,38.8,38.7835802885754,38.7595602270508,38.631500946045,38.8,38.7715702578131,0.0284297421869013,0.5,0.5,0.0164197114246107,0.0404397729491919,global_k1_t2_e06_a5,global_k1_t2_e06_a5,True,True,0.0,0.0
all_real_plus_may133,within_cow_random5,2,StrictFixedDualEnsemble_0p50,227,107,HIST_19,19,core_history_280,real_history,measured_or_research,core_history_280,core_history_280_S19,30.7,5.4,0,38.3,38.2793047635679,38.42805271607,38.8335529836249,38.3,38.3536787398189,-0.0536787398189276,0.5,0.5,0.0206952364321111,-0.128052716069966,global_k1_t2_e06_a5,global_k1_t2_e06_a5,True,True,0.0,0.0
all_real_plus_may133,within_cow_random5,2,StrictFixedDualEnsemble_0p50,235,111,HIST_19,19,core_history_280,real_history,measured_or_research,core_history_280,core_history_280_S20,33.2,6.8,12,39.0,38.9921378081287,38.9699105141364,38.8746271422351,39.0,38.9810241611326,0.0189758388674477,0.5,0.5,0.0078621918713182,0.0300894858635701,global_k1_t2_e06_a5,global_k1_t2_e06_a5,True,True,0.0,0.0
all_real_plus_may133,within_cow_random5,2,StrictFixedDualEnsemble_0p50,236,245,HIST_19,19,core_history_280,real_history,measured_or_research,core_history_280,core_history_280_S42,33.2,6.8,12,39.0,38.960180577196,38.9780525552427,38.908552313511,39.0,38.9691165662193,0.0308834337806871,0.5,0.5,0.0398194228040367,0.0219474447573447,global_k1_t2_e06_a5,global_k1_t2_e06_a5,True,True,0.0,0.0
all_real_plus_may133,within_cow_random5,2,StrictFixedDualEnsemble_0p50,243,115,HIST_19,19,core_history_280,real_history,measured_or_research,core_history_280,core_history_280_S20,32.4,11.2,15,39.1,39.1075055835048,39.0267801173083,38.7949171554515,39.1,39.0671428504066,0.0328571495934469,0.5,0.5,-0.0075055835047592,0.073219882691653,global_k1_t2_e06_a5,global_k1_t2_e06_a5,True,True,0.0,0.0
all_real_plus_may133,within_cow_random5,2,StrictFixedDualEnsemble_0p50,246,250,HIST_19,19,core_history_280,real_history,measured_or_research,core_history_280,core_history_280_S42,35.3,9.1,15,39.0,38.9634224331314,39.0028417568312,39.0118406534634,39.0,38.9831320949813,0.0168679050186853,0.5,0.5,0.0365775668685799,-0.0028417568312164,global_k1_t2_e06_a5,global_k1_t2_e06_a5,True,True,0.0,0.0
all_real_plus_may133,within_cow_random5,2,StrictFixedDualEnsemble_0p50,247,117,HIST_19,19,core_history_280,real_history,measured_or_research,core_history_280,core_history_280_S21,32.1,9.0,19,39.1,39.4744483911254,39.1319231063413,39.5496796097555,39.0,39.3031857487333,-0.203185748733347,0.5,0.5,-0.374448391125384,-0.0319231063413099,global_k1_t2_e06_a5,global_k1_t2_e06_a5,True,True,0.0,0.0
all_real_plus_may133,within_cow_random5,2,StrictFixedDualEnsemble_0p50,277,277,HIST_7,7,core_history_280,real_history,measured_or_research,core_history_280,core_history_280_S45,30.2,13.4,21,38.4,38.9991823182921,38.9752879486767,38.5803664528196,39.1,38.9872351334844,-0.587235133484405,0.5,0.5,-0.599182318292094,-0.57528794867671,global_k1_t2_e06_a5,global_k1_t2_e06_a5,False,False,1.02315416455412,1.02315416455412
all_real_plus_may133,within_cow_random5,2,StrictFixedDualEnsemble_0p50,279,279,HIST_7,7,core_history_280,real_history,measured_or_research,core_history_280,core_history_280_S45,30.6,10.9,23,38.2,38.9101976309474,38.9337865094168,38.4074437892366,39.1,38.9219920701821,-0.721992070182097,0.5,0.5,-0.710197630947405,-0.733786509416795,global_k1_t2_e06_a5,global_k1_t2_e06_a5,False,False,0.556936062558151,0.556936062558151
all_real_plus_may133,within_cow_random5,2,StrictFixedDualEnsemble_0p50,283,61,DEC2025_10,10,dec2025_140,real_history,measured,dec2025_140,dec2025_140_S02,31.8,6.9,12,38.7,38.7,38.7,38.4537289682973,38.7,38.7,0.0,0.5,0.5,0.0,0.0,global_k1_t2_e03_a5,global_k1_t2_e06_a5,True,True,0.0,0.0
all_real_plus_may133,within_cow_random5,2,StrictFixedDualEnsemble_0p50,289,131,DEC2025_10,10,dec2025_140,real_history,measured,dec2025_140,dec2025_140_S02,36.4,9.1,15,38.5,38.5,38.5,38.5159778372741,38.5,38.5,0.0,0.5,0.5,0.0,0.0,global_k1_t2_e03_a5,global_k1_t2_e06_a5,True,True,0.0,0.0
all_real_plus_may133,within_cow_random5,2,StrictFixedDualEnsemble_0p50,292,31,DEC2025_10,10,dec2025_140,real_history,measured,dec2025_140,dec2025_140_S01,33.7,5.5,23,38.0,38.0,38.0,38.7860664310694,38.0,38.0,0.0,0.5,0.5,0.0,0.0,global_k1_t2_e03_a5,global_k1_t2_e06_a5,True,True,0.0,0.0
all_real_plus_may133,within_cow_random5,2,StrictFixedDualEnsemble_0p50,298,112,DEC2025_11,11,dec2025_140,real_history,measured,dec2025_140,dec2025_140_S02,32.8,8.0,13,39.2,39.2,39.2,38.8869829592439,39.2,39.2,0.0,0.5,0.5,0.0,0.0,global_k1_t2_e03_a5,global_k1_t2_e06_a5,True,True,0.0,0.0
all_real_plus_may133,within_cow_random5,2,StrictFixedDualEnsemble_0p50,301,132,DEC2025_11,11,dec2025_140,real_history,measured,dec2025_140,dec2025_140_S02,36.0,9.1,15,38.9,38.9,38.9,38.9584057438627,38.9,38.9,0.0,0.5,0.5,0.0,0.0,global_k1_t2_e03_a5,global_k1_t2_e06_a5,True,True,0.0,0.0
all_real_plus_may133,within_cow_random5,2,StrictFixedDualEnsemble_0p50,302,2,DEC2025_11,11,dec2025_140,real_history,measured,dec2025_140,dec2025_140_S01,33.7,9.0,19,40.0,40.0,40.0,39.2485728440868,40.0,40.0,0.0,0.5,0.5,0.0,0.0,global_k1_t2_e03_a5,global_k1_t2_e06_a5,True,True,0.0,0.0
all_real_plus_may133,within_cow_random5,2,StrictFixedDualEnsemble_0p50,306,43,DEC2025_12,12,dec2025_140,real_history,measured,dec2025_140,dec2025_140_S01,31.8,5.4,0,38.1,38.1,38.1,38.50972766055,38.1,38.1,0.0,0.5,0.5,0.0,0.0,global_k1_t2_e03_a5,global_k1_t2_e06_a5,True,True,0.0,0.0
all_real_plus_may133,within_cow_random5,2,StrictFixedDualEnsemble_0p50,310,73,DEC2025_12,12,dec2025_140,real_history,measured,dec2025_140,dec2025_140_S02,33.2,9.3,13,38.1,38.1,38.1,38.1795804031046,38.1,38.1,0.0,0.5,0.5,0.0,0.0,global_k1_t2_e03_a5,global_k1_t2_e06_a5,True,True,0.0,0.0
all_real_plus_may133,within_cow_random5,2,StrictFixedDualEnsemble_0p50,315,13,DEC2025_12,12,dec2025_140,real_history,measured,dec2025_140,dec2025_140_S01,31.3,6.0,21,38.4,38.4,38.4,38.6611036619944,38.4,38.4,0.0,0.5,0.5,0.0,0.0,global_k1_t2_e03_a5,global_k1_t2_e06_a5,True,True,0.0,0.0
all_real_plus_may133,within_cow_random5,2,StrictFixedDualEnsemble_0p50,319,54,DEC2025_13,13,dec2025_140,real_history,measured,dec2025_140,dec2025_140_S02,26.6,5.0,11,38.9,38.9,38.9,38.376211240885,38.9,38.9,0.0,0.5,0.5,0.0,0.0,global_k1_t2_e03_a5,global_k1_t2_e06_a5,True,True,0.0,0.0
all_real_plus_may133,within_cow_random5,2,StrictFixedDualEnsemble_0p50,328,4,DEC2025_13,13,dec2025_140,real_history,measured,dec2025_140,dec2025_140_S01,30.5,9.0,19,38.2,38.2,38.2,38.1442057985941,38.2,38.2,0.0,0.5,0.5,0.0,0.0,global_k1_t2_e03_a5,global_k1_t2_e06_a5,True,True,0.0,0.0
all_real_plus_may133,within_cow_random5,2,StrictFixedDualEnsemble_0p50,329,14,DEC2025_13,13,dec2025_140,real_history,measured,dec2025_140,dec2025_140_S01,29.6,6.0,21,38.3,38.3,38.3,38.2895094642744,38.3,38.3,0.0,0.5,0.5,0.0,0.0,global_k1_t2_e03_a5,global_k1_t2_e06_a5,True,True,0.0,0.0
all_real_plus_may133,within_cow_random5,2,StrictFixedDualEnsemble_0p50,334,55,DEC2025_14,14,dec2025_140,real_history,measured,dec2025_140,dec2025_140_S02,31.5,5.0,11,38.7,38.7,38.7,39.1640747330527,38.7,38.7,0.0,0.5,0.5,0.0,0.0,global_k1_t2_e03_a5,global_k1_t2_e06_a5,True,True,0.0,0.0
all_real_plus_may133,within_cow_random5,2,StrictFixedDualEnsemble_0p50,337,75,DEC2025_14,14,dec2025_140,real_history,measured,dec2025_140,dec2025_140_S02,32.8,9.3,13,38.5,38.5,38.5,38.9451697233655,38.5,38.5,0.0,0.5,0.5,0.0,0.0,global_k1_t2_e03_a5,global_k1_t2_e06_a5,True,True,0.0,0.0
all_real_plus_may133,within_cow_random5,2,StrictFixedDualEnsemble_0p50,341,5,DEC2025_14,14,dec2025_140,real_history,measured,dec2025_140,dec2025_140_S01,32.3,9.0,19,39.1,39.1,39.1,38.8519873097154,39.1,39.1,0.0,0.5,0.5,0.0,0.0,global_k1_t2_e03_a5,global_k1_t2_e06_a5,True,True,0.0,0.0
all_real_plus_may133,within_cow_random5,2,StrictFixedDualEnsemble_0p50,351,47,DEC2025_16,16,dec2025_140,real_history,measured,dec2025_140,dec2025_140_S01,28.7,5.4,0,38.9,38.9,38.9,38.7947606169584,38.9,38.9,0.0,0.5,0.5,0.0,0.0,global_k1_t2_e03_a5,global_k1_t2_e06_a5,True,True,0.0,0.0
all_real_plus_may133,within_cow_random5,2,StrictFixedDualEnsemble_0p50,359,37,DEC2025_16,16,dec2025_140,real_history,measured,dec2025_140,dec2025_140_S01,31.8,5.5,23,38.8,38.8,38.8,38.8236824574631,38.8,38.8,0.0,0.5,0.5,0.0,0.0,global_k1_t2_e03_a5,global_k1_t2_e06_a5,True,True,0.0,0.0
all_real_plus_may133,within_cow_random5,2,StrictFixedDualEnsemble_0p50,363,68,DEC2025_17,17,dec2025_140,real_history,measured,dec2025_140,dec2025_140_S02,29.7,6.9,12,38.1,38.1,38.1,38.3643879770518,38.1,38.1,0.0,0.5,0.5,0.0,0.0,global_k1_t2_e03_a5,global_k1_t2_e06_a5,True,True,0.0,0.0
all_real_plus_may133,within_cow_random5,2,StrictFixedDualEnsemble_0p50,367,128,DEC2025_17,17,dec2025_140,real_history,measured,dec2025_140,dec2025_140_S02,31.2,8.8,14,39.0,39.0,39.0,38.4409444092098,39.0,39.0,0.0,0.5,0.5,0.0,0.0,global_k1_t2_e03_a5,global_k1_t2_e06_a5,True,True,0.0,0.0
all_real_plus_may133,within_cow_random5,2,StrictFixedDualEnsemble_0p50,371,18,DEC2025_17,17,dec2025_140,real_history,measured,dec2025_140,dec2025_140_S01,31.5,6.0,21,38.2,38.2,38.2,38.4001773957965,38.2,38.2,0.0,0.5,0.5,0.0,0.0,global_k1_t2_e03_a5,global_k1_t2_e06_a5,True,True,0.0,0.0
all_real_plus_may133,within_cow_random5,2,StrictFixedDualEnsemble_0p50,376,99,DEC2025_18,18,dec2025_140,real_history,measured,dec2025_140,dec2025_140_S02,31.0,6.1,11,38.0,38.0,38.0,38.4120380406378,38.0,38.0,0.0,0.5,0.5,0.0,0.0,global_k1_t2_e03_a5,global_k1_t2_e06_a5,True,True,0.0,0.0
all_real_plus_may133,within_cow_random5,2,StrictFixedDualEnsemble_0p50,381,129,DEC2025_18,18,dec2025_140,real_history,measured,dec2025_140,dec2025_140_S02,33.2,8.8,14,38.0,38.0,38.0,38.1297956558252,38.0,38.0,0.0,0.5,0.5,0.0,0.0,global_k1_t2_e03_a5,global_k1_t2_e06_a5,True,True,0.0,0.0
all_real_plus_may133,within_cow_random5,2,StrictFixedDualEnsemble_0p50,383,9,DEC2025_18,18,dec2025_140,real_history,measured,dec2025_140,dec2025_140_S01,32.1,9.0,19,39.0,39.4,39.0,38.7255126618997,39.0,39.2,-0.200000000000003,0.5,0.5,-0.399999999999999,0.0,global_k1_t2_e03_a5,global_k1_t2_e06_a5,True,True,0.0,0.0
all_real_plus_may133,within_cow_random5,2,StrictFixedDualEnsemble_0p50,394,130,DEC2025_19,19,dec2025_140,real_history,measured,dec2025_140,dec2025_140_S02,33.7,8.8,14,38.6,38.6,38.6,38.9187998356466,38.6,38.6,0.0,0.5,0.5,0.0,0.0,global_k1_t2_e03_a5,global_k1_t2_e06_a5,True,True,0.0,0.0
all_real_plus_may133,within_cow_random5,2,StrictFixedDualEnsemble_0p50,397,10,DEC2025_19,19,dec2025_140,real_history,measured,dec2025_140,dec2025_140_S01,32.1,9.0,19,39.1,39.4,39.0,39.072777012225,39.0,39.2,-0.100000000000001,0.5,0.5,-0.299999999999997,0.100000000000001,global_k1_t2_e03_a5,global_k1_t2_e06_a5,True,True,0.0,0.0
all_real_plus_may133,within_cow_random5,2,StrictFixedDualEnsemble_0p50,398,20,DEC2025_19,19,dec2025_140,real_history,measured,dec2025_140,dec2025_140_S01,33.5,6.0,21,39.9,39.9,39.9,39.1365527763001,39.9,39.9,0.0,0.5,0.5,0.0,0.0,global_k1_t2_e03_a5,global_k1_t2_e06_a5,True,True,0.0,0.0
all_real_plus_may133,within_cow_random5,2,StrictFixedDualEnsemble_0p50,1002,124,MAY2026_51,51,may2026_measured_133,real_may_measured,measured,may_hot_air30,may2026_measured_133_S05,36.6,34.5,18,39.3,39.469943565057,39.3653911775445,39.3810274718214,39.2833006325906,39.4176673713007,-0.117667371300726,0.5,0.5,-0.169943565056982,-0.0653911775444627,global_k2_t2_e06_a10_b05,global_k2_t2_e06_a10_b05,False,False,0.527046276694731,0.527046276694731
all_real_plus_may133,within_cow_random5,2,StrictFixedDualEnsemble_0p50,1007,127,MAY2026_51,51,may2026_measured_133,real_may_measured,measured,may_hot_air30,may2026_measured_133_S05,36.0,32.9,21,39.3,39.6388621371615,39.6321036808883,39.4824796054789,40.417630076788,39.6354829090249,-0.335482909024932,0.5,0.5,-0.33886213716152,-0.332103680888352,global_k2_t2_e06_a10_b05,global_k2_t2_e06_a10_b05,False,False,0.530450542254204,0.530450542254204
all_real_plus_may133,within_cow_random5,2,StrictFixedDualEnsemble_0p50,1008,78,MAY2026_51,51,may2026_measured_133,real_may_measured,measured,may_hot_air30,may2026_measured_133_S03,36.6,33.9,21,39.4,39.2231369401199,39.258020097204,39.4018892364457,38.5027071161855,39.240578518662,0.159421481338015,0.5,0.5,0.176863059880063,0.141979902795967,global_k2_t2_e06_a10_b05,global_k2_t2_e06_a10_b05,False,False,0.0399999999999999,0.0399999999999999
all_real_plus_may133,within_cow_random5,2,StrictFixedDualEnsemble_0p50,1017,87,MAY2026_52,52,may2026_measured_133,real_may_measured,measured,may_hot_air30,may2026_measured_133_S04,37.7,36.9,14,39.1,39.1068454624673,39.2771312549249,39.4141706195166,38.5576745908181,39.1919883586961,-0.0919883586960708,0.5,0.5,-0.0068454624672682,-0.177131254924873,global_k2_t2_e06_a10_b05,global_k2_t2_e06_a10_b05,False,False,0.504876222454573,0.504876222454573
all_real_plus_may133,within_cow_random5,2,StrictFixedDualEnsemble_0p50,1018,88,MAY2026_52,52,may2026_measured_133,real_may_measured,measured,may_hot_air30,may2026_measured_133_S04,36.6,35.0,15,39.1,39.0845793268501,39.1939624135862,39.3237270006247,38.512698331634,39.1392708702182,-0.0392708702181537,0.5,0.5,0.0154206731498761,-0.0939624135861834,global_k2_t2_e06_a10_b05,global_k2_t2_e06_a10_b05,False,False,0.167862377493525,0.167862377493525
all_real_plus_may133,within_cow_random5,2,StrictFixedDualEnsemble_0p50,1028,76,MAY2026_52,52,may2026_measured_133,real_may_measured,measured,may_hot_air30,may2026_measured_133_S03,36.2,33.9,23,40.2,40.2095770718202,40.1365658410165,40.1521745933358,40.0546198913407,40.1730714564184,0.0269285435816045,0.5,0.5,-0.0095770718202388,0.0634341589834548,global_k2_t2_e06_a10_b05,global_k2_t2_e06_a10_b05,False,False,0.501597448159378,0.501597448159378
all_real_plus_may133,within_cow_random5,2,StrictFixedDualEnsemble_0p50,1032,105,MAY2026_53,53,may2026_measured_133,real_may_measured,measured,may_hot_air30,may2026_measured_133_S04,39.3,38.8,15,39.5,39.3808724185101,39.5625497926228,39.5131033346838,39.8221436968025,39.4717111055664,0.0282888944335582,0.5,0.5,0.119127581489863,-0.0625497926227538,global_k2_t2_e06_a10_b05,global_k2_t2_e06_a10_b05,False,False,0.550797401752926,0.550797401752926
all_real_plus_may133,within_cow_random5,2,StrictFixedDualEnsemble_0p50,1036,10,MAY2026_53,53,may2026_measured_133,real_may_measured,measured,may_other,may2026_measured_133_S01,33.4,26.5,23,40.8,40.2955303666247,40.1905934378148,40.3973356387624,39.751266260801,40.2430619022197,0.556938097780275,0.5,0.5,0.504469633375315,0.609406562185228,global_k2_t2_e06_a10_b05,session_k3_o06_t2_e08_a35_b075,False,False,0.22422706745123,1.40608543380747
all_real_plus_may133,within_cow_random5,2,StrictFixedDualEnsemble_0p50,1045,129,MAY2026_54,54,may2026_measured_133,real_may_measured,measured,may_hot_air30,may2026_measured_133_S05,37.7,36.2,19,39.5,39.471663167806,39.4976432946977,39.4747064224226,39.6180618741421,39.4846532312518,0.0153467687481523,0.5,0.5,0.0283368321940429,0.0023567053022617,global_k2_t2_e06_a10_b05,global_k2_t2_e06_a10_b05,False,False,0.260341655863557,0.260341655863557
all_real_plus_may133,within_cow_random5,2,StrictFixedDualEnsemble_0p50,1046,82,MAY2026_54,54,may2026_measured_133,real_may_measured,measured,may_hot_air30,may2026_measured_133_S03,37.5,35.7,20,39.8,39.5299739350336,39.5461770845498,39.5363364652526,39.5978403358605,39.5380755097917,0.261924490208308,0.5,0.5,0.270026064966444,0.253822915450172,global_k2_t2_e06_a10_b05,global_k2_t2_e06_a10_b05,False,False,0.527899401190964,0.527899401190964
all_real_plus_may133,within_cow_random5,2,StrictFixedDualEnsemble_0p50,1047,83,MAY2026_54,54,may2026_measured_133,real_may_measured,measured,may_hot_air30,may2026_measured_133_S03,36.8,35.0,21,40.0,39.440388117915,39.3939090090316,39.4705160389772,38.9917221018172,39.4171485634733,0.58285143652671,0.5,0.5,0.559611882085036,0.606090990968383,global_k2_t2_e06_a10_b05,global_k2_t2_e06_a10_b05,False,False,0.260341655863549,0.260341655863549
all_real_plus_may133,within_cow_random5,2,StrictFixedDualEnsemble_0p50,1051,20,MAY2026_55,55,may2026_measured_133,real_may_measured,measured,may_other,may2026_measured_133_S01,30.1,23.5,1,39.8,39.4217263124659,39.3402802995551,39.4700812444175,39.0644532917224,39.3810033060105,0.418996693989541,0.5,0.5,0.378273687534147,0.459719700444928,global_k2_t2_e06_a10_b05,session_k3_o06_t2_e08_a35_b075,False,False,1.36450642276897,2.2437668764643
all_real_plus_may133,within_cow_random5,2,StrictFixedDualEnsemble_0p50,1052,41,MAY2026_55,55,may2026_measured_133,real_may_measured,measured,may_hot_air30,may2026_measured_133_S02,35.1,31.4,13,38.5,39.3192572639638,39.1467417889726,39.2595441836117,38.5545292171174,39.2329995264682,-0.732999526468213,0.5,0.5,-0.819257263963834,-0.646741788972591,global_k2_t2_e06_a10_b05,global_k2_t2_e06_a10_b05,False,False,0.174005108481845,0.174005108481845
all_real_plus_may133,within_cow_random5,2,StrictFixedDualEnsemble_0p50,1064,19,MAY2026_55,55,may2026_measured_133,real_may_measured,measured,may_other,may2026_measured_133_S01,32.8,27.7,24,40.0,39.4094071082534,39.4413411847173,39.4287800115851,39.4680336776233,39.4253741464854,0.574625853514611,0.5,0.5,0.590592891746553,0.558658815282669,global_k2_t2_e06_a10_b05,session_k3_o06_t2_e08_a35_b075,False,False,0.292194760010816,0.570744878692125
all_real_plus_may133,within_cow_random5,2,StrictFixedDualEnsemble_0p50,1066,97,MAY2026_56,56,may2026_measured_133,real_may_measured,measured,may_hot_air30,may2026_measured_133_S04,34.7,32.0,12,38.2,38.3596249519996,38.3701342133553,38.2082950813026,39.219789656632,38.3648795826774,-0.164879582677443,0.5,0.5,-0.159624951999561,-0.170134213355325,global_k2_t2_e06_a10_b05,global_k2_t2_e06_a10_b05,False,False,0.0200000000000003,0.0200000000000003
all_real_plus_may133,within_cow_random5,2,StrictFixedDualEnsemble_0p50,1070,55,MAY2026_56,56,may2026_measured_133,real_may_measured,measured,may_hot_air30,may2026_measured_133_S02,36.6,35.5,14,38.3,38.6954327185729,38.6370963162429,38.6256738009204,38.6970645216859,38.6662645174079,-0.366264517407899,0.5,0.5,-0.395432718572941,-0.337096316242864,global_k2_t2_e06_a10_b05,global_k2_t2_e06_a10_b05,False,False,0.05,0.05
all_real_plus_may133,within_cow_random5,2,StrictFixedDualEnsemble_0p50,1076,120,MAY2026_56,56,may2026_measured_133,real_may_measured,measured,may_hot_air30,may2026_measured_133_S05,35.5,33.1,19,39.0,39.4309218180014,39.3546208235368,39.5257826578523,38.4560211933805,39.3927713207691,-0.392771320769072,0.5,0.5,-0.430921818001359,-0.354620823536784,global_k2_t2_e06_a10_b05,global_k2_t2_e06_a10_b05,False,False,0.0100000000000001,0.0100000000000001
all_real_plus_may133,within_cow_random5,2,StrictFixedDualEnsemble_0p50,1080,69,MAY2026_56,56,may2026_measured_133,real_may_measured,measured,may_hot_air30,may2026_measured_133_S03,34.2,30.8,22,38.4,38.6726096608945,38.8007001119144,38.6784203654076,39.4426687810751,38.7366548864044,-0.336654886404439,0.5,0.5,-0.272609660894517,-0.400700111914361,global_k2_t2_e06_a10_b05,global_k2_t2_e06_a10_b05,False,False,0.345269620892303,0.345269620892303
all_real_plus_may133,within_cow_random5,2,StrictFixedDualEnsemble_0p50,1083,28,MAY2026_57,57,may2026_measured_133,real_may_measured,measured,may_other,may2026_measured_133_S01,35.7,29.0,1,40.1,38.9823486524528,39.0333878267691,39.0761394163424,38.9425406989259,39.0078682396109,1.09213176038906,0.5,0.5,1.1176513475472,1.06661217323091,global_k2_t2_e06_a10_b05,session_k3_o06_t2_e08_a35_b075,False,False,1.04120122935002,1.38604152575279
all_real_plus_may133,within_cow_random5,2,StrictFixedDualEnsemble_0p50,1090,52,MAY2026_57,57,may2026_measured_133,real_may_measured,measured,may_hot_air30,may2026_measured_133_S02,38.3,35.7,15,39.7,38.8847332984272,38.9790425206734,38.9089439400117,39.3470600691469,38.9318879095503,0.768112090449748,0.5,0.5,0.815266701572845,0.720957479326643,global_k2_t2_e06_a10_b05,global_k2_t2_e06_a10_b05,False,False,0.260341655863549,0.260341655863549
all_real_plus_may133,within_cow_random5,2,StrictFixedDualEnsemble_0p50,1097,25,MAY2026_57,57,may2026_measured_133,real_may_measured,measured,may_other,may2026_measured_133_S01,35.0,28.7,22,39.2,38.8781348624834,38.8478332496868,39.0193025332511,38.4834610221126,38.8629840560851,0.337015943914885,0.5,0.5,0.321865137516561,0.352166750313209,global_k2_t2_e06_a10_b05,session_k3_o06_t2_e08_a35_b075,False,False,0.2527405344969,0.205373532817302
all_real_plus_may133,within_cow_random5,2,StrictFixedDualEnsemble_0p50,1101,27,MAY2026_57,57,may2026_measured_133,real_may_measured,measured,may_other,may2026_measured_133_S01,34.6,27.1,24,40.2,39.0284132692976,38.7773964595497,38.9219390457688,38.4702434638342,38.9029048644236,1.29709513557637,0.5,0.5,1.17158673070245,1.4226035404503,global_k2_t2_e06_a10_b05,session_k3_o06_t2_e08_a35_b075,False,False,0.25,0.29801164581788
all_real_plus_may133,within_cow_random5,2,StrictFixedDualEnsemble_0p50,1106,116,MAY2026_58,58,may2026_measured_133,real_may_measured,measured,may_hot_air30,may2026_measured_133_S05,35.8,32.1,19,39.3,38.8980358621226,38.9776952031372,38.9245166104001,39.2568828150071,38.9378655326299,0.362134467370112,0.5,0.5,0.401964137877421,0.322304796862795,global_k2_t2_e06_a10_b05,global_k2_t2_e06_a10_b05,False,False,0.189414301935674,0.189414301935674
all_real_plus_may133,within_cow_random5,2,StrictFixedDualEnsemble_0p50,1107,29,MAY2026_58,58,may2026_measured_133,real_may_measured,measured,may_other,may2026_measured_133_S01,34.5,29.7,21,39.2,39.2089934751349,39.0646918246324,39.0433450856602,39.1100536449484,39.1368426498837,0.0631573501163416,0.5,0.5,-0.0089934751348934,0.135308175367584,global_k2_t2_e06_a10_b05,session_k3_o06_t2_e08_a35_b075,False,False,0.180769958172752,1.02635411909233
all_real_plus_may133,within_cow_random5,2,StrictFixedDualEnsemble_0p50,1119,47,MAY2026_60,60,may2026_measured_133,real_may_measured,measured,may_hot_air30,may2026_measured_133_S02,38.2,37.2,15,38.4,38.2882373312507,38.4674472750294,38.3013532354268,39.3394409829427,38.37784230314,0.0221576968599564,0.5,0.5,0.111762668749286,-0.0674472750293731,global_k2_t2_e06_a10_b05,global_k2_t2_e06_a10_b05,False,False,0.05,0.05
all_real_plus_may133,within_cow_random5,2,StrictFixedDualEnsemble_0p50,1120,131,MAY2026_60,60,may2026_measured_133,real_may_measured,measured,may_hot_air30,may2026_measured_133_S05,37.7,35.7,19,38.7,39.1217509004847,39.0506754559041,38.9422712907617,39.6197973229018,39.0862131781944,-0.386213178194396,0.5,0.5,-0.421750900484696,-0.350675455904096,global_k2_t2_e06_a10_b05,global_k2_t2_e06_a10_b05,False,False,0.22422706745123,0.22422706745123
all_real_plus_may133,within_cow_random5,2,StrictFixedDualEnsemble_0p50,1127,72,MAY2026_60,60,may2026_measured_133,real_may_measured,measured,may_hot_air30,may2026_measured_133_S03,36.3,33.3,22,38.5,38.6124989829393,38.7017244123467,38.4457899940015,40.0453801086593,38.657111697643,-0.157111697643046,0.5,0.5,-0.11249898293935,-0.201724412346735,global_k2_t2_e06_a10_b05,global_k2_t2_e06_a10_b05,False,False,0.17139946842909,0.17139946842909
all_real_plus_may133,within_cow_random5,2,StrictFixedDualEnsemble_0p50,1129,37,MAY2026_60,60,may2026_measured_133,real_may_measured,measured,may_other,may2026_measured_133_S01,34.0,28.8,24,40.2,40.5438248361297,40.1676575490738,40.3883474774359,39.6986914513045,40.3557411926018,-0.155741192601752,0.5,0.5,-0.343824836129656,0.0323424509261585,global_k2_t2_e06_a10_b05,session_k3_o06_t2_e08_a35_b075,False,False,0.545323553294536,1.56277559927718
all_real_plus_may133,within_cow_random5,3,StrictFixedDualEnsemble_0p50,3,123,HIST_0,0,core_history_280,real_history,measured_or_research,core_history_280,core_history_280_S22,31.5,18.3,13,38.2,38.1113086381257,38.1101099776694,38.1631873604339,38.1,38.1107093078976,0.0892906921024519,0.5,0.5,0.088691361874325,0.0898900223305716,global_k1_t2_e06_a5,global_k1_t2_e06_a5,False,False,0.971825315807548,0.971825315807548
all_real_plus_may133,within_cow_random5,3,StrictFixedDualEnsemble_0p50,4,124,HIST_0,0,core_history_280,real_history,measured_or_research,core_history_280,core_history_280_S22,32.6,20.8,14,38.4,38.1183353423796,38.1131609221454,38.182255763409,38.1,38.1157481322625,0.28425186773746,0.5,0.5,0.281664657620354,0.286839077854566,global_k1_t2_e06_a5,global_k1_t2_e06_a5,False,False,0.554616984954482,0.554616984954482
all_real_plus_may133,within_cow_random5,3,StrictFixedDualEnsemble_0p50,24,139,HIST_10,10,core_history_280,real_history,measured_or_research,core_history_280,core_history_280_S24,33.3,9.3,13,38.5,38.498470203926,38.4832794743593,38.3954967147454,38.5,38.4908748391426,0.0091251608573514,0.5,0.5,0.0015297960739673,0.0167205256407357,global_k1_t2_e06_a5,global_k1_t2_e06_a5,True,True,0.0,0.0
all_real_plus_may133,within_cow_random5,3,StrictFixedDualEnsemble_0p50,27,7,HIST_10,10,core_history_280,real_history,measured_or_research,core_history_280,core_history_280_S02,33.1,11.2,14,38.5,38.3152854345291,38.3199123134737,38.4244519592106,38.3,38.3175988740014,0.182401125998602,0.5,0.5,0.184714565470898,0.180087686526306,global_k1_t2_e06_a5,global_k1_t2_e06_a5,False,False,0.5081119736611,0.5081119736611
all_real_plus_may133,within_cow_random5,3,StrictFixedDualEnsemble_0p50,28,141,HIST_10,10,core_history_280,real_history,measured_or_research,core_history_280,core_history_280_S24,33.1,11.2,14,38.5,38.3161075069046,38.3196731354991,38.4229570968696,38.3,38.3178903212018,0.182109678798156,0.5,0.5,0.183892493095442,0.180326864500863,global_k1_t2_e06_a5,global_k1_t2_e06_a5,False,False,0.5081119736611,0.5081119736611
all_real_plus_may133,within_cow_random5,3,StrictFixedDualEnsemble_0p50,31,9,HIST_10,10,core_history_280,real_history,measured_or_research,core_history_280,core_history_280_S02,36.4,9.1,15,38.5,38.5015143761005,38.5056592123025,38.5353700768909,38.5,38.5035867942015,-0.0035867942014959,0.5,0.5,-0.0015143761004594,-0.0056592123025396,global_k1_t2_e06_a5,global_k1_t2_e06_a5,True,True,0.0,0.0
all_real_plus_may133,within_cow_random5,3,StrictFixedDualEnsemble_0p50,33,10,HIST_10,10,core_history_280,real_history,measured_or_research,core_history_280,core_history_280_S03,32.0,9.0,19,39.0,39.0067298745355,38.9163281663197,38.4770510394981,39.0,38.9615290204276,0.0384709795724021,0.5,0.5,-0.0067298745355088,0.0836718336803131,global_k1_t2_e06_a5,global_k1_t2_e06_a5,True,True,0.0,0.0
all_real_plus_may133,within_cow_random5,3,StrictFixedDualEnsemble_0p50,40,147,HIST_11,11,core_history_280,real_history,measured_or_research,core_history_280,core_history_280_S25,32.9,5.4,0,38.2,38.2388261003596,38.3396426545392,39.0727665908702,38.2,38.2892343774494,-0.0892343774494293,0.5,0.5,-0.0388261003596426,-0.139642654539223,global_k1_t2_e06_a5,global_k1_t2_e06_a5,True,True,0.0,0.0
all_real_plus_may133,within_cow_random5,3,StrictFixedDualEnsemble_0p50,41,15,HIST_11,11,core_history_280,real_history,measured_or_research,core_history_280,core_history_280_S04,30.8,6.1,11,39.5,39.514834515677,39.4927760985139,39.4548506157116,39.5,39.5038053070954,-0.0038053070954262,0.5,0.5,-0.014834515677002,0.0072239014861494,global_k1_t2_e06_a5,global_k1_t2_e06_a5,True,True,0.0,0.0
all_real_plus_may133,within_cow_random5,3,StrictFixedDualEnsemble_0p50,44,148,HIST_11,11,core_history_280,real_history,measured_or_research,core_history_280,core_history_280_S26,33.1,5.0,11,39.1,39.0900726280865,39.1038859493981,39.1242871837382,39.1,39.0969792887423,0.0030207112576832,0.5,0.5,0.0099273719134842,-0.0038859493981107,global_k1_t2_e06_a5,global_k1_t2_e06_a5,True,True,0.0,0.0
all_real_plus_may133,within_cow_random5,3,StrictFixedDualEnsemble_0p50,49,19,HIST_11,11,core_history_280,real_history,measured_or_research,core_history_280,core_history_280_S04,32.8,8.0,13,39.2,39.1984705853842,39.1633538958989,38.9709618493684,39.2,39.1809122406416,0.0190877593584418,0.5,0.5,0.0015294146158169,0.0366461041010595,global_k1_t2_e06_a5,global_k1_t2_e06_a5,True,True,0.0,0.0
all_real_plus_may133,within_cow_random5,3,StrictFixedDualEnsemble_0p50,56,155,HIST_11,11,core_history_280,real_history,measured_or_research,core_history_280,core_history_280_S26,36.0,9.1,15,38.9,38.9049137252981,38.921006882241,39.031293014006,38.9,38.9129603037695,-0.0129603037695389,0.5,0.5,-0.0049137252981239,-0.021006882240961,global_k1_t2_e06_a5,global_k1_t2_e06_a5,True,True,0.0,0.0
all_real_plus_may133,within_cow_random5,3,StrictFixedDualEnsemble_0p50,66,160,HIST_12,12,core_history_280,real_history,measured_or_research,core_history_280,core_history_280_S27,31.8,5.4,0,38.1,38.1022140827466,38.1264372563964,38.2652328524773,38.1,38.1143256695715,-0.0143256695714911,0.5,0.5,-0.0022140827466188,-0.0264372563963633,global_k1_t2_e06_a5,global_k1_t2_e06_a5,True,True,0.0,0.0
all_real_plus_may133,within_cow_random5,3,StrictFixedDualEnsemble_0p50,67,27,HIST_12,12,core_history_280,real_history,measured_or_research,core_history_280,core_history_280_S06,35.7,6.1,11,38.1,38.126337892678,38.1537680325609,38.4360502035056,38.1,38.1400529626194,-0.0400529626194484,0.5,0.5,-0.0263378926780007,-0.0537680325608889,global_k1_t2_e06_a5,global_k1_t2_e06_a5,True,True,0.0,0.0
all_real_plus_may133,within_cow_random5,3,StrictFixedDualEnsemble_0p50,78,166,HIST_12,12,core_history_280,real_history,measured_or_research,core_history_280,core_history_280_S28,33.6,8.8,14,38.5,38.4832703825912,38.4429242108529,38.1432763178308,38.5,38.4630972967221,0.0369027032779456,0.5,0.5,0.0167296174088136,0.0570757891470777,global_k1_t2_e06_a5,global_k1_t2_e06_a5,True,True,0.0,0.0
all_real_plus_may133,within_cow_random5,3,StrictFixedDualEnsemble_0p50,81,34,HIST_12,12,core_history_280,real_history,measured_or_research,core_history_280,core_history_280_S07,33.2,9.0,19,38.5,38.5124851927309,38.525134146074,38.6570884129624,38.5,38.5188096694024,-0.0188096694024367,0.5,0.5,-0.0124851927308853,-0.025134146073988,global_k1_t2_e06_a5,global_k1_t2_e06_a5,True,True,0.0,0.0
all_real_plus_may133,within_cow_random5,3,StrictFixedDualEnsemble_0p50,88,171,HIST_12,12,core_history_280,real_history,measured_or_research,core_history_280,core_history_280_S29,32.2,5.5,23,38.9,38.8460616105683,38.8175656570997,38.3847853568733,38.9,38.831813633834,0.0681863661659818,0.5,0.5,0.0539383894316998,0.082434342900271,global_k1_t2_e06_a5,global_k1_t2_e06_a5,True,True,0.0,0.0
all_real_plus_may133,within_cow_random5,3,StrictFixedDualEnsemble_0p50,96,175,HIST_13,13,core_history_280,real_history,measured_or_research,core_history_280,core_history_280_S30,31.3,6.9,12,38.3,38.2896709388161,38.2987131010999,38.2919568818747,38.3,38.294192019958,0.005807980041979,0.5,0.5,0.01032906118391,0.0012868989000551,global_k1_t2_e06_a5,global_k1_t2_e06_a5,True,True,0.0,0.0
all_real_plus_may133,within_cow_random5,3,StrictFixedDualEnsemble_0p50,98,176,HIST_13,13,core_history_280,real_history,measured_or_research,core_history_280,core_history_280_S30,31.9,6.8,12,38.0,38.02561571205,38.0547035955462,38.341897472164,38.0,38.0401596537981,-0.0401596537981277,0.5,0.5,-0.0256157120500049,-0.0547035955462434,global_k1_t2_e06_a5,global_k1_t2_e06_a5,True,True,0.0,0.0
all_real_plus_may133,within_cow_random5,3,StrictFixedDualEnsemble_0p50,99,43,HIST_13,13,core_history_280,real_history,measured_or_research,core_history_280,core_history_280_S08,31.6,9.3,13,38.0,38.0007583265224,38.0477403442754,38.298377151721,38.0,38.0242493353988,-0.0242493353988493,0.5,0.5,-0.0007583265223516,-0.0477403442753541,global_k1_t2_e06_a5,global_k1_t2_e06_a5,True,True,0.0,0.0
all_real_plus_may133,within_cow_random5,3,StrictFixedDualEnsemble_0p50,111,49,HIST_13,13,core_history_280,real_history,measured_or_research,core_history_280,core_history_280_S09,29.6,6.0,21,38.3,38.279540337097,38.2846798318067,38.2042489487918,38.3,38.2821100844518,0.0178899155481673,0.5,0.5,0.020459662903022,0.0153201681933055,global_k1_t2_e06_a5,global_k1_t2_e06_a5,True,True,0.0,0.0
all_real_plus_may133,within_cow_random5,3,StrictFixedDualEnsemble_0p50,112,183,HIST_13,13,core_history_280,real_history,measured_or_research,core_history_280,core_history_280_S31,29.6,6.0,21,38.3,38.2776838633898,38.2805840928104,38.178650580065,38.3,38.2791339781001,0.0208660218999128,0.5,0.5,0.0223161366102218,0.0194159071896038,global_k1_t2_e06_a5,global_k1_t2_e06_a5,True,True,0.0,0.0
all_real_plus_may133,within_cow_random5,3,StrictFixedDualEnsemble_0p50,116,185,HIST_13,13,core_history_280,real_history,measured_or_research,core_history_280,core_history_280_S31,30.5,5.5,23,38.1,38.0843701298241,38.0941571885902,38.0634824286888,38.1,38.0892636592072,0.0107363407928247,0.5,0.5,0.0156298701758644,0.0058428114097921,global_k1_t2_e06_a5,global_k1_t2_e06_a5,True,True,0.0,0.0
all_real_plus_may133,within_cow_random5,3,StrictFixedDualEnsemble_0p50,118,186,HIST_14,14,core_history_280,real_history,measured_or_research,core_history_280,core_history_280_S31,29.5,5.4,0,38.9,38.9279611897835,38.8749752686637,38.743595429148,38.9,38.9014682292236,-0.0014682292235903,0.5,0.5,-0.027961189783511,0.0250247313363303,global_k1_t2_e06_a5,global_k1_t2_e06_a5,True,True,0.0,0.0
all_real_plus_may133,within_cow_random5,3,StrictFixedDualEnsemble_0p50,125,57,HIST_14,14,core_history_280,real_history,measured_or_research,core_history_280,core_history_280_S10,31.1,8.0,13,38.6,38.5935728594204,38.6902234674855,39.1638966717843,38.6,38.6418981634529,-0.0418981634529345,0.5,0.5,0.0064271405796105,-0.0902234674854796,global_k1_t2_e06_a5,global_k1_t2_e06_a5,True,True,0.0,0.0
all_real_plus_may133,within_cow_random5,3,StrictFixedDualEnsemble_0p50,126,191,HIST_14,14,core_history_280,real_history,measured_or_research,core_history_280,core_history_280_S32,31.1,8.0,13,38.6,38.6012563296257,38.6600190833965,38.9751192712284,38.6,38.6306377065111,-0.0306377065110937,0.5,0.5,-0.0012563296256615,-0.0600190833965328,global_k1_t2_e06_a5,global_k1_t2_e06_a5,True,True,0.0,0.0
all_real_plus_may133,within_cow_random5,3,StrictFixedDualEnsemble_0p50,127,56,HIST_14,14,core_history_280,real_history,measured_or_research,core_history_280,core_history_280_S10,32.8,9.3,13,38.5,38.5231295784127,38.8462604605429,39.0891278783934,38.8,38.6846950194778,-0.184695019477836,0.5,0.5,-0.0231295784127283,-0.346260460542943,global_k1_t2_e06_a5,global_k1_t2_e06_a5,True,True,0.0,0.0
all_real_plus_may133,within_cow_random5,3,StrictFixedDualEnsemble_0p50,133,60,HIST_14,14,core_history_280,real_history,measured_or_research,core_history_280,core_history_280_S10,33.9,9.1,15,38.5,38.5536657458247,38.599522316163,39.1220144760188,38.5,38.5765940309939,-0.0765940309938671,0.5,0.5,-0.0536657458247305,-0.0995223161630037,global_k1_t2_e06_a5,global_k1_t2_e06_a5,True,True,0.0,0.0
all_real_plus_may133,within_cow_random5,3,StrictFixedDualEnsemble_0p50,145,66,HIST_15,15,core_history_280,real_history,measured_or_research,core_history_280,core_history_280_S12,33.9,11.2,15,38.6,38.3290380064173,38.320378103612,38.4273631475752,38.3,38.3247080550147,0.275291944985348,0.5,0.5,0.270961993582731,0.279621896387965,global_k1_t2_e06_a5,global_k1_t2_e06_a5,True,True,0.0,0.0
all_real_plus_may133,within_cow_random5,3,StrictFixedDualEnsemble_0p50,149,68,HIST_15,15,core_history_280,real_history,measured_or_research,core_history_280,core_history_280_S13,30.7,6.0,21,39.1,39.1037623138889,39.0646430102044,38.8790188137773,39.1,39.0842026620466,0.01579733795338,0.5,0.5,-0.0037623138888562,0.0353569897956234,global_k1_t2_e06_a5,global_k1_t2_e06_a5,True,True,0.0,0.0
all_real_plus_may133,within_cow_random5,3,StrictFixedDualEnsemble_0p50,154,204,HIST_15,15,core_history_280,real_history,measured_or_research,core_history_280,core_history_280_S35,30.7,5.5,23,38.6,38.6063583987431,38.6363123290576,38.82695205661,38.6,38.6213353639004,-0.0213353639003699,0.5,0.5,-0.0063583987431314,-0.0363123290576013,global_k1_t2_e06_a5,global_k1_t2_e06_a5,True,True,0.0,0.0
all_real_plus_may133,within_cow_random5,3,StrictFixedDualEnsemble_0p50,158,206,HIST_16,16,core_history_280,real_history,measured_or_research,core_history_280,core_history_280_S36,31.8,6.1,11,39.2,39.1764838019621,39.0908061640279,38.5175385251741,39.2,39.133644982995,0.0663550170050229,0.5,0.5,0.0235161980378962,0.109193835972142,global_k1_t2_e06_a5,global_k1_t2_e06_a5,True,True,0.0,0.0
all_real_plus_may133,within_cow_random5,3,StrictFixedDualEnsemble_0p50,161,74,HIST_16,16,core_history_280,real_history,measured_or_research,core_history_280,core_history_280_S14,31.9,9.3,13,38.1,38.0289416689519,38.0777438399448,38.4858989996551,38.0,38.0533427544484,0.0466572455516356,0.5,0.5,0.0710583310480857,0.0222561600551927,global_k1_t2_e06_a5,global_k1_t2_e06_a5,False,False,0.499999999999995,0.499999999999995
all_real_plus_may133,within_cow_random5,3,StrictFixedDualEnsemble_0p50,162,208,HIST_16,16,core_history_280,real_history,measured_or_research,core_history_280,core_history_280_S36,31.9,9.3,13,38.1,38.03980770428,38.0531106051453,38.3319412821581,38.0,38.0464591547127,0.053540845287344,0.5,0.5,0.0601922957199861,0.046889394854702,global_k1_t2_e06_a5,global_k1_t2_e06_a5,False,False,0.499999999999995,0.499999999999995
all_real_plus_may133,within_cow_random5,3,StrictFixedDualEnsemble_0p50,168,211,HIST_16,16,core_history_280,real_history,measured_or_research,core_history_280,core_history_280_S37,32.1,9.0,19,39.4,39.3604946391374,39.3023470160974,38.7896688506089,39.4,39.3314208276174,0.0685791723825915,0.5,0.5,0.0395053608626128,0.0976529839025702,global_k1_t2_e06_a5,global_k1_t2_e06_a5,True,True,0.0,0.0
all_real_plus_may133,within_cow_random5,3,StrictFixedDualEnsemble_0p50,181,84,HIST_17,17,core_history_280,real_history,measured_or_research,core_history_280,core_history_280_S16,32.8,6.8,12,38.7,38.055826975924,38.0713878229906,38.446173893691,38.0,38.0636073994573,0.636392600542749,0.5,0.5,0.644173024076046,0.628612177009444,global_k1_t2_e06_a5,global_k1_t2_e06_a5,False,False,0.167862377493525,0.167862377493525
all_real_plus_may133,within_cow_random5,3,StrictFixedDualEnsemble_0p50,182,218,HIST_17,17,core_history_280,real_history,measured_or_research,core_history_280,core_history_280_S38,32.8,6.8,12,38.7,38.044064020779,38.0848754606619,38.530471629137,38.0,38.0644697407205,0.635530259279534,0.5,0.5,0.65593597922097,0.61512453933809,global_k1_t2_e06_a5,global_k1_t2_e06_a5,False,False,0.167862377493525,0.167862377493525
all_real_plus_may133,within_cow_random5,3,StrictFixedDualEnsemble_0p50,183,85,HIST_17,17,core_history_280,real_history,measured_or_research,core_history_280,core_history_280_S16,31.3,9.3,13,38.2,38.594141468131,38.5809071187022,38.4806694918885,38.6,38.5875242934166,-0.387524293416604,0.5,0.5,-0.394141468131039,-0.380907118702162,global_k1_t2_e06_a5,global_k1_t2_e06_a5,False,False,0.422742369666338,0.422742369666338
all_real_plus_may133,within_cow_random5,3,StrictFixedDualEnsemble_0p50,184,219,HIST_17,17,core_history_280,real_history,measured_or_research,core_history_280,core_history_280_S38,31.3,9.3,13,38.2,38.6065352533964,38.5936400536869,38.5602503355428,38.6,38.6000876535416,-0.400087653541604,0.5,0.5,-0.406535253396363,-0.393640053686852,global_k1_t2_e06_a5,global_k1_t2_e06_a5,False,False,0.422742369666338,0.422742369666338
all_real_plus_may133,within_cow_random5,3,StrictFixedDualEnsemble_0p50,192,222,HIST_17,17,core_history_280,real_history,measured_or_research,core_history_280,core_history_280_S38,33.3,11.2,15,38.0,38.0564013530288,38.0852174628179,38.532609142612,38.0,38.0708094079234,-0.0708094079233561,0.5,0.5,-0.0564013530287895,-0.0852174628179228,global_k1_t2_e06_a5,global_k1_t2_e06_a5,True,True,0.0,0.0
all_real_plus_may133,within_cow_random5,3,StrictFixedDualEnsemble_0p50,196,225,HIST_17,17,core_history_280,real_history,measured_or_research,core_history_280,core_history_280_S39,31.5,6.0,21,38.2,38.2129266147158,38.2364737503594,38.427960939746,38.2,38.2247001825376,-0.0247001825375861,0.5,0.5,-0.0129266147158162,-0.0364737503593631,global_k1_t2_e06_a5,global_k1_t2_e06_a5,True,True,0.0,0.0
all_real_plus_may133,within_cow_random5,3,StrictFixedDualEnsemble_0p50,203,95,HIST_18,18,core_history_280,real_history,measured_or_research,core_history_280,core_history_280_S18,30.4,5.0,11,38.5,38.4854009471185,38.2659504773786,38.087190483616,38.3,38.3756757122485,0.124324287751463,0.5,0.5,0.0145990528814792,0.23404952262144,global_k1_t2_e06_a5,global_k1_t2_e06_a5,True,True,0.0,0.0
all_real_plus_may133,within_cow_random5,3,StrictFixedDualEnsemble_0p50,208,232,HIST_18,18,core_history_280,real_history,measured_or_research,core_history_280,core_history_280_S40,31.6,6.8,12,38.1,38.1066260762675,38.1010668191039,38.1066676193997,38.1,38.1038464476857,-0.00384644768571,0.5,0.5,-0.006626076267473,-0.00106681910394,global_k1_t2_e06_a5,global_k1_t2_e06_a5,True,True,0.0,0.0
all_real_plus_may133,within_cow_random5,3,StrictFixedDualEnsemble_0p50,221,104,HIST_18,18,core_history_280,real_history,measured_or_research,core_history_280,core_history_280_S19,31.2,6.0,21,39.2,39.1581375474511,39.1055926110418,38.6099538190114,39.2,39.1318650792465,0.0681349207535433,0.5,0.5,0.0418624525489051,0.0944073889581816,global_k1_t2_e06_a5,global_k1_t2_e06_a5,True,True,0.0,0.0
all_real_plus_may133,within_cow_random5,3,StrictFixedDualEnsemble_0p50,223,105,HIST_18,18,core_history_280,real_history,measured_or_research,core_history_280,core_history_280_S19,31.5,5.4,22,38.8,38.7894216946348,38.7508576331228,38.4928602070178,38.8,38.7701396638788,0.0298603361211747,0.5,0.5,0.0105783053652004,0.0491423668771489,global_k1_t2_e06_a5,global_k1_t2_e06_a5,True,True,0.0,0.0
all_real_plus_may133,within_cow_random5,3,StrictFixedDualEnsemble_0p50,226,240,HIST_18,18,core_history_280,real_history,measured_or_research,core_history_280,core_history_280_S41,31.0,5.5,23,38.4,38.4192010367792,38.479928458267,38.899552864169,38.4,38.4495647475231,-0.0495647475231138,0.5,0.5,-0.0192010367791795,-0.0799284582670481,global_k1_t2_e06_a5,global_k1_t2_e06_a5,True,True,0.0,0.0
all_real_plus_may133,within_cow_random5,3,StrictFixedDualEnsemble_0p50,238,246,HIST_19,19,core_history_280,real_history,measured_or_research,core_history_280,core_history_280_S42,32.8,9.3,13,38.8,38.5393881328397,38.8065903231287,38.8411895195546,38.8,38.6729892279842,0.127010772015794,0.5,0.5,0.260611867160328,-0.0065903231287407,global_k1_t2_e06_a5,global_k1_t2_e06_a5,True,True,0.0,0.0
all_real_plus_may133,within_cow_random5,3,StrictFixedDualEnsemble_0p50,239,113,HIST_19,19,core_history_280,real_history,measured_or_research,core_history_280,core_history_280_S20,33.0,8.0,13,38.9,38.8897649735135,38.8934532600596,38.8590828753727,38.9,38.8916091167866,0.0083908832134298,0.5,0.5,0.0102350264864768,0.0065467399403758,global_k1_t2_e06_a5,global_k1_t2_e06_a5,True,True,0.0,0.0
all_real_plus_may133,within_cow_random5,3,StrictFixedDualEnsemble_0p50,240,247,HIST_19,19,core_history_280,real_history,measured_or_research,core_history_280,core_history_280_S42,33.0,8.0,13,38.9,38.8922472662844,38.8963552033302,38.8772200208137,38.9,38.8943012348073,0.0056987651926832,0.5,0.5,0.0077527337155558,0.0036447966698105,global_k1_t2_e06_a5,global_k1_t2_e06_a5,True,True,0.0,0.0
all_real_plus_may133,within_cow_random5,3,StrictFixedDualEnsemble_0p50,249,118,HIST_19,19,core_history_280,real_history,measured_or_research,core_history_280,core_history_280_S21,33.5,6.0,21,39.9,39.8896185372033,39.7734568734512,39.1091054590703,39.9,39.8315377053272,0.0684622946727487,0.5,0.5,0.0103814627967367,0.126543126548761,global_k1_t2_e06_a5,global_k1_t2_e06_a5,True,True,0.0,0.0
all_real_plus_may133,within_cow_random5,3,StrictFixedDualEnsemble_0p50,251,119,HIST_19,19,core_history_280,real_history,measured_or_research,core_history_280,core_history_280_S21,33.8,5.4,22,39.4,39.4041222936346,39.3421375992631,39.0383599953943,39.4,39.3731299464489,0.0268700535511357,0.5,0.5,-0.0041222936346443,0.0578624007369157,global_k1_t2_e06_a5,global_k1_t2_e06_a5,True,True,0.0,0.0
all_real_plus_may133,within_cow_random5,3,StrictFixedDualEnsemble_0p50,254,254,HIST_19,19,core_history_280,real_history,measured_or_research,core_history_280,core_history_280_S43,33.3,5.5,23,39.3,39.296165058063,39.3068607165123,39.3428794782021,39.3,39.3015128872877,-0.001512887287653,0.5,0.5,0.0038349419370291,-0.0068607165123353,global_k1_t2_e06_a5,global_k1_t2_e06_a5,True,True,0.0,0.0
all_real_plus_may133,within_cow_random5,3,StrictFixedDualEnsemble_0p50,273,273,HIST_7,7,core_history_280,real_history,measured_or_research,core_history_280,core_history_280_S44,30.2,16.0,12,38.0,38.2769300953317,38.2492778391669,37.9829864947931,38.3,38.2631039672493,-0.263103967249322,0.5,0.5,-0.27693009533175,-0.249277839166886,global_k1_t2_e06_a5,global_k1_t2_e06_a5,False,False,0.333333333333332,0.333333333333332
all_real_plus_may133,within_cow_random5,3,StrictFixedDualEnsemble_0p50,278,278,HIST_7,7,core_history_280,real_history,measured_or_research,core_history_280,core_history_280_S45,30.7,11.8,22,39.1,38.1928343495209,38.2006528479146,38.2040802994665,38.2,38.1967435987178,0.903256401282242,0.5,0.5,0.907165650479108,0.899347152085369,global_k1_t2_e06_a5,global_k1_t2_e06_a5,False,False,0.556936062558151,0.556936062558151
all_real_plus_may133,within_cow_random5,3,StrictFixedDualEnsemble_0p50,281,41,DEC2025_10,10,dec2025_140,real_history,measured,dec2025_140,dec2025_140_S01,31.4,5.4,0,39.0,38.8482682248898,38.8686758209753,38.5309850749119,39.0,38.8584720229326,0.141527977067419,0.5,0.5,0.151731775110164,0.131324179024674,global_k1_t2_e03_a5,global_k1_t2_e03_a5,True,True,0.0,0.0
all_real_plus_may133,within_cow_random5,3,StrictFixedDualEnsemble_0p50,287,81,DEC2025_10,10,dec2025_140,real_history,measured,dec2025_140,dec2025_140_S02,33.1,11.2,14,38.5,38.3180545142081,38.328462173403,38.4016506192964,38.3,38.3232583438055,0.176741656194466,0.5,0.5,0.181945485791935,0.171537826597003,global_k1_t2_e03_a5,global_k1_t2_e03_a5,False,False,0.584389520021632,0.584389520021632
all_real_plus_may133,within_cow_random5,3,StrictFixedDualEnsemble_0p50,293,42,DEC2025_11,11,dec2025_140,real_history,measured,dec2025_140,dec2025_140_S01,32.9,5.4,0,38.2,38.3017327431087,38.6133016811577,39.676077432706,38.2,38.4575172121332,-0.257517212133209,0.5,0.5,-0.101732743108741,-0.41330168115767,global_k1_t2_e03_a5,global_k1_t2_e03_a5,True,True,0.0,0.0
all_real_plus_may133,within_cow_random5,3,StrictFixedDualEnsemble_0p50,295,52,DEC2025_11,11,dec2025_140,real_history,measured,dec2025_140,dec2025_140_S02,33.1,5.0,11,39.1,39.1300967266118,39.1277662009803,39.199165003501,39.1,39.128931463796,-0.0289314637960274,0.5,0.5,-0.0300967266117595,-0.0277662009802953,global_k1_t2_e03_a5,global_k1_t2_e03_a5,True,True,0.0,0.0
all_real_plus_may133,within_cow_random5,3,StrictFixedDualEnsemble_0p50,296,62,DEC2025_11,11,dec2025_140,real_history,measured,dec2025_140,dec2025_140_S02,34.2,6.9,12,38.5,38.5887751436248,38.7706355166555,39.4665554166268,38.5,38.6797053301402,-0.179705330140166,0.5,0.5,-0.0887751436248436,-0.270635516655496,global_k1_t2_e03_a5,global_k1_t2_e03_a5,True,True,0.0,0.0
all_real_plus_may133,within_cow_random5,3,StrictFixedDualEnsemble_0p50,312,123,DEC2025_12,12,dec2025_140,real_history,measured,dec2025_140,dec2025_140_S02,33.6,8.8,14,38.5,38.4291605737964,38.4007168938723,38.1454174781154,38.5,38.4149387338343,0.085061266165674,0.5,0.5,0.0708394262036478,0.0992831061277002,global_k1_t2_e03_a5,global_k1_t2_e03_a5,True,True,0.0,0.0
all_real_plus_may133,within_cow_random5,3,StrictFixedDualEnsemble_0p50,313,83,DEC2025_12,12,dec2025_140,real_history,measured,dec2025_140,dec2025_140_S02,35.0,11.2,15,38.5,38.400965878606,38.405654627187,38.1630522399536,38.5,38.4033102528965,0.0966897471035111,0.5,0.5,0.0990341213940411,0.0943453728129811,global_k1_t2_e03_a5,global_k1_t2_e03_a5,True,True,0.0,0.0
all_real_plus_may133,within_cow_random5,3,StrictFixedDualEnsemble_0p50,323,74,DEC2025_13,13,dec2025_140,real_history,measured,dec2025_140,dec2025_140_S02,31.6,9.3,13,38.0,38.050751683139,38.0877890180042,38.313532207158,38.0,38.0692703505716,-0.0692703505715997,0.5,0.5,-0.0507516831389765,-0.08778901800423,global_k1_t2_e03_a5,global_k1_t2_e03_a5,True,True,0.0,0.0
all_real_plus_may133,within_cow_random5,3,StrictFixedDualEnsemble_0p50,325,124,DEC2025_13,13,dec2025_140,real_history,measured,dec2025_140,dec2025_140_S02,31.8,8.8,14,38.0,38.0919093681381,38.1190106894537,38.4250381766203,38.0,38.1054600287959,-0.105460028795918,0.5,0.5,-0.0919093681381469,-0.119010689453688,global_k1_t2_e03_a5,global_k1_t2_e03_a5,True,True,0.0,0.0
all_real_plus_may133,within_cow_random5,3,StrictFixedDualEnsemble_0p50,327,84,DEC2025_13,13,dec2025_140,real_history,measured,dec2025_140,dec2025_140_S02,33.9,11.2,15,38.1,38.2455510433589,38.3319232930156,38.4140117607701,38.3,38.2887371681873,-0.188737168187281,0.5,0.5,-0.145551043358935,-0.231923293015619,global_k1_t2_e03_a5,global_k1_t2_e03_a5,True,True,0.0,0.0
all_real_plus_may133,within_cow_random5,3,StrictFixedDualEnsemble_0p50,333,95,DEC2025_14,14,dec2025_140,real_history,measured,dec2025_140,dec2025_140_S02,30.9,6.1,11,41.5,40.9680303934922,40.6959766669364,38.6284880962014,41.5,40.8320035302143,0.667996469785692,0.5,0.5,0.531969606507765,0.804023333063626,global_k1_t2_e03_a5,global_k1_t2_e03_a5,True,True,0.0,0.0
all_real_plus_may133,within_cow_random5,3,StrictFixedDualEnsemble_0p50,339,85,DEC2025_14,14,dec2025_140,real_history,measured,dec2025_140,dec2025_140_S02,30.7,11.2,15,38.5,38.5421945601211,38.4951993712413,38.4828548972904,38.5,38.5186969656812,-0.0186969656812295,0.5,0.5,-0.0421945601211391,0.0048006287586872,global_k1_t2_e03_a5,global_k1_t2_e03_a5,True,True,0.0,0.0
all_real_plus_may133,within_cow_random5,3,StrictFixedDualEnsemble_0p50,353,67,DEC2025_16,16,dec2025_140,real_history,measured,dec2025_140,dec2025_140_S02,32.2,6.9,12,38.0,38.1624861686123,38.174920760213,38.6247170007606,38.0,38.1687034644126,-0.168703464412644,0.5,0.5,-0.162486168612318,-0.174920760212963,global_k1_t2_e03_a5,global_k1_t2_e03_a5,True,True,0.0,0.0
all_real_plus_may133,within_cow_random5,3,StrictFixedDualEnsemble_0p50,354,77,DEC2025_16,16,dec2025_140,real_history,measured,dec2025_140,dec2025_140_S02,31.9,9.3,13,38.1,38.1267523060907,38.1913565350456,38.6834161965914,38.0,38.1590544205682,-0.0590544205681525,0.5,0.5,-0.026752306090728,-0.0913565350455841,global_k1_t2_e03_a5,global_k1_t2_e03_a5,False,False,0.609188896083232,0.609188896083232
all_real_plus_may133,within_cow_random5,3,StrictFixedDualEnsemble_0p50,362,98,DEC2025_17,17,dec2025_140,real_history,measured,dec2025_140,dec2025_140_S02,32.2,6.1,11,38.1,38.2960976414693,38.2952338038634,38.7972635852265,38.1,38.2956657226663,-0.195665722666341,0.5,0.5,-0.196097641469265,-0.19523380386341,global_k1_t2_e03_a5,global_k1_t2_e03_a5,True,True,0.0,0.0
all_real_plus_may133,within_cow_random5,3,StrictFixedDualEnsemble_0p50,364,108,DEC2025_17,17,dec2025_140,real_history,measured,dec2025_140,dec2025_140_S02,32.8,6.8,12,38.7,38.1484378044874,38.1408991824686,38.5032113659594,38.0,38.144668493478,0.555331506521973,0.5,0.5,0.551562195512574,0.559100817531373,global_k1_t2_e03_a5,global_k1_t2_e03_a5,False,False,0.333932794303157,0.333932794303157
all_real_plus_may133,within_cow_random5,3,StrictFixedDualEnsemble_0p50,365,78,DEC2025_17,17,dec2025_140,real_history,measured,dec2025_140,dec2025_140_S02,31.3,9.3,13,38.2,38.8949620706996,38.8272038178532,38.382870778047,39.0,38.8610829442764,-0.66108294427638,0.5,0.5,-0.694962070699603,-0.627203817853157,global_k1_t2_e03_a5,global_k1_t2_e03_a5,False,False,0.609188896083238,0.609188896083238
all_real_plus_may133,within_cow_random5,3,StrictFixedDualEnsemble_0p50,377,109,DEC2025_18,18,dec2025_140,real_history,measured,dec2025_140,dec2025_140_S02,31.6,6.8,12,38.1,38.1363073647085,38.1089757418081,38.1320562207433,38.1,38.1226415532583,-0.0226415532583033,0.5,0.5,-0.0363073647084917,-0.0089757418081148,global_k1_t2_e03_a5,global_k1_t2_e03_a5,True,True,0.0,0.0
all_real_plus_may133,within_cow_random5,3,StrictFixedDualEnsemble_0p50,379,119,DEC2025_18,18,dec2025_140,real_history,measured,dec2025_140,dec2025_140_S02,30.8,8.0,13,37.5,37.6374159644481,37.6667310018121,38.0954678636145,37.5,37.6520734831301,-0.152073483130081,0.5,0.5,-0.137415964448103,-0.166731001812067,global_k1_t2_e03_a5,global_k1_t2_e03_a5,True,True,0.0,0.0
all_real_plus_may133,within_cow_random5,3,StrictFixedDualEnsemble_0p50,386,39,DEC2025_18,18,dec2025_140,real_history,measured,dec2025_140,dec2025_140_S01,31.0,5.5,23,38.4,38.4706017924959,38.5323806851413,38.8727881612188,38.4,38.5014912388186,-0.101491238818568,0.5,0.5,-0.0706017924958573,-0.132380685141278,global_k1_t2_e03_a5,global_k1_t2_e03_a5,True,True,0.0,0.0
all_real_plus_may133,within_cow_random5,3,StrictFixedDualEnsemble_0p50,387,50,DEC2025_19,19,dec2025_140,real_history,measured,dec2025_140,dec2025_140_S01,30.7,5.4,0,38.3,38.3471396152504,38.5767744524721,39.2884801874003,38.3,38.4619570338612,-0.161957033861242,0.5,0.5,-0.0471396152504155,-0.276774452472075,global_k1_t2_e03_a5,global_k1_t2_e03_a5,True,True,0.0,0.0
all_real_plus_may133,within_cow_random5,3,StrictFixedDualEnsemble_0p50,389,100,DEC2025_19,19,dec2025_140,real_history,measured,dec2025_140,dec2025_140_S02,32.6,6.1,11,39.4,39.3799517075683,39.2762137736265,38.9579063343802,39.4,39.3280827405974,0.0719172594026247,0.5,0.5,0.0200482924317171,0.123786226373532,global_k1_t2_e03_a5,global_k1_t2_e03_a5,True,True,0.0,0.0
all_real_plus_may133,within_cow_random5,3,StrictFixedDualEnsemble_0p50,396,140,DEC2025_19,19,dec2025_140,real_history,measured,dec2025_140,dec2025_140_S02,35.3,9.1,15,39.0,38.9586786755724,38.9542771696181,38.8367041772075,39.0,38.9564779225952,0.0435220774047664,0.5,0.5,0.041321324427642,0.0457228303818908,global_k1_t2_e03_a5,global_k1_t2_e03_a5,True,True,0.0,0.0
all_real_plus_may133,within_cow_random5,3,StrictFixedDualEnsemble_0p50,1003,77,MAY2026_51,51,may2026_measured_133,real_may_measured,measured,may_hot_air30,may2026_measured_133_S03,35.9,33.0,19,39.1,39.4064583124638,39.2525800548616,39.2610849996605,39.2079290946676,39.3295191836627,-0.229519183662696,0.5,0.5,-0.306458312463754,-0.152580054861637,global_k1_t2_e06_a10,session_k3_o06_t2_e08_a35_b075,False,False,0.189414301935674,1.22862737506429
all_real_plus_may133,within_cow_random5,3,StrictFixedDualEnsemble_0p50,1009,2,MAY2026_51,51,may2026_measured_133,real_may_measured,measured,may_hot_air30,may2026_measured_133_S01,35.3,32.3,22,40.0,39.9273740221123,39.9559412795025,39.9790276298804,39.8347379400187,39.9416576508074,0.0583423491925856,0.5,0.5,0.0726259778876894,0.0440587204974747,global_k1_t2_e06_a10,session_k3_o06_t2_e08_a35_b075,False,False,0.27600322059312,0.206210270687383
all_real_plus_may133,within_cow_random5,3,StrictFixedDualEnsemble_0p50,1011,3,MAY2026_51,51,may2026_measured_133,real_may_measured,measured,may_hot_air30,may2026_measured_133_S01,34.8,31.4,23,39.8,39.9825990670875,39.9299780188396,39.9732953117265,39.702562231183,39.9562885429636,-0.156288542963566,0.5,0.5,-0.182599067087551,-0.12997801883958,global_k1_t2_e06_a10,session_k3_o06_t2_e08_a35_b075,False,False,0.357786404312845,0.824999999999999
all_real_plus_may133,within_cow_random5,3,StrictFixedDualEnsemble_0p50,1014,57,MAY2026_52,52,may2026_measured_133,real_may_measured,measured,may_hot_air30,may2026_measured_133_S02,35.9,33.4,12,38.6,38.8051535078587,38.9290105636115,38.9712310642848,38.7073529350765,38.8670820357351,-0.267082035735122,0.5,0.5,-0.205153507858732,-0.329010563611504,global_k1_t2_e06_a10,session_k3_o06_t2_e08_a35_b075,False,False,0.338690287890152,0.275226663957714
all_real_plus_may133,within_cow_random5,3,StrictFixedDualEnsemble_0p50,1022,5,MAY2026_52,52,may2026_measured_133,real_may_measured,measured,may_hot_air30,may2026_measured_133_S01,35.0,33.2,21,39.6,39.6090061767342,39.7081330619275,39.7183206391576,39.6546482814692,39.6585696193308,-0.058569619330811,0.5,0.5,-0.0090061767341538,-0.108133061927468,global_k1_t2_e06_a10,session_k3_o06_t2_e08_a35_b075,False,False,0.476141902284513,0.645893402955828
all_real_plus_may133,within_cow_random5,3,StrictFixedDualEnsemble_0p50,1023,115,MAY2026_52,52,may2026_measured_133,real_may_measured,measured,may_hot_air30,may2026_measured_133_S05,36.6,34.3,21,38.6,39.5682127994283,39.4174222819725,39.4760683408766,39.1095304727261,39.4928175407004,-0.892817540700428,0.5,0.5,-0.968212799428336,-0.817422281972519,global_k1_t2_e06_a10,session_k3_o06_t2_e08_a35_b075,False,False,0.0399999999999999,1.06238511450381
all_real_plus_may133,within_cow_random5,3,StrictFixedDualEnsemble_0p50,1030,104,MAY2026_53,53,may2026_measured_133,real_may_measured,measured,may_hot_air30,may2026_measured_133_S04,36.1,32.5,13,39.3,39.3347824160027,39.3211529851495,39.4034102427482,38.8893023827561,39.3279677005761,-0.0279677005760774,0.5,0.5,-0.0347824160026988,-0.0211529851494561,global_k1_t2_e06_a10,session_k3_o06_t2_e08_a35_b075,False,False,0.20537229067666,1.18356625570039
all_real_plus_may133,within_cow_random5,3,StrictFixedDualEnsemble_0p50,1037,11,MAY2026_53,53,may2026_measured_133,real_may_measured,measured,may_other,may2026_measured_133_S01,34.6,29.6,24,40.6,40.5697688639361,40.3624474684873,40.431404358719,40.0004237947709,40.4661081662117,0.13389183378829,0.5,0.5,0.0302311360639109,0.237552531512669,global_k1_t2_e06_a10,session_k5_o10_t3_e10_a45_b100,False,False,0.25,0.734090518184841
all_real_plus_may133,within_cow_random5,3,StrictFixedDualEnsemble_0p50,1041,108,MAY2026_54,54,may2026_measured_133,real_may_measured,measured,may_hot_air30,may2026_measured_133_S04,37.9,36.9,15,39.0,39.1393046200477,38.9950559242184,39.1137170788759,38.3720848622665,39.067180272133,-0.0671802721330153,0.5,0.5,-0.139304620047668,0.0049440757816299,global_k1_t2_e06_a10,session_k3_o06_t2_e08_a35_b075,False,False,0.335724754987049,0.89271744938947
all_real_plus_may133,within_cow_random5,3,StrictFixedDualEnsemble_0p50,1043,128,MAY2026_54,54,may2026_measured_133,real_may_measured,measured,may_hot_air30,may2026_measured_133_S05,38.9,38.8,18,39.5,39.548502625274,39.4637561730902,39.5173491218677,39.1823931920088,39.5061293991821,-0.0061293991821287,0.5,0.5,-0.0485026252740255,0.036243826909768,global_k1_t2_e06_a10,session_k3_o06_t2_e08_a35_b075,False,False,1.52777616161531,1.6521545062347
all_real_plus_may133,within_cow_random5,3,StrictFixedDualEnsemble_0p50,1048,130,MAY2026_54,54,may2026_measured_133,real_may_measured,measured,may_hot_air30,may2026_measured_133_S05,38.2,36.8,21,39.4,39.5667722597634,39.4984217711517,39.5605531446362,39.1722320603584,39.5325970154576,-0.13259701545757,0.5,0.5,-0.166772259763398,-0.0984217711517488,global_k1_t2_e06_a10,session_k3_o06_t2_e08_a35_b075,False,False,0.238070951142256,0.708197265842603
all_real_plus_may133,within_cow_random5,3,StrictFixedDualEnsemble_0p50,1054,42,MAY2026_55,55,may2026_measured_133,real_may_measured,measured,may_hot_air30,may2026_measured_133_S02,35.3,31.8,14,39.3,39.0033003405151,38.9713775626118,39.0456971139302,38.5811999181908,38.9873389515635,0.312661048436539,0.5,0.5,0.296699659484929,0.328622437388148,global_k1_t2_e06_a10,session_k3_o06_t2_e08_a35_b075,False,False,0.534675394774974,0.0577841004738433
all_real_plus_may133,within_cow_random5,3,StrictFixedDualEnsemble_0p50,1059,16,MAY2026_55,55,may2026_measured_133,real_may_measured,measured,may_hot_air30,may2026_measured_133_S01,34.4,30.8,21,39.4,39.6714507963073,39.6861090439494,39.7347265405639,39.4308671867231,39.6787799201283,-0.278779920128343,0.5,0.5,-0.271450796307285,-0.286109043949402,global_k1_t2_e06_a10,session_k3_o06_t2_e08_a35_b075,False,False,0.199694210676671,0.493862558570062
all_real_plus_may133,within_cow_random5,3,StrictFixedDualEnsemble_0p50,1060,66,MAY2026_55,55,may2026_measured_133,real_may_measured,measured,may_hot_air30,may2026_measured_133_S03,35.3,31.5,21,38.5,38.7657526809902,38.7528982012084,38.8085387408039,38.4607853683316,38.7593254410993,-0.259325441099293,0.5,0.5,-0.265752680990239,-0.252898201208353,global_k1_t2_e06_a10,session_k3_o06_t2_e08_a35_b075,False,False,0.171399468429101,0.840931348493929
all_real_plus_may133,within_cow_random5,3,StrictFixedDualEnsemble_0p50,1068,98,MAY2026_56,56,may2026_measured_133,real_may_measured,measured,may_hot_air30,may2026_measured_133_S04,34.6,32.1,13,38.2,38.279996012252,38.286229805968,38.2683744279351,38.3799705406411,38.28311290911,-0.0831129091100138,0.5,0.5,-0.0799960122520105,-0.0862298059680171,global_k1_t2_e06_a10,session_k3_o06_t2_e08_a35_b075,False,False,0.500899191454723,0.0
all_real_plus_may133,within_cow_random5,3,StrictFixedDualEnsemble_0p50,1071,99,MAY2026_56,56,may2026_measured_133,real_may_measured,measured,may_hot_air30,may2026_measured_133_S04,36.9,35.6,14,38.2,38.2908032485177,38.2987014494934,38.2883598411624,38.3529948932316,38.2947523490055,-0.094752349005546,0.5,0.5,-0.0908032485176662,-0.0987014494934328,global_k1_t2_e06_a10,session_k3_o06_t2_e08_a35_b075,False,False,0.337062473602616,0.479606792838634
all_real_plus_may133,within_cow_random5,3,StrictFixedDualEnsemble_0p50,1078,122,MAY2026_56,56,may2026_measured_133,real_may_measured,measured,may_hot_air30,may2026_measured_133_S05,34.6,30.4,21,40.0,39.1890429387009,39.2861372285123,39.2049429867463,39.7124069977838,39.2375900836066,0.762409916393395,0.5,0.5,0.810957061299121,0.713862771487676,global_k1_t2_e06_a10,session_k3_o06_t2_e08_a35_b075,False,False,0.180769958172752,1.04323283621965
all_real_plus_may133,within_cow_random5,3,StrictFixedDualEnsemble_0p50,1079,68,MAY2026_56,56,may2026_measured_133,real_may_measured,measured,may_hot_air30,may2026_measured_133_S03,35.1,32.4,21,38.5,38.6759494388133,38.4654626495983,38.464281205477,38.4716652312349,38.5707060442058,-0.0707060442057923,0.5,0.5,-0.175949438813305,0.0345373504017203,global_k1_t2_e06_a10,session_k3_o06_t2_e08_a35_b075,False,False,0.50249378105604,0.989960946571611
all_real_plus_may133,within_cow_random5,3,StrictFixedDualEnsemble_0p50,1093,110,MAY2026_57,57,may2026_measured_133,real_may_measured,measured,may_hot_air30,may2026_measured_133_S05,37.6,34.2,19,39.7,39.4188279203209,39.4806826285616,39.47700312924,39.5,39.4497552744412,0.250244725558801,0.5,0.5,0.281172079679152,0.219317371438443,global_k1_t2_e06_a10,session_k3_o06_t2_e08_a35_b075,False,False,0.22422706745123,0.0
all_real_plus_may133,within_cow_random5,3,StrictFixedDualEnsemble_0p50,1094,111,MAY2026_57,57,may2026_measured_133,real_may_measured,measured,may_hot_air30,may2026_measured_133_S05,36.9,33.8,20,39.6,39.365061344808,39.4448832586661,39.4590722164217,39.3703912304493,39.4049723017371,0.195027698262933,0.5,0.5,0.234938655192003,0.155116741333863,global_k1_t2_e06_a10,session_k3_o06_t2_e08_a35_b075,False,False,0.333483299598505,0.782722478569545
all_real_plus_may133,within_cow_random5,3,StrictFixedDualEnsemble_0p50,1096,60,MAY2026_57,57,may2026_measured_133,real_may_measured,measured,may_hot_air30,may2026_measured_133_S03,37.7,33.1,21,40.7,39.3535020619731,39.2529498433425,39.3134595042608,38.9352741235212,39.3032259526578,1.3967740473422,0.5,0.5,1.3464979380269,1.4470501566575,global_k1_t2_e06_a10,session_k3_o06_t2_e08_a35_b075,False,False,0.63333333333333,2.15465140469101
all_real_plus_may133,within_cow_random5,3,StrictFixedDualEnsemble_0p50,1099,61,MAY2026_57,57,may2026_measured_133,real_may_measured,measured,may_hot_air30,may2026_measured_133_S03,37.2,31.8,22,40.6,39.3849803580888,39.2308791737144,39.3283729278374,38.7190369645686,39.3079297659016,1.29207023409839,0.5,0.5,1.2150196419112,1.36912082628557,global_k1_t2_e06_a10,session_k3_o06_t2_e08_a35_b075,False,False,0.476141902284513,2.00015624389696
all_real_plus_may133,within_cow_random5,3,StrictFixedDualEnsemble_0p50,1102,33,MAY2026_58,58,may2026_measured_133,real_may_measured,measured,may_other,may2026_measured_133_S01,29.3,20.6,1,39.3,39.0380554081666,39.2819100119857,39.1916800608288,39.7556172555592,39.1599827100762,0.140017289923847,0.5,0.5,0.261944591833355,0.0180899880143386,global_k1_t2_e06_a10,session_k5_o10_t3_e10_a45_b100,False,False,1.20037494142455,1.65689729373166
all_real_plus_may133,within_cow_random5,3,StrictFixedDualEnsemble_0p50,1111,32,MAY2026_58,58,may2026_measured_133,real_may_measured,measured,may_other,may2026_measured_133_S01,32.9,25.3,24,39.0,39.2100825341945,39.1401789060648,39.0984086973111,39.3594725020222,39.1751307201297,-0.175130720129687,0.5,0.5,-0.210082534194541,-0.140178906064833,global_k1_t2_e06_a10,session_k5_o10_t3_e10_a45_b100,False,False,0.292194760010816,0.0
all_real_plus_may133,within_cow_random5,3,StrictFixedDualEnsemble_0p50,1114,45,MAY2026_60,60,may2026_measured_133,real_may_measured,measured,may_hot_air30,may2026_measured_133_S02,36.0,33.2,13,38.0,38.3085655584841,38.3062306598655,38.3018891632247,38.3290235172294,38.3073981091748,-0.307398109174812,0.5,0.5,-0.30856555848414,-0.306230659865484,global_k1_t2_e06_a10,session_k3_o06_t2_e08_a35_b075,False,False,0.337062473602616,0.0
all_real_plus_may133,within_cow_random5,3,StrictFixedDualEnsemble_0p50,1124,71,MAY2026_60,60,may2026_measured_133,real_may_measured,measured,may_hot_air30,may2026_measured_133_S03,36.5,33.6,21,38.4,38.50800387058,38.5156443417959,38.4990434418756,38.6027990663774,38.5118241061879,-0.111824106187925,0.5,0.5,-0.108003870579957,-0.115644341795893,global_k1_t2_e06_a10,session_k3_o06_t2_e08_a35_b075,False,False,0.169345143945076,0.0
all_real_plus_may133,within_cow_random5,3,StrictFixedDualEnsemble_0p50,1128,36,MAY2026_60,60,may2026_measured_133,real_may_measured,measured,may_hot_air30,may2026_measured_133_S01,35.2,30.6,23,40.5,40.4258295933383,40.4350657896704,40.377930696296,40.7350250298862,40.4304476915044,0.0695523084956449,0.5,0.5,0.0741704066617217,0.064934210329568,global_k1_t2_e06_a10,session_k3_o06_t2_e08_a35_b075,False,False,0.39396841384953,0.964013041988907
all_real_plus_may133,within_cow_random5,4,StrictFixedDualEnsemble_0p50,1,121,HIST_0,0,core_history_280,real_history,measured_or_research,core_history_280,core_history_280_S22,30.0,13.1,11,38.3,38.1512198319455,38.0845556707246,38.4227783536228,38.0,38.117887751335,0.182112248664978,0.5,0.5,0.148780168054536,0.215444329275428,global_k1_t2_e03_a5,global_k1_t2_e03_a5,False,False,1.01530509919159,1.01530509919159
all_real_plus_may133,within_cow_random5,4,StrictFixedDualEnsemble_0p50,8,128,HIST_0,0,core_history_280,real_history,measured_or_research,core_history_280,core_history_280_S23,29.2,10.9,23,38.2,38.240328912155,38.2717876758412,38.158938379206,38.3,38.2560582939981,-0.056058293998106,0.5,0.5,-0.0403289121550188,-0.0717876758411933,global_k1_t2_e03_a5,global_k1_t2_e03_a5,False,False,0.627304639797216,0.627304639797216
all_real_plus_may133,within_cow_random5,4,StrictFixedDualEnsemble_0p50,15,1,HIST_10,10,core_history_280,real_history,measured_or_research,core_history_280,core_history_280_S01,31.4,5.4,0,39.0,38.9347617201258,38.8809050146918,38.4045250734591,39.0,38.9078333674088,0.0921666325911801,0.5,0.5,0.0652382798741797,0.11909498530818,global_k1_t2_e03_a5,global_k1_t2_e03_a5,True,True,0.0,0.0
all_real_plus_may133,within_cow_random5,4,StrictFixedDualEnsemble_0p50,17,2,HIST_10,10,core_history_280,real_history,measured_or_research,core_history_280,core_history_280_S02,33.3,6.1,11,38.8,38.8097223027961,38.7447341915343,38.5236709576715,38.8,38.7772282471652,0.0227717528347711,0.5,0.5,-0.009722302796149,0.0552658084656912,global_k1_t2_e03_a5,global_k1_t2_e03_a5,True,True,0.0,0.0
all_real_plus_may133,within_cow_random5,4,StrictFixedDualEnsemble_0p50,34,144,HIST_10,10,core_history_280,real_history,measured_or_research,core_history_280,core_history_280_S25,32.0,9.0,19,39.0,38.954155334296,38.8707654206078,38.3538271030391,39.0,38.9124603774519,0.0875396225480927,0.5,0.5,0.045844665704017,0.129234579392168,global_k1_t2_e03_a5,global_k1_t2_e03_a5,True,True,0.0,0.0
all_real_plus_may133,within_cow_random5,4,StrictFixedDualEnsemble_0p50,35,11,HIST_10,10,core_history_280,real_history,measured_or_research,core_history_280,core_history_280_S03,32.0,6.0,21,38.6,38.4530339959137,38.4482726531511,38.6413632657553,38.4,38.4506533245324,0.149346675467648,0.5,0.5,0.146966004086337,0.151727346848951,global_k1_t2_e03_a5,global_k1_t2_e03_a5,False,False,0.612789614069229,0.612789614069229
all_real_plus_may133,within_cow_random5,4,StrictFixedDualEnsemble_0p50,36,145,HIST_10,10,core_history_280,real_history,measured_or_research,core_history_280,core_history_280_S25,32.0,6.0,21,38.6,38.4294073704682,38.390240035346,38.35120017673,38.4,38.4098237029071,0.190176297092911,0.5,0.5,0.170592629531818,0.209759964654012,global_k1_t2_e03_a5,global_k1_t2_e03_a5,False,False,0.612789614069229,0.612789614069229
all_real_plus_may133,within_cow_random5,4,StrictFixedDualEnsemble_0p50,39,13,HIST_11,11,core_history_280,real_history,measured_or_research,core_history_280,core_history_280_S03,32.9,5.4,0,38.2,38.2364305519962,38.3401145154425,38.9005725772127,38.2,38.2882725337194,-0.0882725337193904,0.5,0.5,-0.03643055199624,-0.140114515442534,global_k1_t2_e03_a5,global_k1_t2_e03_a5,True,True,0.0,0.0
all_real_plus_may133,within_cow_random5,4,StrictFixedDualEnsemble_0p50,46,150,HIST_11,11,core_history_280,real_history,measured_or_research,core_history_280,core_history_280_S26,34.2,6.9,12,38.5,38.5797159851272,38.600560155354,39.0028007767698,38.5,38.5901380702406,-0.0901380702405845,0.5,0.5,-0.0797159851272085,-0.100560155353961,global_k1_t2_e03_a5,global_k1_t2_e03_a5,True,True,0.0,0.0
all_real_plus_may133,within_cow_random5,4,StrictFixedDualEnsemble_0p50,48,151,HIST_11,11,core_history_280,real_history,measured_or_research,core_history_280,core_history_280_S26,36.2,6.8,12,39.3,39.223335014366,39.2444786564367,39.0223932821836,39.3,39.2339068354013,0.0660931645986551,0.5,0.5,0.0766649856340393,0.0555213435632709,global_k1_t2_e03_a5,global_k1_t2_e03_a5,True,True,0.0,0.0
all_real_plus_may133,within_cow_random5,4,StrictFixedDualEnsemble_0p50,59,23,HIST_11,11,core_history_280,real_history,measured_or_research,core_history_280,core_history_280_S05,32.6,6.0,21,39.7,39.7795393016155,39.6964131925761,39.6820659628803,39.7,39.7379762470958,-0.0379762470957701,0.5,0.5,-0.0795393016154691,0.0035868074239289,global_k1_t2_e03_a5,global_k1_t2_e03_a5,True,True,0.0,0.0
all_real_plus_may133,within_cow_random5,4,StrictFixedDualEnsemble_0p50,60,157,HIST_11,11,core_history_280,real_history,measured_or_research,core_history_280,core_history_280_S27,32.6,6.0,21,39.7,39.7229444541811,39.6936615843584,39.6683079217919,39.7,39.7083030192698,-0.0083030192697677,0.5,0.5,-0.0229444541811432,0.0063384156416077,global_k1_t2_e03_a5,global_k1_t2_e03_a5,True,True,0.0,0.0
all_real_plus_may133,within_cow_random5,4,StrictFixedDualEnsemble_0p50,70,162,HIST_12,12,core_history_280,real_history,measured_or_research,core_history_280,core_history_280_S28,32.9,6.9,12,38.0,38.0465190882178,38.0427327416252,38.2136637081262,38.0,38.0446259149215,-0.0446259149215251,0.5,0.5,-0.0465190882178206,-0.0427327416252368,global_k1_t2_e03_a5,global_k1_t2_e03_a5,True,True,0.0,0.0
all_real_plus_may133,within_cow_random5,4,StrictFixedDualEnsemble_0p50,73,30,HIST_12,12,core_history_280,real_history,measured_or_research,core_history_280,core_history_280_S06,33.2,9.3,13,38.1,38.1341256408948,38.1188439735361,38.1942198676803,38.1,38.1264848072154,-0.0264848072154393,0.5,0.5,-0.034125640894807,-0.0188439735360717,global_k1_t2_e03_a5,global_k1_t2_e03_a5,True,True,0.0,0.0
all_real_plus_may133,within_cow_random5,4,StrictFixedDualEnsemble_0p50,80,167,HIST_12,12,core_history_280,real_history,measured_or_research,core_history_280,core_history_280_S28,35.0,11.2,15,38.5,38.4596752135084,38.451768880909,38.2588444045451,38.5,38.4557220472087,0.0442779527912762,0.5,0.5,0.040324786491567,0.0482311190909783,global_k1_t2_e03_a5,global_k1_t2_e03_a5,True,True,0.0,0.0
all_real_plus_may133,within_cow_random5,4,StrictFixedDualEnsemble_0p50,84,169,HIST_12,12,core_history_280,real_history,measured_or_research,core_history_280,core_history_280_S29,31.3,6.0,21,38.4,38.4317890193679,38.4458599734131,38.6292998670657,38.4,38.4388244963905,-0.0388244963904967,0.5,0.5,-0.0317890193678565,-0.0458599734131369,global_k1_t2_e03_a5,global_k1_t2_e03_a5,True,True,0.0,0.0
all_real_plus_may133,within_cow_random5,4,StrictFixedDualEnsemble_0p50,85,36,HIST_12,12,core_history_280,real_history,measured_or_research,core_history_280,core_history_280_S07,32.1,5.4,22,38.4,38.4628134345424,38.4297333992168,38.5486669960841,38.4,38.4462734168796,-0.0462734168796217,0.5,0.5,-0.0628134345424343,-0.0297333992168163,global_k1_t2_e03_a5,global_k1_t2_e03_a5,True,True,0.0,0.0
all_real_plus_may133,within_cow_random5,4,StrictFixedDualEnsemble_0p50,89,38,HIST_13,13,core_history_280,real_history,measured_or_research,core_history_280,core_history_280_S07,29.8,5.4,0,38.0,38.0177137006098,38.0352503356212,38.176251678106,38.0,38.0264820181155,-0.0264820181154803,0.5,0.5,-0.017713700609761,-0.0352503356211997,global_k1_t2_e03_a5,global_k1_t2_e03_a5,True,True,0.0,0.0
all_real_plus_may133,within_cow_random5,4,StrictFixedDualEnsemble_0p50,93,40,HIST_13,13,core_history_280,real_history,measured_or_research,core_history_280,core_history_280_S08,33.1,6.1,11,39.2,39.1324821884212,39.0632662927642,38.5163314638208,39.2,39.0978742405927,0.102125759407322,0.5,0.5,0.06751781157881,0.136733707235834,global_k1_t2_e03_a5,global_k1_t2_e03_a5,True,True,0.0,0.0
all_real_plus_may133,within_cow_random5,4,StrictFixedDualEnsemble_0p50,97,42,HIST_13,13,core_history_280,real_history,measured_or_research,core_history_280,core_history_280_S08,31.9,6.8,12,38.0,38.0680672592781,38.0518860419237,38.2594302096186,38.0,38.0599766506009,-0.0599766506009161,0.5,0.5,-0.0680672592781022,-0.0518860419237228,global_k1_t2_e03_a5,global_k1_t2_e03_a5,True,True,0.0,0.0
all_real_plus_may133,within_cow_random5,4,StrictFixedDualEnsemble_0p50,104,179,HIST_13,13,core_history_280,real_history,measured_or_research,core_history_280,core_history_280_S30,31.8,8.8,14,38.0,38.0654480611711,38.0626499602965,38.3132498014827,38.0,38.0640490107338,-0.064049010733811,0.5,0.5,-0.0654480611710824,-0.0626499602965467,global_k1_t2_e03_a5,global_k1_t2_e03_a5,True,True,0.0,0.0
all_real_plus_may133,within_cow_random5,4,StrictFixedDualEnsemble_0p50,107,46,HIST_13,13,core_history_280,real_history,measured_or_research,core_history_280,core_history_280_S08,33.9,11.2,15,38.1,38.2383951692374,38.274786676413,38.1739333820648,38.3,38.2565909228252,-0.156590922825181,0.5,0.5,-0.138395169237391,-0.174786676412964,global_k1_t2_e03_a5,global_k1_t2_e03_a5,True,True,0.0,0.0
all_real_plus_may133,within_cow_random5,4,StrictFixedDualEnsemble_0p50,119,54,HIST_14,14,core_history_280,real_history,measured_or_research,core_history_280,core_history_280_S10,30.9,6.1,11,41.5,41.2299283689501,40.9857651289721,38.9288256448606,41.5,41.1078467489611,0.392153251038899,0.5,0.5,0.27007163104993,0.514234871027867,global_k1_t2_e03_a5,global_k1_t2_e03_a5,True,True,0.0,0.0
all_real_plus_may133,within_cow_random5,4,StrictFixedDualEnsemble_0p50,123,55,HIST_14,14,core_history_280,real_history,measured_or_research,core_history_280,core_history_280_S10,31.9,6.9,12,38.5,38.1263305948866,38.1076202649898,38.5381013249488,38.0,38.1169754299382,0.383024570061792,0.5,0.5,0.373669405113361,0.39237973501023,global_k1_t2_e03_a5,global_k1_t2_e03_a5,False,False,0.0200000000000001,0.0200000000000001
all_real_plus_may133,within_cow_random5,4,StrictFixedDualEnsemble_0p50,124,189,HIST_14,14,core_history_280,real_history,measured_or_research,core_history_280,core_history_280_S32,31.9,6.9,12,38.5,38.1620560345906,38.2011157720871,39.0055788604352,38.0,38.1815859033388,0.318414096661179,0.5,0.5,0.337943965409409,0.29888422791295,global_k1_t2_e03_a5,global_k1_t2_e03_a5,False,False,0.0200000000000001,0.0200000000000001
all_real_plus_may133,within_cow_random5,4,StrictFixedDualEnsemble_0p50,128,190,HIST_14,14,core_history_280,real_history,measured_or_research,core_history_280,core_history_280_S32,32.8,9.3,13,38.5,38.5224279822448,38.5955580019708,38.9777900098542,38.5,38.5589929921078,-0.0589929921078323,0.5,0.5,-0.0224279822448281,-0.0955580019708293,global_k1_t2_e03_a5,global_k1_t2_e03_a5,True,True,0.0,0.0
all_real_plus_may133,within_cow_random5,4,StrictFixedDualEnsemble_0p50,139,63,HIST_14,14,core_history_280,real_history,measured_or_research,core_history_280,core_history_280_S11,32.7,5.5,23,38.2,38.2847813937616,38.349760948105,38.9488047405251,38.2,38.3172711709333,-0.117271170933293,0.5,0.5,-0.0847813937615669,-0.149760948105019,global_k1_t2_e03_a5,global_k1_t2_e03_a5,True,True,0.0,0.0
all_real_plus_may133,within_cow_random5,4,StrictFixedDualEnsemble_0p50,142,198,HIST_15,15,core_history_280,real_history,measured_or_research,core_history_280,core_history_280_S33,28.6,5.4,0,38.3,38.3217760346959,38.3515173627477,38.5575868137384,38.3,38.3366466987218,-0.0366466987217819,0.5,0.5,-0.0217760346958826,-0.0515173627476884,global_k1_t2_e03_a5,global_k1_t2_e03_a5,True,True,0.0,0.0
all_real_plus_may133,within_cow_random5,4,StrictFixedDualEnsemble_0p50,147,67,HIST_15,15,core_history_280,real_history,measured_or_research,core_history_280,core_history_280_S13,30.6,9.0,19,39.0,38.4438333781006,38.353423664617,38.9671183230852,38.2,38.3986285213588,0.601371478641177,0.5,0.5,0.556166621899393,0.64657633538296,global_k1_t2_e03_a5,global_k1_t2_e03_a5,False,False,0.333333333333338,0.333333333333338
all_real_plus_may133,within_cow_random5,4,StrictFixedDualEnsemble_0p50,148,201,HIST_15,15,core_history_280,real_history,measured_or_research,core_history_280,core_history_280_S35,30.6,9.0,19,39.0,38.3922505082693,38.3564921968416,38.982460984208,38.2,38.3743713525555,0.625628647444543,0.5,0.5,0.607749491730686,0.643507803158393,global_k1_t2_e03_a5,global_k1_t2_e03_a5,False,False,0.333333333333338,0.333333333333338
all_real_plus_may133,within_cow_random5,4,StrictFixedDualEnsemble_0p50,155,71,HIST_16,16,core_history_280,real_history,measured_or_research,core_history_280,core_history_280_S13,28.7,5.4,0,38.9,38.8776454799582,38.8349396202198,38.574698101099,38.9,38.856292550089,0.0437074499110182,0.5,0.5,0.0223545200418371,0.0650603797801921,global_k1_t2_e03_a5,global_k1_t2_e03_a5,True,True,0.0,0.0
all_real_plus_may133,within_cow_random5,4,StrictFixedDualEnsemble_0p50,163,75,HIST_16,16,core_history_280,real_history,measured_or_research,core_history_280,core_history_280_S14,33.0,8.8,14,38.3,38.3440604524572,38.3420689616492,38.5103448082459,38.3,38.3430647070532,-0.0430647070531904,0.5,0.5,-0.0440604524571881,-0.0420689616491927,global_k1_t2_e03_a5,global_k1_t2_e03_a5,True,True,0.0,0.0
all_real_plus_may133,within_cow_random5,4,StrictFixedDualEnsemble_0p50,165,76,HIST_16,16,core_history_280,real_history,measured_or_research,core_history_280,core_history_280_S14,33.2,9.1,15,38.7,38.6713563489524,38.6578208653515,38.4891043267576,38.7,38.664588607152,0.0354113928480473,0.5,0.5,0.0286436510476165,0.042179134648471,global_k1_t2_e03_a5,global_k1_t2_e03_a5,True,True,0.0,0.0
all_real_plus_may133,within_cow_random5,4,StrictFixedDualEnsemble_0p50,173,80,HIST_17,17,core_history_280,real_history,measured_or_research,core_history_280,core_history_280_S15,25.4,5.4,0,38.1,38.1105477556143,38.1184304918718,38.1921524593589,38.1,38.114489123743,-0.0144891237430116,0.5,0.5,-0.0105477556142546,-0.0184304918717757,global_k1_t2_e03_a5,global_k1_t2_e03_a5,True,True,0.0,0.0
all_real_plus_may133,within_cow_random5,4,StrictFixedDualEnsemble_0p50,177,82,HIST_17,17,core_history_280,real_history,measured_or_research,core_history_280,core_history_280_S16,32.2,6.1,11,38.1,38.2541078758231,38.2263131669221,38.7315658346103,38.1,38.2402105213726,-0.140210521372602,0.5,0.5,-0.154107875823129,-0.126313166922067,global_k1_t2_e03_a5,global_k1_t2_e03_a5,True,True,0.0,0.0
all_real_plus_may133,within_cow_random5,4,StrictFixedDualEnsemble_0p50,178,216,HIST_17,17,core_history_280,real_history,measured_or_research,core_history_280,core_history_280_S38,32.2,6.1,11,38.1,38.292962108672,38.2345612736565,38.7728063682824,38.1,38.2637616911642,-0.163761691164218,0.5,0.5,-0.192962108671956,-0.134561273656487,global_k1_t2_e03_a5,global_k1_t2_e03_a5,True,True,0.0,0.0
all_real_plus_may133,within_cow_random5,4,StrictFixedDualEnsemble_0p50,187,87,HIST_17,17,core_history_280,real_history,measured_or_research,core_history_280,core_history_280_S16,31.2,8.8,14,39.0,38.8958818029424,38.890678023707,38.4533901185351,39.0,38.8932799133247,0.106720086675288,0.5,0.5,0.104118197057609,0.109321976292968,global_k1_t2_e03_a5,global_k1_t2_e03_a5,True,True,0.0,0.0
all_real_plus_may133,within_cow_random5,4,StrictFixedDualEnsemble_0p50,195,91,HIST_17,17,core_history_280,real_history,measured_or_research,core_history_280,core_history_280_S17,31.5,6.0,21,38.2,38.2855727911322,38.242423135186,38.4121156759299,38.2,38.2639979631591,-0.0639979631590677,0.5,0.5,-0.0855727911321509,-0.0424231351859774,global_k1_t2_e03_a5,global_k1_t2_e03_a5,True,True,0.0,0.0
all_real_plus_may133,within_cow_random5,4,StrictFixedDualEnsemble_0p50,202,228,HIST_18,18,core_history_280,real_history,measured_or_research,core_history_280,core_history_280_S39,28.2,5.4,0,38.5,38.4949631828444,38.4349784715429,38.1748923577147,38.5,38.4649708271937,0.0350291728063397,0.5,0.5,0.0050368171556129,0.0650215284570663,global_k1_t2_e03_a5,global_k1_t2_e03_a5,True,True,0.0,0.0
all_real_plus_may133,within_cow_random5,4,StrictFixedDualEnsemble_0p50,207,98,HIST_18,18,core_history_280,real_history,measured_or_research,core_history_280,core_history_280_S18,31.6,6.8,12,38.1,38.0885145895909,38.1044564404096,38.1222822020479,38.1,38.0964855150002,0.003514484999755,0.5,0.5,0.0114854104090867,-0.0044564404095766,global_k1_t2_e03_a5,global_k1_t2_e03_a5,True,True,0.0,0.0
all_real_plus_may133,within_cow_random5,4,StrictFixedDualEnsemble_0p50,213,99,HIST_18,18,core_history_280,real_history,measured_or_research,core_history_280,core_history_280_S18,32.7,9.3,13,38.1,38.0252018323688,38.0903172754673,38.0515863773365,38.1,38.0577595539181,0.0422404460819266,0.5,0.5,0.0747981676311724,0.0096827245326878,global_k1_t2_e03_a5,global_k1_t2_e03_a5,True,True,0.0,0.0
all_real_plus_may133,within_cow_random5,4,StrictFixedDualEnsemble_0p50,215,101,HIST_18,18,core_history_280,real_history,measured_or_research,core_history_280,core_history_280_S18,33.2,8.8,14,38.0,38.0324336843116,38.018397161809,38.0919858090449,38.0,38.0254154230603,-0.0254154230603092,0.5,0.5,-0.0324336843116271,-0.0183971618089913,global_k1_t2_e03_a5,global_k1_t2_e03_a5,True,True,0.0,0.0
all_real_plus_may133,within_cow_random5,4,StrictFixedDualEnsemble_0p50,225,106,HIST_18,18,core_history_280,real_history,measured_or_research,core_history_280,core_history_280_S19,31.0,5.5,23,38.4,38.4342505067013,38.4627271587217,38.7136357936085,38.4,38.4484888327115,-0.04848883271152,0.5,0.5,-0.0342505067013406,-0.0627271587216924,global_k1_t2_e03_a5,global_k1_t2_e03_a5,True,True,0.0,0.0
all_real_plus_may133,within_cow_random5,4,StrictFixedDualEnsemble_0p50,231,109,HIST_19,19,core_history_280,real_history,measured_or_research,core_history_280,core_history_280_S20,32.6,6.1,11,39.4,39.3656574466214,39.3418243030318,39.109121515159,39.4,39.3537408748266,0.0462591251733997,0.5,0.5,0.0343425533785933,0.058175696968199,global_k1_t2_e03_a5,global_k1_t2_e03_a5,True,True,0.0,0.0
all_real_plus_may133,within_cow_random5,4,StrictFixedDualEnsemble_0p50,233,110,HIST_19,19,core_history_280,real_history,measured_or_research,core_history_280,core_history_280_S20,31.7,6.9,12,39.2,39.1242808226392,39.1392111155551,38.8960555777757,39.2,39.1317459690972,0.0682540309028354,0.5,0.5,0.0757191773608099,0.0607888844448539,global_k1_t2_e03_a5,global_k1_t2_e03_a5,True,True,0.0,0.0
all_real_plus_may133,within_cow_random5,4,StrictFixedDualEnsemble_0p50,241,114,HIST_19,19,core_history_280,real_history,measured_or_research,core_history_280,core_history_280_S20,33.7,8.8,14,38.6,38.6612970961093,38.6401436129454,38.8007180647269,38.6,38.6507203545274,-0.0507203545273498,0.5,0.5,-0.0612970961093069,-0.0401436129453856,global_k1_t2_e03_a5,global_k1_t2_e03_a5,True,True,0.0,0.0
all_real_plus_may133,within_cow_random5,4,StrictFixedDualEnsemble_0p50,248,251,HIST_19,19,core_history_280,real_history,measured_or_research,core_history_280,core_history_280_S43,32.1,9.0,19,39.1,39.4237138712521,39.4264315982619,39.5321579913094,39.4,39.425072734757,-0.325072734756965,0.5,0.5,-0.32371387125206,-0.326431598261877,global_k1_t2_e03_a5,global_k1_t2_e03_a5,True,True,0.0,0.0
all_real_plus_may133,within_cow_random5,4,StrictFixedDualEnsemble_0p50,253,120,HIST_19,19,core_history_280,real_history,measured_or_research,core_history_280,core_history_280_S21,33.3,5.5,23,39.3,39.29951861402,39.3025257075831,39.3126285379155,39.3,39.3010221608015,-0.0010221608015257,0.5,0.5,0.0004813859800449,-0.0025257075831035,global_k1_t2_e03_a5,global_k1_t2_e03_a5,True,True,0.0,0.0
all_real_plus_may133,within_cow_random5,4,StrictFixedDualEnsemble_0p50,274,274,HIST_7,7,core_history_280,real_history,measured_or_research,core_history_280,core_history_280_S44,30.8,18.3,13,37.9,38.2245045599057,38.2307216017958,37.9536080089788,38.3,38.2276130808507,-0.327613080850718,0.5,0.5,-0.32450455990567,-0.330721601795766,global_k1_t2_e03_a5,global_k1_t2_e03_a5,False,False,1.49645507041735,1.49645507041735
all_real_plus_may133,within_cow_random5,4,StrictFixedDualEnsemble_0p50,275,275,HIST_7,7,core_history_280,real_history,measured_or_research,core_history_280,core_history_280_S44,31.9,20.8,14,38.1,38.1989051457909,38.1660899236819,38.0304496184094,38.2,38.1824975347364,-0.0824975347364187,0.5,0.5,-0.098905145790944,-0.0660899236818935,global_k1_t2_e03_a5,global_k1_t2_e03_a5,False,False,1.50923085635623,1.50923085635623
all_real_plus_may133,within_cow_random5,4,StrictFixedDualEnsemble_0p50,286,121,DEC2025_10,10,dec2025_140,real_history,measured,dec2025_140,dec2025_140_S02,33.6,8.0,13,38.4,38.4003616206393,38.4029142958674,38.4364286983428,38.4,38.4016379582534,-0.0016379582533545,0.5,0.5,-0.0003616206392749,-0.0029142958674341,global_k1_t2_e06_a5,global_k1_t2_e06_a5,True,True,0.0,0.0
all_real_plus_may133,within_cow_random5,4,StrictFixedDualEnsemble_0p50,291,11,DEC2025_10,10,dec2025_140,real_history,measured,dec2025_140,dec2025_140_S01,32.0,6.0,21,38.6,38.4099615855575,38.4327708371071,38.8096354638381,38.4,38.4213662113323,0.178633788667732,0.5,0.5,0.190038414442526,0.167229162892944,global_k1_t2_e06_a5,global_k1_t2_e06_a5,False,False,0.54053471468332,0.54053471468332
all_real_plus_may133,within_cow_random5,4,StrictFixedDualEnsemble_0p50,297,102,DEC2025_11,11,dec2025_140,real_history,measured,dec2025_140,dec2025_140_S02,36.2,6.8,12,39.3,39.2831050797461,39.2685236787618,38.906545984522,39.3,39.2758143792539,0.0241856207460671,0.5,0.5,0.0168949202538968,0.0314763212382374,global_k1_t2_e06_a5,global_k1_t2_e06_a5,True,True,0.0,0.0
all_real_plus_may133,within_cow_random5,4,StrictFixedDualEnsemble_0p50,300,122,DEC2025_11,11,dec2025_140,real_history,measured,dec2025_140,dec2025_140_S02,36.2,8.8,14,39.0,38.9947050678814,38.995740154656,38.9467519332006,39.0,38.9952226112687,0.0047773887312629,0.5,0.5,0.0052949321185735,0.0042598453439524,global_k1_t2_e06_a5,global_k1_t2_e06_a5,True,True,0.0,0.0
all_real_plus_may133,within_cow_random5,4,StrictFixedDualEnsemble_0p50,308,63,DEC2025_12,12,dec2025_140,real_history,measured,dec2025_140,dec2025_140_S02,32.9,6.9,12,38.0,38.005004922433,38.0194315300109,38.2428941251369,38.0,38.012218226222,-0.0122182262219894,0.5,0.5,-0.0050049224330237,-0.019431530010948,global_k1_t2_e06_a5,global_k1_t2_e06_a5,True,True,0.0,0.0
all_real_plus_may133,within_cow_random5,4,StrictFixedDualEnsemble_0p50,317,33,DEC2025_12,12,dec2025_140,real_history,measured,dec2025_140,dec2025_140_S01,32.2,5.5,23,38.9,38.8798485574158,38.8518857244689,38.2985715558611,38.9,38.8658671409423,0.0341328590576779,0.5,0.5,0.0201514425842433,0.0481142755311126,global_k1_t2_e06_a5,global_k1_t2_e06_a5,True,True,0.0,0.0
all_real_plus_may133,within_cow_random5,4,StrictFixedDualEnsemble_0p50,320,94,DEC2025_13,13,dec2025_140,real_history,measured,dec2025_140,dec2025_140_S02,33.1,6.1,11,39.2,39.1785544643131,39.1353959202099,38.3924490026237,39.2,39.1569751922615,0.0430248077385187,0.5,0.5,0.0214455356869436,0.0646040797901009,global_k1_t2_e06_a5,global_k1_t2_e06_a5,True,True,0.0,0.0
all_real_plus_may133,within_cow_random5,4,StrictFixedDualEnsemble_0p50,326,134,DEC2025_13,13,dec2025_140,real_history,measured,dec2025_140,dec2025_140_S02,32.0,9.1,15,38.4,38.3982213856597,38.3838229880894,38.197787351118,38.4,38.3910221868746,0.0089778131254192,0.5,0.5,0.0017786143402887,0.0161770119105569,global_k1_t2_e06_a5,global_k1_t2_e06_a5,True,True,0.0,0.0
all_real_plus_may133,within_cow_random5,4,StrictFixedDualEnsemble_0p50,330,24,DEC2025_13,13,dec2025_140,real_history,measured,dec2025_140,dec2025_140_S01,30.6,5.4,22,38.1,38.0993384515135,38.1056766238326,38.1709577979078,38.1,38.1025075376731,-0.0025075376730825,0.5,0.5,0.0006615484864553,-0.0056766238326204,global_k1_t2_e06_a5,global_k1_t2_e06_a5,True,True,0.0,0.0
all_real_plus_may133,within_cow_random5,4,StrictFixedDualEnsemble_0p50,335,65,DEC2025_14,14,dec2025_140,real_history,measured,dec2025_140,dec2025_140_S02,31.9,6.9,12,38.5,38.0132811360803,38.0841049832834,39.0513122910424,38.0,38.0486930596818,0.451306940318162,0.5,0.5,0.486718863919727,0.415895016716604,global_k1_t2_e06_a5,global_k1_t2_e06_a5,False,False,0.0200000000000001,0.0200000000000001
all_real_plus_may133,within_cow_random5,4,StrictFixedDualEnsemble_0p50,336,115,DEC2025_14,14,dec2025_140,real_history,measured,dec2025_140,dec2025_140_S02,31.1,8.0,13,38.6,38.5954008867174,38.626374880709,38.9296860088619,38.6,38.6108878837132,-0.0108878837131741,0.5,0.5,0.0045991132826088,-0.026374880708957,global_k1_t2_e06_a5,global_k1_t2_e06_a5,True,True,0.0,0.0
all_real_plus_may133,within_cow_random5,4,StrictFixedDualEnsemble_0p50,352,97,DEC2025_16,16,dec2025_140,real_history,measured,dec2025_140,dec2025_140_S02,31.8,6.1,11,39.2,39.1928934578896,39.1454967060512,38.5187088256405,39.2,39.1691950819704,0.030804918029574,0.5,0.5,0.0071065421103995,0.0545032939487555,global_k1_t2_e06_a5,global_k1_t2_e06_a5,True,True,0.0,0.0
all_real_plus_may133,within_cow_random5,4,StrictFixedDualEnsemble_0p50,355,127,DEC2025_16,16,dec2025_140,real_history,measured,dec2025_140,dec2025_140_S02,33.0,8.8,14,38.3,38.3077582728979,38.2988722192012,38.2859027400144,38.3,38.3033152460495,-0.0033152460495244,0.5,0.5,-0.0077582728978882,0.0011277807988463,global_k1_t2_e06_a5,global_k1_t2_e06_a5,True,True,0.0,0.0
all_real_plus_may133,within_cow_random5,4,StrictFixedDualEnsemble_0p50,360,48,DEC2025_17,17,dec2025_140,real_history,measured,dec2025_140,dec2025_140_S01,25.4,5.4,0,38.1,38.1055632861996,38.1089202509113,38.2115031363911,38.1,38.1072417685554,-0.0072417685554242,0.5,0.5,-0.0055632861995604,-0.0089202509112809,global_k1_t2_e06_a5,global_k1_t2_e06_a5,True,True,0.0,0.0
all_real_plus_may133,within_cow_random5,4,StrictFixedDualEnsemble_0p50,361,58,DEC2025_17,17,dec2025_140,real_history,measured,dec2025_140,dec2025_140_S02,25.3,5.0,11,38.3,38.3108767839246,38.3294265190341,38.6678314879266,38.3,38.3201516514794,-0.0201516514793596,0.5,0.5,-0.0108767839245871,-0.0294265190341321,global_k1_t2_e06_a5,global_k1_t2_e06_a5,True,True,0.0,0.0
all_real_plus_may133,within_cow_random5,4,StrictFixedDualEnsemble_0p50,373,38,DEC2025_17,17,dec2025_140,real_history,measured,dec2025_140,dec2025_140_S01,32.1,5.5,23,38.5,38.4918357746661,38.4805075045167,38.2563438064586,38.5,38.4861716395914,0.0138283604085956,0.5,0.5,0.0081642253338785,0.0194924954833127,global_k1_t2_e06_a5,global_k1_t2_e06_a5,True,True,0.0,0.0
all_real_plus_may133,within_cow_random5,4,StrictFixedDualEnsemble_0p50,378,69,DEC2025_18,18,dec2025_140,real_history,measured,dec2025_140,dec2025_140_S02,32.0,6.9,12,38.2,38.1939638870932,38.1896454279614,38.0705678495171,38.2,38.1918046575273,0.0081953424727316,0.5,0.5,0.0060361129068411,0.0103545720386293,global_k1_t2_e06_a5,global_k1_t2_e06_a5,True,True,0.0,0.0
all_real_plus_may133,within_cow_random5,4,StrictFixedDualEnsemble_0p50,385,29,DEC2025_18,18,dec2025_140,real_history,measured,dec2025_140,dec2025_140_S01,31.5,5.4,22,38.8,38.7968911772525,38.7922658418448,38.7033230230601,38.8,38.7945785095486,0.0054214904513472,0.5,0.5,0.0031088227474995,0.0077341581551948,global_k1_t2_e06_a5,global_k1_t2_e06_a5,True,True,0.0,0.0
all_real_plus_may133,within_cow_random5,4,StrictFixedDualEnsemble_0p50,388,60,DEC2025_19,19,dec2025_140,real_history,measured,dec2025_140,dec2025_140_S02,30.4,5.0,11,38.3,38.5173600425963,38.5484931139773,39.1061639247161,38.5,38.5329265782868,-0.232926578286815,0.5,0.5,-0.21736004259634,-0.24849311397729,global_k1_t2_e06_a5,global_k1_t2_e06_a5,True,True,0.0,0.0
all_real_plus_may133,within_cow_random5,4,StrictFixedDualEnsemble_0p50,391,110,DEC2025_19,19,dec2025_140,real_history,measured,dec2025_140,dec2025_140_S02,33.2,6.8,12,39.0,38.9987082731019,38.9947713306771,38.9346416334634,39.0,38.9967398018895,0.0032601981105102,0.5,0.5,0.0012917268980814,0.0052286693229319,global_k1_t2_e06_a5,global_k1_t2_e06_a5,True,True,0.0,0.0
all_real_plus_may133,within_cow_random5,4,StrictFixedDualEnsemble_0p50,393,120,DEC2025_19,19,dec2025_140,real_history,measured,dec2025_140,dec2025_140_S02,33.0,8.0,13,38.9,38.9000274986379,38.9018202137412,38.9227526717656,38.9,38.9009238561896,-0.0009238561895799,0.5,0.5,-2.74986379054099e-05,-0.0018202137412473,global_k1_t2_e06_a5,global_k1_t2_e06_a5,True,True,0.0,0.0
all_real_plus_may133,within_cow_random5,4,StrictFixedDualEnsemble_0p50,1000,40,MAY2026_51,51,may2026_measured_133,real_may_measured,measured,may_hot_air30,may2026_measured_133_S02,36.1,33.9,14,39.2,38.8645091601369,38.8246317688351,39.1560952729912,38.366896453572,38.844570464486,0.355429535513977,0.5,0.5,0.335490839863056,0.375368231164899,global_k2_t2_e06_a10_b05,session_k3_o06_t2_e08_a35_b075,False,False,0.519230199429887,1.00003472161943
all_real_plus_may133,within_cow_random5,4,StrictFixedDualEnsemble_0p50,1001,85,MAY2026_51,51,may2026_measured_133,real_may_measured,measured,may_hot_air30,may2026_measured_133_S04,38.2,37.7,15,39.0,39.3198380278741,39.3545667859697,39.3916674739885,39.3033325025151,39.3372024069219,-0.337202406921875,0.5,0.5,-0.31983802787407,-0.354566785969681,global_k2_t2_e06_a10_b05,session_k3_o06_t2_e08_a35_b075,False,False,0.05,0.833198118281835
all_real_plus_may133,within_cow_random5,4,StrictFixedDualEnsemble_0p50,1012,80,MAY2026_51,51,may2026_measured_133,real_may_measured,measured,may_hot_air30,may2026_measured_133_S03,35.7,31.9,23,39.4,39.6141103926012,39.5028067032876,39.3594840884496,39.7007284094925,39.5584585479444,-0.158458547944392,0.5,0.5,-0.214110392601164,-0.102806703287619,global_k2_t2_e06_a10_b05,session_k3_o06_t2_e08_a35_b075,False,False,0.834292781009435,0.632483541951095
all_real_plus_may133,within_cow_random5,4,StrictFixedDualEnsemble_0p50,1016,58,MAY2026_52,52,may2026_measured_133,real_may_measured,measured,may_hot_air30,may2026_measured_133_S02,36.2,33.7,13,38.8,38.6495861668578,38.7081390371765,38.8907735582215,38.4559294604952,38.6788626020172,0.121137397982835,0.5,0.5,0.150413833142167,0.0918609628235032,global_k2_t2_e06_a10_b05,session_k3_o06_t2_e08_a35_b075,False,False,0.20537229067666,0.275226663957714
all_real_plus_may133,within_cow_random5,4,StrictFixedDualEnsemble_0p50,1021,114,MAY2026_52,52,may2026_measured_133,real_may_measured,measured,may_hot_air30,may2026_measured_133_S05,38.2,37.8,20,39.5,39.1282061219401,39.3903037145268,39.2394519076753,39.5986228763693,39.2592549182334,0.240745081766597,0.5,0.5,0.371793878059947,0.109696285473248,global_k2_t2_e06_a10_b05,session_k3_o06_t2_e08_a35_b075,False,False,0.509901951359279,1.52148073537522
all_real_plus_may133,within_cow_random5,4,StrictFixedDualEnsemble_0p50,1025,6,MAY2026_52,52,may2026_measured_133,real_may_measured,measured,may_hot_air30,may2026_measured_133_S01,34.5,32.1,22,39.5,39.4445801336568,39.639345988455,39.6475500199999,39.6280166115596,39.5419630610559,-0.041963061055867,0.5,0.5,0.055419866343243,-0.13934598845497,global_k2_t2_e06_a10_b05,session_k3_o06_t2_e08_a35_b075,False,False,0.516623654123575,0.645893402955828
all_real_plus_may133,within_cow_random5,4,StrictFixedDualEnsemble_0p50,1034,9,MAY2026_53,53,may2026_measured_133,real_may_measured,measured,may_hot_air30,may2026_measured_133_S01,36.4,32.3,21,40.5,40.239066040493,40.5162941375429,40.5611399803908,40.4543641640863,40.3776800890179,0.122319910982057,0.5,0.5,0.260933959507014,-0.0162941375429,global_k2_t2_e06_a10_b05,session_k3_o06_t2_e08_a35_b075,False,False,0.211371184833171,1.04090107920462
all_real_plus_may133,within_cow_random5,4,StrictFixedDualEnsemble_0p50,1035,123,MAY2026_53,53,may2026_measured_133,real_may_measured,measured,may_hot_air30,may2026_measured_133_S05,36.7,33.0,21,38.7,39.5564834590401,39.5845529112127,39.7007769037272,39.4240531120262,39.5705181851264,-0.870518185126421,0.5,0.5,-0.856483459040106,-0.884552911212737,global_k2_t2_e06_a10_b05,session_k3_o06_t2_e08_a35_b075,False,False,0.189414301935674,0.812403840463596
all_real_plus_may133,within_cow_random5,4,StrictFixedDualEnsemble_0p50,1038,15,MAY2026_54,54,may2026_measured_133,real_may_measured,measured,may_hot_air30,may2026_measured_133_S01,34.1,30.2,1,40.3,40.4406620380868,40.3811929412381,40.4293066213037,40.3147502401952,40.4109274896625,-0.11092748966248,0.5,0.5,-0.140662038086845,-0.0811929412381147,global_k2_t2_e06_a10_b05,session_k3_o06_t2_e08_a35_b075,False,False,0.500099990001995,1.05567854934468
all_real_plus_may133,within_cow_random5,4,StrictFixedDualEnsemble_0p50,1039,106,MAY2026_54,54,may2026_measured_133,real_may_measured,measured,may_hot_air30,may2026_measured_133_S04,37.0,35.0,13,39.1,38.8727571653106,38.9094844873512,39.0931099382481,38.6559064837316,38.8911208263309,0.208879173669111,0.5,0.5,0.227242834689413,0.190515512648808,global_k2_t2_e06_a10_b05,session_k3_o06_t2_e08_a35_b075,False,False,0.527141136487922,0.421637021355782
all_real_plus_may133,within_cow_random5,4,StrictFixedDualEnsemble_0p50,1053,95,MAY2026_55,55,may2026_measured_133,real_may_measured,measured,may_hot_air30,may2026_measured_133_S04,35.8,32.5,13,38.6,38.5508623452021,38.7538884340949,38.835597793208,38.6410517000815,38.6523753896485,-0.052375389648482,0.5,0.5,0.0491376547978888,-0.15388843409486,global_k2_t2_e06_a10_b05,session_k3_o06_t2_e08_a35_b075,False,False,0.16,0.894011951606075
all_real_plus_may133,within_cow_random5,4,StrictFixedDualEnsemble_0p50,1057,65,MAY2026_55,55,may2026_measured_133,real_may_measured,measured,may_hot_air30,may2026_measured_133_S03,35.3,32.1,19,38.4,38.6044463057175,38.7806620107004,38.963813011455,38.5277392001346,38.692554158209,-0.292554158208958,0.5,0.5,-0.204446305717504,-0.380662010700412,global_k2_t2_e06_a10_b05,session_k3_o06_t2_e08_a35_b075,False,False,0.34801021696369,0.521906717062728
all_real_plus_may133,within_cow_random5,4,StrictFixedDualEnsemble_0p50,1061,17,MAY2026_55,55,may2026_measured_133,real_may_measured,measured,may_other,may2026_measured_133_S01,34.0,29.9,22,39.4,39.5930159777667,39.674147505707,39.6978948928489,39.5,39.6335817417369,-0.23358174173687,0.5,0.5,-0.193015977766713,-0.274147505707028,global_k2_t2_e06_a10_b05,global_k1_t2_e03_a5,False,False,0.345269620892303,0.633333333333336
all_real_plus_may133,within_cow_random5,4,StrictFixedDualEnsemble_0p50,1067,53,MAY2026_56,56,may2026_measured_133,real_may_measured,measured,may_hot_air30,may2026_measured_133_S02,34.7,32.2,12,39.7,38.2902388267153,38.2932095054345,38.1380565904719,38.5074682927639,38.2917241660749,1.40827583392506,0.5,0.5,1.40976117328466,1.40679049456546,global_k2_t2_e06_a10_b05,session_k3_o06_t2_e08_a35_b075,False,False,0.0200000000000003,0.0
all_real_plus_may133,within_cow_random5,4,StrictFixedDualEnsemble_0p50,1072,100,MAY2026_56,56,may2026_measured_133,real_may_measured,measured,may_hot_air30,may2026_measured_133_S04,36.5,34.8,15,38.2,38.3853508712043,38.2529716477536,38.1785604066291,38.3557300283542,38.319161259479,-0.119161259478986,0.5,0.5,-0.185350871204335,-0.0529716477536368,global_k2_t2_e06_a10_b05,session_k3_o06_t2_e08_a35_b075,False,False,0.167862377493525,0.479606792838634
all_real_plus_may133,within_cow_random5,4,StrictFixedDualEnsemble_0p50,1081,21,MAY2026_56,56,may2026_measured_133,real_may_measured,measured,may_hot_air30,may2026_measured_133_S01,35.0,31.4,22,38.8,39.1676862047278,39.1993639904059,38.9257600926649,39.5771979444293,39.1835250975669,-0.383525097566874,0.5,0.5,-0.367686204727811,-0.399363990405945,global_k2_t2_e06_a10_b05,session_k3_o06_t2_e08_a35_b075,False,False,0.184872328318163,1.01958152457799
all_real_plus_may133,within_cow_random5,4,StrictFixedDualEnsemble_0p50,1084,49,MAY2026_57,57,may2026_measured_133,real_may_measured,measured,may_hot_air30,may2026_measured_133_S02,36.5,32.1,12,38.4,39.0066569468689,38.7679488521255,39.1087270867283,38.297350337674,38.8873028994972,-0.487302899497202,0.5,0.5,-0.606656946868881,-0.367948852125515,global_k2_t2_e06_a10_b05,session_k3_o06_t2_e08_a35_b075,False,False,0.501597448159378,0.0
all_real_plus_may133,within_cow_random5,4,StrictFixedDualEnsemble_0p50,1089,91,MAY2026_57,57,may2026_measured_133,real_may_measured,measured,may_hot_air30,may2026_measured_133_S04,39.2,37.2,14,39.9,39.769612501517,39.7262450985839,39.7697657787267,39.6661451117201,39.7479288000505,0.152071199949511,0.5,0.5,0.130387498482968,0.173754901416061,global_k2_t2_e06_a10_b05,session_k3_o06_t2_e08_a35_b075,False,False,0.550797401752926,0.454270801891616
all_real_plus_may133,within_cow_random5,4,StrictFixedDualEnsemble_0p50,1098,112,MAY2026_57,57,may2026_measured_133,real_may_measured,measured,may_hot_air30,may2026_measured_133_S05,35.2,30.1,22,39.4,39.6801193562046,39.7398009974406,39.6550512542134,39.8568363571352,39.7099601768226,-0.309960176822592,0.5,0.5,-0.280119356204629,-0.339800997440555,global_k2_t2_e06_a10_b05,session_k3_o06_t2_e08_a35_b075,False,False,0.174005108481845,1.01785714285714
all_real_plus_may133,within_cow_random5,4,StrictFixedDualEnsemble_0p50,1100,26,MAY2026_57,57,may2026_measured_133,real_may_measured,measured,may_other,may2026_measured_133_S01,34.9,27.6,23,38.3,39.8135019959081,39.7347164834254,39.8076323675288,39.2,39.7741092396667,-1.47410923966673,0.5,0.5,-1.5135019959081,-1.43471648342535,global_k2_t2_e06_a10_b05,global_k1_t2_e03_a5,False,False,0.414943101855879,0.639930551787547
all_real_plus_may133,within_cow_random5,4,StrictFixedDualEnsemble_0p50,1109,30,MAY2026_58,58,may2026_measured_133,real_may_measured,measured,may_other,may2026_measured_133_S01,33.8,27.6,22,39.1,39.1232507706799,39.2019450945993,39.2158466984083,39.1,39.1625979326396,-0.0625979326395978,0.5,0.5,-0.0232507706798657,-0.101945094599337,global_k2_t2_e06_a10_b05,global_k1_t2_e03_a5,False,False,0.534883164812653,0.628012738724303
all_real_plus_may133,within_cow_random5,4,StrictFixedDualEnsemble_0p50,1110,31,MAY2026_58,58,may2026_measured_133,real_may_measured,measured,may_other,may2026_measured_133_S01,33.0,25.7,23,39.1,39.123605137766,39.1830346922224,39.2079939684346,39.0,39.1533199149942,-0.0533199149941836,0.5,0.5,-0.0236051377659621,-0.0830346922224123,global_k2_t2_e06_a10_b05,global_k1_t2_e03_a5,False,False,0.528561990477729,0.606226946869829
all_real_plus_may133,within_cow_random5,4,StrictFixedDualEnsemble_0p50,1115,101,MAY2026_60,60,may2026_measured_133,real_may_measured,measured,may_hot_air30,may2026_measured_133_S04,36.9,34.5,13,38.6,38.2493180017756,38.3453725337788,38.3282928584533,38.3689587520853,38.2973452677772,0.302654732222805,0.5,0.5,0.350681998224381,0.25462746622123,global_k2_t2_e06_a10_b05,session_k3_o06_t2_e08_a35_b075,False,False,0.511957029446808,0.140233850691695
all_real_plus_may133,within_cow_random5,4,StrictFixedDualEnsemble_0p50,1116,46,MAY2026_60,60,may2026_measured_133,real_may_measured,measured,may_hot_air30,may2026_measured_133_S02,36.0,33.0,14,38.3,38.2367201609437,38.1562747287554,38.2017452004811,38.0934821725626,38.1964974448495,0.103502555150477,0.5,0.5,0.063279839056321,0.143725271244634,global_k2_t2_e06_a10_b05,session_k3_o06_t2_e08_a35_b075,False,False,0.500399840127872,0.0
all_real_plus_may133,within_cow_random5,4,StrictFixedDualEnsemble_0p50,1126,35,MAY2026_60,60,may2026_measured_133,real_may_measured,measured,may_hot_air30,may2026_measured_133_S01,35.9,32.3,22,41.2,40.1309072566104,40.3156615167227,40.2313060423441,40.4321524099122,40.2232843866665,0.976715613333454,0.5,0.5,1.0690927433896,0.884338483277318,global_k2_t2_e06_a10_b05,session_k3_o06_t2_e08_a35_b075,False,False,0.503587132480574,0.575729104933539
all_real_plus_may133,within_cow_random5,5,StrictFixedDualEnsemble_0p50,9,129,HIST_0,0,core_history_280,real_history,measured_or_research,core_history_280,core_history_280_S23,28.6,10.9,24,38.0,38.3186923233763,38.2771569638874,38.2121421687976,38.3,38.2979246436318,-0.297924643631816,0.5,0.5,-0.318692323376261,-0.277156963887364,global_k1_t2_e03_a5,global_k1_t2_e06_a5,False,False,1.1,1.1
all_real_plus_may133,within_cow_random5,5,StrictFixedDualEnsemble_0p50,16,135,HIST_10,10,core_history_280,real_history,measured_or_research,core_history_280,core_history_280_S23,31.4,5.4,0,39.0,38.9329534095267,38.8395206708313,38.3827718108894,39.0,38.886237040179,0.113762959821003,0.5,0.5,0.067046590473268,0.160479329168744,global_k1_t2_e03_a5,global_k1_t2_e06_a5,True,True,0.0,0.0
all_real_plus_may133,within_cow_random5,5,StrictFixedDualEnsemble_0p50,18,136,HIST_10,10,core_history_280,real_history,measured_or_research,core_history_280,core_history_280_S24,33.3,6.1,11,38.8,38.8055750006554,38.7326222213159,38.5408546973689,38.8,38.7690986109856,0.0309013890143532,0.5,0.5,-0.0055750006553694,0.0673777786840759,global_k1_t2_e03_a5,global_k1_t2_e06_a5,True,True,0.0,0.0
all_real_plus_may133,within_cow_random5,5,StrictFixedDualEnsemble_0p50,20,137,HIST_10,10,core_history_280,real_history,measured_or_research,core_history_280,core_history_280_S24,31.8,6.9,12,38.7,38.6764349161525,38.5999085277179,38.315032798915,38.7,38.6381717219352,0.06182827806483,0.5,0.5,0.0235650838475436,0.100091472282116,global_k1_t2_e03_a5,global_k1_t2_e06_a5,True,True,0.0,0.0
all_real_plus_may133,within_cow_random5,5,StrictFixedDualEnsemble_0p50,26,140,HIST_10,10,core_history_280,real_history,measured_or_research,core_history_280,core_history_280_S24,33.6,8.0,13,38.4,38.4131690781765,38.378875748241,38.3187528778498,38.4,38.3960224132087,0.0039775867912723,0.5,0.5,-0.013169078176503,0.0211242517590406,global_k1_t2_e03_a5,global_k1_t2_e06_a5,True,True,0.0,0.0
all_real_plus_may133,within_cow_random5,5,StrictFixedDualEnsemble_0p50,45,16,HIST_11,11,core_history_280,real_history,measured_or_research,core_history_280,core_history_280_S04,34.2,6.9,12,38.5,38.5847586469138,38.6343592789603,39.0167664575397,38.5,38.6095589629371,-0.109558962937072,0.5,0.5,-0.0847586469138264,-0.134359278960318,global_k1_t2_e03_a5,global_k1_t2_e06_a5,True,True,0.0,0.0
all_real_plus_may133,within_cow_random5,5,StrictFixedDualEnsemble_0p50,51,18,HIST_11,11,core_history_280,real_history,measured_or_research,core_history_280,core_history_280_S04,33.9,9.3,13,38.8,38.823097351076,38.857112804612,39.0196646331232,38.8,38.840105077844,-0.0401050778440322,0.5,0.5,-0.0230973510760393,-0.0571128046120322,global_k1_t2_e03_a5,global_k1_t2_e06_a5,True,True,0.0,0.0
all_real_plus_may133,within_cow_random5,5,StrictFixedDualEnsemble_0p50,58,156,HIST_11,11,core_history_280,real_history,measured_or_research,core_history_280,core_history_280_S27,33.7,9.0,19,40.0,39.9490908178738,39.882108694285,39.5465719010962,40.0,39.9155997560794,0.0844002439205767,0.5,0.5,0.0509091821261762,0.117891305714977,global_k1_t2_e03_a5,global_k1_t2_e06_a5,True,True,0.0,0.0
all_real_plus_may133,within_cow_random5,5,StrictFixedDualEnsemble_0p50,62,158,HIST_11,11,core_history_280,real_history,measured_or_research,core_history_280,core_history_280_S27,33.2,5.4,22,39.6,39.5655690447935,39.5504553198017,39.4094435376989,39.6,39.5580121822976,0.0419878177023989,0.5,0.5,0.034430955206517,0.0495446801982879,global_k1_t2_e03_a5,global_k1_t2_e06_a5,True,True,0.0,0.0
all_real_plus_may133,within_cow_random5,5,StrictFixedDualEnsemble_0p50,64,159,HIST_11,11,core_history_280,real_history,measured_or_research,core_history_280,core_history_280_S27,33.5,5.5,23,39.2,39.202595058932,39.2306017389228,39.3176989958571,39.2,39.2165983989274,-0.016598398927421,0.5,0.5,-0.0025950589320018,-0.0306017389228401,global_k1_t2_e03_a5,global_k1_t2_e06_a5,True,True,0.0,0.0
all_real_plus_may133,within_cow_random5,5,StrictFixedDualEnsemble_0p50,68,161,HIST_12,12,core_history_280,real_history,measured_or_research,core_history_280,core_history_280_S28,35.7,6.1,11,38.1,38.1504930933857,38.199517159327,38.4827583051039,38.1,38.1750051263563,-0.0750051263563378,0.5,0.5,-0.0504930933856542,-0.0995171593270214,global_k1_t2_e03_a5,global_k1_t2_e06_a5,True,True,0.0,0.0
all_real_plus_may133,within_cow_random5,5,StrictFixedDualEnsemble_0p50,69,28,HIST_12,12,core_history_280,real_history,measured_or_research,core_history_280,core_history_280_S06,32.9,6.9,12,38.0,38.0417652228453,38.0497374066773,38.1912977179896,38.0,38.0457513147613,-0.0457513147612829,0.5,0.5,-0.0417652228452638,-0.049737406677302,global_k1_t2_e03_a5,global_k1_t2_e06_a5,True,True,0.0,0.0
all_real_plus_may133,within_cow_random5,5,StrictFixedDualEnsemble_0p50,72,163,HIST_12,12,core_history_280,real_history,measured_or_research,core_history_280,core_history_280_S28,33.1,6.8,12,38.2,38.1891626388928,38.221388881738,38.2822649297614,38.2,38.2052757603154,-0.0052757603153708,0.5,0.5,0.0108373611072281,-0.0213888817379626,global_k1_t2_e03_a5,global_k1_t2_e06_a5,True,True,0.0,0.0
all_real_plus_may133,within_cow_random5,5,StrictFixedDualEnsemble_0p50,87,37,HIST_12,12,core_history_280,real_history,measured_or_research,core_history_280,core_history_280_S07,32.2,5.5,23,38.9,38.7898852586693,38.7526275467429,38.3331828720881,38.9,38.7712564027061,0.128743597293912,0.5,0.5,0.11011474133074,0.147372453257084,global_k1_t2_e03_a5,global_k1_t2_e06_a5,True,True,0.0,0.0
all_real_plus_may133,within_cow_random5,5,StrictFixedDualEnsemble_0p50,92,173,HIST_13,13,core_history_280,real_history,measured_or_research,core_history_280,core_history_280_S30,26.6,5.0,11,38.9,38.9327491365377,38.7869666676888,38.4652564141876,38.9,38.8598579021132,0.0401420978867506,0.5,0.5,-0.0327491365377384,0.113033332311232,global_k1_t2_e03_a5,global_k1_t2_e06_a5,True,True,0.0,0.0
all_real_plus_may133,within_cow_random5,5,StrictFixedDualEnsemble_0p50,100,177,HIST_13,13,core_history_280,real_history,measured_or_research,core_history_280,core_history_280_S30,31.6,9.3,13,38.0,37.9981781833926,38.0434804663275,38.1672325627982,38.0,38.02082932486,-0.0208293248600455,0.5,0.5,0.0018218166074319,-0.0434804663275301,global_k1_t2_e03_a5,global_k1_t2_e06_a5,True,True,0.0,0.0
all_real_plus_may133,within_cow_random5,5,StrictFixedDualEnsemble_0p50,101,44,HIST_13,13,core_history_280,real_history,measured_or_research,core_history_280,core_history_280_S08,33.3,8.0,13,38.2,38.1862292314047,38.2203174885651,38.2781441867888,38.2,38.2032733599849,-0.0032733599848668,0.5,0.5,0.0137707685953501,-0.0203174885650839,global_k1_t2_e03_a5,global_k1_t2_e06_a5,True,True,0.0,0.0
all_real_plus_may133,within_cow_random5,5,StrictFixedDualEnsemble_0p50,105,47,HIST_13,13,core_history_280,real_history,measured_or_research,core_history_280,core_history_280_S08,32.0,9.1,15,38.4,38.3828531640855,38.3967862042566,38.3876392471406,38.4,38.389819684171,0.0101803158289968,0.5,0.5,0.017146835914545,0.0032137957434414,global_k1_t2_e03_a5,global_k1_t2_e06_a5,True,True,0.0,0.0
all_real_plus_may133,within_cow_random5,5,StrictFixedDualEnsemble_0p50,108,180,HIST_13,13,core_history_280,real_history,measured_or_research,core_history_280,core_history_280_S30,33.9,11.2,15,38.1,38.2602096335426,38.2809898147821,38.2268839030081,38.3,38.2705997241623,-0.170599724162329,0.5,0.5,-0.160209633542557,-0.180989814782102,global_k1_t2_e03_a5,global_k1_t2_e06_a5,True,True,0.0,0.0
all_real_plus_may133,within_cow_random5,5,StrictFixedDualEnsemble_0p50,121,53,HIST_14,14,core_history_280,real_history,measured_or_research,core_history_280,core_history_280_S10,31.5,5.0,11,38.7,38.7781187698925,38.8273028979561,39.1896265306004,38.7,38.8027108339243,-0.102710833924291,0.5,0.5,-0.0781187698924626,-0.127302897956113,global_k1_t2_e03_a5,global_k1_t2_e06_a5,True,True,0.0,0.0
all_real_plus_may133,within_cow_random5,5,StrictFixedDualEnsemble_0p50,130,192,HIST_14,14,core_history_280,real_history,measured_or_research,core_history_280,core_history_280_S32,33.8,8.8,14,38.6,38.5979703827062,38.7040005782513,39.0000022240435,38.6,38.6509854804788,-0.0509854804787651,0.5,0.5,0.002029617293779,-0.104000578251309,global_k1_t2_e03_a5,global_k1_t2_e06_a5,True,True,0.0,0.0
all_real_plus_may133,within_cow_random5,5,StrictFixedDualEnsemble_0p50,134,194,HIST_14,14,core_history_280,real_history,measured_or_research,core_history_280,core_history_280_S32,33.9,9.1,15,38.5,38.561057203359,38.6724089393495,39.1631113051904,38.5,38.6167330713543,-0.116733071354261,0.5,0.5,-0.0610572033590273,-0.172408939349495,global_k1_t2_e03_a5,global_k1_t2_e06_a5,True,True,0.0,0.0
all_real_plus_may133,within_cow_random5,5,StrictFixedDualEnsemble_0p50,137,62,HIST_14,14,core_history_280,real_history,measured_or_research,core_history_280,core_history_280_S11,32.5,6.0,21,39.1,39.1139021319118,39.0092940288778,38.7511308802993,39.1,39.0615980803948,0.0384019196051995,0.5,0.5,-0.0139021319117774,0.0907059711221692,global_k1_t2_e03_a5,global_k1_t2_e06_a5,True,True,0.0,0.0
all_real_plus_may133,within_cow_random5,5,StrictFixedDualEnsemble_0p50,141,64,HIST_15,15,core_history_280,real_history,measured_or_research,core_history_280,core_history_280_S11,28.6,5.4,0,38.3,38.3240842920354,38.3620785946259,38.5387638254841,38.3,38.3430814433306,-0.0430814433306352,0.5,0.5,-0.0240842920353828,-0.0620785946258806,global_k1_t2_e03_a5,global_k1_t2_e06_a5,True,True,0.0,0.0
all_real_plus_may133,within_cow_random5,5,StrictFixedDualEnsemble_0p50,146,200,HIST_15,15,core_history_280,real_history,measured_or_research,core_history_280,core_history_280_S34,33.9,11.2,15,38.6,38.3627525094308,38.3377553594607,38.4452129210025,38.3,38.3502539344457,0.24974606555427,0.5,0.5,0.237247490569182,0.26224464053935,global_k1_t2_e03_a5,global_k1_t2_e06_a5,True,True,0.0,0.0
all_real_plus_may133,within_cow_random5,5,StrictFixedDualEnsemble_0p50,160,207,HIST_16,16,core_history_280,real_history,measured_or_research,core_history_280,core_history_280_S36,32.2,6.9,12,38.0,38.0674376595841,38.1202051862733,38.4623276395126,38.0,38.0938214229287,-0.0938214229286984,0.5,0.5,-0.0674376595841153,-0.120205186273289,global_k1_t2_e03_a5,global_k1_t2_e06_a5,True,True,0.0,0.0
all_real_plus_may133,within_cow_random5,5,StrictFixedDualEnsemble_0p50,170,212,HIST_16,16,core_history_280,real_history,measured_or_research,core_history_280,core_history_280_S37,31.1,6.0,21,38.6,38.6478826026579,38.7249348688108,39.0805187261953,38.6,38.6864087357343,-0.0864087357343379,0.5,0.5,-0.0478826026578929,-0.124934868810783,global_k1_t2_e03_a5,global_k1_t2_e06_a5,True,True,0.0,0.0
all_real_plus_may133,within_cow_random5,5,StrictFixedDualEnsemble_0p50,172,213,HIST_16,16,core_history_280,real_history,measured_or_research,core_history_280,core_history_280_S37,31.8,5.5,23,38.8,38.7813191398287,38.8332859374181,38.9280228362236,38.8,38.8073025386234,-0.0073025386234206,0.5,0.5,0.0186808601713011,-0.0332859374181353,global_k1_t2_e03_a5,global_k1_t2_e06_a5,True,True,0.0,0.0
all_real_plus_may133,within_cow_random5,5,StrictFixedDualEnsemble_0p50,175,81,HIST_17,17,core_history_280,real_history,measured_or_research,core_history_280,core_history_280_S16,25.3,5.0,11,38.3,38.3012971934943,38.3677119951794,38.5604307506899,38.3,38.3345045943369,-0.034504594336866,0.5,0.5,-0.001297193494345,-0.0677119951793799,global_k1_t2_e03_a5,global_k1_t2_e06_a5,True,True,0.0,0.0
all_real_plus_may133,within_cow_random5,5,StrictFixedDualEnsemble_0p50,186,220,HIST_17,17,core_history_280,real_history,measured_or_research,core_history_280,core_history_280_S38,32.5,8.0,13,38.7,38.6731846900361,38.6495521236015,38.5059697061597,38.7,38.6613684068188,0.0386315931811794,0.5,0.5,0.0268153099638866,0.0504478763984721,global_k1_t2_e03_a5,global_k1_t2_e06_a5,True,True,0.0,0.0
all_real_plus_may133,within_cow_random5,5,StrictFixedDualEnsemble_0p50,193,90,HIST_17,17,core_history_280,real_history,measured_or_research,core_history_280,core_history_280_S17,32.9,9.0,19,38.3,38.3320540532336,38.3475514425809,38.4828901637727,38.3,38.3398027479072,-0.0398027479072454,0.5,0.5,-0.0320540532335798,-0.0475514425809038,global_k1_t2_e03_a5,global_k1_t2_e06_a5,True,True,0.0,0.0
all_real_plus_may133,within_cow_random5,5,StrictFixedDualEnsemble_0p50,197,92,HIST_17,17,core_history_280,real_history,measured_or_research,core_history_280,core_history_280_S17,31.1,5.4,22,38.2,38.1817017828907,38.2393939482769,38.3515151856805,38.2,38.2105478655838,-0.0105478655838027,0.5,0.5,0.0182982171093187,-0.0393939482769312,global_k1_t2_e03_a5,global_k1_t2_e06_a5,True,True,0.0,0.0
all_real_plus_may133,within_cow_random5,5,StrictFixedDualEnsemble_0p50,200,227,HIST_17,17,core_history_280,real_history,measured_or_research,core_history_280,core_history_280_S39,32.1,5.5,23,38.5,38.4506882750448,38.424214996013,38.2085192154346,38.5,38.4374516355289,0.0625483644711124,0.5,0.5,0.0493117249552029,0.0757850039870149,global_k1_t2_e03_a5,global_k1_t2_e06_a5,True,True,0.0,0.0
all_real_plus_may133,within_cow_random5,5,StrictFixedDualEnsemble_0p50,204,229,HIST_18,18,core_history_280,real_history,measured_or_research,core_history_280,core_history_280_S40,30.4,5.0,11,38.5,38.4434294616512,38.427528170911,38.2212621958114,38.5,38.4354788162811,0.0645211837189379,0.5,0.5,0.0565705383488364,0.0724718290890465,global_k1_t2_e03_a5,global_k1_t2_e06_a5,True,True,0.0,0.0
all_real_plus_may133,within_cow_random5,5,StrictFixedDualEnsemble_0p50,206,230,HIST_18,18,core_history_280,real_history,measured_or_research,core_history_280,core_history_280_S40,31.0,6.1,11,38.0,38.0893302938337,38.0941370999579,38.3620657690689,38.0,38.0917336968958,-0.0917336968958011,0.5,0.5,-0.089330293833676,-0.0941370999579192,global_k1_t2_e03_a5,global_k1_t2_e06_a5,True,True,0.0,0.0
all_real_plus_may133,within_cow_random5,5,StrictFixedDualEnsemble_0p50,209,97,HIST_18,18,core_history_280,real_history,measured_or_research,core_history_280,core_history_280_S18,32.0,6.9,12,38.2,38.1675067359857,38.1572481901957,38.035569962291,38.2,38.1623774630907,0.0376225369093248,0.5,0.5,0.0324932640143274,0.0427518098043294,global_k1_t2_e03_a5,global_k1_t2_e06_a5,True,True,0.0,0.0
all_real_plus_may133,within_cow_random5,5,StrictFixedDualEnsemble_0p50,214,233,HIST_18,18,core_history_280,real_history,measured_or_research,core_history_280,core_history_280_S40,32.7,9.3,13,38.1,38.0601479713489,38.0671699437434,37.9737305528592,38.1,38.0636589575461,0.036341042453877,0.5,0.5,0.0398520286511399,0.0328300562566071,global_k1_t2_e03_a5,global_k1_t2_e06_a5,True,True,0.0,0.0
all_real_plus_may133,within_cow_random5,5,StrictFixedDualEnsemble_0p50,222,238,HIST_18,18,core_history_280,real_history,measured_or_research,core_history_280,core_history_280_S41,31.2,6.0,21,39.2,39.0965246689151,39.0791104838208,38.7350403223879,39.2,39.087817576368,0.112182423632035,0.5,0.5,0.103475331084915,0.120889516179162,global_k1_t2_e03_a5,global_k1_t2_e06_a5,True,True,0.0,0.0
all_real_plus_may133,within_cow_random5,5,StrictFixedDualEnsemble_0p50,230,242,HIST_19,19,core_history_280,real_history,measured_or_research,core_history_280,core_history_280_S42,30.4,5.0,11,38.3,38.5661600776073,38.6456850559119,39.0603271381227,38.5,38.6059225667596,-0.305922566759627,0.5,0.5,-0.266160077607353,-0.3456850559119,global_k1_t2_e03_a5,global_k1_t2_e06_a5,True,True,0.0,0.0
all_real_plus_may133,within_cow_random5,5,StrictFixedDualEnsemble_0p50,232,243,HIST_19,19,core_history_280,real_history,measured_or_research,core_history_280,core_history_280_S42,32.6,6.1,11,39.4,39.3978303308194,39.3831842971319,39.3353242197382,39.4,39.3905073139757,0.0094926860243234,0.5,0.5,0.0021696691805672,0.0168157028680724,global_k1_t2_e03_a5,global_k1_t2_e06_a5,True,True,0.0,0.0
all_real_plus_may133,within_cow_random5,5,StrictFixedDualEnsemble_0p50,234,244,HIST_19,19,core_history_280,real_history,measured_or_research,core_history_280,core_history_280_S42,31.7,6.9,12,39.2,39.1480353605219,39.1572390884663,39.0355349556395,39.2,39.1526372244941,0.0473627755059169,0.5,0.5,0.0519646394781006,0.0427609115337262,global_k1_t2_e03_a5,global_k1_t2_e06_a5,True,True,0.0,0.0
all_real_plus_may133,within_cow_random5,5,StrictFixedDualEnsemble_0p50,242,248,HIST_19,19,core_history_280,real_history,measured_or_research,core_history_280,core_history_280_S42,33.7,8.8,14,38.6,38.6569273093525,38.6765294814826,38.8943441595484,38.6,38.6667283954176,-0.0667283954175488,0.5,0.5,-0.0569273093525027,-0.0765294814825879,global_k1_t2_e03_a5,global_k1_t2_e06_a5,True,True,0.0,0.0
all_real_plus_may133,within_cow_random5,5,StrictFixedDualEnsemble_0p50,244,249,HIST_19,19,core_history_280,real_history,measured_or_research,core_history_280,core_history_280_S42,32.4,11.2,15,39.1,39.0741165002184,39.044003444588,38.8846286330307,39.1,39.0590599724032,0.0409400275968252,0.5,0.5,0.0258834997816493,0.0559965554120083,global_k1_t2_e03_a5,global_k1_t2_e06_a5,True,True,0.0,0.0
all_real_plus_may133,within_cow_random5,5,StrictFixedDualEnsemble_0p50,280,280,HIST_7,7,core_history_280,real_history,measured_or_research,core_history_280,core_history_280_S45,29.6,10.9,24,38.1,38.8323079722683,38.2733525792738,38.4821253048991,38.2,38.552830275771,-0.452830275771028,0.5,0.5,-0.732307972268302,-0.173352579273761,global_k1_t2_e03_a5,global_k1_t2_e06_a5,False,False,1.14939597663778,0.833333333333336
all_real_plus_may133,within_cow_random5,5,StrictFixedDualEnsemble_0p50,285,71,DEC2025_10,10,dec2025_140,real_history,measured,dec2025_140,dec2025_140_S02,33.3,9.3,13,38.5,38.488885908994,38.4918157459904,38.3976968248801,38.5,38.4903508274922,0.0096491725078067,0.5,0.5,0.0111140910060286,0.0081842540095848,global_k1_t2_e03_a5,global_k1_t2_e03_a5,True,True,0.0,0.0
all_real_plus_may133,within_cow_random5,5,StrictFixedDualEnsemble_0p50,290,1,DEC2025_10,10,dec2025_140,real_history,measured,dec2025_140,dec2025_140_S01,32.0,9.0,19,39.0,38.9828568072545,38.9766627891098,38.7082848638726,39.0,38.9797597981822,0.0202402018178276,0.5,0.5,0.0171431927454648,0.0233372108901904,global_k1_t2_e03_a5,global_k1_t2_e03_a5,True,True,0.0,0.0
all_real_plus_may133,within_cow_random5,5,StrictFixedDualEnsemble_0p50,294,92,DEC2025_11,11,dec2025_140,real_history,measured,dec2025_140,dec2025_140_S02,30.8,6.1,11,39.5,39.5266722613278,39.481417817433,39.267722717912,39.5,39.5040450393804,-0.0040450393803652,0.5,0.5,-0.0266722613277679,0.0185821825670374,global_k1_t2_e03_a5,global_k1_t2_e03_a5,True,True,0.0,0.0
all_real_plus_may133,within_cow_random5,5,StrictFixedDualEnsemble_0p50,299,72,DEC2025_11,11,dec2025_140,real_history,measured,dec2025_140,dec2025_140_S02,33.9,9.3,13,38.8,38.7999723261694,38.8048687886442,38.8608598580528,38.8,38.8024205574068,-0.0024205574068076,0.5,0.5,2.76738306084212e-05,-0.0048687886442309,global_k1_t2_e03_a5,global_k1_t2_e03_a5,True,True,0.0,0.0
all_real_plus_may133,within_cow_random5,5,StrictFixedDualEnsemble_0p50,309,103,DEC2025_12,12,dec2025_140,real_history,measured,dec2025_140,dec2025_140_S02,33.1,6.8,12,38.2,38.1903163815359,38.1942279914121,38.1278498926508,38.2,38.192272186474,0.0077278135260172,0.5,0.5,0.0096836184640949,0.0057720085879324,global_k1_t2_e03_a5,global_k1_t2_e03_a5,True,True,0.0,0.0
all_real_plus_may133,within_cow_random5,5,StrictFixedDualEnsemble_0p50,316,23,DEC2025_12,12,dec2025_140,real_history,measured,dec2025_140,dec2025_140_S01,32.1,5.4,22,38.4,38.4171824103271,38.4033918400473,38.4423980005916,38.4,38.4102871251872,-0.0102871251872401,0.5,0.5,-0.0171824103271447,-0.0033918400473353,global_k1_t2_e03_a5,global_k1_t2_e03_a5,True,True,0.0,0.0
all_real_plus_may133,within_cow_random5,5,StrictFixedDualEnsemble_0p50,321,64,DEC2025_13,13,dec2025_140,real_history,measured,dec2025_140,dec2025_140_S02,31.3,6.9,12,38.3,38.2922652609277,38.3103080754661,38.4288509433266,38.3,38.3012866681969,-0.0012866681969327,0.5,0.5,0.0077347390722621,-0.0103080754661278,global_k1_t2_e03_a5,global_k1_t2_e03_a5,True,True,0.0,0.0
all_real_plus_may133,within_cow_random5,5,StrictFixedDualEnsemble_0p50,331,34,DEC2025_13,13,dec2025_140,real_history,measured,dec2025_140,dec2025_140_S01,30.5,5.5,23,38.1,38.087474096982,38.0995399718487,38.0942496481091,38.1,38.0935070344154,0.0064929655846341,0.5,0.5,0.0125259030179876,0.0004600281512736,global_k1_t2_e03_a5,global_k1_t2_e03_a5,True,True,0.0,0.0
all_real_plus_may133,within_cow_random5,5,StrictFixedDualEnsemble_0p50,332,45,DEC2025_14,14,dec2025_140,real_history,measured,dec2025_140,dec2025_140_S01,29.5,5.4,0,38.9,38.8829685993362,38.901178635504,38.9147329438,38.9,38.8920736174201,0.0079263825799245,0.5,0.5,0.0170314006638463,-0.0011786355039973,global_k1_t2_e03_a5,global_k1_t2_e03_a5,True,True,0.0,0.0
all_real_plus_may133,within_cow_random5,5,StrictFixedDualEnsemble_0p50,343,35,DEC2025_14,14,dec2025_140,real_history,measured,dec2025_140,dec2025_140_S01,32.7,5.5,23,38.2,38.2359700475247,38.2581970519871,38.9274631498386,38.2,38.2470835497559,-0.0470835497559108,0.5,0.5,-0.0359700475247422,-0.0581970519870865,global_k1_t2_e03_a5,global_k1_t2_e03_a5,True,True,0.0,0.0
all_real_plus_may133,within_cow_random5,5,StrictFixedDualEnsemble_0p50,358,17,DEC2025_16,16,dec2025_140,real_history,measured,dec2025_140,dec2025_140_S01,31.1,6.0,21,38.6,38.6586029123482,38.6355648378215,39.0445604727683,38.6,38.6470838750848,-0.0470838750848088,0.5,0.5,-0.0586029123481566,-0.035564837821461,global_k1_t2_e03_a5,global_k1_t2_e03_a5,True,True,0.0,0.0
all_real_plus_may133,within_cow_random5,5,StrictFixedDualEnsemble_0p50,369,88,DEC2025_17,17,dec2025_140,real_history,measured,dec2025_140,dec2025_140_S02,33.3,11.2,15,38.0,38.0435622955775,38.0362734766045,38.4534184575558,38.0,38.039917886091,-0.0399178860909757,0.5,0.5,-0.0435622955774875,-0.0362734766044639,global_k1_t2_e03_a5,global_k1_t2_e03_a5,True,True,0.0,0.0
all_real_plus_may133,within_cow_random5,5,StrictFixedDualEnsemble_0p50,372,28,DEC2025_17,17,dec2025_140,real_history,measured,dec2025_140,dec2025_140_S01,31.1,5.4,22,38.2,38.1910873818197,38.2111307837046,38.3391347963073,38.2,38.2011090827621,-0.0011090827621416,0.5,0.5,0.0089126181802967,-0.0111307837045871,global_k1_t2_e03_a5,global_k1_t2_e03_a5,True,True,0.0,0.0
all_real_plus_may133,within_cow_random5,5,StrictFixedDualEnsemble_0p50,380,79,DEC2025_18,18,dec2025_140,real_history,measured,dec2025_140,dec2025_140_S02,32.7,9.3,13,38.1,38.0758839436381,38.0907719580772,37.9846494759648,38.1,38.0833279508576,0.0166720491423789,0.5,0.5,0.0241160563619331,0.0092280419228174,global_k1_t2_e03_a5,global_k1_t2_e03_a5,True,True,0.0,0.0
all_real_plus_may133,within_cow_random5,5,StrictFixedDualEnsemble_0p50,384,19,DEC2025_18,18,dec2025_140,real_history,measured,dec2025_140,dec2025_140_S01,31.2,6.0,21,39.2,39.1715704255333,39.1597126446171,38.6964080577142,39.2,39.1656415350752,0.0343584649248072,0.5,0.5,0.0284295744667489,0.0402873553828584,global_k1_t2_e03_a5,global_k1_t2_e03_a5,True,True,0.0,0.0
all_real_plus_may133,within_cow_random5,5,StrictFixedDualEnsemble_0p50,399,30,DEC2025_19,19,dec2025_140,real_history,measured,dec2025_140,dec2025_140_S01,33.8,5.4,22,39.4,39.394125053393,39.3739124319437,39.0739053992963,39.4,39.3840187426684,0.0159812573316387,0.5,0.5,0.0058749466069798,0.0260875680562975,global_k1_t2_e03_a5,global_k1_t2_e03_a5,True,True,0.0,0.0
all_real_plus_may133,within_cow_random5,5,StrictFixedDualEnsemble_0p50,400,40,DEC2025_19,19,dec2025_140,real_history,measured,dec2025_140,dec2025_140_S01,33.3,5.5,23,39.3,39.2850302753446,39.2784372266983,39.0304653337294,39.3,39.2817337510215,0.0182662489785059,0.5,0.5,0.0149697246553586,0.0215627733016532,global_k1_t2_e03_a5,global_k1_t2_e03_a5,True,True,0.0,0.0
all_real_plus_may133,within_cow_random5,5,StrictFixedDualEnsemble_0p50,998,39,MAY2026_51,51,may2026_measured_133,real_may_measured,measured,may_hot_air30,may2026_measured_133_S02,31.5,30.0,12,38.9,38.9941587782859,39.0245352249262,39.1216776604236,38.8518375618197,39.0093470016061,-0.109347001606061,0.5,0.5,-0.0941587782859372,-0.124535224926184,global_k2_t2_e06_a10_b05,session_k3_o06_t2_e08_a35_b075,False,False,1.2723600119463,4.55753344596736
all_real_plus_may133,within_cow_random5,5,StrictFixedDualEnsemble_0p50,999,84,MAY2026_51,51,may2026_measured_133,real_may_measured,measured,may_hot_air30,may2026_measured_133_S04,38.1,37.8,13,39.4,39.0201630606639,39.1959406325757,39.2556029410743,39.0898743063559,39.1080518466198,0.291948153380197,0.5,0.5,0.379836939336073,0.204059367424314,global_k2_t2_e06_a10_b05,session_k3_o06_t2_e08_a35_b075,False,False,0.838179243625396,0.833198118281835
all_real_plus_may133,within_cow_random5,5,StrictFixedDualEnsemble_0p50,1004,125,MAY2026_51,51,may2026_measured_133,real_may_measured,measured,may_hot_air30,may2026_measured_133_S05,36.7,34.5,19,39.6,39.2700422781927,39.2978397692452,39.3184334215435,39.261228831826,39.283941023719,0.31605897628102,0.5,0.5,0.329957721807276,0.302160230754772,global_k2_t2_e06_a10_b05,session_k3_o06_t2_e08_a35_b075,False,False,0.500099990001999,0.0
all_real_plus_may133,within_cow_random5,5,StrictFixedDualEnsemble_0p50,1019,113,MAY2026_52,52,may2026_measured_133,real_may_measured,measured,may_hot_air30,may2026_measured_133_S05,37.0,35.5,19,39.5,39.1595703723513,39.1725284022396,39.0643736359034,39.3648035423929,39.1660493872955,0.333950612704541,0.5,0.5,0.34042962764871,0.327471597760372,global_k2_t2_e06_a10_b05,session_k3_o06_t2_e08_a35_b075,False,False,0.553784956258094,0.782722478569545
all_real_plus_may133,within_cow_random5,5,StrictFixedDualEnsemble_0p50,1020,73,MAY2026_52,52,may2026_measured_133,real_may_measured,measured,may_hot_air30,may2026_measured_133_S03,37.1,35.5,19,40.2,40.1174358738704,39.8892706122487,40.1526128733335,39.4211065925422,40.0033532430595,0.196646756940481,0.5,0.5,0.0825641261296113,0.310729387751344,global_k2_t2_e06_a10_b05,session_k3_o06_t2_e08_a35_b075,False,False,0.50249378105604,0.860868227029194
all_real_plus_may133,within_cow_random5,5,StrictFixedDualEnsemble_0p50,1026,75,MAY2026_52,52,may2026_measured_133,real_may_measured,measured,may_hot_air30,may2026_measured_133_S03,37.0,35.2,22,40.2,40.1283006731113,40.1863095651068,40.2348881462312,40.0999476431079,40.1573051191091,0.0426948808909486,0.5,0.5,0.071699326888691,0.0136904348932063,global_k2_t2_e06_a10_b05,session_k3_o06_t2_e08_a35_b075,False,False,0.476141902284513,0.285418994230536
all_real_plus_may133,within_cow_random5,5,StrictFixedDualEnsemble_0p50,1033,62,MAY2026_53,53,may2026_measured_133,real_may_measured,measured,may_hot_air30,may2026_measured_133_S03,36.1,32.8,19,39.5,39.6941679197832,39.2304661867243,39.7067019981667,38.3838247441599,39.4623170532538,0.0376829467462443,0.5,0.5,-0.194167919783212,0.269533813275707,global_k2_t2_e06_a10_b05,session_k3_o06_t2_e08_a35_b075,False,False,0.333932794303157,1.13578166916006
all_real_plus_may133,within_cow_random5,5,StrictFixedDualEnsemble_0p50,1042,59,MAY2026_54,54,may2026_measured_133,real_may_measured,measured,may_hot_air30,may2026_measured_133_S02,38.4,37.9,15,39.7,39.3257360782991,39.4270912776328,39.3671364425331,39.5336776511434,39.376413677966,0.323586322034046,0.5,0.5,0.374263921700887,0.272908722367198,global_k2_t2_e06_a10_b05,session_k3_o06_t2_e08_a35_b075,False,False,0.276003220593127,1.33110411010087
all_real_plus_may133,within_cow_random5,5,StrictFixedDualEnsemble_0p50,1050,14,MAY2026_54,54,may2026_measured_133,real_may_measured,measured,may_hot_air30,may2026_measured_133_S01,35.0,32.7,23,40.5,40.4262083421021,40.1261980918108,40.376645072111,39.6809590157217,40.2762032169565,0.223796783043525,0.5,0.5,0.0737916578978997,0.373801908189151,global_k2_t2_e06_a10_b05,session_k3_o06_t2_e08_a35_b075,False,False,0.357786404312845,1.23874525061385
all_real_plus_may133,within_cow_random5,5,StrictFixedDualEnsemble_0p50,1056,43,MAY2026_55,55,may2026_measured_133,real_may_measured,measured,may_hot_air30,may2026_measured_133_S02,38.1,36.5,15,39.7,38.8723074999715,38.8516264157235,38.9244419489444,38.7221765788861,38.8619669578475,0.838033042152517,0.5,0.5,0.82769250002849,0.848373584276544,global_k2_t2_e06_a10_b05,session_k3_o06_t2_e08_a35_b075,False,False,0.180769958172752,0.707155884119227
all_real_plus_may133,within_cow_random5,5,StrictFixedDualEnsemble_0p50,1062,118,MAY2026_55,55,may2026_measured_133,real_may_measured,measured,may_hot_air30,may2026_measured_133_S05,35.1,30.6,22,39.9,38.9642360656964,39.2686326796962,39.0292655499634,39.6941742436655,39.1164343726963,0.783565627303709,0.5,0.5,0.935763934303608,0.631367320303816,global_k2_t2_e06_a10_b05,session_k3_o06_t2_e08_a35_b075,False,False,0.174005108481845,1.01785714285714
all_real_plus_may133,within_cow_random5,5,StrictFixedDualEnsemble_0p50,1073,56,MAY2026_56,56,may2026_measured_133,real_may_measured,measured,may_hot_air30,may2026_measured_133_S02,36.9,35.3,15,38.0,38.7533526416889,38.6440846895177,38.7940747999161,38.3774356043649,38.6987186656033,-0.69871866560328,0.5,0.5,-0.753352641688856,-0.644084689517697,global_k2_t2_e06_a10_b05,session_k3_o06_t2_e08_a35_b075,False,False,0.500899191454723,0.26770895371695
all_real_plus_may133,within_cow_random5,5,StrictFixedDualEnsemble_0p50,1075,67,MAY2026_56,56,may2026_measured_133,real_may_measured,measured,may_hot_air30,may2026_measured_133_S03,35.5,33.2,19,38.5,38.6128622180585,38.5309925693312,38.577646201507,38.4480527787964,38.5719273936949,-0.0719273936948639,0.5,0.5,-0.112862218058524,-0.0309925693311968,global_k2_t2_e06_a10_b05,session_k3_o06_t2_e08_a35_b075,False,False,0.0100000000000001,0.521906717062728
all_real_plus_may133,within_cow_random5,5,StrictFixedDualEnsemble_0p50,1082,22,MAY2026_56,56,may2026_measured_133,real_may_measured,measured,may_other,may2026_measured_133_S01,33.8,29.5,23,39.1,39.0093973315747,38.9749236493323,38.9033223287867,39.5,38.9921604904535,0.107839509546515,0.5,0.5,0.090602668425305,0.125076350667719,global_k2_t2_e06_a10_b05,global_k1_t2_e03_a5,False,False,0.217664369564195,0.43532873912839
all_real_plus_may133,within_cow_random5,5,StrictFixedDualEnsemble_0p50,1088,51,MAY2026_57,57,may2026_measured_133,real_may_measured,measured,may_hot_air30,may2026_measured_133_S02,37.1,33.5,14,39.3,38.9972677360996,38.714600017228,38.8838725039095,38.4136711520165,38.8559338766638,0.444066123336178,0.5,0.5,0.302732263900374,0.585399982771982,global_k2_t2_e06_a10_b05,session_k3_o06_t2_e08_a35_b075,False,False,0.2527405344969,0.868773603245488
all_real_plus_may133,within_cow_random5,5,StrictFixedDualEnsemble_0p50,1092,109,MAY2026_57,57,may2026_measured_133,real_may_measured,measured,may_hot_air30,may2026_measured_133_S05,37.6,33.4,18,39.5,39.6000973307923,39.6375394817657,39.6164064197023,39.6751093698784,39.618818406279,-0.11881840627899,0.5,0.5,-0.100097330792302,-0.137539481765685,global_k2_t2_e06_a10_b05,session_k3_o06_t2_e08_a35_b075,False,False,0.506359556046887,0.0
all_real_plus_may133,within_cow_random5,5,StrictFixedDualEnsemble_0p50,1095,24,MAY2026_57,57,may2026_measured_133,real_may_measured,measured,may_hot_air30,may2026_measured_133_S01,36.9,32.4,21,39.3,39.5982578088685,39.9682107977398,39.633596569353,40.5630805370941,39.7832343033042,-0.483234303304158,0.5,0.5,-0.298257808868534,-0.668210797739789,global_k2_t2_e06_a10_b05,session_k3_o06_t2_e08_a35_b075,False,False,0.308832928584014,2.16134911309166
all_real_plus_may133,within_cow_random5,5,StrictFixedDualEnsemble_0p50,1103,93,MAY2026_58,58,may2026_measured_133,real_may_measured,measured,may_hot_air30,may2026_measured_133_S04,34.7,30.0,12,38.7,38.6320744903369,38.6430165045736,38.7873000919875,38.3865123491709,38.6375454974552,0.0624545025447745,0.5,0.5,0.0679255096631124,0.0569834954264365,global_k2_t2_e06_a10_b05,session_k3_o06_t2_e08_a35_b075,False,False,0.2,0.620100981096925
all_real_plus_may133,within_cow_random5,5,StrictFixedDualEnsemble_0p50,1108,64,MAY2026_58,58,may2026_measured_133,real_may_measured,measured,may_other,may2026_measured_133_S03,34.8,29.8,21,38.5,38.8264677878208,39.0149825834912,38.8806620266946,40.0,38.920725185656,-0.420725185655996,0.5,0.5,-0.326467787820789,-0.514982583491204,global_k2_t2_e06_a10_b05,global_k1_t2_e03_a5,False,False,0.338690287890141,0.677380575780281
all_real_plus_may133,within_cow_random5,5,StrictFixedDualEnsemble_0p50,1117,102,MAY2026_60,60,may2026_measured_133,real_may_measured,measured,may_hot_air30,may2026_measured_133_S04,37.1,35.1,14,38.3,38.6014754682574,38.6876822867856,38.744912205714,38.5859402086907,38.6445788775215,-0.344578877521485,0.5,0.5,-0.301475468257394,-0.387682286785576,global_k2_t2_e06_a10_b05,session_k3_o06_t2_e08_a35_b075,False,False,0.169345143945076,0.140233850691695
all_real_plus_may133,within_cow_random5,5,StrictFixedDualEnsemble_0p50,1118,103,MAY2026_60,60,may2026_measured_133,real_may_measured,measured,may_hot_air30,may2026_measured_133_S04,37.7,36.2,15,38.2,38.5710016906028,38.7407834025028,38.7711872558326,38.6867321076943,38.6558925465528,-0.455892546552803,0.5,0.5,-0.371001690602824,-0.540783402502775,global_k2_t2_e06_a10_b05,session_k3_o06_t2_e08_a35_b075,False,False,0.340604038600699,0.89271744938947
all_real_plus_may133,within_cow_random5,5,StrictFixedDualEnsemble_0p50,1122,132,MAY2026_60,60,may2026_measured_133,real_may_measured,measured,may_hot_air30,may2026_measured_133_S05,37.9,35.1,20,38.9,38.9471567472179,38.9823641913266,38.9318951325956,39.072086962404,38.9647604692723,-0.0647604692722652,0.5,0.5,-0.047156747217926,-0.0823641913266115,global_k2_t2_e06_a10_b05,session_k3_o06_t2_e08_a35_b075,False,False,0.568242905807021,0.0
