solid Designed by EasyEDA Pro 
 facet normal -1.000000e+00  0.000000e+00  0.000000e+00
   outer loop
     vertex -3.125005e+00  3.587507e+01  0.000000e+00
     vertex -3.125005e+00  1.125004e+00  0.000000e+00
     vertex -3.125005e+00  1.125004e+00  2.500005e+00
   endloop
 endfacet
 facet normal -1.000000e+00  0.000000e+00  0.000000e+00
   outer loop
     vertex -3.125005e+00  3.587507e+01  0.000000e+00
     vertex -3.125005e+00  1.125004e+00  2.500005e+00
     vertex -3.125005e+00  3.587507e+01  2.500005e+00
   endloop
 endfacet
 facet normal -9.994170e-01 -3.414111e-02  0.000000e+00
   outer loop
     vertex -3.125005e+00  1.125004e+00  0.000000e+00
     vertex -3.115097e+00  8.349729e-01  0.000000e+00
     vertex -3.115097e+00  8.349729e-01  2.500005e+00
   endloop
 endfacet
 facet normal -9.994170e-01 -3.414111e-02  0.000000e+00
   outer loop
     vertex -3.125005e+00  1.125004e+00  0.000000e+00
     vertex -3.115097e+00  8.349729e-01  2.500005e+00
     vertex -3.125005e+00  1.125004e+00  2.500005e+00
   endloop
 endfacet
 facet normal -9.994170e-01  3.414111e-02  0.000000e+00
   outer loop
     vertex -3.115097e+00  3.616510e+01  0.000000e+00
     vertex -3.125005e+00  3.587507e+01  0.000000e+00
     vertex -3.125005e+00  3.587507e+01  2.500005e+00
   endloop
 endfacet
 facet normal -9.994170e-01  3.414111e-02  0.000000e+00
   outer loop
     vertex -3.115097e+00  3.616510e+01  0.000000e+00
     vertex -3.125005e+00  3.587507e+01  2.500005e+00
     vertex -3.115097e+00  3.616510e+01  2.500005e+00
   endloop
 endfacet
 facet normal  0.000000e+00 -0.000000e+00 -1.000000e+00
   outer loop
     vertex  3.146173e+01 -3.651072e-01  0.000000e+00
     vertex  3.234719e+01 -1.325893e+00  0.000000e+00
     vertex  3.136517e+01 -4.616731e-01  0.000000e+00
   endloop
 endfacet
 facet normal  0.000000e+00  0.000000e+00 -1.000000e+00
   outer loop
     vertex  3.146173e+01 -3.651072e-01  0.000000e+00
     vertex  3.250635e+01 -1.083233e+00  0.000000e+00
     vertex  3.234719e+01 -1.325893e+00  0.000000e+00
   endloop
 endfacet
 facet normal  0.000000e+00  0.000000e+00 -1.000000e+00
   outer loop
     vertex  3.126224e+01 -5.514240e-01  0.000000e+00
     vertex  3.136517e+01 -4.616731e-01  0.000000e+00
     vertex  3.234719e+01 -1.325893e+00  0.000000e+00
   endloop
 endfacet
 facet normal  0.000000e+00  0.000000e+00 -1.000000e+00
   outer loop
     vertex  3.126224e+01 -5.514240e-01  0.000000e+00
     vertex  3.234719e+01 -1.325893e+00  0.000000e+00
     vertex  3.217184e+01 -1.557126e+00  0.000000e+00
   endloop
 endfacet
 facet normal  0.000000e+00 -0.000000e+00 -1.000000e+00
   outer loop
     vertex  3.155148e+01 -2.621766e-01  0.000000e+00
     vertex  3.250635e+01 -1.083233e+00  0.000000e+00
     vertex  3.146173e+01 -3.651072e-01  0.000000e+00
   endloop
 endfacet
 facet normal  0.000000e+00  0.000000e+00 -1.000000e+00
   outer loop
     vertex  3.155148e+01 -2.621766e-01  0.000000e+00
     vertex  3.264858e+01 -8.302767e-01  0.000000e+00
     vertex  3.250635e+01 -1.083233e+00  0.000000e+00
   endloop
 endfacet
 facet normal  0.000000e+00  0.000000e+00 -1.000000e+00
   outer loop
     vertex  3.115342e+01 -6.339414e-01  0.000000e+00
     vertex  3.126224e+01 -5.514240e-01  0.000000e+00
     vertex  3.217184e+01 -1.557126e+00  0.000000e+00
   endloop
 endfacet
 facet normal  0.000000e+00  0.000000e+00 -1.000000e+00
   outer loop
     vertex  3.115342e+01 -6.339414e-01  0.000000e+00
     vertex  3.217184e+01 -1.557126e+00  0.000000e+00
     vertex  3.198112e+01 -1.775853e+00  0.000000e+00
   endloop
 endfacet
 facet normal  0.000000e+00 -0.000000e+00 -1.000000e+00
   outer loop
     vertex  3.163400e+01 -1.533610e-01  0.000000e+00
     vertex  3.264858e+01 -8.302767e-01  0.000000e+00
     vertex  3.155148e+01 -2.621766e-01  0.000000e+00
   endloop
 endfacet
 facet normal  0.000000e+00  0.000000e+00 -1.000000e+00
   outer loop
     vertex  3.163400e+01 -1.533610e-01  0.000000e+00
     vertex  3.277321e+01 -5.682044e-01  0.000000e+00
     vertex  3.264858e+01 -8.302767e-01  0.000000e+00
   endloop
 endfacet
 facet normal  0.000000e+00 -0.000000e+00 -1.000000e+00
   outer loop
     vertex  3.170890e+01 -3.916800e-02  0.000000e+00
     vertex  3.277321e+01 -5.682044e-01  0.000000e+00
     vertex  3.163400e+01 -1.533610e-01  0.000000e+00
   endloop
 endfacet
 facet normal  0.000000e+00  0.000000e+00 -1.000000e+00
   outer loop
     vertex  3.103923e+01 -7.088406e-01  0.000000e+00
     vertex  3.115342e+01 -6.339414e-01  0.000000e+00
     vertex  3.198112e+01 -1.775853e+00  0.000000e+00
   endloop
 endfacet
 facet normal  0.000000e+00  0.000000e+00 -1.000000e+00
   outer loop
     vertex  3.103923e+01 -7.088406e-01  0.000000e+00
     vertex  3.198112e+01 -1.775853e+00  0.000000e+00
     vertex  3.177591e+01 -1.981056e+00  0.000000e+00
   endloop
 endfacet
 facet normal  0.000000e+00  0.000000e+00 -1.000000e+00
   outer loop
     vertex  3.177583e+01  7.987013e-02  0.000000e+00
     vertex  3.287967e+01 -2.982375e-01  0.000000e+00
     vertex  3.277321e+01 -5.682044e-01  0.000000e+00
   endloop
 endfacet
 facet normal  0.000000e+00 -0.000000e+00 -1.000000e+00
   outer loop
     vertex  3.177583e+01  7.987013e-02  0.000000e+00
     vertex  3.277321e+01 -5.682044e-01  0.000000e+00
     vertex  3.170890e+01 -3.916800e-02  0.000000e+00
   endloop
 endfacet
 facet normal  0.000000e+00  0.000000e+00 -1.000000e+00
   outer loop
     vertex  3.092019e+01 -7.757724e-01  0.000000e+00
     vertex  3.103923e+01 -7.088406e-01  0.000000e+00
     vertex  3.177591e+01 -1.981056e+00  0.000000e+00
   endloop
 endfacet
 facet normal  0.000000e+00  0.000000e+00 -1.000000e+00
   outer loop
     vertex  3.079686e+01 -8.344247e-01  0.000000e+00
     vertex  3.092019e+01 -7.757724e-01  0.000000e+00
     vertex  3.177591e+01 -1.981056e+00  0.000000e+00
   endloop
 endfacet
 facet normal  0.000000e+00  0.000000e+00 -1.000000e+00
   outer loop
     vertex  3.079686e+01 -8.344247e-01  0.000000e+00
     vertex  3.177591e+01 -1.981056e+00  0.000000e+00
     vertex  3.155719e+01 -2.171776e+00  0.000000e+00
   endloop
 endfacet
 facet normal  0.000000e+00  0.000000e+00 -1.000000e+00
   outer loop
     vertex  3.183449e+01  2.031983e-01  0.000000e+00
     vertex  3.296746e+01 -2.163487e-02  0.000000e+00
     vertex  3.287967e+01 -2.982375e-01  0.000000e+00
   endloop
 endfacet
 facet normal  0.000000e+00 -0.000000e+00 -1.000000e+00
   outer loop
     vertex  3.183449e+01  2.031983e-01  0.000000e+00
     vertex  3.287967e+01 -2.982375e-01  0.000000e+00
     vertex  3.177583e+01  7.987013e-02  0.000000e+00
   endloop
 endfacet
 facet normal  0.000000e+00  0.000000e+00 -1.000000e+00
   outer loop
     vertex  3.066982e+01 -8.845241e-01  0.000000e+00
     vertex  3.079686e+01 -8.344247e-01  0.000000e+00
     vertex  3.155719e+01 -2.171776e+00  0.000000e+00
   endloop
 endfacet
 facet normal  0.000000e+00  0.000000e+00 -1.000000e+00
   outer loop
     vertex  3.066982e+01 -8.845241e-01  0.000000e+00
     vertex  3.155719e+01 -2.171776e+00  0.000000e+00
     vertex  3.132595e+01 -2.347125e+00  0.000000e+00
   endloop
 endfacet
 facet normal  0.000000e+00 -0.000000e+00 -1.000000e+00
   outer loop
     vertex  3.188459e+01  3.302416e-01  0.000000e+00
     vertex  3.296746e+01 -2.163487e-02  0.000000e+00
     vertex  3.183449e+01  2.031983e-01  0.000000e+00
   endloop
 endfacet
 facet normal  0.000000e+00  0.000000e+00 -1.000000e+00
   outer loop
     vertex  3.192590e+01  4.604076e-01  0.000000e+00
     vertex  3.303617e+01  2.603139e-01  0.000000e+00
     vertex  3.296746e+01 -2.163487e-02  0.000000e+00
   endloop
 endfacet
 facet normal  0.000000e+00 -0.000000e+00 -1.000000e+00
   outer loop
     vertex  3.192590e+01  4.604076e-01  0.000000e+00
     vertex  3.296746e+01 -2.163487e-02  0.000000e+00
     vertex  3.188459e+01  3.302416e-01  0.000000e+00
   endloop
 endfacet
 facet normal  0.000000e+00  0.000000e+00 -1.000000e+00
   outer loop
     vertex  3.053965e+01 -9.258369e-01  0.000000e+00
     vertex  3.066982e+01 -8.845241e-01  0.000000e+00
     vertex  3.132595e+01 -2.347125e+00  0.000000e+00
   endloop
 endfacet
 facet normal  0.000000e+00  0.000000e+00 -1.000000e+00
   outer loop
     vertex  3.053965e+01 -9.258369e-01  0.000000e+00
     vertex  3.132595e+01 -2.347125e+00  0.000000e+00
     vertex  3.108329e+01 -2.506286e+00  0.000000e+00
   endloop
 endfacet
 facet normal  0.000000e+00 -0.000000e+00 -1.000000e+00
   outer loop
     vertex  3.195823e+01  5.930895e-01  0.000000e+00
     vertex  3.303617e+01  2.603139e-01  0.000000e+00
     vertex  3.192590e+01  4.604076e-01  0.000000e+00
   endloop
 endfacet
 facet normal  0.000000e+00  0.000000e+00 -1.000000e+00
   outer loop
     vertex  3.195823e+01  5.930895e-01  0.000000e+00
     vertex  3.308548e+01  5.462943e-01  0.000000e+00
     vertex  3.303617e+01  2.603139e-01  0.000000e+00
   endloop
 endfacet
 facet normal  0.000000e+00  0.000000e+00 -1.000000e+00
   outer loop
     vertex  3.040697e+01 -9.581706e-01  0.000000e+00
     vertex  3.053965e+01 -9.258369e-01  0.000000e+00
     vertex  3.108329e+01 -2.506286e+00  0.000000e+00
   endloop
 endfacet
 facet normal  0.000000e+00  0.000000e+00 -1.000000e+00
   outer loop
     vertex  3.040697e+01 -9.581706e-01  0.000000e+00
     vertex  3.108329e+01 -2.506286e+00  0.000000e+00
     vertex  3.083034e+01 -2.648516e+00  0.000000e+00
   endloop
 endfacet
 facet normal  0.000000e+00  0.000000e+00 -1.000000e+00
   outer loop
     vertex  3.027239e+01 -9.813744e-01  0.000000e+00
     vertex  3.040697e+01 -9.581706e-01  0.000000e+00
     vertex  3.083034e+01 -2.648516e+00  0.000000e+00
   endloop
 endfacet
 facet normal  0.000000e+00  0.000000e+00 -1.000000e+00
   outer loop
     vertex  3.027239e+01 -9.813744e-01  0.000000e+00
     vertex  3.083034e+01 -2.648516e+00  0.000000e+00
     vertex  3.056827e+01 -2.773152e+00  0.000000e+00
   endloop
 endfacet
 facet normal  0.000000e+00 -0.000000e+00 -1.000000e+00
   outer loop
     vertex  3.198144e+01  7.276686e-01  0.000000e+00
     vertex  3.308548e+01  5.462943e-01  0.000000e+00
     vertex  3.195823e+01  5.930895e-01  0.000000e+00
   endloop
 endfacet
 facet normal  0.000000e+00  0.000000e+00 -1.000000e+00
   outer loop
     vertex  3.199540e+01  8.635174e-01  0.000000e+00
     vertex  3.311516e+01  8.349729e-01  0.000000e+00
     vertex  3.308548e+01  5.462943e-01  0.000000e+00
   endloop
 endfacet
 facet normal  0.000000e+00 -0.000000e+00 -1.000000e+00
   outer loop
     vertex  3.199540e+01  8.635174e-01  0.000000e+00
     vertex  3.308548e+01  5.462943e-01  0.000000e+00
     vertex  3.198144e+01  7.276686e-01  0.000000e+00
   endloop
 endfacet
 facet normal  0.000000e+00  0.000000e+00 -1.000000e+00
   outer loop
     vertex  3.013654e+01 -9.953401e-01  0.000000e+00
     vertex  3.027239e+01 -9.813744e-01  0.000000e+00
     vertex  3.056827e+01 -2.773152e+00  0.000000e+00
   endloop
 endfacet
 facet normal  0.000000e+00  0.000000e+00 -1.000000e+00
   outer loop
     vertex  3.000006e+01 -1.000003e+00  0.000000e+00
     vertex  3.056827e+01 -2.773152e+00  0.000000e+00
     vertex  3.029830e+01 -2.879613e+00  0.000000e+00
   endloop
 endfacet
 facet normal  0.000000e+00  0.000000e+00 -1.000000e+00
   outer loop
     vertex  3.000006e+01 -1.000003e+00  0.000000e+00
     vertex  3.029830e+01 -2.879613e+00  0.000000e+00
     vertex  3.002170e+01 -2.967403e+00  0.000000e+00
   endloop
 endfacet
 facet normal  0.000000e+00 -0.000000e+00 -1.000000e+00
   outer loop
     vertex  3.000006e+01 -1.000003e+00  0.000000e+00
     vertex  3.002170e+01 -2.967403e+00  0.000000e+00
     vertex  2.973975e+01 -3.036112e+00  0.000000e+00
   endloop
 endfacet
 facet normal  0.000000e+00  0.000000e+00 -1.000000e+00
   outer loop
     vertex  3.000006e+01 -1.000003e+00  0.000000e+00
     vertex  2.973975e+01 -3.036112e+00  0.000000e+00
     vertex  2.945377e+01 -3.085420e+00  0.000000e+00
   endloop
 endfacet
 facet normal  0.000000e+00  0.000000e+00 -1.000000e+00
   outer loop
     vertex  3.000006e+01 -1.000003e+00  0.000000e+00
     vertex  2.945377e+01 -3.085420e+00  0.000000e+00
     vertex  2.916509e+01 -3.115097e+00  0.000000e+00
   endloop
 endfacet
 facet normal  0.000000e+00  0.000000e+00 -1.000000e+00
   outer loop
     vertex  3.000006e+01 -1.000003e+00  0.000000e+00
     vertex  3.013654e+01 -9.953401e-01  0.000000e+00
     vertex  3.056827e+01 -2.773152e+00  0.000000e+00
   endloop
 endfacet
 facet normal  0.000000e+00  0.000000e+00 -1.000000e+00
   outer loop
     vertex  3.000006e+01 -1.000003e+00  0.000000e+00
     vertex  2.916509e+01 -3.115097e+00  0.000000e+00
     vertex  2.887506e+01 -3.125005e+00  0.000000e+00
   endloop
 endfacet
 facet normal  0.000000e+00 -0.000000e+00 -1.000000e+00
   outer loop
     vertex  3.200006e+01  1.000003e+00  0.000000e+00
     vertex  3.311516e+01  8.349729e-01  0.000000e+00
     vertex  3.199540e+01  8.635174e-01  0.000000e+00
   endloop
 endfacet
 facet normal  0.000000e+00  0.000000e+00 -1.000000e+00
   outer loop
     vertex  3.200006e+01  1.000003e+00  0.000000e+00
     vertex  3.312507e+01  1.125004e+00  0.000000e+00
     vertex  3.311516e+01  8.349729e-01  0.000000e+00
   endloop
 endfacet
 facet normal  0.000000e+00  0.000000e+00 -1.000000e+00
   outer loop
     vertex  3.200006e+01  2.100004e+01  0.000000e+00
     vertex  3.312507e+01  1.125004e+00  0.000000e+00
     vertex  3.200006e+01  1.000003e+00  0.000000e+00
   endloop
 endfacet
 facet normal  0.000000e+00  0.000000e+00 -1.000000e+00
   outer loop
     vertex  1.125004e+00 -3.125005e+00  0.000000e+00
     vertex  3.000006e+01 -1.000003e+00  0.000000e+00
     vertex  2.887506e+01 -3.125005e+00  0.000000e+00
   endloop
 endfacet
 facet normal  0.000000e+00  0.000000e+00 -1.000000e+00
   outer loop
     vertex  2.255978e-16 -1.000003e+00  0.000000e+00
     vertex  3.000006e+01 -1.000003e+00  0.000000e+00
     vertex  1.125004e+00 -3.125005e+00  0.000000e+00
   endloop
 endfacet
 facet normal  0.000000e+00  0.000000e+00 -1.000000e+00
   outer loop
     vertex  2.255978e-16 -1.000003e+00  0.000000e+00
     vertex  1.125004e+00 -3.125005e+00  0.000000e+00
     vertex  8.349729e-01 -3.115097e+00  0.000000e+00
   endloop
 endfacet
 facet normal  0.000000e+00  0.000000e+00 -1.000000e+00
   outer loop
     vertex  2.255978e-16 -1.000003e+00  0.000000e+00
     vertex  8.349729e-01 -3.115097e+00  0.000000e+00
     vertex  5.462943e-01 -3.085420e+00  0.000000e+00
   endloop
 endfacet
 facet normal  0.000000e+00  0.000000e+00 -1.000000e+00
   outer loop
     vertex  2.255978e-16 -1.000003e+00  0.000000e+00
     vertex  5.462943e-01 -3.085420e+00  0.000000e+00
     vertex  2.603139e-01 -3.036112e+00  0.000000e+00
   endloop
 endfacet
 facet normal  0.000000e+00 -0.000000e+00 -1.000000e+00
   outer loop
     vertex  2.255978e-16 -1.000003e+00  0.000000e+00
     vertex  2.603139e-01 -3.036112e+00  0.000000e+00
     vertex -2.163487e-02 -2.967403e+00  0.000000e+00
   endloop
 endfacet
 facet normal  0.000000e+00  0.000000e+00 -1.000000e+00
   outer loop
     vertex  2.255978e-16 -1.000003e+00  0.000000e+00
     vertex -2.163487e-02 -2.967403e+00  0.000000e+00
     vertex -2.982375e-01 -2.879613e+00  0.000000e+00
   endloop
 endfacet
 facet normal  0.000000e+00  0.000000e+00 -1.000000e+00
   outer loop
     vertex  2.255978e-16 -1.000003e+00  0.000000e+00
     vertex -2.982375e-01 -2.879613e+00  0.000000e+00
     vertex -5.682044e-01 -2.773152e+00  0.000000e+00
   endloop
 endfacet
 facet normal  0.000000e+00 -0.000000e+00 -1.000000e+00
   outer loop
     vertex -1.364852e-01 -9.953401e-01  0.000000e+00
     vertex  2.255978e-16 -1.000003e+00  0.000000e+00
     vertex -5.682044e-01 -2.773152e+00  0.000000e+00
   endloop
 endfacet
 facet normal  0.000000e+00 -0.000000e+00 -1.000000e+00
   outer loop
     vertex -2.723340e-01 -9.813744e-01  0.000000e+00
     vertex -1.364852e-01 -9.953401e-01  0.000000e+00
     vertex -5.682044e-01 -2.773152e+00  0.000000e+00
   endloop
 endfacet
 facet normal  0.000000e+00  0.000000e+00 -1.000000e+00
   outer loop
     vertex -2.723340e-01 -9.813744e-01  0.000000e+00
     vertex -5.682044e-01 -2.773152e+00  0.000000e+00
     vertex -8.302767e-01 -2.648516e+00  0.000000e+00
   endloop
 endfacet
 facet normal  0.000000e+00 -0.000000e+00 -1.000000e+00
   outer loop
     vertex -4.069131e-01 -9.581706e-01  0.000000e+00
     vertex -2.723340e-01 -9.813744e-01  0.000000e+00
     vertex -8.302767e-01 -2.648516e+00  0.000000e+00
   endloop
 endfacet
 facet normal  0.000000e+00  0.000000e+00 -1.000000e+00
   outer loop
     vertex -4.069131e-01 -9.581706e-01  0.000000e+00
     vertex -8.302767e-01 -2.648516e+00  0.000000e+00
     vertex -1.083233e+00 -2.506286e+00  0.000000e+00
   endloop
 endfacet
 facet normal  0.000000e+00 -0.000000e+00 -1.000000e+00
   outer loop
     vertex -5.395949e-01 -9.258369e-01  0.000000e+00
     vertex -4.069131e-01 -9.581706e-01  0.000000e+00
     vertex -1.083233e+00 -2.506286e+00  0.000000e+00
   endloop
 endfacet
 facet normal  0.000000e+00  0.000000e+00 -1.000000e+00
   outer loop
     vertex -5.395949e-01 -9.258369e-01  0.000000e+00
     vertex -1.083233e+00 -2.506286e+00  0.000000e+00
     vertex -1.325893e+00 -2.347125e+00  0.000000e+00
   endloop
 endfacet
 facet normal  0.000000e+00 -0.000000e+00 -1.000000e+00
   outer loop
     vertex -6.697609e-01 -8.845241e-01  0.000000e+00
     vertex -5.395949e-01 -9.258369e-01  0.000000e+00
     vertex -1.325893e+00 -2.347125e+00  0.000000e+00
   endloop
 endfacet
 facet normal  0.000000e+00  0.000000e+00 -1.000000e+00
   outer loop
     vertex -6.697609e-01 -8.845241e-01  0.000000e+00
     vertex -1.325893e+00 -2.347125e+00  0.000000e+00
     vertex -1.557126e+00 -2.171776e+00  0.000000e+00
   endloop
 endfacet
 facet normal  0.000000e+00 -0.000000e+00 -1.000000e+00
   outer loop
     vertex -7.968042e-01 -8.344247e-01  0.000000e+00
     vertex -6.697609e-01 -8.845241e-01  0.000000e+00
     vertex -1.557126e+00 -2.171776e+00  0.000000e+00
   endloop
 endfacet
 facet normal  0.000000e+00  0.000000e+00 -1.000000e+00
   outer loop
     vertex -7.968042e-01 -8.344247e-01  0.000000e+00
     vertex -1.557126e+00 -2.171776e+00  0.000000e+00
     vertex -1.775853e+00 -1.981056e+00  0.000000e+00
   endloop
 endfacet
 facet normal  0.000000e+00 -0.000000e+00 -1.000000e+00
   outer loop
     vertex -9.201324e-01 -7.757724e-01  0.000000e+00
     vertex -7.968042e-01 -8.344247e-01  0.000000e+00
     vertex -1.775853e+00 -1.981056e+00  0.000000e+00
   endloop
 endfacet
 facet normal  0.000000e+00 -0.000000e+00 -1.000000e+00
   outer loop
     vertex -1.039171e+00 -7.088406e-01  0.000000e+00
     vertex -9.201324e-01 -7.757724e-01  0.000000e+00
     vertex -1.775853e+00 -1.981056e+00  0.000000e+00
   endloop
 endfacet
 facet normal  0.000000e+00  0.000000e+00 -1.000000e+00
   outer loop
     vertex -1.039171e+00 -7.088406e-01  0.000000e+00
     vertex -1.775853e+00 -1.981056e+00  0.000000e+00
     vertex -1.981056e+00 -1.775853e+00  0.000000e+00
   endloop
 endfacet
 facet normal  0.000000e+00 -0.000000e+00 -1.000000e+00
   outer loop
     vertex -1.153364e+00 -6.339414e-01  0.000000e+00
     vertex -1.039171e+00 -7.088406e-01  0.000000e+00
     vertex -1.981056e+00 -1.775853e+00  0.000000e+00
   endloop
 endfacet
 facet normal  0.000000e+00  0.000000e+00 -1.000000e+00
   outer loop
     vertex -2.171776e+00 -1.557126e+00  0.000000e+00
     vertex -1.153364e+00 -6.339414e-01  0.000000e+00
     vertex -1.981056e+00 -1.775853e+00  0.000000e+00
   endloop
 endfacet
 facet normal  0.000000e+00 -0.000000e+00 -1.000000e+00
   outer loop
     vertex -1.262179e+00 -5.514240e-01  0.000000e+00
     vertex -1.153364e+00 -6.339414e-01  0.000000e+00
     vertex -2.171776e+00 -1.557126e+00  0.000000e+00
   endloop
 endfacet
 facet normal  0.000000e+00  0.000000e+00 -1.000000e+00
   outer loop
     vertex -2.347125e+00 -1.325893e+00  0.000000e+00
     vertex -1.365110e+00 -4.616731e-01  0.000000e+00
     vertex -1.262179e+00 -5.514240e-01  0.000000e+00
   endloop
 endfacet
 facet normal  0.000000e+00  0.000000e+00 -1.000000e+00
   outer loop
     vertex -2.347125e+00 -1.325893e+00  0.000000e+00
     vertex -1.262179e+00 -5.514240e-01  0.000000e+00
     vertex -2.171776e+00 -1.557126e+00  0.000000e+00
   endloop
 endfacet
 facet normal  0.000000e+00 -0.000000e+00 -1.000000e+00
   outer loop
     vertex -1.461676e+00 -3.651072e-01  0.000000e+00
     vertex -1.365110e+00 -4.616731e-01  0.000000e+00
     vertex -2.347125e+00 -1.325893e+00  0.000000e+00
   endloop
 endfacet
 facet normal  0.000000e+00  0.000000e+00 -1.000000e+00
   outer loop
     vertex -2.506286e+00 -1.083233e+00  0.000000e+00
     vertex -1.551427e+00 -2.621766e-01  0.000000e+00
     vertex -1.461676e+00 -3.651072e-01  0.000000e+00
   endloop
 endfacet
 facet normal  0.000000e+00  0.000000e+00 -1.000000e+00
   outer loop
     vertex -2.506286e+00 -1.083233e+00  0.000000e+00
     vertex -1.461676e+00 -3.651072e-01  0.000000e+00
     vertex -2.347125e+00 -1.325893e+00  0.000000e+00
   endloop
 endfacet
 facet normal  0.000000e+00  0.000000e+00 -1.000000e+00
   outer loop
     vertex -2.648516e+00 -8.302767e-01  0.000000e+00
     vertex -1.633944e+00 -1.533610e-01  0.000000e+00
     vertex -1.551427e+00 -2.621766e-01  0.000000e+00
   endloop
 endfacet
 facet normal  0.000000e+00  0.000000e+00 -1.000000e+00
   outer loop
     vertex -2.648516e+00 -8.302767e-01  0.000000e+00
     vertex -1.551427e+00 -2.621766e-01  0.000000e+00
     vertex -2.506286e+00 -1.083233e+00  0.000000e+00
   endloop
 endfacet
 facet normal  0.000000e+00  0.000000e+00 -1.000000e+00
   outer loop
     vertex -2.773152e+00 -5.682044e-01  0.000000e+00
     vertex -1.775775e+00  7.987013e-02  0.000000e+00
     vertex -1.708843e+00 -3.916800e-02  0.000000e+00
   endloop
 endfacet
 facet normal  0.000000e+00  0.000000e+00 -1.000000e+00
   outer loop
     vertex -2.773152e+00 -5.682044e-01  0.000000e+00
     vertex -1.708843e+00 -3.916800e-02  0.000000e+00
     vertex -1.633944e+00 -1.533610e-01  0.000000e+00
   endloop
 endfacet
 facet normal  0.000000e+00  0.000000e+00 -1.000000e+00
   outer loop
     vertex -2.773152e+00 -5.682044e-01  0.000000e+00
     vertex -1.633944e+00 -1.533610e-01  0.000000e+00
     vertex -2.648516e+00 -8.302767e-01  0.000000e+00
   endloop
 endfacet
 facet normal  0.000000e+00  0.000000e+00 -1.000000e+00
   outer loop
     vertex -2.879613e+00 -2.982375e-01  0.000000e+00
     vertex -1.834427e+00  2.031983e-01  0.000000e+00
     vertex -1.775775e+00  7.987013e-02  0.000000e+00
   endloop
 endfacet
 facet normal  0.000000e+00  0.000000e+00 -1.000000e+00
   outer loop
     vertex -2.879613e+00 -2.982375e-01  0.000000e+00
     vertex -1.775775e+00  7.987013e-02  0.000000e+00
     vertex -2.773152e+00 -5.682044e-01  0.000000e+00
   endloop
 endfacet
 facet normal  0.000000e+00  0.000000e+00 -1.000000e+00
   outer loop
     vertex  3.312507e+01  3.587507e+01  0.000000e+00
     vertex  3.199540e+01  2.113653e+01  0.000000e+00
     vertex  3.198144e+01  2.127237e+01  0.000000e+00
   endloop
 endfacet
 facet normal  0.000000e+00  0.000000e+00 -1.000000e+00
   outer loop
     vertex  3.312507e+01  3.587507e+01  0.000000e+00
     vertex  3.198144e+01  2.127237e+01  0.000000e+00
     vertex  3.195823e+01  2.140695e+01  0.000000e+00
   endloop
 endfacet
 facet normal  0.000000e+00  0.000000e+00 -1.000000e+00
   outer loop
     vertex  3.312507e+01  3.587507e+01  0.000000e+00
     vertex  3.195823e+01  2.140695e+01  0.000000e+00
     vertex  3.192590e+01  2.153964e+01  0.000000e+00
   endloop
 endfacet
 facet normal  0.000000e+00  0.000000e+00 -1.000000e+00
   outer loop
     vertex  3.312507e+01  3.587507e+01  0.000000e+00
     vertex  3.192590e+01  2.153964e+01  0.000000e+00
     vertex  3.188459e+01  2.166980e+01  0.000000e+00
   endloop
 endfacet
 facet normal  0.000000e+00  0.000000e+00 -1.000000e+00
   outer loop
     vertex  3.312507e+01  3.587507e+01  0.000000e+00
     vertex  3.188459e+01  2.166980e+01  0.000000e+00
     vertex  3.183449e+01  2.179684e+01  0.000000e+00
   endloop
 endfacet
 facet normal  0.000000e+00  0.000000e+00 -1.000000e+00
   outer loop
     vertex  3.312507e+01  3.587507e+01  0.000000e+00
     vertex  3.183449e+01  2.179684e+01  0.000000e+00
     vertex  3.177583e+01  2.192017e+01  0.000000e+00
   endloop
 endfacet
 facet normal  0.000000e+00  0.000000e+00 -1.000000e+00
   outer loop
     vertex  3.312507e+01  3.587507e+01  0.000000e+00
     vertex  3.177583e+01  2.192017e+01  0.000000e+00
     vertex  3.170890e+01  2.203921e+01  0.000000e+00
   endloop
 endfacet
 facet normal  0.000000e+00  0.000000e+00 -1.000000e+00
   outer loop
     vertex  3.312507e+01  3.587507e+01  0.000000e+00
     vertex  3.170890e+01  2.203921e+01  0.000000e+00
     vertex  3.163400e+01  2.215340e+01  0.000000e+00
   endloop
 endfacet
 facet normal  0.000000e+00  0.000000e+00 -1.000000e+00
   outer loop
     vertex  3.312507e+01  3.587507e+01  0.000000e+00
     vertex  3.163400e+01  2.215340e+01  0.000000e+00
     vertex  3.155148e+01  2.226222e+01  0.000000e+00
   endloop
 endfacet
 facet normal  0.000000e+00  0.000000e+00 -1.000000e+00
   outer loop
     vertex  3.312507e+01  3.587507e+01  0.000000e+00
     vertex  3.155148e+01  2.226222e+01  0.000000e+00
     vertex  3.146173e+01  2.236515e+01  0.000000e+00
   endloop
 endfacet
 facet normal  0.000000e+00  0.000000e+00 -1.000000e+00
   outer loop
     vertex  3.312507e+01  3.587507e+01  0.000000e+00
     vertex  3.146173e+01  2.236515e+01  0.000000e+00
     vertex  3.136517e+01  2.246172e+01  0.000000e+00
   endloop
 endfacet
 facet normal  0.000000e+00  0.000000e+00 -1.000000e+00
   outer loop
     vertex  3.312507e+01  3.587507e+01  0.000000e+00
     vertex  3.136517e+01  2.246172e+01  0.000000e+00
     vertex  3.126224e+01  2.255147e+01  0.000000e+00
   endloop
 endfacet
 facet normal  0.000000e+00  0.000000e+00 -1.000000e+00
   outer loop
     vertex  3.312507e+01  3.587507e+01  0.000000e+00
     vertex  3.126224e+01  2.255147e+01  0.000000e+00
     vertex  3.115342e+01  2.263398e+01  0.000000e+00
   endloop
 endfacet
 facet normal  0.000000e+00  0.000000e+00 -1.000000e+00
   outer loop
     vertex  3.312507e+01  3.587507e+01  0.000000e+00
     vertex  3.115342e+01  2.263398e+01  0.000000e+00
     vertex  3.103923e+01  2.270888e+01  0.000000e+00
   endloop
 endfacet
 facet normal  0.000000e+00  0.000000e+00 -1.000000e+00
   outer loop
     vertex  3.312507e+01  3.587507e+01  0.000000e+00
     vertex  3.103923e+01  2.270888e+01  0.000000e+00
     vertex  3.092019e+01  2.277582e+01  0.000000e+00
   endloop
 endfacet
 facet normal  0.000000e+00  0.000000e+00 -1.000000e+00
   outer loop
     vertex  3.312507e+01  3.587507e+01  0.000000e+00
     vertex  3.092019e+01  2.277582e+01  0.000000e+00
     vertex  3.079686e+01  2.283447e+01  0.000000e+00
   endloop
 endfacet
 facet normal  0.000000e+00  0.000000e+00 -1.000000e+00
   outer loop
     vertex  3.312507e+01  3.587507e+01  0.000000e+00
     vertex  3.079686e+01  2.283447e+01  0.000000e+00
     vertex  3.066982e+01  2.288457e+01  0.000000e+00
   endloop
 endfacet
 facet normal  0.000000e+00  0.000000e+00 -1.000000e+00
   outer loop
     vertex  3.312507e+01  3.587507e+01  0.000000e+00
     vertex  3.066982e+01  2.288457e+01  0.000000e+00
     vertex  3.053965e+01  2.292588e+01  0.000000e+00
   endloop
 endfacet
 facet normal  0.000000e+00  0.000000e+00 -1.000000e+00
   outer loop
     vertex  3.312507e+01  3.587507e+01  0.000000e+00
     vertex  3.053965e+01  2.292588e+01  0.000000e+00
     vertex  3.040697e+01  2.295821e+01  0.000000e+00
   endloop
 endfacet
 facet normal  0.000000e+00  0.000000e+00 -1.000000e+00
   outer loop
     vertex  3.312507e+01  3.587507e+01  0.000000e+00
     vertex  3.040697e+01  2.295821e+01  0.000000e+00
     vertex  3.027239e+01  2.298142e+01  0.000000e+00
   endloop
 endfacet
 facet normal  0.000000e+00  0.000000e+00 -1.000000e+00
   outer loop
     vertex  3.312507e+01  3.587507e+01  0.000000e+00
     vertex  3.027239e+01  2.298142e+01  0.000000e+00
     vertex  3.013654e+01  2.299538e+01  0.000000e+00
   endloop
 endfacet
 facet normal  0.000000e+00  0.000000e+00 -1.000000e+00
   outer loop
     vertex  3.312507e+01  3.587507e+01  0.000000e+00
     vertex  3.013654e+01  2.299538e+01  0.000000e+00
     vertex  3.000006e+01  2.300005e+01  0.000000e+00
   endloop
 endfacet
 facet normal  0.000000e+00  0.000000e+00 -1.000000e+00
   outer loop
     vertex -2.967403e+00 -2.163487e-02  0.000000e+00
     vertex -1.925839e+00  4.604076e-01  0.000000e+00
     vertex -1.884527e+00  3.302416e-01  0.000000e+00
   endloop
 endfacet
 facet normal  0.000000e+00  0.000000e+00 -1.000000e+00
   outer loop
     vertex -2.967403e+00 -2.163487e-02  0.000000e+00
     vertex -1.884527e+00  3.302416e-01  0.000000e+00
     vertex -1.834427e+00  2.031983e-01  0.000000e+00
   endloop
 endfacet
 facet normal  0.000000e+00  0.000000e+00 -1.000000e+00
   outer loop
     vertex -2.967403e+00 -2.163487e-02  0.000000e+00
     vertex -1.834427e+00  2.031983e-01  0.000000e+00
     vertex -2.879613e+00 -2.982375e-01  0.000000e+00
   endloop
 endfacet
 facet normal  0.000000e+00  0.000000e+00 -1.000000e+00
   outer loop
     vertex -3.036112e+00  2.603139e-01  0.000000e+00
     vertex -1.958173e+00  5.930895e-01  0.000000e+00
     vertex -1.925839e+00  4.604076e-01  0.000000e+00
   endloop
 endfacet
 facet normal  0.000000e+00  0.000000e+00 -1.000000e+00
   outer loop
     vertex -3.036112e+00  2.603139e-01  0.000000e+00
     vertex -1.925839e+00  4.604076e-01  0.000000e+00
     vertex -2.967403e+00 -2.163487e-02  0.000000e+00
   endloop
 endfacet
 facet normal  0.000000e+00  0.000000e+00 -1.000000e+00
   outer loop
     vertex  3.308548e+01  3.645378e+01  0.000000e+00
     vertex  3.311516e+01  3.616510e+01  0.000000e+00
     vertex  3.312507e+01  3.587507e+01  0.000000e+00
   endloop
 endfacet
 facet normal  0.000000e+00  0.000000e+00 -1.000000e+00
   outer loop
     vertex -3.085420e+00  5.462943e-01  0.000000e+00
     vertex -1.958173e+00  5.930895e-01  0.000000e+00
     vertex -3.036112e+00  2.603139e-01  0.000000e+00
   endloop
 endfacet
 facet normal  0.000000e+00  0.000000e+00 -1.000000e+00
   outer loop
     vertex -3.085420e+00  5.462943e-01  0.000000e+00
     vertex -1.995343e+00  8.635174e-01  0.000000e+00
     vertex -1.981377e+00  7.276686e-01  0.000000e+00
   endloop
 endfacet
 facet normal  0.000000e+00  0.000000e+00 -1.000000e+00
   outer loop
     vertex -3.085420e+00  5.462943e-01  0.000000e+00
     vertex -1.981377e+00  7.276686e-01  0.000000e+00
     vertex -1.958173e+00  5.930895e-01  0.000000e+00
   endloop
 endfacet
 facet normal  0.000000e+00  0.000000e+00 -1.000000e+00
   outer loop
     vertex -3.115097e+00  8.349729e-01  0.000000e+00
     vertex -1.995343e+00  8.635174e-01  0.000000e+00
     vertex -3.085420e+00  5.462943e-01  0.000000e+00
   endloop
 endfacet
 facet normal  0.000000e+00  0.000000e+00 -1.000000e+00
   outer loop
     vertex -3.115097e+00  8.349729e-01  0.000000e+00
     vertex -2.000005e+00  1.000003e+00  0.000000e+00
     vertex -1.995343e+00  8.635174e-01  0.000000e+00
   endloop
 endfacet
 facet normal  0.000000e+00  0.000000e+00 -1.000000e+00
   outer loop
     vertex  2.100004e+01  2.500005e+01  0.000000e+00
     vertex  3.312507e+01  3.587507e+01  0.000000e+00
     vertex  3.000006e+01  2.300005e+01  0.000000e+00
   endloop
 endfacet
 facet normal  0.000000e+00  0.000000e+00 -1.000000e+00
   outer loop
     vertex -3.125005e+00  1.125004e+00  0.000000e+00
     vertex -2.000005e+00  1.000003e+00  0.000000e+00
     vertex -3.115097e+00  8.349729e-01  0.000000e+00
   endloop
 endfacet
 facet normal  0.000000e+00  0.000000e+00 -1.000000e+00
   outer loop
     vertex  3.277321e+01  3.756828e+01  0.000000e+00
     vertex  3.308548e+01  3.645378e+01  0.000000e+00
     vertex  3.312507e+01  3.587507e+01  0.000000e+00
   endloop
 endfacet
 facet normal  0.000000e+00  0.000000e+00 -1.000000e+00
   outer loop
     vertex  3.277321e+01  3.756828e+01  0.000000e+00
     vertex  3.287967e+01  3.729831e+01  0.000000e+00
     vertex  3.296746e+01  3.702171e+01  0.000000e+00
   endloop
 endfacet
 facet normal  0.000000e+00  0.000000e+00 -1.000000e+00
   outer loop
     vertex  3.277321e+01  3.756828e+01  0.000000e+00
     vertex  3.296746e+01  3.702171e+01  0.000000e+00
     vertex  3.303617e+01  3.673976e+01  0.000000e+00
   endloop
 endfacet
 facet normal  0.000000e+00  0.000000e+00 -1.000000e+00
   outer loop
     vertex  3.277321e+01  3.756828e+01  0.000000e+00
     vertex  3.303617e+01  3.673976e+01  0.000000e+00
     vertex  3.308548e+01  3.645378e+01  0.000000e+00
   endloop
 endfacet
 facet normal  0.000000e+00  0.000000e+00 -1.000000e+00
   outer loop
     vertex  3.234719e+01  3.832597e+01  0.000000e+00
     vertex  3.250635e+01  3.808331e+01  0.000000e+00
     vertex  3.264858e+01  3.783035e+01  0.000000e+00
   endloop
 endfacet
 facet normal  0.000000e+00  0.000000e+00 -1.000000e+00
   outer loop
     vertex  3.217184e+01  3.855720e+01  0.000000e+00
     vertex  3.264858e+01  3.783035e+01  0.000000e+00
     vertex  3.277321e+01  3.756828e+01  0.000000e+00
   endloop
 endfacet
 facet normal  0.000000e+00  0.000000e+00 -1.000000e+00
   outer loop
     vertex  3.217184e+01  3.855720e+01  0.000000e+00
     vertex  3.234719e+01  3.832597e+01  0.000000e+00
     vertex  3.264858e+01  3.783035e+01  0.000000e+00
   endloop
 endfacet
 facet normal  0.000000e+00  0.000000e+00 -1.000000e+00
   outer loop
     vertex  3.177591e+01  3.898113e+01  0.000000e+00
     vertex  3.198112e+01  3.877593e+01  0.000000e+00
     vertex  3.217184e+01  3.855720e+01  0.000000e+00
   endloop
 endfacet
 facet normal  0.000000e+00  0.000000e+00 -1.000000e+00
   outer loop
     vertex  3.177591e+01  3.898113e+01  0.000000e+00
     vertex  3.217184e+01  3.855720e+01  0.000000e+00
     vertex  3.277321e+01  3.756828e+01  0.000000e+00
   endloop
 endfacet
 facet normal  0.000000e+00  0.000000e+00 -1.000000e+00
   outer loop
     vertex  3.155719e+01  3.917185e+01  0.000000e+00
     vertex  3.177591e+01  3.898113e+01  0.000000e+00
     vertex  3.277321e+01  3.756828e+01  0.000000e+00
   endloop
 endfacet
 facet normal  0.000000e+00  0.000000e+00 -1.000000e+00
   outer loop
     vertex  3.132595e+01  3.934720e+01  0.000000e+00
     vertex  3.155719e+01  3.917185e+01  0.000000e+00
     vertex  3.277321e+01  3.756828e+01  0.000000e+00
   endloop
 endfacet
 facet normal  0.000000e+00  0.000000e+00 -1.000000e+00
   outer loop
     vertex  3.029830e+01  3.987969e+01  0.000000e+00
     vertex  3.056827e+01  3.977323e+01  0.000000e+00
     vertex  3.083034e+01  3.964859e+01  0.000000e+00
   endloop
 endfacet
 facet normal  0.000000e+00  0.000000e+00 -1.000000e+00
   outer loop
     vertex  3.029830e+01  3.987969e+01  0.000000e+00
     vertex  3.083034e+01  3.964859e+01  0.000000e+00
     vertex  3.108329e+01  3.950636e+01  0.000000e+00
   endloop
 endfacet
 facet normal  0.000000e+00  0.000000e+00 -1.000000e+00
   outer loop
     vertex  3.029830e+01  3.987969e+01  0.000000e+00
     vertex  3.108329e+01  3.950636e+01  0.000000e+00
     vertex  3.132595e+01  3.934720e+01  0.000000e+00
   endloop
 endfacet
 facet normal  0.000000e+00  0.000000e+00 -1.000000e+00
   outer loop
     vertex  3.002170e+01  3.996748e+01  0.000000e+00
     vertex  3.277321e+01  3.756828e+01  0.000000e+00
     vertex  3.312507e+01  3.587507e+01  0.000000e+00
   endloop
 endfacet
 facet normal  0.000000e+00  0.000000e+00 -1.000000e+00
   outer loop
     vertex  3.002170e+01  3.996748e+01  0.000000e+00
     vertex  3.132595e+01  3.934720e+01  0.000000e+00
     vertex  3.277321e+01  3.756828e+01  0.000000e+00
   endloop
 endfacet
 facet normal  0.000000e+00  0.000000e+00 -1.000000e+00
   outer loop
     vertex  3.002170e+01  3.996748e+01  0.000000e+00
     vertex  3.029830e+01  3.987969e+01  0.000000e+00
     vertex  3.132595e+01  3.934720e+01  0.000000e+00
   endloop
 endfacet
 facet normal  0.000000e+00  0.000000e+00 -1.000000e+00
   outer loop
     vertex  2.945377e+01  4.008550e+01  0.000000e+00
     vertex  2.973975e+01  4.003619e+01  0.000000e+00
     vertex  3.002170e+01  3.996748e+01  0.000000e+00
   endloop
 endfacet
 facet normal  0.000000e+00  0.000000e+00 -1.000000e+00
   outer loop
     vertex  2.887506e+01  4.012508e+01  0.000000e+00
     vertex  2.916509e+01  4.011517e+01  0.000000e+00
     vertex  2.945377e+01  4.008550e+01  0.000000e+00
   endloop
 endfacet
 facet normal  0.000000e+00  0.000000e+00 -1.000000e+00
   outer loop
     vertex  2.887506e+01  4.012508e+01  0.000000e+00
     vertex  2.945377e+01  4.008550e+01  0.000000e+00
     vertex  3.002170e+01  3.996748e+01  0.000000e+00
   endloop
 endfacet
 facet normal  0.000000e+00  0.000000e+00 -1.000000e+00
   outer loop
     vertex  2.887506e+01  4.012508e+01  0.000000e+00
     vertex  3.002170e+01  3.996748e+01  0.000000e+00
     vertex  3.312507e+01  3.587507e+01  0.000000e+00
   endloop
 endfacet
 facet normal  0.000000e+00  0.000000e+00 -1.000000e+00
   outer loop
     vertex  2.100004e+01  3.700007e+01  0.000000e+00
     vertex  3.312507e+01  3.587507e+01  0.000000e+00
     vertex  2.100004e+01  2.500005e+01  0.000000e+00
   endloop
 endfacet
 facet normal  0.000000e+00  0.000000e+00 -1.000000e+00
   outer loop
     vertex  2.100004e+01  3.700007e+01  0.000000e+00
     vertex  2.887506e+01  4.012508e+01  0.000000e+00
     vertex  3.312507e+01  3.587507e+01  0.000000e+00
   endloop
 endfacet
 facet normal  0.000000e+00 -0.000000e+00 -1.000000e+00
   outer loop
     vertex -2.000005e+00  2.100004e+01  0.000000e+00
     vertex -2.000005e+00  1.000003e+00  0.000000e+00
     vertex -3.125005e+00  1.125004e+00  0.000000e+00
   endloop
 endfacet
 facet normal  0.000000e+00  0.000000e+00 -1.000000e+00
   outer loop
     vertex -3.125005e+00  3.587507e+01  0.000000e+00
     vertex  1.125004e+00  4.012508e+01  0.000000e+00
     vertex  9.000018e+00  3.700007e+01  0.000000e+00
   endloop
 endfacet
 facet normal  0.000000e+00  0.000000e+00 -1.000000e+00
   outer loop
     vertex -3.125005e+00  3.587507e+01  0.000000e+00
     vertex  9.000018e+00  2.500005e+01  0.000000e+00
     vertex  7.921531e-16  2.300005e+01  0.000000e+00
   endloop
 endfacet
 facet normal  0.000000e+00  0.000000e+00 -1.000000e+00
   outer loop
     vertex -3.125005e+00  3.587507e+01  0.000000e+00
     vertex  7.921531e-16  2.300005e+01  0.000000e+00
     vertex -1.364852e-01  2.299538e+01  0.000000e+00
   endloop
 endfacet
 facet normal  0.000000e+00  0.000000e+00 -1.000000e+00
   outer loop
     vertex -3.125005e+00  3.587507e+01  0.000000e+00
     vertex -1.364852e-01  2.299538e+01  0.000000e+00
     vertex -2.723340e-01  2.298142e+01  0.000000e+00
   endloop
 endfacet
 facet normal  0.000000e+00  0.000000e+00 -1.000000e+00
   outer loop
     vertex -3.125005e+00  3.587507e+01  0.000000e+00
     vertex -2.723340e-01  2.298142e+01  0.000000e+00
     vertex -4.069131e-01  2.295821e+01  0.000000e+00
   endloop
 endfacet
 facet normal  0.000000e+00  0.000000e+00 -1.000000e+00
   outer loop
     vertex -3.125005e+00  3.587507e+01  0.000000e+00
     vertex -4.069131e-01  2.295821e+01  0.000000e+00
     vertex -5.395949e-01  2.292588e+01  0.000000e+00
   endloop
 endfacet
 facet normal  0.000000e+00  0.000000e+00 -1.000000e+00
   outer loop
     vertex -3.125005e+00  3.587507e+01  0.000000e+00
     vertex -5.395949e-01  2.292588e+01  0.000000e+00
     vertex -6.697609e-01  2.288457e+01  0.000000e+00
   endloop
 endfacet
 facet normal  0.000000e+00  0.000000e+00 -1.000000e+00
   outer loop
     vertex -3.125005e+00  3.587507e+01  0.000000e+00
     vertex -6.697609e-01  2.288457e+01  0.000000e+00
     vertex -7.968042e-01  2.283447e+01  0.000000e+00
   endloop
 endfacet
 facet normal  0.000000e+00  0.000000e+00 -1.000000e+00
   outer loop
     vertex -3.125005e+00  3.587507e+01  0.000000e+00
     vertex -7.968042e-01  2.283447e+01  0.000000e+00
     vertex -9.201324e-01  2.277582e+01  0.000000e+00
   endloop
 endfacet
 facet normal  0.000000e+00  0.000000e+00 -1.000000e+00
   outer loop
     vertex -3.125005e+00  3.587507e+01  0.000000e+00
     vertex -9.201324e-01  2.277582e+01  0.000000e+00
     vertex -1.039171e+00  2.270888e+01  0.000000e+00
   endloop
 endfacet
 facet normal  0.000000e+00  0.000000e+00 -1.000000e+00
   outer loop
     vertex -3.125005e+00  3.587507e+01  0.000000e+00
     vertex -1.039171e+00  2.270888e+01  0.000000e+00
     vertex -1.153364e+00  2.263398e+01  0.000000e+00
   endloop
 endfacet
 facet normal  0.000000e+00  0.000000e+00 -1.000000e+00
   outer loop
     vertex -3.125005e+00  3.587507e+01  0.000000e+00
     vertex -1.153364e+00  2.263398e+01  0.000000e+00
     vertex -1.262179e+00  2.255147e+01  0.000000e+00
   endloop
 endfacet
 facet normal  0.000000e+00  0.000000e+00 -1.000000e+00
   outer loop
     vertex -3.125005e+00  3.587507e+01  0.000000e+00
     vertex -1.262179e+00  2.255147e+01  0.000000e+00
     vertex -1.365110e+00  2.246172e+01  0.000000e+00
   endloop
 endfacet
 facet normal  0.000000e+00  0.000000e+00 -1.000000e+00
   outer loop
     vertex -3.125005e+00  3.587507e+01  0.000000e+00
     vertex -1.365110e+00  2.246172e+01  0.000000e+00
     vertex -1.461676e+00  2.236515e+01  0.000000e+00
   endloop
 endfacet
 facet normal  0.000000e+00  0.000000e+00 -1.000000e+00
   outer loop
     vertex -3.125005e+00  3.587507e+01  0.000000e+00
     vertex -1.461676e+00  2.236515e+01  0.000000e+00
     vertex -1.551427e+00  2.226222e+01  0.000000e+00
   endloop
 endfacet
 facet normal  0.000000e+00  0.000000e+00 -1.000000e+00
   outer loop
     vertex -3.125005e+00  3.587507e+01  0.000000e+00
     vertex -1.551427e+00  2.226222e+01  0.000000e+00
     vertex -1.633944e+00  2.215340e+01  0.000000e+00
   endloop
 endfacet
 facet normal  0.000000e+00  0.000000e+00 -1.000000e+00
   outer loop
     vertex -3.125005e+00  3.587507e+01  0.000000e+00
     vertex -1.633944e+00  2.215340e+01  0.000000e+00
     vertex -1.708843e+00  2.203921e+01  0.000000e+00
   endloop
 endfacet
 facet normal  0.000000e+00  0.000000e+00 -1.000000e+00
   outer loop
     vertex -3.125005e+00  3.587507e+01  0.000000e+00
     vertex -1.708843e+00  2.203921e+01  0.000000e+00
     vertex -1.775775e+00  2.192017e+01  0.000000e+00
   endloop
 endfacet
 facet normal  0.000000e+00  0.000000e+00 -1.000000e+00
   outer loop
     vertex -3.125005e+00  3.587507e+01  0.000000e+00
     vertex -1.775775e+00  2.192017e+01  0.000000e+00
     vertex -1.834427e+00  2.179684e+01  0.000000e+00
   endloop
 endfacet
 facet normal  0.000000e+00  0.000000e+00 -1.000000e+00
   outer loop
     vertex -3.125005e+00  3.587507e+01  0.000000e+00
     vertex -1.834427e+00  2.179684e+01  0.000000e+00
     vertex -1.884527e+00  2.166980e+01  0.000000e+00
   endloop
 endfacet
 facet normal  0.000000e+00  0.000000e+00 -1.000000e+00
   outer loop
     vertex -3.125005e+00  3.587507e+01  0.000000e+00
     vertex -1.884527e+00  2.166980e+01  0.000000e+00
     vertex -1.925839e+00  2.153964e+01  0.000000e+00
   endloop
 endfacet
 facet normal  0.000000e+00  0.000000e+00 -1.000000e+00
   outer loop
     vertex -3.125005e+00  3.587507e+01  0.000000e+00
     vertex -1.925839e+00  2.153964e+01  0.000000e+00
     vertex -1.958173e+00  2.140695e+01  0.000000e+00
   endloop
 endfacet
 facet normal  0.000000e+00  0.000000e+00 -1.000000e+00
   outer loop
     vertex -3.125005e+00  3.587507e+01  0.000000e+00
     vertex -1.958173e+00  2.140695e+01  0.000000e+00
     vertex -1.981377e+00  2.127237e+01  0.000000e+00
   endloop
 endfacet
 facet normal  0.000000e+00  0.000000e+00 -1.000000e+00
   outer loop
     vertex -3.125005e+00  3.587507e+01  0.000000e+00
     vertex -1.981377e+00  2.127237e+01  0.000000e+00
     vertex -1.995343e+00  2.113653e+01  0.000000e+00
   endloop
 endfacet
 facet normal  0.000000e+00  0.000000e+00 -1.000000e+00
   outer loop
     vertex -3.125005e+00  3.587507e+01  0.000000e+00
     vertex  9.000018e+00  3.700007e+01  0.000000e+00
     vertex  9.000018e+00  2.500005e+01  0.000000e+00
   endloop
 endfacet
 facet normal  0.000000e+00  0.000000e+00 -1.000000e+00
   outer loop
     vertex  5.462943e-01  4.008550e+01  0.000000e+00
     vertex  8.349729e-01  4.011517e+01  0.000000e+00
     vertex  1.125004e+00  4.012508e+01  0.000000e+00
   endloop
 endfacet
 facet normal  0.000000e+00  0.000000e+00 -1.000000e+00
   outer loop
     vertex -3.085420e+00  3.645378e+01  0.000000e+00
     vertex -3.125005e+00  3.587507e+01  0.000000e+00
     vertex -3.115097e+00  3.616510e+01  0.000000e+00
   endloop
 endfacet
 facet normal  0.000000e+00  0.000000e+00 -1.000000e+00
   outer loop
     vertex -2.967403e+00  3.702171e+01  0.000000e+00
     vertex -3.085420e+00  3.645378e+01  0.000000e+00
     vertex -3.036112e+00  3.673976e+01  0.000000e+00
   endloop
 endfacet
 facet normal  0.000000e+00 -0.000000e+00 -1.000000e+00
   outer loop
     vertex -2.163487e-02  3.996748e+01  0.000000e+00
     vertex  1.125004e+00  4.012508e+01  0.000000e+00
     vertex -3.125005e+00  3.587507e+01  0.000000e+00
   endloop
 endfacet
 facet normal  0.000000e+00  0.000000e+00 -1.000000e+00
   outer loop
     vertex -2.163487e-02  3.996748e+01  0.000000e+00
     vertex  2.603139e-01  4.003619e+01  0.000000e+00
     vertex  5.462943e-01  4.008550e+01  0.000000e+00
   endloop
 endfacet
 facet normal  0.000000e+00  0.000000e+00 -1.000000e+00
   outer loop
     vertex -2.163487e-02  3.996748e+01  0.000000e+00
     vertex  5.462943e-01  4.008550e+01  0.000000e+00
     vertex  1.125004e+00  4.012508e+01  0.000000e+00
   endloop
 endfacet
 facet normal  0.000000e+00  0.000000e+00 -1.000000e+00
   outer loop
     vertex -2.879613e+00  3.729831e+01  0.000000e+00
     vertex -3.125005e+00  3.587507e+01  0.000000e+00
     vertex -3.085420e+00  3.645378e+01  0.000000e+00
   endloop
 endfacet
 facet normal  0.000000e+00  0.000000e+00 -1.000000e+00
   outer loop
     vertex -2.879613e+00  3.729831e+01  0.000000e+00
     vertex -3.085420e+00  3.645378e+01  0.000000e+00
     vertex -2.967403e+00  3.702171e+01  0.000000e+00
   endloop
 endfacet
 facet normal  0.000000e+00  0.000000e+00 -1.000000e+00
   outer loop
     vertex -5.682044e-01  3.977323e+01  0.000000e+00
     vertex -2.982375e-01  3.987969e+01  0.000000e+00
     vertex -2.163487e-02  3.996748e+01  0.000000e+00
   endloop
 endfacet
 facet normal  0.000000e+00  0.000000e+00 -1.000000e+00
   outer loop
     vertex -8.302767e-01  3.964859e+01  0.000000e+00
     vertex -5.682044e-01  3.977323e+01  0.000000e+00
     vertex -2.163487e-02  3.996748e+01  0.000000e+00
   endloop
 endfacet
 facet normal  0.000000e+00  0.000000e+00 -1.000000e+00
   outer loop
     vertex -2.506286e+00  3.808331e+01  0.000000e+00
     vertex -2.773152e+00  3.756828e+01  0.000000e+00
     vertex -2.648516e+00  3.783035e+01  0.000000e+00
   endloop
 endfacet
 facet normal  0.000000e+00  0.000000e+00 -1.000000e+00
   outer loop
     vertex -1.083233e+00  3.950636e+01  0.000000e+00
     vertex -8.302767e-01  3.964859e+01  0.000000e+00
     vertex -2.163487e-02  3.996748e+01  0.000000e+00
   endloop
 endfacet
 facet normal  0.000000e+00  0.000000e+00 -1.000000e+00
   outer loop
     vertex -2.347125e+00  3.832597e+01  0.000000e+00
     vertex -2.879613e+00  3.729831e+01  0.000000e+00
     vertex -2.773152e+00  3.756828e+01  0.000000e+00
   endloop
 endfacet
 facet normal  0.000000e+00  0.000000e+00 -1.000000e+00
   outer loop
     vertex -2.347125e+00  3.832597e+01  0.000000e+00
     vertex -2.773152e+00  3.756828e+01  0.000000e+00
     vertex -2.506286e+00  3.808331e+01  0.000000e+00
   endloop
 endfacet
 facet normal  0.000000e+00  0.000000e+00 -1.000000e+00
   outer loop
     vertex -1.775853e+00  3.898113e+01  0.000000e+00
     vertex -1.557126e+00  3.917185e+01  0.000000e+00
     vertex -1.325893e+00  3.934720e+01  0.000000e+00
   endloop
 endfacet
 facet normal  0.000000e+00  0.000000e+00 -1.000000e+00
   outer loop
     vertex -1.775853e+00  3.898113e+01  0.000000e+00
     vertex -1.325893e+00  3.934720e+01  0.000000e+00
     vertex -1.083233e+00  3.950636e+01  0.000000e+00
   endloop
 endfacet
 facet normal  0.000000e+00  0.000000e+00 -1.000000e+00
   outer loop
     vertex -1.775853e+00  3.898113e+01  0.000000e+00
     vertex -1.083233e+00  3.950636e+01  0.000000e+00
     vertex -2.163487e-02  3.996748e+01  0.000000e+00
   endloop
 endfacet
 facet normal  0.000000e+00  0.000000e+00 -1.000000e+00
   outer loop
     vertex -1.981056e+00  3.877593e+01  0.000000e+00
     vertex -2.347125e+00  3.832597e+01  0.000000e+00
     vertex -2.171776e+00  3.855720e+01  0.000000e+00
   endloop
 endfacet
 facet normal  0.000000e+00 -0.000000e+00 -1.000000e+00
   outer loop
     vertex -1.981056e+00  3.877593e+01  0.000000e+00
     vertex -2.163487e-02  3.996748e+01  0.000000e+00
     vertex -3.125005e+00  3.587507e+01  0.000000e+00
   endloop
 endfacet
 facet normal  0.000000e+00  0.000000e+00 -1.000000e+00
   outer loop
     vertex -1.981056e+00  3.877593e+01  0.000000e+00
     vertex -3.125005e+00  3.587507e+01  0.000000e+00
     vertex -2.879613e+00  3.729831e+01  0.000000e+00
   endloop
 endfacet
 facet normal  0.000000e+00  0.000000e+00 -1.000000e+00
   outer loop
     vertex -1.981056e+00  3.877593e+01  0.000000e+00
     vertex -2.879613e+00  3.729831e+01  0.000000e+00
     vertex -2.347125e+00  3.832597e+01  0.000000e+00
   endloop
 endfacet
 facet normal  0.000000e+00  0.000000e+00 -1.000000e+00
   outer loop
     vertex -1.981056e+00  3.877593e+01  0.000000e+00
     vertex -1.775853e+00  3.898113e+01  0.000000e+00
     vertex -2.163487e-02  3.996748e+01  0.000000e+00
   endloop
 endfacet
 facet normal  0.000000e+00  0.000000e+00 -1.000000e+00
   outer loop
     vertex -3.125005e+00  1.125004e+00  0.000000e+00
     vertex -3.125005e+00  3.587507e+01  0.000000e+00
     vertex -2.000005e+00  2.100004e+01  0.000000e+00
   endloop
 endfacet
 facet normal  0.000000e+00  0.000000e+00 -1.000000e+00
   outer loop
     vertex -2.000005e+00  2.100004e+01  0.000000e+00
     vertex -3.125005e+00  3.587507e+01  0.000000e+00
     vertex -1.995343e+00  2.113653e+01  0.000000e+00
   endloop
 endfacet
 facet normal  0.000000e+00  0.000000e+00 -1.000000e+00
   outer loop
     vertex  1.125004e+00  4.012508e+01  0.000000e+00
     vertex  2.887506e+01  4.012508e+01  0.000000e+00
     vertex  2.100004e+01  3.700007e+01  0.000000e+00
   endloop
 endfacet
 facet normal  0.000000e+00  0.000000e+00 -1.000000e+00
   outer loop
     vertex  1.125004e+00  4.012508e+01  0.000000e+00
     vertex  2.100004e+01  3.700007e+01  0.000000e+00
     vertex  9.000018e+00  3.700007e+01  0.000000e+00
   endloop
 endfacet
 facet normal  0.000000e+00 -0.000000e+00 -1.000000e+00
   outer loop
     vertex  3.312507e+01  3.587507e+01  0.000000e+00
     vertex  3.312507e+01  1.125004e+00  0.000000e+00
     vertex  3.200006e+01  2.100004e+01  0.000000e+00
   endloop
 endfacet
 facet normal  0.000000e+00  0.000000e+00 -1.000000e+00
   outer loop
     vertex  3.312507e+01  3.587507e+01  0.000000e+00
     vertex  3.200006e+01  2.100004e+01  0.000000e+00
     vertex  3.199540e+01  2.113653e+01  0.000000e+00
   endloop
 endfacet
 facet normal  0.000000e+00  0.000000e+00 -1.000000e+00
   outer loop
     vertex  3.000006e+01  2.300005e+01  0.000000e+00
     vertex  7.921531e-16  2.300005e+01  0.000000e+00
     vertex  9.000018e+00  2.500005e+01  0.000000e+00
   endloop
 endfacet
 facet normal  0.000000e+00  0.000000e+00 -1.000000e+00
   outer loop
     vertex  3.000006e+01  2.300005e+01  0.000000e+00
     vertex  9.000018e+00  2.500005e+01  0.000000e+00
     vertex  2.100004e+01  2.500005e+01  0.000000e+00
   endloop
 endfacet
 facet normal  0.000000e+00  0.000000e+00  1.000000e+00
   outer loop
     vertex  3.068383e+01 -8.117161e-01  2.500005e+00
     vertex  3.155719e+01 -2.171776e+00  2.500005e+00
     vertex  3.177591e+01 -1.981056e+00  2.500005e+00
   endloop
 endfacet
 facet normal  0.000000e+00  0.000000e+00  1.000000e+00
   outer loop
     vertex  3.081178e+01 -6.837664e-01  2.500005e+00
     vertex  3.068383e+01 -8.117161e-01  2.500005e+00
     vertex  3.177591e+01 -1.981056e+00  2.500005e+00
   endloop
 endfacet
 facet normal  0.000000e+00  0.000000e+00  1.000000e+00
   outer loop
     vertex  3.081178e+01 -6.837664e-01  2.500005e+00
     vertex  3.177591e+01 -1.981056e+00  2.500005e+00
     vertex  3.198112e+01 -1.775853e+00  2.500005e+00
   endloop
 endfacet
 facet normal  0.000000e+00  0.000000e+00  1.000000e+00
   outer loop
     vertex  3.093070e+01 -5.473832e-01  2.500005e+00
     vertex  3.081178e+01 -6.837664e-01  2.500005e+00
     vertex  3.198112e+01 -1.775853e+00  2.500005e+00
   endloop
 endfacet
 facet normal  0.000000e+00  0.000000e+00  1.000000e+00
   outer loop
     vertex  3.093070e+01 -5.473832e-01  2.500005e+00
     vertex  3.217184e+01 -1.557126e+00  2.500005e+00
     vertex  3.234719e+01 -1.325893e+00  2.500005e+00
   endloop
 endfacet
 facet normal  0.000000e+00  0.000000e+00  1.000000e+00
   outer loop
     vertex  3.093070e+01 -5.473832e-01  2.500005e+00
     vertex  3.198112e+01 -1.775853e+00  2.500005e+00
     vertex  3.217184e+01 -1.557126e+00  2.500005e+00
   endloop
 endfacet
 facet normal -0.000000e+00  0.000000e+00  1.000000e+00
   outer loop
     vertex  3.054744e+01 -9.306360e-01  2.500005e+00
     vertex  3.155719e+01 -2.171776e+00  2.500005e+00
     vertex  3.068383e+01 -8.117161e-01  2.500005e+00
   endloop
 endfacet
 facet normal  0.000000e+00  0.000000e+00  1.000000e+00
   outer loop
     vertex  3.104003e+01 -4.032027e-01  2.500005e+00
     vertex  3.093070e+01 -5.473832e-01  2.500005e+00
     vertex  3.234719e+01 -1.325893e+00  2.500005e+00
   endloop
 endfacet
 facet normal  0.000000e+00  0.000000e+00  1.000000e+00
   outer loop
     vertex  3.104003e+01 -4.032027e-01  2.500005e+00
     vertex  3.234719e+01 -1.325893e+00  2.500005e+00
     vertex  3.250635e+01 -1.083233e+00  2.500005e+00
   endloop
 endfacet
 facet normal -0.000000e+00  0.000000e+00  1.000000e+00
   outer loop
     vertex  3.040326e+01 -1.039972e+00  2.500005e+00
     vertex  3.155719e+01 -2.171776e+00  2.500005e+00
     vertex  3.054744e+01 -9.306360e-01  2.500005e+00
   endloop
 endfacet
 facet normal  0.000000e+00  0.000000e+00  1.000000e+00
   outer loop
     vertex  3.040326e+01 -1.039972e+00  2.500005e+00
     vertex  3.132595e+01 -2.347125e+00  2.500005e+00
     vertex  3.155719e+01 -2.171776e+00  2.500005e+00
   endloop
 endfacet
 facet normal  0.000000e+00  0.000000e+00  1.000000e+00
   outer loop
     vertex  3.025196e+01 -1.139213e+00  2.500005e+00
     vertex  3.108329e+01 -2.506286e+00  2.500005e+00
     vertex  3.132595e+01 -2.347125e+00  2.500005e+00
   endloop
 endfacet
 facet normal  0.000000e+00  0.000000e+00  1.000000e+00
   outer loop
     vertex  3.025196e+01 -1.139213e+00  2.500005e+00
     vertex  3.083034e+01 -2.648516e+00  2.500005e+00
     vertex  3.108329e+01 -2.506286e+00  2.500005e+00
   endloop
 endfacet
 facet normal -0.000000e+00  0.000000e+00  1.000000e+00
   outer loop
     vertex  3.025196e+01 -1.139213e+00  2.500005e+00
     vertex  3.132595e+01 -2.347125e+00  2.500005e+00
     vertex  3.040326e+01 -1.039972e+00  2.500005e+00
   endloop
 endfacet
 facet normal  0.000000e+00  0.000000e+00  1.000000e+00
   outer loop
     vertex  3.113927e+01 -2.518970e-01  2.500005e+00
     vertex  3.104003e+01 -4.032027e-01  2.500005e+00
     vertex  3.250635e+01 -1.083233e+00  2.500005e+00
   endloop
 endfacet
 facet normal  0.000000e+00  0.000000e+00  1.000000e+00
   outer loop
     vertex  3.122796e+01 -9.417146e-02  2.500005e+00
     vertex  3.113927e+01 -2.518970e-01  2.500005e+00
     vertex  3.250635e+01 -1.083233e+00  2.500005e+00
   endloop
 endfacet
 facet normal  0.000000e+00  0.000000e+00  1.000000e+00
   outer loop
     vertex  3.122796e+01 -9.417146e-02  2.500005e+00
     vertex  3.264858e+01 -8.302767e-01  2.500005e+00
     vertex  3.277321e+01 -5.682044e-01  2.500005e+00
   endloop
 endfacet
 facet normal  0.000000e+00  0.000000e+00  1.000000e+00
   outer loop
     vertex  3.122796e+01 -9.417146e-02  2.500005e+00
     vertex  3.250635e+01 -1.083233e+00  2.500005e+00
     vertex  3.264858e+01 -8.302767e-01  2.500005e+00
   endloop
 endfacet
 facet normal -0.000000e+00  0.000000e+00  1.000000e+00
   outer loop
     vertex  3.009423e+01 -1.227898e+00  2.500005e+00
     vertex  3.083034e+01 -2.648516e+00  2.500005e+00
     vertex  3.025196e+01 -1.139213e+00  2.500005e+00
   endloop
 endfacet
 facet normal -0.000000e+00  0.000000e+00  1.000000e+00
   outer loop
     vertex  2.993082e+01 -1.305612e+00  2.500005e+00
     vertex  3.083034e+01 -2.648516e+00  2.500005e+00
     vertex  3.009423e+01 -1.227898e+00  2.500005e+00
   endloop
 endfacet
 facet normal  0.000000e+00  0.000000e+00  1.000000e+00
   outer loop
     vertex  2.993082e+01 -1.305612e+00  2.500005e+00
     vertex  3.056827e+01 -2.773152e+00  2.500005e+00
     vertex  3.083034e+01 -2.648516e+00  2.500005e+00
   endloop
 endfacet
 facet normal  0.000000e+00  0.000000e+00  1.000000e+00
   outer loop
     vertex  3.130567e+01  6.923839e-02  2.500005e+00
     vertex  3.277321e+01 -5.682044e-01  2.500005e+00
     vertex  3.287967e+01 -2.982375e-01  2.500005e+00
   endloop
 endfacet
 facet normal  0.000000e+00  0.000000e+00  1.000000e+00
   outer loop
     vertex  3.130567e+01  6.923839e-02  2.500005e+00
     vertex  3.122796e+01 -9.417146e-02  2.500005e+00
     vertex  3.277321e+01 -5.682044e-01  2.500005e+00
   endloop
 endfacet
 facet normal -0.000000e+00  0.000000e+00  1.000000e+00
   outer loop
     vertex  2.976249e+01 -1.371994e+00  2.500005e+00
     vertex  3.056827e+01 -2.773152e+00  2.500005e+00
     vertex  2.993082e+01 -1.305612e+00  2.500005e+00
   endloop
 endfacet
 facet normal  0.000000e+00  0.000000e+00  1.000000e+00
   outer loop
     vertex  2.976249e+01 -1.371994e+00  2.500005e+00
     vertex  3.029830e+01 -2.879613e+00  2.500005e+00
     vertex  3.056827e+01 -2.773152e+00  2.500005e+00
   endloop
 endfacet
 facet normal  0.000000e+00  0.000000e+00  1.000000e+00
   outer loop
     vertex  3.137205e+01  2.375707e-01  2.500005e+00
     vertex  3.130567e+01  6.923839e-02  2.500005e+00
     vertex  3.287967e+01 -2.982375e-01  2.500005e+00
   endloop
 endfacet
 facet normal -0.000000e+00  0.000000e+00  1.000000e+00
   outer loop
     vertex  2.959002e+01 -1.426733e+00  2.500005e+00
     vertex  3.029830e+01 -2.879613e+00  2.500005e+00
     vertex  2.976249e+01 -1.371994e+00  2.500005e+00
   endloop
 endfacet
 facet normal  0.000000e+00  0.000000e+00  1.000000e+00
   outer loop
     vertex  2.959002e+01 -1.426733e+00  2.500005e+00
     vertex  3.002170e+01 -2.967403e+00  2.500005e+00
     vertex  3.029830e+01 -2.879613e+00  2.500005e+00
   endloop
 endfacet
 facet normal  0.000000e+00  0.000000e+00  1.000000e+00
   outer loop
     vertex  3.142679e+01  4.100407e-01  2.500005e+00
     vertex  3.287967e+01 -2.982375e-01  2.500005e+00
     vertex  3.296746e+01 -2.163487e-02  2.500005e+00
   endloop
 endfacet
 facet normal  0.000000e+00  0.000000e+00  1.000000e+00
   outer loop
     vertex  3.142679e+01  4.100407e-01  2.500005e+00
     vertex  3.137205e+01  2.375707e-01  2.500005e+00
     vertex  3.287967e+01 -2.982375e-01  2.500005e+00
   endloop
 endfacet
 facet normal  0.000000e+00  0.000000e+00  1.000000e+00
   outer loop
     vertex  3.146964e+01  5.858441e-01  2.500005e+00
     vertex  3.303617e+01  2.603139e-01  2.500005e+00
     vertex  3.308548e+01  5.462943e-01  2.500005e+00
   endloop
 endfacet
 facet normal  0.000000e+00  0.000000e+00  1.000000e+00
   outer loop
     vertex  3.146964e+01  5.858441e-01  2.500005e+00
     vertex  3.296746e+01 -2.163487e-02  2.500005e+00
     vertex  3.303617e+01  2.603139e-01  2.500005e+00
   endloop
 endfacet
 facet normal  0.000000e+00  0.000000e+00  1.000000e+00
   outer loop
     vertex  3.146964e+01  5.858441e-01  2.500005e+00
     vertex  3.142679e+01  4.100407e-01  2.500005e+00
     vertex  3.296746e+01 -2.163487e-02  2.500005e+00
   endloop
 endfacet
 facet normal -0.000000e+00  0.000000e+00  1.000000e+00
   outer loop
     vertex  2.941422e+01 -1.469575e+00  2.500005e+00
     vertex  3.002170e+01 -2.967403e+00  2.500005e+00
     vertex  2.959002e+01 -1.426733e+00  2.500005e+00
   endloop
 endfacet
 facet normal  0.000000e+00  0.000000e+00  1.000000e+00
   outer loop
     vertex  2.941422e+01 -1.469575e+00  2.500005e+00
     vertex  2.973975e+01 -3.036112e+00  2.500005e+00
     vertex  3.002170e+01 -2.967403e+00  2.500005e+00
   endloop
 endfacet
 facet normal -0.000000e+00  0.000000e+00  1.000000e+00
   outer loop
     vertex  2.923590e+01 -1.500320e+00  2.500005e+00
     vertex  2.973975e+01 -3.036112e+00  2.500005e+00
     vertex  2.941422e+01 -1.469575e+00  2.500005e+00
   endloop
 endfacet
 facet normal  0.000000e+00  0.000000e+00  1.000000e+00
   outer loop
     vertex  2.923590e+01 -1.500320e+00  2.500005e+00
     vertex  2.945377e+01 -3.085420e+00  2.500005e+00
     vertex  2.973975e+01 -3.036112e+00  2.500005e+00
   endloop
 endfacet
 facet normal  0.000000e+00  0.000000e+00  1.000000e+00
   outer loop
     vertex  3.150038e+01  7.641613e-01  2.500005e+00
     vertex  3.146964e+01  5.858441e-01  2.500005e+00
     vertex  3.308548e+01  5.462943e-01  2.500005e+00
   endloop
 endfacet
 facet normal  0.000000e+00  0.000000e+00  1.000000e+00
   outer loop
     vertex  3.151889e+01  9.441610e-01  2.500005e+00
     vertex  3.308548e+01  5.462943e-01  2.500005e+00
     vertex  3.311516e+01  8.349729e-01  2.500005e+00
   endloop
 endfacet
 facet normal  0.000000e+00  0.000000e+00  1.000000e+00
   outer loop
     vertex  3.151889e+01  9.441610e-01  2.500005e+00
     vertex  3.150038e+01  7.641613e-01  2.500005e+00
     vertex  3.308548e+01  5.462943e-01  2.500005e+00
   endloop
 endfacet
 facet normal  0.000000e+00  0.000000e+00  1.000000e+00
   outer loop
     vertex  2.905590e+01 -1.518825e+00  2.500005e+00
     vertex  2.916509e+01 -3.115097e+00  2.500005e+00
     vertex  2.945377e+01 -3.085420e+00  2.500005e+00
   endloop
 endfacet
 facet normal -0.000000e+00  0.000000e+00  1.000000e+00
   outer loop
     vertex  2.905590e+01 -1.518825e+00  2.500005e+00
     vertex  2.945377e+01 -3.085420e+00  2.500005e+00
     vertex  2.923590e+01 -1.500320e+00  2.500005e+00
   endloop
 endfacet
 facet normal  0.000000e+00  0.000000e+00  1.000000e+00
   outer loop
     vertex  3.152506e+01  1.125004e+00  2.500005e+00
     vertex  3.151889e+01  9.441610e-01  2.500005e+00
     vertex  3.311516e+01  8.349729e-01  2.500005e+00
   endloop
 endfacet
 facet normal -0.000000e+00  0.000000e+00  1.000000e+00
   outer loop
     vertex  3.152506e+01  1.125004e+00  2.500005e+00
     vertex  3.311516e+01  8.349729e-01  2.500005e+00
     vertex  3.312507e+01  1.125004e+00  2.500005e+00
   endloop
 endfacet
 facet normal  0.000000e+00  0.000000e+00  1.000000e+00
   outer loop
     vertex  2.887506e+01 -1.525003e+00  2.500005e+00
     vertex  2.887506e+01 -3.125005e+00  2.500005e+00
     vertex  2.916509e+01 -3.115097e+00  2.500005e+00
   endloop
 endfacet
 facet normal -0.000000e+00  0.000000e+00  1.000000e+00
   outer loop
     vertex  2.887506e+01 -1.525003e+00  2.500005e+00
     vertex  2.916509e+01 -3.115097e+00  2.500005e+00
     vertex  2.905590e+01 -1.518825e+00  2.500005e+00
   endloop
 endfacet
 facet normal  0.000000e+00  0.000000e+00  1.000000e+00
   outer loop
     vertex  1.125004e+00 -1.525003e+00  2.500005e+00
     vertex  1.125004e+00 -3.125005e+00  2.500005e+00
     vertex  2.887506e+01 -3.125005e+00  2.500005e+00
   endloop
 endfacet
 facet normal  0.000000e+00  0.000000e+00  1.000000e+00
   outer loop
     vertex  1.125004e+00 -1.525003e+00  2.500005e+00
     vertex  2.887506e+01 -3.125005e+00  2.500005e+00
     vertex  2.887506e+01 -1.525003e+00  2.500005e+00
   endloop
 endfacet
 facet normal  0.000000e+00  0.000000e+00  1.000000e+00
   outer loop
     vertex  9.441610e-01 -1.518825e+00  2.500005e+00
     vertex  8.349729e-01 -3.115097e+00  2.500005e+00
     vertex  1.125004e+00 -3.125005e+00  2.500005e+00
   endloop
 endfacet
 facet normal  0.000000e+00  0.000000e+00  1.000000e+00
   outer loop
     vertex  9.441610e-01 -1.518825e+00  2.500005e+00
     vertex  5.462943e-01 -3.085420e+00  2.500005e+00
     vertex  8.349729e-01 -3.115097e+00  2.500005e+00
   endloop
 endfacet
 facet normal  0.000000e+00  0.000000e+00  1.000000e+00
   outer loop
     vertex  9.441610e-01 -1.518825e+00  2.500005e+00
     vertex  1.125004e+00 -3.125005e+00  2.500005e+00
     vertex  1.125004e+00 -1.525003e+00  2.500005e+00
   endloop
 endfacet
 facet normal  0.000000e+00  0.000000e+00  1.000000e+00
   outer loop
     vertex  7.641613e-01 -1.500320e+00  2.500005e+00
     vertex  5.462943e-01 -3.085420e+00  2.500005e+00
     vertex  9.441610e-01 -1.518825e+00  2.500005e+00
   endloop
 endfacet
 facet normal  0.000000e+00  0.000000e+00  1.000000e+00
   outer loop
     vertex  5.858441e-01 -1.469575e+00  2.500005e+00
     vertex  5.462943e-01 -3.085420e+00  2.500005e+00
     vertex  7.641613e-01 -1.500320e+00  2.500005e+00
   endloop
 endfacet
 facet normal  0.000000e+00  0.000000e+00  1.000000e+00
   outer loop
     vertex  5.858441e-01 -1.469575e+00  2.500005e+00
     vertex  2.603139e-01 -3.036112e+00  2.500005e+00
     vertex  5.462943e-01 -3.085420e+00  2.500005e+00
   endloop
 endfacet
 facet normal  0.000000e+00  0.000000e+00  1.000000e+00
   outer loop
     vertex  4.100407e-01 -1.426733e+00  2.500005e+00
     vertex  2.603139e-01 -3.036112e+00  2.500005e+00
     vertex  5.858441e-01 -1.469575e+00  2.500005e+00
   endloop
 endfacet
 facet normal  0.000000e+00  0.000000e+00  1.000000e+00
   outer loop
     vertex  4.100407e-01 -1.426733e+00  2.500005e+00
     vertex -2.163487e-02 -2.967403e+00  2.500005e+00
     vertex  2.603139e-01 -3.036112e+00  2.500005e+00
   endloop
 endfacet
 facet normal  0.000000e+00  0.000000e+00  1.000000e+00
   outer loop
     vertex  2.375707e-01 -1.371994e+00  2.500005e+00
     vertex -2.163487e-02 -2.967403e+00  2.500005e+00
     vertex  4.100407e-01 -1.426733e+00  2.500005e+00
   endloop
 endfacet
 facet normal  0.000000e+00  0.000000e+00  1.000000e+00
   outer loop
     vertex  2.375707e-01 -1.371994e+00  2.500005e+00
     vertex -2.982375e-01 -2.879613e+00  2.500005e+00
     vertex -2.163487e-02 -2.967403e+00  2.500005e+00
   endloop
 endfacet
 facet normal  0.000000e+00  0.000000e+00  1.000000e+00
   outer loop
     vertex  6.923839e-02 -1.305612e+00  2.500005e+00
     vertex -2.982375e-01 -2.879613e+00  2.500005e+00
     vertex  2.375707e-01 -1.371994e+00  2.500005e+00
   endloop
 endfacet
 facet normal  0.000000e+00  0.000000e+00  1.000000e+00
   outer loop
     vertex  6.923839e-02 -1.305612e+00  2.500005e+00
     vertex -5.682044e-01 -2.773152e+00  2.500005e+00
     vertex -2.982375e-01 -2.879613e+00  2.500005e+00
   endloop
 endfacet
 facet normal  0.000000e+00  0.000000e+00  1.000000e+00
   outer loop
     vertex -9.417146e-02 -1.227898e+00  2.500005e+00
     vertex -5.682044e-01 -2.773152e+00  2.500005e+00
     vertex  6.923839e-02 -1.305612e+00  2.500005e+00
   endloop
 endfacet
 facet normal  0.000000e+00  0.000000e+00  1.000000e+00
   outer loop
     vertex -9.417146e-02 -1.227898e+00  2.500005e+00
     vertex -8.302767e-01 -2.648516e+00  2.500005e+00
     vertex -5.682044e-01 -2.773152e+00  2.500005e+00
   endloop
 endfacet
 facet normal  0.000000e+00  0.000000e+00  1.000000e+00
   outer loop
     vertex -2.518970e-01 -1.139213e+00  2.500005e+00
     vertex -8.302767e-01 -2.648516e+00  2.500005e+00
     vertex -9.417146e-02 -1.227898e+00  2.500005e+00
   endloop
 endfacet
 facet normal  0.000000e+00  0.000000e+00  1.000000e+00
   outer loop
     vertex -2.518970e-01 -1.139213e+00  2.500005e+00
     vertex -1.083233e+00 -2.506286e+00  2.500005e+00
     vertex -8.302767e-01 -2.648516e+00  2.500005e+00
   endloop
 endfacet
 facet normal  0.000000e+00  0.000000e+00  1.000000e+00
   outer loop
     vertex -4.032027e-01 -1.039972e+00  2.500005e+00
     vertex -1.083233e+00 -2.506286e+00  2.500005e+00
     vertex -2.518970e-01 -1.139213e+00  2.500005e+00
   endloop
 endfacet
 facet normal  0.000000e+00  0.000000e+00  1.000000e+00
   outer loop
     vertex -4.032027e-01 -1.039972e+00  2.500005e+00
     vertex -1.325893e+00 -2.347125e+00  2.500005e+00
     vertex -1.083233e+00 -2.506286e+00  2.500005e+00
   endloop
 endfacet
 facet normal  0.000000e+00  0.000000e+00  1.000000e+00
   outer loop
     vertex -5.473832e-01 -9.306360e-01  2.500005e+00
     vertex -1.325893e+00 -2.347125e+00  2.500005e+00
     vertex -4.032027e-01 -1.039972e+00  2.500005e+00
   endloop
 endfacet
 facet normal  0.000000e+00  0.000000e+00  1.000000e+00
   outer loop
     vertex -5.473832e-01 -9.306360e-01  2.500005e+00
     vertex -1.557126e+00 -2.171776e+00  2.500005e+00
     vertex -1.325893e+00 -2.347125e+00  2.500005e+00
   endloop
 endfacet
 facet normal  0.000000e+00  0.000000e+00  1.000000e+00
   outer loop
     vertex -6.837664e-01 -8.117161e-01  2.500005e+00
     vertex -1.557126e+00 -2.171776e+00  2.500005e+00
     vertex -5.473832e-01 -9.306360e-01  2.500005e+00
   endloop
 endfacet
 facet normal  0.000000e+00  0.000000e+00  1.000000e+00
   outer loop
     vertex -6.837664e-01 -8.117161e-01  2.500005e+00
     vertex -1.775853e+00 -1.981056e+00  2.500005e+00
     vertex -1.557126e+00 -2.171776e+00  2.500005e+00
   endloop
 endfacet
 facet normal  0.000000e+00  0.000000e+00  1.000000e+00
   outer loop
     vertex -1.981056e+00 -1.775853e+00  2.500005e+00
     vertex -6.837664e-01 -8.117161e-01  2.500005e+00
     vertex -8.117161e-01 -6.837664e-01  2.500005e+00
   endloop
 endfacet
 facet normal -0.000000e+00  0.000000e+00  1.000000e+00
   outer loop
     vertex -1.981056e+00 -1.775853e+00  2.500005e+00
     vertex -1.775853e+00 -1.981056e+00  2.500005e+00
     vertex -6.837664e-01 -8.117161e-01  2.500005e+00
   endloop
 endfacet
 facet normal  0.000000e+00  0.000000e+00  1.000000e+00
   outer loop
     vertex -2.171776e+00 -1.557126e+00  2.500005e+00
     vertex -8.117161e-01 -6.837664e-01  2.500005e+00
     vertex -9.306360e-01 -5.473832e-01  2.500005e+00
   endloop
 endfacet
 facet normal -0.000000e+00  0.000000e+00  1.000000e+00
   outer loop
     vertex -2.171776e+00 -1.557126e+00  2.500005e+00
     vertex -1.981056e+00 -1.775853e+00  2.500005e+00
     vertex -8.117161e-01 -6.837664e-01  2.500005e+00
   endloop
 endfacet
 facet normal  0.000000e+00  0.000000e+00  1.000000e+00
   outer loop
     vertex -2.347125e+00 -1.325893e+00  2.500005e+00
     vertex -9.306360e-01 -5.473832e-01  2.500005e+00
     vertex -1.039972e+00 -4.032027e-01  2.500005e+00
   endloop
 endfacet
 facet normal -0.000000e+00  0.000000e+00  1.000000e+00
   outer loop
     vertex -2.347125e+00 -1.325893e+00  2.500005e+00
     vertex -2.171776e+00 -1.557126e+00  2.500005e+00
     vertex -9.306360e-01 -5.473832e-01  2.500005e+00
   endloop
 endfacet
 facet normal  0.000000e+00  0.000000e+00  1.000000e+00
   outer loop
     vertex -2.506286e+00 -1.083233e+00  2.500005e+00
     vertex -1.039972e+00 -4.032027e-01  2.500005e+00
     vertex -1.139213e+00 -2.518970e-01  2.500005e+00
   endloop
 endfacet
 facet normal -0.000000e+00  0.000000e+00  1.000000e+00
   outer loop
     vertex -2.506286e+00 -1.083233e+00  2.500005e+00
     vertex -2.347125e+00 -1.325893e+00  2.500005e+00
     vertex -1.039972e+00 -4.032027e-01  2.500005e+00
   endloop
 endfacet
 facet normal  0.000000e+00  0.000000e+00  1.000000e+00
   outer loop
     vertex -2.648516e+00 -8.302767e-01  2.500005e+00
     vertex -1.139213e+00 -2.518970e-01  2.500005e+00
     vertex -1.227898e+00 -9.417146e-02  2.500005e+00
   endloop
 endfacet
 facet normal -0.000000e+00  0.000000e+00  1.000000e+00
   outer loop
     vertex -2.648516e+00 -8.302767e-01  2.500005e+00
     vertex -2.506286e+00 -1.083233e+00  2.500005e+00
     vertex -1.139213e+00 -2.518970e-01  2.500005e+00
   endloop
 endfacet
 facet normal  0.000000e+00  0.000000e+00  1.000000e+00
   outer loop
     vertex -2.773152e+00 -5.682044e-01  2.500005e+00
     vertex -1.227898e+00 -9.417146e-02  2.500005e+00
     vertex -1.305612e+00  6.923839e-02  2.500005e+00
   endloop
 endfacet
 facet normal -0.000000e+00  0.000000e+00  1.000000e+00
   outer loop
     vertex -2.773152e+00 -5.682044e-01  2.500005e+00
     vertex -2.648516e+00 -8.302767e-01  2.500005e+00
     vertex -1.227898e+00 -9.417146e-02  2.500005e+00
   endloop
 endfacet
 facet normal  0.000000e+00  0.000000e+00  1.000000e+00
   outer loop
     vertex -2.879613e+00 -2.982375e-01  2.500005e+00
     vertex -1.305612e+00  6.923839e-02  2.500005e+00
     vertex -1.371994e+00  2.375707e-01  2.500005e+00
   endloop
 endfacet
 facet normal -0.000000e+00  0.000000e+00  1.000000e+00
   outer loop
     vertex -2.879613e+00 -2.982375e-01  2.500005e+00
     vertex -2.773152e+00 -5.682044e-01  2.500005e+00
     vertex -1.305612e+00  6.923839e-02  2.500005e+00
   endloop
 endfacet
 facet normal  0.000000e+00  0.000000e+00  1.000000e+00
   outer loop
     vertex -2.967403e+00 -2.163487e-02  2.500005e+00
     vertex -1.426733e+00  4.100407e-01  2.500005e+00
     vertex -1.469575e+00  5.858441e-01  2.500005e+00
   endloop
 endfacet
 facet normal  0.000000e+00  0.000000e+00  1.000000e+00
   outer loop
     vertex -2.967403e+00 -2.163487e-02  2.500005e+00
     vertex -1.371994e+00  2.375707e-01  2.500005e+00
     vertex -1.426733e+00  4.100407e-01  2.500005e+00
   endloop
 endfacet
 facet normal -0.000000e+00  0.000000e+00  1.000000e+00
   outer loop
     vertex -2.967403e+00 -2.163487e-02  2.500005e+00
     vertex -2.879613e+00 -2.982375e-01  2.500005e+00
     vertex -1.371994e+00  2.375707e-01  2.500005e+00
   endloop
 endfacet
 facet normal -0.000000e+00  0.000000e+00  1.000000e+00
   outer loop
     vertex -3.036112e+00  2.603139e-01  2.500005e+00
     vertex -2.967403e+00 -2.163487e-02  2.500005e+00
     vertex -1.469575e+00  5.858441e-01  2.500005e+00
   endloop
 endfacet
 facet normal  0.000000e+00  0.000000e+00  1.000000e+00
   outer loop
     vertex -3.085420e+00  5.462943e-01  2.500005e+00
     vertex -1.469575e+00  5.858441e-01  2.500005e+00
     vertex -1.500320e+00  7.641613e-01  2.500005e+00
   endloop
 endfacet
 facet normal -0.000000e+00  0.000000e+00  1.000000e+00
   outer loop
     vertex -3.085420e+00  5.462943e-01  2.500005e+00
     vertex -3.036112e+00  2.603139e-01  2.500005e+00
     vertex -1.469575e+00  5.858441e-01  2.500005e+00
   endloop
 endfacet
 facet normal  0.000000e+00  0.000000e+00  1.000000e+00
   outer loop
     vertex -3.115097e+00  8.349729e-01  2.500005e+00
     vertex -3.085420e+00  5.462943e-01  2.500005e+00
     vertex -1.500320e+00  7.641613e-01  2.500005e+00
   endloop
 endfacet
 facet normal  0.000000e+00  0.000000e+00  1.000000e+00
   outer loop
     vertex -3.115097e+00  8.349729e-01  2.500005e+00
     vertex -1.518825e+00  9.441610e-01  2.500005e+00
     vertex -1.525003e+00  1.125004e+00  2.500005e+00
   endloop
 endfacet
 facet normal -0.000000e+00  0.000000e+00  1.000000e+00
   outer loop
     vertex -3.115097e+00  8.349729e-01  2.500005e+00
     vertex -1.500320e+00  7.641613e-01  2.500005e+00
     vertex -1.518825e+00  9.441610e-01  2.500005e+00
   endloop
 endfacet
 facet normal -0.000000e+00  0.000000e+00  1.000000e+00
   outer loop
     vertex -3.125005e+00  1.125004e+00  2.500005e+00
     vertex -3.115097e+00  8.349729e-01  2.500005e+00
     vertex -1.525003e+00  1.125004e+00  2.500005e+00
   endloop
 endfacet
 facet normal -0.000000e+00  0.000000e+00  1.000000e+00
   outer loop
     vertex  3.152506e+01  3.587507e+01  2.500005e+00
     vertex  3.312507e+01  1.125004e+00  2.500005e+00
     vertex  3.312507e+01  3.587507e+01  2.500005e+00
   endloop
 endfacet
 facet normal  0.000000e+00  0.000000e+00  1.000000e+00
   outer loop
     vertex  3.152506e+01  3.587507e+01  2.500005e+00
     vertex  3.152506e+01  1.125004e+00  2.500005e+00
     vertex  3.312507e+01  1.125004e+00  2.500005e+00
   endloop
 endfacet
 facet normal -0.000000e+00  0.000000e+00  1.000000e+00
   outer loop
     vertex  3.151889e+01  3.605592e+01  2.500005e+00
     vertex  3.312507e+01  3.587507e+01  2.500005e+00
     vertex  3.311516e+01  3.616510e+01  2.500005e+00
   endloop
 endfacet
 facet normal  0.000000e+00  0.000000e+00  1.000000e+00
   outer loop
     vertex  3.151889e+01  3.605592e+01  2.500005e+00
     vertex  3.152506e+01  3.587507e+01  2.500005e+00
     vertex  3.312507e+01  3.587507e+01  2.500005e+00
   endloop
 endfacet
 facet normal -0.000000e+00  0.000000e+00  1.000000e+00
   outer loop
     vertex  3.150038e+01  3.623591e+01  2.500005e+00
     vertex  3.311516e+01  3.616510e+01  2.500005e+00
     vertex  3.308548e+01  3.645378e+01  2.500005e+00
   endloop
 endfacet
 facet normal  0.000000e+00  0.000000e+00  1.000000e+00
   outer loop
     vertex  3.150038e+01  3.623591e+01  2.500005e+00
     vertex  3.151889e+01  3.605592e+01  2.500005e+00
     vertex  3.311516e+01  3.616510e+01  2.500005e+00
   endloop
 endfacet
 facet normal  0.000000e+00  0.000000e+00  1.000000e+00
   outer loop
     vertex  3.146964e+01  3.641423e+01  2.500005e+00
     vertex  3.303617e+01  3.673976e+01  2.500005e+00
     vertex  3.296746e+01  3.702171e+01  2.500005e+00
   endloop
 endfacet
 facet normal  0.000000e+00  0.000000e+00  1.000000e+00
   outer loop
     vertex  3.146964e+01  3.641423e+01  2.500005e+00
     vertex  3.308548e+01  3.645378e+01  2.500005e+00
     vertex  3.303617e+01  3.673976e+01  2.500005e+00
   endloop
 endfacet
 facet normal -0.000000e+00  0.000000e+00  1.000000e+00
   outer loop
     vertex  3.146964e+01  3.641423e+01  2.500005e+00
     vertex  3.150038e+01  3.623591e+01  2.500005e+00
     vertex  3.308548e+01  3.645378e+01  2.500005e+00
   endloop
 endfacet
 facet normal -0.000000e+00  0.000000e+00  1.000000e+00
   outer loop
     vertex  3.142679e+01  3.659004e+01  2.500005e+00
     vertex  3.146964e+01  3.641423e+01  2.500005e+00
     vertex  3.296746e+01  3.702171e+01  2.500005e+00
   endloop
 endfacet
 facet normal  0.000000e+00  0.000000e+00  1.000000e+00
   outer loop
     vertex  3.137205e+01  3.676251e+01  2.500005e+00
     vertex  3.296746e+01  3.702171e+01  2.500005e+00
     vertex  3.287967e+01  3.729831e+01  2.500005e+00
   endloop
 endfacet
 facet normal -0.000000e+00  0.000000e+00  1.000000e+00
   outer loop
     vertex  3.137205e+01  3.676251e+01  2.500005e+00
     vertex  3.142679e+01  3.659004e+01  2.500005e+00
     vertex  3.296746e+01  3.702171e+01  2.500005e+00
   endloop
 endfacet
 facet normal -0.000000e+00  0.000000e+00  1.000000e+00
   outer loop
     vertex  3.130567e+01  3.693084e+01  2.500005e+00
     vertex  3.137205e+01  3.676251e+01  2.500005e+00
     vertex  3.287967e+01  3.729831e+01  2.500005e+00
   endloop
 endfacet
 facet normal  0.000000e+00  0.000000e+00  1.000000e+00
   outer loop
     vertex  3.130567e+01  3.693084e+01  2.500005e+00
     vertex  3.287967e+01  3.729831e+01  2.500005e+00
     vertex  3.277321e+01  3.756828e+01  2.500005e+00
   endloop
 endfacet
 facet normal -0.000000e+00  0.000000e+00  1.000000e+00
   outer loop
     vertex  3.122796e+01  3.709425e+01  2.500005e+00
     vertex  3.130567e+01  3.693084e+01  2.500005e+00
     vertex  3.277321e+01  3.756828e+01  2.500005e+00
   endloop
 endfacet
 facet normal  0.000000e+00  0.000000e+00  1.000000e+00
   outer loop
     vertex  3.122796e+01  3.709425e+01  2.500005e+00
     vertex  3.277321e+01  3.756828e+01  2.500005e+00
     vertex  3.264858e+01  3.783035e+01  2.500005e+00
   endloop
 endfacet
 facet normal -0.000000e+00  0.000000e+00  1.000000e+00
   outer loop
     vertex  3.113927e+01  3.725197e+01  2.500005e+00
     vertex  3.122796e+01  3.709425e+01  2.500005e+00
     vertex  3.264858e+01  3.783035e+01  2.500005e+00
   endloop
 endfacet
 facet normal  0.000000e+00  0.000000e+00  1.000000e+00
   outer loop
     vertex  3.113927e+01  3.725197e+01  2.500005e+00
     vertex  3.250635e+01  3.808331e+01  2.500005e+00
     vertex  3.234719e+01  3.832597e+01  2.500005e+00
   endloop
 endfacet
 facet normal  0.000000e+00  0.000000e+00  1.000000e+00
   outer loop
     vertex  3.113927e+01  3.725197e+01  2.500005e+00
     vertex  3.264858e+01  3.783035e+01  2.500005e+00
     vertex  3.250635e+01  3.808331e+01  2.500005e+00
   endloop
 endfacet
 facet normal -0.000000e+00  0.000000e+00  1.000000e+00
   outer loop
     vertex  3.104003e+01  3.740328e+01  2.500005e+00
     vertex  3.113927e+01  3.725197e+01  2.500005e+00
     vertex  3.234719e+01  3.832597e+01  2.500005e+00
   endloop
 endfacet
 facet normal  0.000000e+00  0.000000e+00  1.000000e+00
   outer loop
     vertex  3.217184e+01  3.855720e+01  2.500005e+00
     vertex  3.104003e+01  3.740328e+01  2.500005e+00
     vertex  3.234719e+01  3.832597e+01  2.500005e+00
   endloop
 endfacet
 facet normal -0.000000e+00  0.000000e+00  1.000000e+00
   outer loop
     vertex  3.093070e+01  3.754746e+01  2.500005e+00
     vertex  3.104003e+01  3.740328e+01  2.500005e+00
     vertex  3.217184e+01  3.855720e+01  2.500005e+00
   endloop
 endfacet
 facet normal -0.000000e+00  0.000000e+00  1.000000e+00
   outer loop
     vertex  3.081178e+01  3.768384e+01  2.500005e+00
     vertex  3.093070e+01  3.754746e+01  2.500005e+00
     vertex  3.217184e+01  3.855720e+01  2.500005e+00
   endloop
 endfacet
 facet normal  0.000000e+00  0.000000e+00  1.000000e+00
   outer loop
     vertex  3.081178e+01  3.768384e+01  2.500005e+00
     vertex  3.217184e+01  3.855720e+01  2.500005e+00
     vertex  3.198112e+01  3.877593e+01  2.500005e+00
   endloop
 endfacet
 facet normal  0.000000e+00  0.000000e+00  1.000000e+00
   outer loop
     vertex  3.177591e+01  3.898113e+01  2.500005e+00
     vertex  3.081178e+01  3.768384e+01  2.500005e+00
     vertex  3.198112e+01  3.877593e+01  2.500005e+00
   endloop
 endfacet
 facet normal  0.000000e+00  0.000000e+00  1.000000e+00
   outer loop
     vertex  3.177591e+01  3.898113e+01  2.500005e+00
     vertex  3.068383e+01  3.781179e+01  2.500005e+00
     vertex  3.081178e+01  3.768384e+01  2.500005e+00
   endloop
 endfacet
 facet normal -0.000000e+00  0.000000e+00  1.000000e+00
   outer loop
     vertex  3.054744e+01  3.793071e+01  2.500005e+00
     vertex  3.068383e+01  3.781179e+01  2.500005e+00
     vertex  3.177591e+01  3.898113e+01  2.500005e+00
   endloop
 endfacet
 facet normal  0.000000e+00  0.000000e+00  1.000000e+00
   outer loop
     vertex  3.155719e+01  3.917185e+01  2.500005e+00
     vertex  3.054744e+01  3.793071e+01  2.500005e+00
     vertex  3.177591e+01  3.898113e+01  2.500005e+00
   endloop
 endfacet
 facet normal  0.000000e+00  0.000000e+00  1.000000e+00
   outer loop
     vertex  3.132595e+01  3.934720e+01  2.500005e+00
     vertex  3.054744e+01  3.793071e+01  2.500005e+00
     vertex  3.155719e+01  3.917185e+01  2.500005e+00
   endloop
 endfacet
 facet normal  0.000000e+00  0.000000e+00  1.000000e+00
   outer loop
     vertex  3.132595e+01  3.934720e+01  2.500005e+00
     vertex  3.040326e+01  3.804005e+01  2.500005e+00
     vertex  3.054744e+01  3.793071e+01  2.500005e+00
   endloop
 endfacet
 facet normal  0.000000e+00  0.000000e+00  1.000000e+00
   outer loop
     vertex  3.108329e+01  3.950636e+01  2.500005e+00
     vertex  3.040326e+01  3.804005e+01  2.500005e+00
     vertex  3.132595e+01  3.934720e+01  2.500005e+00
   endloop
 endfacet
 facet normal  0.000000e+00  0.000000e+00  1.000000e+00
   outer loop
     vertex  3.108329e+01  3.950636e+01  2.500005e+00
     vertex  3.025196e+01  3.813929e+01  2.500005e+00
     vertex  3.040326e+01  3.804005e+01  2.500005e+00
   endloop
 endfacet
 facet normal  0.000000e+00  0.000000e+00  1.000000e+00
   outer loop
     vertex  3.083034e+01  3.964859e+01  2.500005e+00
     vertex  3.025196e+01  3.813929e+01  2.500005e+00
     vertex  3.108329e+01  3.950636e+01  2.500005e+00
   endloop
 endfacet
 facet normal  0.000000e+00  0.000000e+00  1.000000e+00
   outer loop
     vertex  3.083034e+01  3.964859e+01  2.500005e+00
     vertex  3.009423e+01  3.822797e+01  2.500005e+00
     vertex  3.025196e+01  3.813929e+01  2.500005e+00
   endloop
 endfacet
 facet normal  0.000000e+00  0.000000e+00  1.000000e+00
   outer loop
     vertex  3.056827e+01  3.977323e+01  2.500005e+00
     vertex  3.009423e+01  3.822797e+01  2.500005e+00
     vertex  3.083034e+01  3.964859e+01  2.500005e+00
   endloop
 endfacet
 facet normal  0.000000e+00  0.000000e+00  1.000000e+00
   outer loop
     vertex  3.056827e+01  3.977323e+01  2.500005e+00
     vertex  2.993082e+01  3.830569e+01  2.500005e+00
     vertex  3.009423e+01  3.822797e+01  2.500005e+00
   endloop
 endfacet
 facet normal  0.000000e+00  0.000000e+00  1.000000e+00
   outer loop
     vertex  3.029830e+01  3.987969e+01  2.500005e+00
     vertex  2.993082e+01  3.830569e+01  2.500005e+00
     vertex  3.056827e+01  3.977323e+01  2.500005e+00
   endloop
 endfacet
 facet normal  0.000000e+00  0.000000e+00  1.000000e+00
   outer loop
     vertex  3.029830e+01  3.987969e+01  2.500005e+00
     vertex  2.976249e+01  3.837207e+01  2.500005e+00
     vertex  2.993082e+01  3.830569e+01  2.500005e+00
   endloop
 endfacet
 facet normal  0.000000e+00  0.000000e+00  1.000000e+00
   outer loop
     vertex  3.002170e+01  3.996748e+01  2.500005e+00
     vertex  2.976249e+01  3.837207e+01  2.500005e+00
     vertex  3.029830e+01  3.987969e+01  2.500005e+00
   endloop
 endfacet
 facet normal  0.000000e+00  0.000000e+00  1.000000e+00
   outer loop
     vertex  3.002170e+01  3.996748e+01  2.500005e+00
     vertex  2.959002e+01  3.842681e+01  2.500005e+00
     vertex  2.976249e+01  3.837207e+01  2.500005e+00
   endloop
 endfacet
 facet normal  0.000000e+00  0.000000e+00  1.000000e+00
   outer loop
     vertex  2.973975e+01  4.003619e+01  2.500005e+00
     vertex  2.941422e+01  3.846965e+01  2.500005e+00
     vertex  2.959002e+01  3.842681e+01  2.500005e+00
   endloop
 endfacet
 facet normal  0.000000e+00  0.000000e+00  1.000000e+00
   outer loop
     vertex  2.973975e+01  4.003619e+01  2.500005e+00
     vertex  2.923590e+01  3.850040e+01  2.500005e+00
     vertex  2.941422e+01  3.846965e+01  2.500005e+00
   endloop
 endfacet
 facet normal  0.000000e+00  0.000000e+00  1.000000e+00
   outer loop
     vertex  2.973975e+01  4.003619e+01  2.500005e+00
     vertex  2.959002e+01  3.842681e+01  2.500005e+00
     vertex  3.002170e+01  3.996748e+01  2.500005e+00
   endloop
 endfacet
 facet normal  0.000000e+00  0.000000e+00  1.000000e+00
   outer loop
     vertex  2.945377e+01  4.008550e+01  2.500005e+00
     vertex  2.923590e+01  3.850040e+01  2.500005e+00
     vertex  2.973975e+01  4.003619e+01  2.500005e+00
   endloop
 endfacet
 facet normal  0.000000e+00  0.000000e+00  1.000000e+00
   outer loop
     vertex  2.945377e+01  4.008550e+01  2.500005e+00
     vertex  2.905590e+01  3.851890e+01  2.500005e+00
     vertex  2.923590e+01  3.850040e+01  2.500005e+00
   endloop
 endfacet
 facet normal  0.000000e+00  0.000000e+00  1.000000e+00
   outer loop
     vertex  2.916509e+01  4.011517e+01  2.500005e+00
     vertex  2.905590e+01  3.851890e+01  2.500005e+00
     vertex  2.945377e+01  4.008550e+01  2.500005e+00
   endloop
 endfacet
 facet normal  0.000000e+00  0.000000e+00  1.000000e+00
   outer loop
     vertex  2.887506e+01  4.012508e+01  2.500005e+00
     vertex  2.887506e+01  3.852508e+01  2.500005e+00
     vertex  2.905590e+01  3.851890e+01  2.500005e+00
   endloop
 endfacet
 facet normal  0.000000e+00  0.000000e+00  1.000000e+00
   outer loop
     vertex  2.887506e+01  4.012508e+01  2.500005e+00
     vertex  2.905590e+01  3.851890e+01  2.500005e+00
     vertex  2.916509e+01  4.011517e+01  2.500005e+00
   endloop
 endfacet
 facet normal  0.000000e+00  0.000000e+00  1.000000e+00
   outer loop
     vertex -1.525003e+00  3.587507e+01  2.500005e+00
     vertex -3.125005e+00  1.125004e+00  2.500005e+00
     vertex -1.525003e+00  1.125004e+00  2.500005e+00
   endloop
 endfacet
 facet normal  0.000000e+00  0.000000e+00  1.000000e+00
   outer loop
     vertex  1.125004e+00  4.012508e+01  2.500005e+00
     vertex  1.125004e+00  3.852508e+01  2.500005e+00
     vertex  2.887506e+01  3.852508e+01  2.500005e+00
   endloop
 endfacet
 facet normal -0.000000e+00  0.000000e+00  1.000000e+00
   outer loop
     vertex  1.125004e+00  4.012508e+01  2.500005e+00
     vertex  2.887506e+01  3.852508e+01  2.500005e+00
     vertex  2.887506e+01  4.012508e+01  2.500005e+00
   endloop
 endfacet
 facet normal -0.000000e+00  0.000000e+00  1.000000e+00
   outer loop
     vertex -3.125005e+00  3.587507e+01  2.500005e+00
     vertex -3.125005e+00  1.125004e+00  2.500005e+00
     vertex -1.525003e+00  3.587507e+01  2.500005e+00
   endloop
 endfacet
 facet normal  0.000000e+00  0.000000e+00  1.000000e+00
   outer loop
     vertex -3.125005e+00  3.587507e+01  2.500005e+00
     vertex -1.525003e+00  3.587507e+01  2.500005e+00
     vertex -1.518825e+00  3.605592e+01  2.500005e+00
   endloop
 endfacet
 facet normal  0.000000e+00  0.000000e+00  1.000000e+00
   outer loop
     vertex -3.115097e+00  3.616510e+01  2.500005e+00
     vertex -3.125005e+00  3.587507e+01  2.500005e+00
     vertex -1.518825e+00  3.605592e+01  2.500005e+00
   endloop
 endfacet
 facet normal -0.000000e+00  0.000000e+00  1.000000e+00
   outer loop
     vertex  8.349729e-01  4.011517e+01  2.500005e+00
     vertex  1.125004e+00  3.852508e+01  2.500005e+00
     vertex  1.125004e+00  4.012508e+01  2.500005e+00
   endloop
 endfacet
 facet normal  0.000000e+00  0.000000e+00  1.000000e+00
   outer loop
     vertex  8.349729e-01  4.011517e+01  2.500005e+00
     vertex  9.441610e-01  3.851890e+01  2.500005e+00
     vertex  1.125004e+00  3.852508e+01  2.500005e+00
   endloop
 endfacet
 facet normal  0.000000e+00  0.000000e+00  1.000000e+00
   outer loop
     vertex  8.349729e-01  4.011517e+01  2.500005e+00
     vertex  7.641613e-01  3.850040e+01  2.500005e+00
     vertex  9.441610e-01  3.851890e+01  2.500005e+00
   endloop
 endfacet
 facet normal -0.000000e+00  0.000000e+00  1.000000e+00
   outer loop
     vertex  5.462943e-01  4.008550e+01  2.500005e+00
     vertex  7.641613e-01  3.850040e+01  2.500005e+00
     vertex  8.349729e-01  4.011517e+01  2.500005e+00
   endloop
 endfacet
 facet normal  0.000000e+00  0.000000e+00  1.000000e+00
   outer loop
     vertex -3.085420e+00  3.645378e+01  2.500005e+00
     vertex -3.115097e+00  3.616510e+01  2.500005e+00
     vertex -1.518825e+00  3.605592e+01  2.500005e+00
   endloop
 endfacet
 facet normal  0.000000e+00  0.000000e+00  1.000000e+00
   outer loop
     vertex -3.085420e+00  3.645378e+01  2.500005e+00
     vertex -1.500320e+00  3.623591e+01  2.500005e+00
     vertex -1.469575e+00  3.641423e+01  2.500005e+00
   endloop
 endfacet
 facet normal  0.000000e+00  0.000000e+00  1.000000e+00
   outer loop
     vertex -3.085420e+00  3.645378e+01  2.500005e+00
     vertex -1.518825e+00  3.605592e+01  2.500005e+00
     vertex -1.500320e+00  3.623591e+01  2.500005e+00
   endloop
 endfacet
 facet normal  0.000000e+00  0.000000e+00  1.000000e+00
   outer loop
     vertex -3.036112e+00  3.673976e+01  2.500005e+00
     vertex -3.085420e+00  3.645378e+01  2.500005e+00
     vertex -1.469575e+00  3.641423e+01  2.500005e+00
   endloop
 endfacet
 facet normal -0.000000e+00  0.000000e+00  1.000000e+00
   outer loop
     vertex  2.603139e-01  4.003619e+01  2.500005e+00
     vertex  7.641613e-01  3.850040e+01  2.500005e+00
     vertex  5.462943e-01  4.008550e+01  2.500005e+00
   endloop
 endfacet
 facet normal  0.000000e+00  0.000000e+00  1.000000e+00
   outer loop
     vertex  2.603139e-01  4.003619e+01  2.500005e+00
     vertex  5.858441e-01  3.846965e+01  2.500005e+00
     vertex  7.641613e-01  3.850040e+01  2.500005e+00
   endloop
 endfacet
 facet normal  0.000000e+00  0.000000e+00  1.000000e+00
   outer loop
     vertex -2.967403e+00  3.702171e+01  2.500005e+00
     vertex -1.426733e+00  3.659004e+01  2.500005e+00
     vertex -1.371994e+00  3.676251e+01  2.500005e+00
   endloop
 endfacet
 facet normal  0.000000e+00  0.000000e+00  1.000000e+00
   outer loop
     vertex -2.967403e+00  3.702171e+01  2.500005e+00
     vertex -1.469575e+00  3.641423e+01  2.500005e+00
     vertex -1.426733e+00  3.659004e+01  2.500005e+00
   endloop
 endfacet
 facet normal  0.000000e+00  0.000000e+00  1.000000e+00
   outer loop
     vertex -2.967403e+00  3.702171e+01  2.500005e+00
     vertex -3.036112e+00  3.673976e+01  2.500005e+00
     vertex -1.469575e+00  3.641423e+01  2.500005e+00
   endloop
 endfacet
 facet normal  0.000000e+00  0.000000e+00  1.000000e+00
   outer loop
     vertex -2.163487e-02  3.996748e+01  2.500005e+00
     vertex  4.100407e-01  3.842681e+01  2.500005e+00
     vertex  5.858441e-01  3.846965e+01  2.500005e+00
   endloop
 endfacet
 facet normal  0.000000e+00  0.000000e+00  1.000000e+00
   outer loop
     vertex -2.163487e-02  3.996748e+01  2.500005e+00
     vertex  2.375707e-01  3.837207e+01  2.500005e+00
     vertex  4.100407e-01  3.842681e+01  2.500005e+00
   endloop
 endfacet
 facet normal -0.000000e+00  0.000000e+00  1.000000e+00
   outer loop
     vertex -2.163487e-02  3.996748e+01  2.500005e+00
     vertex  5.858441e-01  3.846965e+01  2.500005e+00
     vertex  2.603139e-01  4.003619e+01  2.500005e+00
   endloop
 endfacet
 facet normal -0.000000e+00  0.000000e+00  1.000000e+00
   outer loop
     vertex -2.982375e-01  3.987969e+01  2.500005e+00
     vertex  2.375707e-01  3.837207e+01  2.500005e+00
     vertex -2.163487e-02  3.996748e+01  2.500005e+00
   endloop
 endfacet
 facet normal  0.000000e+00  0.000000e+00  1.000000e+00
   outer loop
     vertex -2.879613e+00  3.729831e+01  2.500005e+00
     vertex -2.967403e+00  3.702171e+01  2.500005e+00
     vertex -1.371994e+00  3.676251e+01  2.500005e+00
   endloop
 endfacet
 facet normal -0.000000e+00  0.000000e+00  1.000000e+00
   outer loop
     vertex -5.682044e-01  3.977323e+01  2.500005e+00
     vertex  2.375707e-01  3.837207e+01  2.500005e+00
     vertex -2.982375e-01  3.987969e+01  2.500005e+00
   endloop
 endfacet
 facet normal  0.000000e+00  0.000000e+00  1.000000e+00
   outer loop
     vertex -5.682044e-01  3.977323e+01  2.500005e+00
     vertex  6.923839e-02  3.830569e+01  2.500005e+00
     vertex  2.375707e-01  3.837207e+01  2.500005e+00
   endloop
 endfacet
 facet normal  0.000000e+00  0.000000e+00  1.000000e+00
   outer loop
     vertex -2.773152e+00  3.756828e+01  2.500005e+00
     vertex -1.371994e+00  3.676251e+01  2.500005e+00
     vertex -1.305612e+00  3.693084e+01  2.500005e+00
   endloop
 endfacet
 facet normal  0.000000e+00  0.000000e+00  1.000000e+00
   outer loop
     vertex -2.773152e+00  3.756828e+01  2.500005e+00
     vertex -2.879613e+00  3.729831e+01  2.500005e+00
     vertex -1.371994e+00  3.676251e+01  2.500005e+00
   endloop
 endfacet
 facet normal  0.000000e+00  0.000000e+00  1.000000e+00
   outer loop
     vertex -2.648516e+00  3.783035e+01  2.500005e+00
     vertex -2.773152e+00  3.756828e+01  2.500005e+00
     vertex -1.305612e+00  3.693084e+01  2.500005e+00
   endloop
 endfacet
 facet normal  0.000000e+00  0.000000e+00  1.000000e+00
   outer loop
     vertex -2.648516e+00  3.783035e+01  2.500005e+00
     vertex -1.305612e+00  3.693084e+01  2.500005e+00
     vertex -1.227898e+00  3.709425e+01  2.500005e+00
   endloop
 endfacet
 facet normal -0.000000e+00  0.000000e+00  1.000000e+00
   outer loop
     vertex -8.302767e-01  3.964859e+01  2.500005e+00
     vertex  6.923839e-02  3.830569e+01  2.500005e+00
     vertex -5.682044e-01  3.977323e+01  2.500005e+00
   endloop
 endfacet
 facet normal  0.000000e+00  0.000000e+00  1.000000e+00
   outer loop
     vertex -8.302767e-01  3.964859e+01  2.500005e+00
     vertex -9.417146e-02  3.822797e+01  2.500005e+00
     vertex  6.923839e-02  3.830569e+01  2.500005e+00
   endloop
 endfacet
 facet normal  0.000000e+00  0.000000e+00  1.000000e+00
   outer loop
     vertex -8.302767e-01  3.964859e+01  2.500005e+00
     vertex -2.518970e-01  3.813929e+01  2.500005e+00
     vertex -9.417146e-02  3.822797e+01  2.500005e+00
   endloop
 endfacet
 facet normal  0.000000e+00  0.000000e+00  1.000000e+00
   outer loop
     vertex -2.506286e+00  3.808331e+01  2.500005e+00
     vertex -2.648516e+00  3.783035e+01  2.500005e+00
     vertex -1.227898e+00  3.709425e+01  2.500005e+00
   endloop
 endfacet
 facet normal  0.000000e+00  0.000000e+00  1.000000e+00
   outer loop
     vertex -2.506286e+00  3.808331e+01  2.500005e+00
     vertex -1.227898e+00  3.709425e+01  2.500005e+00
     vertex -1.139213e+00  3.725197e+01  2.500005e+00
   endloop
 endfacet
 facet normal -0.000000e+00  0.000000e+00  1.000000e+00
   outer loop
     vertex -1.083233e+00  3.950636e+01  2.500005e+00
     vertex -2.518970e-01  3.813929e+01  2.500005e+00
     vertex -8.302767e-01  3.964859e+01  2.500005e+00
   endloop
 endfacet
 facet normal  0.000000e+00  0.000000e+00  1.000000e+00
   outer loop
     vertex -1.083233e+00  3.950636e+01  2.500005e+00
     vertex -4.032027e-01  3.804005e+01  2.500005e+00
     vertex -2.518970e-01  3.813929e+01  2.500005e+00
   endloop
 endfacet
 facet normal -0.000000e+00  0.000000e+00  1.000000e+00
   outer loop
     vertex -1.325893e+00  3.934720e+01  2.500005e+00
     vertex -4.032027e-01  3.804005e+01  2.500005e+00
     vertex -1.083233e+00  3.950636e+01  2.500005e+00
   endloop
 endfacet
 facet normal  0.000000e+00  0.000000e+00  1.000000e+00
   outer loop
     vertex -2.347125e+00  3.832597e+01  2.500005e+00
     vertex -2.506286e+00  3.808331e+01  2.500005e+00
     vertex -1.139213e+00  3.725197e+01  2.500005e+00
   endloop
 endfacet
 facet normal  0.000000e+00  0.000000e+00  1.000000e+00
   outer loop
     vertex -2.347125e+00  3.832597e+01  2.500005e+00
     vertex -1.139213e+00  3.725197e+01  2.500005e+00
     vertex -1.039972e+00  3.740328e+01  2.500005e+00
   endloop
 endfacet
 facet normal -0.000000e+00  0.000000e+00  1.000000e+00
   outer loop
     vertex -1.557126e+00  3.917185e+01  2.500005e+00
     vertex -4.032027e-01  3.804005e+01  2.500005e+00
     vertex -1.325893e+00  3.934720e+01  2.500005e+00
   endloop
 endfacet
 facet normal  0.000000e+00  0.000000e+00  1.000000e+00
   outer loop
     vertex -1.557126e+00  3.917185e+01  2.500005e+00
     vertex -5.473832e-01  3.793071e+01  2.500005e+00
     vertex -4.032027e-01  3.804005e+01  2.500005e+00
   endloop
 endfacet
 facet normal  0.000000e+00  0.000000e+00  1.000000e+00
   outer loop
     vertex -2.171776e+00  3.855720e+01  2.500005e+00
     vertex -2.347125e+00  3.832597e+01  2.500005e+00
     vertex -1.039972e+00  3.740328e+01  2.500005e+00
   endloop
 endfacet
 facet normal  0.000000e+00  0.000000e+00  1.000000e+00
   outer loop
     vertex -2.171776e+00  3.855720e+01  2.500005e+00
     vertex -1.039972e+00  3.740328e+01  2.500005e+00
     vertex -9.306360e-01  3.754746e+01  2.500005e+00
   endloop
 endfacet
 facet normal -0.000000e+00  0.000000e+00  1.000000e+00
   outer loop
     vertex -1.775853e+00  3.898113e+01  2.500005e+00
     vertex -5.473832e-01  3.793071e+01  2.500005e+00
     vertex -1.557126e+00  3.917185e+01  2.500005e+00
   endloop
 endfacet
 facet normal  0.000000e+00  0.000000e+00  1.000000e+00
   outer loop
     vertex -1.775853e+00  3.898113e+01  2.500005e+00
     vertex -6.837664e-01  3.781179e+01  2.500005e+00
     vertex -5.473832e-01  3.793071e+01  2.500005e+00
   endloop
 endfacet
 facet normal  0.000000e+00  0.000000e+00  1.000000e+00
   outer loop
     vertex -1.981056e+00  3.877593e+01  2.500005e+00
     vertex -2.171776e+00  3.855720e+01  2.500005e+00
     vertex -9.306360e-01  3.754746e+01  2.500005e+00
   endloop
 endfacet
 facet normal -0.000000e+00  0.000000e+00  1.000000e+00
   outer loop
     vertex -1.981056e+00  3.877593e+01  2.500005e+00
     vertex -6.837664e-01  3.781179e+01  2.500005e+00
     vertex -1.775853e+00  3.898113e+01  2.500005e+00
   endloop
 endfacet
 facet normal  0.000000e+00  0.000000e+00  1.000000e+00
   outer loop
     vertex -1.981056e+00  3.877593e+01  2.500005e+00
     vertex -8.117161e-01  3.768384e+01  2.500005e+00
     vertex -6.837664e-01  3.781179e+01  2.500005e+00
   endloop
 endfacet
 facet normal  0.000000e+00  0.000000e+00  1.000000e+00
   outer loop
     vertex -1.981056e+00  3.877593e+01  2.500005e+00
     vertex -9.306360e-01  3.754746e+01  2.500005e+00
     vertex -8.117161e-01  3.768384e+01  2.500005e+00
   endloop
 endfacet
 facet normal -9.947573e-01 -1.022641e-01  0.000000e+00
   outer loop
     vertex -3.115097e+00  8.349729e-01  0.000000e+00
     vertex -3.085420e+00  5.462943e-01  0.000000e+00
     vertex -3.085420e+00  5.462943e-01  2.500005e+00
   endloop
 endfacet
 facet normal -9.947573e-01 -1.022641e-01  0.000000e+00
   outer loop
     vertex -3.115097e+00  8.349729e-01  0.000000e+00
     vertex -3.085420e+00  5.462943e-01  2.500005e+00
     vertex -3.115097e+00  8.349729e-01  2.500005e+00
   endloop
 endfacet
 facet normal -9.947573e-01  1.022641e-01  0.000000e+00
   outer loop
     vertex -3.085420e+00  3.645378e+01  0.000000e+00
     vertex -3.115097e+00  3.616510e+01  0.000000e+00
     vertex -3.115097e+00  3.616510e+01  2.500005e+00
   endloop
 endfacet
 facet normal -9.947573e-01  1.022641e-01  0.000000e+00
   outer loop
     vertex -3.085420e+00  3.645378e+01  0.000000e+00
     vertex -3.115097e+00  3.616510e+01  2.500005e+00
     vertex -3.085420e+00  3.645378e+01  2.500005e+00
   endloop
 endfacet
 facet normal -9.854595e-01 -1.699104e-01  0.000000e+00
   outer loop
     vertex -3.085420e+00  5.462943e-01  0.000000e+00
     vertex -3.036112e+00  2.603139e-01  0.000000e+00
     vertex -3.036112e+00  2.603139e-01  2.500005e+00
   endloop
 endfacet
 facet normal -9.854595e-01 -1.699104e-01  0.000000e+00
   outer loop
     vertex -3.085420e+00  5.462943e-01  0.000000e+00
     vertex -3.036112e+00  2.603139e-01  2.500005e+00
     vertex -3.085420e+00  5.462943e-01  2.500005e+00
   endloop
 endfacet
 facet normal -9.854595e-01  1.699104e-01  0.000000e+00
   outer loop
     vertex -3.036112e+00  3.673976e+01  0.000000e+00
     vertex -3.085420e+00  3.645378e+01  0.000000e+00
     vertex -3.085420e+00  3.645378e+01  2.500005e+00
   endloop
 endfacet
 facet normal -9.854595e-01  1.699104e-01  0.000000e+00
   outer loop
     vertex -3.036112e+00  3.673976e+01  0.000000e+00
     vertex -3.085420e+00  3.645378e+01  2.500005e+00
     vertex -3.036112e+00  3.673976e+01  2.500005e+00
   endloop
 endfacet
 facet normal -9.715671e-01 -2.367644e-01  0.000000e+00
   outer loop
     vertex -3.036112e+00  2.603139e-01  0.000000e+00
     vertex -2.967403e+00 -2.163487e-02  0.000000e+00
     vertex -2.967403e+00 -2.163487e-02  2.500005e+00
   endloop
 endfacet
 facet normal -9.715671e-01 -2.367644e-01  0.000000e+00
   outer loop
     vertex -3.036112e+00  2.603139e-01  0.000000e+00
     vertex -2.967403e+00 -2.163487e-02  2.500005e+00
     vertex -3.036112e+00  2.603139e-01  2.500005e+00
   endloop
 endfacet
 facet normal -9.715671e-01  2.367644e-01  0.000000e+00
   outer loop
     vertex -2.967403e+00  3.702171e+01  0.000000e+00
     vertex -3.036112e+00  3.673976e+01  0.000000e+00
     vertex -3.036112e+00  3.673976e+01  2.500005e+00
   endloop
 endfacet
 facet normal -9.715671e-01  2.367644e-01  0.000000e+00
   outer loop
     vertex -2.967403e+00  3.702171e+01  0.000000e+00
     vertex -3.036112e+00  3.673976e+01  2.500005e+00
     vertex -2.967403e+00  3.702171e+01  2.500005e+00
   endloop
 endfacet
 facet normal -9.531448e-01 -3.025146e-01  0.000000e+00
   outer loop
     vertex -2.967403e+00 -2.163487e-02  0.000000e+00
     vertex -2.879613e+00 -2.982375e-01  0.000000e+00
     vertex -2.879613e+00 -2.982375e-01  2.500005e+00
   endloop
 endfacet
 facet normal -9.531448e-01 -3.025146e-01  0.000000e+00
   outer loop
     vertex -2.967403e+00 -2.163487e-02  0.000000e+00
     vertex -2.879613e+00 -2.982375e-01  2.500005e+00
     vertex -2.967403e+00 -2.163487e-02  2.500005e+00
   endloop
 endfacet
 facet normal -9.531448e-01  3.025146e-01  0.000000e+00
   outer loop
     vertex -2.879613e+00  3.729831e+01  0.000000e+00
     vertex -2.967403e+00  3.702171e+01  0.000000e+00
     vertex -2.967403e+00  3.702171e+01  2.500005e+00
   endloop
 endfacet
 facet normal -9.531448e-01  3.025146e-01  0.000000e+00
   outer loop
     vertex -2.879613e+00  3.729831e+01  0.000000e+00
     vertex -2.967403e+00  3.702171e+01  2.500005e+00
     vertex -2.879613e+00  3.729831e+01  2.500005e+00
   endloop
 endfacet
 facet normal -9.302784e-01 -3.668542e-01  0.000000e+00
   outer loop
     vertex -2.879613e+00 -2.982375e-01  0.000000e+00
     vertex -2.773152e+00 -5.682044e-01  0.000000e+00
     vertex -2.773152e+00 -5.682044e-01  2.500005e+00
   endloop
 endfacet
 facet normal -9.302784e-01 -3.668542e-01  0.000000e+00
   outer loop
     vertex -2.879613e+00 -2.982375e-01  0.000000e+00
     vertex -2.773152e+00 -5.682044e-01  2.500005e+00
     vertex -2.879613e+00 -2.982375e-01  2.500005e+00
   endloop
 endfacet
 facet normal -9.302784e-01  3.668542e-01  0.000000e+00
   outer loop
     vertex -2.773152e+00  3.756828e+01  0.000000e+00
     vertex -2.879613e+00  3.729831e+01  0.000000e+00
     vertex -2.879613e+00  3.729831e+01  2.500005e+00
   endloop
 endfacet
 facet normal -9.302784e-01  3.668542e-01  0.000000e+00
   outer loop
     vertex -2.773152e+00  3.756828e+01  0.000000e+00
     vertex -2.879613e+00  3.729831e+01  2.500005e+00
     vertex -2.773152e+00  3.756828e+01  2.500005e+00
   endloop
 endfacet
 facet normal -9.030747e-01 -4.294834e-01  0.000000e+00
   outer loop
     vertex -2.773152e+00 -5.682044e-01  0.000000e+00
     vertex -2.648516e+00 -8.302767e-01  0.000000e+00
     vertex -2.648516e+00 -8.302767e-01  2.500005e+00
   endloop
 endfacet
 facet normal -9.030747e-01 -4.294834e-01  0.000000e+00
   outer loop
     vertex -2.773152e+00 -5.682044e-01  0.000000e+00
     vertex -2.648516e+00 -8.302767e-01  2.500005e+00
     vertex -2.773152e+00 -5.682044e-01  2.500005e+00
   endloop
 endfacet
 facet normal -9.030747e-01  4.294834e-01  0.000000e+00
   outer loop
     vertex -2.648516e+00  3.783035e+01  0.000000e+00
     vertex -2.773152e+00  3.756828e+01  0.000000e+00
     vertex -2.773152e+00  3.756828e+01  2.500005e+00
   endloop
 endfacet
 facet normal -9.030747e-01  4.294834e-01  0.000000e+00
   outer loop
     vertex -2.648516e+00  3.783035e+01  0.000000e+00
     vertex -2.773152e+00  3.756828e+01  2.500005e+00
     vertex -2.648516e+00  3.783035e+01  2.500005e+00
   endloop
 endfacet
 facet normal -8.716605e-01 -4.901102e-01  0.000000e+00
   outer loop
     vertex -2.648516e+00 -8.302767e-01  0.000000e+00
     vertex -2.506286e+00 -1.083233e+00  0.000000e+00
     vertex -2.506286e+00 -1.083233e+00  2.500005e+00
   endloop
 endfacet
 facet normal -8.716605e-01 -4.901102e-01  0.000000e+00
   outer loop
     vertex -2.648516e+00 -8.302767e-01  0.000000e+00
     vertex -2.506286e+00 -1.083233e+00  2.500005e+00
     vertex -2.648516e+00 -8.302767e-01  2.500005e+00
   endloop
 endfacet
 facet normal -8.716605e-01  4.901102e-01  0.000000e+00
   outer loop
     vertex -2.506286e+00  3.808331e+01  0.000000e+00
     vertex -2.648516e+00  3.783035e+01  0.000000e+00
     vertex -2.648516e+00  3.783035e+01  2.500005e+00
   endloop
 endfacet
 facet normal -8.716605e-01  4.901102e-01  0.000000e+00
   outer loop
     vertex -2.506286e+00  3.808331e+01  0.000000e+00
     vertex -2.648516e+00  3.783035e+01  2.500005e+00
     vertex -2.506286e+00  3.808331e+01  2.500005e+00
   endloop
 endfacet
 facet normal -8.361821e-01 -5.484519e-01  0.000000e+00
   outer loop
     vertex -2.506286e+00 -1.083233e+00  0.000000e+00
     vertex -2.347125e+00 -1.325893e+00  0.000000e+00
     vertex -2.347125e+00 -1.325893e+00  2.500005e+00
   endloop
 endfacet
 facet normal -8.361821e-01 -5.484519e-01  0.000000e+00
   outer loop
     vertex -2.506286e+00 -1.083233e+00  0.000000e+00
     vertex -2.347125e+00 -1.325893e+00  2.500005e+00
     vertex -2.506286e+00 -1.083233e+00  2.500005e+00
   endloop
 endfacet
 facet normal -8.361821e-01  5.484519e-01  0.000000e+00
   outer loop
     vertex -2.347125e+00  3.832597e+01  0.000000e+00
     vertex -2.506286e+00  3.808331e+01  0.000000e+00
     vertex -2.506286e+00  3.808331e+01  2.500005e+00
   endloop
 endfacet
 facet normal -8.361821e-01  5.484519e-01  0.000000e+00
   outer loop
     vertex -2.347125e+00  3.832597e+01  0.000000e+00
     vertex -2.506286e+00  3.808331e+01  2.500005e+00
     vertex -2.347125e+00  3.832597e+01  2.500005e+00
   endloop
 endfacet
 facet normal -7.968051e-01 -6.042364e-01  0.000000e+00
   outer loop
     vertex -2.347125e+00 -1.325893e+00  0.000000e+00
     vertex -2.171776e+00 -1.557126e+00  0.000000e+00
     vertex -2.171776e+00 -1.557126e+00  2.500005e+00
   endloop
 endfacet
 facet normal -7.968051e-01 -6.042364e-01  0.000000e+00
   outer loop
     vertex -2.347125e+00 -1.325893e+00  0.000000e+00
     vertex -2.171776e+00 -1.557126e+00  2.500005e+00
     vertex -2.347125e+00 -1.325893e+00  2.500005e+00
   endloop
 endfacet
 facet normal -7.968051e-01  6.042364e-01  0.000000e+00
   outer loop
     vertex -2.171776e+00  3.855720e+01  0.000000e+00
     vertex -2.347125e+00  3.832597e+01  0.000000e+00
     vertex -2.347125e+00  3.832597e+01  2.500005e+00
   endloop
 endfacet
 facet normal -7.968051e-01  6.042364e-01  0.000000e+00
   outer loop
     vertex -2.171776e+00  3.855720e+01  0.000000e+00
     vertex -2.347125e+00  3.832597e+01  2.500005e+00
     vertex -2.171776e+00  3.855720e+01  2.500005e+00
   endloop
 endfacet
 facet normal -7.537130e-01 -6.572037e-01  0.000000e+00
   outer loop
     vertex -2.171776e+00 -1.557126e+00  0.000000e+00
     vertex -1.981056e+00 -1.775853e+00  0.000000e+00
     vertex -1.981056e+00 -1.775853e+00  2.500005e+00
   endloop
 endfacet
 facet normal -7.537130e-01 -6.572037e-01  0.000000e+00
   outer loop
     vertex -2.171776e+00 -1.557126e+00  0.000000e+00
     vertex -1.981056e+00 -1.775853e+00  2.500005e+00
     vertex -2.171776e+00 -1.557126e+00  2.500005e+00
   endloop
 endfacet
 facet normal -7.537130e-01  6.572037e-01  0.000000e+00
   outer loop
     vertex -1.981056e+00  3.877593e+01  0.000000e+00
     vertex -2.171776e+00  3.855720e+01  0.000000e+00
     vertex -2.171776e+00  3.855720e+01  2.500005e+00
   endloop
 endfacet
 facet normal -7.537130e-01  6.572037e-01  0.000000e+00
   outer loop
     vertex -1.981056e+00  3.877593e+01  0.000000e+00
     vertex -2.171776e+00  3.855720e+01  2.500005e+00
     vertex -1.981056e+00  3.877593e+01  2.500005e+00
   endloop
 endfacet
 facet normal -7.071068e-01 -7.071068e-01  0.000000e+00
   outer loop
     vertex -1.981056e+00 -1.775853e+00  0.000000e+00
     vertex -1.775853e+00 -1.981056e+00  0.000000e+00
     vertex -1.775853e+00 -1.981056e+00  2.500005e+00
   endloop
 endfacet
 facet normal -7.071068e-01 -7.071068e-01  0.000000e+00
   outer loop
     vertex -1.981056e+00 -1.775853e+00  0.000000e+00
     vertex -1.775853e+00 -1.981056e+00  2.500005e+00
     vertex -1.981056e+00 -1.775853e+00  2.500005e+00
   endloop
 endfacet
 facet normal -7.071068e-01  7.071068e-01  0.000000e+00
   outer loop
     vertex -1.775853e+00  3.898113e+01  0.000000e+00
     vertex -1.981056e+00  3.877593e+01  0.000000e+00
     vertex -1.981056e+00  3.877593e+01  2.500005e+00
   endloop
 endfacet
 facet normal -7.071068e-01  7.071068e-01  0.000000e+00
   outer loop
     vertex -1.775853e+00  3.898113e+01  0.000000e+00
     vertex -1.981056e+00  3.877593e+01  2.500005e+00
     vertex -1.775853e+00  3.898113e+01  2.500005e+00
   endloop
 endfacet
 facet normal -6.572037e-01 -7.537130e-01  0.000000e+00
   outer loop
     vertex -1.775853e+00 -1.981056e+00  0.000000e+00
     vertex -1.557126e+00 -2.171776e+00  0.000000e+00
     vertex -1.557126e+00 -2.171776e+00  2.500005e+00
   endloop
 endfacet
 facet normal -6.572037e-01 -7.537130e-01  0.000000e+00
   outer loop
     vertex -1.775853e+00 -1.981056e+00  0.000000e+00
     vertex -1.557126e+00 -2.171776e+00  2.500005e+00
     vertex -1.775853e+00 -1.981056e+00  2.500005e+00
   endloop
 endfacet
 facet normal -6.572037e-01  7.537130e-01  0.000000e+00
   outer loop
     vertex -1.557126e+00  3.917185e+01  0.000000e+00
     vertex -1.775853e+00  3.898113e+01  0.000000e+00
     vertex -1.775853e+00  3.898113e+01  2.500005e+00
   endloop
 endfacet
 facet normal -6.572037e-01  7.537130e-01  0.000000e+00
   outer loop
     vertex -1.557126e+00  3.917185e+01  0.000000e+00
     vertex -1.775853e+00  3.898113e+01  2.500005e+00
     vertex -1.557126e+00  3.917185e+01  2.500005e+00
   endloop
 endfacet
 facet normal -6.042364e-01 -7.968051e-01  0.000000e+00
   outer loop
     vertex -1.557126e+00 -2.171776e+00  0.000000e+00
     vertex -1.325893e+00 -2.347125e+00  0.000000e+00
     vertex -1.325893e+00 -2.347125e+00  2.500005e+00
   endloop
 endfacet
 facet normal -6.042364e-01 -7.968051e-01  0.000000e+00
   outer loop
     vertex -1.557126e+00 -2.171776e+00  0.000000e+00
     vertex -1.325893e+00 -2.347125e+00  2.500005e+00
     vertex -1.557126e+00 -2.171776e+00  2.500005e+00
   endloop
 endfacet
 facet normal -6.042364e-01  7.968051e-01  0.000000e+00
   outer loop
     vertex -1.325893e+00  3.934720e+01  0.000000e+00
     vertex -1.557126e+00  3.917185e+01  0.000000e+00
     vertex -1.557126e+00  3.917185e+01  2.500005e+00
   endloop
 endfacet
 facet normal -6.042364e-01  7.968051e-01  0.000000e+00
   outer loop
     vertex -1.325893e+00  3.934720e+01  0.000000e+00
     vertex -1.557126e+00  3.917185e+01  2.500005e+00
     vertex -1.325893e+00  3.934720e+01  2.500005e+00
   endloop
 endfacet
 facet normal -5.484519e-01 -8.361821e-01  0.000000e+00
   outer loop
     vertex -1.325893e+00 -2.347125e+00  0.000000e+00
     vertex -1.083233e+00 -2.506286e+00  0.000000e+00
     vertex -1.083233e+00 -2.506286e+00  2.500005e+00
   endloop
 endfacet
 facet normal -5.484519e-01 -8.361821e-01  0.000000e+00
   outer loop
     vertex -1.325893e+00 -2.347125e+00  0.000000e+00
     vertex -1.083233e+00 -2.506286e+00  2.500005e+00
     vertex -1.325893e+00 -2.347125e+00  2.500005e+00
   endloop
 endfacet
 facet normal -5.484519e-01  8.361821e-01  0.000000e+00
   outer loop
     vertex -1.083233e+00  3.950636e+01  0.000000e+00
     vertex -1.325893e+00  3.934720e+01  0.000000e+00
     vertex -1.325893e+00  3.934720e+01  2.500005e+00
   endloop
 endfacet
 facet normal -5.484519e-01  8.361821e-01  0.000000e+00
   outer loop
     vertex -1.083233e+00  3.950636e+01  0.000000e+00
     vertex -1.325893e+00  3.934720e+01  2.500005e+00
     vertex -1.083233e+00  3.950636e+01  2.500005e+00
   endloop
 endfacet
 facet normal -4.901102e-01 -8.716605e-01  0.000000e+00
   outer loop
     vertex -1.083233e+00 -2.506286e+00  0.000000e+00
     vertex -8.302767e-01 -2.648516e+00  0.000000e+00
     vertex -8.302767e-01 -2.648516e+00  2.500005e+00
   endloop
 endfacet
 facet normal -4.901102e-01 -8.716605e-01  0.000000e+00
   outer loop
     vertex -1.083233e+00 -2.506286e+00  0.000000e+00
     vertex -8.302767e-01 -2.648516e+00  2.500005e+00
     vertex -1.083233e+00 -2.506286e+00  2.500005e+00
   endloop
 endfacet
 facet normal -4.901102e-01  8.716605e-01  0.000000e+00
   outer loop
     vertex -8.302767e-01  3.964859e+01  0.000000e+00
     vertex -1.083233e+00  3.950636e+01  0.000000e+00
     vertex -1.083233e+00  3.950636e+01  2.500005e+00
   endloop
 endfacet
 facet normal -4.901102e-01  8.716605e-01  0.000000e+00
   outer loop
     vertex -8.302767e-01  3.964859e+01  0.000000e+00
     vertex -1.083233e+00  3.950636e+01  2.500005e+00
     vertex -8.302767e-01  3.964859e+01  2.500005e+00
   endloop
 endfacet
 facet normal -4.294834e-01 -9.030747e-01  0.000000e+00
   outer loop
     vertex -8.302767e-01 -2.648516e+00  0.000000e+00
     vertex -5.682044e-01 -2.773152e+00  0.000000e+00
     vertex -5.682044e-01 -2.773152e+00  2.500005e+00
   endloop
 endfacet
 facet normal -4.294834e-01 -9.030747e-01  0.000000e+00
   outer loop
     vertex -8.302767e-01 -2.648516e+00  0.000000e+00
     vertex -5.682044e-01 -2.773152e+00  2.500005e+00
     vertex -8.302767e-01 -2.648516e+00  2.500005e+00
   endloop
 endfacet
 facet normal -4.294834e-01  9.030747e-01  0.000000e+00
   outer loop
     vertex -5.682044e-01  3.977323e+01  0.000000e+00
     vertex -8.302767e-01  3.964859e+01  0.000000e+00
     vertex -8.302767e-01  3.964859e+01  2.500005e+00
   endloop
 endfacet
 facet normal -4.294834e-01  9.030747e-01  0.000000e+00
   outer loop
     vertex -5.682044e-01  3.977323e+01  0.000000e+00
     vertex -8.302767e-01  3.964859e+01  2.500005e+00
     vertex -5.682044e-01  3.977323e+01  2.500005e+00
   endloop
 endfacet
 facet normal -3.668542e-01 -9.302784e-01  0.000000e+00
   outer loop
     vertex -5.682044e-01 -2.773152e+00  0.000000e+00
     vertex -2.982375e-01 -2.879613e+00  0.000000e+00
     vertex -2.982375e-01 -2.879613e+00  2.500005e+00
   endloop
 endfacet
 facet normal -3.668542e-01 -9.302784e-01  0.000000e+00
   outer loop
     vertex -5.682044e-01 -2.773152e+00  0.000000e+00
     vertex -2.982375e-01 -2.879613e+00  2.500005e+00
     vertex -5.682044e-01 -2.773152e+00  2.500005e+00
   endloop
 endfacet
 facet normal -3.668542e-01  9.302784e-01  0.000000e+00
   outer loop
     vertex -2.982375e-01  3.987969e+01  0.000000e+00
     vertex -5.682044e-01  3.977323e+01  0.000000e+00
     vertex -5.682044e-01  3.977323e+01  2.500005e+00
   endloop
 endfacet
 facet normal -3.668542e-01  9.302784e-01  0.000000e+00
   outer loop
     vertex -2.982375e-01  3.987969e+01  0.000000e+00
     vertex -5.682044e-01  3.977323e+01  2.500005e+00
     vertex -2.982375e-01  3.987969e+01  2.500005e+00
   endloop
 endfacet
 facet normal -3.025146e-01 -9.531448e-01  0.000000e+00
   outer loop
     vertex -2.982375e-01 -2.879613e+00  0.000000e+00
     vertex -2.163487e-02 -2.967403e+00  0.000000e+00
     vertex -2.163487e-02 -2.967403e+00  2.500005e+00
   endloop
 endfacet
 facet normal -3.025146e-01 -9.531448e-01  0.000000e+00
   outer loop
     vertex -2.982375e-01 -2.879613e+00  0.000000e+00
     vertex -2.163487e-02 -2.967403e+00  2.500005e+00
     vertex -2.982375e-01 -2.879613e+00  2.500005e+00
   endloop
 endfacet
 facet normal -3.025146e-01  9.531448e-01  0.000000e+00
   outer loop
     vertex -2.163487e-02  3.996748e+01  0.000000e+00
     vertex -2.982375e-01  3.987969e+01  0.000000e+00
     vertex -2.982375e-01  3.987969e+01  2.500005e+00
   endloop
 endfacet
 facet normal -3.025146e-01  9.531448e-01  0.000000e+00
   outer loop
     vertex -2.163487e-02  3.996748e+01  0.000000e+00
     vertex -2.982375e-01  3.987969e+01  2.500005e+00
     vertex -2.163487e-02  3.996748e+01  2.500005e+00
   endloop
 endfacet
 facet normal -2.367644e-01 -9.715671e-01  0.000000e+00
   outer loop
     vertex -2.163487e-02 -2.967403e+00  0.000000e+00
     vertex  2.603139e-01 -3.036112e+00  0.000000e+00
     vertex  2.603139e-01 -3.036112e+00  2.500005e+00
   endloop
 endfacet
 facet normal -2.367644e-01 -9.715671e-01  0.000000e+00
   outer loop
     vertex -2.163487e-02 -2.967403e+00  0.000000e+00
     vertex  2.603139e-01 -3.036112e+00  2.500005e+00
     vertex -2.163487e-02 -2.967403e+00  2.500005e+00
   endloop
 endfacet
 facet normal -2.367644e-01  9.715671e-01  0.000000e+00
   outer loop
     vertex  2.603139e-01  4.003619e+01  0.000000e+00
     vertex -2.163487e-02  3.996748e+01  0.000000e+00
     vertex -2.163487e-02  3.996748e+01  2.500005e+00
   endloop
 endfacet
 facet normal -2.367644e-01  9.715671e-01  0.000000e+00
   outer loop
     vertex  2.603139e-01  4.003619e+01  0.000000e+00
     vertex -2.163487e-02  3.996748e+01  2.500005e+00
     vertex  2.603139e-01  4.003619e+01  2.500005e+00
   endloop
 endfacet
 facet normal -1.699104e-01 -9.854595e-01  0.000000e+00
   outer loop
     vertex  2.603139e-01 -3.036112e+00  0.000000e+00
     vertex  5.462943e-01 -3.085420e+00  0.000000e+00
     vertex  5.462943e-01 -3.085420e+00  2.500005e+00
   endloop
 endfacet
 facet normal -1.699104e-01 -9.854595e-01  0.000000e+00
   outer loop
     vertex  2.603139e-01 -3.036112e+00  0.000000e+00
     vertex  5.462943e-01 -3.085420e+00  2.500005e+00
     vertex  2.603139e-01 -3.036112e+00  2.500005e+00
   endloop
 endfacet
 facet normal -1.699104e-01  9.854595e-01  0.000000e+00
   outer loop
     vertex  5.462943e-01  4.008550e+01  0.000000e+00
     vertex  2.603139e-01  4.003619e+01  0.000000e+00
     vertex  2.603139e-01  4.003619e+01  2.500005e+00
   endloop
 endfacet
 facet normal -1.699104e-01  9.854595e-01  0.000000e+00
   outer loop
     vertex  5.462943e-01  4.008550e+01  0.000000e+00
     vertex  2.603139e-01  4.003619e+01  2.500005e+00
     vertex  5.462943e-01  4.008550e+01  2.500005e+00
   endloop
 endfacet
 facet normal -1.022641e-01 -9.947573e-01  0.000000e+00
   outer loop
     vertex  5.462943e-01 -3.085420e+00  0.000000e+00
     vertex  8.349729e-01 -3.115097e+00  0.000000e+00
     vertex  8.349729e-01 -3.115097e+00  2.500005e+00
   endloop
 endfacet
 facet normal -1.022641e-01 -9.947573e-01  0.000000e+00
   outer loop
     vertex  5.462943e-01 -3.085420e+00  0.000000e+00
     vertex  8.349729e-01 -3.115097e+00  2.500005e+00
     vertex  5.462943e-01 -3.085420e+00  2.500005e+00
   endloop
 endfacet
 facet normal -1.022641e-01  9.947573e-01  0.000000e+00
   outer loop
     vertex  8.349729e-01  4.011517e+01  0.000000e+00
     vertex  5.462943e-01  4.008550e+01  0.000000e+00
     vertex  5.462943e-01  4.008550e+01  2.500005e+00
   endloop
 endfacet
 facet normal -1.022641e-01  9.947573e-01  0.000000e+00
   outer loop
     vertex  8.349729e-01  4.011517e+01  0.000000e+00
     vertex  5.462943e-01  4.008550e+01  2.500005e+00
     vertex  8.349729e-01  4.011517e+01  2.500005e+00
   endloop
 endfacet
 facet normal -3.414111e-02 -9.994170e-01  0.000000e+00
   outer loop
     vertex  8.349729e-01 -3.115097e+00  0.000000e+00
     vertex  1.125004e+00 -3.125005e+00  0.000000e+00
     vertex  1.125004e+00 -3.125005e+00  2.500005e+00
   endloop
 endfacet
 facet normal -3.414111e-02 -9.994170e-01  0.000000e+00
   outer loop
     vertex  8.349729e-01 -3.115097e+00  0.000000e+00
     vertex  1.125004e+00 -3.125005e+00  2.500005e+00
     vertex  8.349729e-01 -3.115097e+00  2.500005e+00
   endloop
 endfacet
 facet normal -3.414111e-02  9.994170e-01  0.000000e+00
   outer loop
     vertex  1.125004e+00  4.012508e+01  0.000000e+00
     vertex  8.349729e-01  4.011517e+01  0.000000e+00
     vertex  8.349729e-01  4.011517e+01  2.500005e+00
   endloop
 endfacet
 facet normal -3.414111e-02  9.994170e-01  0.000000e+00
   outer loop
     vertex  1.125004e+00  4.012508e+01  0.000000e+00
     vertex  8.349729e-01  4.011517e+01  2.500005e+00
     vertex  1.125004e+00  4.012508e+01  2.500005e+00
   endloop
 endfacet
 facet normal  3.200637e-17 -1.000000e+00  0.000000e+00
   outer loop
     vertex  1.125004e+00 -3.125005e+00  0.000000e+00
     vertex  2.887506e+01 -3.125005e+00  0.000000e+00
     vertex  2.887506e+01 -3.125005e+00  2.500005e+00
   endloop
 endfacet
 facet normal  3.200637e-17 -1.000000e+00  0.000000e+00
   outer loop
     vertex  1.125004e+00 -3.125005e+00  0.000000e+00
     vertex  2.887506e+01 -3.125005e+00  2.500005e+00
     vertex  1.125004e+00 -3.125005e+00  2.500005e+00
   endloop
 endfacet
 facet normal  0.000000e+00  1.000000e+00  0.000000e+00
   outer loop
     vertex  2.887506e+01  4.012508e+01  0.000000e+00
     vertex  1.125004e+00  4.012508e+01  0.000000e+00
     vertex  1.125004e+00  4.012508e+01  2.500005e+00
   endloop
 endfacet
 facet normal  0.000000e+00  1.000000e+00 -0.000000e+00
   outer loop
     vertex  2.887506e+01  4.012508e+01  0.000000e+00
     vertex  1.125004e+00  4.012508e+01  2.500005e+00
     vertex  2.887506e+01  4.012508e+01  2.500005e+00
   endloop
 endfacet
 facet normal  3.414111e-02 -9.994170e-01  0.000000e+00
   outer loop
     vertex  2.887506e+01 -3.125005e+00  0.000000e+00
     vertex  2.916509e+01 -3.115097e+00  0.000000e+00
     vertex  2.916509e+01 -3.115097e+00  2.500005e+00
   endloop
 endfacet
 facet normal  3.414111e-02 -9.994170e-01  0.000000e+00
   outer loop
     vertex  2.887506e+01 -3.125005e+00  0.000000e+00
     vertex  2.916509e+01 -3.115097e+00  2.500005e+00
     vertex  2.887506e+01 -3.125005e+00  2.500005e+00
   endloop
 endfacet
 facet normal  3.414111e-02  9.994170e-01  0.000000e+00
   outer loop
     vertex  2.916509e+01  4.011517e+01  0.000000e+00
     vertex  2.887506e+01  4.012508e+01  0.000000e+00
     vertex  2.887506e+01  4.012508e+01  2.500005e+00
   endloop
 endfacet
 facet normal  3.414111e-02  9.994170e-01 -0.000000e+00
   outer loop
     vertex  2.916509e+01  4.011517e+01  0.000000e+00
     vertex  2.887506e+01  4.012508e+01  2.500005e+00
     vertex  2.916509e+01  4.011517e+01  2.500005e+00
   endloop
 endfacet
 facet normal  1.022641e-01 -9.947573e-01  0.000000e+00
   outer loop
     vertex  2.916509e+01 -3.115097e+00  0.000000e+00
     vertex  2.945377e+01 -3.085420e+00  0.000000e+00
     vertex  2.945377e+01 -3.085420e+00  2.500005e+00
   endloop
 endfacet
 facet normal  1.022641e-01 -9.947573e-01  0.000000e+00
   outer loop
     vertex  2.916509e+01 -3.115097e+00  0.000000e+00
     vertex  2.945377e+01 -3.085420e+00  2.500005e+00
     vertex  2.916509e+01 -3.115097e+00  2.500005e+00
   endloop
 endfacet
 facet normal  1.022641e-01  9.947573e-01  0.000000e+00
   outer loop
     vertex  2.945377e+01  4.008550e+01  0.000000e+00
     vertex  2.916509e+01  4.011517e+01  0.000000e+00
     vertex  2.916509e+01  4.011517e+01  2.500005e+00
   endloop
 endfacet
 facet normal  1.022641e-01  9.947573e-01 -0.000000e+00
   outer loop
     vertex  2.945377e+01  4.008550e+01  0.000000e+00
     vertex  2.916509e+01  4.011517e+01  2.500005e+00
     vertex  2.945377e+01  4.008550e+01  2.500005e+00
   endloop
 endfacet
 facet normal  1.699104e-01 -9.854595e-01  0.000000e+00
   outer loop
     vertex  2.945377e+01 -3.085420e+00  0.000000e+00
     vertex  2.973975e+01 -3.036112e+00  0.000000e+00
     vertex  2.973975e+01 -3.036112e+00  2.500005e+00
   endloop
 endfacet
 facet normal  1.699104e-01 -9.854595e-01  0.000000e+00
   outer loop
     vertex  2.945377e+01 -3.085420e+00  0.000000e+00
     vertex  2.973975e+01 -3.036112e+00  2.500005e+00
     vertex  2.945377e+01 -3.085420e+00  2.500005e+00
   endloop
 endfacet
 facet normal  1.699104e-01  9.854595e-01  0.000000e+00
   outer loop
     vertex  2.973975e+01  4.003619e+01  0.000000e+00
     vertex  2.945377e+01  4.008550e+01  0.000000e+00
     vertex  2.945377e+01  4.008550e+01  2.500005e+00
   endloop
 endfacet
 facet normal  1.699104e-01  9.854595e-01 -0.000000e+00
   outer loop
     vertex  2.973975e+01  4.003619e+01  0.000000e+00
     vertex  2.945377e+01  4.008550e+01  2.500005e+00
     vertex  2.973975e+01  4.003619e+01  2.500005e+00
   endloop
 endfacet
 facet normal  2.367644e-01 -9.715671e-01  0.000000e+00
   outer loop
     vertex  2.973975e+01 -3.036112e+00  0.000000e+00
     vertex  3.002170e+01 -2.967403e+00  0.000000e+00
     vertex  3.002170e+01 -2.967403e+00  2.500005e+00
   endloop
 endfacet
 facet normal  2.367644e-01 -9.715671e-01  0.000000e+00
   outer loop
     vertex  2.973975e+01 -3.036112e+00  0.000000e+00
     vertex  3.002170e+01 -2.967403e+00  2.500005e+00
     vertex  2.973975e+01 -3.036112e+00  2.500005e+00
   endloop
 endfacet
 facet normal  2.367644e-01  9.715671e-01  0.000000e+00
   outer loop
     vertex  3.002170e+01  3.996748e+01  0.000000e+00
     vertex  2.973975e+01  4.003619e+01  0.000000e+00
     vertex  2.973975e+01  4.003619e+01  2.500005e+00
   endloop
 endfacet
 facet normal  2.367644e-01  9.715671e-01 -0.000000e+00
   outer loop
     vertex  3.002170e+01  3.996748e+01  0.000000e+00
     vertex  2.973975e+01  4.003619e+01  2.500005e+00
     vertex  3.002170e+01  3.996748e+01  2.500005e+00
   endloop
 endfacet
 facet normal  3.025146e-01 -9.531448e-01  0.000000e+00
   outer loop
     vertex  3.002170e+01 -2.967403e+00  0.000000e+00
     vertex  3.029830e+01 -2.879613e+00  0.000000e+00
     vertex  3.029830e+01 -2.879613e+00  2.500005e+00
   endloop
 endfacet
 facet normal  3.025146e-01 -9.531448e-01  0.000000e+00
   outer loop
     vertex  3.002170e+01 -2.967403e+00  0.000000e+00
     vertex  3.029830e+01 -2.879613e+00  2.500005e+00
     vertex  3.002170e+01 -2.967403e+00  2.500005e+00
   endloop
 endfacet
 facet normal  3.025146e-01  9.531448e-01  0.000000e+00
   outer loop
     vertex  3.029830e+01  3.987969e+01  0.000000e+00
     vertex  3.002170e+01  3.996748e+01  0.000000e+00
     vertex  3.002170e+01  3.996748e+01  2.500005e+00
   endloop
 endfacet
 facet normal  3.025146e-01  9.531448e-01 -0.000000e+00
   outer loop
     vertex  3.029830e+01  3.987969e+01  0.000000e+00
     vertex  3.002170e+01  3.996748e+01  2.500005e+00
     vertex  3.029830e+01  3.987969e+01  2.500005e+00
   endloop
 endfacet
 facet normal  3.668542e-01 -9.302784e-01  0.000000e+00
   outer loop
     vertex  3.029830e+01 -2.879613e+00  0.000000e+00
     vertex  3.056827e+01 -2.773152e+00  0.000000e+00
     vertex  3.056827e+01 -2.773152e+00  2.500005e+00
   endloop
 endfacet
 facet normal  3.668542e-01 -9.302784e-01  0.000000e+00
   outer loop
     vertex  3.029830e+01 -2.879613e+00  0.000000e+00
     vertex  3.056827e+01 -2.773152e+00  2.500005e+00
     vertex  3.029830e+01 -2.879613e+00  2.500005e+00
   endloop
 endfacet
 facet normal  3.668542e-01  9.302784e-01  0.000000e+00
   outer loop
     vertex  3.056827e+01  3.977323e+01  0.000000e+00
     vertex  3.029830e+01  3.987969e+01  0.000000e+00
     vertex  3.029830e+01  3.987969e+01  2.500005e+00
   endloop
 endfacet
 facet normal  3.668542e-01  9.302784e-01 -0.000000e+00
   outer loop
     vertex  3.056827e+01  3.977323e+01  0.000000e+00
     vertex  3.029830e+01  3.987969e+01  2.500005e+00
     vertex  3.056827e+01  3.977323e+01  2.500005e+00
   endloop
 endfacet
 facet normal  4.294834e-01 -9.030747e-01  0.000000e+00
   outer loop
     vertex  3.056827e+01 -2.773152e+00  0.000000e+00
     vertex  3.083034e+01 -2.648516e+00  0.000000e+00
     vertex  3.083034e+01 -2.648516e+00  2.500005e+00
   endloop
 endfacet
 facet normal  4.294834e-01 -9.030747e-01  0.000000e+00
   outer loop
     vertex  3.056827e+01 -2.773152e+00  0.000000e+00
     vertex  3.083034e+01 -2.648516e+00  2.500005e+00
     vertex  3.056827e+01 -2.773152e+00  2.500005e+00
   endloop
 endfacet
 facet normal  4.294834e-01  9.030747e-01  0.000000e+00
   outer loop
     vertex  3.083034e+01  3.964859e+01  0.000000e+00
     vertex  3.056827e+01  3.977323e+01  0.000000e+00
     vertex  3.056827e+01  3.977323e+01  2.500005e+00
   endloop
 endfacet
 facet normal  4.294834e-01  9.030747e-01 -0.000000e+00
   outer loop
     vertex  3.083034e+01  3.964859e+01  0.000000e+00
     vertex  3.056827e+01  3.977323e+01  2.500005e+00
     vertex  3.083034e+01  3.964859e+01  2.500005e+00
   endloop
 endfacet
 facet normal  4.901102e-01 -8.716605e-01  0.000000e+00
   outer loop
     vertex  3.083034e+01 -2.648516e+00  0.000000e+00
     vertex  3.108329e+01 -2.506286e+00  0.000000e+00
     vertex  3.108329e+01 -2.506286e+00  2.500005e+00
   endloop
 endfacet
 facet normal  4.901102e-01 -8.716605e-01  0.000000e+00
   outer loop
     vertex  3.083034e+01 -2.648516e+00  0.000000e+00
     vertex  3.108329e+01 -2.506286e+00  2.500005e+00
     vertex  3.083034e+01 -2.648516e+00  2.500005e+00
   endloop
 endfacet
 facet normal  4.901102e-01  8.716605e-01  0.000000e+00
   outer loop
     vertex  3.108329e+01  3.950636e+01  0.000000e+00
     vertex  3.083034e+01  3.964859e+01  0.000000e+00
     vertex  3.083034e+01  3.964859e+01  2.500005e+00
   endloop
 endfacet
 facet normal  4.901102e-01  8.716605e-01 -0.000000e+00
   outer loop
     vertex  3.108329e+01  3.950636e+01  0.000000e+00
     vertex  3.083034e+01  3.964859e+01  2.500005e+00
     vertex  3.108329e+01  3.950636e+01  2.500005e+00
   endloop
 endfacet
 facet normal  5.484519e-01 -8.361821e-01  0.000000e+00
   outer loop
     vertex  3.108329e+01 -2.506286e+00  0.000000e+00
     vertex  3.132595e+01 -2.347125e+00  0.000000e+00
     vertex  3.132595e+01 -2.347125e+00  2.500005e+00
   endloop
 endfacet
 facet normal  5.484519e-01 -8.361821e-01  0.000000e+00
   outer loop
     vertex  3.108329e+01 -2.506286e+00  0.000000e+00
     vertex  3.132595e+01 -2.347125e+00  2.500005e+00
     vertex  3.108329e+01 -2.506286e+00  2.500005e+00
   endloop
 endfacet
 facet normal  5.484519e-01  8.361821e-01  0.000000e+00
   outer loop
     vertex  3.132595e+01  3.934720e+01  0.000000e+00
     vertex  3.108329e+01  3.950636e+01  0.000000e+00
     vertex  3.108329e+01  3.950636e+01  2.500005e+00
   endloop
 endfacet
 facet normal  5.484519e-01  8.361821e-01 -0.000000e+00
   outer loop
     vertex  3.132595e+01  3.934720e+01  0.000000e+00
     vertex  3.108329e+01  3.950636e+01  2.500005e+00
     vertex  3.132595e+01  3.934720e+01  2.500005e+00
   endloop
 endfacet
 facet normal  6.042364e-01 -7.968051e-01  0.000000e+00
   outer loop
     vertex  3.132595e+01 -2.347125e+00  0.000000e+00
     vertex  3.155719e+01 -2.171776e+00  0.000000e+00
     vertex  3.155719e+01 -2.171776e+00  2.500005e+00
   endloop
 endfacet
 facet normal  6.042364e-01 -7.968051e-01  0.000000e+00
   outer loop
     vertex  3.132595e+01 -2.347125e+00  0.000000e+00
     vertex  3.155719e+01 -2.171776e+00  2.500005e+00
     vertex  3.132595e+01 -2.347125e+00  2.500005e+00
   endloop
 endfacet
 facet normal  6.042364e-01  7.968051e-01  0.000000e+00
   outer loop
     vertex  3.155719e+01  3.917185e+01  0.000000e+00
     vertex  3.132595e+01  3.934720e+01  0.000000e+00
     vertex  3.132595e+01  3.934720e+01  2.500005e+00
   endloop
 endfacet
 facet normal  6.042364e-01  7.968051e-01 -0.000000e+00
   outer loop
     vertex  3.155719e+01  3.917185e+01  0.000000e+00
     vertex  3.132595e+01  3.934720e+01  2.500005e+00
     vertex  3.155719e+01  3.917185e+01  2.500005e+00
   endloop
 endfacet
 facet normal  6.572037e-01 -7.537130e-01  0.000000e+00
   outer loop
     vertex  3.155719e+01 -2.171776e+00  0.000000e+00
     vertex  3.177591e+01 -1.981056e+00  0.000000e+00
     vertex  3.177591e+01 -1.981056e+00  2.500005e+00
   endloop
 endfacet
 facet normal  6.572037e-01 -7.537130e-01  0.000000e+00
   outer loop
     vertex  3.155719e+01 -2.171776e+00  0.000000e+00
     vertex  3.177591e+01 -1.981056e+00  2.500005e+00
     vertex  3.155719e+01 -2.171776e+00  2.500005e+00
   endloop
 endfacet
 facet normal  6.572037e-01  7.537130e-01  0.000000e+00
   outer loop
     vertex  3.177591e+01  3.898113e+01  0.000000e+00
     vertex  3.155719e+01  3.917185e+01  0.000000e+00
     vertex  3.155719e+01  3.917185e+01  2.500005e+00
   endloop
 endfacet
 facet normal  6.572037e-01  7.537130e-01 -0.000000e+00
   outer loop
     vertex  3.177591e+01  3.898113e+01  0.000000e+00
     vertex  3.155719e+01  3.917185e+01  2.500005e+00
     vertex  3.177591e+01  3.898113e+01  2.500005e+00
   endloop
 endfacet
 facet normal  7.071068e-01 -7.071068e-01  0.000000e+00
   outer loop
     vertex  3.177591e+01 -1.981056e+00  0.000000e+00
     vertex  3.198112e+01 -1.775853e+00  0.000000e+00
     vertex  3.198112e+01 -1.775853e+00  2.500005e+00
   endloop
 endfacet
 facet normal  7.071068e-01 -7.071068e-01  0.000000e+00
   outer loop
     vertex  3.177591e+01 -1.981056e+00  0.000000e+00
     vertex  3.198112e+01 -1.775853e+00  2.500005e+00
     vertex  3.177591e+01 -1.981056e+00  2.500005e+00
   endloop
 endfacet
 facet normal  7.071068e-01  7.071068e-01  0.000000e+00
   outer loop
     vertex  3.198112e+01  3.877593e+01  0.000000e+00
     vertex  3.177591e+01  3.898113e+01  0.000000e+00
     vertex  3.177591e+01  3.898113e+01  2.500005e+00
   endloop
 endfacet
 facet normal  7.071068e-01  7.071068e-01 -0.000000e+00
   outer loop
     vertex  3.198112e+01  3.877593e+01  0.000000e+00
     vertex  3.177591e+01  3.898113e+01  2.500005e+00
     vertex  3.198112e+01  3.877593e+01  2.500005e+00
   endloop
 endfacet
 facet normal  7.537130e-01 -6.572037e-01  0.000000e+00
   outer loop
     vertex  3.198112e+01 -1.775853e+00  0.000000e+00
     vertex  3.217184e+01 -1.557126e+00  0.000000e+00
     vertex  3.217184e+01 -1.557126e+00  2.500005e+00
   endloop
 endfacet
 facet normal  7.537130e-01 -6.572037e-01  0.000000e+00
   outer loop
     vertex  3.198112e+01 -1.775853e+00  0.000000e+00
     vertex  3.217184e+01 -1.557126e+00  2.500005e+00
     vertex  3.198112e+01 -1.775853e+00  2.500005e+00
   endloop
 endfacet
 facet normal  7.537130e-01  6.572037e-01  0.000000e+00
   outer loop
     vertex  3.217184e+01  3.855720e+01  0.000000e+00
     vertex  3.198112e+01  3.877593e+01  0.000000e+00
     vertex  3.198112e+01  3.877593e+01  2.500005e+00
   endloop
 endfacet
 facet normal  7.537130e-01  6.572037e-01 -0.000000e+00
   outer loop
     vertex  3.217184e+01  3.855720e+01  0.000000e+00
     vertex  3.198112e+01  3.877593e+01  2.500005e+00
     vertex  3.217184e+01  3.855720e+01  2.500005e+00
   endloop
 endfacet
 facet normal  7.968051e-01 -6.042364e-01  0.000000e+00
   outer loop
     vertex  3.217184e+01 -1.557126e+00  0.000000e+00
     vertex  3.234719e+01 -1.325893e+00  0.000000e+00
     vertex  3.234719e+01 -1.325893e+00  2.500005e+00
   endloop
 endfacet
 facet normal  7.968051e-01 -6.042364e-01  0.000000e+00
   outer loop
     vertex  3.217184e+01 -1.557126e+00  0.000000e+00
     vertex  3.234719e+01 -1.325893e+00  2.500005e+00
     vertex  3.217184e+01 -1.557126e+00  2.500005e+00
   endloop
 endfacet
 facet normal  7.968051e-01  6.042364e-01  0.000000e+00
   outer loop
     vertex  3.234719e+01  3.832597e+01  0.000000e+00
     vertex  3.217184e+01  3.855720e+01  0.000000e+00
     vertex  3.217184e+01  3.855720e+01  2.500005e+00
   endloop
 endfacet
 facet normal  7.968051e-01  6.042364e-01 -0.000000e+00
   outer loop
     vertex  3.234719e+01  3.832597e+01  0.000000e+00
     vertex  3.217184e+01  3.855720e+01  2.500005e+00
     vertex  3.234719e+01  3.832597e+01  2.500005e+00
   endloop
 endfacet
 facet normal  8.361821e-01 -5.484519e-01  0.000000e+00
   outer loop
     vertex  3.234719e+01 -1.325893e+00  0.000000e+00
     vertex  3.250635e+01 -1.083233e+00  0.000000e+00
     vertex  3.250635e+01 -1.083233e+00  2.500005e+00
   endloop
 endfacet
 facet normal  8.361821e-01 -5.484519e-01  0.000000e+00
   outer loop
     vertex  3.234719e+01 -1.325893e+00  0.000000e+00
     vertex  3.250635e+01 -1.083233e+00  2.500005e+00
     vertex  3.234719e+01 -1.325893e+00  2.500005e+00
   endloop
 endfacet
 facet normal  8.361821e-01  5.484519e-01  0.000000e+00
   outer loop
     vertex  3.250635e+01  3.808331e+01  0.000000e+00
     vertex  3.234719e+01  3.832597e+01  0.000000e+00
     vertex  3.234719e+01  3.832597e+01  2.500005e+00
   endloop
 endfacet
 facet normal  8.361821e-01  5.484519e-01 -0.000000e+00
   outer loop
     vertex  3.250635e+01  3.808331e+01  0.000000e+00
     vertex  3.234719e+01  3.832597e+01  2.500005e+00
     vertex  3.250635e+01  3.808331e+01  2.500005e+00
   endloop
 endfacet
 facet normal  8.716605e-01 -4.901102e-01  0.000000e+00
   outer loop
     vertex  3.250635e+01 -1.083233e+00  0.000000e+00
     vertex  3.264858e+01 -8.302767e-01  0.000000e+00
     vertex  3.264858e+01 -8.302767e-01  2.500005e+00
   endloop
 endfacet
 facet normal  8.716605e-01 -4.901102e-01  0.000000e+00
   outer loop
     vertex  3.250635e+01 -1.083233e+00  0.000000e+00
     vertex  3.264858e+01 -8.302767e-01  2.500005e+00
     vertex  3.250635e+01 -1.083233e+00  2.500005e+00
   endloop
 endfacet
 facet normal  8.716605e-01  4.901102e-01  0.000000e+00
   outer loop
     vertex  3.264858e+01  3.783035e+01  0.000000e+00
     vertex  3.250635e+01  3.808331e+01  0.000000e+00
     vertex  3.250635e+01  3.808331e+01  2.500005e+00
   endloop
 endfacet
 facet normal  8.716605e-01  4.901102e-01 -0.000000e+00
   outer loop
     vertex  3.264858e+01  3.783035e+01  0.000000e+00
     vertex  3.250635e+01  3.808331e+01  2.500005e+00
     vertex  3.264858e+01  3.783035e+01  2.500005e+00
   endloop
 endfacet
 facet normal  9.030747e-01 -4.294834e-01  0.000000e+00
   outer loop
     vertex  3.264858e+01 -8.302767e-01  0.000000e+00
     vertex  3.277321e+01 -5.682044e-01  0.000000e+00
     vertex  3.277321e+01 -5.682044e-01  2.500005e+00
   endloop
 endfacet
 facet normal  9.030747e-01 -4.294834e-01  0.000000e+00
   outer loop
     vertex  3.264858e+01 -8.302767e-01  0.000000e+00
     vertex  3.277321e+01 -5.682044e-01  2.500005e+00
     vertex  3.264858e+01 -8.302767e-01  2.500005e+00
   endloop
 endfacet
 facet normal  9.030747e-01  4.294834e-01  0.000000e+00
   outer loop
     vertex  3.277321e+01  3.756828e+01  0.000000e+00
     vertex  3.264858e+01  3.783035e+01  0.000000e+00
     vertex  3.264858e+01  3.783035e+01  2.500005e+00
   endloop
 endfacet
 facet normal  9.030747e-01  4.294834e-01 -0.000000e+00
   outer loop
     vertex  3.277321e+01  3.756828e+01  0.000000e+00
     vertex  3.264858e+01  3.783035e+01  2.500005e+00
     vertex  3.277321e+01  3.756828e+01  2.500005e+00
   endloop
 endfacet
 facet normal  9.302784e-01 -3.668542e-01  0.000000e+00
   outer loop
     vertex  3.277321e+01 -5.682044e-01  0.000000e+00
     vertex  3.287967e+01 -2.982375e-01  0.000000e+00
     vertex  3.287967e+01 -2.982375e-01  2.500005e+00
   endloop
 endfacet
 facet normal  9.302784e-01 -3.668542e-01  0.000000e+00
   outer loop
     vertex  3.277321e+01 -5.682044e-01  0.000000e+00
     vertex  3.287967e+01 -2.982375e-01  2.500005e+00
     vertex  3.277321e+01 -5.682044e-01  2.500005e+00
   endloop
 endfacet
 facet normal  9.302784e-01  3.668542e-01  0.000000e+00
   outer loop
     vertex  3.287967e+01  3.729831e+01  0.000000e+00
     vertex  3.277321e+01  3.756828e+01  0.000000e+00
     vertex  3.277321e+01  3.756828e+01  2.500005e+00
   endloop
 endfacet
 facet normal  9.302784e-01  3.668542e-01 -0.000000e+00
   outer loop
     vertex  3.287967e+01  3.729831e+01  0.000000e+00
     vertex  3.277321e+01  3.756828e+01  2.500005e+00
     vertex  3.287967e+01  3.729831e+01  2.500005e+00
   endloop
 endfacet
 facet normal  9.531448e-01 -3.025146e-01  0.000000e+00
   outer loop
     vertex  3.287967e+01 -2.982375e-01  0.000000e+00
     vertex  3.296746e+01 -2.163487e-02  0.000000e+00
     vertex  3.296746e+01 -2.163487e-02  2.500005e+00
   endloop
 endfacet
 facet normal  9.531448e-01 -3.025146e-01  0.000000e+00
   outer loop
     vertex  3.287967e+01 -2.982375e-01  0.000000e+00
     vertex  3.296746e+01 -2.163487e-02  2.500005e+00
     vertex  3.287967e+01 -2.982375e-01  2.500005e+00
   endloop
 endfacet
 facet normal  9.531448e-01  3.025146e-01  0.000000e+00
   outer loop
     vertex  3.296746e+01  3.702171e+01  0.000000e+00
     vertex  3.287967e+01  3.729831e+01  0.000000e+00
     vertex  3.287967e+01  3.729831e+01  2.500005e+00
   endloop
 endfacet
 facet normal  9.531448e-01  3.025146e-01 -0.000000e+00
   outer loop
     vertex  3.296746e+01  3.702171e+01  0.000000e+00
     vertex  3.287967e+01  3.729831e+01  2.500005e+00
     vertex  3.296746e+01  3.702171e+01  2.500005e+00
   endloop
 endfacet
 facet normal  9.715671e-01 -2.367644e-01  0.000000e+00
   outer loop
     vertex  3.296746e+01 -2.163487e-02  0.000000e+00
     vertex  3.303617e+01  2.603139e-01  0.000000e+00
     vertex  3.303617e+01  2.603139e-01  2.500005e+00
   endloop
 endfacet
 facet normal  9.715671e-01 -2.367644e-01  0.000000e+00
   outer loop
     vertex  3.296746e+01 -2.163487e-02  0.000000e+00
     vertex  3.303617e+01  2.603139e-01  2.500005e+00
     vertex  3.296746e+01 -2.163487e-02  2.500005e+00
   endloop
 endfacet
 facet normal  9.715671e-01  2.367644e-01  0.000000e+00
   outer loop
     vertex  3.303617e+01  3.673976e+01  0.000000e+00
     vertex  3.296746e+01  3.702171e+01  0.000000e+00
     vertex  3.296746e+01  3.702171e+01  2.500005e+00
   endloop
 endfacet
 facet normal  9.715671e-01  2.367644e-01 -0.000000e+00
   outer loop
     vertex  3.303617e+01  3.673976e+01  0.000000e+00
     vertex  3.296746e+01  3.702171e+01  2.500005e+00
     vertex  3.303617e+01  3.673976e+01  2.500005e+00
   endloop
 endfacet
 facet normal  9.854595e-01 -1.699104e-01  0.000000e+00
   outer loop
     vertex  3.303617e+01  2.603139e-01  0.000000e+00
     vertex  3.308548e+01  5.462943e-01  0.000000e+00
     vertex  3.308548e+01  5.462943e-01  2.500005e+00
   endloop
 endfacet
 facet normal  9.854595e-01 -1.699104e-01  0.000000e+00
   outer loop
     vertex  3.303617e+01  2.603139e-01  0.000000e+00
     vertex  3.308548e+01  5.462943e-01  2.500005e+00
     vertex  3.303617e+01  2.603139e-01  2.500005e+00
   endloop
 endfacet
 facet normal  9.854595e-01  1.699104e-01  0.000000e+00
   outer loop
     vertex  3.308548e+01  3.645378e+01  0.000000e+00
     vertex  3.303617e+01  3.673976e+01  0.000000e+00
     vertex  3.303617e+01  3.673976e+01  2.500005e+00
   endloop
 endfacet
 facet normal  9.854595e-01  1.699104e-01 -0.000000e+00
   outer loop
     vertex  3.308548e+01  3.645378e+01  0.000000e+00
     vertex  3.303617e+01  3.673976e+01  2.500005e+00
     vertex  3.308548e+01  3.645378e+01  2.500005e+00
   endloop
 endfacet
 facet normal  9.947573e-01 -1.022641e-01  0.000000e+00
   outer loop
     vertex  3.308548e+01  5.462943e-01  0.000000e+00
     vertex  3.311516e+01  8.349729e-01  0.000000e+00
     vertex  3.311516e+01  8.349729e-01  2.500005e+00
   endloop
 endfacet
 facet normal  9.947573e-01 -1.022641e-01  0.000000e+00
   outer loop
     vertex  3.308548e+01  5.462943e-01  0.000000e+00
     vertex  3.311516e+01  8.349729e-01  2.500005e+00
     vertex  3.308548e+01  5.462943e-01  2.500005e+00
   endloop
 endfacet
 facet normal  9.947573e-01  1.022641e-01  0.000000e+00
   outer loop
     vertex  3.311516e+01  3.616510e+01  0.000000e+00
     vertex  3.308548e+01  3.645378e+01  0.000000e+00
     vertex  3.308548e+01  3.645378e+01  2.500005e+00
   endloop
 endfacet
 facet normal  9.947573e-01  1.022641e-01 -0.000000e+00
   outer loop
     vertex  3.311516e+01  3.616510e+01  0.000000e+00
     vertex  3.308548e+01  3.645378e+01  2.500005e+00
     vertex  3.311516e+01  3.616510e+01  2.500005e+00
   endloop
 endfacet
 facet normal  9.994170e-01 -3.414111e-02  0.000000e+00
   outer loop
     vertex  3.311516e+01  8.349729e-01  0.000000e+00
     vertex  3.312507e+01  1.125004e+00  0.000000e+00
     vertex  3.312507e+01  1.125004e+00  2.500005e+00
   endloop
 endfacet
 facet normal  9.994170e-01 -3.414111e-02  0.000000e+00
   outer loop
     vertex  3.311516e+01  8.349729e-01  0.000000e+00
     vertex  3.312507e+01  1.125004e+00  2.500005e+00
     vertex  3.311516e+01  8.349729e-01  2.500005e+00
   endloop
 endfacet
 facet normal  9.994170e-01  3.414111e-02  0.000000e+00
   outer loop
     vertex  3.312507e+01  3.587507e+01  0.000000e+00
     vertex  3.311516e+01  3.616510e+01  0.000000e+00
     vertex  3.311516e+01  3.616510e+01  2.500005e+00
   endloop
 endfacet
 facet normal  9.994170e-01  3.414111e-02 -0.000000e+00
   outer loop
     vertex  3.312507e+01  3.587507e+01  0.000000e+00
     vertex  3.311516e+01  3.616510e+01  2.500005e+00
     vertex  3.312507e+01  3.587507e+01  2.500005e+00
   endloop
 endfacet
 facet normal  1.000000e+00  0.000000e+00  0.000000e+00
   outer loop
     vertex  3.312507e+01  1.125004e+00  0.000000e+00
     vertex  3.312507e+01  3.587507e+01  0.000000e+00
     vertex  3.312507e+01  3.587507e+01  2.500005e+00
   endloop
 endfacet
 facet normal  1.000000e+00  0.000000e+00  0.000000e+00
   outer loop
     vertex  3.312507e+01  1.125004e+00  0.000000e+00
     vertex  3.312507e+01  3.587507e+01  2.500005e+00
     vertex  3.312507e+01  1.125004e+00  2.500005e+00
   endloop
 endfacet
 facet normal -1.000000e+00  0.000000e+00  0.000000e+00
   outer loop
     vertex -2.000005e+00  2.100004e+01 -4.500010e+00
     vertex -2.000005e+00  1.000003e+00 -4.500010e+00
     vertex -2.000005e+00  1.000003e+00  0.000000e+00
   endloop
 endfacet
 facet normal -1.000000e+00  0.000000e+00  0.000000e+00
   outer loop
     vertex -2.000005e+00  2.100004e+01 -4.500010e+00
     vertex -2.000005e+00  1.000003e+00  0.000000e+00
     vertex -2.000005e+00  2.100004e+01  0.000000e+00
   endloop
 endfacet
 facet normal -9.994170e-01  3.414111e-02  0.000000e+00
   outer loop
     vertex -1.995343e+00  2.113653e+01 -4.500010e+00
     vertex -2.000005e+00  2.100004e+01 -4.500010e+00
     vertex -2.000005e+00  2.100004e+01  0.000000e+00
   endloop
 endfacet
 facet normal -9.994170e-01  3.414111e-02  0.000000e+00
   outer loop
     vertex -1.995343e+00  2.113653e+01 -4.500010e+00
     vertex -2.000005e+00  2.100004e+01  0.000000e+00
     vertex -1.995343e+00  2.113653e+01  0.000000e+00
   endloop
 endfacet
 facet normal -9.947573e-01  1.022641e-01  0.000000e+00
   outer loop
     vertex -1.981377e+00  2.127237e+01 -4.500010e+00
     vertex -1.995343e+00  2.113653e+01 -4.500010e+00
     vertex -1.995343e+00  2.113653e+01  0.000000e+00
   endloop
 endfacet
 facet normal -9.947573e-01  1.022641e-01  0.000000e+00
   outer loop
     vertex -1.981377e+00  2.127237e+01 -4.500010e+00
     vertex -1.995343e+00  2.113653e+01  0.000000e+00
     vertex -1.981377e+00  2.127237e+01  0.000000e+00
   endloop
 endfacet
 facet normal -9.854595e-01  1.699104e-01  0.000000e+00
   outer loop
     vertex -1.958173e+00  2.140695e+01 -4.500010e+00
     vertex -1.981377e+00  2.127237e+01 -4.500010e+00
     vertex -1.981377e+00  2.127237e+01  0.000000e+00
   endloop
 endfacet
 facet normal -9.854595e-01  1.699104e-01  0.000000e+00
   outer loop
     vertex -1.958173e+00  2.140695e+01 -4.500010e+00
     vertex -1.981377e+00  2.127237e+01  0.000000e+00
     vertex -1.958173e+00  2.140695e+01  0.000000e+00
   endloop
 endfacet
 facet normal -9.715671e-01  2.367644e-01  0.000000e+00
   outer loop
     vertex -1.925839e+00  2.153964e+01 -4.500010e+00
     vertex -1.958173e+00  2.140695e+01 -4.500010e+00
     vertex -1.958173e+00  2.140695e+01  0.000000e+00
   endloop
 endfacet
 facet normal -9.715671e-01  2.367644e-01  0.000000e+00
   outer loop
     vertex -1.925839e+00  2.153964e+01 -4.500010e+00
     vertex -1.958173e+00  2.140695e+01  0.000000e+00
     vertex -1.925839e+00  2.153964e+01  0.000000e+00
   endloop
 endfacet
 facet normal -9.531448e-01  3.025146e-01  0.000000e+00
   outer loop
     vertex -1.884527e+00  2.166980e+01 -4.500010e+00
     vertex -1.925839e+00  2.153964e+01 -4.500010e+00
     vertex -1.925839e+00  2.153964e+01  0.000000e+00
   endloop
 endfacet
 facet normal -9.531448e-01  3.025146e-01  0.000000e+00
   outer loop
     vertex -1.884527e+00  2.166980e+01 -4.500010e+00
     vertex -1.925839e+00  2.153964e+01  0.000000e+00
     vertex -1.884527e+00  2.166980e+01  0.000000e+00
   endloop
 endfacet
 facet normal -9.302784e-01  3.668542e-01  0.000000e+00
   outer loop
     vertex -1.834427e+00  2.179684e+01 -4.500010e+00
     vertex -1.884527e+00  2.166980e+01 -4.500010e+00
     vertex -1.884527e+00  2.166980e+01  0.000000e+00
   endloop
 endfacet
 facet normal -9.302784e-01  3.668542e-01  0.000000e+00
   outer loop
     vertex -1.834427e+00  2.179684e+01 -4.500010e+00
     vertex -1.884527e+00  2.166980e+01  0.000000e+00
     vertex -1.834427e+00  2.179684e+01  0.000000e+00
   endloop
 endfacet
 facet normal -9.030747e-01  4.294834e-01  0.000000e+00
   outer loop
     vertex -1.775775e+00  2.192017e+01 -4.500010e+00
     vertex -1.834427e+00  2.179684e+01 -4.500010e+00
     vertex -1.834427e+00  2.179684e+01  0.000000e+00
   endloop
 endfacet
 facet normal -9.030747e-01  4.294834e-01  0.000000e+00
   outer loop
     vertex -1.775775e+00  2.192017e+01 -4.500010e+00
     vertex -1.834427e+00  2.179684e+01  0.000000e+00
     vertex -1.775775e+00  2.192017e+01  0.000000e+00
   endloop
 endfacet
 facet normal -8.716605e-01  4.901102e-01  0.000000e+00
   outer loop
     vertex -1.708843e+00  2.203921e+01 -4.500010e+00
     vertex -1.775775e+00  2.192017e+01 -4.500010e+00
     vertex -1.775775e+00  2.192017e+01  0.000000e+00
   endloop
 endfacet
 facet normal -8.716605e-01  4.901102e-01  0.000000e+00
   outer loop
     vertex -1.708843e+00  2.203921e+01 -4.500010e+00
     vertex -1.775775e+00  2.192017e+01  0.000000e+00
     vertex -1.708843e+00  2.203921e+01  0.000000e+00
   endloop
 endfacet
 facet normal -8.361821e-01  5.484519e-01  0.000000e+00
   outer loop
     vertex -1.633944e+00  2.215340e+01 -4.500010e+00
     vertex -1.708843e+00  2.203921e+01 -4.500010e+00
     vertex -1.708843e+00  2.203921e+01  0.000000e+00
   endloop
 endfacet
 facet normal -8.361821e-01  5.484519e-01  0.000000e+00
   outer loop
     vertex -1.633944e+00  2.215340e+01 -4.500010e+00
     vertex -1.708843e+00  2.203921e+01  0.000000e+00
     vertex -1.633944e+00  2.215340e+01  0.000000e+00
   endloop
 endfacet
 facet normal -7.968051e-01  6.042364e-01  0.000000e+00
   outer loop
     vertex -1.551427e+00  2.226222e+01 -4.500010e+00
     vertex -1.633944e+00  2.215340e+01 -4.500010e+00
     vertex -1.633944e+00  2.215340e+01  0.000000e+00
   endloop
 endfacet
 facet normal -7.968051e-01  6.042364e-01  0.000000e+00
   outer loop
     vertex -1.551427e+00  2.226222e+01 -4.500010e+00
     vertex -1.633944e+00  2.215340e+01  0.000000e+00
     vertex -1.551427e+00  2.226222e+01  0.000000e+00
   endloop
 endfacet
 facet normal -7.537130e-01  6.572037e-01  0.000000e+00
   outer loop
     vertex -1.461676e+00  2.236515e+01 -4.500010e+00
     vertex -1.551427e+00  2.226222e+01 -4.500010e+00
     vertex -1.551427e+00  2.226222e+01  0.000000e+00
   endloop
 endfacet
 facet normal -7.537130e-01  6.572037e-01  0.000000e+00
   outer loop
     vertex -1.461676e+00  2.236515e+01 -4.500010e+00
     vertex -1.551427e+00  2.226222e+01  0.000000e+00
     vertex -1.461676e+00  2.236515e+01  0.000000e+00
   endloop
 endfacet
 facet normal -7.071068e-01  7.071068e-01  0.000000e+00
   outer loop
     vertex -1.365110e+00  2.246172e+01 -4.500010e+00
     vertex -1.461676e+00  2.236515e+01 -4.500010e+00
     vertex -1.461676e+00  2.236515e+01  0.000000e+00
   endloop
 endfacet
 facet normal -7.071068e-01  7.071068e-01  0.000000e+00
   outer loop
     vertex -1.365110e+00  2.246172e+01 -4.500010e+00
     vertex -1.461676e+00  2.236515e+01  0.000000e+00
     vertex -1.365110e+00  2.246172e+01  0.000000e+00
   endloop
 endfacet
 facet normal -6.572037e-01  7.537130e-01  0.000000e+00
   outer loop
     vertex -1.262179e+00  2.255147e+01 -4.500010e+00
     vertex -1.365110e+00  2.246172e+01 -4.500010e+00
     vertex -1.365110e+00  2.246172e+01  0.000000e+00
   endloop
 endfacet
 facet normal -6.572037e-01  7.537130e-01  0.000000e+00
   outer loop
     vertex -1.262179e+00  2.255147e+01 -4.500010e+00
     vertex -1.365110e+00  2.246172e+01  0.000000e+00
     vertex -1.262179e+00  2.255147e+01  0.000000e+00
   endloop
 endfacet
 facet normal -6.042364e-01  7.968051e-01  0.000000e+00
   outer loop
     vertex -1.153364e+00  2.263398e+01 -4.500010e+00
     vertex -1.262179e+00  2.255147e+01 -4.500010e+00
     vertex -1.262179e+00  2.255147e+01  0.000000e+00
   endloop
 endfacet
 facet normal -6.042364e-01  7.968051e-01  0.000000e+00
   outer loop
     vertex -1.153364e+00  2.263398e+01 -4.500010e+00
     vertex -1.262179e+00  2.255147e+01  0.000000e+00
     vertex -1.153364e+00  2.263398e+01  0.000000e+00
   endloop
 endfacet
 facet normal -5.484519e-01  8.361821e-01  0.000000e+00
   outer loop
     vertex -1.039171e+00  2.270888e+01 -4.500010e+00
     vertex -1.153364e+00  2.263398e+01 -4.500010e+00
     vertex -1.153364e+00  2.263398e+01  0.000000e+00
   endloop
 endfacet
 facet normal -5.484519e-01  8.361821e-01  0.000000e+00
   outer loop
     vertex -1.039171e+00  2.270888e+01 -4.500010e+00
     vertex -1.153364e+00  2.263398e+01  0.000000e+00
     vertex -1.039171e+00  2.270888e+01  0.000000e+00
   endloop
 endfacet
 facet normal -4.901102e-01  8.716605e-01  0.000000e+00
   outer loop
     vertex -9.201324e-01  2.277582e+01 -4.500010e+00
     vertex -1.039171e+00  2.270888e+01 -4.500010e+00
     vertex -1.039171e+00  2.270888e+01  0.000000e+00
   endloop
 endfacet
 facet normal -4.901102e-01  8.716605e-01  0.000000e+00
   outer loop
     vertex -9.201324e-01  2.277582e+01 -4.500010e+00
     vertex -1.039171e+00  2.270888e+01  0.000000e+00
     vertex -9.201324e-01  2.277582e+01  0.000000e+00
   endloop
 endfacet
 facet normal -4.294834e-01  9.030747e-01  0.000000e+00
   outer loop
     vertex -7.968042e-01  2.283447e+01 -4.500010e+00
     vertex -9.201324e-01  2.277582e+01 -4.500010e+00
     vertex -9.201324e-01  2.277582e+01  0.000000e+00
   endloop
 endfacet
 facet normal -4.294834e-01  9.030747e-01  0.000000e+00
   outer loop
     vertex -7.968042e-01  2.283447e+01 -4.500010e+00
     vertex -9.201324e-01  2.277582e+01  0.000000e+00
     vertex -7.968042e-01  2.283447e+01  0.000000e+00
   endloop
 endfacet
 facet normal -3.668542e-01  9.302784e-01  0.000000e+00
   outer loop
     vertex -6.697609e-01  2.288457e+01 -4.500010e+00
     vertex -7.968042e-01  2.283447e+01 -4.500010e+00
     vertex -7.968042e-01  2.283447e+01  0.000000e+00
   endloop
 endfacet
 facet normal -3.668542e-01  9.302784e-01  0.000000e+00
   outer loop
     vertex -6.697609e-01  2.288457e+01 -4.500010e+00
     vertex -7.968042e-01  2.283447e+01  0.000000e+00
     vertex -6.697609e-01  2.288457e+01  0.000000e+00
   endloop
 endfacet
 facet normal -3.025146e-01  9.531448e-01  0.000000e+00
   outer loop
     vertex -5.395949e-01  2.292588e+01 -4.500010e+00
     vertex -6.697609e-01  2.288457e+01 -4.500010e+00
     vertex -6.697609e-01  2.288457e+01  0.000000e+00
   endloop
 endfacet
 facet normal -3.025146e-01  9.531448e-01  0.000000e+00
   outer loop
     vertex -5.395949e-01  2.292588e+01 -4.500010e+00
     vertex -6.697609e-01  2.288457e+01  0.000000e+00
     vertex -5.395949e-01  2.292588e+01  0.000000e+00
   endloop
 endfacet
 facet normal -2.367644e-01  9.715671e-01  0.000000e+00
   outer loop
     vertex -4.069131e-01  2.295821e+01 -4.500010e+00
     vertex -5.395949e-01  2.292588e+01 -4.500010e+00
     vertex -5.395949e-01  2.292588e+01  0.000000e+00
   endloop
 endfacet
 facet normal -2.367644e-01  9.715671e-01  0.000000e+00
   outer loop
     vertex -4.069131e-01  2.295821e+01 -4.500010e+00
     vertex -5.395949e-01  2.292588e+01  0.000000e+00
     vertex -4.069131e-01  2.295821e+01  0.000000e+00
   endloop
 endfacet
 facet normal -1.699104e-01  9.854595e-01  0.000000e+00
   outer loop
     vertex -2.723340e-01  2.298142e+01 -4.500010e+00
     vertex -4.069131e-01  2.295821e+01 -4.500010e+00
     vertex -4.069131e-01  2.295821e+01  0.000000e+00
   endloop
 endfacet
 facet normal -1.699104e-01  9.854595e-01  0.000000e+00
   outer loop
     vertex -2.723340e-01  2.298142e+01 -4.500010e+00
     vertex -4.069131e-01  2.295821e+01  0.000000e+00
     vertex -2.723340e-01  2.298142e+01  0.000000e+00
   endloop
 endfacet
 facet normal -1.022641e-01  9.947573e-01  0.000000e+00
   outer loop
     vertex -1.364852e-01  2.299538e+01 -4.500010e+00
     vertex -2.723340e-01  2.298142e+01 -4.500010e+00
     vertex -2.723340e-01  2.298142e+01  0.000000e+00
   endloop
 endfacet
 facet normal -1.022641e-01  9.947573e-01  0.000000e+00
   outer loop
     vertex -1.364852e-01  2.299538e+01 -4.500010e+00
     vertex -2.723340e-01  2.298142e+01  0.000000e+00
     vertex -1.364852e-01  2.299538e+01  0.000000e+00
   endloop
 endfacet
 facet normal -3.414111e-02  9.994170e-01  0.000000e+00
   outer loop
     vertex  7.921531e-16  2.300005e+01 -4.500010e+00
     vertex -1.364852e-01  2.299538e+01 -4.500010e+00
     vertex -1.364852e-01  2.299538e+01  0.000000e+00
   endloop
 endfacet
 facet normal -3.414111e-02  9.994170e-01  0.000000e+00
   outer loop
     vertex  7.921531e-16  2.300005e+01 -4.500010e+00
     vertex -1.364852e-01  2.299538e+01  0.000000e+00
     vertex  7.921531e-16  2.300005e+01  0.000000e+00
   endloop
 endfacet
 facet normal  0.000000e+00  1.000000e+00  0.000000e+00
   outer loop
     vertex  3.000006e+01  2.300005e+01 -4.500010e+00
     vertex  7.921531e-16  2.300005e+01 -4.500010e+00
     vertex  7.921531e-16  2.300005e+01  0.000000e+00
   endloop
 endfacet
 facet normal  0.000000e+00  1.000000e+00 -0.000000e+00
   outer loop
     vertex  3.000006e+01  2.300005e+01 -4.500010e+00
     vertex  7.921531e-16  2.300005e+01  0.000000e+00
     vertex  3.000006e+01  2.300005e+01  0.000000e+00
   endloop
 endfacet
 facet normal  3.414111e-02  9.994170e-01  0.000000e+00
   outer loop
     vertex  3.013654e+01  2.299538e+01 -4.500010e+00
     vertex  3.000006e+01  2.300005e+01 -4.500010e+00
     vertex  3.000006e+01  2.300005e+01  0.000000e+00
   endloop
 endfacet
 facet normal  3.414111e-02  9.994170e-01 -0.000000e+00
   outer loop
     vertex  3.013654e+01  2.299538e+01 -4.500010e+00
     vertex  3.000006e+01  2.300005e+01  0.000000e+00
     vertex  3.013654e+01  2.299538e+01  0.000000e+00
   endloop
 endfacet
 facet normal  1.022641e-01  9.947573e-01  0.000000e+00
   outer loop
     vertex  3.027239e+01  2.298142e+01 -4.500010e+00
     vertex  3.013654e+01  2.299538e+01 -4.500010e+00
     vertex  3.013654e+01  2.299538e+01  0.000000e+00
   endloop
 endfacet
 facet normal  1.022641e-01  9.947573e-01 -0.000000e+00
   outer loop
     vertex  3.027239e+01  2.298142e+01 -4.500010e+00
     vertex  3.013654e+01  2.299538e+01  0.000000e+00
     vertex  3.027239e+01  2.298142e+01  0.000000e+00
   endloop
 endfacet
 facet normal  1.699104e-01  9.854595e-01  0.000000e+00
   outer loop
     vertex  3.040697e+01  2.295821e+01 -4.500010e+00
     vertex  3.027239e+01  2.298142e+01 -4.500010e+00
     vertex  3.027239e+01  2.298142e+01  0.000000e+00
   endloop
 endfacet
 facet normal  1.699104e-01  9.854595e-01 -0.000000e+00
   outer loop
     vertex  3.040697e+01  2.295821e+01 -4.500010e+00
     vertex  3.027239e+01  2.298142e+01  0.000000e+00
     vertex  3.040697e+01  2.295821e+01  0.000000e+00
   endloop
 endfacet
 facet normal  2.367644e-01  9.715671e-01  0.000000e+00
   outer loop
     vertex  3.053965e+01  2.292588e+01 -4.500010e+00
     vertex  3.040697e+01  2.295821e+01 -4.500010e+00
     vertex  3.040697e+01  2.295821e+01  0.000000e+00
   endloop
 endfacet
 facet normal  2.367644e-01  9.715671e-01 -0.000000e+00
   outer loop
     vertex  3.053965e+01  2.292588e+01 -4.500010e+00
     vertex  3.040697e+01  2.295821e+01  0.000000e+00
     vertex  3.053965e+01  2.292588e+01  0.000000e+00
   endloop
 endfacet
 facet normal  3.025146e-01  9.531448e-01  0.000000e+00
   outer loop
     vertex  3.066982e+01  2.288457e+01 -4.500010e+00
     vertex  3.053965e+01  2.292588e+01 -4.500010e+00
     vertex  3.053965e+01  2.292588e+01  0.000000e+00
   endloop
 endfacet
 facet normal  3.025146e-01  9.531448e-01 -0.000000e+00
   outer loop
     vertex  3.066982e+01  2.288457e+01 -4.500010e+00
     vertex  3.053965e+01  2.292588e+01  0.000000e+00
     vertex  3.066982e+01  2.288457e+01  0.000000e+00
   endloop
 endfacet
 facet normal  3.668542e-01  9.302784e-01  0.000000e+00
   outer loop
     vertex  3.079686e+01  2.283447e+01 -4.500010e+00
     vertex  3.066982e+01  2.288457e+01 -4.500010e+00
     vertex  3.066982e+01  2.288457e+01  0.000000e+00
   endloop
 endfacet
 facet normal  3.668542e-01  9.302784e-01 -0.000000e+00
   outer loop
     vertex  3.079686e+01  2.283447e+01 -4.500010e+00
     vertex  3.066982e+01  2.288457e+01  0.000000e+00
     vertex  3.079686e+01  2.283447e+01  0.000000e+00
   endloop
 endfacet
 facet normal  4.294834e-01  9.030747e-01  0.000000e+00
   outer loop
     vertex  3.092019e+01  2.277582e+01 -4.500010e+00
     vertex  3.079686e+01  2.283447e+01 -4.500010e+00
     vertex  3.079686e+01  2.283447e+01  0.000000e+00
   endloop
 endfacet
 facet normal  4.294834e-01  9.030747e-01 -0.000000e+00
   outer loop
     vertex  3.092019e+01  2.277582e+01 -4.500010e+00
     vertex  3.079686e+01  2.283447e+01  0.000000e+00
     vertex  3.092019e+01  2.277582e+01  0.000000e+00
   endloop
 endfacet
 facet normal  4.901102e-01  8.716605e-01  0.000000e+00
   outer loop
     vertex  3.103923e+01  2.270888e+01 -4.500010e+00
     vertex  3.092019e+01  2.277582e+01 -4.500010e+00
     vertex  3.092019e+01  2.277582e+01  0.000000e+00
   endloop
 endfacet
 facet normal  4.901102e-01  8.716605e-01 -0.000000e+00
   outer loop
     vertex  3.103923e+01  2.270888e+01 -4.500010e+00
     vertex  3.092019e+01  2.277582e+01  0.000000e+00
     vertex  3.103923e+01  2.270888e+01  0.000000e+00
   endloop
 endfacet
 facet normal  5.484519e-01  8.361821e-01  0.000000e+00
   outer loop
     vertex  3.115342e+01  2.263398e+01 -4.500010e+00
     vertex  3.103923e+01  2.270888e+01 -4.500010e+00
     vertex  3.103923e+01  2.270888e+01  0.000000e+00
   endloop
 endfacet
 facet normal  5.484519e-01  8.361821e-01 -0.000000e+00
   outer loop
     vertex  3.115342e+01  2.263398e+01 -4.500010e+00
     vertex  3.103923e+01  2.270888e+01  0.000000e+00
     vertex  3.115342e+01  2.263398e+01  0.000000e+00
   endloop
 endfacet
 facet normal  6.042364e-01  7.968051e-01  0.000000e+00
   outer loop
     vertex  3.126224e+01  2.255147e+01 -4.500010e+00
     vertex  3.115342e+01  2.263398e+01 -4.500010e+00
     vertex  3.115342e+01  2.263398e+01  0.000000e+00
   endloop
 endfacet
 facet normal  6.042364e-01  7.968051e-01 -0.000000e+00
   outer loop
     vertex  3.126224e+01  2.255147e+01 -4.500010e+00
     vertex  3.115342e+01  2.263398e+01  0.000000e+00
     vertex  3.126224e+01  2.255147e+01  0.000000e+00
   endloop
 endfacet
 facet normal  6.572037e-01  7.537130e-01  0.000000e+00
   outer loop
     vertex  3.136517e+01  2.246172e+01 -4.500010e+00
     vertex  3.126224e+01  2.255147e+01 -4.500010e+00
     vertex  3.126224e+01  2.255147e+01  0.000000e+00
   endloop
 endfacet
 facet normal  6.572037e-01  7.537130e-01 -0.000000e+00
   outer loop
     vertex  3.136517e+01  2.246172e+01 -4.500010e+00
     vertex  3.126224e+01  2.255147e+01  0.000000e+00
     vertex  3.136517e+01  2.246172e+01  0.000000e+00
   endloop
 endfacet
 facet normal  7.071068e-01  7.071068e-01  0.000000e+00
   outer loop
     vertex  3.146173e+01  2.236515e+01 -4.500010e+00
     vertex  3.136517e+01  2.246172e+01 -4.500010e+00
     vertex  3.136517e+01  2.246172e+01  0.000000e+00
   endloop
 endfacet
 facet normal  7.071068e-01  7.071068e-01 -0.000000e+00
   outer loop
     vertex  3.146173e+01  2.236515e+01 -4.500010e+00
     vertex  3.136517e+01  2.246172e+01  0.000000e+00
     vertex  3.146173e+01  2.236515e+01  0.000000e+00
   endloop
 endfacet
 facet normal  7.537130e-01  6.572037e-01  0.000000e+00
   outer loop
     vertex  3.155148e+01  2.226222e+01 -4.500010e+00
     vertex  3.146173e+01  2.236515e+01 -4.500010e+00
     vertex  3.146173e+01  2.236515e+01  0.000000e+00
   endloop
 endfacet
 facet normal  7.537130e-01  6.572037e-01 -0.000000e+00
   outer loop
     vertex  3.155148e+01  2.226222e+01 -4.500010e+00
     vertex  3.146173e+01  2.236515e+01  0.000000e+00
     vertex  3.155148e+01  2.226222e+01  0.000000e+00
   endloop
 endfacet
 facet normal  7.968051e-01  6.042364e-01  0.000000e+00
   outer loop
     vertex  3.163400e+01  2.215340e+01 -4.500010e+00
     vertex  3.155148e+01  2.226222e+01 -4.500010e+00
     vertex  3.155148e+01  2.226222e+01  0.000000e+00
   endloop
 endfacet
 facet normal  7.968051e-01  6.042364e-01 -0.000000e+00
   outer loop
     vertex  3.163400e+01  2.215340e+01 -4.500010e+00
     vertex  3.155148e+01  2.226222e+01  0.000000e+00
     vertex  3.163400e+01  2.215340e+01  0.000000e+00
   endloop
 endfacet
 facet normal  8.361821e-01  5.484519e-01  0.000000e+00
   outer loop
     vertex  3.170890e+01  2.203921e+01 -4.500010e+00
     vertex  3.163400e+01  2.215340e+01 -4.500010e+00
     vertex  3.163400e+01  2.215340e+01  0.000000e+00
   endloop
 endfacet
 facet normal  8.361821e-01  5.484519e-01 -0.000000e+00
   outer loop
     vertex  3.170890e+01  2.203921e+01 -4.500010e+00
     vertex  3.163400e+01  2.215340e+01  0.000000e+00
     vertex  3.170890e+01  2.203921e+01  0.000000e+00
   endloop
 endfacet
 facet normal  8.716605e-01  4.901102e-01  0.000000e+00
   outer loop
     vertex  3.177583e+01  2.192017e+01 -4.500010e+00
     vertex  3.170890e+01  2.203921e+01 -4.500010e+00
     vertex  3.170890e+01  2.203921e+01  0.000000e+00
   endloop
 endfacet
 facet normal  8.716605e-01  4.901102e-01 -0.000000e+00
   outer loop
     vertex  3.177583e+01  2.192017e+01 -4.500010e+00
     vertex  3.170890e+01  2.203921e+01  0.000000e+00
     vertex  3.177583e+01  2.192017e+01  0.000000e+00
   endloop
 endfacet
 facet normal  9.030747e-01  4.294834e-01  0.000000e+00
   outer loop
     vertex  3.183449e+01  2.179684e+01 -4.500010e+00
     vertex  3.177583e+01  2.192017e+01 -4.500010e+00
     vertex  3.177583e+01  2.192017e+01  0.000000e+00
   endloop
 endfacet
 facet normal  9.030747e-01  4.294834e-01 -0.000000e+00
   outer loop
     vertex  3.183449e+01  2.179684e+01 -4.500010e+00
     vertex  3.177583e+01  2.192017e+01  0.000000e+00
     vertex  3.183449e+01  2.179684e+01  0.000000e+00
   endloop
 endfacet
 facet normal  9.302784e-01  3.668542e-01  0.000000e+00
   outer loop
     vertex  3.188459e+01  2.166980e+01 -4.500010e+00
     vertex  3.183449e+01  2.179684e+01 -4.500010e+00
     vertex  3.183449e+01  2.179684e+01  0.000000e+00
   endloop
 endfacet
 facet normal  9.302784e-01  3.668542e-01 -0.000000e+00
   outer loop
     vertex  3.188459e+01  2.166980e+01 -4.500010e+00
     vertex  3.183449e+01  2.179684e+01  0.000000e+00
     vertex  3.188459e+01  2.166980e+01  0.000000e+00
   endloop
 endfacet
 facet normal  9.531448e-01  3.025146e-01  0.000000e+00
   outer loop
     vertex  3.192590e+01  2.153964e+01 -4.500010e+00
     vertex  3.188459e+01  2.166980e+01 -4.500010e+00
     vertex  3.188459e+01  2.166980e+01  0.000000e+00
   endloop
 endfacet
 facet normal  9.531448e-01  3.025146e-01 -0.000000e+00
   outer loop
     vertex  3.192590e+01  2.153964e+01 -4.500010e+00
     vertex  3.188459e+01  2.166980e+01  0.000000e+00
     vertex  3.192590e+01  2.153964e+01  0.000000e+00
   endloop
 endfacet
 facet normal  9.715671e-01  2.367644e-01  0.000000e+00
   outer loop
     vertex  3.195823e+01  2.140695e+01 -4.500010e+00
     vertex  3.192590e+01  2.153964e+01 -4.500010e+00
     vertex  3.192590e+01  2.153964e+01  0.000000e+00
   endloop
 endfacet
 facet normal  9.715671e-01  2.367644e-01 -0.000000e+00
   outer loop
     vertex  3.195823e+01  2.140695e+01 -4.500010e+00
     vertex  3.192590e+01  2.153964e+01  0.000000e+00
     vertex  3.195823e+01  2.140695e+01  0.000000e+00
   endloop
 endfacet
 facet normal  9.854595e-01  1.699104e-01  0.000000e+00
   outer loop
     vertex  3.198144e+01  2.127237e+01 -4.500010e+00
     vertex  3.195823e+01  2.140695e+01 -4.500010e+00
     vertex  3.195823e+01  2.140695e+01  0.000000e+00
   endloop
 endfacet
 facet normal  9.854595e-01  1.699104e-01 -0.000000e+00
   outer loop
     vertex  3.198144e+01  2.127237e+01 -4.500010e+00
     vertex  3.195823e+01  2.140695e+01  0.000000e+00
     vertex  3.198144e+01  2.127237e+01  0.000000e+00
   endloop
 endfacet
 facet normal  9.947573e-01  1.022641e-01  0.000000e+00
   outer loop
     vertex  3.199540e+01  2.113653e+01 -4.500010e+00
     vertex  3.198144e+01  2.127237e+01 -4.500010e+00
     vertex  3.198144e+01  2.127237e+01  0.000000e+00
   endloop
 endfacet
 facet normal  9.947573e-01  1.022641e-01 -0.000000e+00
   outer loop
     vertex  3.199540e+01  2.113653e+01 -4.500010e+00
     vertex  3.198144e+01  2.127237e+01  0.000000e+00
     vertex  3.199540e+01  2.113653e+01  0.000000e+00
   endloop
 endfacet
 facet normal  9.994170e-01  3.414111e-02  0.000000e+00
   outer loop
     vertex  3.200006e+01  2.100004e+01 -4.500010e+00
     vertex  3.199540e+01  2.113653e+01 -4.500010e+00
     vertex  3.199540e+01  2.113653e+01  0.000000e+00
   endloop
 endfacet
 facet normal  9.994170e-01  3.414111e-02 -0.000000e+00
   outer loop
     vertex  3.200006e+01  2.100004e+01 -4.500010e+00
     vertex  3.199540e+01  2.113653e+01  0.000000e+00
     vertex  3.200006e+01  2.100004e+01  0.000000e+00
   endloop
 endfacet
 facet normal  1.000000e+00 -0.000000e+00  0.000000e+00
   outer loop
     vertex  3.200006e+01  1.000003e+00  0.000000e+00
     vertex  3.200006e+01  2.100004e+01 -4.500010e+00
     vertex  3.200006e+01  2.100004e+01  0.000000e+00
   endloop
 endfacet
 facet normal  1.000000e+00  0.000000e+00  0.000000e+00
   outer loop
     vertex  3.200006e+01  1.000003e+00 -4.500010e+00
     vertex  3.200006e+01  2.100004e+01 -4.500010e+00
     vertex  3.200006e+01  1.000003e+00  0.000000e+00
   endloop
 endfacet
 facet normal  9.994170e-01 -3.414111e-02  0.000000e+00
   outer loop
     vertex  3.199540e+01  8.635174e-01 -4.500010e+00
     vertex  3.200006e+01  1.000003e+00 -4.500010e+00
     vertex  3.200006e+01  1.000003e+00  0.000000e+00
   endloop
 endfacet
 facet normal  9.994170e-01 -3.414111e-02  0.000000e+00
   outer loop
     vertex  3.199540e+01  8.635174e-01 -4.500010e+00
     vertex  3.200006e+01  1.000003e+00  0.000000e+00
     vertex  3.199540e+01  8.635174e-01  0.000000e+00
   endloop
 endfacet
 facet normal  9.947573e-01 -1.022641e-01  0.000000e+00
   outer loop
     vertex  3.198144e+01  7.276686e-01 -4.500010e+00
     vertex  3.199540e+01  8.635174e-01 -4.500010e+00
     vertex  3.199540e+01  8.635174e-01  0.000000e+00
   endloop
 endfacet
 facet normal  9.947573e-01 -1.022641e-01  0.000000e+00
   outer loop
     vertex  3.198144e+01  7.276686e-01 -4.500010e+00
     vertex  3.199540e+01  8.635174e-01  0.000000e+00
     vertex  3.198144e+01  7.276686e-01  0.000000e+00
   endloop
 endfacet
 facet normal  9.854595e-01 -1.699104e-01  0.000000e+00
   outer loop
     vertex  3.195823e+01  5.930895e-01 -4.500010e+00
     vertex  3.198144e+01  7.276686e-01 -4.500010e+00
     vertex  3.198144e+01  7.276686e-01  0.000000e+00
   endloop
 endfacet
 facet normal  9.854595e-01 -1.699104e-01  0.000000e+00
   outer loop
     vertex  3.195823e+01  5.930895e-01 -4.500010e+00
     vertex  3.198144e+01  7.276686e-01  0.000000e+00
     vertex  3.195823e+01  5.930895e-01  0.000000e+00
   endloop
 endfacet
 facet normal  9.715671e-01 -2.367644e-01  0.000000e+00
   outer loop
     vertex  3.192590e+01  4.604076e-01 -4.500010e+00
     vertex  3.195823e+01  5.930895e-01 -4.500010e+00
     vertex  3.195823e+01  5.930895e-01  0.000000e+00
   endloop
 endfacet
 facet normal  9.715671e-01 -2.367644e-01  0.000000e+00
   outer loop
     vertex  3.192590e+01  4.604076e-01 -4.500010e+00
     vertex  3.195823e+01  5.930895e-01  0.000000e+00
     vertex  3.192590e+01  4.604076e-01  0.000000e+00
   endloop
 endfacet
 facet normal  9.531448e-01 -3.025146e-01  0.000000e+00
   outer loop
     vertex  3.188459e+01  3.302416e-01 -4.500010e+00
     vertex  3.192590e+01  4.604076e-01 -4.500010e+00
     vertex  3.192590e+01  4.604076e-01  0.000000e+00
   endloop
 endfacet
 facet normal  9.531448e-01 -3.025146e-01  0.000000e+00
   outer loop
     vertex  3.188459e+01  3.302416e-01 -4.500010e+00
     vertex  3.192590e+01  4.604076e-01  0.000000e+00
     vertex  3.188459e+01  3.302416e-01  0.000000e+00
   endloop
 endfacet
 facet normal  9.302784e-01 -3.668542e-01  0.000000e+00
   outer loop
     vertex  3.183449e+01  2.031983e-01 -4.500010e+00
     vertex  3.188459e+01  3.302416e-01 -4.500010e+00
     vertex  3.188459e+01  3.302416e-01  0.000000e+00
   endloop
 endfacet
 facet normal  9.302784e-01 -3.668542e-01  0.000000e+00
   outer loop
     vertex  3.183449e+01  2.031983e-01 -4.500010e+00
     vertex  3.188459e+01  3.302416e-01  0.000000e+00
     vertex  3.183449e+01  2.031983e-01  0.000000e+00
   endloop
 endfacet
 facet normal  9.030747e-01 -4.294834e-01  0.000000e+00
   outer loop
     vertex  3.177583e+01  7.987013e-02 -4.500010e+00
     vertex  3.183449e+01  2.031983e-01 -4.500010e+00
     vertex  3.183449e+01  2.031983e-01  0.000000e+00
   endloop
 endfacet
 facet normal  9.030747e-01 -4.294834e-01  0.000000e+00
   outer loop
     vertex  3.177583e+01  7.987013e-02 -4.500010e+00
     vertex  3.183449e+01  2.031983e-01  0.000000e+00
     vertex  3.177583e+01  7.987013e-02  0.000000e+00
   endloop
 endfacet
 facet normal  8.716605e-01 -4.901102e-01  0.000000e+00
   outer loop
     vertex  3.170890e+01 -3.916800e-02 -4.500010e+00
     vertex  3.177583e+01  7.987013e-02 -4.500010e+00
     vertex  3.177583e+01  7.987013e-02  0.000000e+00
   endloop
 endfacet
 facet normal  8.716605e-01 -4.901102e-01  0.000000e+00
   outer loop
     vertex  3.170890e+01 -3.916800e-02 -4.500010e+00
     vertex  3.177583e+01  7.987013e-02  0.000000e+00
     vertex  3.170890e+01 -3.916800e-02  0.000000e+00
   endloop
 endfacet
 facet normal  8.361821e-01 -5.484519e-01  0.000000e+00
   outer loop
     vertex  3.163400e+01 -1.533610e-01 -4.500010e+00
     vertex  3.170890e+01 -3.916800e-02 -4.500010e+00
     vertex  3.170890e+01 -3.916800e-02  0.000000e+00
   endloop
 endfacet
 facet normal  8.361821e-01 -5.484519e-01  0.000000e+00
   outer loop
     vertex  3.163400e+01 -1.533610e-01 -4.500010e+00
     vertex  3.170890e+01 -3.916800e-02  0.000000e+00
     vertex  3.163400e+01 -1.533610e-01  0.000000e+00
   endloop
 endfacet
 facet normal  7.968051e-01 -6.042364e-01  0.000000e+00
   outer loop
     vertex  3.155148e+01 -2.621766e-01 -4.500010e+00
     vertex  3.163400e+01 -1.533610e-01 -4.500010e+00
     vertex  3.163400e+01 -1.533610e-01  0.000000e+00
   endloop
 endfacet
 facet normal  7.968051e-01 -6.042364e-01  0.000000e+00
   outer loop
     vertex  3.155148e+01 -2.621766e-01 -4.500010e+00
     vertex  3.163400e+01 -1.533610e-01  0.000000e+00
     vertex  3.155148e+01 -2.621766e-01  0.000000e+00
   endloop
 endfacet
 facet normal  7.537130e-01 -6.572037e-01  0.000000e+00
   outer loop
     vertex  3.146173e+01 -3.651072e-01 -4.500010e+00
     vertex  3.155148e+01 -2.621766e-01 -4.500010e+00
     vertex  3.155148e+01 -2.621766e-01  0.000000e+00
   endloop
 endfacet
 facet normal  7.537130e-01 -6.572037e-01  0.000000e+00
   outer loop
     vertex  3.146173e+01 -3.651072e-01 -4.500010e+00
     vertex  3.155148e+01 -2.621766e-01  0.000000e+00
     vertex  3.146173e+01 -3.651072e-01  0.000000e+00
   endloop
 endfacet
 facet normal  7.071068e-01 -7.071068e-01  0.000000e+00
   outer loop
     vertex  3.136517e+01 -4.616731e-01 -4.500010e+00
     vertex  3.146173e+01 -3.651072e-01 -4.500010e+00
     vertex  3.146173e+01 -3.651072e-01  0.000000e+00
   endloop
 endfacet
 facet normal  7.071068e-01 -7.071068e-01  0.000000e+00
   outer loop
     vertex  3.136517e+01 -4.616731e-01 -4.500010e+00
     vertex  3.146173e+01 -3.651072e-01  0.000000e+00
     vertex  3.136517e+01 -4.616731e-01  0.000000e+00
   endloop
 endfacet
 facet normal  6.572037e-01 -7.537130e-01  0.000000e+00
   outer loop
     vertex  3.126224e+01 -5.514240e-01 -4.500010e+00
     vertex  3.136517e+01 -4.616731e-01 -4.500010e+00
     vertex  3.136517e+01 -4.616731e-01  0.000000e+00
   endloop
 endfacet
 facet normal  6.572037e-01 -7.537130e-01  0.000000e+00
   outer loop
     vertex  3.126224e+01 -5.514240e-01 -4.500010e+00
     vertex  3.136517e+01 -4.616731e-01  0.000000e+00
     vertex  3.126224e+01 -5.514240e-01  0.000000e+00
   endloop
 endfacet
 facet normal  6.042364e-01 -7.968051e-01  0.000000e+00
   outer loop
     vertex  3.115342e+01 -6.339414e-01 -4.500010e+00
     vertex  3.126224e+01 -5.514240e-01 -4.500010e+00
     vertex  3.126224e+01 -5.514240e-01  0.000000e+00
   endloop
 endfacet
 facet normal  6.042364e-01 -7.968051e-01  0.000000e+00
   outer loop
     vertex  3.115342e+01 -6.339414e-01 -4.500010e+00
     vertex  3.126224e+01 -5.514240e-01  0.000000e+00
     vertex  3.115342e+01 -6.339414e-01  0.000000e+00
   endloop
 endfacet
 facet normal  5.484519e-01 -8.361821e-01  0.000000e+00
   outer loop
     vertex  3.103923e+01 -7.088406e-01 -4.500010e+00
     vertex  3.115342e+01 -6.339414e-01 -4.500010e+00
     vertex  3.115342e+01 -6.339414e-01  0.000000e+00
   endloop
 endfacet
 facet normal  5.484519e-01 -8.361821e-01  0.000000e+00
   outer loop
     vertex  3.103923e+01 -7.088406e-01 -4.500010e+00
     vertex  3.115342e+01 -6.339414e-01  0.000000e+00
     vertex  3.103923e+01 -7.088406e-01  0.000000e+00
   endloop
 endfacet
 facet normal  4.901102e-01 -8.716605e-01  0.000000e+00
   outer loop
     vertex  3.092019e+01 -7.757724e-01 -4.500010e+00
     vertex  3.103923e+01 -7.088406e-01 -4.500010e+00
     vertex  3.103923e+01 -7.088406e-01  0.000000e+00
   endloop
 endfacet
 facet normal  4.901102e-01 -8.716605e-01  0.000000e+00
   outer loop
     vertex  3.092019e+01 -7.757724e-01 -4.500010e+00
     vertex  3.103923e+01 -7.088406e-01  0.000000e+00
     vertex  3.092019e+01 -7.757724e-01  0.000000e+00
   endloop
 endfacet
 facet normal  4.294834e-01 -9.030747e-01  0.000000e+00
   outer loop
     vertex  3.079686e+01 -8.344247e-01 -4.500010e+00
     vertex  3.092019e+01 -7.757724e-01 -4.500010e+00
     vertex  3.092019e+01 -7.757724e-01  0.000000e+00
   endloop
 endfacet
 facet normal  4.294834e-01 -9.030747e-01  0.000000e+00
   outer loop
     vertex  3.079686e+01 -8.344247e-01 -4.500010e+00
     vertex  3.092019e+01 -7.757724e-01  0.000000e+00
     vertex  3.079686e+01 -8.344247e-01  0.000000e+00
   endloop
 endfacet
 facet normal  3.668542e-01 -9.302784e-01  0.000000e+00
   outer loop
     vertex  3.066982e+01 -8.845241e-01 -4.500010e+00
     vertex  3.079686e+01 -8.344247e-01 -4.500010e+00
     vertex  3.079686e+01 -8.344247e-01  0.000000e+00
   endloop
 endfacet
 facet normal  3.668542e-01 -9.302784e-01  0.000000e+00
   outer loop
     vertex  3.066982e+01 -8.845241e-01 -4.500010e+00
     vertex  3.079686e+01 -8.344247e-01  0.000000e+00
     vertex  3.066982e+01 -8.845241e-01  0.000000e+00
   endloop
 endfacet
 facet normal  3.025146e-01 -9.531448e-01  0.000000e+00
   outer loop
     vertex  3.053965e+01 -9.258369e-01 -4.500010e+00
     vertex  3.066982e+01 -8.845241e-01 -4.500010e+00
     vertex  3.066982e+01 -8.845241e-01  0.000000e+00
   endloop
 endfacet
 facet normal  3.025146e-01 -9.531448e-01  0.000000e+00
   outer loop
     vertex  3.053965e+01 -9.258369e-01 -4.500010e+00
     vertex  3.066982e+01 -8.845241e-01  0.000000e+00
     vertex  3.053965e+01 -9.258369e-01  0.000000e+00
   endloop
 endfacet
 facet normal  2.367644e-01 -9.715671e-01  0.000000e+00
   outer loop
     vertex  3.040697e+01 -9.581706e-01 -4.500010e+00
     vertex  3.053965e+01 -9.258369e-01 -4.500010e+00
     vertex  3.053965e+01 -9.258369e-01  0.000000e+00
   endloop
 endfacet
 facet normal  2.367644e-01 -9.715671e-01  0.000000e+00
   outer loop
     vertex  3.040697e+01 -9.581706e-01 -4.500010e+00
     vertex  3.053965e+01 -9.258369e-01  0.000000e+00
     vertex  3.040697e+01 -9.581706e-01  0.000000e+00
   endloop
 endfacet
 facet normal  1.699104e-01 -9.854595e-01  0.000000e+00
   outer loop
     vertex  3.027239e+01 -9.813744e-01 -4.500010e+00
     vertex  3.040697e+01 -9.581706e-01 -4.500010e+00
     vertex  3.040697e+01 -9.581706e-01  0.000000e+00
   endloop
 endfacet
 facet normal  1.699104e-01 -9.854595e-01  0.000000e+00
   outer loop
     vertex  3.027239e+01 -9.813744e-01 -4.500010e+00
     vertex  3.040697e+01 -9.581706e-01  0.000000e+00
     vertex  3.027239e+01 -9.813744e-01  0.000000e+00
   endloop
 endfacet
 facet normal  1.022641e-01 -9.947573e-01  0.000000e+00
   outer loop
     vertex  3.013654e+01 -9.953401e-01 -4.500010e+00
     vertex  3.027239e+01 -9.813744e-01 -4.500010e+00
     vertex  3.027239e+01 -9.813744e-01  0.000000e+00
   endloop
 endfacet
 facet normal  1.022641e-01 -9.947573e-01  0.000000e+00
   outer loop
     vertex  3.013654e+01 -9.953401e-01 -4.500010e+00
     vertex  3.027239e+01 -9.813744e-01  0.000000e+00
     vertex  3.013654e+01 -9.953401e-01  0.000000e+00
   endloop
 endfacet
 facet normal  3.414111e-02 -9.994170e-01  0.000000e+00
   outer loop
     vertex  3.000006e+01 -1.000003e+00 -4.500010e+00
     vertex  3.013654e+01 -9.953401e-01 -4.500010e+00
     vertex  3.013654e+01 -9.953401e-01  0.000000e+00
   endloop
 endfacet
 facet normal  3.414111e-02 -9.994170e-01  0.000000e+00
   outer loop
     vertex  3.000006e+01 -1.000003e+00 -4.500010e+00
     vertex  3.013654e+01 -9.953401e-01  0.000000e+00
     vertex  3.000006e+01 -1.000003e+00  0.000000e+00
   endloop
 endfacet
 facet normal  0.000000e+00 -1.000000e+00  0.000000e+00
   outer loop
     vertex  2.255978e-16 -1.000003e+00  0.000000e+00
     vertex  3.000006e+01 -1.000003e+00 -4.500010e+00
     vertex  3.000006e+01 -1.000003e+00  0.000000e+00
   endloop
 endfacet
 facet normal  0.000000e+00 -1.000000e+00  0.000000e+00
   outer loop
     vertex  2.255978e-16 -1.000003e+00 -4.500010e+00
     vertex  3.000006e+01 -1.000003e+00 -4.500010e+00
     vertex  2.255978e-16 -1.000003e+00  0.000000e+00
   endloop
 endfacet
 facet normal -3.414111e-02 -9.994170e-01  0.000000e+00
   outer loop
     vertex -1.364852e-01 -9.953401e-01 -4.500010e+00
     vertex  2.255978e-16 -1.000003e+00 -4.500010e+00
     vertex  2.255978e-16 -1.000003e+00  0.000000e+00
   endloop
 endfacet
 facet normal -3.414111e-02 -9.994170e-01  0.000000e+00
   outer loop
     vertex -1.364852e-01 -9.953401e-01 -4.500010e+00
     vertex  2.255978e-16 -1.000003e+00  0.000000e+00
     vertex -1.364852e-01 -9.953401e-01  0.000000e+00
   endloop
 endfacet
 facet normal -1.022641e-01 -9.947573e-01  0.000000e+00
   outer loop
     vertex -2.723340e-01 -9.813744e-01 -4.500010e+00
     vertex -1.364852e-01 -9.953401e-01 -4.500010e+00
     vertex -1.364852e-01 -9.953401e-01  0.000000e+00
   endloop
 endfacet
 facet normal -1.022641e-01 -9.947573e-01  0.000000e+00
   outer loop
     vertex -2.723340e-01 -9.813744e-01 -4.500010e+00
     vertex -1.364852e-01 -9.953401e-01  0.000000e+00
     vertex -2.723340e-01 -9.813744e-01  0.000000e+00
   endloop
 endfacet
 facet normal -1.699104e-01 -9.854595e-01  0.000000e+00
   outer loop
     vertex -4.069131e-01 -9.581706e-01 -4.500010e+00
     vertex -2.723340e-01 -9.813744e-01 -4.500010e+00
     vertex -2.723340e-01 -9.813744e-01  0.000000e+00
   endloop
 endfacet
 facet normal -1.699104e-01 -9.854595e-01  0.000000e+00
   outer loop
     vertex -4.069131e-01 -9.581706e-01 -4.500010e+00
     vertex -2.723340e-01 -9.813744e-01  0.000000e+00
     vertex -4.069131e-01 -9.581706e-01  0.000000e+00
   endloop
 endfacet
 facet normal -2.367644e-01 -9.715671e-01  0.000000e+00
   outer loop
     vertex -5.395949e-01 -9.258369e-01 -4.500010e+00
     vertex -4.069131e-01 -9.581706e-01 -4.500010e+00
     vertex -4.069131e-01 -9.581706e-01  0.000000e+00
   endloop
 endfacet
 facet normal -2.367644e-01 -9.715671e-01  0.000000e+00
   outer loop
     vertex -5.395949e-01 -9.258369e-01 -4.500010e+00
     vertex -4.069131e-01 -9.581706e-01  0.000000e+00
     vertex -5.395949e-01 -9.258369e-01  0.000000e+00
   endloop
 endfacet
 facet normal -3.025146e-01 -9.531448e-01  0.000000e+00
   outer loop
     vertex -6.697609e-01 -8.845241e-01 -4.500010e+00
     vertex -5.395949e-01 -9.258369e-01 -4.500010e+00
     vertex -5.395949e-01 -9.258369e-01  0.000000e+00
   endloop
 endfacet
 facet normal -3.025146e-01 -9.531448e-01  0.000000e+00
   outer loop
     vertex -6.697609e-01 -8.845241e-01 -4.500010e+00
     vertex -5.395949e-01 -9.258369e-01  0.000000e+00
     vertex -6.697609e-01 -8.845241e-01  0.000000e+00
   endloop
 endfacet
 facet normal -3.668542e-01 -9.302784e-01  0.000000e+00
   outer loop
     vertex -7.968042e-01 -8.344247e-01 -4.500010e+00
     vertex -6.697609e-01 -8.845241e-01 -4.500010e+00
     vertex -6.697609e-01 -8.845241e-01  0.000000e+00
   endloop
 endfacet
 facet normal -3.668542e-01 -9.302784e-01  0.000000e+00
   outer loop
     vertex -7.968042e-01 -8.344247e-01 -4.500010e+00
     vertex -6.697609e-01 -8.845241e-01  0.000000e+00
     vertex -7.968042e-01 -8.344247e-01  0.000000e+00
   endloop
 endfacet
 facet normal -4.294834e-01 -9.030747e-01  0.000000e+00
   outer loop
     vertex -9.201324e-01 -7.757724e-01 -4.500010e+00
     vertex -7.968042e-01 -8.344247e-01 -4.500010e+00
     vertex -7.968042e-01 -8.344247e-01  0.000000e+00
   endloop
 endfacet
 facet normal -4.294834e-01 -9.030747e-01  0.000000e+00
   outer loop
     vertex -9.201324e-01 -7.757724e-01 -4.500010e+00
     vertex -7.968042e-01 -8.344247e-01  0.000000e+00
     vertex -9.201324e-01 -7.757724e-01  0.000000e+00
   endloop
 endfacet
 facet normal -4.901102e-01 -8.716605e-01  0.000000e+00
   outer loop
     vertex -1.039171e+00 -7.088406e-01 -4.500010e+00
     vertex -9.201324e-01 -7.757724e-01 -4.500010e+00
     vertex -9.201324e-01 -7.757724e-01  0.000000e+00
   endloop
 endfacet
 facet normal -4.901102e-01 -8.716605e-01  0.000000e+00
   outer loop
     vertex -1.039171e+00 -7.088406e-01 -4.500010e+00
     vertex -9.201324e-01 -7.757724e-01  0.000000e+00
     vertex -1.039171e+00 -7.088406e-01  0.000000e+00
   endloop
 endfacet
 facet normal -5.484519e-01 -8.361821e-01  0.000000e+00
   outer loop
     vertex -1.153364e+00 -6.339414e-01 -4.500010e+00
     vertex -1.039171e+00 -7.088406e-01 -4.500010e+00
     vertex -1.039171e+00 -7.088406e-01  0.000000e+00
   endloop
 endfacet
 facet normal -5.484519e-01 -8.361821e-01  0.000000e+00
   outer loop
     vertex -1.153364e+00 -6.339414e-01 -4.500010e+00
     vertex -1.039171e+00 -7.088406e-01  0.000000e+00
     vertex -1.153364e+00 -6.339414e-01  0.000000e+00
   endloop
 endfacet
 facet normal -6.042364e-01 -7.968051e-01  0.000000e+00
   outer loop
     vertex -1.262179e+00 -5.514240e-01 -4.500010e+00
     vertex -1.153364e+00 -6.339414e-01 -4.500010e+00
     vertex -1.153364e+00 -6.339414e-01  0.000000e+00
   endloop
 endfacet
 facet normal -6.042364e-01 -7.968051e-01  0.000000e+00
   outer loop
     vertex -1.262179e+00 -5.514240e-01 -4.500010e+00
     vertex -1.153364e+00 -6.339414e-01  0.000000e+00
     vertex -1.262179e+00 -5.514240e-01  0.000000e+00
   endloop
 endfacet
 facet normal -6.572037e-01 -7.537130e-01  0.000000e+00
   outer loop
     vertex -1.365110e+00 -4.616731e-01 -4.500010e+00
     vertex -1.262179e+00 -5.514240e-01 -4.500010e+00
     vertex -1.262179e+00 -5.514240e-01  0.000000e+00
   endloop
 endfacet
 facet normal -6.572037e-01 -7.537130e-01  0.000000e+00
   outer loop
     vertex -1.365110e+00 -4.616731e-01 -4.500010e+00
     vertex -1.262179e+00 -5.514240e-01  0.000000e+00
     vertex -1.365110e+00 -4.616731e-01  0.000000e+00
   endloop
 endfacet
 facet normal -7.071068e-01 -7.071068e-01  0.000000e+00
   outer loop
     vertex -1.461676e+00 -3.651072e-01 -4.500010e+00
     vertex -1.365110e+00 -4.616731e-01 -4.500010e+00
     vertex -1.365110e+00 -4.616731e-01  0.000000e+00
   endloop
 endfacet
 facet normal -7.071068e-01 -7.071068e-01  0.000000e+00
   outer loop
     vertex -1.461676e+00 -3.651072e-01 -4.500010e+00
     vertex -1.365110e+00 -4.616731e-01  0.000000e+00
     vertex -1.461676e+00 -3.651072e-01  0.000000e+00
   endloop
 endfacet
 facet normal -7.537130e-01 -6.572037e-01  0.000000e+00
   outer loop
     vertex -1.551427e+00 -2.621766e-01 -4.500010e+00
     vertex -1.461676e+00 -3.651072e-01 -4.500010e+00
     vertex -1.461676e+00 -3.651072e-01  0.000000e+00
   endloop
 endfacet
 facet normal -7.537130e-01 -6.572037e-01  0.000000e+00
   outer loop
     vertex -1.551427e+00 -2.621766e-01 -4.500010e+00
     vertex -1.461676e+00 -3.651072e-01  0.000000e+00
     vertex -1.551427e+00 -2.621766e-01  0.000000e+00
   endloop
 endfacet
 facet normal -7.968051e-01 -6.042364e-01  0.000000e+00
   outer loop
     vertex -1.633944e+00 -1.533610e-01 -4.500010e+00
     vertex -1.551427e+00 -2.621766e-01 -4.500010e+00
     vertex -1.551427e+00 -2.621766e-01  0.000000e+00
   endloop
 endfacet
 facet normal -7.968051e-01 -6.042364e-01  0.000000e+00
   outer loop
     vertex -1.633944e+00 -1.533610e-01 -4.500010e+00
     vertex -1.551427e+00 -2.621766e-01  0.000000e+00
     vertex -1.633944e+00 -1.533610e-01  0.000000e+00
   endloop
 endfacet
 facet normal -8.361821e-01 -5.484519e-01  0.000000e+00
   outer loop
     vertex -1.708843e+00 -3.916800e-02 -4.500010e+00
     vertex -1.633944e+00 -1.533610e-01 -4.500010e+00
     vertex -1.633944e+00 -1.533610e-01  0.000000e+00
   endloop
 endfacet
 facet normal -8.361821e-01 -5.484519e-01  0.000000e+00
   outer loop
     vertex -1.708843e+00 -3.916800e-02 -4.500010e+00
     vertex -1.633944e+00 -1.533610e-01  0.000000e+00
     vertex -1.708843e+00 -3.916800e-02  0.000000e+00
   endloop
 endfacet
 facet normal -8.716605e-01 -4.901102e-01  0.000000e+00
   outer loop
     vertex -1.775775e+00  7.987013e-02 -4.500010e+00
     vertex -1.708843e+00 -3.916800e-02 -4.500010e+00
     vertex -1.708843e+00 -3.916800e-02  0.000000e+00
   endloop
 endfacet
 facet normal -8.716605e-01 -4.901102e-01  0.000000e+00
   outer loop
     vertex -1.775775e+00  7.987013e-02 -4.500010e+00
     vertex -1.708843e+00 -3.916800e-02  0.000000e+00
     vertex -1.775775e+00  7.987013e-02  0.000000e+00
   endloop
 endfacet
 facet normal -9.030747e-01 -4.294834e-01  0.000000e+00
   outer loop
     vertex -1.834427e+00  2.031983e-01 -4.500010e+00
     vertex -1.775775e+00  7.987013e-02 -4.500010e+00
     vertex -1.775775e+00  7.987013e-02  0.000000e+00
   endloop
 endfacet
 facet normal -9.030747e-01 -4.294834e-01  0.000000e+00
   outer loop
     vertex -1.834427e+00  2.031983e-01 -4.500010e+00
     vertex -1.775775e+00  7.987013e-02  0.000000e+00
     vertex -1.834427e+00  2.031983e-01  0.000000e+00
   endloop
 endfacet
 facet normal -9.302784e-01 -3.668542e-01  0.000000e+00
   outer loop
     vertex -1.884527e+00  3.302416e-01 -4.500010e+00
     vertex -1.834427e+00  2.031983e-01 -4.500010e+00
     vertex -1.834427e+00  2.031983e-01  0.000000e+00
   endloop
 endfacet
 facet normal -9.302784e-01 -3.668542e-01  0.000000e+00
   outer loop
     vertex -1.884527e+00  3.302416e-01 -4.500010e+00
     vertex -1.834427e+00  2.031983e-01  0.000000e+00
     vertex -1.884527e+00  3.302416e-01  0.000000e+00
   endloop
 endfacet
 facet normal -9.531448e-01 -3.025146e-01  0.000000e+00
   outer loop
     vertex -1.925839e+00  4.604076e-01 -4.500010e+00
     vertex -1.884527e+00  3.302416e-01 -4.500010e+00
     vertex -1.884527e+00  3.302416e-01  0.000000e+00
   endloop
 endfacet
 facet normal -9.531448e-01 -3.025146e-01  0.000000e+00
   outer loop
     vertex -1.925839e+00  4.604076e-01 -4.500010e+00
     vertex -1.884527e+00  3.302416e-01  0.000000e+00
     vertex -1.925839e+00  4.604076e-01  0.000000e+00
   endloop
 endfacet
 facet normal -9.715671e-01 -2.367644e-01  0.000000e+00
   outer loop
     vertex -1.958173e+00  5.930895e-01 -4.500010e+00
     vertex -1.925839e+00  4.604076e-01 -4.500010e+00
     vertex -1.925839e+00  4.604076e-01  0.000000e+00
   endloop
 endfacet
 facet normal -9.715671e-01 -2.367644e-01  0.000000e+00
   outer loop
     vertex -1.958173e+00  5.930895e-01 -4.500010e+00
     vertex -1.925839e+00  4.604076e-01  0.000000e+00
     vertex -1.958173e+00  5.930895e-01  0.000000e+00
   endloop
 endfacet
 facet normal -9.854595e-01 -1.699104e-01  0.000000e+00
   outer loop
     vertex -1.981377e+00  7.276686e-01 -4.500010e+00
     vertex -1.958173e+00  5.930895e-01 -4.500010e+00
     vertex -1.958173e+00  5.930895e-01  0.000000e+00
   endloop
 endfacet
 facet normal -9.854595e-01 -1.699104e-01  0.000000e+00
   outer loop
     vertex -1.981377e+00  7.276686e-01 -4.500010e+00
     vertex -1.958173e+00  5.930895e-01  0.000000e+00
     vertex -1.981377e+00  7.276686e-01  0.000000e+00
   endloop
 endfacet
 facet normal -9.947573e-01 -1.022641e-01  0.000000e+00
   outer loop
     vertex -1.995343e+00  8.635174e-01 -4.500010e+00
     vertex -1.981377e+00  7.276686e-01 -4.500010e+00
     vertex -1.981377e+00  7.276686e-01  0.000000e+00
   endloop
 endfacet
 facet normal -9.947573e-01 -1.022641e-01  0.000000e+00
   outer loop
     vertex -1.995343e+00  8.635174e-01 -4.500010e+00
     vertex -1.981377e+00  7.276686e-01  0.000000e+00
     vertex -1.995343e+00  8.635174e-01  0.000000e+00
   endloop
 endfacet
 facet normal -9.994170e-01 -3.414111e-02  0.000000e+00
   outer loop
     vertex -2.000005e+00  1.000003e+00 -4.500010e+00
     vertex -1.995343e+00  8.635174e-01 -4.500010e+00
     vertex -1.995343e+00  8.635174e-01  0.000000e+00
   endloop
 endfacet
 facet normal -9.994170e-01 -3.414111e-02  0.000000e+00
   outer loop
     vertex -2.000005e+00  1.000003e+00 -4.500010e+00
     vertex -1.995343e+00  8.635174e-01  0.000000e+00
     vertex -2.000005e+00  1.000003e+00  0.000000e+00
   endloop
 endfacet
 facet normal -1.000000e+00  0.000000e+00  0.000000e+00
   outer loop
     vertex  9.000018e+00  3.700007e+01 -1.500003e+00
     vertex  9.000018e+00  2.500005e+01 -1.500003e+00
     vertex  9.000018e+00  2.500005e+01  0.000000e+00
   endloop
 endfacet
 facet normal -1.000000e+00  0.000000e+00  0.000000e+00
   outer loop
     vertex  9.000018e+00  3.700007e+01 -1.500003e+00
     vertex  9.000018e+00  2.500005e+01  0.000000e+00
     vertex  9.000018e+00  3.700007e+01  0.000000e+00
   endloop
 endfacet
 facet normal  0.000000e+00  1.000000e+00  0.000000e+00
   outer loop
     vertex  2.100004e+01  3.700007e+01 -1.500003e+00
     vertex  9.000018e+00  3.700007e+01 -1.500003e+00
     vertex  9.000018e+00  3.700007e+01  0.000000e+00
   endloop
 endfacet
 facet normal  0.000000e+00  1.000000e+00 -0.000000e+00
   outer loop
     vertex  2.100004e+01  3.700007e+01 -1.500003e+00
     vertex  9.000018e+00  3.700007e+01  0.000000e+00
     vertex  2.100004e+01  3.700007e+01  0.000000e+00
   endloop
 endfacet
 facet normal  1.000000e+00  0.000000e+00  0.000000e+00
   outer loop
     vertex  2.100004e+01  2.500005e+01 -1.500003e+00
     vertex  2.100004e+01  3.700007e+01 -1.500003e+00
     vertex  2.100004e+01  3.700007e+01  0.000000e+00
   endloop
 endfacet
 facet normal  1.000000e+00  0.000000e+00  0.000000e+00
   outer loop
     vertex  2.100004e+01  2.500005e+01 -1.500003e+00
     vertex  2.100004e+01  3.700007e+01  0.000000e+00
     vertex  2.100004e+01  2.500005e+01  0.000000e+00
   endloop
 endfacet
 facet normal  0.000000e+00 -1.000000e+00  0.000000e+00
   outer loop
     vertex  9.000018e+00  2.500005e+01 -1.500003e+00
     vertex  2.100004e+01  2.500005e+01 -1.500003e+00
     vertex  2.100004e+01  2.500005e+01  0.000000e+00
   endloop
 endfacet
 facet normal  0.000000e+00 -1.000000e+00  0.000000e+00
   outer loop
     vertex  9.000018e+00  2.500005e+01 -1.500003e+00
     vertex  2.100004e+01  2.500005e+01  0.000000e+00
     vertex  9.000018e+00  2.500005e+01  0.000000e+00
   endloop
 endfacet
 facet normal -9.994170e-01  3.414111e-02  0.000000e+00
   outer loop
     vertex -1.518825e+00  3.605592e+01  2.500005e+00
     vertex -1.525003e+00  3.587507e+01  2.500005e+00
     vertex -1.525003e+00  3.587507e+01  4.500010e+00
   endloop
 endfacet
 facet normal -9.994170e-01  3.414111e-02  0.000000e+00
   outer loop
     vertex -1.518825e+00  3.605592e+01  2.500005e+00
     vertex -1.525003e+00  3.587507e+01  4.500010e+00
     vertex -1.518825e+00  3.605592e+01  4.500010e+00
   endloop
 endfacet
 facet normal -9.947573e-01  1.022641e-01  0.000000e+00
   outer loop
     vertex -1.500320e+00  3.623591e+01  2.500005e+00
     vertex -1.518825e+00  3.605592e+01  2.500005e+00
     vertex -1.518825e+00  3.605592e+01  4.500010e+00
   endloop
 endfacet
 facet normal -9.947573e-01  1.022641e-01  0.000000e+00
   outer loop
     vertex -1.500320e+00  3.623591e+01  2.500005e+00
     vertex -1.518825e+00  3.605592e+01  4.500010e+00
     vertex -1.500320e+00  3.623591e+01  4.500010e+00
   endloop
 endfacet
 facet normal -9.854595e-01  1.699104e-01  0.000000e+00
   outer loop
     vertex -1.469575e+00  3.641423e+01  2.500005e+00
     vertex -1.500320e+00  3.623591e+01  2.500005e+00
     vertex -1.500320e+00  3.623591e+01  4.500010e+00
   endloop
 endfacet
 facet normal -9.854595e-01  1.699104e-01  0.000000e+00
   outer loop
     vertex -1.469575e+00  3.641423e+01  2.500005e+00
     vertex -1.500320e+00  3.623591e+01  4.500010e+00
     vertex -1.469575e+00  3.641423e+01  4.500010e+00
   endloop
 endfacet
 facet normal -9.715671e-01  2.367644e-01  0.000000e+00
   outer loop
     vertex -1.426733e+00  3.659004e+01  2.500005e+00
     vertex -1.469575e+00  3.641423e+01  2.500005e+00
     vertex -1.469575e+00  3.641423e+01  4.500010e+00
   endloop
 endfacet
 facet normal -9.715671e-01  2.367644e-01  0.000000e+00
   outer loop
     vertex -1.426733e+00  3.659004e+01  2.500005e+00
     vertex -1.469575e+00  3.641423e+01  4.500010e+00
     vertex -1.426733e+00  3.659004e+01  4.500010e+00
   endloop
 endfacet
 facet normal -9.531448e-01  3.025146e-01  0.000000e+00
   outer loop
     vertex -1.371994e+00  3.676251e+01  2.500005e+00
     vertex -1.426733e+00  3.659004e+01  2.500005e+00
     vertex -1.426733e+00  3.659004e+01  4.500010e+00
   endloop
 endfacet
 facet normal -9.531448e-01  3.025146e-01  0.000000e+00
   outer loop
     vertex -1.371994e+00  3.676251e+01  2.500005e+00
     vertex -1.426733e+00  3.659004e+01  4.500010e+00
     vertex -1.371994e+00  3.676251e+01  4.500010e+00
   endloop
 endfacet
 facet normal -9.302784e-01  3.668542e-01  0.000000e+00
   outer loop
     vertex -1.305612e+00  3.693084e+01  2.500005e+00
     vertex -1.371994e+00  3.676251e+01  2.500005e+00
     vertex -1.371994e+00  3.676251e+01  4.500010e+00
   endloop
 endfacet
 facet normal -9.302784e-01  3.668542e-01  0.000000e+00
   outer loop
     vertex -1.305612e+00  3.693084e+01  2.500005e+00
     vertex -1.371994e+00  3.676251e+01  4.500010e+00
     vertex -1.305612e+00  3.693084e+01  4.500010e+00
   endloop
 endfacet
 facet normal -9.030747e-01  4.294834e-01  0.000000e+00
   outer loop
     vertex -1.227898e+00  3.709425e+01  2.500005e+00
     vertex -1.305612e+00  3.693084e+01  2.500005e+00
     vertex -1.305612e+00  3.693084e+01  4.500010e+00
   endloop
 endfacet
 facet normal -9.030747e-01  4.294834e-01  0.000000e+00
   outer loop
     vertex -1.227898e+00  3.709425e+01  2.500005e+00
     vertex -1.305612e+00  3.693084e+01  4.500010e+00
     vertex -1.227898e+00  3.709425e+01  4.500010e+00
   endloop
 endfacet
 facet normal -8.716605e-01  4.901102e-01  0.000000e+00
   outer loop
     vertex -1.139213e+00  3.725197e+01  2.500005e+00
     vertex -1.227898e+00  3.709425e+01  2.500005e+00
     vertex -1.227898e+00  3.709425e+01  4.500010e+00
   endloop
 endfacet
 facet normal -8.716605e-01  4.901102e-01  0.000000e+00
   outer loop
     vertex -1.139213e+00  3.725197e+01  2.500005e+00
     vertex -1.227898e+00  3.709425e+01  4.500010e+00
     vertex -1.139213e+00  3.725197e+01  4.500010e+00
   endloop
 endfacet
 facet normal -8.361821e-01  5.484519e-01  0.000000e+00
   outer loop
     vertex -1.039972e+00  3.740328e+01  2.500005e+00
     vertex -1.139213e+00  3.725197e+01  2.500005e+00
     vertex -1.139213e+00  3.725197e+01  4.500010e+00
   endloop
 endfacet
 facet normal -8.361821e-01  5.484519e-01  0.000000e+00
   outer loop
     vertex -1.039972e+00  3.740328e+01  2.500005e+00
     vertex -1.139213e+00  3.725197e+01  4.500010e+00
     vertex -1.039972e+00  3.740328e+01  4.500010e+00
   endloop
 endfacet
 facet normal -7.968051e-01  6.042364e-01  0.000000e+00
   outer loop
     vertex -9.306360e-01  3.754746e+01  2.500005e+00
     vertex -1.039972e+00  3.740328e+01  2.500005e+00
     vertex -1.039972e+00  3.740328e+01  4.500010e+00
   endloop
 endfacet
 facet normal -7.968051e-01  6.042364e-01  0.000000e+00
   outer loop
     vertex -9.306360e-01  3.754746e+01  2.500005e+00
     vertex -1.039972e+00  3.740328e+01  4.500010e+00
     vertex -9.306360e-01  3.754746e+01  4.500010e+00
   endloop
 endfacet
 facet normal -7.537130e-01  6.572037e-01  0.000000e+00
   outer loop
     vertex -8.117161e-01  3.768384e+01  2.500005e+00
     vertex -9.306360e-01  3.754746e+01  2.500005e+00
     vertex -9.306360e-01  3.754746e+01  4.500010e+00
   endloop
 endfacet
 facet normal -7.537130e-01  6.572037e-01  0.000000e+00
   outer loop
     vertex -8.117161e-01  3.768384e+01  2.500005e+00
     vertex -9.306360e-01  3.754746e+01  4.500010e+00
     vertex -8.117161e-01  3.768384e+01  4.500010e+00
   endloop
 endfacet
 facet normal -7.071068e-01  7.071068e-01  0.000000e+00
   outer loop
     vertex -6.837664e-01  3.781179e+01  2.500005e+00
     vertex -8.117161e-01  3.768384e+01  2.500005e+00
     vertex -8.117161e-01  3.768384e+01  4.500010e+00
   endloop
 endfacet
 facet normal -7.071068e-01  7.071068e-01  0.000000e+00
   outer loop
     vertex -6.837664e-01  3.781179e+01  2.500005e+00
     vertex -8.117161e-01  3.768384e+01  4.500010e+00
     vertex -6.837664e-01  3.781179e+01  4.500010e+00
   endloop
 endfacet
 facet normal -6.572037e-01  7.537130e-01  0.000000e+00
   outer loop
     vertex -5.473832e-01  3.793071e+01  2.500005e+00
     vertex -6.837664e-01  3.781179e+01  2.500005e+00
     vertex -6.837664e-01  3.781179e+01  4.500010e+00
   endloop
 endfacet
 facet normal -6.572037e-01  7.537130e-01  0.000000e+00
   outer loop
     vertex -5.473832e-01  3.793071e+01  2.500005e+00
     vertex -6.837664e-01  3.781179e+01  4.500010e+00
     vertex -5.473832e-01  3.793071e+01  4.500010e+00
   endloop
 endfacet
 facet normal -6.042364e-01  7.968051e-01  0.000000e+00
   outer loop
     vertex -4.032027e-01  3.804005e+01  2.500005e+00
     vertex -5.473832e-01  3.793071e+01  2.500005e+00
     vertex -5.473832e-01  3.793071e+01  4.500010e+00
   endloop
 endfacet
 facet normal -6.042364e-01  7.968051e-01  0.000000e+00
   outer loop
     vertex -4.032027e-01  3.804005e+01  2.500005e+00
     vertex -5.473832e-01  3.793071e+01  4.500010e+00
     vertex -4.032027e-01  3.804005e+01  4.500010e+00
   endloop
 endfacet
 facet normal -5.484519e-01  8.361821e-01  0.000000e+00
   outer loop
     vertex -2.518970e-01  3.813929e+01  2.500005e+00
     vertex -4.032027e-01  3.804005e+01  2.500005e+00
     vertex -4.032027e-01  3.804005e+01  4.500010e+00
   endloop
 endfacet
 facet normal -5.484519e-01  8.361821e-01  0.000000e+00
   outer loop
     vertex -2.518970e-01  3.813929e+01  2.500005e+00
     vertex -4.032027e-01  3.804005e+01  4.500010e+00
     vertex -2.518970e-01  3.813929e+01  4.500010e+00
   endloop
 endfacet
 facet normal -4.901102e-01  8.716605e-01  0.000000e+00
   outer loop
     vertex -9.417146e-02  3.822797e+01  2.500005e+00
     vertex -2.518970e-01  3.813929e+01  2.500005e+00
     vertex -2.518970e-01  3.813929e+01  4.500010e+00
   endloop
 endfacet
 facet normal -4.901102e-01  8.716605e-01  0.000000e+00
   outer loop
     vertex -9.417146e-02  3.822797e+01  2.500005e+00
     vertex -2.518970e-01  3.813929e+01  4.500010e+00
     vertex -9.417146e-02  3.822797e+01  4.500010e+00
   endloop
 endfacet
 facet normal -4.294834e-01  9.030747e-01  0.000000e+00
   outer loop
     vertex  6.923839e-02  3.830569e+01  2.500005e+00
     vertex -9.417146e-02  3.822797e+01  2.500005e+00
     vertex -9.417146e-02  3.822797e+01  4.500010e+00
   endloop
 endfacet
 facet normal -4.294834e-01  9.030747e-01  0.000000e+00
   outer loop
     vertex  6.923839e-02  3.830569e+01  2.500005e+00
     vertex -9.417146e-02  3.822797e+01  4.500010e+00
     vertex  6.923839e-02  3.830569e+01  4.500010e+00
   endloop
 endfacet
 facet normal -3.668542e-01  9.302784e-01  0.000000e+00
   outer loop
     vertex  2.375707e-01  3.837207e+01  2.500005e+00
     vertex  6.923839e-02  3.830569e+01  2.500005e+00
     vertex  6.923839e-02  3.830569e+01  4.500010e+00
   endloop
 endfacet
 facet normal -3.668542e-01  9.302784e-01  0.000000e+00
   outer loop
     vertex  2.375707e-01  3.837207e+01  2.500005e+00
     vertex  6.923839e-02  3.830569e+01  4.500010e+00
     vertex  2.375707e-01  3.837207e+01  4.500010e+00
   endloop
 endfacet
 facet normal -3.025146e-01  9.531448e-01  0.000000e+00
   outer loop
     vertex  4.100407e-01  3.842681e+01  2.500005e+00
     vertex  2.375707e-01  3.837207e+01  2.500005e+00
     vertex  2.375707e-01  3.837207e+01  4.500010e+00
   endloop
 endfacet
 facet normal -3.025146e-01  9.531448e-01  0.000000e+00
   outer loop
     vertex  4.100407e-01  3.842681e+01  2.500005e+00
     vertex  2.375707e-01  3.837207e+01  4.500010e+00
     vertex  4.100407e-01  3.842681e+01  4.500010e+00
   endloop
 endfacet
 facet normal -2.367644e-01  9.715671e-01  0.000000e+00
   outer loop
     vertex  5.858441e-01  3.846965e+01  2.500005e+00
     vertex  4.100407e-01  3.842681e+01  2.500005e+00
     vertex  4.100407e-01  3.842681e+01  4.500010e+00
   endloop
 endfacet
 facet normal -2.367644e-01  9.715671e-01  0.000000e+00
   outer loop
     vertex  5.858441e-01  3.846965e+01  2.500005e+00
     vertex  4.100407e-01  3.842681e+01  4.500010e+00
     vertex  5.858441e-01  3.846965e+01  4.500010e+00
   endloop
 endfacet
 facet normal -1.699104e-01  9.854595e-01  0.000000e+00
   outer loop
     vertex  7.641613e-01  3.850040e+01  2.500005e+00
     vertex  5.858441e-01  3.846965e+01  2.500005e+00
     vertex  5.858441e-01  3.846965e+01  4.500010e+00
   endloop
 endfacet
 facet normal -1.699104e-01  9.854595e-01  0.000000e+00
   outer loop
     vertex  7.641613e-01  3.850040e+01  2.500005e+00
     vertex  5.858441e-01  3.846965e+01  4.500010e+00
     vertex  7.641613e-01  3.850040e+01  4.500010e+00
   endloop
 endfacet
 facet normal -1.022641e-01  9.947573e-01  0.000000e+00
   outer loop
     vertex  9.441610e-01  3.851890e+01  2.500005e+00
     vertex  7.641613e-01  3.850040e+01  2.500005e+00
     vertex  7.641613e-01  3.850040e+01  4.500010e+00
   endloop
 endfacet
 facet normal -1.022641e-01  9.947573e-01  0.000000e+00
   outer loop
     vertex  9.441610e-01  3.851890e+01  2.500005e+00
     vertex  7.641613e-01  3.850040e+01  4.500010e+00
     vertex  9.441610e-01  3.851890e+01  4.500010e+00
   endloop
 endfacet
 facet normal -3.414111e-02  9.994170e-01  0.000000e+00
   outer loop
     vertex  1.125004e+00  3.852508e+01  2.500005e+00
     vertex  9.441610e-01  3.851890e+01  2.500005e+00
     vertex  9.441610e-01  3.851890e+01  4.500010e+00
   endloop
 endfacet
 facet normal -3.414111e-02  9.994170e-01  0.000000e+00
   outer loop
     vertex  1.125004e+00  3.852508e+01  2.500005e+00
     vertex  9.441610e-01  3.851890e+01  4.500010e+00
     vertex  1.125004e+00  3.852508e+01  4.500010e+00
   endloop
 endfacet
 facet normal  0.000000e+00  1.000000e+00  0.000000e+00
   outer loop
     vertex  2.887506e+01  3.852508e+01  2.500005e+00
     vertex  1.125004e+00  3.852508e+01  2.500005e+00
     vertex  1.125004e+00  3.852508e+01  4.500010e+00
   endloop
 endfacet
 facet normal  0.000000e+00  1.000000e+00 -0.000000e+00
   outer loop
     vertex  2.887506e+01  3.852508e+01  2.500005e+00
     vertex  1.125004e+00  3.852508e+01  4.500010e+00
     vertex  2.887506e+01  3.852508e+01  4.500010e+00
   endloop
 endfacet
 facet normal  3.414111e-02  9.994170e-01  0.000000e+00
   outer loop
     vertex  2.905590e+01  3.851890e+01  2.500005e+00
     vertex  2.887506e+01  3.852508e+01  2.500005e+00
     vertex  2.887506e+01  3.852508e+01  4.500010e+00
   endloop
 endfacet
 facet normal  3.414111e-02  9.994170e-01 -0.000000e+00
   outer loop
     vertex  2.905590e+01  3.851890e+01  2.500005e+00
     vertex  2.887506e+01  3.852508e+01  4.500010e+00
     vertex  2.905590e+01  3.851890e+01  4.500010e+00
   endloop
 endfacet
 facet normal  1.022641e-01  9.947573e-01  0.000000e+00
   outer loop
     vertex  2.923590e+01  3.850040e+01  2.500005e+00
     vertex  2.905590e+01  3.851890e+01  2.500005e+00
     vertex  2.905590e+01  3.851890e+01  4.500010e+00
   endloop
 endfacet
 facet normal  1.022641e-01  9.947573e-01 -0.000000e+00
   outer loop
     vertex  2.923590e+01  3.850040e+01  2.500005e+00
     vertex  2.905590e+01  3.851890e+01  4.500010e+00
     vertex  2.923590e+01  3.850040e+01  4.500010e+00
   endloop
 endfacet
 facet normal  1.699104e-01  9.854595e-01  0.000000e+00
   outer loop
     vertex  2.941422e+01  3.846965e+01  2.500005e+00
     vertex  2.923590e+01  3.850040e+01  2.500005e+00
     vertex  2.923590e+01  3.850040e+01  4.500010e+00
   endloop
 endfacet
 facet normal  1.699104e-01  9.854595e-01 -0.000000e+00
   outer loop
     vertex  2.941422e+01  3.846965e+01  2.500005e+00
     vertex  2.923590e+01  3.850040e+01  4.500010e+00
     vertex  2.941422e+01  3.846965e+01  4.500010e+00
   endloop
 endfacet
 facet normal  2.367644e-01  9.715671e-01  0.000000e+00
   outer loop
     vertex  2.959002e+01  3.842681e+01  2.500005e+00
     vertex  2.941422e+01  3.846965e+01  2.500005e+00
     vertex  2.941422e+01  3.846965e+01  4.500010e+00
   endloop
 endfacet
 facet normal  2.367644e-01  9.715671e-01 -0.000000e+00
   outer loop
     vertex  2.959002e+01  3.842681e+01  2.500005e+00
     vertex  2.941422e+01  3.846965e+01  4.500010e+00
     vertex  2.959002e+01  3.842681e+01  4.500010e+00
   endloop
 endfacet
 facet normal  3.025146e-01  9.531448e-01  0.000000e+00
   outer loop
     vertex  2.976249e+01  3.837207e+01  2.500005e+00
     vertex  2.959002e+01  3.842681e+01  2.500005e+00
     vertex  2.959002e+01  3.842681e+01  4.500010e+00
   endloop
 endfacet
 facet normal  3.025146e-01  9.531448e-01 -0.000000e+00
   outer loop
     vertex  2.976249e+01  3.837207e+01  2.500005e+00
     vertex  2.959002e+01  3.842681e+01  4.500010e+00
     vertex  2.976249e+01  3.837207e+01  4.500010e+00
   endloop
 endfacet
 facet normal  3.668542e-01  9.302784e-01  0.000000e+00
   outer loop
     vertex  2.993082e+01  3.830569e+01  2.500005e+00
     vertex  2.976249e+01  3.837207e+01  2.500005e+00
     vertex  2.976249e+01  3.837207e+01  4.500010e+00
   endloop
 endfacet
 facet normal  3.668542e-01  9.302784e-01 -0.000000e+00
   outer loop
     vertex  2.993082e+01  3.830569e+01  2.500005e+00
     vertex  2.976249e+01  3.837207e+01  4.500010e+00
     vertex  2.993082e+01  3.830569e+01  4.500010e+00
   endloop
 endfacet
 facet normal  4.294834e-01  9.030747e-01  0.000000e+00
   outer loop
     vertex  3.009423e+01  3.822797e+01  2.500005e+00
     vertex  2.993082e+01  3.830569e+01  2.500005e+00
     vertex  2.993082e+01  3.830569e+01  4.500010e+00
   endloop
 endfacet
 facet normal  4.294834e-01  9.030747e-01 -0.000000e+00
   outer loop
     vertex  3.009423e+01  3.822797e+01  2.500005e+00
     vertex  2.993082e+01  3.830569e+01  4.500010e+00
     vertex  3.009423e+01  3.822797e+01  4.500010e+00
   endloop
 endfacet
 facet normal  4.901102e-01  8.716605e-01  0.000000e+00
   outer loop
     vertex  3.025196e+01  3.813929e+01  2.500005e+00
     vertex  3.009423e+01  3.822797e+01  2.500005e+00
     vertex  3.009423e+01  3.822797e+01  4.500010e+00
   endloop
 endfacet
 facet normal  4.901102e-01  8.716605e-01 -0.000000e+00
   outer loop
     vertex  3.025196e+01  3.813929e+01  2.500005e+00
     vertex  3.009423e+01  3.822797e+01  4.500010e+00
     vertex  3.025196e+01  3.813929e+01  4.500010e+00
   endloop
 endfacet
 facet normal  5.484519e-01  8.361821e-01  0.000000e+00
   outer loop
     vertex  3.040326e+01  3.804005e+01  2.500005e+00
     vertex  3.025196e+01  3.813929e+01  2.500005e+00
     vertex  3.025196e+01  3.813929e+01  4.500010e+00
   endloop
 endfacet
 facet normal  5.484519e-01  8.361821e-01 -0.000000e+00
   outer loop
     vertex  3.040326e+01  3.804005e+01  2.500005e+00
     vertex  3.025196e+01  3.813929e+01  4.500010e+00
     vertex  3.040326e+01  3.804005e+01  4.500010e+00
   endloop
 endfacet
 facet normal  6.042364e-01  7.968051e-01  0.000000e+00
   outer loop
     vertex  3.054744e+01  3.793071e+01  2.500005e+00
     vertex  3.040326e+01  3.804005e+01  2.500005e+00
     vertex  3.040326e+01  3.804005e+01  4.500010e+00
   endloop
 endfacet
 facet normal  6.042364e-01  7.968051e-01 -0.000000e+00
   outer loop
     vertex  3.054744e+01  3.793071e+01  2.500005e+00
     vertex  3.040326e+01  3.804005e+01  4.500010e+00
     vertex  3.054744e+01  3.793071e+01  4.500010e+00
   endloop
 endfacet
 facet normal  6.572037e-01  7.537130e-01  0.000000e+00
   outer loop
     vertex  3.068383e+01  3.781179e+01  2.500005e+00
     vertex  3.054744e+01  3.793071e+01  2.500005e+00
     vertex  3.054744e+01  3.793071e+01  4.500010e+00
   endloop
 endfacet
 facet normal  6.572037e-01  7.537130e-01 -0.000000e+00
   outer loop
     vertex  3.068383e+01  3.781179e+01  2.500005e+00
     vertex  3.054744e+01  3.793071e+01  4.500010e+00
     vertex  3.068383e+01  3.781179e+01  4.500010e+00
   endloop
 endfacet
 facet normal  7.071068e-01  7.071068e-01  0.000000e+00
   outer loop
     vertex  3.081178e+01  3.768384e+01  2.500005e+00
     vertex  3.068383e+01  3.781179e+01  2.500005e+00
     vertex  3.068383e+01  3.781179e+01  4.500010e+00
   endloop
 endfacet
 facet normal  7.071068e-01  7.071068e-01 -0.000000e+00
   outer loop
     vertex  3.081178e+01  3.768384e+01  2.500005e+00
     vertex  3.068383e+01  3.781179e+01  4.500010e+00
     vertex  3.081178e+01  3.768384e+01  4.500010e+00
   endloop
 endfacet
 facet normal  7.537130e-01  6.572037e-01  0.000000e+00
   outer loop
     vertex  3.093070e+01  3.754746e+01  2.500005e+00
     vertex  3.081178e+01  3.768384e+01  2.500005e+00
     vertex  3.081178e+01  3.768384e+01  4.500010e+00
   endloop
 endfacet
 facet normal  7.537130e-01  6.572037e-01 -0.000000e+00
   outer loop
     vertex  3.093070e+01  3.754746e+01  2.500005e+00
     vertex  3.081178e+01  3.768384e+01  4.500010e+00
     vertex  3.093070e+01  3.754746e+01  4.500010e+00
   endloop
 endfacet
 facet normal  7.968051e-01  6.042364e-01  0.000000e+00
   outer loop
     vertex  3.104003e+01  3.740328e+01  2.500005e+00
     vertex  3.093070e+01  3.754746e+01  2.500005e+00
     vertex  3.093070e+01  3.754746e+01  4.500010e+00
   endloop
 endfacet
 facet normal  7.968051e-01  6.042364e-01 -0.000000e+00
   outer loop
     vertex  3.104003e+01  3.740328e+01  2.500005e+00
     vertex  3.093070e+01  3.754746e+01  4.500010e+00
     vertex  3.104003e+01  3.740328e+01  4.500010e+00
   endloop
 endfacet
 facet normal  8.361821e-01  5.484519e-01  0.000000e+00
   outer loop
     vertex  3.113927e+01  3.725197e+01  2.500005e+00
     vertex  3.104003e+01  3.740328e+01  2.500005e+00
     vertex  3.104003e+01  3.740328e+01  4.500010e+00
   endloop
 endfacet
 facet normal  8.361821e-01  5.484519e-01 -0.000000e+00
   outer loop
     vertex  3.113927e+01  3.725197e+01  2.500005e+00
     vertex  3.104003e+01  3.740328e+01  4.500010e+00
     vertex  3.113927e+01  3.725197e+01  4.500010e+00
   endloop
 endfacet
 facet normal  8.716605e-01  4.901102e-01  0.000000e+00
   outer loop
     vertex  3.122796e+01  3.709425e+01  2.500005e+00
     vertex  3.113927e+01  3.725197e+01  2.500005e+00
     vertex  3.113927e+01  3.725197e+01  4.500010e+00
   endloop
 endfacet
 facet normal  8.716605e-01  4.901102e-01 -0.000000e+00
   outer loop
     vertex  3.122796e+01  3.709425e+01  2.500005e+00
     vertex  3.113927e+01  3.725197e+01  4.500010e+00
     vertex  3.122796e+01  3.709425e+01  4.500010e+00
   endloop
 endfacet
 facet normal  9.030747e-01  4.294834e-01  0.000000e+00
   outer loop
     vertex  3.130567e+01  3.693084e+01  2.500005e+00
     vertex  3.122796e+01  3.709425e+01  2.500005e+00
     vertex  3.122796e+01  3.709425e+01  4.500010e+00
   endloop
 endfacet
 facet normal  9.030747e-01  4.294834e-01 -0.000000e+00
   outer loop
     vertex  3.130567e+01  3.693084e+01  2.500005e+00
     vertex  3.122796e+01  3.709425e+01  4.500010e+00
     vertex  3.130567e+01  3.693084e+01  4.500010e+00
   endloop
 endfacet
 facet normal  9.302784e-01  3.668542e-01  0.000000e+00
   outer loop
     vertex  3.137205e+01  3.676251e+01  2.500005e+00
     vertex  3.130567e+01  3.693084e+01  2.500005e+00
     vertex  3.130567e+01  3.693084e+01  4.500010e+00
   endloop
 endfacet
 facet normal  9.302784e-01  3.668542e-01 -0.000000e+00
   outer loop
     vertex  3.137205e+01  3.676251e+01  2.500005e+00
     vertex  3.130567e+01  3.693084e+01  4.500010e+00
     vertex  3.137205e+01  3.676251e+01  4.500010e+00
   endloop
 endfacet
 facet normal  9.531448e-01  3.025146e-01  0.000000e+00
   outer loop
     vertex  3.142679e+01  3.659004e+01  2.500005e+00
     vertex  3.137205e+01  3.676251e+01  2.500005e+00
     vertex  3.137205e+01  3.676251e+01  4.500010e+00
   endloop
 endfacet
 facet normal  9.531448e-01  3.025146e-01 -0.000000e+00
   outer loop
     vertex  3.142679e+01  3.659004e+01  2.500005e+00
     vertex  3.137205e+01  3.676251e+01  4.500010e+00
     vertex  3.142679e+01  3.659004e+01  4.500010e+00
   endloop
 endfacet
 facet normal  9.715671e-01  2.367644e-01  0.000000e+00
   outer loop
     vertex  3.146964e+01  3.641423e+01  2.500005e+00
     vertex  3.142679e+01  3.659004e+01  2.500005e+00
     vertex  3.142679e+01  3.659004e+01  4.500010e+00
   endloop
 endfacet
 facet normal  9.715671e-01  2.367644e-01 -0.000000e+00
   outer loop
     vertex  3.146964e+01  3.641423e+01  2.500005e+00
     vertex  3.142679e+01  3.659004e+01  4.500010e+00
     vertex  3.146964e+01  3.641423e+01  4.500010e+00
   endloop
 endfacet
 facet normal  9.854595e-01  1.699104e-01  0.000000e+00
   outer loop
     vertex  3.150038e+01  3.623591e+01  2.500005e+00
     vertex  3.146964e+01  3.641423e+01  2.500005e+00
     vertex  3.146964e+01  3.641423e+01  4.500010e+00
   endloop
 endfacet
 facet normal  9.854595e-01  1.699104e-01 -0.000000e+00
   outer loop
     vertex  3.150038e+01  3.623591e+01  2.500005e+00
     vertex  3.146964e+01  3.641423e+01  4.500010e+00
     vertex  3.150038e+01  3.623591e+01  4.500010e+00
   endloop
 endfacet
 facet normal  9.947573e-01  1.022641e-01  0.000000e+00
   outer loop
     vertex  3.151889e+01  3.605592e+01  2.500005e+00
     vertex  3.150038e+01  3.623591e+01  2.500005e+00
     vertex  3.150038e+01  3.623591e+01  4.500010e+00
   endloop
 endfacet
 facet normal  9.947573e-01  1.022641e-01 -0.000000e+00
   outer loop
     vertex  3.151889e+01  3.605592e+01  2.500005e+00
     vertex  3.150038e+01  3.623591e+01  4.500010e+00
     vertex  3.151889e+01  3.605592e+01  4.500010e+00
   endloop
 endfacet
 facet normal  9.994170e-01  3.414111e-02  0.000000e+00
   outer loop
     vertex  3.152506e+01  3.587507e+01  2.500005e+00
     vertex  3.151889e+01  3.605592e+01  2.500005e+00
     vertex  3.151889e+01  3.605592e+01  4.500010e+00
   endloop
 endfacet
 facet normal  9.994170e-01  3.414111e-02 -0.000000e+00
   outer loop
     vertex  3.152506e+01  3.587507e+01  2.500005e+00
     vertex  3.151889e+01  3.605592e+01  4.500010e+00
     vertex  3.152506e+01  3.587507e+01  4.500010e+00
   endloop
 endfacet
 facet normal  1.000000e+00  0.000000e+00  0.000000e+00
   outer loop
     vertex  3.152506e+01  1.125004e+00  2.500005e+00
     vertex  3.152506e+01  3.587507e+01  2.500005e+00
     vertex  3.152506e+01  3.587507e+01  4.500010e+00
   endloop
 endfacet
 facet normal  1.000000e+00  0.000000e+00  0.000000e+00
   outer loop
     vertex  3.152506e+01  1.125004e+00  2.500005e+00
     vertex  3.152506e+01  3.587507e+01  4.500010e+00
     vertex  3.152506e+01  1.125004e+00  4.500010e+00
   endloop
 endfacet
 facet normal  9.994170e-01 -3.414111e-02  0.000000e+00
   outer loop
     vertex  3.151889e+01  9.441610e-01  2.500005e+00
     vertex  3.152506e+01  1.125004e+00  2.500005e+00
     vertex  3.152506e+01  1.125004e+00  4.500010e+00
   endloop
 endfacet
 facet normal  9.994170e-01 -3.414111e-02  0.000000e+00
   outer loop
     vertex  3.151889e+01  9.441610e-01  2.500005e+00
     vertex  3.152506e+01  1.125004e+00  4.500010e+00
     vertex  3.151889e+01  9.441610e-01  4.500010e+00
   endloop
 endfacet
 facet normal  9.947573e-01 -1.022641e-01  0.000000e+00
   outer loop
     vertex  3.150038e+01  7.641613e-01  2.500005e+00
     vertex  3.151889e+01  9.441610e-01  2.500005e+00
     vertex  3.151889e+01  9.441610e-01  4.500010e+00
   endloop
 endfacet
 facet normal  9.947573e-01 -1.022641e-01  0.000000e+00
   outer loop
     vertex  3.150038e+01  7.641613e-01  2.500005e+00
     vertex  3.151889e+01  9.441610e-01  4.500010e+00
     vertex  3.150038e+01  7.641613e-01  4.500010e+00
   endloop
 endfacet
 facet normal  9.854595e-01 -1.699104e-01  0.000000e+00
   outer loop
     vertex  3.146964e+01  5.858441e-01  2.500005e+00
     vertex  3.150038e+01  7.641613e-01  2.500005e+00
     vertex  3.150038e+01  7.641613e-01  4.500010e+00
   endloop
 endfacet
 facet normal  9.854595e-01 -1.699104e-01  0.000000e+00
   outer loop
     vertex  3.146964e+01  5.858441e-01  2.500005e+00
     vertex  3.150038e+01  7.641613e-01  4.500010e+00
     vertex  3.146964e+01  5.858441e-01  4.500010e+00
   endloop
 endfacet
 facet normal  9.715671e-01 -2.367644e-01  0.000000e+00
   outer loop
     vertex  3.142679e+01  4.100407e-01  2.500005e+00
     vertex  3.146964e+01  5.858441e-01  2.500005e+00
     vertex  3.146964e+01  5.858441e-01  4.500010e+00
   endloop
 endfacet
 facet normal  9.715671e-01 -2.367644e-01  0.000000e+00
   outer loop
     vertex  3.142679e+01  4.100407e-01  2.500005e+00
     vertex  3.146964e+01  5.858441e-01  4.500010e+00
     vertex  3.142679e+01  4.100407e-01  4.500010e+00
   endloop
 endfacet
 facet normal  9.531448e-01 -3.025146e-01  0.000000e+00
   outer loop
     vertex  3.137205e+01  2.375707e-01  2.500005e+00
     vertex  3.142679e+01  4.100407e-01  2.500005e+00
     vertex  3.142679e+01  4.100407e-01  4.500010e+00
   endloop
 endfacet
 facet normal  9.531448e-01 -3.025146e-01  0.000000e+00
   outer loop
     vertex  3.137205e+01  2.375707e-01  2.500005e+00
     vertex  3.142679e+01  4.100407e-01  4.500010e+00
     vertex  3.137205e+01  2.375707e-01  4.500010e+00
   endloop
 endfacet
 facet normal  9.302784e-01 -3.668542e-01  0.000000e+00
   outer loop
     vertex  3.130567e+01  6.923839e-02  2.500005e+00
     vertex  3.137205e+01  2.375707e-01  2.500005e+00
     vertex  3.137205e+01  2.375707e-01  4.500010e+00
   endloop
 endfacet
 facet normal  9.302784e-01 -3.668542e-01  0.000000e+00
   outer loop
     vertex  3.130567e+01  6.923839e-02  2.500005e+00
     vertex  3.137205e+01  2.375707e-01  4.500010e+00
     vertex  3.130567e+01  6.923839e-02  4.500010e+00
   endloop
 endfacet
 facet normal  9.030747e-01 -4.294834e-01  0.000000e+00
   outer loop
     vertex  3.122796e+01 -9.417146e-02  2.500005e+00
     vertex  3.130567e+01  6.923839e-02  2.500005e+00
     vertex  3.130567e+01  6.923839e-02  4.500010e+00
   endloop
 endfacet
 facet normal  9.030747e-01 -4.294834e-01  0.000000e+00
   outer loop
     vertex  3.122796e+01 -9.417146e-02  2.500005e+00
     vertex  3.130567e+01  6.923839e-02  4.500010e+00
     vertex  3.122796e+01 -9.417146e-02  4.500010e+00
   endloop
 endfacet
 facet normal  8.716605e-01 -4.901102e-01  0.000000e+00
   outer loop
     vertex  3.113927e+01 -2.518970e-01  2.500005e+00
     vertex  3.122796e+01 -9.417146e-02  2.500005e+00
     vertex  3.122796e+01 -9.417146e-02  4.500010e+00
   endloop
 endfacet
 facet normal  8.716605e-01 -4.901102e-01  0.000000e+00
   outer loop
     vertex  3.113927e+01 -2.518970e-01  2.500005e+00
     vertex  3.122796e+01 -9.417146e-02  4.500010e+00
     vertex  3.113927e+01 -2.518970e-01  4.500010e+00
   endloop
 endfacet
 facet normal  8.361821e-01 -5.484519e-01  0.000000e+00
   outer loop
     vertex  3.104003e+01 -4.032027e-01  2.500005e+00
     vertex  3.113927e+01 -2.518970e-01  2.500005e+00
     vertex  3.113927e+01 -2.518970e-01  4.500010e+00
   endloop
 endfacet
 facet normal  8.361821e-01 -5.484519e-01  0.000000e+00
   outer loop
     vertex  3.104003e+01 -4.032027e-01  2.500005e+00
     vertex  3.113927e+01 -2.518970e-01  4.500010e+00
     vertex  3.104003e+01 -4.032027e-01  4.500010e+00
   endloop
 endfacet
 facet normal  7.968051e-01 -6.042364e-01  0.000000e+00
   outer loop
     vertex  3.093070e+01 -5.473832e-01  2.500005e+00
     vertex  3.104003e+01 -4.032027e-01  2.500005e+00
     vertex  3.104003e+01 -4.032027e-01  4.500010e+00
   endloop
 endfacet
 facet normal  7.968051e-01 -6.042364e-01  0.000000e+00
   outer loop
     vertex  3.093070e+01 -5.473832e-01  2.500005e+00
     vertex  3.104003e+01 -4.032027e-01  4.500010e+00
     vertex  3.093070e+01 -5.473832e-01  4.500010e+00
   endloop
 endfacet
 facet normal  7.537130e-01 -6.572037e-01  0.000000e+00
   outer loop
     vertex  3.081178e+01 -6.837664e-01  2.500005e+00
     vertex  3.093070e+01 -5.473832e-01  2.500005e+00
     vertex  3.093070e+01 -5.473832e-01  4.500010e+00
   endloop
 endfacet
 facet normal  7.537130e-01 -6.572037e-01  0.000000e+00
   outer loop
     vertex  3.081178e+01 -6.837664e-01  2.500005e+00
     vertex  3.093070e+01 -5.473832e-01  4.500010e+00
     vertex  3.081178e+01 -6.837664e-01  4.500010e+00
   endloop
 endfacet
 facet normal  7.071068e-01 -7.071068e-01  0.000000e+00
   outer loop
     vertex  3.068383e+01 -8.117161e-01  2.500005e+00
     vertex  3.081178e+01 -6.837664e-01  2.500005e+00
     vertex  3.081178e+01 -6.837664e-01  4.500010e+00
   endloop
 endfacet
 facet normal  7.071068e-01 -7.071068e-01  0.000000e+00
   outer loop
     vertex  3.068383e+01 -8.117161e-01  2.500005e+00
     vertex  3.081178e+01 -6.837664e-01  4.500010e+00
     vertex  3.068383e+01 -8.117161e-01  4.500010e+00
   endloop
 endfacet
 facet normal  6.572037e-01 -7.537130e-01  0.000000e+00
   outer loop
     vertex  3.054744e+01 -9.306360e-01  2.500005e+00
     vertex  3.068383e+01 -8.117161e-01  2.500005e+00
     vertex  3.068383e+01 -8.117161e-01  4.500010e+00
   endloop
 endfacet
 facet normal  6.572037e-01 -7.537130e-01  0.000000e+00
   outer loop
     vertex  3.054744e+01 -9.306360e-01  2.500005e+00
     vertex  3.068383e+01 -8.117161e-01  4.500010e+00
     vertex  3.054744e+01 -9.306360e-01  4.500010e+00
   endloop
 endfacet
 facet normal  6.042364e-01 -7.968051e-01  0.000000e+00
   outer loop
     vertex  3.040326e+01 -1.039972e+00  2.500005e+00
     vertex  3.054744e+01 -9.306360e-01  2.500005e+00
     vertex  3.054744e+01 -9.306360e-01  4.500010e+00
   endloop
 endfacet
 facet normal  6.042364e-01 -7.968051e-01  0.000000e+00
   outer loop
     vertex  3.040326e+01 -1.039972e+00  2.500005e+00
     vertex  3.054744e+01 -9.306360e-01  4.500010e+00
     vertex  3.040326e+01 -1.039972e+00  4.500010e+00
   endloop
 endfacet
 facet normal  5.484519e-01 -8.361821e-01  0.000000e+00
   outer loop
     vertex  3.025196e+01 -1.139213e+00  2.500005e+00
     vertex  3.040326e+01 -1.039972e+00  2.500005e+00
     vertex  3.040326e+01 -1.039972e+00  4.500010e+00
   endloop
 endfacet
 facet normal  5.484519e-01 -8.361821e-01  0.000000e+00
   outer loop
     vertex  3.025196e+01 -1.139213e+00  2.500005e+00
     vertex  3.040326e+01 -1.039972e+00  4.500010e+00
     vertex  3.025196e+01 -1.139213e+00  4.500010e+00
   endloop
 endfacet
 facet normal  4.901102e-01 -8.716605e-01  0.000000e+00
   outer loop
     vertex  3.009423e+01 -1.227898e+00  2.500005e+00
     vertex  3.025196e+01 -1.139213e+00  2.500005e+00
     vertex  3.025196e+01 -1.139213e+00  4.500010e+00
   endloop
 endfacet
 facet normal  4.901102e-01 -8.716605e-01  0.000000e+00
   outer loop
     vertex  3.009423e+01 -1.227898e+00  2.500005e+00
     vertex  3.025196e+01 -1.139213e+00  4.500010e+00
     vertex  3.009423e+01 -1.227898e+00  4.500010e+00
   endloop
 endfacet
 facet normal  4.294834e-01 -9.030747e-01  0.000000e+00
   outer loop
     vertex  2.993082e+01 -1.305612e+00  2.500005e+00
     vertex  3.009423e+01 -1.227898e+00  2.500005e+00
     vertex  3.009423e+01 -1.227898e+00  4.500010e+00
   endloop
 endfacet
 facet normal  4.294834e-01 -9.030747e-01  0.000000e+00
   outer loop
     vertex  2.993082e+01 -1.305612e+00  2.500005e+00
     vertex  3.009423e+01 -1.227898e+00  4.500010e+00
     vertex  2.993082e+01 -1.305612e+00  4.500010e+00
   endloop
 endfacet
 facet normal  3.668542e-01 -9.302784e-01  0.000000e+00
   outer loop
     vertex  2.976249e+01 -1.371994e+00  2.500005e+00
     vertex  2.993082e+01 -1.305612e+00  2.500005e+00
     vertex  2.993082e+01 -1.305612e+00  4.500010e+00
   endloop
 endfacet
 facet normal  3.668542e-01 -9.302784e-01  0.000000e+00
   outer loop
     vertex  2.976249e+01 -1.371994e+00  2.500005e+00
     vertex  2.993082e+01 -1.305612e+00  4.500010e+00
     vertex  2.976249e+01 -1.371994e+00  4.500010e+00
   endloop
 endfacet
 facet normal  3.025146e-01 -9.531448e-01  0.000000e+00
   outer loop
     vertex  2.959002e+01 -1.426733e+00  2.500005e+00
     vertex  2.976249e+01 -1.371994e+00  2.500005e+00
     vertex  2.976249e+01 -1.371994e+00  4.500010e+00
   endloop
 endfacet
 facet normal  3.025146e-01 -9.531448e-01  0.000000e+00
   outer loop
     vertex  2.959002e+01 -1.426733e+00  2.500005e+00
     vertex  2.976249e+01 -1.371994e+00  4.500010e+00
     vertex  2.959002e+01 -1.426733e+00  4.500010e+00
   endloop
 endfacet
 facet normal  2.367644e-01 -9.715671e-01  0.000000e+00
   outer loop
     vertex  2.941422e+01 -1.469575e+00  2.500005e+00
     vertex  2.959002e+01 -1.426733e+00  2.500005e+00
     vertex  2.959002e+01 -1.426733e+00  4.500010e+00
   endloop
 endfacet
 facet normal  2.367644e-01 -9.715671e-01  0.000000e+00
   outer loop
     vertex  2.941422e+01 -1.469575e+00  2.500005e+00
     vertex  2.959002e+01 -1.426733e+00  4.500010e+00
     vertex  2.941422e+01 -1.469575e+00  4.500010e+00
   endloop
 endfacet
 facet normal  1.699104e-01 -9.854595e-01  0.000000e+00
   outer loop
     vertex  2.923590e+01 -1.500320e+00  2.500005e+00
     vertex  2.941422e+01 -1.469575e+00  2.500005e+00
     vertex  2.941422e+01 -1.469575e+00  4.500010e+00
   endloop
 endfacet
 facet normal  1.699104e-01 -9.854595e-01  0.000000e+00
   outer loop
     vertex  2.923590e+01 -1.500320e+00  2.500005e+00
     vertex  2.941422e+01 -1.469575e+00  4.500010e+00
     vertex  2.923590e+01 -1.500320e+00  4.500010e+00
   endloop
 endfacet
 facet normal  1.022641e-01 -9.947573e-01  0.000000e+00
   outer loop
     vertex  2.905590e+01 -1.518825e+00  2.500005e+00
     vertex  2.923590e+01 -1.500320e+00  2.500005e+00
     vertex  2.923590e+01 -1.500320e+00  4.500010e+00
   endloop
 endfacet
 facet normal  1.022641e-01 -9.947573e-01  0.000000e+00
   outer loop
     vertex  2.905590e+01 -1.518825e+00  2.500005e+00
     vertex  2.923590e+01 -1.500320e+00  4.500010e+00
     vertex  2.905590e+01 -1.518825e+00  4.500010e+00
   endloop
 endfacet
 facet normal  3.414111e-02 -9.994170e-01  0.000000e+00
   outer loop
     vertex  2.887506e+01 -1.525003e+00  2.500005e+00
     vertex  2.905590e+01 -1.518825e+00  2.500005e+00
     vertex  2.905590e+01 -1.518825e+00  4.500010e+00
   endloop
 endfacet
 facet normal  3.414111e-02 -9.994170e-01  0.000000e+00
   outer loop
     vertex  2.887506e+01 -1.525003e+00  2.500005e+00
     vertex  2.905590e+01 -1.518825e+00  4.500010e+00
     vertex  2.887506e+01 -1.525003e+00  4.500010e+00
   endloop
 endfacet
 facet normal -1.600318e-17 -1.000000e+00  0.000000e+00
   outer loop
     vertex  1.125004e+00 -1.525003e+00  2.500005e+00
     vertex  2.887506e+01 -1.525003e+00  2.500005e+00
     vertex  2.887506e+01 -1.525003e+00  4.500010e+00
   endloop
 endfacet
 facet normal -1.600318e-17 -1.000000e+00  0.000000e+00
   outer loop
     vertex  1.125004e+00 -1.525003e+00  2.500005e+00
     vertex  2.887506e+01 -1.525003e+00  4.500010e+00
     vertex  1.125004e+00 -1.525003e+00  4.500010e+00
   endloop
 endfacet
 facet normal -3.414111e-02 -9.994170e-01  0.000000e+00
   outer loop
     vertex  9.441610e-01 -1.518825e+00  2.500005e+00
     vertex  1.125004e+00 -1.525003e+00  2.500005e+00
     vertex  1.125004e+00 -1.525003e+00  4.500010e+00
   endloop
 endfacet
 facet normal -3.414111e-02 -9.994170e-01  0.000000e+00
   outer loop
     vertex  9.441610e-01 -1.518825e+00  2.500005e+00
     vertex  1.125004e+00 -1.525003e+00  4.500010e+00
     vertex  9.441610e-01 -1.518825e+00  4.500010e+00
   endloop
 endfacet
 facet normal -1.022641e-01 -9.947573e-01  0.000000e+00
   outer loop
     vertex  7.641613e-01 -1.500320e+00  2.500005e+00
     vertex  9.441610e-01 -1.518825e+00  2.500005e+00
     vertex  9.441610e-01 -1.518825e+00  4.500010e+00
   endloop
 endfacet
 facet normal -1.022641e-01 -9.947573e-01  0.000000e+00
   outer loop
     vertex  7.641613e-01 -1.500320e+00  2.500005e+00
     vertex  9.441610e-01 -1.518825e+00  4.500010e+00
     vertex  7.641613e-01 -1.500320e+00  4.500010e+00
   endloop
 endfacet
 facet normal -1.699104e-01 -9.854595e-01  0.000000e+00
   outer loop
     vertex  5.858441e-01 -1.469575e+00  2.500005e+00
     vertex  7.641613e-01 -1.500320e+00  2.500005e+00
     vertex  7.641613e-01 -1.500320e+00  4.500010e+00
   endloop
 endfacet
 facet normal -1.699104e-01 -9.854595e-01  0.000000e+00
   outer loop
     vertex  5.858441e-01 -1.469575e+00  2.500005e+00
     vertex  7.641613e-01 -1.500320e+00  4.500010e+00
     vertex  5.858441e-01 -1.469575e+00  4.500010e+00
   endloop
 endfacet
 facet normal -2.367644e-01 -9.715671e-01  0.000000e+00
   outer loop
     vertex  4.100407e-01 -1.426733e+00  2.500005e+00
     vertex  5.858441e-01 -1.469575e+00  2.500005e+00
     vertex  5.858441e-01 -1.469575e+00  4.500010e+00
   endloop
 endfacet
 facet normal -2.367644e-01 -9.715671e-01  0.000000e+00
   outer loop
     vertex  4.100407e-01 -1.426733e+00  2.500005e+00
     vertex  5.858441e-01 -1.469575e+00  4.500010e+00
     vertex  4.100407e-01 -1.426733e+00  4.500010e+00
   endloop
 endfacet
 facet normal -3.025146e-01 -9.531448e-01  0.000000e+00
   outer loop
     vertex  2.375707e-01 -1.371994e+00  2.500005e+00
     vertex  4.100407e-01 -1.426733e+00  2.500005e+00
     vertex  4.100407e-01 -1.426733e+00  4.500010e+00
   endloop
 endfacet
 facet normal -3.025146e-01 -9.531448e-01  0.000000e+00
   outer loop
     vertex  2.375707e-01 -1.371994e+00  2.500005e+00
     vertex  4.100407e-01 -1.426733e+00  4.500010e+00
     vertex  2.375707e-01 -1.371994e+00  4.500010e+00
   endloop
 endfacet
 facet normal -3.668542e-01 -9.302784e-01  0.000000e+00
   outer loop
     vertex  6.923839e-02 -1.305612e+00  2.500005e+00
     vertex  2.375707e-01 -1.371994e+00  2.500005e+00
     vertex  2.375707e-01 -1.371994e+00  4.500010e+00
   endloop
 endfacet
 facet normal -3.668542e-01 -9.302784e-01  0.000000e+00
   outer loop
     vertex  6.923839e-02 -1.305612e+00  2.500005e+00
     vertex  2.375707e-01 -1.371994e+00  4.500010e+00
     vertex  6.923839e-02 -1.305612e+00  4.500010e+00
   endloop
 endfacet
 facet normal -4.294834e-01 -9.030747e-01  0.000000e+00
   outer loop
     vertex -9.417146e-02 -1.227898e+00  2.500005e+00
     vertex  6.923839e-02 -1.305612e+00  2.500005e+00
     vertex  6.923839e-02 -1.305612e+00  4.500010e+00
   endloop
 endfacet
 facet normal -4.294834e-01 -9.030747e-01  0.000000e+00
   outer loop
     vertex -9.417146e-02 -1.227898e+00  2.500005e+00
     vertex  6.923839e-02 -1.305612e+00  4.500010e+00
     vertex -9.417146e-02 -1.227898e+00  4.500010e+00
   endloop
 endfacet
 facet normal -4.901102e-01 -8.716605e-01  0.000000e+00
   outer loop
     vertex -2.518970e-01 -1.139213e+00  2.500005e+00
     vertex -9.417146e-02 -1.227898e+00  2.500005e+00
     vertex -9.417146e-02 -1.227898e+00  4.500010e+00
   endloop
 endfacet
 facet normal -4.901102e-01 -8.716605e-01  0.000000e+00
   outer loop
     vertex -2.518970e-01 -1.139213e+00  2.500005e+00
     vertex -9.417146e-02 -1.227898e+00  4.500010e+00
     vertex -2.518970e-01 -1.139213e+00  4.500010e+00
   endloop
 endfacet
 facet normal -5.484519e-01 -8.361821e-01  0.000000e+00
   outer loop
     vertex -4.032027e-01 -1.039972e+00  2.500005e+00
     vertex -2.518970e-01 -1.139213e+00  2.500005e+00
     vertex -2.518970e-01 -1.139213e+00  4.500010e+00
   endloop
 endfacet
 facet normal -5.484519e-01 -8.361821e-01  0.000000e+00
   outer loop
     vertex -4.032027e-01 -1.039972e+00  2.500005e+00
     vertex -2.518970e-01 -1.139213e+00  4.500010e+00
     vertex -4.032027e-01 -1.039972e+00  4.500010e+00
   endloop
 endfacet
 facet normal -6.042364e-01 -7.968051e-01  0.000000e+00
   outer loop
     vertex -5.473832e-01 -9.306360e-01  2.500005e+00
     vertex -4.032027e-01 -1.039972e+00  2.500005e+00
     vertex -4.032027e-01 -1.039972e+00  4.500010e+00
   endloop
 endfacet
 facet normal -6.042364e-01 -7.968051e-01  0.000000e+00
   outer loop
     vertex -5.473832e-01 -9.306360e-01  2.500005e+00
     vertex -4.032027e-01 -1.039972e+00  4.500010e+00
     vertex -5.473832e-01 -9.306360e-01  4.500010e+00
   endloop
 endfacet
 facet normal -6.572037e-01 -7.537130e-01  0.000000e+00
   outer loop
     vertex -6.837664e-01 -8.117161e-01  2.500005e+00
     vertex -5.473832e-01 -9.306360e-01  2.500005e+00
     vertex -5.473832e-01 -9.306360e-01  4.500010e+00
   endloop
 endfacet
 facet normal -6.572037e-01 -7.537130e-01  0.000000e+00
   outer loop
     vertex -6.837664e-01 -8.117161e-01  2.500005e+00
     vertex -5.473832e-01 -9.306360e-01  4.500010e+00
     vertex -6.837664e-01 -8.117161e-01  4.500010e+00
   endloop
 endfacet
 facet normal -7.071068e-01 -7.071068e-01  0.000000e+00
   outer loop
     vertex -8.117161e-01 -6.837664e-01  2.500005e+00
     vertex -6.837664e-01 -8.117161e-01  2.500005e+00
     vertex -6.837664e-01 -8.117161e-01  4.500010e+00
   endloop
 endfacet
 facet normal -7.071068e-01 -7.071068e-01  0.000000e+00
   outer loop
     vertex -8.117161e-01 -6.837664e-01  2.500005e+00
     vertex -6.837664e-01 -8.117161e-01  4.500010e+00
     vertex -8.117161e-01 -6.837664e-01  4.500010e+00
   endloop
 endfacet
 facet normal -7.537130e-01 -6.572037e-01  0.000000e+00
   outer loop
     vertex -9.306360e-01 -5.473832e-01  2.500005e+00
     vertex -8.117161e-01 -6.837664e-01  2.500005e+00
     vertex -8.117161e-01 -6.837664e-01  4.500010e+00
   endloop
 endfacet
 facet normal -7.537130e-01 -6.572037e-01  0.000000e+00
   outer loop
     vertex -9.306360e-01 -5.473832e-01  2.500005e+00
     vertex -8.117161e-01 -6.837664e-01  4.500010e+00
     vertex -9.306360e-01 -5.473832e-01  4.500010e+00
   endloop
 endfacet
 facet normal -7.968051e-01 -6.042364e-01  0.000000e+00
   outer loop
     vertex -1.039972e+00 -4.032027e-01  2.500005e+00
     vertex -9.306360e-01 -5.473832e-01  2.500005e+00
     vertex -9.306360e-01 -5.473832e-01  4.500010e+00
   endloop
 endfacet
 facet normal -7.968051e-01 -6.042364e-01  0.000000e+00
   outer loop
     vertex -1.039972e+00 -4.032027e-01  2.500005e+00
     vertex -9.306360e-01 -5.473832e-01  4.500010e+00
     vertex -1.039972e+00 -4.032027e-01  4.500010e+00
   endloop
 endfacet
 facet normal -8.361821e-01 -5.484519e-01  0.000000e+00
   outer loop
     vertex -1.139213e+00 -2.518970e-01  2.500005e+00
     vertex -1.039972e+00 -4.032027e-01  2.500005e+00
     vertex -1.039972e+00 -4.032027e-01  4.500010e+00
   endloop
 endfacet
 facet normal -8.361821e-01 -5.484519e-01  0.000000e+00
   outer loop
     vertex -1.139213e+00 -2.518970e-01  2.500005e+00
     vertex -1.039972e+00 -4.032027e-01  4.500010e+00
     vertex -1.139213e+00 -2.518970e-01  4.500010e+00
   endloop
 endfacet
 facet normal -8.716605e-01 -4.901102e-01  0.000000e+00
   outer loop
     vertex -1.227898e+00 -9.417146e-02  2.500005e+00
     vertex -1.139213e+00 -2.518970e-01  2.500005e+00
     vertex -1.139213e+00 -2.518970e-01  4.500010e+00
   endloop
 endfacet
 facet normal -8.716605e-01 -4.901102e-01  0.000000e+00
   outer loop
     vertex -1.227898e+00 -9.417146e-02  2.500005e+00
     vertex -1.139213e+00 -2.518970e-01  4.500010e+00
     vertex -1.227898e+00 -9.417146e-02  4.500010e+00
   endloop
 endfacet
 facet normal -9.030747e-01 -4.294834e-01  0.000000e+00
   outer loop
     vertex -1.305612e+00  6.923839e-02  2.500005e+00
     vertex -1.227898e+00 -9.417146e-02  2.500005e+00
     vertex -1.227898e+00 -9.417146e-02  4.500010e+00
   endloop
 endfacet
 facet normal -9.030747e-01 -4.294834e-01  0.000000e+00
   outer loop
     vertex -1.305612e+00  6.923839e-02  2.500005e+00
     vertex -1.227898e+00 -9.417146e-02  4.500010e+00
     vertex -1.305612e+00  6.923839e-02  4.500010e+00
   endloop
 endfacet
 facet normal -9.302784e-01 -3.668542e-01  0.000000e+00
   outer loop
     vertex -1.371994e+00  2.375707e-01  2.500005e+00
     vertex -1.305612e+00  6.923839e-02  2.500005e+00
     vertex -1.305612e+00  6.923839e-02  4.500010e+00
   endloop
 endfacet
 facet normal -9.302784e-01 -3.668542e-01  0.000000e+00
   outer loop
     vertex -1.371994e+00  2.375707e-01  2.500005e+00
     vertex -1.305612e+00  6.923839e-02  4.500010e+00
     vertex -1.371994e+00  2.375707e-01  4.500010e+00
   endloop
 endfacet
 facet normal -9.531448e-01 -3.025146e-01  0.000000e+00
   outer loop
     vertex -1.426733e+00  4.100407e-01  2.500005e+00
     vertex -1.371994e+00  2.375707e-01  2.500005e+00
     vertex -1.371994e+00  2.375707e-01  4.500010e+00
   endloop
 endfacet
 facet normal -9.531448e-01 -3.025146e-01  0.000000e+00
   outer loop
     vertex -1.426733e+00  4.100407e-01  2.500005e+00
     vertex -1.371994e+00  2.375707e-01  4.500010e+00
     vertex -1.426733e+00  4.100407e-01  4.500010e+00
   endloop
 endfacet
 facet normal -9.715671e-01 -2.367644e-01  0.000000e+00
   outer loop
     vertex -1.469575e+00  5.858441e-01  2.500005e+00
     vertex -1.426733e+00  4.100407e-01  2.500005e+00
     vertex -1.426733e+00  4.100407e-01  4.500010e+00
   endloop
 endfacet
 facet normal -9.715671e-01 -2.367644e-01  0.000000e+00
   outer loop
     vertex -1.469575e+00  5.858441e-01  2.500005e+00
     vertex -1.426733e+00  4.100407e-01  4.500010e+00
     vertex -1.469575e+00  5.858441e-01  4.500010e+00
   endloop
 endfacet
 facet normal -9.854595e-01 -1.699104e-01  0.000000e+00
   outer loop
     vertex -1.500320e+00  7.641613e-01  2.500005e+00
     vertex -1.469575e+00  5.858441e-01  2.500005e+00
     vertex -1.469575e+00  5.858441e-01  4.500010e+00
   endloop
 endfacet
 facet normal -9.854595e-01 -1.699104e-01  0.000000e+00
   outer loop
     vertex -1.500320e+00  7.641613e-01  2.500005e+00
     vertex -1.469575e+00  5.858441e-01  4.500010e+00
     vertex -1.500320e+00  7.641613e-01  4.500010e+00
   endloop
 endfacet
 facet normal -9.947573e-01 -1.022641e-01  0.000000e+00
   outer loop
     vertex -1.518825e+00  9.441610e-01  2.500005e+00
     vertex -1.500320e+00  7.641613e-01  2.500005e+00
     vertex -1.500320e+00  7.641613e-01  4.500010e+00
   endloop
 endfacet
 facet normal -9.947573e-01 -1.022641e-01  0.000000e+00
   outer loop
     vertex -1.518825e+00  9.441610e-01  2.500005e+00
     vertex -1.500320e+00  7.641613e-01  4.500010e+00
     vertex -1.518825e+00  9.441610e-01  4.500010e+00
   endloop
 endfacet
 facet normal -9.994170e-01 -3.414111e-02  0.000000e+00
   outer loop
     vertex -1.525003e+00  1.125004e+00  2.500005e+00
     vertex -1.518825e+00  9.441610e-01  2.500005e+00
     vertex -1.518825e+00  9.441610e-01  4.500010e+00
   endloop
 endfacet
 facet normal -9.994170e-01 -3.414111e-02  0.000000e+00
   outer loop
     vertex -1.525003e+00  1.125004e+00  2.500005e+00
     vertex -1.518825e+00  9.441610e-01  4.500010e+00
     vertex -1.525003e+00  1.125004e+00  4.500010e+00
   endloop
 endfacet
 facet normal -1.000000e+00 -1.277952e-17  0.000000e+00
   outer loop
     vertex -1.525003e+00  3.587507e+01  2.500005e+00
     vertex -1.525003e+00  1.125004e+00  2.500005e+00
     vertex -1.525003e+00  1.125004e+00  4.500010e+00
   endloop
 endfacet
 facet normal -1.000000e+00 -1.277952e-17  0.000000e+00
   outer loop
     vertex -1.525003e+00  3.587507e+01  2.500005e+00
     vertex -1.525003e+00  1.125004e+00  4.500010e+00
     vertex -1.525003e+00  3.587507e+01  4.500010e+00
   endloop
 endfacet
 facet normal  0.000000e+00  0.000000e+00 -1.000000e+00
   outer loop
     vertex  3.155148e+01 -2.621766e-01 -4.500010e+00
     vertex  3.146173e+01 -3.651072e-01 -4.500010e+00
     vertex  3.136517e+01 -4.616731e-01 -4.500010e+00
   endloop
 endfacet
 facet normal  0.000000e+00  0.000000e+00 -1.000000e+00
   outer loop
     vertex  3.155148e+01 -2.621766e-01 -4.500010e+00
     vertex  3.136517e+01 -4.616731e-01 -4.500010e+00
     vertex  3.126224e+01 -5.514240e-01 -4.500010e+00
   endloop
 endfacet
 facet normal  0.000000e+00  0.000000e+00 -1.000000e+00
   outer loop
     vertex  3.163400e+01 -1.533610e-01 -4.500010e+00
     vertex  3.155148e+01 -2.621766e-01 -4.500010e+00
     vertex  3.126224e+01 -5.514240e-01 -4.500010e+00
   endloop
 endfacet
 facet normal  0.000000e+00  0.000000e+00 -1.000000e+00
   outer loop
     vertex  3.103923e+01 -7.088406e-01 -4.500010e+00
     vertex  3.126224e+01 -5.514240e-01 -4.500010e+00
     vertex  3.115342e+01 -6.339414e-01 -4.500010e+00
   endloop
 endfacet
 facet normal  0.000000e+00  0.000000e+00 -1.000000e+00
   outer loop
     vertex  3.066982e+01 -8.845241e-01 -4.500010e+00
     vertex  3.126224e+01 -5.514240e-01 -4.500010e+00
     vertex  3.103923e+01 -7.088406e-01 -4.500010e+00
   endloop
 endfacet
 facet normal  0.000000e+00  0.000000e+00 -1.000000e+00
   outer loop
     vertex  3.066982e+01 -8.845241e-01 -4.500010e+00
     vertex  3.103923e+01 -7.088406e-01 -4.500010e+00
     vertex  3.092019e+01 -7.757724e-01 -4.500010e+00
   endloop
 endfacet
 facet normal  0.000000e+00  0.000000e+00 -1.000000e+00
   outer loop
     vertex  3.066982e+01 -8.845241e-01 -4.500010e+00
     vertex  3.092019e+01 -7.757724e-01 -4.500010e+00
     vertex  3.079686e+01 -8.344247e-01 -4.500010e+00
   endloop
 endfacet
 facet normal  0.000000e+00  0.000000e+00 -1.000000e+00
   outer loop
     vertex  3.066982e+01 -8.845241e-01 -4.500010e+00
     vertex  3.163400e+01 -1.533610e-01 -4.500010e+00
     vertex  3.126224e+01 -5.514240e-01 -4.500010e+00
   endloop
 endfacet
 facet normal  0.000000e+00  0.000000e+00 -1.000000e+00
   outer loop
     vertex  3.192590e+01  4.604076e-01 -4.500010e+00
     vertex  3.188459e+01  3.302416e-01 -4.500010e+00
     vertex  3.183449e+01  2.031983e-01 -4.500010e+00
   endloop
 endfacet
 facet normal  0.000000e+00  0.000000e+00 -1.000000e+00
   outer loop
     vertex  3.192590e+01  4.604076e-01 -4.500010e+00
     vertex  3.183449e+01  2.031983e-01 -4.500010e+00
     vertex  3.177583e+01  7.987013e-02 -4.500010e+00
   endloop
 endfacet
 facet normal  0.000000e+00  0.000000e+00 -1.000000e+00
   outer loop
     vertex  3.192590e+01  4.604076e-01 -4.500010e+00
     vertex  3.177583e+01  7.987013e-02 -4.500010e+00
     vertex  3.170890e+01 -3.916800e-02 -4.500010e+00
   endloop
 endfacet
 facet normal  0.000000e+00  0.000000e+00 -1.000000e+00
   outer loop
     vertex  3.192590e+01  4.604076e-01 -4.500010e+00
     vertex  3.170890e+01 -3.916800e-02 -4.500010e+00
     vertex  3.163400e+01 -1.533610e-01 -4.500010e+00
   endloop
 endfacet
 facet normal  0.000000e+00  0.000000e+00 -1.000000e+00
   outer loop
     vertex  3.198144e+01  7.276686e-01 -4.500010e+00
     vertex  3.195823e+01  5.930895e-01 -4.500010e+00
     vertex  3.192590e+01  4.604076e-01 -4.500010e+00
   endloop
 endfacet
 facet normal  0.000000e+00  0.000000e+00 -1.000000e+00
   outer loop
     vertex  3.199540e+01  8.635174e-01 -4.500010e+00
     vertex  3.198144e+01  7.276686e-01 -4.500010e+00
     vertex  3.192590e+01  4.604076e-01 -4.500010e+00
   endloop
 endfacet
 facet normal  0.000000e+00  0.000000e+00 -1.000000e+00
   outer loop
     vertex  3.013654e+01 -9.953401e-01 -4.500010e+00
     vertex  3.040697e+01 -9.581706e-01 -4.500010e+00
     vertex  3.027239e+01 -9.813744e-01 -4.500010e+00
   endloop
 endfacet
 facet normal  0.000000e+00  0.000000e+00 -1.000000e+00
   outer loop
     vertex  3.000006e+01 -1.000003e+00 -4.500010e+00
     vertex  3.040697e+01 -9.581706e-01 -4.500010e+00
     vertex  3.013654e+01 -9.953401e-01 -4.500010e+00
   endloop
 endfacet
 facet normal  0.000000e+00  0.000000e+00 -1.000000e+00
   outer loop
     vertex  3.000006e+01 -1.000003e+00 -4.500010e+00
     vertex  3.066982e+01 -8.845241e-01 -4.500010e+00
     vertex  3.053965e+01 -9.258369e-01 -4.500010e+00
   endloop
 endfacet
 facet normal  0.000000e+00  0.000000e+00 -1.000000e+00
   outer loop
     vertex  3.000006e+01 -1.000003e+00 -4.500010e+00
     vertex  3.053965e+01 -9.258369e-01 -4.500010e+00
     vertex  3.040697e+01 -9.581706e-01 -4.500010e+00
   endloop
 endfacet
 facet normal  0.000000e+00  0.000000e+00 -1.000000e+00
   outer loop
     vertex  3.200006e+01  1.000003e+00 -4.500010e+00
     vertex  3.163400e+01 -1.533610e-01 -4.500010e+00
     vertex  3.066982e+01 -8.845241e-01 -4.500010e+00
   endloop
 endfacet
 facet normal  0.000000e+00  0.000000e+00 -1.000000e+00
   outer loop
     vertex  3.200006e+01  1.000003e+00 -4.500010e+00
     vertex  3.192590e+01  4.604076e-01 -4.500010e+00
     vertex  3.163400e+01 -1.533610e-01 -4.500010e+00
   endloop
 endfacet
 facet normal  0.000000e+00  0.000000e+00 -1.000000e+00
   outer loop
     vertex  3.200006e+01  1.000003e+00 -4.500010e+00
     vertex  3.066982e+01 -8.845241e-01 -4.500010e+00
     vertex  3.000006e+01 -1.000003e+00 -4.500010e+00
   endloop
 endfacet
 facet normal  0.000000e+00  0.000000e+00 -1.000000e+00
   outer loop
     vertex  3.200006e+01  1.000003e+00 -4.500010e+00
     vertex  3.199540e+01  8.635174e-01 -4.500010e+00
     vertex  3.192590e+01  4.604076e-01 -4.500010e+00
   endloop
 endfacet
 facet normal  0.000000e+00 -0.000000e+00 -1.000000e+00
   outer loop
     vertex  3.200006e+01  2.100004e+01 -4.500010e+00
     vertex  3.200006e+01  1.000003e+00 -4.500010e+00
     vertex  3.000006e+01 -1.000003e+00 -4.500010e+00
   endloop
 endfacet
 facet normal  0.000000e+00  0.000000e+00 -1.000000e+00
   outer loop
     vertex  3.192590e+01  2.153964e+01 -4.500010e+00
     vertex  3.195823e+01  2.140695e+01 -4.500010e+00
     vertex  3.198144e+01  2.127237e+01 -4.500010e+00
   endloop
 endfacet
 facet normal  0.000000e+00  0.000000e+00 -1.000000e+00
   outer loop
     vertex  3.188459e+01  2.166980e+01 -4.500010e+00
     vertex  3.198144e+01  2.127237e+01 -4.500010e+00
     vertex  3.199540e+01  2.113653e+01 -4.500010e+00
   endloop
 endfacet
 facet normal  0.000000e+00  0.000000e+00 -1.000000e+00
   outer loop
     vertex  3.188459e+01  2.166980e+01 -4.500010e+00
     vertex  3.199540e+01  2.113653e+01 -4.500010e+00
     vertex  3.200006e+01  2.100004e+01 -4.500010e+00
   endloop
 endfacet
 facet normal  0.000000e+00  0.000000e+00 -1.000000e+00
   outer loop
     vertex  3.188459e+01  2.166980e+01 -4.500010e+00
     vertex  3.192590e+01  2.153964e+01 -4.500010e+00
     vertex  3.198144e+01  2.127237e+01 -4.500010e+00
   endloop
 endfacet
 facet normal  0.000000e+00  0.000000e+00 -1.000000e+00
   outer loop
     vertex  3.170890e+01  2.203921e+01 -4.500010e+00
     vertex  3.177583e+01  2.192017e+01 -4.500010e+00
     vertex  3.183449e+01  2.179684e+01 -4.500010e+00
   endloop
 endfacet
 facet normal  0.000000e+00  0.000000e+00 -1.000000e+00
   outer loop
     vertex  3.170890e+01  2.203921e+01 -4.500010e+00
     vertex  3.183449e+01  2.179684e+01 -4.500010e+00
     vertex  3.188459e+01  2.166980e+01 -4.500010e+00
   endloop
 endfacet
 facet normal  0.000000e+00  0.000000e+00 -1.000000e+00
   outer loop
     vertex  3.155148e+01  2.226222e+01 -4.500010e+00
     vertex  3.163400e+01  2.215340e+01 -4.500010e+00
     vertex  3.170890e+01  2.203921e+01 -4.500010e+00
   endloop
 endfacet
 facet normal  0.000000e+00  0.000000e+00 -1.000000e+00
   outer loop
     vertex  3.146173e+01  2.236515e+01 -4.500010e+00
     vertex  3.155148e+01  2.226222e+01 -4.500010e+00
     vertex  3.170890e+01  2.203921e+01 -4.500010e+00
   endloop
 endfacet
 facet normal  0.000000e+00  0.000000e+00 -1.000000e+00
   outer loop
     vertex  3.115342e+01  2.263398e+01 -4.500010e+00
     vertex  3.126224e+01  2.255147e+01 -4.500010e+00
     vertex  3.136517e+01  2.246172e+01 -4.500010e+00
   endloop
 endfacet
 facet normal  0.000000e+00  0.000000e+00 -1.000000e+00
   outer loop
     vertex  3.115342e+01  2.263398e+01 -4.500010e+00
     vertex  3.136517e+01  2.246172e+01 -4.500010e+00
     vertex  3.146173e+01  2.236515e+01 -4.500010e+00
   endloop
 endfacet
 facet normal  0.000000e+00  0.000000e+00 -1.000000e+00
   outer loop
     vertex  3.115342e+01  2.263398e+01 -4.500010e+00
     vertex  3.146173e+01  2.236515e+01 -4.500010e+00
     vertex  3.170890e+01  2.203921e+01 -4.500010e+00
   endloop
 endfacet
 facet normal  0.000000e+00  0.000000e+00 -1.000000e+00
   outer loop
     vertex  3.103923e+01  2.270888e+01 -4.500010e+00
     vertex  3.188459e+01  2.166980e+01 -4.500010e+00
     vertex  3.200006e+01  2.100004e+01 -4.500010e+00
   endloop
 endfacet
 facet normal  0.000000e+00  0.000000e+00 -1.000000e+00
   outer loop
     vertex  3.103923e+01  2.270888e+01 -4.500010e+00
     vertex  3.170890e+01  2.203921e+01 -4.500010e+00
     vertex  3.188459e+01  2.166980e+01 -4.500010e+00
   endloop
 endfacet
 facet normal  0.000000e+00  0.000000e+00 -1.000000e+00
   outer loop
     vertex  3.103923e+01  2.270888e+01 -4.500010e+00
     vertex  3.115342e+01  2.263398e+01 -4.500010e+00
     vertex  3.170890e+01  2.203921e+01 -4.500010e+00
   endloop
 endfacet
 facet normal  0.000000e+00  0.000000e+00 -1.000000e+00
   outer loop
     vertex  3.079686e+01  2.283447e+01 -4.500010e+00
     vertex  3.092019e+01  2.277582e+01 -4.500010e+00
     vertex  3.103923e+01  2.270888e+01 -4.500010e+00
   endloop
 endfacet
 facet normal  0.000000e+00  0.000000e+00 -1.000000e+00
   outer loop
     vertex  3.066982e+01  2.288457e+01 -4.500010e+00
     vertex  3.103923e+01  2.270888e+01 -4.500010e+00
     vertex  3.200006e+01  2.100004e+01 -4.500010e+00
   endloop
 endfacet
 facet normal  0.000000e+00  0.000000e+00 -1.000000e+00
   outer loop
     vertex  3.066982e+01  2.288457e+01 -4.500010e+00
     vertex  3.079686e+01  2.283447e+01 -4.500010e+00
     vertex  3.103923e+01  2.270888e+01 -4.500010e+00
   endloop
 endfacet
 facet normal  0.000000e+00  0.000000e+00 -1.000000e+00
   outer loop
     vertex  3.040697e+01  2.295821e+01 -4.500010e+00
     vertex  3.053965e+01  2.292588e+01 -4.500010e+00
     vertex  3.066982e+01  2.288457e+01 -4.500010e+00
   endloop
 endfacet
 facet normal  0.000000e+00  0.000000e+00 -1.000000e+00
   outer loop
     vertex  3.013654e+01  2.299538e+01 -4.500010e+00
     vertex  3.027239e+01  2.298142e+01 -4.500010e+00
     vertex  3.040697e+01  2.295821e+01 -4.500010e+00
   endloop
 endfacet
 facet normal  0.000000e+00  0.000000e+00 -1.000000e+00
   outer loop
     vertex  3.000006e+01  2.300005e+01 -4.500010e+00
     vertex  3.200006e+01  2.100004e+01 -4.500010e+00
     vertex  3.000006e+01 -1.000003e+00 -4.500010e+00
   endloop
 endfacet
 facet normal  0.000000e+00  0.000000e+00 -1.000000e+00
   outer loop
     vertex  3.000006e+01  2.300005e+01 -4.500010e+00
     vertex  3.013654e+01  2.299538e+01 -4.500010e+00
     vertex  3.040697e+01  2.295821e+01 -4.500010e+00
   endloop
 endfacet
 facet normal  0.000000e+00  0.000000e+00 -1.000000e+00
   outer loop
     vertex  3.000006e+01  2.300005e+01 -4.500010e+00
     vertex  3.066982e+01  2.288457e+01 -4.500010e+00
     vertex  3.200006e+01  2.100004e+01 -4.500010e+00
   endloop
 endfacet
 facet normal  0.000000e+00  0.000000e+00 -1.000000e+00
   outer loop
     vertex  3.000006e+01  2.300005e+01 -4.500010e+00
     vertex  3.040697e+01  2.295821e+01 -4.500010e+00
     vertex  3.066982e+01  2.288457e+01 -4.500010e+00
   endloop
 endfacet
 facet normal  0.000000e+00  0.000000e+00 -1.000000e+00
   outer loop
     vertex -2.723340e-01 -9.813744e-01 -4.500010e+00
     vertex  2.255978e-16 -1.000003e+00 -4.500010e+00
     vertex -1.364852e-01 -9.953401e-01 -4.500010e+00
   endloop
 endfacet
 facet normal  0.000000e+00  0.000000e+00 -1.000000e+00
   outer loop
     vertex -5.395949e-01 -9.258369e-01 -4.500010e+00
     vertex -2.723340e-01 -9.813744e-01 -4.500010e+00
     vertex -4.069131e-01 -9.581706e-01 -4.500010e+00
   endloop
 endfacet
 facet normal  0.000000e+00  0.000000e+00 -1.000000e+00
   outer loop
     vertex -5.395949e-01 -9.258369e-01 -4.500010e+00
     vertex  2.255978e-16 -1.000003e+00 -4.500010e+00
     vertex -2.723340e-01 -9.813744e-01 -4.500010e+00
   endloop
 endfacet
 facet normal  0.000000e+00  0.000000e+00 -1.000000e+00
   outer loop
     vertex -6.697609e-01 -8.845241e-01 -4.500010e+00
     vertex  2.255978e-16 -1.000003e+00 -4.500010e+00
     vertex -5.395949e-01 -9.258369e-01 -4.500010e+00
   endloop
 endfacet
 facet normal  0.000000e+00  0.000000e+00 -1.000000e+00
   outer loop
     vertex -7.968042e-01 -8.344247e-01 -4.500010e+00
     vertex  2.255978e-16 -1.000003e+00 -4.500010e+00
     vertex -6.697609e-01 -8.845241e-01 -4.500010e+00
   endloop
 endfacet
 facet normal  0.000000e+00  0.000000e+00 -1.000000e+00
   outer loop
     vertex -9.201324e-01 -7.757724e-01 -4.500010e+00
     vertex  2.255978e-16 -1.000003e+00 -4.500010e+00
     vertex -7.968042e-01 -8.344247e-01 -4.500010e+00
   endloop
 endfacet
 facet normal  0.000000e+00  0.000000e+00 -1.000000e+00
   outer loop
     vertex -1.153364e+00 -6.339414e-01 -4.500010e+00
     vertex  2.255978e-16 -1.000003e+00 -4.500010e+00
     vertex -9.201324e-01 -7.757724e-01 -4.500010e+00
   endloop
 endfacet
 facet normal  0.000000e+00  0.000000e+00 -1.000000e+00
   outer loop
     vertex -1.153364e+00 -6.339414e-01 -4.500010e+00
     vertex -9.201324e-01 -7.757724e-01 -4.500010e+00
     vertex -1.039171e+00 -7.088406e-01 -4.500010e+00
   endloop
 endfacet
 facet normal  0.000000e+00  0.000000e+00 -1.000000e+00
   outer loop
     vertex -1.262179e+00 -5.514240e-01 -4.500010e+00
     vertex  2.255978e-16 -1.000003e+00 -4.500010e+00
     vertex -1.153364e+00 -6.339414e-01 -4.500010e+00
   endloop
 endfacet
 facet normal  0.000000e+00  0.000000e+00 -1.000000e+00
   outer loop
     vertex -1.461676e+00 -3.651072e-01 -4.500010e+00
     vertex -1.262179e+00 -5.514240e-01 -4.500010e+00
     vertex -1.365110e+00 -4.616731e-01 -4.500010e+00
   endloop
 endfacet
 facet normal  0.000000e+00  0.000000e+00 -1.000000e+00
   outer loop
     vertex -1.633944e+00 -1.533610e-01 -4.500010e+00
     vertex -1.262179e+00 -5.514240e-01 -4.500010e+00
     vertex -1.461676e+00 -3.651072e-01 -4.500010e+00
   endloop
 endfacet
 facet normal  0.000000e+00  0.000000e+00 -1.000000e+00
   outer loop
     vertex -1.633944e+00 -1.533610e-01 -4.500010e+00
     vertex -1.461676e+00 -3.651072e-01 -4.500010e+00
     vertex -1.551427e+00 -2.621766e-01 -4.500010e+00
   endloop
 endfacet
 facet normal  0.000000e+00  0.000000e+00 -1.000000e+00
   outer loop
     vertex -1.708843e+00 -3.916800e-02 -4.500010e+00
     vertex -1.262179e+00 -5.514240e-01 -4.500010e+00
     vertex -1.633944e+00 -1.533610e-01 -4.500010e+00
   endloop
 endfacet
 facet normal  0.000000e+00  0.000000e+00 -1.000000e+00
   outer loop
     vertex -1.775775e+00  7.987013e-02 -4.500010e+00
     vertex  2.255978e-16 -1.000003e+00 -4.500010e+00
     vertex -1.262179e+00 -5.514240e-01 -4.500010e+00
   endloop
 endfacet
 facet normal  0.000000e+00  0.000000e+00 -1.000000e+00
   outer loop
     vertex -1.775775e+00  7.987013e-02 -4.500010e+00
     vertex -1.262179e+00 -5.514240e-01 -4.500010e+00
     vertex -1.708843e+00 -3.916800e-02 -4.500010e+00
   endloop
 endfacet
 facet normal  0.000000e+00  0.000000e+00 -1.000000e+00
   outer loop
     vertex -1.884527e+00  3.302416e-01 -4.500010e+00
     vertex -1.775775e+00  7.987013e-02 -4.500010e+00
     vertex -1.834427e+00  2.031983e-01 -4.500010e+00
   endloop
 endfacet
 facet normal  0.000000e+00  0.000000e+00 -1.000000e+00
   outer loop
     vertex -1.925839e+00  4.604076e-01 -4.500010e+00
     vertex -1.775775e+00  7.987013e-02 -4.500010e+00
     vertex -1.884527e+00  3.302416e-01 -4.500010e+00
   endloop
 endfacet
 facet normal  0.000000e+00  0.000000e+00 -1.000000e+00
   outer loop
     vertex -1.981377e+00  7.276686e-01 -4.500010e+00
     vertex  2.255978e-16 -1.000003e+00 -4.500010e+00
     vertex -1.775775e+00  7.987013e-02 -4.500010e+00
   endloop
 endfacet
 facet normal  0.000000e+00  0.000000e+00 -1.000000e+00
   outer loop
     vertex -1.981377e+00  7.276686e-01 -4.500010e+00
     vertex -1.775775e+00  7.987013e-02 -4.500010e+00
     vertex -1.925839e+00  4.604076e-01 -4.500010e+00
   endloop
 endfacet
 facet normal  0.000000e+00  0.000000e+00 -1.000000e+00
   outer loop
     vertex -1.981377e+00  7.276686e-01 -4.500010e+00
     vertex -1.925839e+00  4.604076e-01 -4.500010e+00
     vertex -1.958173e+00  5.930895e-01 -4.500010e+00
   endloop
 endfacet
 facet normal  0.000000e+00  0.000000e+00 -1.000000e+00
   outer loop
     vertex -2.000005e+00  1.000003e+00 -4.500010e+00
     vertex  2.255978e-16 -1.000003e+00 -4.500010e+00
     vertex -1.981377e+00  7.276686e-01 -4.500010e+00
   endloop
 endfacet
 facet normal  0.000000e+00  0.000000e+00 -1.000000e+00
   outer loop
     vertex -2.000005e+00  1.000003e+00 -4.500010e+00
     vertex -1.981377e+00  7.276686e-01 -4.500010e+00
     vertex -1.995343e+00  8.635174e-01 -4.500010e+00
   endloop
 endfacet
 facet normal  0.000000e+00  0.000000e+00 -1.000000e+00
   outer loop
     vertex -2.000005e+00  2.100004e+01 -4.500010e+00
     vertex  2.255978e-16 -1.000003e+00 -4.500010e+00
     vertex -2.000005e+00  1.000003e+00 -4.500010e+00
   endloop
 endfacet
 facet normal  0.000000e+00  0.000000e+00 -1.000000e+00
   outer loop
     vertex  7.921531e-16  2.300005e+01 -4.500010e+00
     vertex  2.255978e-16 -1.000003e+00 -4.500010e+00
     vertex -2.000005e+00  2.100004e+01 -4.500010e+00
   endloop
 endfacet
 facet normal  0.000000e+00 -0.000000e+00 -1.000000e+00
   outer loop
     vertex  7.921531e-16  2.300005e+01 -4.500010e+00
     vertex  3.000006e+01 -1.000003e+00 -4.500010e+00
     vertex  2.255978e-16 -1.000003e+00 -4.500010e+00
   endloop
 endfacet
 facet normal  0.000000e+00  0.000000e+00 -1.000000e+00
   outer loop
     vertex  7.921531e-16  2.300005e+01 -4.500010e+00
     vertex  3.000006e+01  2.300005e+01 -4.500010e+00
     vertex  3.000006e+01 -1.000003e+00 -4.500010e+00
   endloop
 endfacet
 facet normal  0.000000e+00  0.000000e+00 -1.000000e+00
   outer loop
     vertex -5.395949e-01  2.292588e+01 -4.500010e+00
     vertex -2.000005e+00  2.100004e+01 -4.500010e+00
     vertex -1.995343e+00  2.113653e+01 -4.500010e+00
   endloop
 endfacet
 facet normal  0.000000e+00  0.000000e+00 -1.000000e+00
   outer loop
     vertex -5.395949e-01  2.292588e+01 -4.500010e+00
     vertex -4.069131e-01  2.295821e+01 -4.500010e+00
     vertex -2.723340e-01  2.298142e+01 -4.500010e+00
   endloop
 endfacet
 facet normal  0.000000e+00  0.000000e+00 -1.000000e+00
   outer loop
     vertex -5.395949e-01  2.292588e+01 -4.500010e+00
     vertex -2.723340e-01  2.298142e+01 -4.500010e+00
     vertex -1.364852e-01  2.299538e+01 -4.500010e+00
   endloop
 endfacet
 facet normal  0.000000e+00  0.000000e+00 -1.000000e+00
   outer loop
     vertex -5.395949e-01  2.292588e+01 -4.500010e+00
     vertex -1.364852e-01  2.299538e+01 -4.500010e+00
     vertex  7.921531e-16  2.300005e+01 -4.500010e+00
   endloop
 endfacet
 facet normal  0.000000e+00 -0.000000e+00 -1.000000e+00
   outer loop
     vertex -5.395949e-01  2.292588e+01 -4.500010e+00
     vertex  7.921531e-16  2.300005e+01 -4.500010e+00
     vertex -2.000005e+00  2.100004e+01 -4.500010e+00
   endloop
 endfacet
 facet normal  0.000000e+00 -0.000000e+00 -1.000000e+00
   outer loop
     vertex -6.697609e-01  2.288457e+01 -4.500010e+00
     vertex -5.395949e-01  2.292588e+01 -4.500010e+00
     vertex -1.995343e+00  2.113653e+01 -4.500010e+00
   endloop
 endfacet
 facet normal  0.000000e+00  0.000000e+00 -1.000000e+00
   outer loop
     vertex -1.775775e+00  2.192017e+01 -4.500010e+00
     vertex -1.925839e+00  2.153964e+01 -4.500010e+00
     vertex -1.884527e+00  2.166980e+01 -4.500010e+00
   endloop
 endfacet
 facet normal  0.000000e+00  0.000000e+00 -1.000000e+00
   outer loop
     vertex -1.775775e+00  2.192017e+01 -4.500010e+00
     vertex -1.884527e+00  2.166980e+01 -4.500010e+00
     vertex -1.834427e+00  2.179684e+01 -4.500010e+00
   endloop
 endfacet
 facet normal  0.000000e+00  0.000000e+00 -1.000000e+00
   outer loop
     vertex -9.201324e-01  2.277582e+01 -4.500010e+00
     vertex -7.968042e-01  2.283447e+01 -4.500010e+00
     vertex -6.697609e-01  2.288457e+01 -4.500010e+00
   endloop
 endfacet
 facet normal  0.000000e+00  0.000000e+00 -1.000000e+00
   outer loop
     vertex -1.708843e+00  2.203921e+01 -4.500010e+00
     vertex -1.925839e+00  2.153964e+01 -4.500010e+00
     vertex -1.775775e+00  2.192017e+01 -4.500010e+00
   endloop
 endfacet
 facet normal  0.000000e+00  0.000000e+00 -1.000000e+00
   outer loop
     vertex -1.039171e+00  2.270888e+01 -4.500010e+00
     vertex -1.995343e+00  2.113653e+01 -4.500010e+00
     vertex -1.981377e+00  2.127237e+01 -4.500010e+00
   endloop
 endfacet
 facet normal  0.000000e+00  0.000000e+00 -1.000000e+00
   outer loop
     vertex -1.039171e+00  2.270888e+01 -4.500010e+00
     vertex -1.981377e+00  2.127237e+01 -4.500010e+00
     vertex -1.958173e+00  2.140695e+01 -4.500010e+00
   endloop
 endfacet
 facet normal  0.000000e+00  0.000000e+00 -1.000000e+00
   outer loop
     vertex -1.039171e+00  2.270888e+01 -4.500010e+00
     vertex -9.201324e-01  2.277582e+01 -4.500010e+00
     vertex -6.697609e-01  2.288457e+01 -4.500010e+00
   endloop
 endfacet
 facet normal  0.000000e+00 -0.000000e+00 -1.000000e+00
   outer loop
     vertex -1.039171e+00  2.270888e+01 -4.500010e+00
     vertex -6.697609e-01  2.288457e+01 -4.500010e+00
     vertex -1.995343e+00  2.113653e+01 -4.500010e+00
   endloop
 endfacet
 facet normal  0.000000e+00  0.000000e+00 -1.000000e+00
   outer loop
     vertex -1.633944e+00  2.215340e+01 -4.500010e+00
     vertex -1.925839e+00  2.153964e+01 -4.500010e+00
     vertex -1.708843e+00  2.203921e+01 -4.500010e+00
   endloop
 endfacet
 facet normal  0.000000e+00 -0.000000e+00 -1.000000e+00
   outer loop
     vertex -1.153364e+00  2.263398e+01 -4.500010e+00
     vertex -1.039171e+00  2.270888e+01 -4.500010e+00
     vertex -1.958173e+00  2.140695e+01 -4.500010e+00
   endloop
 endfacet
 facet normal  0.000000e+00  0.000000e+00 -1.000000e+00
   outer loop
     vertex -1.551427e+00  2.226222e+01 -4.500010e+00
     vertex -1.958173e+00  2.140695e+01 -4.500010e+00
     vertex -1.925839e+00  2.153964e+01 -4.500010e+00
   endloop
 endfacet
 facet normal  0.000000e+00  0.000000e+00 -1.000000e+00
   outer loop
     vertex -1.551427e+00  2.226222e+01 -4.500010e+00
     vertex -1.925839e+00  2.153964e+01 -4.500010e+00
     vertex -1.633944e+00  2.215340e+01 -4.500010e+00
   endloop
 endfacet
 facet normal  0.000000e+00  0.000000e+00 -1.000000e+00
   outer loop
     vertex -1.365110e+00  2.246172e+01 -4.500010e+00
     vertex -1.551427e+00  2.226222e+01 -4.500010e+00
     vertex -1.461676e+00  2.236515e+01 -4.500010e+00
   endloop
 endfacet
 facet normal  0.000000e+00  0.000000e+00 -1.000000e+00
   outer loop
     vertex -1.365110e+00  2.246172e+01 -4.500010e+00
     vertex -1.262179e+00  2.255147e+01 -4.500010e+00
     vertex -1.153364e+00  2.263398e+01 -4.500010e+00
   endloop
 endfacet
 facet normal  0.000000e+00 -0.000000e+00 -1.000000e+00
   outer loop
     vertex -1.365110e+00  2.246172e+01 -4.500010e+00
     vertex -1.153364e+00  2.263398e+01 -4.500010e+00
     vertex -1.958173e+00  2.140695e+01 -4.500010e+00
   endloop
 endfacet
 facet normal  0.000000e+00  0.000000e+00 -1.000000e+00
   outer loop
     vertex -1.365110e+00  2.246172e+01 -4.500010e+00
     vertex -1.958173e+00  2.140695e+01 -4.500010e+00
     vertex -1.551427e+00  2.226222e+01 -4.500010e+00
   endloop
 endfacet
 facet normal  3.475373e-16  3.592720e-16 -1.000000e+00
   outer loop
     vertex  1.879807e+01  2.774814e+01 -1.500003e+00
     vertex  2.100004e+01  2.500005e+01 -1.500003e+00
     vertex  1.849441e+01  2.742384e+01 -1.500003e+00
   endloop
 endfacet
 facet normal  0.000000e+00  0.000000e+00 -1.000000e+00
   outer loop
     vertex  1.816248e+01  2.712721e+01 -1.500003e+00
     vertex  1.849441e+01  2.742384e+01 -1.500003e+00
     vertex  2.100004e+01  2.500005e+01 -1.500003e+00
   endloop
 endfacet
 facet normal -4.525617e-16 -2.818259e-16 -1.000000e+00
   outer loop
     vertex  1.907122e+01  2.809739e+01 -1.500003e+00
     vertex  2.100004e+01  2.500005e+01 -1.500003e+00
     vertex  1.879807e+01  2.774814e+01 -1.500003e+00
   endloop
 endfacet
 facet normal -3.113582e-16 -4.153424e-16 -1.000000e+00
   outer loop
     vertex  1.780474e+01  2.686077e+01 -1.500003e+00
     vertex  1.816248e+01  2.712721e+01 -1.500003e+00
     vertex  2.100004e+01  2.500005e+01 -1.500003e+00
   endloop
 endfacet
 facet normal  0.000000e+00 -0.000000e+00 -1.000000e+00
   outer loop
     vertex  1.931190e+01  2.846868e+01 -1.500003e+00
     vertex  2.100004e+01  2.500005e+01 -1.500003e+00
     vertex  1.907122e+01  2.809739e+01 -1.500003e+00
   endloop
 endfacet
 facet normal  2.480786e-16  5.453412e-16 -1.000000e+00
   outer loop
     vertex  1.742390e+01  2.662685e+01 -1.500003e+00
     vertex  1.780474e+01  2.686077e+01 -1.500003e+00
     vertex  2.100004e+01  2.500005e+01 -1.500003e+00
   endloop
 endfacet
 facet normal  0.000000e+00 -0.000000e+00 -1.000000e+00
   outer loop
     vertex  1.951842e+01  2.885897e+01 -1.500003e+00
     vertex  2.100004e+01  2.500005e+01 -1.500003e+00
     vertex  1.931190e+01  2.846868e+01 -1.500003e+00
   endloop
 endfacet
 facet normal  0.000000e+00  0.000000e+00 -1.000000e+00
   outer loop
     vertex  1.706387e+01  2.644587e+01 -1.500003e+00
     vertex  1.742390e+01  2.662685e+01 -1.500003e+00
     vertex  2.100004e+01  2.500005e+01 -1.500003e+00
   endloop
 endfacet
 facet normal -6.792743e-16 -2.608050e-16 -1.000000e+00
   outer loop
     vertex  1.968938e+01  2.926509e+01 -1.500003e+00
     vertex  2.100004e+01  2.500005e+01 -1.500003e+00
     vertex  1.951842e+01  2.885897e+01 -1.500003e+00
   endloop
 endfacet
 facet normal  0.000000e+00  0.000000e+00 -1.000000e+00
   outer loop
     vertex  1.668981e+01  2.629424e+01 -1.500003e+00
     vertex  1.706387e+01  2.644587e+01 -1.500003e+00
     vertex  2.100004e+01  2.500005e+01 -1.500003e+00
   endloop
 endfacet
 facet normal  8.289382e-17 -2.658797e-17 -1.000000e+00
   outer loop
     vertex  1.982367e+01  2.968377e+01 -1.500003e+00
     vertex  2.100004e+01  2.500005e+01 -1.500003e+00
     vertex  1.968938e+01  2.926509e+01 -1.500003e+00
   endloop
 endfacet
 facet normal  2.813707e-16  9.370882e-16 -1.000000e+00
   outer loop
     vertex  1.630410e+01  2.617311e+01 -1.500003e+00
     vertex  1.668981e+01  2.629424e+01 -1.500003e+00
     vertex  2.100004e+01  2.500005e+01 -1.500003e+00
   endloop
 endfacet
 facet normal -2.719698e-16 -1.278030e-15 -1.000000e+00
   outer loop
     vertex  1.590919e+01  2.608340e+01 -1.500003e+00
     vertex  1.630410e+01  2.617311e+01 -1.500003e+00
     vertex  2.100004e+01  2.500005e+01 -1.500003e+00
   endloop
 endfacet
 facet normal  9.929947e-17 -2.246749e-17 -1.000000e+00
   outer loop
     vertex  1.992048e+01  3.011166e+01 -1.500003e+00
     vertex  2.100004e+01  2.500005e+01 -1.500003e+00
     vertex  1.982367e+01  2.968377e+01 -1.500003e+00
   endloop
 endfacet
 facet normal -3.304962e-16 -1.553055e-15 -1.000000e+00
   outer loop
     vertex  1.550763e+01  2.602588e+01 -1.500003e+00
     vertex  1.590919e+01  2.608340e+01 -1.500003e+00
     vertex  2.100004e+01  2.500005e+01 -1.500003e+00
   endloop
 endfacet
 facet normal  1.601137e-15  2.947168e-16 -1.000000e+00
   outer loop
     vertex  1.997933e+01  3.054539e+01 -1.500003e+00
     vertex  2.100004e+01  2.500005e+01 -1.500003e+00
     vertex  1.992048e+01  3.011166e+01 -1.500003e+00
   endloop
 endfacet
 facet normal -3.829329e-15 -7.048537e-16 -1.000000e+00
   outer loop
     vertex  1.999499e+01  3.077533e+01 -1.500003e+00
     vertex  2.100004e+01  2.500005e+01 -1.500003e+00
     vertex  1.997933e+01  3.054539e+01 -1.500003e+00
   endloop
 endfacet
 facet normal  8.149422e-16  4.579730e-15 -1.000000e+00
   outer loop
     vertex  1.510203e+01  2.600109e+01 -1.500003e+00
     vertex  1.550763e+01  2.602588e+01 -1.500003e+00
     vertex  2.100004e+01  2.500005e+01 -1.500003e+00
   endloop
 endfacet
 facet normal  5.223478e-15  8.705782e-16 -1.000000e+00
   outer loop
     vertex  2.000004e+01  3.100006e+01 -1.500003e+00
     vertex  2.100004e+01  2.500005e+01 -1.500003e+00
     vertex  1.999499e+01  3.077533e+01 -1.500003e+00
   endloop
 endfacet
 facet normal  0.000000e+00 -2.218138e-16 -1.000000e+00
   outer loop
     vertex  9.000018e+00  2.500005e+01 -1.500003e+00
     vertex  1.510203e+01  2.600109e+01 -1.500003e+00
     vertex  2.100004e+01  2.500005e+01 -1.500003e+00
   endloop
 endfacet
 facet normal  0.000000e+00  0.000000e+00 -1.000000e+00
   outer loop
     vertex  9.000018e+00  2.500005e+01 -1.500003e+00
     vertex  1.164900e+01  2.728917e+01 -1.500003e+00
     vertex  1.198669e+01  2.701009e+01 -1.500003e+00
   endloop
 endfacet
 facet normal  0.000000e+00  0.000000e+00 -1.000000e+00
   outer loop
     vertex  9.000018e+00  2.500005e+01 -1.500003e+00
     vertex  1.198669e+01  2.701009e+01 -1.500003e+00
     vertex  1.234663e+01  2.676219e+01 -1.500003e+00
   endloop
 endfacet
 facet normal  2.770491e-16 -5.261660e-16 -1.000000e+00
   outer loop
     vertex  9.000018e+00  2.500005e+01 -1.500003e+00
     vertex  1.234663e+01  2.676219e+01 -1.500003e+00
     vertex  1.273291e+01  2.654358e+01 -1.500003e+00
   endloop
 endfacet
 facet normal -2.505905e-16  7.498889e-16 -1.000000e+00
   outer loop
     vertex  9.000018e+00  2.500005e+01 -1.500003e+00
     vertex  1.273291e+01  2.654358e+01 -1.500003e+00
     vertex  1.310670e+01  2.637238e+01 -1.500003e+00
   endloop
 endfacet
 facet normal  0.000000e+00  0.000000e+00 -1.000000e+00
   outer loop
     vertex  9.000018e+00  2.500005e+01 -1.500003e+00
     vertex  1.310670e+01  2.637238e+01 -1.500003e+00
     vertex  1.349246e+01  2.623274e+01 -1.500003e+00
   endloop
 endfacet
 facet normal  0.000000e+00  0.000000e+00 -1.000000e+00
   outer loop
     vertex  9.000018e+00  2.500005e+01 -1.500003e+00
     vertex  1.349246e+01  2.623274e+01 -1.500003e+00
     vertex  1.388755e+01  2.612538e+01 -1.500003e+00
   endloop
 endfacet
 facet normal  0.000000e+00  0.000000e+00 -1.000000e+00
   outer loop
     vertex  9.000018e+00  2.500005e+01 -1.500003e+00
     vertex  1.388755e+01  2.612538e+01 -1.500003e+00
     vertex  1.428930e+01  2.605082e+01 -1.500003e+00
   endloop
 endfacet
 facet normal -3.613870e-16  1.819117e-15 -1.000000e+00
   outer loop
     vertex  9.000018e+00  2.500005e+01 -1.500003e+00
     vertex  1.428930e+01  2.605082e+01 -1.500003e+00
     vertex  1.469502e+01  2.600936e+01 -1.500003e+00
   endloop
 endfacet
 facet normal -4.010896e-18 -1.973647e-16 -1.000000e+00
   outer loop
     vertex  9.000018e+00  2.500005e+01 -1.500003e+00
     vertex  1.469502e+01  2.600936e+01 -1.500003e+00
     vertex  1.510203e+01  2.600109e+01 -1.500003e+00
   endloop
 endfacet
 facet normal  0.000000e+00  0.000000e+00 -1.000000e+00
   outer loop
     vertex  2.100004e+01  3.700007e+01 -1.500003e+00
     vertex  2.000004e+01  3.100006e+01 -1.500003e+00
     vertex  1.998309e+01  3.141143e+01 -1.500003e+00
   endloop
 endfacet
 facet normal  0.000000e+00  0.000000e+00 -1.000000e+00
   outer loop
     vertex  2.100004e+01  3.700007e+01 -1.500003e+00
     vertex  1.998309e+01  3.141143e+01 -1.500003e+00
     vertex  1.992927e+01  3.183831e+01 -1.500003e+00
   endloop
 endfacet
 facet normal  0.000000e+00  0.000000e+00 -1.000000e+00
   outer loop
     vertex  2.100004e+01  3.700007e+01 -1.500003e+00
     vertex  1.992927e+01  3.183831e+01 -1.500003e+00
     vertex  1.984405e+01  3.223926e+01 -1.500003e+00
   endloop
 endfacet
 facet normal -1.044126e-15  2.535289e-16 -1.000000e+00
   outer loop
     vertex  2.100004e+01  3.700007e+01 -1.500003e+00
     vertex  1.984405e+01  3.223926e+01 -1.500003e+00
     vertex  1.972653e+01  3.263110e+01 -1.500003e+00
   endloop
 endfacet
 facet normal  7.807169e-16 -2.783939e-16 -1.000000e+00
   outer loop
     vertex  2.100004e+01  3.700007e+01 -1.500003e+00
     vertex  1.972653e+01  3.263110e+01 -1.500003e+00
     vertex  1.957769e+01  3.301130e+01 -1.500003e+00
   endloop
 endfacet
 facet normal -7.173115e-16  2.557843e-16 -1.000000e+00
   outer loop
     vertex  2.100004e+01  3.700007e+01 -1.500003e+00
     vertex  1.957769e+01  3.301130e+01 -1.500003e+00
     vertex  1.939870e+01  3.337742e+01 -1.500003e+00
   endloop
 endfacet
 facet normal  1.166269e-15 -5.768264e-16 -1.000000e+00
   outer loop
     vertex  2.100004e+01  3.700007e+01 -1.500003e+00
     vertex  1.939870e+01  3.337742e+01 -1.500003e+00
     vertex  1.919088e+01  3.372713e+01 -1.500003e+00
   endloop
 endfacet
 facet normal -4.773236e-16  3.316886e-16 -1.000000e+00
   outer loop
     vertex  2.100004e+01  3.700007e+01 -1.500003e+00
     vertex  1.919088e+01  3.372713e+01 -1.500003e+00
     vertex  1.895576e+01  3.405821e+01 -1.500003e+00
   endloop
 endfacet
 facet normal  0.000000e+00  0.000000e+00 -1.000000e+00
   outer loop
     vertex  2.100004e+01  3.700007e+01 -1.500003e+00
     vertex  1.895576e+01  3.405821e+01 -1.500003e+00
     vertex  1.869503e+01  3.436861e+01 -1.500003e+00
   endloop
 endfacet
 facet normal  0.000000e+00 -0.000000e+00 -1.000000e+00
   outer loop
     vertex  2.100004e+01  3.700007e+01 -1.500003e+00
     vertex  2.100004e+01  2.500005e+01 -1.500003e+00
     vertex  2.000004e+01  3.100006e+01 -1.500003e+00
   endloop
 endfacet
 facet normal  4.137924e-16 -3.624589e-16 -1.000000e+00
   outer loop
     vertex  1.841050e+01  3.465640e+01 -1.500003e+00
     vertex  2.100004e+01  3.700007e+01 -1.500003e+00
     vertex  1.869503e+01  3.436861e+01 -1.500003e+00
   endloop
 endfacet
 facet normal  0.000000e+00 -0.000000e+00 -1.000000e+00
   outer loop
     vertex  1.133637e+01  2.759746e+01 -1.500003e+00
     vertex  1.164900e+01  2.728917e+01 -1.500003e+00
     vertex  9.000018e+00  2.500005e+01 -1.500003e+00
   endloop
 endfacet
 facet normal -3.299171e-16  4.592687e-16 -1.000000e+00
   outer loop
     vertex  1.810417e+01  3.491981e+01 -1.500003e+00
     vertex  2.100004e+01  3.700007e+01 -1.500003e+00
     vertex  1.841050e+01  3.465640e+01 -1.500003e+00
   endloop
 endfacet
 facet normal  0.000000e+00 -0.000000e+00 -1.000000e+00
   outer loop
     vertex  1.105140e+01  2.793275e+01 -1.500003e+00
     vertex  1.133637e+01  2.759746e+01 -1.500003e+00
     vertex  9.000018e+00  2.500005e+01 -1.500003e+00
   endloop
 endfacet
 facet normal  0.000000e+00  0.000000e+00 -1.000000e+00
   outer loop
     vertex  1.777811e+01  3.515727e+01 -1.500003e+00
     vertex  2.100004e+01  3.700007e+01 -1.500003e+00
     vertex  1.810417e+01  3.491981e+01 -1.500003e+00
   endloop
 endfacet
 facet normal  4.382987e-16 -3.065830e-16 -1.000000e+00
   outer loop
     vertex  1.079649e+01  2.829259e+01 -1.500003e+00
     vertex  1.105140e+01  2.793275e+01 -1.500003e+00
     vertex  9.000018e+00  2.500005e+01 -1.500003e+00
   endloop
 endfacet
 facet normal  0.000000e+00  0.000000e+00 -1.000000e+00
   outer loop
     vertex  1.743456e+01  3.536735e+01 -1.500003e+00
     vertex  2.100004e+01  3.700007e+01 -1.500003e+00
     vertex  1.777811e+01  3.515727e+01 -1.500003e+00
   endloop
 endfacet
 facet normal -5.750336e-16  2.463109e-16 -1.000000e+00
   outer loop
     vertex  1.057386e+01  2.867431e+01 -1.500003e+00
     vertex  1.079649e+01  2.829259e+01 -1.500003e+00
     vertex  9.000018e+00  2.500005e+01 -1.500003e+00
   endloop
 endfacet
 facet normal -2.656725e-16  5.801651e-16 -1.000000e+00
   outer loop
     vertex  1.703513e+01  3.556717e+01 -1.500003e+00
     vertex  2.100004e+01  3.700007e+01 -1.500003e+00
     vertex  1.743456e+01  3.536735e+01 -1.500003e+00
   endloop
 endfacet
 facet normal -6.166864e-16  2.641526e-16 -1.000000e+00
   outer loop
     vertex  1.038545e+01  2.907504e+01 -1.500003e+00
     vertex  1.057386e+01  2.867431e+01 -1.500003e+00
     vertex  9.000018e+00  2.500005e+01 -1.500003e+00
   endloop
 endfacet
 facet normal  4.835646e-16 -1.493003e-15 -1.000000e+00
   outer loop
     vertex  1.662031e+01  3.573026e+01 -1.500003e+00
     vertex  2.100004e+01  3.700007e+01 -1.500003e+00
     vertex  1.703513e+01  3.556717e+01 -1.500003e+00
   endloop
 endfacet
 facet normal  8.320392e-16 -2.283897e-16 -1.000000e+00
   outer loop
     vertex  1.023295e+01  2.949172e+01 -1.500003e+00
     vertex  1.038545e+01  2.907504e+01 -1.500003e+00
     vertex  9.000018e+00  2.500005e+01 -1.500003e+00
   endloop
 endfacet
 facet normal  2.550578e-17  8.689170e-17 -1.000000e+00
   outer loop
     vertex  1.619348e+01  3.585555e+01 -1.500003e+00
     vertex  2.100004e+01  3.700007e+01 -1.500003e+00
     vertex  1.662031e+01  3.573026e+01 -1.500003e+00
   endloop
 endfacet
 facet normal -9.529019e-16  2.615657e-16 -1.000000e+00
   outer loop
     vertex  1.011781e+01  2.992115e+01 -1.500003e+00
     vertex  1.023295e+01  2.949172e+01 -1.500003e+00
     vertex  9.000018e+00  2.500005e+01 -1.500003e+00
   endloop
 endfacet
 facet normal -2.566542e-16  1.271854e-15 -1.000000e+00
   outer loop
     vertex  1.575809e+01  3.594227e+01 -1.500003e+00
     vertex  2.100004e+01  3.700007e+01 -1.500003e+00
     vertex  1.619348e+01  3.585555e+01 -1.500003e+00
   endloop
 endfacet
 facet normal  2.630738e-15 -5.524323e-16 -1.000000e+00
   outer loop
     vertex  1.004116e+01  3.036000e+01 -1.500003e+00
     vertex  1.011781e+01  2.992115e+01 -1.500003e+00
     vertex  9.000018e+00  2.500005e+01 -1.500003e+00
   endloop
 endfacet
 facet normal -1.489353e-16 -1.249680e-17 -1.000000e+00
   outer loop
     vertex  1.000383e+01  3.080482e+01 -1.500003e+00
     vertex  1.004116e+01  3.036000e+01 -1.500003e+00
     vertex  9.000018e+00  2.500005e+01 -1.500003e+00
   endloop
 endfacet
 facet normal  0.000000e+00  0.000000e+00 -1.000000e+00
   outer loop
     vertex  9.000018e+00  3.700007e+01 -1.500003e+00
     vertex  1.400051e+01  3.589915e+01 -1.500003e+00
     vertex  1.357432e+01  3.579250e+01 -1.500003e+00
   endloop
 endfacet
 facet normal  0.000000e+00  0.000000e+00 -1.000000e+00
   outer loop
     vertex  9.000018e+00  3.700007e+01 -1.500003e+00
     vertex  1.357432e+01  3.579250e+01 -1.500003e+00
     vertex  1.316005e+01  3.564921e+01 -1.500003e+00
   endloop
 endfacet
 facet normal  0.000000e+00  0.000000e+00 -1.000000e+00
   outer loop
     vertex  9.000018e+00  3.700007e+01 -1.500003e+00
     vertex  1.316005e+01  3.564921e+01 -1.500003e+00
     vertex  1.276083e+01  3.547064e+01 -1.500003e+00
   endloop
 endfacet
 facet normal  0.000000e+00  0.000000e+00 -1.000000e+00
   outer loop
     vertex  9.000018e+00  3.700007e+01 -1.500003e+00
     vertex  1.276083e+01  3.547064e+01 -1.500003e+00
     vertex  1.237768e+01  3.525722e+01 -1.500003e+00
   endloop
 endfacet
 facet normal  0.000000e+00  0.000000e+00 -1.000000e+00
   outer loop
     vertex  9.000018e+00  3.700007e+01 -1.500003e+00
     vertex  1.237768e+01  3.525722e+01 -1.500003e+00
     vertex  1.203658e+01  3.502722e+01 -1.500003e+00
   endloop
 endfacet
 facet normal  0.000000e+00  0.000000e+00 -1.000000e+00
   outer loop
     vertex  9.000018e+00  3.700007e+01 -1.500003e+00
     vertex  1.203658e+01  3.502722e+01 -1.500003e+00
     vertex  1.171621e+01  3.477055e+01 -1.500003e+00
   endloop
 endfacet
 facet normal  0.000000e+00  0.000000e+00 -1.000000e+00
   outer loop
     vertex  9.000018e+00  3.700007e+01 -1.500003e+00
     vertex  1.171621e+01  3.477055e+01 -1.500003e+00
     vertex  1.141856e+01  3.448907e+01 -1.500003e+00
   endloop
 endfacet
 facet normal  3.922001e-16  3.777594e-16 -1.000000e+00
   outer loop
     vertex  9.000018e+00  3.700007e+01 -1.500003e+00
     vertex  1.141856e+01  3.448907e+01 -1.500003e+00
     vertex  1.114548e+01  3.418480e+01 -1.500003e+00
   endloop
 endfacet
 facet normal -5.008727e-16 -3.028338e-16 -1.000000e+00
   outer loop
     vertex  9.000018e+00  3.700007e+01 -1.500003e+00
     vertex  1.114548e+01  3.418480e+01 -1.500003e+00
     vertex  1.089862e+01  3.385988e+01 -1.500003e+00
   endloop
 endfacet
 facet normal  0.000000e+00  0.000000e+00 -1.000000e+00
   outer loop
     vertex  9.000018e+00  3.700007e+01 -1.500003e+00
     vertex  1.089862e+01  3.385988e+01 -1.500003e+00
     vertex  1.067946e+01  3.351656e+01 -1.500003e+00
   endloop
 endfacet
 facet normal  0.000000e+00  0.000000e+00 -1.000000e+00
   outer loop
     vertex  9.000018e+00  3.700007e+01 -1.500003e+00
     vertex  1.067946e+01  3.351656e+01 -1.500003e+00
     vertex  1.048928e+01  3.315720e+01 -1.500003e+00
   endloop
 endfacet
 facet normal  0.000000e+00  0.000000e+00 -1.000000e+00
   outer loop
     vertex  9.000018e+00  3.700007e+01 -1.500003e+00
     vertex  1.048928e+01  3.315720e+01 -1.500003e+00
     vertex  1.032918e+01  3.278424e+01 -1.500003e+00
   endloop
 endfacet
 facet normal  8.874462e-16  2.797937e-16 -1.000000e+00
   outer loop
     vertex  9.000018e+00  3.700007e+01 -1.500003e+00
     vertex  1.032918e+01  3.278424e+01 -1.500003e+00
     vertex  1.020006e+01  3.240020e+01 -1.500003e+00
   endloop
 endfacet
 facet normal -9.480530e-17  2.353852e-17 -1.000000e+00
   outer loop
     vertex  9.000018e+00  3.700007e+01 -1.500003e+00
     vertex  1.020006e+01  3.240020e+01 -1.500003e+00
     vertex  1.010259e+01  3.200763e+01 -1.500003e+00
   endloop
 endfacet
 facet normal -1.563603e-15 -3.008428e-16 -1.000000e+00
   outer loop
     vertex  9.000018e+00  3.700007e+01 -1.500003e+00
     vertex  1.010259e+01  3.200763e+01 -1.500003e+00
     vertex  1.003726e+01  3.160913e+01 -1.500003e+00
   endloop
 endfacet
 facet normal  0.000000e+00  0.000000e+00 -1.000000e+00
   outer loop
     vertex  9.000018e+00  3.700007e+01 -1.500003e+00
     vertex  1.003726e+01  3.160913e+01 -1.500003e+00
     vertex  1.000432e+01  3.120732e+01 -1.500003e+00
   endloop
 endfacet
 facet normal  3.160044e-15  5.478621e-16 -1.000000e+00
   outer loop
     vertex  9.000018e+00  3.700007e+01 -1.500003e+00
     vertex  1.000432e+01  3.120732e+01 -1.500003e+00
     vertex  1.000383e+01  3.080482e+01 -1.500003e+00
   endloop
 endfacet
 facet normal -2.212005e-16 -0.000000e+00 -1.000000e+00
   outer loop
     vertex  9.000018e+00  3.700007e+01 -1.500003e+00
     vertex  1.000383e+01  3.080482e+01 -1.500003e+00
     vertex  9.000018e+00  2.500005e+01 -1.500003e+00
   endloop
 endfacet
 facet normal  0.000000e+00 -4.434009e-16 -1.000000e+00
   outer loop
     vertex  9.000018e+00  3.700007e+01 -1.500003e+00
     vertex  2.100004e+01  3.700007e+01 -1.500003e+00
     vertex  1.487555e+01  3.599852e+01 -1.500003e+00
   endloop
 endfacet
 facet normal -9.060450e-16  5.097066e-15 -1.000000e+00
   outer loop
     vertex  1.487555e+01  3.599852e+01 -1.500003e+00
     vertex  2.100004e+01  3.700007e+01 -1.500003e+00
     vertex  1.531761e+01  3.598998e+01 -1.500003e+00
   endloop
 endfacet
 facet normal  0.000000e+00  0.000000e+00 -1.000000e+00
   outer loop
     vertex  1.531761e+01  3.598998e+01 -1.500003e+00
     vertex  2.100004e+01  3.700007e+01 -1.500003e+00
     vertex  1.575809e+01  3.594227e+01 -1.500003e+00
   endloop
 endfacet
 facet normal  1.098427e-15  6.000437e-15 -1.000000e+00
   outer loop
     vertex  9.000018e+00  3.700007e+01 -1.500003e+00
     vertex  1.487555e+01  3.599852e+01 -1.500003e+00
     vertex  1.443537e+01  3.596808e+01 -1.500003e+00
   endloop
 endfacet
 facet normal -2.968615e-16 -1.348369e-15 -1.000000e+00
   outer loop
     vertex  9.000018e+00  3.700007e+01 -1.500003e+00
     vertex  1.443537e+01  3.596808e+01 -1.500003e+00
     vertex  1.400051e+01  3.589915e+01 -1.500003e+00
   endloop
 endfacet
 facet normal  0.000000e+00  0.000000e+00  1.000000e+00
   outer loop
     vertex  2.971552e+01  3.400634e-01  4.500010e+00
     vertex  3.081178e+01 -6.837664e-01  4.500010e+00
     vertex  3.093070e+01 -5.473832e-01  4.500010e+00
   endloop
 endfacet
 facet normal  0.000000e+00  0.000000e+00  1.000000e+00
   outer loop
     vertex  2.971552e+01  3.400634e-01  4.500010e+00
     vertex  3.068383e+01 -8.117161e-01  4.500010e+00
     vertex  3.081178e+01 -6.837664e-01  4.500010e+00
   endloop
 endfacet
 facet normal -0.000000e+00  0.000000e+00  1.000000e+00
   outer loop
     vertex  2.966000e+01  2.845378e-01  4.500010e+00
     vertex  3.068383e+01 -8.117161e-01  4.500010e+00
     vertex  2.971552e+01  3.400634e-01  4.500010e+00
   endloop
 endfacet
 facet normal -0.000000e+00  0.000000e+00  1.000000e+00
   outer loop
     vertex  2.960081e+01  2.329309e-01  4.500010e+00
     vertex  3.068383e+01 -8.117161e-01  4.500010e+00
     vertex  2.966000e+01  2.845378e-01  4.500010e+00
   endloop
 endfacet
 facet normal  0.000000e+00  0.000000e+00  1.000000e+00
   outer loop
     vertex  2.960081e+01  2.329309e-01  4.500010e+00
     vertex  3.054744e+01 -9.306360e-01  4.500010e+00
     vertex  3.068383e+01 -8.117161e-01  4.500010e+00
   endloop
 endfacet
 facet normal  0.000000e+00  0.000000e+00  1.000000e+00
   outer loop
     vertex  2.976713e+01  3.992487e-01  4.500010e+00
     vertex  2.971552e+01  3.400634e-01  4.500010e+00
     vertex  3.093070e+01 -5.473832e-01  4.500010e+00
   endloop
 endfacet
 facet normal -0.000000e+00  0.000000e+00  1.000000e+00
   outer loop
     vertex  2.953824e+01  1.854832e-01  4.500010e+00
     vertex  3.054744e+01 -9.306360e-01  4.500010e+00
     vertex  2.960081e+01  2.329309e-01  4.500010e+00
   endloop
 endfacet
 facet normal  0.000000e+00  0.000000e+00  1.000000e+00
   outer loop
     vertex  2.953824e+01  1.854832e-01  4.500010e+00
     vertex  3.040326e+01 -1.039972e+00  4.500010e+00
     vertex  3.054744e+01 -9.306360e-01  4.500010e+00
   endloop
 endfacet
 facet normal  0.000000e+00  0.000000e+00  1.000000e+00
   outer loop
     vertex  2.953824e+01  1.854832e-01  4.500010e+00
     vertex  3.025196e+01 -1.139213e+00  4.500010e+00
     vertex  3.040326e+01 -1.039972e+00  4.500010e+00
   endloop
 endfacet
 facet normal  0.000000e+00  0.000000e+00  1.000000e+00
   outer loop
     vertex  2.981458e+01  4.618178e-01  4.500010e+00
     vertex  2.976713e+01  3.992487e-01  4.500010e+00
     vertex  3.093070e+01 -5.473832e-01  4.500010e+00
   endloop
 endfacet
 facet normal  0.000000e+00  0.000000e+00  1.000000e+00
   outer loop
     vertex  2.981458e+01  4.618178e-01  4.500010e+00
     vertex  3.093070e+01 -5.473832e-01  4.500010e+00
     vertex  3.104003e+01 -4.032027e-01  4.500010e+00
   endloop
 endfacet
 facet normal  0.000000e+00  0.000000e+00  1.000000e+00
   outer loop
     vertex  2.985764e+01  5.274790e-01  4.500010e+00
     vertex  2.981458e+01  4.618178e-01  4.500010e+00
     vertex  3.104003e+01 -4.032027e-01  4.500010e+00
   endloop
 endfacet
 facet normal  0.000000e+00  0.000000e+00  1.000000e+00
   outer loop
     vertex  2.985764e+01  5.274790e-01  4.500010e+00
     vertex  3.113927e+01 -2.518970e-01  4.500010e+00
     vertex  3.122796e+01 -9.417146e-02  4.500010e+00
   endloop
 endfacet
 facet normal  0.000000e+00  0.000000e+00  1.000000e+00
   outer loop
     vertex  2.985764e+01  5.274790e-01  4.500010e+00
     vertex  3.104003e+01 -4.032027e-01  4.500010e+00
     vertex  3.113927e+01 -2.518970e-01  4.500010e+00
   endloop
 endfacet
 facet normal -0.000000e+00  0.000000e+00  1.000000e+00
   outer loop
     vertex  2.947258e+01  1.424161e-01  4.500010e+00
     vertex  3.025196e+01 -1.139213e+00  4.500010e+00
     vertex  2.953824e+01  1.854832e-01  4.500010e+00
   endloop
 endfacet
 facet normal  0.000000e+00  0.000000e+00  1.000000e+00
   outer loop
     vertex  2.989613e+01  5.959261e-01  4.500010e+00
     vertex  3.122796e+01 -9.417146e-02  4.500010e+00
     vertex  3.130567e+01  6.923839e-02  4.500010e+00
   endloop
 endfacet
 facet normal  0.000000e+00  0.000000e+00  1.000000e+00
   outer loop
     vertex  2.989613e+01  5.959261e-01  4.500010e+00
     vertex  2.985764e+01  5.274790e-01  4.500010e+00
     vertex  3.122796e+01 -9.417146e-02  4.500010e+00
   endloop
 endfacet
 facet normal -0.000000e+00  0.000000e+00  1.000000e+00
   outer loop
     vertex  2.940413e+01  1.039302e-01  4.500010e+00
     vertex  3.025196e+01 -1.139213e+00  4.500010e+00
     vertex  2.947258e+01  1.424161e-01  4.500010e+00
   endloop
 endfacet
 facet normal  0.000000e+00  0.000000e+00  1.000000e+00
   outer loop
     vertex  2.940413e+01  1.039302e-01  4.500010e+00
     vertex  3.009423e+01 -1.227898e+00  4.500010e+00
     vertex  3.025196e+01 -1.139213e+00  4.500010e+00
   endloop
 endfacet
 facet normal -0.000000e+00  0.000000e+00  1.000000e+00
   outer loop
     vertex  2.933322e+01  7.020499e-02  4.500010e+00
     vertex  3.009423e+01 -1.227898e+00  4.500010e+00
     vertex  2.940413e+01  1.039302e-01  4.500010e+00
   endloop
 endfacet
 facet normal  0.000000e+00  0.000000e+00  1.000000e+00
   outer loop
     vertex  2.933322e+01  7.020499e-02  4.500010e+00
     vertex  2.993082e+01 -1.305612e+00  4.500010e+00
     vertex  3.009423e+01 -1.227898e+00  4.500010e+00
   endloop
 endfacet
 facet normal  0.000000e+00  0.000000e+00  1.000000e+00
   outer loop
     vertex  2.992986e+01  6.668400e-01  4.500010e+00
     vertex  3.130567e+01  6.923839e-02  4.500010e+00
     vertex  3.137205e+01  2.375707e-01  4.500010e+00
   endloop
 endfacet
 facet normal  0.000000e+00  0.000000e+00  1.000000e+00
   outer loop
     vertex  2.992986e+01  6.668400e-01  4.500010e+00
     vertex  2.989613e+01  5.959261e-01  4.500010e+00
     vertex  3.130567e+01  6.923839e-02  4.500010e+00
   endloop
 endfacet
 facet normal -0.000000e+00  0.000000e+00  1.000000e+00
   outer loop
     vertex  2.926017e+01  4.139777e-02  4.500010e+00
     vertex  2.993082e+01 -1.305612e+00  4.500010e+00
     vertex  2.933322e+01  7.020499e-02  4.500010e+00
   endloop
 endfacet
 facet normal  0.000000e+00  0.000000e+00  1.000000e+00
   outer loop
     vertex  2.926017e+01  4.139777e-02  4.500010e+00
     vertex  2.976249e+01 -1.371994e+00  4.500010e+00
     vertex  2.993082e+01 -1.305612e+00  4.500010e+00
   endloop
 endfacet
 facet normal  0.000000e+00  0.000000e+00  1.000000e+00
   outer loop
     vertex  2.926017e+01  4.139777e-02  4.500010e+00
     vertex  2.959002e+01 -1.426733e+00  4.500010e+00
     vertex  2.976249e+01 -1.371994e+00  4.500010e+00
   endloop
 endfacet
 facet normal  0.000000e+00  0.000000e+00  1.000000e+00
   outer loop
     vertex  2.995866e+01  7.398901e-01  4.500010e+00
     vertex  2.992986e+01  6.668400e-01  4.500010e+00
     vertex  3.137205e+01  2.375707e-01  4.500010e+00
   endloop
 endfacet
 facet normal  0.000000e+00  0.000000e+00  1.000000e+00
   outer loop
     vertex  2.998242e+01  8.147358e-01  4.500010e+00
     vertex  3.137205e+01  2.375707e-01  4.500010e+00
     vertex  3.142679e+01  4.100407e-01  4.500010e+00
   endloop
 endfacet
 facet normal  0.000000e+00  0.000000e+00  1.000000e+00
   outer loop
     vertex  2.998242e+01  8.147358e-01  4.500010e+00
     vertex  2.995866e+01  7.398901e-01  4.500010e+00
     vertex  3.137205e+01  2.375707e-01  4.500010e+00
   endloop
 endfacet
 facet normal -0.000000e+00  0.000000e+00  1.000000e+00
   outer loop
     vertex  2.918533e+01  1.764282e-02  4.500010e+00
     vertex  2.959002e+01 -1.426733e+00  4.500010e+00
     vertex  2.926017e+01  4.139777e-02  4.500010e+00
   endloop
 endfacet
 facet normal  0.000000e+00  0.000000e+00  1.000000e+00
   outer loop
     vertex  3.000101e+01  8.910281e-01  4.500010e+00
     vertex  3.146964e+01  5.858441e-01  4.500010e+00
     vertex  3.150038e+01  7.641613e-01  4.500010e+00
   endloop
 endfacet
 facet normal  0.000000e+00  0.000000e+00  1.000000e+00
   outer loop
     vertex  3.000101e+01  8.910281e-01  4.500010e+00
     vertex  3.142679e+01  4.100407e-01  4.500010e+00
     vertex  3.146964e+01  5.858441e-01  4.500010e+00
   endloop
 endfacet
 facet normal  0.000000e+00  0.000000e+00  1.000000e+00
   outer loop
     vertex  3.000101e+01  8.910281e-01  4.500010e+00
     vertex  2.998242e+01  8.147358e-01  4.500010e+00
     vertex  3.142679e+01  4.100407e-01  4.500010e+00
   endloop
 endfacet
 facet normal  0.000000e+00  0.000000e+00  1.000000e+00
   outer loop
     vertex  2.910903e+01 -9.491080e-04  4.500010e+00
     vertex  2.941422e+01 -1.469575e+00  4.500010e+00
     vertex  2.959002e+01 -1.426733e+00  4.500010e+00
   endloop
 endfacet
 facet normal -0.000000e+00  0.000000e+00  1.000000e+00
   outer loop
     vertex  2.910903e+01 -9.491080e-04  4.500010e+00
     vertex  2.959002e+01 -1.426733e+00  4.500010e+00
     vertex  2.918533e+01  1.764282e-02  4.500010e+00
   endloop
 endfacet
 facet normal  0.000000e+00  0.000000e+00  1.000000e+00
   outer loop
     vertex  3.001435e+01  9.684113e-01  4.500010e+00
     vertex  3.000101e+01  8.910281e-01  4.500010e+00
     vertex  3.150038e+01  7.641613e-01  4.500010e+00
   endloop
 endfacet
 facet normal -0.000000e+00  0.000000e+00  1.000000e+00
   outer loop
     vertex  2.903165e+01 -1.429132e-02  4.500010e+00
     vertex  2.941422e+01 -1.469575e+00  4.500010e+00
     vertex  2.910903e+01 -9.491080e-04  4.500010e+00
   endloop
 endfacet
 facet normal  0.000000e+00  0.000000e+00  1.000000e+00
   outer loop
     vertex  2.903165e+01 -1.429132e-02  4.500010e+00
     vertex  2.923590e+01 -1.500320e+00  4.500010e+00
     vertex  2.941422e+01 -1.469575e+00  4.500010e+00
   endloop
 endfacet
 facet normal  0.000000e+00  0.000000e+00  1.000000e+00
   outer loop
     vertex  2.903165e+01 -1.429132e-02  4.500010e+00
     vertex  2.905590e+01 -1.518825e+00  4.500010e+00
     vertex  2.923590e+01 -1.500320e+00  4.500010e+00
   endloop
 endfacet
 facet normal -0.000000e+00  0.000000e+00  1.000000e+00
   outer loop
     vertex  2.895354e+01 -2.232161e-02  4.500010e+00
     vertex  2.905590e+01 -1.518825e+00  4.500010e+00
     vertex  2.903165e+01 -1.429132e-02  4.500010e+00
   endloop
 endfacet
 facet normal  0.000000e+00  0.000000e+00  1.000000e+00
   outer loop
     vertex  3.002238e+01  1.046525e+00  4.500010e+00
     vertex  3.150038e+01  7.641613e-01  4.500010e+00
     vertex  3.151889e+01  9.441610e-01  4.500010e+00
   endloop
 endfacet
 facet normal  0.000000e+00  0.000000e+00  1.000000e+00
   outer loop
     vertex  3.002238e+01  1.046525e+00  4.500010e+00
     vertex  3.001435e+01  9.684113e-01  4.500010e+00
     vertex  3.150038e+01  7.641613e-01  4.500010e+00
   endloop
 endfacet
 facet normal -0.000000e+00  0.000000e+00  1.000000e+00
   outer loop
     vertex  3.002506e+01  1.125004e+00  4.500010e+00
     vertex  3.151889e+01  9.441610e-01  4.500010e+00
     vertex  3.152506e+01  1.125004e+00  4.500010e+00
   endloop
 endfacet
 facet normal  0.000000e+00  0.000000e+00  1.000000e+00
   outer loop
     vertex  3.002506e+01  1.125004e+00  4.500010e+00
     vertex  3.002238e+01  1.046525e+00  4.500010e+00
     vertex  3.151889e+01  9.441610e-01  4.500010e+00
   endloop
 endfacet
 facet normal  0.000000e+00  0.000000e+00  1.000000e+00
   outer loop
     vertex  2.887506e+01 -2.500254e-02  4.500010e+00
     vertex  2.887506e+01 -1.525003e+00  4.500010e+00
     vertex  2.905590e+01 -1.518825e+00  4.500010e+00
   endloop
 endfacet
 facet normal -0.000000e+00  0.000000e+00  1.000000e+00
   outer loop
     vertex  2.887506e+01 -2.500254e-02  4.500010e+00
     vertex  2.905590e+01 -1.518825e+00  4.500010e+00
     vertex  2.895354e+01 -2.232161e-02  4.500010e+00
   endloop
 endfacet
 facet normal  0.000000e+00  0.000000e+00  1.000000e+00
   outer loop
     vertex  1.125004e+00 -2.500254e-02  4.500010e+00
     vertex  1.125004e+00 -1.525003e+00  4.500010e+00
     vertex  2.887506e+01 -1.525003e+00  4.500010e+00
   endloop
 endfacet
 facet normal  0.000000e+00  0.000000e+00  1.000000e+00
   outer loop
     vertex  1.125004e+00 -2.500254e-02  4.500010e+00
     vertex  2.887506e+01 -1.525003e+00  4.500010e+00
     vertex  2.887506e+01 -2.500254e-02  4.500010e+00
   endloop
 endfacet
 facet normal  0.000000e+00  0.000000e+00  1.000000e+00
   outer loop
     vertex  1.046525e+00 -2.232161e-02  4.500010e+00
     vertex  9.441610e-01 -1.518825e+00  4.500010e+00
     vertex  1.125004e+00 -1.525003e+00  4.500010e+00
   endloop
 endfacet
 facet normal  0.000000e+00  0.000000e+00  1.000000e+00
   outer loop
     vertex  1.046525e+00 -2.232161e-02  4.500010e+00
     vertex  1.125004e+00 -1.525003e+00  4.500010e+00
     vertex  1.125004e+00 -2.500254e-02  4.500010e+00
   endloop
 endfacet
 facet normal  0.000000e+00  0.000000e+00  1.000000e+00
   outer loop
     vertex  9.684113e-01 -1.429132e-02  4.500010e+00
     vertex  9.441610e-01 -1.518825e+00  4.500010e+00
     vertex  1.046525e+00 -2.232161e-02  4.500010e+00
   endloop
 endfacet
 facet normal  0.000000e+00  0.000000e+00  1.000000e+00
   outer loop
     vertex  9.684113e-01 -1.429132e-02  4.500010e+00
     vertex  7.641613e-01 -1.500320e+00  4.500010e+00
     vertex  9.441610e-01 -1.518825e+00  4.500010e+00
   endloop
 endfacet
 facet normal  0.000000e+00  0.000000e+00  1.000000e+00
   outer loop
     vertex  8.910281e-01 -9.491080e-04  4.500010e+00
     vertex  5.858441e-01 -1.469575e+00  4.500010e+00
     vertex  7.641613e-01 -1.500320e+00  4.500010e+00
   endloop
 endfacet
 facet normal  0.000000e+00  0.000000e+00  1.000000e+00
   outer loop
     vertex  8.910281e-01 -9.491080e-04  4.500010e+00
     vertex  7.641613e-01 -1.500320e+00  4.500010e+00
     vertex  9.684113e-01 -1.429132e-02  4.500010e+00
   endloop
 endfacet
 facet normal  0.000000e+00  0.000000e+00  1.000000e+00
   outer loop
     vertex  8.147358e-01  1.764282e-02  4.500010e+00
     vertex  4.100407e-01 -1.426733e+00  4.500010e+00
     vertex  5.858441e-01 -1.469575e+00  4.500010e+00
   endloop
 endfacet
 facet normal  0.000000e+00  0.000000e+00  1.000000e+00
   outer loop
     vertex  8.147358e-01  1.764282e-02  4.500010e+00
     vertex  5.858441e-01 -1.469575e+00  4.500010e+00
     vertex  8.910281e-01 -9.491080e-04  4.500010e+00
   endloop
 endfacet
 facet normal  0.000000e+00  0.000000e+00  1.000000e+00
   outer loop
     vertex  7.398901e-01  4.139777e-02  4.500010e+00
     vertex  4.100407e-01 -1.426733e+00  4.500010e+00
     vertex  8.147358e-01  1.764282e-02  4.500010e+00
   endloop
 endfacet
 facet normal  0.000000e+00  0.000000e+00  1.000000e+00
   outer loop
     vertex  7.398901e-01  4.139777e-02  4.500010e+00
     vertex  2.375707e-01 -1.371994e+00  4.500010e+00
     vertex  4.100407e-01 -1.426733e+00  4.500010e+00
   endloop
 endfacet
 facet normal  0.000000e+00  0.000000e+00  1.000000e+00
   outer loop
     vertex  6.668400e-01  7.020499e-02  4.500010e+00
     vertex  2.375707e-01 -1.371994e+00  4.500010e+00
     vertex  7.398901e-01  4.139777e-02  4.500010e+00
   endloop
 endfacet
 facet normal  0.000000e+00  0.000000e+00  1.000000e+00
   outer loop
     vertex  6.668400e-01  7.020499e-02  4.500010e+00
     vertex  6.923839e-02 -1.305612e+00  4.500010e+00
     vertex  2.375707e-01 -1.371994e+00  4.500010e+00
   endloop
 endfacet
 facet normal  0.000000e+00  0.000000e+00  1.000000e+00
   outer loop
     vertex  5.959261e-01  1.039302e-01  4.500010e+00
     vertex  6.923839e-02 -1.305612e+00  4.500010e+00
     vertex  6.668400e-01  7.020499e-02  4.500010e+00
   endloop
 endfacet
 facet normal  0.000000e+00  0.000000e+00  1.000000e+00
   outer loop
     vertex  5.959261e-01  1.039302e-01  4.500010e+00
     vertex -9.417146e-02 -1.227898e+00  4.500010e+00
     vertex  6.923839e-02 -1.305612e+00  4.500010e+00
   endloop
 endfacet
 facet normal  0.000000e+00  0.000000e+00  1.000000e+00
   outer loop
     vertex  5.274790e-01  1.424161e-01  4.500010e+00
     vertex -9.417146e-02 -1.227898e+00  4.500010e+00
     vertex  5.959261e-01  1.039302e-01  4.500010e+00
   endloop
 endfacet
 facet normal  0.000000e+00  0.000000e+00  1.000000e+00
   outer loop
     vertex  5.274790e-01  1.424161e-01  4.500010e+00
     vertex -2.518970e-01 -1.139213e+00  4.500010e+00
     vertex -9.417146e-02 -1.227898e+00  4.500010e+00
   endloop
 endfacet
 facet normal  0.000000e+00  0.000000e+00  1.000000e+00
   outer loop
     vertex  4.618178e-01  1.854832e-01  4.500010e+00
     vertex -2.518970e-01 -1.139213e+00  4.500010e+00
     vertex  5.274790e-01  1.424161e-01  4.500010e+00
   endloop
 endfacet
 facet normal  0.000000e+00  0.000000e+00  1.000000e+00
   outer loop
     vertex  4.618178e-01  1.854832e-01  4.500010e+00
     vertex -4.032027e-01 -1.039972e+00  4.500010e+00
     vertex -2.518970e-01 -1.139213e+00  4.500010e+00
   endloop
 endfacet
 facet normal  0.000000e+00  0.000000e+00  1.000000e+00
   outer loop
     vertex  3.992487e-01  2.329309e-01  4.500010e+00
     vertex -4.032027e-01 -1.039972e+00  4.500010e+00
     vertex  4.618178e-01  1.854832e-01  4.500010e+00
   endloop
 endfacet
 facet normal  0.000000e+00  0.000000e+00  1.000000e+00
   outer loop
     vertex  3.992487e-01  2.329309e-01  4.500010e+00
     vertex -5.473832e-01 -9.306360e-01  4.500010e+00
     vertex -4.032027e-01 -1.039972e+00  4.500010e+00
   endloop
 endfacet
 facet normal  0.000000e+00  0.000000e+00  1.000000e+00
   outer loop
     vertex  3.400634e-01  2.845378e-01  4.500010e+00
     vertex -5.473832e-01 -9.306360e-01  4.500010e+00
     vertex  3.992487e-01  2.329309e-01  4.500010e+00
   endloop
 endfacet
 facet normal  0.000000e+00  0.000000e+00  1.000000e+00
   outer loop
     vertex  3.400634e-01  2.845378e-01  4.500010e+00
     vertex -6.837664e-01 -8.117161e-01  4.500010e+00
     vertex -5.473832e-01 -9.306360e-01  4.500010e+00
   endloop
 endfacet
 facet normal  0.000000e+00  0.000000e+00  1.000000e+00
   outer loop
     vertex  2.845378e-01  3.400634e-01  4.500010e+00
     vertex -6.837664e-01 -8.117161e-01  4.500010e+00
     vertex  3.400634e-01  2.845378e-01  4.500010e+00
   endloop
 endfacet
 facet normal -0.000000e+00  0.000000e+00  1.000000e+00
   outer loop
     vertex -8.117161e-01 -6.837664e-01  4.500010e+00
     vertex -6.837664e-01 -8.117161e-01  4.500010e+00
     vertex  2.845378e-01  3.400634e-01  4.500010e+00
   endloop
 endfacet
 facet normal  0.000000e+00  0.000000e+00  1.000000e+00
   outer loop
     vertex -9.306360e-01 -5.473832e-01  4.500010e+00
     vertex  2.329309e-01  3.992487e-01  4.500010e+00
     vertex  1.854832e-01  4.618178e-01  4.500010e+00
   endloop
 endfacet
 facet normal  0.000000e+00  0.000000e+00  1.000000e+00
   outer loop
     vertex -9.306360e-01 -5.473832e-01  4.500010e+00
     vertex  2.845378e-01  3.400634e-01  4.500010e+00
     vertex  2.329309e-01  3.992487e-01  4.500010e+00
   endloop
 endfacet
 facet normal -0.000000e+00  0.000000e+00  1.000000e+00
   outer loop
     vertex -9.306360e-01 -5.473832e-01  4.500010e+00
     vertex -8.117161e-01 -6.837664e-01  4.500010e+00
     vertex  2.845378e-01  3.400634e-01  4.500010e+00
   endloop
 endfacet
 facet normal -0.000000e+00  0.000000e+00  1.000000e+00
   outer loop
     vertex -1.039972e+00 -4.032027e-01  4.500010e+00
     vertex -9.306360e-01 -5.473832e-01  4.500010e+00
     vertex  1.854832e-01  4.618178e-01  4.500010e+00
   endloop
 endfacet
 facet normal  0.000000e+00  0.000000e+00  1.000000e+00
   outer loop
     vertex -1.139213e+00 -2.518970e-01  4.500010e+00
     vertex  1.854832e-01  4.618178e-01  4.500010e+00
     vertex  1.424161e-01  5.274790e-01  4.500010e+00
   endloop
 endfacet
 facet normal -0.000000e+00  0.000000e+00  1.000000e+00
   outer loop
     vertex -1.139213e+00 -2.518970e-01  4.500010e+00
     vertex -1.039972e+00 -4.032027e-01  4.500010e+00
     vertex  1.854832e-01  4.618178e-01  4.500010e+00
   endloop
 endfacet
 facet normal  0.000000e+00  0.000000e+00  1.000000e+00
   outer loop
     vertex -1.227898e+00 -9.417146e-02  4.500010e+00
     vertex  1.424161e-01  5.274790e-01  4.500010e+00
     vertex  1.039302e-01  5.959261e-01  4.500010e+00
   endloop
 endfacet
 facet normal -0.000000e+00  0.000000e+00  1.000000e+00
   outer loop
     vertex -1.227898e+00 -9.417146e-02  4.500010e+00
     vertex -1.139213e+00 -2.518970e-01  4.500010e+00
     vertex  1.424161e-01  5.274790e-01  4.500010e+00
   endloop
 endfacet
 facet normal  0.000000e+00  0.000000e+00  1.000000e+00
   outer loop
     vertex -1.305612e+00  6.923839e-02  4.500010e+00
     vertex  1.039302e-01  5.959261e-01  4.500010e+00
     vertex  7.020499e-02  6.668400e-01  4.500010e+00
   endloop
 endfacet
 facet normal -0.000000e+00  0.000000e+00  1.000000e+00
   outer loop
     vertex -1.305612e+00  6.923839e-02  4.500010e+00
     vertex -1.227898e+00 -9.417146e-02  4.500010e+00
     vertex  1.039302e-01  5.959261e-01  4.500010e+00
   endloop
 endfacet
 facet normal  0.000000e+00  0.000000e+00  1.000000e+00
   outer loop
     vertex -1.371994e+00  2.375707e-01  4.500010e+00
     vertex  4.139777e-02  7.398901e-01  4.500010e+00
     vertex  1.764282e-02  8.147358e-01  4.500010e+00
   endloop
 endfacet
 facet normal  0.000000e+00  0.000000e+00  1.000000e+00
   outer loop
     vertex -1.371994e+00  2.375707e-01  4.500010e+00
     vertex  7.020499e-02  6.668400e-01  4.500010e+00
     vertex  4.139777e-02  7.398901e-01  4.500010e+00
   endloop
 endfacet
 facet normal -0.000000e+00  0.000000e+00  1.000000e+00
   outer loop
     vertex -1.371994e+00  2.375707e-01  4.500010e+00
     vertex -1.305612e+00  6.923839e-02  4.500010e+00
     vertex  7.020499e-02  6.668400e-01  4.500010e+00
   endloop
 endfacet
 facet normal  0.000000e+00  0.000000e+00  1.000000e+00
   outer loop
     vertex -1.426733e+00  4.100407e-01  4.500010e+00
     vertex  1.764282e-02  8.147358e-01  4.500010e+00
     vertex -9.491080e-04  8.910281e-01  4.500010e+00
   endloop
 endfacet
 facet normal -0.000000e+00  0.000000e+00  1.000000e+00
   outer loop
     vertex -1.426733e+00  4.100407e-01  4.500010e+00
     vertex -1.371994e+00  2.375707e-01  4.500010e+00
     vertex  1.764282e-02  8.147358e-01  4.500010e+00
   endloop
 endfacet
 facet normal  0.000000e+00  0.000000e+00  1.000000e+00
   outer loop
     vertex -1.469575e+00  5.858441e-01  4.500010e+00
     vertex -9.491080e-04  8.910281e-01  4.500010e+00
     vertex -1.429132e-02  9.684113e-01  4.500010e+00
   endloop
 endfacet
 facet normal -0.000000e+00  0.000000e+00  1.000000e+00
   outer loop
     vertex -1.469575e+00  5.858441e-01  4.500010e+00
     vertex -1.426733e+00  4.100407e-01  4.500010e+00
     vertex -9.491080e-04  8.910281e-01  4.500010e+00
   endloop
 endfacet
 facet normal -0.000000e+00  0.000000e+00  1.000000e+00
   outer loop
     vertex -1.500320e+00  7.641613e-01  4.500010e+00
     vertex -1.469575e+00  5.858441e-01  4.500010e+00
     vertex -1.429132e-02  9.684113e-01  4.500010e+00
   endloop
 endfacet
 facet normal -0.000000e+00  0.000000e+00  1.000000e+00
   outer loop
     vertex -1.518825e+00  9.441610e-01  4.500010e+00
     vertex -1.500320e+00  7.641613e-01  4.500010e+00
     vertex -1.429132e-02  9.684113e-01  4.500010e+00
   endloop
 endfacet
 facet normal  0.000000e+00  0.000000e+00  1.000000e+00
   outer loop
     vertex -1.518825e+00  9.441610e-01  4.500010e+00
     vertex -1.429132e-02  9.684113e-01  4.500010e+00
     vertex -2.232161e-02  1.046525e+00  4.500010e+00
   endloop
 endfacet
 facet normal  0.000000e+00  0.000000e+00  1.000000e+00
   outer loop
     vertex -1.525003e+00  1.125004e+00  4.500010e+00
     vertex -1.518825e+00  9.441610e-01  4.500010e+00
     vertex -2.232161e-02  1.046525e+00  4.500010e+00
   endloop
 endfacet
 facet normal -0.000000e+00  0.000000e+00  1.000000e+00
   outer loop
     vertex -1.525003e+00  1.125004e+00  4.500010e+00
     vertex -2.232161e-02  1.046525e+00  4.500010e+00
     vertex -2.500254e-02  1.125004e+00  4.500010e+00
   endloop
 endfacet
 facet normal  0.000000e+00  0.000000e+00  1.000000e+00
   outer loop
     vertex  3.002506e+01  3.587507e+01  4.500010e+00
     vertex  3.152506e+01  3.587507e+01  4.500010e+00
     vertex  3.151889e+01  3.605592e+01  4.500010e+00
   endloop
 endfacet
 facet normal -0.000000e+00  0.000000e+00  1.000000e+00
   outer loop
     vertex  3.002506e+01  3.587507e+01  4.500010e+00
     vertex  3.152506e+01  1.125004e+00  4.500010e+00
     vertex  3.152506e+01  3.587507e+01  4.500010e+00
   endloop
 endfacet
 facet normal  0.000000e+00  0.000000e+00  1.000000e+00
   outer loop
     vertex  3.002506e+01  3.587507e+01  4.500010e+00
     vertex  3.002506e+01  1.125004e+00  4.500010e+00
     vertex  3.152506e+01  1.125004e+00  4.500010e+00
   endloop
 endfacet
 facet normal -0.000000e+00  0.000000e+00  1.000000e+00
   outer loop
     vertex  3.002238e+01  3.595355e+01  4.500010e+00
     vertex  3.002506e+01  3.587507e+01  4.500010e+00
     vertex  3.151889e+01  3.605592e+01  4.500010e+00
   endloop
 endfacet
 facet normal -0.000000e+00  0.000000e+00  1.000000e+00
   outer loop
     vertex  3.001435e+01  3.603166e+01  4.500010e+00
     vertex  3.002238e+01  3.595355e+01  4.500010e+00
     vertex  3.151889e+01  3.605592e+01  4.500010e+00
   endloop
 endfacet
 facet normal  0.000000e+00  0.000000e+00  1.000000e+00
   outer loop
     vertex  3.001435e+01  3.603166e+01  4.500010e+00
     vertex  3.151889e+01  3.605592e+01  4.500010e+00
     vertex  3.150038e+01  3.623591e+01  4.500010e+00
   endloop
 endfacet
 facet normal -0.000000e+00  0.000000e+00  1.000000e+00
   outer loop
     vertex  3.000101e+01  3.610905e+01  4.500010e+00
     vertex  3.001435e+01  3.603166e+01  4.500010e+00
     vertex  3.150038e+01  3.623591e+01  4.500010e+00
   endloop
 endfacet
 facet normal  0.000000e+00  0.000000e+00  1.000000e+00
   outer loop
     vertex  3.000101e+01  3.610905e+01  4.500010e+00
     vertex  3.150038e+01  3.623591e+01  4.500010e+00
     vertex  3.146964e+01  3.641423e+01  4.500010e+00
   endloop
 endfacet
 facet normal -0.000000e+00  0.000000e+00  1.000000e+00
   outer loop
     vertex  2.998242e+01  3.618534e+01  4.500010e+00
     vertex  3.000101e+01  3.610905e+01  4.500010e+00
     vertex  3.146964e+01  3.641423e+01  4.500010e+00
   endloop
 endfacet
 facet normal  0.000000e+00  0.000000e+00  1.000000e+00
   outer loop
     vertex  2.998242e+01  3.618534e+01  4.500010e+00
     vertex  3.146964e+01  3.641423e+01  4.500010e+00
     vertex  3.142679e+01  3.659004e+01  4.500010e+00
   endloop
 endfacet
 facet normal  0.000000e+00  0.000000e+00  1.000000e+00
   outer loop
     vertex  2.995866e+01  3.626019e+01  4.500010e+00
     vertex  3.137205e+01  3.676251e+01  4.500010e+00
     vertex  3.130567e+01  3.693084e+01  4.500010e+00
   endloop
 endfacet
 facet normal  0.000000e+00  0.000000e+00  1.000000e+00
   outer loop
     vertex  2.995866e+01  3.626019e+01  4.500010e+00
     vertex  3.142679e+01  3.659004e+01  4.500010e+00
     vertex  3.137205e+01  3.676251e+01  4.500010e+00
   endloop
 endfacet
 facet normal -0.000000e+00  0.000000e+00  1.000000e+00
   outer loop
     vertex  2.995866e+01  3.626019e+01  4.500010e+00
     vertex  2.998242e+01  3.618534e+01  4.500010e+00
     vertex  3.142679e+01  3.659004e+01  4.500010e+00
   endloop
 endfacet
 facet normal  0.000000e+00  0.000000e+00  1.000000e+00
   outer loop
     vertex  2.992986e+01  3.633324e+01  4.500010e+00
     vertex  3.130567e+01  3.693084e+01  4.500010e+00
     vertex  3.122796e+01  3.709425e+01  4.500010e+00
   endloop
 endfacet
 facet normal -0.000000e+00  0.000000e+00  1.000000e+00
   outer loop
     vertex  2.992986e+01  3.633324e+01  4.500010e+00
     vertex  2.995866e+01  3.626019e+01  4.500010e+00
     vertex  3.130567e+01  3.693084e+01  4.500010e+00
   endloop
 endfacet
 facet normal -0.000000e+00  0.000000e+00  1.000000e+00
   outer loop
     vertex  2.989613e+01  3.640415e+01  4.500010e+00
     vertex  2.992986e+01  3.633324e+01  4.500010e+00
     vertex  3.122796e+01  3.709425e+01  4.500010e+00
   endloop
 endfacet
 facet normal -0.000000e+00  0.000000e+00  1.000000e+00
   outer loop
     vertex  2.985764e+01  3.647260e+01  4.500010e+00
     vertex  2.989613e+01  3.640415e+01  4.500010e+00
     vertex  3.122796e+01  3.709425e+01  4.500010e+00
   endloop
 endfacet
 facet normal  0.000000e+00  0.000000e+00  1.000000e+00
   outer loop
     vertex  2.985764e+01  3.647260e+01  4.500010e+00
     vertex  3.122796e+01  3.709425e+01  4.500010e+00
     vertex  3.113927e+01  3.725197e+01  4.500010e+00
   endloop
 endfacet
 facet normal -0.000000e+00  0.000000e+00  1.000000e+00
   outer loop
     vertex  2.981458e+01  3.653826e+01  4.500010e+00
     vertex  2.985764e+01  3.647260e+01  4.500010e+00
     vertex  3.113927e+01  3.725197e+01  4.500010e+00
   endloop
 endfacet
 facet normal  0.000000e+00  0.000000e+00  1.000000e+00
   outer loop
     vertex  2.981458e+01  3.653826e+01  4.500010e+00
     vertex  3.113927e+01  3.725197e+01  4.500010e+00
     vertex  3.104003e+01  3.740328e+01  4.500010e+00
   endloop
 endfacet
 facet normal -0.000000e+00  0.000000e+00  1.000000e+00
   outer loop
     vertex  2.976713e+01  3.660083e+01  4.500010e+00
     vertex  2.981458e+01  3.653826e+01  4.500010e+00
     vertex  3.104003e+01  3.740328e+01  4.500010e+00
   endloop
 endfacet
 facet normal  0.000000e+00  0.000000e+00  1.000000e+00
   outer loop
     vertex  2.976713e+01  3.660083e+01  4.500010e+00
     vertex  3.104003e+01  3.740328e+01  4.500010e+00
     vertex  3.093070e+01  3.754746e+01  4.500010e+00
   endloop
 endfacet
 facet normal -0.000000e+00  0.000000e+00  1.000000e+00
   outer loop
     vertex  2.971552e+01  3.666001e+01  4.500010e+00
     vertex  2.976713e+01  3.660083e+01  4.500010e+00
     vertex  3.093070e+01  3.754746e+01  4.500010e+00
   endloop
 endfacet
 facet normal  0.000000e+00  0.000000e+00  1.000000e+00
   outer loop
     vertex  2.971552e+01  3.666001e+01  4.500010e+00
     vertex  3.093070e+01  3.754746e+01  4.500010e+00
     vertex  3.081178e+01  3.768384e+01  4.500010e+00
   endloop
 endfacet
 facet normal  0.000000e+00  0.000000e+00  1.000000e+00
   outer loop
     vertex  3.068383e+01  3.781179e+01  4.500010e+00
     vertex  2.971552e+01  3.666001e+01  4.500010e+00
     vertex  3.081178e+01  3.768384e+01  4.500010e+00
   endloop
 endfacet
 facet normal  0.000000e+00  0.000000e+00  1.000000e+00
   outer loop
     vertex  3.068383e+01  3.781179e+01  4.500010e+00
     vertex  2.966000e+01  3.671554e+01  4.500010e+00
     vertex  2.971552e+01  3.666001e+01  4.500010e+00
   endloop
 endfacet
 facet normal  0.000000e+00  0.000000e+00  1.000000e+00
   outer loop
     vertex  3.054744e+01  3.793071e+01  4.500010e+00
     vertex  2.966000e+01  3.671554e+01  4.500010e+00
     vertex  3.068383e+01  3.781179e+01  4.500010e+00
   endloop
 endfacet
 facet normal  0.000000e+00  0.000000e+00  1.000000e+00
   outer loop
     vertex  3.054744e+01  3.793071e+01  4.500010e+00
     vertex  2.960081e+01  3.676715e+01  4.500010e+00
     vertex  2.966000e+01  3.671554e+01  4.500010e+00
   endloop
 endfacet
 facet normal  0.000000e+00  0.000000e+00  1.000000e+00
   outer loop
     vertex  3.054744e+01  3.793071e+01  4.500010e+00
     vertex  2.953824e+01  3.681459e+01  4.500010e+00
     vertex  2.960081e+01  3.676715e+01  4.500010e+00
   endloop
 endfacet
 facet normal  0.000000e+00  0.000000e+00  1.000000e+00
   outer loop
     vertex  3.040326e+01  3.804005e+01  4.500010e+00
     vertex  2.953824e+01  3.681459e+01  4.500010e+00
     vertex  3.054744e+01  3.793071e+01  4.500010e+00
   endloop
 endfacet
 facet normal  0.000000e+00  0.000000e+00  1.000000e+00
   outer loop
     vertex  3.025196e+01  3.813929e+01  4.500010e+00
     vertex  2.953824e+01  3.681459e+01  4.500010e+00
     vertex  3.040326e+01  3.804005e+01  4.500010e+00
   endloop
 endfacet
 facet normal  0.000000e+00  0.000000e+00  1.000000e+00
   outer loop
     vertex  3.025196e+01  3.813929e+01  4.500010e+00
     vertex  2.947258e+01  3.685766e+01  4.500010e+00
     vertex  2.953824e+01  3.681459e+01  4.500010e+00
   endloop
 endfacet
 facet normal  0.000000e+00  0.000000e+00  1.000000e+00
   outer loop
     vertex  3.009423e+01  3.822797e+01  4.500010e+00
     vertex  2.947258e+01  3.685766e+01  4.500010e+00
     vertex  3.025196e+01  3.813929e+01  4.500010e+00
   endloop
 endfacet
 facet normal  0.000000e+00  0.000000e+00  1.000000e+00
   outer loop
     vertex  3.009423e+01  3.822797e+01  4.500010e+00
     vertex  2.940413e+01  3.689615e+01  4.500010e+00
     vertex  2.947258e+01  3.685766e+01  4.500010e+00
   endloop
 endfacet
 facet normal  0.000000e+00  0.000000e+00  1.000000e+00
   outer loop
     vertex  2.993082e+01  3.830569e+01  4.500010e+00
     vertex  2.940413e+01  3.689615e+01  4.500010e+00
     vertex  3.009423e+01  3.822797e+01  4.500010e+00
   endloop
 endfacet
 facet normal  0.000000e+00  0.000000e+00  1.000000e+00
   outer loop
     vertex  2.993082e+01  3.830569e+01  4.500010e+00
     vertex  2.933322e+01  3.692987e+01  4.500010e+00
     vertex  2.940413e+01  3.689615e+01  4.500010e+00
   endloop
 endfacet
 facet normal  0.000000e+00  0.000000e+00  1.000000e+00
   outer loop
     vertex  2.976249e+01  3.837207e+01  4.500010e+00
     vertex  2.926017e+01  3.695868e+01  4.500010e+00
     vertex  2.933322e+01  3.692987e+01  4.500010e+00
   endloop
 endfacet
 facet normal  0.000000e+00  0.000000e+00  1.000000e+00
   outer loop
     vertex  2.976249e+01  3.837207e+01  4.500010e+00
     vertex  2.933322e+01  3.692987e+01  4.500010e+00
     vertex  2.993082e+01  3.830569e+01  4.500010e+00
   endloop
 endfacet
 facet normal  0.000000e+00  0.000000e+00  1.000000e+00
   outer loop
     vertex  2.959002e+01  3.842681e+01  4.500010e+00
     vertex  2.926017e+01  3.695868e+01  4.500010e+00
     vertex  2.976249e+01  3.837207e+01  4.500010e+00
   endloop
 endfacet
 facet normal  0.000000e+00  0.000000e+00  1.000000e+00
   outer loop
     vertex  2.959002e+01  3.842681e+01  4.500010e+00
     vertex  2.918533e+01  3.698243e+01  4.500010e+00
     vertex  2.926017e+01  3.695868e+01  4.500010e+00
   endloop
 endfacet
 facet normal  0.000000e+00  0.000000e+00  1.000000e+00
   outer loop
     vertex  2.941422e+01  3.846965e+01  4.500010e+00
     vertex  2.918533e+01  3.698243e+01  4.500010e+00
     vertex  2.959002e+01  3.842681e+01  4.500010e+00
   endloop
 endfacet
 facet normal  0.000000e+00  0.000000e+00  1.000000e+00
   outer loop
     vertex  2.941422e+01  3.846965e+01  4.500010e+00
     vertex  2.910903e+01  3.700103e+01  4.500010e+00
     vertex  2.918533e+01  3.698243e+01  4.500010e+00
   endloop
 endfacet
 facet normal  0.000000e+00  0.000000e+00  1.000000e+00
   outer loop
     vertex  2.923590e+01  3.850040e+01  4.500010e+00
     vertex  2.910903e+01  3.700103e+01  4.500010e+00
     vertex  2.941422e+01  3.846965e+01  4.500010e+00
   endloop
 endfacet
 facet normal  0.000000e+00  0.000000e+00  1.000000e+00
   outer loop
     vertex  2.923590e+01  3.850040e+01  4.500010e+00
     vertex  2.903165e+01  3.701437e+01  4.500010e+00
     vertex  2.910903e+01  3.700103e+01  4.500010e+00
   endloop
 endfacet
 facet normal  0.000000e+00  0.000000e+00  1.000000e+00
   outer loop
     vertex  2.905590e+01  3.851890e+01  4.500010e+00
     vertex  2.895354e+01  3.702240e+01  4.500010e+00
     vertex  2.903165e+01  3.701437e+01  4.500010e+00
   endloop
 endfacet
 facet normal  0.000000e+00  0.000000e+00  1.000000e+00
   outer loop
     vertex  2.905590e+01  3.851890e+01  4.500010e+00
     vertex  2.903165e+01  3.701437e+01  4.500010e+00
     vertex  2.923590e+01  3.850040e+01  4.500010e+00
   endloop
 endfacet
 facet normal  0.000000e+00  0.000000e+00  1.000000e+00
   outer loop
     vertex  2.887506e+01  3.852508e+01  4.500010e+00
     vertex  2.887506e+01  3.702508e+01  4.500010e+00
     vertex  2.895354e+01  3.702240e+01  4.500010e+00
   endloop
 endfacet
 facet normal  0.000000e+00  0.000000e+00  1.000000e+00
   outer loop
     vertex  2.887506e+01  3.852508e+01  4.500010e+00
     vertex  2.895354e+01  3.702240e+01  4.500010e+00
     vertex  2.905590e+01  3.851890e+01  4.500010e+00
   endloop
 endfacet
 facet normal  0.000000e+00  0.000000e+00  1.000000e+00
   outer loop
     vertex -1.525003e+00  3.587507e+01  4.500010e+00
     vertex -1.525003e+00  1.125004e+00  4.500010e+00
     vertex -2.500254e-02  1.125004e+00  4.500010e+00
   endloop
 endfacet
 facet normal -0.000000e+00  0.000000e+00  1.000000e+00
   outer loop
     vertex -1.525003e+00  3.587507e+01  4.500010e+00
     vertex -2.500254e-02  1.125004e+00  4.500010e+00
     vertex -2.500254e-02  3.587507e+01  4.500010e+00
   endloop
 endfacet
 facet normal  0.000000e+00  0.000000e+00  1.000000e+00
   outer loop
     vertex  1.125004e+00  3.852508e+01  4.500010e+00
     vertex  1.125004e+00  3.702508e+01  4.500010e+00
     vertex  2.887506e+01  3.702508e+01  4.500010e+00
   endloop
 endfacet
 facet normal  0.000000e+00  0.000000e+00  1.000000e+00
   outer loop
     vertex  1.125004e+00  3.852508e+01  4.500010e+00
     vertex  1.046525e+00  3.702240e+01  4.500010e+00
     vertex  1.125004e+00  3.702508e+01  4.500010e+00
   endloop
 endfacet
 facet normal -0.000000e+00  0.000000e+00  1.000000e+00
   outer loop
     vertex  1.125004e+00  3.852508e+01  4.500010e+00
     vertex  2.887506e+01  3.702508e+01  4.500010e+00
     vertex  2.887506e+01  3.852508e+01  4.500010e+00
   endloop
 endfacet
 facet normal -0.000000e+00  0.000000e+00  1.000000e+00
   outer loop
     vertex  9.441610e-01  3.851890e+01  4.500010e+00
     vertex  1.046525e+00  3.702240e+01  4.500010e+00
     vertex  1.125004e+00  3.852508e+01  4.500010e+00
   endloop
 endfacet
 facet normal  0.000000e+00  0.000000e+00  1.000000e+00
   outer loop
     vertex -1.518825e+00  3.605592e+01  4.500010e+00
     vertex -1.525003e+00  3.587507e+01  4.500010e+00
     vertex -2.500254e-02  3.587507e+01  4.500010e+00
   endloop
 endfacet
 facet normal  0.000000e+00  0.000000e+00  1.000000e+00
   outer loop
     vertex -1.518825e+00  3.605592e+01  4.500010e+00
     vertex -2.500254e-02  3.587507e+01  4.500010e+00
     vertex -2.232161e-02  3.595355e+01  4.500010e+00
   endloop
 endfacet
 facet normal  0.000000e+00  0.000000e+00  1.000000e+00
   outer loop
     vertex -1.500320e+00  3.623591e+01  4.500010e+00
     vertex -1.518825e+00  3.605592e+01  4.500010e+00
     vertex -2.232161e-02  3.595355e+01  4.500010e+00
   endloop
 endfacet
 facet normal  0.000000e+00  0.000000e+00  1.000000e+00
   outer loop
     vertex -1.500320e+00  3.623591e+01  4.500010e+00
     vertex -1.429132e-02  3.603166e+01  4.500010e+00
     vertex -9.491080e-04  3.610905e+01  4.500010e+00
   endloop
 endfacet
 facet normal  0.000000e+00  0.000000e+00  1.000000e+00
   outer loop
     vertex -1.500320e+00  3.623591e+01  4.500010e+00
     vertex -2.232161e-02  3.595355e+01  4.500010e+00
     vertex -1.429132e-02  3.603166e+01  4.500010e+00
   endloop
 endfacet
 facet normal -0.000000e+00  0.000000e+00  1.000000e+00
   outer loop
     vertex  7.641613e-01  3.850040e+01  4.500010e+00
     vertex  1.046525e+00  3.702240e+01  4.500010e+00
     vertex  9.441610e-01  3.851890e+01  4.500010e+00
   endloop
 endfacet
 facet normal  0.000000e+00  0.000000e+00  1.000000e+00
   outer loop
     vertex  7.641613e-01  3.850040e+01  4.500010e+00
     vertex  9.684113e-01  3.701437e+01  4.500010e+00
     vertex  1.046525e+00  3.702240e+01  4.500010e+00
   endloop
 endfacet
 facet normal -0.000000e+00  0.000000e+00  1.000000e+00
   outer loop
     vertex  5.858441e-01  3.846965e+01  4.500010e+00
     vertex  9.684113e-01  3.701437e+01  4.500010e+00
     vertex  7.641613e-01  3.850040e+01  4.500010e+00
   endloop
 endfacet
 facet normal  0.000000e+00  0.000000e+00  1.000000e+00
   outer loop
     vertex  5.858441e-01  3.846965e+01  4.500010e+00
     vertex  8.910281e-01  3.700103e+01  4.500010e+00
     vertex  9.684113e-01  3.701437e+01  4.500010e+00
   endloop
 endfacet
 facet normal  0.000000e+00  0.000000e+00  1.000000e+00
   outer loop
     vertex  5.858441e-01  3.846965e+01  4.500010e+00
     vertex  8.147358e-01  3.698243e+01  4.500010e+00
     vertex  8.910281e-01  3.700103e+01  4.500010e+00
   endloop
 endfacet
 facet normal  0.000000e+00  0.000000e+00  1.000000e+00
   outer loop
     vertex -1.469575e+00  3.641423e+01  4.500010e+00
     vertex -1.500320e+00  3.623591e+01  4.500010e+00
     vertex -9.491080e-04  3.610905e+01  4.500010e+00
   endloop
 endfacet
 facet normal  0.000000e+00  0.000000e+00  1.000000e+00
   outer loop
     vertex -1.426733e+00  3.659004e+01  4.500010e+00
     vertex -9.491080e-04  3.610905e+01  4.500010e+00
     vertex  1.764282e-02  3.618534e+01  4.500010e+00
   endloop
 endfacet
 facet normal  0.000000e+00  0.000000e+00  1.000000e+00
   outer loop
     vertex -1.426733e+00  3.659004e+01  4.500010e+00
     vertex -1.469575e+00  3.641423e+01  4.500010e+00
     vertex -9.491080e-04  3.610905e+01  4.500010e+00
   endloop
 endfacet
 facet normal  0.000000e+00  0.000000e+00  1.000000e+00
   outer loop
     vertex  4.100407e-01  3.842681e+01  4.500010e+00
     vertex  7.398901e-01  3.695868e+01  4.500010e+00
     vertex  8.147358e-01  3.698243e+01  4.500010e+00
   endloop
 endfacet
 facet normal -0.000000e+00  0.000000e+00  1.000000e+00
   outer loop
     vertex  4.100407e-01  3.842681e+01  4.500010e+00
     vertex  8.147358e-01  3.698243e+01  4.500010e+00
     vertex  5.858441e-01  3.846965e+01  4.500010e+00
   endloop
 endfacet
 facet normal  0.000000e+00  0.000000e+00  1.000000e+00
   outer loop
     vertex -1.371994e+00  3.676251e+01  4.500010e+00
     vertex -1.426733e+00  3.659004e+01  4.500010e+00
     vertex  1.764282e-02  3.618534e+01  4.500010e+00
   endloop
 endfacet
 facet normal  0.000000e+00  0.000000e+00  1.000000e+00
   outer loop
     vertex -1.371994e+00  3.676251e+01  4.500010e+00
     vertex  1.764282e-02  3.618534e+01  4.500010e+00
     vertex  4.139777e-02  3.626019e+01  4.500010e+00
   endloop
 endfacet
 facet normal -0.000000e+00  0.000000e+00  1.000000e+00
   outer loop
     vertex  2.375707e-01  3.837207e+01  4.500010e+00
     vertex  7.398901e-01  3.695868e+01  4.500010e+00
     vertex  4.100407e-01  3.842681e+01  4.500010e+00
   endloop
 endfacet
 facet normal  0.000000e+00  0.000000e+00  1.000000e+00
   outer loop
     vertex -1.305612e+00  3.693084e+01  4.500010e+00
     vertex -1.371994e+00  3.676251e+01  4.500010e+00
     vertex  4.139777e-02  3.626019e+01  4.500010e+00
   endloop
 endfacet
 facet normal  0.000000e+00  0.000000e+00  1.000000e+00
   outer loop
     vertex -1.305612e+00  3.693084e+01  4.500010e+00
     vertex  7.020499e-02  3.633324e+01  4.500010e+00
     vertex  1.039302e-01  3.640415e+01  4.500010e+00
   endloop
 endfacet
 facet normal  0.000000e+00  0.000000e+00  1.000000e+00
   outer loop
     vertex -1.305612e+00  3.693084e+01  4.500010e+00
     vertex  4.139777e-02  3.626019e+01  4.500010e+00
     vertex  7.020499e-02  3.633324e+01  4.500010e+00
   endloop
 endfacet
 facet normal -0.000000e+00  0.000000e+00  1.000000e+00
   outer loop
     vertex  6.923839e-02  3.830569e+01  4.500010e+00
     vertex  7.398901e-01  3.695868e+01  4.500010e+00
     vertex  2.375707e-01  3.837207e+01  4.500010e+00
   endloop
 endfacet
 facet normal  0.000000e+00  0.000000e+00  1.000000e+00
   outer loop
     vertex  6.923839e-02  3.830569e+01  4.500010e+00
     vertex  6.668400e-01  3.692987e+01  4.500010e+00
     vertex  7.398901e-01  3.695868e+01  4.500010e+00
   endloop
 endfacet
 facet normal -0.000000e+00  0.000000e+00  1.000000e+00
   outer loop
     vertex -9.417146e-02  3.822797e+01  4.500010e+00
     vertex  6.668400e-01  3.692987e+01  4.500010e+00
     vertex  6.923839e-02  3.830569e+01  4.500010e+00
   endloop
 endfacet
 facet normal  0.000000e+00  0.000000e+00  1.000000e+00
   outer loop
     vertex -9.417146e-02  3.822797e+01  4.500010e+00
     vertex  5.959261e-01  3.689615e+01  4.500010e+00
     vertex  6.668400e-01  3.692987e+01  4.500010e+00
   endloop
 endfacet
 facet normal  0.000000e+00  0.000000e+00  1.000000e+00
   outer loop
     vertex -9.417146e-02  3.822797e+01  4.500010e+00
     vertex  5.274790e-01  3.685766e+01  4.500010e+00
     vertex  5.959261e-01  3.689615e+01  4.500010e+00
   endloop
 endfacet
 facet normal  0.000000e+00  0.000000e+00  1.000000e+00
   outer loop
     vertex -1.227898e+00  3.709425e+01  4.500010e+00
     vertex -1.305612e+00  3.693084e+01  4.500010e+00
     vertex  1.039302e-01  3.640415e+01  4.500010e+00
   endloop
 endfacet
 facet normal  0.000000e+00  0.000000e+00  1.000000e+00
   outer loop
     vertex -1.139213e+00  3.725197e+01  4.500010e+00
     vertex -1.227898e+00  3.709425e+01  4.500010e+00
     vertex  1.039302e-01  3.640415e+01  4.500010e+00
   endloop
 endfacet
 facet normal  0.000000e+00  0.000000e+00  1.000000e+00
   outer loop
     vertex -1.139213e+00  3.725197e+01  4.500010e+00
     vertex  1.039302e-01  3.640415e+01  4.500010e+00
     vertex  1.424161e-01  3.647260e+01  4.500010e+00
   endloop
 endfacet
 facet normal -0.000000e+00  0.000000e+00  1.000000e+00
   outer loop
     vertex -2.518970e-01  3.813929e+01  4.500010e+00
     vertex  5.274790e-01  3.685766e+01  4.500010e+00
     vertex -9.417146e-02  3.822797e+01  4.500010e+00
   endloop
 endfacet
 facet normal  0.000000e+00  0.000000e+00  1.000000e+00
   outer loop
     vertex -1.039972e+00  3.740328e+01  4.500010e+00
     vertex -1.139213e+00  3.725197e+01  4.500010e+00
     vertex  1.424161e-01  3.647260e+01  4.500010e+00
   endloop
 endfacet
 facet normal  0.000000e+00  0.000000e+00  1.000000e+00
   outer loop
     vertex -1.039972e+00  3.740328e+01  4.500010e+00
     vertex  1.424161e-01  3.647260e+01  4.500010e+00
     vertex  1.854832e-01  3.653826e+01  4.500010e+00
   endloop
 endfacet
 facet normal -0.000000e+00  0.000000e+00  1.000000e+00
   outer loop
     vertex -4.032027e-01  3.804005e+01  4.500010e+00
     vertex  5.274790e-01  3.685766e+01  4.500010e+00
     vertex -2.518970e-01  3.813929e+01  4.500010e+00
   endloop
 endfacet
 facet normal  0.000000e+00  0.000000e+00  1.000000e+00
   outer loop
     vertex -4.032027e-01  3.804005e+01  4.500010e+00
     vertex  4.618178e-01  3.681459e+01  4.500010e+00
     vertex  5.274790e-01  3.685766e+01  4.500010e+00
   endloop
 endfacet
 facet normal  0.000000e+00  0.000000e+00  1.000000e+00
   outer loop
     vertex -4.032027e-01  3.804005e+01  4.500010e+00
     vertex  3.992487e-01  3.676715e+01  4.500010e+00
     vertex  4.618178e-01  3.681459e+01  4.500010e+00
   endloop
 endfacet
 facet normal -0.000000e+00  0.000000e+00  1.000000e+00
   outer loop
     vertex -5.473832e-01  3.793071e+01  4.500010e+00
     vertex  3.992487e-01  3.676715e+01  4.500010e+00
     vertex -4.032027e-01  3.804005e+01  4.500010e+00
   endloop
 endfacet
 facet normal  0.000000e+00  0.000000e+00  1.000000e+00
   outer loop
     vertex -9.306360e-01  3.754746e+01  4.500010e+00
     vertex -1.039972e+00  3.740328e+01  4.500010e+00
     vertex  1.854832e-01  3.653826e+01  4.500010e+00
   endloop
 endfacet
 facet normal  0.000000e+00  0.000000e+00  1.000000e+00
   outer loop
     vertex -9.306360e-01  3.754746e+01  4.500010e+00
     vertex  1.854832e-01  3.653826e+01  4.500010e+00
     vertex  2.329309e-01  3.660083e+01  4.500010e+00
   endloop
 endfacet
 facet normal  0.000000e+00  0.000000e+00  1.000000e+00
   outer loop
     vertex -8.117161e-01  3.768384e+01  4.500010e+00
     vertex -9.306360e-01  3.754746e+01  4.500010e+00
     vertex  2.329309e-01  3.660083e+01  4.500010e+00
   endloop
 endfacet
 facet normal  0.000000e+00  0.000000e+00  1.000000e+00
   outer loop
     vertex -8.117161e-01  3.768384e+01  4.500010e+00
     vertex  2.329309e-01  3.660083e+01  4.500010e+00
     vertex  2.845378e-01  3.666001e+01  4.500010e+00
   endloop
 endfacet
 facet normal -0.000000e+00  0.000000e+00  1.000000e+00
   outer loop
     vertex -6.837664e-01  3.781179e+01  4.500010e+00
     vertex  3.992487e-01  3.676715e+01  4.500010e+00
     vertex -5.473832e-01  3.793071e+01  4.500010e+00
   endloop
 endfacet
 facet normal  0.000000e+00  0.000000e+00  1.000000e+00
   outer loop
     vertex -6.837664e-01  3.781179e+01  4.500010e+00
     vertex -8.117161e-01  3.768384e+01  4.500010e+00
     vertex  2.845378e-01  3.666001e+01  4.500010e+00
   endloop
 endfacet
 facet normal  0.000000e+00  0.000000e+00  1.000000e+00
   outer loop
     vertex -6.837664e-01  3.781179e+01  4.500010e+00
     vertex  3.400634e-01  3.671554e+01  4.500010e+00
     vertex  3.992487e-01  3.676715e+01  4.500010e+00
   endloop
 endfacet
 facet normal  0.000000e+00  0.000000e+00  1.000000e+00
   outer loop
     vertex -6.837664e-01  3.781179e+01  4.500010e+00
     vertex  2.845378e-01  3.666001e+01  4.500010e+00
     vertex  3.400634e-01  3.671554e+01  4.500010e+00
   endloop
 endfacet
 facet normal -9.991521e-01 -4.117180e-02 -0.000000e+00
   outer loop
     vertex  1.998309e+01  3.141143e+01  1.500003e+00
     vertex  1.998309e+01  3.141143e+01 -1.500003e+00
     vertex  2.000004e+01  3.100006e+01 -1.500003e+00
   endloop
 endfacet
 facet normal -9.991521e-01 -4.117180e-02  0.000000e+00
   outer loop
     vertex  1.998309e+01  3.141143e+01  1.500003e+00
     vertex  2.000004e+01  3.100006e+01 -1.500003e+00
     vertex  2.000004e+01  3.100006e+01  1.500003e+00
   endloop
 endfacet
 facet normal -9.921470e-01 -1.250772e-01 -0.000000e+00
   outer loop
     vertex  1.992927e+01  3.183831e+01  1.500003e+00
     vertex  1.992927e+01  3.183831e+01 -1.500003e+00
     vertex  1.998309e+01  3.141143e+01 -1.500003e+00
   endloop
 endfacet
 facet normal -9.921470e-01 -1.250772e-01  0.000000e+00
   outer loop
     vertex  1.992927e+01  3.183831e+01  1.500003e+00
     vertex  1.998309e+01  3.141143e+01 -1.500003e+00
     vertex  1.998309e+01  3.141143e+01  1.500003e+00
   endloop
 endfacet
 facet normal -9.781461e-01 -2.079188e-01 -0.000000e+00
   outer loop
     vertex  1.984405e+01  3.223926e+01  1.500003e+00
     vertex  1.984405e+01  3.223926e+01 -1.500003e+00
     vertex  1.992927e+01  3.183831e+01 -1.500003e+00
   endloop
 endfacet
 facet normal -9.781461e-01 -2.079188e-01  0.000000e+00
   outer loop
     vertex  1.984405e+01  3.223926e+01  1.500003e+00
     vertex  1.992927e+01  3.183831e+01 -1.500003e+00
     vertex  1.992927e+01  3.183831e+01  1.500003e+00
   endloop
 endfacet
 facet normal -9.578515e-01 -2.872638e-01 -0.000000e+00
   outer loop
     vertex  1.972653e+01  3.263110e+01  1.500003e+00
     vertex  1.972653e+01  3.263110e+01 -1.500003e+00
     vertex  1.984405e+01  3.223926e+01 -1.500003e+00
   endloop
 endfacet
 facet normal -9.578515e-01 -2.872638e-01  0.000000e+00
   outer loop
     vertex  1.972653e+01  3.263110e+01  1.500003e+00
     vertex  1.984405e+01  3.223926e+01 -1.500003e+00
     vertex  1.984405e+01  3.223926e+01  1.500003e+00
   endloop
 endfacet
 facet normal -9.311911e-01 -3.645315e-01 -0.000000e+00
   outer loop
     vertex  1.957769e+01  3.301130e+01  1.500003e+00
     vertex  1.957769e+01  3.301130e+01 -1.500003e+00
     vertex  1.972653e+01  3.263110e+01 -1.500003e+00
   endloop
 endfacet
 facet normal -9.311911e-01 -3.645315e-01  0.000000e+00
   outer loop
     vertex  1.957769e+01  3.301130e+01  1.500003e+00
     vertex  1.972653e+01  3.263110e+01 -1.500003e+00
     vertex  1.972653e+01  3.263110e+01  1.500003e+00
   endloop
 endfacet
 facet normal -8.983775e-01 -4.392241e-01 -0.000000e+00
   outer loop
     vertex  1.939870e+01  3.337742e+01  1.500003e+00
     vertex  1.939870e+01  3.337742e+01 -1.500003e+00
     vertex  1.957769e+01  3.301130e+01 -1.500003e+00
   endloop
 endfacet
 facet normal -8.596614e-01 -5.108643e-01 -0.000000e+00
   outer loop
     vertex  1.939870e+01  3.337742e+01  1.500003e+00
     vertex  1.919088e+01  3.372713e+01 -1.500003e+00
     vertex  1.939870e+01  3.337742e+01 -1.500003e+00
   endloop
 endfacet
 facet normal -8.983775e-01 -4.392241e-01  0.000000e+00
   outer loop
     vertex  1.939870e+01  3.337742e+01  1.500003e+00
     vertex  1.957769e+01  3.301130e+01 -1.500003e+00
     vertex  1.957769e+01  3.301130e+01  1.500003e+00
   endloop
 endfacet
 facet normal -8.596614e-01 -5.108643e-01 -0.000000e+00
   outer loop
     vertex  1.919088e+01  3.372713e+01  1.500003e+00
     vertex  1.919088e+01  3.372713e+01 -1.500003e+00
     vertex  1.939870e+01  3.337742e+01  1.500003e+00
   endloop
 endfacet
 facet normal -8.153290e-01 -5.789980e-01 -0.000000e+00
   outer loop
     vertex  1.895576e+01  3.405821e+01  1.500003e+00
     vertex  1.895576e+01  3.405821e+01 -1.500003e+00
     vertex  1.919088e+01  3.372713e+01 -1.500003e+00
   endloop
 endfacet
 facet normal -8.153290e-01 -5.789980e-01  0.000000e+00
   outer loop
     vertex  1.895576e+01  3.405821e+01  1.500003e+00
     vertex  1.919088e+01  3.372713e+01 -1.500003e+00
     vertex  1.919088e+01  3.372713e+01  1.500003e+00
   endloop
 endfacet
 facet normal -7.657005e-01 -6.431973e-01 -0.000000e+00
   outer loop
     vertex  1.869503e+01  3.436861e+01  1.500003e+00
     vertex  1.869503e+01  3.436861e+01 -1.500003e+00
     vertex  1.895576e+01  3.405821e+01 -1.500003e+00
   endloop
 endfacet
 facet normal -7.111277e-01 -7.030628e-01 -0.000000e+00
   outer loop
     vertex  1.869503e+01  3.436861e+01  1.500003e+00
     vertex  1.841050e+01  3.465640e+01 -1.500003e+00
     vertex  1.869503e+01  3.436861e+01 -1.500003e+00
   endloop
 endfacet
 facet normal -7.657005e-01 -6.431973e-01  0.000000e+00
   outer loop
     vertex  1.869503e+01  3.436861e+01  1.500003e+00
     vertex  1.895576e+01  3.405821e+01 -1.500003e+00
     vertex  1.895576e+01  3.405821e+01  1.500003e+00
   endloop
 endfacet
 facet normal -7.111277e-01 -7.030628e-01 -0.000000e+00
   outer loop
     vertex  1.841050e+01  3.465640e+01  1.500003e+00
     vertex  1.841050e+01  3.465640e+01 -1.500003e+00
     vertex  1.869503e+01  3.436861e+01  1.500003e+00
   endloop
 endfacet
 facet normal -6.519916e-01 -7.582262e-01  0.000000e+00
   outer loop
     vertex  1.810417e+01  3.491981e+01  1.500003e+00
     vertex  1.841050e+01  3.465640e+01 -1.500003e+00
     vertex  1.841050e+01  3.465640e+01  1.500003e+00
   endloop
 endfacet
 facet normal -6.519916e-01 -7.582262e-01 -0.000000e+00
   outer loop
     vertex  1.810417e+01  3.491981e+01  1.500003e+00
     vertex  1.810417e+01  3.491981e+01 -1.500003e+00
     vertex  1.841050e+01  3.465640e+01 -1.500003e+00
   endloop
 endfacet
 facet normal -5.886996e-01 -8.083519e-01 -0.000000e+00
   outer loop
     vertex  1.810417e+01  3.491981e+01  1.500003e+00
     vertex  1.777811e+01  3.515727e+01 -1.500003e+00
     vertex  1.810417e+01  3.491981e+01 -1.500003e+00
   endloop
 endfacet
 facet normal -5.886996e-01 -8.083519e-01 -0.000000e+00
   outer loop
     vertex  1.777811e+01  3.515727e+01  1.500003e+00
     vertex  1.777811e+01  3.515727e+01 -1.500003e+00
     vertex  1.810417e+01  3.491981e+01  1.500003e+00
   endloop
 endfacet
 facet normal -5.216829e-01 -8.531394e-01 -0.000000e+00
   outer loop
     vertex  1.743456e+01  3.536735e+01  1.500003e+00
     vertex  1.743456e+01  3.536735e+01 -1.500003e+00
     vertex  1.777811e+01  3.515727e+01 -1.500003e+00
   endloop
 endfacet
 facet normal -5.216829e-01 -8.531394e-01  0.000000e+00
   outer loop
     vertex  1.743456e+01  3.536735e+01  1.500003e+00
     vertex  1.777811e+01  3.515727e+01 -1.500003e+00
     vertex  1.777811e+01  3.515727e+01  1.500003e+00
   endloop
 endfacet
 facet normal -4.474084e-01 -8.943298e-01  0.000000e+00
   outer loop
     vertex  1.703513e+01  3.556717e+01  1.500003e+00
     vertex  1.743456e+01  3.536735e+01 -1.500003e+00
     vertex  1.743456e+01  3.536735e+01  1.500003e+00
   endloop
 endfacet
 facet normal -4.474084e-01 -8.943298e-01 -0.000000e+00
   outer loop
     vertex  1.703513e+01  3.556717e+01  1.500003e+00
     vertex  1.703513e+01  3.556717e+01 -1.500003e+00
     vertex  1.743456e+01  3.536735e+01 -1.500003e+00
   endloop
 endfacet
 facet normal -3.659016e-01 -9.306536e-01 -0.000000e+00
   outer loop
     vertex  1.662031e+01  3.573026e+01  1.500003e+00
     vertex  1.662031e+01  3.573026e+01 -1.500003e+00
     vertex  1.703513e+01  3.556717e+01 -1.500003e+00
   endloop
 endfacet
 facet normal -2.816520e-01 -9.595166e-01 -0.000000e+00
   outer loop
     vertex  1.662031e+01  3.573026e+01  1.500003e+00
     vertex  1.619348e+01  3.585555e+01 -1.500003e+00
     vertex  1.662031e+01  3.573026e+01 -1.500003e+00
   endloop
 endfacet
 facet normal -3.659016e-01 -9.306536e-01  0.000000e+00
   outer loop
     vertex  1.662031e+01  3.573026e+01  1.500003e+00
     vertex  1.703513e+01  3.556717e+01 -1.500003e+00
     vertex  1.703513e+01  3.556717e+01  1.500003e+00
   endloop
 endfacet
 facet normal -2.816520e-01 -9.595166e-01 -0.000000e+00
   outer loop
     vertex  1.619348e+01  3.585555e+01  1.500003e+00
     vertex  1.619348e+01  3.585555e+01 -1.500003e+00
     vertex  1.662031e+01  3.573026e+01  1.500003e+00
   endloop
 endfacet
 facet normal -1.953432e-01 -9.807350e-01 -0.000000e+00
   outer loop
     vertex  1.575809e+01  3.594227e+01  1.500003e+00
     vertex  1.575809e+01  3.594227e+01 -1.500003e+00
     vertex  1.619348e+01  3.585555e+01 -1.500003e+00
   endloop
 endfacet
 facet normal -1.953432e-01 -9.807350e-01  0.000000e+00
   outer loop
     vertex  1.575809e+01  3.594227e+01  1.500003e+00
     vertex  1.619348e+01  3.585555e+01 -1.500003e+00
     vertex  1.619348e+01  3.585555e+01  1.500003e+00
   endloop
 endfacet
 facet normal -1.076691e-01 -9.941868e-01 -0.000000e+00
   outer loop
     vertex  1.531761e+01  3.598998e+01  1.500003e+00
     vertex  1.531761e+01  3.598998e+01 -1.500003e+00
     vertex  1.575809e+01  3.594227e+01 -1.500003e+00
   endloop
 endfacet
 facet normal -1.076691e-01 -9.941868e-01  0.000000e+00
   outer loop
     vertex  1.531761e+01  3.598998e+01  1.500003e+00
     vertex  1.575809e+01  3.594227e+01 -1.500003e+00
     vertex  1.575809e+01  3.594227e+01  1.500003e+00
   endloop
 endfacet
 facet normal -1.932840e-02 -9.998132e-01 -0.000000e+00
   outer loop
     vertex  1.487555e+01  3.599852e+01  1.500003e+00
     vertex  1.487555e+01  3.599852e+01 -1.500003e+00
     vertex  1.531761e+01  3.598998e+01 -1.500003e+00
   endloop
 endfacet
 facet normal -1.932840e-02 -9.998132e-01  0.000000e+00
   outer loop
     vertex  1.487555e+01  3.599852e+01  1.500003e+00
     vertex  1.531761e+01  3.598998e+01 -1.500003e+00
     vertex  1.531761e+01  3.598998e+01  1.500003e+00
   endloop
 endfacet
 facet normal  6.898150e-02 -9.976179e-01  0.000000e+00
   outer loop
     vertex  1.443537e+01  3.596808e+01  1.500003e+00
     vertex  1.443537e+01  3.596808e+01 -1.500003e+00
     vertex  1.487555e+01  3.599852e+01 -1.500003e+00
   endloop
 endfacet
 facet normal  1.565696e-01 -9.876669e-01  0.000000e+00
   outer loop
     vertex  1.443537e+01  3.596808e+01  1.500003e+00
     vertex  1.400051e+01  3.589915e+01 -1.500003e+00
     vertex  1.443537e+01  3.596808e+01 -1.500003e+00
   endloop
 endfacet
 facet normal  6.898150e-02 -9.976179e-01  0.000000e+00
   outer loop
     vertex  1.443537e+01  3.596808e+01  1.500003e+00
     vertex  1.487555e+01  3.599852e+01 -1.500003e+00
     vertex  1.487555e+01  3.599852e+01  1.500003e+00
   endloop
 endfacet
 facet normal  1.565696e-01 -9.876669e-01  0.000000e+00
   outer loop
     vertex  1.400051e+01  3.589915e+01  1.500003e+00
     vertex  1.400051e+01  3.589915e+01 -1.500003e+00
     vertex  1.443537e+01  3.596808e+01  1.500003e+00
   endloop
 endfacet
 facet normal  2.427571e-01 -9.700871e-01  0.000000e+00
   outer loop
     vertex  1.357432e+01  3.579250e+01  1.500003e+00
     vertex  1.357432e+01  3.579250e+01 -1.500003e+00
     vertex  1.400051e+01  3.589915e+01 -1.500003e+00
   endloop
 endfacet
 facet normal  2.427571e-01 -9.700871e-01  0.000000e+00
   outer loop
     vertex  1.357432e+01  3.579250e+01  1.500003e+00
     vertex  1.400051e+01  3.589915e+01 -1.500003e+00
     vertex  1.400051e+01  3.589915e+01  1.500003e+00
   endloop
 endfacet
 facet normal  3.268825e-01 -9.450650e-01  0.000000e+00
   outer loop
     vertex  1.316005e+01  3.564921e+01  1.500003e+00
     vertex  1.316005e+01  3.564921e+01 -1.500003e+00
     vertex  1.357432e+01  3.579250e+01 -1.500003e+00
   endloop
 endfacet
 facet normal  4.083073e-01 -9.128445e-01  0.000000e+00
   outer loop
     vertex  1.316005e+01  3.564921e+01  1.500003e+00
     vertex  1.276083e+01  3.547064e+01 -1.500003e+00
     vertex  1.316005e+01  3.564921e+01 -1.500003e+00
   endloop
 endfacet
 facet normal  3.268825e-01 -9.450650e-01  0.000000e+00
   outer loop
     vertex  1.316005e+01  3.564921e+01  1.500003e+00
     vertex  1.357432e+01  3.579250e+01 -1.500003e+00
     vertex  1.357432e+01  3.579250e+01  1.500003e+00
   endloop
 endfacet
 facet normal  4.083073e-01 -9.128445e-01  0.000000e+00
   outer loop
     vertex  1.276083e+01  3.547064e+01  1.500003e+00
     vertex  1.276083e+01  3.547064e+01 -1.500003e+00
     vertex  1.316005e+01  3.564921e+01  1.500003e+00
   endloop
 endfacet
 facet normal  4.866218e-01 -8.736128e-01  0.000000e+00
   outer loop
     vertex  1.237768e+01  3.525722e+01  1.500003e+00
     vertex  1.237768e+01  3.525722e+01 -1.500003e+00
     vertex  1.276083e+01  3.547064e+01 -1.500003e+00
   endloop
 endfacet
 facet normal  5.590525e-01 -8.291323e-01  0.000000e+00
   outer loop
     vertex  1.237768e+01  3.525722e+01  1.500003e+00
     vertex  1.203658e+01  3.502722e+01 -1.500003e+00
     vertex  1.237768e+01  3.525722e+01 -1.500003e+00
   endloop
 endfacet
 facet normal  4.866218e-01 -8.736128e-01  0.000000e+00
   outer loop
     vertex  1.237768e+01  3.525722e+01  1.500003e+00
     vertex  1.276083e+01  3.547064e+01 -1.500003e+00
     vertex  1.276083e+01  3.547064e+01  1.500003e+00
   endloop
 endfacet
 facet normal  5.590525e-01 -8.291323e-01  0.000000e+00
   outer loop
     vertex  1.203658e+01  3.502722e+01  1.500003e+00
     vertex  1.203658e+01  3.502722e+01 -1.500003e+00
     vertex  1.237768e+01  3.525722e+01  1.500003e+00
   endloop
 endfacet
 facet normal  6.252536e-01 -7.804216e-01  0.000000e+00
   outer loop
     vertex  1.171621e+01  3.477055e+01  1.500003e+00
     vertex  1.171621e+01  3.477055e+01 -1.500003e+00
     vertex  1.203658e+01  3.502722e+01 -1.500003e+00
   endloop
 endfacet
 facet normal  6.871044e-01 -7.265587e-01  0.000000e+00
   outer loop
     vertex  1.171621e+01  3.477055e+01  1.500003e+00
     vertex  1.141856e+01  3.448907e+01 -1.500003e+00
     vertex  1.171621e+01  3.477055e+01 -1.500003e+00
   endloop
 endfacet
 facet normal  6.252536e-01 -7.804216e-01  0.000000e+00
   outer loop
     vertex  1.171621e+01  3.477055e+01  1.500003e+00
     vertex  1.203658e+01  3.502722e+01 -1.500003e+00
     vertex  1.203658e+01  3.502722e+01  1.500003e+00
   endloop
 endfacet
 facet normal  6.871044e-01 -7.265587e-01  0.000000e+00
   outer loop
     vertex  1.141856e+01  3.448907e+01  1.500003e+00
     vertex  1.141856e+01  3.448907e+01 -1.500003e+00
     vertex  1.171621e+01  3.477055e+01  1.500003e+00
   endloop
 endfacet
 facet normal  7.442221e-01 -6.679322e-01  0.000000e+00
   outer loop
     vertex  1.114548e+01  3.418480e+01  1.500003e+00
     vertex  1.114548e+01  3.418480e+01 -1.500003e+00
     vertex  1.141856e+01  3.448907e+01 -1.500003e+00
   endloop
 endfacet
 facet normal  7.962574e-01 -6.049580e-01  0.000000e+00
   outer loop
     vertex  1.114548e+01  3.418480e+01  1.500003e+00
     vertex  1.089862e+01  3.385988e+01 -1.500003e+00
     vertex  1.114548e+01  3.418480e+01 -1.500003e+00
   endloop
 endfacet
 facet normal  7.442221e-01 -6.679322e-01  0.000000e+00
   outer loop
     vertex  1.114548e+01  3.418480e+01  1.500003e+00
     vertex  1.141856e+01  3.448907e+01 -1.500003e+00
     vertex  1.141856e+01  3.448907e+01  1.500003e+00
   endloop
 endfacet
 facet normal  7.962574e-01 -6.049580e-01  0.000000e+00
   outer loop
     vertex  1.089862e+01  3.385988e+01  1.500003e+00
     vertex  1.089862e+01  3.385988e+01 -1.500003e+00
     vertex  1.114548e+01  3.418480e+01  1.500003e+00
   endloop
 endfacet
 facet normal  8.428961e-01 -5.380763e-01  0.000000e+00
   outer loop
     vertex  1.067946e+01  3.351656e+01  1.500003e+00
     vertex  1.067946e+01  3.351656e+01 -1.500003e+00
     vertex  1.089862e+01  3.385988e+01 -1.500003e+00
   endloop
 endfacet
 facet normal  8.428961e-01 -5.380763e-01  0.000000e+00
   outer loop
     vertex  1.067946e+01  3.351656e+01  1.500003e+00
     vertex  1.089862e+01  3.385988e+01 -1.500003e+00
     vertex  1.089862e+01  3.385988e+01  1.500003e+00
   endloop
 endfacet
 facet normal  8.838614e-01 -4.677489e-01  0.000000e+00
   outer loop
     vertex  1.048928e+01  3.315720e+01  1.500003e+00
     vertex  1.048928e+01  3.315720e+01 -1.500003e+00
     vertex  1.067946e+01  3.351656e+01 -1.500003e+00
   endloop
 endfacet
 facet normal  8.838614e-01 -4.677489e-01  0.000000e+00
   outer loop
     vertex  1.048928e+01  3.315720e+01  1.500003e+00
     vertex  1.067946e+01  3.351656e+01 -1.500003e+00
     vertex  1.067946e+01  3.351656e+01  1.500003e+00
   endloop
 endfacet
 facet normal  9.189149e-01 -3.944557e-01  0.000000e+00
   outer loop
     vertex  1.032918e+01  3.278424e+01  1.500003e+00
     vertex  1.032918e+01  3.278424e+01 -1.500003e+00
     vertex  1.048928e+01  3.315720e+01 -1.500003e+00
   endloop
 endfacet
 facet normal  9.189149e-01 -3.944557e-01  0.000000e+00
   outer loop
     vertex  1.032918e+01  3.278424e+01  1.500003e+00
     vertex  1.048928e+01  3.315720e+01 -1.500003e+00
     vertex  1.048928e+01  3.315720e+01  1.500003e+00
   endloop
 endfacet
 facet normal  9.478582e-01 -3.186925e-01  0.000000e+00
   outer loop
     vertex  1.020006e+01  3.240020e+01  1.500003e+00
     vertex  1.032918e+01  3.278424e+01 -1.500003e+00
     vertex  1.032918e+01  3.278424e+01  1.500003e+00
   endloop
 endfacet
 facet normal  9.478582e-01 -3.186925e-01  0.000000e+00
   outer loop
     vertex  1.020006e+01  3.240020e+01  1.500003e+00
     vertex  1.020006e+01  3.240020e+01 -1.500003e+00
     vertex  1.032918e+01  3.278424e+01 -1.500003e+00
   endloop
 endfacet
 facet normal  9.705334e-01 -2.409667e-01  0.000000e+00
   outer loop
     vertex  1.020006e+01  3.240020e+01  1.500003e+00
     vertex  1.010259e+01  3.200763e+01 -1.500003e+00
     vertex  1.020006e+01  3.240020e+01 -1.500003e+00
   endloop
 endfacet
 facet normal  9.705334e-01 -2.409667e-01  0.000000e+00
   outer loop
     vertex  1.010259e+01  3.200763e+01  1.500003e+00
     vertex  1.010259e+01  3.200763e+01 -1.500003e+00
     vertex  1.020006e+01  3.240020e+01  1.500003e+00
   endloop
 endfacet
 facet normal  9.868244e-01 -1.617947e-01  0.000000e+00
   outer loop
     vertex  1.003726e+01  3.160913e+01  1.500003e+00
     vertex  1.010259e+01  3.200763e+01 -1.500003e+00
     vertex  1.010259e+01  3.200763e+01  1.500003e+00
   endloop
 endfacet
 facet normal  9.868244e-01 -1.617947e-01  0.000000e+00
   outer loop
     vertex  1.003726e+01  3.160913e+01  1.500003e+00
     vertex  1.003726e+01  3.160913e+01 -1.500003e+00
     vertex  1.010259e+01  3.200763e+01 -1.500003e+00
   endloop
 endfacet
 facet normal  9.966571e-01 -8.169854e-02  0.000000e+00
   outer loop
     vertex  1.000432e+01  3.120732e+01  1.500003e+00
     vertex  1.003726e+01  3.160913e+01 -1.500003e+00
     vertex  1.003726e+01  3.160913e+01  1.500003e+00
   endloop
 endfacet
 facet normal  9.966571e-01 -8.169854e-02  0.000000e+00
   outer loop
     vertex  1.000432e+01  3.120732e+01  1.500003e+00
     vertex  1.000432e+01  3.120732e+01 -1.500003e+00
     vertex  1.003726e+01  3.160913e+01 -1.500003e+00
   endloop
 endfacet
 facet normal  9.999993e-01 -1.202080e-03  0.000000e+00
   outer loop
     vertex  1.000383e+01  3.080482e+01  1.500003e+00
     vertex  1.000432e+01  3.120732e+01 -1.500003e+00
     vertex  1.000432e+01  3.120732e+01  1.500003e+00
   endloop
 endfacet
 facet normal  9.999993e-01 -1.202080e-03  0.000000e+00
   outer loop
     vertex  1.000383e+01  3.080482e+01  1.500003e+00
     vertex  1.000383e+01  3.080482e+01 -1.500003e+00
     vertex  1.000432e+01  3.120732e+01 -1.500003e+00
   endloop
 endfacet
 facet normal  9.964982e-01  8.361380e-02  0.000000e+00
   outer loop
     vertex  1.000383e+01  3.080482e+01  1.500003e+00
     vertex  1.004116e+01  3.036000e+01 -1.500003e+00
     vertex  1.000383e+01  3.080482e+01 -1.500003e+00
   endloop
 endfacet
 facet normal  9.964982e-01  8.361380e-02  0.000000e+00
   outer loop
     vertex  1.004116e+01  3.036000e+01  1.500003e+00
     vertex  1.004116e+01  3.036000e+01 -1.500003e+00
     vertex  1.000383e+01  3.080482e+01  1.500003e+00
   endloop
 endfacet
 facet normal  9.850852e-01  1.720672e-01  0.000000e+00
   outer loop
     vertex  1.011781e+01  2.992115e+01  1.500003e+00
     vertex  1.004116e+01  3.036000e+01 -1.500003e+00
     vertex  1.004116e+01  3.036000e+01  1.500003e+00
   endloop
 endfacet
 facet normal  9.850852e-01  1.720672e-01  0.000000e+00
   outer loop
     vertex  1.011781e+01  2.992115e+01  1.500003e+00
     vertex  1.011781e+01  2.992115e+01 -1.500003e+00
     vertex  1.004116e+01  3.036000e+01 -1.500003e+00
   endloop
 endfacet
 facet normal  9.658827e-01  2.589800e-01  0.000000e+00
   outer loop
     vertex  1.023295e+01  2.949172e+01  1.500003e+00
     vertex  1.023295e+01  2.949172e+01 -1.500003e+00
     vertex  1.011781e+01  2.992115e+01 -1.500003e+00
   endloop
 endfacet
 facet normal  9.390891e-01  3.436737e-01  0.000000e+00
   outer loop
     vertex  1.023295e+01  2.949172e+01  1.500003e+00
     vertex  1.038545e+01  2.907504e+01 -1.500003e+00
     vertex  1.023295e+01  2.949172e+01 -1.500003e+00
   endloop
 endfacet
 facet normal  9.658827e-01  2.589800e-01  0.000000e+00
   outer loop
     vertex  1.023295e+01  2.949172e+01  1.500003e+00
     vertex  1.011781e+01  2.992115e+01 -1.500003e+00
     vertex  1.011781e+01  2.992115e+01  1.500003e+00
   endloop
 endfacet
 facet normal  9.390891e-01  3.436737e-01  0.000000e+00
   outer loop
     vertex  1.038545e+01  2.907504e+01  1.500003e+00
     vertex  1.038545e+01  2.907504e+01 -1.500003e+00
     vertex  1.023295e+01  2.949172e+01  1.500003e+00
   endloop
 endfacet
 facet normal  9.049616e-01  4.254933e-01  0.000000e+00
   outer loop
     vertex  1.057386e+01  2.867431e+01  1.500003e+00
     vertex  1.038545e+01  2.907504e+01 -1.500003e+00
     vertex  1.038545e+01  2.907504e+01  1.500003e+00
   endloop
 endfacet
 facet normal  9.049616e-01  4.254933e-01  0.000000e+00
   outer loop
     vertex  1.057386e+01  2.867431e+01  1.500003e+00
     vertex  1.057386e+01  2.867431e+01 -1.500003e+00
     vertex  1.038545e+01  2.907504e+01 -1.500003e+00
   endloop
 endfacet
 facet normal  8.638130e-01  5.038126e-01  0.000000e+00
   outer loop
     vertex  1.057386e+01  2.867431e+01  1.500003e+00
     vertex  1.079649e+01  2.829259e+01 -1.500003e+00
     vertex  1.057386e+01  2.867431e+01 -1.500003e+00
   endloop
 endfacet
 facet normal  8.638130e-01  5.038126e-01  0.000000e+00
   outer loop
     vertex  1.079649e+01  2.829259e+01  1.500003e+00
     vertex  1.079649e+01  2.829259e+01 -1.500003e+00
     vertex  1.057386e+01  2.867431e+01  1.500003e+00
   endloop
 endfacet
 facet normal  8.160093e-01  5.780388e-01  0.000000e+00
   outer loop
     vertex  1.105140e+01  2.793275e+01  1.500003e+00
     vertex  1.079649e+01  2.829259e+01 -1.500003e+00
     vertex  1.079649e+01  2.829259e+01  1.500003e+00
   endloop
 endfacet
 facet normal  8.160093e-01  5.780388e-01  0.000000e+00
   outer loop
     vertex  1.105140e+01  2.793275e+01  1.500003e+00
     vertex  1.105140e+01  2.793275e+01 -1.500003e+00
     vertex  1.079649e+01  2.829259e+01 -1.500003e+00
   endloop
 endfacet
 facet normal  7.619660e-01  6.476170e-01  0.000000e+00
   outer loop
     vertex  1.105140e+01  2.793275e+01  1.500003e+00
     vertex  1.133637e+01  2.759746e+01 -1.500003e+00
     vertex  1.105140e+01  2.793275e+01 -1.500003e+00
   endloop
 endfacet
 facet normal  7.021444e-01  7.120346e-01  0.000000e+00
   outer loop
     vertex  1.133637e+01  2.759746e+01  1.500003e+00
     vertex  1.164900e+01  2.728917e+01 -1.500003e+00
     vertex  1.133637e+01  2.759746e+01 -1.500003e+00
   endloop
 endfacet
 facet normal  7.619660e-01  6.476170e-01  0.000000e+00
   outer loop
     vertex  1.133637e+01  2.759746e+01  1.500003e+00
     vertex  1.133637e+01  2.759746e+01 -1.500003e+00
     vertex  1.105140e+01  2.793275e+01  1.500003e+00
   endloop
 endfacet
 facet normal  7.021444e-01  7.120346e-01  0.000000e+00
   outer loop
     vertex  1.164900e+01  2.728917e+01  1.500003e+00
     vertex  1.164900e+01  2.728917e+01 -1.500003e+00
     vertex  1.133637e+01  2.759746e+01  1.500003e+00
   endloop
 endfacet
 facet normal  6.370474e-01  7.708246e-01  0.000000e+00
   outer loop
     vertex  1.198669e+01  2.701009e+01  1.500003e+00
     vertex  1.198669e+01  2.701009e+01 -1.500003e+00
     vertex  1.164900e+01  2.728917e+01 -1.500003e+00
   endloop
 endfacet
 facet normal  6.370474e-01  7.708246e-01  0.000000e+00
   outer loop
     vertex  1.198669e+01  2.701009e+01  1.500003e+00
     vertex  1.164900e+01  2.728917e+01 -1.500003e+00
     vertex  1.164900e+01  2.728917e+01  1.500003e+00
   endloop
 endfacet
 facet normal  5.672153e-01  8.235696e-01  0.000000e+00
   outer loop
     vertex  1.234663e+01  2.676219e+01  1.500003e+00
     vertex  1.234663e+01  2.676219e+01 -1.500003e+00
     vertex  1.198669e+01  2.701009e+01 -1.500003e+00
   endloop
 endfacet
 facet normal  5.672153e-01  8.235696e-01  0.000000e+00
   outer loop
     vertex  1.234663e+01  2.676219e+01  1.500003e+00
     vertex  1.198669e+01  2.701009e+01 -1.500003e+00
     vertex  1.198669e+01  2.701009e+01  1.500003e+00
   endloop
 endfacet
 facet normal  4.925364e-01  8.702918e-01  0.000000e+00
   outer loop
     vertex  1.273291e+01  2.654358e+01  1.500003e+00
     vertex  1.273291e+01  2.654358e+01 -1.500003e+00
     vertex  1.234663e+01  2.676219e+01 -1.500003e+00
   endloop
 endfacet
 facet normal  4.163961e-01  9.091833e-01  0.000000e+00
   outer loop
     vertex  1.273291e+01  2.654358e+01  1.500003e+00
     vertex  1.310670e+01  2.637238e+01 -1.500003e+00
     vertex  1.273291e+01  2.654358e+01 -1.500003e+00
   endloop
 endfacet
 facet normal  4.925364e-01  8.702918e-01  0.000000e+00
   outer loop
     vertex  1.273291e+01  2.654358e+01  1.500003e+00
     vertex  1.234663e+01  2.676219e+01 -1.500003e+00
     vertex  1.234663e+01  2.676219e+01  1.500003e+00
   endloop
 endfacet
 facet normal  4.163961e-01  9.091833e-01  0.000000e+00
   outer loop
     vertex  1.310670e+01  2.637238e+01  1.500003e+00
     vertex  1.310670e+01  2.637238e+01 -1.500003e+00
     vertex  1.273291e+01  2.654358e+01  1.500003e+00
   endloop
 endfacet
 facet normal  3.403759e-01  9.402895e-01  0.000000e+00
   outer loop
     vertex  1.349246e+01  2.623274e+01  1.500003e+00
     vertex  1.349246e+01  2.623274e+01 -1.500003e+00
     vertex  1.310670e+01  2.637238e+01 -1.500003e+00
   endloop
 endfacet
 facet normal  3.403759e-01  9.402895e-01  0.000000e+00
   outer loop
     vertex  1.349246e+01  2.623274e+01  1.500003e+00
     vertex  1.310670e+01  2.637238e+01 -1.500003e+00
     vertex  1.310670e+01  2.637238e+01  1.500003e+00
   endloop
 endfacet
 facet normal  2.622250e-01  9.650068e-01  0.000000e+00
   outer loop
     vertex  1.388755e+01  2.612538e+01  1.500003e+00
     vertex  1.388755e+01  2.612538e+01 -1.500003e+00
     vertex  1.349246e+01  2.623274e+01 -1.500003e+00
   endloop
 endfacet
 facet normal  1.824739e-01  9.832107e-01  0.000000e+00
   outer loop
     vertex  1.388755e+01  2.612538e+01  1.500003e+00
     vertex  1.428930e+01  2.605082e+01 -1.500003e+00
     vertex  1.388755e+01  2.612538e+01 -1.500003e+00
   endloop
 endfacet
 facet normal  2.622250e-01  9.650068e-01  0.000000e+00
   outer loop
     vertex  1.388755e+01  2.612538e+01  1.500003e+00
     vertex  1.349246e+01  2.623274e+01 -1.500003e+00
     vertex  1.349246e+01  2.623274e+01  1.500003e+00
   endloop
 endfacet
 facet normal  1.016587e-01  9.948193e-01  0.000000e+00
   outer loop
     vertex  1.428930e+01  2.605082e+01  1.500003e+00
     vertex  1.469502e+01  2.600936e+01 -1.500003e+00
     vertex  1.428930e+01  2.605082e+01 -1.500003e+00
   endloop
 endfacet
 facet normal  1.824739e-01  9.832107e-01  0.000000e+00
   outer loop
     vertex  1.428930e+01  2.605082e+01  1.500003e+00
     vertex  1.428930e+01  2.605082e+01 -1.500003e+00
     vertex  1.388755e+01  2.612538e+01  1.500003e+00
   endloop
 endfacet
 facet normal  1.016587e-01  9.948193e-01  0.000000e+00
   outer loop
     vertex  1.469502e+01  2.600936e+01  1.500003e+00
     vertex  1.469502e+01  2.600936e+01 -1.500003e+00
     vertex  1.428930e+01  2.605082e+01  1.500003e+00
   endloop
 endfacet
 facet normal  2.031806e-02  9.997936e-01  0.000000e+00
   outer loop
     vertex  1.510203e+01  2.600109e+01  1.500003e+00
     vertex  1.510203e+01  2.600109e+01 -1.500003e+00
     vertex  1.469502e+01  2.600936e+01 -1.500003e+00
   endloop
 endfacet
 facet normal  2.031806e-02  9.997936e-01  0.000000e+00
   outer loop
     vertex  1.510203e+01  2.600109e+01  1.500003e+00
     vertex  1.469502e+01  2.600936e+01 -1.500003e+00
     vertex  1.469502e+01  2.600936e+01  1.500003e+00
   endloop
 endfacet
 facet normal -6.101034e-02  9.981371e-01  0.000000e+00
   outer loop
     vertex  1.550763e+01  2.602588e+01  1.500003e+00
     vertex  1.550763e+01  2.602588e+01 -1.500003e+00
     vertex  1.510203e+01  2.600109e+01 -1.500003e+00
   endloop
 endfacet
 facet normal -1.417931e-01  9.898963e-01  0.000000e+00
   outer loop
     vertex  1.550763e+01  2.602588e+01  1.500003e+00
     vertex  1.590919e+01  2.608340e+01 -1.500003e+00
     vertex  1.550763e+01  2.602588e+01 -1.500003e+00
   endloop
 endfacet
 facet normal -6.101034e-02  9.981371e-01  0.000000e+00
   outer loop
     vertex  1.550763e+01  2.602588e+01  1.500003e+00
     vertex  1.510203e+01  2.600109e+01 -1.500003e+00
     vertex  1.510203e+01  2.600109e+01  1.500003e+00
   endloop
 endfacet
 facet normal -2.215046e-01  9.751593e-01  0.000000e+00
   outer loop
     vertex  1.590919e+01  2.608340e+01  1.500003e+00
     vertex  1.630410e+01  2.617311e+01 -1.500003e+00
     vertex  1.590919e+01  2.608340e+01 -1.500003e+00
   endloop
 endfacet
 facet normal -1.417931e-01  9.898963e-01  0.000000e+00
   outer loop
     vertex  1.590919e+01  2.608340e+01  1.500003e+00
     vertex  1.590919e+01  2.608340e+01 -1.500003e+00
     vertex  1.550763e+01  2.602588e+01  1.500003e+00
   endloop
 endfacet
 facet normal -2.215046e-01  9.751593e-01  0.000000e+00
   outer loop
     vertex  1.630410e+01  2.617311e+01  1.500003e+00
     vertex  1.630410e+01  2.617311e+01 -1.500003e+00
     vertex  1.590919e+01  2.608340e+01  1.500003e+00
   endloop
 endfacet
 facet normal -2.996298e-01  9.540556e-01  0.000000e+00
   outer loop
     vertex  1.668981e+01  2.629424e+01  1.500003e+00
     vertex  1.630410e+01  2.617311e+01 -1.500003e+00
     vertex  1.630410e+01  2.617311e+01  1.500003e+00
   endloop
 endfacet
 facet normal -2.996298e-01  9.540556e-01  0.000000e+00
   outer loop
     vertex  1.668981e+01  2.629424e+01  1.500003e+00
     vertex  1.668981e+01  2.629424e+01 -1.500003e+00
     vertex  1.630410e+01  2.617311e+01 -1.500003e+00
   endloop
 endfacet
 facet normal -3.756680e-01  9.267543e-01  0.000000e+00
   outer loop
     vertex  1.706387e+01  2.644587e+01  1.500003e+00
     vertex  1.668981e+01  2.629424e+01 -1.500003e+00
     vertex  1.668981e+01  2.629424e+01  1.500003e+00
   endloop
 endfacet
 facet normal -3.756680e-01  9.267543e-01  0.000000e+00
   outer loop
     vertex  1.706387e+01  2.644587e+01  1.500003e+00
     vertex  1.706387e+01  2.644587e+01 -1.500003e+00
     vertex  1.668981e+01  2.629424e+01 -1.500003e+00
   endloop
 endfacet
 facet normal -4.491354e-01  8.934637e-01  0.000000e+00
   outer loop
     vertex  1.706387e+01  2.644587e+01  1.500003e+00
     vertex  1.742390e+01  2.662685e+01 -1.500003e+00
     vertex  1.706387e+01  2.644587e+01 -1.500003e+00
   endloop
 endfacet
 facet normal -4.491354e-01  8.934637e-01  0.000000e+00
   outer loop
     vertex  1.742390e+01  2.662685e+01  1.500003e+00
     vertex  1.742390e+01  2.662685e+01 -1.500003e+00
     vertex  1.706387e+01  2.644587e+01  1.500003e+00
   endloop
 endfacet
 facet normal -5.233806e-01  8.520990e-01  0.000000e+00
   outer loop
     vertex  1.742390e+01  2.662685e+01  1.500003e+00
     vertex  1.780474e+01  2.686077e+01 -1.500003e+00
     vertex  1.742390e+01  2.662685e+01 -1.500003e+00
   endloop
 endfacet
 facet normal -5.233806e-01  8.520990e-01  0.000000e+00
   outer loop
     vertex  1.780474e+01  2.686077e+01  1.500003e+00
     vertex  1.780474e+01  2.686077e+01 -1.500003e+00
     vertex  1.742390e+01  2.662685e+01  1.500003e+00
   endloop
 endfacet
 facet normal -5.973096e-01  8.020107e-01  0.000000e+00
   outer loop
     vertex  1.816248e+01  2.712721e+01  1.500003e+00
     vertex  1.780474e+01  2.686077e+01 -1.500003e+00
     vertex  1.780474e+01  2.686077e+01  1.500003e+00
   endloop
 endfacet
 facet normal -5.973096e-01  8.020107e-01  0.000000e+00
   outer loop
     vertex  1.816248e+01  2.712721e+01  1.500003e+00
     vertex  1.816248e+01  2.712721e+01 -1.500003e+00
     vertex  1.780474e+01  2.686077e+01 -1.500003e+00
   endloop
 endfacet
 facet normal -6.663427e-01  7.456456e-01  0.000000e+00
   outer loop
     vertex  1.849441e+01  2.742384e+01  1.500003e+00
     vertex  1.816248e+01  2.712721e+01 -1.500003e+00
     vertex  1.816248e+01  2.712721e+01  1.500003e+00
   endloop
 endfacet
 facet normal -6.663427e-01  7.456456e-01  0.000000e+00
   outer loop
     vertex  1.849441e+01  2.742384e+01  1.500003e+00
     vertex  1.849441e+01  2.742384e+01 -1.500003e+00
     vertex  1.816248e+01  2.712721e+01 -1.500003e+00
   endloop
 endfacet
 facet normal -7.299617e-01  6.834880e-01  0.000000e+00
   outer loop
     vertex  1.849441e+01  2.742384e+01  1.500003e+00
     vertex  1.879807e+01  2.774814e+01 -1.500003e+00
     vertex  1.849441e+01  2.742384e+01 -1.500003e+00
   endloop
 endfacet
 facet normal -7.299617e-01  6.834880e-01  0.000000e+00
   outer loop
     vertex  1.879807e+01  2.774814e+01  1.500003e+00
     vertex  1.879807e+01  2.774814e+01 -1.500003e+00
     vertex  1.849441e+01  2.742384e+01  1.500003e+00
   endloop
 endfacet
 facet normal -7.876961e-01  6.160640e-01  0.000000e+00
   outer loop
     vertex  1.879807e+01  2.774814e+01  1.500003e+00
     vertex  1.907122e+01  2.809739e+01 -1.500003e+00
     vertex  1.879807e+01  2.774814e+01 -1.500003e+00
   endloop
 endfacet
 facet normal -7.876961e-01  6.160640e-01  0.000000e+00
   outer loop
     vertex  1.907122e+01  2.809739e+01  1.500003e+00
     vertex  1.907122e+01  2.809739e+01 -1.500003e+00
     vertex  1.879807e+01  2.774814e+01  1.500003e+00
   endloop
 endfacet
 facet normal -8.391262e-01  5.439368e-01  0.000000e+00
   outer loop
     vertex  1.907122e+01  2.809739e+01  1.500003e+00
     vertex  1.931190e+01  2.846868e+01 -1.500003e+00
     vertex  1.907122e+01  2.809739e+01 -1.500003e+00
   endloop
 endfacet
 facet normal -8.391262e-01  5.439368e-01  0.000000e+00
   outer loop
     vertex  1.931190e+01  2.846868e+01  1.500003e+00
     vertex  1.931190e+01  2.846868e+01 -1.500003e+00
     vertex  1.907122e+01  2.809739e+01  1.500003e+00
   endloop
 endfacet
 facet normal -8.838863e-01  4.677018e-01  0.000000e+00
   outer loop
     vertex  1.951842e+01  2.885897e+01  1.500003e+00
     vertex  1.931190e+01  2.846868e+01 -1.500003e+00
     vertex  1.931190e+01  2.846868e+01  1.500003e+00
   endloop
 endfacet
 facet normal -8.838863e-01  4.677018e-01  0.000000e+00
   outer loop
     vertex  1.951842e+01  2.885897e+01  1.500003e+00
     vertex  1.951842e+01  2.885897e+01 -1.500003e+00
     vertex  1.931190e+01  2.846868e+01 -1.500003e+00
   endloop
 endfacet
 facet normal -9.216671e-01  3.879817e-01  0.000000e+00
   outer loop
     vertex  1.951842e+01  2.885897e+01  1.500003e+00
     vertex  1.968938e+01  2.926509e+01 -1.500003e+00
     vertex  1.951842e+01  2.885897e+01 -1.500003e+00
   endloop
 endfacet
 facet normal -9.216671e-01  3.879817e-01  0.000000e+00
   outer loop
     vertex  1.968938e+01  2.926509e+01  1.500003e+00
     vertex  1.968938e+01  2.926509e+01 -1.500003e+00
     vertex  1.951842e+01  2.885897e+01  1.500003e+00
   endloop
 endfacet
 facet normal -9.522174e-01  3.054212e-01  0.000000e+00
   outer loop
     vertex  1.982367e+01  2.968377e+01  1.500003e+00
     vertex  1.968938e+01  2.926509e+01 -1.500003e+00
     vertex  1.968938e+01  2.926509e+01  1.500003e+00
   endloop
 endfacet
 facet normal -9.522174e-01  3.054212e-01  0.000000e+00
   outer loop
     vertex  1.982367e+01  2.968377e+01  1.500003e+00
     vertex  1.982367e+01  2.968377e+01 -1.500003e+00
     vertex  1.968938e+01  2.926509e+01 -1.500003e+00
   endloop
 endfacet
 facet normal -9.753459e-01  2.206817e-01  0.000000e+00
   outer loop
     vertex  1.992048e+01  3.011166e+01  1.500003e+00
     vertex  1.992048e+01  3.011166e+01 -1.500003e+00
     vertex  1.982367e+01  2.968377e+01 -1.500003e+00
   endloop
 endfacet
 facet normal -9.909223e-01  1.344356e-01  0.000000e+00
   outer loop
     vertex  1.992048e+01  3.011166e+01  1.500003e+00
     vertex  1.997933e+01  3.054539e+01 -1.500003e+00
     vertex  1.992048e+01  3.011166e+01 -1.500003e+00
   endloop
 endfacet
 facet normal -9.753459e-01  2.206817e-01  0.000000e+00
   outer loop
     vertex  1.992048e+01  3.011166e+01  1.500003e+00
     vertex  1.982367e+01  2.968377e+01 -1.500003e+00
     vertex  1.982367e+01  2.968377e+01  1.500003e+00
   endloop
 endfacet
 facet normal -9.909223e-01  1.344356e-01  0.000000e+00
   outer loop
     vertex  1.997933e+01  3.054539e+01  1.500003e+00
     vertex  1.997933e+01  3.054539e+01 -1.500003e+00
     vertex  1.992048e+01  3.011166e+01  1.500003e+00
   endloop
 endfacet
 facet normal -9.976882e-01  6.795830e-02  0.000000e+00
   outer loop
     vertex  1.999499e+01  3.077533e+01  1.500003e+00
     vertex  1.997933e+01  3.054539e+01 -1.500003e+00
     vertex  1.997933e+01  3.054539e+01  1.500003e+00
   endloop
 endfacet
 facet normal -9.976882e-01  6.795830e-02  0.000000e+00
   outer loop
     vertex  1.999499e+01  3.077533e+01  1.500003e+00
     vertex  1.999499e+01  3.077533e+01 -1.500003e+00
     vertex  1.997933e+01  3.054539e+01 -1.500003e+00
   endloop
 endfacet
 facet normal -9.997473e-01  2.247916e-02  0.000000e+00
   outer loop
     vertex  1.999499e+01  3.077533e+01  1.500003e+00
     vertex  2.000004e+01  3.100006e+01 -1.500003e+00
     vertex  1.999499e+01  3.077533e+01 -1.500003e+00
   endloop
 endfacet
 facet normal -9.997473e-01  2.247916e-02  0.000000e+00
   outer loop
     vertex  2.000004e+01  3.100006e+01  1.500003e+00
     vertex  2.000004e+01  3.100006e+01 -1.500003e+00
     vertex  1.999499e+01  3.077533e+01  1.500003e+00
   endloop
 endfacet
 facet normal  9.994170e-01 -3.414111e-02  0.000000e+00
   outer loop
     vertex -2.232161e-02  3.595355e+01  1.500003e+00
     vertex -2.500254e-02  3.587507e+01  4.500010e+00
     vertex -2.500254e-02  3.587507e+01  1.500003e+00
   endloop
 endfacet
 facet normal  9.994170e-01 -3.414111e-02  0.000000e+00
   outer loop
     vertex -2.232161e-02  3.595355e+01  1.500003e+00
     vertex -2.232161e-02  3.595355e+01  4.500010e+00
     vertex -2.500254e-02  3.587507e+01  4.500010e+00
   endloop
 endfacet
 facet normal  9.947573e-01 -1.022641e-01  0.000000e+00
   outer loop
     vertex -1.429132e-02  3.603166e+01  1.500003e+00
     vertex -2.232161e-02  3.595355e+01  4.500010e+00
     vertex -2.232161e-02  3.595355e+01  1.500003e+00
   endloop
 endfacet
 facet normal  9.947573e-01 -1.022641e-01  0.000000e+00
   outer loop
     vertex -1.429132e-02  3.603166e+01  1.500003e+00
     vertex -1.429132e-02  3.603166e+01  4.500010e+00
     vertex -2.232161e-02  3.595355e+01  4.500010e+00
   endloop
 endfacet
 facet normal  9.854595e-01 -1.699104e-01  0.000000e+00
   outer loop
     vertex -1.429132e-02  3.603166e+01  1.500003e+00
     vertex -9.491080e-04  3.610905e+01  4.500010e+00
     vertex -1.429132e-02  3.603166e+01  4.500010e+00
   endloop
 endfacet
 facet normal  9.854595e-01 -1.699104e-01  0.000000e+00
   outer loop
     vertex -9.491080e-04  3.610905e+01  1.500003e+00
     vertex -9.491080e-04  3.610905e+01  4.500010e+00
     vertex -1.429132e-02  3.603166e+01  1.500003e+00
   endloop
 endfacet
 facet normal  9.715671e-01 -2.367644e-01  0.000000e+00
   outer loop
     vertex -9.491080e-04  3.610905e+01  1.500003e+00
     vertex  1.764282e-02  3.618534e+01  4.500010e+00
     vertex -9.491080e-04  3.610905e+01  4.500010e+00
   endloop
 endfacet
 facet normal  9.715671e-01 -2.367644e-01  0.000000e+00
   outer loop
     vertex  1.764282e-02  3.618534e+01  1.500003e+00
     vertex  1.764282e-02  3.618534e+01  4.500010e+00
     vertex -9.491080e-04  3.610905e+01  1.500003e+00
   endloop
 endfacet
 facet normal  9.531448e-01 -3.025146e-01  0.000000e+00
   outer loop
     vertex  4.139777e-02  3.626019e+01  1.500003e+00
     vertex  1.764282e-02  3.618534e+01  4.500010e+00
     vertex  1.764282e-02  3.618534e+01  1.500003e+00
   endloop
 endfacet
 facet normal  9.531448e-01 -3.025146e-01  0.000000e+00
   outer loop
     vertex  4.139777e-02  3.626019e+01  1.500003e+00
     vertex  4.139777e-02  3.626019e+01  4.500010e+00
     vertex  1.764282e-02  3.618534e+01  4.500010e+00
   endloop
 endfacet
 facet normal  9.302784e-01 -3.668542e-01  0.000000e+00
   outer loop
     vertex  7.020499e-02  3.633324e+01  1.500003e+00
     vertex  4.139777e-02  3.626019e+01  4.500010e+00
     vertex  4.139777e-02  3.626019e+01  1.500003e+00
   endloop
 endfacet
 facet normal  9.302784e-01 -3.668542e-01  0.000000e+00
   outer loop
     vertex  7.020499e-02  3.633324e+01  1.500003e+00
     vertex  7.020499e-02  3.633324e+01  4.500010e+00
     vertex  4.139777e-02  3.626019e+01  4.500010e+00
   endloop
 endfacet
 facet normal  9.030747e-01 -4.294834e-01  0.000000e+00
   outer loop
     vertex  1.039302e-01  3.640415e+01  1.500003e+00
     vertex  7.020499e-02  3.633324e+01  4.500010e+00
     vertex  7.020499e-02  3.633324e+01  1.500003e+00
   endloop
 endfacet
 facet normal  9.030747e-01 -4.294834e-01  0.000000e+00
   outer loop
     vertex  1.039302e-01  3.640415e+01  1.500003e+00
     vertex  1.039302e-01  3.640415e+01  4.500010e+00
     vertex  7.020499e-02  3.633324e+01  4.500010e+00
   endloop
 endfacet
 facet normal  8.716605e-01 -4.901102e-01  0.000000e+00
   outer loop
     vertex  1.039302e-01  3.640415e+01  1.500003e+00
     vertex  1.424161e-01  3.647260e+01  4.500010e+00
     vertex  1.039302e-01  3.640415e+01  4.500010e+00
   endloop
 endfacet
 facet normal  8.716605e-01 -4.901102e-01  0.000000e+00
   outer loop
     vertex  1.424161e-01  3.647260e+01  1.500003e+00
     vertex  1.424161e-01  3.647260e+01  4.500010e+00
     vertex  1.039302e-01  3.640415e+01  1.500003e+00
   endloop
 endfacet
 facet normal  8.361821e-01 -5.484519e-01  0.000000e+00
   outer loop
     vertex  1.854832e-01  3.653826e+01  1.500003e+00
     vertex  1.424161e-01  3.647260e+01  4.500010e+00
     vertex  1.424161e-01  3.647260e+01  1.500003e+00
   endloop
 endfacet
 facet normal  8.361821e-01 -5.484519e-01  0.000000e+00
   outer loop
     vertex  1.854832e-01  3.653826e+01  1.500003e+00
     vertex  1.854832e-01  3.653826e+01  4.500010e+00
     vertex  1.424161e-01  3.647260e+01  4.500010e+00
   endloop
 endfacet
 facet normal  7.968051e-01 -6.042364e-01  0.000000e+00
   outer loop
     vertex  2.329309e-01  3.660083e+01  1.500003e+00
     vertex  1.854832e-01  3.653826e+01  4.500010e+00
     vertex  1.854832e-01  3.653826e+01  1.500003e+00
   endloop
 endfacet
 facet normal  7.968051e-01 -6.042364e-01  0.000000e+00
   outer loop
     vertex  2.329309e-01  3.660083e+01  1.500003e+00
     vertex  2.329309e-01  3.660083e+01  4.500010e+00
     vertex  1.854832e-01  3.653826e+01  4.500010e+00
   endloop
 endfacet
 facet normal  7.537130e-01 -6.572037e-01  0.000000e+00
   outer loop
     vertex  2.845378e-01  3.666001e+01  1.500003e+00
     vertex  2.329309e-01  3.660083e+01  4.500010e+00
     vertex  2.329309e-01  3.660083e+01  1.500003e+00
   endloop
 endfacet
 facet normal  7.537130e-01 -6.572037e-01  0.000000e+00
   outer loop
     vertex  2.845378e-01  3.666001e+01  1.500003e+00
     vertex  2.845378e-01  3.666001e+01  4.500010e+00
     vertex  2.329309e-01  3.660083e+01  4.500010e+00
   endloop
 endfacet
 facet normal  7.071068e-01 -7.071068e-01  0.000000e+00
   outer loop
     vertex  3.400634e-01  3.671554e+01  1.500003e+00
     vertex  2.845378e-01  3.666001e+01  4.500010e+00
     vertex  2.845378e-01  3.666001e+01  1.500003e+00
   endloop
 endfacet
 facet normal  7.071068e-01 -7.071068e-01  0.000000e+00
   outer loop
     vertex  3.400634e-01  3.671554e+01  1.500003e+00
     vertex  3.400634e-01  3.671554e+01  4.500010e+00
     vertex  2.845378e-01  3.666001e+01  4.500010e+00
   endloop
 endfacet
 facet normal  6.572037e-01 -7.537130e-01  0.000000e+00
   outer loop
     vertex  3.992487e-01  3.676715e+01  1.500003e+00
     vertex  3.400634e-01  3.671554e+01  4.500010e+00
     vertex  3.400634e-01  3.671554e+01  1.500003e+00
   endloop
 endfacet
 facet normal  6.572037e-01 -7.537130e-01  0.000000e+00
   outer loop
     vertex  3.992487e-01  3.676715e+01  1.500003e+00
     vertex  3.992487e-01  3.676715e+01  4.500010e+00
     vertex  3.400634e-01  3.671554e+01  4.500010e+00
   endloop
 endfacet
 facet normal  6.042364e-01 -7.968051e-01  0.000000e+00
   outer loop
     vertex  4.618178e-01  3.681459e+01  1.500003e+00
     vertex  3.992487e-01  3.676715e+01  4.500010e+00
     vertex  3.992487e-01  3.676715e+01  1.500003e+00
   endloop
 endfacet
 facet normal  6.042364e-01 -7.968051e-01  0.000000e+00
   outer loop
     vertex  4.618178e-01  3.681459e+01  1.500003e+00
     vertex  4.618178e-01  3.681459e+01  4.500010e+00
     vertex  3.992487e-01  3.676715e+01  4.500010e+00
   endloop
 endfacet
 facet normal  5.484519e-01 -8.361821e-01  0.000000e+00
   outer loop
     vertex  4.618178e-01  3.681459e+01  1.500003e+00
     vertex  5.274790e-01  3.685766e+01  4.500010e+00
     vertex  4.618178e-01  3.681459e+01  4.500010e+00
   endloop
 endfacet
 facet normal  5.484519e-01 -8.361821e-01  0.000000e+00
   outer loop
     vertex  5.274790e-01  3.685766e+01  1.500003e+00
     vertex  5.274790e-01  3.685766e+01  4.500010e+00
     vertex  4.618178e-01  3.681459e+01  1.500003e+00
   endloop
 endfacet
 facet normal  4.901102e-01 -8.716605e-01  0.000000e+00
   outer loop
     vertex  5.959261e-01  3.689615e+01  1.500003e+00
     vertex  5.274790e-01  3.685766e+01  4.500010e+00
     vertex  5.274790e-01  3.685766e+01  1.500003e+00
   endloop
 endfacet
 facet normal  4.901102e-01 -8.716605e-01  0.000000e+00
   outer loop
     vertex  5.959261e-01  3.689615e+01  1.500003e+00
     vertex  5.959261e-01  3.689615e+01  4.500010e+00
     vertex  5.274790e-01  3.685766e+01  4.500010e+00
   endloop
 endfacet
 facet normal  4.294834e-01 -9.030747e-01  0.000000e+00
   outer loop
     vertex  6.668400e-01  3.692987e+01  1.500003e+00
     vertex  5.959261e-01  3.689615e+01  4.500010e+00
     vertex  5.959261e-01  3.689615e+01  1.500003e+00
   endloop
 endfacet
 facet normal  4.294834e-01 -9.030747e-01  0.000000e+00
   outer loop
     vertex  6.668400e-01  3.692987e+01  1.500003e+00
     vertex  6.668400e-01  3.692987e+01  4.500010e+00
     vertex  5.959261e-01  3.689615e+01  4.500010e+00
   endloop
 endfacet
 facet normal  3.668542e-01 -9.302784e-01  0.000000e+00
   outer loop
     vertex  7.398901e-01  3.695868e+01  1.500003e+00
     vertex  6.668400e-01  3.692987e+01  4.500010e+00
     vertex  6.668400e-01  3.692987e+01  1.500003e+00
   endloop
 endfacet
 facet normal  3.668542e-01 -9.302784e-01  0.000000e+00
   outer loop
     vertex  7.398901e-01  3.695868e+01  1.500003e+00
     vertex  7.398901e-01  3.695868e+01  4.500010e+00
     vertex  6.668400e-01  3.692987e+01  4.500010e+00
   endloop
 endfacet
 facet normal  3.025146e-01 -9.531448e-01  0.000000e+00
   outer loop
     vertex  8.147358e-01  3.698243e+01  1.500003e+00
     vertex  7.398901e-01  3.695868e+01  4.500010e+00
     vertex  7.398901e-01  3.695868e+01  1.500003e+00
   endloop
 endfacet
 facet normal  3.025146e-01 -9.531448e-01  0.000000e+00
   outer loop
     vertex  8.147358e-01  3.698243e+01  1.500003e+00
     vertex  8.147358e-01  3.698243e+01  4.500010e+00
     vertex  7.398901e-01  3.695868e+01  4.500010e+00
   endloop
 endfacet
 facet normal  2.367644e-01 -9.715671e-01  0.000000e+00
   outer loop
     vertex  8.147358e-01  3.698243e+01  1.500003e+00
     vertex  8.910281e-01  3.700103e+01  4.500010e+00
     vertex  8.147358e-01  3.698243e+01  4.500010e+00
   endloop
 endfacet
 facet normal  2.367644e-01 -9.715671e-01  0.000000e+00
   outer loop
     vertex  8.910281e-01  3.700103e+01  1.500003e+00
     vertex  8.910281e-01  3.700103e+01  4.500010e+00
     vertex  8.147358e-01  3.698243e+01  1.500003e+00
   endloop
 endfacet
 facet normal  1.699104e-01 -9.854595e-01  0.000000e+00
   outer loop
     vertex  9.684113e-01  3.701437e+01  1.500003e+00
     vertex  8.910281e-01  3.700103e+01  4.500010e+00
     vertex  8.910281e-01  3.700103e+01  1.500003e+00
   endloop
 endfacet
 facet normal  1.699104e-01 -9.854595e-01  0.000000e+00
   outer loop
     vertex  9.684113e-01  3.701437e+01  1.500003e+00
     vertex  9.684113e-01  3.701437e+01  4.500010e+00
     vertex  8.910281e-01  3.700103e+01  4.500010e+00
   endloop
 endfacet
 facet normal  1.022641e-01 -9.947573e-01  0.000000e+00
   outer loop
     vertex  1.046525e+00  3.702240e+01  1.500003e+00
     vertex  9.684113e-01  3.701437e+01  4.500010e+00
     vertex  9.684113e-01  3.701437e+01  1.500003e+00
   endloop
 endfacet
 facet normal  1.022641e-01 -9.947573e-01  0.000000e+00
   outer loop
     vertex  1.046525e+00  3.702240e+01  1.500003e+00
     vertex  1.046525e+00  3.702240e+01  4.500010e+00
     vertex  9.684113e-01  3.701437e+01  4.500010e+00
   endloop
 endfacet
 facet normal  3.414111e-02 -9.994170e-01  0.000000e+00
   outer loop
     vertex  1.125004e+00  3.702508e+01  1.500003e+00
     vertex  1.046525e+00  3.702240e+01  4.500010e+00
     vertex  1.046525e+00  3.702240e+01  1.500003e+00
   endloop
 endfacet
 facet normal  3.414111e-02 -9.994170e-01  0.000000e+00
   outer loop
     vertex  1.125004e+00  3.702508e+01  1.500003e+00
     vertex  1.125004e+00  3.702508e+01  4.500010e+00
     vertex  1.046525e+00  3.702240e+01  4.500010e+00
   endloop
 endfacet
 facet normal  0.000000e+00 -1.000000e+00  0.000000e+00
   outer loop
     vertex  2.887506e+01  3.702508e+01  1.500003e+00
     vertex  1.125004e+00  3.702508e+01  4.500010e+00
     vertex  1.125004e+00  3.702508e+01  1.500003e+00
   endloop
 endfacet
 facet normal  0.000000e+00 -1.000000e+00  0.000000e+00
   outer loop
     vertex  2.887506e+01  3.702508e+01  1.500003e+00
     vertex  2.887506e+01  3.702508e+01  4.500010e+00
     vertex  1.125004e+00  3.702508e+01  4.500010e+00
   endloop
 endfacet
 facet normal -3.414111e-02 -9.994170e-01  0.000000e+00
   outer loop
     vertex  2.895354e+01  3.702240e+01  1.500003e+00
     vertex  2.887506e+01  3.702508e+01  4.500010e+00
     vertex  2.887506e+01  3.702508e+01  1.500003e+00
   endloop
 endfacet
 facet normal -3.414111e-02 -9.994170e-01  0.000000e+00
   outer loop
     vertex  2.895354e+01  3.702240e+01  1.500003e+00
     vertex  2.895354e+01  3.702240e+01  4.500010e+00
     vertex  2.887506e+01  3.702508e+01  4.500010e+00
   endloop
 endfacet
 facet normal -1.022641e-01 -9.947573e-01  0.000000e+00
   outer loop
     vertex  2.903165e+01  3.701437e+01  1.500003e+00
     vertex  2.895354e+01  3.702240e+01  4.500010e+00
     vertex  2.895354e+01  3.702240e+01  1.500003e+00
   endloop
 endfacet
 facet normal -1.022641e-01 -9.947573e-01  0.000000e+00
   outer loop
     vertex  2.903165e+01  3.701437e+01  1.500003e+00
     vertex  2.903165e+01  3.701437e+01  4.500010e+00
     vertex  2.895354e+01  3.702240e+01  4.500010e+00
   endloop
 endfacet
 facet normal -1.699104e-01 -9.854595e-01  0.000000e+00
   outer loop
     vertex  2.910903e+01  3.700103e+01  1.500003e+00
     vertex  2.903165e+01  3.701437e+01  4.500010e+00
     vertex  2.903165e+01  3.701437e+01  1.500003e+00
   endloop
 endfacet
 facet normal -1.699104e-01 -9.854595e-01  0.000000e+00
   outer loop
     vertex  2.910903e+01  3.700103e+01  1.500003e+00
     vertex  2.910903e+01  3.700103e+01  4.500010e+00
     vertex  2.903165e+01  3.701437e+01  4.500010e+00
   endloop
 endfacet
 facet normal -2.367644e-01 -9.715671e-01  0.000000e+00
   outer loop
     vertex  2.918533e+01  3.698243e+01  1.500003e+00
     vertex  2.910903e+01  3.700103e+01  4.500010e+00
     vertex  2.910903e+01  3.700103e+01  1.500003e+00
   endloop
 endfacet
 facet normal -2.367644e-01 -9.715671e-01  0.000000e+00
   outer loop
     vertex  2.918533e+01  3.698243e+01  1.500003e+00
     vertex  2.918533e+01  3.698243e+01  4.500010e+00
     vertex  2.910903e+01  3.700103e+01  4.500010e+00
   endloop
 endfacet
 facet normal -3.025146e-01 -9.531448e-01  0.000000e+00
   outer loop
     vertex  2.926017e+01  3.695868e+01  1.500003e+00
     vertex  2.918533e+01  3.698243e+01  4.500010e+00
     vertex  2.918533e+01  3.698243e+01  1.500003e+00
   endloop
 endfacet
 facet normal -3.025146e-01 -9.531448e-01  0.000000e+00
   outer loop
     vertex  2.926017e+01  3.695868e+01  1.500003e+00
     vertex  2.926017e+01  3.695868e+01  4.500010e+00
     vertex  2.918533e+01  3.698243e+01  4.500010e+00
   endloop
 endfacet
 facet normal -3.668542e-01 -9.302784e-01  0.000000e+00
   outer loop
     vertex  2.933322e+01  3.692987e+01  1.500003e+00
     vertex  2.926017e+01  3.695868e+01  4.500010e+00
     vertex  2.926017e+01  3.695868e+01  1.500003e+00
   endloop
 endfacet
 facet normal -3.668542e-01 -9.302784e-01  0.000000e+00
   outer loop
     vertex  2.933322e+01  3.692987e+01  1.500003e+00
     vertex  2.933322e+01  3.692987e+01  4.500010e+00
     vertex  2.926017e+01  3.695868e+01  4.500010e+00
   endloop
 endfacet
 facet normal -4.294834e-01 -9.030747e-01  0.000000e+00
   outer loop
     vertex  2.940413e+01  3.689615e+01  1.500003e+00
     vertex  2.933322e+01  3.692987e+01  4.500010e+00
     vertex  2.933322e+01  3.692987e+01  1.500003e+00
   endloop
 endfacet
 facet normal -4.294834e-01 -9.030747e-01  0.000000e+00
   outer loop
     vertex  2.940413e+01  3.689615e+01  1.500003e+00
     vertex  2.940413e+01  3.689615e+01  4.500010e+00
     vertex  2.933322e+01  3.692987e+01  4.500010e+00
   endloop
 endfacet
 facet normal -4.901102e-01 -8.716605e-01  0.000000e+00
   outer loop
     vertex  2.940413e+01  3.689615e+01  1.500003e+00
     vertex  2.947258e+01  3.685766e+01  4.500010e+00
     vertex  2.940413e+01  3.689615e+01  4.500010e+00
   endloop
 endfacet
 facet normal -4.901102e-01 -8.716605e-01  0.000000e+00
   outer loop
     vertex  2.947258e+01  3.685766e+01  1.500003e+00
     vertex  2.947258e+01  3.685766e+01  4.500010e+00
     vertex  2.940413e+01  3.689615e+01  1.500003e+00
   endloop
 endfacet
 facet normal -5.484519e-01 -8.361821e-01  0.000000e+00
   outer loop
     vertex  2.953824e+01  3.681459e+01  1.500003e+00
     vertex  2.947258e+01  3.685766e+01  4.500010e+00
     vertex  2.947258e+01  3.685766e+01  1.500003e+00
   endloop
 endfacet
 facet normal -5.484519e-01 -8.361821e-01  0.000000e+00
   outer loop
     vertex  2.953824e+01  3.681459e+01  1.500003e+00
     vertex  2.953824e+01  3.681459e+01  4.500010e+00
     vertex  2.947258e+01  3.685766e+01  4.500010e+00
   endloop
 endfacet
 facet normal -6.042364e-01 -7.968051e-01  0.000000e+00
   outer loop
     vertex  2.960081e+01  3.676715e+01  1.500003e+00
     vertex  2.953824e+01  3.681459e+01  4.500010e+00
     vertex  2.953824e+01  3.681459e+01  1.500003e+00
   endloop
 endfacet
 facet normal -6.042364e-01 -7.968051e-01  0.000000e+00
   outer loop
     vertex  2.960081e+01  3.676715e+01  1.500003e+00
     vertex  2.960081e+01  3.676715e+01  4.500010e+00
     vertex  2.953824e+01  3.681459e+01  4.500010e+00
   endloop
 endfacet
 facet normal -6.572037e-01 -7.537130e-01  0.000000e+00
   outer loop
     vertex  2.960081e+01  3.676715e+01  1.500003e+00
     vertex  2.966000e+01  3.671554e+01  4.500010e+00
     vertex  2.960081e+01  3.676715e+01  4.500010e+00
   endloop
 endfacet
 facet normal -6.572037e-01 -7.537130e-01  0.000000e+00
   outer loop
     vertex  2.966000e+01  3.671554e+01  1.500003e+00
     vertex  2.966000e+01  3.671554e+01  4.500010e+00
     vertex  2.960081e+01  3.676715e+01  1.500003e+00
   endloop
 endfacet
 facet normal -7.071068e-01 -7.071068e-01  0.000000e+00
   outer loop
     vertex  2.966000e+01  3.671554e+01  1.500003e+00
     vertex  2.971552e+01  3.666001e+01  4.500010e+00
     vertex  2.966000e+01  3.671554e+01  4.500010e+00
   endloop
 endfacet
 facet normal -7.071068e-01 -7.071068e-01  0.000000e+00
   outer loop
     vertex  2.971552e+01  3.666001e+01  1.500003e+00
     vertex  2.971552e+01  3.666001e+01  4.500010e+00
     vertex  2.966000e+01  3.671554e+01  1.500003e+00
   endloop
 endfacet
 facet normal -7.537130e-01 -6.572037e-01  0.000000e+00
   outer loop
     vertex  2.976713e+01  3.660083e+01  1.500003e+00
     vertex  2.971552e+01  3.666001e+01  4.500010e+00
     vertex  2.971552e+01  3.666001e+01  1.500003e+00
   endloop
 endfacet
 facet normal -7.537130e-01 -6.572037e-01  0.000000e+00
   outer loop
     vertex  2.976713e+01  3.660083e+01  1.500003e+00
     vertex  2.976713e+01  3.660083e+01  4.500010e+00
     vertex  2.971552e+01  3.666001e+01  4.500010e+00
   endloop
 endfacet
 facet normal -7.968051e-01 -6.042364e-01  0.000000e+00
   outer loop
     vertex  2.981458e+01  3.653826e+01  1.500003e+00
     vertex  2.976713e+01  3.660083e+01  4.500010e+00
     vertex  2.976713e+01  3.660083e+01  1.500003e+00
   endloop
 endfacet
 facet normal -7.968051e-01 -6.042364e-01  0.000000e+00
   outer loop
     vertex  2.981458e+01  3.653826e+01  1.500003e+00
     vertex  2.981458e+01  3.653826e+01  4.500010e+00
     vertex  2.976713e+01  3.660083e+01  4.500010e+00
   endloop
 endfacet
 facet normal -8.361821e-01 -5.484519e-01  0.000000e+00
   outer loop
     vertex  2.985764e+01  3.647260e+01  1.500003e+00
     vertex  2.981458e+01  3.653826e+01  4.500010e+00
     vertex  2.981458e+01  3.653826e+01  1.500003e+00
   endloop
 endfacet
 facet normal -8.361821e-01 -5.484519e-01  0.000000e+00
   outer loop
     vertex  2.985764e+01  3.647260e+01  1.500003e+00
     vertex  2.985764e+01  3.647260e+01  4.500010e+00
     vertex  2.981458e+01  3.653826e+01  4.500010e+00
   endloop
 endfacet
 facet normal -8.716605e-01 -4.901102e-01  0.000000e+00
   outer loop
     vertex  2.985764e+01  3.647260e+01  1.500003e+00
     vertex  2.989613e+01  3.640415e+01  4.500010e+00
     vertex  2.985764e+01  3.647260e+01  4.500010e+00
   endloop
 endfacet
 facet normal -8.716605e-01 -4.901102e-01  0.000000e+00
   outer loop
     vertex  2.989613e+01  3.640415e+01  1.500003e+00
     vertex  2.989613e+01  3.640415e+01  4.500010e+00
     vertex  2.985764e+01  3.647260e+01  1.500003e+00
   endloop
 endfacet
 facet normal -9.030747e-01 -4.294834e-01  0.000000e+00
   outer loop
     vertex  2.992986e+01  3.633324e+01  1.500003e+00
     vertex  2.989613e+01  3.640415e+01  4.500010e+00
     vertex  2.989613e+01  3.640415e+01  1.500003e+00
   endloop
 endfacet
 facet normal -9.030747e-01 -4.294834e-01  0.000000e+00
   outer loop
     vertex  2.992986e+01  3.633324e+01  1.500003e+00
     vertex  2.992986e+01  3.633324e+01  4.500010e+00
     vertex  2.989613e+01  3.640415e+01  4.500010e+00
   endloop
 endfacet
 facet normal -9.302784e-01 -3.668542e-01  0.000000e+00
   outer loop
     vertex  2.995866e+01  3.626019e+01  1.500003e+00
     vertex  2.992986e+01  3.633324e+01  4.500010e+00
     vertex  2.992986e+01  3.633324e+01  1.500003e+00
   endloop
 endfacet
 facet normal -9.302784e-01 -3.668542e-01  0.000000e+00
   outer loop
     vertex  2.995866e+01  3.626019e+01  1.500003e+00
     vertex  2.995866e+01  3.626019e+01  4.500010e+00
     vertex  2.992986e+01  3.633324e+01  4.500010e+00
   endloop
 endfacet
 facet normal -9.531448e-01 -3.025146e-01  0.000000e+00
   outer loop
     vertex  2.998242e+01  3.618534e+01  1.500003e+00
     vertex  2.995866e+01  3.626019e+01  4.500010e+00
     vertex  2.995866e+01  3.626019e+01  1.500003e+00
   endloop
 endfacet
 facet normal -9.531448e-01 -3.025146e-01  0.000000e+00
   outer loop
     vertex  2.998242e+01  3.618534e+01  1.500003e+00
     vertex  2.998242e+01  3.618534e+01  4.500010e+00
     vertex  2.995866e+01  3.626019e+01  4.500010e+00
   endloop
 endfacet
 facet normal -9.715671e-01 -2.367644e-01  0.000000e+00
   outer loop
     vertex  3.000101e+01  3.610905e+01  1.500003e+00
     vertex  2.998242e+01  3.618534e+01  4.500010e+00
     vertex  2.998242e+01  3.618534e+01  1.500003e+00
   endloop
 endfacet
 facet normal -9.715671e-01 -2.367644e-01  0.000000e+00
   outer loop
     vertex  3.000101e+01  3.610905e+01  1.500003e+00
     vertex  3.000101e+01  3.610905e+01  4.500010e+00
     vertex  2.998242e+01  3.618534e+01  4.500010e+00
   endloop
 endfacet
 facet normal -9.854595e-01 -1.699104e-01  0.000000e+00
   outer loop
     vertex  3.001435e+01  3.603166e+01  1.500003e+00
     vertex  3.000101e+01  3.610905e+01  4.500010e+00
     vertex  3.000101e+01  3.610905e+01  1.500003e+00
   endloop
 endfacet
 facet normal -9.854595e-01 -1.699104e-01  0.000000e+00
   outer loop
     vertex  3.001435e+01  3.603166e+01  1.500003e+00
     vertex  3.001435e+01  3.603166e+01  4.500010e+00
     vertex  3.000101e+01  3.610905e+01  4.500010e+00
   endloop
 endfacet
 facet normal -9.947573e-01 -1.022641e-01  0.000000e+00
   outer loop
     vertex  3.002238e+01  3.595355e+01  1.500003e+00
     vertex  3.001435e+01  3.603166e+01  4.500010e+00
     vertex  3.001435e+01  3.603166e+01  1.500003e+00
   endloop
 endfacet
 facet normal -9.947573e-01 -1.022641e-01  0.000000e+00
   outer loop
     vertex  3.002238e+01  3.595355e+01  1.500003e+00
     vertex  3.002238e+01  3.595355e+01  4.500010e+00
     vertex  3.001435e+01  3.603166e+01  4.500010e+00
   endloop
 endfacet
 facet normal -9.994170e-01 -3.414111e-02  0.000000e+00
   outer loop
     vertex  3.002506e+01  3.587507e+01  1.500003e+00
     vertex  3.002238e+01  3.595355e+01  4.500010e+00
     vertex  3.002238e+01  3.595355e+01  1.500003e+00
   endloop
 endfacet
 facet normal -9.994170e-01 -3.414111e-02  0.000000e+00
   outer loop
     vertex  3.002506e+01  3.587507e+01  1.500003e+00
     vertex  3.002506e+01  3.587507e+01  4.500010e+00
     vertex  3.002238e+01  3.595355e+01  4.500010e+00
   endloop
 endfacet
 facet normal -1.000000e+00  0.000000e+00  0.000000e+00
   outer loop
     vertex  3.002506e+01  1.125004e+00  1.500003e+00
     vertex  3.002506e+01  3.587507e+01  4.500010e+00
     vertex  3.002506e+01  3.587507e+01  1.500003e+00
   endloop
 endfacet
 facet normal -1.000000e+00  0.000000e+00  0.000000e+00
   outer loop
     vertex  3.002506e+01  1.125004e+00  1.500003e+00
     vertex  3.002506e+01  1.125004e+00  4.500010e+00
     vertex  3.002506e+01  3.587507e+01  4.500010e+00
   endloop
 endfacet
 facet normal -9.994170e-01  3.414111e-02  0.000000e+00
   outer loop
     vertex  3.002238e+01  1.046525e+00  1.500003e+00
     vertex  3.002506e+01  1.125004e+00  4.500010e+00
     vertex  3.002506e+01  1.125004e+00  1.500003e+00
   endloop
 endfacet
 facet normal -9.994170e-01  3.414111e-02  0.000000e+00
   outer loop
     vertex  3.002238e+01  1.046525e+00  1.500003e+00
     vertex  3.002238e+01  1.046525e+00  4.500010e+00
     vertex  3.002506e+01  1.125004e+00  4.500010e+00
   endloop
 endfacet
 facet normal -9.947573e-01  1.022641e-01  0.000000e+00
   outer loop
     vertex  3.001435e+01  9.684113e-01  1.500003e+00
     vertex  3.002238e+01  1.046525e+00  4.500010e+00
     vertex  3.002238e+01  1.046525e+00  1.500003e+00
   endloop
 endfacet
 facet normal -9.947573e-01  1.022641e-01  0.000000e+00
   outer loop
     vertex  3.001435e+01  9.684113e-01  1.500003e+00
     vertex  3.001435e+01  9.684113e-01  4.500010e+00
     vertex  3.002238e+01  1.046525e+00  4.500010e+00
   endloop
 endfacet
 facet normal -9.854595e-01  1.699104e-01  0.000000e+00
   outer loop
     vertex  3.000101e+01  8.910281e-01  1.500003e+00
     vertex  3.001435e+01  9.684113e-01  4.500010e+00
     vertex  3.001435e+01  9.684113e-01  1.500003e+00
   endloop
 endfacet
 facet normal -9.854595e-01  1.699104e-01  0.000000e+00
   outer loop
     vertex  3.000101e+01  8.910281e-01  1.500003e+00
     vertex  3.000101e+01  8.910281e-01  4.500010e+00
     vertex  3.001435e+01  9.684113e-01  4.500010e+00
   endloop
 endfacet
 facet normal -9.715671e-01  2.367644e-01  0.000000e+00
   outer loop
     vertex  3.000101e+01  8.910281e-01  1.500003e+00
     vertex  2.998242e+01  8.147358e-01  4.500010e+00
     vertex  3.000101e+01  8.910281e-01  4.500010e+00
   endloop
 endfacet
 facet normal -9.715671e-01  2.367644e-01  0.000000e+00
   outer loop
     vertex  2.998242e+01  8.147358e-01  1.500003e+00
     vertex  2.998242e+01  8.147358e-01  4.500010e+00
     vertex  3.000101e+01  8.910281e-01  1.500003e+00
   endloop
 endfacet
 facet normal -9.531448e-01  3.025146e-01  0.000000e+00
   outer loop
     vertex  2.995866e+01  7.398901e-01  1.500003e+00
     vertex  2.998242e+01  8.147358e-01  4.500010e+00
     vertex  2.998242e+01  8.147358e-01  1.500003e+00
   endloop
 endfacet
 facet normal -9.531448e-01  3.025146e-01  0.000000e+00
   outer loop
     vertex  2.995866e+01  7.398901e-01  1.500003e+00
     vertex  2.995866e+01  7.398901e-01  4.500010e+00
     vertex  2.998242e+01  8.147358e-01  4.500010e+00
   endloop
 endfacet
 facet normal -9.302784e-01  3.668542e-01  0.000000e+00
   outer loop
     vertex  2.992986e+01  6.668400e-01  1.500003e+00
     vertex  2.995866e+01  7.398901e-01  4.500010e+00
     vertex  2.995866e+01  7.398901e-01  1.500003e+00
   endloop
 endfacet
 facet normal -9.302784e-01  3.668542e-01  0.000000e+00
   outer loop
     vertex  2.992986e+01  6.668400e-01  1.500003e+00
     vertex  2.992986e+01  6.668400e-01  4.500010e+00
     vertex  2.995866e+01  7.398901e-01  4.500010e+00
   endloop
 endfacet
 facet normal -9.030747e-01  4.294834e-01  0.000000e+00
   outer loop
     vertex  2.989613e+01  5.959261e-01  1.500003e+00
     vertex  2.992986e+01  6.668400e-01  4.500010e+00
     vertex  2.992986e+01  6.668400e-01  1.500003e+00
   endloop
 endfacet
 facet normal -9.030747e-01  4.294834e-01  0.000000e+00
   outer loop
     vertex  2.989613e+01  5.959261e-01  1.500003e+00
     vertex  2.989613e+01  5.959261e-01  4.500010e+00
     vertex  2.992986e+01  6.668400e-01  4.500010e+00
   endloop
 endfacet
 facet normal -8.716605e-01  4.901102e-01  0.000000e+00
   outer loop
     vertex  2.989613e+01  5.959261e-01  1.500003e+00
     vertex  2.985764e+01  5.274790e-01  4.500010e+00
     vertex  2.989613e+01  5.959261e-01  4.500010e+00
   endloop
 endfacet
 facet normal -8.716605e-01  4.901102e-01  0.000000e+00
   outer loop
     vertex  2.985764e+01  5.274790e-01  1.500003e+00
     vertex  2.985764e+01  5.274790e-01  4.500010e+00
     vertex  2.989613e+01  5.959261e-01  1.500003e+00
   endloop
 endfacet
 facet normal -8.361821e-01  5.484519e-01  0.000000e+00
   outer loop
     vertex  2.985764e+01  5.274790e-01  1.500003e+00
     vertex  2.981458e+01  4.618178e-01  4.500010e+00
     vertex  2.985764e+01  5.274790e-01  4.500010e+00
   endloop
 endfacet
 facet normal -8.361821e-01  5.484519e-01  0.000000e+00
   outer loop
     vertex  2.981458e+01  4.618178e-01  1.500003e+00
     vertex  2.981458e+01  4.618178e-01  4.500010e+00
     vertex  2.985764e+01  5.274790e-01  1.500003e+00
   endloop
 endfacet
 facet normal -7.968051e-01  6.042364e-01  0.000000e+00
   outer loop
     vertex  2.976713e+01  3.992487e-01  1.500003e+00
     vertex  2.981458e+01  4.618178e-01  4.500010e+00
     vertex  2.981458e+01  4.618178e-01  1.500003e+00
   endloop
 endfacet
 facet normal -7.968051e-01  6.042364e-01  0.000000e+00
   outer loop
     vertex  2.976713e+01  3.992487e-01  1.500003e+00
     vertex  2.976713e+01  3.992487e-01  4.500010e+00
     vertex  2.981458e+01  4.618178e-01  4.500010e+00
   endloop
 endfacet
 facet normal -7.537130e-01  6.572037e-01  0.000000e+00
   outer loop
     vertex  2.971552e+01  3.400634e-01  1.500003e+00
     vertex  2.976713e+01  3.992487e-01  4.500010e+00
     vertex  2.976713e+01  3.992487e-01  1.500003e+00
   endloop
 endfacet
 facet normal -7.537130e-01  6.572037e-01  0.000000e+00
   outer loop
     vertex  2.971552e+01  3.400634e-01  1.500003e+00
     vertex  2.971552e+01  3.400634e-01  4.500010e+00
     vertex  2.976713e+01  3.992487e-01  4.500010e+00
   endloop
 endfacet
 facet normal -7.071068e-01  7.071068e-01  0.000000e+00
   outer loop
     vertex  2.966000e+01  2.845378e-01  1.500003e+00
     vertex  2.971552e+01  3.400634e-01  4.500010e+00
     vertex  2.971552e+01  3.400634e-01  1.500003e+00
   endloop
 endfacet
 facet normal -7.071068e-01  7.071068e-01  0.000000e+00
   outer loop
     vertex  2.966000e+01  2.845378e-01  1.500003e+00
     vertex  2.966000e+01  2.845378e-01  4.500010e+00
     vertex  2.971552e+01  3.400634e-01  4.500010e+00
   endloop
 endfacet
 facet normal -6.572037e-01  7.537130e-01  0.000000e+00
   outer loop
     vertex  2.960081e+01  2.329309e-01  1.500003e+00
     vertex  2.966000e+01  2.845378e-01  4.500010e+00
     vertex  2.966000e+01  2.845378e-01  1.500003e+00
   endloop
 endfacet
 facet normal -6.572037e-01  7.537130e-01  0.000000e+00
   outer loop
     vertex  2.960081e+01  2.329309e-01  1.500003e+00
     vertex  2.960081e+01  2.329309e-01  4.500010e+00
     vertex  2.966000e+01  2.845378e-01  4.500010e+00
   endloop
 endfacet
 facet normal -6.042364e-01  7.968051e-01  0.000000e+00
   outer loop
     vertex  2.953824e+01  1.854832e-01  1.500003e+00
     vertex  2.960081e+01  2.329309e-01  4.500010e+00
     vertex  2.960081e+01  2.329309e-01  1.500003e+00
   endloop
 endfacet
 facet normal -6.042364e-01  7.968051e-01  0.000000e+00
   outer loop
     vertex  2.953824e+01  1.854832e-01  1.500003e+00
     vertex  2.953824e+01  1.854832e-01  4.500010e+00
     vertex  2.960081e+01  2.329309e-01  4.500010e+00
   endloop
 endfacet
 facet normal -5.484519e-01  8.361821e-01  0.000000e+00
   outer loop
     vertex  2.947258e+01  1.424161e-01  1.500003e+00
     vertex  2.953824e+01  1.854832e-01  4.500010e+00
     vertex  2.953824e+01  1.854832e-01  1.500003e+00
   endloop
 endfacet
 facet normal -5.484519e-01  8.361821e-01  0.000000e+00
   outer loop
     vertex  2.947258e+01  1.424161e-01  1.500003e+00
     vertex  2.947258e+01  1.424161e-01  4.500010e+00
     vertex  2.953824e+01  1.854832e-01  4.500010e+00
   endloop
 endfacet
 facet normal -4.901102e-01  8.716605e-01  0.000000e+00
   outer loop
     vertex  2.940413e+01  1.039302e-01  1.500003e+00
     vertex  2.947258e+01  1.424161e-01  4.500010e+00
     vertex  2.947258e+01  1.424161e-01  1.500003e+00
   endloop
 endfacet
 facet normal -4.901102e-01  8.716605e-01  0.000000e+00
   outer loop
     vertex  2.940413e+01  1.039302e-01  1.500003e+00
     vertex  2.940413e+01  1.039302e-01  4.500010e+00
     vertex  2.947258e+01  1.424161e-01  4.500010e+00
   endloop
 endfacet
 facet normal -4.294834e-01  9.030747e-01  0.000000e+00
   outer loop
     vertex  2.940413e+01  1.039302e-01  1.500003e+00
     vertex  2.933322e+01  7.020499e-02  4.500010e+00
     vertex  2.940413e+01  1.039302e-01  4.500010e+00
   endloop
 endfacet
 facet normal -4.294834e-01  9.030747e-01  0.000000e+00
   outer loop
     vertex  2.933322e+01  7.020499e-02  1.500003e+00
     vertex  2.933322e+01  7.020499e-02  4.500010e+00
     vertex  2.940413e+01  1.039302e-01  1.500003e+00
   endloop
 endfacet
 facet normal -3.668542e-01  9.302784e-01  0.000000e+00
   outer loop
     vertex  2.933322e+01  7.020499e-02  1.500003e+00
     vertex  2.926017e+01  4.139777e-02  4.500010e+00
     vertex  2.933322e+01  7.020499e-02  4.500010e+00
   endloop
 endfacet
 facet normal -3.668542e-01  9.302784e-01  0.000000e+00
   outer loop
     vertex  2.926017e+01  4.139777e-02  1.500003e+00
     vertex  2.926017e+01  4.139777e-02  4.500010e+00
     vertex  2.933322e+01  7.020499e-02  1.500003e+00
   endloop
 endfacet
 facet normal -3.025146e-01  9.531448e-01  0.000000e+00
   outer loop
     vertex  2.918533e+01  1.764282e-02  1.500003e+00
     vertex  2.926017e+01  4.139777e-02  4.500010e+00
     vertex  2.926017e+01  4.139777e-02  1.500003e+00
   endloop
 endfacet
 facet normal -3.025146e-01  9.531448e-01  0.000000e+00
   outer loop
     vertex  2.918533e+01  1.764282e-02  1.500003e+00
     vertex  2.918533e+01  1.764282e-02  4.500010e+00
     vertex  2.926017e+01  4.139777e-02  4.500010e+00
   endloop
 endfacet
 facet normal -2.367644e-01  9.715671e-01  0.000000e+00
   outer loop
     vertex  2.910903e+01 -9.491080e-04  1.500003e+00
     vertex  2.918533e+01  1.764282e-02  4.500010e+00
     vertex  2.918533e+01  1.764282e-02  1.500003e+00
   endloop
 endfacet
 facet normal -2.367644e-01  9.715671e-01  0.000000e+00
   outer loop
     vertex  2.910903e+01 -9.491080e-04  1.500003e+00
     vertex  2.910903e+01 -9.491080e-04  4.500010e+00
     vertex  2.918533e+01  1.764282e-02  4.500010e+00
   endloop
 endfacet
 facet normal -1.699104e-01  9.854595e-01  0.000000e+00
   outer loop
     vertex  2.910903e+01 -9.491080e-04  1.500003e+00
     vertex  2.903165e+01 -1.429132e-02  4.500010e+00
     vertex  2.910903e+01 -9.491080e-04  4.500010e+00
   endloop
 endfacet
 facet normal -1.699104e-01  9.854595e-01  0.000000e+00
   outer loop
     vertex  2.903165e+01 -1.429132e-02  1.500003e+00
     vertex  2.903165e+01 -1.429132e-02  4.500010e+00
     vertex  2.910903e+01 -9.491080e-04  1.500003e+00
   endloop
 endfacet
 facet normal -1.022641e-01  9.947573e-01  0.000000e+00
   outer loop
     vertex  2.903165e+01 -1.429132e-02  1.500003e+00
     vertex  2.895354e+01 -2.232161e-02  4.500010e+00
     vertex  2.903165e+01 -1.429132e-02  4.500010e+00
   endloop
 endfacet
 facet normal -1.022641e-01  9.947573e-01  0.000000e+00
   outer loop
     vertex  2.895354e+01 -2.232161e-02  1.500003e+00
     vertex  2.895354e+01 -2.232161e-02  4.500010e+00
     vertex  2.903165e+01 -1.429132e-02  1.500003e+00
   endloop
 endfacet
 facet normal -3.414111e-02  9.994170e-01  0.000000e+00
   outer loop
     vertex  2.887506e+01 -2.500254e-02  1.500003e+00
     vertex  2.895354e+01 -2.232161e-02  4.500010e+00
     vertex  2.895354e+01 -2.232161e-02  1.500003e+00
   endloop
 endfacet
 facet normal -3.414111e-02  9.994170e-01  0.000000e+00
   outer loop
     vertex  2.887506e+01 -2.500254e-02  1.500003e+00
     vertex  2.887506e+01 -2.500254e-02  4.500010e+00
     vertex  2.895354e+01 -2.232161e-02  4.500010e+00
   endloop
 endfacet
 facet normal  1.950388e-17  1.000000e+00  0.000000e+00
   outer loop
     vertex  1.125004e+00 -2.500254e-02  1.500003e+00
     vertex  2.887506e+01 -2.500254e-02  4.500010e+00
     vertex  2.887506e+01 -2.500254e-02  1.500003e+00
   endloop
 endfacet
 facet normal  1.950388e-17  1.000000e+00 -0.000000e+00
   outer loop
     vertex  1.125004e+00 -2.500254e-02  1.500003e+00
     vertex  1.125004e+00 -2.500254e-02  4.500010e+00
     vertex  2.887506e+01 -2.500254e-02  4.500010e+00
   endloop
 endfacet
 facet normal  3.414111e-02  9.994170e-01 -0.000000e+00
   outer loop
     vertex  1.125004e+00 -2.500254e-02  1.500003e+00
     vertex  1.046525e+00 -2.232161e-02  4.500010e+00
     vertex  1.125004e+00 -2.500254e-02  4.500010e+00
   endloop
 endfacet
 facet normal  3.414111e-02  9.994170e-01 -0.000000e+00
   outer loop
     vertex  1.046525e+00 -2.232161e-02  1.500003e+00
     vertex  1.046525e+00 -2.232161e-02  4.500010e+00
     vertex  1.125004e+00 -2.500254e-02  1.500003e+00
   endloop
 endfacet
 facet normal  1.022641e-01  9.947573e-01  0.000000e+00
   outer loop
     vertex  9.684113e-01 -1.429132e-02  1.500003e+00
     vertex  1.046525e+00 -2.232161e-02  4.500010e+00
     vertex  1.046525e+00 -2.232161e-02  1.500003e+00
   endloop
 endfacet
 facet normal  1.022641e-01  9.947573e-01 -0.000000e+00
   outer loop
     vertex  9.684113e-01 -1.429132e-02  1.500003e+00
     vertex  9.684113e-01 -1.429132e-02  4.500010e+00
     vertex  1.046525e+00 -2.232161e-02  4.500010e+00
   endloop
 endfacet
 facet normal  1.699104e-01  9.854595e-01  0.000000e+00
   outer loop
     vertex  8.910281e-01 -9.491080e-04  1.500003e+00
     vertex  9.684113e-01 -1.429132e-02  4.500010e+00
     vertex  9.684113e-01 -1.429132e-02  1.500003e+00
   endloop
 endfacet
 facet normal  1.699104e-01  9.854595e-01 -0.000000e+00
   outer loop
     vertex  8.910281e-01 -9.491080e-04  1.500003e+00
     vertex  8.910281e-01 -9.491080e-04  4.500010e+00
     vertex  9.684113e-01 -1.429132e-02  4.500010e+00
   endloop
 endfacet
 facet normal  2.367644e-01  9.715671e-01  0.000000e+00
   outer loop
     vertex  8.147358e-01  1.764282e-02  1.500003e+00
     vertex  8.910281e-01 -9.491080e-04  4.500010e+00
     vertex  8.910281e-01 -9.491080e-04  1.500003e+00
   endloop
 endfacet
 facet normal  2.367644e-01  9.715671e-01 -0.000000e+00
   outer loop
     vertex  8.147358e-01  1.764282e-02  1.500003e+00
     vertex  8.147358e-01  1.764282e-02  4.500010e+00
     vertex  8.910281e-01 -9.491080e-04  4.500010e+00
   endloop
 endfacet
 facet normal  3.025146e-01  9.531448e-01  0.000000e+00
   outer loop
     vertex  7.398901e-01  4.139777e-02  1.500003e+00
     vertex  8.147358e-01  1.764282e-02  4.500010e+00
     vertex  8.147358e-01  1.764282e-02  1.500003e+00
   endloop
 endfacet
 facet normal  3.025146e-01  9.531448e-01 -0.000000e+00
   outer loop
     vertex  7.398901e-01  4.139777e-02  1.500003e+00
     vertex  7.398901e-01  4.139777e-02  4.500010e+00
     vertex  8.147358e-01  1.764282e-02  4.500010e+00
   endloop
 endfacet
 facet normal  3.668542e-01  9.302784e-01 -0.000000e+00
   outer loop
     vertex  7.398901e-01  4.139777e-02  1.500003e+00
     vertex  6.668400e-01  7.020499e-02  4.500010e+00
     vertex  7.398901e-01  4.139777e-02  4.500010e+00
   endloop
 endfacet
 facet normal  3.668542e-01  9.302784e-01 -0.000000e+00
   outer loop
     vertex  6.668400e-01  7.020499e-02  1.500003e+00
     vertex  6.668400e-01  7.020499e-02  4.500010e+00
     vertex  7.398901e-01  4.139777e-02  1.500003e+00
   endloop
 endfacet
 facet normal  4.294834e-01  9.030747e-01 -0.000000e+00
   outer loop
     vertex  6.668400e-01  7.020499e-02  1.500003e+00
     vertex  5.959261e-01  1.039302e-01  4.500010e+00
     vertex  6.668400e-01  7.020499e-02  4.500010e+00
   endloop
 endfacet
 facet normal  4.294834e-01  9.030747e-01 -0.000000e+00
   outer loop
     vertex  5.959261e-01  1.039302e-01  1.500003e+00
     vertex  5.959261e-01  1.039302e-01  4.500010e+00
     vertex  6.668400e-01  7.020499e-02  1.500003e+00
   endloop
 endfacet
 facet normal  4.901102e-01  8.716605e-01  0.000000e+00
   outer loop
     vertex  5.274790e-01  1.424161e-01  1.500003e+00
     vertex  5.959261e-01  1.039302e-01  4.500010e+00
     vertex  5.959261e-01  1.039302e-01  1.500003e+00
   endloop
 endfacet
 facet normal  4.901102e-01  8.716605e-01 -0.000000e+00
   outer loop
     vertex  5.274790e-01  1.424161e-01  1.500003e+00
     vertex  5.274790e-01  1.424161e-01  4.500010e+00
     vertex  5.959261e-01  1.039302e-01  4.500010e+00
   endloop
 endfacet
 facet normal  5.484519e-01  8.361821e-01  0.000000e+00
   outer loop
     vertex  4.618178e-01  1.854832e-01  1.500003e+00
     vertex  5.274790e-01  1.424161e-01  4.500010e+00
     vertex  5.274790e-01  1.424161e-01  1.500003e+00
   endloop
 endfacet
 facet normal  5.484519e-01  8.361821e-01 -0.000000e+00
   outer loop
     vertex  4.618178e-01  1.854832e-01  1.500003e+00
     vertex  4.618178e-01  1.854832e-01  4.500010e+00
     vertex  5.274790e-01  1.424161e-01  4.500010e+00
   endloop
 endfacet
 facet normal  6.042364e-01  7.968051e-01  0.000000e+00
   outer loop
     vertex  3.992487e-01  2.329309e-01  1.500003e+00
     vertex  4.618178e-01  1.854832e-01  4.500010e+00
     vertex  4.618178e-01  1.854832e-01  1.500003e+00
   endloop
 endfacet
 facet normal  6.042364e-01  7.968051e-01 -0.000000e+00
   outer loop
     vertex  3.992487e-01  2.329309e-01  1.500003e+00
     vertex  3.992487e-01  2.329309e-01  4.500010e+00
     vertex  4.618178e-01  1.854832e-01  4.500010e+00
   endloop
 endfacet
 facet normal  6.572037e-01  7.537130e-01  0.000000e+00
   outer loop
     vertex  3.400634e-01  2.845378e-01  1.500003e+00
     vertex  3.992487e-01  2.329309e-01  4.500010e+00
     vertex  3.992487e-01  2.329309e-01  1.500003e+00
   endloop
 endfacet
 facet normal  6.572037e-01  7.537130e-01 -0.000000e+00
   outer loop
     vertex  3.400634e-01  2.845378e-01  1.500003e+00
     vertex  3.400634e-01  2.845378e-01  4.500010e+00
     vertex  3.992487e-01  2.329309e-01  4.500010e+00
   endloop
 endfacet
 facet normal  7.071068e-01  7.071068e-01 -0.000000e+00
   outer loop
     vertex  3.400634e-01  2.845378e-01  1.500003e+00
     vertex  2.845378e-01  3.400634e-01  4.500010e+00
     vertex  3.400634e-01  2.845378e-01  4.500010e+00
   endloop
 endfacet
 facet normal  7.071068e-01  7.071068e-01 -0.000000e+00
   outer loop
     vertex  2.845378e-01  3.400634e-01  1.500003e+00
     vertex  2.845378e-01  3.400634e-01  4.500010e+00
     vertex  3.400634e-01  2.845378e-01  1.500003e+00
   endloop
 endfacet
 facet normal  7.537130e-01  6.572037e-01  0.000000e+00
   outer loop
     vertex  2.329309e-01  3.992487e-01  1.500003e+00
     vertex  2.845378e-01  3.400634e-01  4.500010e+00
     vertex  2.845378e-01  3.400634e-01  1.500003e+00
   endloop
 endfacet
 facet normal  7.537130e-01  6.572037e-01 -0.000000e+00
   outer loop
     vertex  2.329309e-01  3.992487e-01  1.500003e+00
     vertex  2.329309e-01  3.992487e-01  4.500010e+00
     vertex  2.845378e-01  3.400634e-01  4.500010e+00
   endloop
 endfacet
 facet normal  7.968051e-01  6.042364e-01  0.000000e+00
   outer loop
     vertex  1.854832e-01  4.618178e-01  1.500003e+00
     vertex  2.329309e-01  3.992487e-01  4.500010e+00
     vertex  2.329309e-01  3.992487e-01  1.500003e+00
   endloop
 endfacet
 facet normal  7.968051e-01  6.042364e-01 -0.000000e+00
   outer loop
     vertex  1.854832e-01  4.618178e-01  1.500003e+00
     vertex  1.854832e-01  4.618178e-01  4.500010e+00
     vertex  2.329309e-01  3.992487e-01  4.500010e+00
   endloop
 endfacet
 facet normal  8.361821e-01  5.484519e-01  0.000000e+00
   outer loop
     vertex  1.424161e-01  5.274790e-01  1.500003e+00
     vertex  1.854832e-01  4.618178e-01  4.500010e+00
     vertex  1.854832e-01  4.618178e-01  1.500003e+00
   endloop
 endfacet
 facet normal  8.361821e-01  5.484519e-01 -0.000000e+00
   outer loop
     vertex  1.424161e-01  5.274790e-01  1.500003e+00
     vertex  1.424161e-01  5.274790e-01  4.500010e+00
     vertex  1.854832e-01  4.618178e-01  4.500010e+00
   endloop
 endfacet
 facet normal  8.716605e-01  4.901102e-01  0.000000e+00
   outer loop
     vertex  1.039302e-01  5.959261e-01  1.500003e+00
     vertex  1.424161e-01  5.274790e-01  4.500010e+00
     vertex  1.424161e-01  5.274790e-01  1.500003e+00
   endloop
 endfacet
 facet normal  8.716605e-01  4.901102e-01 -0.000000e+00
   outer loop
     vertex  1.039302e-01  5.959261e-01  1.500003e+00
     vertex  1.039302e-01  5.959261e-01  4.500010e+00
     vertex  1.424161e-01  5.274790e-01  4.500010e+00
   endloop
 endfacet
 facet normal  9.030747e-01  4.294834e-01 -0.000000e+00
   outer loop
     vertex  1.039302e-01  5.959261e-01  1.500003e+00
     vertex  7.020499e-02  6.668400e-01  4.500010e+00
     vertex  1.039302e-01  5.959261e-01  4.500010e+00
   endloop
 endfacet
 facet normal  9.030747e-01  4.294834e-01 -0.000000e+00
   outer loop
     vertex  7.020499e-02  6.668400e-01  1.500003e+00
     vertex  7.020499e-02  6.668400e-01  4.500010e+00
     vertex  1.039302e-01  5.959261e-01  1.500003e+00
   endloop
 endfacet
 facet normal  9.302784e-01  3.668542e-01  0.000000e+00
   outer loop
     vertex  4.139777e-02  7.398901e-01  1.500003e+00
     vertex  7.020499e-02  6.668400e-01  4.500010e+00
     vertex  7.020499e-02  6.668400e-01  1.500003e+00
   endloop
 endfacet
 facet normal  9.302784e-01  3.668542e-01 -0.000000e+00
   outer loop
     vertex  4.139777e-02  7.398901e-01  1.500003e+00
     vertex  4.139777e-02  7.398901e-01  4.500010e+00
     vertex  7.020499e-02  6.668400e-01  4.500010e+00
   endloop
 endfacet
 facet normal  9.531448e-01  3.025146e-01  0.000000e+00
   outer loop
     vertex  1.764282e-02  8.147358e-01  1.500003e+00
     vertex  4.139777e-02  7.398901e-01  4.500010e+00
     vertex  4.139777e-02  7.398901e-01  1.500003e+00
   endloop
 endfacet
 facet normal  9.531448e-01  3.025146e-01 -0.000000e+00
   outer loop
     vertex  1.764282e-02  8.147358e-01  1.500003e+00
     vertex  1.764282e-02  8.147358e-01  4.500010e+00
     vertex  4.139777e-02  7.398901e-01  4.500010e+00
   endloop
 endfacet
 facet normal  9.715671e-01  2.367644e-01  0.000000e+00
   outer loop
     vertex -9.491080e-04  8.910281e-01  1.500003e+00
     vertex  1.764282e-02  8.147358e-01  4.500010e+00
     vertex  1.764282e-02  8.147358e-01  1.500003e+00
   endloop
 endfacet
 facet normal  9.715671e-01  2.367644e-01 -0.000000e+00
   outer loop
     vertex -9.491080e-04  8.910281e-01  1.500003e+00
     vertex -9.491080e-04  8.910281e-01  4.500010e+00
     vertex  1.764282e-02  8.147358e-01  4.500010e+00
   endloop
 endfacet
 facet normal  9.854595e-01  1.699104e-01  0.000000e+00
   outer loop
     vertex -1.429132e-02  9.684113e-01  1.500003e+00
     vertex -9.491080e-04  8.910281e-01  4.500010e+00
     vertex -9.491080e-04  8.910281e-01  1.500003e+00
   endloop
 endfacet
 facet normal  9.854595e-01  1.699104e-01 -0.000000e+00
   outer loop
     vertex -1.429132e-02  9.684113e-01  1.500003e+00
     vertex -1.429132e-02  9.684113e-01  4.500010e+00
     vertex -9.491080e-04  8.910281e-01  4.500010e+00
   endloop
 endfacet
 facet normal  9.947573e-01  1.022641e-01 -0.000000e+00
   outer loop
     vertex -1.429132e-02  9.684113e-01  1.500003e+00
     vertex -2.232161e-02  1.046525e+00  4.500010e+00
     vertex -1.429132e-02  9.684113e-01  4.500010e+00
   endloop
 endfacet
 facet normal  9.947573e-01  1.022641e-01 -0.000000e+00
   outer loop
     vertex -2.232161e-02  1.046525e+00  1.500003e+00
     vertex -2.232161e-02  1.046525e+00  4.500010e+00
     vertex -1.429132e-02  9.684113e-01  1.500003e+00
   endloop
 endfacet
 facet normal  9.994170e-01  3.414111e-02  0.000000e+00
   outer loop
     vertex -2.500254e-02  1.125004e+00  1.500003e+00
     vertex -2.232161e-02  1.046525e+00  4.500010e+00
     vertex -2.232161e-02  1.046525e+00  1.500003e+00
   endloop
 endfacet
 facet normal  9.994170e-01  3.414111e-02 -0.000000e+00
   outer loop
     vertex -2.500254e-02  1.125004e+00  1.500003e+00
     vertex -2.500254e-02  1.125004e+00  4.500010e+00
     vertex -2.232161e-02  1.046525e+00  4.500010e+00
   endloop
 endfacet
 facet normal  1.000000e+00  1.557504e-17  0.000000e+00
   outer loop
     vertex -2.500254e-02  3.587507e+01  1.500003e+00
     vertex -2.500254e-02  1.125004e+00  4.500010e+00
     vertex -2.500254e-02  1.125004e+00  1.500003e+00
   endloop
 endfacet
 facet normal  1.000000e+00  1.557504e-17 -0.000000e+00
   outer loop
     vertex -2.500254e-02  3.587507e+01  1.500003e+00
     vertex -2.500254e-02  3.587507e+01  4.500010e+00
     vertex -2.500254e-02  1.125004e+00  4.500010e+00
   endloop
 endfacet
 facet normal  1.124949e-14 -1.939607e-15  1.000000e+00
   outer loop
     vertex  3.000006e+01  1.000003e+00  1.500003e+00
     vertex  3.000101e+01  8.910281e-01  1.500003e+00
     vertex  3.001435e+01  9.684113e-01  1.500003e+00
   endloop
 endfacet
 facet normal  8.072749e-15 -1.967275e-15  1.000000e+00
   outer loop
     vertex  3.000006e+01  1.000003e+00  1.500003e+00
     vertex  2.998242e+01  8.147358e-01  1.500003e+00
     vertex  3.000101e+01  8.910281e-01  1.500003e+00
   endloop
 endfacet
 facet normal  5.394905e-15 -1.712266e-15  1.000000e+00
   outer loop
     vertex  3.000006e+01  1.000003e+00  1.500003e+00
     vertex  2.995866e+01  7.398901e-01  1.500003e+00
     vertex  2.998242e+01  8.147358e-01  1.500003e+00
   endloop
 endfacet
 facet normal  3.629528e-15 -1.431300e-15  1.000000e+00
   outer loop
     vertex  3.000006e+01  1.000003e+00  1.500003e+00
     vertex  2.992986e+01  6.668400e-01  1.500003e+00
     vertex  2.995866e+01  7.398901e-01  1.500003e+00
   endloop
 endfacet
 facet normal  2.516368e-15 -1.196732e-15  1.000000e+00
   outer loop
     vertex  3.000006e+01  1.000003e+00  1.500003e+00
     vertex  2.989613e+01  5.959261e-01  1.500003e+00
     vertex  2.992986e+01  6.668400e-01  1.500003e+00
   endloop
 endfacet
 facet normal  1.801277e-15 -1.012807e-15  1.000000e+00
   outer loop
     vertex  3.000006e+01  1.000003e+00  1.500003e+00
     vertex  2.985764e+01  5.274790e-01  1.500003e+00
     vertex  2.989613e+01  5.959261e-01  1.500003e+00
   endloop
 endfacet
 facet normal  1.325543e-15 -8.694239e-16  1.000000e+00
   outer loop
     vertex  3.000006e+01  1.000003e+00  1.500003e+00
     vertex  2.981458e+01  4.618178e-01  1.500003e+00
     vertex  2.985764e+01  5.274790e-01  1.500003e+00
   endloop
 endfacet
 facet normal  9.973475e-16 -7.563125e-16  1.000000e+00
   outer loop
     vertex  3.000006e+01  1.000003e+00  1.500003e+00
     vertex  2.976713e+01  3.992487e-01  1.500003e+00
     vertex  2.981458e+01  4.618178e-01  1.500003e+00
   endloop
 endfacet
 facet normal  7.633040e-16 -6.655666e-16  1.000000e+00
   outer loop
     vertex  3.000006e+01  1.000003e+00  1.500003e+00
     vertex  2.971552e+01  3.400634e-01  1.500003e+00
     vertex  2.976713e+01  3.992487e-01  1.500003e+00
   endloop
 endfacet
 facet normal  5.914859e-16 -5.914859e-16  1.000000e+00
   outer loop
     vertex  3.000006e+01  1.000003e+00  1.500003e+00
     vertex  2.966000e+01  2.845378e-01  1.500003e+00
     vertex  2.971552e+01  3.400634e-01  1.500003e+00
   endloop
 endfacet
 facet normal  4.621440e-16 -5.300091e-16  1.000000e+00
   outer loop
     vertex  3.000006e+01  1.000003e+00  1.500003e+00
     vertex  2.960081e+01  2.329309e-01  1.500003e+00
     vertex  2.966000e+01  2.845378e-01  1.500003e+00
   endloop
 endfacet
 facet normal  3.626480e-16 -4.782230e-16  1.000000e+00
   outer loop
     vertex  3.000006e+01  1.000003e+00  1.500003e+00
     vertex  2.953824e+01  1.854832e-01  1.500003e+00
     vertex  2.960081e+01  2.329309e-01  1.500003e+00
   endloop
 endfacet
 facet normal  2.846665e-16 -4.340089e-16  1.000000e+00
   outer loop
     vertex  3.000006e+01  1.000003e+00  1.500003e+00
     vertex  2.947258e+01  1.424161e-01  1.500003e+00
     vertex  2.953824e+01  1.854832e-01  1.500003e+00
   endloop
 endfacet
 facet normal  2.225481e-16 -3.958015e-16  1.000000e+00
   outer loop
     vertex  3.000006e+01  1.000003e+00  1.500003e+00
     vertex  2.940413e+01  1.039302e-01  1.500003e+00
     vertex  2.947258e+01  1.424161e-01  1.500003e+00
   endloop
 endfacet
 facet normal  1.723621e-16 -3.624257e-16  1.000000e+00
   outer loop
     vertex  3.000006e+01  1.000003e+00  1.500003e+00
     vertex  2.933322e+01  7.020499e-02  1.500003e+00
     vertex  2.940413e+01  1.039302e-01  1.500003e+00
   endloop
 endfacet
 facet normal  1.313124e-16 -3.329853e-16  1.000000e+00
   outer loop
     vertex  3.000006e+01  1.000003e+00  1.500003e+00
     vertex  2.926017e+01  4.139777e-02  1.500003e+00
     vertex  2.933322e+01  7.020499e-02  1.500003e+00
   endloop
 endfacet
 facet normal  9.736986e-17 -3.067871e-16  1.000000e+00
   outer loop
     vertex  3.000006e+01  1.000003e+00  1.500003e+00
     vertex  2.918533e+01  1.764282e-02  1.500003e+00
     vertex  2.926017e+01  4.139777e-02  1.500003e+00
   endloop
 endfacet
 facet normal  6.903524e-17 -2.832874e-16  1.000000e+00
   outer loop
     vertex  3.000006e+01  1.000003e+00  1.500003e+00
     vertex  2.910903e+01 -9.491080e-04  1.500003e+00
     vertex  2.918533e+01  1.764282e-02  1.500003e+00
   endloop
 endfacet
 facet normal  4.518273e-17 -2.620543e-16  1.000000e+00
   outer loop
     vertex  3.000006e+01  1.000003e+00  1.500003e+00
     vertex  2.903165e+01 -1.429132e-02  1.500003e+00
     vertex  2.910903e+01 -9.491080e-04  1.500003e+00
   endloop
 endfacet
 facet normal  2.495455e-17 -2.427412e-16  1.000000e+00
   outer loop
     vertex  2.895354e+01 -2.232161e-02  1.500003e+00
     vertex  2.903165e+01 -1.429132e-02  1.500003e+00
     vertex  3.000006e+01  1.000003e+00  1.500003e+00
   endloop
 endfacet
 facet normal  1.266005e-14 -1.301493e-15  1.000000e+00
   outer loop
     vertex  3.002238e+01  1.046525e+00  1.500003e+00
     vertex  3.000006e+01  1.000003e+00  1.500003e+00
     vertex  3.001435e+01  9.684113e-01  1.500003e+00
   endloop
 endfacet
 facet normal  7.688499e-18 -2.250664e-16  1.000000e+00
   outer loop
     vertex  2.887506e+01 -2.500254e-02  1.500003e+00
     vertex  2.895354e+01 -2.232161e-02  1.500003e+00
     vertex  3.000006e+01  1.000003e+00  1.500003e+00
   endloop
 endfacet
 facet normal  1.071005e-14 -3.658661e-16  1.000000e+00
   outer loop
     vertex  3.002506e+01  1.125004e+00  1.500003e+00
     vertex  3.000006e+01  1.000003e+00  1.500003e+00
     vertex  3.002238e+01  1.046525e+00  1.500003e+00
   endloop
 endfacet
 facet normal -7.688499e-18 -2.250664e-16  1.000000e+00
   outer loop
     vertex  0.000000e+00  1.000003e+00  1.500003e+00
     vertex  1.046525e+00 -2.232161e-02  1.500003e+00
     vertex  1.125004e+00 -2.500254e-02  1.500003e+00
   endloop
 endfacet
 facet normal -2.495455e-17 -2.427412e-16  1.000000e+00
   outer loop
     vertex  0.000000e+00  1.000003e+00  1.500003e+00
     vertex  9.684113e-01 -1.429132e-02  1.500003e+00
     vertex  1.046525e+00 -2.232161e-02  1.500003e+00
   endloop
 endfacet
 facet normal -4.518273e-17 -2.620543e-16  1.000000e+00
   outer loop
     vertex  0.000000e+00  1.000003e+00  1.500003e+00
     vertex  8.910281e-01 -9.491080e-04  1.500003e+00
     vertex  9.684113e-01 -1.429132e-02  1.500003e+00
   endloop
 endfacet
 facet normal -6.903524e-17 -2.832874e-16  1.000000e+00
   outer loop
     vertex  0.000000e+00  1.000003e+00  1.500003e+00
     vertex  8.147358e-01  1.764282e-02  1.500003e+00
     vertex  8.910281e-01 -9.491080e-04  1.500003e+00
   endloop
 endfacet
 facet normal -9.736986e-17 -3.067871e-16  1.000000e+00
   outer loop
     vertex  0.000000e+00  1.000003e+00  1.500003e+00
     vertex  7.398901e-01  4.139777e-02  1.500003e+00
     vertex  8.147358e-01  1.764282e-02  1.500003e+00
   endloop
 endfacet
 facet normal -1.313124e-16 -3.329853e-16  1.000000e+00
   outer loop
     vertex  0.000000e+00  1.000003e+00  1.500003e+00
     vertex  6.668400e-01  7.020499e-02  1.500003e+00
     vertex  7.398901e-01  4.139777e-02  1.500003e+00
   endloop
 endfacet
 facet normal -1.723621e-16 -3.624257e-16  1.000000e+00
   outer loop
     vertex  0.000000e+00  1.000003e+00  1.500003e+00
     vertex  5.959261e-01  1.039302e-01  1.500003e+00
     vertex  6.668400e-01  7.020499e-02  1.500003e+00
   endloop
 endfacet
 facet normal -2.225481e-16 -3.958015e-16  1.000000e+00
   outer loop
     vertex  0.000000e+00  1.000003e+00  1.500003e+00
     vertex  5.274790e-01  1.424161e-01  1.500003e+00
     vertex  5.959261e-01  1.039302e-01  1.500003e+00
   endloop
 endfacet
 facet normal -2.846665e-16 -4.340089e-16  1.000000e+00
   outer loop
     vertex  0.000000e+00  1.000003e+00  1.500003e+00
     vertex  4.618178e-01  1.854832e-01  1.500003e+00
     vertex  5.274790e-01  1.424161e-01  1.500003e+00
   endloop
 endfacet
 facet normal -3.626480e-16 -4.782230e-16  1.000000e+00
   outer loop
     vertex  0.000000e+00  1.000003e+00  1.500003e+00
     vertex  3.992487e-01  2.329309e-01  1.500003e+00
     vertex  4.618178e-01  1.854832e-01  1.500003e+00
   endloop
 endfacet
 facet normal -4.621440e-16 -5.300091e-16  1.000000e+00
   outer loop
     vertex  0.000000e+00  1.000003e+00  1.500003e+00
     vertex  3.400634e-01  2.845378e-01  1.500003e+00
     vertex  3.992487e-01  2.329309e-01  1.500003e+00
   endloop
 endfacet
 facet normal -5.914859e-16 -5.914859e-16  1.000000e+00
   outer loop
     vertex  0.000000e+00  1.000003e+00  1.500003e+00
     vertex  2.845378e-01  3.400634e-01  1.500003e+00
     vertex  3.400634e-01  2.845378e-01  1.500003e+00
   endloop
 endfacet
 facet normal -7.633040e-16 -6.655666e-16  1.000000e+00
   outer loop
     vertex  0.000000e+00  1.000003e+00  1.500003e+00
     vertex  2.329309e-01  3.992487e-01  1.500003e+00
     vertex  2.845378e-01  3.400634e-01  1.500003e+00
   endloop
 endfacet
 facet normal -9.973475e-16 -7.563125e-16  1.000000e+00
   outer loop
     vertex  0.000000e+00  1.000003e+00  1.500003e+00
     vertex  1.854832e-01  4.618178e-01  1.500003e+00
     vertex  2.329309e-01  3.992487e-01  1.500003e+00
   endloop
 endfacet
 facet normal -1.325543e-15 -8.694239e-16  1.000000e+00
   outer loop
     vertex  0.000000e+00  1.000003e+00  1.500003e+00
     vertex  1.424161e-01  5.274790e-01  1.500003e+00
     vertex  1.854832e-01  4.618178e-01  1.500003e+00
   endloop
 endfacet
 facet normal -1.801277e-15 -1.012807e-15  1.000000e+00
   outer loop
     vertex  0.000000e+00  1.000003e+00  1.500003e+00
     vertex  1.039302e-01  5.959261e-01  1.500003e+00
     vertex  1.424161e-01  5.274790e-01  1.500003e+00
   endloop
 endfacet
 facet normal -2.516368e-15 -1.196732e-15  1.000000e+00
   outer loop
     vertex  0.000000e+00  1.000003e+00  1.500003e+00
     vertex  7.020499e-02  6.668400e-01  1.500003e+00
     vertex  1.039302e-01  5.959261e-01  1.500003e+00
   endloop
 endfacet
 facet normal -3.629528e-15 -1.431300e-15  1.000000e+00
   outer loop
     vertex  0.000000e+00  1.000003e+00  1.500003e+00
     vertex  4.139777e-02  7.398901e-01  1.500003e+00
     vertex  7.020499e-02  6.668400e-01  1.500003e+00
   endloop
 endfacet
 facet normal -5.394905e-15 -1.712266e-15  1.000000e+00
   outer loop
     vertex  0.000000e+00  1.000003e+00  1.500003e+00
     vertex  1.764282e-02  8.147358e-01  1.500003e+00
     vertex  4.139777e-02  7.398901e-01  1.500003e+00
   endloop
 endfacet
 facet normal -8.072749e-15 -1.967275e-15  1.000000e+00
   outer loop
     vertex  0.000000e+00  1.000003e+00  1.500003e+00
     vertex -9.491080e-04  8.910281e-01  1.500003e+00
     vertex  1.764282e-02  8.147358e-01  1.500003e+00
   endloop
 endfacet
 facet normal -1.124949e-14 -1.939607e-15  1.000000e+00
   outer loop
     vertex  0.000000e+00  1.000003e+00  1.500003e+00
     vertex -1.429132e-02  9.684113e-01  1.500003e+00
     vertex -9.491080e-04  8.910281e-01  1.500003e+00
   endloop
 endfacet
 facet normal -1.266005e-14 -1.301493e-15  1.000000e+00
   outer loop
     vertex -2.232161e-02  1.046525e+00  1.500003e+00
     vertex -1.429132e-02  9.684113e-01  1.500003e+00
     vertex  0.000000e+00  1.000003e+00  1.500003e+00
   endloop
 endfacet
 facet normal -1.071005e-14 -3.658661e-16  1.000000e+00
   outer loop
     vertex -2.500254e-02  1.125004e+00  1.500003e+00
     vertex -2.232161e-02  1.046525e+00  1.500003e+00
     vertex  0.000000e+00  1.000003e+00  1.500003e+00
   endloop
 endfacet
 facet normal  0.000000e+00  0.000000e+00  1.000000e+00
   outer loop
     vertex  3.000101e+01  3.610905e+01  1.500003e+00
     vertex  3.002238e+01  3.595355e+01  1.500003e+00
     vertex  3.001435e+01  3.603166e+01  1.500003e+00
   endloop
 endfacet
 facet normal  0.000000e+00  0.000000e+00  1.000000e+00
   outer loop
     vertex  3.000101e+01  3.610905e+01  1.500003e+00
     vertex  3.002506e+01  3.587507e+01  1.500003e+00
     vertex  3.002238e+01  3.595355e+01  1.500003e+00
   endloop
 endfacet
 facet normal  0.000000e+00  0.000000e+00  1.000000e+00
   outer loop
     vertex  2.998242e+01  3.618534e+01  1.500003e+00
     vertex  3.002506e+01  3.587507e+01  1.500003e+00
     vertex  3.000101e+01  3.610905e+01  1.500003e+00
   endloop
 endfacet
 facet normal  0.000000e+00  0.000000e+00  1.000000e+00
   outer loop
     vertex  2.989613e+01  3.640415e+01  1.500003e+00
     vertex  2.995866e+01  3.626019e+01  1.500003e+00
     vertex  2.992986e+01  3.633324e+01  1.500003e+00
   endloop
 endfacet
 facet normal  0.000000e+00  0.000000e+00  1.000000e+00
   outer loop
     vertex  2.989613e+01  3.640415e+01  1.500003e+00
     vertex  2.998242e+01  3.618534e+01  1.500003e+00
     vertex  2.995866e+01  3.626019e+01  1.500003e+00
   endloop
 endfacet
 facet normal  0.000000e+00  0.000000e+00  1.000000e+00
   outer loop
     vertex  2.981458e+01  3.653826e+01  1.500003e+00
     vertex  2.989613e+01  3.640415e+01  1.500003e+00
     vertex  2.985764e+01  3.647260e+01  1.500003e+00
   endloop
 endfacet
 facet normal  0.000000e+00  0.000000e+00  1.000000e+00
   outer loop
     vertex  2.981458e+01  3.653826e+01  1.500003e+00
     vertex  2.998242e+01  3.618534e+01  1.500003e+00
     vertex  2.989613e+01  3.640415e+01  1.500003e+00
   endloop
 endfacet
 facet normal  0.000000e+00  0.000000e+00  1.000000e+00
   outer loop
     vertex  2.976713e+01  3.660083e+01  1.500003e+00
     vertex  2.998242e+01  3.618534e+01  1.500003e+00
     vertex  2.981458e+01  3.653826e+01  1.500003e+00
   endloop
 endfacet
 facet normal  0.000000e+00  0.000000e+00  1.000000e+00
   outer loop
     vertex  2.971552e+01  3.666001e+01  1.500003e+00
     vertex  2.998242e+01  3.618534e+01  1.500003e+00
     vertex  2.976713e+01  3.660083e+01  1.500003e+00
   endloop
 endfacet
 facet normal  0.000000e+00  0.000000e+00  1.000000e+00
   outer loop
     vertex  2.971552e+01  3.666001e+01  1.500003e+00
     vertex  3.002506e+01  3.587507e+01  1.500003e+00
     vertex  2.998242e+01  3.618534e+01  1.500003e+00
   endloop
 endfacet
 facet normal  0.000000e+00  0.000000e+00  1.000000e+00
   outer loop
     vertex  2.966000e+01  3.671554e+01  1.500003e+00
     vertex  3.002506e+01  3.587507e+01  1.500003e+00
     vertex  2.971552e+01  3.666001e+01  1.500003e+00
   endloop
 endfacet
 facet normal  0.000000e+00  0.000000e+00  1.000000e+00
   outer loop
     vertex  2.953824e+01  3.681459e+01  1.500003e+00
     vertex  3.002506e+01  3.587507e+01  1.500003e+00
     vertex  2.966000e+01  3.671554e+01  1.500003e+00
   endloop
 endfacet
 facet normal  0.000000e+00  0.000000e+00  1.000000e+00
   outer loop
     vertex  2.953824e+01  3.681459e+01  1.500003e+00
     vertex  2.966000e+01  3.671554e+01  1.500003e+00
     vertex  2.960081e+01  3.676715e+01  1.500003e+00
   endloop
 endfacet
 facet normal  0.000000e+00  0.000000e+00  1.000000e+00
   outer loop
     vertex  2.940413e+01  3.689615e+01  1.500003e+00
     vertex  3.002506e+01  3.587507e+01  1.500003e+00
     vertex  2.953824e+01  3.681459e+01  1.500003e+00
   endloop
 endfacet
 facet normal  0.000000e+00  0.000000e+00  1.000000e+00
   outer loop
     vertex  2.940413e+01  3.689615e+01  1.500003e+00
     vertex  2.953824e+01  3.681459e+01  1.500003e+00
     vertex  2.947258e+01  3.685766e+01  1.500003e+00
   endloop
 endfacet
 facet normal  0.000000e+00  0.000000e+00  1.000000e+00
   outer loop
     vertex  2.933322e+01  3.692987e+01  1.500003e+00
     vertex  3.002506e+01  3.587507e+01  1.500003e+00
     vertex  2.940413e+01  3.689615e+01  1.500003e+00
   endloop
 endfacet
 facet normal  0.000000e+00  0.000000e+00  1.000000e+00
   outer loop
     vertex  2.918533e+01  3.698243e+01  1.500003e+00
     vertex  3.002506e+01  3.587507e+01  1.500003e+00
     vertex  2.933322e+01  3.692987e+01  1.500003e+00
   endloop
 endfacet
 facet normal  0.000000e+00  0.000000e+00  1.000000e+00
   outer loop
     vertex  2.918533e+01  3.698243e+01  1.500003e+00
     vertex  2.933322e+01  3.692987e+01  1.500003e+00
     vertex  2.926017e+01  3.695868e+01  1.500003e+00
   endloop
 endfacet
 facet normal  0.000000e+00  0.000000e+00  1.000000e+00
   outer loop
     vertex  2.887506e+01  3.702508e+01  1.500003e+00
     vertex  3.002506e+01  3.587507e+01  1.500003e+00
     vertex  2.918533e+01  3.698243e+01  1.500003e+00
   endloop
 endfacet
 facet normal  0.000000e+00  0.000000e+00  1.000000e+00
   outer loop
     vertex  2.887506e+01  3.702508e+01  1.500003e+00
     vertex  2.903165e+01  3.701437e+01  1.500003e+00
     vertex  2.895354e+01  3.702240e+01  1.500003e+00
   endloop
 endfacet
 facet normal  0.000000e+00  0.000000e+00  1.000000e+00
   outer loop
     vertex  2.887506e+01  3.702508e+01  1.500003e+00
     vertex  2.910903e+01  3.700103e+01  1.500003e+00
     vertex  2.903165e+01  3.701437e+01  1.500003e+00
   endloop
 endfacet
 facet normal  0.000000e+00  0.000000e+00  1.000000e+00
   outer loop
     vertex  2.887506e+01  3.702508e+01  1.500003e+00
     vertex  2.918533e+01  3.698243e+01  1.500003e+00
     vertex  2.910903e+01  3.700103e+01  1.500003e+00
   endloop
 endfacet
 facet normal  2.130154e-16  4.852295e-16  1.000000e+00
   outer loop
     vertex  1.879807e+01  2.774814e+01  1.500003e+00
     vertex  1.849441e+01  2.742384e+01  1.500003e+00
     vertex  3.000006e+01  2.100004e+01  1.500003e+00
   endloop
 endfacet
 facet normal -3.563366e-17  3.987450e-17  1.000000e+00
   outer loop
     vertex  1.816248e+01  2.712721e+01  1.500003e+00
     vertex  3.000006e+01  2.100004e+01  1.500003e+00
     vertex  1.849441e+01  2.742384e+01  1.500003e+00
   endloop
 endfacet
 facet normal -3.142327e-16 -3.900142e-16  1.000000e+00
   outer loop
     vertex  1.907122e+01  2.809739e+01  1.500003e+00
     vertex  1.879807e+01  2.774814e+01  1.500003e+00
     vertex  3.000006e+01  2.100004e+01  1.500003e+00
   endloop
 endfacet
 facet normal -2.876984e-16 -4.471106e-16  1.000000e+00
   outer loop
     vertex  1.780474e+01  2.686077e+01  1.500003e+00
     vertex  3.000006e+01  2.100004e+01  1.500003e+00
     vertex  1.816248e+01  2.712721e+01  1.500003e+00
   endloop
 endfacet
 facet normal -4.289483e-17  2.780520e-17  1.000000e+00
   outer loop
     vertex  1.931190e+01  2.846868e+01  1.500003e+00
     vertex  1.907122e+01  2.809739e+01  1.500003e+00
     vertex  3.000006e+01  2.100004e+01  1.500003e+00
   endloop
 endfacet
 facet normal  2.150714e-16  5.990792e-16  1.000000e+00
   outer loop
     vertex  1.742390e+01  2.662685e+01  1.500003e+00
     vertex  3.000006e+01  2.100004e+01  1.500003e+00
     vertex  1.780474e+01  2.686077e+01  1.500003e+00
   endloop
 endfacet
 facet normal -4.550053e-17  2.407626e-17  1.000000e+00
   outer loop
     vertex  1.951842e+01  2.885897e+01  1.500003e+00
     vertex  1.931190e+01  2.846868e+01  1.500003e+00
     vertex  3.000006e+01  2.100004e+01  1.500003e+00
   endloop
 endfacet
 facet normal -2.802467e-17  5.574938e-17  1.000000e+00
   outer loop
     vertex  1.706387e+01  2.644587e+01  1.500003e+00
     vertex  3.000006e+01  2.100004e+01  1.500003e+00
     vertex  1.742390e+01  2.662685e+01  1.500003e+00
   endloop
 endfacet
 facet normal -3.599011e-16 -3.952472e-16  1.000000e+00
   outer loop
     vertex  1.968938e+01  2.926509e+01  1.500003e+00
     vertex  1.951842e+01  2.885897e+01  1.500003e+00
     vertex  3.000006e+01  2.100004e+01  1.500003e+00
   endloop
 endfacet
 facet normal -2.526031e-17  6.231593e-17  1.000000e+00
   outer loop
     vertex  1.668981e+01  2.629424e+01  1.500003e+00
     vertex  3.000006e+01  2.100004e+01  1.500003e+00
     vertex  1.706387e+01  2.644587e+01  1.500003e+00
   endloop
 endfacet
 facet normal -3.426171e-17  1.098935e-17  1.000000e+00
   outer loop
     vertex  1.982367e+01  2.968377e+01  1.500003e+00
     vertex  1.968938e+01  2.926509e+01  1.500003e+00
     vertex  3.000006e+01  2.100004e+01  1.500003e+00
   endloop
 endfacet
 facet normal  2.995983e-16  8.790492e-16  1.000000e+00
   outer loop
     vertex  1.630410e+01  2.617311e+01  1.500003e+00
     vertex  3.000006e+01  2.100004e+01  1.500003e+00
     vertex  1.668981e+01  2.629424e+01  1.500003e+00
   endloop
 endfacet
 facet normal -3.632922e-16 -8.759892e-16  1.000000e+00
   outer loop
     vertex  1.590919e+01  2.608340e+01  1.500003e+00
     vertex  3.000006e+01  2.100004e+01  1.500003e+00
     vertex  1.630410e+01  2.617311e+01  1.500003e+00
   endloop
 endfacet
 facet normal -3.657713e-17  8.275938e-18  1.000000e+00
   outer loop
     vertex  1.992048e+01  3.011166e+01  1.500003e+00
     vertex  1.982367e+01  2.968377e+01  1.500003e+00
     vertex  3.000006e+01  2.100004e+01  1.500003e+00
   endloop
 endfacet
 facet normal -3.051810e-17  1.497864e-17  1.000000e+00
   outer loop
     vertex  1.992048e+01  3.011166e+01  1.500003e+00
     vertex  3.000006e+01  2.100004e+01  1.500003e+00
     vertex  3.002506e+01  3.587507e+01  1.500003e+00
   endloop
 endfacet
 facet normal -3.403055e-16  5.581068e-16  1.000000e+00
   outer loop
     vertex  1.997933e+01  3.054539e+01  1.500003e+00
     vertex  1.992048e+01  3.011166e+01  1.500003e+00
     vertex  3.002506e+01  3.587507e+01  1.500003e+00
   endloop
 endfacet
 facet normal  4.856843e-16 -9.987741e-16  1.000000e+00
   outer loop
     vertex  1.999499e+01  3.077533e+01  1.500003e+00
     vertex  1.997933e+01  3.054539e+01  1.500003e+00
     vertex  3.002506e+01  3.587507e+01  1.500003e+00
   endloop
 endfacet
 facet normal -5.305615e-16  9.999569e-16  1.000000e+00
   outer loop
     vertex  2.000004e+01  3.100006e+01  1.500003e+00
     vertex  1.999499e+01  3.077533e+01  1.500003e+00
     vertex  3.002506e+01  3.587507e+01  1.500003e+00
   endloop
 endfacet
 facet normal -4.342786e-17 -1.789520e-18  1.000000e+00
   outer loop
     vertex  1.998309e+01  3.141143e+01  1.500003e+00
     vertex  2.000004e+01  3.100006e+01  1.500003e+00
     vertex  3.002506e+01  3.587507e+01  1.500003e+00
   endloop
 endfacet
 facet normal -3.142314e-17 -3.142314e-17  1.000000e+00
   outer loop
     vertex  1.992927e+01  3.183831e+01  1.500003e+00
     vertex  3.002506e+01  3.587507e+01  1.500003e+00
     vertex  2.887506e+01  3.702508e+01  1.500003e+00
   endloop
 endfacet
 facet normal -4.187667e-17 -5.279276e-18  1.000000e+00
   outer loop
     vertex  1.992927e+01  3.183831e+01  1.500003e+00
     vertex  1.998309e+01  3.141143e+01  1.500003e+00
     vertex  3.002506e+01  3.587507e+01  1.500003e+00
   endloop
 endfacet
 facet normal -4.419544e-17 -9.394365e-18  1.000000e+00
   outer loop
     vertex  1.984405e+01  3.223926e+01  1.500003e+00
     vertex  1.992927e+01  3.183831e+01  1.500003e+00
     vertex  2.887506e+01  3.702508e+01  1.500003e+00
   endloop
 endfacet
 facet normal -3.015445e-16  4.762324e-16  1.000000e+00
   outer loop
     vertex  1.972653e+01  3.263110e+01  1.500003e+00
     vertex  1.984405e+01  3.223926e+01  1.500003e+00
     vertex  2.887506e+01  3.702508e+01  1.500003e+00
   endloop
 endfacet
 facet normal  1.748183e-16 -5.155839e-16  1.000000e+00
   outer loop
     vertex  1.957769e+01  3.301130e+01  1.500003e+00
     vertex  1.972653e+01  3.263110e+01  1.500003e+00
     vertex  2.887506e+01  3.702508e+01  1.500003e+00
   endloop
 endfacet
 facet normal -2.556348e-16  4.815018e-16  1.000000e+00
   outer loop
     vertex  1.939870e+01  3.337742e+01  1.500003e+00
     vertex  1.957769e+01  3.301130e+01  1.500003e+00
     vertex  2.887506e+01  3.702508e+01  1.500003e+00
   endloop
 endfacet
 facet normal  3.406049e-16 -1.067487e-15  1.000000e+00
   outer loop
     vertex  1.919088e+01  3.372713e+01  1.500003e+00
     vertex  1.939870e+01  3.337742e+01  1.500003e+00
     vertex  2.887506e+01  3.702508e+01  1.500003e+00
   endloop
 endfacet
 facet normal -2.023779e-16  5.269386e-16  1.000000e+00
   outer loop
     vertex  1.895576e+01  3.405821e+01  1.500003e+00
     vertex  1.919088e+01  3.372713e+01  1.500003e+00
     vertex  2.887506e+01  3.702508e+01  1.500003e+00
   endloop
 endfacet
 facet normal -3.578047e-17 -3.005601e-17  1.000000e+00
   outer loop
     vertex  1.869503e+01  3.436861e+01  1.500003e+00
     vertex  1.895576e+01  3.405821e+01  1.500003e+00
     vertex  2.887506e+01  3.702508e+01  1.500003e+00
   endloop
 endfacet
 facet normal  1.253698e-16 -6.476105e-16  1.000000e+00
   outer loop
     vertex  1.841050e+01  3.465640e+01  1.500003e+00
     vertex  1.869503e+01  3.436861e+01  1.500003e+00
     vertex  2.887506e+01  3.702508e+01  1.500003e+00
   endloop
 endfacet
 facet normal -1.678399e-16  6.477545e-16  1.000000e+00
   outer loop
     vertex  1.810417e+01  3.491981e+01  1.500003e+00
     vertex  1.841050e+01  3.465640e+01  1.500003e+00
     vertex  2.887506e+01  3.702508e+01  1.500003e+00
   endloop
 endfacet
 facet normal -3.250623e-17 -4.463477e-17  1.000000e+00
   outer loop
     vertex  1.777811e+01  3.515727e+01  1.500003e+00
     vertex  1.810417e+01  3.491981e+01  1.500003e+00
     vertex  2.887506e+01  3.702508e+01  1.500003e+00
   endloop
 endfacet
 facet normal -3.138109e-17 -5.131939e-17  1.000000e+00
   outer loop
     vertex  1.743456e+01  3.536735e+01  1.500003e+00
     vertex  1.777811e+01  3.515727e+01  1.500003e+00
     vertex  2.887506e+01  3.702508e+01  1.500003e+00
   endloop
 endfacet
 facet normal -1.549526e-16  8.014844e-16  1.000000e+00
   outer loop
     vertex  1.703513e+01  3.556717e+01  1.500003e+00
     vertex  1.743456e+01  3.536735e+01  1.500003e+00
     vertex  2.887506e+01  3.702508e+01  1.500003e+00
   endloop
 endfacet
 facet normal  2.124802e-16 -2.182494e-15  1.000000e+00
   outer loop
     vertex  1.662031e+01  3.573026e+01  1.500003e+00
     vertex  1.703513e+01  3.556717e+01  1.500003e+00
     vertex  2.887506e+01  3.702508e+01  1.500003e+00
   endloop
 endfacet
 facet normal -1.332332e-17 -4.538916e-17  1.000000e+00
   outer loop
     vertex  1.619348e+01  3.585555e+01  1.500003e+00
     vertex  1.662031e+01  3.573026e+01  1.500003e+00
     vertex  2.887506e+01  3.702508e+01  1.500003e+00
   endloop
 endfacet
 facet normal -2.977358e-16  4.372340e-16  1.000000e+00
   outer loop
     vertex  0.000000e+00  2.100004e+01  1.500003e+00
     vertex  1.023295e+01  2.949172e+01  1.500003e+00
     vertex  1.011781e+01  2.992115e+01  1.500003e+00
   endloop
 endfacet
 facet normal  3.891304e-16 -3.904787e-16  1.000000e+00
   outer loop
     vertex  0.000000e+00  2.100004e+01  1.500003e+00
     vertex  1.038545e+01  2.907504e+01  1.500003e+00
     vertex  1.023295e+01  2.949172e+01  1.500003e+00
   endloop
 endfacet
 facet normal -2.528688e-16  4.352118e-16  1.000000e+00
   outer loop
     vertex  0.000000e+00  2.100004e+01  1.500003e+00
     vertex  1.057386e+01  2.867431e+01  1.500003e+00
     vertex  1.038545e+01  2.907504e+01  1.500003e+00
   endloop
 endfacet
 facet normal -2.523586e-16  4.345087e-16  1.000000e+00
   outer loop
     vertex  0.000000e+00  2.100004e+01  1.500003e+00
     vertex  1.079649e+01  2.829259e+01  1.500003e+00
     vertex  1.057386e+01  2.867431e+01  1.500003e+00
   endloop
 endfacet
 facet normal  3.097318e-16 -3.976562e-16  1.000000e+00
   outer loop
     vertex  0.000000e+00  2.100004e+01  1.500003e+00
     vertex  1.105140e+01  2.793275e+01  1.500003e+00
     vertex  1.079649e+01  2.829259e+01  1.500003e+00
   endloop
 endfacet
 facet normal  3.931453e-17  3.341456e-17  1.000000e+00
   outer loop
     vertex  0.000000e+00  2.100004e+01  1.500003e+00
     vertex  1.133637e+01  2.759746e+01  1.500003e+00
     vertex  1.105140e+01  2.793275e+01  1.500003e+00
   endloop
 endfacet
 facet normal  3.695259e-17  3.747309e-17  1.000000e+00
   outer loop
     vertex  0.000000e+00  2.100004e+01  1.500003e+00
     vertex  1.164900e+01  2.728917e+01  1.500003e+00
     vertex  1.133637e+01  2.759746e+01  1.500003e+00
   endloop
 endfacet
 facet normal  3.458851e-17  4.185195e-17  1.000000e+00
   outer loop
     vertex  0.000000e+00  2.100004e+01  1.500003e+00
     vertex  1.198669e+01  2.701009e+01  1.500003e+00
     vertex  1.164900e+01  2.728917e+01  1.500003e+00
   endloop
 endfacet
 facet normal  3.216020e-17  4.669507e-17  1.000000e+00
   outer loop
     vertex  0.000000e+00  2.100004e+01  1.500003e+00
     vertex  1.234663e+01  2.676219e+01  1.500003e+00
     vertex  1.198669e+01  2.701009e+01  1.500003e+00
   endloop
 endfacet
 facet normal  2.893606e-16 -5.044121e-16  1.000000e+00
   outer loop
     vertex  0.000000e+00  2.100004e+01  1.500003e+00
     vertex  1.273291e+01  2.654358e+01  1.500003e+00
     vertex  1.234663e+01  2.676219e+01  1.500003e+00
   endloop
 endfacet
 facet normal -2.537353e-16  7.430222e-16  1.000000e+00
   outer loop
     vertex  0.000000e+00  2.100004e+01  1.500003e+00
     vertex  1.310670e+01  2.637238e+01  1.500003e+00
     vertex  1.273291e+01  2.654358e+01  1.500003e+00
   endloop
 endfacet
 facet normal  2.383492e-17  6.584405e-17  1.000000e+00
   outer loop
     vertex  0.000000e+00  2.100004e+01  1.500003e+00
     vertex  1.349246e+01  2.623274e+01  1.500003e+00
     vertex  1.310670e+01  2.637238e+01  1.500003e+00
   endloop
 endfacet
 facet normal  2.034048e-17  7.485443e-17  1.000000e+00
   outer loop
     vertex  0.000000e+00  2.100004e+01  1.500003e+00
     vertex  1.388755e+01  2.612538e+01  1.500003e+00
     vertex  1.349246e+01  2.623274e+01  1.500003e+00
   endloop
 endfacet
 facet normal  1.604985e-17  8.648026e-17  1.000000e+00
   outer loop
     vertex  0.000000e+00  2.100004e+01  1.500003e+00
     vertex  1.428930e+01  2.605082e+01  1.500003e+00
     vertex  1.388755e+01  2.612538e+01  1.500003e+00
   endloop
 endfacet
 facet normal  7.451144e-17  1.505258e-17  1.000000e+00
   outer loop
     vertex -2.500254e-02  3.587507e+01  1.500003e+00
     vertex  0.000000e+00  2.100004e+01  1.500003e+00
     vertex  1.011781e+01  2.992115e+01  1.500003e+00
   endloop
 endfacet
 facet normal  4.265188e-17 -3.496285e-18  1.000000e+00
   outer loop
     vertex -2.500254e-02  3.587507e+01  1.500003e+00
     vertex  1.000432e+01  3.120732e+01  1.500003e+00
     vertex  1.003726e+01  3.160913e+01  1.500003e+00
   endloop
 endfacet
 facet normal  3.008597e-16  5.512991e-16  1.000000e+00
   outer loop
     vertex -2.500254e-02  3.587507e+01  1.500003e+00
     vertex  1.000383e+01  3.080482e+01  1.500003e+00
     vertex  1.000432e+01  3.120732e+01  1.500003e+00
   endloop
 endfacet
 facet normal  2.312145e-17  1.940066e-18  1.000000e+00
   outer loop
     vertex -2.500254e-02  3.587507e+01  1.500003e+00
     vertex  1.004116e+01  3.036000e+01  1.500003e+00
     vertex  1.000383e+01  3.080482e+01  1.500003e+00
   endloop
 endfacet
 facet normal -5.887104e-16 -1.114781e-15  1.000000e+00
   outer loop
     vertex -2.500254e-02  3.587507e+01  1.500003e+00
     vertex  1.011781e+01  2.992115e+01  1.500003e+00
     vertex  1.004116e+01  3.036000e+01  1.500003e+00
   endloop
 endfacet
 facet normal  2.555930e-17 -1.021381e-16  1.000000e+00
   outer loop
     vertex  1.125004e+00  3.702508e+01  1.500003e+00
     vertex  1.357432e+01  3.579250e+01  1.500003e+00
     vertex  1.400051e+01  3.589915e+01  1.500003e+00
   endloop
 endfacet
 facet normal  2.773324e-17 -8.018083e-17  1.000000e+00
   outer loop
     vertex  1.125004e+00  3.702508e+01  1.500003e+00
     vertex  1.316005e+01  3.564921e+01  1.500003e+00
     vertex  1.357432e+01  3.579250e+01  1.500003e+00
   endloop
 endfacet
 facet normal  2.938837e-17 -6.570300e-17  1.000000e+00
   outer loop
     vertex  1.125004e+00  3.702508e+01  1.500003e+00
     vertex  1.276083e+01  3.547064e+01  1.500003e+00
     vertex  1.316005e+01  3.564921e+01  1.500003e+00
   endloop
 endfacet
 facet normal  3.078299e-17 -5.526348e-17  1.000000e+00
   outer loop
     vertex  1.125004e+00  3.702508e+01  1.500003e+00
     vertex  1.237768e+01  3.525722e+01  1.500003e+00
     vertex  1.276083e+01  3.547064e+01  1.500003e+00
   endloop
 endfacet
 facet normal  3.200736e-17 -4.747020e-17  1.000000e+00
   outer loop
     vertex  1.125004e+00  3.702508e+01  1.500003e+00
     vertex  1.203658e+01  3.502722e+01  1.500003e+00
     vertex  1.237768e+01  3.525722e+01  1.500003e+00
   endloop
 endfacet
 facet normal  3.312805e-17 -4.134938e-17  1.000000e+00
   outer loop
     vertex  1.125004e+00  3.702508e+01  1.500003e+00
     vertex  1.171621e+01  3.477055e+01  1.500003e+00
     vertex  1.203658e+01  3.502722e+01  1.500003e+00
   endloop
 endfacet
 facet normal  3.422604e-17 -3.619133e-17  1.000000e+00
   outer loop
     vertex  1.125004e+00  3.702508e+01  1.500003e+00
     vertex  1.141856e+01  3.448907e+01  1.500003e+00
     vertex  1.171621e+01  3.477055e+01  1.500003e+00
   endloop
 endfacet
 facet normal  1.825637e-16  5.659061e-16  1.000000e+00
   outer loop
     vertex  1.125004e+00  3.702508e+01  1.500003e+00
     vertex  1.114548e+01  3.418480e+01  1.500003e+00
     vertex  1.141856e+01  3.448907e+01  1.500003e+00
   endloop
 endfacet
 facet normal -1.411455e-16 -5.761372e-16  1.000000e+00
   outer loop
     vertex  1.125004e+00  3.702508e+01  1.500003e+00
     vertex  1.089862e+01  3.385988e+01  1.500003e+00
     vertex  1.114548e+01  3.418480e+01  1.500003e+00
   endloop
 endfacet
 facet normal  3.765326e-17 -2.403657e-17  1.000000e+00
   outer loop
     vertex  1.125004e+00  3.702508e+01  1.500003e+00
     vertex  1.067946e+01  3.351656e+01  1.500003e+00
     vertex  1.089862e+01  3.385988e+01  1.500003e+00
   endloop
 endfacet
 facet normal  3.891696e-17 -2.059527e-17  1.000000e+00
   outer loop
     vertex  1.125004e+00  3.702508e+01  1.500003e+00
     vertex  1.048928e+01  3.315720e+01  1.500003e+00
     vertex  1.067946e+01  3.351656e+01  1.500003e+00
   endloop
 endfacet
 facet normal  4.028161e-17 -1.729139e-17  1.000000e+00
   outer loop
     vertex  1.125004e+00  3.702508e+01  1.500003e+00
     vertex  1.032918e+01  3.278424e+01  1.500003e+00
     vertex  1.048928e+01  3.315720e+01  1.500003e+00
   endloop
 endfacet
 facet normal  2.724383e-16  4.865740e-16  1.000000e+00
   outer loop
     vertex  1.125004e+00  3.702508e+01  1.500003e+00
     vertex  1.020006e+01  3.240020e+01  1.500003e+00
     vertex  1.032918e+01  3.278424e+01  1.500003e+00
   endloop
 endfacet
 facet normal  2.171939e-17 -5.392550e-18  1.000000e+00
   outer loop
     vertex  1.125004e+00  3.702508e+01  1.500003e+00
     vertex  1.010259e+01  3.200763e+01  1.500003e+00
     vertex  1.020006e+01  3.240020e+01  1.500003e+00
   endloop
 endfacet
 facet normal -2.626161e-16 -5.141460e-16  1.000000e+00
   outer loop
     vertex  1.125004e+00  3.702508e+01  1.500003e+00
     vertex  1.003726e+01  3.160913e+01  1.500003e+00
     vertex  1.010259e+01  3.200763e+01  1.500003e+00
   endloop
 endfacet
 facet normal  3.099406e-17 -3.099406e-17  1.000000e+00
   outer loop
     vertex  1.125004e+00  3.702508e+01  1.500003e+00
     vertex -2.500254e-02  3.587507e+01  1.500003e+00
     vertex  1.003726e+01  3.160913e+01  1.500003e+00
   endloop
 endfacet
 facet normal  0.000000e+00  0.000000e+00  1.000000e+00
   outer loop
     vertex  8.910281e-01  3.700103e+01  1.500003e+00
     vertex  1.046525e+00  3.702240e+01  1.500003e+00
     vertex  9.684113e-01  3.701437e+01  1.500003e+00
   endloop
 endfacet
 facet normal  0.000000e+00  0.000000e+00  1.000000e+00
   outer loop
     vertex -9.491080e-04  3.610905e+01  1.500003e+00
     vertex -1.429132e-02  3.603166e+01  1.500003e+00
     vertex -2.232161e-02  3.595355e+01  1.500003e+00
   endloop
 endfacet
 facet normal  0.000000e+00  0.000000e+00  1.000000e+00
   outer loop
     vertex  1.764282e-02  3.618534e+01  1.500003e+00
     vertex -2.232161e-02  3.595355e+01  1.500003e+00
     vertex -2.500254e-02  3.587507e+01  1.500003e+00
   endloop
 endfacet
 facet normal  0.000000e+00  0.000000e+00  1.000000e+00
   outer loop
     vertex  1.764282e-02  3.618534e+01  1.500003e+00
     vertex -9.491080e-04  3.610905e+01  1.500003e+00
     vertex -2.232161e-02  3.595355e+01  1.500003e+00
   endloop
 endfacet
 facet normal -0.000000e+00  0.000000e+00  1.000000e+00
   outer loop
     vertex  1.764282e-02  3.618534e+01  1.500003e+00
     vertex -2.500254e-02  3.587507e+01  1.500003e+00
     vertex  1.125004e+00  3.702508e+01  1.500003e+00
   endloop
 endfacet
 facet normal  0.000000e+00  0.000000e+00  1.000000e+00
   outer loop
     vertex  8.147358e-01  3.698243e+01  1.500003e+00
     vertex  1.125004e+00  3.702508e+01  1.500003e+00
     vertex  1.046525e+00  3.702240e+01  1.500003e+00
   endloop
 endfacet
 facet normal  0.000000e+00  0.000000e+00  1.000000e+00
   outer loop
     vertex  8.147358e-01  3.698243e+01  1.500003e+00
     vertex  1.046525e+00  3.702240e+01  1.500003e+00
     vertex  8.910281e-01  3.700103e+01  1.500003e+00
   endloop
 endfacet
 facet normal -0.000000e+00  0.000000e+00  1.000000e+00
   outer loop
     vertex  8.147358e-01  3.698243e+01  1.500003e+00
     vertex  1.764282e-02  3.618534e+01  1.500003e+00
     vertex  1.125004e+00  3.702508e+01  1.500003e+00
   endloop
 endfacet
 facet normal  0.000000e+00  0.000000e+00  1.000000e+00
   outer loop
     vertex  7.020499e-02  3.633324e+01  1.500003e+00
     vertex  4.139777e-02  3.626019e+01  1.500003e+00
     vertex  1.764282e-02  3.618534e+01  1.500003e+00
   endloop
 endfacet
 facet normal  0.000000e+00  0.000000e+00  1.000000e+00
   outer loop
     vertex  6.668400e-01  3.692987e+01  1.500003e+00
     vertex  8.147358e-01  3.698243e+01  1.500003e+00
     vertex  7.398901e-01  3.695868e+01  1.500003e+00
   endloop
 endfacet
 facet normal  0.000000e+00  0.000000e+00  1.000000e+00
   outer loop
     vertex  1.039302e-01  3.640415e+01  1.500003e+00
     vertex  7.020499e-02  3.633324e+01  1.500003e+00
     vertex  1.764282e-02  3.618534e+01  1.500003e+00
   endloop
 endfacet
 facet normal  0.000000e+00  0.000000e+00  1.000000e+00
   outer loop
     vertex  1.424161e-01  3.647260e+01  1.500003e+00
     vertex  1.039302e-01  3.640415e+01  1.500003e+00
     vertex  1.764282e-02  3.618534e+01  1.500003e+00
   endloop
 endfacet
 facet normal  0.000000e+00  0.000000e+00  1.000000e+00
   outer loop
     vertex  4.618178e-01  3.681459e+01  1.500003e+00
     vertex  8.147358e-01  3.698243e+01  1.500003e+00
     vertex  6.668400e-01  3.692987e+01  1.500003e+00
   endloop
 endfacet
 facet normal  0.000000e+00  0.000000e+00  1.000000e+00
   outer loop
     vertex  4.618178e-01  3.681459e+01  1.500003e+00
     vertex  5.959261e-01  3.689615e+01  1.500003e+00
     vertex  5.274790e-01  3.685766e+01  1.500003e+00
   endloop
 endfacet
 facet normal  0.000000e+00  0.000000e+00  1.000000e+00
   outer loop
     vertex  4.618178e-01  3.681459e+01  1.500003e+00
     vertex  6.668400e-01  3.692987e+01  1.500003e+00
     vertex  5.959261e-01  3.689615e+01  1.500003e+00
   endloop
 endfacet
 facet normal  0.000000e+00  0.000000e+00  1.000000e+00
   outer loop
     vertex  2.329309e-01  3.660083e+01  1.500003e+00
     vertex  1.854832e-01  3.653826e+01  1.500003e+00
     vertex  1.424161e-01  3.647260e+01  1.500003e+00
   endloop
 endfacet
 facet normal -0.000000e+00  0.000000e+00  1.000000e+00
   outer loop
     vertex  2.845378e-01  3.666001e+01  1.500003e+00
     vertex  1.764282e-02  3.618534e+01  1.500003e+00
     vertex  8.147358e-01  3.698243e+01  1.500003e+00
   endloop
 endfacet
 facet normal  0.000000e+00  0.000000e+00  1.000000e+00
   outer loop
     vertex  2.845378e-01  3.666001e+01  1.500003e+00
     vertex  1.424161e-01  3.647260e+01  1.500003e+00
     vertex  1.764282e-02  3.618534e+01  1.500003e+00
   endloop
 endfacet
 facet normal  0.000000e+00  0.000000e+00  1.000000e+00
   outer loop
     vertex  2.845378e-01  3.666001e+01  1.500003e+00
     vertex  2.329309e-01  3.660083e+01  1.500003e+00
     vertex  1.424161e-01  3.647260e+01  1.500003e+00
   endloop
 endfacet
 facet normal  0.000000e+00  0.000000e+00  1.000000e+00
   outer loop
     vertex  2.845378e-01  3.666001e+01  1.500003e+00
     vertex  3.992487e-01  3.676715e+01  1.500003e+00
     vertex  3.400634e-01  3.671554e+01  1.500003e+00
   endloop
 endfacet
 facet normal  0.000000e+00  0.000000e+00  1.000000e+00
   outer loop
     vertex  2.845378e-01  3.666001e+01  1.500003e+00
     vertex  4.618178e-01  3.681459e+01  1.500003e+00
     vertex  3.992487e-01  3.676715e+01  1.500003e+00
   endloop
 endfacet
 facet normal  0.000000e+00  0.000000e+00  1.000000e+00
   outer loop
     vertex  2.845378e-01  3.666001e+01  1.500003e+00
     vertex  8.147358e-01  3.698243e+01  1.500003e+00
     vertex  4.618178e-01  3.681459e+01  1.500003e+00
   endloop
 endfacet
 facet normal  0.000000e+00 -8.652009e-16  1.000000e+00
   outer loop
     vertex  1.125004e+00  3.702508e+01  1.500003e+00
     vertex  1.487555e+01  3.599852e+01  1.500003e+00
     vertex  2.887506e+01  3.702508e+01  1.500003e+00
   endloop
 endfacet
 facet normal -8.082286e-16  1.015688e-14  1.000000e+00
   outer loop
     vertex  1.487555e+01  3.599852e+01  1.500003e+00
     vertex  1.531761e+01  3.598998e+01  1.500003e+00
     vertex  2.887506e+01  3.702508e+01  1.500003e+00
   endloop
 endfacet
 facet normal -1.921191e-17 -1.773975e-16  1.000000e+00
   outer loop
     vertex  1.531761e+01  3.598998e+01  1.500003e+00
     vertex  1.575809e+01  3.594227e+01  1.500003e+00
     vertex  2.887506e+01  3.702508e+01  1.500003e+00
   endloop
 endfacet
 facet normal -1.733663e-16  1.690007e-15  1.000000e+00
   outer loop
     vertex  1.575809e+01  3.594227e+01  1.500003e+00
     vertex  1.619348e+01  3.585555e+01  1.500003e+00
     vertex  2.887506e+01  3.702508e+01  1.500003e+00
   endloop
 endfacet
 facet normal  8.167169e-16  1.007457e-14  1.000000e+00
   outer loop
     vertex  1.125004e+00  3.702508e+01  1.500003e+00
     vertex  1.443537e+01  3.596808e+01  1.500003e+00
     vertex  1.487555e+01  3.599852e+01  1.500003e+00
   endloop
 endfacet
 facet normal -1.593025e-16 -2.216114e-15  1.000000e+00
   outer loop
     vertex  1.125004e+00  3.702508e+01  1.500003e+00
     vertex  1.400051e+01  3.589915e+01  1.500003e+00
     vertex  1.443537e+01  3.596808e+01  1.500003e+00
   endloop
 endfacet
 facet normal  8.880882e-15  0.000000e+00  1.000000e+00
   outer loop
     vertex  3.002506e+01  3.587507e+01  1.500003e+00
     vertex  3.000006e+01  2.100004e+01  1.500003e+00
     vertex  3.002506e+01  1.125004e+00  1.500003e+00
   endloop
 endfacet
 facet normal -8.880882e-15 -1.383201e-31  1.000000e+00
   outer loop
     vertex -2.500254e-02  1.125004e+00  1.500003e+00
     vertex  0.000000e+00  2.100004e+01  1.500003e+00
     vertex -2.500254e-02  3.587507e+01  1.500003e+00
   endloop
 endfacet
 facet normal  0.000000e+00 -2.166278e-16  1.000000e+00
   outer loop
     vertex  0.000000e+00  1.000003e+00  1.500003e+00
     vertex  2.887506e+01 -2.500254e-02  1.500003e+00
     vertex  3.000006e+01  1.000003e+00  1.500003e+00
   endloop
 endfacet
 facet normal -5.200102e-33 -2.166278e-16  1.000000e+00
   outer loop
     vertex  0.000000e+00  1.000003e+00  1.500003e+00
     vertex  1.125004e+00 -2.500254e-02  1.500003e+00
     vertex  2.887506e+01 -2.500254e-02  1.500003e+00
   endloop
 endfacet
 facet normal  8.880882e-15 -0.000000e+00  1.000000e+00
   outer loop
     vertex  3.000006e+01  1.000003e+00  1.500003e+00
     vertex  3.002506e+01  1.125004e+00  1.500003e+00
     vertex  3.000006e+01  2.100004e+01  1.500003e+00
   endloop
 endfacet
 facet normal  0.000000e+00  8.879923e-17  1.000000e+00
   outer loop
     vertex  3.000006e+01  2.100004e+01  1.500003e+00
     vertex  1.510203e+01  2.600109e+01  1.500003e+00
     vertex  0.000000e+00  2.100004e+01  1.500003e+00
   endloop
 endfacet
 facet normal  1.700258e-18  8.366484e-17  1.000000e+00
   outer loop
     vertex  1.510203e+01  2.600109e+01  1.500003e+00
     vertex  1.469502e+01  2.600936e+01  1.500003e+00
     vertex  0.000000e+00  2.100004e+01  1.500003e+00
   endloop
 endfacet
 facet normal -4.140877e-16  1.303394e-15  1.000000e+00
   outer loop
     vertex  1.469502e+01  2.600936e+01  1.500003e+00
     vertex  1.428930e+01  2.605082e+01  1.500003e+00
     vertex  0.000000e+00  2.100004e+01  1.500003e+00
   endloop
 endfacet
 facet normal  9.216292e-16  2.834316e-15  1.000000e+00
   outer loop
     vertex  3.000006e+01  2.100004e+01  1.500003e+00
     vertex  1.550763e+01  2.602588e+01  1.500003e+00
     vertex  1.510203e+01  2.600109e+01  1.500003e+00
   endloop
 endfacet
 facet normal -4.092367e-16 -1.003346e-15  1.000000e+00
   outer loop
     vertex  3.000006e+01  2.100004e+01  1.500003e+00
     vertex  1.590919e+01  2.608340e+01  1.500003e+00
     vertex  1.550763e+01  2.602588e+01  1.500003e+00
   endloop
 endfacet
 facet normal -8.880882e-15  0.000000e+00  1.000000e+00
   outer loop
     vertex  0.000000e+00  2.100004e+01  1.500003e+00
     vertex -2.500254e-02  1.125004e+00  1.500003e+00
     vertex  0.000000e+00  1.000003e+00  1.500003e+00
   endloop
 endfacet
 facet normal  1.000000e+00  0.000000e+00  0.000000e+00
   outer loop
     vertex  0.000000e+00  2.100004e+01 -3.500008e+00
     vertex  0.000000e+00  1.000003e+00  1.500003e+00
     vertex  0.000000e+00  1.000003e+00 -3.500008e+00
   endloop
 endfacet
 facet normal  1.000000e+00  0.000000e+00 -0.000000e+00
   outer loop
     vertex  0.000000e+00  2.100004e+01 -3.500008e+00
     vertex  0.000000e+00  2.100004e+01  1.500003e+00
     vertex  0.000000e+00  1.000003e+00  1.500003e+00
   endloop
 endfacet
 facet normal -0.000000e+00  1.000000e+00  0.000000e+00
   outer loop
     vertex  0.000000e+00  1.000003e+00  1.500003e+00
     vertex  3.000006e+01  1.000003e+00  1.500003e+00
     vertex  3.000006e+01  1.000003e+00 -3.500008e+00
   endloop
 endfacet
 facet normal  0.000000e+00  1.000000e+00  0.000000e+00
   outer loop
     vertex  0.000000e+00  1.000003e+00 -3.500008e+00
     vertex  0.000000e+00  1.000003e+00  1.500003e+00
     vertex  3.000006e+01  1.000003e+00 -3.500008e+00
   endloop
 endfacet
 facet normal -0.000000e+00 -1.000000e+00  0.000000e+00
   outer loop
     vertex  3.000006e+01  2.100004e+01  1.500003e+00
     vertex  0.000000e+00  2.100004e+01  1.500003e+00
     vertex  0.000000e+00  2.100004e+01 -3.500008e+00
   endloop
 endfacet
 facet normal  0.000000e+00 -1.000000e+00  0.000000e+00
   outer loop
     vertex  3.000006e+01  2.100004e+01 -3.500008e+00
     vertex  3.000006e+01  2.100004e+01  1.500003e+00
     vertex  0.000000e+00  2.100004e+01 -3.500008e+00
   endloop
 endfacet
 facet normal -1.000000e+00  0.000000e+00  0.000000e+00
   outer loop
     vertex  3.000006e+01  1.000003e+00 -3.500008e+00
     vertex  3.000006e+01  2.100004e+01  1.500003e+00
     vertex  3.000006e+01  2.100004e+01 -3.500008e+00
   endloop
 endfacet
 facet normal -1.000000e+00  0.000000e+00  0.000000e+00
   outer loop
     vertex  3.000006e+01  1.000003e+00 -3.500008e+00
     vertex  3.000006e+01  1.000003e+00  1.500003e+00
     vertex  3.000006e+01  2.100004e+01  1.500003e+00
   endloop
 endfacet
 facet normal  0.000000e+00  0.000000e+00  1.000000e+00
   outer loop
     vertex  0.000000e+00  1.000003e+00 -3.500008e+00
     vertex  3.000006e+01  1.000003e+00 -3.500008e+00
     vertex  3.000006e+01  2.100004e+01 -3.500008e+00
   endloop
 endfacet
 facet normal -0.000000e+00  0.000000e+00  1.000000e+00
   outer loop
     vertex  0.000000e+00  2.100004e+01 -3.500008e+00
     vertex  0.000000e+00  1.000003e+00 -3.500008e+00
     vertex  3.000006e+01  2.100004e+01 -3.500008e+00
   endloop
 endfacet
endsolid
