Actual,Predicted,Method,Residual,AbsoluteError
38.3,38.239046553636335,Full TH-SHRC,0.06095344636366207,0.06095344636366207
38.3,38.25845076640236,Full TH-SHRC,0.04154923359763529,0.04154923359763529
38.7,38.6812178001867,Full TH-SHRC,0.01878219981330176,0.01878219981330176
38.4,38.509484393243504,Full TH-SHRC,-0.10948439324350545,0.10948439324350545
38.4,38.50822558478585,Full TH-SHRC,-0.1082255847858491,0.1082255847858491
38.3,38.24254197259352,Full TH-SHRC,0.057458027406475765,0.057458027406475765
38.0,38.02339733181096,Full TH-SHRC,-0.02339733181096193,0.02339733181096193
39.1,39.11682032614151,Full TH-SHRC,-0.01682032614150586,0.01682032614150586
39.3,39.28526959426917,Full TH-SHRC,0.014730405730830398,0.014730405730830398
39.2,39.20402363377234,Full TH-SHRC,-0.0040236337723342785,0.0040236337723342785
39.0,39.00756465346638,Full TH-SHRC,-0.007564653466381799,0.007564653466381799
40.0,40.016660814980106,Full TH-SHRC,-0.01666081498010641,0.01666081498010641
39.2,39.22758079305443,Full TH-SHRC,-0.027580793054426067,0.027580793054426067
38.1,38.0745091124222,Full TH-SHRC,0.025490887577802823,0.025490887577802823
38.5,38.64570003900256,Full TH-SHRC,-0.14570003900256268,0.14570003900256268
38.5,38.649320174337234,Full TH-SHRC,-0.14932017433723388,0.14932017433723388
38.5,38.44538295414607,Full TH-SHRC,0.05461704585393079,0.05461704585393079
38.4,38.38707521784976,Full TH-SHRC,0.01292478215023607,0.01292478215023607
38.9,38.872262250358204,Full TH-SHRC,0.027737749641794096,0.027737749641794096
38.2,38.17179790536659,Full TH-SHRC,0.028202094633414276,0.028202094633414276
38.0,37.98465021458757,Full TH-SHRC,0.015349785412432482,0.015349785412432482
38.2,38.18477008617974,Full TH-SHRC,0.015229913820263619,0.015229913820263619
38.1,38.07069679863984,Full TH-SHRC,0.02930320136016462,0.02930320136016462
38.1,38.063249310154326,Full TH-SHRC,0.03675068984567531,0.03675068984567531
38.9,38.89013637875697,Full TH-SHRC,0.009863621243027865,0.009863621243027865
38.5,38.520739356011866,Full TH-SHRC,-0.02073935601186605,0.02073935601186605
39.1,39.04951781273833,Full TH-SHRC,0.05048218726167164,0.05048218726167164
39.1,39.03175126484796,Full TH-SHRC,0.06824873515203933,0.06824873515203933
39.1,39.06737687171214,Full TH-SHRC,0.032623128287859515,0.032623128287859515
38.5,38.50141148276471,Full TH-SHRC,-0.0014114827647091488,0.0014114827647091488
38.9,38.23646764092013,Full TH-SHRC,0.6635323590798663,0.6635323590798663
38.9,38.23658507614986,Full TH-SHRC,0.6634149238501408,0.6634149238501408
39.2,39.17036817759875,Full TH-SHRC,0.029631822401249508,0.029631822401249508
38.7,38.6645271027756,Full TH-SHRC,0.035472897224401834,0.035472897224401834
38.6,38.63582888725916,Full TH-SHRC,-0.03582888725915723,0.03582888725915723
38.8,38.791325761442096,Full TH-SHRC,0.008674238557901504,0.008674238557901504
38.3,38.29400559226124,Full TH-SHRC,0.005994407738754148,0.005994407738754148
38.1,38.10398173590873,Full TH-SHRC,-0.003981735908730855,0.003981735908730855
38.7,38.65404922572488,Full TH-SHRC,0.045950774275119954,0.045950774275119954
39.5,39.394545212370005,Full TH-SHRC,0.10545478762999494,0.10545478762999494
38.0,37.99769983197476,Full TH-SHRC,0.0023001680252434653,0.0023001680252434653
38.3,38.290663050894175,Full TH-SHRC,0.009336949105822612,0.009336949105822612
38.5,38.46374898563416,Full TH-SHRC,0.03625101436583833,0.03625101436583833
38.0,37.99980517844922,Full TH-SHRC,0.00019482155077810148,0.00019482155077810148
37.5,37.66777546402361,Full TH-SHRC,-0.1677754640236131,0.1677754640236131
37.5,37.666079656828806,Full TH-SHRC,-0.16607965682880632,0.16607965682880632
38.0,37.98637164371164,Full TH-SHRC,0.01362835628835768,0.01362835628835768
39.0,39.2070545103233,Full TH-SHRC,-0.20705451032330302,0.20705451032330302
38.3,38.324924165262125,Full TH-SHRC,-0.02492416526212793,0.02492416526212793
38.3,38.47423838580755,Full TH-SHRC,-0.17423838580755557,0.17423838580755557
38.8,38.60848493040854,Full TH-SHRC,0.19151506959146047,0.19151506959146047
39.0,39.01633377328498,Full TH-SHRC,-0.01633377328497687,0.01633377328497687
39.9,39.88540188114656,Full TH-SHRC,0.014598118853442088,0.014598118853442088
39.4,39.40616526785639,Full TH-SHRC,-0.006165267856388823,0.006165267856388823
38.1,38.34284512367657,Full TH-SHRC,-0.24284512367656674,0.24284512367656674
38.1,38.290709598735,Full TH-SHRC,-0.1907095987349976,0.1907095987349976
38.8,38.81047360496613,Full TH-SHRC,-0.010473604966129813,0.010473604966129813
38.4,38.49839354005401,Full TH-SHRC,-0.09839354005401191,0.09839354005401191
38.3,38.23250111821135,Full TH-SHRC,0.06749888178864438,0.06749888178864438
39.7,39.71564299426979,Full TH-SHRC,-0.015642994269789767,0.015642994269789767
39.6,39.60129967651978,Full TH-SHRC,-0.0012996765197783589,0.0012996765197783589
39.2,39.20195856503849,Full TH-SHRC,-0.0019585650384854603,0.0019585650384854603
38.1,38.12116832890243,Full TH-SHRC,-0.02116832890242648,0.02116832890242648
38.5,38.72936381458528,Full TH-SHRC,-0.22936381458527677,0.22936381458527677
38.5,38.50079476044965,Full TH-SHRC,-0.0007947604496507665,0.0007947604496507665
38.0,37.980210487785946,Full TH-SHRC,0.019789512214053673,0.019789512214053673
38.0,37.98417758261223,Full TH-SHRC,0.015822417387767018,0.015822417387767018
38.2,38.18076381245015,Full TH-SHRC,0.01923618754985057,0.01923618754985057
38.6,38.60340750965108,Full TH-SHRC,-0.003407509651076168,0.003407509651076168
38.5,38.523948319271625,Full TH-SHRC,-0.023948319271624996,0.023948319271624996
39.1,39.09459821852908,Full TH-SHRC,0.005401781470922629,0.005401781470922629
38.7,38.65854442693984,Full TH-SHRC,0.04145557306016201,0.04145557306016201
39.4,39.24375386340631,Full TH-SHRC,0.1562461365936869,0.1562461365936869
38.7,38.6468037194536,Full TH-SHRC,0.05319628054640191,0.05319628054640191
39.5,39.39803492485255,Full TH-SHRC,0.10196507514744724,0.10196507514744724
38.3,38.29605325079647,Full TH-SHRC,0.0039467492035285545,0.0039467492035285545
38.5,38.48090146696415,Full TH-SHRC,0.019098533035851517,0.019098533035851517
38.5,38.40333784048292,Full TH-SHRC,0.09666215951708068,0.09666215951708068
38.0,37.97522359342937,Full TH-SHRC,0.024776406570630627,0.024776406570630627
39.2,39.185784511779225,Full TH-SHRC,0.014215488220777672,0.014215488220777672
38.8,38.54189567922226,Full TH-SHRC,0.2581043207777398,0.2581043207777398
39.1,39.08190499360579,Full TH-SHRC,0.01809500639421202,0.01809500639421202
40.1,39.96627860164304,Full TH-SHRC,0.13372139835696117,0.13372139835696117
39.4,39.42408752443916,Full TH-SHRC,-0.02408752443916029,0.02408752443916029
39.9,39.866541240128186,Full TH-SHRC,0.033458759871813015,0.033458759871813015
39.5,39.393338099869005,Full TH-SHRC,0.10666190013099452,0.10666190013099452
39.6,39.783918498462654,Full TH-SHRC,-0.18391849846265274,0.18391849846265274
39.2,39.09009853190078,Full TH-SHRC,0.10990146809922408,0.10990146809922408
40.4,40.112307406822346,Full TH-SHRC,0.2876925931776526,0.2876925931776526
39.5,39.62325105290765,Full TH-SHRC,-0.12325105290764782,0.12325105290764782
40.4,40.49618745626638,Full TH-SHRC,-0.09618745626637804,0.09618745626637804
39.4,39.43873538040184,Full TH-SHRC,-0.03873538040183888,0.03873538040183888
39.0,39.09309252144608,Full TH-SHRC,-0.09309252144608138,0.09309252144608138
39.5,39.85675924961696,Full TH-SHRC,-0.3567592496169567,0.3567592496169567
40.6,40.33076957618878,Full TH-SHRC,0.26923042381122286,0.26923042381122286
38.5,38.78614145990987,Full TH-SHRC,-0.28614145990987083,0.28614145990987083
38.9,39.60349480029495,Full TH-SHRC,-0.7034948002949548,0.7034948002949548
39.6,39.696370106739344,Full TH-SHRC,-0.09637010673934299,0.09637010673934299
38.9,39.21143250525115,Full TH-SHRC,-0.3114325052511546,0.3114325052511546
38.5,38.717103818237625,Full TH-SHRC,-0.21710381823762503,0.21710381823762503
39.2,39.31882030234473,Full TH-SHRC,-0.11882030234473007,0.11882030234473007
39.7,39.28409649597717,Full TH-SHRC,0.41590350402283605,0.41590350402283605
39.8,39.63202996753157,Full TH-SHRC,0.1679700324684248,0.1679700324684248
38.5,39.10695562053033,Full TH-SHRC,-0.6069556205303286,0.6069556205303286
40.0,39.60406554014168,Full TH-SHRC,0.3959344598583172,0.3959344598583172
39.7,39.72819555764762,Full TH-SHRC,-0.02819555764761361,0.02819555764761361
38.6,38.810597039353055,Full TH-SHRC,-0.21059703935305407,0.21059703935305407
38.6,38.751429784170256,Full TH-SHRC,-0.15142978417025432,0.15142978417025432
38.0,38.36888286299591,Full TH-SHRC,-0.36888286299591044,0.36888286299591044
38.2,38.70404820797651,Full TH-SHRC,-0.5040482079765098,0.5040482079765098
40.4,40.42292070340574,Full TH-SHRC,-0.022920703405738152,0.022920703405738152
39.2,38.910784802226864,Full TH-SHRC,0.28921519777313875,0.28921519777313875
38.1,38.32399629916014,Full TH-SHRC,-0.22399629916014163,0.22399629916014163
38.3,38.39323599312763,Full TH-SHRC,-0.0932359931276352,0.0932359931276352
38.5,38.47061350896372,Full TH-SHRC,0.029386491036277107,0.029386491036277107
38.4,38.380270879474686,Full TH-SHRC,0.019729120525312283,0.019729120525312283
38.3,38.28565487779542,Full TH-SHRC,0.014345122204574068,0.014345122204574068
38.5,38.489354126558105,Full TH-SHRC,0.010645873441895048,0.010645873441895048
38.0,38.035493782269306,Full TH-SHRC,-0.035493782269305996,0.035493782269305996
39.5,39.49293148460538,Full TH-SHRC,0.0070685153946215,0.0070685153946215
38.8,38.80807507989739,Full TH-SHRC,-0.008075079897395199,0.008075079897395199
39.0,39.006617971831126,Full TH-SHRC,-0.006617971831126113,0.006617971831126113
38.9,38.916542595202735,Full TH-SHRC,-0.016542595202736265,0.016542595202736265
39.6,39.61331994228588,Full TH-SHRC,-0.013319942285875186,0.013319942285875186
38.2,38.15254521374324,Full TH-SHRC,0.04745478625676469,0.04745478625676469
38.1,38.0850840110562,Full TH-SHRC,0.014915988943798197,0.014915988943798197
38.5,38.44615726963205,Full TH-SHRC,0.053842730367946956,0.053842730367946956
38.5,38.48758685648994,Full TH-SHRC,0.012413143510059399,0.012413143510059399
38.4,38.409073890788775,Full TH-SHRC,-0.00907389078877685,0.00907389078877685
38.0,37.96924539770938,Full TH-SHRC,0.03075460229062088,0.03075460229062088
39.2,39.11066898459735,Full TH-SHRC,0.08933101540264943,0.08933101540264943
38.3,38.25576654783526,Full TH-SHRC,0.04423345216473962,0.04423345216473962
38.4,38.34882160396224,Full TH-SHRC,0.05117839603775565,0.05117839603775565
38.2,38.17120920591493,Full TH-SHRC,0.028790794085075788,0.028790794085075788
38.1,38.23489120117129,Full TH-SHRC,-0.1348912011712855,0.1348912011712855
41.5,41.28775666605784,Full TH-SHRC,0.21224333394216188,0.21224333394216188
38.7,38.72185485682131,Full TH-SHRC,-0.021854856821306612,0.021854856821306612
38.6,38.60561362739392,Full TH-SHRC,-0.00561362739392024,0.00561362739392024
38.5,38.48048642736706,Full TH-SHRC,0.019513572632938292,0.019513572632938292
38.2,38.23951897644604,Full TH-SHRC,-0.039518976446039744,0.039518976446039744
38.5,38.49040272814115,Full TH-SHRC,0.009597271858851286,0.009597271858851286
39.1,39.07705364281523,Full TH-SHRC,0.02294635718477167,0.02294635718477167
38.6,38.6025312505621,Full TH-SHRC,-0.00253125056210024,0.00253125056210024
38.9,38.8560919623217,Full TH-SHRC,0.04390803767829965,0.04390803767829965
38.0,38.0186604871702,Full TH-SHRC,-0.018660487170201634,0.018660487170201634
38.3,38.29398144525168,Full TH-SHRC,0.0060185547483158075,0.0060185547483158075
39.4,39.21600276570384,Full TH-SHRC,0.18399723429615733,0.18399723429615733
38.1,38.07056142897882,Full TH-SHRC,0.029438571021181303,0.029438571021181303
38.1,38.10437872230685,Full TH-SHRC,-0.004378722306846328,0.004378722306846328
39.0,38.90325548957416,Full TH-SHRC,0.09674451042584309,0.09674451042584309
39.5,39.37754476499315,Full TH-SHRC,0.12245523500685351,0.12245523500685351
38.2,38.16507043034051,Full TH-SHRC,0.034929569659489346,0.034929569659489346
38.5,38.44659986957341,Full TH-SHRC,0.05340013042658853,0.05340013042658853
38.2,38.147379986891664,Full TH-SHRC,0.052620013108338526,0.052620013108338526
38.0,37.98372581611971,Full TH-SHRC,0.01627418388029156,0.01627418388029156
38.0,37.9607776681141,Full TH-SHRC,0.039222331885902406,0.039222331885902406
39.0,39.13908089910535,Full TH-SHRC,-0.13908089910535182,0.13908089910535182
38.8,38.76672447242181,Full TH-SHRC,0.03327552757819063,0.03327552757819063
38.3,38.30857953147926,Full TH-SHRC,-0.00857953147926338,0.00857953147926338
39.0,38.99995060019666,Full TH-SHRC,4.939980333773519e-05,4.939980333773519e-05
39.0,38.99427610570406,Full TH-SHRC,0.005723894295940113,0.005723894295940113
39.1,39.090775141926144,Full TH-SHRC,0.009224858073856979,0.009224858073856979
39.0,38.99562288858127,Full TH-SHRC,0.0043771114187265425,0.0043771114187265425
39.1,39.26156817857494,Full TH-SHRC,-0.16156817857493877,0.16156817857493877
38.4,38.71041188696139,Full TH-SHRC,-0.3104118869613899,0.3104118869613899
38.2,38.67986154183901,Full TH-SHRC,-0.4798615418390071,0.4798615418390071
38.7,38.68651272687994,Full TH-SHRC,0.013487273120063037,0.013487273120063037
38.5,38.47986164531381,Full TH-SHRC,0.020138354686189075,0.020138354686189075
38.0,37.96729351055877,Full TH-SHRC,0.03270648944123167,0.03270648944123167
39.2,39.209834082966495,Full TH-SHRC,-0.00983408296649202,0.00983408296649202
38.9,38.889916153117774,Full TH-SHRC,0.010083846882224634,0.010083846882224634
40.0,40.04714825270504,Full TH-SHRC,-0.04714825270504264,0.04714825270504264
38.1,38.05852709957604,Full TH-SHRC,0.04147290042396179,0.04147290042396179
38.1,38.06980713750978,Full TH-SHRC,0.03019286249022457,0.03019286249022457
38.4,38.3773480183628,Full TH-SHRC,0.022651981637196172,0.022651981637196172
38.9,38.89584126931458,Full TH-SHRC,0.004158730685418277,0.004158730685418277
38.2,38.17232076446078,Full TH-SHRC,0.027679235539224578,0.027679235539224578
38.3,38.26785564201067,Full TH-SHRC,0.032144357989324135,0.032144357989324135
38.7,38.68488889921582,Full TH-SHRC,0.015111100784181986,0.015111100784181986
38.5,38.58246683125015,Full TH-SHRC,-0.08246683125015153,0.08246683125015153
39.1,39.10516981174921,Full TH-SHRC,-0.0051698117492051665,0.0051698117492051665
38.9,38.889916153117774,Full TH-SHRC,0.010083846882224634,0.010083846882224634
38.8,38.79117699809723,Full TH-SHRC,0.008823001902769079,0.008823001902769079
38.1,38.06980713750978,Full TH-SHRC,0.03019286249022457,0.03019286249022457
39.0,38.99242978006878,Full TH-SHRC,0.007570219931217537,0.007570219931217537
38.2,38.163191370793385,Full TH-SHRC,0.03680862920661809,0.03680862920661809
38.0,37.95386282835875,Full TH-SHRC,0.04613717164124864,0.04613717164124864
38.0,37.96729351055877,Full TH-SHRC,0.03270648944123167,0.03270648944123167
39.0,39.23244428621325,Full TH-SHRC,-0.23244428621325142,0.23244428621325142
38.6,38.58184845566265,Full TH-SHRC,0.01815154433734989,0.01815154433734989
39.1,39.23244428621325,Full TH-SHRC,-0.13244428621325,0.13244428621325
39.9,39.94248398148775,Full TH-SHRC,-0.04248398148774868,0.04248398148774868
39.3,39.46928712306741,Full TH-SHRC,-0.1692871230674129,0.1692871230674129
39.3,39.59043153847233,Full TH-SHRC,-0.2904315384723333,0.2904315384723333
39.4,39.248344392211024,Full TH-SHRC,0.15165560778897458,0.15165560778897458
39.1,39.20416897490939,Full TH-SHRC,-0.10416897490939192,0.10416897490939192
39.1,39.17979553025526,Full TH-SHRC,-0.07979553025526087,0.07979553025526087
40.2,40.19049237131971,Full TH-SHRC,0.009507628680289315,0.009507628680289315
39.5,39.38443052778362,Full TH-SHRC,0.1155694722163787,0.1155694722163787
40.8,40.39010303927639,Full TH-SHRC,0.40989696072360715,0.40989696072360715
39.5,39.486176547762696,Full TH-SHRC,0.013823452237303968,0.013823452237303968
39.8,39.519060106094926,Full TH-SHRC,0.2809398939050709,0.2809398939050709
40.0,39.46290877341728,Full TH-SHRC,0.5370912265827172,0.5370912265827172
39.8,39.50198690112813,Full TH-SHRC,0.2980130988718699,0.2980130988718699
38.5,39.35188779674269,Full TH-SHRC,-0.8518877967426874,0.8518877967426874
40.0,39.50415322125298,Full TH-SHRC,0.49584677874702265,0.49584677874702265
38.2,38.300985106595824,Full TH-SHRC,-0.1009851065958216,0.1009851065958216
38.3,38.70916991696783,Full TH-SHRC,-0.40916991696783356,0.40916991696783356
39.0,39.597516391302406,Full TH-SHRC,-0.5975163913024062,0.5975163913024062
38.4,38.87230367202084,Full TH-SHRC,-0.47230367202084267,0.47230367202084267
40.1,39.16586777012158,Full TH-SHRC,0.934132229878422,0.934132229878422
39.7,38.84963501432453,Full TH-SHRC,0.8503649856754762,0.8503649856754762
39.2,38.83983471639484,Full TH-SHRC,0.36016528360516276,0.36016528360516276
40.2,38.85912969721327,Full TH-SHRC,1.3408703027867332,1.3408703027867332
39.3,39.108423121629485,Full TH-SHRC,0.19157687837051185,0.19157687837051185
39.2,39.27530002953394,Full TH-SHRC,-0.07530002953393478,0.07530002953393478
38.4,38.25427209240904,Full TH-SHRC,0.14572790759095966,0.14572790759095966
38.7,39.10386311563634,Full TH-SHRC,-0.4038631156363337,0.4038631156363337
38.5,38.78804283681183,Full TH-SHRC,-0.28804283681183307,0.28804283681183307
40.2,40.57806295881421,Full TH-SHRC,-0.3780629588142048,0.3780629588142048
38.2,38.220371748559785,Full TH-SHRC,-0.020371748559782077,0.020371748559782077
38.4,38.22350973321692,Full TH-SHRC,0.17649026678307678,0.17649026678307678
38.5,38.48687001972206,Full TH-SHRC,0.013129980277938103,0.013129980277938103
38.5,38.40743439177061,Full TH-SHRC,0.09256560822939264,0.09256560822939264
38.5,38.40760825079331,Full TH-SHRC,0.09239174920669058,0.09239174920669058
38.5,38.49413076274226,Full TH-SHRC,0.005869237257741133,0.005869237257741133
39.0,38.962160966703074,Full TH-SHRC,0.03783903329692606,0.03783903329692606
38.2,38.2788023270613,Full TH-SHRC,-0.07880232706129675,0.07880232706129675
39.5,39.502422869043045,Full TH-SHRC,-0.002422869043044784,0.002422869043044784
39.1,39.10317362580324,Full TH-SHRC,-0.003173625803235325,0.003173625803235325
39.2,39.18927872552604,Full TH-SHRC,0.010721274473965536,0.010721274473965536
38.9,38.917589654796096,Full TH-SHRC,-0.01758965479609742,0.01758965479609742
38.1,38.10184724888259,Full TH-SHRC,-0.0018472488825906908,0.0018472488825906908
38.1,38.11808533211557,Full TH-SHRC,-0.018085332115568065,0.018085332115568065
38.5,38.464288742140745,Full TH-SHRC,0.035711257859254886,0.035711257859254886
38.5,38.499129241303855,Full TH-SHRC,0.0008707586961449465,0.0008707586961449465
38.9,38.83850550032691,Full TH-SHRC,0.0614944996730884,0.0614944996730884
38.3,38.283543485219504,Full TH-SHRC,0.016456514780493592,0.016456514780493592
38.0,38.01884851947281,Full TH-SHRC,-0.01884851947281163,0.01884851947281163
38.0,38.01260105946625,Full TH-SHRC,-0.012601059466248898,0.012601059466248898
38.3,38.28088170198762,Full TH-SHRC,0.019118298012379853,0.019118298012379853
38.3,38.27898612021535,Full TH-SHRC,0.02101387978464686,0.02101387978464686
38.1,38.0848585143151,Full TH-SHRC,0.015141485684900147,0.015141485684900147
38.9,38.9022495483533,Full TH-SHRC,-0.002249548353304931,0.002249548353304931
38.6,38.67596745897821,Full TH-SHRC,-0.07596745897820512,0.07596745897820512
38.6,38.668524848403024,Full TH-SHRC,-0.06852484840302253,0.06852484840302253
38.5,38.655357957704624,Full TH-SHRC,-0.15535795770462357,0.15535795770462357
38.5,38.5527796953959,Full TH-SHRC,-0.05277969539589833,0.05277969539589833
38.6,38.3618640649653,Full TH-SHRC,0.23813593503469832,0.23813593503469832
39.1,39.07680289417,Full TH-SHRC,0.023197105830000453,0.023197105830000453
38.6,38.6111602392717,Full TH-SHRC,-0.01116023927169607,0.01116023927169607
39.2,39.1453804892396,Full TH-SHRC,0.0546195107604035,0.0546195107604035
38.1,38.2623354165265,Full TH-SHRC,-0.16233541652649564,0.16233541652649564
38.1,38.25767225557956,Full TH-SHRC,-0.15767225557955555,0.15767225557955555
39.4,39.294456127981945,Full TH-SHRC,0.10554387201805326,0.10554387201805326
38.7,38.20828595245844,Full TH-SHRC,0.49171404754156356,0.49171404754156356
38.7,38.20906139841658,Full TH-SHRC,0.49093860158342295,0.49093860158342295
38.2,38.571424487356886,Full TH-SHRC,-0.37142448735688305,0.37142448735688305
38.2,38.57934271937836,Full TH-SHRC,-0.3793427193783572,0.3793427193783572
38.0,38.05319152196693,Full TH-SHRC,-0.05319152196693011,0.05319152196693011
38.2,38.21060670531772,Full TH-SHRC,-0.0106067053177199,0.0106067053177199
38.5,38.3777334519212,Full TH-SHRC,0.12226654807879811,0.12226654807879811
38.1,38.09614221867787,Full TH-SHRC,0.0038577813221323254,0.0038577813221323254
39.2,39.13212624647895,Full TH-SHRC,0.06787375352105585,0.06787375352105585
38.8,38.761804959702445,Full TH-SHRC,0.03819504029755194,0.03819504029755194
38.4,38.41964637616572,Full TH-SHRC,-0.019646376165724178,0.019646376165724178
38.8,38.69754078338727,Full TH-SHRC,0.10245921661272916,0.10245921661272916
38.9,38.89984576716628,Full TH-SHRC,0.00015423283371518437,0.00015423283371518437
38.9,38.90154570204788,Full TH-SHRC,-0.0015457020478848449,0.0015457020478848449
39.9,39.844398220716926,Full TH-SHRC,0.05560177928307297,0.05560177928307297
39.4,39.37789582368849,Full TH-SHRC,0.022104176311508184,0.022104176311508184
39.3,39.29780490028531,Full TH-SHRC,0.0021950997146902296,0.0021950997146902296
38.0,38.30126124008885,Full TH-SHRC,-0.3012612400888486,0.3012612400888486
39.1,38.25977929062047,Full TH-SHRC,0.8402207093795298,0.8402207093795298
39.0,38.89069078416496,Full TH-SHRC,0.10930921583504016,0.10930921583504016
38.5,38.43576926712867,Full TH-SHRC,0.06423073287133008,0.06423073287133008
38.2,38.3935744759872,Full TH-SHRC,-0.193574475987198,0.193574475987198
39.1,39.1215139474152,Full TH-SHRC,-0.021513947415201073,0.021513947415201073
38.5,38.63022449954759,Full TH-SHRC,-0.1302244995475874,0.1302244995475874
38.5,38.43271189619757,Full TH-SHRC,0.06728810380243289,0.06728810380243289
38.5,38.42263660576408,Full TH-SHRC,0.07736339423591687,0.07736339423591687
38.0,38.05213642433911,Full TH-SHRC,-0.052136424339110476,0.052136424339110476
38.0,38.06549884231245,Full TH-SHRC,-0.06549884231245073,0.06549884231245073
38.1,38.274274451627925,Full TH-SHRC,-0.1742744516279231,0.1742744516279231
41.5,40.959036066840326,Full TH-SHRC,0.5409639331596736,0.5409639331596736
38.5,38.50742583457446,Full TH-SHRC,-0.007425834574462442,0.007425834574462442
38.0,38.11841766630347,Full TH-SHRC,-0.11841766630347195,0.11841766630347195
38.1,38.33625037111435,Full TH-SHRC,-0.23625037111435176,0.23625037111435176
38.1,38.225866440989336,Full TH-SHRC,-0.1258664409893342,0.1258664409893342
38.7,38.3294893755978,Full TH-SHRC,0.3705106244022005,0.3705106244022005
38.2,38.78028804306823,Full TH-SHRC,-0.5802880430682293,0.5802880430682293
38.1,38.11328914670532,Full TH-SHRC,-0.013289146705318444,0.013289146705318444
37.5,37.60472577294495,Full TH-SHRC,-0.10472577294495267,0.10472577294495267
38.4,38.471779294233016,Full TH-SHRC,-0.07177929423301777,0.07177929423301777
38.3,38.41691833397758,Full TH-SHRC,-0.11691833397757989,0.11691833397757989
39.4,39.32541417124621,Full TH-SHRC,0.07458582875378994,0.07458582875378994
39.0,38.969016471239385,Full TH-SHRC,0.03098352876061483,0.03098352876061483
39.1,39.37191002543787,Full TH-SHRC,-0.2719100254378688,0.2719100254378688
40.0,39.924354054424114,Full TH-SHRC,0.07564594557588578,0.07564594557588578
39.8,39.93282528933411,Full TH-SHRC,-0.13282528933411442,0.13282528933411442
38.6,38.94113970587117,Full TH-SHRC,-0.3411397058711714,0.3411397058711714
39.6,39.63960007741951,Full TH-SHRC,-0.03960007741950733,0.03960007741950733
38.6,39.49880250971779,Full TH-SHRC,-0.8988025097177896,0.8988025097177896
39.3,39.37655080110809,Full TH-SHRC,-0.0765508011080911,0.0765508011080911
40.6,40.44384654894706,Full TH-SHRC,0.1561534510529441,0.1561534510529441
39.0,39.11212365244342,Full TH-SHRC,-0.11212365244342237,0.11212365244342237
39.5,39.51527383920829,Full TH-SHRC,-0.015273839208290951,0.015273839208290951
39.4,39.53209959914663,Full TH-SHRC,-0.13209959914663472,0.13209959914663472
39.3,39.036279843310936,Full TH-SHRC,0.263720156689061,0.263720156689061
39.4,39.686931958530494,Full TH-SHRC,-0.286931958530495,0.286931958530495
38.5,38.79995639723368,Full TH-SHRC,-0.29995639723367873,0.29995639723367873
38.2,38.34848631453329,Full TH-SHRC,-0.14848631453328665,0.14848631453328665
38.2,38.35583464692724,Full TH-SHRC,-0.15583464692723936,0.15583464692723936
40.0,39.24811100645142,Full TH-SHRC,0.7518889935485831,0.7518889935485831
38.5,38.60603866212211,Full TH-SHRC,-0.10603866212210988,0.10603866212210988
39.7,39.45093110896719,Full TH-SHRC,0.24906889103281316,0.24906889103281316
39.6,39.42288232708404,Full TH-SHRC,0.17711767291596203,0.17711767291596203
40.7,39.329462415469074,Full TH-SHRC,1.370537584530929,1.370537584530929
40.6,39.3319335549542,Full TH-SHRC,1.268066445045804,1.268066445045804
39.3,39.18392237343265,Full TH-SHRC,0.11607762656734621,0.11607762656734621
39.0,39.1905811206477,Full TH-SHRC,-0.19058112064769972,0.19058112064769972
38.0,38.3498500227104,Full TH-SHRC,-0.3498500227103989,0.3498500227103989
38.4,38.557348308431045,Full TH-SHRC,-0.15734830843104675,0.15734830843104675
40.5,40.39714155692494,Full TH-SHRC,0.10285844307505698,0.10285844307505698
38.3,38.31836257583106,Full TH-SHRC,-0.0183625758310626,0.0183625758310626
38.2,38.38710429692514,Full TH-SHRC,-0.18710429692513486,0.18710429692513486
39.0,38.95473981710774,Full TH-SHRC,0.04526018289225675,0.04526018289225675
38.8,38.78222102416623,Full TH-SHRC,0.017778975833763866,0.017778975833763866
39.0,38.96082170406776,Full TH-SHRC,0.03917829593223843,0.03917829593223843
38.6,38.50578860405646,Full TH-SHRC,0.09421139594353889,0.09421139594353889
38.6,38.484832072230496,Full TH-SHRC,0.11516792776950524,0.11516792776950524
38.2,38.21974518842628,Full TH-SHRC,-0.019745188426277593,0.019745188426277593
38.5,38.5359615666764,Full TH-SHRC,-0.035961566676398604,0.035961566676398604
39.3,39.28041075290801,Full TH-SHRC,0.01958924709198584,0.01958924709198584
39.7,39.71456708360681,Full TH-SHRC,-0.014567083606806364,0.014567083606806364
39.7,39.69861951203878,Full TH-SHRC,0.001380487961220922,0.001380487961220922
38.0,37.9853738807675,Full TH-SHRC,0.014626119232502788,0.014626119232502788
38.1,38.06909677535535,Full TH-SHRC,0.03090322464465345,0.03090322464465345
38.5,38.4529827948536,Full TH-SHRC,0.047017205146403285,0.047017205146403285
38.4,38.39230665075593,Full TH-SHRC,0.007693349244071612,0.007693349244071612
38.4,38.39551898202879,Full TH-SHRC,0.004481017971208701,0.004481017971208701
38.0,37.96251124702372,Full TH-SHRC,0.03748875297628018,0.03748875297628018
39.2,39.14774809136184,Full TH-SHRC,0.05225190863816209,0.05225190863816209
38.0,37.98017483566902,Full TH-SHRC,0.019825164330981693,0.019825164330981693
38.0,37.98181527092241,Full TH-SHRC,0.018184729077589168,0.018184729077589168
38.1,38.23742072969793,Full TH-SHRC,-0.1374207296979293,0.1374207296979293
41.5,41.4289170430219,Full TH-SHRC,0.07108295697810263,0.07108295697810263
38.5,38.359675063716814,Full TH-SHRC,0.14032493628318576,0.14032493628318576
38.5,38.39354684667414,Full TH-SHRC,0.10645315332585881,0.10645315332585881
38.5,38.59850628652087,Full TH-SHRC,-0.09850628652087323,0.09850628652087323
38.2,38.23046616163786,Full TH-SHRC,-0.030466161637853872,0.030466161637853872
38.3,38.29517563871605,Full TH-SHRC,0.004824361283944256,0.004824361283944256
39.0,38.496094056048825,Full TH-SHRC,0.5039059439511746,0.5039059439511746
39.0,38.48310593686272,Full TH-SHRC,0.5168940631372791,0.5168940631372791
38.9,38.87757885648904,Full TH-SHRC,0.022421143510960917,0.022421143510960917
38.3,38.29810411721088,Full TH-SHRC,0.0018958827891140118,0.0018958827891140118
38.7,38.67249253544288,Full TH-SHRC,0.02750746455712516,0.02750746455712516
38.1,38.07309176141304,Full TH-SHRC,0.02690823858696234,0.02690823858696234
38.1,38.1592367295278,Full TH-SHRC,-0.05923672952779668,0.05923672952779668
38.1,38.17229213254144,Full TH-SHRC,-0.07229213254144184,0.07229213254144184
39.0,38.94569022437288,Full TH-SHRC,0.05430977562711803,0.05430977562711803
38.2,38.19735486919146,Full TH-SHRC,0.0026451308085455594,0.0026451308085455594
38.5,38.456825575844974,Full TH-SHRC,0.04317442415502626,0.04317442415502626
38.1,38.05333251739901,Full TH-SHRC,0.04666748260099496,0.04666748260099496
38.1,38.028795755310426,Full TH-SHRC,0.07120424468957509,0.07120424468957509
38.0,37.96362658345143,Full TH-SHRC,0.03637341654857096,0.03637341654857096
38.4,38.39552237565415,Full TH-SHRC,0.004477624345845754,0.004477624345845754
39.4,39.40351104753194,Full TH-SHRC,-0.0035110475319442003,0.0035110475319442003
39.2,39.18482110437826,Full TH-SHRC,0.01517889562174446,0.01517889562174446
38.6,38.6165995400884,Full TH-SHRC,-0.016599540088400033,0.016599540088400033
39.1,39.32868955822549,Full TH-SHRC,-0.22868955822548998,0.22868955822548998
39.3,39.32803299546987,Full TH-SHRC,-0.02803299546987148,0.02803299546987148
37.9,38.37340950127074,Full TH-SHRC,-0.4734095012707442,0.4734095012707442
38.1,38.35125247021328,Full TH-SHRC,-0.2512524702132808,0.2512524702132808
38.4,38.37324137766888,Full TH-SHRC,0.02675862233111559,0.02675862233111559
38.6,38.516998023100406,Full TH-SHRC,0.08300197689959532,0.08300197689959532
39.3,39.30587288615297,Full TH-SHRC,-0.005872886152971546,0.005872886152971546
39.0,39.00955487258534,Full TH-SHRC,-0.00955487258534049,0.00955487258534049
38.0,37.96543302523595,Full TH-SHRC,0.03456697476404713,0.03456697476404713
38.9,38.88797477881293,Full TH-SHRC,0.012025221187066393,0.012025221187066393
39.2,39.19171749459121,Full TH-SHRC,0.008282505408793384,0.008282505408793384
38.4,38.36782307507178,Full TH-SHRC,0.032176924928215556,0.032176924928215556
38.1,38.27462255378963,Full TH-SHRC,-0.1746225537896251,0.1746225537896251
38.5,38.32681701642201,Full TH-SHRC,0.17318298357798767,0.17318298357798767
38.6,38.59115904768908,Full TH-SHRC,0.008840952310919192,0.008840952310919192
39.2,39.20946587134584,Full TH-SHRC,-0.00946587134583865,0.00946587134583865
38.3,38.27450824959177,Full TH-SHRC,0.025491750408228597,0.025491750408228597
38.1,38.06743280277322,Full TH-SHRC,0.032567197226782696,0.032567197226782696
38.3,38.27609220724379,Full TH-SHRC,0.023907792756205026,0.023907792756205026
38.5,38.47194579569762,Full TH-SHRC,0.028054204302378594,0.028054204302378594
38.2,38.15502706467167,Full TH-SHRC,0.04497293532833169,0.04497293532833169
38.8,38.79603007175013,Full TH-SHRC,0.003969928249865973,0.003969928249865973
38.3,38.44845996116564,Full TH-SHRC,-0.14845996116564208,0.14845996116564208
39.0,39.01032888260867,Full TH-SHRC,-0.010328882608668266,0.010328882608668266
38.9,38.90586647125911,Full TH-SHRC,-0.005866471259110995,0.005866471259110995
39.2,38.94287745910246,Full TH-SHRC,0.25712254089754083,0.25712254089754083
39.0,39.37482574925584,Full TH-SHRC,-0.3748257492558409,0.3748257492558409
39.4,39.538760706236445,Full TH-SHRC,-0.13876070623644665,0.13876070623644665
38.8,38.75999801259629,Full TH-SHRC,0.04000198740370564,0.04000198740370564
39.5,39.23475692909464,Full TH-SHRC,0.26524307090536325,0.26524307090536325
39.5,39.63363744346678,Full TH-SHRC,-0.13363744346678175,0.13363744346678175
40.5,40.43183040766531,Full TH-SHRC,0.06816959233469078,0.06816959233469078
38.7,39.59114751669694,Full TH-SHRC,-0.8911475166969396,0.8911475166969396
40.3,40.39397003761839,Full TH-SHRC,-0.09397003761839073,0.09397003761839073
39.1,39.00411412107138,Full TH-SHRC,0.09588587892861966,0.09588587892861966
38.6,38.70976086442471,Full TH-SHRC,-0.10976086442470745,0.10976086442470745
38.4,38.770959122892506,Full TH-SHRC,-0.37095912289250776,0.37095912289250776
39.4,39.75990109041437,Full TH-SHRC,-0.35990109041436824,0.35990109041436824
39.7,38.304608739511465,Full TH-SHRC,1.3953912604885375,1.3953912604885375
38.2,38.29505553865382,Full TH-SHRC,-0.095055538653817,0.095055538653817
38.8,39.209414028108135,Full TH-SHRC,-0.409414028108138,0.409414028108138
38.4,39.06423078313307,Full TH-SHRC,-0.6642307831330712,0.6642307831330712
39.9,39.819232123947565,Full TH-SHRC,0.08076787605243396,0.08076787605243396
39.4,39.707338300775966,Full TH-SHRC,-0.30733830077596735,0.30733830077596735
38.3,39.82542243985994,Full TH-SHRC,-1.5254224398599447,1.5254224398599447
39.1,39.22954489543359,Full TH-SHRC,-0.1295448954335896,0.1295448954335896
39.1,39.22480916377552,Full TH-SHRC,-0.12480916377551665,0.12480916377551665
38.6,38.343730483877,Full TH-SHRC,0.2562695161229982,0.2562695161229982
38.3,38.19990722701765,Full TH-SHRC,0.1000927729823502,0.1000927729823502
41.2,40.3165687553143,Full TH-SHRC,0.8834312446857027,0.8834312446857027
38.0,38.3890887191768,Full TH-SHRC,-0.3890887191767973,0.3890887191767973
39.0,38.92993450291876,Full TH-SHRC,0.07006549708123799,0.07006549708123799
38.8,38.76850171194542,Full TH-SHRC,0.03149828805457844,0.03149828805457844
38.7,38.6488919961134,Full TH-SHRC,0.05110800388660408,0.05110800388660408
38.4,38.37529688957202,Full TH-SHRC,0.02470311042797846,0.02470311042797846
38.5,38.556526832904375,Full TH-SHRC,-0.05652683290437466,0.05652683290437466
38.8,38.82300680683687,Full TH-SHRC,-0.02300680683687517,0.02300680683687517
40.0,39.98042761226727,Full TH-SHRC,0.019572387732729624,0.019572387732729624
39.6,39.59623095912228,Full TH-SHRC,0.0037690408777208972,0.0037690408777208972
39.2,39.21962789437735,Full TH-SHRC,-0.019627894377350685,0.019627894377350685
38.1,38.10668573145132,Full TH-SHRC,-0.0066857314513200095,0.0066857314513200095
38.0,37.99065262702565,Full TH-SHRC,0.009347372974346513,0.009347372974346513
38.2,38.174190104868245,Full TH-SHRC,0.0258098951317578,0.0258098951317578
38.9,38.81932319082125,Full TH-SHRC,0.08067680917874753,0.08067680917874753
38.9,38.8611312434115,Full TH-SHRC,0.03886875658849931,0.03886875658849931
38.0,37.97382218715602,Full TH-SHRC,0.026177812843982906,0.026177812843982906
38.2,38.16681812154604,Full TH-SHRC,0.03318187845396636,0.03318187845396636
38.4,38.362590655108114,Full TH-SHRC,0.03740934489188419,0.03740934489188419
38.1,38.21068650191574,Full TH-SHRC,-0.11068650191573681,0.11068650191573681
38.7,38.77537351701987,Full TH-SHRC,-0.0753735170198695,0.0753735170198695
38.6,38.621791442255805,Full TH-SHRC,-0.021791442255803872,0.021791442255803872
38.5,38.54744134086578,Full TH-SHRC,-0.047441340865781,0.047441340865781
39.1,39.082655314504095,Full TH-SHRC,0.01734468549590673,0.01734468549590673
38.3,38.31082891033814,Full TH-SHRC,-0.010828910338140929,0.010828910338140929
38.6,38.35010570240735,Full TH-SHRC,0.2498942975926539,0.2498942975926539
38.0,38.02499056693632,Full TH-SHRC,-0.024990566936317293,0.024990566936317293
38.6,38.63121225742864,Full TH-SHRC,-0.031212257428641976,0.031212257428641976
38.8,38.7949616536876,Full TH-SHRC,0.005038346312396413,0.005038346312396413
38.3,38.2897915323878,Full TH-SHRC,0.010208467612194738,0.010208467612194738
38.7,38.655674712359904,Full TH-SHRC,0.04432528764009902,0.04432528764009902
38.3,38.29435768697459,Full TH-SHRC,0.005642313025404633,0.005642313025404633
38.2,38.186722200154975,Full TH-SHRC,0.013277799845027971,0.013277799845027971
38.5,38.44781124062696,Full TH-SHRC,0.05218875937303835,0.05218875937303835
38.5,38.40012717007584,Full TH-SHRC,0.09987282992415913,0.09987282992415913
38.0,38.01223901574672,Full TH-SHRC,-0.01223901574672226,0.01223901574672226
38.2,38.14855084880598,Full TH-SHRC,0.051449151194020715,0.051449151194020715
38.1,38.04947386420285,Full TH-SHRC,0.05052613579714915,0.05052613579714915
39.2,39.12111815885682,Full TH-SHRC,0.0788818411431862,0.0788818411431862
38.3,38.479213191866606,Full TH-SHRC,-0.17921319186660867,0.17921319186660867
39.4,39.400051760586166,Full TH-SHRC,-5.17605861674042e-05,5.17605861674042e-05
39.2,39.18394946369671,Full TH-SHRC,0.016050536303289675,0.016050536303289675
38.6,38.63092618513617,Full TH-SHRC,-0.03092618513616685,0.03092618513616685
39.1,39.084915959400085,Full TH-SHRC,0.015084040599916193,0.015084040599916193
38.1,38.48287424577914,Full TH-SHRC,-0.3828742457791421,0.3828742457791421
38.5,38.47592448514436,Full TH-SHRC,0.024075514855638858,0.024075514855638858
39.0,38.99269762454037,Full TH-SHRC,0.007302375459630639,0.007302375459630639
39.5,39.524232016843,Full TH-SHRC,-0.024232016843001247,0.024232016843001247
38.8,38.79083533429164,Full TH-SHRC,0.009164665708354391,0.009164665708354391
38.2,38.17327926904043,Full TH-SHRC,0.026720730959574723,0.026720730959574723
38.4,38.380012420282085,Full TH-SHRC,0.019987579717913206,0.019987579717913206
38.3,38.27257433886266,Full TH-SHRC,0.02742566113733602,0.02742566113733602
38.1,38.06017279849919,Full TH-SHRC,0.0398272015008132,0.0398272015008132
38.9,38.89461124790133,Full TH-SHRC,0.005388752098667737,0.005388752098667737
38.2,38.1889187242713,Full TH-SHRC,0.011081275728699325,0.011081275728699325
38.6,38.60573338399938,Full TH-SHRC,-0.005733383999377395,0.005733383999377395
38.0,37.97607708847266,Full TH-SHRC,0.02392291152734316,0.02392291152734316
38.2,38.17774085906558,Full TH-SHRC,0.02225914093442327,0.02225914093442327
38.1,38.06743301941092,Full TH-SHRC,0.03256698058908114,0.03256698058908114
39.2,39.18244279005759,Full TH-SHRC,0.017557209942410168,0.017557209942410168
39.4,39.41163283530069,Full TH-SHRC,-0.011632835300694921,0.011632835300694921
39.3,39.30665837155076,Full TH-SHRC,-0.00665837155076332,0.00665837155076332
38.9,39.1310975158856,Full TH-SHRC,-0.231097515885601,0.231097515885601
39.4,39.152327632486696,Full TH-SHRC,0.24767236751330302,0.24767236751330302
39.6,39.3517712866371,Full TH-SHRC,0.24822871336289865,0.24822871336289865
39.5,39.1789364049349,Full TH-SHRC,0.3210635950650982,0.3210635950650982
40.2,40.02848549399892,Full TH-SHRC,0.1715145060010812,0.1715145060010812
40.2,40.10636919998353,Full TH-SHRC,0.09363080001647006,0.09363080001647006
39.5,39.5054427290806,Full TH-SHRC,-0.0054427290805989514,0.0054427290805989514
39.7,39.31611020989677,Full TH-SHRC,0.38388979010323254,0.38388979010323254
40.5,40.275595184817455,Full TH-SHRC,0.2244048151825453,0.2244048151825453
39.7,38.91205613618936,Full TH-SHRC,0.7879438638106393,0.7879438638106393
39.9,39.11396978895426,Full TH-SHRC,0.7860302110457411,0.7860302110457411
38.0,38.77852378146013,Full TH-SHRC,-0.7785237814601302,0.7785237814601302
38.5,38.62042611221817,Full TH-SHRC,-0.12042611221816912,0.12042611221816912
39.1,39.01260297425459,Full TH-SHRC,0.08739702574541042,0.08739702574541042
39.3,38.91914238355077,Full TH-SHRC,0.38085761644922655,0.38085761644922655
39.5,39.61524250335813,Full TH-SHRC,-0.11524250335813235,0.11524250335813235
39.3,39.67636483150443,Full TH-SHRC,-0.3763648315044321,0.3763648315044321
38.7,38.76609148761501,Full TH-SHRC,-0.0660914876150045,0.0660914876150045
38.5,38.932836712991886,Full TH-SHRC,-0.432836712991886,0.432836712991886
38.3,38.76812821286149,Full TH-SHRC,-0.46812821286149386,0.46812821286149386
38.2,38.77575418212693,Full TH-SHRC,-0.5757541821269285,0.5757541821269285
38.9,39.0207464207883,Full TH-SHRC,-0.12074642078830067,0.12074642078830067
38.2,38.0689567281504,Alternative nested blend,0.13104327184960596,0.13104327184960596
38.3,38.1930047493933,Alternative nested blend,0.10699525060669401,0.10699525060669401
39.0,38.8819615429448,Alternative nested blend,0.11803845705519933,0.11803845705519933
39.0,38.8627453666769,Alternative nested blend,0.13725463332310284,0.13725463332310284
38.4,38.3847889226556,Alternative nested blend,0.015211077344396529,0.015211077344396529
39.0,38.9257020481655,Alternative nested blend,0.07429795183450238,0.07429795183450238
38.0,38.0786499580884,Alternative nested blend,-0.07864995808839836,0.07864995808839836
38.5,38.59585171278,Alternative nested blend,-0.09585171277999649,0.09585171277999649
38.8,38.727175649552,Alternative nested blend,0.07282435044799485,0.07282435044799485
39.0,39.0034279517159,Alternative nested blend,-0.003427951715899269,0.003427951715899269
38.9,38.9065791458567,Alternative nested blend,-0.006579145856704827,0.006579145856704827
40.0,39.9937370731771,Alternative nested blend,0.006262926822898862,0.006262926822898862
39.2,39.252839115053,Alternative nested blend,-0.05283911505299699,0.05283911505299699
38.2,38.1471039603658,Alternative nested blend,0.05289603963420575,0.05289603963420575
38.5,38.6346259402552,Alternative nested blend,-0.13462594025519792,0.13462594025519792
38.5,38.512766501212,Alternative nested blend,-0.01276650121199907,0.01276650121199907
38.4,38.458997479414,Alternative nested blend,-0.05899747941400335,0.05899747941400335
38.9,38.799830680041,Alternative nested blend,0.1001693199590008,0.1001693199590008
38.9,38.8475566350457,Alternative nested blend,0.05244336495429991,0.05244336495429991
39.2,39.1042485723854,Alternative nested blend,0.09575142761460143,0.09575142761460143
38.3,38.2484356535787,Alternative nested blend,0.05156434642129426,0.05156434642129426
38.0,38.0361418539523,Alternative nested blend,-0.03614185395230152,0.03614185395230152
38.1,38.2466491006921,Alternative nested blend,-0.1466491006921018,0.1466491006921018
38.2,38.194834432132,Alternative nested blend,0.005165567868004928,0.005165567868004928
41.5,41.0902945354592,Alternative nested blend,0.40970546454079937,0.40970546454079937
38.7,38.8029192528983,Alternative nested blend,-0.10291925289829607,0.10291925289829607
38.5,38.3400280557808,Alternative nested blend,0.15997194421920113,0.15997194421920113
38.5,38.5869743575897,Alternative nested blend,-0.08697435758970329,0.08697435758970329
39.1,39.0758954797165,Alternative nested blend,0.024104520283501074,0.024104520283501074
38.3,38.3002377210642,Alternative nested blend,-0.0002377210642023897,0.0002377210642023897
38.5,38.522205382405,Alternative nested blend,-0.02220538240499792,0.02220538240499792
38.9,38.169005218826,Alternative nested blend,0.7309947811739974,0.7309947811739974
38.9,38.8080362381194,Alternative nested blend,0.09196376188059929,0.09196376188059929
38.0,38.0634876875641,Alternative nested blend,-0.0634876875640984,0.0634876875640984
38.3,38.29030598932,Alternative nested blend,0.009694010680000531,0.009694010680000531
38.7,38.6602116644111,Alternative nested blend,0.03978833558890216,0.03978833558890216
38.3,38.3125619338934,Alternative nested blend,-0.012561933893401545,0.012561933893401545
38.7,38.305485249858,Alternative nested blend,0.394514750142001,0.394514750142001
38.2,38.4058681373733,Alternative nested blend,-0.2058681373732938,0.2058681373732938
38.7,38.658836969752,Alternative nested blend,0.04116303024800061,0.04116303024800061
38.3,38.31488721633,Alternative nested blend,-0.014887216330002673,0.014887216330002673
38.3,38.2829580978719,Alternative nested blend,0.017041902128099196,0.017041902128099196
38.5,38.4353246451674,Alternative nested blend,0.06467535483260178,0.06467535483260178
38.0,38.2407541510956,Alternative nested blend,-0.24075415109560083,0.24075415109560083
38.0,37.9722848346432,Alternative nested blend,0.02771516535680263,0.02771516535680263
39.0,39.3246216160059,Alternative nested blend,-0.3246216160058992,0.3246216160058992
39.2,39.1516697319889,Alternative nested blend,0.04833026801109952,0.04833026801109952
38.8,38.7771175809311,Alternative nested blend,0.02288241906889965,0.02288241906889965
38.9,38.8858606292965,Alternative nested blend,0.014139370703496468,0.014139370703496468
39.0,38.9794278973874,Alternative nested blend,0.02057210261259712,0.02057210261259712
39.9,39.8433703414786,Alternative nested blend,0.05662965852140189,0.05662965852140189
39.4,39.3722042909673,Alternative nested blend,0.02779570903270212,0.02779570903270212
39.3,39.2745013813686,Alternative nested blend,0.025498618631395686,0.025498618631395686
39.3,39.3170107440358,Alternative nested blend,-0.01701074403580094,0.01701074403580094
38.1,38.2678271699463,Alternative nested blend,-0.16782716994629965,0.16782716994629965
39.1,38.1628761701281,Alternative nested blend,0.9371238298719007,0.9371238298719007
38.5,38.3750400864542,Alternative nested blend,0.12495991354580127,0.12495991354580127
38.3,38.2914251440412,Alternative nested blend,0.008574855958798366,0.008574855958798366
38.0,37.9865616497761,Alternative nested blend,0.013438350223900386,0.013438350223900386
40.0,40.0340532504903,Alternative nested blend,-0.03405325049030239,0.03405325049030239
39.6,39.6268517322362,Alternative nested blend,-0.026851732236195858,0.026851732236195858
39.2,39.2322442361819,Alternative nested blend,-0.03224423618189576,0.03224423618189576
38.1,38.0607356461702,Alternative nested blend,0.039264353829800314,0.039264353829800314
38.5,38.7078428310446,Alternative nested blend,-0.20784283104460144,0.20784283104460144
38.5,38.4260673637806,Alternative nested blend,0.07393263621940349,0.07393263621940349
39.2,39.1417699146309,Alternative nested blend,0.05823008536910379,0.05823008536910379
38.3,38.2691014418324,Alternative nested blend,0.030898558167599788,0.030898558167599788
38.0,38.0254710218152,Alternative nested blend,-0.02547102181519989,0.02547102181519989
41.5,41.1662830631338,Alternative nested blend,0.3337169368662032,0.3337169368662032
38.7,38.724194783685,Alternative nested blend,-0.02419478368499739,0.02419478368499739
38.5,38.5309687080752,Alternative nested blend,-0.030968708075199913,0.030968708075199913
38.3,38.282542190982,Alternative nested blend,0.01745780901799776,0.01745780901799776
39.4,39.1680357587902,Alternative nested blend,0.23196424120980197,0.23196424120980197
38.7,38.3845386125335,Alternative nested blend,0.315461387466506,0.315461387466506
39.5,39.2158819797125,Alternative nested blend,0.2841180202875009,0.2841180202875009
38.2,38.1801130102805,Alternative nested blend,0.019886989719502424,0.019886989719502424
38.5,38.4510518016674,Alternative nested blend,0.048948198332603,0.048948198332603
38.0,37.9645288396517,Alternative nested blend,0.03547116034830111,0.03547116034830111
38.2,38.1584759847547,Alternative nested blend,0.041524015245300916,0.041524015245300916
39.2,39.1848126840539,Alternative nested blend,0.015187315946100455,0.015187315946100455
39.0,39.0013374494652,Alternative nested blend,-0.0013374494651969826,0.0013374494651969826
38.9,38.8970409588358,Alternative nested blend,0.0029590411641962078,0.0029590411641962078
39.4,39.1104431531278,Alternative nested blend,0.28955684687220185,0.28955684687220185
39.2,38.8205130496992,Alternative nested blend,0.3794869503008016,0.3794869503008016
39.6,39.2940999840748,Alternative nested blend,0.30590001592520366,0.30590001592520366
39.3,39.5589542455006,Alternative nested blend,-0.258954245500604,0.258954245500604
39.1,39.1867078367169,Alternative nested blend,-0.08670783671689719,0.08670783671689719
40.2,39.9392204300023,Alternative nested blend,0.2607795699977018,0.2607795699977018
40.2,40.0545479841652,Alternative nested blend,0.14545201583480605,0.14545201583480605
39.5,39.6052565952837,Alternative nested blend,-0.10525659528369857,0.10525659528369857
39.5,39.443249934196,Alternative nested blend,0.056750065804003214,0.056750065804003214
38.7,39.72358119827,Alternative nested blend,-1.0235811982699943,1.0235811982699943
39.1,38.9662927212836,Alternative nested blend,0.13370727871640042,0.13370727871640042
39.7,39.3014902156622,Alternative nested blend,0.39850978433780426,0.39850978433780426
39.5,39.4813681624196,Alternative nested blend,0.018631837580400656,0.018631837580400656
38.6,38.6468370098529,Alternative nested blend,-0.046837009852900735,0.046837009852900735
38.9,39.5497764036311,Alternative nested blend,-0.6497764036311011,0.6497764036311011
39.4,39.6033232406569,Alternative nested blend,-0.20332324065689988,0.20332324065689988
38.2,38.2665422275901,Alternative nested blend,-0.06654222759009798,0.06654222759009798
39.7,38.2029586836823,Alternative nested blend,1.4970413163177057,1.4970413163177057
39.0,39.4478414845144,Alternative nested blend,-0.44784148451439876,0.44784148451439876
38.8,39.2088578423973,Alternative nested blend,-0.4088578423973033,0.4088578423973033
40.1,39.1741409978793,Alternative nested blend,0.9258590021207027,0.9258590021207027
38.5,39.0161154319856,Alternative nested blend,-0.5161154319855967,0.5161154319855967
39.9,39.8312858537548,Alternative nested blend,0.068714146245199,0.068714146245199
39.5,39.6307207070801,Alternative nested blend,-0.1307207070801013,0.1307207070801013
39.3,39.2075397565042,Alternative nested blend,0.0924602434958004,0.0924602434958004
39.1,39.145702564337,Alternative nested blend,-0.04570256433699882,0.04570256433699882
38.3,38.6606103266711,Alternative nested blend,-0.36061032667110027,0.36061032667110027
40.4,40.4458848956239,Alternative nested blend,-0.045884895623899524,0.045884895623899524
38.4,38.4720959657997,Alternative nested blend,-0.07209596579970423,0.07209596579970423
40.5,40.2987725391401,Alternative nested blend,0.20122746085989718,0.20122746085989718
38.4,38.1147465881968,Alternative nested blend,0.28525341180319685,0.28525341180319685
38.0,38.313453230326,Alternative nested blend,-0.31345323032599737,0.31345323032599737
38.8,38.7902086052523,Alternative nested blend,0.009791394747693971,0.009791394747693971
38.7,38.6879085022997,Alternative nested blend,0.012091497700303933,0.012091497700303933
38.4,38.4211250129794,Alternative nested blend,-0.021125012979403834,0.021125012979403834
38.5,38.490342342688,Alternative nested blend,0.009657657311997525,0.009657657311997525
38.5,38.3896610954392,Alternative nested blend,0.11033890456079831,0.11033890456079831
38.2,38.2903134096461,Alternative nested blend,-0.09031340964610024,0.09031340964610024
39.1,39.0966880419188,Alternative nested blend,0.0033119580811984406,0.0033119580811984406
39.2,39.1770054936203,Alternative nested blend,0.02299450637970324,0.02299450637970324
39.6,39.5509152719709,Alternative nested blend,0.04908472802910069,0.04908472802910069
39.6,39.5821981417278,Alternative nested blend,0.017801858272200377,0.017801858272200377
38.1,38.1192248400195,Alternative nested blend,-0.01922484001949698,0.01922484001949698
38.1,38.1811590836298,Alternative nested blend,-0.08115908362979951,0.08115908362979951
38.1,38.185170871102,Alternative nested blend,-0.08517087110200094,0.08517087110200094
38.0,38.0657301386992,Alternative nested blend,-0.06573013869920175,0.06573013869920175
38.2,38.2005383050083,Alternative nested blend,-0.0005383050082983232,0.0005383050082983232
38.0,38.0208701196748,Alternative nested blend,-0.020870119674796683,0.020870119674796683
38.0,38.0476253750937,Alternative nested blend,-0.047625375093701905,0.047625375093701905
38.2,38.2040660039704,Alternative nested blend,-0.0040660039703936945,0.0040660039703936945
38.0,38.0724771599905,Alternative nested blend,-0.07247715999049831,0.07247715999049831
38.1,38.3694319062035,Alternative nested blend,-0.26943190620350066,0.26943190620350066
38.1,38.0906163686629,Alternative nested blend,0.009383631337101406,0.009383631337101406
38.9,38.888677225188,Alternative nested blend,0.011322774812001057,0.011322774812001057
38.9,38.8647555579752,Alternative nested blend,0.035244442024797706,0.035244442024797706
38.5,38.5014603667409,Alternative nested blend,-0.0014603667409005539,0.0014603667409005539
39.1,39.0355256420101,Alternative nested blend,0.06447435798990142,0.06447435798990142
38.2,38.3625205916453,Alternative nested blend,-0.16252059164529697,0.16252059164529697
38.6,38.3230904946444,Alternative nested blend,0.2769095053556043,0.2769095053556043
39.0,38.7063451534836,Alternative nested blend,0.2936548465163966,0.2936548465163966
39.1,39.0715681959213,Alternative nested blend,0.02843180407869994,0.02843180407869994
38.0,38.0853753449717,Alternative nested blend,-0.08537534497170185,0.08537534497170185
38.3,38.3361658251827,Alternative nested blend,-0.03616582518269951,0.03616582518269951
38.7,38.6625361537148,Alternative nested blend,0.03746384628520616,0.03746384628520616
39.4,39.3337133910191,Alternative nested blend,0.06628660898089578,0.06628660898089578
38.1,38.1687523515043,Alternative nested blend,-0.06875235150430115,0.06875235150430115
38.7,38.6600577429327,Alternative nested blend,0.03994225706730248,0.03994225706730248
39.0,38.8964694813689,Alternative nested blend,0.10353051863110352,0.10353051863110352
39.0,38.870318818044,Alternative nested blend,0.12968118195600198,0.12968118195600198
39.5,39.1356479214431,Alternative nested blend,0.3643520785568981,0.3643520785568981
38.2,38.2484494119796,Alternative nested blend,-0.048449411979596846,0.048449411979596846
38.5,38.3500396595053,Alternative nested blend,0.14996034049470097,0.14996034049470097
38.1,38.5246454092336,Alternative nested blend,-0.42464540923359806,0.42464540923359806
37.5,37.6527846903787,Alternative nested blend,-0.15278469037870224,0.15278469037870224
38.8,38.7724113671333,Alternative nested blend,0.02758863286669566,0.02758863286669566
38.4,38.4519991538178,Alternative nested blend,-0.05199915381780329,0.05199915381780329
38.3,38.3437767306178,Alternative nested blend,-0.0437767306178003,0.0437767306178003
38.3,38.3851937089608,Alternative nested blend,-0.08519370896080147,0.08519370896080147
38.3,38.568785104301,Alternative nested blend,-0.2687851043010028,0.2687851043010028
39.4,39.3783434201161,Alternative nested blend,0.021656579883895688,0.021656579883895688
39.0,38.9672602614992,Alternative nested blend,0.03273973850080125,0.03273973850080125
39.4,39.3880625088986,Alternative nested blend,0.011937491101399189,0.011937491101399189
38.0,38.2498497797583,Alternative nested blend,-0.24984977975829992,0.24984977975829992
38.1,38.8164734847983,Alternative nested blend,-0.7164734847982999,0.7164734847982999
38.8,38.8237204462745,Alternative nested blend,-0.02372044627450265,0.02372044627450265
38.7,38.6815482565326,Alternative nested blend,0.018451743467402082,0.018451743467402082
39.0,38.9693518561093,Alternative nested blend,0.030648143890701363,0.030648143890701363
39.5,39.503756845649,Alternative nested blend,-0.003756845649000695,0.003756845649000695
39.0,38.994868305749,Alternative nested blend,0.005131694250998464,0.005131694250998464
38.9,38.9021006327891,Alternative nested blend,-0.002100632789101553,0.002100632789101553
38.0,38.0227075649559,Alternative nested blend,-0.022707564955901205,0.022707564955901205
38.2,38.1960063309258,Alternative nested blend,0.003993669074205286,0.003993669074205286
38.4,38.402457442538,Alternative nested blend,-0.0024574425380023968,0.0024574425380023968
38.0,38.0302232796529,Alternative nested blend,-0.03022327965290117,0.03022327965290117
38.2,38.203376401397,Alternative nested blend,-0.003376401396998574,0.003376401396998574
38.1,38.1066755121972,Alternative nested blend,-0.006675512197197975,0.006675512197197975
38.9,38.8870828824745,Alternative nested blend,0.012917117525496735,0.012917117525496735
38.5,38.2808378882227,Alternative nested blend,0.21916211177730105,0.21916211177730105
38.5,38.5350266425064,Alternative nested blend,-0.035026642506402084,0.035026642506402084
38.9,38.8962985326081,Alternative nested blend,0.003701467391898916,0.003701467391898916
38.0,38.1091860746826,Alternative nested blend,-0.10918607468259722,0.10918607468259722
38.2,38.5746131686382,Alternative nested blend,-0.3746131686381986,0.3746131686381986
38.7,38.658115250376,Alternative nested blend,0.04188474962400335,0.04188474962400335
38.2,38.2063151553969,Alternative nested blend,-0.006315155396897865,0.006315155396897865
37.5,37.6058812882439,Alternative nested blend,-0.10588128824389997,0.10588128824389997
38.8,38.7846306353371,Alternative nested blend,0.01536936466289518,0.01536936466289518
38.4,38.4473952206426,Alternative nested blend,-0.047395220642599156,0.047395220642599156
38.8,38.5339739085423,Alternative nested blend,0.2660260914576966,0.2660260914576966
39.1,39.0755466747542,Alternative nested blend,0.02445332524580124,0.02445332524580124
39.3,39.286390009675,Alternative nested blend,0.013609990324994214,0.013609990324994214
39.3,39.4237583468985,Alternative nested blend,-0.12375834689850507,0.12375834689850507
39.4,39.4315891955391,Alternative nested blend,-0.031589195539098114,0.031589195539098114
39.5,39.4575028715057,Alternative nested blend,0.04249712849429699,0.04249712849429699
38.6,38.8410570075289,Alternative nested blend,-0.24105700752890158,0.24105700752890158
39.2,38.9762088195146,Alternative nested blend,0.22379118048539937,0.22379118048539937
39.5,39.1701437916235,Alternative nested blend,0.32985620837649776,0.32985620837649776
39.3,39.2576443148065,Alternative nested blend,0.04235568519349897,0.04235568519349897
40.5,40.3640959788957,Alternative nested blend,0.13590402110430233,0.13590402110430233
39.0,38.9918325228626,Alternative nested blend,0.008167477137398294,0.008167477137398294
39.0,39.0791816183872,Alternative nested blend,-0.07918161838720295,0.07918161838720295
39.5,39.3604381598899,Alternative nested blend,0.13956184011009753,0.13956184011009753
39.8,39.5230676742193,Alternative nested blend,0.2769323257806988,0.2769323257806988
39.3,38.9692989454928,Alternative nested blend,0.33070105450719467,0.33070105450719467
38.5,38.8043328231467,Alternative nested blend,-0.3043328231467015,0.3043328231467015
38.2,38.264131928322,Alternative nested blend,-0.06413192832199854,0.06413192832199854
38.3,38.6512687266589,Alternative nested blend,-0.3512687266589012,0.3512687266589012
38.4,38.637265352129,Alternative nested blend,-0.23726535212900046,0.23726535212900046
39.1,38.9716721427557,Alternative nested blend,0.12832785724430096,0.12832785724430096
39.7,38.8253680539881,Alternative nested blend,0.8746319460119025,0.8746319460119025
39.3,39.8882074049351,Alternative nested blend,-0.5882074049351047,0.5882074049351047
39.4,39.708974368055,Alternative nested blend,-0.30897436805500433,0.30897436805500433
40.2,39.277039973559,Alternative nested blend,0.9229600264410038,0.9229600264410038
38.6,38.689416625346,Alternative nested blend,-0.08941662534599715,0.08941662534599715
38.5,38.8666298475469,Alternative nested blend,-0.3666298475469034,0.3666298475469034
38.0,38.2931481698665,Alternative nested blend,-0.29314816986649816,0.29314816986649816
38.2,38.660458919244,Alternative nested blend,-0.4604589192439974,0.4604589192439974
38.4,38.6109065680378,Alternative nested blend,-0.2109065680377995,0.2109065680377995
38.7,39.1436350787519,Alternative nested blend,-0.4436350787518961,0.4436350787518961
38.3,38.1241708343851,Alternative nested blend,0.1758291656148998,0.1758291656148998
38.2,38.2396437898869,Alternative nested blend,-0.03964378988689532,0.03964378988689532
38.4,38.40744730917,Alternative nested blend,-0.007447309170004246,0.007447309170004246
38.5,38.5048367770278,Alternative nested blend,-0.004836777027797723,0.004836777027797723
39.0,38.9167460767334,Alternative nested blend,0.08325392326659653,0.08325392326659653
38.6,38.5320590595138,Alternative nested blend,0.0679409404862028,0.0679409404862028
38.0,38.1153437165179,Alternative nested blend,-0.11534371651789854,0.11534371651789854
38.2,38.2967970016506,Alternative nested blend,-0.09679700165060012,0.09679700165060012
38.5,38.5911889597662,Alternative nested blend,-0.09118895976619967,0.09118895976619967
39.3,39.2218127653301,Alternative nested blend,0.07818723466989752,0.07818723466989752
38.9,38.9317188370042,Alternative nested blend,-0.031718837004198974,0.031718837004198974
39.7,39.7177776877022,Alternative nested blend,-0.017777687702199785,0.017777687702199785
38.5,38.4434232543791,Alternative nested blend,0.05657674562090165,0.05657674562090165
38.5,38.4386549852673,Alternative nested blend,0.061345014732701486,0.061345014732701486
38.5,38.536148704902,Alternative nested blend,-0.036148704901997064,0.036148704901997064
38.4,38.4409082911822,Alternative nested blend,-0.0409082911821983,0.0409082911821983
38.4,38.4255909488865,Alternative nested blend,-0.02559094888650293,0.02559094888650293
38.3,38.2746141356888,Alternative nested blend,0.025385864311196826,0.025385864311196826
38.0,38.0654789337868,Alternative nested blend,-0.06547893378679959,0.06547893378679959
38.2,38.2094151924958,Alternative nested blend,-0.009415192495794145,0.009415192495794145
38.3,38.2899214237491,Alternative nested blend,0.010078576250897697,0.010078576250897697
38.1,38.0994848929878,Alternative nested blend,0.000515107012198257,0.000515107012198257
38.1,38.1089452162765,Alternative nested blend,-0.008945216276501355,0.008945216276501355
38.5,38.3879168035141,Alternative nested blend,0.11208319648589793,0.11208319648589793
38.6,38.6543076202225,Alternative nested blend,-0.054307620222495245,0.054307620222495245
38.5,38.5395489024109,Alternative nested blend,-0.0395489024108997,0.0395489024108997
38.5,38.5761164630189,Alternative nested blend,-0.07611646301889863,0.07611646301889863
39.1,39.0372300356657,Alternative nested blend,0.06276996433430071,0.06276996433430071
38.5,38.5092485120216,Alternative nested blend,-0.009248512021599709,0.009248512021599709
39.0,38.7067519948135,Alternative nested blend,0.2932480051864985,0.2932480051864985
38.9,38.2447815273886,Alternative nested blend,0.6552184726114021,0.6552184726114021
39.2,39.0724092008803,Alternative nested blend,0.12759079911970161,0.12759079911970161
38.1,38.1060926825236,Alternative nested blend,-0.006092682523600956,0.006092682523600956
38.1,38.1218535681972,Alternative nested blend,-0.021853568197201412,0.021853568197201412
38.6,38.6965659359019,Alternative nested blend,-0.09656593590189999,0.09656593590189999
38.1,38.1319907238792,Alternative nested blend,-0.03199072387919699,0.03199072387919699
38.1,38.1457195739099,Alternative nested blend,-0.045719573909899225,0.045719573909899225
38.2,38.270521187554,Alternative nested blend,-0.07052118755400016,0.07052118755400016
38.2,38.2048815546578,Alternative nested blend,-0.004881554657799825,0.004881554657799825
38.2,38.2212940319794,Alternative nested blend,-0.02129403197939439,0.02129403197939439
38.5,38.4562972116383,Alternative nested blend,0.04370278836169916,0.04370278836169916
38.0,38.1039308468911,Alternative nested blend,-0.1039308468911031,0.1039308468911031
38.1,38.5692891124165,Alternative nested blend,-0.4692891124164973,0.4692891124164973
38.2,38.1696283585311,Alternative nested blend,0.030371641468903476,0.030371641468903476
38.2,38.1667502819357,Alternative nested blend,0.033249718064304545,0.033249718064304545
38.0,38.0014191397158,Alternative nested blend,-0.0014191397158000996,0.0014191397158000996
39.4,39.3627200460774,Alternative nested blend,0.03727995392259942,0.03727995392259942
39.0,38.9787911256431,Alternative nested blend,0.02120887435690122,0.02120887435690122
38.6,38.6686005567314,Alternative nested blend,-0.06860055673139698,0.06860055673139698
39.1,39.4471850804515,Alternative nested blend,-0.34718508045149576,0.34718508045149576
39.1,39.2656494130573,Alternative nested blend,-0.1656494130572952,0.1656494130572952
39.9,39.8149767975155,Alternative nested blend,0.0850232024844999,0.0850232024844999
38.1,38.2229508445154,Alternative nested blend,-0.12295084451540106,0.12295084451540106
38.2,38.9470300545027,Alternative nested blend,-0.7470300545026944,0.7470300545026944
39.0,38.9074457118718,Alternative nested blend,0.09255428812819844,0.09255428812819844
38.6,38.5213720160366,Alternative nested blend,0.07862798396340054,0.07862798396340054
39.1,39.1088162521005,Alternative nested blend,-0.008816252100501742,0.008816252100501742
39.2,39.19044452742,Alternative nested blend,0.00955547258000422,0.00955547258000422
39.7,39.6934388467406,Alternative nested blend,0.006561153259404762,0.006561153259404762
38.1,38.1247699805293,Alternative nested blend,-0.024769980529299573,0.024769980529299573
38.1,38.1529625808219,Alternative nested blend,-0.052962580821898086,0.052962580821898086
38.0,38.0300336300296,Alternative nested blend,-0.03003363002959958,0.03003363002959958
38.9,38.8501114783616,Alternative nested blend,0.04988852163840107,0.04988852163840107
38.2,38.2009567151431,Alternative nested blend,-0.0009567151430971421,0.0009567151430971421
39.1,39.0803511716549,Alternative nested blend,0.01964882834510462,0.01964882834510462
38.2,38.2548446475393,Alternative nested blend,-0.05484464753929785,0.05484464753929785
39.2,39.1560427171446,Alternative nested blend,0.04395728285540201,0.04395728285540201
38.6,38.6434061104594,Alternative nested blend,-0.04340611045940079,0.04340611045940079
38.1,38.1040797497016,Alternative nested blend,-0.004079749701595858,0.004079749701595858
38.3,38.3169998652004,Alternative nested blend,-0.016999865200403974,0.016999865200403974
38.0,38.0299783896159,Alternative nested blend,-0.029978389615898493,0.029978389615898493
38.1,38.0837825415732,Alternative nested blend,0.016217458426801556,0.016217458426801556
38.0,38.3257236882448,Alternative nested blend,-0.3257236882447998,0.3257236882447998
38.0,38.0006801591798,Alternative nested blend,-0.0006801591798009099,0.0006801591798009099
38.3,38.3844074771924,Alternative nested blend,-0.08440747719239994,0.08440747719239994
38.6,38.6190220207153,Alternative nested blend,-0.019022020715297572,0.019022020715297572
39.4,39.3781003232343,Alternative nested blend,0.021899676765698928,0.021899676765698928
38.9,39.0859291506492,Alternative nested blend,-0.18592915064920135,0.18592915064920135
39.4,39.3209584873935,Alternative nested blend,0.07904151260650139,0.07904151260650139
40.0,39.916822933262,Alternative nested blend,0.08317706673800274,0.08317706673800274
39.6,39.6379297833386,Alternative nested blend,-0.037929783338597645,0.037929783338597645
38.8,38.6497035938164,Alternative nested blend,0.15029640618359963,0.15029640618359963
39.1,39.0912908074447,Alternative nested blend,0.008709192555301115,0.008709192555301115
40.4,40.438185983287,Alternative nested blend,-0.038185983287000624,0.038185983287000624
39.5,39.443999810242,Alternative nested blend,0.05600018975800225,0.05600018975800225
39.5,39.8876544837847,Alternative nested blend,-0.3876544837847007,0.3876544837847007
40.6,40.2726277120764,Alternative nested blend,0.32737228792360185,0.32737228792360185
40.5,40.2030291892175,Alternative nested blend,0.2969708107824971,0.2969708107824971
38.5,39.2711476093554,Alternative nested blend,-0.7711476093554026,0.7711476093554026
38.5,38.7562792076692,Alternative nested blend,-0.256279207669202,0.256279207669202
39.6,39.7352050512938,Alternative nested blend,-0.13520505129380211,0.13520505129380211
38.5,38.6504564141495,Alternative nested blend,-0.1504564141495024,0.1504564141495024
38.2,38.4531363100302,Alternative nested blend,-0.2531363100302002,0.2531363100302002
38.0,38.7137275412933,Alternative nested blend,-0.7137275412933022,0.7137275412933022
40.0,39.1916287732898,Alternative nested blend,0.8083712267102001,0.8083712267102001
39.8,39.5847547809437,Alternative nested blend,0.21524521905629967,0.21524521905629967
40.0,39.6500837537436,Alternative nested blend,0.3499162462563987,0.3499162462563987
39.3,38.7703103309247,Alternative nested blend,0.5296896690752959,0.5296896690752959
38.3,39.7898501793991,Alternative nested blend,-1.489850179399106,1.489850179399106
38.7,38.6050482851725,Alternative nested blend,0.09495171482750209,0.09495171482750209
38.6,38.6026502944754,Alternative nested blend,-0.002650294475401438,0.002650294475401438
38.0,38.3609520223174,Alternative nested blend,-0.36095202231739876,0.36095202231739876
39.2,38.8594413094594,Alternative nested blend,0.34055869054060395,0.34055869054060395
41.2,40.0744089458124,Alternative nested blend,1.125591054187602,1.125591054187602
38.3,37.9792056108393,Alternative nested blend,0.3207943891606959,0.3207943891606959
38.3,38.2422183627112,Alternative nested blend,0.05778163728879804,0.05778163728879804
38.7,38.6428752483645,Alternative nested blend,0.05712475163550579,0.05712475163550579
38.4,38.4018131007724,Alternative nested blend,-0.0018131007724022652,0.0018131007724022652
38.5,38.3862118818409,Alternative nested blend,0.11378811815909984,0.11378811815909984
38.3,38.3184131061693,Alternative nested blend,-0.018413106169305138,0.018413106169305138
38.6,38.5106179909518,Alternative nested blend,0.08938200904820093,0.08938200904820093
39.1,39.125503952622,Alternative nested blend,-0.025503952621996007,0.025503952621996007
39.2,39.2082033071586,Alternative nested blend,-0.008203307158595408,0.008203307158595408
38.8,38.7303640680852,Alternative nested blend,0.06963593191479589,0.06963593191479589
40.0,39.9798175813779,Alternative nested blend,0.020182418622098908,0.020182418622098908
39.2,39.2569679858244,Alternative nested blend,-0.0569679858244001,0.0569679858244001
38.1,38.0741387776452,Alternative nested blend,0.025861222354798485,0.025861222354798485
38.1,38.0830080888575,Alternative nested blend,0.016991911142504534,0.016991911142504534
38.5,38.6181224674468,Alternative nested blend,-0.11812246744680266,0.11812246744680266
38.4,38.4181655239762,Alternative nested blend,-0.01816552397620086,0.01816552397620086
38.9,38.8023474084038,Alternative nested blend,0.09765259159620143,0.09765259159620143
39.2,39.1315754367383,Alternative nested blend,0.06842456326170065,0.06842456326170065
38.0,37.9817831497808,Alternative nested blend,0.018216850219197056,0.018216850219197056
38.2,38.1794888606542,Alternative nested blend,0.020511139345799734,0.020511139345799734
38.3,38.2709583433882,Alternative nested blend,0.029041656611795474,0.029041656611795474
38.1,38.0507332431208,Alternative nested blend,0.04926675687919868,0.04926675687919868
41.5,41.0926173645295,Alternative nested blend,0.4073826354704977,0.4073826354704977
38.7,38.7955919085506,Alternative nested blend,-0.0955919085505954,0.0955919085505954
38.6,38.6329609359016,Alternative nested blend,-0.03296093590159899,0.03296093590159899
38.6,38.5725253027989,Alternative nested blend,0.027474697201100184,0.027474697201100184
39.1,39.0418688993554,Alternative nested blend,0.058131100644601474,0.058131100644601474
38.3,38.345046352419,Alternative nested blend,-0.0450463524189999,0.0450463524189999
39.1,39.1026588338302,Alternative nested blend,-0.002658833830196272,0.002658833830196272
38.6,38.6532772568112,Alternative nested blend,-0.053277256811199436,0.053277256811199436
39.2,39.1341734205058,Alternative nested blend,0.06582657949419968,0.06582657949419968
38.8,38.8117893569955,Alternative nested blend,-0.0117893569955001,0.0117893569955001
38.8,38.7807824693033,Alternative nested blend,0.01921753069670018,0.01921753069670018
38.3,38.3547066240912,Alternative nested blend,-0.05470662409120308,0.05470662409120308
38.1,38.1972710151296,Alternative nested blend,-0.0972710151295999,0.0972710151295999
38.1,38.1118194824061,Alternative nested blend,-0.011819482406096427,0.011819482406096427
38.2,38.4111054783434,Alternative nested blend,-0.21110547834339854,0.21110547834339854
38.0,38.0362598564234,Alternative nested blend,-0.03625985642339913,0.03625985642339913
38.5,38.4620629758119,Alternative nested blend,0.03793702418810341,0.03793702418810341
38.1,38.0414434315482,Alternative nested blend,0.058556568451798796,0.058556568451798796
39.0,39.1356313217217,Alternative nested blend,-0.13563132172169645,0.13563132172169645
39.2,39.1190590921303,Alternative nested blend,0.08094090786970298,0.08094090786970298
38.4,38.4590323943586,Alternative nested blend,-0.05903239435860286,0.05903239435860286
38.3,38.5712261882697,Alternative nested blend,-0.2712261882697007,0.2712261882697007
39.2,39.1717219779926,Alternative nested blend,0.028278022007405923,0.028278022007405923
38.8,38.5451480818944,Alternative nested blend,0.2548519181055937,0.2548519181055937
38.6,38.6474521297465,Alternative nested blend,-0.04745212974649604,0.04745212974649604
39.0,39.0116390702753,Alternative nested blend,-0.011639070275300867,0.011639070275300867
37.9,38.1892739900757,Alternative nested blend,-0.2892739900756993,0.2892739900756993
38.1,38.1487795803888,Alternative nested blend,-0.04877958038879626,0.04877958038879626
38.5,38.4769665502928,Alternative nested blend,0.023033449707199338,0.023033449707199338
38.5,38.490748681276,Alternative nested blend,0.009251318723997315,0.009251318723997315
39.3,39.3144086796205,Alternative nested blend,-0.01440867962050163,0.01440867962050163
38.8,38.6766577012731,Alternative nested blend,0.12334229872689662,0.12334229872689662
38.4,38.4001594381841,Alternative nested blend,-0.0001594381840988035,0.0001594381840988035
38.9,38.8543621935649,Alternative nested blend,0.04563780643509574,0.04563780643509574
38.4,38.360695563695,Alternative nested blend,0.03930443630499525,0.03930443630499525
38.1,38.2509356586398,Alternative nested blend,-0.15093565863979563,0.15093565863979563
38.3,38.2757184232126,Alternative nested blend,0.024281576787394954,0.024281576787394954
38.5,38.4908277973938,Alternative nested blend,0.009172202606201552,0.009172202606201552
38.6,38.6087408762909,Alternative nested blend,-0.008740876290900701,0.008740876290900701
38.1,38.0980438019886,Alternative nested blend,0.001956198011399124,0.001956198011399124
38.7,38.6647583672182,Alternative nested blend,0.03524163278180481,0.03524163278180481
38.1,38.2215395162133,Alternative nested blend,-0.1215395162132964,0.1215395162132964
38.1,38.0805423968878,Alternative nested blend,0.019457603112201127,0.019457603112201127
39.0,38.9937096760327,Alternative nested blend,0.006290323967299116,0.006290323967299116
38.1,38.5925750220519,Alternative nested blend,-0.49257502205190207,0.49257502205190207
39.2,39.1887992082107,Alternative nested blend,0.011200791789299558,0.011200791789299558
39.4,39.432746216157,Alternative nested blend,-0.03274621615700113,0.03274621615700113
39.1,39.4319244833488,Alternative nested blend,-0.3319244833488,0.3319244833488
39.9,39.9271389976044,Alternative nested blend,-0.027138997604403414,0.027138997604403414
39.0,39.3855064768349,Alternative nested blend,-0.38550647683489814,0.38550647683489814
39.1,39.3358097205719,Alternative nested blend,-0.23580972057190053,0.23580972057190053
39.9,40.0198665447966,Alternative nested blend,-0.11986654479660075,0.11986654479660075
39.6,39.6995855547984,Alternative nested blend,-0.09958555479839504,0.09958555479839504
38.6,39.4829502199928,Alternative nested blend,-0.8829502199928001,0.8829502199928001
40.4,40.1323620722875,Alternative nested blend,0.2676379277124994,0.2676379277124994
39.4,39.2446869245253,Alternative nested blend,0.15531307547470163,0.15531307547470163
40.6,40.5643254457686,Alternative nested blend,0.03567455423139876,0.03567455423139876
40.0,39.5687491001286,Alternative nested blend,0.43125089987140086,0.43125089987140086
39.4,39.5669655404173,Alternative nested blend,-0.16696554041730138,0.16696554041730138
39.7,38.8427981226053,Alternative nested blend,0.8572018773947008,0.8572018773947008
39.4,39.6512900610914,Alternative nested blend,-0.25129006109140306,0.25129006109140306
40.0,39.434988721089,Alternative nested blend,0.5650112789110011,0.5650112789110011
38.9,39.1770442150885,Alternative nested blend,-0.27704421508850174,0.27704421508850174
39.2,39.3739024200004,Alternative nested blend,-0.17390242000039535,0.17390242000039535
39.7,39.2131468308676,Alternative nested blend,0.4868531691324023,0.4868531691324023
38.4,39.0538991774806,Alternative nested blend,-0.6538991774806036,0.6538991774806036
39.7,39.9041330704301,Alternative nested blend,-0.2041330704300961,0.2041330704300961
39.6,39.4570359854838,Alternative nested blend,0.14296401451620255,0.14296401451620255
39.2,39.2691487392288,Alternative nested blend,-0.06914873922879394,0.06914873922879394
39.2,39.2005817131142,Alternative nested blend,-0.0005817131141938603,0.0005817131141938603
39.0,39.2975387936912,Alternative nested blend,-0.29753879369120284,0.29753879369120284
38.6,38.3065407171847,Alternative nested blend,0.29345928281529865,0.29345928281529865
38.9,39.0783295962276,Alternative nested blend,-0.17832959622759859,0.17832959622759859
40.2,40.6032044905556,Alternative nested blend,-0.40320449055559493,0.40320449055559493
38.1,38.2432055404235,Alternative nested blend,-0.14320554042350153,0.14320554042350153
38.8,38.7813342834468,Alternative nested blend,0.018665716553194045,0.018665716553194045
38.5,38.476628140547,Alternative nested blend,0.023371859453000354,0.023371859453000354
38.3,38.4106480004339,Alternative nested blend,-0.11064800043390477,0.11064800043390477
38.5,38.5248654269658,Alternative nested blend,-0.024865426965803294,0.024865426965803294
39.5,39.512637347537,Alternative nested blend,-0.01263734753700163,0.01263734753700163
39.5,39.476127945729,Alternative nested blend,0.023872054271002696,0.023872054271002696
39.3,39.2060520929743,Alternative nested blend,0.09394790702569367,0.09394790702569367
39.0,38.9998585075633,Alternative nested blend,0.00014149243669692169,0.00014149243669692169
39.7,39.7615046020889,Alternative nested blend,-0.06150460208889541,0.06150460208889541
38.0,38.0476913637842,Alternative nested blend,-0.047691363784203133,0.047691363784203133
38.1,38.1413513360114,Alternative nested blend,-0.04135133601139529,0.04135133601139529
38.5,38.458742647359,Alternative nested blend,0.04125735264099717,0.04125735264099717
38.5,38.4562654206494,Alternative nested blend,0.043734579350598324,0.043734579350598324
38.0,38.0345687114876,Alternative nested blend,-0.03456871148760143,0.03456871148760143
38.9,38.8676463640788,Alternative nested blend,0.03235363592119711,0.03235363592119711
38.0,38.002007117624,Alternative nested blend,-0.002007117623996635,0.002007117623996635
38.4,38.3875104437663,Alternative nested blend,0.012489556233695964,0.012489556233695964
38.4,38.3685063046187,Alternative nested blend,0.03149369538130031,0.03149369538130031
38.5,38.548778983544,Alternative nested blend,-0.0487789835439969,0.0487789835439969
38.6,38.5893211724648,Alternative nested blend,0.010678827535201663,0.010678827535201663
38.5,38.5272394377287,Alternative nested blend,-0.027239437728702853,0.027239437728702853
38.2,38.329741823886,Alternative nested blend,-0.12974182388600042,0.12974182388600042
38.6,38.3438288513433,Alternative nested blend,0.2561711486567049,0.2561711486567049
38.6,38.628002399296,Alternative nested blend,-0.02800239929599968,0.02800239929599968
38.9,38.8296917264962,Alternative nested blend,0.07030827350379809,0.07030827350379809
39.4,39.200716929611,Alternative nested blend,0.19928307038900073,0.19928307038900073
38.6,38.6619625011619,Alternative nested blend,-0.06196250116190072,0.06196250116190072
38.1,38.2613530722489,Alternative nested blend,-0.16135307224890028,0.16135307224890028
38.7,38.2767916950149,Alternative nested blend,0.42320830498510276,0.42320830498510276
39.5,39.1282119929623,Alternative nested blend,0.37178800703770065,0.37178800703770065
38.0,38.0951701049661,Alternative nested blend,-0.09517010496610112,0.09517010496610112
38.5,38.4580454568366,Alternative nested blend,0.041954543163399194,0.041954543163399194
38.5,38.390572040791,Alternative nested blend,0.10942795920900039,0.10942795920900039
38.0,38.0755871728973,Alternative nested blend,-0.07558717289730055,0.07558717289730055
37.5,37.6416941129555,Alternative nested blend,-0.1416941129554985,0.1416941129554985
38.1,38.0540058629801,Alternative nested blend,0.04599413701990329,0.04599413701990329
38.0,38.2211291862649,Alternative nested blend,-0.2211291862649034,0.2211291862649034
39.2,39.1588492249454,Alternative nested blend,0.04115077505460363,0.04115077505460363
38.8,38.5475306056237,Alternative nested blend,0.25246939437629834,0.25246939437629834
38.9,38.8922868285997,Alternative nested blend,0.0077131714002973695,0.0077131714002973695
39.1,39.0647387561773,Alternative nested blend,0.03526124382270268,0.03526124382270268
39.1,39.0558920825689,Alternative nested blend,0.04410791743109854,0.04410791743109854
38.4,39.0056917640133,Alternative nested blend,-0.6056917640133008,0.6056917640133008
38.4,38.4104000655585,Alternative nested blend,-0.010400065558499705,0.010400065558499705
38.4,38.400313205245,Alternative nested blend,-0.00031320524499989233,0.00031320524499989233
38.2,38.3225914053712,Alternative nested blend,-0.12259140537119606,0.12259140537119606
38.5,38.6005997604656,Alternative nested blend,-0.10059976046559882,0.10059976046559882
38.5,38.4207710670187,Alternative nested blend,0.07922893298130163,0.07922893298130163
38.5,38.5279359350065,Alternative nested blend,-0.027935935006496493,0.027935935006496493
38.0,38.0428103630539,Alternative nested blend,-0.042810363053902734,0.042810363053902734
38.1,38.0973952937911,Alternative nested blend,0.002604706208899188,0.002604706208899188
38.6,38.6025009085818,Alternative nested blend,-0.0025009085818012977,0.0025009085818012977
39.1,39.0887070470087,Alternative nested blend,0.011292952991304617,0.011292952991304617
38.8,38.8012971714144,Alternative nested blend,-0.0012971714144001112,0.0012971714144001112
38.3,38.319157554208,Alternative nested blend,-0.01915755420800025,0.01915755420800025
38.5,38.4836045114764,Alternative nested blend,0.01639548852359951,0.01639548852359951
38.5,38.4848176756162,Alternative nested blend,0.01518232438380096,0.01518232438380096
39.0,39.2341916849081,Alternative nested blend,-0.2341916849080974,0.2341916849080974
38.3,38.5460454297653,Alternative nested blend,-0.24604542976530297,0.24604542976530297
39.0,38.9671069809347,Alternative nested blend,0.03289301906529829,0.03289301906529829
40.1,40.0247553559635,Alternative nested blend,0.075244644036502,0.075244644036502
39.8,40.0206853675766,Alternative nested blend,-0.22068536757659984,0.22068536757659984
39.4,39.5588418303541,Alternative nested blend,-0.15884183035409905,0.15884183035409905
39.5,39.1663468855791,Alternative nested blend,0.3336531144208976,0.3336531144208976
39.5,39.518838197737,Alternative nested blend,-0.01883819773699713,0.01883819773699713
40.2,40.0242795009704,Alternative nested blend,0.17572049902960174,0.17572049902960174
40.8,40.3015349208368,Alternative nested blend,0.4984650791631964,0.4984650791631964
40.3,40.4297838798475,Alternative nested blend,-0.12978387984750128,0.12978387984750128
39.8,39.5884948930201,Alternative nested blend,0.21150510697989944,0.21150510697989944
38.4,38.6811965750272,Alternative nested blend,-0.2811965750272023,0.2811965750272023
39.9,39.0366694712901,Alternative nested blend,0.863330528709902,0.863330528709902
38.2,38.2923234020976,Alternative nested blend,-0.09232340209759826,0.09232340209759826
38.5,38.6463961804866,Alternative nested blend,-0.14639618048659742,0.14639618048659742
38.5,38.6099353250207,Alternative nested blend,-0.10993532502070025,0.10993532502070025
39.7,39.462449265217,Alternative nested blend,0.23755073478299948,0.23755073478299948
40.7,39.6926589338364,Alternative nested blend,1.0073410661636046,1.0073410661636046
40.6,39.7104587189008,Alternative nested blend,0.8895412810991985,0.8895412810991985
39.3,38.9160847771632,Alternative nested blend,0.3839152228367979,0.3839152228367979
39.1,39.147538403932,Alternative nested blend,-0.04753840393200193,0.04753840393200193
38.3,38.2585135754889,Alternative nested blend,0.041486424511099074,0.041486424511099074
38.2,38.7953716027185,Alternative nested blend,-0.5953716027184939,0.5953716027184939
38.5,38.6029755713731,Alternative nested blend,-0.10297557137310065,0.10297557137310065
38.3,38.4858007267053,Hierarchical residual only,-0.18580072670530257,0.18580072670530257
38.3,38.4941613281756,Hierarchical residual only,-0.1941613281756034,0.1941613281756034
38.7,38.689235651714,Hierarchical residual only,0.0107643482860027,0.0107643482860027
38.4,38.6137922773441,Hierarchical residual only,-0.21379227734410478,0.21379227734410478
38.4,38.6133376791212,Hierarchical residual only,-0.21333767912120294,0.21333767912120294
38.3,38.3216100703684,Hierarchical residual only,-0.021610070368403456,0.021610070368403456
38.0,38.0582155709129,Hierarchical residual only,-0.05821557091289975,0.05821557091289975
39.1,39.0947483864821,Hierarchical residual only,0.005251613517899045,0.005251613517899045
39.3,39.2547704663189,Hierarchical residual only,0.045229533681094836,0.045229533681094836
39.2,39.1703342577394,Hierarchical residual only,0.02966574226060459,0.02966574226060459
39.0,38.9939052289846,Hierarchical residual only,0.006094771015398237,0.006094771015398237
40.0,39.9073783130855,Hierarchical residual only,0.09262168691449801,0.09262168691449801
39.2,39.1638266436494,Hierarchical residual only,0.03617335635060215,0.03617335635060215
38.1,38.128577603309,Hierarchical residual only,-0.028577603308995947,0.028577603308995947
38.5,38.4948118090811,Hierarchical residual only,0.005188190918900659,0.005188190918900659
38.5,38.4943150691637,Hierarchical residual only,0.005684930836302726,0.005684930836302726
38.5,38.4917367984313,Hierarchical residual only,0.008263201568702527,0.008263201568702527
38.4,38.4041113422284,Hierarchical residual only,-0.004111342228398485,0.004111342228398485
38.9,38.8685196764836,Hierarchical residual only,0.031480323516397846,0.031480323516397846
38.2,38.2206331096584,Hierarchical residual only,-0.02063310965839804,0.02063310965839804
38.0,38.0346187069785,Hierarchical residual only,-0.03461870697849889,0.03461870697849889
38.2,38.2203114553678,Hierarchical residual only,-0.020311455367796327,0.020311455367796327
38.1,38.1263189933291,Hierarchical residual only,-0.026318993329098817,0.026318993329098817
38.1,38.1254032207875,Hierarchical residual only,-0.025403220787495684,0.025403220787495684
38.9,38.8878332447715,Hierarchical residual only,0.012166755228498971,0.012166755228498971
38.5,38.5189928973133,Hierarchical residual only,-0.018992897313296453,0.018992897313296453
39.1,38.9995065244069,Hierarchical residual only,0.10049347559310462,0.10049347559310462
39.1,38.9987397562867,Hierarchical residual only,0.10126024371329834,0.10126024371329834
39.1,39.0624289047409,Hierarchical residual only,0.037571095259103515,0.037571095259103515
38.5,38.516149913993,Hierarchical residual only,-0.016149913992997256,0.016149913992997256
38.9,38.319337577215,Hierarchical residual only,0.5806624227849966,0.5806624227849966
38.9,38.3194888254912,Hierarchical residual only,0.5805111745087999,0.5805111745087999
39.2,39.1509392745254,Hierarchical residual only,0.04906072547460383,0.04906072547460383
38.7,38.6892662710465,Hierarchical residual only,0.010733728953503885,0.010733728953503885
38.6,38.6055402463635,Hierarchical residual only,-0.005540246363501922,0.005540246363501922
38.8,38.7825638952539,Hierarchical residual only,0.017436104746096248,0.017436104746096248
38.3,38.3134429523324,Hierarchical residual only,-0.013442952332404445,0.013442952332404445
38.1,38.1399241670922,Hierarchical residual only,-0.03992416709219526,0.03992416709219526
38.7,38.6704051523663,Hierarchical residual only,0.029594847633703125,0.029594847633703125
39.5,39.3745259765375,Hierarchical residual only,0.1254740234625018,0.1254740234625018
38.0,38.0537396637243,Hierarchical residual only,-0.05373966372430061,0.05373966372430061
38.3,38.326536099794,Hierarchical residual only,-0.026536099794000734,0.026536099794000734
38.5,38.4980227230327,Hierarchical residual only,0.0019772769673025437,0.0019772769673025437
38.0,38.0489663976846,Hierarchical residual only,-0.04896639768460176,0.04896639768460176
37.5,37.8401173363194,Hierarchical residual only,-0.3401173363194019,0.3401173363194019
37.5,37.8413581131711,Hierarchical residual only,-0.341358113171097,0.341358113171097
38.0,38.0570433559512,Hierarchical residual only,-0.057043355951201136,0.057043355951201136
39.0,39.0628553845646,Hierarchical residual only,-0.0628553845645996,0.0628553845645996
38.3,38.3531109683037,Hierarchical residual only,-0.053110968303705874,0.053110968303705874
38.3,38.4257776085999,Hierarchical residual only,-0.12577760859990406,0.12577760859990406
38.8,38.6630040980006,Hierarchical residual only,0.13699590199939848,0.13699590199939848
39.0,38.9914656698122,Hierarchical residual only,0.00853433018779981,0.00853433018779981
39.9,39.8093039697081,Hierarchical residual only,0.09069603029190176,0.09069603029190176
39.4,39.3560164573322,Hierarchical residual only,0.043983542667795916,0.043983542667795916
38.1,38.5102908834518,Hierarchical residual only,-0.4102908834518004,0.4102908834518004
38.1,38.5013409962688,Hierarchical residual only,-0.40134099626880015,0.40134099626880015
38.8,38.7935204394962,Hierarchical residual only,0.006479560503798609,0.006479560503798609
38.4,38.6062785124739,Hierarchical residual only,-0.20627851247390083,0.20627851247390083
38.3,38.3123475714419,Hierarchical residual only,-0.01234757144190013,0.01234757144190013
39.7,39.6452722071683,Hierarchical residual only,0.05472779283170581,0.05472779283170581
39.6,39.5438050892718,Hierarchical residual only,0.05619491072820182,0.05619491072820182
39.2,39.1577263936287,Hierarchical residual only,0.042273606371303174,0.042273606371303174
38.1,38.1437248192382,Hierarchical residual only,-0.04372481923820004,0.04372481923820004
38.5,38.5974932646712,Hierarchical residual only,-0.09749326467120056,0.09749326467120056
38.5,38.5140584321204,Hierarchical residual only,-0.014058432120400255,0.014058432120400255
38.0,38.0351581682607,Hierarchical residual only,-0.035158168260700506,0.035158168260700506
38.0,38.034589969103,Hierarchical residual only,-0.034589969103002716,0.034589969103002716
38.2,38.2325261997291,Hierarchical residual only,-0.03252619972909798,0.03252619972909798
38.6,38.6053311530442,Hierarchical residual only,-0.005331153044195958,0.005331153044195958
38.5,38.5229209275427,Hierarchical residual only,-0.022920927542699587,0.022920927542699587
39.1,39.0678724852312,Hierarchical residual only,0.03212751476880271,0.03212751476880271
38.7,38.6795620457328,Hierarchical residual only,0.02043795426720152,0.02043795426720152
39.4,39.1300100843515,Hierarchical residual only,0.2699899156485017,0.2699899156485017
38.7,38.6733137623466,Hierarchical residual only,0.026686237653400724,0.026686237653400724
39.5,39.377630297166,Hierarchical residual only,0.12236970283399984,0.12236970283399984
38.3,38.3360046808805,Hierarchical residual only,-0.03600468088050235,0.03600468088050235
38.5,38.4969472388865,Hierarchical residual only,0.00305276111350139,0.00305276111350139
38.5,38.4087174265524,Hierarchical residual only,0.09128257344760016,0.09128257344760016
38.0,38.0530411612543,Hierarchical residual only,-0.05304116125429914,0.05304116125429914
39.2,39.1613765972393,Hierarchical residual only,0.03862340276070597,0.03862340276070597
38.8,38.5851447030141,Hierarchical residual only,0.21485529698589545,0.21485529698589545
39.1,39.0698093816866,Hierarchical residual only,0.030190618313397977,0.030190618313397977
40.1,39.7442283216406,Hierarchical residual only,0.35577167835940315,0.35577167835940315
39.4,39.3802098672485,Hierarchical residual only,0.01979013275149555,0.01979013275149555
39.9,39.7442283216406,Hierarchical residual only,0.1557716783594003,0.1557716783594003
39.5,39.3046401460623,Hierarchical residual only,0.1953598539377026,0.1953598539377026
39.6,39.5315444981112,Hierarchical residual only,0.06845550188879912,0.06845550188879912
39.2,39.1218191300719,Hierarchical residual only,0.07818086992810436,0.07818086992810436
40.4,39.9521191376589,Hierarchical residual only,0.44788086234110125,0.44788086234110125
39.5,39.5315444981112,Hierarchical residual only,-0.0315444981112023,0.0315444981112023
40.4,40.3466252825614,Hierarchical residual only,0.05337471743860078,0.05337471743860078
39.4,39.3099094815232,Hierarchical residual only,0.09009051847679928,0.09009051847679928
39.0,39.1266825093521,Hierarchical residual only,-0.12668250935210068,0.12668250935210068
39.5,39.7232697474575,Hierarchical residual only,-0.2232697474575005,0.2232697474575005
40.6,40.0989078773914,Hierarchical residual only,0.501092122608604,0.501092122608604
38.5,38.8662744477957,Hierarchical residual only,-0.3662744477957034,0.3662744477957034
38.9,39.5601253527591,Hierarchical residual only,-0.6601253527591027,0.6601253527591027
39.6,39.5994086467069,Hierarchical residual only,0.000591353293103225,0.000591353293103225
38.9,39.0422773565742,Hierarchical residual only,-0.14227735657420482,0.14227735657420482
38.5,38.7265125552637,Hierarchical residual only,-0.22651255526370306,0.22651255526370306
39.2,39.3283244856973,Hierarchical residual only,-0.12832448569729848,0.12832448569729848
39.7,39.3283244856973,Hierarchical residual only,0.3716755143027015,0.3716755143027015
39.8,39.5390286594643,Hierarchical residual only,0.26097134053569704,0.26097134053569704
38.5,39.1697736713374,Hierarchical residual only,-0.6697736713374027,0.6697736713374027
40.0,39.5390286594643,Hierarchical residual only,0.4609713405356999,0.4609713405356999
39.7,39.5390286594643,Hierarchical residual only,0.16097134053570272,0.16097134053570272
38.6,38.8749846231431,Hierarchical residual only,-0.2749846231430979,0.2749846231430979
38.6,38.8791115149327,Hierarchical residual only,-0.27911151493270125,0.27911151493270125
38.0,38.4511166061871,Hierarchical residual only,-0.4511166061870995,0.4511166061870995
38.2,38.7114320434773,Hierarchical residual only,-0.5114320434772992,0.5114320434772992
40.4,40.256815370218,Hierarchical residual only,0.14318462978199875,0.14318462978199875
39.2,38.9356173025342,Hierarchical residual only,0.26438269746580545,0.26438269746580545
38.1,38.5242913073214,Hierarchical residual only,-0.42429130732139697,0.42429130732139697
38.3,38.5242913073214,Hierarchical residual only,-0.22429130732140123,0.22429130732140123
38.5,38.5064289750962,Hierarchical residual only,-0.006428975096198997,0.006428975096198997
38.4,38.4143135904808,Hierarchical residual only,-0.014313590480803384,0.014313590480803384
38.3,38.3153251170011,Hierarchical residual only,-0.015325117001104616,0.015325117001104616
38.5,38.5084807001543,Hierarchical residual only,-0.008480700154301246,0.008480700154301246
38.0,38.0588897234369,Hierarchical residual only,-0.05888972343689858,0.05888972343689858
39.5,39.4577335725755,Hierarchical residual only,0.04226642742450082,0.04226642742450082
38.8,38.8100092136011,Hierarchical residual only,-0.010009213601101408,0.010009213601101408
39.0,38.9942914588644,Hierarchical residual only,0.005708541135597045,0.005708541135597045
38.9,38.8933690386233,Hierarchical residual only,0.006630961376700384,0.006630961376700384
39.6,39.5522337665567,Hierarchical residual only,0.047766233443304884,0.047766233443304884
38.2,38.2144856651559,Hierarchical residual only,-0.014485665155895333,0.014485665155895333
38.1,38.1410557662823,Hierarchical residual only,-0.04105576628229812,0.04105576628229812
38.5,38.4971883456011,Hierarchical residual only,0.00281165439889719,0.00281165439889719
38.5,38.4971883456011,Hierarchical residual only,0.00281165439889719,0.00281165439889719
38.4,38.4096206262147,Hierarchical residual only,-0.009620626214704942,0.009620626214704942
38.0,38.027849277438,Hierarchical residual only,-0.027849277438001252,0.027849277438001252
39.2,39.1485163060904,Hierarchical residual only,0.051483693909602835,0.051483693909602835
38.3,38.3037278445519,Hierarchical residual only,-0.0037278445519035586,0.0037278445519035586
38.4,38.3975932291673,Hierarchical residual only,0.0024067708326995785,0.0024067708326995785
38.2,38.2245945922397,Hierarchical residual only,-0.02459459223969418,0.02459459223969418
38.1,38.407844404896,Hierarchical residual only,-0.3078444048959952,0.3078444048959952
41.5,41.3007223317396,Hierarchical residual only,0.19927766826040028,0.19927766826040028
38.7,38.718901407225,Hierarchical residual only,-0.01890140722499467,0.01890140722499467
38.6,38.6095849802165,Hierarchical residual only,-0.009584980216502004,0.009584980216502004
38.5,38.5137049250627,Hierarchical residual only,-0.01370492506269727,0.01370492506269727
38.2,38.237623441755,Hierarchical residual only,-0.03762344175499521,0.03762344175499521
38.5,38.5140603192827,Hierarchical residual only,-0.014060319282698686,0.014060319282698686
39.1,39.0559769859494,Hierarchical residual only,0.044023014050601716,0.044023014050601716
38.6,38.6043797637272,Hierarchical residual only,-0.004379763727200725,0.004379763727200725
38.9,38.873945027757,Hierarchical residual only,0.02605497224299569,0.02605497224299569
38.0,38.0449636018442,Hierarchical residual only,-0.04496360184420212,0.04496360184420212
38.3,38.3239347556904,Hierarchical residual only,-0.02393475569040504,0.02393475569040504
39.4,39.2294219645963,Hierarchical residual only,0.1705780354037003,0.1705780354037003
38.1,38.1263396620534,Hierarchical residual only,-0.02633966205339533,0.02633966205339533
38.1,38.1442658943963,Hierarchical residual only,-0.0442658943962968,0.0442658943962968
39.0,38.9526501477952,Hierarchical residual only,0.047349852204803256,0.047349852204803256
39.5,39.4204457932698,Hierarchical residual only,0.07955420673020086,0.07955420673020086
38.2,38.2193300466688,Hierarchical residual only,-0.019330046668798673,0.019330046668798673
38.5,38.498301200515,Hierarchical residual only,0.0016987994849984034,0.0016987994849984034
38.2,38.2144002392422,Hierarchical residual only,-0.014400239242199575,0.014400239242199575
38.0,38.046753654008,Hierarchical residual only,-0.04675365400800047,0.04675365400800047
38.0,38.0306472280952,Hierarchical residual only,-0.03064722809519793,0.03064722809519793
39.0,39.1316055908473,Hierarchical residual only,-0.1316055908473004,0.1316055908473004
38.8,38.7745703050183,Hierarchical residual only,0.025429694981696116,0.025429694981696116
38.3,38.3392704312842,Hierarchical residual only,-0.03927043128420138,0.03927043128420138
39.0,38.9991647374075,Hierarchical residual only,0.0008352625925027723,0.0008352625925027723
39.0,38.9991647374075,Hierarchical residual only,0.0008352625925027723,0.0008352625925027723
39.1,39.0828079561679,Hierarchical residual only,0.01719204383210382,0.01719204383210382
39.0,38.9906925715525,Hierarchical residual only,0.009307428447499433,0.009307428447499433
39.1,39.1821326401901,Hierarchical residual only,-0.08213264019009614,0.08213264019009614
38.4,38.5149163073214,Hierarchical residual only,-0.11491630732140123,0.11491630732140123
38.2,38.5149163073214,Hierarchical residual only,-0.31491630732139697,0.31491630732139697
38.7,38.6970959906695,Hierarchical residual only,0.002904009330499946,0.002904009330499946
38.5,38.5092219079561,Hierarchical residual only,-0.009221907956103337,0.009221907956103337
38.0,38.0462589449931,Hierarchical residual only,-0.046258944993098794,0.046258944993098794
39.2,39.1778652214387,Hierarchical residual only,0.02213477856130197,0.02213477856130197
38.9,38.8795922783264,Hierarchical residual only,0.02040772167359961,0.02040772167359961
40.0,39.9470959906695,Hierarchical residual only,0.052904009330497104,0.052904009330497104
38.1,38.1201729137464,Hierarchical residual only,-0.020172913746399956,0.020172913746399956
38.1,38.1388515375857,Hierarchical residual only,-0.0388515375856997,0.0388515375856997
38.4,38.4166293153635,Hierarchical residual only,-0.016629315363502428,0.016629315363502428
38.9,38.8894036829772,Hierarchical residual only,0.010596317022795176,0.010596317022795176
38.2,38.2314441301783,Hierarchical residual only,-0.03144413017830061,0.03144413017830061
38.3,38.3124806060541,Hierarchical residual only,-0.012480606054104726,0.012480606054104726
38.7,38.6944070931413,Hierarchical residual only,0.0055929068587019515,0.0055929068587019515
38.5,38.6791259174395,Hierarchical residual only,-0.17912591743949946,0.17912591743949946
39.1,39.0817113752849,Hierarchical residual only,0.018288624715104618,0.018288624715104618
38.9,38.8795922783264,Hierarchical residual only,0.02040772167359961,0.02040772167359961
38.8,38.7932498368233,Hierarchical residual only,0.006750163176697299,0.006750163176697299
38.1,38.1388515375857,Hierarchical residual only,-0.0388515375856997,0.0388515375856997
39.0,38.972184870919,Hierarchical residual only,0.027815129080998702,0.027815129080998702
38.2,38.2163267599003,Hierarchical residual only,-0.016326759900294974,0.016326759900294974
38.0,38.0240190675926,Hierarchical residual only,-0.02401906759259731,0.02401906759259731
38.0,38.0462589449931,Hierarchical residual only,-0.046258944993098794,0.046258944993098794
39.0,39.213225407008,Hierarchical residual only,-0.21322540700799664,0.21322540700799664
38.6,38.6009421445157,Hierarchical residual only,-0.0009421445156974073,0.0009421445156974073
39.1,39.213225407008,Hierarchical residual only,-0.11322540700799522,0.11322540700799522
39.9,39.8509421445157,Hierarchical residual only,0.04905785548429975,0.04905785548429975
39.3,39.4389983102066,Hierarchical residual only,-0.13899831020660258,0.13899831020660258
39.3,39.4720439470566,Hierarchical residual only,-0.17204394705660064,0.17204394705660064
39.4,39.2105055660965,Hierarchical residual only,0.18949443390349785,0.18949443390349785
39.1,39.1755516463273,Hierarchical residual only,-0.07555164632729827,0.07555164632729827
39.1,39.1755516463273,Hierarchical residual only,-0.07555164632729827,0.07555164632729827
40.2,40.0505383634822,Hierarchical residual only,0.14946163651780608,0.14946163651780608
39.5,39.2582726100669,Hierarchical residual only,0.2417273899330965,0.2417273899330965
40.8,40.3269033181865,Hierarchical residual only,0.4730966818134945,0.4730966818134945
39.5,39.41595815492,Hierarchical residual only,0.08404184508000156,0.08404184508000156
39.8,39.4291386979546,Hierarchical residual only,0.37086130204539813,0.37086130204539813
40.0,39.4291386979546,Hierarchical residual only,0.570861302045401,0.570861302045401
39.8,39.521555976964,Hierarchical residual only,0.2784440230359948,0.2784440230359948
38.5,39.3867325998623,Hierarchical residual only,-0.8867325998622988,0.8867325998622988
40.0,39.4914963302792,Hierarchical residual only,0.5085036697208025,0.5085036697208025
38.2,38.3173334038937,Hierarchical residual only,-0.11733340389369573,0.11733340389369573
38.3,38.7603409229885,Hierarchical residual only,-0.46034092298850027,0.46034092298850027
39.0,39.6706899139885,Hierarchical residual only,-0.6706899139884968,0.6706899139884968
38.4,38.9771306189057,Hierarchical residual only,-0.5771306189056986,0.5771306189056986
40.1,39.2535752715178,Hierarchical residual only,0.846424728482198,0.846424728482198
39.7,38.7887764837749,Hierarchical residual only,0.9112235162250997,0.9112235162250997
39.2,38.8250662435268,Hierarchical residual only,0.3749337564732045,0.3749337564732045
40.2,38.8250662435268,Hierarchical residual only,1.3749337564732045,1.3749337564732045
39.3,39.2126154135646,Hierarchical residual only,0.08738458643539815,0.08738458643539815
39.2,39.3342520293424,Hierarchical residual only,-0.13425202934239877,0.13425202934239877
38.4,38.2308565488481,Hierarchical residual only,0.16914345115189633,0.16914345115189633
38.7,39.0898158964614,Hierarchical residual only,-0.3898158964613998,0.3898158964613998
38.5,38.8987762985189,Hierarchical residual only,-0.3987762985188965,0.3987762985188965
40.2,40.549792735368,Hierarchical residual only,-0.3497927353679984,0.3497927353679984
38.2,38.4345422278223,Hierarchical residual only,-0.2345422278222955,0.2345422278222955
38.4,38.4345422278223,Hierarchical residual only,-0.034542227822299765,0.034542227822299765
38.5,38.502888354115,Hierarchical residual only,-0.0028883541150008796,0.0028883541150008796
38.5,38.5773643806069,Hierarchical residual only,-0.07736438060690176,0.07736438060690176
38.5,38.5773643806069,Hierarchical residual only,-0.07736438060690176,0.07736438060690176
38.5,38.5005550207817,Hierarchical residual only,-0.000555020781696669,0.000555020781696669
39.0,38.9552151189073,Hierarchical residual only,0.04478488109270273,0.04478488109270273
38.2,38.2959656575715,Hierarchical residual only,-0.09596565757149733,0.09596565757149733
39.5,39.4542408423849,Hierarchical residual only,0.04575915761510174,0.04575915761510174
39.1,39.0931306849235,Hierarchical residual only,0.0068693150765000155,0.0068693150765000155
39.2,39.1780089802777,Hierarchical residual only,0.02199101972230011,0.02199101972230011
38.9,38.917530943238,Hierarchical residual only,-0.017530943238000418,0.017530943238000418
38.1,38.129475936215,Hierarchical residual only,-0.02947593621500033,0.02947593621500033
38.1,38.129475936215,Hierarchical residual only,-0.02947593621500033,0.02947593621500033
38.5,38.4906649240527,Hierarchical residual only,0.009335075947298321,0.009335075947298321
38.5,38.4887836285226,Hierarchical residual only,0.011216371477402731,0.011216371477402731
38.9,38.8480913208303,Hierarchical residual only,0.05190867916969921,0.05190867916969921
38.3,38.3021698685217,Hierarchical residual only,-0.002169868521704643,0.002169868521704643
38.0,38.0379390992909,Hierarchical residual only,-0.037939099290902334,0.037939099290902334
38.0,38.0470423702724,Hierarchical residual only,-0.04704237027240055,0.04704237027240055
38.3,38.3147365819922,Hierarchical residual only,-0.014736581992202957,0.014736581992202957
38.3,38.3147365819922,Hierarchical residual only,-0.014736581992202957,0.014736581992202957
38.1,38.1267877600454,Hierarchical residual only,-0.0267877600454014,0.0267877600454014
38.9,38.8987163208303,Hierarchical residual only,0.0012836791696955174,0.0012836791696955174
38.6,38.7370935377497,Hierarchical residual only,-0.13709353774969912,0.13709353774969912
38.6,38.7370935377497,Hierarchical residual only,-0.13709353774969912,0.13709353774969912
38.5,38.6119420603008,Hierarchical residual only,-0.11194206030079812,0.11194206030079812
38.5,38.5314802101756,Hierarchical residual only,-0.03148021017560154,0.03148021017560154
38.6,38.4515258814934,Hierarchical residual only,0.14847411850659853,0.14847411850659853
39.1,39.04817955952,Hierarchical residual only,0.05182044048000023,0.05182044048000023
38.6,38.6079480780385,Hierarchical residual only,-0.00794807803849551,0.00794807803849551
39.2,39.1435941489366,Hierarchical residual only,0.05640585106340268,0.05640585106340268
38.1,38.6302442828826,Hierarchical residual only,-0.5302442828825988,0.5302442828825988
38.1,38.6302442828826,Hierarchical residual only,-0.5302442828825988,0.5302442828825988
39.4,39.2046409850423,Hierarchical residual only,0.19535901495769536,0.19535901495769536
38.7,38.4784863559999,Hierarchical residual only,0.22151364400010465,0.22151364400010465
38.7,38.4784863559999,Hierarchical residual only,0.22151364400010465,0.22151364400010465
38.2,38.5624863559999,Hierarchical residual only,-0.36248635599989854,0.36248635599989854
38.2,38.5624863559999,Hierarchical residual only,-0.36248635599989854,0.36248635599989854
38.0,38.075835718617,Hierarchical residual only,-0.07583571861700023,0.07583571861700023
38.2,38.2283480164556,Hierarchical residual only,-0.02834801645559537,0.02834801645559537
38.5,38.4154759358946,Hierarchical residual only,0.08452406410540192,0.08452406410540192
38.1,38.1324270457508,Hierarchical residual only,-0.03242704575080069,0.03242704575080069
39.2,39.1122460874688,Hierarchical residual only,0.08775391253120546,0.08775391253120546
38.8,38.7529383951611,Hierarchical residual only,0.047061604838894766,0.047061604838894766
38.4,38.3972926251641,Hierarchical residual only,0.0027073748359001115,0.0027073748359001115
38.8,38.7381455507979,Hierarchical residual only,0.061854449202094486,0.061854449202094486
38.9,38.9069998791239,Hierarchical residual only,-0.006999879123902986,0.006999879123902986
38.9,38.9069998791239,Hierarchical residual only,-0.006999879123902986,0.006999879123902986
39.9,39.7979390420966,Hierarchical residual only,0.10206095790339731,0.10206095790339731
39.4,39.348804426712,Hierarchical residual only,0.051195573287998286,0.051195573287998286
39.3,39.2589775036351,Hierarchical residual only,0.041022496364895744,0.041022496364895744
38.0,38.3970422278223,Hierarchical residual only,-0.3970422278222969,0.3970422278222969
39.1,38.3970422278223,Hierarchical residual only,0.7029577721777045,0.7029577721777045
39.0,38.9361568754971,Hierarchical residual only,0.06384312450290253,0.06384312450290253
38.5,38.6396601736579,Hierarchical residual only,-0.1396601736579015,0.1396601736579015
38.2,38.3131390700419,Hierarchical residual only,-0.11313907004189616,0.11313907004189616
39.1,39.0889930671185,Hierarchical residual only,0.01100693288150012,0.01100693288150012
38.5,38.5597914592899,Hierarchical residual only,-0.059791459289897375,0.059791459289897375
38.5,38.4872733365722,Hierarchical residual only,0.012726663427798712,0.012726663427798712
38.5,38.4795764234062,Hierarchical residual only,0.020423576593799453,0.020423576593799453
38.0,38.0754297894582,Hierarchical residual only,-0.07542978945819812,0.07542978945819812
38.0,38.0518729545025,Hierarchical residual only,-0.051872954502499624,0.051872954502499624
38.1,38.2856776405082,Hierarchical residual only,-0.1856776405081959,0.1856776405081959
41.5,41.0222762452678,Hierarchical residual only,0.4777237547322031,0.4777237547322031
38.5,38.5112558681569,Hierarchical residual only,-0.011255868156901272,0.011255868156901272
38.0,38.0851663317896,Hierarchical residual only,-0.0851663317896012,0.0851663317896012
38.1,38.6483150324547,Hierarchical residual only,-0.5483150324546955,0.5483150324546955
38.1,38.1546873832327,Hierarchical residual only,-0.05468738323269662,0.05468738323269662
38.7,38.6557898089506,Hierarchical residual only,0.044210191049401715,0.044210191049401715
38.2,38.6557898089506,Hierarchical residual only,-0.4557898089505983,0.4557898089505983
38.1,38.1463043607755,Hierarchical residual only,-0.04630436077550115,0.04630436077550115
37.5,37.6104096765139,Hierarchical residual only,-0.11040967651390332,0.11040967651390332
38.4,38.4462113382303,Hierarchical residual only,-0.046211338230300214,0.046211338230300214
38.3,38.3668246208624,Hierarchical residual only,-0.06682462086240548,0.06682462086240548
39.4,39.2890261815313,Hierarchical residual only,0.11097381846870036,0.11097381846870036
39.0,38.9785218853107,Hierarchical residual only,0.02147811468930172,0.02147811468930172
39.1,39.4050974652522,Hierarchical residual only,-0.30509746525219583,0.30509746525219583
40.0,39.8212478410002,Hierarchical residual only,0.17875215899979935,0.17875215899979935
39.8,39.8212478410002,Hierarchical residual only,-0.021247841000203493,0.021247841000203493
38.6,39.0472414059953,Hierarchical residual only,-0.4472414059952996,0.4472414059952996
39.6,39.5514269264764,Hierarchical residual only,0.048573073523598964,0.048573073523598964
38.6,39.4655467762008,Hierarchical residual only,-0.8655467762008016,0.8655467762008016
39.3,39.4160078923973,Hierarchical residual only,-0.11600789239730602,0.11600789239730602
40.6,40.3032813632454,Hierarchical residual only,0.29671863675460486,0.29671863675460486
39.0,39.1666700570675,Hierarchical residual only,-0.16667005706749904,0.16667005706749904
39.5,39.4843932443703,Hierarchical residual only,0.015606755629697489,0.015606755629697489
39.4,39.4843932443703,Hierarchical residual only,-0.08439324437030393,0.08439324437030393
39.3,39.0996885161866,Hierarchical residual only,0.20031148381339392,0.20031148381339392
39.4,39.640589471117,Hierarchical residual only,-0.2405894711170049,0.2405894711170049
38.5,38.8656734148485,Hierarchical residual only,-0.36567341484850147,0.36567341484850147
38.2,38.4835126411049,Hierarchical residual only,-0.28351264110489893,0.28351264110489893
38.2,38.4835126411049,Hierarchical residual only,-0.28351264110489893,0.28351264110489893
40.0,39.2332289063177,Hierarchical residual only,0.7667710936823013,0.7667710936823013
38.5,38.6810065864846,Hierarchical residual only,-0.18100658648459955,0.18100658648459955
39.7,39.4083412365489,Hierarchical residual only,0.2916587634511032,0.2916587634511032
39.6,39.4083412365489,Hierarchical residual only,0.19165876345110178,0.19165876345110178
40.7,39.3386263559777,Hierarchical residual only,1.3613736440223008,1.3613736440223008
40.6,39.3386263559777,Hierarchical residual only,1.2613736440222993,1.2613736440222993
39.3,39.1912783247236,Hierarchical residual only,0.10872167527639931,0.10872167527639931
39.0,39.1912783247236,Hierarchical residual only,-0.19127832472359785,0.19127832472359785
38.0,38.4485853822274,Hierarchical residual only,-0.4485853822273995,0.4485853822273995
38.4,38.6467302706952,Hierarchical residual only,-0.2467302706952026,0.2467302706952026
40.5,40.23717157223,Hierarchical residual only,0.26282842777000326,0.26282842777000326
38.3,38.5648709824928,Hierarchical residual only,-0.26487098249280194,0.26487098249280194
38.2,38.561800068356,Hierarchical residual only,-0.361800068355997,0.361800068355997
39.0,38.9684989643654,Hierarchical residual only,0.03150103563459794,0.03150103563459794
38.8,38.7853000879294,Hierarchical residual only,0.014699912070597065,0.014699912070597065
39.0,38.9749398550557,Hierarchical residual only,0.0250601449442982,0.0250601449442982
38.6,38.5953361460879,Hierarchical residual only,0.004663853912099114,0.004663853912099114
38.6,38.5951309714407,Hierarchical residual only,0.004869028559298272,0.004869028559298272
38.2,38.2437386858607,Hierarchical residual only,-0.043738685860695625,0.043738685860695625
38.5,38.5243694387851,Hierarchical residual only,-0.024369438785100783,0.024369438785100783
39.3,39.2440991197316,Hierarchical residual only,0.055900880268396236,0.055900880268396236
39.7,39.550257326816,Hierarchical residual only,0.1497426731840008,0.1497426731840008
39.7,39.5488602814867,Hierarchical residual only,0.15113971851330632,0.15113971851330632
38.0,38.0533408435104,Hierarchical residual only,-0.05334084351039792,0.05334084351039792
38.1,38.1259317315098,Hierarchical residual only,-0.025931731509800215,0.025931731509800215
38.5,38.4994822833835,Hierarchical residual only,0.0005177166164997971,0.0005177166164997971
38.4,38.4094051919813,Hierarchical residual only,-0.009405191981301186,0.009405191981301186
38.4,38.4083899607838,Hierarchical residual only,-0.008389960783802053,0.008389960783802053
38.0,38.0297989652556,Hierarchical residual only,-0.029798965255601217,0.029798965255601217
39.2,39.1346691534645,Hierarchical residual only,0.06533084653550247,0.06533084653550247
38.0,38.0307891352323,Hierarchical residual only,-0.03078913523229687,0.03078913523229687
38.0,38.0300304303923,Hierarchical residual only,-0.030030430392301355,0.030030430392301355
38.1,38.3023088285467,Hierarchical residual only,-0.2023088285466983,0.2023088285466983
41.5,41.3071566963898,Hierarchical residual only,0.19284330361020352,0.19284330361020352
38.5,38.6371618780671,Hierarchical residual only,-0.13716187806709712,0.13716187806709712
38.5,38.6387136889054,Hierarchical residual only,-0.1387136889053977,0.1387136889053977
38.5,38.6600995649852,Hierarchical residual only,-0.1600995649852024,0.1600995649852024
38.2,38.2366857726993,Hierarchical residual only,-0.0366857726993004,0.0366857726993004
38.3,38.3315552210983,Hierarchical residual only,-0.031555221098301445,0.031555221098301445
39.0,38.6245100390966,Hierarchical residual only,0.37548996090340125,0.37548996090340125
39.0,38.6234512580427,Hierarchical residual only,0.3765487419573006,0.3765487419573006
38.9,38.8804896735394,Hierarchical residual only,0.019510326460597582,0.019510326460597582
38.3,38.3309578626626,Hierarchical residual only,-0.030957862662603475,0.030957862662603475
38.7,38.6948864413469,Hierarchical residual only,0.00511355865310037,0.00511355865310037
38.1,38.1434361401597,Hierarchical residual only,-0.043436140159698766,0.043436140159698766
38.1,38.181485894819,Hierarchical residual only,-0.08148589481899648,0.08148589481899648
38.1,38.1832825083129,Hierarchical residual only,-0.08328250831289807,0.08328250831289807
39.0,38.9656868916473,Hierarchical residual only,0.03431310835269841,0.03431310835269841
38.2,38.2264424545805,Hierarchical residual only,-0.0264424545804971,0.0264424545804971
38.5,38.4979690021919,Hierarchical residual only,0.002030997808098789,0.002030997808098789
38.1,38.125141782588,Hierarchical residual only,-0.02514178258800115,0.02514178258800115
38.1,38.1168763098367,Hierarchical residual only,-0.016876309836696635,0.016876309836696635
38.0,38.032673604893,Hierarchical residual only,-0.03267360489299875,0.03267360489299875
38.4,38.4064341532589,Hierarchical residual only,-0.006434153258901176,0.006434153258901176
39.4,39.3512982067025,Hierarchical residual only,0.048701793297496465,0.048701793297496465
39.2,39.1689033287603,Hierarchical residual only,0.031096671239701834,0.031096671239701834
38.6,38.6104137613372,Hierarchical residual only,-0.010413761337197514,0.010413761337197514
39.1,39.158828451435,Hierarchical residual only,-0.05882845143499793,0.05882845143499793
39.3,39.2672399549449,Hierarchical residual only,0.032760045055098885,0.032760045055098885
37.9,38.5632236729202,Hierarchical residual only,-0.6632236729202035,0.6632236729202035
38.1,38.5647263384284,Hierarchical residual only,-0.46472633842839883,0.46472633842839883
38.4,38.4092536264411,Hierarchical residual only,-0.009253626441100948,0.009253626441100948
38.6,38.6405942874693,Hierarchical residual only,-0.04059428746929683,0.04059428746929683
39.3,39.2511551324051,Hierarchical residual only,0.04884486759489448,0.04884486759489448
39.0,38.9861767033642,Hierarchical residual only,0.013823296635798954,0.013823296635798954
38.0,38.0474514287014,Hierarchical residual only,-0.04745142870140029,0.04745142870140029
38.9,38.8900228572104,Hierarchical residual only,0.0099771427896016,0.0099771427896016
39.2,39.1585625398125,Hierarchical residual only,0.041437460187502495,0.041437460187502495
38.4,38.4092536264411,Hierarchical residual only,-0.009253626441100948,0.009253626441100948
38.1,38.5027567507347,Hierarchical residual only,-0.40275675073469586,0.40275675073469586
38.5,38.6405942874693,Hierarchical residual only,-0.14059428746929825,0.14059428746929825
38.6,38.6015613187488,Hierarchical residual only,-0.0015613187487986124,0.0015613187487986124
39.2,39.1784843956719,Hierarchical residual only,0.02151560432810129,0.02151560432810129
38.3,38.3252292064792,Hierarchical residual only,-0.025229206479203015,0.025229206479203015
38.1,38.140044021294,Hierarchical residual only,-0.0400440212940012,0.0400440212940012
38.3,38.3130997802873,Hierarchical residual only,-0.013099780287305407,0.013099780287305407
38.5,38.505407472595,Hierarchical residual only,-0.005407472595003071,0.005407472595003071
38.2,38.2169459341334,Hierarchical residual only,-0.01694593413339618,0.01694593413339618
38.8,38.7938690110565,Hierarchical residual only,0.006130988943496618,0.006130988943496618
38.3,38.4234739257869,Hierarchical residual only,-0.12347392578690375,0.12347392578690375
39.0,38.9861767033642,Hierarchical residual only,0.013823296635798954,0.013823296635798954
38.9,38.8900228572104,Hierarchical residual only,0.0099771427896016,0.0099771427896016
39.2,39.0038372725993,Hierarchical residual only,0.19616272740070428,0.19616272740070428
39.0,39.3162595529103,Hierarchical residual only,-0.31625955291030294,0.31625955291030294
39.4,39.4045650513298,Hierarchical residual only,-0.004565051329798564,0.004565051329798564
38.8,38.8336992254613,Hierarchical residual only,-0.033699225461305105,0.033699225461305105
39.5,39.1426920566744,Hierarchical residual only,0.35730794332560123,0.35730794332560123
39.5,39.5832856095984,Hierarchical residual only,-0.08328560959839848,0.08328560959839848
40.5,40.2265019938291,Hierarchical residual only,0.2734980061708967,0.2734980061708967
38.7,39.484556327441,Hierarchical residual only,-0.7845563274409955,0.7845563274409955
40.3,40.131654804228,Hierarchical residual only,0.16834519577199814,0.16834519577199814
39.1,39.0686898057057,Hierarchical residual only,0.031310194294299265,0.031310194294299265
38.6,38.770144365651,Hierarchical residual only,-0.170144365650998,0.170144365650998
38.4,38.8405659815854,Hierarchical residual only,-0.44056598158540083,0.44056598158540083
39.4,39.7208812787507,Hierarchical residual only,-0.32088127875070427,0.32088127875070427
39.7,38.3875516441274,Hierarchical residual only,1.3124483558726041,1.3124483558726041
38.2,38.3468024722067,Hierarchical residual only,-0.1468024722066943,0.1468024722066943
38.8,39.1657332352307,Hierarchical residual only,-0.36573323523069945,0.36573323523069945
38.4,39.1761140501424,Hierarchical residual only,-0.7761140501424038,0.7761140501424038
39.9,39.7225829233346,Hierarchical residual only,0.17741707666539952,0.17741707666539952
39.4,39.5624767050669,Hierarchical residual only,-0.1624767050669007,0.1624767050669007
38.3,39.7101783557059,Hierarchical residual only,-1.4101783557059022,1.4101783557059022
39.1,39.2190452860818,Hierarchical residual only,-0.11904528608179987,0.11904528608179987
39.1,39.2190452860818,Hierarchical residual only,-0.11904528608179987,0.11904528608179987
38.6,38.4502781022695,Hierarchical residual only,0.14972189773050104,0.14972189773050104
38.3,38.2904713403924,Hierarchical residual only,0.009528659607596524,0.009528659607596524
41.2,40.1634001022349,Hierarchical residual only,1.0365998977651003,1.0365998977651003
38.0,38.5067383313326,Hierarchical residual only,-0.506738331332599,0.506738331332599
39.0,38.9566531687557,Hierarchical residual only,0.04334683124429972,0.04334683124429972
38.8,38.7796098196425,Hierarchical residual only,0.02039018035749507,0.02039018035749507
38.7,38.6814465487581,Hierarchical residual only,0.018553451241899666,0.018553451241899666
38.4,38.4127422210234,Hierarchical residual only,-0.012742221023401612,0.012742221023401612
38.5,38.5465928294224,Hierarchical residual only,-0.046592829422401394,0.046592829422401394
38.8,38.8109094941865,Hierarchical residual only,-0.010909494186499558,0.010909494186499558
40.0,39.9066626186716,Hierarchical residual only,0.09333738132840352,0.09333738132840352
39.6,39.5424591003785,Hierarchical residual only,0.05754089962150033,0.05754089962150033
39.2,39.1792132925339,Hierarchical residual only,0.020786707466101007,0.020786707466101007
38.1,38.1347155903505,Hierarchical residual only,-0.0347155903505012,0.0347155903505012
38.0,38.0429674726819,Hierarchical residual only,-0.0429674726819016,0.0429674726819016
38.2,38.2227576276268,Hierarchical residual only,-0.02275762762679534,0.02275762762679534
38.9,38.8585149547438,Hierarchical residual only,0.04148504525620211,0.04148504525620211
38.9,38.867083259938,Hierarchical residual only,0.032916740061999405,0.032916740061999405
38.0,38.0320181116034,Hierarchical residual only,-0.03201811160339929,0.03201811160339929
38.2,38.2121937709503,Hierarchical residual only,-0.012193770950297278,0.012193770950297278
38.4,38.3943194488634,Hierarchical residual only,0.005680551136599377,0.005680551136599377
38.1,38.2348781121378,Hierarchical residual only,-0.1348781121377982,0.1348781121377982
38.7,38.7602790545423,Hierarchical residual only,-0.06027905454229909,0.06027905454229909
38.6,38.6192957798458,Hierarchical residual only,-0.019295779845798222,0.019295779845798222
38.5,38.523636987232,Hierarchical residual only,-0.023636987232002582,0.023636987232002582
39.1,39.0768103370607,Hierarchical residual only,0.023189662939302025,0.023189662939302025
38.3,38.3433651321212,Hierarchical residual only,-0.04336513212120252,0.04336513212120252
38.6,38.4048015033301,Hierarchical residual only,0.19519849666990297,0.19519849666990297
38.0,38.0613723133214,Hierarchical residual only,-0.061372313321399474,0.061372313321399474
38.6,38.6102099043443,Hierarchical residual only,-0.010209904344300469,0.010209904344300469
38.8,38.7884978347742,Hierarchical residual only,0.011502165225799388,0.011502165225799388
38.3,38.31416322375,Hierarchical residual only,-0.01416322375000334,0.01416322375000334
38.7,38.6729523373257,Hierarchical residual only,0.02704766267430614,0.02704766267430614
38.3,38.3202052206591,Hierarchical residual only,-0.020205220659100576,0.020205220659100576
38.2,38.2379484309321,Hierarchical residual only,-0.03794843093209721,0.03794843093209721
38.5,38.4995658807974,Hierarchical residual only,0.0004341192026018348,0.0004341192026018348
38.5,38.423325607105,Hierarchical residual only,0.07667439289500066,0.07667439289500066
38.0,38.0446182555647,Hierarchical residual only,-0.044618255564699894,0.044618255564699894
38.2,38.2145535430901,Hierarchical residual only,-0.014553543090094934,0.014553543090094934
38.1,38.1251687394563,Hierarchical residual only,-0.02516873945629783,0.02516873945629783
39.2,39.1156896702426,Hierarchical residual only,0.08431032975740038,0.08431032975740038
38.3,38.4226680622287,Hierarchical residual only,-0.12266806222870485,0.12266806222870485
39.4,39.3467998707103,Hierarchical residual only,0.053200129289699305,0.053200129289699305
39.2,39.1689141924599,Hierarchical residual only,0.031085807540101484,0.031085807540101484
38.6,38.6268835006186,Hierarchical residual only,-0.026883500618595235,0.026883500618595235
39.1,39.0786471735361,Hierarchical residual only,0.021352826463903796,0.021352826463903796
38.1,38.4986170578678,Hierarchical residual only,-0.39861705786779567,0.39861705786779567
38.5,38.5051454212454,Hierarchical residual only,-0.005145421245401849,0.005145421245401849
39.0,38.9859146520146,Hierarchical residual only,0.014085347985400176,0.014085347985400176
39.5,39.4666838827839,Hierarchical residual only,0.033316117216102725,0.033316117216102725
38.8,38.7876874779541,Hierarchical residual only,0.012312522045895946,0.012312522045895946
38.2,38.2321319223986,Hierarchical residual only,-0.03213192239859808,0.03213192239859808
38.4,38.4089915750916,Hierarchical residual only,-0.008991575091599202,0.008991575091599202
38.3,38.3128377289377,Hierarchical residual only,-0.012837728937704185,0.012837728937704185
38.1,38.12053003663,Hierarchical residual only,-0.020530036629999415,0.020530036629999415
38.9,38.8897608058608,Hierarchical residual only,0.010239194139195718,0.010239194139195718
38.2,38.2166838827839,Hierarchical residual only,-0.016683882783894433,0.016683882783894433
38.6,38.602502292769,Hierarchical residual only,-0.0025022927690017127,0.0025022927690017127
38.0,38.0243761904762,Hierarchical residual only,-0.02437619047619677,0.02437619047619677
38.2,38.2321319223986,Hierarchical residual only,-0.03213192239859808,0.03213192239859808
38.1,38.139539329806,Hierarchical residual only,-0.03953932980599717,0.03953932980599717
39.2,39.1580578483245,Hierarchical residual only,0.04194215167549942,0.04194215167549942
39.4,39.37053003663,Hierarchical residual only,0.029469963369997743,0.029469963369997743
39.3,39.2743761904762,Hierarchical residual only,0.02562380952380039,0.02562380952380039
38.9,39.1865382250721,Hierarchical residual only,-0.2865382250720998,0.2865382250720998
39.4,39.1419677203888,Hierarchical residual only,0.2580322796112,0.2580322796112
39.6,39.344072915092,Hierarchical residual only,0.2559270849080022,0.2559270849080022
39.5,39.1508665343915,Hierarchical residual only,0.349133465608503,0.349133465608503
40.2,39.92855154379,Hierarchical residual only,0.2714484562100026,0.2714484562100026
40.2,39.92855154379,Hierarchical residual only,0.2714484562100026,0.2714484562100026
39.5,39.487215715571,Hierarchical residual only,0.012784284429002923,0.012784284429002923
39.7,39.2155177377969,Hierarchical residual only,0.48448226220310175,0.48448226220310175
40.5,40.133537434331,Hierarchical residual only,0.3664625656690035,0.3664625656690035
39.7,38.9417909400602,Hierarchical residual only,0.7582090599398015,0.7582090599398015
39.9,39.0674787074638,Hierarchical residual only,0.8325212925361996,0.8325212925361996
38.0,38.848784367381,Hierarchical residual only,-0.8487843673810005,0.8487843673810005
38.5,38.6838151629073,Hierarchical residual only,-0.18381516290730104,0.18381516290730104
39.1,39.0104977648448,Hierarchical residual only,0.0895022351552015,0.0895022351552015
39.3,38.9705371137595,Hierarchical residual only,0.32946288624049913,0.32946288624049913
39.5,39.526423339528,Hierarchical residual only,-0.026423339528001577,0.026423339528001577
39.3,39.4894143042871,Hierarchical residual only,-0.18941430428710504,0.18941430428710504
38.7,38.8672295248611,Hierarchical residual only,-0.16722952486109932,0.16722952486109932
38.5,38.9223973833184,Hierarchical residual only,-0.4223973833183976,0.4223973833183976
38.3,38.8617070141308,Hierarchical residual only,-0.5617070141308034,0.5617070141308034
38.2,38.8617070141308,Hierarchical residual only,-0.6617070141307977,0.6617070141307977
38.9,39.0401664655059,Hierarchical residual only,-0.1401664655058994,0.1401664655058994
38.3,38.0155843889759,Fixed dual fusion,0.2844156110240945,0.2844156110240945
38.3,38.0452351455062,Fixed dual fusion,0.25476485449379993,0.25476485449379993
38.7,38.6882025278142,Fixed dual fusion,0.011797472185804736,0.011797472185804736
38.4,38.4218719045035,Fixed dual fusion,-0.02187190450349874,0.02187190450349874
38.4,38.4211301792543,Fixed dual fusion,-0.02113017925429972,0.02113017925429972
38.3,38.2436068852527,Fixed dual fusion,0.05639311474729425,0.05639311474729425
38.0,38.0945546175037,Fixed dual fusion,-0.09455461750369665,0.09455461750369665
39.1,39.0907718389743,Fixed dual fusion,0.00922816102570323,0.00922816102570323
39.3,39.2463439220161,Fixed dual fusion,0.053656077983895045,0.053656077983895045
39.2,39.1785973615305,Fixed dual fusion,0.021402638469503188,0.021402638469503188
39.0,38.9891492630508,Fixed dual fusion,0.01085073694920169,0.01085073694920169
40.0,39.9655362696371,Fixed dual fusion,0.0344637303629014,0.0344637303629014
39.2,39.2356774279879,Fixed dual fusion,-0.03567742798789908,0.03567742798789908
38.1,38.1159125584169,Fixed dual fusion,-0.015912558416900424,0.015912558416900424
38.5,38.8519527589809,Fixed dual fusion,-0.35195275898090017,0.35195275898090017
38.5,38.8605373995102,Fixed dual fusion,-0.3605373995101999,0.3605373995101999
38.5,38.4424485294575,Fixed dual fusion,0.05755147054249932,0.05755147054249932
38.4,38.4303207184439,Fixed dual fusion,-0.03032071844390316,0.03032071844390316
38.9,38.8700377314957,Fixed dual fusion,0.02996226850429906,0.02996226850429906
38.2,38.2030680922393,Fixed dual fusion,-0.0030680922392960497,0.0030680922392960497
38.0,38.0466380562194,Fixed dual fusion,-0.046638056219400426,0.046638056219400426
38.2,38.2333602219893,Fixed dual fusion,-0.03336022198929811,0.03336022198929811
38.1,38.1093546800117,Fixed dual fusion,-0.009354680011696814,0.009354680011696814
38.1,38.0925928583147,Fixed dual fusion,0.007407141685298768,0.007407141685298768
38.9,38.8837096578691,Fixed dual fusion,0.01629034213090108,0.01629034213090108
38.5,38.5624488211515,Fixed dual fusion,-0.062448821151498635,0.062448821151498635
39.1,39.0762080846443,Fixed dual fusion,0.023791915355701576,0.023791915355701576
39.1,39.0393414663707,Fixed dual fusion,0.06065853362930085,0.06065853362930085
39.1,39.0318283644722,Fixed dual fusion,0.06817163552780414,0.06817163552780414
38.5,38.5315347367017,Fixed dual fusion,-0.03153473670170115,0.03153473670170115
38.9,38.2176471619419,Fixed dual fusion,0.682352838058101,0.682352838058101
38.9,38.2175850589481,Fixed dual fusion,0.6824149410518956,0.6824149410518956
39.2,39.1483511762805,Fixed dual fusion,0.05164882371950341,0.05164882371950341
38.7,38.6547886034821,Fixed dual fusion,0.045211396517899516,0.045211396517899516
38.6,38.7027277258067,Fixed dual fusion,-0.10272772580670164,0.10272772580670164
38.8,38.7984584021542,Fixed dual fusion,0.001541597845793774,0.001541597845793774
38.3,38.3386780329822,Fixed dual fusion,-0.03867803298220451,0.03867803298220451
38.1,38.1619243768919,Fixed dual fusion,-0.061924376891902,0.061924376891902
38.7,38.6559306759017,Fixed dual fusion,0.04406932409830233,0.04406932409830233
39.5,39.3265409559543,Fixed dual fusion,0.17345904404569978,0.17345904404569978
38.0,38.0497108358832,Fixed dual fusion,-0.04971083588319658,0.04971083588319658
38.3,38.3221085854749,Fixed dual fusion,-0.022108585474903464,0.022108585474903464
38.5,38.4726162747695,Fixed dual fusion,0.027383725230500033,0.027383725230500033
38.0,38.0594724184611,Fixed dual fusion,-0.059472418461098187,0.059472418461098187
37.5,37.6287466898431,Fixed dual fusion,-0.12874668984309778,0.12874668984309778
37.5,37.6226558704271,Fixed dual fusion,-0.1226558704271028,0.1226558704271028
38.0,38.0237471459677,Fixed dual fusion,-0.02374714596769678,0.02374714596769678
39.0,39.3238325962548,Fixed dual fusion,-0.3238325962548032,0.3238325962548032
38.3,38.3514474932519,Fixed dual fusion,-0.051447493251899346,0.051447493251899346
38.3,38.5773344909287,Fixed dual fusion,-0.2773344909287019,0.2773344909287019
38.8,38.5670075005388,Fixed dual fusion,0.23299249946119716,0.23299249946119716
39.0,39.0100372792643,Fixed dual fusion,-0.010037279264302867,0.010037279264302867
39.9,39.8130336748143,Fixed dual fusion,0.08696632518569913,0.08696632518569913
39.4,39.3770343202931,Fixed dual fusion,0.022965679706899778,0.022965679706899778
38.1,38.2178762404693,Fixed dual fusion,-0.11787624046930034,0.11787624046930034
38.1,38.1055827175608,Fixed dual fusion,-0.005582717560798756,0.005582717560798756
38.8,38.8297360716286,Fixed dual fusion,-0.029736071628605032,0.029736071628605032
38.4,38.4091163471528,Fixed dual fusion,-0.009116347152804849,0.009116347152804849
38.3,38.2349044065138,Fixed dual fusion,0.06509559348619831,0.06509559348619831
39.7,39.6694255387005,Fixed dual fusion,0.030574461299501365,0.030574461299501365
39.6,39.552828701285,Fixed dual fusion,0.04717129871499992,0.04717129871499992
39.2,39.1949567582909,Fixed dual fusion,0.005043241709103086,0.005043241709103086
38.1,38.1943107716634,Fixed dual fusion,-0.09431077166340174,0.09431077166340174
38.5,38.9054818575718,Fixed dual fusion,-0.4054818575718002,0.4054818575718002
38.5,38.5301395035949,Fixed dual fusion,-0.030139503594902806,0.030139503594902806
38.0,38.0368384287565,Fixed dual fusion,-0.036838428756496455,0.036838428756496455
38.0,38.0417107475165,Fixed dual fusion,-0.04171074751649684,0.04171074751649684
38.2,38.2087722206898,Fixed dual fusion,-0.008772220689799326,0.008772220689799326
38.6,38.6246865481144,Fixed dual fusion,-0.024686548114395634,0.024686548114395634
38.5,38.5623716018881,Fixed dual fusion,-0.062371601888102646,0.062371601888102646
39.1,39.0828330611145,Fixed dual fusion,0.017166938885502248,0.017166938885502248
38.7,38.6533705790559,Fixed dual fusion,0.046629420944100275,0.046629420944100275
39.4,39.3147040374928,Fixed dual fusion,0.08529596250719607,0.08529596250719607
38.7,38.6377213288751,Fixed dual fusion,0.0622786711249006,0.0622786711249006
39.5,39.3351236108393,Fixed dual fusion,0.16487638916070324,0.16487638916070324
38.3,38.3237361045304,Fixed dual fusion,-0.02373610453039987,0.02373610453039987
38.5,38.502775062514,Fixed dual fusion,-0.002775062513997284,0.002775062513997284
38.5,38.4579724796273,Fixed dual fusion,0.042027520372698746,0.042027520372698746
38.0,38.0027184777435,Fixed dual fusion,-0.0027184777434996477,0.0027184777434996477
39.2,39.1559131590808,Fixed dual fusion,0.04408684091920634,0.04408684091920634
38.8,38.5243794164111,Fixed dual fusion,0.2756205835888963,0.2756205835888963
39.1,39.0527398224475,Fixed dual fusion,0.047260177552502114,0.047260177552502114
40.1,40.054703815209,Fixed dual fusion,0.04529618479099895,0.04529618479099895
39.4,39.3892603059803,Fixed dual fusion,0.010739694019697765,0.010739694019697765
39.9,39.8340569711527,Fixed dual fusion,0.06594302884730041,0.06594302884730041
39.5,39.4167082375065,Fixed dual fusion,0.08329176249350212,0.08329176249350212
39.6,39.8925691884542,Fixed dual fusion,-0.2925691884542019,0.2925691884542019
39.2,38.9872387731917,Fixed dual fusion,0.21276122680830412,0.21276122680830412
40.4,40.0994111190377,Fixed dual fusion,0.30058888096230163,0.30058888096230163
39.5,39.5883404357371,Fixed dual fusion,-0.08834043573710204,0.08834043573710204
40.4,40.4064746585572,Fixed dual fusion,-0.006474658557202417,0.006474658557202417
39.4,39.4958180992565,Fixed dual fusion,-0.09581809925650475,0.09581809925650475
39.0,39.0034705635914,Fixed dual fusion,-0.0034705635913994115,0.0034705635913994115
39.5,39.8553879224247,Fixed dual fusion,-0.35538792242469697,0.35538792242469697
40.6,40.3622468904893,Fixed dual fusion,0.23775310951069883,0.23775310951069883
38.5,38.6910287485488,Fixed dual fusion,-0.1910287485488027,0.1910287485488027
38.9,39.5523106135726,Fixed dual fusion,-0.6523106135726024,0.6523106135726024
39.6,39.6865557896065,Fixed dual fusion,-0.0865557896064999,0.0865557896064999
38.9,39.3223347729332,Fixed dual fusion,-0.42233477293320476,0.42233477293320476
38.5,38.693564133223,Fixed dual fusion,-0.19356413322299915,0.19356413322299915
39.2,39.2424103789282,Fixed dual fusion,-0.04241037892819577,0.04241037892819577
39.7,39.1631474125562,Fixed dual fusion,0.5368525874438035,0.5368525874438035
39.8,39.6120994237234,Fixed dual fusion,0.18790057627659706,0.18790057627659706
38.5,38.9800238000496,Fixed dual fusion,-0.4800238000496009,0.4800238000496009
40.0,39.5738524007954,Fixed dual fusion,0.4261475992045973,0.4261475992045973
39.7,39.8152495879085,Fixed dual fusion,-0.11524958790849382,0.11524958790849382
38.6,38.7285019387891,Fixed dual fusion,-0.12850193878909977,0.12850193878909977
38.6,38.597889072964,Fixed dual fusion,0.002110927036000021,0.002110927036000021
38.0,38.3300579510149,Fixed dual fusion,-0.33005795101490065,0.33005795101490065
38.2,38.7100749488553,Fixed dual fusion,-0.5100749488552978,0.5100749488552978
40.4,40.3404659532797,Fixed dual fusion,0.0595340467203016,0.0595340467203016
39.2,38.8642855851248,Fixed dual fusion,0.3357144148752056,0.3357144148752056
38.1,38.1456962423248,Fixed dual fusion,-0.04569624232480152,0.04569624232480152
38.3,38.2936939091039,Fixed dual fusion,0.00630609089609635,0.00630609089609635
38.5,38.4837530603813,Fixed dual fusion,0.016246939618703493,0.016246939618703493
38.4,38.4094047257854,Fixed dual fusion,-0.009404725785401524,0.009404725785401524
38.3,38.3344373764094,Fixed dual fusion,-0.034437376409400144,0.034437376409400144
38.5,38.5214111117426,Fixed dual fusion,-0.021411111742601463,0.021411111742601463
38.0,38.1302962562922,Fixed dual fusion,-0.13029625629219765,0.13029625629219765
39.5,39.4444902947422,Fixed dual fusion,0.05550970525779775,0.05550970525779775
38.8,38.8145300430926,Fixed dual fusion,-0.014530043092605638,0.014530043092605638
39.0,39.0018344514161,Fixed dual fusion,-0.0018344514161015013,0.0018344514161015013
38.9,38.9390854785205,Fixed dual fusion,-0.03908547852049793,0.03908547852049793
39.6,39.5808720973584,Fixed dual fusion,0.019127902641599803,0.019127902641599803
38.2,38.1797495038707,Fixed dual fusion,0.02025049612930019,0.02025049612930019
38.1,38.1296956350232,Fixed dual fusion,-0.029695635023195166,0.029695635023195166
38.5,38.4429469509129,Fixed dual fusion,0.05705304908710218,0.05705304908710218
38.5,38.5324383225052,Fixed dual fusion,-0.03243832250520029,0.03243832250520029
38.4,38.4769185597133,Fixed dual fusion,-0.07691855971329886,0.07691855971329886
38.0,38.0281412773461,Fixed dual fusion,-0.02814127734610139,0.02814127734610139
39.2,39.0249021173458,Fixed dual fusion,0.17509788265419957,0.17509788265419957
38.3,38.285464594316,Fixed dual fusion,0.01453540568400058,0.01453540568400058
38.4,38.363472224114,Fixed dual fusion,0.03652777588600031,0.03652777588600031
38.2,38.2066499169882,Fixed dual fusion,-0.006649916988195059,0.006649916988195059
38.1,38.1059666187446,Fixed dual fusion,-0.005966618744601249,0.005966618744601249
41.5,40.9074414179157,Fixed dual fusion,0.5925585820843011,0.5925585820843011
38.7,38.7469260838408,Fixed dual fusion,-0.046926083840794774,0.046926083840794774
38.6,38.6404416214154,Fixed dual fusion,-0.04044162141539687,0.04044162141539687
38.5,38.4952943826913,Fixed dual fusion,0.0047056173087014486,0.0047056173087014486
38.2,38.3369445600335,Fixed dual fusion,-0.13694456003349842,0.13694456003349842
38.5,38.5164805373665,Fixed dual fusion,-0.016480537366497572,0.016480537366497572
39.1,39.07291876957,Fixed dual fusion,0.027081230429999437,0.027081230429999437
38.6,38.6403388588889,Fixed dual fusion,-0.04033885888890154,0.04033885888890154
38.9,38.8345005856495,Fixed dual fusion,0.06549941435049789,0.06549941435049789
38.0,38.1120371347313,Fixed dual fusion,-0.1120371347313025,0.1120371347313025
38.3,38.3413320495059,Fixed dual fusion,-0.04133204950590397,0.04133204950590397
39.4,39.1439279055866,Fixed dual fusion,0.2560720944133976,0.2560720944133976
38.1,38.1179805056047,Fixed dual fusion,-0.017980505604697328,0.017980505604697328
38.1,38.1673203440597,Fixed dual fusion,-0.06732034405970211,0.06732034405970211
39.0,38.8335961134517,Fixed dual fusion,0.16640388654830218,0.16640388654830218
39.5,39.2454212408246,Fixed dual fusion,0.25457875917540207,0.25457875917540207
38.2,38.2004248896874,Fixed dual fusion,-0.00042488968739462507,0.00042488968739462507
38.5,38.4425876331721,Fixed dual fusion,0.05741236682789719,0.05741236682789719
38.2,38.1686052302643,Fixed dual fusion,0.0313947697357051,0.0313947697357051
38.0,38.0345214007209,Fixed dual fusion,-0.03452140072089804,0.03452140072089804
38.0,38.006209671269,Fixed dual fusion,-0.006209671268997852,0.006209671268997852
39.0,39.1061115578934,Fixed dual fusion,-0.10611155789339932,0.10611155789339932
38.8,38.7715702578131,Fixed dual fusion,0.028429742186894202,0.028429742186894202
38.3,38.3536787398189,Fixed dual fusion,-0.05367873981890625,0.05367873981890625
39.0,38.9810241611326,Fixed dual fusion,0.018975838867397954,0.018975838867397954
39.0,38.9691165662193,Fixed dual fusion,0.030883433780701353,0.030883433780701353
39.1,39.0671428504066,Fixed dual fusion,0.032857149593404245,0.032857149593404245
39.0,38.9831320949813,Fixed dual fusion,0.016867905018699503,0.016867905018699503
39.1,39.3031857487333,Fixed dual fusion,-0.2031857487332971,0.2031857487332971
38.4,38.9872351334844,Fixed dual fusion,-0.5872351334843984,0.5872351334843984
38.2,38.9219920701821,Fixed dual fusion,-0.7219920701820968,0.7219920701820968
38.7,38.7,Fixed dual fusion,0.0,0.0
38.5,38.5,Fixed dual fusion,0.0,0.0
38.0,38.0,Fixed dual fusion,0.0,0.0
39.2,39.2,Fixed dual fusion,0.0,0.0
38.9,38.9,Fixed dual fusion,0.0,0.0
40.0,40.0,Fixed dual fusion,0.0,0.0
38.1,38.1,Fixed dual fusion,0.0,0.0
38.1,38.1,Fixed dual fusion,0.0,0.0
38.4,38.4,Fixed dual fusion,0.0,0.0
38.9,38.9,Fixed dual fusion,0.0,0.0
38.2,38.2,Fixed dual fusion,0.0,0.0
38.3,38.3,Fixed dual fusion,0.0,0.0
38.7,38.7,Fixed dual fusion,0.0,0.0
38.5,38.5,Fixed dual fusion,0.0,0.0
39.1,39.1,Fixed dual fusion,0.0,0.0
38.9,38.9,Fixed dual fusion,0.0,0.0
38.8,38.8,Fixed dual fusion,0.0,0.0
38.1,38.1,Fixed dual fusion,0.0,0.0
39.0,39.0,Fixed dual fusion,0.0,0.0
38.2,38.2,Fixed dual fusion,0.0,0.0
38.0,38.0,Fixed dual fusion,0.0,0.0
38.0,38.0,Fixed dual fusion,0.0,0.0
39.0,39.2,Fixed dual fusion,-0.20000000000000284,0.20000000000000284
38.6,38.6,Fixed dual fusion,0.0,0.0
39.1,39.2,Fixed dual fusion,-0.10000000000000142,0.10000000000000142
39.9,39.9,Fixed dual fusion,0.0,0.0
39.3,39.4176673713007,Fixed dual fusion,-0.11766737130070481,0.11766737130070481
39.3,39.6354829090249,Fixed dual fusion,-0.3354829090249041,0.3354829090249041
39.4,39.240578518662,Fixed dual fusion,0.1594214813380006,0.1594214813380006
39.1,39.1919883586961,Fixed dual fusion,-0.09198835869609923,0.09198835869609923
39.1,39.1392708702182,Fixed dual fusion,-0.03927087021819631,0.03927087021819631
40.2,40.1730714564184,Fixed dual fusion,0.02692854358160446,0.02692854358160446
39.5,39.4717111055664,Fixed dual fusion,0.02828889443360083,0.02828889443360083
40.8,40.2430619022197,Fixed dual fusion,0.5569380977802965,0.5569380977802965
39.5,39.4846532312518,Fixed dual fusion,0.015346768748202066,0.015346768748202066
39.8,39.5380755097917,Fixed dual fusion,0.261924490208294,0.261924490208294
40.0,39.4171485634733,Fixed dual fusion,0.5828514365267026,0.5828514365267026
39.8,39.3810033060105,Fixed dual fusion,0.4189966939894987,0.4189966939894987
38.5,39.2329995264682,Fixed dual fusion,-0.7329995264681983,0.7329995264681983
40.0,39.4253741464854,Fixed dual fusion,0.5746258535145969,0.5746258535145969
38.2,38.3648795826774,Fixed dual fusion,-0.16487958267740055,0.16487958267740055
38.3,38.6662645174079,Fixed dual fusion,-0.366264517407906,0.366264517407906
39.0,39.3927713207691,Fixed dual fusion,-0.39277132076909993,0.39277132076909993
38.4,38.7366548864044,Fixed dual fusion,-0.33665488640440344,0.33665488640440344
40.1,39.0078682396109,Fixed dual fusion,1.0921317603891012,1.0921317603891012
39.7,38.9318879095503,Fixed dual fusion,0.768112090449705,0.768112090449705
39.2,38.8629840560851,Fixed dual fusion,0.3370159439149063,0.3370159439149063
40.2,38.9029048644236,Fixed dual fusion,1.2970951355764058,1.2970951355764058
39.3,38.9378655326299,Fixed dual fusion,0.36213446737009747,0.36213446737009747
39.2,39.1368426498837,Fixed dual fusion,0.06315735011630608,0.06315735011630608
38.4,38.37784230314,Fixed dual fusion,0.02215769685999902,0.02215769685999902
38.7,39.0862131781944,Fixed dual fusion,-0.3862131781943958,0.3862131781943958
38.5,38.657111697643,Fixed dual fusion,-0.15711169764300337,0.15711169764300337
40.2,40.3557411926018,Fixed dual fusion,-0.15574119260179486,0.15574119260179486
38.2,38.1107093078976,Fixed dual fusion,0.08929069210240215,0.08929069210240215
38.4,38.1157481322625,Fixed dual fusion,0.28425186773749544,0.28425186773749544
38.5,38.4908748391426,Fixed dual fusion,0.009125160857401227,0.009125160857401227
38.5,38.3175988740014,Fixed dual fusion,0.18240112599860225,0.18240112599860225
38.5,38.3178903212018,Fixed dual fusion,0.18210967879819862,0.18210967879819862
38.5,38.5035867942015,Fixed dual fusion,-0.0035867942015030962,0.0035867942015030962
39.0,38.9615290204276,Fixed dual fusion,0.038470979572402086,0.038470979572402086
38.2,38.2892343774494,Fixed dual fusion,-0.08923437744939378,0.08923437744939378
39.5,39.5038053070954,Fixed dual fusion,-0.0038053070953978363,0.0038053070953978363
39.1,39.0969792887423,Fixed dual fusion,0.0030207112577045336,0.0030207112577045336
39.2,39.1809122406416,Fixed dual fusion,0.01908775935840623,0.01908775935840623
38.9,38.9129603037695,Fixed dual fusion,-0.012960303769503412,0.012960303769503412
38.1,38.1143256695715,Fixed dual fusion,-0.014325669571498167,0.014325669571498167
38.1,38.1400529626194,Fixed dual fusion,-0.04005296261939861,0.04005296261939861
38.5,38.4630972967221,Fixed dual fusion,0.036902703277903015,0.036902703277903015
38.5,38.5188096694024,Fixed dual fusion,-0.01880966940240114,0.01880966940240114
38.9,38.831813633834,Fixed dual fusion,0.06818636616599605,0.06818636616599605
38.3,38.294192019958,Fixed dual fusion,0.005807980042000338,0.005807980042000338
38.0,38.0401596537981,Fixed dual fusion,-0.04015965379809927,0.04015965379809927
38.0,38.0242493353988,Fixed dual fusion,-0.024249335398799587,0.024249335398799587
38.3,38.2821100844518,Fixed dual fusion,0.017889915548195745,0.017889915548195745
38.3,38.2791339781001,Fixed dual fusion,0.020866021899898612,0.020866021899898612
38.1,38.0892636592072,Fixed dual fusion,0.01073634079280339,0.01073634079280339
38.9,38.9014682292236,Fixed dual fusion,-0.0014682292236045669,0.0014682292236045669
38.6,38.6418981634529,Fixed dual fusion,-0.041898163452898984,0.041898163452898984
38.6,38.6306377065111,Fixed dual fusion,-0.03063770651110076,0.03063770651110076
38.5,38.6846950194778,Fixed dual fusion,-0.18469501947780032,0.18469501947780032
38.5,38.5765940309939,Fixed dual fusion,-0.0765940309939026,0.0765940309939026
38.6,38.3247080550147,Fixed dual fusion,0.2752919449852982,0.2752919449852982
39.1,39.0842026620466,Fixed dual fusion,0.015797337953401325,0.015797337953401325
38.6,38.6213353639004,Fixed dual fusion,-0.021335363900398363,0.021335363900398363
39.2,39.133644982995,Fixed dual fusion,0.06635501700500157,0.06635501700500157
38.1,38.0533427544484,Fixed dual fusion,0.04665724555160011,0.04665724555160011
38.1,38.0464591547127,Fixed dual fusion,0.05354084528730141,0.05354084528730141
39.4,39.3314208276174,Fixed dual fusion,0.06857917238259859,0.06857917238259859
38.7,38.0636073994573,Fixed dual fusion,0.6363926005427061,0.6363926005427061
38.7,38.0644697407205,Fixed dual fusion,0.6355302592795056,0.6355302592795056
38.2,38.5875242934166,Fixed dual fusion,-0.3875242934165968,0.3875242934165968
38.2,38.6000876535416,Fixed dual fusion,-0.4000876535415969,0.4000876535415969
38.0,38.0708094079234,Fixed dual fusion,-0.07080940792339874,0.07080940792339874
38.2,38.2247001825376,Fixed dual fusion,-0.024700182537600313,0.024700182537600313
38.5,38.3756757122485,Fixed dual fusion,0.12432428775149873,0.12432428775149873
38.1,38.1038464476857,Fixed dual fusion,-0.003846447685695864,0.003846447685695864
39.2,39.1318650792465,Fixed dual fusion,0.0681349207535007,0.0681349207535007
38.8,38.7701396638788,Fixed dual fusion,0.029860336121195985,0.029860336121195985
38.4,38.4495647475231,Fixed dual fusion,-0.049564747523099584,0.049564747523099584
38.8,38.6729892279842,Fixed dual fusion,0.1270107720157938,0.1270107720157938
38.9,38.8916091167866,Fixed dual fusion,0.008390883213401423,0.008390883213401423
38.9,38.8943012348073,Fixed dual fusion,0.005698765192697408,0.005698765192697408
39.9,39.8315377053272,Fixed dual fusion,0.06846229467279841,0.06846229467279841
39.4,39.3731299464489,Fixed dual fusion,0.02687005355110017,0.02687005355110017
39.3,39.3015128872877,Fixed dual fusion,-0.0015128872877028243,0.0015128872877028243
38.0,38.2631039672493,Fixed dual fusion,-0.2631039672493003,0.2631039672493003
39.1,38.1967435987178,Fixed dual fusion,0.9032564012821993,0.9032564012821993
39.0,38.8584720229326,Fixed dual fusion,0.14152797706739761,0.14152797706739761
38.5,38.3232583438055,Fixed dual fusion,0.17674165619450122,0.17674165619450122
38.2,38.4575172121332,Fixed dual fusion,-0.25751721213319456,0.25751721213319456
39.1,39.128931463796,Fixed dual fusion,-0.02893146379599898,0.02893146379599898
38.5,38.6797053301402,Fixed dual fusion,-0.17970533014020162,0.17970533014020162
38.5,38.4149387338343,Fixed dual fusion,0.08506126616570242,0.08506126616570242
38.5,38.4033102528965,Fixed dual fusion,0.09668974710349687,0.09668974710349687
38.0,38.0692703505716,Fixed dual fusion,-0.06927035057159969,0.06927035057159969
38.0,38.1054600287959,Fixed dual fusion,-0.10546002879590333,0.10546002879590333
38.1,38.2887371681873,Fixed dual fusion,-0.18873716818730202,0.18873716818730202
41.5,40.8320035302143,Fixed dual fusion,0.6679964697856988,0.6679964697856988
38.5,38.5186969656812,Fixed dual fusion,-0.01869696568120105,0.01869696568120105
38.0,38.1687034644126,Fixed dual fusion,-0.16870346441260153,0.16870346441260153
38.1,38.1590544205682,Fixed dual fusion,-0.0590544205681951,0.0590544205681951
38.1,38.2956657226663,Fixed dual fusion,-0.19566572266629834,0.19566572266629834
38.7,38.144668493478,Fixed dual fusion,0.5553315065220019,0.5553315065220019
38.2,38.8610829442764,Fixed dual fusion,-0.6610829442763944,0.6610829442763944
38.1,38.1226415532583,Fixed dual fusion,-0.0226415532582962,0.0226415532582962
37.5,37.6520734831301,Fixed dual fusion,-0.15207348313010272,0.15207348313010272
38.4,38.5014912388186,Fixed dual fusion,-0.10149123881860334,0.10149123881860334
38.3,38.4619570338612,Fixed dual fusion,-0.1619570338611993,0.1619570338611993
39.4,39.3280827405974,Fixed dual fusion,0.0719172594025963,0.0719172594025963
39.0,38.9564779225952,Fixed dual fusion,0.04352207740480196,0.04352207740480196
39.1,39.3295191836627,Fixed dual fusion,-0.22951918366269553,0.22951918366269553
40.0,39.9416576508074,Fixed dual fusion,0.05834234919259984,0.05834234919259984
39.8,39.9562885429636,Fixed dual fusion,-0.15628854296360117,0.15628854296360117
38.6,38.8670820357351,Fixed dual fusion,-0.2670820357351005,0.2670820357351005
39.6,39.6585696193308,Fixed dual fusion,-0.05856961933079674,0.05856961933079674
38.6,39.4928175407004,Fixed dual fusion,-0.8928175407003991,0.8928175407003991
39.3,39.3279677005761,Fixed dual fusion,-0.02796770057610587,0.02796770057610587
40.6,40.4661081662117,Fixed dual fusion,0.13389183378830438,0.13389183378830438
39.0,39.067180272133,Fixed dual fusion,-0.06718027213300104,0.06718027213300104
39.5,39.5061293991821,Fixed dual fusion,-0.006129399182100315,0.006129399182100315
39.4,39.5325970154576,Fixed dual fusion,-0.1325970154575984,0.1325970154575984
39.3,38.9873389515635,Fixed dual fusion,0.312661048436496,0.312661048436496
39.4,39.6787799201283,Fixed dual fusion,-0.2787799201283008,0.2787799201283008
38.5,38.7593254410993,Fixed dual fusion,-0.2593254410992998,0.2593254410992998
38.2,38.28311290911,Fixed dual fusion,-0.08311290910999958,0.08311290910999958
38.2,38.2947523490055,Fixed dual fusion,-0.09475234900549623,0.09475234900549623
40.0,39.2375900836066,Fixed dual fusion,0.7624099163934019,0.7624099163934019
38.5,38.5707060442058,Fixed dual fusion,-0.0707060442057994,0.0707060442057994
39.7,39.4497552744412,Fixed dual fusion,0.25024472555880095,0.25024472555880095
39.6,39.4049723017371,Fixed dual fusion,0.1950276982629049,0.1950276982629049
40.7,39.3032259526578,Fixed dual fusion,1.3967740473422054,1.3967740473422054
40.6,39.3079297659016,Fixed dual fusion,1.2920702340984036,1.2920702340984036
39.3,39.1599827100762,Fixed dual fusion,0.14001728992379725,0.14001728992379725
39.0,39.1751307201297,Fixed dual fusion,-0.175130720129701,0.175130720129701
38.0,38.3073981091748,Fixed dual fusion,-0.30739810917479815,0.30739810917479815
38.4,38.5118241061879,Fixed dual fusion,-0.11182410618790328,0.11182410618790328
40.5,40.4304476915044,Fixed dual fusion,0.06955230849560223,0.06955230849560223
38.3,38.117887751335,Fixed dual fusion,0.18211224866499975,0.18211224866499975
38.2,38.2560582939981,Fixed dual fusion,-0.05605829399809892,0.05605829399809892
39.0,38.9078333674088,Fixed dual fusion,0.09216663259120139,0.09216663259120139
38.8,38.7772282471652,Fixed dual fusion,0.022771752834799486,0.022771752834799486
39.0,38.9124603774519,Fixed dual fusion,0.08753962254809977,0.08753962254809977
38.6,38.4506533245324,Fixed dual fusion,0.14934667546760494,0.14934667546760494
38.6,38.4098237029071,Fixed dual fusion,0.19017629709290418,0.19017629709290418
38.2,38.2882725337194,Fixed dual fusion,-0.08827253371939747,0.08827253371939747
38.5,38.5901380702406,Fixed dual fusion,-0.09013807024059872,0.09013807024059872
39.3,39.2339068354013,Fixed dual fusion,0.06609316459869774,0.06609316459869774
39.7,39.7379762470958,Fixed dual fusion,-0.0379762470957985,0.0379762470957985
39.7,39.7083030192698,Fixed dual fusion,-0.008303019269796152,0.008303019269796152
38.0,38.0446259149215,Fixed dual fusion,-0.0446259149214967,0.0446259149214967
38.1,38.1264848072154,Fixed dual fusion,-0.0264848072153967,0.0264848072153967
38.5,38.4557220472087,Fixed dual fusion,0.04427795279129754,0.04427795279129754
38.4,38.4388244963905,Fixed dual fusion,-0.03882449639050378,0.03882449639050378
38.4,38.4462734168796,Fixed dual fusion,-0.046273416879600404,0.046273416879600404
38.0,38.0264820181155,Fixed dual fusion,-0.02648201811550166,0.02648201811550166
39.2,39.0978742405927,Fixed dual fusion,0.10212575940730062,0.10212575940730062
38.0,38.0599766506009,Fixed dual fusion,-0.05997665060090185,0.05997665060090185
38.0,38.0640490107338,Fixed dual fusion,-0.06404901073379676,0.06404901073379676
38.1,38.2565909228252,Fixed dual fusion,-0.15659092282519538,0.15659092282519538
41.5,41.1078467489611,Fixed dual fusion,0.39215325103889853,0.39215325103889853
38.5,38.1169754299382,Fixed dual fusion,0.38302457006179935,0.38302457006179935
38.5,38.1815859033388,Fixed dual fusion,0.3184140966612006,0.3184140966612006
38.5,38.5589929921078,Fixed dual fusion,-0.05899299210779674,0.05899299210779674
38.2,38.3172711709333,Fixed dual fusion,-0.11727117093330008,0.11727117093330008
38.3,38.3366466987218,Fixed dual fusion,-0.03664669872180326,0.03664669872180326
39.0,38.3986285213588,Fixed dual fusion,0.6013714786411981,0.6013714786411981
39.0,38.3743713525555,Fixed dual fusion,0.6256286474445005,0.6256286474445005
38.9,38.856292550089,Fixed dual fusion,0.04370744991099684,0.04370744991099684
38.3,38.3430647070532,Fixed dual fusion,-0.04306470705320464,0.04306470705320464
38.7,38.664588607152,Fixed dual fusion,0.03541139284800465,0.03541139284800465
38.1,38.114489123743,Fixed dual fusion,-0.014489123742997378,0.014489123742997378
38.1,38.2402105213726,Fixed dual fusion,-0.1402105213726017,0.1402105213726017
38.1,38.2637616911642,Fixed dual fusion,-0.16376169116419703,0.16376169116419703
39.0,38.8932799133247,Fixed dual fusion,0.10672008667530264,0.10672008667530264
38.2,38.2639979631591,Fixed dual fusion,-0.06399796315909612,0.06399796315909612
38.5,38.4649708271937,Fixed dual fusion,0.035029172806297026,0.035029172806297026
38.1,38.0964855150002,Fixed dual fusion,0.003514484999804779,0.003514484999804779
38.1,38.0577595539181,Fixed dual fusion,0.04224044608189814,0.04224044608189814
38.0,38.0254154230603,Fixed dual fusion,-0.02541542306030209,0.02541542306030209
38.4,38.4484888327115,Fixed dual fusion,-0.04848883271149873,0.04848883271149873
39.4,39.3537408748266,Fixed dual fusion,0.046259125173399696,0.046259125173399696
39.2,39.1317459690972,Fixed dual fusion,0.06825403090279991,0.06825403090279991
38.6,38.6507203545274,Fixed dual fusion,-0.050720354527399536,0.050720354527399536
39.1,39.425072734757,Fixed dual fusion,-0.3250727347570006,0.3250727347570006
39.3,39.3010221608015,Fixed dual fusion,-0.0010221608015044126,0.0010221608015044126
37.9,38.2276130808507,Fixed dual fusion,-0.3276130808507034,0.3276130808507034
38.1,38.1824975347364,Fixed dual fusion,-0.08249753473639743,0.08249753473639743
38.4,38.4016379582534,Fixed dual fusion,-0.0016379582534042925,0.0016379582534042925
38.6,38.4213662113323,Fixed dual fusion,0.17863378866770319,0.17863378866770319
39.3,39.2758143792539,Fixed dual fusion,0.024185620746095537,0.024185620746095537
39.0,38.9952226112687,Fixed dual fusion,0.004777388731298515,0.004777388731298515
38.0,38.012218226222,Fixed dual fusion,-0.012218226221996531,0.012218226221996531
38.9,38.8658671409423,Fixed dual fusion,0.03413285905769925,0.03413285905769925
39.2,39.1569751922615,Fixed dual fusion,0.04302480773850448,0.04302480773850448
38.4,38.3910221868746,Fixed dual fusion,0.008977813125397915,0.008977813125397915
38.1,38.1025075376731,Fixed dual fusion,-0.002507537673096749,0.002507537673096749
38.5,38.0486930596818,Fixed dual fusion,0.4513069403181973,0.4513069403181973
38.6,38.6108878837132,Fixed dual fusion,-0.010887883713195379,0.010887883713195379
39.2,39.1691950819704,Fixed dual fusion,0.03080491802960239,0.03080491802960239
38.3,38.3033152460495,Fixed dual fusion,-0.0033152460495031733,0.0033152460495031733
38.1,38.1072417685554,Fixed dual fusion,-0.007241768555395822,0.007241768555395822
38.3,38.3201516514794,Fixed dual fusion,-0.020151651479402233,0.020151651479402233
38.5,38.4861716395914,Fixed dual fusion,0.013828360408602691,0.013828360408602691
38.2,38.1918046575273,Fixed dual fusion,0.00819534247270326,0.00819534247270326
38.8,38.7945785095486,Fixed dual fusion,0.005421490451396949,0.005421490451396949
38.3,38.5329265782868,Fixed dual fusion,-0.23292657828680063,0.23292657828680063
39.0,38.9967398018895,Fixed dual fusion,0.003260198110503154,0.003260198110503154
38.9,38.9009238561896,Fixed dual fusion,-0.0009238561896012243,0.0009238561896012243
39.2,38.844570464486,Fixed dual fusion,0.3554295355140056,0.3554295355140056
39.0,39.3372024069219,Fixed dual fusion,-0.3372024069218966,0.3372024069218966
39.4,39.5584585479444,Fixed dual fusion,-0.15845854794439873,0.15845854794439873
38.8,38.6788626020172,Fixed dual fusion,0.12113739798279965,0.12113739798279965
39.5,39.2592549182334,Fixed dual fusion,0.24074508176659748,0.24074508176659748
39.5,39.5419630610559,Fixed dual fusion,-0.04196306105590253,0.04196306105590253
40.5,40.3776800890179,Fixed dual fusion,0.1223199109820996,0.1223199109820996
38.7,39.5705181851264,Fixed dual fusion,-0.8705181851264001,0.8705181851264001
40.3,40.4109274896625,Fixed dual fusion,-0.11092748966250099,0.11092748966250099
39.1,38.8911208263309,Fixed dual fusion,0.20887917366910358,0.20887917366910358
38.6,38.6523753896485,Fixed dual fusion,-0.052375389648496196,0.052375389648496196
38.4,38.692554158209,Fixed dual fusion,-0.29255415820900055,0.29255415820900055
39.4,39.6335817417369,Fixed dual fusion,-0.2335817417368986,0.2335817417368986
39.7,38.2917241660749,Fixed dual fusion,1.408275833925103,1.408275833925103
38.2,38.319161259479,Fixed dual fusion,-0.11916125947900014,0.11916125947900014
38.8,39.1835250975669,Fixed dual fusion,-0.3835250975669027,0.3835250975669027
38.4,38.8873028994972,Fixed dual fusion,-0.48730289949720174,0.48730289949720174
39.9,39.7479288000505,Fixed dual fusion,0.15207119994949636,0.15207119994949636
39.4,39.7099601768226,Fixed dual fusion,-0.30996017682259946,0.30996017682259946
38.3,39.7741092396667,Fixed dual fusion,-1.4741092396667028,1.4741092396667028
39.1,39.1625979326396,Fixed dual fusion,-0.06259793263959779,0.06259793263959779
39.1,39.1533199149942,Fixed dual fusion,-0.05331991499419786,0.05331991499419786
38.6,38.2973452677772,Fixed dual fusion,0.3026547322227984,0.3026547322227984
38.3,38.1964974448495,Fixed dual fusion,0.10350255515049867,0.10350255515049867
41.2,40.2232843866665,Fixed dual fusion,0.9767156133335035,0.9767156133335035
38.0,38.2979246436318,Fixed dual fusion,-0.29792464363180216,0.29792464363180216
39.0,38.886237040179,Fixed dual fusion,0.1137629598210026,0.1137629598210026
38.8,38.7690986109856,Fixed dual fusion,0.030901389014395875,0.030901389014395875
38.7,38.6381717219352,Fixed dual fusion,0.06182827806480162,0.06182827806480162
38.4,38.3960224132087,Fixed dual fusion,0.00397758679130078,0.00397758679130078
38.5,38.6095589629371,Fixed dual fusion,-0.10955896293710055,0.10955896293710055
38.8,38.840105077844,Fixed dual fusion,-0.040105077844003745,0.040105077844003745
40.0,39.9155997560794,Fixed dual fusion,0.08440024392059797,0.08440024392059797
39.6,39.5580121822976,Fixed dual fusion,0.0419878177023989,0.0419878177023989
39.2,39.2165983989274,Fixed dual fusion,-0.01659839892739967,0.01659839892739967
38.1,38.1750051263563,Fixed dual fusion,-0.0750051263562952,0.0750051263562952
38.0,38.0457513147613,Fixed dual fusion,-0.045751314761297124,0.045751314761297124
38.2,38.2052757603154,Fixed dual fusion,-0.005275760315399225,0.005275760315399225
38.9,38.7712564027061,Fixed dual fusion,0.12874359729389795,0.12874359729389795
38.9,38.8598579021132,Fixed dual fusion,0.04014209788680034,0.04014209788680034
38.0,38.02082932486,Fixed dual fusion,-0.020829324860002885,0.020829324860002885
38.2,38.2032733599849,Fixed dual fusion,-0.0032733599848953077,0.0032733599848953077
38.4,38.389819684171,Fixed dual fusion,0.010180315828996811,0.010180315828996811
38.1,38.2705997241623,Fixed dual fusion,-0.17059972416230096,0.17059972416230096
38.7,38.8027108339243,Fixed dual fusion,-0.10271083392429858,0.10271083392429858
38.6,38.6509854804788,Fixed dual fusion,-0.05098548047880058,0.05098548047880058
38.5,38.6167330713543,Fixed dual fusion,-0.11673307135429667,0.11673307135429667
39.1,39.0615980803948,Fixed dual fusion,0.03840191960519945,0.03840191960519945
38.3,38.3430814433306,Fixed dual fusion,-0.04308144333059971,0.04308144333059971
38.6,38.3502539344457,Fixed dual fusion,0.249746065554298,0.249746065554298
38.0,38.0938214229287,Fixed dual fusion,-0.09382142292869844,0.09382142292869844
38.6,38.6864087357343,Fixed dual fusion,-0.0864087357342953,0.0864087357342953
38.8,38.8073025386234,Fixed dual fusion,-0.007302538623399357,0.007302538623399357
38.3,38.3345045943369,Fixed dual fusion,-0.03450459433690156,0.03450459433690156
38.7,38.6613684068188,Fixed dual fusion,0.038631593181200685,0.038631593181200685
38.3,38.3398027479072,Fixed dual fusion,-0.03980274790720273,0.03980274790720273
38.2,38.2105478655838,Fixed dual fusion,-0.010547865583795613,0.010547865583795613
38.5,38.4374516355289,Fixed dual fusion,0.06254836447109824,0.06254836447109824
38.5,38.4354788162811,Fixed dual fusion,0.06452118371890236,0.06452118371890236
38.0,38.0917336968958,Fixed dual fusion,-0.09173369689580113,0.09173369689580113
38.2,38.1623774630907,Fixed dual fusion,0.037622536909303506,0.037622536909303506
38.1,38.0636589575461,Fixed dual fusion,0.03634104245389835,0.03634104245389835
39.2,39.087817576368,Fixed dual fusion,0.11218242363199948,0.11218242363199948
38.3,38.6059225667596,Fixed dual fusion,-0.3059225667596053,0.3059225667596053
39.4,39.3905073139757,Fixed dual fusion,0.009492686024302088,0.009492686024302088
39.2,39.1526372244941,Fixed dual fusion,0.04736277550590273,0.04736277550590273
38.6,38.6667283954176,Fixed dual fusion,-0.06672839541759856,0.06672839541759856
39.1,39.0590599724032,Fixed dual fusion,0.04094002759680393,0.04094002759680393
38.1,38.552830275771,Fixed dual fusion,-0.45283027577099944,0.45283027577099944
38.5,38.4903508274922,Fixed dual fusion,0.00964917250779962,0.00964917250779962
39.0,38.9797597981822,Fixed dual fusion,0.020240201817799175,0.020240201817799175
39.5,39.5040450393804,Fixed dual fusion,-0.0040450393804007945,0.0040450393804007945
38.8,38.8024205574068,Fixed dual fusion,-0.002420557406800583,0.002420557406800583
38.2,38.192272186474,Fixed dual fusion,0.007727813526003047,0.007727813526003047
38.4,38.4102871251872,Fixed dual fusion,-0.010287125187204538,0.010287125187204538
38.3,38.3012866681969,Fixed dual fusion,-0.0012866681969043725,0.0012866681969043725
38.1,38.0935070344154,Fixed dual fusion,0.0064929655845986645,0.0064929655845986645
38.9,38.8920736174201,Fixed dual fusion,0.007926382579896085,0.007926382579896085
38.2,38.2470835497559,Fixed dual fusion,-0.04708354975589657,0.04708354975589657
38.6,38.6470838750848,Fixed dual fusion,-0.04708387508480172,0.04708387508480172
38.0,38.039917886091,Fixed dual fusion,-0.039917886090997,0.039917886090997
38.2,38.2011090827621,Fixed dual fusion,-0.0011090827620989785,0.0011090827620989785
38.1,38.0833279508576,Fixed dual fusion,0.01667204914240017,0.01667204914240017
39.2,39.1656415350752,Fixed dual fusion,0.0343584649248001,0.0343584649248001
39.4,39.3840187426684,Fixed dual fusion,0.015981257331596055,0.015981257331596055
39.3,39.2817337510215,Fixed dual fusion,0.018266248978498822,0.018266248978498822
38.9,39.0093470016061,Fixed dual fusion,-0.10934700160610333,0.10934700160610333
39.4,39.1080518466198,Fixed dual fusion,0.2919481533801971,0.2919481533801971
39.6,39.283941023719,Fixed dual fusion,0.3160589762809991,0.3160589762809991
39.5,39.1660493872955,Fixed dual fusion,0.33395061270449844,0.33395061270449844
40.2,40.0033532430595,Fixed dual fusion,0.1966467569405026,0.1966467569405026
40.2,40.1573051191091,Fixed dual fusion,0.042694880890906006,0.042694880890906006
39.5,39.4623170532538,Fixed dual fusion,0.03768294674620165,0.03768294674620165
39.7,39.376413677966,Fixed dual fusion,0.3235863220340036,0.3235863220340036
40.5,40.2762032169565,Fixed dual fusion,0.22379678304349682,0.22379678304349682
39.7,38.8619669578475,Fixed dual fusion,0.8380330421525031,0.8380330421525031
39.9,39.1164343726963,Fixed dual fusion,0.7835656273037017,0.7835656273037017
38.0,38.6987186656033,Fixed dual fusion,-0.6987186656033018,0.6987186656033018
38.5,38.5719273936949,Fixed dual fusion,-0.07192739369489942,0.07192739369489942
39.1,38.9921604904535,Fixed dual fusion,0.10783950954650123,0.10783950954650123
39.3,38.8559338766638,Fixed dual fusion,0.4440661233361993,0.4440661233361993
39.5,39.618818406279,Fixed dual fusion,-0.1188184062789972,0.1188184062789972
39.3,39.7832343033042,Fixed dual fusion,-0.4832343033042008,0.4832343033042008
38.7,38.6375454974552,Fixed dual fusion,0.06245450254480289,0.06245450254480289
38.5,38.920725185656,Fixed dual fusion,-0.4207251856560035,0.4207251856560035
38.3,38.6445788775215,Fixed dual fusion,-0.3445788775214993,0.3445788775214993
38.2,38.6558925465528,Fixed dual fusion,-0.4558925465527963,0.4558925465527963
38.9,38.9647604692723,Fixed dual fusion,-0.06476046927230072,0.06476046927230072
38.3,38.0080499797426,Source-memory route only,0.2919500202573957,0.2919500202573957
38.3,38.0351502843593,Source-memory route only,0.26484971564070037,0.26484971564070037
38.7,38.6947914741209,Source-memory route only,0.0052085258791052524,0.0052085258791052524
38.4,38.4192795337088,Source-memory route only,-0.01927953370880431,0.01927953370880431
38.4,38.4258794029537,Source-memory route only,-0.025879402953698616,0.025879402953698616
38.3,38.3298995397837,Source-memory route only,-0.029899539783706075,0.029899539783706075
38.0,38.0763584329491,Source-memory route only,-0.07635843294909961,0.07635843294909961
39.1,39.0811775755352,Source-memory route only,0.018822424464801202,0.018822424464801202
39.3,39.2520658505822,Source-memory route only,0.04793414941779872,0.04793414941779872
39.2,39.1673765913735,Source-memory route only,0.032623408626506034,0.032623408626506034
39.0,38.9859628173875,Source-memory route only,0.014037182612497645,0.014037182612497645
40.0,39.9895440080014,Source-memory route only,0.01045599199859737,0.01045599199859737
39.2,39.223595562874,Source-memory route only,-0.02359556287400011,0.02359556287400011
38.1,38.1091928711884,Source-memory route only,-0.009192871188396623,0.009192871188396623
38.5,38.8389445549664,Source-memory route only,-0.3389445549664032,0.3389445549664032
38.5,38.8498307134608,Source-memory route only,-0.34983071346079697,0.34983071346079697
38.5,38.4553934547392,Source-memory route only,0.044606545260798214,0.044606545260798214
38.4,38.4474225267983,Source-memory route only,-0.04742252679830017,0.04742252679830017
38.9,38.9087871723302,Source-memory route only,-0.008787172330201543,0.008787172330201543
38.2,38.1876790040872,Source-memory route only,0.012320995912801891,0.012320995912801891
38.0,38.0486674167691,Source-memory route only,-0.04866741676909925,0.04866741676909925
38.2,38.2336737467106,Source-memory route only,-0.03367374671059764,0.03367374671059764
38.1,38.0948120497239,Source-memory route only,0.0051879502761025265,0.0051879502761025265
38.1,38.0649378507719,Source-memory route only,0.03506214922810358,0.03506214922810358
38.9,38.9244264782724,Source-memory route only,-0.024426478272403074,0.024426478272403074
38.5,38.5564822561871,Source-memory route only,-0.056482256187102564,0.056482256187102564
39.1,39.1090019992657,Source-memory route only,-0.009001999265699112,0.009001999265699112
39.1,39.0679871158082,Source-memory route only,0.032012884191800595,0.032012884191800595
39.1,39.0450331735259,Source-memory route only,0.05496682647410012,0.05496682647410012
38.5,38.5582945357895,Source-memory route only,-0.058294535789499946,0.058294535789499946
38.9,38.2143974760625,Source-memory route only,0.6856025239374972,0.6856025239374972
38.9,38.2136717623839,Source-memory route only,0.6863282376160953,0.6863282376160953
39.2,39.2255307936222,Source-memory route only,-0.025530793622195347,0.025530793622195347
38.7,38.6694478359054,Source-memory route only,0.030552164094601153,0.030552164094601153
38.6,38.7389105603234,Source-memory route only,-0.13891056032339577,0.13891056032339577
38.8,38.7848780408814,Source-memory route only,0.01512195911859493,0.01512195911859493
38.3,38.3001321445038,Source-memory route only,-0.00013214450380161225,0.00013214450380161225
38.1,38.1474234229726,Source-memory route only,-0.04742342297259938,0.04742342297259938
38.7,38.6683023182589,Source-memory route only,0.031697681741100325,0.031697681741100325
39.5,39.3370495970358,Source-memory route only,0.16295040296419927,0.16295040296419927
38.0,38.0494198023534,Source-memory route only,-0.04941980235339827,0.04941980235339827
38.3,38.3205951926705,Source-memory route only,-0.02059519267050547,0.02059519267050547
38.5,38.4836082548192,Source-memory route only,0.016391745180797557,0.016391745180797557
38.0,38.0560802858182,Source-memory route only,-0.05608028581819724,0.05608028581819724
37.5,37.6409432787909,Source-memory route only,-0.14094327879089974,0.14094327879089974
37.5,37.6292274647169,Source-memory route only,-0.12922746471689806,0.12922746471689806
38.0,38.0333293161712,Source-memory route only,-0.03332931617119783,0.03332931617119783
39.0,39.3430213140878,Source-memory route only,-0.34302131408779957,0.34302131408779957
38.3,38.2990223077207,Source-memory route only,0.000977692279299447,0.000977692279299447
38.3,38.5501561597128,Source-memory route only,-0.2501561597128017,0.2501561597128017
38.8,38.5625028722087,Source-memory route only,0.2374971277913005,0.2374971277913005
39.0,39.0044110063896,Source-memory route only,-0.00441100638960279,0.00441100638960279
39.9,39.8349463875582,Source-memory route only,0.06505361244180108,0.06505361244180108
39.4,39.4056994417942,Source-memory route only,-0.005699441794199345,0.005699441794199345
38.1,38.2998896725975,Source-memory route only,-0.19988967259750012,0.19988967259750012
38.1,38.1063325454151,Source-memory route only,-0.006332545415098423,0.006332545415098423
38.8,38.8435424535185,Source-memory route only,-0.04354245351850494,0.04354245351850494
38.4,38.4124077890979,Source-memory route only,-0.012407789097899524,0.012407789097899524
38.3,38.325362734572,Source-memory route only,-0.025362734572006218,0.025362734572006218
39.7,39.7300515397657,Source-memory route only,-0.030051539765693747,0.030051539765693747
39.6,39.5913264811827,Source-memory route only,0.008673518817303716,0.008673518817303716
39.2,39.2116173633751,Source-memory route only,-0.01161736337509467,0.01161736337509467
38.1,38.1867193342356,Source-memory route only,-0.08671933423559608,0.08671933423559608
38.5,38.9282626022929,Source-memory route only,-0.4282626022928966,0.4282626022928966
38.5,38.5418606028814,Source-memory route only,-0.0418606028813997,0.0418606028813997
38.0,38.0396142610547,Source-memory route only,-0.03961426105470167,0.03961426105470167
38.0,38.0216312358412,Source-memory route only,-0.021631235841198304,0.021631235841198304
38.2,38.2031757361086,Source-memory route only,-0.0031757361085951175,0.0031757361085951175
38.6,38.6016666511103,Source-memory route only,-0.0016666511102982895,0.0016666511102982895
38.5,38.5458624997446,Source-memory route only,-0.04586249974460088,0.04586249974460088
39.1,39.1013859404468,Source-memory route only,-0.0013859404467950753,0.0013859404467950753
38.7,38.6625667419494,Source-memory route only,0.037433258050604934,0.037433258050604934
39.4,39.320935311825,Source-memory route only,0.07906468817500212,0.07906468817500212
38.7,38.6529874780706,Source-memory route only,0.047012521929403306,0.047012521929403306
39.5,39.3742917947239,Source-memory route only,0.12570820527609783,0.12570820527609783
38.3,38.334097078839,Source-memory route only,-0.034097078839003814,0.034097078839003814
38.5,38.475030708481,Source-memory route only,0.024969291518999626,0.024969291518999626
38.5,38.4719397470092,Source-memory route only,0.028060252990798062,0.028060252990798062
38.0,37.9970920014468,Source-memory route only,0.002907998553197899,0.002907998553197899
39.2,39.1683363760873,Source-memory route only,0.031663623912706385,0.031663623912706385
38.8,38.5179462787722,Source-memory route only,0.2820537212277969,0.2820537212277969
39.1,39.0646088388431,Source-memory route only,0.035391161156901774,0.035391161156901774
40.1,40.0327755146312,Source-memory route only,0.06722448536880421,0.06722448536880421
39.4,39.4449785467625,Source-memory route only,-0.04497854676250057,0.04497854676250057
39.9,39.7424650348022,Source-memory route only,0.1575349651977973,0.1575349651977973
39.5,39.4601230799827,Source-memory route only,0.039876920017299256,0.039876920017299256
39.6,39.616721531112,Source-memory route only,-0.01672153111199748,0.01672153111199748
39.2,38.8988977115008,Source-memory route only,0.3011022884992016,0.3011022884992016
40.4,40.066949833574,Source-memory route only,0.3330501664259984,0.3330501664259984
39.5,39.4849866661168,Source-memory route only,0.015013333883203472,0.015013333883203472
40.4,40.3509101541171,Source-memory route only,0.049089845882896554,0.049089845882896554
39.4,39.4887755498667,Source-memory route only,-0.08877554986670333,0.08877554986670333
39.0,39.0042069150748,Source-memory route only,-0.004206915074803419,0.004206915074803419
39.5,39.8511981459706,Source-memory route only,-0.3511981459705993,0.3511981459705993
40.6,40.2699077657405,Source-memory route only,0.33009223425950296,0.33009223425950296
38.5,38.7181410402127,Source-memory route only,-0.21814104021269998,0.21814104021269998
38.9,39.6751126113097,Source-memory route only,-0.7751126113097015,0.7751126113097015
39.6,39.7494261956394,Source-memory route only,-0.14942619563939985,0.14942619563939985
38.9,39.1403701767437,Source-memory route only,-0.24037017674370276,0.24037017674370276
38.5,38.5709595385611,Source-memory route only,-0.07095953856109816,0.07095953856109816
39.2,39.3447538631458,Source-memory route only,-0.14475386314579453,0.14475386314579453
39.7,39.2276486485835,Source-memory route only,0.4723513514165063,0.4723513514165063
39.8,39.590651153096,Source-memory route only,0.20934884690399969,0.20934884690399969
38.5,38.9870200969362,Source-memory route only,-0.48702009693619885,0.48702009693619885
40.0,39.6641765180592,Source-memory route only,0.3358234819407997,0.3358234819407997
39.7,39.8076271923498,Source-memory route only,-0.10762719234979556,0.10762719234979556
38.6,38.7403661577325,Source-memory route only,-0.14036615773250105,0.14036615773250105
38.6,38.5984777988275,Source-memory route only,0.0015222011724986828,0.0015222011724986828
38.0,38.3252434260116,Source-memory route only,-0.3252434260116033,0.3252434260116033
38.2,38.7266241400786,Source-memory route only,-0.5266241400785958,0.5266241400785958
40.4,40.1479644182304,Source-memory route only,0.2520355817695972,0.2520355817695972
39.2,38.8873044311668,Source-memory route only,0.31269556883320604,0.31269556883320604
38.1,38.1743235993775,Source-memory route only,-0.07432359937750022,0.07432359937750022
38.3,38.3280045548045,Source-memory route only,-0.028004554804503812,0.028004554804503812
38.5,38.4872533424104,Source-memory route only,0.01274665758960225,0.01274665758960225
38.4,38.3999589038049,Source-memory route only,4.109619509762297e-05,4.109619509762297e-05
38.3,38.3455490239125,Source-memory route only,-0.04554902391249982,0.04554902391249982
38.5,38.5228850555628,Source-memory route only,-0.022885055562802847,0.022885055562802847
38.0,38.0938476445453,Source-memory route only,-0.09384764454529915,0.09384764454529915
39.5,39.4814102521202,Source-memory route only,0.018589747879801166,0.018589747879801166
38.8,38.8170729485757,Source-memory route only,-0.017072948575702185,0.017072948575702185
39.0,38.9872416935169,Source-memory route only,0.012758306483100057,0.012758306483100057
38.9,38.9369399507611,Source-memory route only,-0.036939950761102125,0.036939950761102125
39.6,39.5816319987016,Source-memory route only,0.01836800129839844,0.01836800129839844
38.2,38.1661801271545,Source-memory route only,0.03381987284550547,0.03381987284550547
38.1,38.15211659176,Source-memory route only,-0.05211659175999728,0.05211659175999728
38.5,38.4736267767396,Source-memory route only,0.026373223260399925,0.026373223260399925
38.5,38.5197936728453,Source-memory route only,-0.01979367284530298,0.01979367284530298
38.4,38.4917034052092,Source-memory route only,-0.09170340520920206,0.09170340520920206
38.0,38.0188513538389,Source-memory route only,-0.018851353838897467,0.018851353838897467
39.2,39.0843672346157,Source-memory route only,0.115632765384305,0.115632765384305
38.3,38.2636266333143,Source-memory route only,0.036373366685694464,0.036373366685694464
38.4,38.3618876650116,Source-memory route only,0.038112334988397834,0.038112334988397834
38.2,38.194398261285,Source-memory route only,0.0056017387150006925,0.0056017387150006925
38.1,38.0917770426875,Source-memory route only,0.008222957312504775,0.008222957312504775
41.5,40.9394029425968,Source-memory route only,0.5605970574032,0.5605970574032
38.7,38.7894599619734,Source-memory route only,-0.08945996197339667,0.08945996197339667
38.6,38.5896142410537,Source-memory route only,0.010385758946299006,0.010385758946299006
38.5,38.5087829815576,Source-memory route only,-0.008782981557601488,0.008782981557601488
38.2,38.2804993108376,Source-memory route only,-0.08049931083759532,0.08049931083759532
38.5,38.4986798247634,Source-memory route only,0.0013201752366001074,0.0013201752366001074
39.1,39.0866058336112,Source-memory route only,0.013394166388799533,0.013394166388799533
38.6,38.6162668832691,Source-memory route only,-0.016266883269096866,0.016266883269096866
38.9,38.8499270711907,Source-memory route only,0.05007292880929981,0.05007292880929981
38.0,38.1067517257523,Source-memory route only,-0.10675172575229652,0.10675172575229652
38.3,38.3340282867256,Source-memory route only,-0.034028286725600765,0.034028286725600765
39.4,39.330643655857,Source-memory route only,0.06935634414299585,0.06935634414299585
38.1,38.1079173107463,Source-memory route only,-0.007917310746300643,0.007917310746300643
38.1,38.1363327997897,Source-memory route only,-0.03633279978969739,0.03633279978969739
39.0,38.8519528102368,Source-memory route only,0.1480471897631972,0.1480471897631972
39.5,39.2563363438368,Source-memory route only,0.24366365616319996,0.24366365616319996
38.2,38.1892069516219,Source-memory route only,0.010793048378104686,0.010793048378104686
38.5,38.457650289294,Source-memory route only,0.04234971070599869,0.04234971070599869
38.2,38.1606236596887,Source-memory route only,0.039376340311299884,0.039376340311299884
38.0,38.039582616122,Source-memory route only,-0.039582616121997205,0.039582616121997205
38.0,38.0009016702965,Source-memory route only,-0.0009016702964999013,0.0009016702964999013
39.0,39.2558279559356,Source-memory route only,-0.2558279559356009,0.2558279559356009
38.8,38.7896297680554,Source-memory route only,0.010370231944598629,0.010370231944598629
38.3,38.2852161847407,Source-memory route only,0.014783815259299615,0.014783815259299615
39.0,38.9847314907498,Source-memory route only,0.015268509250198292,0.015268509250198292
39.0,38.9525233834691,Source-memory route only,0.04747661653090063,0.04747661653090063
39.1,39.0935343455941,Source-memory route only,0.006465654405900523,0.006465654405900523
39.0,38.9535673995005,Source-memory route only,0.046432600499500154,0.046432600499500154
39.1,39.4717078196709,Source-memory route only,-0.3717078196708954,0.3717078196708954
38.4,38.9977572647533,Source-memory route only,-0.597757264753298,0.597757264753298
38.2,38.9180307259487,Source-memory route only,-0.7180307259486938,0.7180307259486938
38.7,38.7,Source-memory route only,0.0,0.0
38.5,38.5,Source-memory route only,0.0,0.0
38.0,38.0,Source-memory route only,0.0,0.0
39.2,39.2,Source-memory route only,0.0,0.0
38.9,38.9,Source-memory route only,0.0,0.0
40.0,40.0,Source-memory route only,0.0,0.0
38.1,38.1,Source-memory route only,0.0,0.0
38.1,38.1,Source-memory route only,0.0,0.0
38.4,38.4,Source-memory route only,0.0,0.0
38.9,38.9,Source-memory route only,0.0,0.0
38.2,38.2,Source-memory route only,0.0,0.0
38.3,38.3,Source-memory route only,0.0,0.0
38.7,38.7,Source-memory route only,0.0,0.0
38.5,38.5,Source-memory route only,0.0,0.0
39.1,39.1,Source-memory route only,0.0,0.0
38.9,38.9,Source-memory route only,0.0,0.0
38.8,38.8,Source-memory route only,0.0,0.0
38.1,38.1,Source-memory route only,0.0,0.0
39.0,39.0,Source-memory route only,0.0,0.0
38.2,38.2,Source-memory route only,0.0,0.0
38.0,38.0,Source-memory route only,0.0,0.0
38.0,38.0,Source-memory route only,0.0,0.0
39.0,39.4,Source-memory route only,-0.3999999999999986,0.3999999999999986
38.6,38.6,Source-memory route only,0.0,0.0
39.1,39.4,Source-memory route only,-0.29999999999999716,0.29999999999999716
39.9,39.9,Source-memory route only,0.0,0.0
39.3,39.4707140222676,Source-memory route only,-0.17071402226760313,0.17071402226760313
39.3,39.6366149665417,Source-memory route only,-0.33661496654170264,0.33661496654170264
39.4,39.2227224940058,Source-memory route only,0.17727750599419778,0.17727750599419778
39.1,39.1007849874842,Source-memory route only,-0.0007849874841951987,0.0007849874841951987
39.1,39.0832849381777,Source-memory route only,0.016715061822303312,0.016715061822303312
40.2,40.2093022276677,Source-memory route only,-0.009302227667696172,0.009302227667696172
39.5,39.3787495036088,Source-memory route only,0.12125049639119823,0.12125049639119823
40.8,40.2941197287107,Source-memory route only,0.5058802712892998,0.5058802712892998
39.5,39.4733550840461,Source-memory route only,0.02664491595390217,0.02664491595390217
39.8,39.53890216,Source-memory route only,0.2610978399999979,0.2610978399999979
40.0,39.4468685585001,Source-memory route only,0.5531314414999002,0.5531314414999002
39.8,39.4313515976679,Source-memory route only,0.3686484023320986,0.3686484023320986
38.5,39.3169028020362,Source-memory route only,-0.8169028020362035,0.8169028020362035
40.0,39.4150917879513,Source-memory route only,0.5849082120487026,0.5849082120487026
38.2,38.3603178249305,Source-memory route only,-0.16031782493049462,0.16031782493049462
38.3,38.6954657321319,Source-memory route only,-0.3954657321319033,0.3954657321319033
39.0,39.4320489198371,Source-memory route only,-0.4320489198371007,0.4320489198371007
38.4,38.6726109301546,Source-memory route only,-0.2726109301545989,0.2726109301545989
40.1,38.9830085837709,Source-memory route only,1.116991416229098,1.116991416229098
39.7,38.8848993478605,Source-memory route only,0.8151006521395061,0.8151006521395061
39.2,38.8737205653298,Source-memory route only,0.32627943467020515,0.32627943467020515
40.2,39.0305704320122,Source-memory route only,1.1694295679878053,1.1694295679878053
39.3,38.892533475009,Source-memory route only,0.4074665249909941,0.4074665249909941
39.2,39.2030054739115,Source-memory route only,-0.0030054739115001894,0.0030054739115001894
38.4,38.2887990350877,Source-memory route only,0.11120096491229958,0.11120096491229958
38.7,39.1223951713812,Source-memory route only,-0.4223951713811971,0.4223951713811971
38.5,38.6126373996863,Source-memory route only,-0.11263739968629949,0.11263739968629949
40.2,40.5521277172256,Source-memory route only,-0.3521277172255992,0.3521277172255992
38.2,38.1097911409817,Source-memory route only,0.09020885901830411,0.09020885901830411
38.4,38.1156206899955,Source-memory route only,0.28437931000449623,0.28437931000449623
38.5,38.4964522212406,Source-memory route only,0.003547778759397602,0.003547778759397602
38.5,38.3156439834473,Source-memory route only,0.18435601655269807,0.18435601655269807
38.5,38.3143653473525,Source-memory route only,0.1856346526475008,0.1856346526475008
38.5,38.4992639681093,Source-memory route only,0.0007360318907032593,0.0007360318907032593
39.0,39.0062889020136,Source-memory route only,-0.006288902013601216,0.006288902013601216
38.2,38.2406241523421,Source-memory route only,-0.040624152342097375,0.040624152342097375
39.5,39.5254599637318,Source-memory route only,-0.02545996373179804,0.02545996373179804
39.1,39.0856168251633,Source-memory route only,0.01438317483670204,0.01438317483670204
39.2,39.1970979525082,Source-memory route only,0.0029020474918013406,0.0029020474918013406
38.9,38.9033673103918,Source-memory route only,-0.0033673103918019365,0.0033673103918019365
38.1,38.1069246775011,Source-memory route only,-0.00692467750109671,0.00692467750109671
38.1,38.1337606860736,Source-memory route only,-0.03376068607359883,0.03376068607359883
38.5,38.4878507615426,Source-memory route only,0.012149238457396905,0.012149238457396905
38.5,38.5082552464563,Source-memory route only,-0.008255246456300824,0.008255246456300824
38.9,38.8464433230873,Source-memory route only,0.05355667691269872,0.05355667691269872
38.3,38.2879471979441,Source-memory route only,0.012052802055897871,0.012052802055897871
38.0,38.0260035020273,Source-memory route only,-0.02600350202730084,0.02600350202730084
38.0,37.9962558588933,Source-memory route only,0.003744141106700738,0.003744141106700738
38.3,38.2786335267884,Source-memory route only,0.021366473211600123,0.021366473211600123
38.3,38.2747395920636,Source-memory route only,0.025260407936400497,0.025260407936400497
38.1,38.0852485243707,Source-memory route only,0.014751475629303457,0.014751475629303457
38.9,38.9167285454475,Source-memory route only,-0.016728545447499243,0.016728545447499243
38.6,38.5990100605054,Source-memory route only,0.0009899394946017992,0.0009899394946017992
38.6,38.6092505976527,Source-memory route only,-0.009250597652695092,0.009250597652695092
38.5,38.5290890560749,Source-memory route only,-0.029089056074901976,0.029089056074901976
38.5,38.5583031691161,Source-memory route only,-0.05830316911610112,0.05830316911610112
38.6,38.3253004619685,Source-memory route only,0.2746995380314985,0.2746995380314985
39.1,39.1027019138165,Source-memory route only,-0.0027019138165016443,0.0027019138165016443
38.6,38.6042659908269,Source-memory route only,-0.0042659908269016,0.0042659908269016
39.2,39.1748008201504,Source-memory route only,0.02519917984960074,0.02519917984960074
38.1,38.0266335402028,Source-memory route only,0.07336645979719947,0.07336645979719947
38.1,38.0372276688227,Source-memory route only,0.06277233117729963,0.06277233117729963
39.4,39.3586435016621,Source-memory route only,0.04135649833789756,0.04135649833789756
38.7,38.055146468383,Source-memory route only,0.6448535316170023,0.6448535316170023
38.7,38.0507170461378,Source-memory route only,0.6492829538622047,0.6492829538622047
38.2,38.5914403532476,Source-memory route only,-0.39144035324759585,0.39144035324759585
38.2,38.6093689015252,Source-memory route only,-0.4093689015251982,0.4093689015251982
38.0,38.0598324771219,Source-memory route only,-0.059832477121901206,0.059832477121901206
38.2,38.2147117754174,Source-memory route only,-0.014711775417396211,0.014711775417396211
38.5,38.4797061998845,Source-memory route only,0.020293800115503302,0.020293800115503302
38.1,38.104861154577,Source-memory route only,-0.004861154577000093,0.004861154577000093
39.2,39.1672337874899,Source-memory route only,0.03276621251010425,0.03276621251010425
38.8,38.7880634127254,Source-memory route only,0.011936587274597343,0.011936587274597343
38.4,38.4142760005917,Source-memory route only,-0.014276000591699756,0.014276000591699756
38.8,38.537381852366,Source-memory route only,0.2626181476339937,0.2626181476339937
38.9,38.8884201205296,Source-memory route only,0.011579879470396293,0.011579879470396293
38.9,38.8907197739863,Source-memory route only,0.009280226013700599,0.009280226013700599
39.9,39.8887180494945,Source-memory route only,0.011281950505498628,0.011281950505498628
39.4,39.4007742956628,Source-memory route only,-0.0007742956628007391,0.0007742956628007391
39.3,39.2946014758572,Source-memory route only,0.005398524142798067,0.005398524142798067
38.0,38.2719864264325,Source-memory route only,-0.27198642643249826,0.27198642643249826
39.1,38.19599120303,Source-memory route only,0.9040087969700039,0.9040087969700039
39.0,38.8356641608071,Source-memory route only,0.1643358391929013,0.1643358391929013
38.5,38.3262969021096,Source-memory route only,0.17370309789040306,0.17370309789040306
38.2,38.3090119185384,Source-memory route only,-0.10901191853839975,0.10901191853839975
39.1,39.1247317063833,Source-memory route only,-0.024731706383299468,0.024731706383299468
38.5,38.6050910771653,Source-memory route only,-0.10509107716529797,0.10509107716529797
38.5,38.3919795051337,Source-memory route only,0.10802049486630239,0.10802049486630239
38.5,38.4141365761237,Source-memory route only,0.08586342387629742,0.08586342387629742
38.0,38.04987141546,Source-memory route only,-0.049871415459996626,0.049871415459996626
38.0,38.0924024451067,Source-memory route only,-0.09240244510669982,0.09240244510669982
38.1,38.2452664682591,Source-memory route only,-0.14526646825910206,0.14526646825910206
41.5,40.9974303609414,Source-memory route only,0.5025696390585992,0.5025696390585992
38.5,38.5469313048504,Source-memory route only,-0.04693130485040342,0.04693130485040342
38.0,38.1924979897465,Source-memory route only,-0.19249798974649934,0.19249798974649934
38.1,38.1332119047294,Source-memory route only,-0.03321190472939861,0.03321190472939861
38.1,38.2982284282907,Source-memory route only,-0.19822842829069742,0.19822842829069742
38.7,38.1600252110206,Source-memory route only,0.5399747889794,0.5399747889794
38.2,38.8882266563783,Source-memory route only,-0.6882266563782977,0.6882266563782977
38.1,38.124228017979,Source-memory route only,-0.02422801797899865,0.02422801797899865
37.5,37.6443905135974,Source-memory route only,-0.14439051359740063,0.14439051359740063
38.4,38.4576717732824,Source-memory route only,-0.05767177328240081,0.05767177328240081
38.3,38.343127346309,Source-memory route only,-0.04312734630899939,0.04312734630899939
39.4,39.3981289999401,Source-memory route only,0.001871000059900041,0.001871000059900041
39.0,38.9531041375284,Source-memory route only,0.046895862471600935,0.046895862471600935
39.1,39.3999292998886,Source-memory route only,-0.2999292998885963,0.2999292998885963
40.0,39.9292761281471,Source-memory route only,0.07072387185289841,0.07072387185289841
39.8,39.9866544791832,Source-memory route only,-0.1866544791832041,0.1866544791832041
38.6,38.8093059828305,Source-memory route only,-0.20930598283050017,0.20930598283050017
39.6,39.5972800082212,Source-memory route only,0.0027199917788038874,0.0027199917788038874
38.6,39.5666385024103,Source-memory route only,-0.9666385024102979,0.9666385024102979
39.3,39.3388179349075,Source-memory route only,-0.03881793490750596,0.03881793490750596
40.6,40.5660306864587,Source-memory route only,0.03396931354129862,0.03396931354129862
39.0,39.1442231869386,Source-memory route only,-0.14422318693860348,0.14422318693860348
39.5,39.5402393972444,Source-memory route only,-0.040239397244398845,0.040239397244398845
39.4,39.5720497399882,Source-memory route only,-0.1720497399882035,0.1720497399882035
39.3,39.0034360930124,Source-memory route only,0.2965639069876005,0.2965639069876005
39.4,39.6713609309283,Source-memory route only,-0.27136093092830293,0.27136093092830293
38.5,38.765909280686,Source-memory route only,-0.26590928068600306,0.26590928068600306
38.2,38.2827806478267,Source-memory route only,-0.08278064782669503,0.08278064782669503
38.2,38.2894062023664,Source-memory route only,-0.08940620236639774,0.08940620236639774
40.0,39.1900214236462,Source-memory route only,0.8099785763537994,0.8099785763537994
38.5,38.6750067441077,Source-memory route only,-0.1750067441076979,0.1750067441076979
39.7,39.4165973799689,Source-memory route only,0.2834026200311044,0.2834026200311044
39.6,39.3677012161128,Source-memory route only,0.23229878388720238,0.23229878388720238
40.7,39.3511024895726,Source-memory route only,1.3488975104274061,1.3488975104274061
40.6,39.392027117296,Source-memory route only,1.2079728827039986,1.2079728827039986
39.3,39.0372209028443,Source-memory route only,0.26277909715570047,0.26277909715570047
39.0,39.20627870272,Source-memory route only,-0.20627870271999882,0.20627870271999882
38.0,38.3037372262723,Source-memory route only,-0.3037372262722968,0.3037372262722968
38.4,38.5041918695398,Source-memory route only,-0.10419186953980386,0.10419186953980386
40.5,40.4306189523208,Source-memory route only,0.06938104767920095,0.06938104767920095
38.3,38.1796636582556,Source-memory route only,0.12033634174439811,0.12033634174439811
38.2,38.2446494937764,Source-memory route only,-0.044649493776397264,0.044649493776397264
39.0,38.9350084816445,Source-memory route only,0.0649915183554981,0.0649915183554981
38.8,38.79647246716,Source-memory route only,0.0035275328399961836,0.0035275328399961836
39.0,38.9596163790587,Source-memory route only,0.04038362094129866,0.04038362094129866
38.6,38.4558542808152,Source-memory route only,0.1441457191847988,0.1441457191847988
38.6,38.4297016089662,Source-memory route only,0.1702983910338034,0.1702983910338034
38.2,38.2307679609712,Source-memory route only,-0.03076796097119683,0.03076796097119683
38.5,38.5843120119705,Source-memory route only,-0.08431201197050342,0.08431201197050342
39.3,39.2289911959437,Source-memory route only,0.07100880405629795,0.07100880405629795
39.7,39.7960148976114,Source-memory route only,-0.09601489761139703,0.09601489761139703
39.7,39.7288283469104,Source-memory route only,-0.028828346910394487,0.028828346910394487
38.0,38.0447978471654,Source-memory route only,-0.04479784716539825,0.04479784716539825
38.1,38.1268421422403,Source-memory route only,-0.026842142240298017,0.026842142240298017
38.5,38.4612915924654,Source-memory route only,0.03870840753459959,0.03870840753459959
38.4,38.4377038391369,Source-memory route only,-0.03770383913690267,0.03770383913690267
38.4,38.4573426870379,Source-memory route only,-0.05734268703790235,0.05734268703790235
38.0,38.0229732020576,Source-memory route only,-0.02297320205759945,0.02297320205759945
39.2,39.1579124058793,Source-memory route only,0.04208759412070151,0.04208759412070151
38.0,38.0639113362588,Source-memory route only,-0.06391133625879775,0.06391133625879775
38.0,38.0632343560995,Source-memory route only,-0.06323435609949968,0.06323435609949968
38.1,38.2367630069806,Source-memory route only,-0.13676300698060118,0.13676300698060118
41.5,41.2249306095795,Source-memory route only,0.27506939042049794,0.27506939042049794
38.5,38.1281274790051,Source-memory route only,0.37187252099489854,0.37187252099489854
38.5,38.1610359961558,Source-memory route only,0.3389640038441968,0.3389640038441968
38.5,38.523176501671,Source-memory route only,-0.023176501671002825,0.023176501671002825
38.2,38.2925666511274,Source-memory route only,-0.09256665112739881,0.09256665112739881
38.3,38.3244404707157,Source-memory route only,-0.0244404707157031,0.0244404707157031
39.0,38.4574955161327,Source-memory route only,0.5425044838672974,0.5425044838672974
39.0,38.4101767180242,Source-memory route only,0.5898232819757965,0.5898232819757965
38.9,38.8732207724099,Source-memory route only,0.02677922759009732,0.02677922759009732
38.3,38.3269378509674,Source-memory route only,-0.026937850967399868,0.026937850967399868
38.7,38.6696074885424,Source-memory route only,0.03039251145760602,0.03039251145760602
38.1,38.1167401090387,Source-memory route only,-0.016740109038700268,0.016740109038700268
38.1,38.2576459518404,Source-memory route only,-0.15764595184040076,0.15764595184040076
38.1,38.2970122863263,Source-memory route only,-0.19701228632629864,0.19701228632629864
39.0,38.9038218481728,Source-memory route only,0.09617815182720335,0.09617815182720335
38.2,38.2820419889376,Source-memory route only,-0.08204198893759695,0.08204198893759695
38.5,38.4928894253895,Source-memory route only,0.007110574610500464,0.007110574610500464
38.1,38.088049173005,Source-memory route only,0.011950826995004604,0.011950826995004604
38.1,38.0343840195211,Source-memory route only,0.06561598047890271,0.06561598047890271
38.0,38.0357843719335,Source-memory route only,-0.03578437193350226,0.03578437193350226
38.4,38.4243342443903,Source-memory route only,-0.024334244390303184,0.024334244390303184
39.4,39.3658811670592,Source-memory route only,0.03411883294079843,0.03411883294079843
39.2,39.121981056396,Source-memory route only,0.07801894360400041,0.07801894360400041
38.6,38.6701892228914,Source-memory route only,-0.0701892228914005,0.0701892228914005
39.1,39.428892456972,Source-memory route only,-0.32889245697199954,0.32889245697199954
39.3,39.3061096753739,Source-memory route only,-0.0061096753738993925,0.0061096753738993925
37.9,38.2237277078691,Source-memory route only,-0.32372770786910365,0.32372770786910365
38.1,38.2026483662748,Source-memory route only,-0.10264836627479923,0.10264836627479923
38.4,38.4006989941692,Source-memory route only,-0.0006989941691983859,0.0006989941691983859
38.6,38.4122399825133,Source-memory route only,0.18776001748670268,0.18776001748670268
39.3,39.2834675693148,Source-memory route only,0.01653243068519572,0.01653243068519572
39.0,38.993000980779,Source-memory route only,0.006999019220998548,0.006999019220998548
38.0,38.0051752405684,Source-memory route only,-0.005175240568398465,0.005175240568398465
38.9,38.8788736642863,Source-memory route only,0.02112633571369571,0.02112633571369571
39.2,39.1824355608747,Source-memory route only,0.01756443912530159,0.01756443912530159
38.4,38.3986560882701,Source-memory route only,0.0013439117298972292,0.0013439117298972292
38.1,38.1005209810826,Source-memory route only,-0.0005209810826016792,0.0005209810826016792
38.5,38.0143539737787,Source-memory route only,0.4856460262213034,0.4856460262213034
38.6,38.5954619154721,Source-memory route only,0.004538084527901276,0.004538084527901276
39.2,39.1964018690401,Source-memory route only,0.0035981309599009137,0.0035981309599009137
38.3,38.3059638773243,Source-memory route only,-0.005963877324305145,0.005963877324305145
38.1,38.106635551114,Source-memory route only,-0.006635551114001714,0.006635551114001714
38.3,38.3091706365723,Source-memory route only,-0.009170636572299884,0.009170636572299884
38.5,38.4940620532726,Source-memory route only,0.00593794672739989,0.00593794672739989
38.2,38.1943227492571,Source-memory route only,0.005677250742905926,0.005677250742905926
38.8,38.7969563851526,Source-memory route only,0.0030436148473995672,0.0030436148473995672
38.3,38.5193185639093,Source-memory route only,-0.2193185639093045,0.2193185639093045
39.0,38.9983610762892,Source-memory route only,0.0016389237108000998,0.0016389237108000998
38.9,38.8997327064987,Source-memory route only,0.00026729350129528484,0.00026729350129528484
39.2,38.8669330430995,Source-memory route only,0.3330669569005025,0.3330669569005025
39.0,39.3220547369649,Source-memory route only,-0.32205473696490117,0.32205473696490117
39.4,39.6119260539444,Source-memory route only,-0.21192605394440278,0.21192605394440278
38.8,38.6486124069039,Source-memory route only,0.1513875930960964,0.1513875930960964
39.5,39.1286285839846,Source-memory route only,0.3713714160153998,0.3713714160153998
39.5,39.445873168147,Source-memory route only,0.05412683185299727,0.05412683185299727
40.5,40.2355817112518,Source-memory route only,0.26441828874820317,0.26441828874820317
38.7,39.5567676192193,Source-memory route only,-0.8567676192192977,0.8567676192192977
40.3,40.4454312656125,Source-memory route only,-0.1454312656125012,0.1454312656125012
39.1,38.870424561148,Source-memory route only,0.22957543885200238,0.22957543885200238
38.6,38.5514508390422,Source-memory route only,0.048549160957804816,0.048549160957804816
38.4,38.6065533234569,Source-memory route only,-0.2065533234569017,0.2065533234569017
39.4,39.5926918030882,Source-memory route only,-0.1926918030882021,0.1926918030882021
39.7,38.2898786907101,Source-memory route only,1.4101213092899059,1.4101213092899059
38.2,38.3883020587531,Source-memory route only,-0.18830205875309503,0.18830205875309503
38.8,39.1688825289073,Source-memory route only,-0.36888252890729945,0.36888252890729945
38.4,39.0093603527092,Source-memory route only,-0.6093603527092029,0.6093603527092029
39.9,39.7706596240324,Source-memory route only,0.12934037596760106,0.12934037596760106
39.4,39.6795335230994,Source-memory route only,-0.2795335230994027,0.2795335230994027
38.3,39.8118646067066,Source-memory route only,-1.5118646067066024,1.5118646067066024
39.1,39.1248358228714,Source-memory route only,-0.024835822871395408,0.024835822871395408
39.1,39.122692393276,Source-memory route only,-0.022692393275995926,0.022692393275995926
38.6,38.2490833952436,Source-memory route only,0.3509166047563994,0.3509166047563994
38.3,38.2358965352992,Source-memory route only,0.06410346470079986,0.06410346470079986
41.2,40.1309651573716,Source-memory route only,1.0690348426284046,1.0690348426284046
38.0,38.3339882996888,Source-memory route only,-0.33398829968879795,0.33398829968879795
39.0,38.9274994813497,Source-memory route only,0.07250051865030116,0.07250051865030116
38.8,38.8220097687321,Source-memory route only,-0.022009768732104362,0.022009768732104362
38.7,38.6713931068743,Source-memory route only,0.028606893125704858,0.028606893125704858
38.4,38.4066696493771,Source-memory route only,-0.006669649377101905,0.006669649377101905
38.5,38.5811168153067,Source-memory route only,-0.08111681530670012,0.08111681530670012
38.8,38.8242964523411,Source-memory route only,-0.02429645234110467,0.02429645234110467
40.0,39.9477574237508,Source-memory route only,0.052242576249199146,0.052242576249199146
39.6,39.577399987616,Source-memory route only,0.022600012384003776,0.022600012384003776
39.2,39.2200498273693,Source-memory route only,-0.020049827369298612,0.020049827369298612
38.1,38.1498605018696,Source-memory route only,-0.04986050186959545,0.04986050186959545
38.0,38.0470199474221,Source-memory route only,-0.04701994742210047,0.04701994742210047
38.2,38.191945313052,Source-memory route only,0.008054686948000267,0.008054686948000267
38.9,38.794703247712,Source-memory route only,0.10529675228799817,0.10529675228799817
38.9,38.9368114910164,Source-memory route only,-0.03681149101640102,0.03681149101640102
38.0,37.9951146320167,Source-memory route only,0.0048853679832987496,0.0048853679832987496
38.2,38.192013851527,Source-memory route only,0.00798614847300172,0.00798614847300172
38.4,38.3908163824008,Source-memory route only,0.009183617599198612,0.009183617599198612
38.1,38.2626571231704,Source-memory route only,-0.1626571231703977,0.1626571231703977
38.7,38.7940237983731,Source-memory route only,-0.09402379837309383,0.09402379837309383
38.6,38.5918232863967,Source-memory route only,0.00817671360329797,0.00817671360329797
38.5,38.5553639913099,Source-memory route only,-0.055363991309903327,0.055363991309903327
39.1,39.1011925227442,Source-memory route only,-0.0011925227441977881,0.0011925227441977881
38.3,38.3210939228735,Source-memory route only,-0.02109392287350431,0.02109392287350431
38.6,38.3533595318096,Source-memory route only,0.24664046819039953,0.24664046819039953
38.0,38.068926071073,Source-memory route only,-0.06892607107300108,0.06892607107300108
38.6,38.6532493287131,Source-memory route only,-0.0532493287131004,0.0532493287131004
38.8,38.7957870663245,Source-memory route only,0.004212933675496799,0.004212933675496799
38.3,38.3052697170054,Source-memory route only,-0.005269717005404573,0.005269717005404573
38.7,38.673274275378,Source-memory route only,0.026725724622004066,0.026725724622004066
38.3,38.3378699487566,Source-memory route only,-0.03786994875660099,0.03786994875660099
38.2,38.1927039956182,Source-memory route only,0.007296004381800003,0.007296004381800003
38.5,38.454357593395,Source-memory route only,0.04564240660499763,0.04564240660499763
38.5,38.4473762184907,Source-memory route only,0.05262378150929692,0.05262378150929692
38.0,38.0933439036362,Source-memory route only,-0.09334390363620315,0.09334390363620315
38.2,38.163473578832,Source-memory route only,0.03652642116800564,0.03652642116800564
38.1,38.056282668413,Source-memory route only,0.04371733158700408,0.04371733158700408
39.2,39.0957924332786,Source-memory route only,0.1042075667213993,0.1042075667213993
38.3,38.5555510002377,Source-memory route only,-0.25555100023770194,0.25555100023770194
39.4,39.4024266462064,Source-memory route only,-0.0024266462064019834,0.0024266462064019834
39.2,39.1493846046491,Source-memory route only,0.05061539535090276,0.05061539535090276
38.6,38.6559099161551,Source-memory route only,-0.05590991615510177,0.05590991615510177
39.1,39.0740482306794,Source-memory route only,0.025951769320599283,0.025951769320599283
38.1,38.8602670448542,Source-memory route only,-0.7602670448541957,0.7602670448541957
38.5,38.4910155730231,Source-memory route only,0.008984426976901716,0.008984426976901716
39.0,38.979304225061,Source-memory route only,0.02069577493899999,0.02069577493899999
39.5,39.5294621276099,Source-memory route only,-0.029462127609896527,0.029462127609896527
38.8,38.8054680057339,Source-memory route only,-0.005468005733902714,0.005468005733902714
38.2,38.1912629381526,Source-memory route only,0.008737061847405414,0.008737061847405414
38.4,38.4189358675675,Source-memory route only,-0.018935867567499542,0.018935867567499542
38.3,38.2922428575742,Source-memory route only,0.007757142425795394,0.007757142425795394
38.1,38.089393932084,Source-memory route only,0.010606067916000939,0.010606067916000939
38.9,38.8834234101212,Source-memory route only,0.01657658987879529,0.01657658987879529
38.2,38.2450542422179,Source-memory route only,-0.045054242217894114,0.045054242217894114
38.6,38.6541395369727,Source-memory route only,-0.054139536972698465,0.054139536972698465
38.0,38.0448675674148,Source-memory route only,-0.044867567414797804,0.044867567414797804
38.2,38.1987080124677,Source-memory route only,0.0012919875323049723,0.0012919875323049723
38.1,38.073274903091,Source-memory route only,0.026725096909004264,0.026725096909004264
39.2,39.1700373815739,Source-memory route only,0.02996261842610437,0.02996261842610437
39.4,39.3964671883988,Source-memory route only,0.0035328116011967836,0.0035328116011967836
39.3,39.2826518175846,Source-memory route only,0.017348182415396707,0.017348182415396707
38.9,38.9972376748849,Source-memory route only,-0.09723767488490154,0.09723767488490154
39.4,39.0224524369053,Source-memory route only,0.3775475630947014,0.3775475630947014
39.6,39.2678869176149,Source-memory route only,0.3321130823850993,0.3321130823850993
39.5,39.1439808056815,Source-memory route only,0.35601919431849893,0.35601919431849893
40.2,40.1057314471933,Source-memory route only,0.0942685528067031,0.0942685528067031
40.2,40.1225355984159,Source-memory route only,0.07746440158410195,0.07746440158410195
39.5,39.6963093928164,Source-memory route only,-0.1963093928164028,0.1963093928164028
39.7,39.3233905380121,Source-memory route only,0.3766094619879041,0.3766094619879041
40.5,40.4387574183404,Source-memory route only,0.06124258165959873,0.06124258165959873
39.7,38.8688039389098,Source-memory route only,0.8311960610902034,0.8311960610902034
39.9,38.961013377368,Source-memory route only,0.938986622632001,0.938986622632001
38.0,38.7556760566442,Source-memory route only,-0.755676056644198,0.755676056644198
38.5,38.6170491691732,Source-memory route only,-0.11704916917319963,0.11704916917319963
39.1,39.0118926611854,Source-memory route only,0.08810733881460209,0.08810733881460209
39.3,39.0008641644493,Source-memory route only,0.29913583555070034,0.29913583555070034
39.5,39.5987589305348,Source-memory route only,-0.09875893053479956,0.09875893053479956
39.3,39.58543876065,Source-memory route only,-0.2854387606500026,0.2854387606500026
38.7,38.6374603393536,Source-memory route only,0.06253966064640082,0.06253966064640082
38.5,38.8343053496312,Source-memory route only,-0.33430534963120095,0.33430534963120095
38.3,38.597816934879,Source-memory route only,-0.29781693487900185,0.29781693487900185
38.2,38.5795650549093,Source-memory route only,-0.3795650549092997,0.3795650549092997
38.9,38.9385045825801,Source-memory route only,-0.03850458258010292,0.03850458258010292
38.7,38.6804519494934,Batch/session route only,0.019548050506600134,0.019548050506600134
38.4,38.4134759933727,Batch/session route only,-0.013475993372701112,0.013475993372701112
38.2,38.3548209790439,Batch/session route only,-0.15482097904389747,0.15482097904389747
39.7,39.7027438286318,Batch/session route only,-0.002743828631800227,0.002743828631800227
38.1,38.1300928062531,Batch/session route only,-0.0300928062531014,0.0300928062531014
38.4,38.3962816521313,Batch/session route only,0.0037183478686984017,0.0037183478686984017
38.9,38.7978472627069,Batch/session route only,0.10215273729309615,0.10215273729309615
39.2,39.062442407407,Batch/session route only,0.13755759259300504,0.13755759259300504
38.1,38.100320677477,Batch/session route only,-0.00032067747699926485,0.00032067747699926485
38.9,38.84994886768,Batch/session route only,0.050051132320000136,0.050051132320000136
38.6,38.3206963633766,Batch/session route only,0.2793036366234034,0.2793036366234034
38.0,38.1028585538352,Batch/session route only,-0.1028585538351976,0.1028585538351976
38.1,38.1456509465407,Batch/session route only,-0.04565094654069668,0.04565094654069668
39.0,38.8885044173313,Batch/session route only,0.1114955826687023,0.1114955826687023
38.2,38.2161223783866,Batch/session route only,-0.016122378386597802,0.016122378386597802
38.5,38.4290239759536,Batch/session route only,0.07097602404640213,0.07097602404640213
38.1,38.997624665148,Batch/session route only,-0.8976246651480011,0.8976246651480011
39.2,39.1049401314306,Batch/session route only,0.09505986856940041,0.09505986856940041
38.8,38.7554549844086,Batch/session route only,0.04454501559139601,0.04454501559139601
38.3,38.5889664609383,Batch/session route only,-0.2889664609383047,0.2889664609383047
39.4,39.3598020882481,Batch/session route only,0.04019791175189624,0.04019791175189624
39.1,39.4245487057875,Batch/session route only,-0.3245487057874996,0.3245487057874996
38.3,38.0729466892738,Batch/session route only,0.22705331072619828,0.22705331072619828
38.1,38.3604910076098,Batch/session route only,-0.2604910076098008,0.2604910076098008
38.8,38.7557573448158,Batch/session route only,0.04424265518419901,0.04424265518419901
38.5,38.4837233075894,Batch/session route only,0.01627669241059948,0.01627669241059948
38.6,38.6039635148407,Batch/session route only,-0.003963514840698679,0.003963514840698679
38.2,38.3486488625508,Batch/session route only,-0.14864886255080023,0.14864886255080023
39.1,39.1086818600706,Batch/session route only,-0.008681860070595349,0.008681860070595349
38.5,38.5975369115776,Batch/session route only,-0.09753691157759903,0.09753691157759903
40.0,39.9253786000484,Batch/session route only,0.074621399951603,0.074621399951603
38.0,38.0526181623513,Batch/session route only,-0.05261816235130112,0.05261816235130112
38.4,38.4438662469163,Batch/session route only,-0.04386624691630203,0.04386624691630203
38.0,38.0230571159971,Batch/session route only,-0.02305711599709781,0.02305711599709781
38.2,38.2218185871771,Batch/session route only,-0.021818587177094173,0.021818587177094173
38.2,38.223276975152,Batch/session route only,-0.023276975151993895,0.023276975151993895
38.1,38.1247927611278,Batch/session route only,-0.024792761127798713,0.024792761127798713
41.5,41.0215584334576,Batch/session route only,0.47844156654240066,0.47844156654240066
38.6,38.5850608163106,Batch/session route only,0.014939183689399727,0.014939183689399727
38.5,38.4935275340229,Batch/session route only,0.006472465977097386,0.006472465977097386
39.1,39.0636592752874,Batch/session route only,0.03634072471260197,0.03634072471260197
39.0,38.9805137887728,Batch/session route only,0.0194862112272034,0.0194862112272034
39.1,39.0552774217573,Batch/session route only,0.04472257824269832,0.04472257824269832
38.0,38.1031953916953,Batch/session route only,-0.10319539169530145,0.10319539169530145
38.7,38.6735024108889,Batch/session route only,0.026497589111102116,0.026497589111102116
38.6,38.6767984434396,Batch/session route only,-0.07679844343959985,0.07679844343959985
38.1,38.2006360320631,Batch/session route only,-0.10063603206310034,0.10063603206310034
38.7,38.6531621651801,Batch/session route only,0.04683783481990389,0.04683783481990389
39.0,38.8902153265018,Batch/session route only,0.1097846734981971,0.1097846734981971
38.1,38.9979918427298,Batch/session route only,-0.8979918427298017,0.8979918427298017
38.1,38.0913566490526,Batch/session route only,0.008643350947401984,0.008643350947401984
39.0,38.9832252126985,Batch/session route only,0.016774787301500282,0.016774787301500282
39.0,38.9977201297338,Batch/session route only,0.0022798702662001347,0.0022798702662001347
39.9,39.7965433297838,Batch/session route only,0.10345667021619676,0.10345667021619676
38.1,38.3305985052234,Batch/session route only,-0.23059850522339786,0.23059850522339786
38.2,38.9737986654756,Batch/session route only,-0.7737986654755957,0.7737986654755957
38.5,38.5042263653818,Batch/session route only,-0.004226365381796882,0.004226365381796882
38.6,38.6221092777504,Batch/session route only,-0.022109277750395506,0.022109277750395506
39.7,39.6596425147174,Batch/session route only,0.04035748528260541,0.04035748528260541
39.1,39.0671186608844,Batch/session route only,0.032881339115604646,0.032881339115604646
38.2,38.2331523607363,Batch/session route only,-0.03315236073629535,0.03315236073629535
38.9,38.8144693594836,Batch/session route only,0.0855306405163958,0.0855306405163958
38.8,38.8035058686877,Batch/session route only,-0.0035058686877036394,0.0035058686877036394
38.4,38.4362622886161,Batch/session route only,-0.03626228861610059,0.03626228861610059
38.9,38.8040605353107,Batch/session route only,0.0959394646893017,0.0959394646893017
38.5,38.5929523833824,Batch/session route only,-0.09295238338240353,0.09295238338240353
38.0,38.0417009163756,Batch/session route only,-0.04170091637560347,0.04170091637560347
39.2,39.170460534288,Batch/session route only,0.029539465712005608,0.029539465712005608
38.5,38.5014496159568,Batch/session route only,-0.0014496159568011535,0.0014496159568011535
38.2,38.2348652235865,Batch/session route only,-0.03486522358650035,0.03486522358650035
38.1,38.0934819001721,Batch/session route only,0.006518099827900414,0.006518099827900414
38.8,38.5513371741265,Batch/session route only,0.2486628258734953,0.2486628258734953
38.5,38.4840860987667,Batch/session route only,0.015913901233297167,0.015913901233297167
39.2,39.0679446675763,Batch/session route only,0.13205533242370393,0.13205533242370393
41.5,41.1095150992425,Batch/session route only,0.39048490075749953,0.39048490075749953
38.1,38.1954288576864,Batch/session route only,-0.09542885768640019,0.09542885768640019
38.1,39.0419910534386,Batch/session route only,-0.9419910534385991,0.9419910534385991
39.2,39.1816240911924,Batch/session route only,0.018375908807605867,0.018375908807605867
38.9,38.8921717643111,Batch/session route only,0.007828235688897678,0.007828235688897678
38.3,38.3205861880327,Batch/session route only,-0.02058618803270207,0.02058618803270207
38.5,38.5013039812958,Batch/session route only,-0.001303981295798451,0.001303981295798451
38.4,38.3571752901665,Batch/session route only,0.0428247098334964,0.0428247098334964
39.9,40.1480686234301,Batch/session route only,-0.2480686234301004,0.2480686234301004
39.8,40.0786298532193,Batch/session route only,-0.2786298532193001,0.2786298532193001
39.6,39.6949872323425,Batch/session route only,-0.09498723234249695,0.09498723234249695
38.9,39.1626307615603,Batch/session route only,-0.2626307615603025,0.2626307615603025
40.1,39.3568860779882,Batch/session route only,0.7431139220118013,0.7431139220118013
39.0,39.3224757481083,Batch/session route only,-0.32247574810830315,0.32247574810830315
41.2,40.0222032120654,Batch/session route only,1.1777967879346036,1.1777967879346036
40.5,39.9980628425119,Batch/session route only,0.5019371574881006,0.5019371574881006
39.7,38.8026486950307,Batch/session route only,0.8973513049693054,0.8973513049693054
38.0,38.2816766920935,Batch/session route only,-0.2816766920934981,0.2816766920934981
39.7,38.7608758189596,Batch/session route only,0.9391241810404054,0.9391241810404054
39.7,38.1783330939838,Batch/session route only,1.5216669060162005,1.5216669060162005
39.7,39.2315189812542,Batch/session route only,0.4684810187458055,0.4684810187458055
40.6,40.2526530675792,Batch/session route only,0.3473469324207983,0.3473469324207983
38.5,38.4991380438725,Batch/session route only,0.0008619561275011733,0.0008619561275011733
38.4,38.4799968149659,Batch/session route only,-0.07999681496590227,0.07999681496590227
40.2,39.6383374210754,Batch/session route only,0.5616625789246044,0.5616625789246044
40.2,39.851780502369,Batch/session route only,0.3482194976309998,0.3482194976309998
40.2,39.7092408041616,Batch/session route only,0.49075919583840033,0.49075919583840033
39.0,39.3755677325217,Batch/session route only,-0.37556773252170217,0.37556773252170217
40.0,39.6370750482215,Batch/session route only,0.3629249517785027,0.3629249517785027
38.6,38.7789446058251,Batch/session route only,-0.17894460582510163,0.17894460582510163
38.2,38.2273785117063,Batch/session route only,-0.027378511706295683,0.027378511706295683
39.5,39.454947468216,Batch/session route only,0.045052531784001815,0.045052531784001815
39.1,39.0645415288525,Batch/session route only,0.03545847114749989,0.03545847114749989
39.3,38.9561856429934,Batch/session route only,0.34381435700660035,0.34381435700660035
39.9,39.1654893068871,Batch/session route only,0.7345106931128953,0.7345106931128953
38.7,39.8198781242539,Batch/session route only,-1.1198781242538942,1.1198781242538942
39.4,39.417084065047,Batch/session route only,-0.017084065047001218,0.017084065047001218
39.4,39.474582104368,Batch/session route only,-0.07458210436799817,0.07458210436799817
38.4,38.4210804713314,Batch/session route only,-0.021080471331401895,0.021080471331401895
39.0,38.8340911610901,Batch/session route only,0.16590883890989971,0.16590883890989971
39.1,39.1234015152715,Batch/session route only,-0.023401515271501694,0.023401515271501694
38.5,38.6429661829516,Batch/session route only,-0.14296618295159647,0.14296618295159647
39.0,39.0213411909395,Batch/session route only,-0.02134119093950204,0.02134119093950204
38.5,38.4155430798925,Batch/session route only,0.08445692010749895,0.08445692010749895
38.4,38.4676244073139,Batch/session route only,-0.06762440731390029,0.06762440731390029
38.9,38.782340859961,Batch/session route only,0.11765914003899525,0.11765914003899525
38.0,38.037964511739,Batch/session route only,-0.0379645117389984,0.0379645117389984
38.2,38.2178712686374,Batch/session route only,-0.01787126863739985,0.01787126863739985
38.5,38.6277223338301,Batch/session route only,-0.1277223338300999,0.1277223338300999
38.6,38.7053515214999,Batch/session route only,-0.10535152149989813,0.10535152149989813
39.0,38.9759322606137,Batch/session route only,0.024067739386296694,0.024067739386296694
39.2,39.0036593807148,Batch/session route only,0.19634061928520197,0.19634061928520197
38.3,38.3126933658283,Batch/session route only,-0.012693365828305048,0.012693365828305048
38.3,38.3818315278616,Batch/session route only,-0.08183152786160264,0.08183152786160264
38.7,38.6511261196627,Batch/session route only,0.04887388033730389,0.04887388033730389
39.0,39.256086931347,Batch/session route only,-0.25608693134699934,0.25608693134699934
38.3,38.4072173219846,Batch/session route only,-0.10721732198459932,0.10721732198459932
39.1,39.0157084282513,Batch/session route only,0.08429157174870028,0.08429157174870028
39.0,38.9859674904055,Batch/session route only,0.014032509594500198,0.014032509594500198
38.3,38.4440654572049,Batch/session route only,-0.1440654572049027,0.1440654572049027
38.2,38.2350231401428,Batch/session route only,-0.035023140142797615,0.035023140142797615
39.0,38.7919409133576,Batch/session route only,0.20805908664240036,0.20805908664240036
38.3,38.3292667755584,Batch/session route only,-0.029266775558404845,0.029266775558404845
38.5,38.528237410706,Batch/session route only,-0.028237410705997945,0.028237410705997945
39.5,39.4671337483602,Batch/session route only,0.03286625163980261,0.03286625163980261
39.3,39.1669936203507,Batch/session route only,0.13300637964929507,0.13300637964929507
38.1,38.103934785361,Batch/session route only,-0.003934785360996784,0.003934785360996784
38.5,38.4195939770712,Batch/session route only,0.08040602292879839,0.08040602292879839
38.5,38.4091801826681,Batch/session route only,0.09081981733189792,0.09081981733189792
38.3,38.2721009601743,Batch/session route only,0.02789903982569797,0.02789903982569797
38.0,38.0824901975391,Batch/session route only,-0.08249019753910147,0.08249019753910147
38.3,38.3084785130143,Batch/session route only,-0.008478513014303246,0.008478513014303246
38.9,38.8084514882136,Batch/session route only,0.09154851178639944,0.09154851178639944
38.5,38.5989714797842,Batch/session route only,-0.09897147978419696,0.09897147978419696
38.2,38.4135871839414,Batch/session route only,-0.21358718394139942,0.21358718394139942
38.6,38.3276009359547,Batch/session route only,0.27239906404530245,0.27239906404530245
38.9,38.2734982335468,Batch/session route only,0.6265017664531953,0.6265017664531953
38.9,38.7687734558788,Batch/session route only,0.13122654412119772,0.13122654412119772
38.1,38.1999697830044,Batch/session route only,-0.09996978300439707,0.09996978300439707
38.3,38.4387694106086,Batch/session route only,-0.13876941060860304,0.13876941060860304
38.1,38.1918586907469,Batch/session route only,-0.09185869074689634,0.09185869074689634
38.2,38.2849985182553,Batch/session route only,-0.08499851825529703,0.08499851825529703
38.2,38.2509128753863,Batch/session route only,-0.0509128753862953,0.0509128753862953
38.0,38.1137034098957,Batch/session route only,-0.11370340989569883,0.11370340989569883
38.2,38.1724056255484,Batch/session route only,0.027594374451602732,0.027594374451602732
37.5,37.662921108605,Batch/session route only,-0.16292110860499776,0.16292110860499776
39.2,39.097799164005,Batch/session route only,0.1022008359949993,0.1022008359949993
39.4,39.3522532585183,Batch/session route only,0.047746741481695665,0.047746741481695665
38.8,38.5648109152247,Batch/session route only,0.23518908477529976,0.23518908477529976
38.9,38.8797637316477,Batch/session route only,0.02023626835229919,0.02023626835229919
38.1,38.1513454353682,Batch/session route only,-0.05134543536819791,0.05134543536819791
38.1,38.7690304614044,Batch/session route only,-0.6690304614043967,0.6690304614043967
38.4,38.4051196719541,Batch/session route only,-0.005119671954098237,0.005119671954098237
39.6,39.5862712253535,Batch/session route only,0.013728774646502018,0.013728774646502018
39.3,39.290439717773,Batch/session route only,0.009560282226999561,0.009560282226999561
39.0,38.9737056051622,Batch/session route only,0.026294394837798052,0.026294394837798052
38.9,38.8910473108573,Batch/session route only,0.008952689142695647,0.008952689142695647
38.9,38.8922886096002,Batch/session route only,0.00771139039979829,0.00771139039979829
38.1,38.1017205483978,Batch/session route only,-0.0017205483977988933,0.0017205483977988933
39.1,39.0941250635317,Batch/session route only,0.005874936468302394,0.005874936468302394
38.3,38.3089071995169,Batch/session route only,-0.008907199516904996,0.008907199516904996
38.0,38.01893150003,Batch/session route only,-0.01893150002999988,0.01893150002999988
38.2,38.1959398478692,Batch/session route only,0.004060152130804795,0.004060152130804795
38.5,38.4883185490878,Batch/session route only,0.01168145091219941,0.01168145091219941
38.1,38.2993278295476,Batch/session route only,-0.19932782954759887,0.19932782954759887
38.0,38.0162345331862,Batch/session route only,-0.01623453318619994,0.01623453318619994
38.0,38.0039923047794,Batch/session route only,-0.003992304779401934,0.003992304779401934
39.1,39.0873959969913,Batch/session route only,0.012604003008704012,0.012604003008704012
38.1,38.1218025007478,Batch/session route only,-0.021802500747796216,0.021802500747796216
38.0,38.0232986555881,Batch/session route only,-0.023298655588099848,0.023298655588099848
39.4,39.3910109306306,Batch/session route only,0.008989069369398806,0.008989069369398806
38.8,38.8022466050936,Batch/session route only,-0.0022466050936031934,0.0022466050936031934
39.3,39.2809672047398,Batch/session route only,0.019032795260194746,0.019032795260194746
38.7,38.6897598219343,Batch/session route only,0.010240178065700434,0.010240178065700434
38.2,38.2035937887927,Batch/session route only,-0.0035937887926991152,0.0035937887926991152
38.6,38.6144862211741,Batch/session route only,-0.014486221174095704,0.014486221174095704
38.4,38.399656321401,Batch/session route only,0.00034367859900186204,0.00034367859900186204
38.5,38.523287797165,Batch/session route only,-0.02328779716499696,0.02328779716499696
40.6,40.3760919533424,Batch/session route only,0.22390804665759845,0.22390804665759845
39.6,39.7220778411286,Batch/session route only,-0.12207784112860054,0.12207784112860054
38.8,39.2182801914801,Batch/session route only,-0.4182801914801004,0.4182801914801004
39.3,40.2162067695772,Batch/session route only,-0.9162067695772009,0.9162067695772009
39.1,39.1861941500621,Batch/session route only,-0.08619415006209863,0.08619415006209863
39.4,38.9596236601128,Batch/session route only,0.4403763398872016,0.4403763398872016
38.9,39.1677982052009,Batch/session route only,-0.26779820520090425,0.26779820520090425
39.2,38.7748254418465,Batch/session route only,0.42517455815350047,0.42517455815350047
38.3,38.2970236709471,Batch/session route only,0.0029763290528990183,0.0029763290528990183
39.3,38.5574914076713,Batch/session route only,0.7425085923286971,0.7425085923286971
38.8,38.6507108432741,Batch/session route only,0.14928915672589937,0.14928915672589937
38.5,38.9016480536223,Batch/session route only,-0.4016480536223028,0.4016480536223028
38.5,38.7473899094999,Batch/session route only,-0.24738990949990125,0.24738990949990125
38.5,38.6963654159661,Batch/session route only,-0.19636541596609902,0.19636541596609902
38.2,38.9124280931593,Batch/session route only,-0.7124280931592963,0.7124280931592963
39.5,39.9213064879207,Batch/session route only,-0.42130648792070247,0.42130648792070247
39.1,39.0986808406142,Batch/session route only,0.001319159385801072,0.001319159385801072
39.8,39.57931197588,Batch/session route only,0.220688024119994,0.220688024119994
38.5,38.8977072546585,Batch/session route only,-0.3977072546584992,0.3977072546584992
38.2,38.512983311209,Batch/session route only,-0.3129833112089955,0.3129833112089955
38.3,38.7546686885338,Batch/session route only,-0.4546686885338005,0.4546686885338005
38.2,38.74809393894,Batch/session route only,-0.5480939389399992,0.5480939389399992
39.0,39.0087199191231,Batch/session route only,-0.008719919123102216,0.008719919123102216
39.5,39.58572569179,Batch/session route only,-0.08572569179000311,0.08572569179000311
38.6,39.3250160192915,Batch/session route only,-0.7250160192915018,0.7250160192915018
39.0,39.4043988476411,Batch/session route only,-0.40439884764109735,0.40439884764109735
39.3,39.3987008071142,Batch/session route only,-0.0987008071142057,0.0987008071142057
39.5,39.3505494009354,Batch/session route only,0.14945059906460045,0.14945059906460045
38.8,38.7555584571243,Batch/session route only,0.04444154287569546,0.04444154287569546
38.5,38.4585365806174,Batch/session route only,0.041463419382601785,0.041463419382601785
38.0,38.147875990021,Batch/session route only,-0.14787599002099938,0.14787599002099938
38.8,38.6375230337383,Batch/session route only,0.16247696626169983,0.16247696626169983
39.2,39.166660022014,Batch/session route only,0.03333997798600308,0.03333997798600308
38.9,38.9268993473825,Batch/session route only,-0.026899347382503436,0.026899347382503436
38.1,38.232507347649,Batch/session route only,-0.1325073476489962,0.1325073476489962
38.0,38.0859995125828,Batch/session route only,-0.08599951258280214,0.08599951258280214
38.0,38.0809972571878,Batch/session route only,-0.08099725718780348,0.08099725718780348
38.4,38.3818814131184,Batch/session route only,0.01811858688159873,0.01811858688159873
38.2,38.2250257896941,Batch/session route only,-0.025025789694097966,0.025025789694097966
38.7,38.8211850192168,Batch/session route only,-0.12118501921679581,0.12118501921679581
38.5,38.6506799930202,Batch/session route only,-0.15067999302019786,0.15067999302019786
39.1,38.9709789923427,Batch/session route only,0.1290210076573004,0.1290210076573004
39.1,38.9643865212148,Batch/session route only,0.1356134787852028,0.1356134787852028
39.1,39.0611147188959,Batch/session route only,0.0388852811041005,0.0388852811041005
38.1,38.1794395831275,Batch/session route only,-0.07943958312749544,0.07943958312749544
39.4,38.9794903416787,Batch/session route only,0.4205096583213006,0.4205096583213006
38.6,38.6574785902821,Batch/session route only,-0.057478590282102004,0.057478590282102004
38.0,38.0882663776021,Batch/session route only,-0.08826637760210332,0.08826637760210332
39.5,38.9174627728843,Batch/session route only,0.5825372271157008,0.5825372271157008
38.3,38.3499407117755,Batch/session route only,-0.04994071177550552,0.04994071177550552
38.2,38.2598866016615,Batch/session route only,-0.059886601661496286,0.059886601661496286
38.0,38.1088016022482,Batch/session route only,-0.10880160224819946,0.10880160224819946
38.0,38.536716302559,Batch/session route only,-0.5367163025590003,0.5367163025590003
39.9,39.6887427207284,Batch/session route only,0.21125727927159943,0.21125727927159943
39.4,39.287135674224,Batch/session route only,0.1128643257760018,0.1128643257760018
39.3,39.1965448995256,Batch/session route only,0.10345510047439888,0.10345510047439888
38.3,38.0221326751307,Batch/session route only,0.2778673248692982,0.2778673248692982
38.3,38.205502544089,Batch/session route only,0.09449745591099656,0.09449745591099656
38.4,38.4081651489789,Batch/session route only,-0.008165148978903858,0.008165148978903858
38.5,38.4712314891998,Batch/session route only,0.028768510800198044,0.028768510800198044
38.8,38.6427612347691,Batch/session route only,0.1572387652309004,0.1572387652309004
39.0,39.0097169916371,Batch/session route only,-0.009716991637098715,0.009716991637098715
38.1,38.2234237711038,Batch/session route only,-0.12342377110380198,0.12342377110380198
38.1,38.123021305953,Batch/session route only,-0.02302130595300156,0.02302130595300156
38.9,38.7561540498621,Batch/session route only,0.14384595013790147,0.14384595013790147
38.1,38.2968755758223,Batch/session route only,-0.19687557582229687,0.19687557582229687
38.4,38.379775880166,Batch/session route only,0.020224119833997634,0.020224119833997634
38.1,38.0964315333127,Batch/session route only,0.003568466687298155,0.003568466687298155
38.5,38.5923723986251,Batch/session route only,-0.09237239862510194,0.09237239862510194
38.5,38.5190042233369,Batch/session route only,-0.019004223336899884,0.019004223336899884
38.6,38.6684184461489,Batch/session route only,-0.0684184461488968,0.0684184461488968
38.3,38.3384814918445,Batch/session route only,-0.038481491844500226,0.038481491844500226
38.2,38.2286000262364,Batch/session route only,-0.028600026236397014,0.028600026236397014
39.5,38.9100543144462,Batch/session route only,0.5899456855538006,0.5899456855538006
38.0,38.5352708895986,Batch/session route only,-0.5352708895985998,0.5352708895985998
39.0,38.9778619023386,Batch/session route only,0.022138097661397182,0.022138097661397182
38.4,38.492865903146,Batch/session route only,-0.09286590314599863,0.09286590314599863
39.1,39.0249775601105,Batch/session route only,0.07502243988950141,0.07502243988950141
39.1,39.1149635263669,Batch/session route only,-0.01496352636689835,0.01496352636689835
39.3,39.2950795171897,Batch/session route only,0.004920482810298665,0.004920482810298665
38.1,38.297761504539,Batch/session route only,-0.19776150453899533,0.19776150453899533
39.1,38.2029309653377,Batch/session route only,0.8970690346623016,0.8970690346623016
39.1,39.062213791644,Batch/session route only,0.037786208356003215,0.037786208356003215
39.4,38.9654660417825,Batch/session route only,0.43453395821750007,0.43453395821750007
38.3,38.2937199852416,Batch/session route only,0.00628001475839568,0.00628001475839568
39.0,38.9518694186705,Batch/session route only,0.04813058132950232,0.04813058132950232
38.3,38.2934944392076,Batch/session route only,0.006505560792398057,0.006505560792398057
38.8,38.7712777397037,Batch/session route only,0.02872226029629843,0.02872226029629843
38.5,38.4657984267965,Batch/session route only,0.034201573203496594,0.034201573203496594
38.1,38.1476345779409,Batch/session route only,-0.047634577940897316,0.047634577940897316
38.3,38.4225122133924,Batch/session route only,-0.12251221339240459,0.12251221339240459
38.7,38.6615588677763,Batch/session route only,0.03844113222370282,0.03844113222370282
38.5,38.569528795537,Batch/session route only,-0.06952879553700342,0.06952879553700342
38.5,38.48438013085,Batch/session route only,0.015619869150000909,0.015619869150000909
38.8,38.5563617709098,Batch/session route only,0.2436382290901946,0.2436382290901946
38.1,38.104890134874,Batch/session route only,-0.004890134873996033,0.004890134873996033
38.0,38.030787490038,Batch/session route only,-0.03078749003800141,0.03078749003800141
39.5,39.4759094568581,Batch/session route only,0.024090543141902288,0.024090543141902288
39.2,39.1187881153949,Batch/session route only,0.08121188460510353,0.08121188460510353
39.0,38.991596541042,Batch/session route only,0.008403458957999987,0.008403458957999987
39.0,38.9968912411332,Batch/session route only,0.0031087588668015087,0.0031087588668015087
38.0,38.042382958595,Batch/session route only,-0.042382958594998854,0.042382958594998854
38.0,38.626391708163,Batch/session route only,-0.6263917081629984,0.6263917081629984
38.6,38.6365808090678,Batch/session route only,-0.036580809067800146,0.036580809067800146
39.5,39.0019780929474,Batch/session route only,0.4980219070526033,0.4980219070526033
40.0,39.905327676445,Batch/session route only,0.09467232355500244,0.09467232355500244
39.5,39.6430759508228,Batch/session route only,-0.1430759508227979,0.1430759508227979
40.6,40.2751384317711,Batch/session route only,0.3248615682289042,0.3248615682289042
40.5,39.9854339007963,Batch/session route only,0.514566099203698,0.514566099203698
39.4,39.4490882284685,Batch/session route only,-0.049088228468498585,0.049088228468498585
40.0,39.3791928357383,Batch/session route only,0.6208071642616986,0.6208071642616986
40.2,39.5440486435681,Batch/session route only,0.6559513564319062,0.6559513564319062
38.4,38.9598563954004,Batch/session route only,-0.5598563954004021,0.5598563954004021
38.0,38.6750058348156,Batch/session route only,-0.6750058348156003,0.6750058348156003
39.5,39.2110986570964,Batch/session route only,0.2889013429035998,0.2889013429035998
38.4,38.598974309268,Batch/session route only,-0.19897430926800297,0.19897430926800297
39.4,39.4684551793761,Batch/session route only,-0.06845517937610168,0.06845517937610168
39.8,39.6729365735678,Batch/session route only,0.12706342643219415,0.12706342643219415
39.4,39.1843318288092,Batch/session route only,0.21566817119079928,0.21566817119079928
39.1,39.2500642446009,Batch/session route only,-0.15006424460089818,0.15006424460089818
39.7,39.873773474801,Batch/session route only,-0.1737734748009956,0.1737734748009956
38.7,38.5751294659285,Batch/session route only,0.12487053407150484,0.12487053407150484
38.6,38.634221298594,Batch/session route only,-0.03422129859399803,0.03422129859399803
38.2,38.2972905259641,Batch/session route only,-0.09729052596409815,0.09729052596409815
39.3,39.1697062263638,Batch/session route only,0.13029377363619687,0.13029377363619687
39.6,39.464326768104,Batch/session route only,0.1356732318959999,0.1356732318959999
39.4,39.7408686167569,Batch/session route only,-0.34086861675690017,0.34086861675690017
39.5,39.1984870263941,Batch/session route only,0.30151297360590235,0.30151297360590235
38.9,39.3370237405718,Batch/session route only,-0.43702374057180293,0.43702374057180293
39.7,39.1470404398198,Batch/session route only,0.5529595601802058,0.5529595601802058
38.7,39.1666449784034,Batch/session route only,-0.46664497840339436,0.46664497840339436
38.9,39.1706854530666,Batch/session route only,-0.27068545306660496,0.27068545306660496
39.0,38.822222233477,Batch/session route only,0.17777776652300048,0.17777776652300048
38.3,38.5481386226221,Batch/session route only,-0.2481386226221005,0.2481386226221005
39.3,39.193886840482,Batch/session route only,0.10611315951799583,0.10611315951799583
40.0,39.842078669265,Batch/session route only,0.15792133073500025,0.15792133073500025
39.6,39.5176388180127,Batch/session route only,0.08236118198730225,0.08236118198730225
39.2,39.23151529662,Batch/session route only,-0.0315152966200003,0.0315152966200003
38.5,38.4171418516393,Batch/session route only,0.0828581483606996,0.0828581483606996
38.5,38.5573577420744,Batch/session route only,-0.057357742074401585,0.057357742074401585
38.0,38.0543124167332,Batch/session route only,-0.054312416733196756,0.054312416733196756
38.0,38.0958408326035,Batch/session route only,-0.09584083260349985,0.09584083260349985
38.1,38.5131565470283,Batch/session route only,-0.41315654702830074,0.41315654702830074
41.5,40.7291511824398,Batch/session route only,0.7708488175602,0.7708488175602
38.6,38.5675932855578,Batch/session route only,0.03240671444220311,0.03240671444220311
38.5,38.4774476117049,Batch/session route only,0.022552388295096648,0.022552388295096648
38.2,38.4383040272064,Batch/session route only,-0.23830402720639654,0.23830402720639654
38.5,38.5202303053281,Batch/session route only,-0.020230305328098552,0.020230305328098552
38.6,38.6911840720679,Batch/session route only,-0.0911840720678967,0.0911840720678967
38.9,38.7555747023729,Batch/session route only,0.14442529762710166,0.14442529762710166
38.8,38.8244640093326,Batch/session route only,-0.024464009332604064,0.024464009332604064
38.1,38.1460682145012,Batch/session route only,-0.04606821450119725,0.04606821450119725
38.7,38.6541876214421,Batch/session route only,0.045812378557904765,0.045812378557904765
38.2,38.2687396879802,Batch/session route only,-0.06873968798019803,0.06873968798019803
38.5,38.2388030671993,Batch/session route only,0.26119693280070067,0.26119693280070067
37.5,37.6656128862654,Batch/session route only,-0.16561288626540005,0.16561288626540005
38.4,38.5140518839904,Batch/session route only,-0.114051883990399,0.114051883990399
39.0,38.9733077116984,Batch/session route only,0.026692288301596534,0.026692288301596534
38.9,38.8988706828813,Batch/session route only,0.001129317118696349,0.001129317118696349
38.2,38.1104644949491,Batch/session route only,0.08953550505090391,0.08953550505090391
38.4,38.1137996445816,Batch/session route only,0.2862003554184014,0.2862003554184014
38.7,38.620214415628,Batch/session route only,0.07978558437200434,0.07978558437200434
39.0,38.8827177124149,Batch/session route only,0.11728228758509829,0.11728228758509829
38.0,38.1513301321198,Batch/session route only,-0.15133013211980284,0.15133013211980284
39.6,39.5873961420155,Batch/session route only,0.012603857984501587,0.012603857984501587
38.2,38.2098473796276,Batch/session route only,-0.009847379627593966,0.009847379627593966
38.5,38.4177596555459,Batch/session route only,0.08224034445409956,0.08224034445409956
38.5,38.5512456575698,Batch/session route only,-0.05124565756980104,0.05124565756980104
38.9,38.7498787155094,Batch/session route only,0.15012128449059503,0.15012128449059503
38.0,38.0710490709156,Batch/session route only,-0.07104907091559909,0.07104907091559909
39.1,39.0034264237496,Batch/session route only,0.09657357625039964,0.09657357625039964
38.3,38.3981357845774,Batch/session route only,-0.09813578457740135,0.09813578457740135
39.2,38.9778938600155,Batch/session route only,0.22210613998450413,0.22210613998450413
38.1,38.1806139706763,Batch/session route only,-0.08061397067629628,0.08061397067629628
38.0,38.1553395794034,Batch/session route only,-0.15533957940340315,0.15533957940340315
38.5,38.2445917206044,Batch/session route only,0.25540827939560273,0.25540827939560273
38.8,38.7741443106672,Batch/session route only,0.02585568933280058,0.02585568933280058
38.3,38.4785460603042,Batch/session route only,-0.17854606030419973,0.17854606030419973
38.6,38.6803149941864,Batch/session route only,-0.08031499418640209,0.08031499418640209
39.4,39.3689558315951,Batch/session route only,0.031044168404896766,0.031044168404896766
38.0,38.225868412528,Batch/session route only,-0.22586841252800127,0.22586841252800127
37.9,38.2060705341054,Batch/session route only,-0.30607053410540175,0.30607053410540175
38.6,38.6334983321395,Batch/session route only,-0.033498332139501485,0.033498332139501485
39.2,39.1563800697108,Batch/session route only,0.04361993028920352,0.04361993028920352
39.9,39.8292861678518,Batch/session route only,0.0707138321482006,0.0707138321482006
38.1,38.1133429209047,Batch/session route only,-0.013342920904698019,0.013342920904698019
39.4,39.3611462938517,Batch/session route only,0.03885370614830208,0.03885370614830208
38.0,38.0676777212885,Batch/session route only,-0.06767772128849714,0.06767772128849714
39.2,39.2174411278921,Batch/session route only,-0.017441127892098507,0.017441127892098507
38.1,38.111019233995,Batch/session route only,-0.011019233995000377,0.011019233995000377
38.2,38.263881944759,Batch/session route only,-0.06388194475899667,0.06388194475899667
38.0,38.0211899706219,Batch/session route only,-0.021189970621897203,0.021189970621897203
38.5,38.5014819710086,Batch/session route only,-0.0014819710086015903,0.0014819710086015903
38.3,38.3242268454725,Batch/session route only,-0.024226845472504976,0.024226845472504976
38.1,38.1222319925391,Batch/session route only,-0.02223199253909769,0.02223199253909769
38.1,38.1232269001627,Batch/session route only,-0.02322690016269746,0.02322690016269746
38.2,38.2011450064301,Batch/session route only,-0.0011450064301001817,0.0011450064301001817
38.4,38.4069815092616,Batch/session route only,-0.006981509261599683,0.006981509261599683
38.5,38.479076000055,Batch/session route only,0.020923999944997718,0.020923999944997718
38.6,38.6229278807978,Batch/session route only,-0.022927880797801947,0.022927880797801947
39.0,38.9571101894269,Batch/session route only,0.04288981057310082,0.04288981057310082
38.9,38.9043763183107,Batch/session route only,-0.004376318310704619,0.004376318310704619
39.0,38.9909496602481,Batch/session route only,0.009050339751901504,0.009050339751901504
40.1,40.0110994101239,Batch/session route only,0.08890058987610416,0.08890058987610416
39.5,39.6620772227868,Batch/session route only,-0.1620772227867988,0.1620772227867988
39.6,39.6575066315477,Batch/session route only,-0.057506631547695974,0.057506631547695974
40.5,40.5033197688432,Batch/session route only,-0.0033197688431982897,0.0033197688431982897
40.8,40.3141607885109,Batch/session route only,0.48583921148910036,0.48583921148910036
39.4,39.6103994713277,Batch/session route only,-0.21039947132770465,0.21039947132770465
39.8,39.6224267571499,Batch/session route only,0.17757324285009446,0.17757324285009446
39.1,38.9280999144568,Batch/session route only,0.17190008554320002,0.17190008554320002
39.2,39.5828406539114,Batch/session route only,-0.3828406539113942,0.3828406539113942
39.2,39.1470769894933,Batch/session route only,0.052923010506702894,0.052923010506702894
40.4,40.6114928064588,Batch/session route only,-0.21149280645879998,0.21149280645879998
38.5,39.2289120468809,Batch/session route only,-0.7289120468809003,0.7289120468809003
38.5,39.0340862777313,Batch/session route only,-0.5340862777312978,0.5340862777312978
38.6,38.6065018289196,Batch/session route only,-0.006501828919596164,0.006501828919596164
38.5,38.5865243501911,Batch/session route only,-0.08652435019109816,0.08652435019109816
39.5,39.4546643123222,Batch/session route only,0.04533568767779883,0.04533568767779883
40.0,39.5955430111038,Batch/session route only,0.4044569888962002,0.4044569888962002
39.2,39.0599625198628,Batch/session route only,0.1400374801372024,0.1400374801372024
39.9,39.7968525208759,Batch/session route only,0.10314747912409672,0.10314747912409672
38.2,38.2439291488585,Batch/session route only,-0.04392914885849564,0.04392914885849564
38.6,38.3980958735478,Batch/session route only,0.2019041264521988,0.2019041264521988
39.7,39.5405213941529,Batch/session route only,0.15947860584710583,0.15947860584710583
39.2,39.3328687870646,Batch/session route only,-0.13286878706459504,0.13286878706459504
39.3,39.3728896985819,Batch/session route only,-0.07288969858190342,0.07288969858190342
39.5,39.2381114920541,Batch/session route only,0.2618885079458977,0.2618885079458977
38.5,38.4821813232771,Batch/session route only,0.017818676722896498,0.017818676722896498
38.5,38.5099809083372,Batch/session route only,-0.009980908337198002,0.009980908337198002
38.6,38.6024019321587,Batch/session route only,-0.0024019321586976616,0.0024019321586976616
39.5,39.4908042442865,Batch/session route only,0.009195755713498954,0.009195755713498954
38.2,38.2046074503801,Batch/session route only,-0.004607450380099465,0.004607450380099465
38.1,38.1015375512979,Batch/session route only,-0.0015375512979005634,0.0015375512979005634
38.5,38.4577501193614,Batch/session route only,0.042249880638600246,0.042249880638600246
38.3,38.2847564455729,Batch/session route only,0.015243554427094352,0.015243554427094352
38.3,38.3003410209437,Batch/session route only,-0.00034102094370069835,0.00034102094370069835
38.1,38.1037982867698,Batch/session route only,-0.0037982867698005407,0.0037982867698005407
38.5,38.5492041451825,Batch/session route only,-0.04920414518250027,0.04920414518250027
38.3,38.3392544708895,Batch/session route only,-0.03925447088950307,0.03925447088950307
38.9,38.1946261112908,Batch/session route only,0.7053738887091967,0.7053738887091967
38.7,38.6548755409849,Batch/session route only,0.04512445901510631,0.04512445901510631
38.1,38.1889060528488,Batch/session route only,-0.08890605284879882,0.08890605284879882
38.5,38.4587183096794,Batch/session route only,0.04128169032060214,0.04128169032060214
38.2,38.175309693638,Batch/session route only,0.024690306362003867,0.024690306362003867
38.1,38.0874160288697,Batch/session route only,0.012583971130304406,0.012583971130304406
38.0,38.0018968037952,Batch/session route only,-0.0018968037951978545,0.0018968037951978545
39.2,39.1701206121011,Batch/session route only,0.029879387898901655,0.029879387898901655
38.8,38.5426843940797,Batch/session route only,0.25731560592029723,0.25731560592029723
38.6,38.6297711292647,Batch/session route only,-0.029771129264695162,0.029771129264695162
38.0,38.291206905183,Batch/session route only,-0.2912069051830031,0.2912069051830031
38.4,38.4159744238406,Batch/session route only,-0.015974423840603436,0.015974423840603436
39.2,39.1874368043877,Batch/session route only,0.01256319561230157,0.01256319561230157
38.9,38.9073061402783,Batch/session route only,-0.007306140278302564,0.007306140278302564
39.7,39.7075770792023,Batch/session route only,-0.0075770792022993305,0.0075770792022993305
39.2,39.2494634257387,Batch/session route only,-0.04946342573870055,0.04946342573870055
38.4,38.4171209678216,Batch/session route only,-0.017120967821604438,0.017120967821604438
39.2,39.1023918338396,Batch/session route only,0.09760816616040557,0.09760816616040557
38.0,38.013742971496,Batch/session route only,-0.013742971496000678,0.013742971496000678
38.7,38.7903409355296,Batch/session route only,-0.09034093552959632,0.09034093552959632
38.6,38.6603821034929,Batch/session route only,-0.06038210349289841,0.06038210349289841
38.5,38.5952725907503,Batch/session route only,-0.09527259075029804,0.09527259075029804
39.4,39.3067057711559,Batch/session route only,0.09329422884410121,0.09329422884410121
38.8,38.7571322924847,Batch/session route only,0.042867707515299,0.042867707515299
38.7,38.6664405516521,Batch/session route only,0.033559448347901366,0.033559448347901366
38.3,38.3050089287446,Batch/session route only,-0.005008928744601349,0.005008928744601349
38.5,38.4580876284783,Batch/session route only,0.04191237152169691,0.04191237152169691
38.5,38.4551845290334,Batch/session route only,0.044815470966597104,0.044815470966597104
38.0,38.0015285579279,Batch/session route only,-0.0015285579278980777,0.0015285579278980777
38.3,38.5972233924316,Batch/session route only,-0.29722339243160434,0.29722339243160434
39.2,39.174964659504,Batch/session route only,0.025035340496003755,0.025035340496003755
38.4,39.0192018573478,Batch/session route only,-0.6192018573478038,0.6192018573478038
39.0,38.9585701230783,Batch/session route only,0.04142987692169697,0.04142987692169697
40.0,39.9479731400994,Batch/session route only,0.052026859900600186,0.052026859900600186
38.2,38.2018398368136,Batch/session route only,-0.0018398368135947862,0.0018398368135947862
39.1,39.3877394569286,Batch/session route only,-0.28773945692859826,0.28773945692859826
38.4,38.4107550458025,Batch/session route only,-0.010755045802504526,0.010755045802504526
38.2,38.2145562269036,Batch/session route only,-0.014556226903600589,0.014556226903600589
38.2,38.3457132343027,Batch/session route only,-0.145713234302697,0.145713234302697
38.7,38.7681021751083,Batch/session route only,-0.06810217510829375,0.06810217510829375
38.5,38.473793020639,Batch/session route only,0.026206979360999583,0.026206979360999583
38.3,38.591553336493,Batch/session route only,-0.29155333649300275,0.29155333649300275
38.5,38.5506301262138,Batch/session route only,-0.0506301262137967,0.0506301262137967
38.3,38.3167147324068,Batch/session route only,-0.01671473240680399,0.01671473240680399
38.0,38.0395313271155,Batch/session route only,-0.03953132711549756,0.03953132711549756
38.7,38.6636703370401,Batch/session route only,0.03632966295990059,0.03632966295990059
37.5,37.5641629607775,Batch/session route only,-0.06416296077750161,0.06416296077750161
38.5,38.4697945372553,Batch/session route only,0.030205462744703482,0.030205462744703482
38.7,38.6687935375566,Batch/session route only,0.031206462443400085,0.031206462443400085
40.4,40.5187482871362,Batch/session route only,-0.11874828713619934,0.11874828713619934
40.3,40.4031410338153,Batch/session route only,-0.10314103381530515,0.10314103381530515
38.3,39.7695291695768,Batch/session route only,-1.469529169576802,1.469529169576802
39.1,39.1428922523378,Batch/session route only,-0.042892252337800585,0.042892252337800585
39.3,39.3633375011104,Batch/session route only,-0.0633375011104036,0.0633375011104036
40.2,40.4607289950823,Batch/session route only,-0.26072899508229597,0.26072899508229597
39.3,38.9323170356799,Batch/session route only,0.36768296432009606,0.36768296432009606
38.0,38.3939138035227,Batch/session route only,-0.39391380352270033,0.39391380352270033
38.4,39.0591059922773,Batch/session route only,-0.6591059922773042,0.6591059922773042
38.5,38.7238381454619,Batch/session route only,-0.2238381454618974,0.2238381454618974
38.3,38.6033886373964,Batch/session route only,-0.3033886373964023,0.3033886373964023
38.6,38.8754539509522,Batch/session route only,-0.2754539509521976,0.2754539509521976
40.7,40.2742280146098,Batch/session route only,0.425771985390206,0.425771985390206
38.4,38.8082918412144,Batch/session route only,-0.40829184121439965,0.40829184121439965
40.4,40.0501120594148,Batch/session route only,0.349887940585198,0.349887940585198
39.1,39.2108806444451,Batch/session route only,-0.11088064444509627,0.11088064444509627
39.4,39.4116378659052,Batch/session route only,-0.011637865905200329,0.011637865905200329
39.0,38.9784269312993,Batch/session route only,0.02157306870069675,0.02157306870069675
39.5,39.2305699396454,Batch/session route only,0.26943006035460115,0.26943006035460115
40.0,39.1931124806532,Batch/session route only,0.8068875193468017,0.8068875193468017
39.6,39.2789033387143,Batch/session route only,0.3210966612857007,0.3210966612857007
39.2,38.8337215048064,Batch/session route only,0.36627849519360467,0.36627849519360467
