Dataset,FoldMode,FoldID,Model,RowID,CowKey,CowID_raw,Source,SourceType,EarStatus,Ear,Air,Time,Actual,MetaFusionPredicted,MemoryPredicted,SessionRidgePredicted,SessionGroupPredicted,SessionGroupHourPredicted,Predicted,Residual,ChosenConfig,AlphaMetaFusion,MemoryWeight,SessionRidgeWeight,SessionGroupWeight,SessionGroupHourWeight,InnerChoiceRMSE,NearestTrainRowID,NearestTrainSource,NearestDistance,ExactFeatureMatchInTrain,stringsAsFactors
all_real_plus_may133,within_cow_random5,1,StrictSourceAwareMemoryFusion,2,HIST_0,0,core_history_280,real_history,measured_or_research,30.4,16.0,12,38.3,38.040249898713,38.0,38.2521870890834,38.2142857142857,38.2333333333333,38.0080499797426,0.291950020257389,global_k1_t2_e06_a5,0.2,0.8,0.0,0.0,0.0,0.224374225506533,273,core_history_280,0.333333333333332,False,False
all_real_plus_may133,within_cow_random5,1,StrictSourceAwareMemoryFusion,6,HIST_0,0,core_history_280,real_history,measured_or_research,28.1,13.4,21,38.3,38.1757514217964,38.0,37.7859360140875,38.2142857142857,38.2142857142857,38.0351502843593,0.264849715640722,global_k1_t2_e06_a5,0.2,0.8,0.0,0.0,0.0,0.224374225506533,9,core_history_280,1.7873008824606,False,False
all_real_plus_may133,within_cow_random5,1,StrictSourceAwareMemoryFusion,19,HIST_10,10,core_history_280,real_history,measured_or_research,31.8,6.9,12,38.7,38.6739573706046,38.7,38.4848673332136,38.6105263157895,38.48,38.6947914741209,0.0052085258790839,global_k1_t2_e06_a5,0.2,0.8,0.0,0.0,0.0,0.224374225506533,20,core_history_280,0.0,True,False
all_real_plus_may133,within_cow_random5,1,StrictSourceAwareMemoryFusion,21,HIST_10,10,core_history_280,real_history,measured_or_research,33.6,6.8,12,38.4,38.4963976685439,38.4,38.4297656946235,38.6105263157895,38.48,38.4192795337088,-0.0192795337087901,global_k1_t2_e06_a5,0.2,0.8,0.0,0.0,0.0,0.224374225506533,25,core_history_280,0.554616984954482,False,False
all_real_plus_may133,within_cow_random5,1,StrictSourceAwareMemoryFusion,22,HIST_10,10,core_history_280,real_history,measured_or_research,33.6,6.8,12,38.4,38.5293970147687,38.4,38.2598150422593,38.6105263157895,38.48,38.4258794029537,-0.0258794029537341,global_k1_t2_e06_a5,0.2,0.8,0.0,0.0,0.0,0.224374225506533,25,core_history_280,0.554616984954482,False,False
all_real_plus_may133,within_cow_random5,1,StrictSourceAwareMemoryFusion,29,HIST_10,10,core_history_280,real_history,measured_or_research,33.9,11.2,15,38.3,38.4494976989185,38.3,38.497864844319,38.6105263157895,38.48,38.3298995397837,-0.0298995397837132,global_k1_t2_e06_a5,0.2,0.8,0.0,0.0,0.0,0.224374225506533,30,core_history_280,0.0,True,False
all_real_plus_may133,within_cow_random5,1,StrictSourceAwareMemoryFusion,38,HIST_10,10,core_history_280,real_history,measured_or_research,33.7,5.5,23,38.0,38.3817921647458,38.0,38.5632163923637,38.6105263157895,38.0,38.0763584329491,-0.0763584329491493,global_k1_t2_e06_a5,0.2,0.8,0.0,0.0,0.0,0.224374225506533,37,core_history_280,0.0,True,False
all_real_plus_may133,within_cow_random5,1,StrictSourceAwareMemoryFusion,43,HIST_11,11,core_history_280,real_history,measured_or_research,33.1,5.0,11,39.1,39.005887877676,39.1,39.5998431545487,39.11,39.3666666666667,39.0811775755352,0.0188224244648083,global_k1_t2_e06_a5,0.2,0.8,0.0,0.0,0.0,0.224374225506533,44,core_history_280,0.0,True,False
all_real_plus_may133,within_cow_random5,1,StrictSourceAwareMemoryFusion,47,HIST_11,11,core_history_280,real_history,measured_or_research,36.2,6.8,12,39.3,39.060329252911,39.3,38.4621240182668,39.11,38.8777777777778,39.2520658505822,0.0479341494178058,global_k1_t2_e06_a5,0.2,0.8,0.0,0.0,0.0,0.224374225506533,48,core_history_280,0.0,True,False
all_real_plus_may133,within_cow_random5,1,StrictSourceAwareMemoryFusion,50,HIST_11,11,core_history_280,real_history,measured_or_research,32.8,8.0,13,39.2,39.0368829568675,39.2,39.0564465603604,39.11,38.8777777777778,39.1673765913735,0.032623408626506,global_k1_t2_e06_a5,0.2,0.8,0.0,0.0,0.0,0.224374225506533,49,core_history_280,0.0,True,False
all_real_plus_may133,within_cow_random5,1,StrictSourceAwareMemoryFusion,54,HIST_11,11,core_history_280,real_history,measured_or_research,36.2,8.8,14,39.0,38.9298140869376,39.0,38.410547716283,39.11,38.8777777777778,38.9859628173875,0.0140371826124834,global_k1_t2_e06_a5,0.2,0.8,0.0,0.0,0.0,0.224374225506533,53,core_history_280,0.0,True,False
all_real_plus_may133,within_cow_random5,1,StrictSourceAwareMemoryFusion,57,HIST_11,11,core_history_280,real_history,measured_or_research,33.7,9.0,19,40.0,39.947720040007,40.0,39.4909637873176,39.11,39.8,39.9895440080014,0.0104559919986045,global_k1_t2_e06_a5,0.2,0.8,0.0,0.0,0.0,0.224374225506533,58,core_history_280,0.0,True,False
all_real_plus_may133,within_cow_random5,1,StrictSourceAwareMemoryFusion,63,HIST_11,11,core_history_280,real_history,measured_or_research,33.5,5.5,23,39.2,39.31797781437,39.2,39.29081700328,39.11,39.4666666666667,39.223595562874,-0.0235955628740001,global_k1_t2_e06_a5,0.2,0.8,0.0,0.0,0.0,0.224374225506533,64,core_history_280,0.0,True,False
all_real_plus_may133,within_cow_random5,1,StrictSourceAwareMemoryFusion,65,HIST_12,12,core_history_280,real_history,measured_or_research,31.8,5.4,0,38.1,38.145964355942,38.1,38.5540541114537,38.3368421052632,38.1,38.1091928711884,-0.0091928711883966,global_k1_t2_e06_a5,0.2,0.8,0.0,0.0,0.0,0.224374225506533,66,core_history_280,0.0,True,False
all_real_plus_may133,within_cow_random5,1,StrictSourceAwareMemoryFusion,75,HIST_12,12,core_history_280,real_history,measured_or_research,36.3,8.0,13,38.5,38.1947227748318,39.0,37.6524603221591,38.3368421052632,38.2333333333333,38.8389445549664,-0.338944554966368,global_k1_t2_e06_a5,0.2,0.8,0.0,0.0,0.0,0.224374225506533,53,core_history_280,0.550797401752926,False,False
all_real_plus_may133,within_cow_random5,1,StrictSourceAwareMemoryFusion,76,HIST_12,12,core_history_280,real_history,measured_or_research,36.3,8.0,13,38.5,38.2491535673041,39.0,37.5306969576657,38.3368421052632,38.2333333333333,38.8498307134608,-0.349830713460818,global_k1_t2_e06_a5,0.2,0.8,0.0,0.0,0.0,0.224374225506533,53,core_history_280,0.550797401752926,False,False
all_real_plus_may133,within_cow_random5,1,StrictSourceAwareMemoryFusion,79,HIST_12,12,core_history_280,real_history,measured_or_research,35.0,11.2,15,38.5,38.2769672736962,38.5,38.0071458847344,38.3368421052632,38.2333333333333,38.4553934547392,0.0446065452607627,global_k1_t2_e06_a5,0.2,0.8,0.0,0.0,0.0,0.224374225506533,80,core_history_280,0.0,True,False
all_real_plus_may133,within_cow_random5,1,StrictSourceAwareMemoryFusion,86,HIST_12,12,core_history_280,real_history,measured_or_research,32.1,5.4,22,38.4,38.6371126339914,38.4,38.2994297540148,38.3368421052632,38.7333333333333,38.4474225267983,-0.0474225267982789,global_k1_t2_e06_a5,0.2,0.8,0.0,0.0,0.0,0.224374225506533,85,core_history_280,0.0,True,False
all_real_plus_may133,within_cow_random5,1,StrictSourceAwareMemoryFusion,91,HIST_13,13,core_history_280,real_history,measured_or_research,26.6,5.0,11,38.9,38.943935861651,38.9,37.7362254909212,38.2772727272727,39.1,38.9087871723302,-0.0087871723302015,global_k1_t2_e06_a5,0.2,0.8,0.0,0.0,0.0,0.224374225506533,92,core_history_280,0.0,True,False
all_real_plus_may133,within_cow_random5,1,StrictSourceAwareMemoryFusion,102,HIST_13,13,core_history_280,real_history,measured_or_research,33.3,8.0,13,38.2,38.1383950204359,38.2,38.2499581202242,38.2772727272727,38.15,38.1876790040872,0.0123209959128303,global_k1_t2_e06_a5,0.2,0.8,0.0,0.0,0.0,0.224374225506533,101,core_history_280,0.0,True,False
all_real_plus_may133,within_cow_random5,1,StrictSourceAwareMemoryFusion,103,HIST_13,13,core_history_280,real_history,measured_or_research,31.8,8.8,14,38.0,38.2433370838455,38.0,38.2982864999098,38.2772727272727,38.15,38.0486674167691,-0.0486674167691064,global_k1_t2_e06_a5,0.2,0.8,0.0,0.0,0.0,0.224374225506533,104,core_history_280,0.0,True,False
all_real_plus_may133,within_cow_random5,1,StrictSourceAwareMemoryFusion,109,HIST_13,13,core_history_280,real_history,measured_or_research,30.5,9.0,19,38.2,38.3683687335531,38.2,38.6703861977849,38.2772727272727,38.2666666666667,38.2336737467106,-0.033673746710619,global_k1_t2_e06_a5,0.2,0.8,0.0,0.0,0.0,0.224374225506533,110,core_history_280,0.0,True,False
all_real_plus_may133,within_cow_random5,1,StrictSourceAwareMemoryFusion,113,HIST_13,13,core_history_280,real_history,measured_or_research,30.6,5.4,22,38.1,38.0740602486197,38.1,38.4426578273877,38.2772727272727,38.1,38.0948120497239,0.0051879502760598,global_k1_t2_e06_a5,0.2,0.8,0.0,0.0,0.0,0.224374225506533,114,core_history_280,0.0,True,False
all_real_plus_may133,within_cow_random5,1,StrictSourceAwareMemoryFusion,115,HIST_13,13,core_history_280,real_history,measured_or_research,30.5,5.5,23,38.1,37.9246892538597,38.1,38.5588875548203,38.2772727272727,38.1,38.0649378507719,0.0350621492280538,global_k1_t2_e06_a5,0.2,0.8,0.0,0.0,0.0,0.224374225506533,116,core_history_280,0.0,True,False
all_real_plus_may133,within_cow_random5,1,StrictSourceAwareMemoryFusion,117,HIST_14,14,core_history_280,real_history,measured_or_research,29.5,5.4,0,38.9,39.0221323913621,38.9,38.8050723653548,38.8789473684211,38.9,38.9244264782724,-0.0244264782724173,global_k1_t2_e06_a5,0.2,0.8,0.0,0.0,0.0,0.224374225506533,118,core_history_280,0.0,True,False
all_real_plus_may133,within_cow_random5,1,StrictSourceAwareMemoryFusion,131,HIST_14,14,core_history_280,real_history,measured_or_research,30.7,11.2,15,38.5,38.7824112809355,38.5,38.526151919857,38.8789473684211,38.5363636363636,38.5564822561871,-0.0564822561871097,global_k1_t2_e06_a5,0.2,0.8,0.0,0.0,0.0,0.224374225506533,132,core_history_280,0.0,True,False
all_real_plus_may133,within_cow_random5,1,StrictSourceAwareMemoryFusion,135,HIST_14,14,core_history_280,real_history,measured_or_research,32.3,9.0,19,39.1,39.1450099963283,39.1,39.2319505118325,38.8789473684211,39.1,39.1090019992657,-0.0090019992656706,global_k1_t2_e06_a5,0.2,0.8,0.0,0.0,0.0,0.224374225506533,341,dec2025_140,0.0,True,False
all_real_plus_may133,within_cow_random5,1,StrictSourceAwareMemoryFusion,136,HIST_14,14,core_history_280,real_history,measured_or_research,32.3,9.0,19,39.1,38.9399355790411,39.1,39.2677151185111,38.8789473684211,39.1,39.0679871158082,0.0320128841917722,global_k1_t2_e06_a5,0.2,0.8,0.0,0.0,0.0,0.224374225506533,341,dec2025_140,0.0,True,False
all_real_plus_may133,within_cow_random5,1,StrictSourceAwareMemoryFusion,138,HIST_14,14,core_history_280,real_history,measured_or_research,32.5,6.0,21,39.1,38.8251658676295,39.1,38.9991293278242,38.8789473684211,39.1,39.0450331735259,0.0549668264741001,global_k1_t2_e06_a5,0.2,0.8,0.0,0.0,0.0,0.224374225506533,137,core_history_280,0.0,True,False
all_real_plus_may133,within_cow_random5,1,StrictSourceAwareMemoryFusion,143,HIST_15,15,core_history_280,real_history,measured_or_research,33.9,8.0,13,38.5,38.7914726789473,38.5,38.3905093621517,38.7,38.5666666666667,38.5582945357895,-0.0582945357894573,global_k1_t2_e06_a5,0.2,0.8,0.0,0.0,0.0,0.224374225506533,144,core_history_280,0.0,True,False
all_real_plus_may133,within_cow_random5,1,StrictSourceAwareMemoryFusion,151,HIST_15,15,core_history_280,real_history,measured_or_research,30.6,5.4,22,38.9,38.6719873803127,38.1,38.6676105311067,38.7,38.6,38.2143974760625,0.685602523937455,global_k1_t2_e06_a5,0.2,0.8,0.0,0.0,0.0,0.224374225506533,114,core_history_280,0.0,True,False
all_real_plus_may133,within_cow_random5,1,StrictSourceAwareMemoryFusion,152,HIST_15,15,core_history_280,real_history,measured_or_research,30.6,5.4,22,38.9,38.6683588119194,38.1,38.6995881094163,38.7,38.6,38.2136717623839,0.686328237616117,global_k1_t2_e06_a5,0.2,0.8,0.0,0.0,0.0,0.224374225506533,114,core_history_280,0.0,True,False
all_real_plus_may133,within_cow_random5,1,StrictSourceAwareMemoryFusion,157,HIST_16,16,core_history_280,real_history,measured_or_research,31.8,6.1,11,39.2,39.3276539681109,39.2,39.0816290842212,38.6214285714286,39.2,39.2255307936222,-0.0255307936221882,global_k1_t2_e06_a5,0.2,0.8,0.0,0.0,0.0,0.224374225506533,158,core_history_280,0.0,True,False
all_real_plus_may133,within_cow_random5,1,StrictSourceAwareMemoryFusion,166,HIST_16,16,core_history_280,real_history,measured_or_research,33.2,9.1,15,38.7,38.5472391795271,38.7,38.4074201859244,38.6214285714286,38.2142857142857,38.6694478359054,0.0305521640945727,global_k1_t2_e06_a5,0.2,0.8,0.0,0.0,0.0,0.224374225506533,165,core_history_280,0.0,True,False
all_real_plus_may133,within_cow_random5,1,StrictSourceAwareMemoryFusion,169,HIST_16,16,core_history_280,real_history,measured_or_research,31.1,6.0,21,38.6,39.294552801617,38.6,38.6148587525401,38.6214285714286,39.1333333333333,38.7389105603234,-0.13891056032341,global_k1_t2_e06_a5,0.2,0.8,0.0,0.0,0.0,0.224374225506533,170,core_history_280,0.0,True,False
all_real_plus_may133,within_cow_random5,1,StrictSourceAwareMemoryFusion,171,HIST_16,16,core_history_280,real_history,measured_or_research,31.8,5.5,23,38.8,38.7243902044071,38.8,38.658403842151,38.6214285714286,38.8,38.7848780408814,0.0151219591185736,global_k1_t2_e06_a5,0.2,0.8,0.0,0.0,0.0,0.224374225506533,172,core_history_280,0.0,True,False
all_real_plus_may133,within_cow_random5,1,StrictSourceAwareMemoryFusion,176,HIST_17,17,core_history_280,real_history,measured_or_research,25.3,5.0,11,38.3,38.3006607225191,38.3,37.2333357513797,38.4045454545455,38.1666666666667,38.3001321445038,-0.0001321445038371,global_k1_t2_e06_a5,0.2,0.8,0.0,0.0,0.0,0.224374225506533,175,core_history_280,0.0,True,False
all_real_plus_may133,within_cow_random5,1,StrictSourceAwareMemoryFusion,180,HIST_17,17,core_history_280,real_history,measured_or_research,29.7,6.9,12,38.1,38.337117114863,38.1,38.316073140882,38.4045454545455,38.61,38.1474234229726,-0.0474234229725923,global_k1_t2_e06_a5,0.2,0.8,0.0,0.0,0.0,0.224374225506533,179,core_history_280,0.0,True,False
all_real_plus_may133,within_cow_random5,1,StrictSourceAwareMemoryFusion,185,HIST_17,17,core_history_280,real_history,measured_or_research,32.5,8.0,13,38.7,38.5415115912946,38.7,38.5460732686941,38.4045454545455,38.61,38.6683023182589,0.0316976817410861,global_k1_t2_e06_a5,0.2,0.8,0.0,0.0,0.0,0.224374225506533,186,core_history_280,0.0,True,False
all_real_plus_may133,within_cow_random5,1,StrictSourceAwareMemoryFusion,189,HIST_17,17,core_history_280,real_history,measured_or_research,32.3,9.1,15,39.5,38.6852479851791,39.5,38.4073163096653,38.4045454545455,38.61,39.3370495970358,0.162950402964178,global_k1_t2_e06_a5,0.2,0.8,0.0,0.0,0.0,0.224374225506533,190,core_history_280,0.0,True,False
all_real_plus_may133,within_cow_random5,1,StrictSourceAwareMemoryFusion,191,HIST_17,17,core_history_280,real_history,measured_or_research,33.3,11.2,15,38.0,38.2470990117669,38.0,38.5357304272734,38.4045454545455,38.61,38.0494198023534,-0.049419802353377,global_k1_t2_e06_a5,0.2,0.8,0.0,0.0,0.0,0.224374225506533,192,core_history_280,0.0,True,False
all_real_plus_may133,within_cow_random5,1,StrictSourceAwareMemoryFusion,194,HIST_17,17,core_history_280,real_history,measured_or_research,32.9,9.0,19,38.3,38.4029759633523,38.3,39.0765273277884,38.4045454545455,38.2333333333333,38.3205951926705,-0.0205951926704557,global_k1_t2_e06_a5,0.2,0.8,0.0,0.0,0.0,0.224374225506533,193,core_history_280,0.0,True,False
all_real_plus_may133,within_cow_random5,1,StrictSourceAwareMemoryFusion,201,HIST_18,18,core_history_280,real_history,measured_or_research,28.2,5.4,0,38.5,38.4180412740958,38.5,37.8925657662383,38.405,38.5,38.4836082548192,0.0163917451808402,global_k1_t2_e06_a5,0.2,0.8,0.0,0.0,0.0,0.224374225506533,202,core_history_280,0.0,True,False
all_real_plus_may133,within_cow_random5,1,StrictSourceAwareMemoryFusion,205,HIST_18,18,core_history_280,real_history,measured_or_research,31.0,6.1,11,38.0,38.2804014290911,38.0,38.8137978294353,38.405,38.3333333333333,38.0560802858182,-0.0560802858182257,global_k1_t2_e06_a5,0.2,0.8,0.0,0.0,0.0,0.224374225506533,206,core_history_280,0.0,True,False
all_real_plus_may133,within_cow_random5,1,StrictSourceAwareMemoryFusion,211,HIST_18,18,core_history_280,real_history,measured_or_research,30.8,8.0,13,37.5,38.2047163939545,37.5,38.0982301472212,38.405,38.0888888888889,37.6409432787909,-0.1409432787909,global_k1_t2_e06_a5,0.2,0.8,0.0,0.0,0.0,0.224374225506533,379,dec2025_140,0.0,True,False
all_real_plus_may133,within_cow_random5,1,StrictSourceAwareMemoryFusion,212,HIST_18,18,core_history_280,real_history,measured_or_research,30.8,8.0,13,37.5,38.1461373235846,37.5,38.208620721671,38.405,38.0888888888889,37.6292274647169,-0.129227464716919,global_k1_t2_e06_a5,0.2,0.8,0.0,0.0,0.0,0.224374225506533,379,dec2025_140,0.0,True,False
all_real_plus_may133,within_cow_random5,1,StrictSourceAwareMemoryFusion,218,HIST_18,18,core_history_280,real_history,measured_or_research,33.5,11.2,15,38.0,38.1666465808561,38.0,38.3469189266401,38.405,38.0888888888889,38.0333293161712,-0.0333293161712263,global_k1_t2_e06_a5,0.2,0.8,0.0,0.0,0.0,0.224374225506533,217,core_history_280,0.0,True,False
all_real_plus_may133,within_cow_random5,1,StrictSourceAwareMemoryFusion,219,HIST_18,18,core_history_280,real_history,measured_or_research,32.1,9.0,19,39.0,39.115106570439,39.4,38.7119719890963,38.405,39.1333333333333,39.3430213140878,-0.343021314087807,global_k1_t2_e06_a5,0.2,0.8,0.0,0.0,0.0,0.224374225506533,167,core_history_280,0.0,True,False
all_real_plus_may133,within_cow_random5,1,StrictSourceAwareMemoryFusion,228,HIST_19,19,core_history_280,real_history,measured_or_research,30.7,5.4,0,38.3,38.2951115386033,38.3,39.1173160172022,39.0409090909091,38.3,38.2990223077207,0.000977692279342,global_k1_t2_e06_a5,0.2,0.8,0.0,0.0,0.0,0.224374225506533,227,core_history_280,0.0,True,False
all_real_plus_may133,within_cow_random5,1,StrictSourceAwareMemoryFusion,229,HIST_19,19,core_history_280,real_history,measured_or_research,30.4,5.0,11,38.3,38.7507807985639,38.5,39.2866209689823,39.0409090909091,39.0333333333333,38.5501561597128,-0.25015615971278,global_k1_t2_e06_a5,0.2,0.8,0.0,0.0,0.0,0.224374225506533,203,core_history_280,0.0,True,False
all_real_plus_may133,within_cow_random5,1,StrictSourceAwareMemoryFusion,237,HIST_19,19,core_history_280,real_history,measured_or_research,32.8,9.3,13,38.8,38.8125143610437,38.5,38.8225543197594,39.0409090909091,38.95,38.5625028722087,0.237497127791258,global_k1_t2_e06_a5,0.2,0.8,0.0,0.0,0.0,0.224374225506533,127,core_history_280,0.0,True,False
all_real_plus_may133,within_cow_random5,1,StrictSourceAwareMemoryFusion,245,HIST_19,19,core_history_280,real_history,measured_or_research,35.3,9.1,15,39.0,39.0220550319478,39.0,38.5631856361652,39.0409090909091,38.95,39.0044110063896,-0.0044110063895601,global_k1_t2_e06_a5,0.2,0.8,0.0,0.0,0.0,0.224374225506533,246,core_history_280,0.0,True,False
all_real_plus_may133,within_cow_random5,1,StrictSourceAwareMemoryFusion,250,HIST_19,19,core_history_280,real_history,measured_or_research,33.5,6.0,21,39.9,39.5747319377912,39.9,39.0430847441095,39.0409090909091,39.3666666666667,39.8349463875582,0.0650536124417584,global_k1_t2_e06_a5,0.2,0.8,0.0,0.0,0.0,0.224374225506533,249,core_history_280,0.0,True,False
all_real_plus_may133,within_cow_random5,1,StrictSourceAwareMemoryFusion,252,HIST_19,19,core_history_280,real_history,measured_or_research,33.8,5.4,22,39.4,39.4284972089709,39.4,39.0800705518522,39.0409090909091,39.3333333333333,39.4056994417942,-0.005699441794178,global_k1_t2_e06_a5,0.2,0.8,0.0,0.0,0.0,0.224374225506533,251,core_history_280,0.0,True,False
all_real_plus_may133,within_cow_random5,1,StrictSourceAwareMemoryFusion,272,HIST_7,7,core_history_280,real_history,measured_or_research,28.2,13.1,11,38.1,39.0994483629876,38.1,38.3118363964147,38.2571428571429,38.2571428571429,38.2998896725975,-0.199889672597529,global_k1_t2_e06_a5,0.2,0.8,0.0,0.0,0.0,0.224374225506533,179,core_history_280,2.8350661367947,False,False
all_real_plus_may133,within_cow_random5,1,StrictSourceAwareMemoryFusion,276,HIST_7,7,core_history_280,real_history,measured_or_research,32.6,22.0,15,38.1,38.1316627270753,38.1,38.4172924148375,38.2571428571429,38.0,38.1063325454151,-0.0063325454150629,global_k1_t2_e06_a5,0.2,0.8,0.0,0.0,0.0,0.224374225506533,5,core_history_280,0.333333333333326,False,False
all_real_plus_may133,within_cow_random5,1,StrictSourceAwareMemoryFusion,282,DEC2025_10,10,dec2025_140,real_history,measured,33.3,6.1,11,38.8,39.1628537793205,38.8,39.1827830425138,38.5777777777778,38.5777777777778,38.8435424535185,-0.0435424535184552,global_k1_t2_e06_a5,0.12,0.88,0.0,0.0,0.0,0.1991085448897,17,core_history_280,0.0,True,False
all_real_plus_may133,within_cow_random5,1,StrictSourceAwareMemoryFusion,284,DEC2025_10,10,dec2025_140,real_history,measured,33.6,6.8,12,38.4,38.5033982424826,38.4,38.5354446726047,38.5777777777778,38.52,38.4124077890979,-0.0124077890979137,global_k1_t2_e06_a5,0.12,0.88,0.0,0.0,0.0,0.1991085448897,25,core_history_280,0.554616984954482,False,False
all_real_plus_may133,within_cow_random5,1,StrictSourceAwareMemoryFusion,288,DEC2025_10,10,dec2025_140,real_history,measured,33.9,11.2,15,38.3,38.5113561214336,38.3,38.4194797314497,38.5777777777778,38.52,38.325362734572,-0.0253627345720417,global_k1_t2_e06_a5,0.12,0.88,0.0,0.0,0.0,0.1991085448897,30,core_history_280,0.0,True,False
all_real_plus_may133,within_cow_random5,1,StrictSourceAwareMemoryFusion,303,DEC2025_11,11,dec2025_140,real_history,measured,32.6,6.0,21,39.7,39.9504294980474,39.7,38.8251370256186,39.05,40.0,39.7300515397657,-0.0300515397656795,global_k1_t2_e06_a5,0.12,0.88,0.0,0.0,0.0,0.1991085448897,59,core_history_280,0.0,True,False
all_real_plus_may133,within_cow_random5,1,StrictSourceAwareMemoryFusion,304,DEC2025_11,11,dec2025_140,real_history,measured,33.2,5.4,22,39.6,39.5277206765224,39.6,38.6089867229739,39.05,39.05,39.5913264811827,0.0086735188173108,global_k1_t2_e06_a5,0.12,0.88,0.0,0.0,0.0,0.1991085448897,61,core_history_280,0.0,True,False
all_real_plus_may133,within_cow_random5,1,StrictSourceAwareMemoryFusion,305,DEC2025_11,11,dec2025_140,real_history,measured,33.5,5.5,23,39.2,39.2968113614594,39.2,38.5564494308933,39.05,39.05,39.2116173633751,-0.0116173633751231,global_k1_t2_e06_a5,0.12,0.88,0.0,0.0,0.0,0.1991085448897,64,core_history_280,0.0,True,False
all_real_plus_may133,within_cow_random5,1,StrictSourceAwareMemoryFusion,307,DEC2025_12,12,dec2025_140,real_history,measured,35.7,6.1,11,38.1,38.8226611186298,38.1,38.6723116793629,38.3444444444444,38.3444444444444,38.1867193342356,-0.0867193342355748,global_k1_t2_e06_a5,0.12,0.88,0.0,0.0,0.0,0.1991085448897,67,core_history_280,0.0,True,False
all_real_plus_may133,within_cow_random5,1,StrictSourceAwareMemoryFusion,311,DEC2025_12,12,dec2025_140,real_history,measured,36.3,8.0,13,38.5,38.4021883524412,39.0,37.9368811725475,38.3444444444444,38.26,38.9282626022929,-0.428262602292939,global_k1_t2_e06_a5,0.12,0.88,0.0,0.0,0.0,0.1991085448897,53,core_history_280,0.550797401752926,False,False
all_real_plus_may133,within_cow_random5,1,StrictSourceAwareMemoryFusion,314,DEC2025_12,12,dec2025_140,real_history,measured,33.2,9.0,19,38.5,38.8488383573451,38.5,38.871006010452,38.3444444444444,38.4,38.5418606028814,-0.0418606028814139,global_k1_t2_e06_a5,0.12,0.88,0.0,0.0,0.0,0.1991085448897,81,core_history_280,0.0,True,False
all_real_plus_may133,within_cow_random5,1,StrictSourceAwareMemoryFusion,318,DEC2025_13,13,dec2025_140,real_history,measured,29.8,5.4,0,38.0,38.3301188421223,38.0,38.5777371166397,38.3272727272727,38.3272727272727,38.0396142610547,-0.0396142610546732,global_k1_t2_e06_a5,0.12,0.88,0.0,0.0,0.0,0.1991085448897,89,core_history_280,0.0,True,False
all_real_plus_may133,within_cow_random5,1,StrictSourceAwareMemoryFusion,322,DEC2025_13,13,dec2025_140,real_history,measured,31.9,6.8,12,38.0,38.180260298677,38.0,38.5288145506592,38.3272727272727,38.16,38.0216312358412,-0.0216312358412409,global_k1_t2_e06_a5,0.12,0.88,0.0,0.0,0.0,0.1991085448897,97,core_history_280,0.0,True,False
all_real_plus_may133,within_cow_random5,1,StrictSourceAwareMemoryFusion,324,DEC2025_13,13,dec2025_140,real_history,measured,33.3,8.0,13,38.2,38.226464467572,38.2,38.4399524213506,38.3272727272727,38.16,38.2031757361086,-0.0031757361086306,global_k1_t2_e06_a5,0.12,0.88,0.0,0.0,0.0,0.1991085448897,101,core_history_280,0.0,True,False
all_real_plus_may133,within_cow_random5,1,StrictSourceAwareMemoryFusion,338,DEC2025_14,14,dec2025_140,real_history,measured,33.8,8.8,14,38.6,38.6138887592523,38.6,38.525897908801,38.9444444444444,38.525,38.6016666511103,-0.0016666511102769,global_k1_t2_e06_a5,0.12,0.88,0.0,0.0,0.0,0.1991085448897,129,core_history_280,0.0,True,False
all_real_plus_may133,within_cow_random5,1,StrictSourceAwareMemoryFusion,340,DEC2025_14,14,dec2025_140,real_history,measured,33.9,9.1,15,38.5,38.8821874978713,38.5,38.6089446814053,38.9444444444444,38.525,38.5458624997446,-0.0458624997445582,global_k1_t2_e06_a5,0.12,0.88,0.0,0.0,0.0,0.1991085448897,133,core_history_280,0.0,True,False
all_real_plus_may133,within_cow_random5,1,StrictSourceAwareMemoryFusion,342,DEC2025_14,14,dec2025_140,real_history,measured,32.5,6.0,21,39.1,39.1115495037232,39.1,38.9137849639283,38.9444444444444,39.1,39.1013859404468,-0.0013859404467808,global_k1_t2_e06_a5,0.12,0.88,0.0,0.0,0.0,0.1991085448897,137,core_history_280,0.0,True,False
all_real_plus_may133,within_cow_random5,1,StrictSourceAwareMemoryFusion,356,DEC2025_16,16,dec2025_140,real_history,measured,33.2,9.1,15,38.7,38.3880561829115,38.7,38.4360845642818,38.5571428571429,38.1333333333333,38.6625667419494,0.037433258050612,global_k1_t2_e06_a5,0.12,0.88,0.0,0.0,0.0,0.1991085448897,165,core_history_280,0.0,True,False
all_real_plus_may133,within_cow_random5,1,StrictSourceAwareMemoryFusion,357,DEC2025_16,16,dec2025_140,real_history,measured,32.1,9.0,19,39.4,38.7411275985416,39.4,38.9950768479893,38.5571428571429,38.6,39.320935311825,0.0790646881750092,global_k1_t2_e06_a5,0.12,0.88,0.0,0.0,0.0,0.1991085448897,167,core_history_280,0.0,True,False
all_real_plus_may133,within_cow_random5,1,StrictSourceAwareMemoryFusion,366,DEC2025_17,17,dec2025_140,real_history,measured,32.5,8.0,13,38.7,38.3082289839221,38.7,38.7966458090249,38.3090909090909,38.4,38.6529874780706,0.0470125219293536,global_k1_t2_e06_a5,0.12,0.88,0.0,0.0,0.0,0.1991085448897,186,core_history_280,0.0,True,False
all_real_plus_may133,within_cow_random5,1,StrictSourceAwareMemoryFusion,368,DEC2025_17,17,dec2025_140,real_history,measured,32.3,9.1,15,39.5,38.4524316226993,39.5,38.5556053198043,38.3090909090909,38.4,39.3742917947239,0.125708205276084,global_k1_t2_e06_a5,0.12,0.88,0.0,0.0,0.0,0.1991085448897,190,core_history_280,0.0,True,False
all_real_plus_may133,within_cow_random5,1,StrictSourceAwareMemoryFusion,370,DEC2025_17,17,dec2025_140,real_history,measured,32.9,9.0,19,38.3,38.584142323658,38.3,39.1003852329756,38.3090909090909,38.2,38.334097078839,-0.0340970788389612,global_k1_t2_e06_a5,0.12,0.88,0.0,0.0,0.0,0.1991085448897,193,core_history_280,0.0,True,False
all_real_plus_may133,within_cow_random5,1,StrictSourceAwareMemoryFusion,374,DEC2025_18,18,dec2025_140,real_history,measured,28.2,5.4,0,38.5,38.2919225706747,38.5,38.3418050667212,38.33,38.33,38.475030708481,0.0249692915190352,global_k1_t2_e06_a5,0.12,0.88,0.0,0.0,0.0,0.1991085448897,202,core_history_280,0.0,True,False
all_real_plus_may133,within_cow_random5,1,StrictSourceAwareMemoryFusion,375,DEC2025_18,18,dec2025_140,real_history,measured,30.4,5.0,11,38.5,38.2661645584096,38.5,39.0566613948969,38.33,38.0,38.4719397470092,0.0280602529908478,global_k1_t2_e06_a5,0.12,0.88,0.0,0.0,0.0,0.1991085448897,203,core_history_280,0.0,True,False
all_real_plus_may133,within_cow_random5,1,StrictSourceAwareMemoryFusion,382,DEC2025_18,18,dec2025_140,real_history,measured,33.5,11.2,15,38.0,37.9757666787234,38.0,38.4830689354148,38.33,37.98,37.9970920014468,0.0029079985531979,global_k1_t2_e06_a5,0.12,0.88,0.0,0.0,0.0,0.1991085448897,217,core_history_280,0.0,True,False
all_real_plus_may133,within_cow_random5,1,StrictSourceAwareMemoryFusion,390,DEC2025_19,19,dec2025_140,real_history,measured,31.7,6.9,12,39.2,38.9361364673944,39.2,38.471650766541,39.0181818181818,38.875,39.1683363760873,0.031663623912678,global_k1_t2_e06_a5,0.12,0.88,0.0,0.0,0.0,0.1991085448897,233,core_history_280,0.0,True,False
all_real_plus_may133,within_cow_random5,1,StrictSourceAwareMemoryFusion,392,DEC2025_19,19,dec2025_140,real_history,measured,32.8,9.3,13,38.8,38.6495523231018,38.5,38.5256012703099,39.0181818181818,38.875,38.5179462787722,0.282053721227776,global_k1_t2_e06_a5,0.12,0.88,0.0,0.0,0.0,0.1991085448897,127,core_history_280,0.0,True,False
all_real_plus_may133,within_cow_random5,1,StrictSourceAwareMemoryFusion,395,DEC2025_19,19,dec2025_140,real_history,measured,32.4,11.2,15,39.1,38.8050736570262,39.1,38.4839600652313,39.0181818181818,38.875,39.0646088388431,0.0353911611568591,global_k1_t2_e06_a5,0.12,0.88,0.0,0.0,0.0,0.1991085448897,243,core_history_280,0.0,True,False
all_real_plus_may133,within_cow_random5,1,StrictSourceAwareMemoryFusion,997,MAY2026_51,51,may2026_measured_133,real_may_measured,measured,34.4,30.1,1,40.1,40.1375673149968,40.4454747069754,40.2060034353892,39.9,39.9,40.0327755146312,0.0672244853688184,global_k2_t2_e06_a5_b1,0.14,0.16,0.04,0.46,0.2,0.474220556148168,1038,may2026_measured_133,0.500399840127867,False,False
all_real_plus_may133,within_cow_random5,1,StrictSourceAwareMemoryFusion,1005,MAY2026_51,51,may2026_measured_133,real_may_measured,measured,36.7,34.4,20,39.4,39.4472467699274,39.6,39.3090999743162,39.4,39.45,39.4449785467625,-0.0449785467624864,global_k2_t2_e06_a5_b1,0.14,0.16,0.04,0.46,0.2,0.474220556148168,1094,may2026_measured_133,0.354275473482298,False,False
all_real_plus_may133,within_cow_random5,1,StrictSourceAwareMemoryFusion,1006,MAY2026_51,51,may2026_measured_133,real_may_measured,measured,35.5,33.1,21,39.9,39.5337112863076,39.2175452804749,39.9734552460797,39.9,39.9,39.7424650348022,0.157534965197755,global_k2_t2_e06_a5_b1,0.14,0.16,0.04,0.46,0.2,0.474220556148168,1060,may2026_measured_133,0.462072625364362,False,False
all_real_plus_may133,within_cow_random5,1,StrictSourceAwareMemoryFusion,1010,MAY2026_51,51,may2026_measured_133,real_may_measured,measured,36.2,32.9,22,39.5,39.6905163865676,39.7723856838929,39.5467269110087,39.3,39.4,39.4601230799827,0.0398769200173348,global_k2_t2_e06_a5_b1,0.14,0.16,0.04,0.46,0.2,0.474220556148168,1127,may2026_measured_133,0.184872328318152,False,False
all_real_plus_may133,within_cow_random5,1,StrictSourceAwareMemoryFusion,1013,MAY2026_52,52,may2026_measured_133,real_may_measured,measured,32.0,27.4,1,39.6,39.9968231077579,39.5799361069711,39.5344129727629,39.55,39.55,39.616721531112,-0.0167215311119904,global_k2_t2_e06_a5_b1,0.14,0.16,0.04,0.46,0.2,0.474220556148168,1064,may2026_measured_133,1.42526410807884,False,False
all_real_plus_may133,within_cow_random5,1,StrictSourceAwareMemoryFusion,1015,MAY2026_52,52,may2026_measured_133,real_may_measured,measured,35.8,34.1,13,39.2,38.6582404484397,38.303083224771,38.806268318898,39.1,39.1,38.8988977115008,0.301102288499173,global_k2_t2_e06_a5_b1,0.14,0.16,0.04,0.46,0.2,0.474220556148168,1053,may2026_measured_133,0.32,False,False
all_real_plus_may133,within_cow_random5,1,StrictSourceAwareMemoryFusion,1024,MAY2026_52,52,may2026_measured_133,real_may_measured,measured,37.3,35.6,21,40.4,39.7088581745831,39.9927587222499,39.4217073393088,40.2,40.2,40.066949833574,0.33305016642602,global_k2_t2_e06_a5_b1,0.14,0.16,0.04,0.46,0.2,0.474220556148168,1046,may2026_measured_133,0.601257940580509,False,False
all_real_plus_may133,within_cow_random5,1,StrictSourceAwareMemoryFusion,1027,MAY2026_52,52,may2026_measured_133,real_may_measured,measured,33.9,30.9,23,39.5,39.4671595699381,39.2420723935185,39.6963185840634,39.55,39.5,39.4849866661168,0.0150133338831751,global_k2_t2_e06_a5_b1,0.14,0.16,0.04,0.46,0.2,0.474220556148168,1082,may2026_measured_133,0.325849317595999,False,False
all_real_plus_may133,within_cow_random5,1,StrictSourceAwareMemoryFusion,1029,MAY2026_53,53,may2026_measured_133,real_may_measured,measured,32.1,23.6,1,40.4,40.1782855027921,39.4824904960864,39.7687926088093,40.6333333333333,40.6333333333333,40.3509101541171,0.049089845882925,global_k2_t2_e06_a5_b1,0.14,0.16,0.04,0.46,0.2,0.474220556148168,1111,may2026_measured_133,1.4640279293025,False,False
all_real_plus_may133,within_cow_random5,1,StrictSourceAwareMemoryFusion,1031,MAY2026_53,53,may2026_measured_133,real_may_measured,measured,37.2,35.4,14,39.4,39.3909278880491,38.7824072654338,39.0286549339037,39.8428571428571,39.4,39.4887755498667,-0.0887755498667246,global_k2_t2_e06_a5_b1,0.14,0.16,0.04,0.46,0.2,0.474220556148168,1117,may2026_measured_133,0.177137736741154,False,False
all_real_plus_may133,within_cow_random5,1,StrictSourceAwareMemoryFusion,1040,MAY2026_54,54,may2026_measured_133,real_may_measured,measured,36.6,35.0,14,39.0,39.1742983773894,38.6760287585883,38.9660135216547,39.05,39.05,39.0042069150748,-0.0042069150748318,global_k2_t2_e06_a5_b1,0.14,0.16,0.04,0.46,0.2,0.474220556148168,1070,may2026_measured_133,0.1,False,False
all_real_plus_may133,within_cow_random5,1,StrictSourceAwareMemoryFusion,1044,MAY2026_54,54,may2026_measured_133,real_may_measured,measured,37.4,36.0,19,39.5,39.9402339310866,39.6002722215498,39.7380460042621,39.9,39.9,39.8511981459706,-0.351198145970571,global_k2_t2_e06_a5_b1,0.14,0.16,0.04,0.46,0.2,0.474220556148168,1093,may2026_measured_133,0.490623186479312,False,False
all_real_plus_may133,within_cow_random5,1,StrictSourceAwareMemoryFusion,1049,MAY2026_54,54,may2026_measured_133,real_may_measured,measured,36.2,34.3,22,40.6,40.6731321831148,39.3099474609394,40.0519416588521,40.4,40.5,40.2699077657405,0.330092234259538,global_k2_t2_e06_a5_b1,0.14,0.16,0.04,0.46,0.2,0.474220556148168,1127,may2026_measured_133,0.260341655863549,False,False
all_real_plus_may133,within_cow_random5,1,StrictSourceAwareMemoryFusion,1055,MAY2026_55,55,may2026_measured_133,real_may_measured,measured,37.4,36.1,15,38.5,39.2914606677471,38.619088756788,39.05705864105,38.6,38.6,38.7181410402127,-0.218141040212672,global_k2_t2_e06_a5_b1,0.14,0.16,0.04,0.46,0.2,0.474220556148168,1118,may2026_measured_133,0.500399840127879,False,False
all_real_plus_may133,within_cow_random5,1,StrictSourceAwareMemoryFusion,1058,MAY2026_55,55,may2026_measured_133,real_may_measured,measured,36.4,33.4,19,38.9,38.7938609513439,39.5495750102351,39.5510019120993,39.9,39.9,39.6751126113097,-0.77511261130973,global_k2_t2_e06_a5_b1,0.14,0.16,0.04,0.46,0.2,0.474220556148168,1033,may2026_measured_133,0.514198405287293,False,False
all_real_plus_may133,within_cow_random5,1,StrictSourceAwareMemoryFusion,1063,MAY2026_55,55,may2026_measured_133,real_may_measured,measured,33.3,28.0,23,39.6,39.8551130239701,40.0228828158045,39.676228043871,39.65,39.7,39.7494261956394,-0.149426195639371,global_k2_t2_e06_a5_b1,0.14,0.16,0.04,0.46,0.2,0.474220556148168,1036,may2026_measured_133,0.343187671366235,False,False
all_real_plus_may133,within_cow_random5,1,StrictSourceAwareMemoryFusion,1065,MAY2026_56,56,may2026_measured_133,real_may_measured,measured,31.7,26.6,1,38.9,39.6113487177564,39.5815268573075,38.8684264772146,38.95,38.95,39.1403701767437,-0.240370176743674,global_k2_t2_e06_a5_b1,0.14,0.16,0.04,0.46,0.2,0.474220556148168,1064,may2026_measured_133,1.91298486954578,False,False
all_real_plus_may133,within_cow_random5,1,StrictSourceAwareMemoryFusion,1069,MAY2026_56,56,may2026_measured_133,real_may_measured,measured,34.9,32.4,13,38.5,38.4111963360927,38.3538424925069,38.4194313176745,38.6666666666667,38.6666666666667,38.5709595385611,-0.0709595385610555,global_k2_t2_e06_a5_b1,0.14,0.16,0.04,0.46,0.2,0.474220556148168,1052,may2026_measured_133,0.388730126323024,False,False
all_real_plus_may133,within_cow_random5,1,StrictSourceAwareMemoryFusion,1074,MAY2026_56,56,may2026_measured_133,real_may_measured,measured,35.8,33.3,18,39.2,38.8938785296566,39.1993444538352,38.9428939095058,39.5,39.5,39.3447538631458,-0.14475386314578,global_k2_t2_e06_a5_b1,0.14,0.16,0.04,0.46,0.2,0.474220556148168,1003,may2026_measured_133,0.530450542254204,False,False
all_real_plus_may133,within_cow_random5,1,StrictSourceAwareMemoryFusion,1077,MAY2026_56,56,may2026_measured_133,real_may_measured,measured,35.6,33.0,20,39.7,38.6432444399488,38.7500749999978,38.6895606747749,39.5,39.5,39.2276486485835,0.472351351416542,global_k2_t2_e06_a5_b1,0.14,0.16,0.04,0.46,0.2,0.474220556148168,1076,may2026_measured_133,0.527425613501827,False,False
all_real_plus_may133,within_cow_random5,1,StrictSourceAwareMemoryFusion,1085,MAY2026_57,57,may2026_measured_133,real_may_measured,measured,37.4,32.8,12,39.8,39.0667074411997,38.8607433793133,39.2398292659471,39.9,39.9,39.590651153096,0.209348846904028,global_k2_t2_e06_a5_b1,0.14,0.16,0.04,0.46,0.2,0.474220556148168,1039,may2026_measured_133,0.942361100876114,False,False
all_real_plus_may133,within_cow_random5,1,StrictSourceAwareMemoryFusion,1086,MAY2026_57,57,may2026_measured_133,real_may_measured,measured,36.5,31.7,13,38.5,38.6777316268194,38.5923237726484,39.2341466389426,39.1333333333333,39.1333333333333,38.9870200969362,-0.487020096936163,global_k2_t2_e06_a5_b1,0.14,0.16,0.04,0.46,0.2,0.474220556148168,1084,may2026_measured_133,0.506359556046887,False,False
all_real_plus_may133,within_cow_random5,1,StrictSourceAwareMemoryFusion,1087,MAY2026_57,57,may2026_measured_133,real_may_measured,measured,37.4,33.3,13,40.0,39.1978994362915,39.2014610071451,39.2559208958799,39.9,39.9,39.6641765180592,0.335823481940785,global_k2_t2_e06_a5_b1,0.14,0.16,0.04,0.46,0.2,0.474220556148168,1088,may2026_measured_133,0.708237248385028,False,False
all_real_plus_may133,within_cow_random5,1,StrictSourceAwareMemoryFusion,1091,MAY2026_57,57,may2026_measured_133,real_may_measured,measured,38.9,35.9,15,39.7,39.6412706823746,39.7106521327485,39.2536238894391,39.9,39.9,39.8076271923498,-0.10762719234976,global_k2_t2_e06_a5_b1,0.14,0.16,0.04,0.46,0.2,0.474220556148168,1089,may2026_measured_133,0.7533923280735,False,False
all_real_plus_may133,within_cow_random5,1,StrictSourceAwareMemoryFusion,1104,MAY2026_58,58,may2026_measured_133,real_may_measured,measured,35.2,30.9,13,38.6,38.7909923938884,38.8728020315302,38.6994724385826,38.7,38.7,38.7403661577325,-0.140366157732508,global_k2_t2_e06_a5_b1,0.14,0.16,0.04,0.46,0.2,0.474220556148168,1052,may2026_measured_133,0.194365063161512,False,False
all_real_plus_may133,within_cow_random5,1,StrictSourceAwareMemoryFusion,1105,MAY2026_58,58,may2026_measured_133,real_may_measured,measured,34.8,30.3,19,38.6,39.0798157165904,38.447677228652,39.1418810480139,38.5,38.5,38.5984777988275,0.0015222011724702,global_k2_t2_e06_a5_b1,0.14,0.16,0.04,0.46,0.2,0.474220556148168,1057,may2026_measured_133,0.907768937805455,False,False
all_real_plus_may133,within_cow_random5,1,StrictSourceAwareMemoryFusion,1113,MAY2026_60,60,may2026_measured_133,real_may_measured,measured,36.1,34.0,12,38.0,38.2056376612269,38.6961053043705,38.7769326185136,38.2333333333333,38.2333333333333,38.3252434260116,-0.325243426011596,global_k2_t2_e06_a5_b1,0.14,0.16,0.04,0.46,0.2,0.474220556148168,1014,may2026_measured_133,0.354275473482309,False,False
all_real_plus_may133,within_cow_random5,1,StrictSourceAwareMemoryFusion,1121,MAY2026_60,60,may2026_measured_133,real_may_measured,measured,36.7,33.9,20,38.2,39.0201608094094,39.6,39.020040669033,38.45,38.4,38.7266241400786,-0.526624140078624,global_k2_t2_e06_a5_b1,0.14,0.16,0.04,0.46,0.2,0.474220556148168,1094,may2026_measured_133,0.333932794303145,False,False
all_real_plus_may133,within_cow_random5,1,StrictSourceAwareMemoryFusion,1123,MAY2026_60,60,may2026_measured_133,real_may_measured,measured,35.4,31.9,21,40.4,39.9679652269744,38.5,39.3612321613506,40.6333333333333,40.6333333333333,40.1479644182304,0.252035581769555,global_k2_t2_e06_a5_b1,0.14,0.16,0.04,0.46,0.2,0.474220556148168,1060,may2026_measured_133,0.184872328318163,False,False
all_real_plus_may133,within_cow_random5,1,StrictSourceAwareMemoryFusion,1125,MAY2026_60,60,may2026_measured_133,real_may_measured,measured,38.1,35.1,21,39.2,38.9834007012933,39.163594908802,38.8863286894354,38.8,38.8,38.8873044311668,0.312695568833206,global_k2_t2_e06_a5_b1,0.14,0.16,0.04,0.46,0.2,0.474220556148168,1048,may2026_measured_133,0.378652581897678,False,False
all_real_plus_may133,within_cow_random5,2,StrictSourceAwareMemoryFusion,5,HIST_0,0,core_history_280,real_history,measured_or_research,32.8,22.0,15,38.1,38.375272590287,38.1,38.5381142005236,38.2428571428571,38.3,38.1743235993775,-0.0743235993774789,global_k1_t2_e06_a5,0.27,0.73,0.0,0.0,0.0,0.282140243808106,276,core_history_280,0.333333333333326,False,False
all_real_plus_may133,within_cow_random5,2,StrictSourceAwareMemoryFusion,7,HIST_0,0,core_history_280,real_history,measured_or_research,29.3,11.8,22,38.3,38.6740909437203,38.2,38.3050458087282,38.2428571428571,38.1,38.3280045548045,-0.0280045548044825,global_k1_t2_e06_a5,0.27,0.73,0.0,0.0,0.0,0.282140243808106,8,core_history_280,0.556936062558153,False,False
all_real_plus_may133,within_cow_random5,2,StrictSourceAwareMemoryFusion,23,HIST_10,10,core_history_280,real_history,measured_or_research,33.3,9.3,13,38.5,38.4527901570755,38.5,38.4645781452568,38.6157894736842,38.49,38.4872533424104,0.0127466575896165,global_k1_t2_e06_a5,0.27,0.73,0.0,0.0,0.0,0.282140243808106,24,core_history_280,0.0,True,False
all_real_plus_may133,within_cow_random5,2,StrictSourceAwareMemoryFusion,25,HIST_10,10,core_history_280,real_history,measured_or_research,33.6,8.0,13,38.4,38.3998477918701,38.4,38.5270996542333,38.6157894736842,38.49,38.3999589038049,4.10961950692013e-05,global_k1_t2_e06_a5,0.27,0.73,0.0,0.0,0.0,0.282140243808106,26,core_history_280,0.0,True,False
all_real_plus_may133,within_cow_random5,2,StrictSourceAwareMemoryFusion,30,HIST_10,10,core_history_280,real_history,measured_or_research,33.9,11.2,15,38.3,38.4687000885647,38.3,38.3759544271093,38.6157894736842,38.49,38.3455490239125,-0.0455490239124714,global_k1_t2_e06_a5,0.27,0.73,0.0,0.0,0.0,0.282140243808106,29,core_history_280,0.0,True,False
all_real_plus_may133,within_cow_random5,2,StrictSourceAwareMemoryFusion,32,HIST_10,10,core_history_280,real_history,measured_or_research,36.4,9.1,15,38.5,38.5847594650474,38.5,37.8613030335321,38.6157894736842,38.49,38.5228850555628,-0.0228850555627886,global_k1_t2_e06_a5,0.27,0.73,0.0,0.0,0.0,0.282140243808106,31,core_history_280,0.0,True,False
all_real_plus_may133,within_cow_random5,2,StrictSourceAwareMemoryFusion,37,HIST_10,10,core_history_280,real_history,measured_or_research,33.7,5.5,23,38.0,38.3475838686861,38.0,38.7491703847018,38.6157894736842,38.0,38.0938476445453,-0.0938476445452565,global_k1_t2_e06_a5,0.27,0.73,0.0,0.0,0.0,0.282140243808106,38,core_history_280,0.0,True,False
all_real_plus_may133,within_cow_random5,2,StrictSourceAwareMemoryFusion,42,HIST_11,11,core_history_280,real_history,measured_or_research,30.8,6.1,11,39.5,39.4311490819266,39.5,39.4473898739181,39.152380952381,39.2333333333333,39.4814102521202,0.0185897478798012,global_k1_t2_e06_a5,0.27,0.73,0.0,0.0,0.0,0.282140243808106,41,core_history_280,0.0,True,False
all_real_plus_may133,within_cow_random5,2,StrictSourceAwareMemoryFusion,52,HIST_11,11,core_history_280,real_history,measured_or_research,33.9,9.3,13,38.8,38.8632331428728,38.8,38.9940668061556,39.152380952381,38.9666666666667,38.8170729485757,-0.0170729485756596,global_k1_t2_e06_a5,0.27,0.73,0.0,0.0,0.0,0.282140243808106,51,core_history_280,0.0,True,False
all_real_plus_may133,within_cow_random5,2,StrictSourceAwareMemoryFusion,53,HIST_11,11,core_history_280,real_history,measured_or_research,36.2,8.8,14,39.0,38.9527470130256,39.0,38.5959295836551,39.152380952381,38.9666666666667,38.9872416935169,0.012758306483093,global_k1_t2_e06_a5,0.27,0.73,0.0,0.0,0.0,0.282140243808106,54,core_history_280,0.0,True,False
all_real_plus_may133,within_cow_random5,2,StrictSourceAwareMemoryFusion,55,HIST_11,11,core_history_280,real_history,measured_or_research,36.0,9.1,15,38.9,39.0368146324484,38.9,38.6272648646504,39.152380952381,38.9666666666667,38.9369399507611,-0.0369399507610595,global_k1_t2_e06_a5,0.27,0.73,0.0,0.0,0.0,0.282140243808106,56,core_history_280,0.0,True,False
all_real_plus_may133,within_cow_random5,2,StrictSourceAwareMemoryFusion,61,HIST_11,11,core_history_280,real_history,measured_or_research,33.2,5.4,22,39.6,39.5319703655616,39.6,39.251995362077,39.152380952381,39.3333333333333,39.5816319987016,0.01836800129837,global_k1_t2_e06_a5,0.27,0.73,0.0,0.0,0.0,0.282140243808106,62,core_history_280,0.0,True,False
all_real_plus_may133,within_cow_random5,2,StrictSourceAwareMemoryFusion,71,HIST_12,12,core_history_280,real_history,measured_or_research,33.1,6.8,12,38.2,38.0747412116834,38.2,38.2759252827105,38.3526315789474,38.3111111111111,38.1661801271545,0.0338198728454842,global_k1_t2_e06_a5,0.27,0.73,0.0,0.0,0.0,0.282140243808106,72,core_history_280,0.0,True,False
all_real_plus_may133,within_cow_random5,2,StrictSourceAwareMemoryFusion,74,HIST_12,12,core_history_280,real_history,measured_or_research,33.2,9.3,13,38.1,38.293024413926,38.1,38.2225163689391,38.3526315789474,38.3111111111111,38.15211659176,-0.0521165917600044,global_k1_t2_e06_a5,0.27,0.73,0.0,0.0,0.0,0.282140243808106,73,core_history_280,0.0,True,False
all_real_plus_may133,within_cow_random5,2,StrictSourceAwareMemoryFusion,77,HIST_12,12,core_history_280,real_history,measured_or_research,33.6,8.8,14,38.5,38.402321395332,38.5,38.274387629377,38.3526315789474,38.3111111111111,38.4736267767396,0.0263732232603715,global_k1_t2_e06_a5,0.27,0.73,0.0,0.0,0.0,0.282140243808106,78,core_history_280,0.0,True,False
all_real_plus_may133,within_cow_random5,2,StrictSourceAwareMemoryFusion,82,HIST_12,12,core_history_280,real_history,measured_or_research,33.2,9.0,19,38.5,38.5733098994271,38.5,38.5588321957823,38.3526315789474,38.45,38.5197936728453,-0.0197936728453314,global_k1_t2_e06_a5,0.27,0.73,0.0,0.0,0.0,0.282140243808106,81,core_history_280,0.0,True,False
all_real_plus_may133,within_cow_random5,2,StrictSourceAwareMemoryFusion,83,HIST_12,12,core_history_280,real_history,measured_or_research,31.3,6.0,21,38.4,38.7396422415157,38.4,38.6023582420307,38.3526315789474,38.45,38.4917034052092,-0.0917034052092376,global_k1_t2_e06_a5,0.27,0.73,0.0,0.0,0.0,0.282140243808106,84,core_history_280,0.0,True,False
all_real_plus_may133,within_cow_random5,2,StrictSourceAwareMemoryFusion,90,HIST_13,13,core_history_280,real_history,measured_or_research,29.8,5.4,0,38.0,38.0698198290328,38.0,38.3016622803385,38.2454545454545,38.0,38.0188513538389,-0.0188513538388548,global_k1_t2_e06_a5,0.27,0.73,0.0,0.0,0.0,0.282140243808106,89,core_history_280,0.0,True,False
all_real_plus_may133,within_cow_random5,2,StrictSourceAwareMemoryFusion,94,HIST_13,13,core_history_280,real_history,measured_or_research,33.1,6.1,11,39.2,38.7717304985766,39.2,38.6605359540809,38.2454545454545,39.0,39.0843672346157,0.115632765384333,global_k1_t2_e06_a5,0.27,0.73,0.0,0.0,0.0,0.282140243808106,93,core_history_280,0.0,True,False
all_real_plus_may133,within_cow_random5,2,StrictSourceAwareMemoryFusion,95,HIST_13,13,core_history_280,real_history,measured_or_research,31.3,6.9,12,38.3,38.1652838270901,38.3,38.2591971094989,38.2454545454545,38.1083333333333,38.2636266333143,0.0363733666856803,global_k1_t2_e06_a5,0.27,0.73,0.0,0.0,0.0,0.282140243808106,96,core_history_280,0.0,True,False
all_real_plus_may133,within_cow_random5,2,StrictSourceAwareMemoryFusion,106,HIST_13,13,core_history_280,real_history,measured_or_research,32.0,9.1,15,38.4,38.2588432037466,38.4,38.1391359473769,38.2454545454545,38.1083333333333,38.3618876650116,0.0381123349884191,global_k1_t2_e06_a5,0.27,0.73,0.0,0.0,0.0,0.282140243808106,105,core_history_280,0.0,True,False
all_real_plus_may133,within_cow_random5,2,StrictSourceAwareMemoryFusion,110,HIST_13,13,core_history_280,real_history,measured_or_research,30.5,9.0,19,38.2,38.1792528195739,38.2,38.4664243681231,38.2454545454545,38.2666666666667,38.194398261285,0.0056017387150362,global_k1_t2_e06_a5,0.27,0.73,0.0,0.0,0.0,0.282140243808106,109,core_history_280,0.0,True,False
all_real_plus_may133,within_cow_random5,2,StrictSourceAwareMemoryFusion,114,HIST_13,13,core_history_280,real_history,measured_or_research,30.6,5.4,22,38.1,38.0695446025463,38.1,38.4100626704814,38.2454545454545,38.1,38.0917770426875,0.0082229573124905,global_k1_t2_e06_a5,0.27,0.73,0.0,0.0,0.0,0.282140243808106,113,core_history_280,0.0,True,False
all_real_plus_may133,within_cow_random5,2,StrictSourceAwareMemoryFusion,120,HIST_14,14,core_history_280,real_history,measured_or_research,30.9,6.1,11,41.5,39.4237146022104,41.5,39.1516132418015,38.8368421052632,40.1,40.9394029425968,0.560597057403193,global_k1_t2_e06_a5,0.27,0.73,0.0,0.0,0.0,0.282140243808106,119,core_history_280,0.0,True,False
all_real_plus_may133,within_cow_random5,2,StrictSourceAwareMemoryFusion,122,HIST_14,14,core_history_280,real_history,measured_or_research,31.5,5.0,11,38.7,39.031333192494,38.7,39.2595062277731,38.8368421052632,40.1,38.7894599619734,-0.0894599619733683,global_k1_t2_e06_a5,0.27,0.73,0.0,0.0,0.0,0.282140243808106,121,core_history_280,0.0,True,False
all_real_plus_may133,within_cow_random5,2,StrictSourceAwareMemoryFusion,129,HIST_14,14,core_history_280,real_history,measured_or_research,33.8,8.8,14,38.6,38.5615342261249,38.6,38.7218225914863,38.8368421052632,38.53,38.5896142410537,0.0103857589462706,global_k1_t2_e06_a5,0.27,0.73,0.0,0.0,0.0,0.282140243808106,130,core_history_280,0.0,True,False
all_real_plus_may133,within_cow_random5,2,StrictSourceAwareMemoryFusion,132,HIST_14,14,core_history_280,real_history,measured_or_research,30.7,11.2,15,38.5,38.5325295613243,38.5,38.467084663786,38.8368421052632,38.53,38.5087829815576,-0.0087829815575588,global_k1_t2_e06_a5,0.27,0.73,0.0,0.0,0.0,0.282140243808106,131,core_history_280,0.0,True,False
all_real_plus_may133,within_cow_random5,2,StrictSourceAwareMemoryFusion,140,HIST_14,14,core_history_280,real_history,measured_or_research,32.7,5.5,23,38.2,38.4981455956947,38.2,39.0515595503699,38.8368421052632,38.2,38.2804993108376,-0.0804993108375598,global_k1_t2_e06_a5,0.27,0.73,0.0,0.0,0.0,0.282140243808106,139,core_history_280,0.0,True,False
all_real_plus_may133,within_cow_random5,2,StrictSourceAwareMemoryFusion,144,HIST_15,15,core_history_280,real_history,measured_or_research,33.9,8.0,13,38.5,38.4951104620865,38.5,38.4502696024762,38.7090909090909,38.5666666666667,38.4986798247634,0.0013201752366356,global_k1_t2_e06_a5,0.27,0.73,0.0,0.0,0.0,0.282140243808106,143,core_history_280,0.0,True,False
all_real_plus_may133,within_cow_random5,2,StrictSourceAwareMemoryFusion,150,HIST_15,15,core_history_280,real_history,measured_or_research,30.7,6.0,21,39.1,39.0503919763377,39.1,38.7067158951703,38.7090909090909,39.0333333333333,39.0866058336112,0.013394166388828,global_k1_t2_e06_a5,0.27,0.73,0.0,0.0,0.0,0.282140243808106,149,core_history_280,0.0,True,False
all_real_plus_may133,within_cow_random5,2,StrictSourceAwareMemoryFusion,153,HIST_15,15,core_history_280,real_history,measured_or_research,30.7,5.5,23,38.6,38.6602477158116,38.6,38.8652431672285,38.7090909090909,38.8,38.6162668832691,-0.0162668832691466,global_k1_t2_e06_a5,0.27,0.73,0.0,0.0,0.0,0.282140243808106,154,core_history_280,0.0,True,False
all_real_plus_may133,within_cow_random5,2,StrictSourceAwareMemoryFusion,156,HIST_16,16,core_history_280,real_history,measured_or_research,28.7,5.4,0,38.9,38.7145447081137,38.9,38.3614822250172,38.6714285714286,38.9,38.8499270711907,0.0500729288093069,global_k1_t2_e06_a5,0.27,0.73,0.0,0.0,0.0,0.282140243808106,155,core_history_280,0.0,True,False
all_real_plus_may133,within_cow_random5,2,StrictSourceAwareMemoryFusion,159,HIST_16,16,core_history_280,real_history,measured_or_research,32.2,6.9,12,38.0,38.3953767620455,38.0,38.5462084815795,38.6714285714286,38.3166666666667,38.1067517257523,-0.106751725752275,global_k1_t2_e06_a5,0.27,0.73,0.0,0.0,0.0,0.282140243808106,160,core_history_280,0.0,True,False
all_real_plus_may133,within_cow_random5,2,StrictSourceAwareMemoryFusion,164,HIST_16,16,core_history_280,real_history,measured_or_research,33.0,8.8,14,38.3,38.4260306915762,38.3,38.4074302796693,38.6714285714286,38.3166666666667,38.3340282867256,-0.0340282867255866,global_k1_t2_e06_a5,0.27,0.73,0.0,0.0,0.0,0.282140243808106,163,core_history_280,0.0,True,False
all_real_plus_may133,within_cow_random5,2,StrictSourceAwareMemoryFusion,167,HIST_16,16,core_history_280,real_history,measured_or_research,32.1,9.0,19,39.4,39.1431246513221,39.4,38.8136293527702,38.6714285714286,38.8666666666667,39.330643655857,0.0693563441430243,global_k1_t2_e06_a5,0.27,0.73,0.0,0.0,0.0,0.282140243808106,168,core_history_280,0.0,True,False
all_real_plus_may133,within_cow_random5,2,StrictSourceAwareMemoryFusion,174,HIST_17,17,core_history_280,real_history,measured_or_research,25.4,5.4,0,38.1,38.1293233731343,38.1,36.8697305976221,38.3818181818182,38.1,38.1079173107463,-0.0079173107462509,global_k1_t2_e06_a5,0.27,0.73,0.0,0.0,0.0,0.282140243808106,173,core_history_280,0.0,True,False
all_real_plus_may133,within_cow_random5,2,StrictSourceAwareMemoryFusion,179,HIST_17,17,core_history_280,real_history,measured_or_research,29.7,6.9,12,38.1,38.2345659251471,38.1,38.2212353221213,38.3818181818182,38.5272727272727,38.1363327997897,-0.0363327997897116,global_k1_t2_e06_a5,0.27,0.73,0.0,0.0,0.0,0.282140243808106,180,core_history_280,0.0,True,False
all_real_plus_may133,within_cow_random5,2,StrictSourceAwareMemoryFusion,188,HIST_17,17,core_history_280,real_history,measured_or_research,31.2,8.8,14,39.0,38.451677074951,39.0,38.4000238442691,38.3818181818182,38.5272727272727,38.8519528102368,0.14804718976324,global_k1_t2_e06_a5,0.27,0.73,0.0,0.0,0.0,0.282140243808106,187,core_history_280,0.0,True,False
all_real_plus_may133,within_cow_random5,2,StrictSourceAwareMemoryFusion,190,HIST_17,17,core_history_280,real_history,measured_or_research,32.3,9.1,15,39.5,38.5975420142105,39.5,38.3804634516057,38.3818181818182,38.5272727272727,39.2563363438368,0.24366365616315,global_k1_t2_e06_a5,0.27,0.73,0.0,0.0,0.0,0.282140243808106,189,core_history_280,0.0,True,False
all_real_plus_may133,within_cow_random5,2,StrictSourceAwareMemoryFusion,198,HIST_17,17,core_history_280,real_history,measured_or_research,31.1,5.4,22,38.2,38.1600257467478,38.2,38.752079250582,38.3818181818182,38.35,38.1892069516219,0.0107930483780834,global_k1_t2_e06_a5,0.27,0.73,0.0,0.0,0.0,0.282140243808106,197,core_history_280,0.0,True,False
all_real_plus_may133,within_cow_random5,2,StrictSourceAwareMemoryFusion,199,HIST_17,17,core_history_280,real_history,measured_or_research,32.1,5.5,23,38.5,38.3431492196074,38.5,38.9518564072532,38.3818181818182,38.35,38.457650289294,0.0423497107059987,global_k1_t2_e06_a5,0.27,0.73,0.0,0.0,0.0,0.282140243808106,200,core_history_280,0.0,True,False
all_real_plus_may133,within_cow_random5,2,StrictSourceAwareMemoryFusion,210,HIST_18,18,core_history_280,real_history,measured_or_research,32.0,6.9,12,38.2,38.0541617025509,38.2,38.2134055773493,38.3142857142857,37.9555555555556,38.1606236596887,0.0393763403112644,global_k1_t2_e06_a5,0.27,0.73,0.0,0.0,0.0,0.282140243808106,209,core_history_280,0.0,True,False
all_real_plus_may133,within_cow_random5,2,StrictSourceAwareMemoryFusion,216,HIST_18,18,core_history_280,real_history,measured_or_research,33.2,8.8,14,38.0,38.1466022819332,38.0,38.1893941234961,38.3142857142857,37.9555555555556,38.039582616122,-0.0395826161219546,global_k1_t2_e06_a5,0.27,0.73,0.0,0.0,0.0,0.282140243808106,215,core_history_280,0.0,True,False
all_real_plus_may133,within_cow_random5,2,StrictSourceAwareMemoryFusion,217,HIST_18,18,core_history_280,real_history,measured_or_research,33.5,11.2,15,38.0,38.0033395196165,38.0,38.20823809591,38.3142857142857,37.9555555555556,38.0009016702965,-0.0009016702964501,global_k1_t2_e06_a5,0.27,0.73,0.0,0.0,0.0,0.282140243808106,218,core_history_280,0.0,True,False
all_real_plus_may133,within_cow_random5,2,StrictSourceAwareMemoryFusion,220,HIST_18,18,core_history_280,real_history,measured_or_research,32.1,9.0,19,39.0,38.866029466428,39.4,38.5380831020407,38.3142857142857,39.1333333333333,39.2558279559356,-0.255827955935551,global_k1_t2_e06_a5,0.27,0.73,0.0,0.0,0.0,0.282140243808106,168,core_history_280,0.0,True,False
all_real_plus_may133,within_cow_random5,2,StrictSourceAwareMemoryFusion,224,HIST_18,18,core_history_280,real_history,measured_or_research,31.5,5.4,22,38.8,38.7615917335385,38.8,38.4190355251531,38.3142857142857,38.5333333333333,38.7896297680554,0.0103702319446199,global_k1_t2_e06_a5,0.27,0.73,0.0,0.0,0.0,0.282140243808106,223,core_history_280,0.0,True,False
all_real_plus_may133,within_cow_random5,2,StrictSourceAwareMemoryFusion,227,HIST_19,19,core_history_280,real_history,measured_or_research,30.7,5.4,0,38.3,38.2452451286694,38.3,39.0779291570641,39.05,38.3,38.2852161847407,0.0147838152592499,global_k1_t2_e06_a5,0.27,0.73,0.0,0.0,0.0,0.282140243808106,228,core_history_280,0.0,True,False
all_real_plus_may133,within_cow_random5,2,StrictSourceAwareMemoryFusion,235,HIST_19,19,core_history_280,real_history,measured_or_research,33.2,6.8,12,39.0,38.9434499657402,39.0,38.8720542125951,39.05,38.91,38.9847314907498,0.0152685092501557,global_k1_t2_e06_a5,0.27,0.73,0.0,0.0,0.0,0.282140243808106,391,dec2025_140,0.0,True,False
all_real_plus_may133,within_cow_random5,2,StrictSourceAwareMemoryFusion,236,HIST_19,19,core_history_280,real_history,measured_or_research,33.2,6.8,12,39.0,38.8241606795153,39.0,38.8081659534279,39.05,38.91,38.9525233834691,0.0474766165308722,global_k1_t2_e06_a5,0.27,0.73,0.0,0.0,0.0,0.282140243808106,391,dec2025_140,0.0,True,False
all_real_plus_may133,within_cow_random5,2,StrictSourceAwareMemoryFusion,243,HIST_19,19,core_history_280,real_history,measured_or_research,32.4,11.2,15,39.1,39.07605313183,39.1,38.8129136715609,39.05,38.91,39.0935343455941,0.0064656544058934,global_k1_t2_e06_a5,0.27,0.73,0.0,0.0,0.0,0.282140243808106,244,core_history_280,0.0,True,False
all_real_plus_may133,within_cow_random5,2,StrictSourceAwareMemoryFusion,246,HIST_19,19,core_history_280,real_history,measured_or_research,35.3,9.1,15,39.0,38.8280274055576,39.0,38.5434998534174,39.05,38.91,38.9535673995005,0.0464326004994504,global_k1_t2_e06_a5,0.27,0.73,0.0,0.0,0.0,0.282140243808106,245,core_history_280,0.0,True,False
all_real_plus_may133,within_cow_random5,2,StrictSourceAwareMemoryFusion,247,HIST_19,19,core_history_280,real_history,measured_or_research,32.1,9.0,19,39.1,39.6655845172996,39.4,39.2905586241708,39.05,39.6333333333333,39.4717078196709,-0.371707819670895,global_k1_t2_e06_a5,0.27,0.73,0.0,0.0,0.0,0.282140243808106,168,core_history_280,0.0,True,False
all_real_plus_may133,within_cow_random5,2,StrictSourceAwareMemoryFusion,277,HIST_7,7,core_history_280,real_history,measured_or_research,30.2,13.4,21,38.4,38.7213232027898,39.1,38.5954869778152,38.2,38.2,38.9977572647533,-0.597757264753263,global_k1_t2_e06_a5,0.27,0.73,0.0,0.0,0.0,0.282140243808106,278,core_history_280,1.02315416455412,False,False
all_real_plus_may133,within_cow_random5,2,StrictSourceAwareMemoryFusion,279,HIST_7,7,core_history_280,real_history,measured_or_research,30.6,10.9,23,38.2,38.4260397257358,39.1,38.5671744304642,38.2,38.6,38.9180307259487,-0.718030725948665,global_k1_t2_e06_a5,0.27,0.73,0.0,0.0,0.0,0.282140243808106,278,core_history_280,0.556936062558151,False,False
all_real_plus_may133,within_cow_random5,2,StrictSourceAwareMemoryFusion,283,DEC2025_10,10,dec2025_140,real_history,measured,31.8,6.9,12,38.7,38.7670093293181,38.7,38.5214219831051,38.6111111111111,38.42,38.7,0.0,global_k1_t2_e03_a5,0.0,1.0,0.0,0.0,0.0,0.272493804632726,19,core_history_280,0.0,True,False
all_real_plus_may133,within_cow_random5,2,StrictSourceAwareMemoryFusion,289,DEC2025_10,10,dec2025_140,real_history,measured,36.4,9.1,15,38.5,38.7091069675946,38.5,37.9544302832937,38.6111111111111,38.42,38.5,0.0,global_k1_t2_e03_a5,0.0,1.0,0.0,0.0,0.0,0.272493804632726,31,core_history_280,0.0,True,False
all_real_plus_may133,within_cow_random5,2,StrictSourceAwareMemoryFusion,292,DEC2025_10,10,dec2025_140,real_history,measured,33.7,5.5,23,38.0,38.6471338344961,38.0,38.6970496192923,38.6111111111111,38.6111111111111,38.0,0.0,global_k1_t2_e03_a5,0.0,1.0,0.0,0.0,0.0,0.272493804632726,38,core_history_280,0.0,True,False
all_real_plus_may133,within_cow_random5,2,StrictSourceAwareMemoryFusion,298,DEC2025_11,11,dec2025_140,real_history,measured,32.8,8.0,13,39.2,39.0128506506052,39.2,38.4035482534976,39.09,38.9,39.2,0.0,global_k1_t2_e03_a5,0.0,1.0,0.0,0.0,0.0,0.272493804632726,49,core_history_280,0.0,True,False
all_real_plus_may133,within_cow_random5,2,StrictSourceAwareMemoryFusion,301,DEC2025_11,11,dec2025_140,real_history,measured,36.0,9.1,15,38.9,38.9867768334212,38.9,37.8657941577248,39.09,38.9,38.9,0.0,global_k1_t2_e03_a5,0.0,1.0,0.0,0.0,0.0,0.272493804632726,56,core_history_280,0.0,True,False
all_real_plus_may133,within_cow_random5,2,StrictSourceAwareMemoryFusion,302,DEC2025_11,11,dec2025_140,real_history,measured,33.7,9.0,19,40.0,39.6737270870727,40.0,38.7904553307974,39.09,39.7,40.0,0.0,global_k1_t2_e03_a5,0.0,1.0,0.0,0.0,0.0,0.272493804632726,57,core_history_280,0.0,True,False
all_real_plus_may133,within_cow_random5,2,StrictSourceAwareMemoryFusion,306,DEC2025_12,12,dec2025_140,real_history,measured,31.8,5.4,0,38.1,38.3690282180167,38.1,38.8805207938057,38.4,38.4,38.1,0.0,global_k1_t2_e03_a5,0.0,1.0,0.0,0.0,0.0,0.272493804632726,65,core_history_280,0.0,True,False
all_real_plus_may133,within_cow_random5,2,StrictSourceAwareMemoryFusion,310,DEC2025_12,12,dec2025_140,real_history,measured,33.2,9.3,13,38.1,38.300832429968,38.1,38.3960046808842,38.4,38.34,38.1,0.0,global_k1_t2_e03_a5,0.0,1.0,0.0,0.0,0.0,0.272493804632726,73,core_history_280,0.0,True,False
all_real_plus_may133,within_cow_random5,2,StrictSourceAwareMemoryFusion,315,DEC2025_12,12,dec2025_140,real_history,measured,31.3,6.0,21,38.4,38.7529593787331,38.4,38.7579692941026,38.4,38.5,38.4,0.0,global_k1_t2_e03_a5,0.0,1.0,0.0,0.0,0.0,0.272493804632726,84,core_history_280,0.0,True,False
all_real_plus_may133,within_cow_random5,2,StrictSourceAwareMemoryFusion,319,DEC2025_13,13,dec2025_140,real_history,measured,26.6,5.0,11,38.9,38.6331611223793,38.9,37.6699144736387,38.2181818181818,39.2,38.9,0.0,global_k1_t2_e03_a5,0.0,1.0,0.0,0.0,0.0,0.272493804632726,91,core_history_280,0.0,True,False
all_real_plus_may133,within_cow_random5,2,StrictSourceAwareMemoryFusion,328,DEC2025_13,13,dec2025_140,real_history,measured,30.5,9.0,19,38.2,38.3800330840895,38.2,38.389792189477,38.2181818181818,38.2181818181818,38.2,0.0,global_k1_t2_e03_a5,0.0,1.0,0.0,0.0,0.0,0.272493804632726,109,core_history_280,0.0,True,False
all_real_plus_may133,within_cow_random5,2,StrictSourceAwareMemoryFusion,329,DEC2025_13,13,dec2025_140,real_history,measured,29.6,6.0,21,38.3,38.5041943370839,38.3,38.3708477139981,38.2181818181818,38.2181818181818,38.3,0.0,global_k1_t2_e03_a5,0.0,1.0,0.0,0.0,0.0,0.272493804632726,111,core_history_280,0.0,True,False
all_real_plus_may133,within_cow_random5,2,StrictSourceAwareMemoryFusion,334,DEC2025_14,14,dec2025_140,real_history,measured,31.5,5.0,11,38.7,39.3783496542243,38.7,39.2267774531061,38.9333333333333,41.5,38.7,0.0,global_k1_t2_e03_a5,0.0,1.0,0.0,0.0,0.0,0.272493804632726,121,core_history_280,0.0,True,False
all_real_plus_may133,within_cow_random5,2,StrictSourceAwareMemoryFusion,337,DEC2025_14,14,dec2025_140,real_history,measured,32.8,9.3,13,38.5,38.6783856304279,38.5,38.6252962867862,38.9333333333333,38.54,38.5,0.0,global_k1_t2_e03_a5,0.0,1.0,0.0,0.0,0.0,0.272493804632726,127,core_history_280,0.0,True,False
all_real_plus_may133,within_cow_random5,2,StrictSourceAwareMemoryFusion,341,DEC2025_14,14,dec2025_140,real_history,measured,32.3,9.0,19,39.1,39.0167952634116,39.1,38.8527570701117,38.9333333333333,39.1,39.1,0.0,global_k1_t2_e03_a5,0.0,1.0,0.0,0.0,0.0,0.272493804632726,135,core_history_280,0.0,True,False
all_real_plus_may133,within_cow_random5,2,StrictSourceAwareMemoryFusion,351,DEC2025_16,16,dec2025_140,real_history,measured,28.7,5.4,0,38.9,38.4682211340127,38.9,38.6146410145918,38.6142857142857,38.6142857142857,38.9,0.0,global_k1_t2_e03_a5,0.0,1.0,0.0,0.0,0.0,0.272493804632726,155,core_history_280,0.0,True,False
all_real_plus_may133,within_cow_random5,2,StrictSourceAwareMemoryFusion,359,DEC2025_16,16,dec2025_140,real_history,measured,31.8,5.5,23,38.8,38.6256086888907,38.8,38.8459398847529,38.6142857142857,38.6142857142857,38.8,0.0,global_k1_t2_e03_a5,0.0,1.0,0.0,0.0,0.0,0.272493804632726,171,core_history_280,0.0,True,False
all_real_plus_may133,within_cow_random5,2,StrictSourceAwareMemoryFusion,363,DEC2025_17,17,dec2025_140,real_history,measured,29.7,6.9,12,38.1,38.1493622082232,38.1,38.1735461907118,38.4181818181818,38.62,38.1,0.0,global_k1_t2_e03_a5,0.0,1.0,0.0,0.0,0.0,0.272493804632726,180,core_history_280,0.0,True,False
all_real_plus_may133,within_cow_random5,2,StrictSourceAwareMemoryFusion,367,DEC2025_17,17,dec2025_140,real_history,measured,31.2,8.8,14,39.0,38.4258343819061,39.0,38.4080587960178,38.4181818181818,38.62,39.0,0.0,global_k1_t2_e03_a5,0.0,1.0,0.0,0.0,0.0,0.272493804632726,187,core_history_280,0.0,True,False
all_real_plus_may133,within_cow_random5,2,StrictSourceAwareMemoryFusion,371,DEC2025_17,17,dec2025_140,real_history,measured,31.5,6.0,21,38.2,38.7409695171562,38.2,38.9767948717818,38.4181818181818,38.3,38.2,0.0,global_k1_t2_e03_a5,0.0,1.0,0.0,0.0,0.0,0.272493804632726,195,core_history_280,0.0,True,False
all_real_plus_may133,within_cow_random5,2,StrictSourceAwareMemoryFusion,376,DEC2025_18,18,dec2025_140,real_history,measured,31.0,6.1,11,38.0,38.2370806883285,38.0,39.2041085267307,38.33,38.5,38.0,0.0,global_k1_t2_e03_a5,0.0,1.0,0.0,0.0,0.0,0.272493804632726,205,core_history_280,0.0,True,False
all_real_plus_may133,within_cow_random5,2,StrictSourceAwareMemoryFusion,381,DEC2025_18,18,dec2025_140,real_history,measured,33.2,8.8,14,38.0,38.189705172286,38.0,38.5951577990986,38.33,37.98,38.0,0.0,global_k1_t2_e03_a5,0.0,1.0,0.0,0.0,0.0,0.272493804632726,215,core_history_280,0.0,True,False
all_real_plus_may133,within_cow_random5,2,StrictSourceAwareMemoryFusion,383,DEC2025_18,18,dec2025_140,real_history,measured,32.1,9.0,19,39.0,38.912272914023,39.4,39.0640677808898,38.33,39.2,39.4,-0.399999999999999,global_k1_t2_e03_a5,0.0,1.0,0.0,0.0,0.0,0.272493804632726,168,core_history_280,0.0,True,False
all_real_plus_may133,within_cow_random5,2,StrictSourceAwareMemoryFusion,394,DEC2025_19,19,dec2025_140,real_history,measured,33.7,8.8,14,38.6,38.8778449524711,38.6,38.6552725307616,38.9727272727273,39.0,38.6,0.0,global_k1_t2_e03_a5,0.0,1.0,0.0,0.0,0.0,0.272493804632726,241,core_history_280,0.0,True,False
all_real_plus_may133,within_cow_random5,2,StrictSourceAwareMemoryFusion,397,DEC2025_19,19,dec2025_140,real_history,measured,32.1,9.0,19,39.1,39.6528455023426,39.4,39.0634101395204,38.9727272727273,38.9727272727273,39.4,-0.299999999999997,global_k1_t2_e03_a5,0.0,1.0,0.0,0.0,0.0,0.272493804632726,168,core_history_280,0.0,True,False
all_real_plus_may133,within_cow_random5,2,StrictSourceAwareMemoryFusion,398,DEC2025_19,19,dec2025_140,real_history,measured,33.5,6.0,21,39.9,40.0953735352351,39.9,39.1296060283375,38.9727272727273,38.9727272727273,39.9,0.0,global_k1_t2_e03_a5,0.0,1.0,0.0,0.0,0.0,0.272493804632726,249,core_history_280,0.0,True,False
all_real_plus_may133,within_cow_random5,2,StrictSourceAwareMemoryFusion,1002,MAY2026_51,51,may2026_measured_133,real_may_measured,measured,36.6,34.5,18,39.3,39.5175322284152,39.2833006325906,39.5190585753608,39.5,39.5,39.4707140222676,-0.170714022267596,global_k2_t2_e06_a10_b05,0.06,0.14,0.0,0.78,0.0199999999999999,0.412714431267255,1004,may2026_measured_133,0.527046276694731,False,False
all_real_plus_may133,within_cow_random5,2,StrictSourceAwareMemoryFusion,1007,MAY2026_51,51,may2026_measured_133,real_may_measured,measured,36.0,32.9,21,39.3,39.6357792631903,40.417630076788,39.5473306357763,39.5,39.5,39.6366149665417,-0.336614966541752,global_k2_t2_e06_a10_b05,0.06,0.14,0.0,0.78,0.0199999999999999,0.412714431267255,1126,may2026_measured_133,0.530450542254204,False,False
all_real_plus_may133,within_cow_random5,2,StrictSourceAwareMemoryFusion,1008,MAY2026_51,51,may2026_measured_133,real_may_measured,measured,36.6,33.9,21,39.4,39.5057249623309,38.5027071161855,39.5259595671522,39.3333333333333,39.1,39.2227224940058,0.177277505994176,global_k2_t2_e06_a10_b05,0.06,0.14,0.0,0.78,0.0199999999999999,0.412714431267255,1023,may2026_measured_133,0.0399999999999999,False,False
all_real_plus_may133,within_cow_random5,2,StrictSourceAwareMemoryFusion,1017,MAY2026_52,52,may2026_measured_133,real_may_measured,measured,37.7,36.9,14,39.1,39.0451757461607,38.5576745908181,39.1817803756482,39.2,39.2,39.1007849874842,-0.0007849874841809,global_k2_t2_e06_a10_b05,0.06,0.14,0.0,0.78,0.0199999999999999,0.412714431267255,1118,may2026_measured_133,0.504876222454573,False,False
all_real_plus_may133,within_cow_random5,2,StrictSourceAwareMemoryFusion,1018,MAY2026_52,52,may2026_measured_133,real_may_measured,measured,36.6,35.0,15,39.1,38.8584528624819,38.512698331634,39.058010665972,39.2,39.2,39.0832849381777,0.0167150618223246,global_k2_t2_e06_a10_b05,0.06,0.14,0.0,0.78,0.0199999999999999,0.412714431267255,1072,may2026_measured_133,0.167862377493525,False,False
all_real_plus_may133,within_cow_random5,2,StrictSourceAwareMemoryFusion,1028,MAY2026_52,52,may2026_measured_133,real_may_measured,measured,36.2,33.9,23,40.2,39.8275907146664,40.0546198913407,39.4773536274808,40.2666666666667,40.2,40.2093022276677,-0.0093022276676748,global_k2_t2_e06_a10_b05,0.06,0.14,0.0,0.78,0.0199999999999999,0.412714431267255,1049,may2026_measured_133,0.501597448159378,False,False
all_real_plus_may133,within_cow_random5,2,StrictSourceAwareMemoryFusion,1032,MAY2026_53,53,may2026_measured_133,real_may_measured,measured,39.3,38.8,15,39.5,39.3941564342743,39.8221436968025,39.2828004426028,39.3,39.3,39.3787495036088,0.121250496391205,global_k2_t2_e06_a10_b05,0.06,0.14,0.0,0.78,0.0199999999999999,0.412714431267255,1089,may2026_measured_133,0.550797401752926,False,False
all_real_plus_may133,within_cow_random5,2,StrictSourceAwareMemoryFusion,1036,MAY2026_53,53,may2026_measured_133,real_may_measured,measured,33.4,26.5,23,40.8,39.4967424752883,39.4451084299529,39.8354895979736,40.5,40.6,40.2941197287107,0.505880271289286,global_k2_t2_e06_a10_b05,0.06,0.14,0.0,0.78,0.0199999999999999,0.412714431267255,1063,may2026_measured_133,0.22422706745123,False,False
all_real_plus_may133,within_cow_random5,2,StrictSourceAwareMemoryFusion,1045,MAY2026_54,54,may2026_measured_133,real_may_measured,measured,37.7,36.2,19,39.5,39.4637736944372,39.6180618741421,39.5884523300667,39.45,39.4,39.4733550840461,0.0266449159538809,global_k2_t2_e06_a10_b05,0.06,0.14,0.0,0.78,0.0199999999999999,0.412714431267255,1093,may2026_measured_133,0.260341655863557,False,False
all_real_plus_may133,within_cow_random5,2,StrictSourceAwareMemoryFusion,1046,MAY2026_54,54,may2026_measured_133,real_may_measured,measured,37.5,35.7,20,39.8,39.9200752163258,39.5978403358605,39.492457293874,39.5,39.5,39.53890216,0.261097839999977,global_k2_t2_e06_a10_b05,0.06,0.14,0.0,0.78,0.0199999999999999,0.412714431267255,1044,may2026_measured_133,0.527899401190964,False,False
all_real_plus_may133,within_cow_random5,2,StrictSourceAwareMemoryFusion,1047,MAY2026_54,54,may2026_measured_133,real_may_measured,measured,36.8,35.0,21,40.0,39.800457737429,38.9917221018172,39.4707261784252,39.5,39.5,39.4468685585001,0.553131441499858,global_k2_t2_e06_a10_b05,0.06,0.14,0.0,0.78,0.0199999999999999,0.412714431267255,1035,may2026_measured_133,0.260341655863549,False,False
all_real_plus_may133,within_cow_random5,2,StrictSourceAwareMemoryFusion,1051,MAY2026_55,55,may2026_measured_133,real_may_measured,measured,30.1,23.5,1,39.8,39.7765724839969,39.0815993949623,38.6253216961966,39.4666666666667,39.4666666666667,39.4313515976679,0.368648402332134,global_k2_t2_e06_a10_b05,0.06,0.14,0.0,0.78,0.0199999999999999,0.412714431267255,1102,may2026_measured_133,1.36450642276897,False,False
all_real_plus_may133,within_cow_random5,2,StrictSourceAwareMemoryFusion,1052,MAY2026_55,55,may2026_measured_133,real_may_measured,measured,35.1,31.4,13,38.5,38.6544785273293,38.5545292171174,38.4674556106128,39.5,39.5,39.3169028020362,-0.816902802036189,global_k2_t2_e06_a10_b05,0.06,0.14,0.0,0.78,0.0199999999999999,0.412714431267255,1104,may2026_measured_133,0.174005108481845,False,False
all_real_plus_may133,within_cow_random5,2,StrictSourceAwareMemoryFusion,1064,MAY2026_55,55,may2026_measured_133,real_may_measured,measured,32.8,27.7,24,40.0,39.6038549208521,39.0347178050014,39.408003388497,39.4666666666667,39.5,39.4150917879513,0.584908212048674,global_k2_t2_e06_a10_b05,0.06,0.14,0.0,0.78,0.0199999999999999,0.412714431267255,1111,may2026_measured_133,0.292194760010816,False,False
all_real_plus_may133,within_cow_random5,2,StrictSourceAwareMemoryFusion,1066,MAY2026_56,56,may2026_measured_133,real_may_measured,measured,34.7,32.0,12,38.2,38.4924545500339,39.219789656632,38.3161158002025,38.2,38.2,38.3603178249305,-0.160317824930509,global_k2_t2_e06_a10_b05,0.06,0.14,0.0,0.78,0.0199999999999999,0.412714431267255,1067,may2026_measured_133,0.0200000000000003,False,False
all_real_plus_may133,within_cow_random5,2,StrictSourceAwareMemoryFusion,1070,MAY2026_56,56,may2026_measured_133,real_may_measured,measured,36.6,35.5,14,38.3,38.1868338738194,38.6970645216859,38.6320942984473,38.7333333333333,38.7333333333333,38.6954657321319,-0.395465732131854,global_k2_t2_e06_a10_b05,0.06,0.14,0.0,0.78,0.0199999999999999,0.412714431267255,1040,may2026_measured_133,0.05,False,False
all_real_plus_may133,within_cow_random5,2,StrictSourceAwareMemoryFusion,1076,MAY2026_56,56,may2026_measured_133,real_may_measured,measured,35.5,33.1,19,39.0,38.9534325460645,38.4560211933805,38.9258999564092,39.6333333333333,39.85,39.4320489198371,-0.432048919837136,global_k2_t2_e06_a10_b05,0.06,0.14,0.0,0.78,0.0199999999999999,0.412714431267255,1075,may2026_measured_133,0.0100000000000001,False,False
all_real_plus_may133,within_cow_random5,2,StrictSourceAwareMemoryFusion,1080,MAY2026_56,56,may2026_measured_133,real_may_measured,measured,34.2,30.8,22,38.4,39.1772883467355,39.4426687810751,38.6481768822966,38.5,38.5,38.6726109301546,-0.272610930154642,global_k2_t2_e06_a10_b05,0.06,0.14,0.0,0.78,0.0199999999999999,0.412714431267255,1061,may2026_measured_133,0.345269620892303,False,False
all_real_plus_may133,within_cow_random5,2,StrictSourceAwareMemoryFusion,1083,MAY2026_57,57,may2026_measured_133,real_may_measured,measured,35.7,29.0,1,40.1,39.8882122653897,39.6408274846253,40.3989332859776,38.8,38.8,38.9830085837709,1.11699141622908,global_k2_t2_e06_a10_b05,0.06,0.14,0.0,0.78,0.0199999999999999,0.412714431267255,1012,may2026_measured_133,1.04120122935002,False,False
all_real_plus_may133,within_cow_random5,2,StrictSourceAwareMemoryFusion,1090,MAY2026_57,57,may2026_measured_133,real_may_measured,measured,38.3,35.7,15,39.7,39.8274045252216,39.3470600691469,39.3083101310341,38.7333333333333,38.7333333333333,38.8848993478605,0.815100652139478,global_k2_t2_e06_a10_b05,0.06,0.14,0.0,0.78,0.0199999999999999,0.412714431267255,1001,may2026_measured_133,0.260341655863549,False,False
all_real_plus_may133,within_cow_random5,2,StrictSourceAwareMemoryFusion,1097,MAY2026_57,57,may2026_measured_133,real_may_measured,measured,35.0,28.7,22,39.2,38.9004312178003,39.3549620875842,40.0907916025618,38.8,38.3,38.8737205653298,0.326279434670205,global_k2_t2_e06_a10_b05,0.06,0.14,0.0,0.78,0.0199999999999999,0.412714431267255,1062,may2026_measured_133,0.2527405344969,False,False
all_real_plus_may133,within_cow_random5,2,StrictSourceAwareMemoryFusion,1101,MAY2026_57,57,may2026_measured_133,real_may_measured,measured,34.6,27.1,24,40.2,38.9769125477534,40.4425405653359,40.2110782988717,38.8,38.3,39.0305704320122,1.16942956798777,global_k2_t2_e06_a10_b05,0.06,0.14,0.0,0.78,0.0199999999999999,0.412714431267255,1037,may2026_measured_133,0.25,False,False
all_real_plus_may133,within_cow_random5,2,StrictSourceAwareMemoryFusion,1106,MAY2026_58,58,may2026_measured_133,real_may_measured,measured,35.8,32.1,19,39.3,38.5469980151343,39.2568828150071,39.1310171929973,38.8625,38.55,38.892533475009,0.407466524990951,global_k2_t2_e06_a10_b05,0.06,0.14,0.0,0.78,0.0199999999999999,0.412714431267255,1003,may2026_measured_133,0.189414301935674,False,False
all_real_plus_may133,within_cow_random5,2,StrictSourceAwareMemoryFusion,1107,MAY2026_58,58,may2026_measured_133,real_may_measured,measured,34.5,29.7,21,39.2,39.0783846522804,39.702159962676,39.6638917492,39.125,39.125,39.2030054739115,-0.0030054739114575,global_k2_t2_e06_a10_b05,0.06,0.14,0.0,0.78,0.0199999999999999,0.412714431267255,1078,may2026_measured_133,0.180769958172752,False,False
all_real_plus_may133,within_cow_random5,2,StrictSourceAwareMemoryFusion,1119,MAY2026_60,60,may2026_measured_133,real_may_measured,measured,38.2,37.2,15,38.4,38.354621624595,39.3394409829427,38.7256583656036,38.1,38.1,38.2887990350877,0.111200964912321,global_k2_t2_e06_a10_b05,0.06,0.14,0.0,0.78,0.0199999999999999,0.412714431267255,1001,may2026_measured_133,0.05,False,False
all_real_plus_may133,within_cow_random5,2,StrictSourceAwareMemoryFusion,1120,MAY2026_60,60,may2026_measured_133,real_may_measured,measured,37.7,35.7,19,38.7,38.9270591029151,39.6197973229018,39.0889817382322,39.05,39.05,39.1223951713812,-0.422395171381162,global_k2_t2_e06_a10_b05,0.06,0.14,0.0,0.78,0.0199999999999999,0.412714431267255,1093,may2026_measured_133,0.22422706745123,False,False
all_real_plus_may133,within_cow_random5,2,StrictSourceAwareMemoryFusion,1127,MAY2026_60,60,may2026_measured_133,real_may_measured,measured,36.3,33.3,22,38.5,39.4380697412333,40.0453801086593,38.948060761252,38.3,38.3,38.6126373996863,-0.112637399686299,global_k2_t2_e06_a10_b05,0.06,0.14,0.0,0.78,0.0199999999999999,0.412714431267255,1010,may2026_measured_133,0.17139946842909,False,False
all_real_plus_may133,within_cow_random5,2,StrictSourceAwareMemoryFusion,1129,MAY2026_60,60,may2026_measured_133,real_may_measured,measured,34.0,28.8,24,40.2,40.0292665279001,39.909798039654,39.4596596393403,40.7,40.85,40.5521277172256,-0.352127717225557,global_k2_t2_e06_a10_b05,0.06,0.14,0.0,0.78,0.0199999999999999,0.412714431267255,1038,may2026_measured_133,0.545323553294536,False,False
all_real_plus_may133,within_cow_random5,3,StrictSourceAwareMemoryFusion,3,HIST_0,0,core_history_280,real_history,measured_or_research,31.5,18.3,13,38.2,38.1890103725607,38.1,38.4119066006415,38.2142857142857,38.2,38.1097911409817,0.0902088590183325,global_k1_t2_e06_a5,0.11,0.89,0.0,0.0,0.0,0.298043642210407,275,core_history_280,0.971825315807548,False,False
all_real_plus_may133,within_cow_random5,3,StrictSourceAwareMemoryFusion,4,HIST_0,0,core_history_280,real_history,measured_or_research,32.6,20.8,14,38.4,38.242006272686,38.1,38.55384042475,38.2142857142857,38.2,38.1156206899955,0.284379310004539,global_k1_t2_e06_a5,0.11,0.89,0.0,0.0,0.0,0.298043642210407,276,core_history_280,0.554616984954482,False,False
all_real_plus_may133,within_cow_random5,3,StrictSourceAwareMemoryFusion,24,HIST_10,10,core_history_280,real_history,measured_or_research,33.3,9.3,13,38.5,38.4677474658239,38.5,38.3869098665356,38.5473684210526,38.46,38.4964522212406,0.0035477787593691,global_k1_t2_e06_a5,0.11,0.89,0.0,0.0,0.0,0.298043642210407,23,core_history_280,0.0,True,False
all_real_plus_may133,within_cow_random5,3,StrictSourceAwareMemoryFusion,27,HIST_10,10,core_history_280,real_history,measured_or_research,33.1,11.2,14,38.5,38.4422180313391,38.3,38.5246093886391,38.5473684210526,38.46,38.3156439834473,0.184356016552698,global_k1_t2_e06_a5,0.11,0.89,0.0,0.0,0.0,0.298043642210407,163,core_history_280,0.5081119736611,False,False
all_real_plus_may133,within_cow_random5,3,StrictSourceAwareMemoryFusion,28,HIST_10,10,core_history_280,real_history,measured_or_research,33.1,11.2,14,38.5,38.4305940668407,38.3,38.384202845919,38.5473684210526,38.46,38.3143653473525,0.185634652647522,global_k1_t2_e06_a5,0.11,0.89,0.0,0.0,0.0,0.298043642210407,163,core_history_280,0.5081119736611,False,False
all_real_plus_may133,within_cow_random5,3,StrictSourceAwareMemoryFusion,31,HIST_10,10,core_history_280,real_history,measured_or_research,36.4,9.1,15,38.5,38.4933088009937,38.5,37.8652418753329,38.5473684210526,38.46,38.4992639681093,0.0007360318906961,global_k1_t2_e06_a5,0.11,0.89,0.0,0.0,0.0,0.298043642210407,32,core_history_280,0.0,True,False
all_real_plus_may133,within_cow_random5,3,StrictSourceAwareMemoryFusion,33,HIST_10,10,core_history_280,real_history,measured_or_research,32.0,9.0,19,39.0,39.057171836487,39.0,38.9116593997746,38.5473684210526,38.7333333333333,39.0062889020136,-0.0062889020135727,global_k1_t2_e06_a5,0.11,0.89,0.0,0.0,0.0,0.298043642210407,34,core_history_280,0.0,True,False
all_real_plus_may133,within_cow_random5,3,StrictSourceAwareMemoryFusion,40,HIST_11,11,core_history_280,real_history,measured_or_research,32.9,5.4,0,38.2,38.5693104758372,38.2,39.4652099286591,39.1952380952381,38.2,38.2406241523421,-0.0406241523420903,global_k1_t2_e06_a5,0.11,0.89,0.0,0.0,0.0,0.298043642210407,39,core_history_280,0.0,True,False
all_real_plus_may133,within_cow_random5,3,StrictSourceAwareMemoryFusion,41,HIST_11,11,core_history_280,real_history,measured_or_research,30.8,6.1,11,39.5,39.7314542157434,39.5,39.6889454469355,39.1952380952381,39.3,39.5254599637318,-0.0254599637317767,global_k1_t2_e06_a5,0.11,0.89,0.0,0.0,0.0,0.298043642210407,42,core_history_280,0.0,True,False
all_real_plus_may133,within_cow_random5,3,StrictSourceAwareMemoryFusion,44,HIST_11,11,core_history_280,real_history,measured_or_research,33.1,5.0,11,39.1,38.9692438651208,39.1,39.5078756246716,39.1952380952381,39.3,39.0856168251633,0.0143831748367091,global_k1_t2_e06_a5,0.11,0.89,0.0,0.0,0.0,0.298043642210407,43,core_history_280,0.0,True,False
all_real_plus_may133,within_cow_random5,3,StrictSourceAwareMemoryFusion,49,HIST_11,11,core_history_280,real_history,measured_or_research,32.8,8.0,13,39.2,39.1736177500748,39.2,39.3199798355805,39.1952380952381,38.93,39.1970979525082,0.0029020474917729,global_k1_t2_e06_a5,0.11,0.89,0.0,0.0,0.0,0.298043642210407,50,core_history_280,0.0,True,False
all_real_plus_may133,within_cow_random5,3,StrictSourceAwareMemoryFusion,56,HIST_11,11,core_history_280,real_history,measured_or_research,36.0,9.1,15,38.9,38.9306119126528,38.9,38.658661352393,39.1952380952381,38.93,38.9033673103918,-0.0033673103918161,global_k1_t2_e06_a5,0.11,0.89,0.0,0.0,0.0,0.298043642210407,55,core_history_280,0.0,True,False
all_real_plus_may133,within_cow_random5,3,StrictSourceAwareMemoryFusion,66,HIST_12,12,core_history_280,real_history,measured_or_research,31.8,5.4,0,38.1,38.1629516136464,38.1,38.6217064396573,38.3315789473684,38.1,38.1069246775011,-0.0069246775011038,global_k1_t2_e06_a5,0.11,0.89,0.0,0.0,0.0,0.298043642210407,65,core_history_280,0.0,True,False
all_real_plus_may133,within_cow_random5,3,StrictSourceAwareMemoryFusion,67,HIST_12,12,core_history_280,real_history,measured_or_research,35.7,6.1,11,38.1,38.4069153279414,38.1,38.2947944698262,38.3315789473684,38.1,38.1337606860736,-0.0337606860735491,global_k1_t2_e06_a5,0.11,0.89,0.0,0.0,0.0,0.298043642210407,68,core_history_280,0.0,True,False
all_real_plus_may133,within_cow_random5,3,StrictSourceAwareMemoryFusion,78,HIST_12,12,core_history_280,real_history,measured_or_research,33.6,8.8,14,38.5,38.3895523776599,38.5,38.2657033207601,38.3315789473684,38.2818181818182,38.4878507615426,0.0121492384574111,global_k1_t2_e06_a5,0.11,0.89,0.0,0.0,0.0,0.298043642210407,77,core_history_280,0.0,True,False
all_real_plus_may133,within_cow_random5,3,StrictSourceAwareMemoryFusion,81,HIST_12,12,core_history_280,real_history,measured_or_research,33.2,9.0,19,38.5,38.5750476950576,38.5,38.6074229686836,38.3315789473684,38.4333333333333,38.5082552464563,-0.0082552464563434,global_k1_t2_e06_a5,0.11,0.89,0.0,0.0,0.0,0.298043642210407,82,core_history_280,0.0,True,False
all_real_plus_may133,within_cow_random5,3,StrictSourceAwareMemoryFusion,88,HIST_12,12,core_history_280,real_history,measured_or_research,32.2,5.5,23,38.9,38.4131211189758,38.9,38.4274585019473,38.3315789473684,38.5666666666667,38.8464433230873,0.0535566769126632,global_k1_t2_e06_a5,0.11,0.89,0.0,0.0,0.0,0.298043642210407,87,core_history_280,0.0,True,False
all_real_plus_may133,within_cow_random5,3,StrictSourceAwareMemoryFusion,96,HIST_13,13,core_history_280,real_history,measured_or_research,31.3,6.9,12,38.3,38.1904290722193,38.3,38.38859015219,38.3,38.1545454545455,38.2879471979441,0.0120528020558766,global_k1_t2_e06_a5,0.11,0.89,0.0,0.0,0.0,0.298043642210407,95,core_history_280,0.0,True,False
all_real_plus_may133,within_cow_random5,3,StrictSourceAwareMemoryFusion,98,HIST_13,13,core_history_280,real_history,measured_or_research,31.9,6.8,12,38.0,38.2363954729753,38.0,38.3783289167007,38.3,38.1545454545455,38.0260035020273,-0.0260035020272795,global_k1_t2_e06_a5,0.11,0.89,0.0,0.0,0.0,0.298043642210407,97,core_history_280,0.0,True,False
all_real_plus_may133,within_cow_random5,3,StrictSourceAwareMemoryFusion,99,HIST_13,13,core_history_280,real_history,measured_or_research,31.6,9.3,13,38.0,37.9659623535751,38.0,38.3358373357851,38.3,38.1545454545455,37.9962558588933,0.0037441411067433,global_k1_t2_e06_a5,0.11,0.89,0.0,0.0,0.0,0.298043642210407,100,core_history_280,0.0,True,False
all_real_plus_may133,within_cow_random5,3,StrictSourceAwareMemoryFusion,111,HIST_13,13,core_history_280,real_history,measured_or_research,29.6,6.0,21,38.3,38.1057593344397,38.3,38.2978737566336,38.3,38.2,38.2786335267884,0.0213664732116428,global_k1_t2_e06_a5,0.11,0.89,0.0,0.0,0.0,0.298043642210407,329,dec2025_140,0.0,True,False
all_real_plus_may133,within_cow_random5,3,StrictSourceAwareMemoryFusion,112,HIST_13,13,core_history_280,real_history,measured_or_research,29.6,6.0,21,38.3,38.0703599278514,38.3,38.2950777213552,38.3,38.2,38.2747395920636,0.0252604079363508,global_k1_t2_e06_a5,0.11,0.89,0.0,0.0,0.0,0.298043642210407,329,dec2025_140,0.0,True,False
all_real_plus_may133,within_cow_random5,3,StrictSourceAwareMemoryFusion,116,HIST_13,13,core_history_280,real_history,measured_or_research,30.5,5.5,23,38.1,37.9658956760971,38.1,38.4619197389301,38.3,38.1,38.0852485243707,0.0147514756293248,global_k1_t2_e06_a5,0.11,0.89,0.0,0.0,0.0,0.298043642210407,115,core_history_280,0.0,True,False
all_real_plus_may133,within_cow_random5,3,StrictSourceAwareMemoryFusion,118,HIST_14,14,core_history_280,real_history,measured_or_research,29.5,5.4,0,38.9,39.0520776858862,38.9,38.9200863493577,38.9631578947368,38.9,38.9167285454475,-0.0167285454474921,global_k1_t2_e06_a5,0.11,0.89,0.0,0.0,0.0,0.298043642210407,117,core_history_280,0.0,True,False
all_real_plus_may133,within_cow_random5,3,StrictSourceAwareMemoryFusion,125,HIST_14,14,core_history_280,real_history,measured_or_research,31.1,8.0,13,38.6,38.591000550049,38.6,38.7143901578826,38.9631578947368,38.525,38.5990100605054,0.0009899394946089,global_k1_t2_e06_a5,0.11,0.89,0.0,0.0,0.0,0.298043642210407,336,dec2025_140,0.0,True,False
all_real_plus_may133,within_cow_random5,3,StrictSourceAwareMemoryFusion,126,HIST_14,14,core_history_280,real_history,measured_or_research,31.1,8.0,13,38.6,38.6840963422976,38.6,38.740106862855,38.9631578947368,38.525,38.6092505976527,-0.0092505976527306,global_k1_t2_e06_a5,0.11,0.89,0.0,0.0,0.0,0.298043642210407,336,dec2025_140,0.0,True,False
all_real_plus_may133,within_cow_random5,3,StrictSourceAwareMemoryFusion,127,HIST_14,14,core_history_280,real_history,measured_or_research,32.8,9.3,13,38.5,38.7644459643168,38.5,38.7820960878226,38.9631578947368,38.525,38.5290890560749,-0.0290890560748522,global_k1_t2_e06_a5,0.11,0.89,0.0,0.0,0.0,0.298043642210407,128,core_history_280,0.0,True,False
all_real_plus_may133,within_cow_random5,3,StrictSourceAwareMemoryFusion,133,HIST_14,14,core_history_280,real_history,measured_or_research,33.9,9.1,15,38.5,39.0300288101467,38.5,38.5533059149801,38.9631578947368,38.525,38.5583031691161,-0.0583031691161366,global_k1_t2_e06_a5,0.11,0.89,0.0,0.0,0.0,0.298043642210407,134,core_history_280,0.0,True,False
all_real_plus_may133,within_cow_random5,3,StrictSourceAwareMemoryFusion,145,HIST_15,15,core_history_280,real_history,measured_or_research,33.9,11.2,15,38.6,38.5300041997136,38.3,38.6058329476097,38.7,38.5333333333333,38.3253004619685,0.274699538031506,global_k1_t2_e06_a5,0.11,0.89,0.0,0.0,0.0,0.298043642210407,29,core_history_280,0.0,True,False
all_real_plus_may133,within_cow_random5,3,StrictSourceAwareMemoryFusion,149,HIST_15,15,core_history_280,real_history,measured_or_research,30.7,6.0,21,39.1,39.1245628528771,39.1,38.7190672819899,38.7,39.0333333333333,39.1027019138165,-0.0027019138164803,global_k1_t2_e06_a5,0.11,0.89,0.0,0.0,0.0,0.298043642210407,150,core_history_280,0.0,True,False
all_real_plus_may133,within_cow_random5,3,StrictSourceAwareMemoryFusion,154,HIST_15,15,core_history_280,real_history,measured_or_research,30.7,5.5,23,38.6,38.63878173479,38.6,38.7889786067792,38.7,38.8,38.6042659908269,-0.0042659908268944,global_k1_t2_e06_a5,0.11,0.89,0.0,0.0,0.0,0.298043642210407,153,core_history_280,0.0,True,False
all_real_plus_may133,within_cow_random5,3,StrictSourceAwareMemoryFusion,158,HIST_16,16,core_history_280,real_history,measured_or_research,31.8,6.1,11,39.2,38.9709165468221,39.2,39.10910381755,38.6571428571429,39.2,39.1748008201504,0.0251991798495723,global_k1_t2_e06_a5,0.11,0.89,0.0,0.0,0.0,0.298043642210407,157,core_history_280,0.0,True,False
all_real_plus_may133,within_cow_random5,3,StrictSourceAwareMemoryFusion,161,HIST_16,16,core_history_280,real_history,measured_or_research,31.9,9.3,13,38.1,38.242123092753,38.0,38.5630103535303,38.6571428571429,38.3333333333333,38.0266335402028,0.073366459797171,global_k1_t2_e06_a5,0.11,0.89,0.0,0.0,0.0,0.298043642210407,100,core_history_280,0.499999999999995,False,False
all_real_plus_may133,within_cow_random5,3,StrictSourceAwareMemoryFusion,162,HIST_16,16,core_history_280,real_history,measured_or_research,31.9,9.3,13,38.1,38.3384333529334,38.0,38.6334719665574,38.6571428571429,38.3333333333333,38.0372276688227,0.062772331177321,global_k1_t2_e06_a5,0.11,0.89,0.0,0.0,0.0,0.298043642210407,100,core_history_280,0.499999999999995,False,False
all_real_plus_may133,within_cow_random5,3,StrictSourceAwareMemoryFusion,168,HIST_16,16,core_history_280,real_history,measured_or_research,32.1,9.0,19,39.4,39.0240318332916,39.4,38.891440816479,38.6571428571429,38.8666666666667,39.3586435016621,0.041356498337926,global_k1_t2_e06_a5,0.11,0.89,0.0,0.0,0.0,0.298043642210407,167,core_history_280,0.0,True,False
all_real_plus_may133,within_cow_random5,3,StrictSourceAwareMemoryFusion,181,HIST_17,17,core_history_280,real_history,measured_or_research,32.8,6.8,12,38.7,38.5013315307546,38.0,38.613641853915,38.4454545454545,38.7333333333333,38.055146468383,0.644853531616988,global_k1_t2_e06_a5,0.11,0.89,0.0,0.0,0.0,0.298043642210407,69,core_history_280,0.167862377493525,False,False
all_real_plus_may133,within_cow_random5,3,StrictSourceAwareMemoryFusion,182,HIST_17,17,core_history_280,real_history,measured_or_research,32.8,6.8,12,38.7,38.461064055798,38.0,38.7385773151005,38.4454545454545,38.7333333333333,38.0507170461378,0.649282953862226,global_k1_t2_e06_a5,0.11,0.89,0.0,0.0,0.0,0.298043642210407,69,core_history_280,0.167862377493525,False,False
all_real_plus_may133,within_cow_random5,3,StrictSourceAwareMemoryFusion,183,HIST_17,17,core_history_280,real_history,measured_or_research,31.3,9.3,13,38.2,38.522185029524,38.6,38.6775393056012,38.4454545454545,38.7333333333333,38.5914403532476,-0.391440353247631,global_k1_t2_e06_a5,0.11,0.89,0.0,0.0,0.0,0.298043642210407,336,dec2025_140,0.422742369666338,False,False
all_real_plus_may133,within_cow_random5,3,StrictSourceAwareMemoryFusion,184,HIST_17,17,core_history_280,real_history,measured_or_research,31.3,9.3,13,38.2,38.6851718320469,38.6,38.7449434783854,38.4454545454545,38.7333333333333,38.6093689015252,-0.409368901525156,global_k1_t2_e06_a5,0.11,0.89,0.0,0.0,0.0,0.298043642210407,336,dec2025_140,0.422742369666338,False,False
all_real_plus_may133,within_cow_random5,3,StrictSourceAwareMemoryFusion,192,HIST_17,17,core_history_280,real_history,measured_or_research,33.3,11.2,15,38.0,38.5439316101989,38.0,38.7396436498946,38.4454545454545,38.7333333333333,38.0598324771219,-0.0598324771218799,global_k1_t2_e06_a5,0.11,0.89,0.0,0.0,0.0,0.298043642210407,191,core_history_280,0.0,True,False
all_real_plus_may133,within_cow_random5,3,StrictSourceAwareMemoryFusion,196,HIST_17,17,core_history_280,real_history,measured_or_research,31.5,6.0,21,38.2,38.3337434128858,38.2,39.0335032917706,38.4454545454545,38.2666666666667,38.2147117754174,-0.0147117754174388,global_k1_t2_e06_a5,0.11,0.89,0.0,0.0,0.0,0.298043642210407,195,core_history_280,0.0,True,False
all_real_plus_may133,within_cow_random5,3,StrictSourceAwareMemoryFusion,203,HIST_18,18,core_history_280,real_history,measured_or_research,30.4,5.0,11,38.5,38.3155109080406,38.5,38.4631789643024,38.2666666666667,38.1666666666667,38.4797061998845,0.0202938001155317,global_k1_t2_e06_a5,0.11,0.89,0.0,0.0,0.0,0.298043642210407,204,core_history_280,0.0,True,False
all_real_plus_may133,within_cow_random5,3,StrictSourceAwareMemoryFusion,208,HIST_18,18,core_history_280,real_history,measured_or_research,31.6,6.8,12,38.1,38.1441923143365,38.1,38.2462607547333,38.2666666666667,37.9727272727273,38.104861154577,-0.0048611545770143,global_k1_t2_e06_a5,0.11,0.89,0.0,0.0,0.0,0.298043642210407,207,core_history_280,0.0,True,False
all_real_plus_may133,within_cow_random5,3,StrictSourceAwareMemoryFusion,221,HIST_18,18,core_history_280,real_history,measured_or_research,31.2,6.0,21,39.2,38.9021253408174,39.2,38.386993310318,38.2666666666667,39.0666666666667,39.1672337874899,0.0327662125100829,global_k1_t2_e06_a5,0.11,0.89,0.0,0.0,0.0,0.298043642210407,222,core_history_280,0.0,True,False
all_real_plus_may133,within_cow_random5,3,StrictSourceAwareMemoryFusion,223,HIST_18,18,core_history_280,real_history,measured_or_research,31.5,5.4,22,38.8,38.6914855702313,38.8,38.285354136058,38.2666666666667,38.6,38.7880634127254,0.0119365872745547,global_k1_t2_e06_a5,0.11,0.89,0.0,0.0,0.0,0.298043642210407,224,core_history_280,0.0,True,False
all_real_plus_may133,within_cow_random5,3,StrictSourceAwareMemoryFusion,226,HIST_18,18,core_history_280,real_history,measured_or_research,31.0,5.5,23,38.4,38.5297818235607,38.4,38.4226276219019,38.2666666666667,38.6,38.4142760005917,-0.0142760005916784,global_k1_t2_e06_a5,0.11,0.89,0.0,0.0,0.0,0.298043642210407,225,core_history_280,0.0,True,False
all_real_plus_may133,within_cow_random5,3,StrictSourceAwareMemoryFusion,238,HIST_19,19,core_history_280,real_history,measured_or_research,32.8,9.3,13,38.8,38.8398350215087,38.5,38.9347941649819,38.9727272727273,38.9636363636364,38.537381852366,0.262618147634043,global_k1_t2_e06_a5,0.11,0.89,0.0,0.0,0.0,0.298043642210407,128,core_history_280,0.0,True,False
all_real_plus_may133,within_cow_random5,3,StrictSourceAwareMemoryFusion,239,HIST_19,19,core_history_280,real_history,measured_or_research,33.0,8.0,13,38.9,38.7947283684504,38.9,38.8280764023551,38.9727272727273,38.9636363636364,38.8884201205296,0.011579879470446,global_k1_t2_e06_a5,0.11,0.89,0.0,0.0,0.0,0.298043642210407,393,dec2025_140,0.0,True,False
all_real_plus_may133,within_cow_random5,3,StrictSourceAwareMemoryFusion,240,HIST_19,19,core_history_280,real_history,measured_or_research,33.0,8.0,13,38.9,38.8156343089666,38.9,38.9021606457553,38.9727272727273,38.9636363636364,38.8907197739863,0.0092802260136721,global_k1_t2_e06_a5,0.11,0.89,0.0,0.0,0.0,0.298043642210407,393,dec2025_140,0.0,True,False
all_real_plus_may133,within_cow_random5,3,StrictSourceAwareMemoryFusion,249,HIST_19,19,core_history_280,real_history,measured_or_research,33.5,6.0,21,39.9,39.7974368135864,39.9,38.9606768712204,38.9727272727273,39.3666666666667,39.8887180494945,0.0112819505054915,global_k1_t2_e06_a5,0.11,0.89,0.0,0.0,0.0,0.298043642210407,250,core_history_280,0.0,True,False
all_real_plus_may133,within_cow_random5,3,StrictSourceAwareMemoryFusion,251,HIST_19,19,core_history_280,real_history,measured_or_research,33.8,5.4,22,39.4,39.4070390514799,39.4,38.8981662037169,38.9727272727273,39.35,39.4007742956628,-0.0007742956628007,global_k1_t2_e06_a5,0.11,0.89,0.0,0.0,0.0,0.298043642210407,252,core_history_280,0.0,True,False
all_real_plus_may133,within_cow_random5,3,StrictSourceAwareMemoryFusion,254,HIST_19,19,core_history_280,real_history,measured_or_research,33.3,5.5,23,39.3,39.2509225077925,39.3,39.1077041800937,38.9727272727273,39.35,39.2946014758572,0.0053985241428264,global_k1_t2_e06_a5,0.11,0.89,0.0,0.0,0.0,0.298043642210407,253,core_history_280,0.0,True,False
all_real_plus_may133,within_cow_random5,3,StrictSourceAwareMemoryFusion,273,HIST_7,7,core_history_280,real_history,measured_or_research,30.2,16.0,12,38.0,38.0453311493862,38.3,38.0742427149452,38.1285714285714,38.0333333333333,38.2719864264325,-0.271986426432477,global_k1_t2_e06_a5,0.11,0.89,0.0,0.0,0.0,0.298043642210407,2,core_history_280,0.333333333333332,False,False
all_real_plus_may133,within_cow_random5,3,StrictSourceAwareMemoryFusion,278,HIST_7,7,core_history_280,real_history,measured_or_research,30.7,11.8,22,39.1,38.1635563911817,38.2,38.4704156475747,38.1285714285714,38.15,38.19599120303,0.904008796970011,global_k1_t2_e06_a5,0.11,0.89,0.0,0.0,0.0,0.298043642210407,279,core_history_280,0.556936062558151,False,False
all_real_plus_may133,within_cow_random5,3,StrictSourceAwareMemoryFusion,281,DEC2025_10,10,dec2025_140,real_history,measured,31.4,5.4,0,39.0,38.2854963513353,39.0,38.9411304601523,38.52,38.52,38.8356641608071,0.164335839192887,global_k1_t2_e03_a5,0.23,0.77,0.0,0.0,0.0,0.232725505058944,15,core_history_280,0.0,True,False
all_real_plus_may133,within_cow_random5,3,StrictSourceAwareMemoryFusion,287,DEC2025_10,10,dec2025_140,real_history,measured,33.1,11.2,14,38.5,38.4143343569985,38.3,38.5931475780111,38.52,38.4666666666667,38.3262969021096,0.173703097890353,global_k1_t2_e03_a5,0.23,0.77,0.0,0.0,0.0,0.232725505058944,163,core_history_280,0.584389520021632,False,False
all_real_plus_may133,within_cow_random5,3,StrictSourceAwareMemoryFusion,293,DEC2025_11,11,dec2025_140,real_history,measured,32.9,5.4,0,38.2,38.6739648632105,38.2,38.8153907602196,39.32,39.32,38.3090119185384,-0.109011918538414,global_k1_t2_e03_a5,0.23,0.77,0.0,0.0,0.0,0.232725505058944,39,core_history_280,0.0,True,False
all_real_plus_may133,within_cow_random5,3,StrictSourceAwareMemoryFusion,295,DEC2025_11,11,dec2025_140,real_history,measured,33.1,5.0,11,39.1,39.2075291581882,39.1,38.8790710790983,39.32,39.5,39.1247317063833,-0.0247317063832924,global_k1_t2_e03_a5,0.23,0.77,0.0,0.0,0.0,0.232725505058944,43,core_history_280,0.0,True,False
all_real_plus_may133,within_cow_random5,3,StrictSourceAwareMemoryFusion,296,DEC2025_11,11,dec2025_140,real_history,measured,34.2,6.9,12,38.5,38.9569177268056,38.5,38.2028802448595,39.32,39.04,38.6050910771653,-0.105091077165298,global_k1_t2_e03_a5,0.23,0.77,0.0,0.0,0.0,0.232725505058944,45,core_history_280,0.0,True,False
all_real_plus_may133,within_cow_random5,3,StrictSourceAwareMemoryFusion,312,DEC2025_12,12,dec2025_140,real_history,measured,33.6,8.8,14,38.5,38.0303456744941,38.5,38.5187258984248,38.32,38.2,38.3919795051337,0.108020494866345,global_k1_t2_e03_a5,0.23,0.77,0.0,0.0,0.0,0.232725505058944,77,core_history_280,0.0,True,False
all_real_plus_may133,within_cow_random5,3,StrictSourceAwareMemoryFusion,313,DEC2025_12,12,dec2025_140,real_history,measured,35.0,11.2,15,38.5,38.1266807657552,38.5,38.3948913208831,38.32,38.2,38.4141365761237,0.0858634238762974,global_k1_t2_e03_a5,0.23,0.77,0.0,0.0,0.0,0.232725505058944,79,core_history_280,0.0,True,False
all_real_plus_may133,within_cow_random5,3,StrictSourceAwareMemoryFusion,323,DEC2025_13,13,dec2025_140,real_history,measured,31.6,9.3,13,38.0,38.2168322411306,38.0,38.3322176768406,38.3363636363636,38.225,38.04987141546,-0.0498714154600464,global_k1_t2_e03_a5,0.23,0.77,0.0,0.0,0.0,0.232725505058944,100,core_history_280,0.0,True,False
all_real_plus_may133,within_cow_random5,3,StrictSourceAwareMemoryFusion,325,DEC2025_13,13,dec2025_140,real_history,measured,31.8,8.8,14,38.0,38.4017497613334,38.0,38.3622879276268,38.3363636363636,38.225,38.0924024451067,-0.0924024451066714,global_k1_t2_e03_a5,0.23,0.77,0.0,0.0,0.0,0.232725505058944,103,core_history_280,0.0,True,False
all_real_plus_may133,within_cow_random5,3,StrictSourceAwareMemoryFusion,327,DEC2025_13,13,dec2025_140,real_history,measured,33.9,11.2,15,38.1,38.0620281228658,38.3,38.2729407098516,38.3363636363636,38.225,38.2452664682591,-0.145266468259123,global_k1_t2_e03_a5,0.23,0.77,0.0,0.0,0.0,0.232725505058944,29,core_history_280,0.0,True,False
all_real_plus_may133,within_cow_random5,3,StrictSourceAwareMemoryFusion,333,DEC2025_14,14,dec2025_140,real_history,measured,30.9,6.1,11,41.5,39.3149146127887,41.5,39.1467780569854,38.67,38.7,40.9974303609414,0.502569639058606,global_k1_t2_e03_a5,0.23,0.77,0.0,0.0,0.0,0.232725505058944,119,core_history_280,0.0,True,False
all_real_plus_may133,within_cow_random5,3,StrictSourceAwareMemoryFusion,339,DEC2025_14,14,dec2025_140,real_history,measured,30.7,11.2,15,38.5,38.7040491515237,38.5,38.4313605480101,38.67,38.54,38.5469313048504,-0.0469313048504461,global_k1_t2_e03_a5,0.23,0.77,0.0,0.0,0.0,0.232725505058944,131,core_history_280,0.0,True,False
all_real_plus_may133,within_cow_random5,3,StrictSourceAwareMemoryFusion,353,DEC2025_16,16,dec2025_140,real_history,measured,32.2,6.9,12,38.0,38.8369477815067,38.0,38.534198432323,38.8428571428571,38.5,38.1924979897465,-0.192497989746549,global_k1_t2_e03_a5,0.23,0.77,0.0,0.0,0.0,0.232725505058944,159,core_history_280,0.0,True,False
all_real_plus_may133,within_cow_random5,3,StrictSourceAwareMemoryFusion,354,DEC2025_16,16,dec2025_140,real_history,measured,31.9,9.3,13,38.1,38.5791821944756,38.0,38.6119873442027,38.8428571428571,38.5,38.1332119047294,-0.0332119047293986,global_k1_t2_e03_a5,0.23,0.77,0.0,0.0,0.0,0.232725505058944,103,core_history_280,0.609188896083232,False,False
all_real_plus_may133,within_cow_random5,3,StrictSourceAwareMemoryFusion,362,DEC2025_17,17,dec2025_140,real_history,measured,32.2,6.1,11,38.1,38.9618627316986,38.1,39.1026418050131,38.4454545454545,38.3,38.2982284282907,-0.19822842829069,global_k1_t2_e03_a5,0.23,0.77,0.0,0.0,0.0,0.232725505058944,177,core_history_280,0.0,True,False
all_real_plus_may133,within_cow_random5,3,StrictSourceAwareMemoryFusion,364,DEC2025_17,17,dec2025_140,real_history,measured,32.8,6.8,12,38.7,38.695761787046,38.0,38.849850023436,38.4454545454545,38.66,38.1600252110206,0.539974788979436,global_k1_t2_e03_a5,0.23,0.77,0.0,0.0,0.0,0.232725505058944,69,core_history_280,0.333932794303157,False,False
all_real_plus_may133,within_cow_random5,3,StrictSourceAwareMemoryFusion,365,DEC2025_17,17,dec2025_140,real_history,measured,31.3,9.3,13,38.2,38.5140289407753,39.0,38.6385453857828,38.4454545454545,38.66,38.8882266563783,-0.688226656378312,global_k1_t2_e03_a5,0.23,0.77,0.0,0.0,0.0,0.232725505058944,187,core_history_280,0.609188896083238,False,False
all_real_plus_may133,within_cow_random5,3,StrictSourceAwareMemoryFusion,377,DEC2025_18,18,dec2025_140,real_history,measured,31.6,6.8,12,38.1,38.2053392086046,38.1,38.7632613154444,38.43,38.075,38.124228017979,-0.0242280179790484,global_k1_t2_e03_a5,0.23,0.77,0.0,0.0,0.0,0.232725505058944,207,core_history_280,0.0,True,False
all_real_plus_may133,within_cow_random5,3,StrictSourceAwareMemoryFusion,379,DEC2025_18,18,dec2025_140,real_history,measured,30.8,8.0,13,37.5,38.1277848417277,37.5,38.6719590011108,38.43,38.075,37.6443905135974,-0.144390513597372,global_k1_t2_e03_a5,0.23,0.77,0.0,0.0,0.0,0.232725505058944,211,core_history_280,0.0,True,False
all_real_plus_may133,within_cow_random5,3,StrictSourceAwareMemoryFusion,386,DEC2025_18,18,dec2025_140,real_history,measured,31.0,5.5,23,38.4,38.6507468403584,38.4,38.7750810086947,38.43,38.8,38.4576717732824,-0.0576717732824221,global_k1_t2_e03_a5,0.23,0.77,0.0,0.0,0.0,0.232725505058944,225,core_history_280,0.0,True,False
all_real_plus_may133,within_cow_random5,3,StrictSourceAwareMemoryFusion,387,DEC2025_19,19,dec2025_140,real_history,measured,30.7,5.4,0,38.3,38.4875102013434,38.3,39.1241407085968,39.0545454545455,39.0545454545455,38.343127346309,-0.0431273463089781,global_k1_t2_e03_a5,0.23,0.77,0.0,0.0,0.0,0.232725505058944,227,core_history_280,0.0,True,False
all_real_plus_may133,within_cow_random5,3,StrictSourceAwareMemoryFusion,389,DEC2025_19,19,dec2025_140,real_history,measured,32.6,6.1,11,39.4,39.3918652171308,39.4,39.4116131899663,39.0545454545455,38.3,39.3981289999401,0.0018710000599,global_k1_t2_e03_a5,0.23,0.77,0.0,0.0,0.0,0.232725505058944,231,core_history_280,0.0,True,False
all_real_plus_may133,within_cow_random5,3,StrictSourceAwareMemoryFusion,396,DEC2025_19,19,dec2025_140,real_history,measured,35.3,9.1,15,39.0,38.7961049457759,39.0,38.4644521891246,39.0545454545455,38.9333333333333,38.9531041375284,0.0468958624715512,global_k1_t2_e03_a5,0.23,0.77,0.0,0.0,0.0,0.232725505058944,245,core_history_280,0.0,True,False
all_real_plus_may133,within_cow_random5,3,StrictSourceAwareMemoryFusion,1003,MAY2026_51,51,may2026_measured_133,real_may_measured,measured,35.9,33.0,19,39.1,39.2773943454824,39.3,39.477546657193,39.4333333333333,39.4,39.3999292998886,-0.299929299888596,global_k1_t2_e06_a10,0.1,0.06,0.14,0.22,0.48,0.442159368752989,1106,may2026_measured_133,0.189414301935674,False,False
all_real_plus_may133,within_cow_random5,3,StrictSourceAwareMemoryFusion,1009,MAY2026_51,51,may2026_measured_133,real_may_measured,measured,35.3,32.3,22,40.0,39.544792040554,39.4,40.0771208863695,40.0,40.0,39.9292761281471,0.07072387185287,global_k1_t2_e06_a10,0.1,0.06,0.14,0.22,0.48,0.442159368752989,1098,may2026_measured_133,0.27600322059312,False,False
all_real_plus_may133,within_cow_random5,3,StrictSourceAwareMemoryFusion,1011,MAY2026_51,51,may2026_measured_133,real_may_measured,measured,34.8,31.4,23,39.8,39.5195599440415,40.5,40.0335606055644,40.0,40.0,39.9866544791832,-0.186654479183161,global_k1_t2_e06_a10,0.1,0.06,0.14,0.22,0.48,0.442159368752989,1050,may2026_measured_133,0.357786404312845,False,False
all_real_plus_may133,within_cow_random5,3,StrictSourceAwareMemoryFusion,1014,MAY2026_52,52,may2026_measured_133,real_may_measured,measured,35.9,33.4,12,38.6,38.9439789754444,38.0,39.1064863234717,38.8,38.8,38.8093059828305,-0.209305982830479,global_k1_t2_e06_a10,0.1,0.06,0.14,0.22,0.48,0.442159368752989,1113,may2026_measured_133,0.338690287890152,False,False
all_real_plus_may133,within_cow_random5,3,StrictSourceAwareMemoryFusion,1022,MAY2026_52,52,may2026_measured_133,real_may_measured,measured,35.0,33.2,21,39.6,39.8433111181505,38.5,40.2115397362343,39.5333333333333,39.5333333333333,39.5972800082212,0.0027199917788109,global_k1_t2_e06_a10,0.1,0.06,0.14,0.22,0.48,0.442159368752989,1108,may2026_measured_133,0.476141902284513,False,False
all_real_plus_may133,within_cow_random5,3,StrictSourceAwareMemoryFusion,1023,MAY2026_52,52,may2026_measured_133,real_may_measured,measured,36.6,34.3,21,38.6,40.0039415462014,39.4,39.6588881985009,39.5,39.5,39.5666385024103,-0.966638502410269,global_k1_t2_e06_a10,0.1,0.06,0.14,0.22,0.48,0.442159368752989,1008,may2026_measured_133,0.0399999999999999,False,False
all_real_plus_may133,within_cow_random5,3,StrictSourceAwareMemoryFusion,1030,MAY2026_53,53,may2026_measured_133,real_may_measured,measured,36.1,32.5,13,39.3,39.115585551324,38.8,38.9232812841075,39.5,39.5,39.3388179349075,-0.0388179349074562,global_k1_t2_e06_a10,0.1,0.06,0.14,0.22,0.48,0.442159368752989,1016,may2026_measured_133,0.20537229067666,False,False
all_real_plus_may133,within_cow_random5,3,StrictSourceAwareMemoryFusion,1037,MAY2026_53,53,may2026_measured_133,real_may_measured,measured,34.6,29.6,24,40.6,40.4103595206728,40.2,40.0309147694622,40.5666666666667,40.8,40.5660306864587,0.0339693135413413,global_k1_t2_e06_a10,0.1,0.06,0.14,0.22,0.48,0.442159368752989,1101,may2026_measured_133,0.25,False,False
all_real_plus_may133,within_cow_random5,3,StrictSourceAwareMemoryFusion,1041,MAY2026_54,54,may2026_measured_133,real_may_measured,measured,37.9,36.9,15,39.0,39.3497939984049,39.7,39.2303127649864,39.05,39.05,39.1442231869386,-0.144223186938596,global_k1_t2_e06_a10,0.1,0.06,0.14,0.22,0.48,0.442159368752989,1056,may2026_measured_133,0.335724754987049,False,False
all_real_plus_may133,within_cow_random5,3,StrictSourceAwareMemoryFusion,1043,MAY2026_54,54,may2026_measured_133,real_may_measured,measured,38.9,38.8,18,39.5,39.4687133935172,39.7,39.7240575563766,39.5,39.5,39.5402393972444,-0.0402393972444486,global_k1_t2_e06_a10,0.1,0.06,0.14,0.22,0.48,0.442159368752989,1091,may2026_measured_133,1.52777616161531,False,False
all_real_plus_may133,within_cow_random5,3,StrictSourceAwareMemoryFusion,1048,MAY2026_54,54,may2026_measured_133,real_may_measured,measured,38.2,36.8,21,39.4,40.1531269809594,39.2,39.6766931563734,39.5,39.5,39.5720497399882,-0.172049739988218,global_k1_t2_e06_a10,0.1,0.06,0.14,0.22,0.48,0.442159368752989,1125,may2026_measured_133,0.238070951142256,False,False
all_real_plus_may133,within_cow_random5,3,StrictSourceAwareMemoryFusion,1054,MAY2026_55,55,may2026_measured_133,real_may_measured,measured,35.3,31.8,14,39.3,38.7422700225251,38.6,38.8800649339988,39.1,39.1,39.0034360930124,0.296563906987643,global_k1_t2_e06_a10,0.1,0.06,0.14,0.22,0.48,0.442159368752989,1104,may2026_measured_133,0.534675394774974,False,False
all_real_plus_may133,within_cow_random5,3,StrictSourceAwareMemoryFusion,1059,MAY2026_55,55,may2026_measured_133,real_may_measured,measured,34.4,30.8,21,39.4,39.5481107834761,39.2,39.8182132327194,39.7,39.7,39.6713609309283,-0.271360930928346,global_k1_t2_e06_a10,0.1,0.06,0.14,0.22,0.48,0.442159368752989,1107,may2026_measured_133,0.199694210676671,False,False
all_real_plus_may133,within_cow_random5,3,StrictSourceAwareMemoryFusion,1060,MAY2026_55,55,may2026_measured_133,real_may_measured,measured,35.3,31.5,21,38.5,39.6968397764195,40.4,39.2301807360291,38.4,38.4,38.765909280686,-0.265909280686039,global_k1_t2_e06_a10,0.1,0.06,0.14,0.22,0.48,0.442159368752989,1123,may2026_measured_133,0.171399468429101,False,False
all_real_plus_may133,within_cow_random5,3,StrictSourceAwareMemoryFusion,1068,MAY2026_56,56,may2026_measured_133,real_may_measured,measured,34.6,32.1,13,38.2,38.5679108807928,38.5,38.3999254267674,38.2,38.2,38.2827806478267,-0.0827806478267163,global_k1_t2_e06_a10,0.1,0.06,0.14,0.22,0.48,0.442159368752989,1069,may2026_measured_133,0.500899191454723,False,False
all_real_plus_may133,within_cow_random5,3,StrictSourceAwareMemoryFusion,1071,MAY2026_56,56,may2026_measured_133,real_may_measured,measured,36.9,35.6,14,38.2,38.3438701539725,38.3,38.6929941926367,38.2,38.2,38.2894062023664,-0.0894062023663977,global_k1_t2_e06_a10,0.1,0.06,0.14,0.22,0.48,0.442159368752989,1117,may2026_measured_133,0.337062473602616,False,False
all_real_plus_may133,within_cow_random5,3,StrictSourceAwareMemoryFusion,1078,MAY2026_56,56,may2026_measured_133,real_may_measured,measured,34.6,30.4,21,40.0,38.8235556726114,39.2,38.7261846884646,39.3,39.35,39.1900214236462,0.809978576353814,global_k1_t2_e06_a10,0.1,0.06,0.14,0.22,0.48,0.442159368752989,1107,may2026_measured_133,0.180769958172752,False,False
all_real_plus_may133,within_cow_random5,3,StrictSourceAwareMemoryFusion,1079,MAY2026_56,56,may2026_measured_133,real_may_measured,measured,35.1,32.4,21,38.5,38.8018727128976,40.4,38.7987105201279,38.45,38.5,38.6750067441077,-0.175006744107677,global_k1_t2_e06_a10,0.1,0.06,0.14,0.22,0.48,0.442159368752989,1123,may2026_measured_133,0.50249378105604,False,False
all_real_plus_may133,within_cow_random5,3,StrictSourceAwareMemoryFusion,1093,MAY2026_57,57,may2026_measured_133,real_may_measured,measured,37.6,34.2,19,39.7,39.3963968723481,38.7,39.5711263766723,39.45,39.45,39.4165973799689,0.283402620031069,global_k1_t2_e06_a10,0.1,0.06,0.14,0.22,0.48,0.442159368752989,1120,may2026_measured_133,0.22422706745123,False,False
all_real_plus_may133,within_cow_random5,3,StrictSourceAwareMemoryFusion,1094,MAY2026_57,57,may2026_measured_133,real_may_measured,measured,36.9,33.8,20,39.6,39.2712311659274,38.2,39.5255578537148,39.45,39.45,39.3677012161128,0.232298783887195,global_k1_t2_e06_a10,0.1,0.06,0.14,0.22,0.48,0.442159368752989,1121,may2026_measured_133,0.333483299598505,False,False
all_real_plus_may133,within_cow_random5,3,StrictSourceAwareMemoryFusion,1096,MAY2026_57,57,may2026_measured_133,real_may_measured,measured,37.7,33.1,21,40.7,39.6644478106018,38.9,39.3875550608032,39.42,39.3,39.3511024895726,1.34889751042736,global_k1_t2_e06_a10,0.1,0.06,0.14,0.22,0.48,0.442159368752989,1122,may2026_measured_133,0.63333333333333,False,False
all_real_plus_may133,within_cow_random5,3,StrictSourceAwareMemoryFusion,1099,MAY2026_57,57,may2026_measured_133,real_may_measured,measured,37.2,31.8,22,40.6,39.680720969228,40.2,39.1968215740939,39.42,39.275,39.392027117296,1.20797288270405,global_k1_t2_e06_a10,0.1,0.06,0.14,0.22,0.48,0.442159368752989,1026,may2026_measured_133,0.476141902284513,False,False
all_real_plus_may133,within_cow_random5,3,StrictSourceAwareMemoryFusion,1102,MAY2026_58,58,may2026_measured_133,real_may_measured,measured,29.3,20.6,1,39.3,39.655893695143,38.1,38.5164157142616,39.1333333333333,39.1333333333333,39.0372209028443,0.262779097155729,global_k1_t2_e06_a10,0.1,0.06,0.14,0.22,0.48,0.442159368752989,280,core_history_280,1.20037494142455,False,False
all_real_plus_may133,within_cow_random5,3,StrictSourceAwareMemoryFusion,1111,MAY2026_58,58,may2026_measured_133,real_may_measured,measured,32.9,25.3,24,39.0,39.1348313189748,40.0,39.3961588392081,39.1333333333333,39.1,39.20627870272,-0.206278702719956,global_k1_t2_e06_a10,0.1,0.06,0.14,0.22,0.48,0.442159368752989,1064,may2026_measured_133,0.292194760010816,False,False
all_real_plus_may133,within_cow_random5,3,StrictSourceAwareMemoryFusion,1114,MAY2026_60,60,may2026_measured_133,real_may_measured,measured,36.0,33.2,13,38.0,38.0871287855005,38.8,38.5977929599211,38.2333333333333,38.2333333333333,38.3037372262723,-0.303737226272347,global_k1_t2_e06_a10,0.1,0.06,0.14,0.22,0.48,0.442159368752989,1016,may2026_measured_133,0.337062473602616,False,False
all_real_plus_may133,within_cow_random5,3,StrictSourceAwareMemoryFusion,1124,MAY2026_60,60,may2026_measured_133,real_may_measured,measured,36.5,33.6,21,38.4,39.1008004624004,39.4,38.9793701664267,38.35,38.2,38.5041918695398,-0.104191869539797,global_k1_t2_e06_a10,0.1,0.06,0.14,0.22,0.48,0.442159368752989,1008,may2026_measured_133,0.169345143945076,False,False
all_real_plus_may133,within_cow_random5,3,StrictSourceAwareMemoryFusion,1128,MAY2026_60,60,may2026_measured_133,real_may_measured,measured,35.2,30.6,23,40.5,40.1691888574814,40.5,39.3978576183761,40.6,40.7,40.4306189523208,0.0693810476792009,global_k1_t2_e06_a10,0.1,0.06,0.14,0.22,0.48,0.442159368752989,1050,may2026_measured_133,0.39396841384953,False,False
all_real_plus_may133,within_cow_random5,4,StrictSourceAwareMemoryFusion,1,HIST_0,0,core_history_280,real_history,measured_or_research,30.0,13.1,11,38.3,38.748598576065,38.0,39.0552170495598,38.2285714285714,38.2285714285714,38.1796636582556,0.120336341744391,global_k1_t2_e03_a5,0.24,0.76,0.0,0.0,0.0,0.266744236672934,273,core_history_280,1.01530509919159,False,False
all_real_plus_may133,within_cow_random5,4,StrictSourceAwareMemoryFusion,8,HIST_0,0,core_history_280,real_history,measured_or_research,29.2,10.9,23,38.2,38.069372890735,38.3,38.2276229882722,38.2285714285714,38.15,38.2446494937764,-0.0446494937763831,global_k1_t2_e03_a5,0.24,0.76,0.0,0.0,0.0,0.266744236672934,7,core_history_280,0.627304639797216,False,False
all_real_plus_may133,within_cow_random5,4,StrictSourceAwareMemoryFusion,15,HIST_10,10,core_history_280,real_history,measured_or_research,31.4,5.4,0,39.0,38.7292020068519,39.0,38.7654712030496,38.4947368421053,39.0,38.9350084816445,0.0649915183555407,global_k1_t2_e03_a5,0.24,0.76,0.0,0.0,0.0,0.266744236672934,16,core_history_280,0.0,True,False
all_real_plus_may133,within_cow_random5,4,StrictSourceAwareMemoryFusion,17,HIST_10,10,core_history_280,real_history,measured_or_research,33.3,6.1,11,38.8,38.7853019465001,38.8,39.0972034334405,38.4947368421053,38.8,38.79647246716,0.0035275328399677,global_k1_t2_e03_a5,0.24,0.76,0.0,0.0,0.0,0.266744236672934,18,core_history_280,0.0,True,False
all_real_plus_may133,within_cow_random5,4,StrictSourceAwareMemoryFusion,34,HIST_10,10,core_history_280,real_history,measured_or_research,32.0,9.0,19,39.0,38.8317349127445,39.0,38.7411274551886,38.4947368421053,39.0,38.9596163790587,0.0403836209413129,global_k1_t2_e03_a5,0.24,0.76,0.0,0.0,0.0,0.266744236672934,33,core_history_280,0.0,True,False
all_real_plus_may133,within_cow_random5,4,StrictSourceAwareMemoryFusion,35,HIST_10,10,core_history_280,real_history,measured_or_research,32.0,6.0,21,38.6,38.6327261700633,38.4,38.8104433483723,38.4947368421053,39.0,38.4558542808152,0.14414571918482,global_k1_t2_e03_a5,0.24,0.76,0.0,0.0,0.0,0.266744236672934,86,core_history_280,0.612789614069229,False,False
all_real_plus_may133,within_cow_random5,4,StrictSourceAwareMemoryFusion,36,HIST_10,10,core_history_280,real_history,measured_or_research,32.0,6.0,21,38.6,38.5237567040258,38.4,38.6208825793216,38.4947368421053,39.0,38.4297016089662,0.170298391033803,global_k1_t2_e03_a5,0.24,0.76,0.0,0.0,0.0,0.266744236672934,86,core_history_280,0.612789614069229,False,False
all_real_plus_may133,within_cow_random5,4,StrictSourceAwareMemoryFusion,39,HIST_11,11,core_history_280,real_history,measured_or_research,32.9,5.4,0,38.2,38.3281998373798,38.2,39.351794769725,39.1714285714286,38.2,38.2307679609712,-0.0307679609711613,global_k1_t2_e03_a5,0.24,0.76,0.0,0.0,0.0,0.266744236672934,40,core_history_280,0.0,True,False
all_real_plus_may133,within_cow_random5,4,StrictSourceAwareMemoryFusion,46,HIST_11,11,core_history_280,real_history,measured_or_research,34.2,6.9,12,38.5,38.8513000498771,38.5,38.7353679389321,39.1714285714286,38.96,38.5843120119705,-0.0843120119705034,global_k1_t2_e03_a5,0.24,0.76,0.0,0.0,0.0,0.266744236672934,45,core_history_280,0.0,True,False
all_real_plus_may133,within_cow_random5,4,StrictSourceAwareMemoryFusion,48,HIST_11,11,core_history_280,real_history,measured_or_research,36.2,6.8,12,39.3,39.0041299830986,39.3,38.396099515493,39.1714285714286,38.96,39.2289911959437,0.0710088040563406,global_k1_t2_e03_a5,0.24,0.76,0.0,0.0,0.0,0.266744236672934,47,core_history_280,0.0,True,False
all_real_plus_may133,within_cow_random5,4,StrictSourceAwareMemoryFusion,59,HIST_11,11,core_history_280,real_history,measured_or_research,32.6,6.0,21,39.7,40.1000620733807,39.7,39.4107495776149,39.1714285714286,40.0,39.7960148976114,-0.0960148976113757,global_k1_t2_e03_a5,0.24,0.76,0.0,0.0,0.0,0.266744236672934,303,dec2025_140,0.0,True,False
all_real_plus_may133,within_cow_random5,4,StrictSourceAwareMemoryFusion,60,HIST_11,11,core_history_280,real_history,measured_or_research,32.6,6.0,21,39.7,39.8201181121267,39.7,39.2139920671068,39.1714285714286,40.0,39.7288283469104,-0.0288283469104016,global_k1_t2_e03_a5,0.24,0.76,0.0,0.0,0.0,0.266744236672934,303,dec2025_140,0.0,True,False
all_real_plus_may133,within_cow_random5,4,StrictSourceAwareMemoryFusion,70,HIST_12,12,core_history_280,real_history,measured_or_research,32.9,6.9,12,38.0,38.1866576965224,38.0,38.1239522778184,38.3684210526316,38.3333333333333,38.0447978471654,-0.0447978471653627,global_k1_t2_e03_a5,0.24,0.76,0.0,0.0,0.0,0.266744236672934,69,core_history_280,0.0,True,False
all_real_plus_may133,within_cow_random5,4,StrictSourceAwareMemoryFusion,73,HIST_12,12,core_history_280,real_history,measured_or_research,33.2,9.3,13,38.1,38.2118422593347,38.1,38.2046047426951,38.3684210526316,38.3333333333333,38.1268421422403,-0.0268421422403193,global_k1_t2_e03_a5,0.24,0.76,0.0,0.0,0.0,0.266744236672934,74,core_history_280,0.0,True,False
all_real_plus_may133,within_cow_random5,4,StrictSourceAwareMemoryFusion,80,HIST_12,12,core_history_280,real_history,measured_or_research,35.0,11.2,15,38.5,38.3387149686059,38.5,38.1974536089595,38.3684210526316,38.3333333333333,38.4612915924654,0.0387084075345925,global_k1_t2_e03_a5,0.24,0.76,0.0,0.0,0.0,0.266744236672934,79,core_history_280,0.0,True,False
all_real_plus_may133,within_cow_random5,4,StrictSourceAwareMemoryFusion,84,HIST_12,12,core_history_280,real_history,measured_or_research,31.3,6.0,21,38.4,38.5570993297371,38.4,38.3664381342212,38.3684210526316,38.4666666666667,38.4377038391369,-0.0377038391369027,global_k1_t2_e03_a5,0.24,0.76,0.0,0.0,0.0,0.266744236672934,83,core_history_280,0.0,True,False
all_real_plus_may133,within_cow_random5,4,StrictSourceAwareMemoryFusion,85,HIST_12,12,core_history_280,real_history,measured_or_research,32.1,5.4,22,38.4,38.638927862658,38.4,38.4256832325361,38.3684210526316,38.7333333333333,38.4573426870379,-0.0573426870379095,global_k1_t2_e03_a5,0.24,0.76,0.0,0.0,0.0,0.266744236672934,86,core_history_280,0.0,True,False
all_real_plus_may133,within_cow_random5,4,StrictSourceAwareMemoryFusion,89,HIST_13,13,core_history_280,real_history,measured_or_research,29.8,5.4,0,38.0,38.0957216752402,38.0,38.390287442309,38.2739130434783,38.0,38.0229732020576,-0.0229732020576421,global_k1_t2_e03_a5,0.24,0.76,0.0,0.0,0.0,0.266744236672934,90,core_history_280,0.0,True,False
all_real_plus_may133,within_cow_random5,4,StrictSourceAwareMemoryFusion,93,HIST_13,13,core_history_280,real_history,measured_or_research,33.1,6.1,11,39.2,39.0246350244971,39.2,38.7792346894263,38.2739130434783,39.0,39.1579124058793,0.0420875941207015,global_k1_t2_e03_a5,0.24,0.76,0.0,0.0,0.0,0.266744236672934,94,core_history_280,0.0,True,False
all_real_plus_may133,within_cow_random5,4,StrictSourceAwareMemoryFusion,97,HIST_13,13,core_history_280,real_history,measured_or_research,31.9,6.8,12,38.0,38.2662972344116,38.0,38.2628956003547,38.2739130434783,38.1727272727273,38.0639113362588,-0.0639113362587764,global_k1_t2_e03_a5,0.24,0.76,0.0,0.0,0.0,0.266744236672934,98,core_history_280,0.0,True,False
all_real_plus_may133,within_cow_random5,4,StrictSourceAwareMemoryFusion,104,HIST_13,13,core_history_280,real_history,measured_or_research,31.8,8.8,14,38.0,38.2634764837478,38.0,38.3000168357088,38.2739130434783,38.1727272727273,38.0632343560995,-0.0632343560994713,global_k1_t2_e03_a5,0.24,0.76,0.0,0.0,0.0,0.266744236672934,103,core_history_280,0.0,True,False
all_real_plus_may133,within_cow_random5,4,StrictSourceAwareMemoryFusion,107,HIST_13,13,core_history_280,real_history,measured_or_research,33.9,11.2,15,38.1,38.0365125290859,38.3,38.4449369120775,38.2739130434783,38.1727272727273,38.2367630069806,-0.136763006980622,global_k1_t2_e03_a5,0.24,0.76,0.0,0.0,0.0,0.266744236672934,29,core_history_280,0.0,True,False
all_real_plus_may133,within_cow_random5,4,StrictSourceAwareMemoryFusion,119,HIST_14,14,core_history_280,real_history,measured_or_research,30.9,6.1,11,41.5,40.3538775399147,41.5,39.2672611458564,38.8526315789474,39.6333333333333,41.2249306095795,0.275069390420462,global_k1_t2_e03_a5,0.24,0.76,0.0,0.0,0.0,0.266744236672934,120,core_history_280,0.0,True,False
all_real_plus_may133,within_cow_random5,4,StrictSourceAwareMemoryFusion,123,HIST_14,14,core_history_280,real_history,measured_or_research,31.9,6.9,12,38.5,38.5338644958546,38.0,38.5991807965286,38.8526315789474,38.5444444444444,38.1281274790051,0.371872520994884,global_k1_t2_e03_a5,0.24,0.76,0.0,0.0,0.0,0.266744236672934,98,core_history_280,0.0200000000000001,False,False
all_real_plus_may133,within_cow_random5,4,StrictSourceAwareMemoryFusion,124,HIST_14,14,core_history_280,real_history,measured_or_research,31.9,6.9,12,38.5,38.6709833173157,38.0,38.5913085667041,38.8526315789474,38.5444444444444,38.1610359961558,0.338964003844239,global_k1_t2_e03_a5,0.24,0.76,0.0,0.0,0.0,0.266744236672934,98,core_history_280,0.0200000000000001,False,False
all_real_plus_may133,within_cow_random5,4,StrictSourceAwareMemoryFusion,128,HIST_14,14,core_history_280,real_history,measured_or_research,32.8,9.3,13,38.5,38.5965687569623,38.5,38.7080553519941,38.8526315789474,38.5444444444444,38.523176501671,-0.0231765016709602,global_k1_t2_e03_a5,0.24,0.76,0.0,0.0,0.0,0.266744236672934,127,core_history_280,0.0,True,False
all_real_plus_may133,within_cow_random5,4,StrictSourceAwareMemoryFusion,139,HIST_14,14,core_history_280,real_history,measured_or_research,32.7,5.5,23,38.2,38.5856943796977,38.2,39.1088782598351,38.8526315789474,38.2,38.2925666511274,-0.0925666511274414,global_k1_t2_e03_a5,0.24,0.76,0.0,0.0,0.0,0.266744236672934,140,core_history_280,0.0,True,False
all_real_plus_may133,within_cow_random5,4,StrictSourceAwareMemoryFusion,142,HIST_15,15,core_history_280,real_history,measured_or_research,28.6,5.4,0,38.3,38.4018352946486,38.3,38.4205393042557,38.7,38.3,38.3244404707157,-0.0244404707156676,global_k1_t2_e03_a5,0.24,0.76,0.0,0.0,0.0,0.266744236672934,141,core_history_280,0.0,True,False
all_real_plus_may133,within_cow_random5,4,StrictSourceAwareMemoryFusion,147,HIST_15,15,core_history_280,real_history,measured_or_research,30.6,9.0,19,39.0,39.2728979838863,38.2,38.78906269295,38.7,39.1,38.4574955161327,0.54250448386729,global_k1_t2_e03_a5,0.24,0.76,0.0,0.0,0.0,0.266744236672934,109,core_history_280,0.333333333333338,False,False
all_real_plus_may133,within_cow_random5,4,StrictSourceAwareMemoryFusion,148,HIST_15,15,core_history_280,real_history,measured_or_research,30.6,9.0,19,39.0,39.0757363251008,38.2,38.6385089861058,38.7,39.1,38.4101767180242,0.589823281975796,global_k1_t2_e03_a5,0.24,0.76,0.0,0.0,0.0,0.266744236672934,109,core_history_280,0.333333333333338,False,False
all_real_plus_may133,within_cow_random5,4,StrictSourceAwareMemoryFusion,155,HIST_16,16,core_history_280,real_history,measured_or_research,28.7,5.4,0,38.9,38.788419885041,38.9,38.3527893365597,38.6733333333333,38.9,38.8732207724099,0.0267792275901471,global_k1_t2_e03_a5,0.24,0.76,0.0,0.0,0.0,0.266744236672934,156,core_history_280,0.0,True,False
all_real_plus_may133,within_cow_random5,4,StrictSourceAwareMemoryFusion,163,HIST_16,16,core_history_280,real_history,measured_or_research,33.0,8.8,14,38.3,38.4122410456974,38.3,38.5265372671325,38.6733333333333,38.2,38.3269378509674,-0.0269378509673714,global_k1_t2_e03_a5,0.24,0.76,0.0,0.0,0.0,0.266744236672934,164,core_history_280,0.0,True,False
all_real_plus_may133,within_cow_random5,4,StrictSourceAwareMemoryFusion,165,HIST_16,16,core_history_280,real_history,measured_or_research,33.2,9.1,15,38.7,38.5733645355932,38.7,38.5805409620828,38.6733333333333,38.2,38.6696074885424,0.0303925114576202,global_k1_t2_e03_a5,0.24,0.76,0.0,0.0,0.0,0.266744236672934,166,core_history_280,0.0,True,False
all_real_plus_may133,within_cow_random5,4,StrictSourceAwareMemoryFusion,173,HIST_17,17,core_history_280,real_history,measured_or_research,25.4,5.4,0,38.1,38.169750454328,38.1,36.931830865001,38.4478260869565,38.1,38.1167401090387,-0.0167401090387145,global_k1_t2_e03_a5,0.24,0.76,0.0,0.0,0.0,0.266744236672934,174,core_history_280,0.0,True,False
all_real_plus_may133,within_cow_random5,4,StrictSourceAwareMemoryFusion,177,HIST_17,17,core_history_280,real_history,measured_or_research,32.2,6.1,11,38.1,38.7568581326684,38.1,39.0240871590411,38.4478260869565,38.3,38.2576459518404,-0.157645951840415,global_k1_t2_e03_a5,0.24,0.76,0.0,0.0,0.0,0.266744236672934,362,dec2025_140,0.0,True,False
all_real_plus_may133,within_cow_random5,4,StrictSourceAwareMemoryFusion,178,HIST_17,17,core_history_280,real_history,measured_or_research,32.2,6.1,11,38.1,38.9208845263594,38.1,39.1774886497912,38.4478260869565,38.3,38.2970122863263,-0.197012286326249,global_k1_t2_e03_a5,0.24,0.76,0.0,0.0,0.0,0.266744236672934,362,dec2025_140,0.0,True,False
all_real_plus_may133,within_cow_random5,4,StrictSourceAwareMemoryFusion,187,HIST_17,17,core_history_280,real_history,measured_or_research,31.2,8.8,14,39.0,38.5992577007201,39.0,38.5714350183768,38.4478260869565,38.5692307692308,38.9038218481728,0.0961781518271891,global_k1_t2_e03_a5,0.24,0.76,0.0,0.0,0.0,0.266744236672934,188,core_history_280,0.0,True,False
all_real_plus_may133,within_cow_random5,4,StrictSourceAwareMemoryFusion,195,HIST_17,17,core_history_280,real_history,measured_or_research,31.5,6.0,21,38.2,38.5418416205734,38.2,39.0397717003,38.4478260869565,38.2666666666667,38.2820419889376,-0.0820419889376183,global_k1_t2_e03_a5,0.24,0.76,0.0,0.0,0.0,0.266744236672934,196,core_history_280,0.0,True,False
all_real_plus_may133,within_cow_random5,4,StrictSourceAwareMemoryFusion,202,HIST_18,18,core_history_280,real_history,measured_or_research,28.2,5.4,0,38.5,38.4703726057895,38.5,37.7930917597142,38.3571428571429,38.5,38.4928894253895,0.0071105746105288,global_k1_t2_e03_a5,0.24,0.76,0.0,0.0,0.0,0.266744236672934,201,core_history_280,0.0,True,False
all_real_plus_may133,within_cow_random5,4,StrictSourceAwareMemoryFusion,207,HIST_18,18,core_history_280,real_history,measured_or_research,31.6,6.8,12,38.1,38.0502048875206,38.1,38.042782381141,38.3571428571429,37.9555555555556,38.088049173005,0.0119508269950472,global_k1_t2_e03_a5,0.24,0.76,0.0,0.0,0.0,0.266744236672934,208,core_history_280,0.0,True,False
all_real_plus_may133,within_cow_random5,4,StrictSourceAwareMemoryFusion,213,HIST_18,18,core_history_280,real_history,measured_or_research,32.7,9.3,13,38.1,37.8266000813379,38.1,38.1817604308812,38.3571428571429,37.9555555555556,38.0343840195211,0.0656159804789027,global_k1_t2_e03_a5,0.24,0.76,0.0,0.0,0.0,0.266744236672934,214,core_history_280,0.0,True,False
all_real_plus_may133,within_cow_random5,4,StrictSourceAwareMemoryFusion,215,HIST_18,18,core_history_280,real_history,measured_or_research,33.2,8.8,14,38.0,38.149101549723,38.0,38.2731351135727,38.3571428571429,37.9555555555556,38.0357843719335,-0.0357843719335094,global_k1_t2_e03_a5,0.24,0.76,0.0,0.0,0.0,0.266744236672934,216,core_history_280,0.0,True,False
all_real_plus_may133,within_cow_random5,4,StrictSourceAwareMemoryFusion,225,HIST_18,18,core_history_280,real_history,measured_or_research,31.0,5.5,23,38.4,38.5013926849595,38.4,38.5178045608622,38.3571428571429,38.6666666666667,38.4243342443903,-0.0243342443902748,global_k1_t2_e03_a5,0.24,0.76,0.0,0.0,0.0,0.266744236672934,226,core_history_280,0.0,True,False
all_real_plus_may133,within_cow_random5,4,StrictSourceAwareMemoryFusion,231,HIST_19,19,core_history_280,real_history,measured_or_research,32.6,6.1,11,39.4,39.2578381960798,39.4,39.4266353192764,39.0,38.6666666666667,39.3658811670592,0.0341188329408411,global_k1_t2_e03_a5,0.24,0.76,0.0,0.0,0.0,0.266744236672934,232,core_history_280,0.0,True,False
all_real_plus_may133,within_cow_random5,4,StrictSourceAwareMemoryFusion,233,HIST_19,19,core_history_280,real_history,measured_or_research,31.7,6.9,12,39.2,38.8749210683167,39.2,38.698651795361,39.0,38.95,39.121981056396,0.0780189436039933,global_k1_t2_e03_a5,0.24,0.76,0.0,0.0,0.0,0.266744236672934,234,core_history_280,0.0,True,False
all_real_plus_may133,within_cow_random5,4,StrictSourceAwareMemoryFusion,241,HIST_19,19,core_history_280,real_history,measured_or_research,33.7,8.8,14,38.6,38.8924550953809,38.6,38.8005714464626,39.0,38.95,38.6701892228914,-0.0701892228914076,global_k1_t2_e03_a5,0.24,0.76,0.0,0.0,0.0,0.266744236672934,242,core_history_280,0.0,True,False
all_real_plus_may133,within_cow_random5,4,StrictSourceAwareMemoryFusion,248,HIST_19,19,core_history_280,real_history,measured_or_research,32.1,9.0,19,39.1,39.5203852373833,39.4,39.2083818158494,39.0,39.6333333333333,39.428892456972,-0.328892456971978,global_k1_t2_e03_a5,0.24,0.76,0.0,0.0,0.0,0.266744236672934,167,core_history_280,0.0,True,False
all_real_plus_may133,within_cow_random5,4,StrictSourceAwareMemoryFusion,253,HIST_19,19,core_history_280,real_history,measured_or_research,33.3,5.5,23,39.3,39.3254569807247,39.3,39.2261525432325,39.0,39.3666666666667,39.3061096753739,-0.0061096753739349,global_k1_t2_e03_a5,0.24,0.76,0.0,0.0,0.0,0.266744236672934,254,core_history_280,0.0,True,False
all_real_plus_may133,within_cow_random5,4,StrictSourceAwareMemoryFusion,274,HIST_7,7,core_history_280,real_history,measured_or_research,30.8,18.3,13,37.9,37.9821987827881,38.3,38.1031470144538,38.2857142857143,38.05,38.2237277078691,-0.323727707869146,global_k1_t2_e03_a5,0.24,0.76,0.0,0.0,0.0,0.266744236672934,2,core_history_280,1.49645507041735,False,False
all_real_plus_may133,within_cow_random5,4,StrictSourceAwareMemoryFusion,275,HIST_7,7,core_history_280,real_history,measured_or_research,31.9,20.8,14,38.1,38.2110348594783,38.2,38.3725754687119,38.2857142857143,38.05,38.2026483662748,-0.102648366274799,global_k1_t2_e03_a5,0.24,0.76,0.0,0.0,0.0,0.266744236672934,3,core_history_280,1.50923085635623,False,False
all_real_plus_may133,within_cow_random5,4,StrictSourceAwareMemoryFusion,286,DEC2025_10,10,dec2025_140,real_history,measured,33.6,8.0,13,38.4,38.4232998056397,38.4,38.5460244972477,38.57,38.4833333333333,38.4006989941692,-0.0006989941691912,global_k1_t2_e06_a5,0.03,0.97,0.0,0.0,0.0,0.273678265719821,25,core_history_280,0.0,True,False
all_real_plus_may133,within_cow_random5,4,StrictSourceAwareMemoryFusion,291,DEC2025_10,10,dec2025_140,real_history,measured,32.0,6.0,21,38.6,38.8079994171098,38.4,38.9867491369187,38.57,39.0,38.4122399825133,0.18776001748671,global_k1_t2_e06_a5,0.03,0.97,0.0,0.0,0.0,0.273678265719821,86,core_history_280,0.54053471468332,False,False
all_real_plus_may133,within_cow_random5,4,StrictSourceAwareMemoryFusion,297,DEC2025_11,11,dec2025_140,real_history,measured,36.2,6.8,12,39.3,38.7489189771609,39.3,37.9983318582924,39.1545454545455,38.85,39.2834675693148,0.0165324306851744,global_k1_t2_e06_a5,0.03,0.97,0.0,0.0,0.0,0.273678265719821,47,core_history_280,0.0,True,False
all_real_plus_may133,within_cow_random5,4,StrictSourceAwareMemoryFusion,300,DEC2025_11,11,dec2025_140,real_history,measured,36.2,8.8,14,39.0,38.7666993592991,39.0,38.1282886418431,39.1545454545455,38.85,38.993000980779,0.0069990192210269,global_k1_t2_e06_a5,0.03,0.97,0.0,0.0,0.0,0.273678265719821,53,core_history_280,0.0,True,False
all_real_plus_may133,within_cow_random5,4,StrictSourceAwareMemoryFusion,308,DEC2025_12,12,dec2025_140,real_history,measured,32.9,6.9,12,38.0,38.1725080189453,38.0,38.4342798003907,38.33,38.36,38.0051752405684,-0.0051752405683558,global_k1_t2_e06_a5,0.03,0.97,0.0,0.0,0.0,0.273678265719821,69,core_history_280,0.0,True,False
all_real_plus_may133,within_cow_random5,4,StrictSourceAwareMemoryFusion,317,DEC2025_12,12,dec2025_140,real_history,measured,32.2,5.5,23,38.9,38.1957888095433,38.9,38.7193085811384,38.33,38.4,38.8788736642863,0.0211263357137028,global_k1_t2_e06_a5,0.03,0.97,0.0,0.0,0.0,0.273678265719821,87,core_history_280,0.0,True,False
all_real_plus_may133,within_cow_random5,4,StrictSourceAwareMemoryFusion,320,DEC2025_13,13,dec2025_140,real_history,measured,33.1,6.1,11,39.2,38.6145186958229,39.2,39.1635859697525,38.1909090909091,38.9,39.1824355608747,0.0175644391253158,global_k1_t2_e06_a5,0.03,0.97,0.0,0.0,0.0,0.273678265719821,94,core_history_280,0.0,True,False
all_real_plus_may133,within_cow_random5,4,StrictSourceAwareMemoryFusion,326,DEC2025_13,13,dec2025_140,real_history,measured,32.0,9.1,15,38.4,38.3552029423381,38.4,38.5856780349109,38.1909090909091,38.1,38.3986560882701,0.0013439117298546,global_k1_t2_e06_a5,0.03,0.97,0.0,0.0,0.0,0.273678265719821,105,core_history_280,0.0,True,False
all_real_plus_may133,within_cow_random5,4,StrictSourceAwareMemoryFusion,330,DEC2025_13,13,dec2025_140,real_history,measured,30.6,5.4,22,38.1,38.1173660360864,38.1,38.6645873991897,38.1909090909091,38.1,38.1005209810826,-0.0005209810825874,global_k1_t2_e06_a5,0.03,0.97,0.0,0.0,0.0,0.273678265719821,113,core_history_280,0.0,True,False
all_real_plus_may133,within_cow_random5,4,StrictSourceAwareMemoryFusion,335,DEC2025_14,14,dec2025_140,real_history,measured,31.9,6.9,12,38.5,38.4784657926236,38.0,38.4813738405419,38.96,38.525,38.0143539737787,0.485646026221296,global_k1_t2_e06_a5,0.03,0.97,0.0,0.0,0.0,0.273678265719821,98,core_history_280,0.0200000000000001,False,False
all_real_plus_may133,within_cow_random5,4,StrictSourceAwareMemoryFusion,336,DEC2025_14,14,dec2025_140,real_history,measured,31.1,8.0,13,38.6,38.448730515735,38.6,38.4725367189501,38.96,38.525,38.5954619154721,0.004538084527951,global_k1_t2_e06_a5,0.03,0.97,0.0,0.0,0.0,0.273678265719821,125,core_history_280,0.0,True,False
all_real_plus_may133,within_cow_random5,4,StrictSourceAwareMemoryFusion,352,DEC2025_16,16,dec2025_140,real_history,measured,31.8,6.1,11,39.2,39.0800623013378,39.2,39.1650250342164,38.6428571428571,38.6428571428571,39.1964018690401,0.0035981309598653,global_k1_t2_e06_a5,0.03,0.97,0.0,0.0,0.0,0.273678265719821,157,core_history_280,0.0,True,False
all_real_plus_may133,within_cow_random5,4,StrictSourceAwareMemoryFusion,355,DEC2025_16,16,dec2025_140,real_history,measured,33.0,8.8,14,38.3,38.4987959108115,38.3,38.5151014883803,38.6428571428571,38.2666666666667,38.3059638773243,-0.0059638773243477,global_k1_t2_e06_a5,0.03,0.97,0.0,0.0,0.0,0.273678265719821,164,core_history_280,0.0,True,False
all_real_plus_may133,within_cow_random5,4,StrictSourceAwareMemoryFusion,360,DEC2025_17,17,dec2025_140,real_history,measured,25.4,5.4,0,38.1,38.3211850371329,38.1,36.7854594264915,38.4545454545455,38.4545454545455,38.106635551114,-0.0066355511139875,global_k1_t2_e06_a5,0.03,0.97,0.0,0.0,0.0,0.273678265719821,174,core_history_280,0.0,True,False
all_real_plus_may133,within_cow_random5,4,StrictSourceAwareMemoryFusion,361,DEC2025_17,17,dec2025_140,real_history,measured,25.3,5.0,11,38.3,38.6056878857438,38.3,37.0824977989926,38.4545454545455,38.1,38.3091706365723,-0.009170636572314,global_k1_t2_e06_a5,0.03,0.97,0.0,0.0,0.0,0.273678265719821,175,core_history_280,0.0,True,False
all_real_plus_may133,within_cow_random5,4,StrictSourceAwareMemoryFusion,373,DEC2025_17,17,dec2025_140,real_history,measured,32.1,5.5,23,38.5,38.3020684424209,38.5,38.6571516800298,38.4545454545455,38.2,38.4940620532726,0.0059379467273714,global_k1_t2_e06_a5,0.03,0.97,0.0,0.0,0.0,0.273678265719821,199,core_history_280,0.0,True,False
all_real_plus_may133,within_cow_random5,4,StrictSourceAwareMemoryFusion,378,DEC2025_18,18,dec2025_140,real_history,measured,32.0,6.9,12,38.2,38.0107583085705,38.2,38.3790604102495,38.3,37.94,38.1943227492571,0.0056772507428846,global_k1_t2_e06_a5,0.03,0.97,0.0,0.0,0.0,0.273678265719821,209,core_history_280,0.0,True,False
all_real_plus_may133,within_cow_random5,4,StrictSourceAwareMemoryFusion,385,DEC2025_18,18,dec2025_140,real_history,measured,31.5,5.4,22,38.8,38.6985461717546,38.8,38.662590105024,38.3,38.4,38.7969563851526,0.003043614847364,global_k1_t2_e06_a5,0.03,0.97,0.0,0.0,0.0,0.273678265719821,223,core_history_280,0.0,True,False
all_real_plus_may133,within_cow_random5,4,StrictSourceAwareMemoryFusion,388,DEC2025_19,19,dec2025_140,real_history,measured,30.4,5.0,11,38.3,39.1439521303111,38.5,38.9888299678242,39.1,39.4,38.5193185639093,-0.219318563909333,global_k1_t2_e06_a5,0.03,0.97,0.0,0.0,0.0,0.273678265719821,203,core_history_280,0.0,True,False
all_real_plus_may133,within_cow_random5,4,StrictSourceAwareMemoryFusion,391,DEC2025_19,19,dec2025_140,real_history,measured,33.2,6.8,12,39.0,38.9453692096415,39.0,38.3762098535121,39.1,38.94,38.9983610762892,0.0016389237107574,global_k1_t2_e06_a5,0.03,0.97,0.0,0.0,0.0,0.273678265719821,235,core_history_280,0.0,True,False
all_real_plus_may133,within_cow_random5,4,StrictSourceAwareMemoryFusion,393,DEC2025_19,19,dec2025_140,real_history,measured,33.0,8.0,13,38.9,38.8910902166245,38.9,38.4837776399244,39.1,38.94,38.8997327064987,0.0002672935012668,global_k1_t2_e06_a5,0.03,0.97,0.0,0.0,0.0,0.273678265719821,239,core_history_280,0.0,True,False
all_real_plus_may133,within_cow_random5,4,StrictSourceAwareMemoryFusion,1000,MAY2026_51,51,may2026_measured_133,real_may_measured,measured,36.1,33.9,14,39.2,39.0163239153312,38.6585000709769,39.0437518427598,38.9,38.9,38.8669330430995,0.33306695690051,global_k2_t2_e06_a10_b05,0.04,0.18,0.04,0.28,0.46,0.373130225483949,1030,may2026_measured_133,0.519230199429887,False,False
all_real_plus_may133,within_cow_random5,4,StrictSourceAwareMemoryFusion,1001,MAY2026_51,51,may2026_measured_133,real_may_measured,measured,38.2,37.7,15,39.0,39.2309208388905,39.0242229701748,39.3114442194455,39.4,39.4,39.3220547369649,-0.322054736964894,global_k2_t2_e06_a10_b05,0.04,0.18,0.04,0.28,0.46,0.373130225483949,1119,may2026_measured_133,0.05,False,False
all_real_plus_may133,within_cow_random5,4,StrictSourceAwareMemoryFusion,1012,MAY2026_51,51,may2026_measured_133,real_may_measured,measured,35.7,31.9,23,39.4,40.0224967096567,40.2461752984368,39.5845324626547,39.3333333333333,39.5,39.6119260539444,-0.211926053944417,global_k2_t2_e06_a10_b05,0.04,0.18,0.04,0.28,0.46,0.373130225483949,1009,may2026_measured_133,0.834292781009435,False,False
all_real_plus_may133,within_cow_random5,4,StrictSourceAwareMemoryFusion,1016,MAY2026_52,52,may2026_measured_133,real_may_measured,measured,36.2,33.7,13,38.8,38.8822756707291,38.6963528515827,39.0994466697455,38.6,38.6,38.6486124069039,0.151387593096118,global_k2_t2_e06_a10_b05,0.04,0.18,0.04,0.28,0.46,0.373130225483949,1030,may2026_measured_133,0.20537229067666,False,False
all_real_plus_may133,within_cow_random5,4,StrictSourceAwareMemoryFusion,1021,MAY2026_52,52,may2026_measured_133,real_may_measured,measured,38.2,37.8,20,39.5,39.9084504924525,39.1657042945846,39.6365947815331,39.05,39.05,39.1286285839846,0.37137141601535,global_k2_t2_e06_a10_b05,0.04,0.18,0.04,0.28,0.46,0.373130225483949,1048,may2026_measured_133,0.509901951359279,False,False
all_real_plus_may133,within_cow_random5,4,StrictSourceAwareMemoryFusion,1025,MAY2026_52,52,may2026_measured_133,real_may_measured,measured,34.5,32.1,22,39.5,39.9386765682817,38.886114682254,40.0039698985836,39.5666666666667,39.5,39.445873168147,0.0541268318529973,global_k2_t2_e06_a10_b05,0.04,0.18,0.04,0.28,0.46,0.373130225483949,1080,may2026_measured_133,0.516623654123575,False,False
all_real_plus_may133,within_cow_random5,4,StrictSourceAwareMemoryFusion,1034,MAY2026_53,53,may2026_measured_133,real_may_measured,measured,36.4,32.3,21,40.5,39.7484080020226,38.8541128171042,40.197627102304,40.6,40.6,40.2355817112518,0.264418288748189,global_k2_t2_e06_a10_b05,0.04,0.18,0.04,0.28,0.46,0.373130225483949,1124,may2026_measured_133,0.211371184833171,False,False
all_real_plus_may133,within_cow_random5,4,StrictSourceAwareMemoryFusion,1035,MAY2026_53,53,may2026_measured_133,real_may_measured,measured,36.7,33.0,21,38.7,40.0430527693234,39.0035199091399,39.610298120029,39.9285714285714,39.5,39.5567676192193,-0.856767619219269,global_k2_t2_e06_a10_b05,0.04,0.18,0.04,0.28,0.46,0.373130225483949,1008,may2026_measured_133,0.189414301935674,False,False
all_real_plus_may133,within_cow_random5,4,StrictSourceAwareMemoryFusion,1038,MAY2026_54,54,may2026_measured_133,real_may_measured,measured,34.1,30.2,1,40.3,40.3629002984703,40.1476378707834,39.9335109233156,40.55,40.55,40.4454312656125,-0.145431265612459,global_k2_t2_e06_a10_b05,0.04,0.18,0.04,0.28,0.46,0.373130225483949,997,may2026_measured_133,0.500099990001995,False,False
all_real_plus_may133,within_cow_random5,4,StrictSourceAwareMemoryFusion,1039,MAY2026_54,54,may2026_measured_133,real_may_measured,measured,37.0,35.0,13,39.1,39.1123202092199,38.2501749992854,39.022506322697,39.0,39.0,38.870424561148,0.229575438851953,global_k2_t2_e06_a10_b05,0.04,0.18,0.04,0.28,0.46,0.373130225483949,1117,may2026_measured_133,0.527141136487922,False,False
all_real_plus_may133,within_cow_random5,4,StrictSourceAwareMemoryFusion,1053,MAY2026_55,55,may2026_measured_133,real_may_measured,measured,35.8,32.5,13,38.6,38.5781558800695,38.6540993412126,39.0146680605293,38.5,38.5,38.5514508390422,0.0485491609577835,global_k2_t2_e06_a10_b05,0.04,0.18,0.04,0.28,0.46,0.373130225483949,1015,may2026_measured_133,0.16,False,False
all_real_plus_may133,within_cow_random5,4,StrictSourceAwareMemoryFusion,1057,MAY2026_55,55,may2026_measured_133,real_may_measured,measured,35.3,32.1,19,38.4,39.0774734875564,38.7505249992283,39.4589971023385,38.5,38.5,38.6065533234569,-0.20655332345688,global_k2_t2_e06_a10_b05,0.04,0.18,0.04,0.28,0.46,0.373130225483949,1076,may2026_measured_133,0.34801021696369,False,False
all_real_plus_may133,within_cow_random5,4,StrictSourceAwareMemoryFusion,1061,MAY2026_55,55,may2026_measured_133,real_may_measured,measured,34.0,29.9,22,39.4,39.4728634155019,38.8581565915252,39.88272699984,39.7,39.8,39.5926918030882,-0.192691803088216,global_k2_t2_e06_a10_b05,0.04,0.18,0.04,0.28,0.46,0.373130225483949,1080,may2026_measured_133,0.345269620892303,False,False
all_real_plus_may133,within_cow_random5,4,StrictSourceAwareMemoryFusion,1067,MAY2026_56,56,may2026_measured_133,real_may_measured,measured,34.7,32.2,12,39.7,38.0984584903384,38.4380092075144,38.2441340102663,38.2666666666667,38.2666666666667,38.2898786907101,1.41012130928988,global_k2_t2_e06_a10_b05,0.04,0.18,0.04,0.28,0.46,0.373130225483949,1066,may2026_measured_133,0.0200000000000003,False,False
all_real_plus_may133,within_cow_random5,4,StrictSourceAwareMemoryFusion,1072,MAY2026_56,56,may2026_measured_133,real_may_measured,measured,36.5,34.8,15,38.2,38.4125455454424,39.0622459331202,38.8148992243432,38.2,38.2,38.3883020587531,-0.188302058753052,global_k2_t2_e06_a10_b05,0.04,0.18,0.04,0.28,0.46,0.373130225483949,1018,may2026_measured_133,0.167862377493525,False,False
all_real_plus_may133,within_cow_random5,4,StrictSourceAwareMemoryFusion,1081,MAY2026_56,56,may2026_measured_133,real_may_measured,measured,35.0,31.4,22,38.8,39.1152784326389,39.5635460081122,39.4208277535378,39.0,39.1,39.1688825289073,-0.368882528907278,global_k2_t2_e06_a10_b05,0.04,0.18,0.04,0.28,0.46,0.373130225483949,1062,may2026_measured_133,0.184872328318163,False,False
all_real_plus_may133,within_cow_random5,4,StrictSourceAwareMemoryFusion,1084,MAY2026_57,57,may2026_measured_133,real_may_measured,measured,36.5,32.1,12,38.4,39.1643663004298,38.306256621287,39.1081543881759,39.1666666666667,39.1666666666667,39.0093603527092,-0.609360352709217,global_k2_t2_e06_a10_b05,0.04,0.18,0.04,0.28,0.46,0.373130225483949,1086,may2026_measured_133,0.501597448159378,False,False
all_real_plus_may133,within_cow_random5,4,StrictSourceAwareMemoryFusion,1089,MAY2026_57,57,may2026_measured_133,real_may_measured,measured,39.2,37.2,14,39.9,39.8689737627096,39.5789664622685,39.3755010912246,39.8333333333333,39.8333333333333,39.7706596240324,0.129340375967637,global_k2_t2_e06_a10_b05,0.04,0.18,0.04,0.28,0.46,0.373130225483949,1032,may2026_measured_133,0.550797401752926,False,False
all_real_plus_may133,within_cow_random5,4,StrictSourceAwareMemoryFusion,1098,MAY2026_57,57,may2026_measured_133,real_may_measured,measured,35.2,30.1,22,39.4,40.0162433398673,39.9477066103526,39.6074149910301,39.6,39.6,39.6795335230994,-0.279533523099353,global_k2_t2_e06_a10_b05,0.04,0.18,0.04,0.28,0.46,0.373130225483949,1062,may2026_measured_133,0.174005108481845,False,False
all_real_plus_may133,within_cow_random5,4,StrictSourceAwareMemoryFusion,1100,MAY2026_57,57,may2026_measured_133,real_may_measured,measured,34.9,27.6,23,38.3,39.9869416619181,40.1096847329681,40.36609220739,39.7,39.7,39.8118646067066,-1.51186460670658,global_k2_t2_e06_a10_b05,0.04,0.18,0.04,0.28,0.46,0.373130225483949,1011,may2026_measured_133,0.414943101855879,False,False
all_real_plus_may133,within_cow_random5,4,StrictSourceAwareMemoryFusion,1109,MAY2026_58,58,may2026_measured_133,real_may_measured,measured,33.8,27.6,22,39.1,38.9381057007484,39.2799520000154,39.7563392043006,39.1666666666667,39.0,39.1248358228714,-0.0248358228713883,global_k2_t2_e06_a10_b05,0.04,0.18,0.04,0.28,0.46,0.373130225483949,1082,may2026_measured_133,0.534883164812653,False,False
all_real_plus_may133,within_cow_random5,4,StrictSourceAwareMemoryFusion,1110,MAY2026_58,58,may2026_measured_133,real_may_measured,measured,33.0,25.7,23,39.1,38.8913745392056,39.292944634518,39.6910177706976,39.1666666666667,39.0,39.122692393276,-0.0226923932760386,global_k2_t2_e06_a10_b05,0.04,0.18,0.04,0.28,0.46,0.373130225483949,1111,may2026_measured_133,0.528561990477729,False,False
all_real_plus_may133,within_cow_random5,4,StrictSourceAwareMemoryFusion,1115,MAY2026_60,60,may2026_measured_133,real_may_measured,measured,36.9,34.5,13,38.6,37.9752323140029,38.2448873755378,38.5248593771673,38.25,38.25,38.2490833952436,0.350916604756392,global_k2_t2_e06_a10_b05,0.04,0.18,0.04,0.28,0.46,0.373130225483949,1071,may2026_measured_133,0.511957029446808,False,False
all_real_plus_may133,within_cow_random5,4,StrictSourceAwareMemoryFusion,1116,MAY2026_60,60,may2026_measured_133,real_may_measured,measured,36.0,33.0,14,38.3,38.2692384398281,38.6305852211726,38.323874780709,38.1333333333333,38.1333333333333,38.2358965352992,0.0641034647007785,global_k2_t2_e06_a10_b05,0.04,0.18,0.04,0.28,0.46,0.373130225483949,1114,may2026_measured_133,0.500399840127872,False,False
all_real_plus_may133,within_cow_random5,4,StrictSourceAwareMemoryFusion,1126,MAY2026_60,60,may2026_measured_133,real_may_measured,measured,35.9,32.3,22,41.2,39.967286571879,39.4027770635492,39.4026789097733,40.3666666666667,40.35,40.1309651573716,1.06903484262839,global_k2_t2_e06_a10_b05,0.04,0.18,0.04,0.28,0.46,0.373130225483949,1010,may2026_measured_133,0.503587132480574,False,False
all_real_plus_may133,within_cow_random5,5,StrictSourceAwareMemoryFusion,9,HIST_0,0,core_history_280,real_history,measured_or_research,28.6,10.9,24,38.0,38.469941498444,38.3,37.9974446067897,38.2625,38.25,38.3339882996888,-0.333988299688805,global_k1_t2_e03_a5,0.2,0.8,0.0,0.0,0.0,0.179835251824166,142,core_history_280,1.1,False,False
all_real_plus_may133,within_cow_random5,5,StrictSourceAwareMemoryFusion,16,HIST_10,10,core_history_280,real_history,measured_or_research,31.4,5.4,0,39.0,38.6374974067483,39.0,38.586999884159,38.525,39.0,38.9274994813497,0.0725005186503438,global_k1_t2_e03_a5,0.2,0.8,0.0,0.0,0.0,0.179835251824166,15,core_history_280,0.0,True,False
all_real_plus_may133,within_cow_random5,5,StrictSourceAwareMemoryFusion,18,HIST_10,10,core_history_280,real_history,measured_or_research,33.3,6.1,11,38.8,38.9100488436603,38.8,38.8514846804531,38.525,38.8,38.8220097687321,-0.0220097687320617,global_k1_t2_e03_a5,0.2,0.8,0.0,0.0,0.0,0.179835251824166,17,core_history_280,0.0,True,False
all_real_plus_may133,within_cow_random5,5,StrictSourceAwareMemoryFusion,20,HIST_10,10,core_history_280,real_history,measured_or_research,31.8,6.9,12,38.7,38.5569655343713,38.7,38.2444779405449,38.525,38.4583333333333,38.6713931068743,0.0286068931257262,global_k1_t2_e03_a5,0.2,0.8,0.0,0.0,0.0,0.179835251824166,19,core_history_280,0.0,True,False
all_real_plus_may133,within_cow_random5,5,StrictSourceAwareMemoryFusion,26,HIST_10,10,core_history_280,real_history,measured_or_research,33.6,8.0,13,38.4,38.4333482468854,38.4,38.3178877908095,38.525,38.4583333333333,38.4066696493771,-0.0066696493770805,global_k1_t2_e03_a5,0.2,0.8,0.0,0.0,0.0,0.179835251824166,25,core_history_280,0.0,True,False
all_real_plus_may133,within_cow_random5,5,StrictSourceAwareMemoryFusion,45,HIST_11,11,core_history_280,real_history,measured_or_research,34.2,6.9,12,38.5,38.9055840765338,38.5,38.9058939513463,39.1380952380952,39.01,38.5811168153067,-0.0811168153067499,global_k1_t2_e03_a5,0.2,0.8,0.0,0.0,0.0,0.179835251824166,46,core_history_280,0.0,True,False
all_real_plus_may133,within_cow_random5,5,StrictSourceAwareMemoryFusion,51,HIST_11,11,core_history_280,real_history,measured_or_research,33.9,9.3,13,38.8,38.9214822617054,38.8,39.0934088785333,39.1380952380952,39.01,38.8242964523411,-0.0242964523410905,global_k1_t2_e03_a5,0.2,0.8,0.0,0.0,0.0,0.179835251824166,52,core_history_280,0.0,True,False
all_real_plus_may133,within_cow_random5,5,StrictSourceAwareMemoryFusion,58,HIST_11,11,core_history_280,real_history,measured_or_research,33.7,9.0,19,40.0,39.738787118754,40.0,39.3055349987729,39.1380952380952,39.8,39.9477574237508,0.0522425762491991,global_k1_t2_e03_a5,0.2,0.8,0.0,0.0,0.0,0.179835251824166,57,core_history_280,0.0,True,False
all_real_plus_may133,within_cow_random5,5,StrictSourceAwareMemoryFusion,62,HIST_11,11,core_history_280,real_history,measured_or_research,33.2,5.4,22,39.6,39.4869999380802,39.6,39.0346931413904,39.1380952380952,39.4,39.577399987616,0.0226000123839611,global_k1_t2_e03_a5,0.2,0.8,0.0,0.0,0.0,0.179835251824166,61,core_history_280,0.0,True,False
all_real_plus_may133,within_cow_random5,5,StrictSourceAwareMemoryFusion,64,HIST_11,11,core_history_280,real_history,measured_or_research,33.5,5.5,23,39.2,39.3002491368464,39.2,39.1585294859488,39.1380952380952,39.4,39.2200498273693,-0.0200498273692773,global_k1_t2_e03_a5,0.2,0.8,0.0,0.0,0.0,0.179835251824166,63,core_history_280,0.0,True,False
all_real_plus_may133,within_cow_random5,5,StrictSourceAwareMemoryFusion,68,HIST_12,12,core_history_280,real_history,measured_or_research,35.7,6.1,11,38.1,38.3493025093477,38.1,38.3502276029799,38.36,38.1,38.1498605018696,-0.0498605018695528,global_k1_t2_e03_a5,0.2,0.8,0.0,0.0,0.0,0.179835251824166,67,core_history_280,0.0,True,False
all_real_plus_may133,within_cow_random5,5,StrictSourceAwareMemoryFusion,69,HIST_12,12,core_history_280,real_history,measured_or_research,32.9,6.9,12,38.0,38.2350997371103,38.0,38.3523564460727,38.36,38.34,38.0470199474221,-0.0470199474220649,global_k1_t2_e03_a5,0.2,0.8,0.0,0.0,0.0,0.179835251824166,70,core_history_280,0.0,True,False
all_real_plus_may133,within_cow_random5,5,StrictSourceAwareMemoryFusion,72,HIST_12,12,core_history_280,real_history,measured_or_research,33.1,6.8,12,38.2,38.1597265652602,38.2,38.1711961559267,38.36,38.34,38.191945313052,0.0080546869479576,global_k1_t2_e03_a5,0.2,0.8,0.0,0.0,0.0,0.179835251824166,71,core_history_280,0.0,True,False
all_real_plus_may133,within_cow_random5,5,StrictSourceAwareMemoryFusion,87,HIST_12,12,core_history_280,real_history,measured_or_research,32.2,5.5,23,38.9,38.3735162385599,38.9,38.5508051750472,38.36,38.5666666666667,38.794703247712,0.105296752288027,global_k1_t2_e03_a5,0.2,0.8,0.0,0.0,0.0,0.179835251824166,88,core_history_280,0.0,True,False
all_real_plus_may133,within_cow_random5,5,StrictSourceAwareMemoryFusion,92,HIST_13,13,core_history_280,real_history,measured_or_research,26.6,5.0,11,38.9,39.0840574550821,38.9,37.4162957957363,38.2608695652174,39.1,38.9368114910164,-0.0368114910164152,global_k1_t2_e03_a5,0.2,0.8,0.0,0.0,0.0,0.179835251824166,91,core_history_280,0.0,True,False
all_real_plus_may133,within_cow_random5,5,StrictSourceAwareMemoryFusion,100,HIST_13,13,core_history_280,real_history,measured_or_research,31.6,9.3,13,38.0,37.9755731600836,38.0,38.1761910457881,38.2608695652174,38.13,37.9951146320167,0.0048853679832774,global_k1_t2_e03_a5,0.2,0.8,0.0,0.0,0.0,0.179835251824166,99,core_history_280,0.0,True,False
all_real_plus_may133,within_cow_random5,5,StrictSourceAwareMemoryFusion,101,HIST_13,13,core_history_280,real_history,measured_or_research,33.3,8.0,13,38.2,38.1600692576352,38.2,38.3481787715817,38.2608695652174,38.13,38.192013851527,0.0079861484729661,global_k1_t2_e03_a5,0.2,0.8,0.0,0.0,0.0,0.179835251824166,102,core_history_280,0.0,True,False
all_real_plus_may133,within_cow_random5,5,StrictSourceAwareMemoryFusion,105,HIST_13,13,core_history_280,real_history,measured_or_research,32.0,9.1,15,38.4,38.3540819120039,38.4,38.1615263123666,38.2608695652174,38.13,38.3908163824008,0.0091836175992128,global_k1_t2_e03_a5,0.2,0.8,0.0,0.0,0.0,0.179835251824166,106,core_history_280,0.0,True,False
all_real_plus_may133,within_cow_random5,5,StrictSourceAwareMemoryFusion,108,HIST_13,13,core_history_280,real_history,measured_or_research,33.9,11.2,15,38.1,38.1132856158518,38.3,38.288828571181,38.2608695652174,38.13,38.2626571231704,-0.162657123170355,global_k1_t2_e03_a5,0.2,0.8,0.0,0.0,0.0,0.179835251824166,29,core_history_280,0.0,True,False
all_real_plus_may133,within_cow_random5,5,StrictSourceAwareMemoryFusion,121,HIST_14,14,core_history_280,real_history,measured_or_research,31.5,5.0,11,38.7,39.1701189918655,38.7,39.4293622258717,38.925,40.5666666666667,38.7940237983731,-0.0940237983730938,global_k1_t2_e03_a5,0.2,0.8,0.0,0.0,0.0,0.179835251824166,122,core_history_280,0.0,True,False
all_real_plus_may133,within_cow_random5,5,StrictSourceAwareMemoryFusion,130,HIST_14,14,core_history_280,real_history,measured_or_research,33.8,8.8,14,38.6,38.5591164319834,38.6,38.7800555013841,38.925,38.53,38.5918232863967,0.0081767136033121,global_k1_t2_e03_a5,0.2,0.8,0.0,0.0,0.0,0.179835251824166,129,core_history_280,0.0,True,False
all_real_plus_may133,within_cow_random5,5,StrictSourceAwareMemoryFusion,134,HIST_14,14,core_history_280,real_history,measured_or_research,33.9,9.1,15,38.5,38.7768199565497,38.5,38.71753559453,38.925,38.53,38.5553639913099,-0.0553639913099389,global_k1_t2_e03_a5,0.2,0.8,0.0,0.0,0.0,0.179835251824166,133,core_history_280,0.0,True,False
all_real_plus_may133,within_cow_random5,5,StrictSourceAwareMemoryFusion,137,HIST_14,14,core_history_280,real_history,measured_or_research,32.5,6.0,21,39.1,39.1059626137208,39.1,39.2238546054365,38.925,39.1,39.1011925227442,-0.0011925227441622,global_k1_t2_e03_a5,0.2,0.8,0.0,0.0,0.0,0.179835251824166,138,core_history_280,0.0,True,False
all_real_plus_may133,within_cow_random5,5,StrictSourceAwareMemoryFusion,141,HIST_15,15,core_history_280,real_history,measured_or_research,28.6,5.4,0,38.3,38.4054696143675,38.3,38.7257552016264,38.7583333333333,38.3,38.3210939228735,-0.0210939228735043,global_k1_t2_e03_a5,0.2,0.8,0.0,0.0,0.0,0.179835251824166,142,core_history_280,0.0,True,False
all_real_plus_may133,within_cow_random5,5,StrictSourceAwareMemoryFusion,146,HIST_15,15,core_history_280,real_history,measured_or_research,33.9,11.2,15,38.6,38.5667976590481,38.3,38.7678926656365,38.7583333333333,38.5333333333333,38.3533595318096,0.246640468190385,global_k1_t2_e03_a5,0.2,0.8,0.0,0.0,0.0,0.179835251824166,29,core_history_280,0.0,True,False
all_real_plus_may133,within_cow_random5,5,StrictSourceAwareMemoryFusion,160,HIST_16,16,core_history_280,real_history,measured_or_research,32.2,6.9,12,38.0,38.344630355365,38.0,38.6345525082053,38.7066666666667,38.3142857142857,38.068926071073,-0.0689260710730011,global_k1_t2_e03_a5,0.2,0.8,0.0,0.0,0.0,0.179835251824166,159,core_history_280,0.0,True,False
all_real_plus_may133,within_cow_random5,5,StrictSourceAwareMemoryFusion,170,HIST_16,16,core_history_280,real_history,measured_or_research,31.1,6.0,21,38.6,38.8662466435653,38.6,38.7792584207194,38.7066666666667,39.1333333333333,38.6532493287131,-0.0532493287130649,global_k1_t2_e03_a5,0.2,0.8,0.0,0.0,0.0,0.179835251824166,169,core_history_280,0.0,True,False
all_real_plus_may133,within_cow_random5,5,StrictSourceAwareMemoryFusion,172,HIST_16,16,core_history_280,real_history,measured_or_research,31.8,5.5,23,38.8,38.7789353316224,38.8,38.7943921372517,38.7066666666667,38.8,38.7957870663245,0.004212933675511,global_k1_t2_e03_a5,0.2,0.8,0.0,0.0,0.0,0.179835251824166,171,core_history_280,0.0,True,False
all_real_plus_may133,within_cow_random5,5,StrictSourceAwareMemoryFusion,175,HIST_17,17,core_history_280,real_history,measured_or_research,25.3,5.0,11,38.3,38.3263485850271,38.3,37.0970423498661,38.4260869565217,38.1666666666667,38.3052697170054,-0.0052697170054187,global_k1_t2_e03_a5,0.2,0.8,0.0,0.0,0.0,0.179835251824166,176,core_history_280,0.0,True,False
all_real_plus_may133,within_cow_random5,5,StrictSourceAwareMemoryFusion,186,HIST_17,17,core_history_280,real_history,measured_or_research,32.5,8.0,13,38.7,38.5663713768898,38.7,38.6949271106762,38.4260869565217,38.5923076923077,38.673274275378,0.0267257246220396,global_k1_t2_e03_a5,0.2,0.8,0.0,0.0,0.0,0.179835251824166,185,core_history_280,0.0,True,False
all_real_plus_may133,within_cow_random5,5,StrictSourceAwareMemoryFusion,193,HIST_17,17,core_history_280,real_history,measured_or_research,32.9,9.0,19,38.3,38.4893497437829,38.3,39.1065917668122,38.4260869565217,38.2333333333333,38.3378699487566,-0.0378699487565939,global_k1_t2_e03_a5,0.2,0.8,0.0,0.0,0.0,0.179835251824166,194,core_history_280,0.0,True,False
all_real_plus_may133,within_cow_random5,5,StrictSourceAwareMemoryFusion,197,HIST_17,17,core_history_280,real_history,measured_or_research,31.1,5.4,22,38.2,38.1635199780909,38.2,38.7839569583151,38.4260869565217,38.35,38.1927039956182,0.0072960043818142,global_k1_t2_e03_a5,0.2,0.8,0.0,0.0,0.0,0.179835251824166,198,core_history_280,0.0,True,False
all_real_plus_may133,within_cow_random5,5,StrictSourceAwareMemoryFusion,200,HIST_17,17,core_history_280,real_history,measured_or_research,32.1,5.5,23,38.5,38.2717879669751,38.5,39.0122520781174,38.4260869565217,38.35,38.454357593395,0.0456424066049905,global_k1_t2_e03_a5,0.2,0.8,0.0,0.0,0.0,0.179835251824166,199,core_history_280,0.0,True,False
all_real_plus_may133,within_cow_random5,5,StrictSourceAwareMemoryFusion,204,HIST_18,18,core_history_280,real_history,measured_or_research,30.4,5.0,11,38.5,38.2368810924534,38.5,38.6250956853744,38.3142857142857,38.25,38.4473762184907,0.0526237815093111,global_k1_t2_e03_a5,0.2,0.8,0.0,0.0,0.0,0.179835251824166,203,core_history_280,0.0,True,False
all_real_plus_may133,within_cow_random5,5,StrictSourceAwareMemoryFusion,206,HIST_18,18,core_history_280,real_history,measured_or_research,31.0,6.1,11,38.0,38.4667195181808,38.0,38.8211823851534,38.3142857142857,38.25,38.0933439036362,-0.0933439036361676,global_k1_t2_e03_a5,0.2,0.8,0.0,0.0,0.0,0.179835251824166,205,core_history_280,0.0,True,False
all_real_plus_may133,within_cow_random5,5,StrictSourceAwareMemoryFusion,209,HIST_18,18,core_history_280,real_history,measured_or_research,32.0,6.9,12,38.2,38.0173678941602,38.2,38.2556881231795,38.3142857142857,37.95,38.163473578832,0.036526421167963,global_k1_t2_e03_a5,0.2,0.8,0.0,0.0,0.0,0.179835251824166,210,core_history_280,0.0,True,False
all_real_plus_may133,within_cow_random5,5,StrictSourceAwareMemoryFusion,214,HIST_18,18,core_history_280,real_history,measured_or_research,32.7,9.3,13,38.1,37.8814133420649,38.1,38.3939393527013,38.3142857142857,37.95,38.056282668413,0.0437173315870254,global_k1_t2_e03_a5,0.2,0.8,0.0,0.0,0.0,0.179835251824166,213,core_history_280,0.0,True,False
all_real_plus_may133,within_cow_random5,5,StrictSourceAwareMemoryFusion,222,HIST_18,18,core_history_280,real_history,measured_or_research,31.2,6.0,21,39.2,38.678962166393,39.2,38.5493823111918,38.3142857142857,39.0666666666667,39.0957924332786,0.104207566721406,global_k1_t2_e03_a5,0.2,0.8,0.0,0.0,0.0,0.179835251824166,221,core_history_280,0.0,True,False
all_real_plus_may133,within_cow_random5,5,StrictSourceAwareMemoryFusion,230,HIST_19,19,core_history_280,real_history,measured_or_research,30.4,5.0,11,38.3,38.7777550011886,38.5,39.2620976409685,39.0434782608696,38.85,38.5555510002377,-0.25555100023773,global_k1_t2_e03_a5,0.2,0.8,0.0,0.0,0.0,0.179835251824166,203,core_history_280,0.0,True,False
all_real_plus_may133,within_cow_random5,5,StrictSourceAwareMemoryFusion,232,HIST_19,19,core_history_280,real_history,measured_or_research,32.6,6.1,11,39.4,39.4121332310319,39.4,39.5010075465091,39.0434782608696,38.85,39.4024266462064,-0.0024266462063877,global_k1_t2_e03_a5,0.2,0.8,0.0,0.0,0.0,0.179835251824166,231,core_history_280,0.0,True,False
all_real_plus_may133,within_cow_random5,5,StrictSourceAwareMemoryFusion,234,HIST_19,19,core_history_280,real_history,measured_or_research,31.7,6.9,12,39.2,38.9469230232454,39.2,38.8696885240229,39.0434782608696,38.9363636363636,39.1493846046491,0.0506153953509312,global_k1_t2_e03_a5,0.2,0.8,0.0,0.0,0.0,0.179835251824166,233,core_history_280,0.0,True,False
all_real_plus_may133,within_cow_random5,5,StrictSourceAwareMemoryFusion,242,HIST_19,19,core_history_280,real_history,measured_or_research,33.7,8.8,14,38.6,38.8795495807752,38.6,38.9059066470084,39.0434782608696,38.9363636363636,38.6559099161551,-0.055909916155052,global_k1_t2_e03_a5,0.2,0.8,0.0,0.0,0.0,0.179835251824166,241,core_history_280,0.0,True,False
all_real_plus_may133,within_cow_random5,5,StrictSourceAwareMemoryFusion,244,HIST_19,19,core_history_280,real_history,measured_or_research,32.4,11.2,15,39.1,38.9702411533971,39.1,38.8955433907348,39.0434782608696,38.9363636363636,39.0740482306794,0.025951769320578,global_k1_t2_e03_a5,0.2,0.8,0.0,0.0,0.0,0.179835251824166,243,core_history_280,0.0,True,False
all_real_plus_may133,within_cow_random5,5,StrictSourceAwareMemoryFusion,280,HIST_7,7,core_history_280,real_history,measured_or_research,29.6,10.9,24,38.1,38.7013352242712,38.9,38.3771787223541,38.2375,38.65,38.8602670448542,-0.760267044854231,global_k1_t2_e03_a5,0.2,0.8,0.0,0.0,0.0,0.179835251824166,117,core_history_280,1.14939597663778,False,False
all_real_plus_may133,within_cow_random5,5,StrictSourceAwareMemoryFusion,285,DEC2025_10,10,dec2025_140,real_history,measured,33.3,9.3,13,38.5,38.3876946627884,38.5,38.4424800223247,38.52,38.4666666666667,38.4910155730231,0.008984426976923,global_k1_t2_e03_a5,0.08,0.92,0.0,0.0,0.0,0.103160125133456,23,core_history_280,0.0,True,False
all_real_plus_may133,within_cow_random5,5,StrictSourceAwareMemoryFusion,290,DEC2025_10,10,dec2025_140,real_history,measured,32.0,9.0,19,39.0,38.7413028132624,39.0,38.9639808303915,38.52,38.6,38.979304225061,0.020695774939,global_k1_t2_e03_a5,0.08,0.92,0.0,0.0,0.0,0.103160125133456,33,core_history_280,0.0,True,False
all_real_plus_may133,within_cow_random5,5,StrictSourceAwareMemoryFusion,294,DEC2025_11,11,dec2025_140,real_history,measured,30.8,6.1,11,39.5,39.8682765951241,39.5,39.0428274831026,39.1545454545455,39.1,39.5294621276099,-0.0294621276099321,global_k1_t2_e03_a5,0.08,0.92,0.0,0.0,0.0,0.103160125133456,41,core_history_280,0.0,True,False
all_real_plus_may133,within_cow_random5,5,StrictSourceAwareMemoryFusion,299,DEC2025_11,11,dec2025_140,real_history,measured,33.9,9.3,13,38.8,38.8683500716742,38.8,38.5154622174594,39.1545454545455,38.98,38.8054680057339,-0.0054680057339311,global_k1_t2_e03_a5,0.08,0.92,0.0,0.0,0.0,0.103160125133456,52,core_history_280,0.0,True,False
all_real_plus_may133,within_cow_random5,5,StrictSourceAwareMemoryFusion,309,DEC2025_12,12,dec2025_140,real_history,measured,33.1,6.8,12,38.2,38.0907867269074,38.2,38.5821218356012,38.36,38.32,38.1912629381526,0.0087370618474054,global_k1_t2_e03_a5,0.08,0.92,0.0,0.0,0.0,0.103160125133456,71,core_history_280,0.0,True,False
all_real_plus_may133,within_cow_random5,5,StrictSourceAwareMemoryFusion,316,DEC2025_12,12,dec2025_140,real_history,measured,32.1,5.4,22,38.4,38.6366983445939,38.4,38.5437545907449,38.36,38.9,38.4189358675675,-0.0189358675675209,global_k1_t2_e03_a5,0.08,0.92,0.0,0.0,0.0,0.103160125133456,85,core_history_280,0.0,True,False
all_real_plus_may133,within_cow_random5,5,StrictSourceAwareMemoryFusion,321,DEC2025_13,13,dec2025_140,real_history,measured,31.3,6.9,12,38.3,38.2030357196774,38.3,38.2552633080216,38.2833333333333,38.1166666666667,38.2922428575742,0.0077571424258025,global_k1_t2_e03_a5,0.08,0.92,0.0,0.0,0.0,0.103160125133456,95,core_history_280,0.0,True,False
all_real_plus_may133,within_cow_random5,5,StrictSourceAwareMemoryFusion,331,DEC2025_13,13,dec2025_140,real_history,measured,30.5,5.5,23,38.1,37.9674241510503,38.1,38.4278990202595,38.2833333333333,38.1,38.089393932084,0.0106060679159796,global_k1_t2_e03_a5,0.08,0.92,0.0,0.0,0.0,0.103160125133456,115,core_history_280,0.0,True,False
all_real_plus_may133,within_cow_random5,5,StrictSourceAwareMemoryFusion,332,DEC2025_14,14,dec2025_140,real_history,measured,29.5,5.4,0,38.9,38.6927926265152,38.9,38.683246695339,38.96,38.96,38.8834234101212,0.0165765898787811,global_k1_t2_e03_a5,0.08,0.92,0.0,0.0,0.0,0.103160125133456,117,core_history_280,0.0,True,False
all_real_plus_may133,within_cow_random5,5,StrictSourceAwareMemoryFusion,343,DEC2025_14,14,dec2025_140,real_history,measured,32.7,5.5,23,38.2,38.7631780277242,38.2,38.7686842129303,38.96,38.96,38.2450542422179,-0.0450542422179367,global_k1_t2_e03_a5,0.08,0.92,0.0,0.0,0.0,0.103160125133456,139,core_history_280,0.0,True,False
all_real_plus_may133,within_cow_random5,5,StrictSourceAwareMemoryFusion,358,DEC2025_16,16,dec2025_140,real_history,measured,31.1,6.0,21,38.6,39.2767442121582,38.6,38.8673368305896,38.675,39.4,38.6541395369727,-0.0541395369726558,global_k1_t2_e03_a5,0.08,0.92,0.0,0.0,0.0,0.103160125133456,169,core_history_280,0.0,True,False
all_real_plus_may133,within_cow_random5,5,StrictSourceAwareMemoryFusion,369,DEC2025_17,17,dec2025_140,real_history,measured,33.3,11.2,15,38.0,38.5608445926856,38.0,38.7515056822366,38.475,38.7,38.0448675674148,-0.0448675674148475,global_k1_t2_e03_a5,0.08,0.92,0.0,0.0,0.0,0.103160125133456,191,core_history_280,0.0,True,False
all_real_plus_may133,within_cow_random5,5,StrictSourceAwareMemoryFusion,372,DEC2025_17,17,dec2025_140,real_history,measured,31.1,5.4,22,38.2,38.1838501558458,38.2,38.944726554492,38.475,38.5,38.1987080124677,0.0012919875323333,global_k1_t2_e03_a5,0.08,0.92,0.0,0.0,0.0,0.103160125133456,198,core_history_280,0.0,True,False
all_real_plus_may133,within_cow_random5,5,StrictSourceAwareMemoryFusion,380,DEC2025_18,18,dec2025_140,real_history,measured,32.7,9.3,13,38.1,37.7659362886369,38.1,38.3864971476181,38.2727272727273,37.96,38.073274903091,0.0267250969090469,global_k1_t2_e03_a5,0.08,0.92,0.0,0.0,0.0,0.103160125133456,213,core_history_280,0.0,True,False
all_real_plus_may133,within_cow_random5,5,StrictSourceAwareMemoryFusion,384,DEC2025_18,18,dec2025_140,real_history,measured,31.2,6.0,21,39.2,38.8254672696734,39.2,38.6841137235735,38.2727272727273,39.0,39.1700373815739,0.0299626184261186,global_k1_t2_e03_a5,0.08,0.92,0.0,0.0,0.0,0.103160125133456,221,core_history_280,0.0,True,False
all_real_plus_may133,within_cow_random5,5,StrictSourceAwareMemoryFusion,399,DEC2025_19,19,dec2025_140,real_history,measured,33.8,5.4,22,39.4,39.3558398549853,39.4,38.7957590667967,38.9666666666667,38.9666666666667,39.3964671883988,0.0035328116011825,global_k1_t2_e03_a5,0.08,0.92,0.0,0.0,0.0,0.103160125133456,251,core_history_280,0.0,True,False
all_real_plus_may133,within_cow_random5,5,StrictSourceAwareMemoryFusion,400,DEC2025_19,19,dec2025_140,real_history,measured,33.3,5.5,23,39.3,39.0831477198077,39.3,38.9394252208853,38.9666666666667,38.9666666666667,39.2826518175846,0.0173481824153896,global_k1_t2_e03_a5,0.08,0.92,0.0,0.0,0.0,0.103160125133456,253,core_history_280,0.0,True,False
all_real_plus_may133,within_cow_random5,5,StrictSourceAwareMemoryFusion,998,MAY2026_51,51,may2026_measured_133,real_may_measured,measured,31.5,30.0,12,38.9,39.1444375979186,38.1793128740382,37.783392265665,39.2,39.2,38.9972376748849,-0.0972376748848589,global_k2_t2_e06_a10_b05,0.14,0.08,0.08,0.42,0.28,0.412951961338498,3,core_history_280,1.2723600119463,False,False
all_real_plus_may133,within_cow_random5,5,StrictSourceAwareMemoryFusion,999,MAY2026_51,51,may2026_measured_133,real_may_measured,measured,38.1,37.8,13,39.4,39.0638200799108,39.0657160678754,39.1032542535969,39.0,39.0,39.0224524369053,0.377547563094701,global_k2_t2_e06_a10_b05,0.14,0.08,0.08,0.42,0.28,0.412951961338498,1017,may2026_measured_133,0.838179243625396,False,False
all_real_plus_may133,within_cow_random5,5,StrictSourceAwareMemoryFusion,1004,MAY2026_51,51,may2026_measured_133,real_may_measured,measured,36.7,34.5,19,39.6,39.1263857948915,38.802099991425,39.3503113377008,39.3333333333333,39.35,39.2678869176149,0.332113082385128,global_k2_t2_e06_a10_b05,0.14,0.08,0.08,0.42,0.28,0.412951961338498,1005,may2026_measured_133,0.500099990001999,False,False
all_real_plus_may133,within_cow_random5,5,StrictSourceAwareMemoryFusion,1019,MAY2026_52,52,may2026_measured_133,real_may_measured,measured,37.0,35.5,19,39.5,39.2808315967098,39.5569676972859,39.3138370794904,39.05,39.05,39.1439808056815,0.356019194318527,global_k2_t2_e06_a10_b05,0.14,0.08,0.08,0.42,0.28,0.412951961338498,1094,may2026_measured_133,0.553784956258094,False,False
all_real_plus_may133,within_cow_random5,5,StrictSourceAwareMemoryFusion,1020,MAY2026_52,52,may2026_measured_133,real_may_measured,measured,37.1,35.5,19,40.2,39.6654322946537,39.5431674564699,39.3889691178026,40.3,40.4,40.1057314471933,0.0942685528066747,global_k2_t2_e06_a10_b05,0.14,0.08,0.08,0.42,0.28,0.412951961338498,1044,may2026_measured_133,0.50249378105604,False,False
all_real_plus_may133,within_cow_random5,5,StrictSourceAwareMemoryFusion,1026,MAY2026_52,52,may2026_measured_133,real_may_measured,measured,37.0,35.2,22,40.2,39.7659167182871,40.3401968217487,39.3261439014471,40.3,40.2,40.1225355984159,0.0774644015841375,global_k2_t2_e06_a10_b05,0.14,0.08,0.08,0.42,0.28,0.412951961338498,1099,may2026_measured_133,0.476141902284513,False,False
all_real_plus_may133,within_cow_random5,5,StrictSourceAwareMemoryFusion,1033,MAY2026_53,53,may2026_measured_133,real_may_measured,measured,36.1,32.8,19,39.5,39.7709065290794,39.0141140325655,39.5156669517501,39.9,39.6,39.6963093928164,-0.19630939281636,global_k2_t2_e06_a10_b05,0.14,0.08,0.08,0.42,0.28,0.412951961338498,1003,may2026_measured_133,0.333932794303157,False,False
all_real_plus_may133,within_cow_random5,5,StrictSourceAwareMemoryFusion,1042,MAY2026_54,54,may2026_measured_133,real_may_measured,measured,38.4,37.9,15,39.7,39.2073634740358,39.3623615228699,39.0027401833243,39.6090909090909,39.0333333333333,39.3233905380121,0.37660946198794,global_k2_t2_e06_a10_b05,0.14,0.08,0.08,0.42,0.28,0.412951961338498,1090,may2026_measured_133,0.276003220593127,False,False
all_real_plus_may133,within_cow_random5,5,StrictSourceAwareMemoryFusion,1050,MAY2026_54,54,may2026_measured_133,real_may_measured,measured,35.0,32.7,23,40.5,40.5187273482997,40.1404823470644,39.9737125226657,40.45,40.6,40.4387574183404,0.0612425816596343,global_k2_t2_e06_a10_b05,0.14,0.08,0.08,0.42,0.28,0.412951961338498,1011,may2026_measured_133,0.357786404312845,False,False
all_real_plus_may133,within_cow_random5,5,StrictSourceAwareMemoryFusion,1056,MAY2026_55,55,may2026_measured_133,real_may_measured,measured,38.1,36.5,15,39.7,38.8634319277106,38.6971500857344,38.7768932771451,38.9,38.9,38.8688039389098,0.831196061090154,global_k2_t2_e06_a10_b05,0.14,0.08,0.08,0.42,0.28,0.412951961338498,1119,may2026_measured_133,0.180769958172752,False,False
all_real_plus_may133,within_cow_random5,5,StrictSourceAwareMemoryFusion,1062,MAY2026_55,55,may2026_measured_133,real_may_measured,measured,35.1,30.6,22,39.9,39.2558270632595,39.1011699940681,38.8387998623274,38.9,38.9,38.961013377368,0.938986622632015,global_k2_t2_e06_a10_b05,0.14,0.08,0.08,0.42,0.28,0.412951961338498,1098,may2026_measured_133,0.174005108481845,False,False
all_real_plus_may133,within_cow_random5,5,StrictSourceAwareMemoryFusion,1073,MAY2026_56,56,may2026_measured_133,real_may_measured,measured,36.9,35.3,15,38.0,38.5240989350763,38.65,38.5871109050027,38.8333333333333,38.8333333333333,38.7556760566442,-0.755676056644241,global_k2_t2_e06_a10_b05,0.14,0.08,0.08,0.42,0.28,0.412951961338498,1018,may2026_measured_133,0.500899191454723,False,False
all_real_plus_may133,within_cow_random5,5,StrictSourceAwareMemoryFusion,1075,MAY2026_56,56,may2026_measured_133,real_may_measured,measured,35.5,33.2,19,38.5,39.1073582007442,38.7367478661981,38.9259898971644,38.45,38.5,38.6170491691732,-0.1170491691732,global_k2_t2_e06_a10_b05,0.14,0.08,0.08,0.42,0.28,0.412951961338498,1076,may2026_measured_133,0.0100000000000001,False,False
all_real_plus_may133,within_cow_random5,5,StrictSourceAwareMemoryFusion,1082,MAY2026_56,56,may2026_measured_133,real_may_measured,measured,33.8,29.5,23,39.1,39.4502181350293,39.3468576944903,39.5014188340259,38.85,38.8,39.0118926611854,0.0881073388146021,global_k2_t2_e06_a10_b05,0.14,0.08,0.08,0.42,0.28,0.412951961338498,1027,may2026_measured_133,0.217664369564195,False,False
all_real_plus_may133,within_cow_random5,5,StrictSourceAwareMemoryFusion,1088,MAY2026_57,57,may2026_measured_133,real_may_measured,measured,37.1,33.5,14,39.3,39.6504493408959,38.8546481302513,39.1845342454632,38.8666666666667,38.8666666666667,39.0008641644493,0.299135835550743,global_k2_t2_e06_a10_b05,0.14,0.08,0.08,0.42,0.28,0.412951961338498,1031,may2026_measured_133,0.2527405344969,False,False
all_real_plus_may133,within_cow_random5,5,StrictSourceAwareMemoryFusion,1092,MAY2026_57,57,may2026_measured_133,real_may_measured,measured,37.6,33.4,18,39.5,39.9458453331948,39.2370707385369,39.6338532267236,39.5666666666667,39.5666666666667,39.5987589305348,-0.0987589305347853,global_k2_t2_e06_a10_b05,0.14,0.08,0.08,0.42,0.28,0.412951961338498,1093,may2026_measured_133,0.506359556046887,False,False
all_real_plus_may133,within_cow_random5,5,StrictSourceAwareMemoryFusion,1095,MAY2026_57,57,may2026_measured_133,real_may_measured,measured,36.9,32.4,21,39.3,39.9175908755867,39.3625651011871,40.4121353746617,39.45,39.45,39.58543876065,-0.285438760650045,global_k2_t2_e06_a10_b05,0.14,0.08,0.08,0.42,0.28,0.412951961338498,1047,may2026_measured_133,0.308832928584014,False,False
all_real_plus_may133,within_cow_random5,5,StrictSourceAwareMemoryFusion,1103,MAY2026_58,58,may2026_measured_133,real_may_measured,measured,34.7,30.0,12,38.7,38.6126232139156,38.9437001481718,38.7024634693958,38.6,38.6,38.6374603393536,0.0625396606464079,global_k2_t2_e06_a10_b05,0.14,0.08,0.08,0.42,0.28,0.412951961338498,1066,may2026_measured_133,0.2,False,False
all_real_plus_may133,within_cow_random5,5,StrictSourceAwareMemoryFusion,1108,MAY2026_58,58,may2026_measured_133,real_may_measured,measured,34.8,29.8,21,38.5,39.2021895186305,39.8223068057171,39.252678407069,38.6,38.6,38.8343053496312,-0.334305349631165,global_k2_t2_e06_a10_b05,0.14,0.08,0.08,0.42,0.28,0.412951961338498,1078,may2026_measured_133,0.338690287890141,False,False
all_real_plus_may133,within_cow_random5,5,StrictSourceAwareMemoryFusion,1117,MAY2026_60,60,may2026_measured_133,real_may_measured,measured,37.1,35.1,14,38.3,38.3504607221502,38.8508378163184,38.7585676059059,38.6,38.6,38.597816934879,-0.297816934878981,global_k2_t2_e06_a10_b05,0.14,0.08,0.08,0.42,0.28,0.412951961338498,1031,may2026_measured_133,0.169345143945076,False,False
all_real_plus_may133,within_cow_random5,5,StrictSourceAwareMemoryFusion,1118,MAY2026_60,60,may2026_measured_133,real_may_measured,measured,37.7,36.2,15,38.2,38.2764913173125,38.7833227487455,38.7273806323239,38.6,38.6,38.5795650549093,-0.3795650549093,global_k2_t2_e06_a10_b05,0.14,0.08,0.08,0.42,0.28,0.412951961338498,1041,may2026_measured_133,0.340604038600699,False,False
all_real_plus_may133,within_cow_random5,5,StrictSourceAwareMemoryFusion,1122,MAY2026_60,60,may2026_measured_133,real_may_measured,measured,37.9,35.1,20,38.9,38.5594414436464,39.3557288787138,39.0840558771557,38.95,38.95,38.9385045825801,-0.0385045825800674,global_k2_t2_e06_a10_b05,0.14,0.08,0.08,0.42,0.28,0.412951961338498,1021,may2026_measured_133,0.568242905807021,False,False
