Dataset,FoldMode,FoldID,Model,RowID,CowKey,CowID_raw,Source,SourceType,EarStatus,Ear,Air,Time,Actual,SourceMemoryPred,BatchSessionPred,Predicted,Residual,SelectedMethod,SelectedLambda,InnerChoiceRMSE,MemoryNearestDistance,BatchNearestDistance,MemoryExactFeatureMatch,BatchExactObservableMatch
all_real_plus_may133,within_cow_random5,1,StrictNestedBlendOOFAgent,3,HIST_0,0,core_history_280,real_history,measured_or_research,31.5,18.3,13,38.2,38.1097911409817,38.1104644949491,38.0689567281504,0.13104327184957,ridge_linear,1.0,0.242125276354525,0.971825315807548,0.971825315807548,False,False
all_real_plus_may133,within_cow_random5,1,StrictNestedBlendOOFAgent,6,HIST_0,0,core_history_280,real_history,measured_or_research,28.1,13.4,21,38.3,38.0351502843593,38.4440654572049,38.1930047493933,0.106995250606673,ridge_linear,1.0,0.242125276354525,1.7873008824606,2.21835775092998,False,False
all_real_plus_may133,within_cow_random5,1,StrictNestedBlendOOFAgent,15,HIST_10,10,core_history_280,real_history,measured_or_research,31.4,5.4,0,39.0,38.9350084816445,38.822222233477,38.8819615429448,0.118038457055228,ridge_linear,1.0,0.242125276354525,0.0,0.0,True,True
all_real_plus_may133,within_cow_random5,1,StrictNestedBlendOOFAgent,16,HIST_10,10,core_history_280,real_history,measured_or_research,31.4,5.4,0,39.0,38.9274994813497,38.7919409133576,38.8627453666769,0.137254633323117,ridge_linear,1.0,0.242125276354525,0.0,0.0,True,True
all_real_plus_may133,within_cow_random5,1,StrictNestedBlendOOFAgent,25,HIST_10,10,core_history_280,real_history,measured_or_research,33.6,8.0,13,38.4,38.3999589038049,38.4210804713314,38.3847889226556,0.015211077344361,ridge_linear,1.0,0.242125276354525,0.0,0.0,True,True
all_real_plus_may133,within_cow_random5,1,StrictNestedBlendOOFAgent,34,HIST_10,10,core_history_280,real_history,measured_or_research,32.0,9.0,19,39.0,38.9596163790587,38.8827177124149,38.9257020481655,0.0742979518344811,ridge_linear,1.0,0.242125276354525,0.0,0.0,True,True
all_real_plus_may133,within_cow_random5,1,StrictNestedBlendOOFAgent,37,HIST_10,10,core_history_280,real_history,measured_or_research,33.7,5.5,23,38.0,38.0938476445453,38.147875990021,38.0786499580884,-0.078649958088441,ridge_linear,1.0,0.242125276354525,0.0,0.0,True,True
all_real_plus_may133,within_cow_random5,1,StrictNestedBlendOOFAgent,45,HIST_11,11,core_history_280,real_history,measured_or_research,34.2,6.9,12,38.5,38.5811168153067,38.6429661829516,38.59585171278,-0.0958517127799681,ridge_linear,1.0,0.242125276354525,0.0,0.0,True,True
all_real_plus_may133,within_cow_random5,1,StrictNestedBlendOOFAgent,52,HIST_11,11,core_history_280,real_history,measured_or_research,33.9,9.3,13,38.8,38.8170729485757,38.6427612347691,38.727175649552,0.0728243504480162,ridge_linear,1.0,0.242125276354525,0.0,0.26,True,False
all_real_plus_may133,within_cow_random5,1,StrictNestedBlendOOFAgent,54,HIST_11,11,core_history_280,real_history,measured_or_research,36.2,8.8,14,39.0,38.9859628173875,39.0097169916371,39.0034279517159,-0.0034279517158708,ridge_linear,1.0,0.242125276354525,0.0,0.0,True,True
all_real_plus_may133,within_cow_random5,1,StrictNestedBlendOOFAgent,56,HIST_11,11,core_history_280,real_history,measured_or_research,36.0,9.1,15,38.9,38.9033673103918,38.9073061402783,38.9065791458567,-0.0065791458567048,ridge_linear,1.0,0.242125276354525,0.0,0.0,True,True
all_real_plus_may133,within_cow_random5,1,StrictNestedBlendOOFAgent,58,HIST_11,11,core_history_280,real_history,measured_or_research,33.7,9.0,19,40.0,39.9477574237508,39.9253786000484,39.9937370731771,0.0062629268228846,ridge_linear,1.0,0.242125276354525,0.0,0.0,True,True
all_real_plus_may133,within_cow_random5,1,StrictNestedBlendOOFAgent,64,HIST_11,11,core_history_280,real_history,measured_or_research,33.5,5.5,23,39.2,39.2200498273693,39.2494634257387,39.252839115053,-0.052839115052997,ridge_linear,1.0,0.242125276354525,0.0,0.0,True,True
all_real_plus_may133,within_cow_random5,1,StrictNestedBlendOOFAgent,71,HIST_12,12,core_history_280,real_history,measured_or_research,33.1,6.8,12,38.2,38.1661801271545,38.2046074503801,38.1471039603658,0.0528960396341702,ridge_linear,1.0,0.242125276354525,0.0,0.0,True,True
all_real_plus_may133,within_cow_random5,1,StrictNestedBlendOOFAgent,76,HIST_12,12,core_history_280,real_history,measured_or_research,36.3,8.0,13,38.5,38.8498307134608,38.4195939770712,38.6346259402552,-0.134625940255212,ridge_linear,1.0,0.242125276354525,0.550797401752926,0.0,False,True
all_real_plus_may133,within_cow_random5,1,StrictNestedBlendOOFAgent,81,HIST_12,12,core_history_280,real_history,measured_or_research,33.2,9.0,19,38.5,38.5082552464563,38.5573577420744,38.512766501212,-0.0127665012120417,ridge_linear,1.0,0.242125276354525,0.0,0.0,True,True
all_real_plus_may133,within_cow_random5,1,StrictNestedBlendOOFAgent,83,HIST_12,12,core_history_280,real_history,measured_or_research,31.3,6.0,21,38.4,38.4917034052092,38.4676244073139,38.458997479414,-0.0589974794139536,ridge_linear,1.0,0.242125276354525,0.0,0.0,True,True
all_real_plus_may133,within_cow_random5,1,StrictNestedBlendOOFAgent,88,HIST_12,12,core_history_280,real_history,measured_or_research,32.2,5.5,23,38.9,38.8464433230873,38.7561540498621,38.799830680041,0.100169319958987,ridge_linear,1.0,0.242125276354525,0.0,0.0,True,True
all_real_plus_may133,within_cow_random5,1,StrictNestedBlendOOFAgent,91,HIST_13,13,core_history_280,real_history,measured_or_research,26.6,5.0,11,38.9,38.9087871723302,38.782340859961,38.8475566350457,0.0524433649542644,ridge_linear,1.0,0.242125276354525,0.0,0.0,True,True
all_real_plus_may133,within_cow_random5,1,StrictNestedBlendOOFAgent,94,HIST_13,13,core_history_280,real_history,measured_or_research,33.1,6.1,11,39.2,39.0843672346157,39.1023918338396,39.1042485723854,0.0957514276146512,ridge_linear,1.0,0.242125276354525,0.0,0.0,True,True
all_real_plus_may133,within_cow_random5,1,StrictNestedBlendOOFAgent,96,HIST_13,13,core_history_280,real_history,measured_or_research,31.3,6.9,12,38.3,38.2879471979441,38.2721009601743,38.2484356535787,0.0515643464212516,ridge_linear,1.0,0.242125276354525,0.0,0.0,True,True
all_real_plus_may133,within_cow_random5,1,StrictNestedBlendOOFAgent,97,HIST_13,13,core_history_280,real_history,measured_or_research,31.9,6.8,12,38.0,38.0639113362588,38.0958408326035,38.0361418539523,-0.0361418539522944,ridge_linear,1.0,0.242125276354525,0.0,0.0,True,True
all_real_plus_may133,within_cow_random5,1,StrictNestedBlendOOFAgent,108,HIST_13,13,core_history_280,real_history,measured_or_research,33.9,11.2,15,38.1,38.2626571231704,38.2968755758223,38.2466491006921,-0.146649100692137,ridge_linear,1.0,0.242125276354525,0.0,0.0,True,True
all_real_plus_may133,within_cow_random5,1,StrictNestedBlendOOFAgent,109,HIST_13,13,core_history_280,real_history,measured_or_research,30.5,9.0,19,38.2,38.2336737467106,38.2250257896941,38.194834432132,0.0051655678679694,ridge_linear,1.0,0.242125276354525,0.0,0.0,True,True
all_real_plus_may133,within_cow_random5,1,StrictNestedBlendOOFAgent,120,HIST_14,14,core_history_280,real_history,measured_or_research,30.9,6.1,11,41.5,40.9394029425968,41.0215584334576,41.0902945354592,0.409705464540757,ridge_linear,1.0,0.242125276354525,0.0,0.0,True,True
all_real_plus_may133,within_cow_random5,1,StrictNestedBlendOOFAgent,121,HIST_14,14,core_history_280,real_history,measured_or_research,31.5,5.0,11,38.7,38.7940237983731,38.8211850192168,38.8029192528983,-0.102919252898339,ridge_linear,1.0,0.242125276354525,0.0,0.0,True,True
all_real_plus_may133,within_cow_random5,1,StrictNestedBlendOOFAgent,124,HIST_14,14,core_history_280,real_history,measured_or_research,31.9,6.9,12,38.5,38.1610359961558,38.5989714797842,38.3400280557808,0.159971944219194,ridge_linear,1.0,0.242125276354525,0.0200000000000001,0.0,False,True
all_real_plus_may133,within_cow_random5,1,StrictNestedBlendOOFAgent,133,HIST_14,14,core_history_280,real_history,measured_or_research,33.9,9.1,15,38.5,38.5583031691161,38.6506799930202,38.5869743575897,-0.0869743575896678,ridge_linear,1.0,0.242125276354525,0.0,0.0,True,True
all_real_plus_may133,within_cow_random5,1,StrictNestedBlendOOFAgent,136,HIST_14,14,core_history_280,real_history,measured_or_research,32.3,9.0,19,39.1,39.0679871158082,39.0636592752874,39.0758954797165,0.0241045202835437,ridge_linear,1.0,0.242125276354525,0.0,0.0,True,True
all_real_plus_may133,within_cow_random5,1,StrictNestedBlendOOFAgent,141,HIST_15,15,core_history_280,real_history,measured_or_research,28.6,5.4,0,38.3,38.3210939228735,38.3392544708895,38.3002377210642,-0.0002377210642166,ridge_linear,1.0,0.242125276354525,0.0,0.0,True,True
all_real_plus_may133,within_cow_random5,1,StrictNestedBlendOOFAgent,143,HIST_15,15,core_history_280,real_history,measured_or_research,33.9,8.0,13,38.5,38.5582945357895,38.5202303053281,38.522205382405,-0.0222053824050334,ridge_linear,1.0,0.242125276354525,0.0,0.0,True,True
all_real_plus_may133,within_cow_random5,1,StrictNestedBlendOOFAgent,151,HIST_15,15,core_history_280,real_history,measured_or_research,30.6,5.4,22,38.9,38.2143974760625,38.1946261112908,38.169005218826,0.730994781174026,ridge_linear,1.0,0.242125276354525,0.0,0.0,True,True
all_real_plus_may133,within_cow_random5,1,StrictNestedBlendOOFAgent,156,HIST_16,16,core_history_280,real_history,measured_or_research,28.7,5.4,0,38.9,38.8499270711907,38.7687734558788,38.8080362381194,0.0919637618806277,ridge_linear,1.0,0.242125276354525,0.0,0.0,True,True
all_real_plus_may133,within_cow_random5,1,StrictNestedBlendOOFAgent,159,HIST_16,16,core_history_280,real_history,measured_or_research,32.2,6.9,12,38.0,38.1067517257523,38.1028585538352,38.0634876875641,-0.06348768756407,ridge_linear,1.0,0.242125276354525,0.0,0.0,True,True
all_real_plus_may133,within_cow_random5,1,StrictNestedBlendOOFAgent,163,HIST_16,16,core_history_280,real_history,measured_or_research,33.0,8.8,14,38.3,38.3269378509674,38.3126933658283,38.29030598932,0.0096940106800218,ridge_linear,1.0,0.242125276354525,0.0,0.0,True,True
all_real_plus_may133,within_cow_random5,1,StrictNestedBlendOOFAgent,166,HIST_16,16,core_history_280,real_history,measured_or_research,33.2,9.1,15,38.7,38.6694478359054,38.6735024108889,38.6602116644111,0.0397883355889022,ridge_linear,1.0,0.242125276354525,0.0,0.0,True,True
all_real_plus_may133,within_cow_random5,1,StrictNestedBlendOOFAgent,175,HIST_17,17,core_history_280,real_history,measured_or_research,25.3,5.0,11,38.3,38.3052697170054,38.3818315278616,38.3125619338934,-0.012561933893366,ridge_linear,1.0,0.242125276354525,0.0,0.0,True,True
all_real_plus_may133,within_cow_random5,1,StrictNestedBlendOOFAgent,182,HIST_17,17,core_history_280,real_history,measured_or_research,32.8,6.8,12,38.7,38.0507170461378,38.6531621651801,38.305485249858,0.394514750141987,ridge_linear,1.0,0.242125276354525,0.167862377493525,0.0,False,True
all_real_plus_may133,within_cow_random5,1,StrictNestedBlendOOFAgent,184,HIST_17,17,core_history_280,real_history,measured_or_research,31.3,9.3,13,38.2,38.6093689015252,38.2286000262364,38.4058681373733,-0.205868137373301,ridge_linear,1.0,0.242125276354525,0.422742369666338,0.0,False,True
all_real_plus_may133,within_cow_random5,1,StrictNestedBlendOOFAgent,186,HIST_17,17,core_history_280,real_history,measured_or_research,32.5,8.0,13,38.7,38.673274275378,38.6664405516521,38.658836969752,0.0411630302480432,ridge_linear,1.0,0.242125276354525,0.0,0.0,True,True
all_real_plus_may133,within_cow_random5,1,StrictNestedBlendOOFAgent,193,HIST_17,17,core_history_280,real_history,measured_or_research,32.9,9.0,19,38.3,38.3378699487566,38.3499407117755,38.31488721633,-0.01488721632996,ridge_linear,1.0,0.242125276354525,0.0,0.0,True,True
all_real_plus_may133,within_cow_random5,1,StrictNestedBlendOOFAgent,194,HIST_17,17,core_history_280,real_history,measured_or_research,32.9,9.0,19,38.3,38.3205951926705,38.3050089287446,38.2829580978719,0.0170419021280779,ridge_linear,1.0,0.242125276354525,0.0,0.0,True,True
all_real_plus_may133,within_cow_random5,1,StrictNestedBlendOOFAgent,201,HIST_18,18,core_history_280,real_history,measured_or_research,28.2,5.4,0,38.5,38.4836082548192,38.4290239759536,38.4353246451674,0.0646753548325663,ridge_linear,1.0,0.242125276354525,0.0,0.0,True,True
all_real_plus_may133,within_cow_random5,1,StrictNestedBlendOOFAgent,216,HIST_18,18,core_history_280,real_history,measured_or_research,33.2,8.8,14,38.0,38.039582616122,38.5352708895986,38.2407541510956,-0.24075415109558,ridge_linear,1.0,0.242125276354525,0.0,0.503587132480567,True,False
all_real_plus_may133,within_cow_random5,1,StrictNestedBlendOOFAgent,218,HIST_18,18,core_history_280,real_history,measured_or_research,33.5,11.2,15,38.0,38.0333293161712,38.0015285579279,37.9722848346432,0.0277151653567884,ridge_linear,1.0,0.242125276354525,0.0,0.0,True,True
all_real_plus_may133,within_cow_random5,1,StrictNestedBlendOOFAgent,219,HIST_18,18,core_history_280,real_history,measured_or_research,32.1,9.0,19,39.0,39.3430213140878,39.256086931347,39.3246216160059,-0.324621616005864,ridge_linear,1.0,0.242125276354525,0.0,0.0,True,True
all_real_plus_may133,within_cow_random5,1,StrictNestedBlendOOFAgent,221,HIST_18,18,core_history_280,real_history,measured_or_research,31.2,6.0,21,39.2,39.1672337874899,39.1049401314306,39.1516697319889,0.0483302680111493,ridge_linear,1.0,0.242125276354525,0.0,0.0,True,True
all_real_plus_may133,within_cow_random5,1,StrictNestedBlendOOFAgent,224,HIST_18,18,core_history_280,real_history,measured_or_research,31.5,5.4,22,38.8,38.7896297680554,38.7741443106672,38.7771175809311,0.0228824190689068,ridge_linear,1.0,0.242125276354525,0.0,0.0,True,True
all_real_plus_may133,within_cow_random5,1,StrictNestedBlendOOFAgent,240,HIST_19,19,core_history_280,real_history,measured_or_research,33.0,8.0,13,38.9,38.8907197739863,38.8797637316477,38.8858606292965,0.0141393707034965,ridge_linear,1.0,0.242125276354525,0.0,0.0,True,True
all_real_plus_may133,within_cow_random5,1,StrictNestedBlendOOFAgent,246,HIST_19,19,core_history_280,real_history,measured_or_research,35.3,9.1,15,39.0,38.9535673995005,38.9977201297338,38.9794278973874,0.0205721026125971,ridge_linear,1.0,0.242125276354525,0.0,0.0,True,True
all_real_plus_may133,within_cow_random5,1,StrictNestedBlendOOFAgent,249,HIST_19,19,core_history_280,real_history,measured_or_research,33.5,6.0,21,39.9,39.8887180494945,39.6887427207284,39.8433703414786,0.0566296585213948,ridge_linear,1.0,0.242125276354525,0.0,0.0,True,True
all_real_plus_may133,within_cow_random5,1,StrictNestedBlendOOFAgent,251,HIST_19,19,core_history_280,real_history,measured_or_research,33.8,5.4,22,39.4,39.4007742956628,39.287135674224,39.3722042909673,0.027795709032695,ridge_linear,1.0,0.242125276354525,0.0,0.0,True,True
all_real_plus_may133,within_cow_random5,1,StrictNestedBlendOOFAgent,253,HIST_19,19,core_history_280,real_history,measured_or_research,33.3,5.5,23,39.3,39.3061096753739,39.1965448995256,39.2745013813686,0.0254986186314028,ridge_linear,1.0,0.242125276354525,0.0,0.0,True,True
all_real_plus_may133,within_cow_random5,1,StrictNestedBlendOOFAgent,254,HIST_19,19,core_history_280,real_history,measured_or_research,33.3,5.5,23,39.3,39.2946014758572,39.2950795171897,39.3170107440358,-0.0170107440357583,ridge_linear,1.0,0.242125276354525,0.0,0.0,True,True
all_real_plus_may133,within_cow_random5,1,StrictNestedBlendOOFAgent,272,HIST_7,7,core_history_280,real_history,measured_or_research,28.2,13.1,11,38.1,38.2998896725975,38.297761504539,38.2678271699463,-0.167827169946321,ridge_linear,1.0,0.242125276354525,2.8350661367947,5.01145798257464,False,False
all_real_plus_may133,within_cow_random5,1,StrictNestedBlendOOFAgent,278,HIST_7,7,core_history_280,real_history,measured_or_research,30.7,11.8,22,39.1,38.19599120303,38.2029309653377,38.1628761701281,0.937123829871943,ridge_linear,1.0,0.242125276354525,0.556936062558151,0.627304639797209,False,False
all_real_plus_may133,within_cow_random5,1,StrictNestedBlendOOFAgent,287,DEC2025_10,10,dec2025_140,real_history,measured,33.1,11.2,14,38.5,38.3262969021096,38.4840860987667,38.3750400864542,0.12495991354583,ridge_linear,1.0,0.242125276354525,0.584389520021632,0.0,False,True
all_real_plus_may133,within_cow_random5,1,StrictNestedBlendOOFAgent,288,DEC2025_10,10,dec2025_140,real_history,measured,33.9,11.2,15,38.3,38.325362734572,38.3167147324068,38.2914251440412,0.0085748559587699,ridge_linear,1.0,0.242125276354525,0.0,0.0,True,True
all_real_plus_may133,within_cow_random5,1,StrictNestedBlendOOFAgent,292,DEC2025_10,10,dec2025_140,real_history,measured,33.7,5.5,23,38.0,38.0,38.0676777212885,37.9865616497761,0.0134383502238649,ridge_linear,1.0,0.242125276354525,0.0,0.0,True,True
all_real_plus_may133,within_cow_random5,1,StrictNestedBlendOOFAgent,302,DEC2025_11,11,dec2025_140,real_history,measured,33.7,9.0,19,40.0,40.0,39.9479731400994,40.0340532504903,-0.0340532504902527,ridge_linear,1.0,0.242125276354525,0.0,0.0,True,True
all_real_plus_may133,within_cow_random5,1,StrictNestedBlendOOFAgent,304,DEC2025_11,11,dec2025_140,real_history,measured,33.2,5.4,22,39.6,39.5913264811827,39.5862712253535,39.6268517322362,-0.0268517322362172,ridge_linear,1.0,0.242125276354525,0.0,0.0,True,True
all_real_plus_may133,within_cow_random5,1,StrictNestedBlendOOFAgent,305,DEC2025_11,11,dec2025_140,real_history,measured,33.5,5.5,23,39.2,39.2116173633751,39.2174411278921,39.2322442361819,-0.0322442361818815,ridge_linear,1.0,0.242125276354525,0.0,0.0,True,True
all_real_plus_may133,within_cow_random5,1,StrictNestedBlendOOFAgent,310,DEC2025_12,12,dec2025_140,real_history,measured,33.2,9.3,13,38.1,38.1,38.104890134874,38.0607356461702,0.0392643538298501,ridge_linear,1.0,0.242125276354525,0.0,0.0,True,True
all_real_plus_may133,within_cow_random5,1,StrictNestedBlendOOFAgent,311,DEC2025_12,12,dec2025_140,real_history,measured,36.3,8.0,13,38.5,38.9282626022929,38.479076000055,38.7078428310446,-0.207842831044623,ridge_linear,1.0,0.242125276354525,0.550797401752926,0.0,False,True
all_real_plus_may133,within_cow_random5,1,StrictNestedBlendOOFAgent,313,DEC2025_12,12,dec2025_140,real_history,measured,35.0,11.2,15,38.5,38.4141365761237,38.4883185490878,38.4260673637806,0.0739326362193964,ridge_linear,1.0,0.242125276354525,0.0,0.0,True,True
all_real_plus_may133,within_cow_random5,1,StrictNestedBlendOOFAgent,320,DEC2025_13,13,dec2025_140,real_history,measured,33.1,6.1,11,39.2,39.1824355608747,39.0679446675763,39.1417699146309,0.0582300853690967,ridge_linear,1.0,0.242125276354525,0.0,0.0,True,True
all_real_plus_may133,within_cow_random5,1,StrictNestedBlendOOFAgent,321,DEC2025_13,13,dec2025_140,real_history,measured,31.3,6.9,12,38.3,38.2922428575742,38.3089071995169,38.2691014418324,0.0308985581675572,ridge_linear,1.0,0.242125276354525,0.0,0.0,True,True
all_real_plus_may133,within_cow_random5,1,StrictNestedBlendOOFAgent,325,DEC2025_13,13,dec2025_140,real_history,measured,31.8,8.8,14,38.0,38.0924024451067,38.042382958595,38.0254710218152,-0.0254710218151857,ridge_linear,1.0,0.242125276354525,0.0,0.0,True,True
all_real_plus_may133,within_cow_random5,1,StrictNestedBlendOOFAgent,333,DEC2025_14,14,dec2025_140,real_history,measured,30.9,6.1,11,41.5,40.9974303609414,41.1095150992425,41.1662830631338,0.333716936866246,ridge_linear,1.0,0.242125276354525,0.0,0.0,True,True
all_real_plus_may133,within_cow_random5,1,StrictNestedBlendOOFAgent,334,DEC2025_14,14,dec2025_140,real_history,measured,31.5,5.0,11,38.7,38.7,38.7681021751083,38.724194783685,-0.0241947836850116,ridge_linear,1.0,0.242125276354525,0.0,0.0,True,True
all_real_plus_may133,within_cow_random5,1,StrictNestedBlendOOFAgent,339,DEC2025_14,14,dec2025_140,real_history,measured,30.7,11.2,15,38.5,38.5469313048504,38.5506301262138,38.5309687080752,-0.0309687080752497,ridge_linear,1.0,0.242125276354525,0.0,0.0,True,True
all_real_plus_may133,within_cow_random5,1,StrictNestedBlendOOFAgent,355,DEC2025_16,16,dec2025_140,real_history,measured,33.0,8.8,14,38.3,38.3059638773243,38.3205861880327,38.282542190982,0.0174578090179551,ridge_linear,1.0,0.242125276354525,0.0,0.0,True,True
all_real_plus_may133,within_cow_random5,1,StrictNestedBlendOOFAgent,357,DEC2025_16,16,dec2025_140,real_history,measured,32.1,9.0,19,39.4,39.320935311825,38.9654660417825,39.1680357587902,0.231964241209823,ridge_linear,1.0,0.242125276354525,0.0,0.0,True,True
all_real_plus_may133,within_cow_random5,1,StrictNestedBlendOOFAgent,364,DEC2025_17,17,dec2025_140,real_history,measured,32.8,6.8,12,38.7,38.1600252110206,38.6897598219343,38.3845386125335,0.315461387466463,ridge_linear,1.0,0.242125276354525,0.333932794303157,0.0,False,True
all_real_plus_may133,within_cow_random5,1,StrictNestedBlendOOFAgent,368,DEC2025_17,17,dec2025_140,real_history,measured,32.3,9.1,15,39.5,39.3742917947239,39.0019780929474,39.2158819797125,0.284118020287515,ridge_linear,1.0,0.242125276354525,0.0,0.536200625802613,True,False
all_real_plus_may133,within_cow_random5,1,StrictNestedBlendOOFAgent,371,DEC2025_17,17,dec2025_140,real_history,measured,31.5,6.0,21,38.2,38.2,38.2331523607363,38.1801130102805,0.0198869897195451,ridge_linear,1.0,0.242125276354525,0.0,0.0,True,True
all_real_plus_may133,within_cow_random5,1,StrictNestedBlendOOFAgent,375,DEC2025_18,18,dec2025_140,real_history,measured,30.4,5.0,11,38.5,38.4719397470092,38.473793020639,38.4510518016674,0.0489481983325675,ridge_linear,1.0,0.242125276354525,0.0,0.0,True,True
all_real_plus_may133,within_cow_random5,1,StrictNestedBlendOOFAgent,376,DEC2025_18,18,dec2025_140,real_history,measured,31.0,6.1,11,38.0,38.0,38.0232986555881,37.9645288396517,0.0354711603483011,ridge_linear,1.0,0.242125276354525,0.0,0.0,True,True
all_real_plus_may133,within_cow_random5,1,StrictNestedBlendOOFAgent,378,DEC2025_18,18,dec2025_140,real_history,measured,32.0,6.9,12,38.2,38.1943227492571,38.1959398478692,38.1584759847547,0.0415240152453009,ridge_linear,1.0,0.242125276354525,0.0,0.0,True,True
all_real_plus_may133,within_cow_random5,1,StrictNestedBlendOOFAgent,390,DEC2025_19,19,dec2025_140,real_history,measured,31.7,6.9,12,39.2,39.1683363760873,39.170460534288,39.1848126840539,0.0151873159461005,ridge_linear,1.0,0.242125276354525,0.0,0.0,True,True
all_real_plus_may133,within_cow_random5,1,StrictNestedBlendOOFAgent,391,DEC2025_19,19,dec2025_140,real_history,measured,33.2,6.8,12,39.0,38.9983610762892,38.991596541042,39.0013374494652,-0.0013374494651685,ridge_linear,1.0,0.242125276354525,0.0,0.0,True,True
all_real_plus_may133,within_cow_random5,1,StrictNestedBlendOOFAgent,393,DEC2025_19,19,dec2025_140,real_history,measured,33.0,8.0,13,38.9,38.8997327064987,38.8921717643111,38.8970409588358,0.002959041164182,ridge_linear,1.0,0.242125276354525,0.0,0.0,True,True
all_real_plus_may133,within_cow_random5,1,StrictNestedBlendOOFAgent,999,MAY2026_51,51,may2026_measured_133,real_may_measured,measured,38.1,37.8,13,39.4,39.0224524369053,39.1843318288092,39.1104431531278,0.289556846872244,ridge_linear,1.0,0.242125276354525,0.838179243625396,0.833198118281835,False,False
all_real_plus_may133,within_cow_random5,1,StrictNestedBlendOOFAgent,1000,MAY2026_51,51,may2026_measured_133,real_may_measured,measured,36.1,33.9,14,39.2,38.8669330430995,38.7748254418465,38.8205130496992,0.37948695030083,ridge_linear,1.0,0.242125276354525,0.519230199429887,0.57530185313644,False,False
all_real_plus_may133,within_cow_random5,1,StrictNestedBlendOOFAgent,1004,MAY2026_51,51,may2026_measured_133,real_may_measured,measured,36.7,34.5,19,39.6,39.2678869176149,39.2789033387143,39.2940999840748,0.305900015925182,ridge_linear,1.0,0.242125276354525,0.500099990001999,0.0,False,False
all_real_plus_may133,within_cow_random5,1,StrictNestedBlendOOFAgent,1007,MAY2026_51,51,may2026_measured_133,real_may_measured,measured,36.0,32.9,21,39.3,39.6366149665417,39.3987008071142,39.5589542455006,-0.258954245500561,ridge_linear,1.0,0.242125276354525,0.530450542254204,0.78213560915682,False,False
all_real_plus_may133,within_cow_random5,1,StrictNestedBlendOOFAgent,1017,MAY2026_52,52,may2026_measured_133,real_may_measured,measured,37.7,36.9,14,39.1,39.1007849874842,39.2500642446009,39.1867078367169,-0.0867078367169043,ridge_linear,1.0,0.242125276354525,0.504876222454573,0.896649880984933,False,False
all_real_plus_may133,within_cow_random5,1,StrictNestedBlendOOFAgent,1020,MAY2026_52,52,may2026_measured_133,real_may_measured,measured,37.1,35.5,19,40.2,40.1057314471933,39.6383374210754,39.9392204300023,0.260779569997666,ridge_linear,1.0,0.242125276354525,0.50249378105604,0.860868227029194,False,False
all_real_plus_may133,within_cow_random5,1,StrictNestedBlendOOFAgent,1026,MAY2026_52,52,may2026_measured_133,real_may_measured,measured,37.0,35.2,22,40.2,40.1225355984159,39.851780502369,40.0545479841652,0.145452015834771,ridge_linear,1.0,0.242125276354525,0.476141902284513,0.285418994230536,False,False
all_real_plus_may133,within_cow_random5,1,StrictNestedBlendOOFAgent,1027,MAY2026_52,52,may2026_measured_133,real_may_measured,measured,33.9,30.9,23,39.5,39.4849866661168,39.6620772227868,39.6052565952837,-0.105256595283734,ridge_linear,1.0,0.242125276354525,0.325849317595999,0.779633759008641,False,False
all_real_plus_may133,within_cow_random5,1,StrictNestedBlendOOFAgent,1032,MAY2026_53,53,may2026_measured_133,real_may_measured,measured,39.3,38.8,15,39.5,39.3787495036088,39.454947468216,39.443249934196,0.0567500658040458,ridge_linear,1.0,0.242125276354525,0.550797401752926,1.89926140316467,False,False
all_real_plus_may133,within_cow_random5,1,StrictNestedBlendOOFAgent,1035,MAY2026_53,53,may2026_measured_133,real_may_measured,measured,36.7,33.0,21,38.7,39.5567676192193,39.8198781242539,39.72358119827,-1.02358119826997,ridge_linear,1.0,0.242125276354525,0.189414301935674,1.10040254951316,False,False
all_real_plus_may133,within_cow_random5,1,StrictNestedBlendOOFAgent,1039,MAY2026_54,54,may2026_measured_133,real_may_measured,measured,37.0,35.0,13,39.1,38.870424561148,39.0645415288525,38.9662927212836,0.133707278716393,ridge_linear,1.0,0.242125276354525,0.527141136487922,0.421637021355782,False,False
all_real_plus_may133,within_cow_random5,1,StrictNestedBlendOOFAgent,1042,MAY2026_54,54,may2026_measured_133,real_may_measured,measured,38.4,37.9,15,39.7,39.3233905380121,39.2315189812542,39.3014902156622,0.398509784337847,ridge_linear,1.0,0.242125276354525,0.276003220593127,2.02546291005291,False,False
all_real_plus_may133,within_cow_random5,1,StrictNestedBlendOOFAgent,1043,MAY2026_54,54,may2026_measured_133,real_may_measured,measured,38.9,38.8,18,39.5,39.5402393972444,39.3505494009354,39.4813681624196,0.0186318375803651,ridge_linear,1.0,0.242125276354525,1.52777616161531,1.30130810255595,False,False
all_real_plus_may133,within_cow_random5,1,StrictNestedBlendOOFAgent,1053,MAY2026_55,55,may2026_measured_133,real_may_measured,measured,35.8,32.5,13,38.6,38.5514508390422,38.7789446058251,38.6468370098529,-0.0468370098529292,ridge_linear,1.0,0.242125276354525,0.16,0.894011951606075,False,False
all_real_plus_may133,within_cow_random5,1,StrictNestedBlendOOFAgent,1058,MAY2026_55,55,may2026_measured_133,real_may_measured,measured,36.4,33.4,19,38.9,39.6751126113097,39.3370237405718,39.5497764036311,-0.649776403631115,ridge_linear,1.0,0.242125276354525,0.514198405287293,0.853368010562412,False,False
all_real_plus_may133,within_cow_random5,1,StrictNestedBlendOOFAgent,1059,MAY2026_55,55,may2026_measured_133,real_may_measured,measured,34.4,30.8,21,39.4,39.6713609309283,39.4490882284685,39.6033232406569,-0.2033232406569,ridge_linear,1.0,0.242125276354525,0.199694210676671,0.493862558570062,False,False
all_real_plus_may133,within_cow_random5,1,StrictNestedBlendOOFAgent,1066,MAY2026_56,56,may2026_measured_133,real_may_measured,measured,34.7,32.0,12,38.2,38.3603178249305,38.2273785117063,38.2665422275901,-0.0665422275900625,ridge_linear,1.0,0.242125276354525,0.0200000000000003,0.0,False,False
all_real_plus_may133,within_cow_random5,1,StrictNestedBlendOOFAgent,1067,MAY2026_56,56,may2026_measured_133,real_may_measured,measured,34.7,32.2,12,39.7,38.2898786907101,38.1783330939838,38.2029586836823,1.49704131631768,ridge_linear,1.0,0.242125276354525,0.0200000000000003,0.0,False,False
all_real_plus_may133,within_cow_random5,1,StrictNestedBlendOOFAgent,1076,MAY2026_56,56,may2026_measured_133,real_may_measured,measured,35.5,33.1,19,39.0,39.4320489198371,39.4043988476411,39.4478414845144,-0.44784148451442,ridge_linear,1.0,0.242125276354525,0.0100000000000001,0.0,False,False
all_real_plus_may133,within_cow_random5,1,StrictNestedBlendOOFAgent,1081,MAY2026_56,56,may2026_measured_133,real_may_measured,measured,35.0,31.4,22,38.8,39.1688825289073,39.2182801914801,39.2088578423973,-0.408857842397339,ridge_linear,1.0,0.242125276354525,0.184872328318163,0.746333631085247,False,False
all_real_plus_may133,within_cow_random5,1,StrictNestedBlendOOFAgent,1083,MAY2026_57,57,may2026_measured_133,real_may_measured,measured,35.7,29.0,1,40.1,38.9830085837709,39.3568860779882,39.1741409978793,0.925859002120738,ridge_linear,1.0,0.242125276354525,1.04120122935002,1.15602768132947,False,False
all_real_plus_may133,within_cow_random5,1,StrictNestedBlendOOFAgent,1086,MAY2026_57,57,may2026_measured_133,real_may_measured,measured,36.5,31.7,13,38.5,38.9870200969362,39.0340862777313,39.0161154319856,-0.516115431985575,ridge_linear,1.0,0.242125276354525,0.506359556046887,0.0,False,False
all_real_plus_may133,within_cow_random5,1,StrictNestedBlendOOFAgent,1089,MAY2026_57,57,may2026_measured_133,real_may_measured,measured,39.2,37.2,14,39.9,39.7706596240324,39.7968525208759,39.8312858537548,0.068714146245199,ridge_linear,1.0,0.242125276354525,0.550797401752926,0.454270801891616,False,False
all_real_plus_may133,within_cow_random5,1,StrictNestedBlendOOFAgent,1092,MAY2026_57,57,may2026_measured_133,real_may_measured,measured,37.6,33.4,18,39.5,39.5987589305348,39.58572569179,39.6307207070801,-0.130720707080116,ridge_linear,1.0,0.242125276354525,0.506359556046887,0.0,False,False
all_real_plus_may133,within_cow_random5,1,StrictNestedBlendOOFAgent,1102,MAY2026_58,58,may2026_measured_133,real_may_measured,measured,29.3,20.6,1,39.3,39.0372209028443,39.3633375011104,39.2075397565042,0.0924602434957578,ridge_linear,1.0,0.242125276354525,1.20037494142455,2.52605919500897,False,False
all_real_plus_may133,within_cow_random5,1,StrictNestedBlendOOFAgent,1110,MAY2026_58,58,may2026_measured_133,real_may_measured,measured,33.0,25.7,23,39.1,39.122692393276,39.1428922523378,39.145702564337,-0.0457025643370415,ridge_linear,1.0,0.242125276354525,0.528561990477729,0.0,False,False
all_real_plus_may133,within_cow_random5,1,StrictNestedBlendOOFAgent,1117,MAY2026_60,60,may2026_measured_133,real_may_measured,measured,37.1,35.1,14,38.3,38.597816934879,38.7546686885338,38.6606103266711,-0.360610326671129,ridge_linear,1.0,0.242125276354525,0.169345143945076,0.0,False,False
all_real_plus_may133,within_cow_random5,1,StrictNestedBlendOOFAgent,1123,MAY2026_60,60,may2026_measured_133,real_may_measured,measured,35.4,31.9,21,40.4,40.1479644182304,40.6114928064588,40.4458848956239,-0.0458848956238924,ridge_linear,1.0,0.242125276354525,0.184872328318163,0.575729104933539,False,False
all_real_plus_may133,within_cow_random5,1,StrictNestedBlendOOFAgent,1124,MAY2026_60,60,may2026_measured_133,real_may_measured,measured,36.5,33.6,21,38.4,38.5041918695398,38.4799968149659,38.4720959657997,-0.0720959657996687,ridge_linear,1.0,0.242125276354525,0.169345143945076,0.0,False,False
all_real_plus_may133,within_cow_random5,1,StrictNestedBlendOOFAgent,1128,MAY2026_60,60,may2026_measured_133,real_may_measured,measured,35.2,30.6,23,40.5,40.4306189523208,39.9980628425119,40.2987725391401,0.201227460859876,ridge_linear,1.0,0.242125276354525,0.39396841384953,0.98059690739089,False,False
all_real_plus_may133,within_cow_random5,2,StrictNestedBlendOOFAgent,4,HIST_0,0,core_history_280,real_history,measured_or_research,32.6,20.8,14,38.4,38.1156206899955,38.1137996445816,38.1147465881968,0.285253411803168,global_alpha,,0.259074240201574,0.554616984954482,0.554616984954482,False,False
all_real_plus_may133,within_cow_random5,2,StrictNestedBlendOOFAgent,9,HIST_0,0,core_history_280,real_history,measured_or_research,28.6,10.9,24,38.0,38.3339882996888,38.291206905183,38.313453230326,-0.313453230326019,global_alpha,,0.259074240201574,1.1,1.1,False,False
all_real_plus_may133,within_cow_random5,2,StrictNestedBlendOOFAgent,18,HIST_10,10,core_history_280,real_history,measured_or_research,33.3,6.1,11,38.8,38.8220097687321,38.7557573448158,38.7902086052523,0.0097913947477223,global_alpha,,0.259074240201574,0.0,0.0,True,True
all_real_plus_may133,within_cow_random5,2,StrictNestedBlendOOFAgent,19,HIST_10,10,core_history_280,real_history,measured_or_research,31.8,6.9,12,38.7,38.6947914741209,38.6804519494934,38.6879085022997,0.0120914977002968,global_alpha,,0.259074240201574,0.0,0.0,True,True
all_real_plus_may133,within_cow_random5,2,StrictNestedBlendOOFAgent,22,HIST_10,10,core_history_280,real_history,measured_or_research,33.6,6.8,12,38.4,38.4258794029537,38.4159744238406,38.4211250129794,-0.021125012979418,global_alpha,,0.259074240201574,0.554616984954482,0.0,False,True
all_real_plus_may133,within_cow_random5,2,StrictNestedBlendOOFAgent,24,HIST_10,10,core_history_280,real_history,measured_or_research,33.3,9.3,13,38.5,38.4964522212406,38.4837233075894,38.490342342688,0.0096576573119762,global_alpha,,0.259074240201574,0.0,0.0,True,True
all_real_plus_may133,within_cow_random5,2,StrictNestedBlendOOFAgent,28,HIST_10,10,core_history_280,real_history,measured_or_research,33.1,11.2,14,38.5,38.3143653473525,38.4712314891998,38.3896610954392,0.110338904560798,global_alpha,,0.259074240201574,0.5081119736611,0.0,False,True
all_real_plus_may133,within_cow_random5,2,StrictNestedBlendOOFAgent,39,HIST_11,11,core_history_280,real_history,measured_or_research,32.9,5.4,0,38.2,38.2307679609712,38.3548209790439,38.2903134096461,-0.0903134096460931,global_alpha,,0.259074240201574,0.0,0.0,True,True
all_real_plus_may133,within_cow_random5,2,StrictNestedBlendOOFAgent,44,HIST_11,11,core_history_280,real_history,measured_or_research,33.1,5.0,11,39.1,39.0856168251633,39.1086818600706,39.0966880419188,0.0033119580812055,global_alpha,,0.259074240201574,0.0,0.0,True,True
all_real_plus_may133,within_cow_random5,2,StrictNestedBlendOOFAgent,50,HIST_11,11,core_history_280,real_history,measured_or_research,32.8,8.0,13,39.2,39.1673765913735,39.1874368043877,39.1770054936203,0.022994506379689,global_alpha,,0.259074240201574,0.0,0.0,True,True
all_real_plus_may133,within_cow_random5,2,StrictNestedBlendOOFAgent,61,HIST_11,11,core_history_280,real_history,measured_or_research,33.2,5.4,22,39.6,39.5816319987016,39.5176388180127,39.5509152719709,0.0490847280290723,global_alpha,,0.259074240201574,0.0,0.0,True,True
all_real_plus_may133,within_cow_random5,2,StrictNestedBlendOOFAgent,62,HIST_11,11,core_history_280,real_history,measured_or_research,33.2,5.4,22,39.6,39.577399987616,39.5873961420155,39.5821981417278,0.017801858272243,global_alpha,,0.259074240201574,0.0,0.0,True,True
all_real_plus_may133,within_cow_random5,2,StrictNestedBlendOOFAgent,65,HIST_12,12,core_history_280,real_history,measured_or_research,31.8,5.4,0,38.1,38.1091928711884,38.1300928062531,38.1192248400195,-0.0192248400194543,global_alpha,,0.259074240201574,0.0,0.0,True,True
all_real_plus_may133,within_cow_random5,2,StrictNestedBlendOOFAgent,67,HIST_12,12,core_history_280,real_history,measured_or_research,35.7,6.1,11,38.1,38.1337606860736,38.232507347649,38.1811590836298,-0.0811590836297924,global_alpha,,0.259074240201574,0.0,0.0,True,True
all_real_plus_may133,within_cow_random5,2,StrictNestedBlendOOFAgent,68,HIST_12,12,core_history_280,real_history,measured_or_research,35.7,6.1,11,38.1,38.1498605018696,38.2234237711038,38.185170871102,-0.0851708711020152,global_alpha,,0.259074240201574,0.0,0.0,True,True
all_real_plus_may133,within_cow_random5,2,StrictNestedBlendOOFAgent,69,HIST_12,12,core_history_280,real_history,measured_or_research,32.9,6.9,12,38.0,38.0470199474221,38.0859995125828,38.0657301386992,-0.0657301386992373,global_alpha,,0.259074240201574,0.0,0.0,True,True
all_real_plus_may133,within_cow_random5,2,StrictNestedBlendOOFAgent,72,HIST_12,12,core_history_280,real_history,measured_or_research,33.1,6.8,12,38.2,38.191945313052,38.2098473796276,38.2005383050083,-0.0005383050082841,global_alpha,,0.259074240201574,0.0,0.0,True,True
all_real_plus_may133,within_cow_random5,2,StrictNestedBlendOOFAgent,90,HIST_13,13,core_history_280,real_history,measured_or_research,29.8,5.4,0,38.0,38.0188513538389,38.0230571159971,38.0208701196748,-0.0208701196748322,global_alpha,,0.259074240201574,0.0,0.0,True,True
all_real_plus_may133,within_cow_random5,2,StrictNestedBlendOOFAgent,98,HIST_13,13,core_history_280,real_history,measured_or_research,31.9,6.8,12,38.0,38.0260035020273,38.0710490709156,38.0476253750937,-0.0476253750936877,global_alpha,,0.259074240201574,0.0,0.0,True,True
all_real_plus_may133,within_cow_random5,2,StrictNestedBlendOOFAgent,102,HIST_13,13,core_history_280,real_history,measured_or_research,33.3,8.0,13,38.2,38.1876790040872,38.2218185871771,38.2040660039704,-0.004066003970351,global_alpha,,0.259074240201574,0.0,0.0,True,True
all_real_plus_may133,within_cow_random5,2,StrictNestedBlendOOFAgent,104,HIST_13,13,core_history_280,real_history,measured_or_research,31.8,8.8,14,38.0,38.0632343560995,38.0824901975391,38.0724771599905,-0.0724771599905125,global_alpha,,0.259074240201574,0.0,0.0,True,True
all_real_plus_may133,within_cow_random5,2,StrictNestedBlendOOFAgent,107,HIST_13,13,core_history_280,real_history,measured_or_research,33.9,11.2,15,38.1,38.2367630069806,38.5131565470283,38.3694319062035,-0.269431906203501,global_alpha,,0.259074240201574,0.0,0.0,True,True
all_real_plus_may133,within_cow_random5,2,StrictNestedBlendOOFAgent,116,HIST_13,13,core_history_280,real_history,measured_or_research,30.5,5.5,23,38.1,38.0852485243707,38.0964315333127,38.0906163686629,0.0093836313371369,global_alpha,,0.259074240201574,0.0,0.0,True,True
all_real_plus_may133,within_cow_random5,2,StrictNestedBlendOOFAgent,117,HIST_14,14,core_history_280,real_history,measured_or_research,29.5,5.4,0,38.9,38.9244264782724,38.84994886768,38.888677225188,0.0113227748119513,global_alpha,,0.259074240201574,0.0,0.0,True,True
all_real_plus_may133,within_cow_random5,2,StrictNestedBlendOOFAgent,118,HIST_14,14,core_history_280,real_history,measured_or_research,29.5,5.4,0,38.9,38.9167285454475,38.8084514882136,38.8647555579752,0.0352444420247693,global_alpha,,0.259074240201574,0.0,0.0,True,True
all_real_plus_may133,within_cow_random5,2,StrictNestedBlendOOFAgent,132,HIST_14,14,core_history_280,real_history,measured_or_research,30.7,11.2,15,38.5,38.5087829815576,38.4935275340229,38.5014603667409,-0.0014603667409431,global_alpha,,0.259074240201574,0.0,0.0,True,True
all_real_plus_may133,within_cow_random5,2,StrictNestedBlendOOFAgent,137,HIST_14,14,core_history_280,real_history,measured_or_research,32.5,6.0,21,39.1,39.1011925227442,38.9643865212148,39.0355256420101,0.0644743579899156,global_alpha,,0.259074240201574,0.0,0.0,True,True
all_real_plus_may133,within_cow_random5,2,StrictNestedBlendOOFAgent,139,HIST_14,14,core_history_280,real_history,measured_or_research,32.7,5.5,23,38.2,38.2925666511274,38.4383040272064,38.3625205916453,-0.162520591645318,global_alpha,,0.259074240201574,0.0,0.0,True,True
all_real_plus_may133,within_cow_random5,2,StrictNestedBlendOOFAgent,145,HIST_15,15,core_history_280,real_history,measured_or_research,33.9,11.2,15,38.6,38.3253004619685,38.3206963633766,38.3230904946444,0.276909505355611,global_alpha,,0.259074240201574,0.0,0.0,True,True
all_real_plus_may133,within_cow_random5,2,StrictNestedBlendOOFAgent,147,HIST_15,15,core_history_280,real_history,measured_or_research,30.6,9.0,19,39.0,38.4574955161327,38.9759322606137,38.7063451534836,0.293654846516418,global_alpha,,0.259074240201574,0.333333333333338,0.0,False,True
all_real_plus_may133,within_cow_random5,2,StrictNestedBlendOOFAgent,150,HIST_15,15,core_history_280,real_history,measured_or_research,30.7,6.0,21,39.1,39.0866058336112,39.0552774217573,39.0715681959213,0.0284318040786715,global_alpha,,0.259074240201574,0.0,0.0,True,True
all_real_plus_may133,within_cow_random5,2,StrictNestedBlendOOFAgent,160,HIST_16,16,core_history_280,real_history,measured_or_research,32.2,6.9,12,38.0,38.068926071073,38.1031953916953,38.0853753449717,-0.085375344971709,global_alpha,,0.259074240201574,0.0,0.0,True,True
all_real_plus_may133,within_cow_random5,2,StrictNestedBlendOOFAgent,164,HIST_16,16,core_history_280,real_history,measured_or_research,33.0,8.8,14,38.3,38.3340282867256,38.3384814918445,38.3361658251827,-0.0361658251826782,global_alpha,,0.259074240201574,0.0,0.0,True,True
all_real_plus_may133,within_cow_random5,2,StrictNestedBlendOOFAgent,165,HIST_16,16,core_history_280,real_history,measured_or_research,33.2,9.1,15,38.7,38.6696074885424,38.6548755409849,38.6625361537148,0.0374638462852062,global_alpha,,0.259074240201574,0.0,0.0,True,True
all_real_plus_may133,within_cow_random5,2,StrictNestedBlendOOFAgent,168,HIST_16,16,core_history_280,real_history,measured_or_research,32.1,9.0,19,39.4,39.3586435016621,39.3067057711559,39.3337133910191,0.0662866089808745,global_alpha,,0.259074240201574,0.0,0.0,True,True
all_real_plus_may133,within_cow_random5,2,StrictNestedBlendOOFAgent,180,HIST_17,17,core_history_280,real_history,measured_or_research,29.7,6.9,12,38.1,38.1474234229726,38.1918586907469,38.1687523515043,-0.0687523515042656,global_alpha,,0.259074240201574,0.0,0.0,True,True
all_real_plus_may133,within_cow_random5,2,StrictNestedBlendOOFAgent,185,HIST_17,17,core_history_280,real_history,measured_or_research,32.5,8.0,13,38.7,38.6683023182589,38.6511261196627,38.6600577429327,0.0399422570672812,global_alpha,,0.259074240201574,0.0,0.0,True,True
all_real_plus_may133,within_cow_random5,2,StrictNestedBlendOOFAgent,187,HIST_17,17,core_history_280,real_history,measured_or_research,31.2,8.8,14,39.0,38.9038218481728,38.8885044173313,38.8964694813689,0.103530518631125,global_alpha,,0.259074240201574,0.0,0.0,True,True
all_real_plus_may133,within_cow_random5,2,StrictNestedBlendOOFAgent,188,HIST_17,17,core_history_280,real_history,measured_or_research,31.2,8.8,14,39.0,38.8519528102368,38.8902153265018,38.870318818044,0.129681181956002,global_alpha,,0.259074240201574,0.0,0.0,True,True
all_real_plus_may133,within_cow_random5,2,StrictNestedBlendOOFAgent,189,HIST_17,17,core_history_280,real_history,measured_or_research,32.3,9.1,15,39.5,39.3370495970358,38.9174627728843,39.1356479214431,0.364352078556919,global_alpha,,0.259074240201574,0.0,0.536200625802613,True,False
all_real_plus_may133,within_cow_random5,2,StrictNestedBlendOOFAgent,196,HIST_17,17,core_history_280,real_history,measured_or_research,31.5,6.0,21,38.2,38.2147117754174,38.2849985182553,38.2484494119796,-0.0484494119795897,global_alpha,,0.259074240201574,0.0,0.0,True,True
all_real_plus_may133,within_cow_random5,2,StrictNestedBlendOOFAgent,204,HIST_18,18,core_history_280,real_history,measured_or_research,30.4,5.0,11,38.5,38.4473762184907,38.2445917206044,38.3500396595053,0.149960340494729,global_alpha,,0.259074240201574,0.0,0.0,True,True
all_real_plus_may133,within_cow_random5,2,StrictNestedBlendOOFAgent,207,HIST_18,18,core_history_280,real_history,measured_or_research,31.6,6.8,12,38.1,38.088049173005,38.997624665148,38.5246454092336,-0.424645409233641,global_alpha,,0.259074240201574,0.0,0.167862377493519,True,False
all_real_plus_may133,within_cow_random5,2,StrictNestedBlendOOFAgent,211,HIST_18,18,core_history_280,real_history,measured_or_research,30.8,8.0,13,37.5,37.6409432787909,37.6656128862654,37.6527846903787,-0.15278469037866,global_alpha,,0.259074240201574,0.0,0.0,True,True
all_real_plus_may133,within_cow_random5,2,StrictNestedBlendOOFAgent,223,HIST_18,18,core_history_280,real_history,measured_or_research,31.5,5.4,22,38.8,38.7880634127254,38.7554549844086,38.7724113671333,0.0275886328666601,global_alpha,,0.259074240201574,0.0,0.0,True,True
all_real_plus_may133,within_cow_random5,2,StrictNestedBlendOOFAgent,226,HIST_18,18,core_history_280,real_history,measured_or_research,31.0,5.5,23,38.4,38.4142760005917,38.492865903146,38.4519991538178,-0.0519991538177607,global_alpha,,0.259074240201574,0.0,0.0,True,True
all_real_plus_may133,within_cow_random5,2,StrictNestedBlendOOFAgent,227,HIST_19,19,core_history_280,real_history,measured_or_research,30.7,5.4,0,38.3,38.2852161847407,38.4072173219846,38.3437767306178,-0.0437767306177719,global_alpha,,0.259074240201574,0.0,0.0,True,True
all_real_plus_may133,within_cow_random5,2,StrictNestedBlendOOFAgent,228,HIST_19,19,core_history_280,real_history,measured_or_research,30.7,5.4,0,38.3,38.2990223077207,38.4785460603042,38.3851937089608,-0.0851937089607802,global_alpha,,0.259074240201574,0.0,0.0,True,True
all_real_plus_may133,within_cow_random5,2,StrictNestedBlendOOFAgent,229,HIST_19,19,core_history_280,real_history,measured_or_research,30.4,5.0,11,38.3,38.5501561597128,38.5889664609383,38.568785104301,-0.268785104301045,global_alpha,,0.259074240201574,0.0,0.0,True,True
all_real_plus_may133,within_cow_random5,2,StrictNestedBlendOOFAgent,232,HIST_19,19,core_history_280,real_history,measured_or_research,32.6,6.1,11,39.4,39.4024266462064,39.3522532585183,39.3783434201161,0.0216565798838886,global_alpha,,0.259074240201574,0.0,0.0,True,True
all_real_plus_may133,within_cow_random5,2,StrictNestedBlendOOFAgent,236,HIST_19,19,core_history_280,real_history,measured_or_research,33.2,6.8,12,39.0,38.9525233834691,38.9832252126985,38.9672602614992,0.0327397385007941,global_alpha,,0.259074240201574,0.0,0.0,True,True
all_real_plus_may133,within_cow_random5,2,StrictNestedBlendOOFAgent,252,HIST_19,19,core_history_280,real_history,measured_or_research,33.8,5.4,22,39.4,39.4056994417942,39.3689558315951,39.3880625088986,0.0119374911013708,global_alpha,,0.259074240201574,0.0,0.0,True,True
all_real_plus_may133,within_cow_random5,2,StrictNestedBlendOOFAgent,273,HIST_7,7,core_history_280,real_history,measured_or_research,30.2,16.0,12,38.0,38.2719864264325,38.225868412528,38.2498497797583,-0.249849779758335,global_alpha,,0.259074240201574,0.333333333333332,0.333333333333332,False,False
all_real_plus_may133,within_cow_random5,2,StrictNestedBlendOOFAgent,280,HIST_7,7,core_history_280,real_history,measured_or_research,29.6,10.9,24,38.1,38.8602670448542,38.7690304614044,38.8164734847983,-0.716473484798293,global_alpha,,0.259074240201574,1.14939597663778,1.14939597663778,False,False
all_real_plus_may133,within_cow_random5,2,StrictNestedBlendOOFAgent,282,DEC2025_10,10,dec2025_140,real_history,measured,33.3,6.1,11,38.8,38.8435424535185,38.8022466050936,38.8237204462745,-0.0237204462745524,global_alpha,,0.259074240201574,0.0,0.0,True,True
all_real_plus_may133,within_cow_random5,2,StrictNestedBlendOOFAgent,283,DEC2025_10,10,dec2025_140,real_history,measured,31.8,6.9,12,38.7,38.7,38.6615588677763,38.6815482565326,0.0184517434673808,global_alpha,,0.259074240201574,0.0,0.0,True,True
all_real_plus_may133,within_cow_random5,2,StrictNestedBlendOOFAgent,290,DEC2025_10,10,dec2025_140,real_history,measured,32.0,9.0,19,39.0,38.979304225061,38.9585701230783,38.9693518561093,0.0306481438906943,global_alpha,,0.259074240201574,0.0,0.0,True,True
all_real_plus_may133,within_cow_random5,2,StrictNestedBlendOOFAgent,294,DEC2025_11,11,dec2025_140,real_history,measured,30.8,6.1,11,39.5,39.5294621276099,39.4759094568581,39.503756845649,-0.0037568456490362,global_alpha,,0.259074240201574,0.0,0.0,True,True
all_real_plus_may133,within_cow_random5,2,StrictNestedBlendOOFAgent,300,DEC2025_11,11,dec2025_140,real_history,measured,36.2,8.8,14,39.0,38.993000980779,38.9968912411332,38.994868305749,0.0051316942509842,global_alpha,,0.259074240201574,0.0,0.0,True,True
all_real_plus_may133,within_cow_random5,2,StrictNestedBlendOOFAgent,301,DEC2025_11,11,dec2025_140,real_history,measured,36.0,9.1,15,38.9,38.9,38.9043763183107,38.9021006327891,-0.0021006327891441,global_alpha,,0.259074240201574,0.0,0.0,True,True
all_real_plus_may133,within_cow_random5,2,StrictNestedBlendOOFAgent,308,DEC2025_12,12,dec2025_140,real_history,measured,32.9,6.9,12,38.0,38.0051752405684,38.0417009163756,38.0227075649559,-0.0227075649558586,global_alpha,,0.259074240201574,0.0,0.0,True,True
all_real_plus_may133,within_cow_random5,2,StrictNestedBlendOOFAgent,309,DEC2025_12,12,dec2025_140,real_history,measured,33.1,6.8,12,38.2,38.1912629381526,38.2011450064301,38.1960063309258,0.0039936690742052,global_alpha,,0.259074240201574,0.0,0.0,True,True
all_real_plus_may133,within_cow_random5,2,StrictNestedBlendOOFAgent,315,DEC2025_12,12,dec2025_140,real_history,measured,31.3,6.0,21,38.4,38.4,38.4051196719541,38.402457442538,-0.0024574425379668,global_alpha,,0.259074240201574,0.0,0.0,True,True
all_real_plus_may133,within_cow_random5,2,StrictNestedBlendOOFAgent,322,DEC2025_13,13,dec2025_140,real_history,measured,31.9,6.8,12,38.0,38.0216312358412,38.0395313271155,38.0302232796529,-0.0302232796528585,global_alpha,,0.259074240201574,0.0,0.0,True,True
all_real_plus_may133,within_cow_random5,2,StrictNestedBlendOOFAgent,324,DEC2025_13,13,dec2025_140,real_history,measured,33.3,8.0,13,38.2,38.2031757361086,38.2035937887927,38.203376401397,-0.003376401396963,global_alpha,,0.259074240201574,0.0,0.0,True,True
all_real_plus_may133,within_cow_random5,2,StrictNestedBlendOOFAgent,330,DEC2025_13,13,dec2025_140,real_history,measured,30.6,5.4,22,38.1,38.1005209810826,38.1133429209047,38.1066755121972,-0.0066755121972121,global_alpha,,0.259074240201574,0.0,0.0,True,True
all_real_plus_may133,within_cow_random5,2,StrictNestedBlendOOFAgent,332,DEC2025_14,14,dec2025_140,real_history,measured,29.5,5.4,0,38.9,38.8834234101212,38.8910473108573,38.8870828824745,0.0129171175254683,global_alpha,,0.259074240201574,0.0,0.0,True,True
all_real_plus_may133,within_cow_random5,2,StrictNestedBlendOOFAgent,335,DEC2025_14,14,dec2025_140,real_history,measured,31.9,6.9,12,38.5,38.0143539737787,38.569528795537,38.2808378882227,0.219162111777315,global_alpha,,0.259074240201574,0.0200000000000001,0.0,False,True
all_real_plus_may133,within_cow_random5,2,StrictNestedBlendOOFAgent,340,DEC2025_14,14,dec2025_140,real_history,measured,33.9,9.1,15,38.5,38.5458624997446,38.523287797165,38.5350266425064,-0.0350266425063879,global_alpha,,0.259074240201574,0.0,0.0,True,True
all_real_plus_may133,within_cow_random5,2,StrictNestedBlendOOFAgent,351,DEC2025_16,16,dec2025_140,real_history,measured,28.7,5.4,0,38.9,38.9,38.8922886096002,38.8962985326081,0.0037014673918989,global_alpha,,0.259074240201574,0.0,0.0,True,True
all_real_plus_may133,within_cow_random5,2,StrictNestedBlendOOFAgent,353,DEC2025_16,16,dec2025_140,real_history,measured,32.2,6.9,12,38.0,38.1924979897465,38.01893150003,38.1091860746826,-0.109186074682583,global_alpha,,0.259074240201574,0.0,0.0,True,True
all_real_plus_may133,within_cow_random5,2,StrictNestedBlendOOFAgent,365,DEC2025_17,17,dec2025_140,real_history,measured,31.3,9.3,13,38.2,38.8882266563783,38.2348652235865,38.5746131686382,-0.374613168638234,global_alpha,,0.259074240201574,0.609188896083238,0.0,False,True
all_real_plus_may133,within_cow_random5,2,StrictNestedBlendOOFAgent,366,DEC2025_17,17,dec2025_140,real_history,measured,32.5,8.0,13,38.7,38.6529874780706,38.6636703370401,38.658115250376,0.041884749624046,global_alpha,,0.259074240201574,0.0,0.0,True,True
all_real_plus_may133,within_cow_random5,2,StrictNestedBlendOOFAgent,372,DEC2025_17,17,dec2025_140,real_history,measured,31.1,5.4,22,38.2,38.1987080124677,38.2145562269036,38.2063151553969,-0.0063151553969333,global_alpha,,0.259074240201574,0.0,0.0,True,True
all_real_plus_may133,within_cow_random5,2,StrictNestedBlendOOFAgent,379,DEC2025_18,18,dec2025_140,real_history,measured,30.8,8.0,13,37.5,37.6443905135974,37.5641629607775,37.6058812882439,-0.10588128824385,global_alpha,,0.259074240201574,0.0,0.0,True,True
all_real_plus_may133,within_cow_random5,2,StrictNestedBlendOOFAgent,385,DEC2025_18,18,dec2025_140,real_history,measured,31.5,5.4,22,38.8,38.7969563851526,38.7712777397037,38.7846306353371,0.0153693646628739,global_alpha,,0.259074240201574,0.0,0.0,True,True
all_real_plus_may133,within_cow_random5,2,StrictNestedBlendOOFAgent,386,DEC2025_18,18,dec2025_140,real_history,measured,31.0,5.5,23,38.4,38.4576717732824,38.4362622886161,38.4473952206426,-0.0473952206425778,global_alpha,,0.259074240201574,0.0,0.0,True,True
all_real_plus_may133,within_cow_random5,2,StrictNestedBlendOOFAgent,392,DEC2025_19,19,dec2025_140,real_history,measured,32.8,9.3,13,38.8,38.5179462787722,38.5513371741265,38.5339739085423,0.266026091457732,global_alpha,,0.259074240201574,0.0,0.0,True,True
all_real_plus_may133,within_cow_random5,2,StrictNestedBlendOOFAgent,395,DEC2025_19,19,dec2025_140,real_history,measured,32.4,11.2,15,39.1,39.0646088388431,39.0873959969913,39.0755466747542,0.0244533252457657,global_alpha,,0.259074240201574,0.0,0.0,True,True
all_real_plus_may133,within_cow_random5,2,StrictNestedBlendOOFAgent,400,DEC2025_19,19,dec2025_140,real_history,measured,33.3,5.5,23,39.3,39.2826518175846,39.290439717773,39.286390009675,0.0136099903249658,global_alpha,,0.259074240201574,0.0,0.0,True,True
all_real_plus_may133,within_cow_random5,2,StrictNestedBlendOOFAgent,1002,MAY2026_51,51,may2026_measured_133,real_may_measured,measured,36.6,34.5,18,39.3,39.4707140222676,39.3728896985819,39.4237583468985,-0.12375834689847,global_alpha,,0.259074240201574,0.527046276694731,0.0,False,False
all_real_plus_may133,within_cow_random5,2,StrictNestedBlendOOFAgent,1005,MAY2026_51,51,may2026_measured_133,real_may_measured,measured,36.7,34.4,20,39.4,39.4449785467625,39.417084065047,39.4315891955391,-0.0315891955390626,global_alpha,,0.259074240201574,0.354275473482298,0.0,False,False
all_real_plus_may133,within_cow_random5,2,StrictNestedBlendOOFAgent,1010,MAY2026_51,51,may2026_measured_133,real_may_measured,measured,36.2,32.9,22,39.5,39.4601230799827,39.4546643123222,39.4575028715057,0.0424971284943396,global_alpha,,0.259074240201574,0.184872328318152,0.509323503128415,False,False
all_real_plus_may133,within_cow_random5,2,StrictNestedBlendOOFAgent,1014,MAY2026_52,52,may2026_measured_133,real_may_measured,measured,35.9,33.4,12,38.6,38.8093059828305,38.8754539509522,38.8410570075289,-0.241057007528916,global_alpha,,0.259074240201574,0.338690287890152,0.0,False,False
all_real_plus_may133,within_cow_random5,2,StrictNestedBlendOOFAgent,1015,MAY2026_52,52,may2026_measured_133,real_may_measured,measured,35.8,34.1,13,39.2,38.8988977115008,39.0599625198628,38.9762088195146,0.223791180485442,global_alpha,,0.259074240201574,0.32,1.35175203350715,False,False
all_real_plus_may133,within_cow_random5,2,StrictNestedBlendOOFAgent,1019,MAY2026_52,52,may2026_measured_133,real_may_measured,measured,37.0,35.5,19,39.5,39.1439808056815,39.1984870263941,39.1701437916235,0.329856208376455,global_alpha,,0.259074240201574,0.553784956258094,0.974914962277978,False,False
all_real_plus_may133,within_cow_random5,2,StrictNestedBlendOOFAgent,1030,MAY2026_53,53,may2026_measured_133,real_may_measured,measured,36.1,32.5,13,39.3,39.3388179349075,39.1697062263638,39.2576443148065,0.0423556851934705,global_alpha,,0.259074240201574,0.20537229067666,1.18356625570039,False,False
all_real_plus_may133,within_cow_random5,2,StrictNestedBlendOOFAgent,1034,MAY2026_53,53,may2026_measured_133,real_may_measured,measured,36.4,32.3,21,40.5,40.2355817112518,40.5033197688432,40.3640959788957,0.135904021104331,global_alpha,,0.259074240201574,0.211371184833171,1.04090107920462,False,False
all_real_plus_may133,within_cow_random5,2,StrictNestedBlendOOFAgent,1040,MAY2026_54,54,may2026_measured_133,real_may_measured,measured,36.6,35.0,14,39.0,39.0042069150748,38.9784269312993,38.9918325228626,0.0081674771374338,global_alpha,,0.259074240201574,0.1,0.134370962471636,False,False
all_real_plus_may133,within_cow_random5,2,StrictNestedBlendOOFAgent,1041,MAY2026_54,54,may2026_measured_133,real_may_measured,measured,37.9,36.9,15,39.0,39.1442231869386,39.0087199191231,39.0791816183872,-0.0791816183871603,global_alpha,,0.259074240201574,0.335724754987049,1.27022526436149,False,False
all_real_plus_may133,within_cow_random5,2,StrictNestedBlendOOFAgent,1045,MAY2026_54,54,may2026_measured_133,real_may_measured,measured,37.7,36.2,19,39.5,39.4733550840461,39.2381114920541,39.3604381598899,0.139561840110062,global_alpha,,0.259074240201574,0.260341655863557,0.362655862183996,False,False
all_real_plus_may133,within_cow_random5,2,StrictNestedBlendOOFAgent,1051,MAY2026_55,55,may2026_measured_133,real_may_measured,measured,30.1,23.5,1,39.8,39.4313515976679,39.6224267571499,39.5230676742193,0.276932325780734,global_alpha,,0.259074240201574,1.36450642276897,1.04907366545708,False,False
all_real_plus_may133,within_cow_random5,2,StrictNestedBlendOOFAgent,1054,MAY2026_55,55,may2026_measured_133,real_may_measured,measured,35.3,31.8,14,39.3,39.0034360930124,38.9323170356799,38.9692989454928,0.330701054507202,global_alpha,,0.259074240201574,0.534675394774974,0.0,False,False
all_real_plus_may133,within_cow_random5,2,StrictNestedBlendOOFAgent,1055,MAY2026_55,55,may2026_measured_133,real_may_measured,measured,37.4,36.1,15,38.5,38.7181410402127,38.8977072546585,38.8043328231467,-0.30433282314668,global_alpha,,0.259074240201574,0.500399840127879,0.761486120104044,False,False
all_real_plus_may133,within_cow_random5,2,StrictNestedBlendOOFAgent,1068,MAY2026_56,56,may2026_measured_133,real_may_measured,measured,34.6,32.1,13,38.2,38.2827806478267,38.2439291488585,38.264131928322,-0.0641319283219559,global_alpha,,0.259074240201574,0.500899191454723,0.0,False,False
all_real_plus_may133,within_cow_random5,2,StrictNestedBlendOOFAgent,1070,MAY2026_56,56,may2026_measured_133,real_may_measured,measured,36.6,35.5,14,38.3,38.6954657321319,38.6033886373964,38.6512687266589,-0.351268726658859,global_alpha,,0.259074240201574,0.05,0.0,False,False
all_real_plus_may133,within_cow_random5,2,StrictNestedBlendOOFAgent,1080,MAY2026_56,56,may2026_measured_133,real_may_measured,measured,34.2,30.8,22,38.4,38.6726109301546,38.598974309268,38.637265352129,-0.237265352129036,global_alpha,,0.259074240201574,0.345269620892303,1.18422226360363,False,False
all_real_plus_may133,within_cow_random5,2,StrictNestedBlendOOFAgent,1082,MAY2026_56,56,may2026_measured_133,real_may_measured,measured,33.8,29.5,23,39.1,39.0118926611854,38.9280999144568,38.9716721427557,0.128327857244329,global_alpha,,0.259074240201574,0.217664369564195,0.525462759014482,False,False
all_real_plus_may133,within_cow_random5,2,StrictNestedBlendOOFAgent,1090,MAY2026_57,57,may2026_measured_133,real_may_measured,measured,38.3,35.7,15,39.7,38.8848993478605,38.7608758189596,38.8253680539881,0.874631946011938,global_alpha,,0.259074240201574,0.260341655863549,0.945379772277891,False,False
all_real_plus_may133,within_cow_random5,2,StrictNestedBlendOOFAgent,1095,MAY2026_57,57,may2026_measured_133,real_may_measured,measured,36.9,32.4,21,39.3,39.58543876065,40.2162067695772,39.8882074049351,-0.588207404935055,global_alpha,,0.259074240201574,0.308832928584014,1.39378581169736,False,False
all_real_plus_may133,within_cow_random5,2,StrictNestedBlendOOFAgent,1098,MAY2026_57,57,may2026_measured_133,real_may_measured,measured,35.2,30.1,22,39.4,39.6795335230994,39.7408686167569,39.708974368055,-0.308974368054997,global_alpha,,0.259074240201574,0.174005108481845,1.01785714285714,False,False
all_real_plus_may133,within_cow_random5,2,StrictNestedBlendOOFAgent,1101,MAY2026_57,57,may2026_measured_133,real_may_measured,measured,34.6,27.1,24,40.2,39.0305704320122,39.5440486435681,39.277039973559,0.922960026440975,global_alpha,,0.259074240201574,0.25,0.5,False,False
all_real_plus_may133,within_cow_random5,2,StrictNestedBlendOOFAgent,1104,MAY2026_58,58,may2026_measured_133,real_may_measured,measured,35.2,30.9,13,38.6,38.7403661577325,38.634221298594,38.689416625346,-0.0894166253460185,global_alpha,,0.259074240201574,0.194365063161512,0.894011951606075,False,False
all_real_plus_may133,within_cow_random5,2,StrictNestedBlendOOFAgent,1108,MAY2026_58,58,may2026_measured_133,real_may_measured,measured,34.8,29.8,21,38.5,38.8343053496312,38.9016480536223,38.8666298475469,-0.366629847546932,global_alpha,,0.259074240201574,0.338690287890141,0.677380575780281,False,False
all_real_plus_may133,within_cow_random5,2,StrictNestedBlendOOFAgent,1114,MAY2026_60,60,may2026_measured_133,real_may_measured,measured,36.0,33.2,13,38.0,38.3037372262723,38.2816766920935,38.2931481698665,-0.29314816986647,global_alpha,,0.259074240201574,0.337062473602616,0.0,False,False
all_real_plus_may133,within_cow_random5,2,StrictNestedBlendOOFAgent,1118,MAY2026_60,60,may2026_measured_133,real_may_measured,measured,37.7,36.2,15,38.2,38.5795650549093,38.74809393894,38.660458919244,-0.460458919244033,global_alpha,,0.259074240201574,0.340604038600699,1.11567119807864,False,False
all_real_plus_may133,within_cow_random5,2,StrictNestedBlendOOFAgent,1119,MAY2026_60,60,may2026_measured_133,real_may_measured,measured,38.2,37.2,15,38.4,38.2887990350877,38.9598563954004,38.6109065680378,-0.210906568037792,global_alpha,,0.259074240201574,0.05,0.707155884119227,False,False
all_real_plus_may133,within_cow_random5,2,StrictNestedBlendOOFAgent,1120,MAY2026_60,60,may2026_measured_133,real_may_measured,measured,37.7,35.7,19,38.7,39.1223951713812,39.1666449784034,39.1436350787519,-0.443635078751853,global_alpha,,0.259074240201574,0.22422706745123,0.362655862183996,False,False
all_real_plus_may133,within_cow_random5,3,StrictNestedBlendOOFAgent,1,HIST_0,0,core_history_280,real_history,measured_or_research,30.0,13.1,11,38.3,38.1796636582556,38.0729466892738,38.1241708343851,0.175829165614935,global_alpha,,0.244791427341523,1.01530509919159,0.835171306446235,False,False
all_real_plus_may133,within_cow_random5,3,StrictNestedBlendOOFAgent,8,HIST_0,0,core_history_280,real_history,measured_or_research,29.2,10.9,23,38.2,38.2446494937764,38.2350231401428,38.2396437898869,-0.0396437898869237,global_alpha,,0.244791427341523,0.627304639797216,0.627304639797216,False,False
all_real_plus_may133,within_cow_random5,3,StrictNestedBlendOOFAgent,26,HIST_10,10,core_history_280,real_history,measured_or_research,33.6,8.0,13,38.4,38.4066696493771,38.4081651489789,38.40744730917,-0.0074473091700397,global_alpha,,0.244791427341523,0.0,0.0,True,True
all_real_plus_may133,within_cow_random5,3,StrictNestedBlendOOFAgent,31,HIST_10,10,core_history_280,real_history,measured_or_research,36.4,9.1,15,38.5,38.4992639681093,38.5099809083372,38.5048367770278,-0.0048367770278048,global_alpha,,0.244791427341523,0.0,0.0,True,True
all_real_plus_may133,within_cow_random5,3,StrictNestedBlendOOFAgent,33,HIST_10,10,core_history_280,real_history,measured_or_research,32.0,9.0,19,39.0,39.0062889020136,38.8340911610901,38.9167460767334,0.0832539232666178,global_alpha,,0.244791427341523,0.0,0.0,True,True
all_real_plus_may133,within_cow_random5,3,StrictNestedBlendOOFAgent,35,HIST_10,10,core_history_280,real_history,measured_or_research,32.0,6.0,21,38.6,38.4558542808152,38.6024019321587,38.5320590595138,0.0679409404861815,global_alpha,,0.244791427341523,0.612789614069229,0.0,False,True
all_real_plus_may133,within_cow_random5,3,StrictNestedBlendOOFAgent,38,HIST_10,10,core_history_280,real_history,measured_or_research,33.7,5.5,23,38.0,38.0763584329491,38.1513301321198,38.1153437165179,-0.11534371651787,global_alpha,,0.244791427341523,0.0,0.0,True,True
all_real_plus_may133,within_cow_random5,3,StrictNestedBlendOOFAgent,40,HIST_11,11,core_history_280,real_history,measured_or_research,32.9,5.4,0,38.2,38.2406241523421,38.3486488625508,38.2967970016506,-0.0967970016506214,global_alpha,,0.244791427341523,0.0,0.0,True,True
all_real_plus_may133,within_cow_random5,3,StrictNestedBlendOOFAgent,46,HIST_11,11,core_history_280,real_history,measured_or_research,34.2,6.9,12,38.5,38.5843120119705,38.5975369115776,38.5911889597662,-0.0911889597661926,global_alpha,,0.244791427341523,0.0,0.0,True,True
all_real_plus_may133,within_cow_random5,3,StrictNestedBlendOOFAgent,47,HIST_11,11,core_history_280,real_history,measured_or_research,36.2,6.8,12,39.3,39.2520658505822,39.193886840482,39.2218127653301,0.0781872346698975,global_alpha,,0.244791427341523,0.0,0.0,True,True
all_real_plus_may133,within_cow_random5,3,StrictNestedBlendOOFAgent,55,HIST_11,11,core_history_280,real_history,measured_or_research,36.0,9.1,15,38.9,38.9369399507611,38.9268993473825,38.9317188370042,-0.0317188370042274,global_alpha,,0.244791427341523,0.0,0.0,True,True
all_real_plus_may133,within_cow_random5,3,StrictNestedBlendOOFAgent,60,HIST_11,11,core_history_280,real_history,measured_or_research,32.6,6.0,21,39.7,39.7288283469104,39.7075770792023,39.7177776877022,-0.0177776877021856,global_alpha,,0.244791427341523,0.0,0.0,True,True
all_real_plus_may133,within_cow_random5,3,StrictNestedBlendOOFAgent,77,HIST_12,12,core_history_280,real_history,measured_or_research,33.6,8.8,14,38.5,38.4736267767396,38.4155430798925,38.4434232543791,0.0565767456208874,global_alpha,,0.244791427341523,0.0,0.0,True,True
all_real_plus_may133,within_cow_random5,3,StrictNestedBlendOOFAgent,80,HIST_12,12,core_history_280,real_history,measured_or_research,35.0,11.2,15,38.5,38.4612915924654,38.4177596555459,38.4386549852673,0.061345014732737,global_alpha,,0.244791427341523,0.0,0.0,True,True
all_real_plus_may133,within_cow_random5,3,StrictNestedBlendOOFAgent,82,HIST_12,12,core_history_280,real_history,measured_or_research,33.2,9.0,19,38.5,38.5197936728453,38.5512456575698,38.536148704902,-0.0361487049020468,global_alpha,,0.244791427341523,0.0,0.0,True,True
all_real_plus_may133,within_cow_random5,3,StrictNestedBlendOOFAgent,84,HIST_12,12,core_history_280,real_history,measured_or_research,31.3,6.0,21,38.4,38.4377038391369,38.4438662469163,38.4409082911822,-0.0409082911821912,global_alpha,,0.244791427341523,0.0,0.0,True,True
all_real_plus_may133,within_cow_random5,3,StrictNestedBlendOOFAgent,85,HIST_12,12,core_history_280,real_history,measured_or_research,32.1,5.4,22,38.4,38.4573426870379,38.3962816521313,38.4255909488865,-0.0255909488864674,global_alpha,,0.244791427341523,0.0,0.0,True,True
all_real_plus_may133,within_cow_random5,3,StrictNestedBlendOOFAgent,95,HIST_13,13,core_history_280,real_history,measured_or_research,31.3,6.9,12,38.3,38.2636266333143,38.2847564455729,38.2746141356888,0.0253858643112181,global_alpha,,0.244791427341523,0.0,0.0,True,True
all_real_plus_may133,within_cow_random5,3,StrictNestedBlendOOFAgent,103,HIST_13,13,core_history_280,real_history,measured_or_research,31.8,8.8,14,38.0,38.0486674167691,38.0809972571878,38.0654789337868,-0.0654789337868209,global_alpha,,0.244791427341523,0.0,0.0,True,True
all_real_plus_may133,within_cow_random5,3,StrictNestedBlendOOFAgent,110,HIST_13,13,core_history_280,real_history,measured_or_research,30.5,9.0,19,38.2,38.194398261285,38.223276975152,38.2094151924958,-0.0094151924958367,global_alpha,,0.244791427341523,0.0,0.0,True,True
all_real_plus_may133,within_cow_random5,3,StrictNestedBlendOOFAgent,111,HIST_13,13,core_history_280,real_history,measured_or_research,29.6,6.0,21,38.3,38.2786335267884,38.3003410209437,38.2899214237491,0.010078576250848,global_alpha,,0.244791427341523,0.0,0.0,True,True
all_real_plus_may133,within_cow_random5,3,StrictNestedBlendOOFAgent,113,HIST_13,13,core_history_280,real_history,measured_or_research,30.6,5.4,22,38.1,38.0948120497239,38.1037982867698,38.0994848929878,0.0005151070122337,global_alpha,,0.244791427341523,0.0,0.0,True,True
all_real_plus_may133,within_cow_random5,3,StrictNestedBlendOOFAgent,114,HIST_13,13,core_history_280,real_history,measured_or_research,30.6,5.4,22,38.1,38.0917770426875,38.1247927611278,38.1089452162765,-0.0089452162764516,global_alpha,,0.244791427341523,0.0,0.0,True,True
all_real_plus_may133,within_cow_random5,3,StrictNestedBlendOOFAgent,123,HIST_14,14,core_history_280,real_history,measured_or_research,31.9,6.9,12,38.5,38.1281274790051,38.6277223338301,38.3879168035141,0.112083196485898,global_alpha,,0.244791427341523,0.0200000000000001,0.0,False,True
all_real_plus_may133,within_cow_random5,3,StrictNestedBlendOOFAgent,125,HIST_14,14,core_history_280,real_history,measured_or_research,31.1,8.0,13,38.6,38.5990100605054,38.7053515214999,38.6543076202225,-0.0543076202225379,global_alpha,,0.244791427341523,0.0,0.0,True,True
all_real_plus_may133,within_cow_random5,3,StrictNestedBlendOOFAgent,127,HIST_14,14,core_history_280,real_history,measured_or_research,32.8,9.3,13,38.5,38.5290890560749,38.5492041451825,38.5395489024109,-0.0395489024108571,global_alpha,,0.244791427341523,0.0,0.0,True,True
all_real_plus_may133,within_cow_random5,3,StrictNestedBlendOOFAgent,134,HIST_14,14,core_history_280,real_history,measured_or_research,33.9,9.1,15,38.5,38.5553639913099,38.5952725907503,38.5761164630189,-0.0761164630189057,global_alpha,,0.244791427341523,0.0,0.0,True,True
all_real_plus_may133,within_cow_random5,3,StrictNestedBlendOOFAgent,135,HIST_14,14,core_history_280,real_history,measured_or_research,32.3,9.0,19,39.1,39.1090019992657,38.9709789923427,39.0372300356657,0.0627699643342581,global_alpha,,0.244791427341523,0.0,0.0,True,True
all_real_plus_may133,within_cow_random5,3,StrictNestedBlendOOFAgent,144,HIST_15,15,core_history_280,real_history,measured_or_research,33.9,8.0,13,38.5,38.4986798247634,38.5190042233369,38.5092485120216,-0.0092485120216139,global_alpha,,0.244791427341523,0.0,0.0,True,True
all_real_plus_may133,within_cow_random5,3,StrictNestedBlendOOFAgent,148,HIST_15,15,core_history_280,real_history,measured_or_research,30.6,9.0,19,39.0,38.4101767180242,38.9805137887728,38.7067519948135,0.293248005186527,global_alpha,,0.244791427341523,0.333333333333338,0.0,False,True
all_real_plus_may133,within_cow_random5,3,StrictNestedBlendOOFAgent,152,HIST_15,15,core_history_280,real_history,measured_or_research,30.6,5.4,22,38.9,38.2136717623839,38.2734982335468,38.2447815273886,0.655218472611388,global_alpha,,0.244791427341523,0.0,0.0,True,True
all_real_plus_may133,within_cow_random5,3,StrictNestedBlendOOFAgent,158,HIST_16,16,core_history_280,real_history,measured_or_research,31.8,6.1,11,39.2,39.1748008201504,38.9778938600155,39.0724092008803,0.127590799119751,global_alpha,,0.244791427341523,0.0,0.0,True,True
all_real_plus_may133,within_cow_random5,3,StrictNestedBlendOOFAgent,161,HIST_16,16,core_history_280,real_history,measured_or_research,31.9,9.3,13,38.1,38.0266335402028,38.1794395831275,38.1060926825236,-0.0060926825236364,global_alpha,,0.244791427341523,0.499999999999995,0.0,False,True
all_real_plus_may133,within_cow_random5,3,StrictNestedBlendOOFAgent,162,HIST_16,16,core_history_280,real_history,measured_or_research,31.9,9.3,13,38.1,38.0372276688227,38.1999697830044,38.1218535681972,-0.0218535681971801,global_alpha,,0.244791427341523,0.499999999999995,0.0,False,True
all_real_plus_may133,within_cow_random5,3,StrictNestedBlendOOFAgent,169,HIST_16,16,core_history_280,real_history,measured_or_research,31.1,6.0,21,38.6,38.7389105603234,38.6574785902821,38.6965659359019,-0.0965659359019284,global_alpha,,0.244791427341523,0.0,0.0,True,True
all_real_plus_may133,within_cow_random5,3,StrictNestedBlendOOFAgent,173,HIST_17,17,core_history_280,real_history,measured_or_research,25.4,5.4,0,38.1,38.1167401090387,38.1460682145012,38.1319907238792,-0.031990723879197,global_alpha,,0.244791427341523,0.0,0.0,True,True
all_real_plus_may133,within_cow_random5,3,StrictNestedBlendOOFAgent,174,HIST_17,17,core_history_280,real_history,measured_or_research,25.4,5.4,0,38.1,38.1079173107463,38.1806139706763,38.1457195739099,-0.0457195739098992,global_alpha,,0.244791427341523,0.0,0.0,True,True
all_real_plus_may133,within_cow_random5,3,StrictNestedBlendOOFAgent,195,HIST_17,17,core_history_280,real_history,measured_or_research,31.5,6.0,21,38.2,38.2820419889376,38.2598866016615,38.270521187554,-0.0705211875540215,global_alpha,,0.244791427341523,0.0,0.0,True,True
all_real_plus_may133,within_cow_random5,3,StrictNestedBlendOOFAgent,197,HIST_17,17,core_history_280,real_history,measured_or_research,31.1,5.4,22,38.2,38.1927039956182,38.2161223783866,38.2048815546578,-0.0048815546577714,global_alpha,,0.244791427341523,0.0,0.0,True,True
all_real_plus_may133,within_cow_random5,3,StrictNestedBlendOOFAgent,198,HIST_17,17,core_history_280,real_history,measured_or_research,31.1,5.4,22,38.2,38.1892069516219,38.2509128753863,38.2212940319794,-0.0212940319793802,global_alpha,,0.244791427341523,0.0,0.0,True,True
all_real_plus_may133,within_cow_random5,3,StrictNestedBlendOOFAgent,200,HIST_17,17,core_history_280,real_history,measured_or_research,32.1,5.5,23,38.5,38.454357593395,38.4580876284783,38.4562972116383,0.043702788361685,global_alpha,,0.244791427341523,0.0,0.0,True,True
all_real_plus_may133,within_cow_random5,3,StrictNestedBlendOOFAgent,206,HIST_18,18,core_history_280,real_history,measured_or_research,31.0,6.1,11,38.0,38.0933439036362,38.1137034098957,38.1039308468911,-0.103930846891146,global_alpha,,0.244791427341523,0.0,0.0,True,True
all_real_plus_may133,within_cow_random5,3,StrictNestedBlendOOFAgent,208,HIST_18,18,core_history_280,real_history,measured_or_research,31.6,6.8,12,38.1,38.104861154577,38.9979918427298,38.5692891124165,-0.469289112416455,global_alpha,,0.244791427341523,0.0,0.167862377493519,True,False
all_real_plus_may133,within_cow_random5,3,StrictNestedBlendOOFAgent,209,HIST_18,18,core_history_280,real_history,measured_or_research,32.0,6.9,12,38.2,38.163473578832,38.175309693638,38.1696283585311,0.0303716414688893,global_alpha,,0.244791427341523,0.0,0.0,True,True
all_real_plus_may133,within_cow_random5,3,StrictNestedBlendOOFAgent,210,HIST_18,18,core_history_280,real_history,measured_or_research,32.0,6.9,12,38.2,38.1606236596887,38.1724056255484,38.1667502819357,0.0332497180642548,global_alpha,,0.244791427341523,0.0,0.0,True,True
all_real_plus_may133,within_cow_random5,3,StrictNestedBlendOOFAgent,217,HIST_18,18,core_history_280,real_history,measured_or_research,33.5,11.2,15,38.0,38.0009016702965,38.0018968037952,38.0014191397158,-0.0014191397158214,global_alpha,,0.244791427341523,0.0,0.0,True,True
all_real_plus_may133,within_cow_random5,3,StrictNestedBlendOOFAgent,231,HIST_19,19,core_history_280,real_history,measured_or_research,32.6,6.1,11,39.4,39.3658811670592,39.3598020882481,39.3627200460774,0.037279953922571,global_alpha,,0.244791427341523,0.0,0.0,True,True
all_real_plus_may133,within_cow_random5,3,StrictNestedBlendOOFAgent,235,HIST_19,19,core_history_280,real_history,measured_or_research,33.2,6.8,12,39.0,38.9847314907498,38.9733077116984,38.9787911256431,0.0212088743569296,global_alpha,,0.244791427341523,0.0,0.0,True,True
all_real_plus_may133,within_cow_random5,3,StrictNestedBlendOOFAgent,242,HIST_19,19,core_history_280,real_history,measured_or_research,33.7,8.8,14,38.6,38.6559099161551,38.6803149941864,38.6686005567314,-0.0686005567313757,global_alpha,,0.244791427341523,0.0,0.0,True,True
all_real_plus_may133,within_cow_random5,3,StrictNestedBlendOOFAgent,247,HIST_19,19,core_history_280,real_history,measured_or_research,32.1,9.0,19,39.1,39.4717078196709,39.4245487057875,39.4471850804515,-0.347185080451531,global_alpha,,0.244791427341523,0.0,0.0,True,True
all_real_plus_may133,within_cow_random5,3,StrictNestedBlendOOFAgent,248,HIST_19,19,core_history_280,real_history,measured_or_research,32.1,9.0,19,39.1,39.428892456972,39.1149635263669,39.2656494130573,-0.165649413057345,global_alpha,,0.244791427341523,0.0,0.0,True,True
all_real_plus_may133,within_cow_random5,3,StrictNestedBlendOOFAgent,250,HIST_19,19,core_history_280,real_history,measured_or_research,33.5,6.0,21,39.9,39.8349463875582,39.7965433297838,39.8149767975155,0.0850232024844857,global_alpha,,0.244791427341523,0.0,0.0,True,True
all_real_plus_may133,within_cow_random5,3,StrictNestedBlendOOFAgent,276,HIST_7,7,core_history_280,real_history,measured_or_research,32.6,22.0,15,38.1,38.1063325454151,38.3305985052234,38.2229508445154,-0.122950844515408,global_alpha,,0.244791427341523,0.333333333333326,0.554616984954482,False,False
all_real_plus_may133,within_cow_random5,3,StrictNestedBlendOOFAgent,279,HIST_7,7,core_history_280,real_history,measured_or_research,30.6,10.9,23,38.2,38.9180307259487,38.9737986654756,38.9470300545027,-0.747030054502687,global_alpha,,0.244791427341523,0.556936062558151,0.556936062558151,False,False
all_real_plus_may133,within_cow_random5,3,StrictNestedBlendOOFAgent,281,DEC2025_10,10,dec2025_140,real_history,measured,31.4,5.4,0,39.0,38.8356641608071,38.9737056051622,38.9074457118718,0.0925542881282482,global_alpha,,0.244791427341523,0.0,0.0,True,True
all_real_plus_may133,within_cow_random5,3,StrictNestedBlendOOFAgent,291,DEC2025_10,10,dec2025_140,real_history,measured,32.0,6.0,21,38.6,38.4122399825133,38.6221092777504,38.5213720160366,0.0786279839634076,global_alpha,,0.244791427341523,0.54053471468332,0.0,False,True
all_real_plus_may133,within_cow_random5,3,StrictNestedBlendOOFAgent,295,DEC2025_11,11,dec2025_140,real_history,measured,33.1,5.0,11,39.1,39.1247317063833,39.0941250635317,39.1088162521005,-0.0088162521004662,global_alpha,,0.244791427341523,0.0,0.0,True,True
all_real_plus_may133,within_cow_random5,3,StrictNestedBlendOOFAgent,298,DEC2025_11,11,dec2025_140,real_history,measured,32.8,8.0,13,39.2,39.2,39.1816240911924,39.19044452742,0.0095554725799615,global_alpha,,0.244791427341523,0.0,0.0,True,True
all_real_plus_may133,within_cow_random5,3,StrictNestedBlendOOFAgent,303,DEC2025_11,11,dec2025_140,real_history,measured,32.6,6.0,21,39.7,39.7300515397657,39.6596425147174,39.6934388467406,0.0065611532594189,global_alpha,,0.244791427341523,0.0,0.0,True,True
all_real_plus_may133,within_cow_random5,3,StrictNestedBlendOOFAgent,306,DEC2025_12,12,dec2025_140,real_history,measured,31.8,5.4,0,38.1,38.1,38.1476345779409,38.1247699805293,-0.024769980529264,global_alpha,,0.244791427341523,0.0,0.0,True,True
all_real_plus_may133,within_cow_random5,3,StrictNestedBlendOOFAgent,307,DEC2025_12,12,dec2025_140,real_history,measured,35.7,6.1,11,38.1,38.1867193342356,38.1218025007478,38.1529625808219,-0.0529625808219336,global_alpha,,0.244791427341523,0.0,0.0,True,True
all_real_plus_may133,within_cow_random5,3,StrictNestedBlendOOFAgent,318,DEC2025_13,13,dec2025_140,real_history,measured,29.8,5.4,0,38.0,38.0396142610547,38.0211899706219,38.0300336300296,-0.0300336300296493,global_alpha,,0.244791427341523,0.0,0.0,True,True
all_real_plus_may133,within_cow_random5,3,StrictNestedBlendOOFAgent,319,DEC2025_13,13,dec2025_140,real_history,measured,26.6,5.0,11,38.9,38.9,38.8040605353107,38.8501114783616,0.0498885216384437,global_alpha,,0.244791427341523,0.0,0.0,True,True
all_real_plus_may133,within_cow_random5,3,StrictNestedBlendOOFAgent,328,DEC2025_13,13,dec2025_140,real_history,measured,30.5,9.0,19,38.2,38.2,38.2018398368136,38.2009567151431,-0.0009567151430758,global_alpha,,0.244791427341523,0.0,0.0,True,True
all_real_plus_may133,within_cow_random5,3,StrictNestedBlendOOFAgent,341,DEC2025_14,14,dec2025_140,real_history,measured,32.3,9.0,19,39.1,39.1,39.062213791644,39.0803511716549,0.0196488283451188,global_alpha,,0.244791427341523,0.0,0.0,True,True
all_real_plus_may133,within_cow_random5,3,StrictNestedBlendOOFAgent,343,DEC2025_14,14,dec2025_140,real_history,measured,32.7,5.5,23,38.2,38.2450542422179,38.263881944759,38.2548446475393,-0.0548446475392694,global_alpha,,0.244791427341523,0.0,0.0,True,True
all_real_plus_may133,within_cow_random5,3,StrictNestedBlendOOFAgent,352,DEC2025_16,16,dec2025_140,real_history,measured,31.8,6.1,11,39.2,39.1964018690401,39.1187881153949,39.1560427171446,0.043957282855402,global_alpha,,0.244791427341523,0.0,0.0,True,True
all_real_plus_may133,within_cow_random5,3,StrictNestedBlendOOFAgent,358,DEC2025_16,16,dec2025_140,real_history,measured,31.1,6.0,21,38.6,38.6541395369727,38.6334983321395,38.6434061104594,-0.0434061104594363,global_alpha,,0.244791427341523,0.0,0.0,True,True
all_real_plus_may133,within_cow_random5,3,StrictNestedBlendOOFAgent,360,DEC2025_17,17,dec2025_140,real_history,measured,25.4,5.4,0,38.1,38.106635551114,38.1017205483978,38.1040797497016,-0.0040797497015745,global_alpha,,0.244791427341523,0.0,0.0,True,True
all_real_plus_may133,within_cow_random5,3,StrictNestedBlendOOFAgent,361,DEC2025_17,17,dec2025_140,real_history,measured,25.3,5.0,11,38.3,38.3091706365723,38.3242268454725,38.3169998652004,-0.016999865200404,global_alpha,,0.244791427341523,0.0,0.0,True,True
all_real_plus_may133,within_cow_random5,3,StrictNestedBlendOOFAgent,369,DEC2025_17,17,dec2025_140,real_history,measured,33.3,11.2,15,38.0,38.0448675674148,38.0162345331862,38.0299783896159,-0.0299783896159269,global_alpha,,0.244791427341523,0.0,0.0,True,True
all_real_plus_may133,within_cow_random5,3,StrictNestedBlendOOFAgent,380,DEC2025_18,18,dec2025_140,real_history,measured,32.7,9.3,13,38.1,38.073274903091,38.0934819001721,38.0837825415732,0.01621745842683,global_alpha,,0.244791427341523,0.0,0.0,True,True
all_real_plus_may133,within_cow_random5,3,StrictNestedBlendOOFAgent,381,DEC2025_18,18,dec2025_140,real_history,measured,33.2,8.8,14,38.0,38.0,38.626391708163,38.3257236882448,-0.325723688244757,global_alpha,,0.244791427341523,0.0,0.503587132480567,True,False
all_real_plus_may133,within_cow_random5,3,StrictNestedBlendOOFAgent,382,DEC2025_18,18,dec2025_140,real_history,measured,33.5,11.2,15,38.0,37.9970920014468,38.0039923047794,38.0006801591798,-0.0006801591797511,global_alpha,,0.244791427341523,0.0,0.0,True,True
all_real_plus_may133,within_cow_random5,3,StrictNestedBlendOOFAgent,387,DEC2025_19,19,dec2025_140,real_history,measured,30.7,5.4,0,38.3,38.343127346309,38.4225122133924,38.3844074771924,-0.0844074771923715,global_alpha,,0.244791427341523,0.0,0.0,True,True
all_real_plus_may133,within_cow_random5,3,StrictNestedBlendOOFAgent,394,DEC2025_19,19,dec2025_140,real_history,measured,33.7,8.8,14,38.6,38.6,38.6365808090678,38.6190220207153,-0.0190220207152549,global_alpha,,0.244791427341523,0.0,0.0,True,True
all_real_plus_may133,within_cow_random5,3,StrictNestedBlendOOFAgent,399,DEC2025_19,19,dec2025_140,real_history,measured,33.8,5.4,22,39.4,39.3964671883988,39.3611462938517,39.3781003232343,0.0218996767656918,global_alpha,,0.244791427341523,0.0,0.0,True,True
all_real_plus_may133,within_cow_random5,3,StrictNestedBlendOOFAgent,998,MAY2026_51,51,may2026_measured_133,real_may_measured,measured,31.5,30.0,12,38.9,38.9972376748849,39.1677982052009,39.0859291506492,-0.185929150649223,global_alpha,,0.244791427341523,1.2723600119463,4.15418129385589,False,False
all_real_plus_may133,within_cow_random5,3,StrictNestedBlendOOFAgent,1008,MAY2026_51,51,may2026_measured_133,real_may_measured,measured,36.6,33.9,21,39.4,39.2227224940058,39.4116378659052,39.3209584873935,0.0790415126065085,global_alpha,,0.244791427341523,0.0399999999999999,0.28382310609877,False,False
all_real_plus_may133,within_cow_random5,3,StrictNestedBlendOOFAgent,1009,MAY2026_51,51,may2026_measured_133,real_may_measured,measured,35.3,32.3,22,40.0,39.9292761281471,39.905327676445,39.916822933262,0.0831770667379885,global_alpha,,0.244791427341523,0.27600322059312,0.206210270687383,False,False
all_real_plus_may133,within_cow_random5,3,StrictNestedBlendOOFAgent,1013,MAY2026_52,52,may2026_measured_133,real_may_measured,measured,32.0,27.4,1,39.6,39.616721531112,39.6575066315477,39.6379297833386,-0.0379297833385621,global_alpha,,0.244791427341523,1.42526410807884,0.669369520934107,False,False
all_real_plus_may133,within_cow_random5,3,StrictNestedBlendOOFAgent,1016,MAY2026_52,52,may2026_measured_133,real_may_measured,measured,36.2,33.7,13,38.8,38.6486124069039,38.6507108432741,38.6497035938164,0.150296406183593,global_alpha,,0.244791427341523,0.20537229067666,0.0,False,False
all_real_plus_may133,within_cow_random5,3,StrictNestedBlendOOFAgent,1018,MAY2026_52,52,may2026_measured_133,real_may_measured,measured,36.6,35.0,15,39.1,39.0832849381777,39.0986808406142,39.0912908074447,0.0087091925553224,global_alpha,,0.244791427341523,0.167862377493525,1.0557053987211,False,False
all_real_plus_may133,within_cow_random5,3,StrictNestedBlendOOFAgent,1029,MAY2026_53,53,may2026_measured_133,real_may_measured,measured,32.1,23.6,1,40.4,40.3509101541171,40.5187482871362,40.438185983287,-0.038185983287029,global_alpha,,0.244791427341523,1.4640279293025,1.28017379861038,False,False
all_real_plus_may133,within_cow_random5,3,StrictNestedBlendOOFAgent,1033,MAY2026_53,53,may2026_measured_133,real_may_measured,measured,36.1,32.8,19,39.5,39.6963093928164,39.2110986570964,39.443999810242,0.0560001897579951,global_alpha,,0.244791427341523,0.333932794303157,1.12694528213851,False,False
all_real_plus_may133,within_cow_random5,3,StrictNestedBlendOOFAgent,1044,MAY2026_54,54,may2026_measured_133,real_may_measured,measured,37.4,36.0,19,39.5,39.8511981459706,39.9213064879207,39.8876544837847,-0.387654483784658,global_alpha,,0.244791427341523,0.490623186479312,0.0,False,False
all_real_plus_may133,within_cow_random5,3,StrictNestedBlendOOFAgent,1049,MAY2026_54,54,may2026_measured_133,real_may_measured,measured,36.2,34.3,22,40.6,40.2699077657405,40.2751384317711,40.2726277120764,0.327372287923588,global_alpha,,0.244791427341523,0.260341655863549,1.04090107920462,False,False
all_real_plus_may133,within_cow_random5,3,StrictNestedBlendOOFAgent,1050,MAY2026_54,54,may2026_measured_133,real_may_measured,measured,35.0,32.7,23,40.5,40.4387574183404,39.9854339007963,40.2030291892175,0.296970810782533,global_alpha,,0.244791427341523,0.357786404312845,1.23874525061385,False,False
all_real_plus_may133,within_cow_random5,3,StrictNestedBlendOOFAgent,1052,MAY2026_55,55,may2026_measured_133,real_may_measured,measured,35.1,31.4,13,38.5,39.3169028020362,39.2289120468809,39.2711476093554,-0.771147609355445,global_alpha,,0.244791427341523,0.174005108481845,0.0577841004738433,False,False
all_real_plus_may133,within_cow_random5,3,StrictNestedBlendOOFAgent,1060,MAY2026_55,55,may2026_measured_133,real_may_measured,measured,35.3,31.5,21,38.5,38.765909280686,38.7473899094999,38.7562792076692,-0.25627920766923,global_alpha,,0.244791427341523,0.171399468429101,0.351978534699048,False,False
all_real_plus_may133,within_cow_random5,3,StrictNestedBlendOOFAgent,1063,MAY2026_55,55,may2026_measured_133,real_may_measured,measured,33.3,28.0,23,39.6,39.7494261956394,39.7220778411286,39.7352050512938,-0.135205051293788,global_alpha,,0.244791427341523,0.343187671366235,0.448454134902461,False,False
all_real_plus_may133,within_cow_random5,3,StrictNestedBlendOOFAgent,1069,MAY2026_56,56,may2026_measured_133,real_may_measured,measured,34.9,32.4,13,38.5,38.5709595385611,38.7238381454619,38.6504564141495,-0.150456414149517,global_alpha,,0.244791427341523,0.388730126323024,0.0,False,False
all_real_plus_may133,within_cow_random5,3,StrictNestedBlendOOFAgent,1072,MAY2026_56,56,may2026_measured_133,real_may_measured,measured,36.5,34.8,15,38.2,38.3883020587531,38.512983311209,38.4531363100302,-0.253136310030165,global_alpha,,0.244791427341523,0.167862377493525,0.240947204913347,False,False
all_real_plus_may133,within_cow_random5,3,StrictNestedBlendOOFAgent,1073,MAY2026_56,56,may2026_measured_133,real_may_measured,measured,36.9,35.3,15,38.0,38.7556760566442,38.6750058348156,38.7137275412933,-0.713727541293323,global_alpha,,0.244791427341523,0.500899191454723,0.26770895371695,False,False
all_real_plus_may133,within_cow_random5,3,StrictNestedBlendOOFAgent,1078,MAY2026_56,56,may2026_measured_133,real_may_measured,measured,34.6,30.4,21,40.0,39.1900214236462,39.1931124806532,39.1916287732898,0.808371226710165,global_alpha,,0.244791427341523,0.180769958172752,0.78444070663258,False,False
all_real_plus_may133,within_cow_random5,3,StrictNestedBlendOOFAgent,1085,MAY2026_57,57,may2026_measured_133,real_may_measured,measured,37.4,32.8,12,39.8,39.590651153096,39.57931197588,39.5847547809437,0.215245219056314,global_alpha,,0.244791427341523,0.942361100876114,0.0,False,False
all_real_plus_may133,within_cow_random5,3,StrictNestedBlendOOFAgent,1087,MAY2026_57,57,may2026_measured_133,real_may_measured,measured,37.4,33.3,13,40.0,39.6641765180592,39.6370750482215,39.6500837537436,0.349916246256399,global_alpha,,0.244791427341523,0.708237248385028,0.0,False,False
all_real_plus_may133,within_cow_random5,3,StrictNestedBlendOOFAgent,1088,MAY2026_57,57,may2026_measured_133,real_may_measured,measured,37.1,33.5,14,39.3,39.0008641644493,38.5574914076713,38.7703103309247,0.52968966907526,global_alpha,,0.244791427341523,0.2527405344969,0.730106537126986,False,False
all_real_plus_may133,within_cow_random5,3,StrictNestedBlendOOFAgent,1100,MAY2026_57,57,may2026_measured_133,real_may_measured,measured,34.9,27.6,23,38.3,39.8118646067066,39.7695291695768,39.7898501793991,-1.48985017939911,global_alpha,,0.244791427341523,0.414943101855879,0.205373532817302,False,False
all_real_plus_may133,within_cow_random5,3,StrictNestedBlendOOFAgent,1103,MAY2026_58,58,may2026_measured_133,real_may_measured,measured,34.7,30.0,12,38.7,38.6374603393536,38.5751294659285,38.6050482851725,0.0949517148274595,global_alpha,,0.244791427341523,0.2,0.878051853075513,False,False
all_real_plus_may133,within_cow_random5,3,StrictNestedBlendOOFAgent,1105,MAY2026_58,58,may2026_measured_133,real_may_measured,measured,34.8,30.3,19,38.6,38.5984777988275,38.6065018289196,38.6026502944754,-0.0026502944753943,global_alpha,,0.244791427341523,0.907768937805455,0.835575215670668,False,False
all_real_plus_may133,within_cow_random5,3,StrictNestedBlendOOFAgent,1113,MAY2026_60,60,may2026_measured_133,real_may_measured,measured,36.1,34.0,12,38.0,38.3252434260116,38.3939138035227,38.3609520223174,-0.360952022317377,global_alpha,,0.244791427341523,0.354275473482309,0.0,False,False
all_real_plus_may133,within_cow_random5,3,StrictNestedBlendOOFAgent,1125,MAY2026_60,60,may2026_measured_133,real_may_measured,measured,38.1,35.1,21,39.2,38.8873044311668,38.8337215048064,38.8594413094594,0.340558690540611,global_alpha,,0.244791427341523,0.378652581897678,0.0,False,False
all_real_plus_may133,within_cow_random5,3,StrictNestedBlendOOFAgent,1126,MAY2026_60,60,may2026_measured_133,real_may_measured,measured,35.9,32.3,22,41.2,40.1309651573716,40.0222032120654,40.0744089458124,1.12559105418763,global_alpha,,0.244791427341523,0.503587132480574,0.575729104933539,False,False
all_real_plus_may133,within_cow_random5,4,StrictNestedBlendOOFAgent,2,HIST_0,0,core_history_280,real_history,measured_or_research,30.4,16.0,12,38.3,38.0080499797426,38.0221326751307,37.9792056108393,0.32079438916066,ridge_linear,1.0,0.25808473900957,0.333333333333332,0.666666666666664,False,False
all_real_plus_may133,within_cow_random5,4,StrictNestedBlendOOFAgent,7,HIST_0,0,core_history_280,real_history,measured_or_research,29.3,11.8,22,38.3,38.3280045548045,38.205502544089,38.2422183627112,0.0577816372887554,ridge_linear,1.0,0.25808473900957,0.556936062558153,0.627304639797216,False,False
all_real_plus_may133,within_cow_random5,4,StrictNestedBlendOOFAgent,20,HIST_10,10,core_history_280,real_history,measured_or_research,31.8,6.9,12,38.7,38.6713931068743,38.620214415628,38.6428752483645,0.0571247516354703,ridge_linear,1.0,0.25808473900957,0.0,0.0,True,True
all_real_plus_may133,within_cow_random5,4,StrictNestedBlendOOFAgent,21,HIST_10,10,core_history_280,real_history,measured_or_research,33.6,6.8,12,38.4,38.4192795337088,38.4134759933727,38.4018131007724,-0.0018131007724306,ridge_linear,1.0,0.25808473900957,0.554616984954482,0.0,False,True
all_real_plus_may133,within_cow_random5,4,StrictNestedBlendOOFAgent,27,HIST_10,10,core_history_280,real_history,measured_or_research,33.1,11.2,14,38.5,38.3156439834473,38.4821813232771,38.3862118818409,0.113788118159128,ridge_linear,1.0,0.25808473900957,0.5081119736611,0.0,False,True
all_real_plus_may133,within_cow_random5,4,StrictNestedBlendOOFAgent,30,HIST_10,10,core_history_280,real_history,measured_or_research,33.9,11.2,15,38.3,38.3455490239125,38.3292667755584,38.3184131061693,-0.018413106169298,ridge_linear,1.0,0.25808473900957,0.0,0.0,True,True
all_real_plus_may133,within_cow_random5,4,StrictNestedBlendOOFAgent,36,HIST_10,10,core_history_280,real_history,measured_or_research,32.0,6.0,21,38.6,38.4297016089662,38.6039635148407,38.5106179909518,0.0893820090482009,ridge_linear,1.0,0.25808473900957,0.612789614069229,0.0,False,True
all_real_plus_may133,within_cow_random5,4,StrictNestedBlendOOFAgent,43,HIST_11,11,core_history_280,real_history,measured_or_research,33.1,5.0,11,39.1,39.0811775755352,39.1234015152715,39.125503952622,-0.0255039526219534,ridge_linear,1.0,0.25808473900957,0.0,0.0,True,True
all_real_plus_may133,within_cow_random5,4,StrictNestedBlendOOFAgent,49,HIST_11,11,core_history_280,real_history,measured_or_research,32.8,8.0,13,39.2,39.1970979525082,39.166660022014,39.2082033071586,-0.0082033071585812,ridge_linear,1.0,0.25808473900957,0.0,0.0,True,True
all_real_plus_may133,within_cow_random5,4,StrictNestedBlendOOFAgent,51,HIST_11,11,core_history_280,real_history,measured_or_research,33.9,9.3,13,38.8,38.8242964523411,38.6375230337383,38.7303640680852,0.0696359319148101,ridge_linear,1.0,0.25808473900957,0.0,0.26,True,False
all_real_plus_may133,within_cow_random5,4,StrictNestedBlendOOFAgent,57,HIST_11,11,core_history_280,real_history,measured_or_research,33.7,9.0,19,40.0,39.9895440080014,39.842078669265,39.9798175813779,0.0201824186221202,ridge_linear,1.0,0.25808473900957,0.0,0.0,True,True
all_real_plus_may133,within_cow_random5,4,StrictNestedBlendOOFAgent,63,HIST_11,11,core_history_280,real_history,measured_or_research,33.5,5.5,23,39.2,39.223595562874,39.23151529662,39.2569679858244,-0.0569679858243575,ridge_linear,1.0,0.25808473900957,0.0,0.0,True,True
all_real_plus_may133,within_cow_random5,4,StrictNestedBlendOOFAgent,66,HIST_12,12,core_history_280,real_history,measured_or_research,31.8,5.4,0,38.1,38.1069246775011,38.103934785361,38.0741387776452,0.0258612223548127,ridge_linear,1.0,0.25808473900957,0.0,0.0,True,True
all_real_plus_may133,within_cow_random5,4,StrictNestedBlendOOFAgent,73,HIST_12,12,core_history_280,real_history,measured_or_research,33.2,9.3,13,38.1,38.1268421422403,38.1015375512979,38.0830080888575,0.0169919111425187,ridge_linear,1.0,0.25808473900957,0.0,0.0,True,True
all_real_plus_may133,within_cow_random5,4,StrictNestedBlendOOFAgent,75,HIST_12,12,core_history_280,real_history,measured_or_research,36.3,8.0,13,38.5,38.8389445549664,38.4171418516393,38.6181224674468,-0.118122467446767,ridge_linear,1.0,0.25808473900957,0.550797401752926,0.0,False,True
all_real_plus_may133,within_cow_random5,4,StrictNestedBlendOOFAgent,86,HIST_12,12,core_history_280,real_history,measured_or_research,32.1,5.4,22,38.4,38.4474225267983,38.4171209678216,38.4181655239762,-0.0181655239761582,ridge_linear,1.0,0.25808473900957,0.0,0.0,True,True
all_real_plus_may133,within_cow_random5,4,StrictNestedBlendOOFAgent,87,HIST_12,12,core_history_280,real_history,measured_or_research,32.2,5.5,23,38.9,38.794703247712,38.7978472627069,38.8023474084038,0.0976525915961588,ridge_linear,1.0,0.25808473900957,0.0,0.0,True,True
all_real_plus_may133,within_cow_random5,4,StrictNestedBlendOOFAgent,93,HIST_13,13,core_history_280,real_history,measured_or_research,33.1,6.1,11,39.2,39.1579124058793,39.062442407407,39.1315754367383,0.0684245632617007,ridge_linear,1.0,0.25808473900957,0.0,0.0,True,True
all_real_plus_may133,within_cow_random5,4,StrictNestedBlendOOFAgent,99,HIST_13,13,core_history_280,real_history,measured_or_research,31.6,9.3,13,38.0,37.9962558588933,38.037964511739,37.9817831497808,0.0182168502192184,ridge_linear,1.0,0.25808473900957,0.0,0.0,True,True
all_real_plus_may133,within_cow_random5,4,StrictNestedBlendOOFAgent,101,HIST_13,13,core_history_280,real_history,measured_or_research,33.3,8.0,13,38.2,38.192013851527,38.2178712686374,38.1794888606542,0.0205111393458282,ridge_linear,1.0,0.25808473900957,0.0,0.0,True,True
all_real_plus_may133,within_cow_random5,4,StrictNestedBlendOOFAgent,112,HIST_13,13,core_history_280,real_history,measured_or_research,29.6,6.0,21,38.3,38.2747395920636,38.3084785130143,38.2709583433882,0.0290416566117599,ridge_linear,1.0,0.25808473900957,0.0,0.0,True,True
all_real_plus_may133,within_cow_random5,4,StrictNestedBlendOOFAgent,115,HIST_13,13,core_history_280,real_history,measured_or_research,30.5,5.5,23,38.1,38.0649378507719,38.100320677477,38.0507332431208,0.0492667568791987,ridge_linear,1.0,0.25808473900957,0.0,0.0,True,True
all_real_plus_may133,within_cow_random5,4,StrictNestedBlendOOFAgent,119,HIST_14,14,core_history_280,real_history,measured_or_research,30.9,6.1,11,41.5,41.2249306095795,40.7291511824398,41.0926173645295,0.407382635470455,ridge_linear,1.0,0.25808473900957,0.0,0.0,True,True
all_real_plus_may133,within_cow_random5,4,StrictNestedBlendOOFAgent,122,HIST_14,14,core_history_280,real_history,measured_or_research,31.5,5.0,11,38.7,38.7894599619734,38.7903409355296,38.7955919085506,-0.0955919085505883,ridge_linear,1.0,0.25808473900957,0.0,0.0,True,True
all_real_plus_may133,within_cow_random5,4,StrictNestedBlendOOFAgent,126,HIST_14,14,core_history_280,real_history,measured_or_research,31.1,8.0,13,38.6,38.6092505976527,38.6603821034929,38.6329609359016,-0.0329609359016061,ridge_linear,1.0,0.25808473900957,0.0,0.0,True,True
all_real_plus_may133,within_cow_random5,4,StrictNestedBlendOOFAgent,129,HIST_14,14,core_history_280,real_history,measured_or_research,33.8,8.8,14,38.6,38.5896142410537,38.5675932855578,38.5725253027989,0.0274746972011073,ridge_linear,1.0,0.25808473900957,0.0,0.0,True,True
all_real_plus_may133,within_cow_random5,4,StrictNestedBlendOOFAgent,138,HIST_14,14,core_history_280,real_history,measured_or_research,32.5,6.0,21,39.1,39.0450331735259,39.0034264237496,39.0418688993554,0.0581311006445731,ridge_linear,1.0,0.25808473900957,0.0,0.0,True,True
all_real_plus_may133,within_cow_random5,4,StrictNestedBlendOOFAgent,142,HIST_15,15,core_history_280,real_history,measured_or_research,28.6,5.4,0,38.3,38.3244404707157,38.3981357845774,38.345046352419,-0.0450463524190283,ridge_linear,1.0,0.25808473900957,0.0,0.0,True,True
all_real_plus_may133,within_cow_random5,4,StrictNestedBlendOOFAgent,149,HIST_15,15,core_history_280,real_history,measured_or_research,30.7,6.0,21,39.1,39.1027019138165,39.0611147188959,39.1026588338302,-0.0026588338301891,ridge_linear,1.0,0.25808473900957,0.0,0.0,True,True
all_real_plus_may133,within_cow_random5,4,StrictNestedBlendOOFAgent,153,HIST_15,15,core_history_280,real_history,measured_or_research,30.7,5.5,23,38.6,38.6162668832691,38.6911840720679,38.6532772568112,-0.053277256811171,ridge_linear,1.0,0.25808473900957,0.0,0.0,True,True
all_real_plus_may133,within_cow_random5,4,StrictNestedBlendOOFAgent,157,HIST_16,16,core_history_280,real_history,measured_or_research,31.8,6.1,11,39.2,39.2255307936222,39.0036593807148,39.1341734205058,0.0658265794942139,ridge_linear,1.0,0.25808473900957,0.0,0.0,True,True
all_real_plus_may133,within_cow_random5,4,StrictNestedBlendOOFAgent,171,HIST_16,16,core_history_280,real_history,measured_or_research,31.8,5.5,23,38.8,38.7848780408814,38.8244640093326,38.8117893569955,-0.0117893569954717,ridge_linear,1.0,0.25808473900957,0.0,0.0,True,True
all_real_plus_may133,within_cow_random5,4,StrictNestedBlendOOFAgent,172,HIST_16,16,core_history_280,real_history,measured_or_research,31.8,5.5,23,38.8,38.7957870663245,38.7571322924847,38.7807824693033,0.0192175306967215,ridge_linear,1.0,0.25808473900957,0.0,0.0,True,True
all_real_plus_may133,within_cow_random5,4,StrictNestedBlendOOFAgent,176,HIST_17,17,core_history_280,real_history,measured_or_research,25.3,5.0,11,38.3,38.3001321445038,38.4387694106086,38.3547066240912,-0.0547066240912528,ridge_linear,1.0,0.25808473900957,0.0,0.0,True,True
all_real_plus_may133,within_cow_random5,4,StrictNestedBlendOOFAgent,177,HIST_17,17,core_history_280,real_history,measured_or_research,32.2,6.1,11,38.1,38.2576459518404,38.1889060528488,38.1972710151296,-0.0972710151295715,ridge_linear,1.0,0.25808473900957,0.0,0.0,True,True
all_real_plus_may133,within_cow_random5,4,StrictNestedBlendOOFAgent,179,HIST_17,17,core_history_280,real_history,measured_or_research,29.7,6.9,12,38.1,38.1363327997897,38.1456509465407,38.1118194824061,-0.0118194824061462,ridge_linear,1.0,0.25808473900957,0.0,0.0,True,True
all_real_plus_may133,within_cow_random5,4,StrictNestedBlendOOFAgent,183,HIST_17,17,core_history_280,real_history,measured_or_research,31.3,9.3,13,38.2,38.5914403532476,38.2687396879802,38.4111054783434,-0.211105478343434,ridge_linear,1.0,0.25808473900957,0.422742369666338,0.0,False,True
all_real_plus_may133,within_cow_random5,4,StrictNestedBlendOOFAgent,191,HIST_17,17,core_history_280,real_history,measured_or_research,33.3,11.2,15,38.0,38.0494198023534,38.0882663776021,38.0362598564234,-0.0362598564234062,ridge_linear,1.0,0.25808473900957,0.0,0.0,True,True
all_real_plus_may133,within_cow_random5,4,StrictNestedBlendOOFAgent,202,HIST_18,18,core_history_280,real_history,measured_or_research,28.2,5.4,0,38.5,38.4928894253895,38.4551845290334,38.4620629758119,0.0379370241880537,ridge_linear,1.0,0.25808473900957,0.0,0.0,True,True
all_real_plus_may133,within_cow_random5,4,StrictNestedBlendOOFAgent,214,HIST_18,18,core_history_280,real_history,measured_or_research,32.7,9.3,13,38.1,38.056282668413,38.0913566490526,38.0414434315482,0.0585565684518414,ridge_linear,1.0,0.25808473900957,0.0,0.0,True,True
all_real_plus_may133,within_cow_random5,4,StrictNestedBlendOOFAgent,220,HIST_18,18,core_history_280,real_history,measured_or_research,32.1,9.0,19,39.0,39.2558279559356,38.9778619023386,39.1356313217217,-0.135631321721711,ridge_linear,1.0,0.25808473900957,0.0,0.0,True,True
all_real_plus_may133,within_cow_random5,4,StrictNestedBlendOOFAgent,222,HIST_18,18,core_history_280,real_history,measured_or_research,31.2,6.0,21,39.2,39.0957924332786,39.097799164005,39.1190590921303,0.080940907869703,ridge_linear,1.0,0.25808473900957,0.0,0.0,True,True
all_real_plus_may133,within_cow_random5,4,StrictNestedBlendOOFAgent,225,HIST_18,18,core_history_280,real_history,measured_or_research,31.0,5.5,23,38.4,38.4243342443903,38.5140518839904,38.4590323943586,-0.0590323943586029,ridge_linear,1.0,0.25808473900957,0.0,0.0,True,True
all_real_plus_may133,within_cow_random5,4,StrictNestedBlendOOFAgent,230,HIST_19,19,core_history_280,real_history,measured_or_research,30.4,5.0,11,38.3,38.5555510002377,38.5972233924316,38.5712261882697,-0.271226188269743,ridge_linear,1.0,0.25808473900957,0.0,0.0,True,True
all_real_plus_may133,within_cow_random5,4,StrictNestedBlendOOFAgent,233,HIST_19,19,core_history_280,real_history,measured_or_research,31.7,6.9,12,39.2,39.121981056396,39.1701206121011,39.1717219779926,0.0282780220074343,ridge_linear,1.0,0.25808473900957,0.0,0.0,True,True
all_real_plus_may133,within_cow_random5,4,StrictNestedBlendOOFAgent,237,HIST_19,19,core_history_280,real_history,measured_or_research,32.8,9.3,13,38.8,38.5625028722087,38.5426843940797,38.5451480818944,0.254851918105643,ridge_linear,1.0,0.25808473900957,0.0,0.0,True,True
all_real_plus_may133,within_cow_random5,4,StrictNestedBlendOOFAgent,241,HIST_19,19,core_history_280,real_history,measured_or_research,33.7,8.8,14,38.6,38.6701892228914,38.6297711292647,38.6474521297465,-0.0474521297465458,ridge_linear,1.0,0.25808473900957,0.0,0.0,True,True
all_real_plus_may133,within_cow_random5,4,StrictNestedBlendOOFAgent,245,HIST_19,19,core_history_280,real_history,measured_or_research,35.3,9.1,15,39.0,39.0044110063896,38.9859674904055,39.0116390702753,-0.0116390702752867,ridge_linear,1.0,0.25808473900957,0.0,0.0,True,True
all_real_plus_may133,within_cow_random5,4,StrictNestedBlendOOFAgent,274,HIST_7,7,core_history_280,real_history,measured_or_research,30.8,18.3,13,37.9,38.2237277078691,38.2060705341054,38.1892739900757,-0.289273990075678,ridge_linear,1.0,0.25808473900957,1.49645507041735,0.951863669043235,False,False
all_real_plus_may133,within_cow_random5,4,StrictNestedBlendOOFAgent,275,HIST_7,7,core_history_280,real_history,measured_or_research,31.9,20.8,14,38.1,38.2026483662748,38.1513454353682,38.1487795803888,-0.0487795803888389,ridge_linear,1.0,0.25808473900957,1.50923085635623,1.50923085635623,False,False
all_real_plus_may133,within_cow_random5,4,StrictNestedBlendOOFAgent,285,DEC2025_10,10,dec2025_140,real_history,measured,33.3,9.3,13,38.5,38.4910155730231,38.48438013085,38.4769665502928,0.0230334497071922,ridge_linear,1.0,0.25808473900957,0.0,0.0,True,True
all_real_plus_may133,within_cow_random5,4,StrictNestedBlendOOFAgent,289,DEC2025_10,10,dec2025_140,real_history,measured,36.4,9.1,15,38.5,38.5,38.5013039812958,38.490748681276,0.009251318724047,ridge_linear,1.0,0.25808473900957,0.0,0.0,True,True
all_real_plus_may133,within_cow_random5,4,StrictNestedBlendOOFAgent,297,DEC2025_11,11,dec2025_140,real_history,measured,36.2,6.8,12,39.3,39.2834675693148,39.2809672047398,39.3144086796205,-0.0144086796204732,ridge_linear,1.0,0.25808473900957,0.0,0.0,True,True
all_real_plus_may133,within_cow_random5,4,StrictNestedBlendOOFAgent,299,DEC2025_11,11,dec2025_140,real_history,measured,33.9,9.3,13,38.8,38.8054680057339,38.5563617709098,38.6766577012731,0.123342298726882,ridge_linear,1.0,0.25808473900957,0.0,0.26,True,False
all_real_plus_may133,within_cow_random5,4,StrictNestedBlendOOFAgent,316,DEC2025_12,12,dec2025_140,real_history,measured,32.1,5.4,22,38.4,38.4189358675675,38.4107550458025,38.4001594381841,-0.0001594381841414,ridge_linear,1.0,0.25808473900957,0.0,0.0,True,True
all_real_plus_may133,within_cow_random5,4,StrictNestedBlendOOFAgent,317,DEC2025_12,12,dec2025_140,real_history,measured,32.2,5.5,23,38.9,38.8788736642863,38.8144693594836,38.8543621935649,0.0456378064350957,ridge_linear,1.0,0.25808473900957,0.0,0.0,True,True
all_real_plus_may133,within_cow_random5,4,StrictNestedBlendOOFAgent,326,DEC2025_13,13,dec2025_140,real_history,measured,32.0,9.1,15,38.4,38.3986560882701,38.3571752901665,38.360695563695,0.0393044363050024,ridge_linear,1.0,0.25808473900957,0.0,0.0,True,True
all_real_plus_may133,within_cow_random5,4,StrictNestedBlendOOFAgent,327,DEC2025_13,13,dec2025_140,real_history,measured,33.9,11.2,15,38.1,38.2452664682591,38.2993278295476,38.2509356586398,-0.15093565863976,ridge_linear,1.0,0.25808473900957,0.0,0.0,True,True
all_real_plus_may133,within_cow_random5,4,StrictNestedBlendOOFAgent,329,DEC2025_13,13,dec2025_140,real_history,measured,29.6,6.0,21,38.3,38.3,38.2934944392076,38.2757184232126,0.0242815767874163,ridge_linear,1.0,0.25808473900957,0.0,0.0,True,True
all_real_plus_may133,within_cow_random5,4,StrictNestedBlendOOFAgent,337,DEC2025_14,14,dec2025_140,real_history,measured,32.8,9.3,13,38.5,38.5,38.5014496159568,38.4908277973938,0.0091722026061873,ridge_linear,1.0,0.25808473900957,0.0,0.0,True,True
all_real_plus_may133,within_cow_random5,4,StrictNestedBlendOOFAgent,338,DEC2025_14,14,dec2025_140,real_history,measured,33.8,8.8,14,38.6,38.6016666511103,38.6229278807978,38.6087408762909,-0.0087408762908936,ridge_linear,1.0,0.25808473900957,0.0,0.0,True,True
all_real_plus_may133,within_cow_random5,4,StrictNestedBlendOOFAgent,354,DEC2025_16,16,dec2025_140,real_history,measured,31.9,9.3,13,38.1,38.1332119047294,38.1232269001627,38.0980438019886,0.0019561980113849,ridge_linear,1.0,0.25808473900957,0.609188896083232,0.0,False,True
all_real_plus_may133,within_cow_random5,4,StrictNestedBlendOOFAgent,356,DEC2025_16,16,dec2025_140,real_history,measured,33.2,9.1,15,38.7,38.6625667419494,38.6687935375566,38.6647583672182,0.0352416327817551,ridge_linear,1.0,0.25808473900957,0.0,0.0,True,True
all_real_plus_may133,within_cow_random5,4,StrictNestedBlendOOFAgent,362,DEC2025_17,17,dec2025_140,real_history,measured,32.2,6.1,11,38.1,38.2982284282907,38.1954288576864,38.2215395162133,-0.121539516213254,ridge_linear,1.0,0.25808473900957,0.0,0.0,True,True
all_real_plus_may133,within_cow_random5,4,StrictNestedBlendOOFAgent,363,DEC2025_17,17,dec2025_140,real_history,measured,29.7,6.9,12,38.1,38.1,38.1222319925391,38.0805423968878,0.0194576031121869,ridge_linear,1.0,0.25808473900957,0.0,0.0,True,True
all_real_plus_may133,within_cow_random5,4,StrictNestedBlendOOFAgent,367,DEC2025_17,17,dec2025_140,real_history,measured,31.2,8.8,14,39.0,39.0,38.9571101894269,38.9937096760327,0.0062903239673488,ridge_linear,1.0,0.25808473900957,0.0,0.0,True,True
all_real_plus_may133,within_cow_random5,4,StrictNestedBlendOOFAgent,377,DEC2025_18,18,dec2025_140,real_history,measured,31.6,6.8,12,38.1,38.124228017979,39.0419910534386,38.5925750220519,-0.492575022051938,ridge_linear,1.0,0.25808473900957,0.0,0.167862377493519,True,False
all_real_plus_may133,within_cow_random5,4,StrictNestedBlendOOFAgent,384,DEC2025_18,18,dec2025_140,real_history,measured,31.2,6.0,21,39.2,39.1700373815739,39.1563800697108,39.1887992082107,0.011200791789328,ridge_linear,1.0,0.25808473900957,0.0,0.0,True,True
all_real_plus_may133,within_cow_random5,4,StrictNestedBlendOOFAgent,389,DEC2025_19,19,dec2025_140,real_history,measured,32.6,6.1,11,39.4,39.3981289999401,39.3910109306306,39.432746216157,-0.0327462161570153,ridge_linear,1.0,0.25808473900957,0.0,0.0,True,True
all_real_plus_may133,within_cow_random5,4,StrictNestedBlendOOFAgent,397,DEC2025_19,19,dec2025_140,real_history,measured,32.1,9.0,19,39.1,39.4,39.3877394569286,39.4319244833488,-0.331924483348807,ridge_linear,1.0,0.25808473900957,0.0,0.0,True,True
all_real_plus_may133,within_cow_random5,4,StrictNestedBlendOOFAgent,398,DEC2025_19,19,dec2025_140,real_history,measured,33.5,6.0,21,39.9,39.9,39.8292861678518,39.9271389976044,-0.027138997604375,ridge_linear,1.0,0.25808473900957,0.0,0.0,True,True
all_real_plus_may133,within_cow_random5,4,StrictNestedBlendOOFAgent,1001,MAY2026_51,51,may2026_measured_133,real_may_measured,measured,38.2,37.7,15,39.0,39.3220547369649,39.3755677325217,39.3855064768349,-0.385506476834884,ridge_linear,1.0,0.25808473900957,0.05,0.833198118281835,False,False
all_real_plus_may133,within_cow_random5,4,StrictNestedBlendOOFAgent,1003,MAY2026_51,51,may2026_measured_133,real_may_measured,measured,35.9,33.0,19,39.1,39.3999292998886,39.2108806444451,39.3358097205719,-0.235809720571901,ridge_linear,1.0,0.25808473900957,0.189414301935674,0.905001534682556,False,False
all_real_plus_may133,within_cow_random5,4,StrictNestedBlendOOFAgent,1006,MAY2026_51,51,may2026_measured_133,real_may_measured,measured,35.5,33.1,21,39.9,39.7424650348022,40.1480686234301,40.0198665447966,-0.119866544796594,ridge_linear,1.0,0.25808473900957,0.462072625364362,0.206210270687383,False,False
all_real_plus_may133,within_cow_random5,4,StrictNestedBlendOOFAgent,1022,MAY2026_52,52,may2026_measured_133,real_may_measured,measured,35.0,33.2,21,39.6,39.5972800082212,39.6949872323425,39.6995855547984,-0.0995855547983666,ridge_linear,1.0,0.25808473900957,0.476141902284513,0.645893402955828,False,False
all_real_plus_may133,within_cow_random5,4,StrictNestedBlendOOFAgent,1023,MAY2026_52,52,may2026_measured_133,real_may_measured,measured,36.6,34.3,21,38.6,39.5666385024103,39.3250160192915,39.4829502199928,-0.882950219992807,ridge_linear,1.0,0.25808473900957,0.0399999999999999,0.615200960843056,False,False
all_real_plus_may133,within_cow_random5,4,StrictNestedBlendOOFAgent,1024,MAY2026_52,52,may2026_measured_133,real_may_measured,measured,37.3,35.6,21,40.4,40.066949833574,40.0501120594148,40.1323620722875,0.267637927712492,ridge_linear,1.0,0.25808473900957,0.601257940580509,0.0,False,False
all_real_plus_may133,within_cow_random5,4,StrictNestedBlendOOFAgent,1031,MAY2026_53,53,may2026_measured_133,real_may_measured,measured,37.2,35.4,14,39.4,39.4887755498667,38.9596236601128,39.2446869245253,0.155313075474723,ridge_linear,1.0,0.25808473900957,0.177137736741154,1.27513615830711,False,False
all_real_plus_may133,within_cow_random5,4,StrictNestedBlendOOFAgent,1037,MAY2026_53,53,may2026_measured_133,real_may_measured,measured,34.6,29.6,24,40.6,40.5660306864587,40.3760919533424,40.5643254457686,0.0356745542314485,ridge_linear,1.0,0.25808473900957,0.25,0.5,False,False
all_real_plus_may133,within_cow_random5,4,StrictNestedBlendOOFAgent,1047,MAY2026_54,54,may2026_measured_133,real_may_measured,measured,36.8,35.0,21,40.0,39.4468685585001,39.5955430111038,39.5687491001286,0.431250899871429,ridge_linear,1.0,0.25808473900957,0.260341655863549,0.856389384437818,False,False
all_real_plus_may133,within_cow_random5,4,StrictNestedBlendOOFAgent,1048,MAY2026_54,54,may2026_measured_133,real_may_measured,measured,38.2,36.8,21,39.4,39.5720497399882,39.474582104368,39.5669655404173,-0.16696554041733,ridge_linear,1.0,0.25808473900957,0.238070951142256,0.708197265842603,False,False
all_real_plus_may133,within_cow_random5,4,StrictNestedBlendOOFAgent,1056,MAY2026_55,55,may2026_measured_133,real_may_measured,measured,38.1,36.5,15,39.7,38.8688039389098,38.8026486950307,38.8427981226053,0.857201877394701,ridge_linear,1.0,0.25808473900957,0.180769958172752,0.707155884119227,False,False
all_real_plus_may133,within_cow_random5,4,StrictNestedBlendOOFAgent,1061,MAY2026_55,55,may2026_measured_133,real_may_measured,measured,34.0,29.9,22,39.4,39.5926918030882,39.6103994713277,39.6512900610914,-0.25129006109141,ridge_linear,1.0,0.25808473900957,0.345269620892303,0.0,False,False
all_real_plus_may133,within_cow_random5,4,StrictNestedBlendOOFAgent,1064,MAY2026_55,55,may2026_measured_133,real_may_measured,measured,32.8,27.7,24,40.0,39.4150917879513,39.3791928357383,39.434988721089,0.565011278911044,ridge_linear,1.0,0.25808473900957,0.292194760010816,0.584389520021632,False,False
all_real_plus_may133,within_cow_random5,4,StrictNestedBlendOOFAgent,1065,MAY2026_56,56,may2026_measured_133,real_may_measured,measured,31.7,26.6,1,38.9,39.1403701767437,39.1626307615603,39.1770442150885,-0.277044215088509,ridge_linear,1.0,0.25808473900957,1.91298486954578,1.01271911209378,False,False
all_real_plus_may133,within_cow_random5,4,StrictNestedBlendOOFAgent,1074,MAY2026_56,56,may2026_measured_133,real_may_measured,measured,35.8,33.3,18,39.2,39.3447538631458,39.3328687870646,39.3739024200004,-0.173902420000417,ridge_linear,1.0,0.25808473900957,0.530450542254204,0.26770895371695,False,False
all_real_plus_may133,within_cow_random5,4,StrictNestedBlendOOFAgent,1077,MAY2026_56,56,may2026_measured_133,real_may_measured,measured,35.6,33.0,20,39.7,39.2276486485835,39.1470404398198,39.2131468308676,0.486853169132381,ridge_linear,1.0,0.25808473900957,0.527425613501827,0.0,False,False
all_real_plus_may133,within_cow_random5,4,StrictNestedBlendOOFAgent,1084,MAY2026_57,57,may2026_measured_133,real_may_measured,measured,36.5,32.1,12,38.4,39.0093603527092,39.0591059922773,39.0538991774806,-0.653899177480561,ridge_linear,1.0,0.25808473900957,0.501597448159378,0.0,False,False
all_real_plus_may133,within_cow_random5,4,StrictNestedBlendOOFAgent,1091,MAY2026_57,57,may2026_measured_133,real_may_measured,measured,38.9,35.9,15,39.7,39.8076271923498,39.873773474801,39.9041330704301,-0.204133070430132,ridge_linear,1.0,0.25808473900957,0.7533923280735,0.454270801891616,False,False
all_real_plus_may133,within_cow_random5,4,StrictNestedBlendOOFAgent,1094,MAY2026_57,57,may2026_measured_133,real_may_measured,measured,36.9,33.8,20,39.6,39.3677012161128,39.464326768104,39.4570359854838,0.142964014516238,ridge_linear,1.0,0.25808473900957,0.333483299598505,0.840514129725123,False,False
all_real_plus_may133,within_cow_random5,4,StrictNestedBlendOOFAgent,1097,MAY2026_57,57,may2026_measured_133,real_may_measured,measured,35.0,28.7,22,39.2,38.8737205653298,39.5828406539114,39.2691487392288,-0.0691487392287655,ridge_linear,1.0,0.25808473900957,0.2527405344969,0.0,False,False
all_real_plus_may133,within_cow_random5,4,StrictNestedBlendOOFAgent,1107,MAY2026_58,58,may2026_measured_133,real_may_measured,measured,34.5,29.7,21,39.2,39.2030054739115,39.1470769894933,39.2005817131142,-0.0005817131142435,ridge_linear,1.0,0.25808473900957,0.180769958172752,0.421637021355787,False,False
all_real_plus_may133,within_cow_random5,4,StrictNestedBlendOOFAgent,1111,MAY2026_58,58,may2026_measured_133,real_may_measured,measured,32.9,25.3,24,39.0,39.20627870272,39.3224757481083,39.2975387936912,-0.297538793691245,ridge_linear,1.0,0.25808473900957,0.292194760010816,0.584389520021632,False,False
all_real_plus_may133,within_cow_random5,4,StrictNestedBlendOOFAgent,1115,MAY2026_60,60,may2026_measured_133,real_may_measured,measured,36.9,34.5,13,38.6,38.2490833952436,38.3980958735478,38.3065407171847,0.293459282815341,ridge_linear,1.0,0.25808473900957,0.511957029446808,0.140233850691695,False,False
all_real_plus_may133,within_cow_random5,4,StrictNestedBlendOOFAgent,1122,MAY2026_60,60,may2026_measured_133,real_may_measured,measured,37.9,35.1,20,38.9,38.9385045825801,39.1706854530666,39.0783295962276,-0.178329596227591,ridge_linear,1.0,0.25808473900957,0.568242905807021,0.0,False,False
all_real_plus_may133,within_cow_random5,4,StrictNestedBlendOOFAgent,1129,MAY2026_60,60,may2026_measured_133,real_may_measured,measured,34.0,28.8,24,40.2,40.5521277172256,40.4607289950823,40.6032044905556,-0.403204490555609,ridge_linear,1.0,0.25808473900957,0.545323553294536,1.56277559927718,False,False
all_real_plus_may133,within_cow_random5,5,StrictNestedBlendOOFAgent,5,HIST_0,0,core_history_280,real_history,measured_or_research,32.8,22.0,15,38.1,38.1743235993775,38.3604910076098,38.2432055404235,-0.143205540423452,global_alpha,,0.253367657907757,0.333333333333326,0.647078906402539,False,False
all_real_plus_may133,within_cow_random5,5,StrictNestedBlendOOFAgent,17,HIST_10,10,core_history_280,real_history,measured_or_research,33.3,6.1,11,38.8,38.79647246716,38.7555584571243,38.7813342834468,0.0186657165532012,global_alpha,,0.253367657907757,0.0,0.0,True,True
all_real_plus_may133,within_cow_random5,5,StrictNestedBlendOOFAgent,23,HIST_10,10,core_history_280,real_history,measured_or_research,33.3,9.3,13,38.5,38.4872533424104,38.4585365806174,38.476628140547,0.0233718594530146,global_alpha,,0.253367657907757,0.0,0.0,True,True
all_real_plus_may133,within_cow_random5,5,StrictNestedBlendOOFAgent,29,HIST_10,10,core_history_280,real_history,measured_or_research,33.9,11.2,15,38.3,38.3298995397837,38.5481386226221,38.4106480004339,-0.110648000433912,global_alpha,,0.253367657907757,0.0,0.0,True,True
all_real_plus_may133,within_cow_random5,5,StrictNestedBlendOOFAgent,32,HIST_10,10,core_history_280,real_history,measured_or_research,36.4,9.1,15,38.5,38.5228850555628,38.528237410706,38.5248654269658,-0.024865426965782,global_alpha,,0.253367657907757,0.0,0.0,True,True
all_real_plus_may133,within_cow_random5,5,StrictNestedBlendOOFAgent,41,HIST_11,11,core_history_280,real_history,measured_or_research,30.8,6.1,11,39.5,39.5254599637318,39.4908042442865,39.512637347537,-0.0126373475370372,global_alpha,,0.253367657907757,0.0,0.0,True,True
all_real_plus_may133,within_cow_random5,5,StrictNestedBlendOOFAgent,42,HIST_11,11,core_history_280,real_history,measured_or_research,30.8,6.1,11,39.5,39.4814102521202,39.4671337483602,39.476127945729,0.0238720542710027,global_alpha,,0.253367657907757,0.0,0.0,True,True
all_real_plus_may133,within_cow_random5,5,StrictNestedBlendOOFAgent,48,HIST_11,11,core_history_280,real_history,measured_or_research,36.2,6.8,12,39.3,39.2289911959437,39.1669936203507,39.2060520929743,0.0939479070257079,global_alpha,,0.253367657907757,0.0,0.0,True,True
all_real_plus_may133,within_cow_random5,5,StrictNestedBlendOOFAgent,53,HIST_11,11,core_history_280,real_history,measured_or_research,36.2,8.8,14,39.0,38.9872416935169,39.0213411909395,38.9998585075633,0.0001414924367395,global_alpha,,0.253367657907757,0.0,0.0,True,True
all_real_plus_may133,within_cow_random5,5,StrictNestedBlendOOFAgent,59,HIST_11,11,core_history_280,real_history,measured_or_research,32.6,6.0,21,39.7,39.7960148976114,39.7027438286318,39.7615046020889,-0.0615046020889451,global_alpha,,0.253367657907757,0.0,0.0,True,True
all_real_plus_may133,within_cow_random5,5,StrictNestedBlendOOFAgent,70,HIST_12,12,core_history_280,real_history,measured_or_research,32.9,6.9,12,38.0,38.0447978471654,38.0526181623513,38.0476913637842,-0.0476913637841818,global_alpha,,0.253367657907757,0.0,0.0,True,True
all_real_plus_may133,within_cow_random5,5,StrictNestedBlendOOFAgent,74,HIST_12,12,core_history_280,real_history,measured_or_research,33.2,9.3,13,38.1,38.15211659176,38.123021305953,38.1413513360114,-0.0413513360114095,global_alpha,,0.253367657907757,0.0,0.0,True,True
all_real_plus_may133,within_cow_random5,5,StrictNestedBlendOOFAgent,78,HIST_12,12,core_history_280,real_history,measured_or_research,33.6,8.8,14,38.5,38.4878507615426,38.4091801826681,38.458742647359,0.0412573526409616,global_alpha,,0.253367657907757,0.0,0.0,True,True
all_real_plus_may133,within_cow_random5,5,StrictNestedBlendOOFAgent,79,HIST_12,12,core_history_280,real_history,measured_or_research,35.0,11.2,15,38.5,38.4553934547392,38.4577501193614,38.4562654206494,0.0437345793505841,global_alpha,,0.253367657907757,0.0,0.0,True,True
all_real_plus_may133,within_cow_random5,5,StrictNestedBlendOOFAgent,89,HIST_13,13,core_history_280,real_history,measured_or_research,29.8,5.4,0,38.0,38.0229732020576,38.0543124167332,38.0345687114876,-0.034568711487573,global_alpha,,0.253367657907757,0.0,0.0,True,True
all_real_plus_may133,within_cow_random5,5,StrictNestedBlendOOFAgent,92,HIST_13,13,core_history_280,real_history,measured_or_research,26.6,5.0,11,38.9,38.9368114910164,38.7498787155094,38.8676463640788,0.03235363592119,global_alpha,,0.253367657907757,0.0,0.0,True,True
all_real_plus_may133,within_cow_random5,5,StrictNestedBlendOOFAgent,100,HIST_13,13,core_history_280,real_history,measured_or_research,31.6,9.3,13,38.0,37.9951146320167,38.013742971496,38.002007117624,-0.0020071176240463,global_alpha,,0.253367657907757,0.0,0.0,True,True
all_real_plus_may133,within_cow_random5,5,StrictNestedBlendOOFAgent,105,HIST_13,13,core_history_280,real_history,measured_or_research,32.0,9.1,15,38.4,38.3908163824008,38.3818814131184,38.3875104437663,0.0124895562336818,global_alpha,,0.253367657907757,0.0,0.0,True,True
all_real_plus_may133,within_cow_random5,5,StrictNestedBlendOOFAgent,106,HIST_13,13,core_history_280,real_history,measured_or_research,32.0,9.1,15,38.4,38.3618876650116,38.379775880166,38.3685063046187,0.0314936953812648,global_alpha,,0.253367657907757,0.0,0.0,True,True
all_real_plus_may133,within_cow_random5,5,StrictNestedBlendOOFAgent,128,HIST_14,14,core_history_280,real_history,measured_or_research,32.8,9.3,13,38.5,38.523176501671,38.5923723986251,38.548778983544,-0.0487789835440182,global_alpha,,0.253367657907757,0.0,0.0,True,True
all_real_plus_may133,within_cow_random5,5,StrictNestedBlendOOFAgent,130,HIST_14,14,core_history_280,real_history,measured_or_research,33.8,8.8,14,38.6,38.5918232863967,38.5850608163106,38.5893211724648,0.010678827535159,global_alpha,,0.253367657907757,0.0,0.0,True,True
all_real_plus_may133,within_cow_random5,5,StrictNestedBlendOOFAgent,131,HIST_14,14,core_history_280,real_history,measured_or_research,30.7,11.2,15,38.5,38.5564822561871,38.4774476117049,38.5272394377287,-0.0272394377286886,global_alpha,,0.253367657907757,0.0,0.0,True,True
all_real_plus_may133,within_cow_random5,5,StrictNestedBlendOOFAgent,140,HIST_14,14,core_history_280,real_history,measured_or_research,32.7,5.5,23,38.2,38.2804993108376,38.4135871839414,38.329741823886,-0.129741823886008,global_alpha,,0.253367657907757,0.0,0.0,True,True
all_real_plus_may133,within_cow_random5,5,StrictNestedBlendOOFAgent,146,HIST_15,15,core_history_280,real_history,measured_or_research,33.9,11.2,15,38.6,38.3533595318096,38.3276009359547,38.3438288513433,0.256171148656712,global_alpha,,0.253367657907757,0.0,0.0,True,True
all_real_plus_may133,within_cow_random5,5,StrictNestedBlendOOFAgent,154,HIST_15,15,core_history_280,real_history,measured_or_research,30.7,5.5,23,38.6,38.6042659908269,38.6684184461489,38.628002399296,-0.0280023992960352,global_alpha,,0.253367657907757,0.0,0.0,True,True
all_real_plus_may133,within_cow_random5,5,StrictNestedBlendOOFAgent,155,HIST_16,16,core_history_280,real_history,measured_or_research,28.7,5.4,0,38.9,38.8732207724099,38.7555747023729,38.8296917264962,0.070308273503791,global_alpha,,0.253367657907757,0.0,0.0,True,True
all_real_plus_may133,within_cow_random5,5,StrictNestedBlendOOFAgent,167,HIST_16,16,core_history_280,real_history,measured_or_research,32.1,9.0,19,39.4,39.330643655857,38.9794903416787,39.200716929611,0.199283070388965,global_alpha,,0.253367657907757,0.0,0.0,True,True
all_real_plus_may133,within_cow_random5,5,StrictNestedBlendOOFAgent,170,HIST_16,16,core_history_280,real_history,measured_or_research,31.1,6.0,21,38.6,38.6532493287131,38.6767984434396,38.6619625011619,-0.0619625011619078,global_alpha,,0.253367657907757,0.0,0.0,True,True
all_real_plus_may133,within_cow_random5,5,StrictNestedBlendOOFAgent,178,HIST_17,17,core_history_280,real_history,measured_or_research,32.2,6.1,11,38.1,38.2970122863263,38.2006360320631,38.2613530722489,-0.161353072248914,global_alpha,,0.253367657907757,0.0,0.0,True,True
all_real_plus_may133,within_cow_random5,5,StrictNestedBlendOOFAgent,181,HIST_17,17,core_history_280,real_history,measured_or_research,32.8,6.8,12,38.7,38.055146468383,38.6541876214421,38.2767916950149,0.423208304985138,global_alpha,,0.253367657907757,0.167862377493525,0.0,False,True
all_real_plus_may133,within_cow_random5,5,StrictNestedBlendOOFAgent,190,HIST_17,17,core_history_280,real_history,measured_or_research,32.3,9.1,15,39.5,39.2563363438368,38.9100543144462,39.1282119929623,0.371788007037722,global_alpha,,0.253367657907757,0.0,0.536200625802613,True,False
all_real_plus_may133,within_cow_random5,5,StrictNestedBlendOOFAgent,192,HIST_17,17,core_history_280,real_history,measured_or_research,33.3,11.2,15,38.0,38.0598324771219,38.1553395794034,38.0951701049661,-0.0951701049660585,global_alpha,,0.253367657907757,0.0,0.0,True,True
all_real_plus_may133,within_cow_random5,5,StrictNestedBlendOOFAgent,199,HIST_17,17,core_history_280,real_history,measured_or_research,32.1,5.5,23,38.5,38.457650289294,38.4587183096794,38.4580454568366,0.0419545431633992,global_alpha,,0.253367657907757,0.0,0.0,True,True
all_real_plus_may133,within_cow_random5,5,StrictNestedBlendOOFAgent,203,HIST_18,18,core_history_280,real_history,measured_or_research,30.4,5.0,11,38.5,38.4797061998845,38.2388030671993,38.390572040791,0.109427959209029,global_alpha,,0.253367657907757,0.0,0.0,True,True
all_real_plus_may133,within_cow_random5,5,StrictNestedBlendOOFAgent,205,HIST_18,18,core_history_280,real_history,measured_or_research,31.0,6.1,11,38.0,38.0560802858182,38.1088016022482,38.0755871728973,-0.0755871728973005,global_alpha,,0.253367657907757,0.0,0.0,True,True
all_real_plus_may133,within_cow_random5,5,StrictNestedBlendOOFAgent,212,HIST_18,18,core_history_280,real_history,measured_or_research,30.8,8.0,13,37.5,37.6292274647169,37.662921108605,37.6416941129555,-0.141694112955498,global_alpha,,0.253367657907757,0.0,0.0,True,True
all_real_plus_may133,within_cow_random5,5,StrictNestedBlendOOFAgent,213,HIST_18,18,core_history_280,real_history,measured_or_research,32.7,9.3,13,38.1,38.0343840195211,38.0874160288697,38.0540058629801,0.0459941370199246,global_alpha,,0.253367657907757,0.0,0.0,True,True
all_real_plus_may133,within_cow_random5,5,StrictNestedBlendOOFAgent,215,HIST_18,18,core_history_280,real_history,measured_or_research,33.2,8.8,14,38.0,38.0357843719335,38.536716302559,38.2211291862649,-0.221129186264932,global_alpha,,0.253367657907757,0.0,0.503587132480567,True,False
all_real_plus_may133,within_cow_random5,5,StrictNestedBlendOOFAgent,234,HIST_19,19,core_history_280,real_history,measured_or_research,31.7,6.9,12,39.2,39.1493846046491,39.174964659504,39.1588492249454,0.0411507750545894,global_alpha,,0.253367657907757,0.0,0.0,True,True
all_real_plus_may133,within_cow_random5,5,StrictNestedBlendOOFAgent,238,HIST_19,19,core_history_280,real_history,measured_or_research,32.8,9.3,13,38.8,38.537381852366,38.5648109152247,38.5475306056237,0.252469394376277,global_alpha,,0.253367657907757,0.0,0.0,True,True
all_real_plus_may133,within_cow_random5,5,StrictNestedBlendOOFAgent,239,HIST_19,19,core_history_280,real_history,measured_or_research,33.0,8.0,13,38.9,38.8884201205296,38.8988706828813,38.8922868285997,0.0077131714002689,global_alpha,,0.253367657907757,0.0,0.0,True,True
all_real_plus_may133,within_cow_random5,5,StrictNestedBlendOOFAgent,243,HIST_19,19,core_history_280,real_history,measured_or_research,32.4,11.2,15,39.1,39.0935343455941,39.0157084282513,39.0647387561773,0.0352612438227382,global_alpha,,0.253367657907757,0.0,0.0,True,True
all_real_plus_may133,within_cow_random5,5,StrictNestedBlendOOFAgent,244,HIST_19,19,core_history_280,real_history,measured_or_research,32.4,11.2,15,39.1,39.0740482306794,39.0249775601105,39.0558920825689,0.0441079174310985,global_alpha,,0.253367657907757,0.0,0.0,True,True
all_real_plus_may133,within_cow_random5,5,StrictNestedBlendOOFAgent,277,HIST_7,7,core_history_280,real_history,measured_or_research,30.2,13.4,21,38.4,38.9977572647533,39.0192018573478,39.0056917640133,-0.605691764013265,global_alpha,,0.253367657907757,1.02315416455412,1.02315416455412,False,False
all_real_plus_may133,within_cow_random5,5,StrictNestedBlendOOFAgent,284,DEC2025_10,10,dec2025_140,real_history,measured,33.6,6.8,12,38.4,38.4124077890979,38.4069815092616,38.4104000655585,-0.0104000655584713,global_alpha,,0.253367657907757,0.554616984954482,0.0,False,True
all_real_plus_may133,within_cow_random5,5,StrictNestedBlendOOFAgent,286,DEC2025_10,10,dec2025_140,real_history,measured,33.6,8.0,13,38.4,38.4006989941692,38.399656321401,38.400313205245,-0.0003132052449643,global_alpha,,0.253367657907757,0.0,0.0,True,True
all_real_plus_may133,within_cow_random5,5,StrictNestedBlendOOFAgent,293,DEC2025_11,11,dec2025_140,real_history,measured,32.9,5.4,0,38.2,38.3090119185384,38.3457132343027,38.3225914053712,-0.122591405371189,global_alpha,,0.253367657907757,0.0,0.0,True,True
all_real_plus_may133,within_cow_random5,5,StrictNestedBlendOOFAgent,296,DEC2025_11,11,dec2025_140,real_history,measured,34.2,6.9,12,38.5,38.6050910771653,38.5929523833824,38.6005997604656,-0.100599760465627,global_alpha,,0.253367657907757,0.0,0.0,True,True
all_real_plus_may133,within_cow_random5,5,StrictNestedBlendOOFAgent,312,DEC2025_12,12,dec2025_140,real_history,measured,33.6,8.8,14,38.5,38.3919795051337,38.4697945372553,38.4207710670187,0.0792289329813087,global_alpha,,0.253367657907757,0.0,0.0,True,True
all_real_plus_may133,within_cow_random5,5,StrictNestedBlendOOFAgent,314,DEC2025_12,12,dec2025_140,real_history,measured,33.2,9.0,19,38.5,38.5418606028814,38.5042263653818,38.5279359350065,-0.0279359350065462,global_alpha,,0.253367657907757,0.0,0.0,True,True
all_real_plus_may133,within_cow_random5,5,StrictNestedBlendOOFAgent,323,DEC2025_13,13,dec2025_140,real_history,measured,31.6,9.3,13,38.0,38.04987141546,38.030787490038,38.0428103630539,-0.0428103630538601,global_alpha,,0.253367657907757,0.0,0.0,True,True
all_real_plus_may133,within_cow_random5,5,StrictNestedBlendOOFAgent,331,DEC2025_13,13,dec2025_140,real_history,measured,30.5,5.5,23,38.1,38.089393932084,38.111019233995,38.0973952937911,0.0026047062089347,global_alpha,,0.253367657907757,0.0,0.0,True,True
all_real_plus_may133,within_cow_random5,5,StrictNestedBlendOOFAgent,336,DEC2025_14,14,dec2025_140,real_history,measured,31.1,8.0,13,38.6,38.5954619154721,38.6144862211741,38.6025009085818,-0.0025009085818368,global_alpha,,0.253367657907757,0.0,0.0,True,True
all_real_plus_may133,within_cow_random5,5,StrictNestedBlendOOFAgent,342,DEC2025_14,14,dec2025_140,real_history,measured,32.5,6.0,21,39.1,39.1013859404468,39.0671186608844,39.0887070470087,0.0112929529912904,global_alpha,,0.253367657907757,0.0,0.0,True,True
all_real_plus_may133,within_cow_random5,5,StrictNestedBlendOOFAgent,359,DEC2025_16,16,dec2025_140,real_history,measured,31.8,5.5,23,38.8,38.8,38.8035058686877,38.8012971714144,-0.0012971714144498,global_alpha,,0.253367657907757,0.0,0.0,True,True
all_real_plus_may133,within_cow_random5,5,StrictNestedBlendOOFAgent,370,DEC2025_17,17,dec2025_140,real_history,measured,32.9,9.0,19,38.3,38.334097078839,38.2937199852416,38.319157554208,-0.0191575542079647,global_alpha,,0.253367657907757,0.0,0.0,True,True
all_real_plus_may133,within_cow_random5,5,StrictNestedBlendOOFAgent,373,DEC2025_17,17,dec2025_140,real_history,measured,32.1,5.5,23,38.5,38.4940620532726,38.4657984267965,38.4836045114764,0.0163954885235569,global_alpha,,0.253367657907757,0.0,0.0,True,True
all_real_plus_may133,within_cow_random5,5,StrictNestedBlendOOFAgent,374,DEC2025_18,18,dec2025_140,real_history,measured,28.2,5.4,0,38.5,38.475030708481,38.5014819710086,38.4848176756162,0.0151823243837867,global_alpha,,0.253367657907757,0.0,0.0,True,True
all_real_plus_may133,within_cow_random5,5,StrictNestedBlendOOFAgent,383,DEC2025_18,18,dec2025_140,real_history,measured,32.1,9.0,19,39.0,39.4,38.9518694186705,39.2341916849081,-0.234191684908083,global_alpha,,0.253367657907757,0.0,0.0,True,True
all_real_plus_may133,within_cow_random5,5,StrictNestedBlendOOFAgent,388,DEC2025_19,19,dec2025_140,real_history,measured,30.4,5.0,11,38.3,38.5193185639093,38.591553336493,38.5460454297653,-0.246045429765275,global_alpha,,0.253367657907757,0.0,0.0,True,True
all_real_plus_may133,within_cow_random5,5,StrictNestedBlendOOFAgent,396,DEC2025_19,19,dec2025_140,real_history,measured,35.3,9.1,15,39.0,38.9531041375284,38.9909496602481,38.9671069809347,0.0328930190653125,global_alpha,,0.253367657907757,0.0,0.0,True,True
all_real_plus_may133,within_cow_random5,5,StrictNestedBlendOOFAgent,997,MAY2026_51,51,may2026_measured_133,real_may_measured,measured,34.4,30.1,1,40.1,40.0327755146312,40.0110994101239,40.0247553559635,0.075244644036502,global_alpha,,0.253367657907757,0.500399840127867,1.03234536926905,False,False
all_real_plus_may133,within_cow_random5,5,StrictNestedBlendOOFAgent,1011,MAY2026_51,51,may2026_measured_133,real_may_measured,measured,34.8,31.4,23,39.8,39.9866544791832,40.0786298532193,40.0206853675766,-0.220685367576557,global_alpha,,0.253367657907757,0.357786404312845,0.620100981096925,False,False
all_real_plus_may133,within_cow_random5,5,StrictNestedBlendOOFAgent,1012,MAY2026_51,51,may2026_measured_133,real_may_measured,measured,35.7,31.9,23,39.4,39.6119260539444,39.4684551793761,39.5588418303541,-0.158841830354135,global_alpha,,0.253367657907757,0.834292781009435,0.632483541951095,False,False
all_real_plus_may133,within_cow_random5,5,StrictNestedBlendOOFAgent,1021,MAY2026_52,52,may2026_measured_133,real_may_measured,measured,38.2,37.8,20,39.5,39.1286285839846,39.2305699396454,39.1663468855791,0.333653114420905,global_alpha,,0.253367657907757,0.509901951359279,1.26282311596764,False,False
all_real_plus_may133,within_cow_random5,5,StrictNestedBlendOOFAgent,1025,MAY2026_52,52,may2026_measured_133,real_may_measured,measured,34.5,32.1,22,39.5,39.445873168147,39.6430759508228,39.518838197737,-0.0188381977370469,global_alpha,,0.253367657907757,0.516623654123575,0.645893402955828,False,False
all_real_plus_may133,within_cow_random5,5,StrictNestedBlendOOFAgent,1028,MAY2026_52,52,may2026_measured_133,real_may_measured,measured,36.2,33.9,23,40.2,40.2093022276677,39.7092408041616,40.0242795009704,0.175720499029559,global_alpha,,0.253367657907757,0.501597448159378,0.762648446573665,False,False
all_real_plus_may133,within_cow_random5,5,StrictNestedBlendOOFAgent,1036,MAY2026_53,53,may2026_measured_133,real_may_measured,measured,33.4,26.5,23,40.8,40.2941197287107,40.3141607885109,40.3015349208368,0.498465079163225,global_alpha,,0.253367657907757,0.22422706745123,0.479003595439997,False,False
all_real_plus_may133,within_cow_random5,5,StrictNestedBlendOOFAgent,1038,MAY2026_54,54,may2026_measured_133,real_may_measured,measured,34.1,30.2,1,40.3,40.4454312656125,40.4031410338153,40.4297838798475,-0.129783879847537,global_alpha,,0.253367657907757,0.500099990001995,0.797086709349881,False,False
all_real_plus_may133,within_cow_random5,5,StrictNestedBlendOOFAgent,1046,MAY2026_54,54,may2026_measured_133,real_may_measured,measured,37.5,35.7,20,39.8,39.53890216,39.6729365735678,39.5884948930201,0.211505106979914,global_alpha,,0.253367657907757,0.527899401190964,0.0,False,False
all_real_plus_may133,within_cow_random5,5,StrictNestedBlendOOFAgent,1057,MAY2026_55,55,may2026_measured_133,real_may_measured,measured,35.3,32.1,19,38.4,38.6065533234569,38.8082918412144,38.6811965750272,-0.281196575027174,global_alpha,,0.253367657907757,0.34801021696369,0.351978534699048,False,False
all_real_plus_may133,within_cow_random5,5,StrictNestedBlendOOFAgent,1062,MAY2026_55,55,may2026_measured_133,real_may_measured,measured,35.1,30.6,22,39.9,38.961013377368,39.1654893068871,39.0366694712901,0.86333052870993,global_alpha,,0.253367657907757,0.174005108481845,1.01785714285714,False,False
all_real_plus_may133,within_cow_random5,5,StrictNestedBlendOOFAgent,1071,MAY2026_56,56,may2026_measured_133,real_may_measured,measured,36.9,35.6,14,38.2,38.2894062023664,38.2972905259641,38.2923234020976,-0.0923234020975485,global_alpha,,0.253367657907757,0.337062473602616,0.479606792838634,False,False
all_real_plus_may133,within_cow_random5,5,StrictNestedBlendOOFAgent,1075,MAY2026_56,56,may2026_measured_133,real_may_measured,measured,35.5,33.2,19,38.5,38.6170491691732,38.6963654159661,38.6463961804866,-0.146396180486576,global_alpha,,0.253367657907757,0.0100000000000001,0.407311646995,False,False
all_real_plus_may133,within_cow_random5,5,StrictNestedBlendOOFAgent,1079,MAY2026_56,56,may2026_measured_133,real_may_measured,measured,35.1,32.4,21,38.5,38.6750067441077,38.4991380438725,38.6099353250207,-0.109935325020672,global_alpha,,0.253367657907757,0.50249378105604,0.489625938947989,False,False
all_real_plus_may133,within_cow_random5,5,StrictNestedBlendOOFAgent,1093,MAY2026_57,57,may2026_measured_133,real_may_measured,measured,37.6,34.2,19,39.7,39.4165973799689,39.5405213941529,39.462449265217,0.237550734783021,global_alpha,,0.253367657907757,0.22422706745123,0.0,False,False
all_real_plus_may133,within_cow_random5,5,StrictNestedBlendOOFAgent,1096,MAY2026_57,57,may2026_measured_133,real_may_measured,measured,37.7,33.1,21,40.7,39.3511024895726,40.2742280146098,39.6926589338364,1.00734106616364,global_alpha,,0.253367657907757,0.63333333333333,0.514106560506239,False,False
all_real_plus_may133,within_cow_random5,5,StrictNestedBlendOOFAgent,1099,MAY2026_57,57,may2026_measured_133,real_may_measured,measured,37.2,31.8,22,40.6,39.392027117296,40.2526530675792,39.7104587189008,0.889541281099213,global_alpha,,0.253367657907757,0.476141902284513,0.675545676805978,False,False
all_real_plus_may133,within_cow_random5,5,StrictNestedBlendOOFAgent,1106,MAY2026_58,58,may2026_measured_133,real_may_measured,measured,35.8,32.1,19,39.3,38.892533475009,38.9561856429934,38.9160847771632,0.383915222836769,global_alpha,,0.253367657907757,0.189414301935674,0.78584414511286,False,False
all_real_plus_may133,within_cow_random5,5,StrictNestedBlendOOFAgent,1109,MAY2026_58,58,may2026_measured_133,real_may_measured,measured,33.8,27.6,22,39.1,39.1248358228714,39.1861941500621,39.147538403932,-0.0475384039319593,global_alpha,,0.253367657907757,0.534883164812653,0.628012738724303,False,False
all_real_plus_may133,within_cow_random5,5,StrictNestedBlendOOFAgent,1116,MAY2026_60,60,may2026_measured_133,real_may_measured,measured,36.0,33.0,14,38.3,38.2358965352992,38.2970236709471,38.2585135754889,0.0414864245110778,global_alpha,,0.253367657907757,0.500399840127872,0.0,False,False
all_real_plus_may133,within_cow_random5,5,StrictNestedBlendOOFAgent,1121,MAY2026_60,60,may2026_measured_133,real_may_measured,measured,36.7,33.9,20,38.2,38.7266241400786,38.9124280931593,38.7953716027185,-0.595371602718458,global_alpha,,0.253367657907757,0.333932794303145,0.0,False,False
all_real_plus_may133,within_cow_random5,5,StrictNestedBlendOOFAgent,1127,MAY2026_60,60,may2026_measured_133,real_may_measured,measured,36.3,33.3,22,38.5,38.6126373996863,38.5865243501911,38.6029755713731,-0.102975571373079,global_alpha,,0.253367657907757,0.17139946842909,0.0,False,False
